id,binance_order_id,pair,direction,status,entry_price,exit_price,current_price,investment,leverage,notional_value,quantity,confidence,entry_gap,entry_ema_gap_5_8,entry_ema_gap_8_13,entry_rsi,entry_rsi_prev,entry_adx,entry_adx_prev,entry_ema5_stretch,entry_price_vs_ema5_pct,entry_macro_trend,entry_ema20_slope,entry_btc_ema20_slope,entry_btc_adx,entry_btc_adx_prev,entry_btc_rsi,entry_btc_rsi_prev,entry_btc_rsi_prev6,entry_btc_atr_pct,entry_btc_rsi_1h,entry_btc_rsi_1h_prev,entry_pattern_c1_match,entry_pattern_c2_match,entry_pattern_c3_match,entry_pattern_c4_match,entry_pattern_c5_match,entry_pattern_c6_match,entry_pattern_c7_match,entry_pattern_c8_match,entry_pattern_c9_match,entry_pattern_c_any_match,entry_pattern_w1_match,entry_pattern_w2_match,entry_pattern_w3_match,entry_pattern_w4_match,entry_pattern_w5_match,entry_pattern_w6_match,entry_pattern_w_any_match,pattern_cell_source,pattern_fixed_tp_pct,pattern_fixed_sl_pct,entry_global_volume_ratio,entry_pair_volume_ratio,entry_bull_pct,entry_bear_pct,entry_range_position,entry_adx_delta,entry_quality_score,entry_btc_regime,exit_btc_regime,entry_btc_regime_started_at,entry_btc_trend_gap_pct,entry_pos_di,entry_neg_di,entry_atr_pct,entry_ema50_slope,entry_funding_rate,entry_pair_ema20_ema50_gap_pct,entry_dist_from_ema13_pct,entry_btc_dist_from_ema13_pct,entry_btc_1h_slope,phantom_be_aggr_triggered_at,phantom_be_aggr_would_exit_pnl,entry_pair_volume_24h_usd,entry_pair_rank,entry_pair_age_days,spike_rsi_max,spike_armed,belock_t15_min,belock_tr15,belock_t20_min,belock_tr20,belock_t30_min,belock_tr30,entry_desired_notional,entry_liquidity_cap_notional,liquidity_capped,exit_pair_ema20_ema50_gap_pct,exit_btc_trend_gap_pct,first_cross_ema13_at,first_cross_ema13_pnl_pct,confirmed_cross_ema13_at,confirmed_cross_ema13_pnl_pct,first_cross_ema20_at,first_cross_ema20_pnl_pct,confirmed_cross_ema20_at,confirmed_cross_ema20_pnl_pct,entry_fee,exit_fee,total_fee,pnl,pnl_percentage,peak_pnl,trough_pnl,high_price_since_entry,low_price_since_entry,peak_ema5_gap,peak_ema5_dist_pct,peak_ema5_slope_pct,peak_reached_at,trough_reached_at,trough_ema5_dist_pct,ema5_went_negative,current_tp_level,dynamic_tp_target,no_expansion_last_check,signal_active_at_close,exit_slippage_pct,entry_slippage_pct,closing_in_progress,close_initiated_at,protective_sl_order_id,protective_tp_order_id,cell_multiplier,cell_lev_multiplier,cell_multiplier_source,cell_multiplier_capped,ema13_strict_held_pnl_pct,trailing_first_pullback_pnl_pct,trailing_pullback_resets,trailing_confirmed_at,exit_price_vs_ema5_pct,exit_ema5_slope_pct,exit_ema5_crossed,hard_tp_shadow_leash_pnl,hard_tp_shadow_leash_fired,hard_tp_shadow_ladder_pnl,hard_tp_shadow_ladder_fired,post_exit_running_high,post_exit_running_low,post_exit_running_peak_at,post_exit_running_trough_at,post_exit_peak_pnl,post_exit_trough_pnl,post_exit_peak_minutes,post_exit_trough_minutes,post_exit_signal_lost_minutes,post_exit_pnl_at_signal_lost,post_exit_final_pnl,post_exit_peak_before_signal_lost,post_exit_rsi_exit_minutes,post_exit_rsi_exit_pnl,post_exit_rsi3_exit_minutes,post_exit_rsi3_exit_pnl,post_arm_min_pnl_pct,post_arm_min_pnl_at,post_exit_ema13_cross_minutes,post_exit_ema13_cross_pnl,phantom_ema13_cross_pnl,phantom_ema13_cross_at,phantom_trail_suppress_pnl,phantom_trail_suppress_at,entry_gap_expand_marginal,entry_strategy,post_exit_regime_flip_at,post_exit_regime_flip_pnl_pct,post_exit_signal_regained_minutes,post_exit_pnl_at_signal_regained,post_exit_floor_before_signal_regain,post_exit_pnl_at_1min,post_exit_pnl_at_2min,post_exit_pnl_at_5min,post_exit_pnl_at_15min,post_exit_pnl_at_30min,phantom_be_l1_triggered_at,phantom_be_l1_would_exit_pnl,phantom_be_l2_triggered_at,phantom_be_l2_would_exit_pnl,phantom_regime_change_exit_triggered_at,phantom_regime_change_exit_pnl,phantom_tick_a_triggered_at,phantom_tick_a_pnl,phantom_tick_b_triggered_at,phantom_tick_b_pnl,phantom_tick_c_triggered_at,phantom_tick_c_pnl,phantom_tick_d_triggered_at,phantom_tick_d_pnl,phantom_tick_e_triggered_at,phantom_tick_e_pnl,phantom_tick_f_triggered_at,phantom_tick_f_pnl,phantom_tick_g_triggered_at,phantom_tick_g_pnl,shadow_tight_pnl,shadow_tight_reason,shadow_tight_min,shadow_wide_pnl,shadow_wide_reason,shadow_wide_min,shadow_tierA_pnl,shadow_tierA_reason,shadow_tierA_min,shadow_tierB_pnl,shadow_tierB_reason,shadow_tierB_min,shadow_strpk_pnl,shadow_strpk_reason,shadow_strpk_min,shadow_strpk04_pnl,shadow_strpk04_reason,shadow_strpk04_min,shadow_strpk03_pnl,shadow_strpk03_reason,shadow_strpk03_min,shadow_stren_pnl,shadow_stren_reason,shadow_stren_min,shadow_strpk_signed_pnl,shadow_strpk_signed_reason,shadow_strpk_signed_min,shadow_peak_stretch,shadow_peak_stretch_at_close,shadow_atr05_pnl,shadow_atr05_min,shadow_atr10_pnl,shadow_atr10_min,shadow_atr15_pnl,shadow_atr15_min,shadow_cap025_pnl,shadow_cap025_min,shadow_cap035_pnl,shadow_cap035_min,shadow_cap050_pnl,shadow_cap050_min,shadow_arm035_pnl,shadow_arm035_min,shadow_arm040_pnl,shadow_arm040_min,runner_peak_stretch,runner_trail_bound,signal_lost_flagged,signal_lost_flag_pnl,signal_lost_flagged_at,fl1_origin,fl2_flagged,fl2_flagged_at,fl2_flag_pnl,regime_neutral_hit_at,regime_neutral_pnl,regime_comeback_at,regime_comeback_pnl,regime_opposite_at,regime_opposite_pnl,first_rsi2_pnl,first_rsi2_minutes,first_rsi3_pnl,first_rsi3_minutes,opened_at,closed_at,close_reason,entry_order_type,exit_order_type,is_paper,notes
113,,BANANAUSDT,LONG,CLOSED,3.63,3.627,3.63,236.17992533,20.0,4723.5985066,1301.2668062258954,STRONG_BUY,0.5368,0.2569,0.1749,17.92,48.27,18.345,14.5421,1.4396,-1.4191,NEUTRAL,-0.2207,,17.723517565097456,18.5321580249142,54.91975200614692,48.28062348770345,39.00148694492924,0.0636,49.9,46.6,False,False,False,True,False,False,False,False,True,True,False,False,False,False,False,False,False,,,,,4.2372,53.2,31.9,20.5,3.8029,2.0,CHOPPY_WEAK,CHOPPY_WEAK,,-0.0843,10.50447311151381,54.70598835748748,0.4313,-0.1494,,-0.3656,-1.8443,0.0625,,2026-08-10T11:29:33.532327,0.07521487603306411,2361799.2533,226,725.4,,False,0.16,-0.1726,0.49,-0.1726,,,7885.6949264198865,4723.5985066,True,,-0.0853,,,,,,,,,2.12561932797,2.123862617781595,4.2494819457515955,-8.15328236442943,-0.17260743801653206,0.21289393939394274,-0.17260743801653206,3.641,3.63,0.0,,,2026-08-10T11:29:33.532260,2026-08-10T11:30:03.200863,,NEVER,1,0.45,,True,,0.0,False,,,,1.0,1.0,SPIKE_BOUNCE,False,,,0,,-19.6361,-0.0024,True,,,,,3.656,3.627,2026-08-10T12:01:25.710779,2026-08-10T11:30:03.699199,,,,,,,,,,,,,,,,,,,,,,SPIKE_BOUNCE,,,,,,0.0202,0.0477,0.1028,0.4059,0.461,,,,,,,,,,,,,,,,,,,,,,,,,,,,,,,,,,,,,,,,,,,,,,,,,,,,,,,,,,,,,,,,,,,,False,,,,False,,,2026-08-10T11:29:05.926401,-0.09,,,,,,,,,2026-08-10T11:29:04,2026-08-10T11:30:03.250735,SPIKE_LOCK L1,TAKER,TAKER,True,
112,,TAUSDT,SHORT,CLOSED,0.06323,0.06361,0.06352,518.294339549,20.0,10365.886790980001,163939.37673541045,STRONG_BUY,0.0217,0.036,0.0009,67.01,36.35,31.8603,30.8843,0.4656,0.4678,BEARISH,0.006,,26.753893807660706,25.91371540421858,29.735611501161983,17.210669898312304,28.940431670243726,0.0758,46.7,44.3,False,False,False,False,False,False,False,False,False,False,True,False,False,False,False,False,True,,,,,3.8883,31.9,61.7,82.9,0.976,0.0,HEALTHY_BEAR,HEALTHY_BEAR,,-0.1281,37.97045435123877,14.566198217931067,0.2475,-0.0395,,-0.0526,0.5049,-0.1038,,,,5182943.39549,140,385.1,,False,0.13,-0.6913,,,,,16733.13921114513,10365.886790980001,True,,-0.1232,,,,,,,,,4.664649055941,4.692682689362756,9.357331745303757,-71.6542949047606,-0.6912509884548559,0.1948030997944008,-0.6912509884548559,0.06323,0.06305,0.0,,,2026-08-10T10:04:09.633639,2026-08-10T10:06:15.303564,,NEVER,1,0.45,,True,,0.0,False,,,,2.0,1.0,SPIKE_FADE,False,,,0,,31.905,-2.0471,True,,,,,0.06374,0.06308,2026-08-10T10:06:49.928972,2026-08-10T10:51:15.994829,0.1472,-0.8966,45.01,0.57,,,0.1472,,,,,,,,,,,,,,,SPIKE_FADE,2026-08-10T10:50:34.735075,0.0998,,,,-0.7859,-0.517,-0.1216,-0.3272,-0.2165,,,,,,,,,,,,,,,,,,,,,0.1472,window,,,,,,,,,,,0.1472,window,,,,,,,,0.1472,window,,,,,,,0.1472,,0.1472,,,,,,,,,,,,,,,,False,,,,False,,,,,,,,,,,,,2026-08-10T10:03:58,2026-08-10T10:06:15.306443,STOP_LOSS L1,TAKER,TAKER,True,
111,,CHIPUSDT,SHORT,CLOSED,0.02337,0.0236,0.02337,705.194893742,20.0,14103.89787484,603504.4020042791,STRONG_BUY,1.2065,0.524,0.415,85.93,59.92,42.0844,38.5823,2.9752,3.0664,NEUTRAL,0.4949,,16.484997766909327,17.704899914551667,40.94951126512337,44.140124605714554,42.349022009737446,0.0666,55.2,57.8,False,False,False,False,False,False,True,False,False,True,True,False,False,False,False,False,True,,,,,5.7065,31.9,51.1,56.4,3.5022,1.0,CHOPPY_WEAK,CHOPPY_WEAK,,0.042,72.28920473022282,4.773071339797552,0.92,0.4484,,0.8818,4.0364,-0.0496,,,,7051948.93742,118,116.1,,False,,,,,,,17945.635077176717,14103.89787484,True,,0.042,,,,,,,,,6.346754043678,6.409216749285443,12.755970792963442,-151.56198325394826,-1.0746106118955971,0.0,-1.0746106118955971,0.02337,0.02337,0.0,,,,2026-08-10T09:19:44.988093,,NEVER,1,0.45,,,,0.0,False,,,,2.0,1.0,SPIKE_FADE,False,,,0,,,,False,,,,,0.02394,0.02343,2026-08-10T09:24:43.473422,2026-08-10T09:29:21.045434,-0.3467,-2.529,9.57,4.94,,,-1.8444,,,,,,,,,,,,,,,SPIKE_FADE,,,,,,-1.0314,-1.4593,-2.3151,-1.93,-1.9728,,,,,,,,,,,,,,,,,,,,,-1.8444,window,,,,,,,,,,,-1.8444,window,,,,,,,,-1.8444,window,,,,,,,-1.8444,,-1.8444,,,,,,,,,,,,,,,,False,,,,False,,,2026-08-10T09:19:38.691968,-0.09,,,,,,,,,2026-08-10T09:19:37,2026-08-10T09:19:44.991191,STOP_LOSS L1,TAKER,TAKER,True,
110,,PENGUUSDT,LONG,CLOSED,0.006719,0.006678,0.006685,950.5051174444961,20.0,19010.102348889923,2829305.30568387,VERY_STRONG,0.3408,0.026,0.1102,57.59,62.05,32.9153,33.4488,0.0589,-0.0588,BULLISH,0.1229,0.0319,35.4888,35.335,62.8,70.2,66.1,0.0679,61.5,61.4,False,False,False,False,False,False,False,False,False,False,False,True,False,False,False,False,True,,,,0.8895,0.7794,52.2,37.0,67.0,-0.5335,4.0,STRONG_BULL,CHOPPY_FLAT,,0.1785,27.99148233348555,16.446591289269733,0.3947,0.6599,1.9e-05,0.9709,0.0773,0.0237,0.0787,,,48306876.160953,36,600.6,,False,2.11,-0.6999,,,,,19010.102348889923,48306.876160953005,False,,0.1337,2026-08-10T07:53:48.800297,-0.1793,,,2026-08-10T07:57:10.215305,-0.4173,,,8.554546057000465,8.502345374110597,17.05689143111106,-133.0584089641504,-0.6999352582229533,0.16289998511682774,-0.6999352582229533,0.006736,0.006719,0.0,0.1984,-0.0113,2026-08-10T07:51:03.633046,2026-08-10T07:58:14.840813,-0.4839,ENDED_NEG,1,0.45,,False,,0.0596,False,,,,2.0,1.0,NONEXP_CALM3D,False,-0.17925881827652815,,0,,-0.4839,-0.1582,True,,,,,0.006694,0.006648,2026-08-10T08:01:20.793466,2026-08-10T08:42:13.323332,-0.4621,-1.1467,3.09,43.96,0.02,-0.73,-1.0425,0.0,0.02,-0.73,3.89,-0.6853,,,0.02,-0.73,-0.35777645482958453,2026-08-10T07:55:33.000446,,,False,MOMENTUM,2026-08-10T07:58:16.420320,-0.73,,,,-0.5365,-0.6258,-0.7151,-0.6556,-0.73,,,,,,,,,,,,,,,,,,,,,-1.0425,window,,,,,,,,,,,-1.0425,window,,,,,,,,-1.0425,window,,,,,,,-1.0425,,-1.0425,,,,,,,,,,,,,,0.19839959066807214,,False,,,,False,,,2026-08-10T07:51:40.795248,0.148,,,,,-0.09,0.02,,,2026-08-10T07:48:57,2026-08-10T07:58:14.843313,STOP_LOSS L1,TAKER_FALLBACK,TAKER,True,
109,,COTIUSDT,LONG,CLOSED,0.011596,0.011618,0.011622,942.2527247514139,20.0,18845.05449502828,1625134.0544177543,STRONG_BUY,0.4395,0.219,0.1522,70.09,45.95,19.6847,18.4028,1.4707,1.4927,BULLISH,0.1475,,23.492316601010554,22.370957078644807,67.4758854074709,67.16540930363874,71.71626138014256,0.0784,59.1,54.7,False,False,False,False,False,False,False,False,False,False,False,False,False,False,False,True,True,,,,,1.8904,57.4,36.2,95.7,1.2819,4.0,HEALTHY_BULL,HEALTHY_BULL,,0.1245,39.92900025909551,18.63941848405429,0.719,-0.2677,,-0.3195,1.8698,0.0959,,,,20880650.9436564,60,1980.0,70.14,False,,,,,,,18845.05449502828,20880.6509436564,False,,0.1245,,,,,,,,,8.480274522762725,8.496363349901461,16.976637872664185,18.776311324525516,0.0996352190410439,0.49614522249051707,0.0,0.011664,0.011596,0.0,,,,,,NEVER,1,0.45,,True,,0.0,False,,,,2.0,1.0,SPIKE_CHASE,False,,,0,,-6.0915,0.2631,False,,,,,0.011814,0.011506,2026-08-10T06:52:28.946480,2026-08-10T07:00:11.077086,1.79,-0.8661,3.07,10.77,,,0.0135,,0.02,0.117,,,,,,,,,,,,SPIKE_CHASE,,,,,,0.505,-0.0038,1.3157,-0.3746,-0.1676,,,,,,,2026-08-10T06:50:42.390801,0.3067,2026-08-10T06:50:52.436735,0.117,2026-08-10T06:50:52.436735,0.117,2026-08-10T06:50:57.458004,0.1342,2026-08-10T06:50:57.458004,0.1342,2026-08-10T06:51:00.471165,0.0566,2026-08-10T06:51:26.613479,0.0307,0.8156,trailing,0.6,,,,,,,,,,-0.7,hard_sl,9.91,,,,,,,-0.7,hard_sl,9.91,,,,-4.3314,,0.0135,,0.0135,,,,,,,,,,,,,,,,False,,,,False,,,,,,,,,,,,,2026-08-10T06:49:12,2026-08-10T06:49:23.301801,SPIKE_TRAIL,TAKER,TAKER,True,
108,,BANKUSDT,LONG,CLOSED,0.03976,0.03948,0.03948,999.1431991034049,20.0,19982.8639820681,502587.122285415,VERY_STRONG,0.4114,0.1204,0.1577,59.82,61.41,28.7978,28.2575,0.1014,0.1015,BULLISH,0.2012,0.0785,19.5804,18.1524,64.6,64.2,45.7,0.142,58.6,58.5,False,False,False,False,False,False,False,False,False,False,False,False,False,False,False,False,False,UNMATCHED,,,1.2643,0.7237,61.7,36.2,78.8,0.5403,4.0,HEALTHY_BULL,HEALTHY_BULL,,0.0541,29.644550107988906,14.007600568075972,0.5028,0.0961,-0.000605,0.1254,0.3801,0.1797,0.0271,,,104721970.05816,17,478.3,,False,,,,,,,19982.8639820681,104721.97005816,False,,0.0458,2026-08-10T02:06:27.767149,-0.5677,,,2026-08-10T02:06:56.850293,-0.6682,,,8.992288791930644,8.928962814522682,17.921251606453325,-158.64564584636727,-0.7939084507042141,0.0,-0.7939084507042141,0.03976,0.03976,0.0,,,,2026-08-10T02:07:18.228793,-0.4104,ENDED_NEG,1,0.45,,False,,0.0503,False,,,,2.0,1.0,UNMATCHED,False,-0.5676521629778565,,0,,-0.3175,-0.0353,True,,,,,0.03983,0.03922,2026-08-10T02:50:11.970628,2026-08-10T02:27:18.807608,0.0861,-1.4481,42.16,19.28,0.0,-0.7942,-0.3164,0.0,0.0,-0.7942,6.6,-1.2218,,,3.31,-0.8948,,,,,True,MOMENTUM,2026-08-10T02:15:42.075423,-0.8194,,,,-0.7439,-0.8194,-1.1966,-0.92,-0.8194,,,,,,,,,,,,,,,,,,,,,-0.3164,window,,,,,,,,,,,-0.3164,window,,,,,,,,-0.3164,window,,,,,,,-0.3164,,-0.3164,,,,,,,,,,,,,,0.15166085742855923,,False,,,,False,,,,,,,,,-0.4671,4.97,,,2026-08-10T02:01:24,2026-08-10T02:08:01.844175,STOP_LOSS L1,TAKER_FALLBACK,TAKER,True,
107,,TAOUSDT,LONG,CLOSED,204.58,203.35,203.42,249.78579977585127,1.0,249.78579977585127,1.2209688130601781,VERY_STRONG,0.2396,0.0763,0.0917,58.37,61.2,24.9987,26.4914,0.0665,0.0666,BULLISH,0.1317,0.0935,18.2025,16.6688,64.2,65.9,50.9,0.1509,58.5,44.3,False,False,False,False,False,False,False,False,False,False,False,False,False,False,False,False,False,UNMATCHED,,,1.443,0.8616,61.7,34.0,73.8,-1.4927,4.0,HEALTHY_BULL,CHOPPY_FLAT,,0.0331,29.409314842768936,26.293214831177497,0.3382,-0.0221,1.9e-05,-0.0375,0.2349,0.1995,-0.0197,,,81282475.25,22,850.5,,False,,,,,,,249.78579977585127,81282.47525,False,,0.0444,2026-08-10T02:01:44.648528,-0.3196,2026-08-10T02:07:15.114269,-0.3929,2026-08-10T02:02:32.865296,-0.388,,,0.11240360989913308,0.11172780366110424,0.2241314135602373,-1.7259230536242784,-0.6909612376576488,0.0077172744158708695,-0.6909612376576488,204.78,204.58,0.0,0.1788,0.2988,2026-08-10T01:59:52.213940,2026-08-10T02:15:47.224158,-0.334,ENDED_NEG,1,0.45,,False,,0.0098,False,,,,0.5,0.05,DBDOWN_PROBE,False,-0.3196355948773091,,0,,-0.334,-0.2098,True,,,,,204.05,202.37,2026-08-10T02:46:30.885868,2026-08-10T02:27:03.719017,-0.3491,-1.1703,30.72,11.27,0.01,-0.6912,-0.5739,0.0,0.01,-0.6912,3.83,-1.0187,,,0.01,-0.6912,-0.4857549613843007,2026-08-10T02:13:00.598496,,,True,MOMENTUM,2026-08-10T02:15:48.122801,-0.6912,,,,-0.6375,-0.8134,-0.9943,-0.8721,-0.4224,,,,,,,,,,,,,,,,,,,,,-0.5739,window,,,,,,,,,,,-0.5739,window,,,,,,,,-0.5739,window,,,,,,,-0.5739,,-0.5739,,,,,,,,,,,,,,0.15441451594059213,,False,,,,False,,,2026-08-10T02:15:42.072177,-0.6568,,,,,-0.3147,3.67,-0.4271,5.31,2026-08-10T01:57:46,2026-08-10T02:15:47.226888,STOP_LOSS L1,TAKER_FALLBACK,TAKER,True,
106,,XMRUSDT,LONG,CLOSED,396.01,398.18,398.21,249.64900062144898,1.0,249.64900062144898,0.6304108497801797,STRONG_BUY,0.2642,0.0699,0.103,63.74,65.56,21.4698,20.7988,0.0467,0.0467,BULLISH,0.1177,0.0528,30.3899,30.0405,62.1,62.8,37.0,0.1344,54.8,37.6,False,False,False,False,False,False,False,False,False,False,False,False,False,False,False,False,False,UNMATCHED,,,1.6287,0.9723,51.1,25.5,81.8,0.671,3.0,STRONG_BULL,CHOPPY_WEAK,,-0.1083,27.001012345956443,14.47727236117242,0.2509,0.0885,5e-05,0.1169,0.2198,0.2091,-0.0174,2026-08-10T01:08:45.963949,,52133687.57,34,2379.7,,False,42.46,-0.0049,51.77,0.202,51.87,0.2979,249.64900062144898,52133.68757,False,,-0.0693,2026-08-10T00:17:23.284355,-0.2801,,,2026-08-10T00:44:35.693563,-0.2523,,,0.04493682011186082,0.11295764647446237,0.1578944665863232,1.2100970774366768,0.4847193757733431,0.7371246180652044,-0.3027849801772654,399.18,396.01,0.0,0.2912,0.3899,2026-08-10T01:19:47.938677,2026-08-10T00:45:20.341524,-0.1905,RECOVERED,1,0.45,,True,,-0.0025,False,,,,0.5,0.05,DBDOWN_PROBE,False,-0.2800685083710042,,0,,0.023,0.2666,True,,,,,399.11,396.0,2026-08-10T02:02:16.671759,2026-08-10T01:48:04.426805,0.7198,-0.0655,37.12,22.92,12.55,0.1163,0.634,0.6011,0.96,0.4951,,,,,15.83,0.139,,,,,True,MOMENTUM,2026-08-10T01:25:09.419598,0.49,,,,0.4951,0.4925,0.5001,0.1163,0.1466,2026-08-10T01:09:54.846081,,,,2026-08-10T00:41:07.818505,-0.0781,2026-08-10T01:35:16.442936,0.3713,2026-08-10T01:35:15.438337,0.3562,2026-08-10T01:35:16.442936,0.3713,2026-08-10T01:35:15.438337,0.3562,2026-08-10T01:35:16.442936,0.3713,2026-08-10T01:35:16.442936,0.3713,2026-08-10T01:35:16.442936,0.3713,0.4871,trailing,68.14,,,,,,,,,,0.4923,stretch,55.92,,,,,,,0.5604,stretch,64.37,,,,0.4395,0.4033,0.6109,64.33,0.4847,68.14,,,,,,,,,,,,,0.3382321703501422,atr,False,,,,False,,,2026-08-10T00:26:21.349417,-0.015,2026-08-10T01:20:37.056891,0.7346,2026-08-10T00:41:07.818290,-0.0781,-0.0605,5.02,-0.0378,21.43,2026-08-10T00:17:00,2026-08-10T01:25:08.920717,RUNNER_TRAIL,MAKER,TAKER,True,
105,,KAVAUSDT,SHORT,CLOSED,0.04119,0.04144,0.04139,231.90869383,20.0,4638.1738766,112604.36699684389,STRONG_BUY,0.0538,0.0516,0.0096,70.01,39.5,20.4182,19.4994,0.5033,0.5059,BEARISH,0.0256,,31.70247621321109,31.04942375357947,33.307499940363854,33.45801307635733,32.46281735130036,0.1033,36.5,50.3,False,False,False,False,False,True,False,False,False,True,False,True,False,False,False,False,True,,,,,4.404,25.5,70.2,97.6,0.9188,2.0,STRONG_BEAR,STRONG_BEAR,,-0.2024,41.00812213232575,20.95494219487811,0.1853,-0.0334,,-0.0312,0.5673,-0.1125,,,,2319086.9383,239,2203.7,,False,,,,,,,20197.128783709606,4638.1738766,True,,-0.1973,,,,,,,,,2.08717824447,2.099846235757145,4.187024480227144,-32.33811622943814,-0.6972165574168493,0.0,-0.6972165574168493,0.04119,0.04119,0.0,,,,2026-08-10T00:00:15.311483,,NEVER,1,0.45,,False,,0.0,False,,,,2.0,1.0,SPIKE_FADE,False,,,0,,53.088,1.5263,True,,,,,0.04156,0.04083,2026-08-10T00:00:37.984368,2026-08-10T00:38:05.659490,0.784,-0.9883,37.83,0.37,0.0,-0.6484,0.7597,0.0,,,,,,,,,,,,,,SPIKE_FADE,2026-08-10T00:09:49.627765,0.3956,,,,-0.8426,-0.6241,0.0799,0.347,0.347,,,,,,,2026-08-10T00:12:03.719198,0.0314,2026-08-10T00:12:03.719198,0.0314,2026-08-10T00:12:03.719198,0.0314,2026-08-10T00:12:03.719198,0.0314,2026-08-10T00:12:03.719198,0.0314,2026-08-10T00:12:03.719198,0.0314,2026-08-10T00:12:03.719198,0.0314,0.4927,signal_lost,11.12,,,,,,,,,,0.4927,signal_lost,11.12,,,,,,,0.4927,signal_lost,11.12,,,,55.3752,,0.4927,11.12,0.4927,11.12,,,,,,,,,,,,,,,False,,,,False,,,,,,,,,,,,,2026-08-09T23:59:16,2026-08-10T00:00:15.314338,STOP_LOSS L1,TAKER,TAKER,True,
104,,BELUSDT,SHORT,CLOSED,0.11511,0.11454,0.11451,310.594715146,20.0,6211.89430292,53964.853643645205,STRONG_BUY,0.3652,0.1677,0.1026,71.57,42.29,25.3416,23.4408,1.6058,1.632,BEARISH,0.1154,,34.181204455138406,35.995269584918006,37.03109021920459,37.78833770119604,63.876706961481354,0.1054,46.2,63.4,False,False,False,False,False,False,False,False,False,False,True,False,False,False,False,True,True,,,,,2.5196,19.1,78.7,90.9,1.9008,5.0,STRONG_BEAR,STRONG_BEAR,,-0.0487,47.78925983466966,15.90739593399719,0.6032,0.3093,,0.4908,1.9069,-0.1871,,2026-08-09T22:50:58.035119,0.09251628876726771,3105947.15146,201,2090.7,,False,0.2,0.0143,0.62,0.0143,0.62,0.0143,20232.575675159525,6211.89430292,True,,-0.0697,,,,,,,,,2.795352436314,2.7815104513544044,5.576862887668405,25.18310368920942,0.40540135522543747,0.7095951698375503,0.0,0.11511,0.11419,0.0,0.4331,-2.0783,2026-08-09T22:52:19.409447,,,NEVER,1,0.45,,True,,0.0,False,,,,2.0,1.0,SPIKE_FADE,False,,,0,,0.74,-2.0783,False,,,,,0.11473,0.1123,2026-08-09T22:55:32.384573,2026-08-09T23:33:12.152989,2.3511,0.2401,40.08,2.42,,,1.6735,,,,,,,,,,,,,,,SPIKE_FADE,,,,,,0.4226,0.327,0.4921,1.0741,1.4477,2026-08-09T22:52:08.843741,,,,,,2026-08-09T22:53:07.498106,0.3617,2026-08-09T22:53:09.514401,0.5007,2026-08-09T22:53:11.525486,0.5007,2026-08-09T23:35:59.069287,1.8299,2026-08-09T23:36:00.077016,1.8299,2026-08-09T22:54:00.764745,0.4399,2026-08-09T23:34:45.670325,2.0036,0.4596,trailing,2.73,,,,,,,,,,1.6735,window,,,,,,,,0.3617,stretch,2.77,,,,2.7494,,0.4054,2.75,1.6822,46.51,,,,,,,,,,,,,,atr,False,,,,False,,,,,,,,,,,,,2026-08-09T22:50:21,2026-08-09T22:53:06.654353,RUNNER_TRAIL,TAKER,TAKER,True,
103,,PENGUUSDT,LONG,CLOSED,0.006669,0.006628,0.006632,1063.957161154698,20.0,21279.14322309396,3190754.719312335,STRONG_BUY,0.3277,0.0929,0.1263,57.91,64.47,17.6594,17.1947,0.027,-0.027,BULLISH,0.1487,0.0304,39.4212,39.9527,61.6,68.0,39.6,0.0393,64.4,59.3,False,True,False,False,False,False,False,False,False,True,False,False,False,True,False,False,True,,,,1.3203,1.0368,63.0,34.8,64.6,0.4647,4.0,STRONG_BULL,CHOPPY_FLAT,,-0.008,29.270013169642557,18.05398327663206,0.377,0.2205,0.0001,0.3834,0.1922,0.0565,0.0498,,,38371818.597614,37,600.2,,False,,,,,,,21279.14322309396,38371.818597614,False,,0.0075,2026-08-09T21:53:01.736653,-0.3148,2026-08-09T22:02:11.138560,-0.4947,2026-08-09T21:57:10.682677,-0.4197,,,9.575614450392282,9.516745025820969,19.09235947621325,-149.91330296801698,-0.7045081721397417,0.0,-0.7045081721397417,0.00667,0.006669,0.0,,,,2026-08-09T22:03:18.172719,-0.3659,ENDED_NEG,1,0.45,,False,,0.045,False,,,,2.0,1.0,NONEXP_CALM3D,False,-0.3148200629779485,,0,,-0.3659,-0.2438,True,,,,,0.006686,0.006579,2026-08-09T22:14:23.782033,2026-08-09T22:45:42.561808,0.1649,-1.4395,11.09,42.4,0.0,-0.7198,-1.2896,0.0,0.88,-0.5698,36.88,-1.0347,,,0.0,-0.7198,-0.43472409656619565,2026-08-09T21:59:18.496172,,,False,MOMENTUM,2026-08-09T22:03:18.759780,-0.7198,,,,-0.6298,-0.6598,-0.4649,-0.225,-0.5848,,,,,,,,,,,,,,,,,,,,,-1.2896,window,,,,,,,,,,,-1.2896,window,,,,,,,,-1.2896,window,,,,,,,-1.2896,,-1.2896,,,,,,,,,,,,,,0.04189686191600987,,False,,,,False,,,2026-08-09T21:50:33.078670,-0.2099,2026-08-09T21:53:49.700293,-0.2998,,,-0.09,0.01,-0.2998,6.55,2026-08-09T21:49:30,2026-08-09T22:03:18.176240,STOP_LOSS L1,TAKER_FALLBACK,TAKER,True,
102,,NAORISUSDT,LONG,CLOSED,0.03111,0.03092,0.03111,451.273667252,20.0,9025.47334504,290114.86162134365,STRONG_BUY,0.2604,0.1399,0.0912,32.24,56.06,25.5142,23.638,1.0467,-1.0358,NEUTRAL,-0.0714,,27.78179561054995,28.817766394643257,51.409446672033326,50.84748601592959,55.22400278560474,0.0294,70.4,71.1,False,False,False,False,False,False,False,False,False,False,True,False,False,False,False,False,True,,,,,5.1053,45.7,37.0,59.6,1.8762,1.0,CHOPPY_FLAT,CHOPPY_FLAT,,0.0709,17.319612340816953,51.82671730058064,0.8874,-0.0851,,-0.1846,-1.2644,-0.002,,,,4512736.67252,150,374.2,,False,,,,,,,10860.0589063792,9025.47334504,True,,0.0699,,,,,,,,,4.061463005268,4.036658184599376,8.098121189867376,-63.21994489792244,-0.7004612664738002,0.10277724204436203,-0.7004612664738002,0.03117,0.03111,0.0,,,2026-08-09T17:23:18.069516,2026-08-09T17:24:09.316169,,NEVER,1,0.45,,False,,0.0,False,,,,1.0,1.0,SPIKE_BOUNCE,False,,,0,,-20.9083,0.036,False,,,,,0.03202,0.03052,2026-08-09T17:43:26.099759,2026-08-09T17:38:24.276296,2.8351,-1.9865,19.27,14.24,0.0,-0.4114,0.6493,0.0,,,,,,,0.0,-0.4114,,,,,,SPIKE_BOUNCE,,,,,,0.0064,0.0386,-0.0579,-0.7329,1.1636,,,,,,,2026-08-09T17:44:10.435806,1.4208,2026-08-09T17:44:25.506574,1.4851,2026-08-09T17:44:25.506574,1.4851,2026-08-09T17:45:00.668368,1.3565,2026-08-09T17:45:16.815193,1.3565,2026-08-09T17:44:58.659736,1.4851,2026-08-09T17:45:27.874062,1.3565,1.26,ema13,20.52,,,,,,,,,,1.26,ema13,20.52,,,,,,,1.26,ema13,20.52,,,,-16.7547,,1.26,20.52,1.26,20.52,,,,,,,,,,,,,,,False,,,,False,,,2026-08-09T17:22:37.127694,-0.09,,,,,,,,,2026-08-09T17:22:36,2026-08-09T17:24:09.319540,STOP_LOSS L1,TAKER,TAKER,True,
101,,KAVAUSDT,LONG,CLOSED,0.04124,0.0412,0.0412,218.9798806132,20.0,4379.597612264,106197.80825082446,STRONG_BUY,0.1506,0.0723,0.0509,74.75,52.89,18.9243,14.8716,0.4091,0.4108,BULLISH,0.0589,,42.036565781681155,41.71863731755648,67.5199636422015,66.15795031136926,57.27060406652216,0.0531,74.0,75.0,False,False,False,False,False,True,False,False,False,True,False,False,False,False,False,False,False,,,,,4.2045,58.7,28.3,51.5,4.0526,1.0,STRONG_BULL,CHOPPY_FLAT,,0.1763,60.686310695139014,10.040095540291663,0.2315,0.0106,,0.051,0.5346,0.0683,,,,2189798.806132,235,2203.3,74.75,False,,,,,,,21754.10111139866,4379.597612264,True,,0.1519,,,,,,,,,1.9708189255188002,1.9689073649702855,3.9397262904890855,-8.187638620521891,-0.18694956353054892,0.0,-0.18694956353054892,0.04126,0.04124,0.0,,,,,,NEVER,1,0.45,,True,,0.0,False,,,,2.0,1.0,SPIKE_CHASE,False,,,0,,-53.9798,1.5263,False,,,,,0.04134,0.04116,2026-08-09T16:04:44.623754,2026-08-09T16:12:35.397187,0.1525,-0.284,23.06,30.91,,,-0.187,,,,,,,,,,,,,,,SPIKE_CHASE,2026-08-09T15:41:40.972008,-0.187,,,,-0.2112,-0.09,-0.0415,-0.1385,-0.2112,,,,,,,,,,,,,,,,,,,,,-0.187,window,,,,,,,,,,,-0.187,window,,,,,,,,-0.187,window,,,,,,,-0.187,,-0.187,,,,,,,,,,,,,,,,False,,,,False,,,,,,,,,,,,,2026-08-09T15:11:40,2026-08-09T15:41:40.574968,SPIKE_STALE,TAKER,TAKER,True,
100,,BELUSDT,SHORT,CLOSED,0.10947,0.11013,0.11011,419.98156408700004,20.0,8399.631281740001,76729.98339033527,STRONG_BUY,0.5393,0.3376,0.192,75.77,40.51,17.4403,14.7821,1.9066,1.9437,NEUTRAL,0.2327,,23.38193593228045,23.755668064201192,43.692759822945675,43.69275982294568,43.18061639103583,0.0214,39.1,39.5,False,False,False,False,False,False,False,False,False,False,False,False,False,False,False,False,False,,,,,3.4448,24.4,53.3,94.6,2.6582,1.0,CHOPPY_FLAT,CHOPPY_FLAT,,-0.0156,44.00519020155083,13.897445917749051,0.6488,-0.2432,,-0.1544,2.4843,-0.0116,,,,4199815.64087,157,2090.1,,False,,,,,,,22159.23542369964,8399.631281740001,True,,-0.0156,,,,,,,,,3.7798340767830005,3.802622881849931,7.582456958632932,-58.22424599625481,-0.6931762126610101,0.0,-0.6931762126610101,0.10947,0.10947,0.0,,,,2026-08-09T09:44:48.171489,,NEVER,1,0.45,,True,,0.0,False,,,,2.0,1.0,SPIKE_FADE,False,,,0,,4.774,-2.0783,False,,,,,0.11139,0.10894,2026-08-09T10:06:58.734450,2026-08-09T09:54:21.972098,0.3942,-1.8439,9.56,22.17,,,-0.4554,,,,,,,,,,,,,,,SPIKE_FADE,,,,,,-0.5376,-0.3549,-0.0535,-0.0169,-0.9944,,,,,,,2026-08-09T09:57:01.182663,0.1201,2026-08-09T09:57:00.169488,0.1201,2026-08-09T09:57:01.182663,0.1201,2026-08-09T09:56:56.010153,0.2023,2026-08-09T09:57:00.169488,0.1201,2026-08-09T09:56:59.023305,0.1658,2026-08-09T09:57:04.210689,0.1201,-0.4554,window,,,,,,,,,,,-0.4554,window,,,,,,,,-0.4554,window,,,,,,,-0.4554,,-0.4554,,,,,,,,,,,,,,,,False,,,,False,,,2026-08-09T09:44:41.178295,-0.09,,,,,,,,,2026-08-09T09:44:39,2026-08-09T09:44:48.174383,STOP_LOSS L1,TAKER,TAKER,True,
99,,PROMUSDT,SHORT,CLOSED,1.947,1.94,1.936,222.58861222000002,20.0,4451.7722444,2286.477783461736,STRONG_BUY,0.071,0.0768,0.0196,67.93,39.01,15.1477,13.6105,0.6929,0.6977,NEUTRAL,0.0287,,39.90353241835635,40.590211954693075,40.97497311721636,40.97497311721636,41.95768304043207,0.0281,33.7,33.7,False,False,False,False,False,False,False,False,False,False,False,False,False,False,False,True,True,,,,,2.4235,36.4,38.6,96.0,1.5371,0.0,CHOPPY_FLAT,CHOPPY_FLAT,,-0.0993,37.329138903560896,17.919833303155848,0.3126,-0.174,,-0.2256,0.7948,-0.0142,,2026-08-09T04:02:53.563169,,2225886.1222,204,570.6,,False,0.22,0.0128,0.29,0.1155,0.29,0.1155,22503.79105610913,4451.7722444,True,,-0.0991,,,,,,,,,2.00329750998,1.9960951049620954,3.9993926149420953,12.005951869290325,0.2696892655367292,0.47522598870057126,-0.09,1.947,1.936,0.0,,,2026-08-09T04:02:58.460020,,,NEVER,1,0.45,,False,,0.0,False,,,,2.0,1.0,SPIKE_FADE,False,,,0,,1.6386,-0.5895,False,,,,,1.955,1.938,2026-08-09T04:44:00.409701,2026-08-09T04:27:09.774408,0.3722,-0.5009,23.86,40.71,0.01,0.0127,-0.0386,0.0,,,,,,,,,,,,,,SPIKE_FADE,,,,,,0.0641,0.1154,-0.1927,0.2182,-0.1414,,,,,,,,,2026-08-09T04:04:09.049787,0.0641,2026-08-09T04:04:09.049787,0.0641,2026-08-09T04:31:38.275993,0.1154,,,2026-08-09T04:31:39.282824,0.1668,2026-08-09T04:32:23.593535,0.0641,0.0127,signal_lost,0.58,,,,,,,,,,0.0127,signal_lost,0.58,,,,,,,0.0127,signal_lost,0.58,,,,1.7435,,0.2697,0.57,0.0127,0.58,,,,,,,,,,,,,,atr,False,,,,False,,,2026-08-09T04:02:37.786650,-0.09,,,,,,,,,2026-08-09T04:02:36,2026-08-09T04:03:17.539060,RUNNER_TRAIL,TAKER,TAKER,True,
98,,DEEPUSDT,SHORT,CLOSED,0.0176,0.01771,0.01769,909.8834041289999,20.0,18197.66808258,1033958.4137829544,STRONG_BUY,0.5272,0.2963,0.1914,77.81,41.71,20.008,17.0859,1.9079,1.9451,NEUTRAL,0.2028,,41.30753491442348,42.408282402118004,43.13110245838606,44.00296211042105,40.9300193039289,0.0314,34.3,36.3,False,False,False,False,False,False,False,False,False,False,False,True,False,False,False,True,True,,,,,3.0304,34.1,38.6,92.1,2.9221,1.0,CHOPPY_FLAT,CHOPPY_FLAT,,-0.1028,47.35420358163911,12.589468476709015,0.6311,-0.3173,,-0.3689,2.4428,-0.0064,,,,9098834.04129,91,473.8,,False,,,,,,,23626.047644563812,18197.66808258,True,,-0.1014,,,,,,,,,8.188950637161,8.240131578643254,16.429082215804254,-130.16450773192818,-0.7152812499999941,0.0,-0.7152812499999941,0.0176,0.01759,0.0,,,,2026-08-09T03:55:42.091717,,NEVER,1,0.45,,True,,0.0,False,,,,2.0,1.0,SPIKE_FADE,False,,,0,,99.7578,-1.2137,True,,,,,0.01796,0.01755,2026-08-09T03:59:25.098978,2026-08-09T04:13:41.635965,0.1941,-2.1355,17.99,3.71,,,0.0236,,,,,,,,,,,,,,,SPIKE_FADE,,,,,,-0.8286,-0.7718,-0.3741,-0.0332,-0.7718,,,,,,,,,,,,,,,,,,,,,0.0236,window,,,,,,,,,,,0.0236,window,,,,,,,,0.0236,window,,,,,,,0.0236,,0.0236,,,,,,,,,,,,,,,,False,,,,False,,,2026-08-09T03:54:33.955491,-0.09,,,,,,,,,2026-08-09T03:54:32,2026-08-09T03:55:42.095043,STOP_LOSS L1,TAKER,TAKER,True,
97,,SAHARAUSDT,SHORT,CLOSED,0.008428,0.008479,0.008474,385.2437722172,20.0,7704.875444343999,914199.7442268628,STRONG_BUY,0.1603,0.1401,0.0642,73.42,33.23,51.2809,53.3224,0.8623,0.8698,NEUTRAL,0.0805,,45.841943041103335,46.59875540839601,43.21268934118861,39.05005352577565,35.870351905333564,0.0365,34.4,36.3,False,False,False,False,False,False,False,False,False,False,False,True,False,False,False,True,True,,,,,2.9401,31.8,40.9,90.5,-2.0415,0.0,CHOPPY_FLAT,CHOPPY_FLAT,,-0.1185,42.66788318772201,25.742211408407613,0.3032,-0.3659,,-0.5304,1.076,-0.0052,,,,3852437.722172,144,408.6,,False,,,,,,,24024.366962992797,7704.875444344,True,,-0.1061,,,,,,,,,3.4671939499547997,3.4881748340848064,6.955368784039607,-53.57955573961025,-0.6953980778357938,0.016834954912201317,-0.6953980778357938,0.008428,0.008419,0.0,,,2026-08-09T03:35:58.498764,2026-08-09T03:50:02.321070,,NEVER,1,0.45,,True,,0.0,False,,,,2.0,1.0,SPIKE_FADE,False,,,0,,39.5306,-0.5021,True,,,,,0.008496,0.008423,2026-08-09T04:10:57.799354,2026-08-09T04:32:56.825980,-0.0307,-0.8968,42.9,20.91,,,-0.1137,,,,,,,,,,,,,,,SPIKE_FADE,,,,,,-0.5883,-0.6239,-0.6833,-0.8256,-0.707,,,,,,,,,,,,,,,,,,,,,-0.1137,window,,,,,,,,,,,-0.1137,window,,,,,,,,-0.1137,window,,,,,,,-0.1137,,-0.1137,,,,,,,,,,,,,,,,False,,,,False,,,2026-08-09T03:34:32.370050,-0.09,,,,,,,,,2026-08-09T03:34:31,2026-08-09T03:50:02.348284,STOP_LOSS L1,TAKER,TAKER,True,
96,,APTUSDT,SHORT,CLOSED,0.6128,0.6106,0.6102,655.4740162235,20.0,13109.480324470002,21392.7550986782,STRONG_BUY,0.2871,0.1735,0.094,80.78,44.58,24.2844,21.866,0.9687,0.9782,BEARISH,0.1371,,46.63572413670681,47.31388947205523,39.05020002934459,40.931051852695106,38.99933412506085,0.0371,33.5,36.3,False,False,False,False,False,False,False,False,False,False,True,True,False,False,False,True,True,,,,,4.4092,15.9,65.9,78.0,2.4184,3.0,STRONG_BEAR,CHOPPY_FLAT,,-0.1226,50.54955309524579,14.372725449339837,0.3231,-0.0633,,0.0041,1.2485,-0.0299,,2026-08-09T03:32:24.903861,,13109480.32447,73,1390.9,,False,2.78,0.1549,2.78,0.2039,2.78,0.2692,23647.854473256062,13109.480324470002,True,,-0.1214,,,,,,,,,5.899266146011501,5.878087318463809,11.77735346447531,35.286707752616294,0.26916938642297317,0.4324281984334172,-0.20428116840731625,0.6128,0.6096,0.0,,,2026-08-09T03:32:24.926028,2026-08-09T03:30:01.220179,,NEVER,1,0.45,,False,,0.0,False,,,,2.0,1.0,SPIKE_FADE,False,,,0,,-6.7016,0.072,True,,,,,0.6109,0.6007,2026-08-09T03:33:18.568418,2026-08-09T03:57:45.096442,1.8845,0.2201,25.09,0.65,0.01,0.3016,1.5092,0.0,0.01,0.3016,,,,,0.01,0.3016,,,,,,SPIKE_FADE,2026-08-09T03:32:40.114267,0.3016,,,,0.2527,0.3669,0.4811,0.5627,1.7214,,,,,,,2026-08-09T03:58:02.327041,1.6234,2026-08-09T03:58:06.367070,1.6234,2026-08-09T03:58:16.451292,1.6234,2026-08-09T03:58:17.458778,1.6234,2026-08-09T03:58:17.458778,1.6234,,,,,0.4648,ema13,6.19,,,,,,,,,,0.4648,ema13,6.19,,,,,,,0.4648,ema13,6.19,,,,-5.164,,0.4648,6.19,0.4648,6.19,,,,,,,,,,,,,,atr,False,,,,False,,,2026-08-09T03:30:36.354625,-0.09,,,,,,,,,2026-08-09T03:29:38,2026-08-09T03:32:39.149502,RUNNER_TRAIL,TAKER,TAKER,True,
95,,THETAUSDT,SHORT,CLOSED,0.1361,0.1362,0.1361,215.42778006000003,20.0,4308.555601200001,31657.27848052903,STRONG_BUY,0.044,0.011,0.031,61.96,35.88,19.6998,20.1842,0.401,0.4026,NEUTRAL,-0.0216,,45.63642580022108,45.79168470028556,37.08450862824412,35.86939585352843,29.34027907633262,0.0308,35.5,36.3,False,False,False,False,True,False,False,False,False,True,False,True,False,False,False,True,True,,,,,2.1065,31.8,56.8,85.7,-0.4844,0.0,CHOPPY_FLAT,CHOPPY_FLAT,,-0.1105,28.131380392016762,21.48183987646926,0.2542,0.0233,,0.0563,0.3825,-0.0242,,2026-08-09T03:16:29.141901,0.057016899338725745,2154277.8006,208,2264.8,,False,9.77,-0.1635,9.77,-0.1635,,,23647.854473256062,4308.555601200001,True,,-0.1183,,,,,,,,,1.9388500205400003,1.9402745980716238,3.879124618611624,-7.044852466664178,-0.16350844966935266,0.2040337986774515,-0.16350844966935266,0.1361,0.1357,0.0,,,2026-08-09T03:16:29.141811,2026-08-09T03:36:55.495587,,NEVER,1,0.45,,,,0.0,False,,,,2.0,1.0,SPIKE_FADE,False,,,0,,,,True,,,,,0.1372,0.1359,2026-08-09T04:21:28.739870,2026-08-09T04:00:24.186772,0.057,-0.8982,23.47,44.55,,,-0.8248,,,,,,,,,,,,,,,SPIKE_FADE,,,,,,-0.3839,-0.3839,-0.237,-0.237,-0.3104,,,,,,,,,,,,,,,,,,,,,-0.8248,window,,,,,,,,,,,-0.8248,window,,,,,,,,-0.8248,window,,,,,,,-0.8248,,-0.8248,,,,,,,,,,,,,,,,False,,,,False,,,2026-08-09T03:06:45.042933,-0.09,2026-08-09T03:10:28.226649,0.1305,,,,,,,2026-08-09T03:06:43,2026-08-09T03:36:55.498670,SPIKE_LOCK L1,TAKER,TAKER,True,
94,,GRIFFAINUSDT,SHORT,CLOSED,0.010762,0.010686,0.010677,211.57777132450002,20.0,4231.55542649,393194.1485309422,STRONG_BUY,0.2104,0.0935,0.0375,67.46,46.07,34.7384,33.1667,1.2152,1.2302,BEARISH,0.0789,,45.909118292561395,44.37015983413518,25.954829126821295,20.45260379516681,27.85085983717036,0.0322,34.3,39.1,False,False,False,False,False,False,False,False,False,False,True,False,False,False,False,True,True,,,,,2.2042,29.5,63.6,74.1,1.5717,1.0,BEAR_EXHAUSTED,BEAR_EXHAUSTED,,-0.1151,47.15009237281351,13.62194319493505,0.6476,0.3524,,0.5513,1.3627,-0.0774,,2026-08-09T02:48:17.906510,,2115777.713245,209,583.6,,False,0.15,0.6165,0.15,0.6165,0.15,0.6165,23408.79243094925,4231.55542649,True,,-0.1151,,,,,,,,,1.9041999419205,1.8907527020407415,3.7949526439612415,26.087802644390923,0.6165062256086361,0.9418709347704888,-0.09,0.010762,0.010651,0.0,,,2026-08-09T02:48:19.503741,,,NEVER,1,0.45,,,,0.0,False,,,,2.0,1.0,SPIKE_FADE,False,,,0,,,,False,,,,,0.01083,0.010667,2026-08-09T02:50:58.310563,2026-08-09T03:09:07.373277,0.7927,-0.7219,20.7,2.55,,,0.4768,,,,,,,,,,,,,,,SPIKE_FADE,2026-08-09T03:01:07.489871,0.3374,,,,0.5883,0.0865,-0.1179,0.3467,0.7742,2026-08-09T02:48:17.906482,,,,,,2026-08-09T02:49:50.917777,0.3932,2026-08-09T02:49:49.912943,0.3467,2026-08-09T02:49:50.917777,0.3932,2026-08-09T02:49:49.912943,0.3467,2026-08-09T02:49:49.912943,0.3467,2026-08-09T02:49:50.917777,0.3932,2026-08-09T02:49:49.912943,0.3467,0.6919,trailing,0.1,,,,,,,,,,0.4768,window,,,,,,,,0.4768,window,,,,,,,0.6165,0.12,0.2538,1.75,,,,,,,,,,,,,,atr,False,,,,False,,,,,,,,,,,,,2026-08-09T02:48:09,2026-08-09T02:48:25.147254,RUNNER_TRAIL,TAKER,TAKER,True,
93,,SWARMSUSDT,SHORT,CLOSED,0.008052,0.007968,0.007979,339.934673323,20.0,6798.69346646,844348.4185866866,STRONG_BUY,0.3476,0.1729,0.1173,74.35,48.5,17.1341,14.5658,1.1032,1.1155,NEUTRAL,0.1471,,18.98487539242024,19.350911104136394,44.00017287979004,41.0329529877372,38.807299499257766,0.0231,54.5,58.3,False,True,False,True,False,False,False,False,False,True,False,False,False,False,False,False,False,,,,,1.8313,38.6,38.6,88.3,2.5684,2.0,CHOPPY_FLAT,CHOPPY_FLAT,,-0.0129,38.19112305258054,12.553507329378505,0.4921,-0.0355,,0.0182,1.4091,-0.0133,,2026-08-08T21:56:39.853020,,3399346.73323,147,578.4,,False,0.67,0.0218,2.2,0.1833,2.21,0.1833,23106.978451845003,6798.69346646,True,,-0.0202,,,,,,,,,3.0594120599070003,3.027495689684423,6.086907749591424,64.83835941169089,0.9536885245901733,1.2767349726776047,-0.09000000000000001,0.008052,0.007942,0.0,,,2026-08-08T21:59:06.785137,,,NEVER,1,0.45,,False,,0.0,False,,,,2.0,1.0,SPIKE_FADE,False,,,0,,-9.1385,0.5334,True,,,,,0.008045,0.007932,2026-08-08T22:29:38.915849,2026-08-08T22:10:43.534342,1.4003,-0.0031,11.6,30.52,0.01,0.9408,0.4564,0.0,0.01,0.9408,,,,,0.01,0.9408,,,,,,SPIKE_FADE,,,,,,0.7421,1.0029,0.9656,1.2389,0.295,2026-08-08T21:58:11.457264,,2026-08-08T21:59:06.774450,,,,2026-08-08T22:09:01.889509,1.1519,2026-08-08T22:02:24.164651,0.9656,2026-08-08T22:07:44.452775,1.1271,2026-08-08T22:07:44.452775,1.1271,2026-08-08T22:07:44.452775,1.1271,2026-08-08T22:00:05.832661,0.7421,2026-08-08T22:12:38.202384,1.065,1.0267,trailing,4.41,,,,,,,,,,0.9408,ema13,4.43,,,,,,,0.9408,ema13,4.43,,,,-8.7261,,0.9537,4.41,0.9408,4.43,,,,,,,,,,,,,,atr,False,,,,False,,,2026-08-08T21:54:30.299700,-0.09,,,,,,,,,2026-08-08T21:54:28,2026-08-08T21:59:06.825067,RUNNER_TRAIL,TAKER,TAKER,True,
92,,EVAAUSDT,SHORT,CLOSED,0.8701,0.8669,0.8668,212.91090262099996,20.0,4258.218052419999,4893.9409865762545,STRONG_BUY,0.1614,0.1359,0.0551,72.57,40.39,30.4581,29.437,0.8482,0.8554,NEUTRAL,0.0814,,25.617357557578774,26.6964519180902,36.46701286634063,39.290239762151124,59.344657420416155,0.0205,53.6,58.3,False,False,False,False,False,False,False,False,False,False,True,False,False,False,False,False,True,,,,,2.1452,36.4,34.1,95.8,1.0211,0.0,CHOPPY_FLAT,CHOPPY_FLAT,,-0.0044,39.26844897946594,15.372674561441096,0.3184,-0.1856,,-0.1854,1.0481,-0.0416,,2026-08-08T21:20:00.870098,0.09396965865991665,2129109.02621,200,309.5,,False,0.29,0.025,0.68,0.048,0.87,0.2779,22981.693562588654,4258.218052419999,True,,-0.0034,,,,,,,,,1.9161981235889998,1.9091508485683297,3.8253489721573297,11.835262184886592,0.27793931731984606,0.43891276864727474,-0.12449431099873197,0.8701,0.8655,0.0,,,2026-08-08T21:20:45.777421,2026-08-08T21:19:27.678687,,NEVER,1,0.45,,True,,0.0,False,,,,2.0,1.0,SPIKE_FADE,False,,,0,,3.7106,0.0504,True,,,,,0.8816,0.8662,2026-08-08T21:30:09.310910,2026-08-08T21:21:12.999118,0.3582,-1.4117,0.16,9.1,,,-0.7451,,,,,,,,,,,,,,,SPIKE_FADE,,,,,,0.1284,-0.3543,-0.9864,-1.0209,-0.7566,,,,,,,2026-08-08T21:22:07.278619,0.0939,2026-08-08T21:21:57.223019,0.0709,2026-08-08T21:21:58.227831,0.0709,2026-08-08T21:21:57.223019,0.0709,2026-08-08T21:21:58.227831,0.0709,2026-08-08T21:21:59.232297,0.1284,2026-08-08T21:22:04.262382,0.0939,-0.7451,window,,,,,,,,,,,-0.7451,window,,,,,,,,-0.7451,window,,,,,,,-0.7451,,-0.7451,,,,,,,,,,,,,,,atr,False,,,,False,,,2026-08-08T21:19:21.974803,-0.09,,,,,,,,,2026-08-08T21:19:20,2026-08-08T21:21:02.777331,RUNNER_TRAIL,TAKER,TAKER,True,
91,,DEXEUSDT,SHORT,CLOSED,2.296,2.294,2.294,1102.887149363,20.0,22057.742987259997,9607.030917796166,STRONG_BUY,0.229,0.1871,0.0886,69.15,46.03,18.5218,17.1515,1.1688,1.1826,BULLISH,0.1087,-0.0176,24.9688,23.7811,32.7,27.6,38.7,0.0196,54.0,55.8,False,False,False,False,False,False,False,False,False,False,False,False,False,False,False,False,False,,,,0.4478,2.2296,29.5,50.0,91.4,1.3703,2.0,CHOPPY_FLAT,CHOPPY_FLAT,,-0.0319,37.26851878273404,17.40307216197536,0.5631,-0.2684,-9.8e-05,-0.3334,1.4617,-0.031,0.0305,,,22057742.98726,50,592.3,,False,,,,,,,22827.98106790393,22057.74298726,True,,-0.0319,2026-08-08T19:20:00.048448,-0.0029,,,2026-08-08T19:20:00.048448,-0.0029,,,9.925984344266999,9.917338016440983,19.84332236070798,-0.6292605251177648,-0.0028527874564555854,0.0,-0.0028527874564555854,2.296,2.294,0.0,,,,,,NEVER,1,0.45,,False,,0.0,False,,,,2.0,1.0,SPIKE_FADE,False,,,0,,-1.0826,0.6052,True,,,,,2.314,2.278,2026-08-08T20:04:50.459502,2026-08-08T19:22:44.215105,0.694,-0.874,2.68,44.79,0.0,0.0842,-0.7869,0.0,10.63,0.0842,36.47,-0.2207,,,0.0,0.0842,,,,,False,SPIKE_FADE,,,,,,0.1713,0.1713,0.6069,0.3891,-0.1336,,,,,,,2026-08-08T19:23:36.459086,0.4326,2026-08-08T19:23:43.488951,0.4762,2026-08-08T19:27:06.575557,0.302,2026-08-08T19:26:50.480373,0.3891,2026-08-08T19:26:51.484496,0.3891,2026-08-08T19:24:14.692820,0.3891,2026-08-08T19:27:02.557263,0.3455,0.6069,ema13,2.66,,,,,,,,,,0.6069,ema13,2.66,,,,,,,0.6069,ema13,2.66,,,,0.0178,,-0.7869,,-0.7869,,,,,,,,,,,,,,-1.0826139172310372,,False,,,,False,,,2026-08-08T19:20:00.226600,-0.0029,,,,,,,,,2026-08-08T19:19:59,2026-08-08T19:20:00.230390,EMA13_CROSS_EXIT L1,TAKER,TAKER,True,
90,,XANUSDT,SHORT,CLOSED,0.014532,0.014486,0.014473,220.38142823130002,20.0,4407.628564626,303305.0209624278,STRONG_BUY,0.29,0.1631,0.0977,71.39,49.22,12.2374,10.449,1.2061,1.2209,NEUTRAL,0.1252,,18.90730614874385,19.413241335017926,38.21953366515046,46.84739093191783,52.52524225710523,0.0292,57.9,61.2,False,False,False,True,False,False,False,False,False,True,False,False,False,False,False,False,False,,,,,3.1913,36.4,34.1,94.9,1.7884,2.0,CHOPPY_FLAT,CHOPPY_FLAT,,0.024,36.731932447155444,17.490386545642604,0.5156,-0.0755,,-0.1017,1.4851,-0.0483,,2026-08-08T16:35:13.292531,0.0821115469309041,2203814.282313,196,313.3,,False,0.3,0.0821,0.3,0.0821,2.11,0.2267,22805.410102605052,4407.628564626,True,,0.0156,,,,,,,,,1.9834328540817001,1.977154440147778,3.9605872942294784,9.991443670041946,0.22668524635287066,0.5296015689512785,-0.09,0.014532,0.014442,0.0,,,2026-08-08T16:37:25.424842,,,NEVER,1,0.45,,True,,0.0,False,,,,2.0,1.0,SPIKE_FADE,False,,,0,,-17.2698,-0.6151,True,,,,,0.014593,0.014311,2026-08-08T16:45:06.303259,2026-08-08T17:22:38.418493,1.4308,-0.5098,44.01,6.47,,,1.2243,,,,,,,,,,,,,,,SPIKE_FADE,,,,,,0.2541,0.1302,0.199,0.9835,0.9835,2026-08-08T16:37:25.424574,,,,,,2026-08-08T16:39:42.356864,0.0339,2026-08-08T16:39:15.230628,0.2472,2026-08-08T16:39:42.356864,0.0339,2026-08-08T16:39:24.271975,0.2472,2026-08-08T16:39:42.356864,0.0339,2026-08-08T16:39:40.348522,0.0339,2026-08-08T16:39:39.341909,0.0339,0.2796,trailing,3.4,,,,,,,,,,1.2243,window,,,,,,,,1.2243,window,,,,,-16.2581,,0.2267,3.4,0.0063,4.84,,,,,,,,,,,,,,atr,False,,,,False,,,2026-08-08T16:34:56.941190,-0.09,,,,,,,,,2026-08-08T16:34:55,2026-08-08T16:38:37.200668,RUNNER_TRAIL,TAKER,TAKER,True,
89,,YGGUSDT,SHORT,CLOSED,0.01873,0.01862,0.01865,256.073958786,20.0,5121.47917572,273437.2224089696,STRONG_BUY,0.0574,0.043,0.0186,67.49,42.73,16.6799,15.5734,0.3551,0.3563,NEUTRAL,0.02,,25.71504139404487,27.350825961835458,35.698297925237455,35.698297925237455,52.676934467623845,0.0148,56.1,59.6,False,False,False,False,False,False,False,False,False,False,False,False,False,False,False,False,False,,,,,3.2343,38.6,36.4,73.7,1.1065,0.0,CHOPPY_FLAT,CHOPPY_FLAT,,0.0001,40.25511904861486,21.172928585243287,0.1955,-0.0261,,-0.0198,0.4181,-0.0327,,2026-08-08T11:40:34.995084,,2560739.58786,169,1099.3,,False,2.04,-0.0366,11.7,0.1771,13.91,0.2305,22564.78534688516,5121.47917572,True,,-0.0172,,,,,,,,,2.304665629074,2.2911304865647564,4.595796115638756,25.482298349347623,0.4975573945541857,0.6043860117458709,-0.08999999999999998,0.01873,0.0186,0.0,,,2026-08-08T11:47:42.061084,,,NEVER,1,0.45,,,,0.0,False,,,,2.0,1.0,SPIKE_FADE,False,,,0,,,,True,,,,,0.01869,0.01861,2026-08-08T12:32:22.418523,2026-08-08T11:47:52.342370,0.5507,0.1236,0.17,44.67,,,0.3371,,,,,,,,,,,,,,,SPIKE_FADE,,,,,,0.3905,0.4439,0.3371,0.2837,0.2303,2026-08-08T11:47:42.060334,,,,,,2026-08-08T11:48:23.603005,0.3371,2026-08-08T11:48:22.599220,0.3371,2026-08-08T11:48:23.603005,0.3371,2026-08-08T11:48:28.622820,0.3371,2026-08-08T11:48:28.622820,0.3371,2026-08-08T12:02:27.937345,0.2837,2026-08-08T12:02:21.908683,0.3371,0.3544,trailing,19.31,,,,,,,,,,0.3371,window,,,,,,,,0.3371,window,,,,,,,0.4976,18.68,0.3371,19.31,,,,,,,,,,,,,,atr,False,,,,False,,,2026-08-08T11:28:55.543514,-0.09,,,,,,,,,2026-08-08T11:28:53,2026-08-08T11:47:42.066142,RUNNER_TRAIL,TAKER,TAKER,True,
88,,WLDUSDT,LONG,CLOSED,0.308,0.306,0.3064,1202.1044414497371,20.0,24042.088828994743,78058.72996426864,VERY_STRONG,0.0698,0.0157,0.0194,52.05,54.85,23.6423,24.6363,0.0226,-0.0226,BULLISH,0.0344,0.0323,39.3747,37.4795,62.6,65.0,57.3,0.0358,61.1,56.6,False,False,False,False,False,False,False,False,False,False,False,False,False,False,False,False,False,,,,1.2501,0.8632,63.6,25.0,50.0,-0.994,2.0,STRONG_BULL,CHOPPY_FLAT,,0.064,19.02613389931759,15.341757997158073,0.3004,0.177,-0.000668,0.3163,0.0124,0.0384,0.0515,2026-08-08T04:33:44.806003,0.09926461038961053,93602180.618,20,1110.7,,False,50.27,-0.7121,51.3,-0.7121,59.01,-0.7121,24042.088828994743,93602.180618,False,,0.0174,2026-08-08T03:42:28.309507,-0.1279,2026-08-08T03:55:04.656862,-0.2577,2026-08-08T03:42:28.309507,-0.1279,2026-08-08T03:55:04.656862,-0.2577,4.327575989219054,10.748687116079791,15.076263105298846,-171.19372303383625,-0.7120584415584421,0.3913409090909131,-0.7120584415584421,0.3094,0.308,0.0,0.3835,0.2897,2026-08-08T04:41:45.190367,2026-08-08T06:18:52.537032,-0.3724,ENDED_NEG,1,0.45,,False,,-0.0325,False,,,,2.0,1.0,NONEXP_CALM3D,False,-0.12790584415583703,,0,,-0.3724,-0.0388,True,,,,,0.3075,0.3054,2026-08-08T06:47:29.128936,2026-08-08T06:21:10.014804,-0.2253,-0.9072,28.6,2.29,0.01,-0.7773,-0.55,0.0,0.24,-0.7448,,,,,0.01,-0.7773,-0.0954529220779185,2026-08-08T03:45:33.589813,,,False,MOMENTUM,2026-08-08T06:18:53.290449,-0.7773,,,,-0.7448,-0.8422,-0.7773,-0.8098,-0.3227,,,,,,,,,,,,,,,,,,,,,-0.55,window,,,,,,,,,,,-0.55,window,,,,,,,,-0.55,window,,,,,,,-0.55,,-0.55,,,,,,,,,,,,,,0.4145102580859061,,False,,,,False,,,2026-08-08T03:55:50.511882,-0.063,2026-08-08T03:58:55.839382,-0.1279,,,-0.1279,0.02,-0.42,26.31,2026-08-08T03:42:27,2026-08-08T06:18:52.539671,STOP_LOSS L1,MAKER,TAKER,True,
87,,SKYUSDT,LONG,CLOSED,0.05384,0.05381,0.05384,231.430130641,20.0,4628.60261282,85969.5879052749,STRONG_BUY,0.3154,0.1042,0.1083,20.93,32.14,19.8439,17.4444,0.6108,-0.6071,NEUTRAL,-0.112,,9.83063819069823,10.563354799359628,52.90361490743186,57.036264181570495,49.570853566105896,0.0291,56.0,56.8,False,True,False,True,False,False,False,False,True,True,False,False,False,False,False,False,False,,,,,3.9114,36.4,40.9,18.7,2.3995,1.0,CHOPPY_WEAK,CHOPPY_WEAK,,-0.0037,17.55125473605461,54.1406604633476,0.1957,-0.185,,-0.2818,-0.8182,0.0098,,2026-08-08T01:40:00.730715,0.09565193164933665,2314301.30641,200,332.8,,False,25.36,-0.1457,29.98,-0.1457,36.16,-0.1457,12031.360765046004,4628.60261282,True,,-0.0019,,,,,,,,,2.082871175769,2.081710586332279,4.164581762101279,-6.743669399259719,-0.14569557949480358,0.3555646359584029,-0.16426077265972952,0.05408,0.05384,0.0,,,2026-08-08T01:46:16.543107,2026-08-08T01:15:44.501047,,NEVER,1,0.45,,,,0.0,False,,,,1.0,1.0,SPIKE_BOUNCE,False,,,0,,,,True,,,,,0.05406,0.05381,2026-08-08T03:09:32.189337,2026-08-08T02:24:39.594345,0.3186,-0.1457,44.88,0.0,,,0.3186,,,,,,,,,,,,,,,SPIKE_BOUNCE,,,,,,0.0029,-0.0157,0.0214,0.1886,0.2072,,,,,,,,,,,,,,,,,,,,,0.3186,window,,,,,,,,,,,0.3186,window,,,,,,,,0.3186,window,,,,,,,0.3186,,0.3186,,,,,,,,,,,,,,,,False,,,,False,,,2026-08-08T01:10:03.327080,-0.09,,,,,,,,,2026-08-08T01:10:02,2026-08-08T02:24:39.251244,SPIKE_LOCK L1,TAKER,TAKER,True,
86,,SENTUSDT,SHORT,CLOSED,0.01346,0.01347,0.01346,215.726549695,20.0,4314.5309939,320544.6503640416,STRONG_BUY,0.1715,0.0947,0.0607,77.27,46.1,13.4311,9.9234,0.5321,0.535,NEUTRAL,0.0745,,15.468657140364718,16.646703907478347,39.7722263280207,38.91986411051308,43.84437267745138,0.0491,55.2,57.3,False,True,False,True,False,False,False,False,False,True,False,False,False,False,False,False,False,,,,,2.8086,16.3,72.1,100.0,3.5077,1.0,CHOPPY_WEAK,CHOPPY_WEAK,,-0.0291,43.502357718502765,11.206619948461777,0.177,-0.0209,,-0.0027,0.6913,-0.0349,,2026-08-08T00:40:32.529795,0.058655274888552655,2157265.49695,210,266.4,,False,102.34,-0.1643,102.34,-0.1643,104.67,-0.1643,24088.36510212113,4314.5309939,True,,-0.0065,,,,,,,,,1.941538947255,1.9429813981816382,3.884520345436638,-7.089966849076924,-0.1643276374442763,0.35596582466567084,-0.46163818722139455,0.01346,0.0134,0.0,,,2026-08-08T00:42:52.101586,2026-08-07T23:19:49.240283,,NEVER,1,0.45,,False,,0.0,False,,,,2.0,1.0,SPIKE_FADE,False,,,0,,8.6965,0.1391,True,,,,,0.01349,0.01342,2026-08-08T01:27:17.865274,2026-08-08T01:46:11.338160,0.2072,-0.3129,44.06,25.17,0.01,-0.1643,0.2072,0.0,,,,,,,,,,,,,,SPIKE_FADE,,,,,,-0.1643,-0.09,-0.1643,-0.2386,-0.3129,,,,,,,,,,,,,,,,,,,,,0.2072,window,,,,,,,,,,,0.2072,window,,,,,,,,0.2072,window,,,,,,,0.2072,,0.2072,,,,,,,,,,,,,,,,False,,,,False,,,2026-08-07T23:12:52.310415,-0.09,2026-08-08T00:21:01.340500,-0.09,,,,,,,2026-08-07T22:58:12,2026-08-08T01:02:07.367810,SPIKE_LOCK L1,TAKER,TAKER,True,
85,,1000BONKUSDT,LONG,CLOSED,0.002499,0.002503,0.002504,1198.8337189805814,20.0,23976.674379611628,9594507.554866599,VERY_STRONG,0.411,0.083,0.1389,63.6,53.65,27.9018,27.533,0.3078,0.3087,BULLISH,0.1493,0.0393,25.8721,25.1011,64.9,67.8,65.8,0.0926,60.2,59.4,False,False,False,False,False,False,False,False,False,False,False,False,False,False,False,False,False,UNMATCHED,,,0.7078,0.7085,58.1,27.9,87.9,0.3688,3.0,HEALTHY_BULL,HEALTHY_BULL,,0.0799,26.49852873234736,13.440089551448986,0.4848,0.4949,-0.000202,0.6087,0.5314,0.0658,0.0704,2026-08-07T20:12:13.553219,0.06999199679872338,60913934.376341,33,989.3,,False,0.14,0.07,0.14,0.07,0.14,0.07,23976.674379611628,60913.934376341,False,,0.0799,,,,,,,,,10.789503470825233,10.806773584423993,21.596277055249224,16.781753164218102,0.06999199679872338,0.4699719887955231,-0.1299979991996852,0.002513,0.002499,0.0,0.8632,0.1914,2026-08-07T20:12:13.567126,2026-08-07T20:12:12.018197,0.2679,NEVER,1,0.45,,True,,0.0,False,,,,2.0,1.0,UNMATCHED,False,,,0,,0.4671,0.1914,False,,,,,0.002509,0.002477,2026-08-07T20:14:22.432564,2026-08-07T20:36:08.880534,0.3102,-0.9704,1.25,23.02,8.27,-0.7303,-0.7703,0.3102,8.27,-0.7303,6.71,-0.09,,,17.56,-0.6102,,,,,False,MOMENTUM,2026-08-07T20:34:44.435562,-0.8503,,,,0.1901,0.03,-0.13,-0.3701,-0.8503,,,,,,,,,2026-08-07T20:15:07.660089,0.03,2026-08-07T20:15:07.660089,0.03,,,,,,,,,0.22,trailing,0.14,,,,,,,,,,0.03,stretch,1.05,,,,,,,0.0701,stretch,4.65,,,,0.8632,0.8632,0.19,0.14,-0.05,1.6,,,,,,,,,,,,,0.6655456332228393,lock,False,,,,False,,,,,,,,,,,,,2026-08-07T20:12:05,2026-08-07T20:13:06.767927,RUNNER_TRAIL,TAKER_FALLBACK,TAKER,True,
84,,TOWNSUSDT,SHORT,CLOSED,0.002301,0.002284,0.002282,262.9915772467,20.0,5259.831544934,2285889.415442851,STRONG_BUY,0.0956,0.0974,0.0249,68.37,39.68,20.358,19.4171,0.8435,0.8507,BEARISH,0.0454,,27.32518449250415,25.770690059838493,28.680250358086923,23.375227655040348,33.67289051531017,0.1348,47.3,54.2,False,False,False,False,False,False,False,False,False,False,False,False,False,False,False,False,False,,,,,2.3142,27.3,65.9,100.0,0.9409,1.0,HEALTHY_BEAR,HEALTHY_BEAR,,-0.2685,37.622000402808325,19.127242964752313,0.333,-0.1989,,-0.2742,0.9741,-0.168,,2026-08-07T17:44:18.122065,0.08391568883094729,2629915.772467,192,367.1,,False,4.58,-0.09,4.59,-0.09,8.75,0.3013,23665.7934191114,5259.831544934,True,,-0.2644,,,,,,,,,2.3669241952203,2.3494371411921624,4.716361336412462,34.143758726116204,0.6491416775315119,0.8230573663624593,-0.39435245545415304,0.002301,0.00228,0.0,,,2026-08-07T17:48:29.078756,2026-08-07T17:39:58.038460,,NEVER,1,0.45,,,,0.0,False,,,,2.0,1.0,SPIKE_FADE,False,,,0,,,,True,,,,,0.002284,0.002264,2026-08-07T17:50:05.835927,2026-08-07T18:06:16.721380,1.518,0.6488,16.18,0.0,,,0.9096,,,,,,,,,,,,,,,SPIKE_FADE,2026-08-07T18:00:44.804414,1.0834,,,,0.953,1.0834,1.0834,1.3876,1.2138,2026-08-07T17:48:27.973465,,,,,,2026-08-07T18:23:19.389006,0.6923,2026-08-07T18:10:46.316235,1.3442,2026-08-07T18:23:19.389006,0.6923,2026-08-07T18:10:46.316235,1.3442,2026-08-07T18:13:24.346235,1.2138,2026-08-07T18:23:19.389006,0.6923,2026-08-07T18:13:24.346235,1.2138,1.268,trailing,33.33,,,,,,,,,,0.9096,window,,,,,,,,0.9096,window,,,,,,,0.6491,10.2,1.1703,34.27,,,,,,,,,,,,,,atr,False,,,,False,,,,,,,,,,,,,2026-08-07T17:39:43,2026-08-07T17:50:05.499353,RUNNER_TRAIL,TAKER,TAKER,True,
83,,ZORAUSDT,LONG,CLOSED,0.005312,0.005322,0.005327,332.0267258342,20.0,6640.534516684001,1250100.624375753,STRONG_BUY,0.1919,0.1584,0.0298,68.81,43.87,23.2684,22.2113,1.2451,1.2608,BULLISH,0.0894,,52.74609788680021,52.75371169645272,62.50350932731608,69.75103726821071,71.89065051089338,0.1042,71.6,68.0,False,False,False,False,False,False,False,False,False,False,True,True,False,False,False,False,True,,,,,1.889,76.7,16.3,77.8,1.0571,2.0,STRONG_BULL,STRONG_BULL,,0.3221,49.49682983617694,22.755724187049662,0.5322,-0.0176,,0.2522,1.4515,0.0899,,,,3320267.258342,172,378.0,70.02,False,,,,,,,23565.785369161335,6640.534516684001,True,,0.3221,,,,,,,,,2.9882405325078003,2.993865985317491,5.982106517825292,6.518899725932814,0.09816829819277974,0.47450489457832296,0.0,0.005342,0.005312,0.0,,,,,,NEVER,1,0.45,,True,,0.0,False,,,,2.0,1.0,SPIKE_CHASE,False,,,0,,-94.3155,0.8848,False,,,,,0.005346,0.005258,2026-08-07T11:35:25.002158,2026-08-07T12:01:48.411427,0.5501,-1.1066,0.32,26.71,,,-0.5795,,,,,,,,,,,,,,,SPIKE_CHASE,,,,,,-0.41,-0.4477,-0.523,-0.6736,-0.7112,,,,,,,,,,,,,,,,,,,,,0.3001,trailing,0.45,,,,,,,,,,-0.7,hard_sl,13.98,,,,,,,-0.7,hard_sl,13.98,,,,-93.4432,,-0.5795,,-0.5795,,,,,,,,,,,,,,,,False,,,,False,,,,,,,,,,,,,2026-08-07T11:34:32,2026-08-07T11:35:05.336137,SPIKE_TRAIL,TAKER,TAKER,True,
82,,MIRAUSDT,LONG,CLOSED,0.04269,0.04222,0.04258,956.484423889,20.0,19129.68847778,448107.01517404546,STRONG_BUY,0.4067,0.1642,0.1408,76.88,48.48,21.5442,19.522,1.0067,1.017,BULLISH,0.1362,,49.98578057283224,50.12634472763411,62.198369377893606,67.56027200662623,85.74582106559214,0.1005,64.5,66.3,False,False,False,False,False,False,False,False,False,False,False,True,False,False,False,False,True,,,,,3.3529,60.5,27.9,91.9,2.0222,4.0,STRONG_BULL,STRONG_BULL,,0.3455,44.263642758303796,15.619495841939548,0.4075,0.1917,,0.3308,1.3253,0.0099,,,,9564844.23889,103,314.9,77.94,True,,,,,,,25250.66774621574,19129.68847778,True,,0.3455,,,,,,,,,8.608359815001,8.51358518129169,17.12194499629269,-227.73224212809325,-1.1904649800890095,0.0,-1.1904649800890095,0.04269,0.04269,0.0,,,,,,NEVER,1,0.45,,False,,0.0,False,,,,2.0,1.0,SPIKE_CHASE,False,,,0,,-5.853,-0.7192,False,,,,,0.04252,0.04207,2026-08-07T10:24:13.963673,2026-08-07T10:48:28.079048,-0.4882,-1.5423,20.71,44.95,0.01,-0.9567,-1.5423,0.0,,,,,,,0.01,-0.9567,,,,,,SPIKE_CHASE,,,,,,-1.2847,-1.2847,-1.2378,-1.027,-0.7693,,,,,,,,,,,,,,,,,,,,,-1.5423,window,,,,,,,,,,,-1.5423,window,,,,,,,,-1.5423,window,,,,,,,-1.5423,,-1.5423,,,,,,,,,,,,,,,,False,,,,False,,,,,,,,,,,,,2026-08-07T10:03:07,2026-08-07T10:03:30.953320,SPIKE_SL L1,TAKER,TAKER,True,
81,,QNTUSDT,SHORT,CLOSED,59.63,59.23,59.21,254.98942040000003,20.0,5099.788408,85.52387066912628,STRONG_BUY,0.1212,0.0777,0.0369,73.95,44.25,23.7559,22.0762,0.5135,0.5161,NEUTRAL,0.0556,,14.342532701625462,14.948121203406052,44.77072598945228,45.07119359700198,55.27399572507428,0.1224,41.1,45.7,False,False,False,True,False,False,False,False,False,True,True,False,False,False,False,False,True,,,,,2.3997,25.6,51.2,88.7,1.6797,0.0,CHOPPY_WEAK,CHOPPY_WEAK,,0.0072,46.182487656715146,17.25855580689111,0.1791,-0.0512,,-0.0366,0.6313,-0.085,,2026-08-07T02:34:14.331930,0.06099865839343184,2549894.204,200,1388.8,,False,1.39,0.0274,2.41,0.0274,29.35,0.3127,24421.206128045706,5099.788408,True,,-0.0166,,,,,,,,,2.2949047836000003,2.279510486879557,4.574415270479557,29.635132997171446,0.5811051484152369,0.6817709206775128,-0.49266308904912776,59.63,59.17,0.0,,,2026-08-07T03:46:00.596352,2026-08-07T02:32:44.142102,,NEVER,1,0.45,,,,0.0,False,,,,2.0,1.0,SPIKE_FADE,False,,,0,,,,True,,,,,59.24,59.08,2026-08-07T03:52:52.965332,2026-08-07T04:00:08.044460,0.8324,0.564,7.26,0.01,,,0.7317,,,,,,,,,,,,,,,SPIKE_FADE,,,,,,0.6143,0.6311,0.7653,0.6814,0.6982,2026-08-07T03:01:22.884063,,,,2026-08-07T02:51:26.382221,0.1113,,,,,,,,,,,,,,,0.7317,window,,,,,,,,,,,0.7317,window,,,,,,,,0.7317,window,,,,,,,0.5811,80.9,0.7317,,,,,,,,,,,,,,,atr,False,,,,False,,,2026-08-07T02:31:52.155594,-0.09,2026-08-07T02:32:32.593737,-0.3081,2026-08-07T02:51:26.381953,0.1113,,,,,2026-08-07T02:31:50,2026-08-07T03:52:51.976793,RUNNER_TRAIL,TAKER,TAKER,True,
80,,LITUSDT,LONG,CLOSED,2.402,2.4119,2.4119,300.1292589261353,1.0,300.1292589261353,124.94973310829945,VERY_STRONG,0.4338,0.0329,0.1189,60.91,56.21,31.8495,32.4748,0.1404,0.1406,BULLISH,0.1422,0.0318,21.8023,21.2173,63.1,61.2,61.2,0.0978,46.9,39.8,False,False,False,False,False,False,False,False,False,False,False,False,False,False,False,False,False,UNMATCHED,,,0.9917,0.3232,55.8,34.9,77.5,-0.6253,4.0,HEALTHY_BULL,HEALTHY_BULL,,-0.0002,20.454982488065927,12.611556661955289,0.6793,1.0339,-1.9e-05,1.5627,0.2927,0.1332,-0.0719,2026-08-07T01:37:27.738095,0.09929163197334688,31166110.4439,46,226.3,,False,1.93,-0.2003,4.11,-0.2003,5.08,-0.2003,300.1292589261353,31166.1104439,False,,0.0239,,,,,,,,,0.05402326660670436,0.13561481757775837,0.18963808418446274,1.0473642735877045,0.3489710657785187,1.0314281848459612,-0.20032368859285188,2.4283,2.402,0.0,0.5839,0.5728,2026-08-07T01:50:17.490291,2026-08-07T01:40:13.621051,-0.186,ENDED_NEG,1,0.45,,True,,-0.0375,False,,,,0.5,0.05,ADXMAX_PROBE,False,,,0,,-0.1392,0.5243,True,,,,,2.4305,2.3703,2026-08-07T01:59:45.876819,2026-08-07T02:12:44.254382,1.1235,-1.3827,4.65,17.62,8.09,-0.7333,-0.5001,1.1235,0.27,0.3991,9.65,-0.4377,,,11.21,-0.8623,,,,,False,MOMENTUM,2026-08-07T02:05:45.554579,-0.9165,,,,0.4532,0.4241,0.8446,-1.0788,-0.0214,2026-08-07T01:42:58.905654,,2026-08-07T01:49:48.782241,0.4987787260616181,,,2026-08-07T02:00:25.338223,0.6656,2026-08-07T01:55:07.045440,0.3492,2026-08-07T01:55:07.045440,0.3492,2026-08-07T01:55:07.045440,0.3492,2026-08-07T01:55:07.045440,0.3492,2026-08-07T01:55:07.045440,0.3492,2026-08-07T02:00:25.338223,0.6656,0.6982,trailing,11.67,,,,,,,,,,0.8858,stretch,17.33,,,,,,,-0.7,hard_sl,29.78,,,,0.7955,0.7955,0.6902,18.35,0.349,21.63,,,,,,,,,,,,,0.7955060629812556,,False,,,,False,,,2026-08-07T01:40:41.731822,-0.0006,2026-08-07T01:50:07.319335,1.0065,,,,,0.4488,20.46,2026-08-07T01:33:21,2026-08-07T01:55:06.706751,RUNNER_TRAIL L1,MAKER,TAKER,True,
79,,MIRAUSDT,SHORT,CLOSED,0.04168,0.04137,0.04133,720.4497478595,20.0,14408.99495719,345705.25329150667,STRONG_BUY,0.4781,0.2123,0.1672,80.14,58.52,18.8136,15.5129,1.1837,1.1978,NEUTRAL,0.1935,,31.18531835234342,33.35898267026966,44.919108754591235,59.68834219707039,23.547535799476478,0.0723,38.6,40.1,False,False,False,False,False,False,False,False,False,False,False,True,False,False,False,False,True,,,,,3.2042,40.9,27.3,99.0,3.3008,2.0,CHOPPY_FLAT,CHOPPY_FLAT,,-0.1037,46.28844195404606,10.955304623689804,0.3805,0.0884,,0.2162,1.5822,-0.0234,,2026-08-07T00:14:35.879530,,14408994.95719,81,314.5,,False,0.13,0.6301,0.13,0.6301,0.13,0.6301,23152.991685927875,14408.99495719,True,,-0.1037,,,,,,,,,6.4840477307355,6.435821847901333,12.919869578636833,94.24875894173186,0.6540966890595122,0.8461216410748598,-0.09,0.04168,0.04129,0.0,,,2026-08-07T00:14:36.372192,,,NEVER,1,0.45,,True,,0.0,False,,,,2.0,1.0,SPIKE_FADE,False,,,0,,8.0279,-0.7192,False,,,,,0.04154,0.04077,2026-08-07T00:53:52.244706,2026-08-07T00:34:23.812224,2.0933,0.2459,19.74,39.21,,,0.6538,,,,,,,,,,,,,,,SPIKE_FADE,,,,,,1.1816,0.8217,1.3975,0.8697,1.1816,2026-08-07T00:14:35.879503,,,,,,2026-08-07T00:16:06.442256,0.7257,2026-08-07T00:16:05.437036,0.7977,2026-08-07T00:16:06.442256,0.7257,2026-08-07T00:16:41.610878,0.8217,2026-08-07T00:16:42.614540,0.7977,2026-08-07T00:16:41.610878,0.8217,2026-08-07T00:16:54.666666,0.5338,0.5961,trailing,0.08,,,,,,,,,,0.6538,window,,,,,,,,0.6538,window,,,,,9.6177,,0.6541,0.05,0.8457,1.44,,,,,,,,,,,,,,atr,False,,,,False,,,2026-08-07T00:14:30.885159,-0.09,,,,,,,,,2026-08-07T00:14:28,2026-08-07T00:14:38.677812,RUNNER_TRAIL,TAKER,TAKER,True,
78,,SXTUSDT,SHORT,CLOSED,0.007433,0.007437,0.007437,256.0242667732,20.0,5120.485335464,688885.4211575406,STRONG_BUY,0.1614,0.1312,0.0538,72.52,41.28,37.1125,37.2351,0.8252,0.832,BEARISH,0.0769,,26.959780607975382,26.893403200796183,42.201487152782946,35.39425443930844,37.741685642953385,0.082,44.0,43.2,False,False,False,False,False,False,False,False,False,False,False,True,False,False,False,False,True,,,,,2.5639,22.7,59.1,100.0,-0.1227,0.0,HEALTHY_BEAR,HEALTHY_BEAR,,-0.1518,41.25507957061904,19.63007937490369,0.2765,-0.2325,,-0.2421,1.0187,-0.0021,,,,2560242.667732,201,461.5,,False,4.5,-0.1438,4.55,-0.1438,,,23175.036019404914,5120.485335464,True,,-0.1494,,,,,,,,,2.3042184009588,2.3054583947168834,4.609676795675684,-7.365218480305614,-0.1438382887124938,0.2330297322749977,-0.2649744383156194,0.007433,0.007409,0.0,,,,,,,1,0.45,,,,0.0,False,,,,2.0,1.0,SPIKE_FADE,False,,,0,,,,,,,,,,,,,,,,,,,,,,,,,,,,,,,,,,SPIKE_FADE,,,,,,,,,,,,,,,,,,,,,,,,,,,,,,,,,,,,,,,,,,,,,,,,,,,,,,,,,,,,,,,,,,,,,,,,,,,,,,False,,,,False,,,,,,,,,,,,,2026-08-06T19:39:21,2026-08-06T19:43:54.932814,SPIKE_LOCK L1,TAKER,TAKER,True,
77,,SOONUSDT,SHORT,CLOSED,0.2188,0.2202,0.2195,495.19926009,20.0,9903.9852018,45265.01463345521,STRONG_BUY,0.5836,0.2925,0.2064,75.08,56.58,16.2244,13.9965,1.8984,1.9351,BEARISH,0.2328,,18.25275691647986,19.05349523492438,42.69024919223122,44.63763033309771,66.00107988098067,0.0871,57.7,66.2,False,False,False,True,False,False,False,False,False,True,False,False,False,False,False,False,False,,,,,3.9235,25.0,72.7,93.7,2.2279,2.0,HEALTHY_BEAR,HEALTHY_BEAR,,0.0349,38.71093779035208,14.614823712468045,0.6128,-0.201,,-0.2055,2.4443,-0.0807,,,,4951992.6009,131,440.0,,False,,,,,,,23682.00418329962,9903.9852018,True,,0.0349,,,,,,,,,4.45679334081,4.485310300029077,8.942103640839077,-72.31312412767693,-0.7301416819012853,0.0,-0.7301416819012853,0.2188,0.2188,0.0,,,,2026-08-06T09:25:01.618705,,NEVER,1,0.45,,True,,0.0,False,,,,2.0,1.0,SPIKE_FADE,False,,,0,,-9.6984,-0.0338,False,,,,,0.2204,0.213,2026-08-06T09:28:28.406358,2026-08-06T10:08:13.025739,2.5608,-0.8213,43.18,3.43,,,2.5151,,,,,,,,,,,,,,,SPIKE_FADE,,,,,,0.8698,-0.5927,1.0526,1.4182,1.3268,,,,,,,2026-08-06T09:26:26.645310,0.5041,2026-08-06T09:26:37.698318,0.4584,2026-08-06T09:26:37.698318,0.4584,2026-08-06T09:35:02.715960,1.3268,2026-08-06T09:35:03.720339,1.2811,2026-08-06T09:34:45.509270,1.5096,2026-08-06T09:35:02.715960,1.3268,0.8483,trailing,1.13,,,,,,,,,,-0.7,hard_sl,3.21,,,,,,,-0.7,hard_sl,3.21,,,,-6.646,,0.7784,1.18,0.4127,1.43,,,,,,,,,,,,,,,False,,,,False,,,,,,,,,,,,,2026-08-06T09:24:52,2026-08-06T09:25:01.637689,STOP_LOSS L1,TAKER,TAKER,True,
76,,PENGUUSDT,LONG,CLOSED,0.006227,0.00625,0.006252,1166.9499990244947,20.0,23338.999980489894,3748032.7574257096,VERY_STRONG,0.2569,0.044,0.0998,58.46,58.11,32.2081,31.1781,0.0169,-0.0169,BULLISH,0.0826,0.0586,38.7044,38.1832,65.0,65.0,82.9,0.0951,66.2,61.1,False,False,False,False,False,True,False,False,False,True,False,True,False,False,False,False,True,,,,0.7521,0.4946,47.7,38.6,77.3,1.0299,2.0,STRONG_BULL,STRONG_BULL,,0.217,30.646113724639868,11.45096841191846,0.2911,0.1647,5.3e-05,0.2469,0.1269,0.0865,0.0774,2026-08-06T05:58:13.722232,,28506351.191296,46,596.6,,False,20.25,0.1508,20.25,0.1829,20.27,0.1829,23338.999980489894,28506.351191296002,False,,0.2036,2026-08-06T05:51:03.029859,-0.1703,,,2026-08-06T05:52:07.805130,-0.2666,,,10.502549991220452,10.541342130259808,21.043892121480262,65.16086129931276,0.2791930303517015,0.5841785771639693,-0.31472619238798977,0.006269,0.006227,0.0,0.5149,0.1268,2026-08-06T06:00:37.598779,2026-08-06T05:52:58.856868,-0.2347,RECOVERED,1,0.45,,True,,0.0,False,,,,2.0,1.0,NONEXP_CALM3D,False,-0.1702593544242781,,0,,0.0759,0.2623,True,,,,,0.006299,0.006212,2026-08-06T06:40:36.198058,2026-08-06T06:18:01.610715,1.0663,-0.3309,37.18,14.6,11.32,-0.1864,0.6969,0.5202,8.25,0.0385,6.7,0.1348,,,12.86,-0.1864,-0.2665705797334146,2026-08-06T05:53:25.054023,,,False,MOMENTUM,2026-08-06T06:11:06.371128,0.0385,,,,0.3275,0.4721,0.1991,-0.2827,0.9057,2026-08-06T06:00:30.360808,,,,,,2026-08-06T06:03:31.011743,0.3115,2026-08-06T06:03:28.990750,0.2472,2026-08-06T06:03:31.011743,0.3115,2026-08-06T06:03:28.990750,0.2472,2026-08-06T06:03:31.011743,0.3115,2026-08-06T06:03:28.990750,0.2472,2026-08-06T06:03:26.970454,0.2633,0.3342,trailing,25.32,,,,,,,,,,0.4558,stretch,22.99,,,,,,,-0.1864,signal_lost,36.73,,,,0.5491,0.5313,0.4237,23.25,0.2792,25.4,,,,,,,,,,,,,0.5313409509491083,atr,False,,,,False,,,,,,,,,-0.09,12.27,-0.2826,15.33,2026-08-06T05:37:59,2026-08-06T06:03:25.192682,RUNNER_TRAIL,TAKER_FALLBACK,TAKER,True,
75,,FETUSDT,LONG,CLOSED,0.1416,0.1419,0.1421,1260.263583680703,20.0,25205.27167361406,178003.3310283479,VERY_STRONG,0.307,0.064,0.1137,60.14,67.86,28.4614,27.4731,0.0208,-0.0208,BULLISH,0.1313,0.0772,38.5465,37.7108,62.5,65.8,72.7,0.0983,66.1,61.1,False,False,False,False,False,False,False,False,False,False,False,True,False,True,False,False,True,,,,0.8191,1.4001,56.8,31.8,70.8,0.9883,3.0,STRONG_BULL,CHOPPY_FLAT,,0.2094,28.965885022181524,12.030629379754542,0.3418,0.1685,4.7e-05,0.2439,0.157,0.0748,0.0766,2026-08-06T06:31:44.516888,,33019278.2783,44,1298.9,,False,57.01,0.1218,57.16,0.1218,57.21,0.1218,25205.27167361406,33019.2782783,False,,0.127,2026-08-06T05:37:50.503713,-0.3018,2026-08-06T06:16:38.247792,-0.5841,2026-08-06T05:38:02.933045,-0.3724,2026-08-06T06:16:40.280917,-0.5135,11.342372253126328,11.366402702815154,22.708774955941482,30.692224352561947,0.12176906779660646,0.47471751412429036,-0.6547175141242905,0.1424,0.1416,0.0,0.3503,0.368,2026-08-06T06:39:39.667520,2026-08-06T06:17:24.690100,-0.2735,ENDED_NEG,1,0.45,,True,,0.0,False,,,,2.0,1.0,NONEXP_CALM3D,False,-0.30176906779660645,,0,,-0.1337,0.4483,True,,,,,0.1423,0.1396,2026-08-06T06:50:37.485965,2026-08-06T07:04:31.993283,0.4044,-1.5024,7.25,21.16,9.95,-0.5137,-1.0787,0.4044,2.23,0.0512,11.49,-0.9375,,,9.95,-0.5137,-0.372358757062155,2026-08-06T05:45:49.145674,,,False,MOMENTUM,2026-08-06T06:43:22.762791,0.1219,,,,0.0512,0.0512,0.1219,-1.1493,-1.4318,,,,,2026-08-06T06:20:22.109848,-0.5135,2026-08-06T06:51:07.640879,0.0512,2026-08-06T06:43:35.842615,0.1219,2026-08-06T06:43:35.842615,0.1219,2026-08-06T06:43:35.842615,0.1219,2026-08-06T06:43:35.842615,0.1219,2026-08-06T06:43:23.769355,0.1925,2026-08-06T06:43:22.762791,0.1219,0.2247,trailing,68.75,,,,,,,,,,0.4041,stretch,66.47,,,,,,,-0.5137,ema13,78.7,,,,0.3503,0.3503,0.2629,68.31,0.1218,68.75,,,,,,,,,,,,,0.4207007427395799,atr,False,,,,False,,,2026-08-06T06:11:06.368004,-0.2312,,,2026-08-06T06:20:22.109641,-0.5135,-0.09,0.03,-0.1606,4.95,2026-08-06T05:34:35,2026-08-06T06:43:22.202960,RUNNER_TRAIL,TAKER_FALLBACK,TAKER,True,
74,,PUMPUSDT,LONG,CLOSED,0.002377,0.002355,0.002356,1260.263583680703,20.0,25205.27167361406,10603816.438205326,VERY_STRONG,0.5317,0.1183,0.2156,64.08,70.34,24.8525,24.685,0.0049,0.0049,BULLISH,0.2215,0.0795,38.5603,37.7108,64.4,65.8,72.7,0.0951,66.6,61.1,False,False,False,False,False,False,False,False,False,False,False,True,False,False,False,False,True,,,,0.5904,0.6765,59.1,31.8,85.2,0.1675,3.0,STRONG_BULL,STRONG_BULL,,0.2119,26.9667873858811,15.490728437641913,0.4353,0.1013,4.7e-05,0.0787,0.3391,0.0954,0.0789,,,125896214.621134,16,391.9,,False,0.95,-1.0151,,,,,25205.27167361406,125896.214621134,False,,0.2199,2026-08-06T05:33:20.961729,-0.4264,,,2026-08-06T05:34:06.723767,-0.6367,,,11.342372253126328,11.237394470388095,22.579766723514425,-255.86372836403496,-1.015119899032407,0.16230542700883163,-1.015119899032407,0.002383,0.002377,0.0,0.2567,0.18,2026-08-06T05:32:08.925495,2026-08-06T05:36:52.162664,-0.6572,ENDED_NEG,1,0.45,,True,,0.0,False,,,,2.0,1.0,NONEXP_CALM3D,False,-0.4264072360117877,,0,,-0.6572,-0.2218,True,,,,,0.002358,0.002325,2026-08-06T05:48:49.931155,2026-08-06T06:17:47.410668,-0.8893,-2.2776,11.96,40.92,0.79,-0.9735,-1.9831,0.0,0.02,-0.9735,37.87,-1.8149,,,0.79,-0.9735,,,,,False,MOMENTUM,2026-08-06T06:11:06.371128,-1.6887,,,,-1.0155,-1.0155,-1.0155,-1.0576,-1.4362,,,,,,,,,,,,,,,,,,,,,-1.9831,window,,,,,,,,,,,-1.9831,window,,,,,,,,-1.9831,window,,,,,,,-1.9831,,-1.9831,,,,,,,,,,,,,,0.25670591343038096,,False,,,,False,,,,,,,,,-0.09,0.01,,,2026-08-06T05:31:12,2026-08-06T05:36:52.165058,STOP_LOSS_WIDE L1,TAKER_FALLBACK,TAKER,True,
73,,1000XECUSDT,SHORT,CLOSED,0.006439,0.006443,0.006442,369.40594012040003,20.0,7388.118802408,1147401.5844708805,STRONG_BUY,0.2703,0.1251,0.0803,72.26,38.53,18.973,16.676,1.2624,1.2785,NEUTRAL,0.0726,,25.454708057130734,25.1054876427026,38.07694421946272,38.09343020932928,40.91801835719745,0.071,50.4,55.0,False,False,False,False,False,False,False,False,False,False,False,False,False,False,False,False,False,,,,,4.3467,31.8,56.8,81.1,2.297,1.0,CHOPPY_FLAT,CHOPPY_FLAT,,-0.0908,47.35685972062046,16.28022454917821,0.5041,0.0737,,0.0997,1.4867,-0.0534,,2026-08-06T03:47:07.663748,0.09644820624320326,3694059.401204,151,1784.9,,False,0.01,-0.1521,0.01,-0.1521,0.18,-0.1521,25241.988524317127,7388.118802408,True,,-0.0875,,,,,,,,,3.3246534610836,3.326718783935647,6.651372245019247,-11.240978582902382,-0.15214940208106326,0.3605831650877524,-0.15214940208106326,0.006439,0.00641,0.0,,,2026-08-06T03:47:21.037011,2026-08-06T03:48:00.960693,,NEVER,1,0.45,,True,,0.0,False,,,,2.0,1.0,SPIKE_FADE,False,,,0,,6.463,-0.3659,False,,,,,0.006562,0.006401,2026-08-06T03:50:00.773058,2026-08-06T04:13:56.808120,0.5002,-2.0002,25.92,1.99,,,-1.379,,,,,,,,,,,,,,,SPIKE_FADE,,,,,,-1.5654,-1.9847,-1.3324,-1.1616,-0.1211,,,,,,,2026-08-06T04:14:19.931414,0.1119,2026-08-06T04:14:35.074909,0.0964,2026-08-06T04:14:35.074909,0.0964,2026-08-06T04:17:30.982794,0.0653,2026-08-06T04:17:32.991590,0.0653,2026-08-06T04:15:04.238960,0.0342,2026-08-06T04:17:32.991590,0.0653,0.2502,trailing,26.97,,,,,,,,,,-0.7,hard_sl,32.3,,,,,,,-0.7,hard_sl,32.3,,,,7.1615,,0.2361,26.97,-0.0279,30.57,,,,,,,,,,,,,,,False,,,,False,,,2026-08-06T03:47:07.449913,-0.09,,,,,,,,,2026-08-06T03:47:07,2026-08-06T03:48:00.964331,SPIKE_LOCK L1,TAKER,TAKER,True,
72,,RESOLVUSDT,SHORT,CLOSED,0.01748,0.01742,0.01737,807.289785071,20.0,16145.79570142,923672.522964531,STRONG_BUY,0.024,0.1223,0.0278,62.52,42.63,18.9815,19.3766,1.4944,1.5171,BEARISH,0.0108,,18.111443611377755,16.86044553573038,32.30653630479182,35.02079114777385,45.70890512647744,0.078,55.0,59.9,False,False,False,True,True,False,False,False,False,True,False,False,False,False,False,False,False,,,,,2.9024,50.0,27.3,90.2,-0.3951,0.0,HEALTHY_BEAR,CHOPPY_WEAK,,-0.0898,29.675801945256858,22.457610294637107,0.741,-0.3778,,-0.4858,1.613,-0.0954,,2026-08-06T00:17:58.784225,,8072897.85071,104,421.4,,False,0.15,0.1962,0.15,0.2534,0.15,0.2534,25106.46991048877,16145.79570142,True,,-0.0723,,,,,,,,,7.265608065638999,7.240668907518959,14.50627697315796,40.91407440471164,0.2534038901601691,0.6540417620137197,-0.08999999999999998,0.01748,0.01735,0.0,,,2026-08-06T00:23:08.123503,,,NEVER,1,0.45,,True,,0.0,False,,,,2.0,1.0,SPIKE_FADE,False,,,0,,29.9104,-1.5396,True,,,,,0.01774,0.01739,2026-08-06T01:03:14.886332,2026-08-06T00:31:01.279051,0.4249,-1.5774,6.51,38.74,,,-0.376,,,,,,,,,,,,,,,SPIKE_FADE,2026-08-06T00:24:30.868934,0.0816,,,,-0.2044,-0.1472,-0.0328,-0.8909,-0.2616,2026-08-06T00:18:24.698130,,,,,,2026-08-06T00:31:58.753393,0.1388,2026-08-06T00:31:49.688502,0.1388,2026-08-06T00:31:58.753393,0.1388,,,,,2026-08-06T00:24:30.868934,0.0816,2026-08-06T00:24:30.868934,0.0816,0.3468,trailing,2.64,,,,,,,,,,-0.7,hard_sl,16.32,,,,,,,-0.7,hard_sl,16.32,,,,30.1345,,0.2534,6.53,-0.09,6.57,,,,,,,,,,,,,,atr,False,,,,False,,,2026-08-06T00:21:45.634904,0.4251,,,,,,,,,2026-08-06T00:17:50,2026-08-06T00:24:30.406131,RUNNER_TRAIL,TAKER,TAKER,True,
71,,1000XECUSDT,SHORT,CLOSED,0.006479,0.00639,0.006384,357.545517104,20.0,7150.91034208,1103705.8715974686,STRONG_BUY,0.4145,0.2274,0.1438,78.04,52.03,17.7427,14.7718,1.309,1.3264,BEARISH,0.1819,,15.818164007080194,14.796418278475084,39.87738377406423,36.71786697277091,48.63681397319101,0.0773,58.0,59.9,False,False,False,True,False,False,False,False,False,True,False,False,False,False,False,False,False,,,,,3.13,31.8,43.2,94.2,2.9709,1.0,CHOPPY_WEAK,CHOPPY_WEAK,,-0.0726,46.02620392997007,12.844233921872702,0.4047,-0.0093,,0.0937,1.7028,-0.054,,2026-08-06T00:07:24.305670,,3575455.17104,155,1784.7,,False,0.12,0.5431,0.12,0.5431,0.12,0.5431,25330.33291618841,7150.91034208,True,,-0.0726,,,,,,,,,3.217909653936,3.1737062337785207,6.39161588771452,91.83820668446077,1.2842869269949149,1.5159083191850715,-0.09000000000000001,0.006479,0.006375,0.0,,,2026-08-06T00:07:37.145616,,,NEVER,1,0.45,,True,,0.0,False,,,,2.0,1.0,SPIKE_FADE,False,,,0,,7.346,-0.3659,False,,,,,0.006397,0.006297,2026-08-06T00:07:58.895123,2026-08-06T00:24:43.967792,2.7191,1.1756,16.98,0.23,,,1.8702,,,,,,,,,,,,,,,SPIKE_FADE,,,,,,1.6541,1.4226,2.148,2.5339,2.2252,2026-08-06T00:07:24.305641,,2026-08-06T00:07:32.608690,,,,2026-08-06T00:34:16.806160,2.256,2026-08-06T00:09:30.760600,1.3608,2026-08-06T00:34:16.806160,2.256,2026-08-06T00:34:15.798579,2.2406,2026-08-06T00:34:15.798579,2.2406,2026-08-06T00:34:15.798579,2.2406,2026-08-06T00:34:15.798579,2.2406,1.2659,trailing,0.39,,,,,,,,,,1.8702,window,,,,,,,,1.8702,window,,,,,8.9314,,1.2843,0.34,1.8393,5.37,,,,,,,,,,,,,,atr,False,,,,False,,,,,,,,,,,,,2026-08-06T00:07:17,2026-08-06T00:07:44.817392,RUNNER_TRAIL,TAKER,TAKER,True,
70,,SANDUSDT,SHORT,CLOSED,0.04183,0.04209,0.04198,406.180028325,20.0,8123.6005665,194205.12948840545,STRONG_BUY,0.0184,0.0379,0.0037,66.36,30.87,27.9592,28.9265,0.4233,0.4251,BEARISH,-0.0012,,15.818164007080194,14.796418278475084,39.87738377406423,36.71786697277091,48.63681397319101,0.0773,58.0,59.9,False,False,False,False,False,False,False,False,False,False,False,False,False,False,False,False,False,,,,,3.3624,31.8,43.2,81.6,-0.9673,1.0,CHOPPY_WEAK,CHOPPY_WEAK,,-0.0726,35.589233704308256,26.099049565079763,0.1961,-0.0755,,-0.1003,0.4669,-0.054,,,,4061800.28325,144,2025.7,,False,,,,,,,25330.33291618841,8123.6005665,True,,-0.072,,,,,,,,,3.655620254925,3.6783422550751435,7.333962510000143,-57.827296176986195,-0.7118431747549683,0.0,-0.7118431747549683,0.04183,0.04183,0.0,,,,2026-08-06T00:09:46.830696,,NEVER,1,0.45,,True,,0.0,False,,,,2.0,1.0,SPIKE_FADE,False,,,0,,32.5068,-0.4236,False,,,,,0.04224,0.0417,2026-08-06T00:11:11.531994,2026-08-06T00:22:00.784751,0.2208,-1.0702,12.22,1.4,,,0.1969,,,,,,,,,,,,,,,SPIKE_FADE,,,,,,-0.8311,-0.9506,-0.7594,0.0056,0.0534,,,,,,,,,,,,,,,,,,,,,0.1969,window,,,,,,,,,,,0.1969,window,,,,,,,,0.1969,window,,,,,,,0.1969,,0.1969,,,,,,,,,,,,,,,,False,,,,False,,,2026-08-06T00:07:57.882451,-0.4248,2026-08-06T00:09:29.748369,-0.3053,,,,,,,2026-08-06T00:07:11,2026-08-06T00:09:46.833391,STOP_LOSS L1,TAKER,TAKER,True,
69,,ETHFIUSDT,SHORT,CLOSED,0.3672,0.3702,0.3672,673.682441968,20.0,13473.648839360001,36692.94346230937,STRONG_BUY,0.0248,0.0516,0.0043,65.33,38.37,19.1182,16.1887,0.6048,0.6085,BEARISH,0.0093,,14.566287981799418,14.657417220396889,34.7929353657582,35.81684562700879,47.39960384650159,0.0777,59.4,64.5,False,False,False,True,False,False,False,False,False,True,False,False,False,True,False,False,True,,,,,4.2457,27.3,56.8,53.9,2.9295,0.0,CHOPPY_WEAK,CHOPPY_WEAK,,-0.0734,48.0895244885838,13.092159978343085,0.3463,-0.1124,,-0.1716,0.6647,-0.0824,,,,13473648.83936,75,870.3,,False,,,,,,,25340.85195271169,13473.648839360001,True,,-0.0734,,,,,,,,,6.063141977712,6.1126774513861175,12.175819429098118,-122.25464981602428,-0.9073611111110966,0.0,-0.9073611111110966,0.3672,0.3672,0.0,,,,2026-08-05T22:58:58.147988,,NEVER,1,0.45,,True,,0.0,False,,,,2.0,1.0,SPIKE_FADE,False,,,0,,20.6822,-0.4517,False,,,,,0.372,0.3672,2026-08-05T23:05:45.006730,2026-08-05T23:05:05.747398,-0.09,-1.3972,6.12,6.77,,,-0.9887,,,,,,,,,,,,,,,SPIKE_FADE,,,,,,-0.7436,-0.7708,-0.1717,-1.2066,-0.8253,,,,,,,,,,,,,,,,,,,,,-0.9887,window,,,,,,,,,,,-0.9887,window,,,,,,,,-0.9887,window,,,,,,,-0.9887,,-0.9887,,,,,,,,,,,,,,,,False,,,,False,,,,,,,,,,,,,2026-08-05T22:58:51,2026-08-05T22:58:58.151718,STOP_LOSS L1,TAKER,TAKER,True,
68,,WLFIUSDT,SHORT,CLOSED,0.05383,0.05349,0.05353,860.9946283415002,20.0,17219.892566830003,319893.97300445853,STRONG_BUY,0.1534,0.0727,0.0542,76.09,49.71,14.0592,11.6999,0.418,0.4198,BEARISH,0.0605,,19.232055714266597,19.774118840501306,38.94764492376402,41.702845840793074,43.058460263983484,0.0866,61.5,64.5,False,False,False,True,False,False,False,False,False,True,False,False,False,False,False,False,False,,,,,1.8775,27.3,50.0,90.2,2.3593,0.0,HEALTHY_BEAR,CHOPPY_WEAK,,-0.0654,38.63793430352333,14.755152996427775,0.1943,-0.006,,0.0206,0.5472,-0.0474,,2026-08-05T22:59:17.219293,,17219892.56683,63,347.6,,False,30.96,0.1516,31.2,0.1702,32.09,0.3003,25340.85195271169,17219.892566830003,True,,-0.0744,,,,,,,,,7.748951655073501,7.70000787720382,15.448959532277321,93.31499128923858,0.5419022849712056,0.653414452907309,-0.44312186513095997,0.05383,0.05343,0.0,,,2026-08-05T23:00:32.186994,2026-08-05T22:32:37.964512,,NEVER,1,0.45,,False,,0.0,False,,,,2.0,1.0,SPIKE_FADE,False,,,0,,5.4711,0.1787,True,,,,,0.05354,0.05341,2026-08-05T23:01:09.043933,2026-08-05T23:12:03.743782,0.6902,0.4487,11.52,0.61,0.0,0.5416,0.5602,0.0,0.0,0.5416,,,,,,,,,,,,SPIKE_FADE,2026-08-05T23:15:31.663394,0.5788,,,,0.5045,0.5788,0.523,0.5416,0.5973,2026-08-05T23:00:31.327330,,,,,,,,,,,,,,,,,,,,0.5416,signal_lost,32.33,,,,,,,,,,0.5416,signal_lost,32.33,,,,,,,0.5416,signal_lost,32.33,,,,5.6291,,0.5419,32.32,0.5416,32.33,,,,,,,,,,,,,,atr,False,,,,False,,,2026-08-05T22:29:04.573433,-0.2201,2026-08-05T22:49:00.290006,-0.1458,,,,,,,2026-08-05T22:28:05,2026-08-05T23:00:32.191855,RUNNER_TRAIL,TAKER,TAKER,True,
67,,ARCUSDT,SHORT,CLOSED,0.05148,0.0518,0.05178,250.463190205,20.0,5009.2638041,97305.0466996892,STRONG_BUY,0.1317,0.1354,0.0429,66.62,47.04,22.6731,21.664,0.9307,0.9394,BEARISH,0.0721,,21.066735769654947,21.03402588932696,42.30732668480742,36.45030012053337,35.62743041869763,0.0962,63.2,64.5,False,False,False,True,False,False,False,False,False,True,True,False,False,False,False,False,True,,,,,2.1095,20.5,63.6,99.0,1.0091,0.0,HEALTHY_BEAR,HEALTHY_BEAR,,-0.0438,33.93344456070637,16.045266952105482,0.4132,-0.1752,,-0.1553,1.1195,-0.0387,,,,2504631.90205,191,565.4,,False,,,,,,,25589.952872262893,5009.2638041,True,,-0.0438,,,,,,,,,2.254168711845,2.2681806385697554,4.522349350414755,-35.65996429431538,-0.7118803418803434,0.0,-0.7118803418803434,0.05148,0.05148,0.0,,,,2026-08-05T22:10:28.508216,,NEVER,1,0.45,,True,,0.0,False,,,,2.0,1.0,SPIKE_FADE,False,,,0,,27.9951,-0.2108,True,,,,,0.05218,0.05143,2026-08-05T22:10:55.138219,2026-08-05T22:25:13.115291,0.0071,-1.4498,14.74,0.44,,,-1.0807,,,,,,,,,,,,,,,SPIKE_FADE,2026-08-05T22:25:54.358772,-0.1677,,,,-0.8864,-0.8087,-0.4979,-0.0317,-0.7699,,,,,,,,,,,,,,,,,,,,,-1.0807,window,,,,,,,,,,,-1.0807,window,,,,,,,,-1.0807,window,,,,,,,-1.0807,,-1.0807,,,,,,,,,,,,,,,,False,,,,False,,,,,,,,,,,,,2026-08-05T22:09:54,2026-08-05T22:10:28.519312,STOP_LOSS L1,TAKER,TAKER,True,
66,,PIPPINUSDT,SHORT,CLOSED,0.01729,0.0174,0.01739,748.4455762969999,20.0,14968.911525939999,865755.4381688837,STRONG_BUY,0.3698,0.2506,0.1178,72.94,40.7,27.3627,26.2832,1.8393,1.8738,BEARISH,0.1415,,9.842718622174761,10.064633023895679,46.57411102243868,44.41293100502403,58.25868674988549,0.1887,59.3,58.2,False,True,False,False,False,False,False,False,False,True,True,False,False,False,False,False,True,,,,,2.7901,15.9,65.9,90.9,1.0795,4.0,CHOPPY_WEAK,CHOPPY_WEAK,,0.1517,40.56443059411573,16.812650352188403,0.6447,-0.2436,,-0.2103,2.2494,-0.1102,,,,7484455.76297,99,558.2,,False,,,,,,,26351.817657851505,14968.911525939999,True,,0.1517,,,,,,,,,6.736010186672999,6.778865080862358,13.514875267535357,-108.74797346611169,-0.726492192018502,0.0,-0.726492192018502,0.01729,0.01728,0.0,,,,2026-08-05T16:02:28.929491,,NEVER,1,0.45,,True,,0.0,False,,,,2.0,1.0,SPIKE_FADE,False,,,0,,0.8299,0.0687,False,,,,,0.01743,0.01703,2026-08-05T16:02:36.947900,2026-08-05T16:15:50.967115,,,,,,,,,,,,,,,,,,,,,,SPIKE_FADE,,,,,,-0.2635,0.0257,0.4305,,,,,,,,,,,,,,,,,,,,,,,,,,,,,,,,,,,,,,,,,,,,,,,,,,,,,,,,,,,,,,,,,,,,,,False,,,,False,,,,,,,,,,,,,2026-08-05T16:01:51,2026-08-05T16:02:28.938403,STOP_LOSS L1,TAKER,TAKER,True,
65,,KAITOUSDT,LONG,CLOSED,0.9376,0.93,0.9304,329.6649405982021,1.0,329.6649405982021,351.6050987608811,VERY_STRONG,0.1719,0.0294,0.0383,54.63,53.91,22.983,23.7307,0.0886,0.0887,BULLISH,0.0886,0.0444,24.6579,25.5816,59.9,53.5,40.4,0.2055,60.9,58.1,False,False,False,False,False,False,False,False,False,False,False,False,False,False,False,False,False,UNMATCHED,,,1.2187,0.4707,35.6,53.3,39.8,-0.7477,2.0,HEALTHY_BULL,HEALTHY_BULL,,0.0386,20.130849273070012,15.416191984798658,0.6001,0.2666,-0.001102,0.4807,0.1565,0.2601,0.0654,,,35076304.68712,43,531.0,,False,,,,,,,329.6649405982021,35076.30468712,False,,0.1333,2026-08-05T14:01:57.587994,-0.2712,2026-08-05T14:15:20.323555,-0.6337,2026-08-05T14:02:02.052824,-0.3778,2026-08-05T14:15:28.633706,-0.6337,0.14834922326919095,0.14714673383142876,0.2954959571006197,-2.967694707683295,-0.9002154436860005,0.13387531996586932,-0.9002154436860005,0.9397,0.9376,0.0,0.3025,0.163,2026-08-05T14:05:51.670177,2026-08-05T14:16:51.022349,-0.3819,ENDED_NEG,1,0.45,,False,,0.0213,False,,,,0.5,0.05,GAPMIN_PROBE,False,-0.2712324018771368,,0,,-0.3819,-0.2768,True,,,,,0.9332,0.9244,2026-08-05T14:28:24.591041,2026-08-05T15:01:21.333969,-0.5593,-1.4978,11.55,44.5,0.0,-1.0606,-1.4659,0.0,1.06,-1.0179,21.21,-1.1885,,,0.0,-1.0606,-0.3778396970989799,2026-08-05T14:10:04.032717,,,False,MOMENTUM,2026-08-05T14:31:16.715736,-0.8792,,,,-1.0179,-1.3379,-1.2312,-0.8046,-1.2525,,,,,,,,,,,,,,,,,,,,,-1.4659,window,,,,,,,,,,,-1.4659,window,,,,,,,,-1.4659,window,,,,,,,-1.4659,,-1.4659,,,,,,,,,,,,,,0.2919161772748503,,False,,,,False,,,,,,,,,-0.2819,6.14,-0.3778,9.22,2026-08-05T14:00:50,2026-08-05T14:16:51.024779,STOP_LOSS L1,TAKER_FALLBACK,TAKER,True,
64,,BICOUSDT,LONG,CLOSED,0.0236,0.02363,0.02371,680.403611931815,20.0,13608.072238636301,576613.2304506907,STRONG_BUY,0.3027,0.1051,0.1658,51.82,53.51,15.9477,17.0744,0.012,0.012,BULLISH,0.1572,0.0696,30.8514,30.3111,63.5,63.4,79.4,0.1161,60.6,49.0,False,False,False,False,False,False,True,False,False,True,False,True,False,False,False,False,True,,,,0.89,0.7315,55.6,28.9,70.6,-1.1267,3.0,STRONG_BULL,STRONG_BULL,,0.1984,21.549680242892315,20.996443066868224,1.5216,-0.5515,-4.1e-05,-1.0148,0.283,0.0942,0.0277,2026-08-05T12:51:51.477689,0.06406144067797562,133557065.9101,16,1042.0,,False,0.18,-0.1901,0.39,-0.1901,1.2,0.0641,13608.072238636301,133557.0659101,False,,0.1879,2026-08-05T12:51:28.608415,-0.1054,,,2026-08-05T12:51:28.608415,-0.1054,,,2.4494530029545345,6.131416785997421,8.580869788951954,8.717527124570061,0.06406144067797562,0.8264300847457705,-0.1900614406779609,0.02381,0.0236,0.0,0.4739,0.1551,2026-08-05T12:54:08.884492,2026-08-05T12:52:01.496638,-0.6668,ENDED_NEG,1,0.45,,False,,-0.5478,False,,,,2.0,1.0,NONEXP_CALM3D,True,-0.1053538135593203,,0,,-0.2842,0.1551,False,,,,,0.02407,0.02291,2026-08-05T12:58:52.897407,2026-08-05T13:32:17.166466,1.9285,-2.9867,4.61,38.01,0.01,0.1912,-2.2664,0.0,0.01,0.1912,9.49,-0.9105,,,7.95,-0.5715,,,,,False,MOMENTUM,2026-08-05T13:00:06.938202,0.6997,,,,0.2336,0.7421,0.8268,-0.8681,-1.5037,2026-08-05T12:53:06.841732,0.19112288135593655,,,,,2026-08-05T12:54:21.221461,0.2336,2026-08-05T12:54:21.221461,0.2336,2026-08-05T12:54:21.221461,0.2336,2026-08-05T12:54:21.221461,0.2336,2026-08-05T12:54:36.429895,0.2336,2026-08-05T12:54:36.429895,0.2336,2026-08-05T12:55:06.919716,0.276,0.5341,trailing,2.21,,,,,,,,,,0.53,stretch,2.21,,,,,,,0.1912,signal_lost,2.81,,,,1.2527,0.4739,0.0641,2.79,0.1912,2.81,,,,,,,,,,,,,0.4739334626920921,lock,False,,,,False,,,,,,,,,-0.063,0.01,,,2026-08-05T12:51:28,2026-08-05T12:54:16.234362,RUNNER_TRAIL,MAKER,TAKER,True,
63,,PUMPUSDT,LONG,CLOSED,0.002538,0.00255,0.002551,1360.8072238636294,20.0,27216.144477272588,10723461.180958467,VERY_STRONG,0.5123,0.1224,0.1925,59.64,68.36,30.0025,29.9011,0.0441,0.0442,BULLISH,0.2016,0.0856,30.3445,29.7653,62.0,70.6,79.0,0.125,60.3,49.0,False,False,False,False,False,False,False,False,False,False,False,True,False,True,False,False,True,,,,1.0108,1.086,53.3,28.9,52.4,0.1014,3.0,STRONG_BULL,HEALTHY_BEAR,,0.1918,28.1502163250389,14.722127863230378,0.6772,0.453,-4.1e-05,0.7461,0.3595,0.0916,0.0257,2026-08-05T12:47:04.966430,0.06753349093775009,168070730.388139,12,391.2,,False,0.52,-0.9171,0.52,-0.9171,31.75,0.2251,27216.144477272588,168070.73038813903,False,,0.0575,2026-08-05T12:51:01.075282,-0.4445,,,2026-08-05T12:52:01.684180,-0.6414,,,12.247265014772664,12.305171705149842,24.552436719922504,104.12909745158223,0.38260047281325027,1.0915011820331,-0.9170508274231581,0.002568,0.002538,0.0,0.7525,0.5943,2026-08-05T13:23:51.545467,2026-08-05T12:53:46.215600,-0.6104,RECOVERED,1,0.45,,True,,0.0,False,,,,2.0,1.0,NONEXP_CALM3D,False,-0.4444503546099249,,0,,0.052,0.5943,True,,,,,0.002586,0.002524,2026-08-05T13:53:28.217444,2026-08-05T13:32:22.231723,1.8013,-0.6416,28.35,7.25,7.78,-0.4052,0.4222,0.4616,7.78,-0.4052,,,,,7.78,-0.4052,-0.6019838455476749,2026-08-05T12:56:05.886109,,,False,MOMENTUM,2026-08-05T13:25:07.248030,0.3828,,,,0.0282,0.2252,-0.2082,0.2646,1.092,2026-08-05T13:18:19.204662,,2026-08-05T13:22:41.186182,0.4613672182821168,2026-08-05T13:10:52.028908,-0.2082,2026-08-05T13:25:47.531425,0.107,2026-08-05T13:25:39.475084,0.2252,2026-08-05T13:25:46.522397,0.1464,2026-08-05T13:25:52.568968,0.107,2026-08-05T13:25:52.568968,0.107,2026-08-05T13:25:52.568968,0.107,2026-08-05T13:26:13.774536,0.107,0.3295,trailing,32.21,,,,,,,,,,0.422,stretch,34.1,,,,,,,0.2646,stretch,38.89,,,,1.0187,0.8178,0.2251,32.22,0.3826,38.53,,,,,,,,,,,,,0.7791036924667395,atr,False,,,,False,,,2026-08-05T13:00:06.931888,-0.6808,,,2026-08-05T13:10:52.028693,-0.2082,-0.1688,29.49,-0.7595,7.99,2026-08-05T12:46:34,2026-08-05T13:25:06.183037,RUNNER_TRAIL,TAKER_FALLBACK,TAKER,True,
62,,WLDUSDT,LONG,CLOSED,0.3214,0.3194,0.3196,1360.8072238636294,20.0,27216.144477272588,84679.97659387861,STRONG_BUY,0.2132,0.0582,0.0867,56.54,66.02,18.5414,18.9141,0.0375,-0.0375,BULLISH,0.088,0.0988,29.7113,27.9111,69.3,71.6,62.4,0.1223,61.8,49.0,False,False,False,False,False,True,False,False,False,True,False,False,False,False,False,False,False,,,,1.1528,1.2732,57.8,28.9,62.5,-0.3728,2.0,STRONG_BULL,CHOPPY_FLAT,,0.1877,25.913466724983714,19.67056321112554,0.2843,0.0198,-4.1e-05,0.0486,0.1073,0.2018,0.0345,,,81925247.9088,21,1108.0,,False,,,,,,,27216.144477272588,81925.24790880001,False,,0.1439,2026-08-05T12:45:16.783906,-0.3699,2026-08-05T12:57:01.320580,-0.4632,2026-08-05T12:45:19.417296,-0.4321,,,12.247265014772664,12.171053035838174,24.418318050610836,-193.77827123836823,-0.7119975108898575,0.0,-0.7119975108898575,0.3216,0.3214,0.0,,,,2026-08-05T13:07:33.167440,-0.2365,ENDED_NEG,1,0.45,,False,,0.1558,False,,,,2.0,1.0,NONEXP_CALM3D,False,-0.3698988799004393,,0,,-0.2365,-0.1035,True,,,,,0.3199,0.3128,2026-08-05T13:08:46.415208,2026-08-05T13:36:39.858983,-0.5567,-2.7658,1.21,29.11,0.0,-0.7123,-1.8324,0.0,0.0,-0.7123,6.97,-1.2101,,,0.0,-0.7123,-0.6497977598008786,2026-08-05T12:54:33.909991,,,False,MOMENTUM,2026-08-05T13:07:33.698556,-0.7123,,,,-0.6189,-0.65,-1.0234,-1.0545,-2.3613,,,,,,,,,,,,,,,,,,,,,-1.8324,window,,,,,,,,,,,-1.8324,window,,,,,,,,-1.8324,window,,,,,,,-1.8324,,-1.8324,,,,,,,,,,,,,,0.14917059423362966,,False,,,,False,,,2026-08-05T13:00:06.928783,-0.4321,,,,,-0.2144,3.09,-0.6187,25.24,2026-08-05T12:41:37,2026-08-05T13:07:33.170166,STOP_LOSS L1,TAKER_FALLBACK,TAKER,True,
61,,EVAAUSDT,SHORT,CLOSED,0.8786,0.9048,0.8786,414.467427622,20.0,8289.34855244,9434.724052401547,STRONG_BUY,0.3945,0.2577,0.1201,76.45,37.71,16.5354,12.4633,1.9655,2.0049,NEUTRAL,0.159,,10.916225582837908,11.474933777603722,47.20315238442731,48.83153466417967,48.74084488244779,0.0661,52.2,51.1,False,False,False,True,False,False,False,False,False,True,False,False,False,False,False,False,False,,,,,5.1664,33.3,44.4,43.5,4.0721,2.0,CHOPPY_WEAK,CHOPPY_WEAK,,-0.0334,64.85120109314231,11.681444774913484,0.89,-0.1174,,-0.0567,2.3906,-0.0165,,,,4144674.27622,133,306.0,,False,,,,,,,29193.66263865595,8289.34855244,True,,-0.0334,,,,,,,,,3.7302068485980002,3.8414422451758137,7.571649093773814,-254.76141926669436,-3.073358752560892,0.0,-3.073358752560892,0.8786,0.8786,0.0,,,,2026-08-05T10:00:45.687942,,NEVER,1,0.45,,True,,0.0,False,,,,2.0,1.0,SPIKE_FADE,False,,,0,,-0.6336,0.0504,False,,,,,0.9202,0.8731,2026-08-05T10:00:56.489208,2026-08-05T10:14:32.553326,0.536,-4.8248,13.77,0.17,,,-1.9566,,,,,,,,,,,,,,,SPIKE_FADE,,,,,,-2.1842,-1.968,-2.5029,0.0921,-0.3745,,,,,,,,,2026-08-05T10:15:10.883388,0.0466,,,2026-08-05T10:15:07.869219,0.0352,,,2026-08-05T10:15:07.869219,0.0352,2026-08-05T10:15:25.960823,0.0921,0.286,trailing,13.95,,,,,,,,,,-0.7,hard_sl,17.13,,,,,,,-0.7,hard_sl,17.13,,,,2.9741,,0.0466,14.34,-0.3859,16.6,,,,,,,,,,,,,,,False,,,,False,,,2026-08-05T10:00:40.391926,-0.09,,,,,,,,,2026-08-05T10:00:38,2026-08-05T10:00:45.691057,STOP_LOSS L1,TAKER,TAKER,True,
60,,LDOUSDT,LONG,CLOSED,0.29560000000000003,0.2928,0.293,370.1043769084696,1.0,370.1043769084696,1252.0445768216155,VERY_STRONG,0.5703,0.0823,0.1753,64.39,60.78,34.0627,34.9994,0.1831,0.1835,BULLISH,0.2265,0.0327,21.2067,21.3923,57.3,56.8,52.5,0.0873,55.1,52.7,False,False,False,False,False,False,False,False,False,False,False,False,False,False,False,False,False,UNMATCHED,,,0.7105,0.5954,45.5,25.0,82.4,-0.9367,2.0,HEALTHY_BULL,CHOPPY_FLAT,,-0.0197,23.481320698883536,15.048627496247406,0.6514,1.1563,1.5e-05,1.6462,0.4417,0.0767,0.0483,2026-08-05T08:36:58.179102,0.07225710419484298,57898335.8834,31,1414.1,,False,1.07,-1.0098,1.07,-1.0098,1.69,-1.0098,370.1043769084696,57898.3358834,False,,-0.0255,2026-08-05T08:42:00.378546,-0.4688,,,2026-08-05T08:42:15.890150,-0.7731,,,0.06661878784352453,0.16496939344201605,0.2315881812855406,-3.7373129963860947,-1.0097997293640135,0.30895703653585577,-1.0097997293640135,0.2967,0.29560000000000003,0.0,0.4409,0.3197,2026-08-05T08:37:35.271559,2026-08-05T08:42:25.174458,-0.7154,ENDED_NEG,1,0.45,,True,,-0.0338,False,,,,0.5,0.05,ADXMAX_PROBE,False,-0.46877131258458526,,0,,-0.7154,0.1231,True,,,,,0.2947,0.2902,2026-08-05T08:58:18.944505,2026-08-05T09:14:14.467390,-0.3675,-1.8898,15.88,31.81,1.22,-0.9764,-1.45,0.0,0.01,-0.9426,22.64,-0.8749,,,1.22,-0.9764,,,,,False,MOMENTUM,2026-08-05T08:42:26.360357,-0.9426,,,,-0.9764,-0.8411,-0.8749,-0.5366,-1.45,,,,,,,,,,,,,,,,,,,,,-1.45,window,,,,,,,,,,,-1.45,window,,,,,,,,-1.45,window,,,,,,,-1.45,,-1.45,,,,,,,,,,,,,,0.4524393257451559,,False,,,,False,,,2026-08-05T08:41:32.298685,-0.3673,,,,,-0.2659,4.69,-0.6717,6.22,2026-08-05T08:35:54,2026-08-05T08:42:25.176860,STOP_LOSS_WIDE L1,MAKER,TAKER,True,
59,,XMRUSDT,LONG,CLOSED,352.26,351.11,351.11,740.2087538169392,20.0,14804.175076338783,42.026273424001545,STRONG_BUY,0.1299,0.064,0.0378,28.05,64.06,19.8883,18.1372,0.6039,-0.6003,BULLISH,-0.0335,,25.331208556580773,25.328540002165084,57.18899241685305,56.791441389647126,64.46458141547296,0.0812,58.7,58.7,False,False,False,False,False,False,False,False,False,False,False,False,False,False,False,True,True,,,,,3.6548,59.1,22.7,0.5,1.7511,1.0,HEALTHY_BULL,HEALTHY_BEAR,,0.0986,18.235703885351228,45.36131409417982,0.2165,-0.0144,,-0.0328,-0.7015,0.0198,,,,21926246.96,51,2374.9,,False,0.26,-0.5468,,,,,14804.175076338783,21926.24696,False,,-0.0493,2026-08-05T06:01:13.113086,-0.1297,,,2026-08-05T06:01:13.113086,-0.1297,,,6.661878784352452,6.640130187855532,13.302008972207984,-61.63222340980881,-0.4163164991767381,0.17389073411684744,-0.5468430988474461,353.19,352.26,0.0,,,2026-08-05T06:01:28.890945,2026-08-05T08:33:47.791004,-0.7418,ENDED_NEG,1,0.45,,False,,0.0,False,,,,1.0,1.0,SPIKE_BOUNCE,False,,,0,,-1.0316,-0.0552,True,,,,,352.31,350.43,2026-08-05T09:46:10.234363,2026-08-05T09:05:45.719282,-0.0758,-0.6095,44.94,4.53,0.0,-0.4165,-0.0786,0.0,,,,,,,0.0,-0.4165,-0.12972548685629542,2026-08-05T06:01:13.114597,,,,SPIKE_BOUNCE,2026-08-05T09:01:13.860954,-0.4165,,,,-0.4392,-0.5385,-0.5896,-0.4874,-0.4136,,,,,2026-08-05T07:01:25.349835,0.0405,,,,,,,,,,,,,,,-0.0786,window,,,,,,,,,,,-0.0786,window,,,,,,,,-0.0786,window,,,,,,,-0.0786,,-0.0786,,,,,,,,,,,,,,,,False,,,,False,,,2026-08-05T06:02:06.968265,-0.1695,2026-08-05T06:05:09.016575,-0.3284,2026-08-05T07:01:25.349594,0.0405,,,,,2026-08-05T06:01:13,2026-08-05T09:01:13.516981,NO_EXPANSION,TAKER,TAKER,True,
58,,RECALLUSDT,SHORT,CLOSED,0.04028,0.04031,0.04029,212.40769092799997,20.0,4248.153818559999,105465.58635948358,STRONG_BUY,0.1354,0.105,0.035,72.48,43.29,16.1617,14.8549,0.7607,0.7665,BEARISH,0.0669,,29.881336952195287,30.51570654919015,39.3076242216708,38.42823261908845,33.17029350352132,0.1204,53.2,60.9,False,True,False,False,False,False,False,False,False,True,False,False,False,False,False,False,False,,,,,1.8951,40.0,51.1,95.4,1.3068,0.0,STRONG_BEAR,HEALTHY_BEAR,,-0.0449,33.67464961179654,16.90683427352178,0.3851,0.0086,,0.1149,0.9077,-0.1072,,2026-08-05T04:00:05.625655,0.08386171797418225,2124076.90928,200,293.6,,False,11.17,-0.1645,11.24,-0.1645,,,28122.465889400984,4248.153818559999,True,,-0.0605,,,,,,,,,1.9116692183519997,1.9130930037678522,3.824762222119852,-6.988729812903864,-0.1645121648460658,0.28256082423039786,-0.33837388282024805,0.04028,0.04013,0.0,,,2026-08-05T04:00:35.189694,2026-08-05T03:56:28.646502,,NEVER,1,0.45,,True,,0.0,False,,,,2.0,1.0,SPIKE_FADE,False,,,0,,45.3859,-2.8658,True,,,,,0.0412,0.04022,2026-08-05T04:43:25.593914,2026-08-05T04:21:59.193779,0.059,-2.374,16.15,37.59,,,-1.6789,,,,,,,,,,,,,,,SPIKE_FADE,2026-08-05T04:30:30.312537,-0.6362,,,,-0.3631,-0.6362,-0.2638,-0.0403,-0.5865,,,,,,,,,,,,,,,,,,,,,-1.6789,window,,,,,,,,,,,-1.6789,window,,,,,,,,-1.6789,window,,,,,,,-1.6789,,-1.6789,,,,,,,,,,,,,,,,False,,,,False,,,,,,,,,,,,,2026-08-05T03:48:51,2026-08-05T04:05:49.920020,SPIKE_LOCK L1,TAKER,TAKER,True,
57,,AAVEUSDT,LONG,CLOSED,91.14,91.72,91.73,1484.1638341036692,20.0,29683.27668207338,325.68879396613323,VERY_STRONG,0.3965,0.0976,0.1548,65.27,65.76,31.6141,30.3344,0.0553,0.0553,BULLISH,0.1621,0.0541,32.3897,31.7596,61.4,62.7,60.0,0.1219,62.1,60.1,False,False,False,False,False,False,False,False,False,False,False,True,False,False,False,False,True,,,,0.7429,0.6649,75.6,15.6,90.1,1.2797,3.0,STRONG_BULL,HEALTHY_BULL,,0.1953,30.02404460251471,10.480615141380985,0.2654,0.259,0.0001,0.3462,0.3081,0.0744,0.111,2026-08-05T05:02:00.736501,,67622933.885,26,2118.8,,False,11.67,-0.5616,132.81,0.1842,134.87,0.3048,29683.27668207338,67622.933885,False,,0.0809,2026-08-05T03:16:40.501689,-0.2106,2026-08-05T03:28:52.010653,-0.3861,2026-08-05T03:18:59.158857,-0.3532,,,13.357474506933022,13.442479282158184,26.799953789091205,162.0995467112655,0.546097213078778,0.8202770463023901,-0.5615893131446201,91.97,91.14,0.0,0.2394,0.2429,2026-08-05T05:27:02.768206,2026-08-05T03:55:33.008002,-0.2076,ENDED_NEG,1,0.45,,True,,0.0439,False,,,,2.0,1.0,NONEXP_CALM3D,False,-0.2106391266183887,,0,,-0.0507,0.261,True,,,,,92.07,91.57,2026-08-05T06:13:26.165413,2026-08-05T05:32:36.668862,0.9304,0.3818,44.95,4.13,,,0.9085,,3.64,0.4476,3.64,0.4476,,,,,-0.4628845731841161,2026-08-05T03:19:37.334625,,,False,MOMENTUM,2026-08-05T06:02:06.972633,0.6451,,,,0.4586,0.4806,0.4696,0.6671,0.7219,2026-08-05T05:07:00.686153,,,,2026-08-05T03:20:31.807799,-0.4958,,,,,,,,,,,,,,,0.5703,trailing,159.11,,,,,,,,,,0.4035,stretch,139.61,,,,,,,0.6448,stretch,158.86,,,,0.393,0.393,0.4364,138.32,0.5461,159.26,,,,,,,,,,,,,0.4040588483548888,atr,False,,,,False,,,2026-08-05T03:05:16.731006,-0.1668,2026-08-05T03:08:23.991235,0.0197,2026-08-05T03:20:31.807561,-0.4958,-0.101,13.65,-0.1997,28.9,2026-08-05T02:49:12,2026-08-05T05:28:28.527422,RUNNER_TRAIL,TAKER_FALLBACK,TAKER,True,
56,,WLDUSDT,LONG,CLOSED,0.3195,0.3174,0.3175,1484.1638341036692,20.0,29683.27668207338,92905.40432573829,VERY_STRONG,0.1758,0.0372,0.0828,55.03,53.58,28.8247,29.4048,0.0009,0.0009,BULLISH,0.0444,0.0669,28.9225,27.829,65.8,64.4,68.1,0.1364,62.3,60.1,False,False,False,False,False,True,False,False,False,True,False,False,False,False,False,False,False,,,,0.7465,0.7741,62.2,24.4,75.5,-0.58,2.0,STRONG_BULL,CHOPPY_FLAT,,0.1696,18.289515421470785,11.870143215638914,0.3443,-0.0435,0.0001,-0.1126,0.121,0.169,0.1121,2026-08-05T02:32:33.864137,0.09342410015649466,98240249.5114,20,1107.6,,False,2.86,-0.72,3.33,-0.72,4.66,-0.72,29683.27668207338,98240.2495114,False,,0.1495,2026-08-05T02:55:31.093592,0.0621,,,2026-08-05T03:04:00.999373,-0.0004,,,5.342989802773209,13.2696788998452,18.612668702618407,-213.71401778666797,-0.7199812206572741,0.43755712050077944,-0.7199812206572741,0.3211,0.3195,0.0,0.2538,-0.0202,2026-08-05T03:08:24.495454,2026-08-05T03:18:59.714159,-0.7447,ENDED_NEG,1,0.45,,False,,-0.0313,False,,,,2.0,1.0,NONEXP_CALM3D,False,0.06213928012519921,,0,,-0.7447,-0.1295,True,,,,,0.3226,0.3163,2026-08-05T03:44:20.530988,2026-08-05T03:26:16.639229,0.9073,-1.0646,25.33,7.26,0.01,-0.689,0.1248,0.0,0.01,-0.689,8.19,-1.0333,,,0.01,-0.689,0.03085446009388637,2026-08-05T03:16:35.352441,,,False,MOMENTUM,2026-08-05T03:19:01.769945,-0.689,,,,-0.7203,-0.689,-0.7829,-0.5638,0.4691,,,,,,,2026-08-05T03:38:26.952599,0.0309,2026-08-05T03:38:25.943365,0.0309,2026-08-05T03:38:28.967232,0.0622,2026-08-05T03:44:46.738781,0.6882,2026-08-05T03:45:05.900032,0.5943,2026-08-05T03:45:03.884604,0.5943,2026-08-05T03:45:02.876888,0.5943,0.5317,ema13,69.63,,,,,,,,,,0.5317,ema13,69.63,,,,,,,0.5317,ema13,69.63,,,,0.8856,,0.5317,69.63,0.5317,69.63,,,,,,,,,,,,,0.3501672305125459,,False,,,,False,,,2026-08-05T03:05:16.727479,0.0934,2026-08-05T03:08:23.988424,0.375,,,0.375,12.11,-0.501,48.87,2026-08-05T02:29:14,2026-08-05T03:18:59.716320,STOP_LOSS L1,MAKER,TAKER,True,
55,,FHEUSDT,SHORT,CLOSED,0.02362,0.02349,0.02355,237.18647550400001,20.0,4743.72951008,200835.28831837428,STRONG_BUY,0.0771,0.1024,0.0112,64.72,46.34,15.2655,13.2617,0.9731,0.9827,BEARISH,0.047,,14.207878182402341,13.798457189510751,34.33461822542853,32.77647025922177,46.037310385926695,0.1149,52.4,54.7,False,False,False,True,False,False,False,False,False,True,False,False,False,False,False,False,False,,,,,2.0815,15.6,66.7,71.4,2.0038,1.0,CHOPPY_WEAK,CHOPPY_WEAK,,-0.0957,35.96419645057146,14.935073172162033,0.5769,-0.083,,-0.0342,1.0974,-0.1736,,2026-08-05T00:14:04.347539,,2371864.75504,188,479.4,,False,0.96,0.1641,0.96,0.2065,1.15,0.3336,29474.40798222227,4743.72951008,True,,-0.0994,,,,,,,,,2.134678279536,2.1229294151693754,4.257607694705376,21.850979786682913,0.46062870448771454,0.75712108382726,-0.09000000000000001,0.02362,0.02342,0.0,,,2026-08-05T00:14:16.053161,,,NEVER,1,0.45,,True,,0.0,False,,,,2.0,1.0,SPIKE_FADE,False,,,0,,28.2852,0.1122,False,,,,,0.02385,0.02335,2026-08-05T00:51:35.877046,2026-08-05T00:17:36.822464,1.0531,-1.0638,3.34,37.32,,,0.1217,,,,,,,,,,,,,,,SPIKE_FADE,,,,,,0.7144,0.8414,0.9261,0.291,-0.3864,2026-08-05T00:14:16.048880,,,,,,2026-08-05T00:21:14.354489,0.7567,2026-08-05T00:19:36.691240,0.7991,2026-08-05T00:21:14.354489,0.7567,2026-08-05T00:19:36.691240,0.7991,2026-08-05T00:21:21.392601,0.7991,2026-08-05T00:19:36.691240,0.7991,2026-08-05T00:21:24.408890,0.7144,0.5071,trailing,0.72,,,,,,,,,,-0.7,hard_sl,36.17,,,,,,,-0.7,hard_sl,36.17,,,,29.0543,,0.4606,0.72,0.418,10.67,,,,,,,,,,,,,,atr,False,,,,False,,,,,,,,,,,,,2026-08-05T00:13:07,2026-08-05T00:14:16.058506,RUNNER_TRAIL,TAKER,TAKER,True,
54,,KATUSDT,SHORT,CLOSED,0.004546,0.00451,0.004503,284.9954658452,20.0,5699.909316904,1253829.5901680598,STRONG_BUY,0.242,0.1395,0.0704,74.56,47.31,24.8177,21.4538,0.9792,0.9889,BEARISH,0.1014,,13.398657922269086,13.422333222335071,38.205915920225394,40.26463194904069,42.29410937525965,0.1234,54.7,60.6,False,False,False,True,False,False,False,False,True,True,True,False,False,False,False,False,True,,,,,5.4307,13.3,73.3,58.9,3.364,3.0,CHOPPY_WEAK,CHOPPY_WEAK,,-0.0334,67.23109869446994,12.545175000223846,0.3808,0.0474,,0.1557,1.2009,-0.1615,,2026-08-05T00:00:59.553731,,2849954.658452,165,155.8,,False,0.13,0.5702,0.13,0.5702,0.13,0.5702,29113.30506025388,5699.909316904,True,,-0.0334,,,,,,,,,2.5649591926068,2.5446471532460775,5.109606345852877,40.02825890019675,0.7022613286405539,0.9003266608007018,-0.09,0.004546,0.004501,0.0,,,2026-08-05T00:00:59.593710,,,NEVER,1,0.45,,,,0.0,False,,,,2.0,1.0,SPIKE_FADE,False,,,0,,,,False,,,,,0.004521,0.004438,2026-08-05T00:38:25.674769,2026-08-05T00:01:21.866419,2.2857,0.4599,0.36,37.43,,,1.1638,,,,,,,,,,,,,,,SPIKE_FADE,,,,,,1.4498,1.2738,1.5158,1.6918,1.6918,2026-08-05T00:00:59.553701,,,,,,2026-08-05T00:02:00.092329,1.4718,2026-08-05T00:02:07.199961,1.3618,2026-08-05T00:02:07.199961,1.3618,2026-08-05T00:02:40.354802,1.3178,2026-08-05T00:02:55.414600,1.2298,2026-08-05T00:02:36.337492,1.2958,2026-08-05T00:03:03.467160,1.2738,1.4418,trailing,0.14,,,,,,,,,,1.1638,window,,,,,,,,1.1638,window,,,,,,,0.7023,0.0,1.4938,0.27,,,,,,,,,,,,,,atr,False,,,,False,,,,,,,,,,,,,2026-08-05T00:00:52,2026-08-05T00:00:59.794173,RUNNER_TRAIL,TAKER,TAKER,True,
53,,UNIUSDT,LONG,CLOSED,3.887,3.915,3.916,363.6543548807355,1.0,363.6543548807355,93.55656158495897,VERY_STRONG,0.3087,0.0673,0.1062,64.3,59.55,33.0775,32.7948,0.1278,0.128,BULLISH,0.1202,0.0595,21.79,22.1497,61.2,58.9,63.0,0.1574,64.3,56.5,False,False,False,False,False,False,False,False,False,False,False,False,False,False,False,False,False,UNMATCHED,,,0.7279,0.3439,53.3,35.6,85.5,0.2826,4.0,HEALTHY_BULL,HEALTHY_BULL,,0.2208,30.134897459670672,13.937635073730808,0.3512,0.2923,5e-05,0.4857,0.3017,0.1165,0.1302,2026-08-04T19:04:24.312439,0.09129122716747576,82582173.368,22,2146.5,,False,18.56,0.0656,18.56,0.0656,21.25,0.2713,363.6543548807355,82582.173368,False,,0.2176,,,,,,,,,0.0654577838785324,0.16482327237230146,0.23028105625083387,2.3893026681280194,0.6570257267815802,1.0170385901723646,-0.16586081811165432,3.929,3.887,0.0,0.4864,0.3937,2026-08-04T19:21:02.718797,2026-08-04T18:48:28.969750,-0.0094,RECOVERED,1,0.45,,True,,-0.0257,False,,,,0.5,0.05,ADXMAX_PROBE,False,,,0,,0.0965,0.4276,True,,,,,3.919,3.875,2026-08-04T19:39:11.579278,2026-08-04T20:05:09.728668,0.7603,-0.3717,15.95,41.92,25.99,0.1428,0.0142,0.4001,22.95,0.2457,24.48,0.1428,,,25.99,0.1428,,,,,False,MOMENTUM,2026-08-04T19:56:14.544170,-0.0115,,,,0.4773,0.3229,0.2457,0.4515,0.0656,2026-08-04T19:10:08.019336,,2026-08-04T19:21:02.718845,,,,,,,,,,,,,,,,,,0.0142,window,,,,,,,,,,,0.0142,window,,,,,,,,0.0142,window,,,,,,0.4864,0.0142,,0.0142,,,,,,,,,,,,,,0.48644312538207124,atr,False,,,,False,,,,,,,,,0.0399,15.4,,,2026-08-04T18:45:51,2026-08-04T19:23:14.806397,RUNNER_TRAIL,MAKER,TAKER,True,
52,,SPELLUSDT,SHORT,CLOSED,7.85e-05,7.9e-05,7.87e-05,114.48775693262,20.0,2289.7551386524,29168855.269457325,STRONG_BUY,0.0836,0.075,0.0259,70.93,37.76,14.2743,11.6624,0.5705,0.5738,BEARISH,0.0317,,31.06328750429849,31.747184856487596,35.17761493916039,35.467625890051536,60.04386926225554,0.1745,51.2,51.1,False,False,False,False,False,False,False,False,False,False,False,False,False,False,False,False,False,,,,,3.4096,24.4,71.1,75.0,2.612,2.0,STRONG_BEAR,STRONG_BEAR,,0.0582,37.62590901109989,13.141061152349149,0.3328,-0.1541,,-0.1632,0.6752,-0.2657,,,,1144877.5693262,285,1429.3,,False,,,,,,,29209.023811536674,2289.7551386524,True,,0.0582,,,,,,,,,1.03038981239358,1.0369528048292078,2.0673426172227876,-16.651770251951408,-0.7272292993630555,0.0,-0.7272292993630555,7.85e-05,7.85e-05,0.0,,,,2026-08-04T14:03:40.791070,,NEVER,1,0.45,,False,,0.0,False,,,,2.0,1.0,SPIKE_FADE,False,,,0,,16.474,0.1392,False,,,,,7.95e-05,7.78e-05,2026-08-04T14:03:59.260009,2026-08-04T14:17:51.427134,,,,,,,,,,,,,,,,,,,,,,SPIKE_FADE,,,,,,-0.2174,-0.2174,0.1648,0.6743,,,,,,,,,,,,,,,,,,,,,,,,,,,,,,,,,,,,,,,,,,,,,,,,,,,,,,,,,,,,,,,,,,,,,False,,,,False,,,,,,,,,,,,,2026-08-04T14:03:17,2026-08-04T14:03:40.794283,STOP_LOSS L1,TAKER,TAKER,True,
51,,HYPEUSDT,LONG,CLOSED,55.675,55.34,55.368,1557.9217974909595,20.0,31158.43594981919,559.648602601153,VERY_STRONG,0.0933,0.0129,0.0234,53.55,64.47,23.2062,22.6991,0.0113,-0.0113,BULLISH,0.0567,0.0624,37.499,37.0434,67.0,64.1,59.4,0.1422,63.4,58.8,False,False,False,False,False,True,False,False,False,True,False,False,False,False,False,False,False,,,,0.8338,1.0609,52.3,34.1,37.2,0.507,2.0,STRONG_BULL,STRONG_BULL,,0.1917,25.984846342303346,14.05416940490273,0.2898,0.2755,-0.000463,0.4377,0.0249,0.2006,0.1409,,,362852515.31138,5,431.1,,False,,,,,,,31158.43594981919,362852.51531138003,False,,0.1731,2026-08-04T13:44:42.512852,-0.2085,,,2026-08-04T13:45:43.972614,-0.2875,,,14.021296177418636,13.936929150576514,27.95822532799515,-215.44050719937792,-0.6914355635383813,0.05721706331387651,-0.6914355635383813,55.757,55.675,0.0,0.2577,0.0981,2026-08-04T13:42:42.036803,2026-08-04T13:47:48.066255,-0.465,ENDED_NEG,1,0.45,,False,,0.1223,False,,,,2.0,1.0,NONEXP_CALM3D,False,-0.20849178266725715,,0,,-0.465,-0.0627,True,,,,,55.523,55.038,2026-08-04T14:08:17.923645,2026-08-04T14:22:02.803101,-0.363,-1.2341,20.5,34.25,38.11,-1.1246,-0.848,0.0,38.11,-1.1246,,,,,38.11,-1.1246,-0.5352418500224473,2026-08-04T13:46:57.642975,,,False,MOMENTUM,2026-08-04T14:25:54.598893,-1.1246,,,,-0.8264,-0.7833,-0.936,-0.7186,-0.6342,,,,,,,,,,,,,,,,,,,,,-0.848,window,,,,,,,,,,,-0.848,window,,,,,,,,-0.848,window,,,,,,,-0.848,,-0.848,,,,,,,,,,,,,,0.25774349276990566,,False,,,,False,,,,,,,,,,,,,2026-08-04T13:41:41,2026-08-04T13:47:48.068802,STOP_LOSS L1,TAKER_FALLBACK,TAKER,True,
50,,DEXEUSDT,LONG,CLOSED,2.244,2.255,2.231,1499.4866691566067,20.0,29989.733383132134,13364.408816012536,VERY_STRONG,0.4826,0.1354,0.1666,58.57,64.53,29.9214,28.7675,0.0135,0.0135,BULLISH,0.2232,0.0509,39.4876,38.6518,64.7,60.3,52.0,0.1153,60.7,59.7,False,False,False,False,False,False,False,False,False,False,False,True,False,True,False,False,True,,,,1.2442,0.9731,47.7,36.4,63.5,1.1539,3.0,STRONG_BULL,STRONG_BULL,,0.1766,30.03867910984448,11.416245126139932,0.6776,0.415,-0.00085,0.7413,0.3159,0.1224,0.1138,,,52872649.77467,32,588.1,,False,2.7,-0.9539,6.41,-0.9539,23.13,0.2933,29989.733383132134,52872.64977467,False,,0.1763,,,,,,,,,5.398152008963784,13.56153384604872,18.959685855012502,128.04881112112108,0.42697549019606396,1.1396671122994513,-0.9538645276292343,2.271,2.244,0.0,,,,,,,1,0.45,,,,-0.0445,False,,,,2.0,1.0,NONEXP_CALM3D,False,-0.2857161319073234,,0,,,,,,,,,,,,,,,,,,,,,,,,,,,,,-0.4638890374331702,2026-08-04T13:11:20.062421,,,False,MOMENTUM,,,,,,,,,,,,,,,,,,,,,,,,,,,,,,,,,,,,,,,,,,,,,,,,,,,,,,,,,,,1.5746,,,,,,,,,,,,,,,,,0.3003666347321657,atr,False,,,,False,,,,,,,,,-0.1075,0.02,-0.4193,17.81,2026-08-04T12:53:31,2026-08-04T13:16:39.206910,RUNNER_TRAIL,MAKER,TAKER,True,
49,,HYPEUSDT,LONG,CLOSED,55.58,55.729,55.808,1513.624953580234,20.0,30272.49907160468,544.6653305434452,VERY_STRONG,0.2089,0.0136,0.0663,58.55,59.09,30.0775,31.2712,0.0208,-0.0208,BULLISH,0.0735,0.0599,37.8534,36.5295,65.9,70.8,54.7,0.1116,60.4,59.7,False,False,False,False,False,True,False,False,False,True,False,False,False,False,False,False,False,,,,1.2586,0.7698,63.6,27.3,64.1,-1.1937,2.0,STRONG_BULL,STRONG_BULL,,0.172,24.66663849708336,18.39695426605586,0.252,0.4417,-0.00085,0.6294,0.0591,0.1321,0.1121,2026-08-04T12:55:19.947605,0.09885588341130519,365749374.5947,4,431.1,,False,10.72,-0.2788,10.72,-0.2788,49.43,0.205,30272.49907160468,365749.3745947,False,,0.1654,2026-08-04T12:44:38.600428,-0.1457,2026-08-04T13:13:50.678613,-0.1295,2026-08-04T12:46:01.649661,-0.25,,,5.449049832888843,13.659144392635044,19.10819422552389,62.04694002544994,0.20496140698093007,0.4585356243252955,-0.2788078445483941,55.87,55.58,0.0,0.5015,0.061,2026-08-04T13:34:03.719581,2026-08-04T13:10:20.309250,-0.2415,RECOVERED,1,0.45,,True,,-0.0018,False,,,,2.0,1.0,NONEXP_CALM3D,False,-0.14572634041021837,,0,,0.2109,0.1,True,,,,,55.757,55.155,2026-08-04T13:42:42.302977,2026-08-04T14:00:33.428678,0.2555,-0.8277,7.22,25.07,11.47,-0.3383,-0.7449,0.2555,18.49,-0.7269,13.23,-0.6531,,,11.47,-0.3383,-0.259025458798132,2026-08-04T12:46:24.924334,,,False,MOMENTUM,2026-08-04T13:51:38.503046,-0.6082,,,,0.1133,-0.063,-0.063,-0.4876,-0.4031,,,,,,,,,,,,,,,,,,,,,0.2085,trailing,50.8,,,,,,,,,,0.2445,stretch,50.79,,,,,,,-0.3383,ema13,62.32,,,,0.5015,0.5015,0.3308,49.64,0.205,50.8,,,,,,,,,,,,,0.47833023914050454,atr,False,,,,False,,,2026-08-04T13:23:09.055647,-0.0774,2026-08-04T13:33:42.521033,0.1834,,,-0.259,1.79,-0.1493,24.89,2026-08-04T12:44:37,2026-08-04T13:35:26.665709,RUNNER_TRAIL,MAKER,TAKER,True,
48,,GTCUSDT,LONG,CLOSED,0.07605,0.07576,0.07576,100.6807264851,20.0,2013.6145297019998,26477.508608836288,STRONG_BUY,0.075,0.0887,0.0188,66.79,41.89,18.4535,17.2942,0.8122,0.8189,BULLISH,0.0429,,38.31782047080419,38.0648184906536,62.06066843362304,73.70684720660819,63.60317585750995,0.1069,57.2,59.7,False,False,False,False,False,False,False,False,False,False,False,True,False,False,False,False,True,,,,,2.2787,65.9,27.3,98.4,1.1594,1.0,STRONG_BULL,CHOPPY_FLAT,,0.1728,34.077428527784,16.96530140584583,0.3835,-0.2085,,-0.3003,0.9272,0.0567,,,,1006807.264851,322,1968.2,68.09,False,,,,,,,30333.92689157718,2013.614529702,True,,0.1318,,,,,,,,,0.9061265383658998,0.9026712234924466,1.8087977618583464,-9.4872752584212,-0.47115647600264615,0.015146614069686714,-0.47115647600264615,0.07613,0.07605,0.0,,,,,,NEVER,1,0.45,,True,,0.0,False,,,,2.0,1.0,SPIKE_CHASE,False,,,0,,-55.8132,0.6832,True,,,,,0.07603,0.07541,2026-08-04T12:36:16.521716,2026-08-04T13:15:21.175344,-0.1163,-0.9316,1.87,40.94,,,-0.7212,,,,,,,,,,,,,,,SPIKE_CHASE,2026-08-04T12:34:24.598276,-0.4713,,,,-0.4713,-0.1952,-0.4582,-0.4319,-0.616,,,,,,,,,,,,,,,,,,,,,-0.7212,window,,,,,,,,,,,-0.7212,window,,,,,,,,-0.7212,window,,,,,,,-0.7212,,-0.7212,,,,,,,,,,,,,,,,False,,,,False,,,,,,,,,,,,,2026-08-04T12:04:23,2026-08-04T12:34:23.982628,SPIKE_STALE,TAKER,TAKER,True,
47,,RAREUSDT,LONG,CLOSED,0.01171,0.01182,0.01184,201.314160821,20.0,4026.28321642,343832.8963637916,STRONG_BUY,0.3583,0.1776,0.1137,18.51,53.88,20.3203,16.253,1.126,-1.1135,BULLISH,-0.139,,36.71514304285193,35.24580554809916,77.51554514018379,77.36536088076491,65.94279828677493,0.1059,60.0,55.5,False,False,False,False,False,True,False,False,False,True,False,False,False,False,False,False,False,,,,,4.8608,65.9,27.3,4.5,4.0673,4.0,BULL_EXHAUSTED,BULL_EXHAUSTED,,0.1563,7.602079439098672,49.12014459883164,0.2967,-0.071,,-0.2053,-1.4013,0.2208,,2026-08-04T11:51:41.855786,,2013141.60821,219,719.0,,False,0.15,0.1661,0.15,0.1661,0.46,0.3368,15015.67697138852,4026.28321642,True,,0.1766,,,,,,,,,1.811827447389,1.8288471757590077,3.6406746231480076,34.180943976869315,0.848945345858247,1.0196626814688294,-0.09,0.01184,0.01171,0.0,,,2026-08-04T11:56:18.421552,,,NEVER,1,0.45,,True,,0.0,False,,,,1.0,1.0,SPIKE_BOUNCE,False,,,0,,-14.9228,0.4661,True,,,,,0.01183,0.01177,2026-08-04T11:57:10.419228,2026-08-04T12:21:46.280167,0.9348,0.4224,0.83,25.42,,,0.6786,,,,,,,,,,,,,,,SPIKE_BOUNCE,2026-08-04T12:15:43.117688,0.6786,,,,0.764,0.8494,0.6786,0.8494,0.5078,2026-08-04T11:52:12.147312,,2026-08-04T11:56:18.421627,,,,2026-08-04T12:00:14.852101,0.764,2026-08-04T12:00:13.845728,0.764,2026-08-04T12:00:14.852101,0.764,2026-08-04T12:00:18.880802,0.6786,2026-08-04T12:00:20.897991,0.6786,2026-08-04T12:00:32.969427,0.764,2026-08-04T12:00:20.897991,0.6786,0.7697,trailing,4.72,,,,,,,,,,0.6786,window,,,,,,,,0.6786,window,,,,,-14.8256,,0.8489,4.64,0.6786,8.58,,,,,,,,,,,,,,atr,False,,,,False,,,,,,,,,,,,,2026-08-04T11:51:33,2026-08-04T11:56:20.466687,RUNNER_TRAIL,TAKER,TAKER,True,
46,,ONDOUSDT,LONG,CLOSED,0.37060000000000004,0.3736,0.3732,1410.240721134463,20.0,28204.814422689262,76105.81333699207,VERY_STRONG,0.3226,0.0612,0.1286,57.2,58.57,22.5833,22.809,0.0507,-0.0507,BULLISH,0.111,0.0477,28.2451,27.7043,61.0,62.8,72.1,0.0994,54.1,55.5,False,False,False,False,False,False,False,False,False,False,False,False,False,False,False,False,False,,,,0.705,1.0138,61.4,31.8,53.5,-0.2257,4.0,STRONG_BULL,STRONG_BULL,,0.0539,30.62894404419637,20.56905887406403,0.3276,0.1725,-0.00085,0.2685,0.1391,0.0698,0.0364,2026-08-04T11:22:47.399942,0.09882676740419155,46819153.58878,34,926.9,,False,3.87,-0.1439,3.87,-0.1439,11.92,0.1258,28204.814422689262,46819.15358878,False,,0.0811,2026-08-04T11:24:12.490869,-0.1439,,,,,,,5.076866596084067,12.794909338215106,17.871775934299173,210.445664076673,0.7461338370210325,1.0967584997301594,-0.14391338370211074,0.3749,0.37060000000000004,0.0,0.8848,0.1959,2026-08-04T11:33:15.661813,2026-08-04T11:24:12.495801,-0.1719,RECOVERED,1,0.45,,True,,-0.027,False,,,,2.0,1.0,NONEXP_CALM3D,False,-0.14391338370211074,,0,,0.5399,0.1959,True,,,,,0.374,0.3709,2026-08-04T11:33:19.203829,2026-08-04T12:14:21.205222,0.8544,0.0179,0.01,41.04,37.64,0.2608,0.0989,0.8544,7.1,0.2878,5.32,0.2878,,,37.64,0.2608,,,,,False,MOMENTUM,2026-08-04T12:15:43.117688,0.0989,,,,0.4767,0.5036,0.3417,0.5576,0.3687,2026-08-04T11:32:50.278949,,2026-08-04T11:33:15.642402,,,,2026-08-04T12:00:10.824811,0.4497,2026-08-04T11:33:49.354609,0.5576,2026-08-04T11:33:49.354609,0.5576,2026-08-04T11:34:05.462656,0.4497,2026-08-04T11:34:06.467289,0.4767,2026-08-04T11:34:04.455268,0.4497,2026-08-04T11:34:19.527921,0.4767,0.604,trailing,14.07,,,,,,,,,,0.6386,stretch,14.6,,,,,,,0.2608,ema13,51.97,,,,0.8848,0.8848,0.3416,13.86,0.7461,14.28,,,,,,,,,,,,,0.6735612329702944,atr,False,,,,False,,,,,,,,,-0.1439,5.39,,,2026-08-04T11:18:55,2026-08-04T11:33:15.668281,RUNNER_TRAIL,MAKER,TAKER,True,
45,,FRAXUSDT,SHORT,CLOSED,0.27,0.2718,0.27,111.73401170000002,20.0,2234.6802340000004,8276.59345925926,STRONG_BUY,0.2834,0.1285,0.1002,75.97,49.52,19.1779,16.4364,0.7571,0.7629,BEARISH,0.1025,,16.372188830728376,16.383092952629045,48.8469139911362,36.283811557761844,49.954869061059696,0.0727,49.4,50.5,False,False,False,True,False,False,False,False,False,True,False,False,False,False,False,False,False,,,,,5.1323,36.4,40.9,100.0,2.7414,2.0,CHOPPY_WEAK,CHOPPY_WEAK,,-0.1154,46.213277675195705,13.487355521430752,0.2437,-0.0525,,-0.0278,0.9935,0.02,,,,1117340.117,303,201.1,,False,,,,,,,28323.997368502598,2234.6802340000004,True,,-0.1154,,,,,,,,,1.0056061053,1.012310146002,2.017916251302,-16.915784477968405,-0.7569666666666548,0.0,-0.7569666666666548,0.27,0.27,0.0,,,,2026-08-04T10:24:05.225927,,NEVER,1,0.45,,,,0.0,False,,,,2.0,1.0,SPIKE_FADE,False,,,0,,,,False,,,,,0.2731,0.2691,2026-08-04T10:25:35.979726,2026-08-04T11:08:40.125978,0.2433,-1.2381,44.57,1.51,,,0.2433,,,,,,,,,,,,,,,SPIKE_FADE,,,,,,-0.9048,-0.6826,-0.8307,-0.09,-0.127,,,,,,,,,,,,,,,,,,,,,0.2433,window,,,,,,,,,,,0.2433,window,,,,,,,,0.2433,window,,,,,,,0.2433,,0.2433,,,,,,,,,,,,,,,,False,,,,False,,,,,,,,,,,,,2026-08-04T10:23:58,2026-08-04T10:24:05.231123,STOP_LOSS L1,TAKER,TAKER,True,
44,,KSMUSDT,SHORT,CLOSED,3.146,3.129,3.126,241.86808000000002,20.0,4837.3616,1537.6228862047044,STRONG_BUY,0.2983,0.1693,0.1092,76.22,44.68,27.29,25.4571,1.0716,1.0832,NEUTRAL,0.1182,,20.047892011327356,20.73009101019435,46.245752950855525,52.038435499322524,45.84701548518448,0.0872,52.6,53.2,False,False,False,False,False,False,False,False,False,False,True,False,False,False,False,False,True,,,,,4.6413,52.3,29.5,100.0,1.8329,3.0,CHOPPY_FLAT,CHOPPY_FLAT,,-0.0765,44.165892809060395,14.286399249244585,0.3077,-0.1304,,-0.1282,1.3649,-0.0187,,2026-08-04T08:10:48.120427,,2418680.8,196,2120.0,,False,0.15,0.1008,0.15,0.1008,0.43,0.228,28499.315385575097,4837.3616,True,,-0.0816,,,,,,,,,2.17681272,2.165049904920534,4.341862624920534,21.797726440559295,0.4506118881118851,0.6096153846153781,-0.09,3.146,3.124,0.0,,,2026-08-04T08:11:22.111198,,,NEVER,1,0.45,,False,,0.0,False,,,,2.0,1.0,SPIKE_FADE,False,,,0,,90.7539,-0.0986,False,,,,,3.178,3.124,2026-08-04T08:49:59.513419,2026-08-04T08:12:06.483943,0.6093,-1.1072,0.43,38.31,0.01,0.4504,-0.7257,0.0,,,,,,,,,,,,,,SPIKE_FADE,,,,,,0.4504,0.0371,-0.0264,0.1961,-0.5032,2026-08-04T08:11:14.217782,,,,,,2026-08-04T08:12:47.713876,0.1961,2026-08-04T08:12:24.590447,0.3868,2026-08-04T08:12:48.718970,0.1961,2026-08-04T08:12:47.713876,0.1961,2026-08-04T08:12:48.718970,0.1961,2026-08-04T08:12:47.713876,0.1961,2026-08-04T08:13:19.175918,0.0371,0.4504,signal_lost,0.89,,,,,,,,,,0.4504,signal_lost,0.89,,,,,,,0.4504,signal_lost,0.89,,,,91.0592,,0.4506,0.87,0.4504,0.89,,,,,,,,,,,,,,atr,False,,,,False,,,2026-08-04T08:10:40.721951,-0.09,,,,,,,,,2026-08-04T08:10:39,2026-08-04T08:11:40.421493,RUNNER_TRAIL,TAKER,TAKER,True,
43,,1000LUNCUSDT,SHORT,CLOSED,0.05041,0.05019,0.05018,514.190581486,20.0,10283.811629720001,204003.40467605635,STRONG_BUY,0.1173,0.0849,0.034,73.74,38.8,18.4414,16.3235,0.621,0.6249,BEARISH,0.0551,,25.27685434741585,23.452075725220904,26.979857825611646,30.89334619019661,35.63040046610496,0.0779,50.4,52.9,False,False,False,False,False,False,False,False,False,False,False,False,False,False,False,False,False,,,,,4.308,29.5,63.6,100.0,2.1178,0.0,HEALTHY_BEAR,BEAR_EXHAUSTED,,-0.1111,40.018462132943675,14.811385824056039,0.2129,-0.0249,,-0.0085,0.7445,-0.1743,,2026-08-04T07:20:07.739148,,5141905.81486,126,1426.0,,False,5.5,0.168,5.5,0.2077,5.5,0.2474,28140.269393345232,10283.811629720001,True,,-0.1519,,,,,,,,,4.627715233374,4.6075188963110705,9.235234129685072,35.64551489904832,0.3466177345764826,0.46569529855187947,-0.4075401706010583,0.05041,0.05013,0.0,,,2026-08-04T07:21:07.330760,2026-08-04T07:18:14.935403,,NEVER,1,0.45,,True,,0.0,False,,,,2.0,1.0,SPIKE_FADE,False,,,0,,61.3891,-0.8584,True,,,,,0.05092,0.05006,2026-08-04T07:51:53.128221,2026-08-04T07:24:01.414747,0.6043,-1.1017,2.12,29.99,,,-0.5661,,,,,,,,,,,,,,,SPIKE_FADE,2026-08-04T07:35:28.675877,-0.3479,,,,0.4059,0.4456,0.3663,-0.209,-1.1017,,,,,,,,,2026-08-04T07:25:10.126792,0.3663,2026-08-04T07:25:13.149555,0.3663,2026-08-04T07:33:03.638168,0.0489,,,2026-08-04T07:33:03.638168,0.0489,2026-08-04T07:33:03.638168,0.0489,0.3543,trailing,12.17,,,,,,,,,,-0.7,hard_sl,27.71,,,,,,,-0.7,hard_sl,27.71,,,,61.8082,,0.3466,7.11,0.3663,10.39,,,,,,,,,,,,,,atr,False,,,,False,,,,,,,,,,,,,2026-08-04T07:14:38,2026-08-04T07:21:53.129052,RUNNER_TRAIL,TAKER,TAKER,True,
42,,SNXUSDT,SHORT,CLOSED,0.2173,0.2158,0.2156,449.729069531,20.0,8994.58139062,41392.45922972849,STRONG_BUY,0.1827,0.0953,0.0533,77.11,45.13,20.023,18.3157,0.6222,0.626,BEARISH,0.0791,,15.334590557349006,16.212383151763756,43.79923352429912,42.92854442229327,42.870723650048106,0.0946,56.9,56.7,False,True,False,True,False,False,False,False,True,True,False,False,False,False,False,False,False,,,,,3.3328,25.0,52.3,96.7,1.7073,0.0,CHOPPY_WEAK,HEALTHY_BEAR,,0.0502,41.40227649512456,16.8211944786678,0.2342,0.0529,,0.1357,0.7757,-0.0544,,2026-08-04T06:28:33.116317,,4497290.69531,136,2181.0,,False,23.42,0.1402,24.25,0.1862,25.84,0.1862,27643.559882588488,8994.58139062,True,,-0.0709,,,,,,,,,4.047561625779,4.019621715798933,8.067183341577934,54.02150550301485,0.6006005522319381,0.7387206626783233,-0.5964404049700955,0.2173,0.2155,0.0,,,2026-08-04T06:58:03.313289,2026-08-04T06:06:10.673984,,NEVER,1,0.45,,True,,0.0,False,,,,2.0,1.0,SPIKE_FADE,False,,,0,,1.4252,0.0321,True,,,,,0.2159,0.2149,2026-08-04T07:32:59.590503,2026-08-04T07:18:13.426015,1.0145,0.5543,19.46,34.23,,,0.9224,,0.0,0.7383,,,,,,,,,,,,SPIKE_FADE,,,,,,0.7383,0.7844,0.7383,0.8764,0.7844,2026-08-04T06:40:43.632559,,,,,,,,,,,,,,,,,,2026-08-04T07:33:20.734520,0.6003,0.7645,trailing,86.26,,,,,,,,,,0.9224,window,,,,,,,,0.9224,window,,,,,1.85,,0.6006,54.27,0.6923,86.26,,,,,,,,,,,,,,atr,False,,,,False,,,2026-08-04T06:07:10.371587,-0.3662,2026-08-04T06:14:24.178942,-0.09,,,,,,,2026-08-04T06:04:18,2026-08-04T06:58:45.350153,RUNNER_TRAIL,TAKER,TAKER,True,
41,,IOUSDT,LONG,CLOSED,0.1253,0.1257,0.1259,194.06081467500002,20.0,3881.2162935000006,30975.389413407825,STRONG_BUY,0.3437,0.1939,0.107,21.17,57.8,19.7327,15.6036,1.2339,-1.2189,BULLISH,-0.1441,,32.82368373374296,32.579647871548374,59.86797465008876,58.94857864117389,53.49728122628317,0.1279,59.7,60.3,False,False,False,False,False,False,False,False,False,False,False,True,False,False,False,False,True,,,,,5.0868,52.3,40.9,37.2,4.1291,3.0,STRONG_BULL,STRONG_BULL,,0.181,8.68201569238105,56.6233647568768,0.4585,-0.0606,,-0.1926,-1.5159,0.0487,,2026-08-04T03:01:59.275949,0.06954509177973321,1940608.14675,225,783.5,,False,2.05,-0.0102,2.05,-0.0102,2.47,0.2291,14170.722144935571,3881.2162935,True,,0.1792,,,,,,,,,1.7465473320750002,1.7521229021694138,3.498670234244414,8.89148553111907,0.2290901835594664,0.46840782122905517,-0.488862729449322,0.126,0.1253,0.0,,,2026-08-04T03:02:24.185798,2026-08-04T03:00:25.250684,,NEVER,1,0.45,,False,,0.0,False,,,,1.0,1.0,SPIKE_BOUNCE,False,,,0,,-33.2994,-0.2827,True,,,,,0.1264,0.1253,2026-08-04T03:04:33.230482,2026-08-04T03:38:21.404781,0.7879,-0.09,2.05,35.86,0.01,0.2292,0.0696,0.0,,,,,,,0.01,0.2292,,,,,,SPIKE_BOUNCE,2026-08-04T03:11:49.973890,0.4687,,,,0.4687,0.7081,0.7081,0.4687,0.0696,,,,,,,2026-08-04T03:11:49.973890,0.4687,2026-08-04T03:09:02.946285,0.5485,2026-08-04T03:09:04.979836,0.5485,2026-08-04T03:09:02.946285,0.5485,2026-08-04T03:09:04.979836,0.5485,2026-08-04T03:17:45.849027,0.2292,2026-08-04T03:11:49.973890,0.4687,0.2292,ema13,2.43,,,,,,,,,,0.2292,ema13,2.43,,,,,,,0.2292,ema13,2.43,,,,-32.5612,,0.2291,2.41,0.2292,2.43,,,,,,,,,,,,,,atr,False,,,,False,,,,,,,,,,,,,2026-08-04T02:59:56,2026-08-04T03:02:29.311617,RUNNER_TRAIL,TAKER,TAKER,True,
40,,GPSUSDT,LONG,CLOSED,0.009185,0.009332,0.009332,100.13468964567676,20.0,2002.6937929135352,218039.6072850882,STRONG_BUY,0.2206,0.1146,0.0744,70.26,46.68,16.1578,14.332,0.7921,0.7984,BULLISH,0.0825,,33.069673440922266,32.33665470563584,62.077000801098656,65.54184279168084,56.67131041628316,0.1332,60.2,60.3,False,False,False,False,False,False,False,True,False,True,False,True,False,False,False,False,True,,,,,1.7944,56.8,36.4,92.0,1.8258,1.0,STRONG_BULL,CHOPPY_FLAT,,0.1861,36.35570194307883,15.620792718794393,0.3876,-0.0185,,0.0022,0.989,0.0742,,,,6251335.284834,115,532.4,83.2,True,,,,,,,2002.6937929135352,12502.670569668,False,,0.104,,,,,,,,,0.9012122068110908,0.9156355268329993,1.81684773364409,30.23497453726378,1.5097152966793637,2.2823669025585134,0.0,0.009403,0.009185,0.0,,,,,,NEVER,1,0.45,,,,0.0,False,,,,2.0,1.0,SPIKE_CHASE,True,,,0,,,,True,,,,,0.009347,0.00926,2026-08-04T03:38:42.656377,2026-08-04T03:56:45.459116,1.6737,0.7265,7.08,25.13,,,1.0423,,,,,,,,,,,,,,,SPIKE_CHASE,2026-08-04T03:31:37.768384,1.5104,,,,1.6302,1.5213,1.4778,1.2927,1.162,,,,,,,2026-08-04T03:39:21.186289,1.456,2026-08-04T03:39:22.199564,1.456,2026-08-04T03:39:36.364021,1.4887,2026-08-04T03:39:22.199564,1.456,2026-08-04T03:39:46.483485,1.4233,2026-08-04T03:40:02.834796,1.3036,2026-08-04T03:39:47.495166,1.4233,1.4237,trailing,8.09,,,,,,,,,,1.0423,window,,,,,,,,1.0423,window,,,,,,,1.0423,,1.0423,,,,,,,,,,,,,,,,False,,,,False,,,,,,,,,,,,,2026-08-04T02:52:18,2026-08-04T03:31:37.114999,SPIKE_RSI_COOL,TAKER,TAKER,True,
39,,ONDOUSDT,LONG,CLOSED,0.3744,0.3721,0.3724,1409.029861522081,20.0,28180.59723044162,75268.68918387184,VERY_STRONG,0.295,0.0474,0.1096,61.23,65.23,31.3629,30.9176,0.0112,-0.0112,BULLISH,0.1111,0.064,33.0697,32.3367,62.1,65.5,56.7,0.1332,60.2,60.3,False,False,False,False,False,False,False,False,False,False,False,True,False,False,False,False,True,,,,0.8813,0.6787,56.8,36.4,81.5,0.4453,2.0,STRONG_BULL,CHOPPY_FLAT,,0.1861,25.58588288960115,11.724270486505231,0.2774,0.2539,-0.000425,0.3225,0.1458,0.0742,0.1042,,,49678716.41853,35,926.6,,False,,,,,,,28180.59723044162,49678.716418530006,False,,0.1231,2026-08-04T02:56:05.966454,-0.3036,2026-08-04T03:16:57.112253,-0.4905,2026-08-04T03:12:18.923707,-0.3837,2026-08-04T03:18:07.772193,-0.6239,12.68126875369873,12.60336566039342,25.28463441409215,-198.40261953699923,-0.7040397970085535,0.0,-0.7040397970085535,0.3744,0.3744,0.0,,,,2026-08-04T03:19:10.933835,-0.2957,ENDED_NEG,1,0.45,,False,,0.0534,False,,,,2.0,1.0,NONEXP_CALM3D,False,-0.3035790598290659,,0,,-0.2957,-0.1677,True,,,,,0.3742,0.3713,2026-08-04T03:40:42.342373,2026-08-04T03:24:40.044132,-0.1434,-0.918,21.52,5.48,0.0,-0.6776,-0.8112,0.0,0.51,-0.7577,5.99,-0.8379,,,0.0,-0.6776,-0.3302764423076955,2026-08-04T03:05:07.843123,,,False,MOMENTUM,2026-08-04T03:19:11.309319,-0.6776,,,,-0.8112,-0.7844,-0.8112,-0.5975,-0.3838,,,,,,,,,,,,,,,,,,,,,-0.8112,window,,,,,,,,,,,-0.8112,window,,,,,,,,-0.8112,window,,,,,,,-0.8112,,-0.8112,,,,,,,,,,,,,,0.13781694429696897,,False,,,,False,,,2026-08-04T03:11:49.968814,-0.2502,,,,,-0.2502,1.96,-0.3036,7.42,2026-08-04T02:52:06,2026-08-04T03:19:10.936525,STOP_LOSS L1,TAKER_FALLBACK,TAKER,True,
38,,PUMPUSDT,LONG,CLOSED,0.002149,0.002172,0.002173,586.8370807738794,20.0,11736.741615477587,5461489.816415816,VERY_STRONG,0.5927,0.1205,0.2378,60.88,57.76,33.0284,32.6442,0.0326,0.0326,BULLISH,0.1912,0.057,29.8325,29.2568,64.1,64.0,76.3,0.1306,58.3,60.3,False,False,False,False,False,False,False,False,False,False,False,True,False,True,False,False,True,,,,0.9143,0.936,59.1,27.3,61.1,0.3842,2.0,STRONG_BULL,HEALTHY_BULL,,0.1477,32.71982711290578,14.692314996532922,0.5084,0.262,0.0001,0.3235,0.3913,0.0681,0.095,2026-08-04T03:30:57.779728,0.09604932526757083,83928144.237431,22,389.8,,False,69.26,0.0495,70.2,0.0495,75.05,0.0495,11736.741615477587,83928.14423743101,False,,0.1194,2026-08-04T02:25:41.995946,-0.4156,2026-08-04T02:33:01.275196,-0.6481,2026-08-04T02:29:30.371865,-0.6016,2026-08-04T03:16:19.597832,-0.5551,5.2815337269649145,5.338060146564818,10.619593873529732,114.99467190403412,0.9797836202885071,1.491419264774322,-0.69466030711959,0.002183,0.002149,0.0,1.3179,0.6304,2026-08-04T03:40:50.377148,2026-08-04T02:31:27.367234,-0.4619,RECOVERED,1,0.45,,True,,-0.1394,False,,,,2.0,1.0,NONEXP_CALM3D,True,-0.41558631921824396,,0,,0.4329,0.8245,True,1.2414,True,1.0,True,0.002205,0.002168,2026-08-04T04:18:48.182734,2026-08-04T03:46:03.919180,2.5159,0.7941,37.2,4.46,,,1.9575,,27.05,1.2129,5.33,0.9337,,,,,-0.69466030711959,2026-08-04T02:31:43.592157,,,False,MOMENTUM,2026-08-04T03:55:23.774670,1.306,,,,1.1199,0.9337,0.9803,1.4456,1.3525,2026-08-04T03:37:49.890642,,2026-08-04T03:40:35.605871,,2026-08-04T03:20:56.778681,-0.4621,2026-08-04T03:43:36.587232,0.9337,2026-08-04T03:43:36.587232,0.9337,2026-08-04T03:43:36.587232,0.9337,2026-08-04T03:43:37.598497,0.9337,2026-08-04T04:01:07.613282,1.306,2026-08-04T04:01:07.613282,1.306,2026-08-04T04:01:08.619985,1.3525,0.6368,trailing,77.48,,,,,,,,,,1.1658,stretch,80.72,,,,,,,1.9575,window,,,,,1.3179,1.3179,0.6077,77.48,0.9803,80.78,,,,,,,,,,,,,1.1821442715096022,,False,,,,False,,,2026-08-04T02:31:08.576915,-0.6016,2026-08-04T02:34:46.910128,-0.3691,2026-08-04T03:20:56.778466,-0.4621,-0.4156,5.5,-0.4156,5.5,2026-08-04T02:20:46,2026-08-04T03:41:35.907733,HARD_TP_LADDER L1,TAKER_FALLBACK,TAKER,True,
37,,ONDOUSDT,LONG,CLOSED,0.3734,0.3742,0.3744,1385.808824167759,20.0,27716.17648335518,74226.5037047541,VERY_STRONG,0.4133,0.1187,0.1665,64.65,69.51,30.8114,30.0982,0.0094,0.0094,BULLISH,0.1734,0.0712,29.2534,28.5744,65.8,71.2,78.0,0.1337,58.3,60.3,False,False,False,False,False,False,False,False,False,False,False,False,False,False,False,False,False,,,,1.1405,0.9004,63.6,27.3,86.7,0.7132,3.0,STRONG_BULL,STRONG_BULL,,0.1476,26.2339574766113,11.22078363563675,0.2965,0.0743,0.0001,0.145,0.2948,0.0943,0.0949,2026-08-04T02:34:28.642469,,50417941.62778,35,926.6,,False,18.77,-0.063,21.34,0.1244,23.43,0.1512,27716.17648335518,50417.94162778,False,,0.1686,,,,,,,,,4.988911767003932,12.499000958843542,17.487912725847472,41.89329023795339,0.15115104445633834,0.47237761114086807,-0.2771510444563532,0.3754,0.3734,0.0,0.3797,0.1331,2026-08-04T02:36:49.775296,2026-08-04T02:16:09.010019,-0.2053,ENDED_NEG,1,0.45,,True,,-0.0268,False,,,,2.0,1.0,NONEXP_CALM3D,False,,,0,,-0.0252,0.2341,True,,,,,0.3752,0.3713,2026-08-04T02:45:58.970731,2026-08-04T03:24:40.044132,0.4191,-0.6254,3.93,42.62,23.02,0.0441,-0.5183,0.4191,6.1,0.2316,9.73,0.2048,,,23.09,-0.0362,,,,,False,MOMENTUM,2026-08-04T03:11:49.973890,0.0441,,,,0.178,0.2048,0.2316,0.0441,-0.0362,,,,,,,,,,,,,,,,,,,,,0.2224,trailing,28.86,,,,,,,,,,0.3118,stretch,24.06,,,,,,,0.1779,stretch,28.87,,,,0.3797,0.3797,0.3118,24.06,0.1512,28.87,,,,,,,,,,,,,0.3796822007532869,atr,False,,,,False,,,2026-08-04T02:31:08.574343,0.0173,2026-08-04T02:34:46.907852,0.1779,,,-0.2236,3.66,,,2026-08-04T02:13:08,2026-08-04T02:42:00.654570,RUNNER_TRAIL,MAKER,TAKER,True,
36,,ATOMUSDT,LONG,CLOSED,1.366,1.369,1.37,1385.808824167759,20.0,27716.17648335518,20290.026708166308,VERY_STRONG,0.2372,0.0673,0.0944,62.48,63.69,23.8733,23.6094,0.0513,0.0513,BULLISH,0.0929,0.0826,28.6349,27.9284,64.2,70.8,72.9,0.1383,57.8,60.3,False,False,False,False,False,False,False,False,False,False,False,True,False,False,False,False,True,,,,1.2991,0.7435,65.9,25.0,81.2,0.2639,2.0,STRONG_BULL,STRONG_BULL,,0.1344,21.525989177191214,12.292106773895132,0.314,0.062,0.0001,0.1338,0.2132,0.0944,0.0924,2026-08-04T02:44:00.598334,0.056346998535871294,30231302.246,48,2369.6,,False,36.54,0.0563,36.54,0.0563,39.54,0.1295,27716.17648335518,30231.302246,False,,0.1805,2026-08-04T02:14:57.895430,-0.3827,,,2026-08-04T02:29:27.129519,-0.4559,,,12.47227941750983,12.499670953565854,24.971950371075685,35.89812975342104,0.12952049780379876,0.49538799414348517,-0.5290409956076138,1.374,1.366,0.0,0.437,0.3755,2026-08-04T02:49:50.418965,2026-08-04T02:32:46.193978,-0.1857,ENDED_NEG,1,0.45,,True,,0.0733,False,,,,2.0,1.0,NONEXP_CALM3D,False,-0.38269399707174256,,0,,-0.0485,0.3046,True,,,,,1.373,1.366,2026-08-04T03:11:19.185451,2026-08-04T02:58:30.964903,0.4224,-0.09,14.61,1.81,,,0.2028,,1.0,0.1296,22.99,0.0564,,,,,-0.45586749633968626,2026-08-04T02:29:57.682809,,,False,MOMENTUM,2026-08-04T03:11:49.973890,0.3492,,,,0.1296,-0.09,0.0564,0.3492,0.1296,,,,,,,,,2026-08-04T02:56:45.959420,0.1296,,,2026-08-04T02:56:45.959420,0.1296,,,2026-08-04T02:56:45.959420,0.1296,2026-08-04T03:34:45.317848,0.276,0.2454,trailing,48.66,,,,,,,,,,0.349,stretch,44.91,,,,,,,0.2028,window,,,,,0.437,0.437,0.2759,42.68,0.1295,49.18,,,,,,,,,,,,,0.47499217786663717,atr,False,,,,False,,,2026-08-04T02:31:08.572052,-0.3827,2026-08-04T02:34:46.904544,-0.3095,,,-0.3095,18.8,-0.3095,13.32,2026-08-04T02:07:28,2026-08-04T02:56:42.183653,RUNNER_TRAIL,TAKER_FALLBACK,TAKER,True,
35,,B2USDT,LONG,CLOSED,0.479,0.4787,0.4788,106.06733130999999,20.0,2121.3466261999997,4428.698593319415,STRONG_BUY,0.0676,0.0421,0.0335,39.26,62.55,35.1037,36.1446,0.4182,-0.4164,NEUTRAL,0.014,,13.858190835343148,14.057403992243076,51.560365304214415,55.39391071161827,34.67988650086501,0.1091,52.0,48.6,False,True,False,False,False,False,False,False,False,True,False,False,False,False,False,False,False,,,,,1.9343,29.5,50.0,36.0,-1.0409,0.0,CHOPPY_WEAK,STRONG_BULL,,-0.126,20.040822437763595,31.065584728790785,0.3453,0.2067,,0.2031,-0.425,0.0359,,2026-08-04T01:48:00.690285,0.09780688935282084,1060673.3131,330,454.5,,False,8.55,-0.1526,20.51,-0.1526,21.36,-0.1526,13858.08824167759,2121.3466261999997,True,,0.1407,,,,,,,,,0.9546059817899999,0.9540081074799017,1.9086140892699017,-3.23722366726558,-0.15260229645093257,0.4316858037578293,-0.4030114822546975,0.4815,0.479,0.0,,,2026-08-04T02:09:24.345857,2026-08-04T01:29:18.627669,,NEVER,1,0.45,,True,,0.0,False,,,,1.0,1.0,SPIKE_BOUNCE,False,,,0,,8.674,0.8644,True,,,,,0.4803,0.4767,2026-08-04T02:48:04.890684,2026-08-04T03:01:09.191431,0.1814,-0.5702,23.86,36.93,,,-0.4032,,,,,,,,,,,,,,,SPIKE_BOUNCE,,,,,,-0.1944,-0.09,-0.0274,-0.0065,-0.0691,,,,,,,,,,,,,,,,,,,,,-0.4032,window,,,,,,,,,,,-0.4032,window,,,,,,,,-0.4032,window,,,,,,,-0.4032,,-0.4032,,,,,,,,,,,,,,,,False,,,,False,,,2026-08-04T01:27:31.455312,-0.09,2026-08-04T01:29:58.640277,-0.2361,,,,,,,2026-08-04T01:27:30,2026-08-04T02:24:12.958404,SPIKE_LOCK L1,TAKER,TAKER,True,
34,,IMXUSDT,LONG,CLOSED,0.1118,0.1111,0.1116,184.33814502,20.0,3686.7629004,32976.4123470483,STRONG_BUY,0.2119,0.0928,0.0769,32.07,54.62,23.5825,21.9603,0.6592,-0.6548,BULLISH,-0.0562,,36.165086211087235,35.337869156170086,56.7925289502575,59.86058644781362,58.54005924644675,0.1508,66.2,65.8,False,False,False,False,False,False,False,False,False,False,True,True,False,False,False,False,True,,,,,2.6602,72.7,18.2,0.0,1.6222,2.0,STRONG_BULL,CHOPPY_FLAT,,0.3043,13.918870164483707,36.39394478364238,0.3151,0.1295,,0.1938,-0.8233,0.0576,,,,1843381.4502,241,1635.5,,False,,,,,,,13950.422196249325,3686.7629004,True,,0.1948,,,,,,,,,1.65904330518,1.6486557352906799,3.3076990404706796,-26.391187683404237,-0.7158363148479359,0.0,-0.7158363148479359,0.1119,0.1118,0.0,,,,2026-08-03T19:02:47.050425,,NEVER,1,0.45,,,,0.0,False,,,,1.0,1.0,SPIKE_BOUNCE,False,,,0,,,,True,,,,,0.1114,0.1107,2026-08-03T19:08:32.659423,2026-08-03T19:38:34.337027,-0.4478,-1.0739,5.75,35.78,,,-0.8056,,,,,,,,,,,,,,,SPIKE_BOUNCE,2026-08-03T19:02:47.710844,-0.7161,,,,-0.5372,-0.6267,-0.5372,-0.4478,-0.4478,,,,,,,,,,,,,,,,,,,,,-0.8056,window,,,,,,,,,,,-0.8056,window,,,,,,,,-0.8056,window,,,,,,,-0.8056,,-0.8056,,,,,,,,,,,,,,,,False,,,,False,,,2026-08-03T18:26:09.615797,-0.2688,,,,,,,,,2026-08-03T18:19:46,2026-08-03T19:02:47.053855,STOP_LOSS L1,TAKER,TAKER,True,
33,,STBLUSDT,LONG,CLOSED,0.02391,0.02389,0.02395,199.04149727600003,20.0,3980.8299455200004,166492.26037306568,STRONG_BUY,0.4143,0.1796,0.1356,19.42,49.49,14.3072,10.2499,1.1885,-1.1745,BULLISH,-0.1499,,33.25339482732983,32.794369786220436,62.50426483441972,63.96780493022209,53.852771746897254,0.2168,65.3,62.4,False,False,False,False,False,False,False,False,False,False,False,True,True,False,False,False,True,,,,,4.4493,43.2,40.9,21.5,4.0574,2.0,STRONG_BULL,STRONG_BULL,,0.5448,9.781814991650666,49.59707251502577,0.4012,-0.1777,,-0.3374,-1.4858,0.1386,,2026-08-03T16:28:30.987092,0.03541405269761095,1990414.97276,223,320.4,,False,0.19,-0.1736,0.2,-0.1736,,,13964.169794490837,3980.8299455200004,True,,0.5448,,,,,,,,,1.791373475484,1.7898750451406427,3.5812485206246425,-6.91109372808582,-0.17360936846507394,0.2026327896277734,-0.17360936846507394,0.02398,0.02391,0.0,,,2026-08-03T16:28:30.987012,2026-08-03T16:28:43.128485,,NEVER,1,0.45,,,,0.0,False,,,,1.0,1.0,SPIKE_BOUNCE,False,,,0,,,,False,,,,,0.02418,0.02388,2026-08-03T17:12:02.616244,2026-08-03T16:28:44.284567,1.0392,-0.2155,43.32,0.01,,,0.9974,,,,,,,,,,,,,,,SPIKE_BOUNCE,2026-08-03T16:42:03.014198,0.621,,,,-0.1318,0.1609,0.5792,0.6628,0.4955,,,,,,,,,2026-08-03T16:41:17.450826,0.6628,,,2026-08-03T16:41:17.450826,0.6628,,,,,,,0.6219,trailing,7.72,,,,,,,,,,0.9974,window,,,,,,,,0.9974,window,,,,,,,0.621,7.72,0.4537,27.58,,,,,,,,,,,,,,,False,,,,False,,,,,,,,,,,,,2026-08-03T16:28:19,2026-08-03T16:28:43.132073,SPIKE_LOCK L1,TAKER,TAKER,True,
32,,AVAXUSDT,LONG,CLOSED,6.522,6.52,6.52,349.10424486227095,1.0,349.10424486227095,53.52717645848987,VERY_STRONG,0.5546,0.1606,0.2059,67.72,74.24,32.123,30.092,0.1017,0.1018,BULLISH,0.2645,0.1952,23.9789,22.3271,68.8,77.2,48.1,0.2211,56.8,59.9,False,False,False,False,False,False,False,False,False,False,False,False,False,False,False,False,False,UNMATCHED,,,1.2123,1.4648,73.3,20.0,79.7,2.0309,3.0,HEALTHY_BULL,CHOPPY_FLAT,,0.3117,37.35477734380809,9.773172687214506,0.2915,0.3597,-6e-05,0.5698,0.469,0.4069,0.0718,2026-08-03T16:19:47.856623,0.0596065624041706,54496327.312,28,2140.3,,False,,,,,,,349.10424486227095,54496.327312,False,,0.4022,2026-08-03T16:28:13.394730,0.0443,,,2026-08-03T16:30:46.435700,-0.017,,,0.06283876407520878,0.15704873572920924,0.21988749980441802,-0.3269418527214335,-0.09365164060105285,0.4427520699171952,-0.4461455075130382,6.555,6.522,0.0,,,,,,ENDED_NEG,1,0.45,,False,,-0.0153,False,,,,0.5,0.05,ADXMAX_PROBE,False,-0.26223566390677555,,0,,-0.1006,-0.0625,True,,,,,6.548,6.519,2026-08-03T17:24:51.989437,2026-08-03T17:02:13.346917,0.3357,-0.109,23.43,0.79,0.0,-0.0937,0.1363,0.0,0.0,-0.0937,28.58,0.0137,,,0.0,-0.0937,-0.09365164060105285,2026-08-03T14:52:29.989820,,,True,MOMENTUM,2026-08-03T17:01:25.923394,-0.0937,,,,-0.0937,-0.063,0.0443,-0.0017,-0.0783,,,,,,,,,,,,,,,,,,,,,0.1363,window,,,,,,,,,,,0.1363,window,,,,,,,,0.1363,window,,,,,,,0.1363,,0.1363,,,,,,,,,,,,,,0.4883250029412244,,False,,,,False,,,2026-08-03T16:19:48.016836,0.0596,2026-08-03T16:20:03.275907,0.0596,,,0.0443,5.4,-0.063,42.07,2026-08-03T14:01:25,2026-08-03T17:01:25.198485,NO_EXPANSION,MAKER,TAKER,True,
31,,KASUSDT,LONG,CLOSED,0.02584,0.02597,0.02598,125.797133708,20.0,2515.94267416,97366.20256037153,STRONG_BUY,0.1399,0.0811,0.0361,27.7,56.81,22.3894,20.5643,0.6923,-0.6875,BULLISH,-0.0549,,16.207666074660843,16.319150322081487,56.742731926465154,53.707266140003696,48.06771268660995,0.1065,42.6,41.1,False,False,False,True,False,False,False,False,True,True,True,False,False,False,False,False,True,,,,,4.3296,41.3,37.0,20.5,1.8251,1.0,CHOPPY_WEAK,CHOPPY_WEAK,,0.0136,17.662435740375816,47.89473599629684,0.2618,-0.0998,,-0.2091,-0.8038,0.0779,,2026-08-03T13:05:00.077874,,2515942.67416,179,990.5,,False,1.59,0.1034,1.63,0.2195,1.64,0.2968,13913.539369159442,2515.94267416,True,,0.0097,,,,,,,,,1.132174203372,1.1378701262217819,2.270044329593782,10.387562003254677,0.41286958204335006,0.5675986842105265,-0.09,0.02601,0.02584,0.0,,,2026-08-03T13:05:02.842828,,,NEVER,1,0.45,,,,0.0,False,,,,1.0,1.0,SPIKE_BOUNCE,False,,,0,,,,True,,,,,0.02614,0.02595,2026-08-03T13:37:20.715939,2026-08-03T13:07:52.341779,,,,,,,,,,,,,,,,,,,,,,SPIKE_BOUNCE,,,,,,0.4518,0.4131,0.4518,0.9549,0.6066,2026-08-03T13:05:02.562834,,,,,,,,,,,,,,,,,,,,,,,,,,,,,,,,,,,,,,,,,,,,,,,,,,,,,,,,,,,,,,,,,,atr,False,,,,False,,,,,,,,,,,,,2026-08-03T13:03:22,2026-08-03T13:05:07.160575,RUNNER_TRAIL,TAKER,TAKER,True,
30,,ADAUSDT,LONG,CLOSED,0.1876,0.1864,0.1866,348.0611246071996,1.0,348.0611246071996,1855.3364851130043,VERY_STRONG,0.2292,0.042,0.0626,59.53,55.76,32.7043,33.3603,0.13,0.1302,BULLISH,0.0913,0.0211,22.5896,22.7503,56.9,56.8,40.9,0.1024,41.2,39.9,False,False,False,False,False,False,False,False,False,False,False,False,False,False,False,False,False,UNMATCHED,,,0.7494,0.4973,42.2,31.1,63.0,-0.656,2.0,HEALTHY_BULL,HEALTHY_BEAR,,0.0368,28.330026757909714,17.29880702201672,0.371,0.377,9.9e-05,0.592,0.2349,0.0759,-0.1013,,,216488563.428,9,2376.2,,False,,,,,,,348.0611246071996,216488.563428,False,,-0.0112,2026-08-03T11:51:47.829078,-0.3564,,,2026-08-03T11:56:03.628459,-0.463,,,0.1566275060732398,0.1556256243712788,0.31225313044451863,-2.538656912580085,-0.729371002132185,0.12312366737740484,-0.729371002132185,0.188,0.1876,0.0,0.4133,0.1578,2026-08-03T11:39:55.878301,2026-08-03T11:59:45.099233,-0.4012,ENDED_NEG,1,0.45,,False,,0.1067,False,,,,0.5,0.05,ADXMAX_PROBE,False,-0.35640458422174864,,0,,-0.4012,-0.1608,True,,,,,0.189,0.1858,2026-08-03T12:20:02.718301,2026-08-03T12:03:07.000031,0.6563,-1.0495,20.28,3.36,0.01,-0.623,0.5497,0.0,0.01,-0.623,4.81,-0.8363,,,0.01,-0.623,-0.5162473347547949,2026-08-03T11:57:34.495715,,,False,MOMENTUM,2026-08-03T11:59:46.522425,-0.623,,,,-0.623,-0.7297,-0.7297,-0.0367,-0.0367,,,,,2026-08-03T11:55:11.366593,-0.3564,2026-08-03T12:24:37.138648,0.0699,2026-08-03T12:23:08.618619,0.1765,2026-08-03T12:24:47.183477,0.0699,2026-08-03T12:23:08.618619,0.1765,2026-08-03T12:24:47.183477,0.0699,2026-08-03T12:23:44.790912,0.1232,2026-08-03T12:23:38.763598,0.1232,0.5497,ema13,42.04,,,,,,,,,,0.5497,ema13,42.04,,,,,,,0.5497,ema13,42.04,,,,0.9089,,0.5497,42.04,0.5497,42.04,,,,,,,,,,,,,0.41331698386175963,,False,,,,False,,,2026-08-03T11:39:10.407522,-0.09,,,2026-08-03T11:55:11.366363,-0.3564,-0.0367,8.97,-0.5162,19.57,2026-08-03T11:37:58,2026-08-03T11:59:45.101902,STOP_LOSS L1,TAKER_FALLBACK,TAKER,True,
29,,ADAUSDT,LONG,CLOSED,0.18430000000000002,0.1858,0.1859,1615.166951294789,20.0,32303.33902589578,175275.84929948876,VERY_STRONG,0.2628,0.0928,0.1119,63.06,59.26,24.5309,24.932,0.14,0.1402,BULLISH,0.1119,0.0334,28.3218,29.1034,62.2,57.2,43.1,0.101,34.4,28.5,False,False,False,False,False,False,False,False,False,False,False,False,False,False,False,False,False,UNMATCHED,,,0.7298,0.5663,45.7,32.6,93.3,-0.401,2.0,STRONG_BULL,STRONG_BULL,,-0.1715,24.149075599295582,16.329663576408976,0.3177,-0.0949,5e-05,-0.1212,0.3453,0.1653,-0.2128,2026-08-03T09:33:28.438574,,212381880.7824,10,2376.1,,False,2.98,-0.0088,11.79,0.2082,11.79,0.2624,32303.33902589578,212381.88078240003,False,,-0.1038,,,,,,,,,5.814601024661241,14.654813759930255,20.469414784591496,242.44435916463704,0.7505241454150697,1.0759338035811126,-0.06300000000001506,0.1864,0.18430000000000002,0.0,0.8153,0.3633,2026-08-03T09:36:40.207308,2026-08-03T09:21:41.808825,0.0858,NEVER,1,0.45,,True,,-0.0542,False,,,,2.5,1.0,UNMATCHED,False,,,0,,0.495,0.3633,True,,,,,0.1877,0.1856,2026-08-03T10:00:23.815085,2026-08-03T09:37:21.794019,1.7818,0.6424,23.29,0.26,,,1.3477,,35.69,1.1307,12.76,1.0764,,,,,,,,,False,MOMENTUM,,,,,,0.7509,0.9679,0.9137,1.2392,1.2392,2026-08-03T09:33:49.749881,,2026-08-03T09:36:40.191386,,,,2026-08-03T09:58:24.888314,1.2935,2026-08-03T09:46:07.811054,1.1307,2026-08-03T09:46:07.811054,1.1307,2026-08-03T09:46:07.811054,1.1307,2026-08-03T09:46:07.811054,1.1307,2026-08-03T09:45:56.745894,1.185,2026-08-03T09:46:13.836621,1.1307,0.8259,trailing,15.07,,,,,,,,,,0.4793,stretch,14.1,,,,,,,1.2392,stretch,36.78,,,,0.8849,0.8153,0.4251,12.81,0.7505,15.4,,,,,,,,,,,,,0.7620397308776449,atr,False,,,,False,,,,,,,,,,,,,2026-08-03T09:21:41,2026-08-03T09:37:05.938031,RUNNER_TRAIL,MAKER,TAKER,True,
28,,TAGUSDT,SHORT,CLOSED,0.001389,0.001361,0.00136,276.15545239455,20.0,5523.109047891001,3976320.408848813,STRONG_BUY,0.9495,0.4636,0.3161,80.1,48.01,15.0934,11.101,3.1109,3.2108,BEARISH,0.3836,,37.66951782725392,38.42798339176539,34.46101046629079,39.88586370156358,35.163215207252236,0.0888,29.9,30.4,False,False,False,False,False,True,False,False,False,True,False,True,False,False,False,True,True,,,,,4.1565,21.7,69.6,78.7,3.9924,2.0,STRONG_BEAR,STRONG_BEAR,,-0.2426,55.109882278709776,10.892256620318605,0.9209,0.1554,,0.3956,4.0171,-0.0778,,2026-08-03T07:55:09.156293,,5523109.047891,116,373.9,,False,0.12,0.4862,0.12,0.4862,0.12,0.4862,24951.975449134487,5523.109047891,True,,-0.2384,,,,,,,,,2.48539907155095,2.4352974343994553,4.9206965059504055,106.41627494181648,1.926745860331176,2.4309323254139734,-0.08999999999999998,0.001389,0.001354,0.0,,,2026-08-03T07:58:59.155562,,,NEVER,1,0.45,,False,,0.0,False,,,,2.0,1.0,SPIKE_FADE,False,,,0,,1.7318,2.8545,True,,,,,0.001367,0.00131,2026-08-03T08:01:18.247652,2026-08-03T08:41:50.624901,5.5975,1.4939,41.47,0.93,0.01,1.9258,5.0216,0.0,,,,,,,0.73,1.7819,,,,,,SPIKE_FADE,,,,,,1.4939,2.0698,2.5018,2.7898,3.2217,2026-08-03T07:55:09.156266,,2026-08-03T07:55:15.679498,,,,2026-08-03T08:01:12.220680,1.7099,2026-08-03T08:01:12.220680,1.7099,2026-08-03T08:01:12.220680,1.7099,2026-08-03T08:01:12.220680,1.7099,2026-08-03T08:01:12.220680,1.7099,2026-08-03T08:01:11.215454,1.7099,2026-08-03T08:01:23.273978,1.4939,0.6684,trailing,0.0,,,,,,,,,,1.9258,signal_lost,5.23,,,,,,,1.9258,signal_lost,5.23,,,,5.6923,,1.9267,5.21,1.9258,5.23,,,,,,,,,,,,,,atr,False,,,,False,,,,,,,,,,,,,2026-08-03T07:55:02,2026-08-03T08:00:21.496300,RUNNER_TRAIL,TAKER,TAKER,True,
27,,VANRYUSDT,SHORT,CLOSED,0.00372,0.003571,0.003567,458.51735282584997,20.0,9170.347056517,2465147.058203494,STRONG_BUY,0.0613,0.2717,0.0174,68.77,32.28,43.6264,40.0149,2.4328,2.4934,BEARISH,0.0536,,22.960749843652785,21.835954828989628,31.89367908858175,33.21676929979027,41.37746315062585,0.0933,41.7,44.2,False,False,False,False,False,False,False,False,False,False,True,True,False,False,False,False,True,,,,,5.4454,17.4,60.9,100.0,3.6115,0.0,HEALTHY_BEAR,HEALTHY_BEAR,,-0.1887,3.2486281663780128,65.69225355354178,1.797,-0.7829,,-0.8937,2.754,-0.0889,,2026-08-03T03:35:07.117851,,9170347.056517,86,872.4,,False,0.12,0.2058,0.12,0.2058,0.12,0.2058,22013.52015575592,9170.347056517,True,,-0.1887,,,,,,,,,4.126656175432649,3.9613680651801046,8.088024240612754,359.21888743170854,3.9171787634408672,4.8315685483870965,-0.09,0.00372,0.003537,0.0,,,2026-08-03T03:35:34.329059,,,NEVER,1,0.45,,True,,0.0,False,,,,2.0,1.0,SPIKE_FADE,False,,,0,,16.0976,-0.3348,True,,,,,0.003988,0.00354,2026-08-03T04:04:39.076285,2026-08-03T03:46:28.674830,4.7487,-7.2943,10.68,28.85,,,0.0982,,,,,,,,,,,,,,,SPIKE_FADE,,,,,,-0.3857,-2.6975,-1.5147,2.9208,-3.7459,2026-08-03T03:35:07.716501,,2026-08-03T03:35:13.350105,,,,2026-08-03T03:36:05.079804,2.41,2026-08-03T03:36:16.234471,1.0659,2026-08-03T03:36:16.234471,1.0659,2026-08-03T03:36:39.517506,0.1251,2026-08-03T03:36:39.517506,0.1251,2026-08-03T03:36:39.517506,0.1251,2026-08-03T03:36:39.517506,0.1251,0.3861,trailing,0.02,,,,,,,,,,-0.7,hard_sl,1.76,,,,,,,-0.7,hard_sl,1.76,,,,17.1142,,3.9172,0.67,2.9208,0.89,,,,,,,,,,,,,,atr,False,,,,False,,,,,,,,,,,,,2026-08-03T03:35:00,2026-08-03T03:35:47.565479,RUNNER_TRAIL,TAKER,TAKER,True,
26,,PIPPINUSDT,SHORT,CLOSED,0.01601,0.01592,0.0159,108.93644934449999,20.0,2178.7289868899998,136085.50823797626,STRONG_BUY,0.0383,0.0563,0.0077,61.03,35.38,59.1234,63.6561,0.4679,0.4701,BEARISH,-0.0157,,21.712355785810818,22.128351906967957,44.12027579079448,41.55629712292179,38.31568631154669,0.1157,45.9,46.6,False,False,False,False,False,False,False,False,False,False,False,False,False,False,False,False,False,,,,,2.7903,21.7,56.5,79.2,-4.5327,0.0,HEALTHY_BEAR,CHOPPY_FLAT,,-0.1776,27.604910781793784,27.71460657038541,0.3341,-0.4055,,-0.5669,0.519,-0.0165,,2026-08-03T02:36:38.551676,,2178728.98689,182,555.7,,False,0.19,0.16,0.19,0.2224,0.19,0.3474,21915.538589824577,2178.7289868899998,True,,-0.1667,,,,,,,,,0.9804280441004999,0.9749165810168618,1.9553446251173616,10.292351116300473,0.47240162398500807,0.6598688319800037,-0.09,0.01601,0.01589,0.0,,,2026-08-03T02:36:51.613022,,,NEVER,1,0.45,,True,,0.0,False,,,,2.0,1.0,SPIKE_FADE,False,,,0,,35.1521,-0.2197,True,,,,,0.01595,0.01514,2026-08-03T02:44:45.484825,2026-08-03T03:16:13.275607,5.3441,0.2848,35.07,3.6,,,3.0955,,,,,,,,,,,,,,,SPIKE_FADE,2026-08-03T02:41:09.967872,0.4721,,,,0.3472,0.4097,0.4097,0.4097,0.7845,2026-08-03T02:36:40.956354,,,,,,2026-08-03T03:15:03.879751,0.4721,2026-08-03T02:42:09.453733,0.3472,2026-08-03T03:15:03.879751,0.4721,2026-08-03T02:42:09.453733,0.3472,2026-08-03T03:15:04.885694,0.4721,2026-08-03T03:15:04.885694,0.4721,2026-08-03T03:15:05.889614,0.4721,0.4099,trailing,5.42,,,,,,,,,,3.0955,window,,,,,,,,3.0955,window,,,,,42.1151,,0.4724,4.58,0.2848,8.19,,,,,,,,,,,,,,atr,False,,,,False,,,2026-08-03T02:40:47.704887,0.5349,,,,,,,,,2026-08-03T02:36:27,2026-08-03T02:41:08.874728,RUNNER_TRAIL,TAKER,TAKER,True,
25,,HOLOUSDT,SHORT,CLOSED,0.06689,0.0673,0.06726,168.890479985,20.0,3377.8095997,50497.97577664822,STRONG_BUY,0.2046,0.1843,0.0703,73.52,28.62,35.7623,35.429,1.2846,1.3013,BEARISH,0.0929,,25.08427018245163,25.746174923659655,42.85979954724274,40.658108978845114,37.45906865534967,0.1232,47.3,46.6,False,False,False,False,False,False,False,False,False,False,False,True,False,False,False,False,True,,,,,2.798,15.6,73.3,97.5,0.3333,2.0,HEALTHY_BEAR,CHOPPY_FLAT,,-0.1931,41.310686033724394,17.664317995920978,0.4211,-0.3052,,-0.4158,1.5594,-0.0117,,2026-08-03T02:09:50.382274,0.08947974286142771,3377809.5997,143,325.6,,False,4.82,-0.7032,4.82,-0.7032,5.15,-0.7032,22081.17195037198,3377.8095997,True,,-0.1682,,,,,,,,,1.520014319865,1.5293311963957914,3.049345516260791,-23.75351558468624,-0.7032224547764891,0.38861264763043923,-0.7032224547764891,0.06689,0.06657,0.0,,,2026-08-03T02:10:23.696017,2026-08-03T02:22:19.054272,,NEVER,1,0.45,,True,,0.0,False,,,,2.0,1.0,SPIKE_FADE,False,,,0,,4.3838,-0.2074,True,,,,,0.0673,0.06601,2026-08-03T02:22:19.481525,2026-08-03T03:02:41.697834,1.2256,-0.7029,40.37,0.0,,,0.792,,,,,,,,,,,,,,,SPIKE_FADE,2026-08-03T02:22:19.762485,-0.6581,,,,-0.2096,-0.0153,0.2688,0.1791,0.4631,,,,,,,2026-08-03T02:30:05.529859,0.0744,2026-08-03T02:30:02.461711,0.0894,2026-08-03T02:30:03.516443,0.0744,2026-08-03T02:30:02.461711,0.0894,2026-08-03T02:30:03.516443,0.0744,2026-08-03T02:30:03.516443,0.0744,2026-08-03T02:30:03.516443,0.0744,0.2281,trailing,24.88,,,,,,,,,,0.792,window,,,,,,,,0.792,window,,,,,6.4237,,0.2389,24.63,0.0445,25.13,,,,,,,,,,,,,,,False,,,,False,,,2026-08-03T02:21:40.475115,-0.2994,,,,,,,,,2026-08-03T02:05:01,2026-08-03T02:22:19.058840,STOP_LOSS L1,TAKER,TAKER,True,
24,,DEXEUSDT,SHORT,CLOSED,2.305,2.297,2.297,275.9847556065418,1.0,275.9847556065418,119.73308269264285,VERY_STRONG,0.359,0.0793,0.0956,38.58,39.74,39.8459,39.6524,0.1377,-0.1375,BEARISH,-0.1587,-0.0624,19.6512,18.628,40.7,41.6,44.2,0.1329,52.0,62.9,False,False,False,False,False,False,False,False,False,False,False,False,False,True,False,False,True,W4,,,1.0156,0.8441,17.8,71.1,35.3,0.1936,3.0,HEALTHY_BEAR,HEALTHY_BEAR,,-0.0739,10.541568828930867,26.03703404919027,0.5378,-0.7513,5e-05,-1.2224,-0.312,-0.1044,0.0711,2026-08-03T00:51:00.805370,0.06721041214751036,44273508.69905,32,586.5,,False,0.85,-0.3234,14.18,-0.1064,14.75,-0.1064,275.9847556065418,44273.508699050006,False,,-0.1054,2026-08-03T00:42:37.274822,-0.3234,,,,,,,0.04967725600917753,0.12376210092525029,0.17343935693442783,0.7844253046067159,0.2842277657266814,0.45784164859002213,-0.3234208242950014,2.305,2.293,0.0,0.4993,-0.0626,2026-08-03T00:58:21.932477,2026-08-03T00:42:37.285419,-0.1489,RECOVERED,1,0.45,,True,,-0.0434,False,,,,0.5,0.05,DEEPGAP_PROBE,False,-0.3234208242950014,,0,,0.2227,-0.1641,True,,,,,2.317,2.294,2026-08-03T01:08:17.847037,2026-08-03T01:36:01.216226,0.4142,-0.5836,36.76,9.03,6.83,-0.3233,0.1973,0.2841,6.83,-0.3233,5.11,-0.2799,,,6.83,-0.3233,,,,,False,MOMENTUM,,,,,,0.1973,0.1105,-0.2799,-0.1932,-0.1064,,,,,,,2026-08-03T01:38:30.362068,0.1539,2026-08-03T00:59:25.935556,0.2407,2026-08-03T00:59:30.977446,0.1539,2026-08-03T01:00:21.669308,0.1539,2026-08-03T01:38:34.382963,0.1105,2026-08-03T01:00:10.573473,0.1539,2026-08-03T01:01:12.117439,0.0672,0.2078,trailing,22.18,,,,,,,,,,0.1974,stretch,22.18,,,,,,,-0.3233,ema13,29.18,,,,0.4993,0.4993,0.1539,22.55,-0.1064,26.32,,,,,,,,,,,,,0.49933749408571754,,False,,,,False,,,,,,,,,-0.1064,10.33,,,2026-08-03T00:36:50,2026-08-03T00:59:12.871216,RUNNER_TRAIL L1,MAKER,TAKER,True,
23,,1000SHIBUSDT,SHORT,CLOSED,0.004881,0.004862,0.004861,275.9847556065418,1.0,275.9847556065418,56542.666586056504,VERY_STRONG,0.2043,0.0598,0.0662,38.79,35.93,33.0916,32.4286,0.0896,-0.0895,BEARISH,-0.1042,-0.0624,19.6512,18.628,40.7,41.6,44.2,0.1329,52.0,62.9,False,False,False,False,False,False,False,False,False,False,False,False,False,True,False,False,True,W4,,,1.0156,0.8129,17.8,71.1,26.1,0.663,3.0,HEALTHY_BEAR,HEALTHY_BEAR,,-0.0739,10.633009679621425,25.850171350119318,0.2921,-0.1992,5e-05,-0.3518,-0.2153,-0.1044,0.0711,2026-08-03T00:44:21.021869,,55835493.95936,31,1910.7,,False,7.36,0.074,7.68,0.1355,7.69,0.1355,275.9847556065418,55835.49395936001,False,,-0.0899,,,,,,,,,0.12419314002294381,0.12370970022363303,0.24790284024657683,0.8264078248884923,0.29943966400327643,0.4634142593730816,-0.19248412210612162,0.004881,0.004854,0.0,0.4223,-0.2884,2026-08-03T00:47:16.169142,2026-08-03T00:39:18.870131,0.0008,NEVER,1,0.45,,True,,0.0205,False,,,,0.5,0.05,GAPMIN_PROBE,False,,,0,,0.2571,-0.2884,True,,,,,0.004883,0.004841,2026-08-03T01:32:20.625861,2026-08-03T01:13:57.814878,0.7295,-0.131,26.49,44.87,44.48,0.0534,-0.049,0.7295,34.13,0.4427,34.13,0.4427,,,44.48,0.0534,,,,,False,MOMENTUM,,,,,,0.2993,0.3402,0.2378,0.4632,0.5451,,,,,,,,,2026-08-03T01:09:18.381545,0.4427,,,2026-08-03T01:25:31.147563,0.2173,,,2026-08-03T01:04:39.965302,0.3198,2026-08-03T01:23:54.263496,0.3198,0.3771,trailing,27.49,,,,,,,,,,0.2993,stretch,13.92,,,,,,,0.0534,ema13,55.27,,,,0.4517,0.4223,0.2994,10.78,0.3198,27.95,,,,,,,,,,,,,0.49217827809662384,atr,False,,,,False,,,,,,,,,-0.172,3.62,,,2026-08-03T00:36:40,2026-08-03T00:47:27.946870,RUNNER_TRAIL,TAKER_FALLBACK,TAKER,True,
22,,PUMPUSDT,SHORT,CLOSED,0.00207,0.002083,0.002078,275.9847556065418,1.0,275.9847556065418,133325.9688920492,VERY_STRONG,0.7556,0.2045,0.2565,25.39,29.33,38.4514,36.7903,0.4188,-0.4171,BEARISH,-0.3263,-0.0266,18.6505,19.9541,40.1,44.2,51.6,0.1254,54.3,62.9,True,False,True,False,False,False,False,False,False,True,True,False,False,False,False,False,True,C1,,-0.7,0.9647,0.9329,11.1,77.8,2.1,1.6611,2.0,HEALTHY_BEAR,HEALTHY_BEAR,,0.0085,7.703092083983838,30.856380015745057,0.4457,-0.658,5e-05,-1.0881,-0.8757,-0.1446,0.0792,2026-08-03T00:54:08.744041,0.054992753623186716,76568321.060961,22,388.7,,False,38.6,-0.67,38.6,-0.67,,,275.9847556065418,76568.321060961,False,,-0.1054,2026-08-03T00:57:02.186309,-0.3317,,,2026-08-03T00:58:35.002979,-0.6216,,,0.12419314002294381,0.12497309694096231,0.2491662369639061,-1.9824038325606022,-0.7183019323671703,0.29664734299515755,-0.7183019323671703,0.00207,0.002062,0.0,0.4487,-0.1678,2026-08-03T00:54:08.752289,2026-08-03T00:21:13.523282,-0.29,ENDED_NEG,1,0.45,,True,,-0.0483,False,,,,0.5,0.05,DEEPGAP_PROBE,False,-0.3316545893719918,,0,,-0.5413,-0.0529,True,,,,,0.002107,0.002072,2026-08-03T01:07:05.310216,2026-08-03T01:16:37.516366,-0.1866,-1.8774,17.97,8.43,2.28,-0.718,-0.4765,0.0,2.28,-0.718,24.66,-0.4765,,,2.28,-0.718,,,,,False,MOMENTUM,,,,,,-0.5248,-0.6214,-1.2977,-0.7663,-0.3799,,,,,,,,,,,,,,,,,,,,,-0.4765,window,,,,,,,,,,,-0.4765,window,,,,,,,,-0.4765,window,,,,,,,-0.4765,,-0.4765,,,,,,,,,,,,,,0.4722326589276813,,False,,,,False,,,,,,,,,-0.4766,5.18,-0.4766,6.89,2026-08-03T00:15:33,2026-08-03T00:58:38.913459,PATTERN_FIXED_SL L1,TAKER_FALLBACK,TAKER,True,
21,,NEARUSDT,LONG,CLOSED,1.708,1.714,1.715,1108.8114716480911,20.0,22176.229432961823,12983.740885809031,VERY_STRONG,0.3188,0.1032,0.1218,60.43,77.78,22.3572,21.4524,0.0469,-0.0469,BULLISH,0.1671,0.0253,38.1792,37.4702,61.3,60.6,62.2,0.0581,57.8,56.9,False,False,False,False,False,False,False,False,False,False,False,True,False,True,False,False,True,,,,0.7237,2.2584,56.5,23.9,62.5,0.9048,4.0,STRONG_BULL,CHOPPY_FLAT,,0.1311,31.730842583348974,15.586456477479851,0.2558,0.0643,0.0001,0.1801,0.1781,0.0425,0.0524,2026-08-02T18:28:03.778096,,59186084.967,29,2117.4,,False,4.31,0.1441,4.31,0.1441,4.31,0.1441,22176.229432961823,59186.084967,False,,0.1183,,,,,,,,,9.97930324483282,10.014359345224506,19.993662590057326,57.908782724796936,0.2611299765807966,0.5537382903981336,-0.20704332552693222,1.719,1.708,0.0,0.5571,0.2411,2026-08-02T18:29:37.309246,2026-08-02T18:25:07.611578,-0.0469,RECOVERED,1,0.45,,True,,0.1172,False,,,,2.0,1.0,NONEXP_CALM3D,False,,,0,,0.1132,0.2838,True,,,,,1.719,1.695,2026-08-02T18:35:48.070567,2026-08-02T19:12:23.526173,0.554,-0.8511,4.83,41.42,30.87,-0.0315,-0.6755,0.554,10.21,0.4369,11.93,0.2613,,,30.87,-0.0315,,,,,False,MOMENTUM,2026-08-02T18:30:58.491696,0.3198,,,,0.3784,0.3198,0.4955,0.2027,-0.0315,2026-08-02T18:29:37.309295,,,,,,2026-08-02T18:46:06.316338,0.0856,2026-08-02T18:42:26.146412,0.3198,2026-08-02T18:42:26.146412,0.3198,2026-08-02T18:40:09.718511,0.3198,2026-08-02T18:46:06.316338,0.0856,2026-08-02T18:46:06.316338,0.0856,2026-08-02T18:42:55.289430,0.2613,0.3037,trailing,7.17,,,,,,,,,,0.3782,stretch,7.01,,,,,,,-0.0315,ema13,38.06,,,,0.5571,0.5571,0.3197,5.84,0.2611,7.17,,,,,,,,,,,,,0.49983773636740153,atr,False,,,,False,,,2026-08-02T18:30:12.164725,0.4367,,,,,-0.09,0.02,,,2026-08-02T18:23:45,2026-08-02T18:30:57.117666,RUNNER_TRAIL,TAKER_FALLBACK,TAKER,True,
20,,SNXUSDT,SHORT,CLOSED,0.2119,0.2108,0.2107,130.35680817899998,20.0,2607.1361635799994,12303.615684662574,STRONG_BUY,0.0289,0.077,0.0014,67.32,38.66,26.0828,25.6996,0.6336,0.6377,NEUTRAL,0.0285,,14.133229799883425,15.043849592113565,45.96061033300415,47.936205156233484,51.56657970082284,0.0555,47.5,48.0,False,False,False,False,False,False,False,False,False,False,False,False,False,False,False,False,False,,,,,2.5994,31.1,53.3,96.2,0.3833,1.0,CHOPPY_WEAK,CHOPPY_FLAT,,-0.026,35.48191164996405,18.661999286855643,0.2738,-0.2405,,-0.2758,0.7166,-0.0275,,2026-08-02T17:00:23.618337,0.09885323265691906,2607136.16358,173,2179.4,,False,1.53,-0.3261,43.96,0.0516,54.94,0.2405,22067.95761493679,2607.13616358,True,,0.047,,,,,,,,,1.1732112736109996,1.1671209838470917,2.3403322574580914,11.193644995670958,0.4293463898065209,0.5709863142992037,-0.3260665408211423,0.2119,0.2105,0.0,,,2026-08-02T17:14:51.753357,2026-08-02T16:42:21.750699,,NEVER,1,0.45,,True,,0.0,False,,,,2.0,1.0,SPIKE_FADE,False,,,0,,3.8309,0.0321,True,,,,,0.2109,0.2101,2026-08-02T17:50:25.699759,2026-08-02T17:27:07.933844,0.7595,0.3819,11.88,35.17,,,0.5707,,0.01,0.4291,,,,,,,,,,,,SPIKE_FADE,,,,,,0.4763,0.4291,0.4291,0.6179,0.5707,2026-08-02T17:14:05.168068,,,,2026-08-02T16:40:24.588980,0.0044,,,2026-08-02T17:24:59.244742,0.4763,,,2026-08-02T17:24:59.244742,0.4763,,,2026-08-02T17:24:57.233826,0.4763,2026-08-02T17:25:01.257163,0.5235,0.5095,trailing,91.14,,,,,,,,,,0.5707,window,,,,,,,,0.5707,window,,,,,4.1769,,0.4293,58.68,0.4763,91.14,,,,,,,,,,,,,,atr,False,,,,False,,,2026-08-02T16:16:27.851966,-0.09,,,2026-08-02T16:40:24.588769,0.0044,,,,,2026-08-02T16:16:26,2026-08-02T17:15:14.869864,RUNNER_TRAIL,TAKER,TAKER,True,
19,,QNTUSDT,LONG,CLOSED,60.13,60.39,60.23,110.22524760000002,20.0,2204.5049520000002,36.662314185930484,STRONG_BUY,0.2175,0.1039,0.0707,21.19,49.46,17.4512,14.2216,0.6523,-0.6481,NEUTRAL,-0.0821,,16.38810006817972,17.288885534088724,52.7301726260044,52.74843375014793,50.15219238052932,0.0635,48.7,46.1,False,True,False,True,False,False,False,False,True,True,False,False,False,False,False,False,False,,,,,4.7222,48.9,28.9,28.1,3.2296,0.0,CHOPPY_WEAK,CHOPPY_WEAK,,-0.0511,14.402439072150885,56.609375540466864,0.2095,-0.0595,,-0.1533,-0.8214,0.0289,,2026-08-02T15:42:34.659538,,2204504.952,190,1384.3,,False,26.48,0.1593,26.48,0.2092,26.48,0.309,10791.200900664982,2204.5049520000002,True,,-0.0236,,,,,,,,,0.9920272284000001,0.9963167191597537,1.9883439475597537,7.5438577407821,0.3422018958922302,0.47518709462829906,-0.47233244636621313,60.47,60.13,0.0,,,2026-08-02T15:42:34.666946,2026-08-02T15:32:31.164605,,NEVER,1,0.45,,,,0.0,False,,,,1.0,1.0,SPIKE_BOUNCE,False,,,0,,,,True,,,,,60.39,60.03,2026-08-02T15:42:35.758999,2026-08-02T16:02:30.875716,0.3424,-0.2563,0.0,19.92,,,0.1595,,,,,,,,,,,,,,,SPIKE_BOUNCE,,,,,,0.1761,0.1262,0.0763,0.043,0.0597,,,,,,,,,,,,,,,,,,,,,0.2252,trailing,26.37,,,,,,,,,,0.1595,window,,,,,,,,0.1595,window,,,,,,,0.3422,26.35,0.1262,26.37,,,,,,,,,,,,,,atr,False,,,,False,,,2026-08-02T15:16:08.008810,-0.09,,,,,,,,,2026-08-02T15:16:06,2026-08-02T15:42:34.672655,RUNNER_TRAIL,TAKER,TAKER,True,
18,,ARBUSDT,LONG,CLOSED,0.08015,0.08053,0.08058,539.5600450332493,20.0,10791.200900664986,134637.56582239532,STRONG_BUY,0.3816,0.1452,0.1215,17.77,48.97,23.259,20.5502,0.9531,-0.9441,BEARISH,-0.1421,0.0119,21.3225,22.3295,52.1,57.0,53.2,0.07,48.8,48.3,False,True,False,True,False,False,False,False,True,True,True,False,False,False,False,False,True,,,,0.8431,3.1868,55.6,28.9,0.0,2.7088,5.0,CHOPPY_FLAT,CHOPPY_FLAT,,-0.0444,14.503479882471796,55.34831482554014,0.2555,-0.2223,2.9e-05,-0.3593,-1.2081,0.0161,-0.019,2026-08-02T14:51:51.991489,0.09706487835308467,22323960.302146,50,1228.3,,False,2.4,0.0222,2.8,0.0222,5.64,0.0222,10791.200900664986,22323.960302146,False,,-0.0165,2026-08-02T14:49:07.146031,-0.1025,2026-08-02T14:54:08.204121,0.2218,2026-08-02T14:49:07.146031,-0.1025,2026-08-02T14:54:08.204121,0.2218,4.856040405299243,4.879063429054873,9.735103834354117,41.427171178156826,0.38389769182782957,0.5210786026200928,-0.1648259513412408,0.08064,0.08015,0.0,0.1815,0.1027,2026-08-02T15:42:34.561590,2026-08-02T14:49:52.185054,-1.0287,RECOVERED,1,0.45,,False,,0.0,False,,,,1.0,1.0,SPIKE_BOUNCE,False,0.433781659388651,,0,,0.0108,0.1002,True,,,,,0.08076,0.08041,2026-08-02T16:00:42.950567,2026-08-02T16:27:13.330990,0.6711,0.2344,14.01,40.51,0.01,0.3342,0.3841,0.0,18.79,0.5214,25.9,0.434,,,1.1,0.3217,-0.10247099189020104,2026-08-02T14:49:07.148460,,,False,SPIKE_BOUNCE,,,,,,0.3342,0.3841,0.4839,0.6586,0.4091,2026-08-02T15:42:34.559667,,,,2026-08-02T15:00:58.093371,0.3465,,,2026-08-02T15:47:04.382363,0.3217,2026-08-02T16:02:38.926729,0.4714,2026-08-02T16:02:27.852698,0.5214,,,2026-08-02T16:02:52.001396,0.459,2026-08-02T16:02:46.974902,0.434,0.3342,signal_lost,57.6,,,,,,,,,,0.4213,stretch,53.9,,,,,,,0.3342,signal_lost,57.6,,,,0.205,0.1815,0.3839,57.58,0.3342,57.6,,,,,,,,,,,,,0.18152022833274972,atr,False,,,,False,,,2026-08-02T14:49:04.881201,-0.09,,,2026-08-02T15:00:58.092953,0.3465,-0.09,0.01,,,2026-08-02T14:49:04,2026-08-02T15:46:42.254008,RUNNER_TRAIL,TAKER,TAKER,True,
17,,SXTUSDT,SHORT,CLOSED,0.00693,0.0069,0.006899,112.55193369390001,20.0,2251.0386738780003,324825.2054658009,STRONG_BUY,0.2189,0.1285,0.0724,79.47,43.86,19.1783,15.8889,0.7595,0.7653,NEUTRAL,0.0962,,24.37212076247837,24.56538229785239,41.93273578724244,44.78978504329169,46.834670873906376,0.0759,48.2,48.4,False,False,False,False,False,False,False,False,False,False,False,False,False,False,False,False,False,,,,,3.0814,40.0,37.8,90.4,3.2894,1.0,CHOPPY_FLAT,STRONG_BEAR,,-0.0922,47.734632742641075,11.218882259822644,0.2304,-0.0744,,-0.0316,0.9679,-0.0408,,2026-08-02T13:28:48.032588,,2251038.673878,196,457.2,,False,18.72,-0.2632,21.03,0.2132,21.03,0.242,21504.443752018167,2251.0386738780003,True,,-0.1035,,,,,,,,,1.0129674032451002,1.0085822629713117,2.021549666216412,7.723206497757781,0.34309523809524545,0.45858730158731176,-0.6818968253968163,0.00693,0.006892,0.0,,,2026-08-02T13:28:50.518434,,,NEVER,1,0.45,,False,,0.0,False,,,,2.0,1.0,SPIKE_FADE,False,,,0,,26.7447,0.9402,True,,,,,0.006978,0.006885,2026-08-02T13:56:18.393275,2026-08-02T14:15:04.536876,0.5594,-0.7826,45.0,26.23,0.01,0.2852,0.5594,0.0,0.01,0.2852,,,,,,,,,,,,SPIKE_FADE,,,,,,0.213,0.2419,0.2275,0.0687,-0.5518,,,,,,,,,2026-08-02T13:30:10.186200,0.2852,2026-08-02T13:30:14.207713,0.2563,2026-08-02T13:30:21.240243,0.2852,2026-08-02T13:39:34.749322,0.0976,2026-08-02T13:39:33.746231,0.0976,2026-08-02T13:30:51.389001,0.2419,0.2852,signal_lost,4.88,,,,,,,,,,0.2852,signal_lost,4.88,,,,,,,0.2852,signal_lost,4.88,,,,27.0208,,0.3431,4.87,0.2852,4.88,,,,,,,,,,,,,,atr,False,,,,False,,,2026-08-02T13:24:29.270561,-0.422,2026-08-02T13:24:45.417462,-0.422,,,,,,,2026-08-02T13:07:46,2026-08-02T13:30:04.310039,RUNNER_TRAIL,TAKER,TAKER,True,
16,,ZENUSDT,SHORT,CLOSED,4.1,4.125,4.122,337.41640275,20.0,6748.328055,1645.9336719512196,STRONG_BUY,0.1534,0.0973,0.05,70.29,44.72,21.1089,19.6618,0.7083,0.7133,BEARISH,0.0614,,36.85150248962645,35.19493491306672,23.69922428483862,27.037657993017774,39.06613164826986,0.0916,44.1,51.1,False,False,False,False,False,True,False,False,False,True,False,False,False,False,False,True,True,,,,,4.1448,13.3,68.9,73.0,1.4471,1.0,BEAR_EXHAUSTED,CHOPPY_FLAT,,-0.1781,36.49722393727123,15.670952778293259,0.341,-0.0407,,-0.0046,0.8618,-0.1801,,2026-08-02T12:05:04.067691,0.0808085365853579,6748328.055,105,2077.2,,False,5.18,-0.7,5.23,-0.7,,,21976.033581144897,6748.328055,True,,-0.1535,,,,,,,,,3.03674762475,3.0552643785594515,6.092012003309451,-47.240353802090524,-0.7000304878048867,0.2272158536585342,-0.7000304878048867,4.1,4.087,0.0,,,2026-08-02T12:05:04.068336,2026-08-02T12:12:41.584796,,NEVER,1,0.45,,False,,0.0,False,,,,2.0,1.0,SPIKE_FADE,False,,,0,,59.9927,-0.0062,True,,,,,4.14,4.092,2026-08-02T12:23:16.500498,2026-08-02T12:57:34.058216,0.1051,-1.0656,44.87,10.57,0.0,-0.6998,0.0563,0.0,,,,,,,,,,,,,,SPIKE_FADE,2026-08-02T12:12:42.326471,-0.6998,,,,-0.4315,-0.6022,-0.651,-0.5046,-0.3827,,,,,,,,,,,,,,,,,,,,,0.0563,window,,,,,,,,,,,0.0563,window,,,,,,,,0.0563,window,,,,,,,0.0563,,0.0563,,,,,,,,,,,,,,,,False,,,,False,,,2026-08-02T12:11:38.591029,-0.3584,,,,,,,,,2026-08-02T11:59:50,2026-08-02T12:12:41.588447,STOP_LOSS L1,TAKER,TAKER,True,
15,,ERAUSDT,SHORT,CLOSED,0.06677,0.06654,0.06648,621.3836117175,20.0,12427.67223435,186126.58730492738,STRONG_BUY,0.0745,0.0859,0.0273,65.64,35.86,30.2012,30.1144,0.8102,0.8169,NEUTRAL,0.0047,,37.89242266980117,38.48566453275703,45.33834393567267,44.96637925653132,40.832984623602904,0.0812,54.3,51.2,False,False,False,False,False,False,False,False,False,False,False,False,False,False,False,True,True,,,,,2.5587,47.7,27.3,66.9,0.0868,0.0,CHOPPY_FLAT,CHOPPY_FLAT,,-0.1335,36.63690938576541,19.156974458357944,0.5238,-0.2435,,-0.3327,0.931,-0.0033,,2026-08-02T09:45:08.502821,0.08980230642503388,12427672.23435,73,380.8,,False,1.12,-0.0001,1.18,-0.0001,1.93,-0.0001,21633.56066050384,12427.67223435,True,,-0.1308,,,,,,,,,5.5924525054575005,5.57318840367144,11.16564090912894,31.643474171003263,0.2546210873146535,0.5243245469522146,-0.22485172981879098,0.06677,0.06636,0.0,,,2026-08-02T09:51:45.155563,2026-08-02T09:44:10.753429,,NEVER,1,0.45,,True,,0.0,False,,,,2.0,1.0,SPIKE_FADE,False,,,0,,-0.2483,0.0696,True,,,,,0.0666,0.06445,2026-08-02T09:52:17.008693,2026-08-02T09:54:56.268796,3.3846,0.1646,3.16,0.51,,,2.0068,,,,,,,,,,,,,,,SPIKE_FADE,,,,,,0.2545,0.569,2.6358,1.4826,2.0068,2026-08-02T09:51:45.153840,,,,,,2026-08-02T09:56:49.128753,2.0517,2026-08-02T09:52:19.021881,0.2245,2026-08-02T09:56:49.128753,2.0517,2026-08-02T09:56:49.128753,2.0517,2026-08-02T09:56:49.128753,2.0517,2026-08-02T09:56:32.050450,2.6807,2026-08-02T09:56:50.133377,1.857,0.2444,trailing,5.87,,,,,,,,,,0.5091,stretch,9.7,,,,,,,2.0068,window,,,,,2.9865,,0.2546,7.68,2.3512,10.24,,,,,,,,,,,,,,atr,False,,,,False,,,2026-08-02T09:43:59.443202,-0.09,,,,,,,,,2026-08-02T09:43:58,2026-08-02T09:51:46.176099,RUNNER_TRAIL,TAKER,TAKER,True,
14,,SAGAUSDT,LONG,CLOSED,0.01215,0.01207,0.01212,107.12606336915,20.0,2142.521267383,176339.19896156382,STRONG_BUY,0.3664,0.1449,0.1264,18.19,37.27,24.2572,22.392,0.8193,-0.8126,NEUTRAL,-0.1389,,25.503466591694213,26.146939629148218,55.62916656469287,67.74374611965948,53.23013280717719,0.0363,65.8,65.5,False,False,False,False,False,False,False,False,False,False,True,False,False,False,False,True,True,,,,,4.2926,45.5,31.8,3.7,1.8652,3.0,CHOPPY_FLAT,CHOPPY_FLAT,,0.0758,13.345861071565878,38.48747873346319,0.2962,-0.1141,,-0.2067,-1.0815,0.0153,,,,2142521.267383,205,844.9,,False,,,,,,,10873.208873919619,2142.521267383,True,,0.072,,,,,,,,,0.9641345703223501,0.957786359159734,1.921920929482084,-16.02905684640692,-0.7481399176954607,0.07453497942387591,-0.7481399176954607,0.01217,0.01215,0.0,,,2026-08-02T07:49:52.087516,2026-08-02T07:50:56.354196,,NEVER,1,0.45,,True,,0.0,False,,,,1.0,1.0,SPIKE_BOUNCE,False,,,0,,-27.592,0.6114,True,,,,,0.01278,0.01207,2026-08-02T08:29:32.244750,2026-08-02T07:50:56.694028,5.0952,-0.7484,38.59,0.0,,,3.2022,,,,,,,,,,,,,,,SPIKE_BOUNCE,,,,,,-0.5015,1.3092,0.5684,2.4614,3.5314,,,,,,,2026-08-02T07:53:46.377242,1.3915,2026-08-02T07:53:50.396955,0.2392,2026-08-02T07:53:50.396955,0.2392,2026-08-02T07:54:35.616536,0.6507,2026-08-02T07:54:35.616536,0.6507,2026-08-02T07:54:35.616536,0.6507,2026-08-02T07:54:43.648790,0.4861,1.2238,trailing,3.02,,,,,,,,,,3.2022,window,,,,,,,,3.2022,window,,,,,-20.5036,,1.1446,3.02,1.1446,3.02,,,,,,,,,,,,,,,False,,,,False,,,2026-08-02T07:49:43.703295,-0.09,,,,,,,,,2026-08-02T07:49:42,2026-08-02T07:50:56.357316,STOP_LOSS L1,TAKER,TAKER,True,
13,,MEMEUSDT,LONG,CLOSED,0.0005002,0.0004971,0.0004983,108.96073423774999,20.0,2179.214684755,4356686.694832067,STRONG_BUY,0.1217,0.0596,0.0362,27.17,59.41,15.3777,12.3434,0.5392,-0.5363,BULLISH,-0.0383,,34.81021739445066,34.031415338658135,59.94531115678223,68.4017048885321,54.67888038173303,0.0517,46.9,43.1,False,False,False,False,False,False,False,False,False,False,False,True,False,False,False,False,True,,,,,2.9086,68.9,13.3,19.4,3.0343,1.0,STRONG_BULL,CHOPPY_FLAT,,0.1075,14.13429731555593,48.43975766797816,0.2463,-0.0635,,-0.1039,-0.6316,0.0235,,2026-08-02T00:29:15.450432,0.08984706117552334,2179214.684755,202,1002.5,,False,0.19,-0.7095,0.19,-0.7095,,,10955.91606337427,2179.214684755,True,,0.0811,,,,,,,,,0.9806466081397499,0.9745690302004592,1.955215638340209,-15.46094439231971,-0.709473210715718,0.2696941223510467,-0.709473210715718,0.000502,0.0005002,0.0,,,2026-08-02T00:29:23.610735,2026-08-02T00:51:32.630232,,NEVER,1,0.45,,False,,0.0,False,,,,1.0,1.0,SPIKE_BOUNCE,False,,,0,,-11.8999,0.134,True,,,,,0.0005017,0.0004971,2026-08-02T01:04:57.280745,2026-08-02T00:51:32.975825,0.2099,-0.7098,13.41,0.0,0.0,-0.6298,0.0899,0.0,,,,,,,0.0,-0.6298,,,,,,SPIKE_BOUNCE,2026-08-02T00:51:33.010678,-0.6298,,,,-0.4898,-0.4099,-0.2299,0.0899,0.03,,,,,,,,,,,,,,,,,,,,,0.0899,window,,,,,,,,,,,0.0899,window,,,,,,,,0.0899,window,,,,,,,0.0899,,0.0899,,,,,,,,,,,,,,,,False,,,,False,,,2026-08-02T00:31:48.794984,-0.0101,2026-08-02T00:33:37.603522,0.0299,,,,,,,2026-08-02T00:29:04,2026-08-02T00:51:32.633415,STOP_LOSS L1,TAKER,TAKER,True,
12,,MMTUSDT,LONG,CLOSED,0.1913,0.1898,0.1899,1438.4834570313967,20.0,28769.669140627935,150390.32483339225,STRONG_BUY,0.3971,0.1002,0.1494,61.89,54.49,21.1596,20.3366,0.1996,0.2,BULLISH,0.1551,0.0453,34.5463,33.6264,63.7,66.6,66.7,0.0897,42.1,33.9,False,False,False,False,False,False,False,False,False,False,False,False,False,False,False,False,False,UNMATCHED,,,0.9195,0.5353,82.2,13.3,80.4,0.823,4.0,STRONG_BULL,STRONG_BULL,,0.0884,27.220220245354415,14.066879998625911,0.5366,0.2516,-9.4e-05,0.3385,0.4502,0.0709,-0.1434,,,104857541.7584,18,270.4,,False,10.09,-0.8468,,,,,28769.669140627935,104857.5417584,False,,0.1246,2026-08-01T22:02:06.014206,-0.4288,2026-08-01T22:40:08.314644,-0.7945,2026-08-01T22:15:41.884927,-0.4288,2026-08-01T22:40:11.015943,-0.7945,5.178540445313029,12.844837644020032,18.02337808933306,-243.60886533942164,-0.8467558808154738,0.1982519602718246,-0.8467558808154738,0.1918,0.1913,0.0,0.3511,0.1567,2026-08-01T22:04:54.600013,2026-08-01T22:40:12.355167,-0.4032,ENDED_NEG,1,0.45,,False,,-0.0522,False,,,,2.5,1.0,UNMATCHED,False,-0.4287527443805572,,0,,-0.4032,-0.1994,True,,,,,0.1904,0.1864,2026-08-01T22:44:18.606671,2026-08-01T23:21:09.658104,-0.5335,-2.6244,4.07,40.92,0.01,-0.8471,-1.9971,0.0,1.62,-0.8994,,,,,0.01,-0.8471,-0.4287527443805572,2026-08-01T22:23:45.001389,,,False,MOMENTUM,2026-08-01T22:52:05.632749,-1.213,,,,-0.8994,-0.6903,-0.5857,-1.213,-1.4221,,,,,,,,,,,,,,,,,,,,,-1.9971,window,,,,,,,,,,,-1.9971,window,,,,,,,,-1.9971,window,,,,,,,-1.9971,,-1.9971,,,,,,,,,,,,,,0.3515083309810028,,False,,,,False,,,,,,,,,-0.2198,1.82,-0.3243,7.25,2026-08-01T21:54:49,2026-08-01T22:40:12.357697,STOP_LOSS L1,MAKER,TAKER,True,
11,,ADAUSDT,LONG,CLOSED,0.17400000000000002,0.1747,0.1748,1438.483457031397,20.0,28769.66914062794,165342.92609556284,STRONG_BUY,0.3379,0.0838,0.1253,63.1,64.84,19.7073,18.884,0.0947,0.0948,BULLISH,0.1585,0.0545,32.9694,31.9666,62.9,63.4,68.7,0.0914,41.0,33.9,False,False,False,False,False,False,False,False,False,False,False,False,False,False,False,False,False,UNMATCHED,,,0.7142,0.6726,80.0,13.3,91.3,0.8233,3.0,STRONG_BULL,STRONG_BULL,,0.0709,27.144106031553285,14.484811372638406,0.3335,0.2076,-9.4e-05,0.2955,0.3042,0.0703,-0.1465,2026-08-01T22:00:01.695706,0.051890804597688474,125293405.5682,15,2374.6,,False,17.83,-0.0056,17.94,-0.0056,23.64,0.1093,28769.66914062794,125293.4055682,False,,0.1203,2026-08-01T21:53:11.138162,-0.2928,,,2026-08-01T21:53:35.819726,-0.4077,,,5.178540445313029,12.998434135002672,18.1769745803157,97.56307368657473,0.3391178160919416,0.6837902298850549,-0.5225632183908177,0.1753,0.17400000000000002,0.0,0.4945,0.2989,2026-08-01T22:15:16.007497,2026-08-01T21:54:03.124634,-0.3854,RECOVERED,1,0.45,,True,,-0.0574,False,,,,2.5,1.0,UNMATCHED,False,-0.2927816091954088,,0,,0.1528,0.2989,True,,,,,0.1751,0.1732,2026-08-01T22:31:47.009191,2026-08-01T22:59:27.714707,0.5692,-0.5228,15.81,43.49,31.29,0.1094,-0.4078,0.5692,29.5,0.1094,33.1,-0.1205,,,31.29,0.1094,,,,,True,MOMENTUM,2026-08-01T22:52:05.632749,-0.3504,,,,0.3968,0.3393,0.3968,0.2818,0.0519,2026-08-01T22:15:15.091213,,,,,,2026-08-01T22:32:58.866879,0.3968,2026-08-01T22:22:47.700864,0.2818,2026-08-01T22:23:03.893698,0.2244,2026-08-01T22:22:44.678579,0.3393,2026-08-01T22:23:03.893698,0.2244,2026-08-01T22:22:59.802560,0.2818,2026-08-01T22:17:13.258026,0.2818,0.4338,trailing,33.47,,,,,,,,,,0.3966,stretch,33.47,,,,,,,0.1094,ema13,65.04,,,,0.4945,0.4945,0.5115,33.28,0.3391,33.74,,,,,,,,,,,,,0.49453845383719286,atr,False,,,,False,,,,,,,,,-0.1779,1.81,,,2026-08-01T21:42:05,2026-08-01T22:15:57.890819,RUNNER_TRAIL,MAKER,TAKER,True,
10,,ICNTUSDT,SHORT,CLOSED,0.123,0.1239,0.123,798.584327795,20.0,15971.6865559,129851.11021056911,STRONG_BUY,0.611,0.4169,0.2309,74.97,42.66,32.7256,31.8943,2.3407,2.3968,BEARISH,0.2685,,47.742356071721126,49.54285100420343,46.83913300198434,44.10545606505875,41.2494940008123,0.1194,25.4,26.3,False,False,False,False,False,False,False,False,False,False,True,False,False,False,False,True,True,,,,,2.3697,36.4,54.5,95.1,0.8313,1.0,STRONG_BEAR,STRONG_BEAR,,-0.2707,43.669373852564455,17.180220164163046,0.7683,-0.8348,,-1.0807,3.0612,0.0232,,,,15971686.5559,59,394.3,,False,,,,,,,23950.663306018447,15971.6865559,True,,-0.2707,,,,,,,,,7.187258950155,7.2398486497902805,14.42710759994528,-131.29310678945723,-0.8220365853658521,0.0,-0.8220365853658521,0.123,0.123,0.0,,,,2026-08-01T19:51:53.659249,,NEVER,1,0.45,,False,,0.0,False,,,,2.0,1.0,SPIKE_FADE,False,,,0,,97.9551,0.7308,False,,,,,0.1269,0.123,2026-08-01T19:59:48.709762,2026-08-01T19:52:47.454777,-0.09,-3.2607,0.89,7.91,0.02,-0.8217,-2.529,0.0,,,,,,,,,,,,,,SPIKE_FADE,2026-08-01T19:56:40.619791,-2.0412,,,,-0.1713,-2.4477,-2.2038,-0.8217,-1.3095,,,,,,,,,,,,,,,,,,,,,-2.529,window,,,,,,,,,,,-2.529,window,,,,,,,,-2.529,window,,,,,,,-2.529,,-2.529,,,,,,,,,,,,,,,,False,,,,False,,,,,,,,,,,,,2026-08-01T19:51:46,2026-08-01T19:51:53.662781,STOP_LOSS L1,TAKER,TAKER,True,
9,,EGLDUSDT,SHORT,CLOSED,2.735,2.722,2.721,132.94559805,20.0,2658.911961,972.1798760511882,STRONG_BUY,0.2448,0.097,0.0772,78.13,51.32,24.5428,21.6664,0.6188,0.6226,NEUTRAL,0.0926,,20.526062769612057,19.4720324852699,43.66834158695725,41.322109222910534,53.85298322199764,0.0203,43.5,43.3,False,False,False,True,False,False,False,False,True,True,True,False,False,False,False,False,True,,,,,5.2304,47.7,20.5,55.2,2.8764,1.0,CHOPPY_FLAT,CHOPPY_FLAT,,-0.0012,57.719132277038966,13.566973191090574,0.2866,0.1329,,0.2344,0.798,-0.0141,,2026-08-01T14:02:33.349599,0.09289762340036173,2658911.961,187,2147.3,,False,1.17,-0.09,1.17,-0.09,6.09,0.2758,23849.55659890912,2658.9119610000002,True,,0.0055,,,,,,,,,1.1965103824499999,1.1908231301751004,2.3873335126251005,10.251004876040248,0.38553382084094695,0.5318519195612397,-0.09,2.735,2.718,0.0,,,2026-08-01T14:14:08.141929,2026-08-01T14:01:24.142139,17.9084,NEVER,1,0.45,,True,,0.0,False,,,,2.0,1.0,SPIKE_FADE,False,,,0,,18.4715,-0.1787,True,,,,,2.726,2.7,2026-08-01T15:00:14.120490,2026-08-01T15:01:12.598747,1.1897,0.2391,42.08,41.11,,,1.0435,,,,,,,,,,,,,,,SPIKE_FADE,,,,,,0.3488,0.3122,0.3488,0.495,0.5316,2026-08-01T14:14:08.141994,,,,,,,,2026-08-01T14:20:27.397923,0.2756,,,2026-08-01T14:53:46.569054,0.4219,,,2026-08-01T14:54:03.691265,0.4219,2026-08-01T14:54:26.794276,0.3488,0.2819,trailing,18.99,,,,,,,,,,1.0435,window,,,,,,,,1.0435,window,,,,,19.4368,,0.3855,17.71,0.3488,53.04,,,,,,,,,,,,,,atr,False,,,,False,,,2026-08-01T14:01:24.326676,-0.09,,,,,,,,,2026-08-01T14:01:23,2026-08-01T14:19:06.763894,RUNNER_TRAIL,TAKER,TAKER,True,
8,,SXTUSDT,SHORT,CLOSED,0.006939,0.006981,0.006977,175.8914768031,20.0,3517.829536062,506964.91368525726,STRONG_BUY,0.0782,0.0725,0.0102,68.21,37.26,22.257,21.4987,0.873,0.8807,NEUTRAL,0.0288,,19.945078785888825,20.80524104938678,45.15231141786537,42.893786115749,57.095221222238635,0.039,40.2,39.8,False,True,False,True,False,False,False,False,False,True,True,False,False,False,False,False,True,,,,,2.1985,20.0,66.7,98.3,0.7584,1.0,CHOPPY_FLAT,CHOPPY_FLAT,,0.0141,38.77297143136818,19.922543546679616,0.3643,0.042,,0.0864,0.9642,-0.0196,,2026-08-01T06:12:40.026094,0.09743118604986298,3517829.536062,160,455.9,,False,7.93,-0.6955,8.0,-0.6955,,,24019.89680990737,3517.829536062,True,,0.0035,,,,,,,,,1.5830232912278999,1.5926049280965515,3.1756282193244516,-24.468154594105442,-0.6955469087764861,0.21277345438824305,-0.6955469087764861,0.006939,0.006918,0.0,,,2026-08-01T06:12:40.026012,2026-08-01T06:23:11.074263,,NEVER,1,0.45,,False,,0.0,False,,,,2.0,1.0,SPIKE_FADE,False,,,0,,25.274,0.9402,True,,,,,0.00702,0.006944,2026-08-01T07:07:36.445468,2026-08-01T06:45:29.665260,-0.1621,-1.2573,22.3,44.42,0.01,-0.825,-1.2429,0.0,0.01,-0.825,,,,,,,,,,,,SPIKE_FADE,,,,,,-0.897,-0.6232,-0.6376,-0.4359,-0.407,,,,,,,,,,,,,,,,,,,,,-1.2429,window,,,,,,,,,,,-1.2429,window,,,,,,,,-1.2429,window,,,,,,,-1.2429,,-1.2429,,,,,,,,,,,,,,,,False,,,,False,,,2026-08-01T06:04:42.391100,-0.09,2026-08-01T06:11:12.730749,-0.0323,,,,,,,2026-08-01T06:04:40,2026-08-01T06:23:11.077302,STOP_LOSS L1,TAKER,TAKER,True,
7,,EGLDUSDT,SHORT,CLOSED,2.685,2.659,2.658,108.90967985,20.0,2178.193597,811.2452875232774,STRONG_BUY,0.2571,0.1234,0.0853,82.58,46.09,19.5892,15.3622,0.7833,0.7895,BEARISH,0.1014,,21.883147329579806,20.195160727192864,31.7745813188952,29.1365810172191,50.79714550019434,0.0589,31.2,32.5,False,False,False,True,False,False,False,False,False,True,False,False,False,False,False,False,False,,,,,5.8072,31.1,44.4,58.3,4.227,2.0,HEALTHY_BEAR,HEALTHY_BEAR,,-0.0505,63.90557646131193,9.321510129147761,0.2791,-0.0012,,0.0314,0.9999,-0.0981,,2026-08-01T00:00:54.207352,,2178193.597,217,2146.7,,False,0.12,0.6552,0.12,0.6552,0.12,0.6552,23851.157790102523,2178.193597,True,,-0.0505,,,,,,,,,0.98018711865,0.9706955487859774,1.9508826674359774,19.141494808169433,0.8787783985102512,1.0278212290502886,-0.09,2.685,2.655,0.0,,,2026-08-01T00:00:54.659414,,,NEVER,1,0.45,,True,,0.0,False,,,,2.0,1.0,SPIKE_FADE,False,,,0,,21.2785,-0.1787,False,,,,,2.696,2.654,2026-08-01T00:45:04.761612,2026-08-01T00:01:20.677239,1.0646,-0.4997,0.37,44.11,,,-0.388,,,,,,,,,,,,,,,SPIKE_FADE,2026-08-01T00:05:19.054995,0.8411,,,,0.7666,0.8411,0.8039,0.8039,0.3197,2026-08-01T00:00:54.207287,,2026-08-01T00:00:54.659465,,,,2026-08-01T00:01:52.838186,0.7666,2026-08-01T00:01:53.843973,0.7666,2026-08-01T00:01:53.843973,0.7666,2026-08-01T00:01:53.843973,0.7666,2026-08-01T00:01:53.843973,0.7666,2026-08-01T00:02:47.231514,0.8039,2026-08-01T00:02:32.164962,0.7294,0.8146,trailing,0.93,,,,,,,,,,-0.388,window,,,,,,,,-0.388,window,,,,,21.5069,,0.8788,0.06,0.7666,0.93,,,,,,,,,,,,,,atr,False,,,,False,,,,,,,,,,,,,2026-08-01T00:00:47,2026-08-01T00:00:57.943700,RUNNER_TRAIL,TAKER,TAKER,True,
6,,ADAUSDT,LONG,CLOSED,0.1708,0.1721,0.1723,287.56559926208917,1.0,287.56559926208917,1683.639339941974,VERY_STRONG,0.2761,0.0513,0.0908,66.57,62.08,31.8322,31.6802,0.1982,0.1985,BULLISH,0.108,0.0713,21.8586,20.9846,69.9,68.3,58.2,0.1294,32.9,25.7,False,False,False,False,False,False,False,False,False,False,False,False,False,False,False,False,False,UNMATCHED,,,0.5203,0.5734,77.8,8.9,77.3,0.152,3.0,HEALTHY_BULL,BULL_EXHAUSTED,,-0.0271,26.27496971284615,12.99750419551341,0.3683,0.3247,-0.000129,0.4358,0.3409,0.1725,-0.4318,2026-07-31T17:54:51.375723,,125611304.5515,16,2373.4,,False,7.53,0.1126,7.96,0.1126,13.47,0.2881,287.56559926208917,125611.3045515,False,,0.0944,,,,,,,,,0.05176180786717605,0.13038944868180619,0.18215125654898223,2.0065798853755763,0.6977816159250558,1.1074332552693218,-0.12152166276347585,0.1728,0.1708,0.0,1.0773,0.3196,2026-07-31T18:01:03.308310,2026-07-31T17:46:54.503899,0.0812,NEVER,1,0.45,,True,,-0.0585,False,,,,0.5,0.05,ADXMAX_PROBE,False,,,0,,0.675,0.3196,True,,,,,0.1725,0.1708,2026-07-31T18:03:49.820797,2026-07-31T18:39:55.361472,0.9323,-0.063,2.71,38.8,40.56,0.2297,0.4639,0.9323,11.35,0.3468,15.0,0.4054,,,,,,,,,False,MOMENTUM,2026-07-31T18:30:07.454036,0.1712,,,,0.6396,0.7567,0.4054,0.4054,0.3468,2026-07-31T18:01:00.971258,,2026-07-31T18:01:03.289398,,,,2026-07-31T18:04:49.237719,0.6981,2026-07-31T18:04:46.224479,0.6981,2026-07-31T18:04:49.237719,0.6981,2026-07-31T18:05:02.390801,0.6396,2026-07-31T18:05:04.406499,0.4639,2026-07-31T18:05:04.406499,0.4639,2026-07-31T18:05:05.415768,0.4639,0.8574,trailing,14.15,,,,,,,,,,0.581,stretch,14.61,,,,,,,0.4054,stretch,18.23,,,,1.0773,1.0773,0.7563,14.15,0.6978,14.21,,,,,,,,,,,,,0.8478083168382391,atr,False,,,,False,,,,,,,,,,,,,2026-07-31T17:46:54,2026-07-31T18:01:06.839239,RUNNER_TRAIL,MAKER,TAKER,True,
5,,EVAAUSDT,SHORT,CLOSED,0.8859,0.8822,0.8805,905.7249170654999,20.0,18114.498341309998,20447.565573213677,STRONG_BUY,0.5778,0.3166,0.159,69.17,44.85,24.5125,23.3983,2.658,2.7306,BEARISH,0.2127,,49.621069570618474,46.76770074356964,10.212203138329997,10.12748415876365,18.228792009989462,0.2729,18.1,25.0,False,False,False,False,False,True,False,False,False,True,True,False,True,False,False,True,True,,,,,2.2143,40.9,43.2,98.0,1.1142,1.0,BEAR_EXHAUSTED,BEAR_EXHAUSTED,,-0.7194,32.7615520092634,14.378282381026718,1.3261,0.6343,,1.1551,3.2197,-0.7664,,2026-07-31T14:23:02.949768,,18114498.34131,60,301.2,,False,0.12,0.2262,0.12,0.2262,0.13,0.294,22400.0,18114.498341309998,True,,-0.7194,,,,,,,,,8.151524253589498,8.117479056910097,16.269003310499595,59.386989310391755,0.32784230725815966,0.9941313918049499,-0.08999999999999998,0.8859,0.8763,0.0,,,2026-07-31T14:23:04.663830,,,NEVER,1,0.45,,True,,0.0,False,,,,2.0,1.0,SPIKE_FADE,False,,,0,,1.9119,0.0504,False,,,,,0.9077,0.8744,2026-07-31T14:29:09.286455,2026-07-31T14:44:59.915345,1.2081,-2.5508,21.51,5.67,,,-0.5415,,,,,,,,,,,,,,,SPIKE_FADE,,,,,,0.8243,0.3615,-2.0315,0.2486,0.0229,2026-07-31T14:23:04.648084,,,,,,2026-07-31T14:24:43.458638,0.5986,2026-07-31T14:24:35.426701,0.6211,2026-07-31T14:24:43.458638,0.5986,2026-07-31T14:25:01.642478,0.418,2026-07-31T14:25:01.642478,0.418,2026-07-31T14:25:01.642478,0.418,2026-07-31T14:25:31.823836,0.3954,0.7441,trailing,0.03,,,,,,,,,,-0.3158,stretch,3.29,,,,,,,-0.7,hard_sl,3.35,,,,2.821,,0.3278,0.42,-0.3158,3.29,,,,,,,,,,,,,,atr,False,,,,False,,,,,,,,,,,,,2026-07-31T14:22:56,2026-07-31T14:23:28.421779,RUNNER_TRAIL,TAKER,TAKER,True,
