id,binance_order_id,pair,direction,status,entry_price,exit_price,current_price,investment,leverage,notional_value,quantity,confidence,entry_gap,entry_ema_gap_5_8,entry_ema_gap_8_13,entry_rsi,entry_rsi_prev,entry_adx,entry_adx_prev,entry_ema5_stretch,entry_price_vs_ema5_pct,entry_macro_trend,entry_ema20_slope,entry_btc_ema20_slope,entry_btc_adx,entry_btc_adx_prev,entry_btc_rsi,entry_btc_rsi_prev,entry_btc_rsi_prev6,entry_btc_atr_pct,entry_btc_rsi_1h,entry_btc_rsi_1h_prev,entry_pattern_c1_match,entry_pattern_c2_match,entry_pattern_c3_match,entry_pattern_c4_match,entry_pattern_c5_match,entry_pattern_c6_match,entry_pattern_c7_match,entry_pattern_c8_match,entry_pattern_c9_match,entry_pattern_c_any_match,entry_pattern_w1_match,entry_pattern_w2_match,entry_pattern_w3_match,entry_pattern_w4_match,entry_pattern_w5_match,entry_pattern_w6_match,entry_pattern_w_any_match,pattern_cell_source,pattern_fixed_tp_pct,pattern_fixed_sl_pct,entry_global_volume_ratio,entry_pair_volume_ratio,entry_bull_pct,entry_bear_pct,entry_range_position,entry_adx_delta,entry_quality_score,entry_btc_regime,exit_btc_regime,entry_btc_regime_started_at,entry_btc_trend_gap_pct,entry_pos_di,entry_neg_di,entry_atr_pct,entry_ema50_slope,entry_funding_rate,entry_pair_ema20_ema50_gap_pct,entry_dist_from_ema13_pct,entry_btc_dist_from_ema13_pct,entry_btc_1h_slope,phantom_be_aggr_triggered_at,phantom_be_aggr_would_exit_pnl,entry_pair_volume_24h_usd,entry_pair_rank,entry_pair_age_days,spike_rsi_max,spike_armed,belock_t15_min,belock_tr15,belock_t20_min,belock_tr20,belock_t30_min,belock_tr30,entry_desired_notional,entry_liquidity_cap_notional,liquidity_capped,exit_pair_ema20_ema50_gap_pct,exit_btc_trend_gap_pct,first_cross_ema13_at,first_cross_ema13_pnl_pct,confirmed_cross_ema13_at,confirmed_cross_ema13_pnl_pct,first_cross_ema20_at,first_cross_ema20_pnl_pct,confirmed_cross_ema20_at,confirmed_cross_ema20_pnl_pct,entry_fee,exit_fee,total_fee,pnl,pnl_percentage,peak_pnl,trough_pnl,high_price_since_entry,low_price_since_entry,peak_ema5_gap,peak_ema5_dist_pct,peak_ema5_slope_pct,peak_reached_at,trough_reached_at,trough_ema5_dist_pct,ema5_went_negative,current_tp_level,dynamic_tp_target,no_expansion_last_check,signal_active_at_close,exit_slippage_pct,entry_slippage_pct,closing_in_progress,close_initiated_at,protective_sl_order_id,protective_tp_order_id,cell_multiplier,cell_lev_multiplier,cell_multiplier_source,cell_multiplier_capped,ema13_strict_held_pnl_pct,trailing_first_pullback_pnl_pct,trailing_pullback_resets,trailing_confirmed_at,exit_price_vs_ema5_pct,exit_ema5_slope_pct,exit_ema5_crossed,hard_tp_shadow_leash_pnl,hard_tp_shadow_leash_fired,hard_tp_shadow_ladder_pnl,hard_tp_shadow_ladder_fired,post_exit_running_high,post_exit_running_low,post_exit_running_peak_at,post_exit_running_trough_at,post_exit_peak_pnl,post_exit_trough_pnl,post_exit_peak_minutes,post_exit_trough_minutes,post_exit_signal_lost_minutes,post_exit_pnl_at_signal_lost,post_exit_final_pnl,post_exit_peak_before_signal_lost,post_exit_rsi_exit_minutes,post_exit_rsi_exit_pnl,post_exit_rsi3_exit_minutes,post_exit_rsi3_exit_pnl,post_arm_min_pnl_pct,post_arm_min_pnl_at,post_exit_ema13_cross_minutes,post_exit_ema13_cross_pnl,phantom_ema13_cross_pnl,phantom_ema13_cross_at,phantom_trail_suppress_pnl,phantom_trail_suppress_at,entry_gap_expand_marginal,entry_strategy,post_exit_regime_flip_at,post_exit_regime_flip_pnl_pct,post_exit_signal_regained_minutes,post_exit_pnl_at_signal_regained,post_exit_floor_before_signal_regain,post_exit_pnl_at_1min,post_exit_pnl_at_2min,post_exit_pnl_at_5min,post_exit_pnl_at_15min,post_exit_pnl_at_30min,phantom_be_l1_triggered_at,phantom_be_l1_would_exit_pnl,phantom_be_l2_triggered_at,phantom_be_l2_would_exit_pnl,phantom_regime_change_exit_triggered_at,phantom_regime_change_exit_pnl,phantom_tick_a_triggered_at,phantom_tick_a_pnl,phantom_tick_b_triggered_at,phantom_tick_b_pnl,phantom_tick_c_triggered_at,phantom_tick_c_pnl,phantom_tick_d_triggered_at,phantom_tick_d_pnl,phantom_tick_e_triggered_at,phantom_tick_e_pnl,phantom_tick_f_triggered_at,phantom_tick_f_pnl,phantom_tick_g_triggered_at,phantom_tick_g_pnl,shadow_tight_pnl,shadow_tight_reason,shadow_tight_min,shadow_wide_pnl,shadow_wide_reason,shadow_wide_min,shadow_tierA_pnl,shadow_tierA_reason,shadow_tierA_min,shadow_tierB_pnl,shadow_tierB_reason,shadow_tierB_min,shadow_strpk_pnl,shadow_strpk_reason,shadow_strpk_min,shadow_strpk04_pnl,shadow_strpk04_reason,shadow_strpk04_min,shadow_strpk03_pnl,shadow_strpk03_reason,shadow_strpk03_min,shadow_stren_pnl,shadow_stren_reason,shadow_stren_min,shadow_strpk_signed_pnl,shadow_strpk_signed_reason,shadow_strpk_signed_min,shadow_peak_stretch,shadow_peak_stretch_at_close,shadow_atr05_pnl,shadow_atr05_min,shadow_atr10_pnl,shadow_atr10_min,shadow_atr15_pnl,shadow_atr15_min,shadow_cap025_pnl,shadow_cap025_min,shadow_cap035_pnl,shadow_cap035_min,shadow_cap050_pnl,shadow_cap050_min,shadow_arm035_pnl,shadow_arm035_min,shadow_arm040_pnl,shadow_arm040_min,runner_peak_stretch,runner_trail_bound,signal_lost_flagged,signal_lost_flag_pnl,signal_lost_flagged_at,fl1_origin,fl2_flagged,fl2_flagged_at,fl2_flag_pnl,regime_neutral_hit_at,regime_neutral_pnl,regime_comeback_at,regime_comeback_pnl,regime_opposite_at,regime_opposite_pnl,first_rsi2_pnl,first_rsi2_minutes,first_rsi3_pnl,first_rsi3_minutes,opened_at,closed_at,close_reason,entry_order_type,exit_order_type,is_paper,notes,cf_pnl_current_stack,cf_reprice_note
268,,AINUSDT,SHORT,CLOSED,0.07275,0.0732,0.07316,108.5475707585,20.0,2170.95141517,29841.256565910655,STRONG_BUY,0.0833,0.1784,0.0351,65.06,35.71,32.3581,33.0535,1.4576,1.4791,BEARISH,0.0135,,27.839191682043158,26.85451091546042,33.26545400299173,31.866903075172686,34.74862419627152,0.0961,31.6,34.6,False,False,False,False,False,False,False,False,False,False,False,True,False,False,False,False,True,,,,,2.4336,15.9,70.5,87.6,-0.6954,1.0,HEALTHY_BEAR,STRONG_BEAR,,-0.1552,31.87698868887895,19.822033516577548,0.7703,-0.7749,,-1.0843,1.6959,-0.1184,,,,2170951.41517,204,386.1,,False,,,,,,,13994.053203962494,2170.95141517,True,,-0.162,,,,,,,,,0.9769281368264999,0.9829709912810969,1.9598991281075968,-15.38846458276757,-0.7088350515464,0.14378213058417816,-0.7088350515464,0.07275,0.07258,0.0,,,2026-07-31T12:45:04.155105,2026-07-31T12:45:54.166649,,NEVER,1,0.45,,False,,0.0,False,,,,2.0,1.0,SPIKE_FADE,False,,,0,,6.6478,-1.8026,True,,,,,0.0738,0.07269,2026-07-31T13:11:29.785307,2026-07-31T13:28:43.974995,-0.0075,-1.5333,42.82,25.59,0.02,-0.5161,-0.2412,0.0,,,,,,,,,,,,,,SPIKE_FADE,2026-07-31T12:56:24.419447,-0.2687,,,,-1.1484,-0.9147,-0.5711,-0.8873,-0.6536,,,,,,,,,,,,,,,,,,,,,-0.2412,window,,,,,,,,,,,-0.2412,window,,,,,,,,-0.2412,window,,,,,,,-0.2412,,-0.2412,,,,,,,,,,,,,,,,False,,,,False,,,,,,,,,,,,,2026-07-31T12:44:38,2026-07-31T12:45:54.169669,STOP_LOSS L1,TAKER,TAKER,True,,-15.3885,
267,,PUMPUSDT,LONG,CLOSED,0.002022,0.002009,0.00201,179.69212982715888,1.0,179.69212982715888,88868.51128939609,VERY_STRONG,0.2786,0.0371,0.095,61.53,52.47,22.401,21.9129,0.2664,0.2671,BULLISH,0.0767,0.0308,27.9436,29.2624,61.2,57.2,67.2,0.0893,38.5,37.1,False,False,False,False,False,False,False,False,False,False,False,False,False,False,False,False,False,UNMATCHED,,,0.9038,0.7651,34.1,31.8,83.7,0.4882,2.0,HEALTHY_BULL,HEALTHY_BULL,,-0.0258,30.006424035834634,16.606583773158274,0.4715,0.3239,0.0001,0.4261,0.3996,0.0929,-0.2107,,,71410485.019403,27,386.2,,False,,,,,,,179.69212982715888,71410.485019403,False,,-0.0229,2026-07-31T11:26:51.280757,-0.3866,,,2026-07-31T11:27:01.065463,-0.5349,,,0.08086145842222149,0.08034157763117854,0.16120303605340003,-1.3164936828155485,-0.732638476755687,0.00886745796242659,-0.732638476755687,0.002024,0.002022,0.0,0.2664,-0.0096,2026-07-31T11:25:03.640108,2026-07-31T11:32:09.872984,-0.3121,ENDED_NEG,1,0.45,,False,,-0.0988,False,,,,0.5,0.05,GAPMIN_PROBE,False,-0.38660237388723684,,0,,-0.3121,-0.0318,True,,,,,0.002018,0.002007,2026-07-31T11:54:27.763708,2026-07-31T12:12:09.954250,-0.2878,-0.8318,22.29,39.99,0.01,-0.7329,-0.5846,0.0,0.01,-0.7329,,,,,0.01,-0.7329,-0.6832047477744738,2026-07-31T11:31:57.607860,,,False,MOMENTUM,2026-07-31T11:34:57.259587,-0.6835,,,,-0.634,-0.7329,-0.6835,-0.6835,-0.634,,,,,,,,,,,,,,,,,,,,,-0.5846,window,,,,,,,,,,,-0.5846,window,,,,,,,,-0.5846,window,,,,,,,-0.5846,,-0.5846,,,,,,,,,,,,,,0.2664172227610513,,False,,,,False,,,,,,,,,-0.6338,7.24,-0.6338,7.24,2026-07-31T11:24:40,2026-07-31T11:32:09.875870,STOP_LOSS L1,TAKER_FALLBACK,TAKER,True,,-1.3165,
263,,SNXUSDT,SHORT,CLOSED,0.2125,0.2138,0.2134,183.6963308225,20.0,3673.9266164499995,17289.06643035294,STRONG_BUY,0.0646,0.1218,0.0211,66.34,42.03,25.0475,24.6083,0.7663,0.7722,BEARISH,0.0405,,49.35702556006429,48.62494233026185,36.14515473311222,28.966210186619293,29.71770144012956,0.0992,28.1,28.5,False,False,False,False,False,False,False,False,False,False,False,True,False,False,False,True,True,,,,,1.6391,18.2,72.7,94.7,0.4393,2.0,STRONG_BEAR,STRONG_BULL,,-0.3237,36.131639110514115,19.133214821330384,0.3783,-0.2472,,-0.2243,0.9163,-0.0536,,,,3673926.61645,150,2177.1,,False,,,,,,,14764.970289308412,3673.92661645,True,,-0.2237,,,,,,,,,1.6532669774024997,1.6633810812642564,3.316648058666756,-25.792434418125506,-0.702039999999998,0.19247999999999502,-0.702039999999998,0.2125,0.2119,0.0,,,2026-07-31T10:10:15.296418,2026-07-31T10:30:45.253861,,NEVER,1,0.45,,True,,0.0,False,,,,2.0,1.0,SPIKE_FADE,False,,,0,,2.374,0.0321,True,,,,,0.2151,0.2133,2026-07-31T11:12:48.021788,2026-07-31T10:30:49.479173,-0.4665,-1.3135,0.06,42.04,,,-1.1253,,0.01,-0.6076,,,,,,,,,,,,SPIKE_FADE,2026-07-31T10:30:46.459858,-0.6076,,,,-0.89,-0.7959,-1.0312,-1.1724,-1.0782,,,,,2026-07-31T10:30:31.344933,-0.09,,,,,,,,,,,,,,,-1.1253,window,,,,,,,,,,,-1.1253,window,,,,,,,,-1.1253,window,,,,,,,-1.1253,,-1.1253,,,,,,,,,,,,,,,,False,,,,False,,,2026-07-31T10:21:30.393748,-0.4196,,,2026-07-31T10:30:31.344722,-0.09,,,,,2026-07-31T10:09:34,2026-07-31T10:30:45.256518,STOP_LOSS L1,TAKER,TAKER,True,,-25.7924,
262,,TLMUSDT,SHORT,CLOSED,0.001532,0.001513,0.001509,446.63760626205004,20.0,8932.752125241,5830778.149635118,STRONG_BUY,1.8635,1.0248,0.6758,88.69,45.65,25.5898,21.4051,5.6869,6.0298,BEARISH,0.8496,,44.86816077807579,44.080748206437,27.915057789884926,27.67702122856052,35.45263390412275,0.1035,28.3,30.7,False,False,False,False,False,True,False,False,False,True,True,False,False,False,False,True,True,,,,,4.5836,11.4,86.4,70.9,4.1847,3.0,BEAR_EXHAUSTED,BEAR_EXHAUSTED,,-0.3596,71.66859916784317,7.967238369389099,1.3291,-0.2452,,0.1374,7.8403,-0.1608,,2026-07-31T09:27:54.646497,,8932752.125241,93,1220.4,,False,,,,,,,13878.69201056388,8932.752125241,True,,-0.3617,,,,,,,,,4.01973845635845,3.9698853031790704,7.989623759537521,102.79516108352927,1.1507669712793684,1.6731951697127871,-0.09,0.001532,0.001505,0.0,,,2026-07-31T09:28:57.979798,,,NEVER,1,0.45,,False,,0.0,False,,,,2.0,1.0,SPIKE_FADE,False,,,0,,12.9023,0.1754,False,1.4232,True,1.2,True,0.001539,0.001479,2026-07-31T10:03:38.556423,2026-07-31T09:40:35.385744,3.3695,-0.5469,11.38,34.43,0.01,1.6724,1.2155,0.0,,,,,,,,,,,,,,SPIKE_FADE,,,,,,1.2155,0.4975,1.9335,1.6071,2.3904,2026-07-31T09:28:16.109077,,2026-07-31T09:28:20.463998,,,,2026-07-31T09:29:36.457459,1.0197,2026-07-31T09:29:43.487904,1.0849,2026-07-31T09:29:43.487904,1.0849,2026-07-31T09:30:24.800447,1.1502,2026-07-31T09:30:24.800447,1.1502,2026-07-31T09:30:24.800447,1.1502,2026-07-31T09:30:13.747739,1.2808,0.2477,trailing,0.33,,,,,,,,,,1.6724,signal_lost,1.42,,,,,,,1.6724,signal_lost,1.42,,,,15.4978,,1.6724,1.42,1.6724,1.42,,,,,,,,,,,,,,,False,,,,False,,,,,,,,,,,,,2026-07-31T09:27:41,2026-07-31T09:29:12.202642,HARD_TP_LADDER L2,TAKER,TAKER,True,,102.7952,
261,,ONDOUSDT,SHORT,CLOSED,0.40590000000000004,0.4074,0.4073,173.54778456832648,1.0,173.54778456832648,427.56290852014405,VERY_STRONG,0.3424,0.0982,0.1035,32.8,39.07,34.3317,32.9652,0.227,-0.2265,BEARISH,-0.1534,-0.018,18.0168,18.1075,41.6,45.8,43.6,0.1446,42.1,43.7,True,False,False,False,False,False,False,False,False,True,True,False,False,False,False,False,True,C1,,-0.7,0.828,0.6783,31.8,50.0,12.2,1.3665,3.0,CHOPPY_FLAT,CHOPPY_WEAK,,-0.2418,8.57686314790051,27.2323174452547,0.3645,-0.4338,5e-05,-0.7514,-0.4277,-0.0919,-0.12,2026-07-31T04:23:11.708565,0.0848861788617997,109846414.67699,16,922.6,,False,3.38,-0.5313,3.38,-0.5313,3.71,-0.5313,173.54778456832648,109846.41467699001,False,,-0.2007,2026-07-31T04:30:25.498712,-0.3834,,,2026-07-31T04:34:36.585474,-0.5313,,,0.031238601222298767,0.07838510801899799,0.10962370924129676,-0.7509680720214896,-0.4327154471544582,0.3806585365853717,-0.53130623306232,0.40590000000000004,0.4041,0.0,0.5726,-0.3219,2026-07-31T04:24:06.596631,2026-07-31T04:34:36.585660,-0.2173,ENDED_NEG,1,0.45,,False,,-0.0246,False,,,,0.5,0.05,SLOPEGATE_PROBE,False,-0.38342005420053404,,0,,-0.1643,0.0836,True,,,,,0.4083,0.4045,2026-07-31T05:03:49.369416,2026-07-31T05:34:31.612371,0.2819,-0.6543,32.92,2.22,0.0,-0.4325,0.1095,0.0,0.0,-0.4325,,,,,0.0,-0.4325,,,,,False,MOMENTUM,,,,,,-0.3586,-0.5311,-0.4572,-0.4572,0.0848,,,,,,,,,,,,,,,,,,,,,0.1095,window,,,,,,,,,,,0.1095,window,,,,,,,,0.1095,window,,,,,,,0.1095,,0.1095,,,,,,,,,,,,,,0.5726414822773558,,False,,,,False,,,2026-07-31T04:19:49.818410,-0.063,2026-07-31T04:21:04.466417,-0.1862,,,-0.4574,10.92,-0.4574,10.92,2026-07-31T04:19:49,2026-07-31T05:01:35.545507,EMA13_CROSS_EXIT L1,MAKER,TAKER,True,,-0.751,
260,,ZAMAUSDT,SHORT,CLOSED,0.05231,0.05279,0.05275,173.70717941849068,1.0,173.70717941849068,3320.726045086803,VERY_STRONG,0.5018,0.0857,0.1613,35.25,38.56,31.299,30.8118,0.1326,-0.1324,BEARISH,-0.1948,-0.0906,30.4018,29.7031,32.1,32.2,34.3,0.1639,40.1,41.1,False,False,False,False,False,True,False,False,False,True,False,True,False,False,False,False,True,,,,0.8001,0.9396,13.6,81.8,10.9,0.4872,3.0,STRONG_BEAR,STRONG_BEAR,,-0.4169,12.794668269766946,28.235304091512454,0.5058,-0.8222,5e-05,-1.224,-0.3789,-0.1319,-0.1083,,,36961317.38062,39,202.8,,False,,,,,,,173.70717941849068,36961.31738062001,False,,-0.3847,2026-07-31T03:20:07.758138,-0.5299,,,2026-07-31T03:23:16.573177,-0.7403,,,0.0781682307383208,0.07888550756405954,0.15705373830238034,-1.751002239944027,-1.0080194991397329,0.10125406232078543,-1.0080194991397329,0.05231,0.05221,0.0,0.4738,-0.0548,2026-07-31T03:22:00.640774,2026-07-31T03:23:43.573040,-0.6806,ENDED_NEG,1,0.45,,True,,0.0191,False,,,,0.5,0.05,DEEPGAP_PROBE,False,-0.5298843433377958,,0,,-0.6806,-0.1057,True,,,,,0.05311,0.0516,2026-07-31T03:24:53.655813,2026-07-31T04:01:10.427597,1.2673,-1.6193,37.44,1.16,1.21,-1.4664,0.5982,0.0,1.21,-1.4664,43.31,0.3115,,,1.21,-1.4664,,,,,False,MOMENTUM,2026-07-31T03:31:42.262795,-0.1665,,,,-1.1223,-1.562,-0.6062,0.4835,0.4835,,,,,,,2026-07-31T03:41:28.073326,0.2541,2026-07-31T03:41:26.062428,0.235,2026-07-31T03:41:27.067705,0.2541,2026-07-31T03:41:26.062428,0.235,2026-07-31T03:41:27.067705,0.2541,2026-07-31T03:41:26.062428,0.235,2026-07-31T03:41:27.067705,0.2541,0.4644,ema13,20.21,,,,,,,,,,0.4644,ema13,20.21,,,,,,,0.4644,ema13,20.21,,,,0.7574,,0.4644,20.21,0.4644,20.21,,,,,,,,,,,,,0.4545380666553055,,False,,,,False,,,,,,,,,,,,,2026-07-31T03:17:34,2026-07-31T03:23:43.576257,STOP_LOSS_WIDE L1,TAKER_FALLBACK,TAKER,True,,-1.751,
257,,EULUSDT,LONG,CLOSED,1.4721,1.491,1.4932,353.7084459975894,20.0,7074.168919951789,4805.494816895448,VERY_STRONG,0.3922,0.0765,0.1351,57.03,56.81,30.9847,30.5654,0.0454,0.0454,BULLISH,0.1529,0.0601,28.0817,26.726,65.1,70.6,74.4,0.1125,55.8,55.6,False,False,False,False,False,True,False,False,False,True,False,False,False,True,False,False,True,,,,0.7006,0.6041,63.6,22.7,51.3,0.4193,4.0,STRONG_BULL,BULL_EXHAUSTED,,0.1909,27.633686125673062,12.87439765729968,0.9639,0.2891,-0.000124,0.3801,0.2572,0.0883,0.0693,2026-07-30T09:13:22.096603,0.09332891787243712,77751557.59916,23,289.8,,False,0.85,-0.1172,0.87,-0.1172,5.7,0.297,7074.168919951789,77751.55759916,False,,0.2339,,,,,,,,,3.1833760139783047,3.2242467473960006,6.407622761374306,84.41622927795032,1.1933024251069992,1.7636590584878815,-0.12394979960600126,1.4994,1.4721,0.0,1.4043,0.6524,2026-07-30T09:21:58.428103,2026-07-30T09:12:37.728203,0.1744,NEVER,1,0.45,,True,,0.1633,False,,,,1.0,1.0,NONEXP_CALM3D,False,,,0,,0.8488,0.6524,True,1.5137,True,1.2,True,1.533,1.4863,2026-07-30T09:25:43.030726,2026-07-30T10:00:53.724406,4.0469,0.8746,3.58,38.76,39.32,1.2618,2.7019,4.0469,14.99,2.2943,16.85,1.5132,,,39.35,1.2414,,,,,False,MOMENTUM,,,,,,2.0362,2.3215,2.4506,2.3283,1.9071,2026-07-30T09:18:21.653194,,2026-07-30T09:19:08.020273,,,,2026-07-30T09:25:05.449663,2.2672,2026-07-30T09:25:17.637929,2.2672,2026-07-30T09:25:17.637929,2.2672,2026-07-30T09:26:58.266441,2.831,2026-07-30T09:26:58.266441,2.831,2026-07-30T09:26:59.279105,2.5661,2026-07-30T09:27:18.740047,2.3487,0.8415,trailing,6.88,,,,,,,,,,0.8742,stretch,7.86,,,,,,,1.8188,stretch,22.89,,,,3.0608,1.4043,1.2816,9.59,2.9533,14.11,,,,,,,,,,,,,1.3582271608880936,,False,,,,False,,,,,,,,,,,,,2026-07-30T09:12:30,2026-07-30T09:22:08.055712,HARD_TP_LADDER L2,TAKER_FALLBACK,TAKER,True,,168.8325,calm3d 1x->2x
256,,UNIUSDT,LONG,CLOSED,4.028,4.038,4.039,353.7084459975894,20.0,7074.168919951789,1756.248490554069,VERY_STRONG,0.2385,0.0199,0.0813,55.55,60.2,26.0019,26.1183,0.0481,-0.048,BULLISH,0.1085,0.0601,28.0817,26.726,65.1,70.6,74.4,0.1125,55.8,55.6,False,False,False,False,False,True,False,False,False,True,False,False,False,False,False,False,False,,,,0.7006,0.3944,63.6,22.7,59.8,-0.1164,2.0,STRONG_BULL,STRONG_BULL,,0.1909,25.787483242106312,15.64208927285304,0.4041,0.3884,-0.000124,0.4389,0.0531,0.0883,0.0693,2026-07-30T10:34:42.353843,,107504652.506,17,2141.1,,False,82.52,0.1333,82.54,0.1333,83.6,0.1582,7074.168919951789,107504.652506,False,,0.3179,2026-07-30T09:13:51.045632,-0.2637,2026-07-30T09:34:17.054541,-0.3878,2026-07-30T09:29:19.265037,-0.3382,2026-07-30T09:46:35.611407,-0.487,3.1833760139783047,3.191279132185799,6.374655146164104,11.187829759377772,0.1581504468719135,0.5800062065541247,-0.6359309831181568,4.055,4.028,0.0,0.6151,0.3007,2026-07-30T10:35:46.326314,2026-07-30T09:32:22.104263,-0.3296,RECOVERED,1,0.45,,True,,0.0994,False,,,,1.0,1.0,NONEXP_CALM3D,False,-0.2637053128103196,,0,,0.1174,0.2636,True,,,,,4.104,4.034,2026-07-30T11:19:12.965604,2026-07-30T10:40:19.955328,1.7968,0.059,41.6,2.72,,,1.6727,,,,,,,,,,-0.2885203574975176,2026-07-30T09:29:49.161455,,,False,MOMENTUM,2026-07-30T10:55:13.420762,0.63,,,,0.1334,0.1086,0.481,0.6548,0.8286,2026-07-30T10:35:46.303772,0.18296549155908942,,,,,2026-07-30T10:49:14.468890,0.5058,2026-07-30T10:46:11.248600,0.5555,2026-07-30T10:46:24.315522,0.5803,2026-07-30T10:46:11.248600,0.5555,2026-07-30T10:46:14.261812,0.5555,2026-07-30T10:49:14.468890,0.5058,2026-07-30T10:46:13.257055,0.5555,0.3052,trailing,83.58,,,,,,,,,,0.2326,stretch,83.58,,,,,,,1.6727,window,,,,,0.6983,0.6151,0.2326,83.58,0.1582,85.42,,,,,,,,,,,,,0.5660949944902485,atr,False,,,,False,,,,,,,,,-0.1148,4.42,-0.487,21.23,2026-07-30T09:12:10,2026-07-30T10:37:36.582867,RUNNER_TRAIL,TAKER_FALLBACK,TAKER,True,,22.3757,calm3d 1x->2x
255,,ONDOUSDT,LONG,CLOSED,0.4128,0.4155,0.4158,356.2778279231825,20.0,7125.55655846365,17261.522670696824,VERY_STRONG,0.5608,0.136,0.2036,64.49,73.33,27.8839,27.0378,0.0006,0.0006,BULLISH,0.2539,0.0915,23.5967,21.9979,69.6,70.4,68.7,0.1226,55.9,49.1,False,False,False,False,False,False,False,False,False,False,False,False,False,False,False,False,False,UNMATCHED,,,0.766,1.1224,59.1,29.5,79.5,0.8461,3.0,HEALTHY_BULL,BULL_EXHAUSTED,,0.1554,30.131200770936033,13.259564129249757,0.4331,0.5168,4.7e-05,0.782,0.3404,0.1781,0.0278,2026-07-30T08:56:58.358286,0.08228343023255556,96298895.15364,19,921.8,,False,3.61,0.0339,3.77,0.0339,5.92,0.1307,7125.55655846365,96298.89515364,False,,0.2339,,,,,,,,,1.282600180523457,3.227473201353538,4.510073381876995,42.09603782900409,0.5907754360465068,1.0266257267441872,-0.13564171511628453,0.4173,0.4128,0.0,0.3942,0.3565,2026-07-30T09:19:08.590945,2026-07-30T08:53:13.121699,-0.0964,ENDED_NEG,1,0.45,,True,,-0.0242,False,,,,1.0,1.0,UNMATCHED,False,,,0,,-0.0837,0.3124,True,,,,,0.4234,0.4134,2026-07-30T10:02:08.359974,2026-07-30T09:42:08.441018,2.5048,0.0823,39.76,19.76,20.33,0.2277,1.4389,0.8333,1.69,0.6153,,,,,20.33,0.2277,,,,,True,MOMENTUM,,,,,,0.5911,0.5911,0.6637,0.3488,1.5116,2026-07-30T09:02:51.402555,,2026-07-30T09:18:51.833417,,,,2026-07-30T09:30:11.523027,0.373,2026-07-30T09:22:35.648245,0.5668,2026-07-30T09:22:36.665427,0.5426,2026-07-30T09:22:35.648245,0.5668,2026-07-30T09:22:37.689080,0.5426,2026-07-30T09:25:14.594433,0.4457,2026-07-30T09:22:37.689080,0.5426,0.4618,trailing,14.42,,,,,,,,,,0.4697,stretch,11.84,,,,,,,0.2277,ema13,49.5,,,,1.0021,0.4392,0.4939,14.36,0.5908,29.16,,,,,,,,,,,,,0.4391671797186347,atr,False,,,,False,,,,,,,,,0.1791,3.74,,,2026-07-30T08:53:12,2026-07-30T09:22:22.514881,RUNNER_TRAIL,MAKER,TAKER,True,,42.096,
253,,MIRAUSDT,SHORT,CLOSED,0.0415,0.04132,0.04126,418.13706835100004,20.0,8362.74136702,201511.8401691566,STRONG_BUY,0.4382,0.2492,0.1443,78.39,31.54,27.0318,24.3491,1.8089,1.8422,NEUTRAL,0.1738,,13.538993283432445,13.39841791936267,43.8125557743633,45.56684674415512,42.16436355327828,0.1068,49.2,49.1,False,False,False,False,False,False,False,False,False,False,True,False,False,False,False,False,True,,,,,4.4943,18.2,54.5,76.3,2.6827,2.0,CHOPPY_WEAK,CHOPPY_WEAK,,-0.0398,62.106227509323155,14.61216522554854,0.5081,-0.1063,,-0.1222,2.2434,-0.0501,,2026-07-30T08:02:36.721674,,8362741.36702,101,306.8,,False,,,,,,,13960.936067083714,8362.74136702,True,,-0.0398,,,,,,,,,3.7632336151590002,3.746911156105298,7.510144771264298,28.761986459183813,0.3439301204819267,0.6091096385542301,-0.09,0.0415,0.04121,0.0,,,2026-07-30T08:02:36.886446,,,NEVER,1,0.45,,True,,0.0,False,,,,2.0,1.0,SPIKE_FADE,False,,,0,,8.1586,-0.7192,False,,,,,0.04244,0.04127,2026-07-30T08:28:33.675381,2026-07-30T08:03:02.480090,0.4642,-2.3551,0.32,25.84,,,-0.4755,,,,,,,,,,,,,,,SPIKE_FADE,,,,,,-0.2346,-0.3069,-0.1141,-1.102,-1.8008,2026-07-30T08:02:36.721644,,,,,,2026-07-30T08:03:22.598069,0.0787,2026-07-30T08:03:07.515660,0.2955,2026-07-30T08:03:07.515660,0.2955,2026-07-30T08:03:22.598069,0.0787,2026-07-30T08:03:22.598069,0.0787,2026-07-30T08:03:22.598069,0.0787,,,0.3591,trailing,0.1,,,,,,,,,,-0.7,hard_sl,12.71,,,,,,,-0.7,hard_sl,12.71,,,,8.2896,,0.3439,0.1,0.0787,0.75,,,,,,,,,,,,,,atr,False,,,,False,,,2026-07-30T08:02:30.190845,-0.09,,,,,,,,,2026-07-30T08:02:29,2026-07-30T08:02:42.902283,RUNNER_TRAIL,TAKER_FALLBACK,TAKER,True,,28.762,
252,,TWTUSDT,SHORT,CLOSED,0.3743,0.3726,0.3725,169.260168185,20.0,3385.2033637,9044.091273577344,STRONG_BUY,0.286,0.1048,0.0881,74.67,48.79,28.1308,25.6947,0.8567,0.8641,BEARISH,0.1052,,10.450890280371997,10.625408627228822,40.71512019843971,44.91412981754269,47.434141488650944,0.1012,48.3,49.7,False,False,False,False,False,False,False,False,False,False,True,False,False,False,False,False,True,,,,,5.8438,31.8,47.7,69.7,2.4361,3.0,CHOPPY_WEAK,CHOPPY_WEAK,,-0.0648,52.58572448759957,13.22878632785773,0.3633,0.2421,,0.3485,1.0588,-0.0771,,2026-07-30T06:55:11.295720,,3385203.3637,159,999.7,,False,,,,,,,13837.936425763057,3385.2033637,True,,-0.0648,,,,,,,,,1.523341513665,1.5164227838407132,3.0397642975057133,12.335190867576085,0.3643855196366643,0.551485439487046,-0.09,0.3743,0.3719,0.0,,,2026-07-30T06:55:39.423653,,,NEVER,1,0.45,,,,0.0,False,,,,2.0,1.0,SPIKE_FADE,False,,,0,,,,False,,,,,0.3735,0.3678,2026-07-30T06:59:43.088669,2026-07-30T07:34:36.624345,1.6466,0.1237,38.59,3.7,,,1.4863,,,,,,,,,,,,,,,SPIKE_FADE,,,,,,0.4443,0.6313,0.284,0.6848,1.3527,2026-07-30T06:55:39.422200,,,,,,2026-07-30T06:59:45.101858,0.1237,2026-07-30T06:58:40.785439,0.4978,2026-07-30T06:58:43.798607,0.4443,2026-07-30T06:58:45.807649,0.4443,2026-07-30T06:59:10.935835,0.1772,2026-07-30T06:58:57.860909,0.3909,2026-07-30T06:59:07.918067,0.3642,0.3813,trailing,3.74,,,,,,,,,,1.4863,window,,,,,,,,1.4863,window,,,,,,,0.3644,0.82,0.1772,3.99,,,,,,,,,,,,,,atr,False,,,,False,,,,,,,,,,,,,2026-07-30T06:55:04,2026-07-30T06:56:00.614361,RUNNER_TRAIL,TAKER_FALLBACK,TAKER,True,,12.3352,
251,,HYPEUSDT,LONG,CLOSED,54.276,53.935,53.937,173.08294820164753,1.0,173.08294820164753,3.188940751006845,STRONG_BUY,0.2643,0.078,0.0933,58.97,60.04,20.171,19.3404,0.0524,0.0525,BULLISH,0.1241,0.1285,24.029,22.377,67.9,69.8,49.8,0.1599,53.1,44.3,False,False,False,False,False,False,False,False,False,False,False,False,False,False,False,False,False,UNMATCHED,,,1.3213,0.8464,88.6,11.4,83.2,0.8306,6.0,HEALTHY_BULL,STRONG_BULL,,0.1086,28.566832484444767,15.05687096080884,0.2867,0.1875,-7.4e-05,0.2945,0.224,0.3763,-0.028,,,399278807.91657,7,425.6,,False,,,,,,,173.08294820164753,399278.80791657,False,,0.2883,2026-07-30T01:59:42.512602,-0.2582,2026-07-30T02:30:28.772543,-0.5639,2026-07-30T02:09:48.428007,-0.3337,2026-07-30T02:31:07.457999,-0.586,0.031154930676296558,0.07739798373249938,0.10855291440879594,-1.1959817105021335,-0.6909876004127075,0.062229198909274516,-0.6909876004127075,54.344,54.276,0.0,0.1818,0.2028,2026-07-30T01:55:21.353826,2026-07-30T02:56:25.768545,-0.2399,ENDED_NEG,1,0.45,,False,,-0.0018,False,,,,0.5,0.05,DBDOWN_PROBE,False,-0.2582102218291724,,0,,-0.2399,0.0061,True,,,,,54.052,53.818,2026-07-30T03:35:05.273632,2026-07-30T03:14:22.426583,-0.4757,-0.9068,38.65,17.94,0.01,-0.6931,-0.7521,0.0,0.83,-0.765,17.53,-0.8645,,,0.01,-0.6931,-0.3337160623480093,2026-07-30T02:10:51.303885,,,True,MOMENTUM,2026-07-30T03:00:24.069889,-0.765,,,,-0.7521,-0.8239,-0.7281,-0.8073,-0.6231,,,,,,,,,,,,,,,,,,,,,-0.7521,window,,,,,,,,,,,-0.7521,window,,,,,,,,-0.7521,window,,,,,,,-0.7521,,-0.7521,,,,,,,,,,,,,,0.1818050027553518,,False,,,,False,,,,,,,,,-0.0667,5.57,-0.4792,35.32,2026-07-30T01:52:12,2026-07-30T02:56:25.771307,STOP_LOSS L1,MAKER,TAKER,True,,-1.196,
250,,BCHUSDT,SHORT,CLOSED,208.26,209.55,209.55,354.9606577299373,20.0,7099.213154598746,34.08822219628708,STRONG_BUY,0.3856,0.1177,0.1581,33.33,40.58,29.6836,29.6322,0.1916,-0.1912,BEARISH,-0.1571,-0.0536,22.6466,23.2961,39.9,39.9,35.8,0.1473,44.3,44.3,False,False,False,False,False,False,False,False,False,False,False,True,False,False,False,False,True,,,,0.9761,0.9553,40.9,38.6,2.4,0.0513,4.0,HEALTHY_BEAR,CHOPPY_FLAT,,-0.1029,17.154770717159124,32.105851453859756,0.2797,-0.052,-0.000105,-0.0431,-0.4663,-0.145,-0.1041,,,53791876.45,34,2414.7,,False,,,,,,,7099.213154598746,53791.87645,False,,-0.0556,2026-07-30T01:30:29.181649,-0.5146,,,2026-07-30T01:30:47.698692,-0.6106,,,1.2778583678277744,3.214434132554381,4.492292500382155,-48.46609913359318,-0.6826967732641989,0.0,-0.6826967732641989,208.26,208.26,0.0,,,,2026-07-30T01:33:11.559826,-0.2525,ENDED_NEG,1,0.45,,False,,-0.0048,False,,,,1.0,1.0,,False,-0.5145619898204157,,0,,-0.2143,0.1747,True,,,,,210.83,209.55,2026-07-30T02:01:09.729284,2026-07-30T01:33:31.050040,-0.6824,-1.297,0.04,27.69,10.7,-0.9417,-0.9897,0.0,10.7,-0.9417,22.46,-1.1722,,,10.7,-0.9417,,,,,False,MOMENTUM,2026-07-30T01:44:10.159025,-0.9417,,,,-0.7352,-0.8553,-0.8649,-1.0233,-1.0473,,,,,,,,,,,,,,,,,,,,,-0.9897,window,,,,,,,,,,,-0.9897,window,,,,,,,,-0.9897,window,,,,,,,-0.9897,,-0.9897,,,,,,,,,,,,,,0.18676411303162077,,False,,,,False,,,2026-07-30T01:25:27.615762,-0.4233,,,,,-0.2167,3.76,-0.2696,5.61,2026-07-30T01:16:43,2026-07-30T01:33:28.418838,EMA13_CROSS_EXIT L1,MAKER,TAKER,True,,-48.4661,
248,,DEXEUSDT,LONG,CLOSED,2.821,2.789,2.794,187.55815128173992,1.0,187.55815128173992,66.4864059843105,STRONG_BUY,0.4041,0.0486,0.1385,58.33,52.08,21.0193,20.5793,0.149,0.1492,BULLISH,0.1395,0.1121,28.8707,28.5429,65.5,65.6,64.9,0.2052,49.8,46.8,False,False,False,False,False,False,False,False,False,False,False,False,False,False,False,False,False,UNMATCHED,,,0.4345,0.5534,86.4,9.1,75.5,0.44,5.0,STRONG_BULL,HEALTHY_BULL,,0.0991,23.223548837512986,13.424260656233548,0.886,0.5838,-8.8e-05,0.7079,0.3367,0.2414,-0.1263,,,110085645.47063,20,582.5,,False,,,,,,,187.55815128173992,110085.64547063001,False,,0.1041,2026-07-29T22:30:54.467078,-0.3819,2026-07-29T22:39:36.767443,-0.8425,2026-07-29T22:31:58.030970,-0.5945,,,0.03376046723071319,0.08344376383060889,0.11720423106132208,-2.2447692225592597,-1.1968390641616458,0.0,-1.1968390641616458,2.821,2.821,0.0,,,,2026-07-29T22:42:22.615246,-0.5173,ENDED_NEG,1,0.45,,False,,-0.0354,False,,,,0.5,0.05,GAPMIN_PROBE,False,-0.3818922367954746,,0,,-0.5173,-0.4375,True,,,,,2.831,2.78,2026-07-29T23:18:55.730207,2026-07-29T23:06:16.911491,0.2915,-1.5164,36.54,23.89,0.01,-1.091,0.0433,0.0,1.39,-0.9138,23.79,-1.4455,,,0.01,-1.091,-0.7362169443459811,2026-07-29T22:36:21.042470,,,False,MOMENTUM,,,,,,-1.0556,-0.9847,-1.1619,-1.0556,-0.382,,,,,,,,,2026-07-29T23:20:13.228715,0.0433,,,2026-07-29T23:20:13.228715,0.0433,2026-07-29T23:20:13.228715,0.0433,,,,,0.0433,window,,,,,,,,,,,0.0433,window,,,,,,,,0.0433,window,,,,,,,0.0433,,0.0433,,,,,,,,,,,,,,0.007296263884099429,,False,,,,False,,,,,,,,,-0.9842,9.31,-0.7362,5.6,2026-07-29T22:30:45,2026-07-29T22:42:22.617874,STOP_LOSS L1,MAKER,TAKER,True,,-2.2448,
247,,LAUSDT,LONG,CLOSED,0.05228,0.05247,0.0525,375.11630256347985,20.0,7502.326051269597,143502.7936356082,STRONG_BUY,0.3889,0.1399,0.172,62.08,55.44,17.9628,18.5802,0.2579,0.2586,BULLISH,0.1684,0.1342,26.3621,25.7479,68.9,64.9,49.6,0.2348,49.5,46.8,False,False,False,False,False,False,False,False,False,False,False,False,False,False,False,False,False,UNMATCHED,,,0.5243,1.1301,88.6,9.1,85.8,-0.6174,3.0,HEALTHY_BULL,STRONG_BULL,,-0.1053,19.552791170889734,16.01815037371237,0.678,-0.1955,-8.8e-05,-0.3646,0.5716,0.477,-0.129,2026-07-29T22:09:33.189491,0.08207249426166756,74757273.958801,28,419.5,,False,1.08,-0.0326,1.19,-0.0326,1.19,-0.0326,7502.326051269597,74757.273958801,False,,0.0991,,,,,,,,,3.3760467230713185,3.388316211927163,6.7643629349984815,20.50116785576746,0.27326415455241526,0.9615541315990853,-0.09,0.05283,0.05228,0.0,0.5114,0.5787,2026-07-29T22:27:51.033936,,,ENDED_NEG,1,0.45,,True,,0.0383,False,,,,1.0,1.0,UNMATCHED,False,,,0,,-0.3153,0.5098,True,,,,,0.05254,0.05169,2026-07-29T22:37:42.926932,2026-07-29T22:52:15.149013,0.4073,-1.2185,6.62,21.16,16.41,-0.6064,-0.2239,0.4073,10.82,0.0056,35.09,-0.6447,,,16.41,-0.6064,,,,,False,MOMENTUM,,,,,,0.2734,-0.0709,0.2734,-0.1091,-0.1665,2026-07-29T22:16:58.337653,,,,,,2026-07-29T22:31:08.779491,0.2352,2026-07-29T22:31:05.743248,0.2926,2026-07-29T22:31:05.743248,0.2926,2026-07-29T22:31:05.743248,0.2926,2026-07-29T22:31:05.743248,0.2926,2026-07-29T22:31:05.743248,0.2926,2026-07-29T22:31:05.743248,0.2926,0.2336,trailing,5.92,,,,,,,,,,0.2159,stretch,5.92,,,,,,,-0.6064,ema13,39.0,,,,0.726,0.726,0.1394,6.81,0.2733,22.58,,,,,,,,,,,,,0.7071330909811191,atr,False,,,,False,,,,,,,,,,,,,2026-07-29T22:08:22,2026-07-29T22:31:05.252331,RUNNER_TRAIL,TAKER_FALLBACK,TAKER,True,,20.5012,
246,,币安人生USDT,SHORT,CLOSED,0.6284,0.6261,0.6255,248.7954962665,20.0,4975.90992533,7918.379893905157,STRONG_BUY,0.1462,0.0689,0.044,69.47,44.63,34.6615,31.8287,0.594,0.5975,BEARISH,0.0497,,32.98102801258776,33.21127119522708,44.31787310958987,43.950492838110584,38.255835698535876,0.2371,40.8,40.7,False,False,False,False,False,False,False,False,False,False,True,True,True,False,False,True,True,,,,,2.561,34.1,54.5,52.3,2.8328,1.0,STRONG_BEAR,HEALTHY_BULL,,-0.416,58.78145450702886,9.773062976777702,0.3689,0.0256,,0.0352,0.7112,-0.0082,,2026-07-29T21:42:03.080996,0.08512651177593727,4975909.92533,133,282.4,,False,,,,,,,7750.083161784029,4975.90992533,True,,-0.2287,,,,,,,,,2.2391594663985,2.2309639432083084,4.470123409606808,13.742150346374805,0.27617361553150366,0.46722071928707004,-0.13776177593890485,0.6284,0.6249,0.0,,,2026-07-29T21:57:07.831146,2026-07-29T21:29:39.241334,,NEVER,1,0.45,,True,,0.0,False,,,,1.0,1.0,SPIKE_FADE,False,,,0,,20.5468,-0.1114,True,,,,,0.6309,0.6258,2026-07-29T22:42:27.706478,2026-07-29T22:00:46.877507,0.3237,-0.4878,0.77,42.45,,,-0.4401,,,,,,,,,,,,,,,SPIKE_FADE,2026-07-29T22:00:00.816625,0.276,,,,0.3078,0.1328,0.0373,-0.1537,-0.1218,,,,,2026-07-29T21:54:23.743060,0.3876,,,2026-07-29T22:02:05.394581,0.0691,,,2026-07-29T22:02:01.321347,0.1328,,,2026-07-29T22:02:05.394581,0.0691,2026-07-29T22:02:05.394581,0.0691,0.2172,trailing,32.65,,,,,,,,,,-0.4401,window,,,,,,,,-0.4401,window,,,,,20.6046,,0.2762,30.79,0.0691,32.86,,,,,,,,,,,,,,atr,False,,,,False,,,2026-07-29T21:35:47.377982,0.1488,,,2026-07-29T21:54:23.742842,0.3876,,,,,2026-07-29T21:29:02,2026-07-29T22:00:00.231619,RUNNER_TRAIL,TAKER_FALLBACK,TAKER,True,,27.4843,fade 1x->2x
245,,HYPEUSDT,SHORT,CLOSED,53.2,53.475,53.474,775.2840970291312,20.0,15505.681940582625,291.4601868530568,STRONG_BUY,0.4953,0.1254,0.1461,32.0,39.47,28.6943,27.6649,0.3127,-0.3117,BEARISH,-0.2181,-0.1271,33.2784,33.1662,41.2,33.1,40.3,0.2656,40.2,40.7,False,False,False,False,False,False,False,False,False,False,True,True,False,False,False,True,True,W1+W2+W1,,,0.9617,0.871,18.2,75.0,18.0,1.0295,5.0,STRONG_BEAR,HEALTHY_BULL,,-0.4496,13.2322527980513,32.457077733010586,0.46,-0.5931,-0.000125,-0.9968,-0.5822,-0.0951,-0.2699,,,402196891.12629,7,425.4,,False,,,,,,,15505.681940582625,402196.89112629,False,,-0.2738,2026-07-29T21:49:13.062159,-0.4454,,,2026-07-29T21:53:27.606814,-0.6128,,,6.977556873262181,7.013625071385246,13.991181944647426,-94.14273332923763,-0.6071499060150348,0.04351870300752831,-0.6522829887218035,53.2,53.129,0.0,0.4826,-0.4382,2026-07-29T21:16:12.318109,2026-07-29T21:54:37.076548,-0.2576,ENDED_NEG,1,0.45,,False,,0.0357,False,,,,2.0,1.0,W1+W2+W1,False,-0.44542302631578956,,0,,-0.1779,0.109,True,,,,,53.78,53.411,2026-07-29T22:35:04.673027,2026-07-29T21:55:29.521319,-0.4866,-1.1802,0.47,40.06,0.0,-0.5938,-0.8569,0.0,0.0,-0.5938,17.08,-0.9659,,,0.0,-0.5938,,,,,False,MOMENTUM,2026-07-29T21:55:01.184006,-0.5938,,,,-0.605,-0.7122,-0.7629,-0.9133,-0.9904,,,,,2026-07-29T21:54:23.739954,-0.5545,,,,,,,,,,,,,,,-0.8569,window,,,,,,,,,,,-0.8569,window,,,,,,,,-0.8569,window,,,,,,,-0.8569,,-0.8569,,,,,,,,,,,,,,0.46180347678821043,,False,,,,False,,,2026-07-29T21:35:47.376148,-0.2818,,,2026-07-29T21:54:23.739752,-0.5545,-0.3081,13.09,-0.3081,13.09,2026-07-29T21:15:24,2026-07-29T21:54:58.248819,EMA13_CROSS_EXIT L1,TAKER_FALLBACK,TAKER,True,,-47.0714,W2+W1 short demux 2x->1x
244,,LITUSDT,SHORT,CLOSED,2.177,2.1698,2.1729,726.9123590442089,20.0,14538.247180884176,6678.110785890756,STRONG_BUY,0.767,0.1621,0.2774,30.8,37.59,27.6416,27.1194,0.2788,-0.278,BEARISH,-0.2914,-0.0883,31.1874,31.096,40.5,37.9,37.9,0.2694,41.4,41.7,False,False,False,False,False,False,False,False,False,False,True,True,False,False,False,False,True,W1+W2+W1,,,0.837,0.6399,13.6,81.8,6.3,0.5222,5.0,STRONG_BEAR,STRONG_BEAR,,-0.3974,13.769488777061476,28.230014523630114,0.6354,-0.667,-0.000125,-0.9106,-0.7158,-0.119,-0.1209,2026-07-29T20:54:40.748740,0.005933164905836326,36055989.55045,42,218.1,,False,0.15,0.0059,0.15,0.0059,0.28,0.2679,14538.247180884176,36055.989550449995,False,,-0.3974,,,,,,,,,2.616884492559152,6.5205741524515926,9.137458645010744,38.944939013403335,0.2678791915480062,0.594162838768947,-0.0813821773082203,2.177,2.1627,0.0,0.914,-0.3189,2026-07-29T20:54:48.838178,2026-07-29T20:54:33.050695,0.2327,NEVER,1,0.45,,True,,-0.0276,False,,,,2.0,1.0,W1+W2+W1,False,,,0,,0.5838,-0.3189,False,,,,,2.1841,2.149,2026-07-29T21:29:50.768087,2026-07-29T20:59:31.316138,1.2232,-0.3891,4.69,35.01,35.95,-0.2835,0.332,1.2232,12.81,0.4331,10.94,0.3229,,,35.95,-0.2835,,,,,False,MOMENTUM,2026-07-29T21:35:47.381155,-0.2054,,,,0.355,0.5571,1.0716,0.3458,0.1437,2026-07-29T20:54:48.830804,,,,,,2026-07-29T20:55:54.923118,0.355,2026-07-29T20:55:54.923118,0.355,2026-07-29T21:00:13.503729,0.5663,2026-07-29T21:00:18.590752,0.5893,2026-07-29T21:00:18.590752,0.5893,2026-07-29T21:00:18.590752,0.5893,2026-07-29T21:00:48.094477,0.5985,0.3442,trailing,0.26,,,,,,,,,,0.6398,stretch,1.9,,,,,,,0.4928,stretch,6.76,,,,1.1737,0.914,0.2679,0.27,0.5709,5.66,,,,,,,,,,,,,0.4865583330309913,atr,False,,,,False,,,,,,,,,,,,,2026-07-29T20:54:32,2026-07-29T20:54:48.993332,RUNNER_TRAIL,MAKER,TAKER,True,,19.4725,W2+W1 short demux 2x->1x
243,,SOLUSDT,SHORT,CLOSED,72.82,72.57,72.55,181.72808976105227,1.0,181.72808976105227,2.49557937051706,VERY_STRONG,0.2531,0.0184,0.086,42.4,44.97,33.3211,33.2093,0.0295,-0.0295,BEARISH,-0.0894,-0.0883,31.1874,31.096,40.5,37.9,37.9,0.2694,41.4,41.7,False,False,False,False,False,False,False,False,False,False,False,True,False,True,False,False,True,W4,,,0.837,0.3913,13.6,81.8,27.3,0.1118,3.0,STRONG_BEAR,STRONG_BEAR,,-0.3974,15.376905272264215,31.773385890455287,0.383,-0.3799,-0.000125,-0.4458,-0.1338,-0.119,-0.1209,2026-07-29T20:58:36.783422,,1290338184.6026,3,2144.6,,False,1.83,0.0474,4.11,0.1161,9.19,0.2535,181.72808976105227,500000.0,False,,-0.414,,,,,,,,,0.08177764039247352,0.08149688771329036,0.16327452810576387,0.4606203145235011,0.2534667673716013,0.44580815709967925,-0.13121601208459371,72.82,72.43,0.0,0.3993,-0.238,2026-07-29T21:03:50.856444,2026-07-29T20:55:08.216802,0.0432,NEVER,1,0.45,,True,,0.0549,False,,,,0.5,0.05,GAPMIN_PROBE,False,,,0,,0.1826,-0.261,True,,,,,73.06,72.26,2026-07-29T21:38:35.327133,2026-07-29T21:05:30.849698,0.679,-0.4196,1.11,34.18,22.22,-0.0213,-0.2685,0.679,6.96,0.2945,33.83,-0.2823,,,22.24,-0.0351,,,,,True,MOMENTUM,2026-07-29T21:35:47.381155,-0.3235,,,,0.5417,0.4181,0.3632,0.1572,-0.3646,,,,,,,,,2026-07-29T21:09:18.068612,0.3632,2026-07-29T21:10:17.070085,0.1709,2026-07-29T21:10:10.958260,0.2121,2026-07-29T21:10:17.070085,0.1709,2026-07-29T21:10:00.623508,0.2808,2026-07-29T21:10:04.872656,0.2258,0.429,trailing,11.49,,,,,,,,,,0.4868,stretch,11.25,,,,,,,0.2533,stretch,15.55,,,,0.6124,,0.4868,11.15,0.2945,15.46,,,,,,,,,,,,,0.38540240212852434,atr,False,,,,False,,,,,,,,,,,,,2026-07-29T20:54:30,2026-07-29T21:04:23.630111,RUNNER_TRAIL,TAKER_FALLBACK,TAKER,True,,0.4606,
242,,FETUSDT,SHORT,CLOSED,0.1353,0.1346,0.1346,363.45617952210455,20.0,7269.123590442091,53725.96888722905,STRONG_BUY,0.6581,0.1738,0.2587,31.87,42.54,28.4877,27.9244,0.4048,-0.4032,BEARISH,-0.2335,-0.1194,30.1376,29.364,34.6,37.9,27.9,0.2999,40.7,41.7,False,False,False,False,False,True,False,False,False,True,True,True,False,False,False,False,True,,,,0.8394,0.7472,9.1,86.4,4.7,0.5634,5.0,STRONG_BEAR,STRONG_BEAR,,-0.4022,15.457257786437479,32.70496594822842,0.5169,-0.2155,-0.000125,-0.2357,-0.8336,-0.3026,-0.129,2026-07-29T20:28:27.804998,0.05788617886179286,30733010.6157,44,1291.6,,False,0.38,-0.9034,0.38,-0.9034,32.12,0.1318,7269.123590442091,30733.0106157,False,,-0.4075,,,,,,,,,3.2711056156989406,3.254181935499463,6.525287551198404,31.082890669862266,0.4276016260162647,0.5754878048780576,-0.9033739837398299,0.1353,0.1344,0.0,0.5896,-0.4306,2026-07-29T21:03:12.672074,2026-07-29T20:40:38.246295,-0.2007,RECOVERED,1,0.45,,True,,0.5147,False,,,,1.0,1.0,,False,,,0,,0.4402,-0.4306,True,,,,,0.1362,0.1341,2026-07-29T21:29:48.736445,2026-07-29T21:05:19.654258,0.7969,-0.7552,2.11,26.59,23.41,-0.3856,-0.6074,0.7969,8.15,0.1317,8.15,0.1317,,,23.56,-0.4595,,,,,False,MOMENTUM,2026-07-29T21:35:47.381155,-0.6813,,,,0.5752,0.5013,0.3535,0.0578,-0.6813,2026-07-29T21:03:12.662359,,,,,,2026-07-29T21:04:28.718869,0.3535,2026-07-29T21:04:42.933496,0.2795,2026-07-29T21:04:42.933496,0.2795,2026-07-29T21:04:43.945627,0.2795,2026-07-29T21:09:06.923991,0.1317,2026-07-29T21:06:52.718262,0.4274,2026-07-29T21:06:55.762329,0.3535,0.3991,trailing,36.38,,,,,,,,,,0.2795,stretch,36.58,,,,,,,0.3537,stretch,35.12,,,,0.765,0.5896,0.3535,36.38,0.2795,39.93,,,,,,,,,,,,,1.2235558275374996,,False,,,,False,,,,,,,,,-0.3858,7.47,-0.3858,7.47,2026-07-29T20:28:05,2026-07-29T21:03:12.743506,RUNNER_TRAIL L1,TAKER_FALLBACK,TAKER,True,,31.0829,
241,,DOTUSDT,SHORT,CLOSED,0.756,0.7524,0.7524,363.4561795221046,20.0,7269.123590442092,9615.242844500122,VERY_STRONG,0.4598,0.1003,0.18,34.99,45.09,32.9242,32.3024,0.2655,-0.2648,BEARISH,-0.1508,-0.1194,30.1376,29.364,34.6,37.9,27.9,0.2999,40.7,41.7,False,False,False,False,False,True,False,False,False,True,True,True,False,False,False,False,True,,,,0.8394,0.6179,9.1,86.4,9.0,0.6218,4.0,STRONG_BEAR,STRONG_BEAR,,-0.4022,14.554405285060525,34.789090389736224,0.4461,-0.2849,-0.000125,-0.3063,-0.5441,-0.3026,-0.129,2026-07-29T20:28:03.012252,0.09526851851851281,36969824.86817,41,2167.6,,False,0.29,-0.712,0.3,-0.712,37.52,0.307,7269.123590442092,36969.82486817,False,,-0.4585,2026-07-29T20:42:53.087437,-0.659,,,,,,,3.271105615698941,3.2555289222908512,6.526634537989793,28.088239702211105,0.3864047619047682,0.6907744708994732,-0.7119728835978886,0.756,0.7501,0.0,0.811,-0.256,2026-07-29T21:05:17.172043,2026-07-29T20:43:55.672317,-0.2197,RECOVERED,1,0.45,,True,,0.1189,False,,,,1.0,1.0,,False,-0.6590390211640174,,0,,0.5029,-0.256,True,,,,,0.7607,0.7515,2026-07-29T21:34:00.557340,2026-07-29T21:07:31.590212,0.5052,-0.7117,2.23,28.72,23.2,-0.4736,-0.5397,0.5052,10.14,-0.0371,6.07,0.1613,,,23.2,-0.4736,,,,,False,MOMENTUM,2026-07-29T21:35:47.381155,-0.5926,,,,0.3333,0.373,0.0026,-0.2752,-0.672,2026-07-29T21:05:17.106464,,,,,,2026-07-29T21:13:17.862744,0.0555,2026-07-29T21:09:06.923991,0.1613,2026-07-29T21:09:08.955272,0.1481,2026-07-29T21:09:06.923991,0.1613,2026-07-29T21:09:08.955272,0.1481,2026-07-29T21:09:04.890531,0.2275,2026-07-29T21:09:11.996922,0.1481,0.4408,trailing,37.52,,,,,,,,,,0.2804,stretch,37.92,,,,,,,0.2936,stretch,38.0,,,,0.811,0.811,0.3864,37.52,0.2407,38.26,,,,,,,,,,,,,0.7312915481543203,atr,False,,,,False,,,,,,,,,-0.4076,7.81,-0.4605,9.67,2026-07-29T20:27:45,2026-07-29T21:05:17.185921,RUNNER_TRAIL,TAKER_FALLBACK,TAKER,True,,28.0882,
240,,AVAXUSDT,SHORT,CLOSED,6.326,6.35,6.349,181.72808976105227,1.0,181.72808976105227,28.727171950846078,VERY_STRONG,0.4949,0.1006,0.1872,32.6,41.14,39.7224,38.9755,0.2663,-0.2656,BEARISH,-0.1664,-0.1194,30.1376,29.364,34.6,37.9,27.9,0.2999,40.7,41.7,False,False,False,False,False,True,False,False,False,True,True,True,False,False,False,False,True,,,,0.8394,0.7521,9.1,86.4,7.7,0.7469,4.0,STRONG_BEAR,STRONG_BEAR,,-0.4022,11.511890425514615,34.01810252645095,0.4296,-0.3742,-0.000125,-0.4673,-0.5524,-0.3026,-0.129,2026-07-29T20:28:02.566863,0.09977869111602226,59889461.941,32,2135.6,,False,0.26,-0.7226,0.63,-0.7226,,,181.72808976105227,59889.461941,False,,-0.4334,2026-07-29T20:40:31.471301,-0.6752,,,,,,,0.08177764039247352,0.08208789384954265,0.16386553424201616,-0.8533176610623225,-0.46955738223205845,0.22629781852670844,-0.7225956370534309,6.326,6.306,0.0,0.6479,-0.095,2026-07-29T20:28:02.591306,2026-07-29T20:43:42.758587,-0.1793,ENDED_NEG,1,0.45,,False,,0.0632,False,,,,0.5,0.05,ADXMAX_PROBE,False,-0.675150964274436,,0,,-0.062,0.1592,True,,,,,6.405,6.342,2026-07-29T22:06:05.388179,2026-07-29T21:21:33.402765,-0.3429,-1.3388,0.47,45.01,0.0,-0.4536,-1.3388,0.0,7.41,-0.7381,9.7,-0.7697,,,0.0,-0.4536,,,,,False,MOMENTUM,2026-07-29T21:35:47.381155,-0.7539,,,,-0.4536,-0.5168,-0.501,-0.7539,-0.6591,,,,,,,,,,,,,,,,,,,,,-1.3388,window,,,,,,,,,,,-1.3388,window,,,,,,,,-1.3388,window,,,,,,,-1.3388,,-1.3388,,,,,,,,,,,,,,0.6319228845246094,,False,,,,False,,,,,,,,,-0.4696,8.14,-0.1374,43.95,2026-07-29T20:27:25,2026-07-29T21:21:04.128372,EMA13_CROSS_EXIT L1,TAKER_FALLBACK,TAKER,True,,-0.8533,
239,,AVAXUSDT,LONG,CLOSED,6.459,6.42,6.421,181.7048284479827,1.0,181.7048284479827,28.132037226812617,VERY_STRONG,0.2869,0.0478,0.102,63.78,51.6,29.6641,30.4924,0.157,0.1572,BULLISH,0.0879,0.0352,25.4241,26.5785,60.8,55.4,66.5,0.3047,53.1,52.5,False,False,False,False,False,False,False,False,False,False,False,False,False,False,False,False,False,UNMATCHED,,,0.9727,0.9501,54.5,40.9,66.4,-0.8283,2.0,HEALTHY_BULL,CHOPPY_FLAT,,0.0874,27.890326170095737,19.02488578695897,0.3265,0.334,-3.6e-05,0.438,0.3073,0.2857,-0.0137,2026-07-29T18:52:41.766452,0.09570366929866007,55220465.153,32,2135.5,,False,8.49,-0.6935,9.15,-0.6935,11.34,-0.6935,181.7048284479827,55220.465153,False,,0.2035,2026-07-29T19:05:51.297872,-0.1519,2026-07-29T19:19:36.138637,-0.5078,2026-07-29T19:07:57.250576,-0.3221,,,0.08176717280159221,0.08127345554826165,0.16304062834985386,-1.2601900801955375,-0.6935369252206177,0.32783325592197143,-0.6935369252206177,6.486,6.459,0.0,0.3413,0.3569,2026-07-29T18:55:18.300867,2026-07-29T19:21:09.416578,-0.3567,ENDED_NEG,1,0.45,,False,,0.0465,False,,,,0.5,0.05,DBDOWN_PROBE,False,-0.15190122309954418,,0,,-0.3567,-0.2525,True,,,,,6.421,6.32,2026-07-29T19:21:42.726843,2026-07-29T20:02:19.955755,-0.6783,-2.242,0.56,41.18,19.02,-1.3905,-1.8859,0.0,19.59,-1.3905,27.03,-1.7156,,,19.02,-1.3905,-0.3685555039479763,2026-07-29T19:11:13.141660,,,False,MOMENTUM,2026-07-29T19:40:10.581578,-1.3905,,,,-0.7867,-0.8022,-1.2667,-1.3131,-1.7311,,,,,,,,,,,,,,,,,,,,,-1.8859,window,,,,,,,,,,,-1.8859,window,,,,,,,,-1.8859,window,,,,,,,-1.8859,,-1.8859,,,,,,,,,,,,,,0.3730238358971478,,False,,,,False,,,2026-07-29T19:16:09.911501,-0.2138,,,,,-0.0745,22.13,0.235,16.63,2026-07-29T18:43:33,2026-07-29T19:21:09.419051,STOP_LOSS L1,TAKER_FALLBACK,TAKER,True,,-1.2602,
238,,LINKUSDT,LONG,CLOSED,8.393,8.409,8.411,181.70482844798266,1.0,181.70482844798266,21.649568503274473,VERY_STRONG,0.3369,0.0604,0.124,63.89,49.34,30.9464,31.963,0.1949,0.1952,BULLISH,0.096,0.0352,25.4241,26.5785,60.8,55.4,66.5,0.3047,53.1,52.5,False,False,False,False,False,False,False,False,False,False,False,False,False,False,False,False,False,UNMATCHED,,,0.9727,1.0952,54.5,40.9,73.6,-1.0166,2.0,HEALTHY_BULL,HEALTHY_BULL,,0.0874,26.3283413824133,18.398104618029286,0.3706,0.296,-3.6e-05,0.3703,0.3801,0.2857,-0.0137,2026-07-29T18:50:56.948841,,77616086.208,26,2385.4,,False,4.53,-0.0185,7.73,0.1005,8.83,0.1005,181.70482844798266,77616.08620800001,False,,0.242,,,,,,,,,0.0817671728015922,0.08192304969481577,0.16369022249640797,0.1827028735559839,0.10054926724651513,0.4816478017395453,-0.17336530442036754,8.441,8.393,0.0,0.4866,0.5407,2026-07-29T18:53:26.981751,2026-07-29T18:43:37.414754,0.2782,NEVER,1,0.45,,True,,0.1671,False,,,,0.5,0.05,DBDOWN_PROBE,False,,,0,,0.0296,0.4183,False,,,,,8.416,8.265,2026-07-29T18:58:31.134181,2026-07-29T19:34:07.186163,0.184,-1.6151,0.91,36.51,42.61,-1.5317,-1.3887,0.0,43.13,-1.5317,,,,,42.61,-1.5317,,,,,False,MOMENTUM,2026-07-29T19:40:13.594696,-1.5317,,,,0.1364,-0.0662,0.053,-0.5428,-1.2457,,,,,,,,,,,,,,,,,,,,,-1.3887,window,,,,,,,,,,,-1.3887,window,,,,,,,,-1.3887,window,,,,,,0.4866,-1.3887,,-1.3887,,,,,,,,,,,,,,0.574567537471722,atr,False,,,,False,,,,,,,,,,,,,2026-07-29T18:43:13,2026-07-29T18:57:36.779871,RUNNER_TRAIL,TAKER_FALLBACK,TAKER,True,,0.1827,
237,,ADAUSDT,LONG,CLOSED,0.1663,0.1672,0.1674,181.7048284479827,1.0,181.7048284479827,1092.6327627659814,VERY_STRONG,0.4583,0.0775,0.1624,67.38,54.3,30.3706,31.4134,0.2921,0.293,BULLISH,0.1398,0.0352,25.4241,26.5785,60.8,55.4,66.5,0.3047,53.1,52.5,False,False,False,False,False,False,False,False,False,False,False,False,False,False,False,False,False,UNMATCHED,,,0.9727,1.1295,54.5,40.9,86.8,-1.0428,3.0,HEALTHY_BULL,HEALTHY_BULL,,0.0874,21.771231231660558,15.503640030268903,0.4748,0.531,-3.6e-05,0.7164,0.5337,0.2857,-0.0137,2026-07-29T18:44:35.779957,0.057210463018644464,152144990.3624,10,2371.4,,False,0.87,-0.063,1.71,-0.063,6.79,0.2976,181.7048284479827,152144.99036239999,False,,0.1384,,,,,,,,,0.03270686912063689,0.08220968907051243,0.11491655819114932,0.8684529282982166,0.477947083583875,0.9587889356584528,-0.063,0.168,0.1663,0.0,1.0725,0.3561,2026-07-29T18:49:42.308123,2026-07-29T18:42:54.440851,0.2322,NEVER,1,0.45,,True,,-0.0601,False,,,,0.5,0.05,DBDOWN_PROBE,False,,,0,,0.5992,0.3561,True,,,,,0.169,0.1645,2026-07-29T18:55:03.682967,2026-07-29T19:33:58.053005,1.5606,-1.1454,4.86,43.76,33.89,0.0573,-0.9049,1.5606,15.48,0.7789,19.17,0.5383,,,33.89,0.0573,,,,,False,MOMENTUM,2026-07-29T19:16:09.915780,0.5985,,,,0.5985,0.7789,1.32,0.7187,0.1775,2026-07-29T18:49:40.898151,,,,,,2026-07-29T18:55:48.430731,1.0194,2026-07-29T18:50:41.593467,0.4181,2026-07-29T18:50:41.593467,0.4181,2026-07-29T18:56:26.070076,0.8991,2026-07-29T19:04:31.299041,0.8991,2026-07-29T18:56:27.082326,0.9592,2026-07-29T18:56:49.337668,0.839,0.7088,trailing,6.88,,,,,,,,,,0.3579,stretch,7.61,,,,,,,0.4782,stretch,8.08,,,,1.1447,1.0725,0.7184,6.88,0.4779,7.3,,,,,,,,,,,,,1.0725183646676522,atr,False,,,,False,,,,,,,,,,,,,2026-07-29T18:42:53,2026-07-29T18:50:11.995552,RUNNER_TRAIL,MAKER,TAKER,True,,0.8685,
236,,NEARUSDT,LONG,CLOSED,1.594,1.608,1.61,181.3579175450515,1.0,181.3579175450515,113.77535605084786,STRONG_BUY,0.2044,0.0401,0.0724,60.85,54.84,20.2433,20.1803,0.1165,0.1166,BULLISH,0.079,0.0546,20.9046,21.0806,59.4,56.8,43.5,0.1768,48.3,43.3,False,False,False,False,False,False,False,False,False,False,False,False,False,False,False,False,False,UNMATCHED,,,0.5737,0.8962,68.2,18.2,88.9,0.063,3.0,HEALTHY_BULL,HEALTHY_BULL,,-0.1891,20.702199805958887,13.498640439911396,0.3513,0.1849,-0.001105,0.2319,0.2293,0.2224,-0.1047,2026-07-29T17:54:33.837448,0.09812107904641727,86888985.481,22,2113.4,,False,1.59,0.0354,1.81,0.0354,1.88,0.0354,181.3579175450515,86888.98548100001,False,,-0.1118,,,,,,,,,0.08161106289527317,0.08232784763839351,0.1639389105336667,1.4289160741782048,0.7878983688833132,1.1641405269761615,-0.15270702634881506,1.614,1.594,0.0,1.13,0.3409,2026-07-29T18:00:10.808016,2026-07-29T17:52:48.373378,0.0538,NEVER,1,0.45,,True,,0.0,False,,,,0.5,0.05,GAPMIN_PROBE,False,,,0,,0.7611,0.3409,True,,,,,1.624,1.599,2026-07-29T18:44:37.245979,2026-07-29T18:32:26.124777,1.7921,0.2237,44.16,31.98,,,1.7921,,,,,,,,,,,,,,False,MOMENTUM,2026-07-29T18:42:10.325093,1.4156,,,,0.851,1.2902,1.3529,1.102,0.851,2026-07-29T18:00:02.411597,,2026-07-29T18:00:06.696657,,,,,,,,,,,,,,,,,,1.7921,window,,,,,,,,,,,1.7921,window,,,,,,,,1.7921,window,,,,,0.7866,1.13,1.7921,,1.7921,,,,,,,,,,,,,,1.0686814090506813,atr,False,,,,False,,,,,,,,,,,,,2026-07-29T17:52:45,2026-07-29T18:00:27.487472,RUNNER_TRAIL,TAKER_FALLBACK,TAKER,True,,1.4289,
235,,1000PEPEUSDT,LONG,CLOSED,0.0027258,0.002754,0.0027456,181.35791754505146,1.0,181.35791754505146,66533.83136879135,STRONG_BUY,0.1865,0.0548,0.074,60.73,58.41,15.3219,15.3864,0.1163,0.1165,BULLISH,0.0827,0.0546,20.9046,21.0806,59.4,56.8,43.5,0.1768,48.3,43.3,False,False,False,False,False,False,False,False,False,False,False,False,False,False,False,False,False,UNMATCHED,,,0.5737,0.7401,68.2,18.2,89.6,-0.0645,2.0,HEALTHY_BULL,HEALTHY_BULL,,-0.1891,20.557902334149663,15.3564634351677,0.2815,0.0148,-0.001105,-0.0067,0.2455,0.2224,-0.1047,2026-07-29T17:54:33.952628,,120101294.0575088,14,1181.7,,False,1.94,0.0897,2.17,0.119,2.28,0.119,181.35791754505146,120101.2940575088,False,,-0.1118,,,,,,,,,0.08161106289527316,0.08245537721534311,0.16406644011061627,1.712187604489295,0.9440931102795483,1.248453848411478,-0.13767095898452147,0.0027623,0.0027258,0.0,1.1855,0.2817,2026-07-29T18:00:06.939825,2026-07-29T17:52:27.693074,0.01,NEVER,1,0.45,,True,,-0.0587,False,,,,0.5,0.05,GAPMIN_PROBE,False,,,0,,0.8877,0.2817,True,,,,,0.0027755,0.0027293,2026-07-29T18:02:20.384713,2026-07-29T18:32:28.149325,1.7333,0.0384,2.22,32.35,,,1.3591,,,,,,,,,,,,,,False,MOMENTUM,,,,,,1.4435,1.3665,1.4875,1.2307,0.9739,2026-07-29T17:59:51.758790,,2026-07-29T18:00:05.858703,,,,,,,,,,,,,,,,,,1.3591,window,,,,,,,,,,,1.3591,window,,,,,,,,1.3591,window,,,,,0.4834,1.1855,1.3591,,1.3591,,,,,,,,,,,,,,0.5845132716321447,atr,False,,,,False,,,,,,,,,,,,,2026-07-29T17:52:24,2026-07-29T18:00:07.088782,RUNNER_TRAIL,TAKER_FALLBACK,TAKER,True,,1.7122,
234,,TAOUSDT,SHORT,CLOSED,190.71,191.48,191.48,181.4311711771664,1.0,181.4311711771664,0.9513458716227067,VERY_STRONG,0.2526,0.0455,0.0831,38.61,39.64,32.63,31.6341,0.0994,-0.0993,BEARISH,-0.1105,-0.0651,22.8965,22.9625,38.5,38.1,39.9,0.1902,44.5,46.0,False,False,False,False,False,False,False,False,False,False,False,True,False,False,False,False,True,,,,0.7414,0.4862,29.5,52.3,18.9,0.9959,2.0,HEALTHY_BEAR,HEALTHY_BEAR,,-0.2674,10.61582125149836,28.396010841075718,0.317,-0.3454,-0.000168,-0.4926,-0.2277,-0.1398,-0.0949,2026-07-29T16:43:34.362449,0.09962361701012126,67530500.37,30,839.1,,False,1.69,-0.5089,1.69,-0.5089,,,181.4311711771664,67530.50037000001,False,,-0.3336,2026-07-29T16:57:00.473322,-0.2151,,,2026-07-29T17:00:52.593247,-0.3358,,,0.032657610811889955,0.08197366837424214,0.11463127918613208,-0.847167600335599,-0.4669360809606113,0.24126354150281187,-0.5089034659954875,190.71,190.13,0.0,0.3995,-0.1664,2026-07-29T16:43:34.617596,2026-07-29T17:01:37.182158,-0.3545,ENDED_NEG,1,0.45,,False,,-0.0052,False,,,,0.5,0.05,GAPMIN_PROBE,False,-0.21513177075139847,,0,,-0.2144,0.1674,True,,,,,191.93,190.86,2026-07-29T17:33:20.110212,2026-07-29T17:06:40.562464,-0.1417,-0.7027,4.82,31.48,35.08,-0.5349,-0.6241,0.0,35.08,-0.5349,42.95,-0.6188,,,35.08,-0.5349,,,,,False,MOMENTUM,2026-07-29T17:40:34.963556,-0.43,,,,-0.43,-0.4668,-0.1784,-0.4825,-0.4982,,,,,,,,,,,,,,,,,,,,,-0.6241,window,,,,,,,,,,,-0.6241,window,,,,,,,,-0.6241,window,,,,,,,-0.6241,,-0.6241,,,,,,,,,,,,,,0.3836260391331543,,False,,,,False,,,,,,,,,-0.1469,14.5,-0.1627,16.3,2026-07-29T16:41:53,2026-07-29T17:01:51.177023,EMA13_CROSS_EXIT L1,MAKER,TAKER,True,,-0.8472,
233,,PROMUSDT,SHORT,CLOSED,1.967,1.955,1.955,354.218475141922,20.0,7084.36950283844,3601.6113385045446,STRONG_BUY,0.0575,0.1852,0.0157,67.1,40.18,35.125,35.2706,1.3967,1.4165,BEARISH,0.071,,28.860987162446623,28.514814164029872,44.352734901116484,43.33526417883102,42.03875505839557,0.218,48.7,48.5,False,False,False,False,False,False,False,False,False,False,False,True,True,False,False,False,True,,,,,2.9523,18.2,68.2,80.3,-0.1456,1.0,STRONG_BEAR,HEALTHY_BEAR,,-0.231,37.3440276624357,18.714350868144663,0.6296,-0.5728,,-0.7753,1.6203,-0.0442,,2026-07-29T15:38:12.774340,0.06258515505847044,7684002.8544,102,560.1,,False,,,,,,,7084.36950283844,7684.0028544,False,,-0.2665,,,,,,,,,3.187966276277298,3.168517575049373,6.35648385132667,36.8628522107279,0.5203406202338591,1.893607015760048,-0.24258515505845915,1.967,1.928,0.0,,,2026-07-29T15:49:01.580406,,,NEVER,1,0.45,,False,,0.0,False,,,,1.0,1.0,SPIKE_FADE,False,,,0,,0.8588,-0.5895,True,,,,,1.955,1.931,2026-07-29T15:49:02.111094,2026-07-29T15:49:36.951181,,,,,,,,,,,,,,,,,,,,,,SPIKE_FADE,,,,,,1.6385,1.6894,,,,2026-07-29T15:38:12.893341,0.16430859176411358,2026-07-29T15:49:01.502153,,,,,,,,,,,,,,,,,,,,,,,,,,,,,,,,,,,,,,,,,,,,,,,,,,,,,,,,,,,,,,,,,False,,,,False,,,2026-07-29T15:38:10.991204,0.4695,2026-07-29T15:38:27.103342,0.4695,,,,,,,2026-07-29T15:35:21,2026-07-29T15:49:01.603029,HARD_TP_LADDER L2,TAKER_FALLBACK,TAKER,True,,73.7257,fade 1x->2x
232,,PENGUUSDT,SHORT,CLOSED,0.005817,0.0058,0.0058,177.05749307410244,1.0,177.05749307410244,30437.939328537464,VERY_STRONG,0.2204,0.0742,0.0759,36.89,38.98,38.5048,37.4814,0.1325,-0.1323,BEARISH,-0.106,-0.0837,23.6486,23.0409,40.4,37.9,53.2,0.235,50.1,60.9,False,False,False,False,False,False,False,False,False,False,False,True,False,False,False,False,True,,,,0.8987,0.9795,13.6,77.3,16.4,1.0234,3.0,HEALTHY_BEAR,HEALTHY_BEAR,,-0.1071,9.413493879026033,29.65363449820003,0.3119,-0.147,-0.000203,-0.2795,-0.2821,-0.1869,0.0883,2026-07-29T15:01:31.034296,,25442561.249273,50,588.9,,False,24.17,0.1508,24.3,0.1852,24.3,0.2024,177.05749307410244,25442.561249273,False,,-0.1944,,,,,,,,,0.0796758718833461,0.07944302164748278,0.15911889353082886,0.3583260750543239,0.20237837373217332,0.5463529310641173,-0.2791860065325722,0.005817,0.00578,0.0,0.696,-0.0309,2026-07-29T15:01:34.228342,2026-07-29T14:52:50.292078,-0.097,RECOVERED,1,0.45,,True,,0.0687,False,,,,0.5,0.05,ADXMAX_PROBE,False,,,0,,0.221,-0.141,True,,,,,0.005824,0.005762,2026-07-29T15:35:47.405553,2026-07-29T15:19:57.358341,0.8555,-0.2103,18.05,33.88,36.59,-0.004,0.4945,0.0,36.59,-0.004,,,,,36.59,-0.004,,,,,False,MOMENTUM,,,,,,0.1507,-0.004,0.2022,0.2022,0.0131,2026-07-29T15:01:34.220346,,,,,,,,,,,,,,,,,,,,0.4601,ema13,6.58,,,,,,,,,,0.4601,ema13,6.58,,,,,,,0.4601,ema13,6.58,,,,0.2579,0.696,0.4945,,0.4945,,,,,,,,,,,,,,0.539486471018457,,False,,,,False,,,2026-07-29T14:44:26.459883,0.0648,2026-07-29T14:44:42.581514,0.0132,,,-0.1588,13.58,,,2026-07-29T14:37:13,2026-07-29T15:01:54.429425,RUNNER_TRAIL L1,TAKER_FALLBACK,TAKER,True,,0.3583,
231,,METUSDT,SHORT,CLOSED,0.1783,0.1769,0.1768,262.7547367,20.0,5255.094734,29473.32997195738,STRONG_BUY,0.1912,0.1575,0.0312,69.99,39.17,20.157,17.7386,1.3224,1.3402,BEARISH,0.0852,,16.614606779279583,17.756413608067636,47.20026186646513,39.33118355131735,43.20815691019596,0.0997,59.1,58.9,False,True,False,True,False,False,False,False,True,True,False,False,False,False,False,False,False,,,,,2.8951,16.3,62.8,90.7,2.4184,0.0,CHOPPY_WEAK,HEALTHY_BEAR,,0.0357,41.01204037013371,13.0949569669172,0.5427,0.1008,,0.3551,1.5315,-0.0104,,2026-07-29T11:51:11.466091,0.022220975883330343,5255094.734,127,291.0,,False,,,,,,,6880.7947107996315,5255.094734,True,,-0.1007,,,,,,,,,2.3647926303,2.346224432417667,4.7110170627176675,36.55164489802221,0.6955468311833902,1.0883202467750932,-0.6511048794167141,0.1783,0.1762,0.0,,,2026-07-29T12:55:44.299441,2026-07-29T12:05:08.863277,,NEVER,1,0.45,,False,,0.0,False,,,,1.0,1.0,SPIKE_FADE,False,,,0,,-7.8784,-0.0307,True,,,,,0.1772,0.1757,2026-07-29T13:16:14.006380,2026-07-29T12:56:58.733981,,,,,,,,,,,,,,,,,,,,,,SPIKE_FADE,,,,,,1.1439,1.256,0.8634,1.0878,0.6952,2026-07-29T12:28:51.631200,,2026-07-29T12:47:38.376085,,,,,,,,,,,,,,,,,,,,,,,,,,,,,,,,,,,,,,,,,,,,,,,,,,,,,,,,,,,,,,,,,False,,,,False,,,2026-07-29T11:51:16.169377,-0.0339,2026-07-29T11:53:06.257743,0.0222,,,,,,,2026-07-29T11:50:08,2026-07-29T12:56:34.595189,HARD_TP_LADDER L1,TAKER_FALLBACK,TAKER,True,,73.1033,fade 1x->2x
230,,IMXUSDT,SHORT,CLOSED,0.1116,0.1113,0.1113,169.512794095,20.0,3390.2558819,30378.636934587812,STRONG_BUY,0.0653,0.0724,0.0185,69.54,42.34,16.0023,14.1893,0.4924,0.4948,BEARISH,0.0367,,18.38306114003306,19.223001014333118,39.58461212408903,40.69522769849926,44.776723042859295,0.1036,57.6,58.9,False,False,False,True,False,False,False,False,False,True,False,False,False,False,False,False,False,,,,,2.9177,16.3,65.1,83.3,1.813,1.0,HEALTHY_BEAR,CHOPPY_WEAK,,0.0501,29.83324560604309,12.916675093124313,0.2865,-0.1449,,-0.1638,0.5863,-0.1194,,2026-07-29T12:17:06.571657,,3390255.8819,172,1630.2,,False,,,,,,,6880.794710799632,3390.2558819,True,,-0.0408,,,,,,,,,1.5256151468549999,1.5215140308688304,3.0471291777238303,6.066461902652774,0.17893817204301843,0.44787634408602434,-0.35893817204300604,0.1116,0.111,0.0,,,2026-07-29T12:18:08.653780,2026-07-29T11:51:10.342817,,NEVER,1,0.45,,,,0.0,False,,,,1.0,1.0,SPIKE_FADE,False,,,0,,,,True,,,,,0.1113,0.1109,2026-07-29T12:27:40.527976,2026-07-29T12:31:44.008309,0.5372,0.1788,4.06,0.0,,,0.358,,,,,,,,,,,,,,,SPIKE_FADE,,,,,,0.2684,0.2684,0.4476,0.5372,0.4476,,,,,,,2026-07-29T12:27:44.566013,0.1788,2026-07-29T12:27:41.542145,0.1788,2026-07-29T12:27:44.566013,0.1788,2026-07-29T12:50:12.548957,0.358,2026-07-29T12:50:13.563629,0.358,2026-07-29T12:28:15.843541,0.1788,2026-07-29T12:50:13.563629,0.358,0.2872,trailing,79.44,,,,,,,,,,0.358,window,,,,,,,,0.358,window,,,,,,,0.358,54.56,0.1788,91.79,,,,,,,,,,,,,,,False,,,,False,,,2026-07-29T11:51:16.167354,-0.3589,2026-07-29T11:53:06.255553,-0.3589,,,,,,,2026-07-29T11:36:55,2026-07-29T12:27:40.192100,TRAILING_STOP L1,TAKER_FALLBACK,TAKER,True,,12.1329,fade 1x->2x
228,,ACHUSDT,SHORT,CLOSED,0.00434,0.004312,0.004312,175.19797346261697,1.0,175.19797346261697,40368.19665037257,VERY_STRONG,0.3863,0.1155,0.1341,42.54,47.43,32.7741,31.599,0.3416,-0.3404,BEARISH,-0.1612,0.0757,19.102,18.2838,58.1,58.1,41.9,0.1672,54.8,46.6,False,False,False,False,False,False,False,False,False,False,True,False,False,True,False,False,True,W1+W4,,,0.7404,0.4383,55.8,37.2,34.5,1.1751,2.0,HEALTHY_BULL,CHOPPY_WEAK,,0.0557,13.319915436736299,37.95999860819652,0.769,-0.388,-0.000452,-0.5859,-0.589,0.1525,0.0376,2026-07-29T02:46:14.406616,0.09441474654378325,22952801.835524,50,1253.8,,False,0.26,-1.0582,0.26,-1.0582,3.57,-1.0582,175.19797346261697,22952.801835524002,False,,0.0312,2026-07-29T03:00:29.546070,-0.3897,,,2026-07-29T03:01:37.834859,-0.5971,,,0.07883908805817763,0.07833044878038292,0.15716953683856055,0.9731399693718814,0.5554516129032315,0.5785034562212069,-1.0581774193548272,0.00434,0.004311,0.0,0.545,-0.1483,2026-07-29T03:19:59.981327,2026-07-29T03:01:43.456268,-0.8689,RECOVERED,1,0.45,,True,,-0.023,False,,,,0.5,0.05,SLOPEGATE_PROBE,False,-0.38967396313364033,,0,,0.304,-0.3585,True,,,,,0.004316,0.004228,2026-07-29T03:21:13.838283,2026-07-29T04:02:25.113199,2.4906,0.463,41.71,0.52,,,2.1911,,,,,,,,,,,,,,False,MOMENTUM,,,,,,0.6012,0.5782,0.8777,1.3616,1.9607,2026-07-29T03:19:45.180337,,,,2026-07-29T02:46:00.993455,-0.0669,2026-07-29T04:03:10.382210,2.145,2026-07-29T03:28:44.695168,0.6704,2026-07-29T03:28:58.769755,0.6243,2026-07-29T03:28:44.695168,0.6704,2026-07-29T03:28:58.769755,0.6243,2026-07-29T03:28:43.688898,0.6704,2026-07-29T03:28:45.701300,0.6704,0.7429,trailing,40.65,,,,,,,,,,0.5091,stretch,35.04,,,,,,,0.5552,stretch,34.71,,,,0.877,0.545,0.6012,43.0,2.1911,,,,,,,,,,,,,,0.6670278190589622,,False,,,,False,,,2026-07-29T03:03:40.307965,-0.4588,,,2026-07-29T03:10:57.504408,-0.0669,0.1405,12.79,-0.3436,27.35,2026-07-29T02:45:59,2026-07-29T03:20:39.747297,RUNNER_TRAIL L1,TAKER_FALLBACK,TAKER,True,,0.9731,
227,,LITUSDT,SHORT,CLOSED,2.2426,2.2343,2.2343,182.24323508044057,1.0,182.24323508044057,81.26426249908168,STRONG_BUY,0.6165,0.122,0.2119,30.02,36.6,28.3198,27.104,0.3898,-0.3883,BEARISH,-0.2439,0.0824,18.3073,17.4278,63.2,63.5,48.6,0.1726,56.2,46.6,True,False,False,False,False,False,False,False,False,True,True,False,False,False,False,False,True,C1,,-0.7,0.8231,0.7294,60.5,37.2,2.5,1.2158,3.0,HEALTHY_BULL,CHOPPY_WEAK,,0.0515,12.502401142284869,32.249001493562794,0.5173,-0.7042,-0.000452,-0.9181,-0.7206,0.2726,0.0482,2026-07-29T02:48:48.302569,0.0973668955676439,42719874.55381,35,217.4,,False,6.8,0.0037,6.81,0.0037,8.2,0.0037,182.24323508044057,42719.874553810005,False,,0.0541,,,,,,,,,0.08200945578619825,0.08170593376576418,0.16371538955196244,0.5107779891903954,0.28027267457414395,0.5211729688754145,-0.17922233122269793,2.2426,2.2289,0.0,0.5186,-0.4559,2026-07-29T02:59:15.041978,2026-07-29T02:42:38.122124,0.2735,NEVER,1,0.45,,True,,-0.0268,False,,,,0.5,0.05,SLOPEGATE_PROBE,False,,,0,,0.2756,-0.4559,False,,,,,2.2492,2.2315,2026-07-29T03:38:39.340417,2026-07-29T03:30:50.376717,0.405,-0.3843,30.79,38.61,29.81,-0.1747,0.1508,0.3648,7.85,0.1419,,,,,30.58,-0.2104,,,,,False,MOMENTUM,,,,,,0.2667,0.3202,0.1909,0.2756,-0.1301,2026-07-29T02:59:14.997311,,,,2026-07-29T02:42:01.622048,-0.1168,2026-07-29T03:03:53.434867,0.0884,2026-07-29T03:03:52.423869,0.0794,2026-07-29T03:03:52.423869,0.0794,2026-07-29T03:03:52.423869,0.0794,2026-07-29T03:03:53.434867,0.0884,2026-07-29T03:03:54.443835,0.1062,2026-07-29T03:03:55.452876,0.1196,0.2712,trailing,18.0,,,,,,,,,,0.2624,stretch,18.0,,,,,,,0.3918,stretch,17.3,,,,0.5186,0.5186,0.2624,18.0,-0.0811,26.81,,,,,,,,,,,,,0.6174175005972484,,False,,,,False,,,,,,,,,,,,,2026-07-29T02:42:00,2026-07-29T03:00:02.130627,RUNNER_TRAIL L1,TAKER_FALLBACK,TAKER,True,,0.5108,
226,,FETUSDT,SHORT,CLOSED,0.1363,0.1357,0.1357,182.16304591862755,1.0,182.16304591862755,1336.4860302173702,STRONG_BUY,0.63,0.1617,0.2319,25.67,29.64,28.3102,26.9201,0.2272,-0.2267,BEARISH,-0.2495,-0.0222,19.8319,21.1184,44.8,47.8,41.3,0.1528,50.6,53.3,True,False,False,False,False,False,False,False,False,True,True,False,False,False,False,False,True,C1,,-0.7,0.5915,0.6197,23.3,67.4,3.2,1.39,3.0,HEALTHY_BEAR,HEALTHY_BEAR,,0.016,11.158934574975063,30.463854860692013,0.3727,-0.4633,-0.000452,-0.7327,-0.619,-0.0823,0.048,2026-07-29T01:43:40.610203,0.05680117388114873,31078672.645,46,1290.8,,False,2.29,-0.1634,2.29,-0.1634,17.81,0.2036,182.16304591862755,31078.672645,False,,-0.0552,,,,,,,,,0.0819733706633824,0.0816125194352237,0.16358589009860608,0.6383057280318389,0.3504035216434461,0.49720469552457447,-0.3102017608217129,0.1363,0.1355,0.0,0.4304,-0.4115,2026-07-29T02:00:43.451144,2026-07-29T01:42:05.488524,0.0804,NEVER,1,0.45,,True,,0.0733,False,,,,0.5,0.05,SLOPEGATE_PROBE,False,,,0,,0.2824,-0.4115,True,,,,,0.1374,0.1354,2026-07-29T02:30:22.200680,2026-07-29T02:17:32.402252,0.5703,-0.897,16.66,29.49,28.05,-0.5302,-0.5302,0.5703,9.76,0.0567,11.6,-0.1634,,,28.05,-0.5302,,,,,False,MOMENTUM,2026-07-29T02:15:34.855122,-0.09,,,,0.1301,0.2035,0.2768,0.1301,-0.8237,,,,,,,2026-07-29T02:01:33.154019,0.1301,2026-07-29T02:01:31.137889,0.2035,2026-07-29T02:01:33.154019,0.1301,2026-07-29T02:01:31.137889,0.2035,2026-07-29T02:01:33.154019,0.1301,2026-07-29T02:01:34.159728,0.1301,2026-07-29T02:01:40.193152,0.0567,0.2472,trailing,20.01,,,,,,,,,,0.2768,stretch,19.83,,,,,,,0.2768,stretch,19.83,,,,0.5577,0.4304,0.2768,19.83,0.0567,20.28,,,,,,,,,,,,,0.6454662090043763,,False,,,,False,,,,,,,,,,,,,2026-07-29T01:41:23,2026-07-29T02:00:52.183255,RUNNER_TRAIL L1,TAKER_FALLBACK,TAKER,True,,0.6383,
224,,LITUSDT,LONG,CLOSED,2.311,2.2935,2.2942,196.03408098968265,1.0,196.03408098968265,84.82651708770344,VERY_STRONG,0.1719,0.0273,0.0655,56.35,53.94,24.9498,25.2381,0.2186,0.2191,BULLISH,0.088,0.0554,32.654,31.8133,60.1,58.0,57.9,0.1587,56.2,52.7,False,False,False,False,False,False,False,False,False,False,False,True,False,False,False,False,True,W2,,,0.8454,1.0273,62.8,23.3,66.4,-0.2883,3.0,STRONG_BULL,STRONG_BULL,,0.1323,29.390831718936848,19.108007166169465,0.5526,0.2016,-0.000452,0.1333,0.3121,0.1147,0.0577,,,41613932.72704,36,217.3,,False,,,,,,,196.03408098968265,41613.93272704,False,,0.1233,2026-07-29T00:55:13.091066,-0.3701,,,2026-07-29T00:58:08.491750,-0.422,,,0.03528613457814288,0.08754732762329151,0.12283346220143439,-1.6072975112362506,-0.8199071830376492,0.0,-0.8199071830376492,2.311,2.311,0.0,,,,2026-07-29T00:59:15.073077,-0.4093,ENDED_NEG,1,0.45,,False,,-0.026,False,,,,0.5,0.05,GAPMIN_PROBE,False,-0.37008805711812565,,0,,-0.4093,-0.0106,False,,,,,2.2996,2.2733,2026-07-29T01:05:27.746407,2026-07-29T01:44:16.762587,-0.5563,-1.6943,6.2,45.01,0.0,-0.8332,-1.6943,0.0,3.35,-0.8289,19.89,-1.2357,,,0.0,-0.8332,-0.7334035049761941,2026-07-29T00:58:58.488517,,,False,MOMENTUM,2026-07-29T01:00:11.268420,-0.8938,,,,-0.8332,-1.015,-0.6385,-1.0366,-0.9674,,,,,,,,,,,,,,,,,,,,,-1.6943,window,,,,,,,,,,,-1.6943,window,,,,,,,,-1.6943,window,,,,,,,-1.6943,,-1.6943,,,,,,,,,,,,,,0.06125596831925571,,False,,,,False,,,,,,,,,,,,,2026-07-29T00:55:13,2026-07-29T00:59:15.075555,STOP_LOSS L1,MAKER,TAKER,True,,-1.6073,
222,,AAVEUSDT,LONG,CLOSED,101.51,101.78,101.83,398.46415525919514,20.0,7969.283105183903,78.50736976833714,VERY_STRONG,0.5569,0.1686,0.2238,67.59,76.77,34.3691,33.3285,0.0235,0.0235,BULLISH,0.2518,0.0698,31.6222,30.2671,66.7,69.0,62.3,0.1329,55.3,52.7,False,False,False,False,False,False,False,False,False,False,False,False,False,False,False,False,False,,,,0.9026,1.276,72.1,18.6,81.9,1.0406,2.0,STRONG_BULL,STRONG_BULL,,0.0922,37.030238779716335,13.045535481345471,0.2927,0.1725,-0.000452,0.2745,0.4165,0.1555,0.0522,2026-07-29T00:26:53.675120,,83923586.642,21,2111.7,,False,3.12,0.1463,3.26,0.1759,3.39,0.1759,7969.283105183903,83923.58664200001,False,,0.0895,,,,,,,,,3.586177397332756,3.5957160427596095,7.181893440092366,14.015096397358349,0.17586395429021376,0.4712683479460084,-0.20816175746232343,102.08,101.51,0.0,0.6458,0.1326,2026-07-29T00:27:01.757394,2026-07-29T00:24:42.100549,-0.0553,RECOVERED,1,0.45,,True,,0.0394,False,,,,2.0,1.0,NONEXP_CALM3D,True,,,0,,0.353,0.1326,True,,,,,101.8,100.71,2026-07-29T00:27:16.167739,2026-07-29T01:11:15.689405,0.1957,-0.8781,0.12,44.12,31.78,-0.4545,-0.8288,0.1957,9.35,-0.4052,5.68,-0.3855,,,33.6,-0.5038,,,,,False,MOMENTUM,2026-07-29T00:35:55.540148,-0.4348,,,,0.0873,-0.0703,-0.2476,-0.4151,-0.3067,,,,,,,,,,,,,,,,,,,,,0.2213,trailing,3.49,,,,,,,,,,0.1366,stretch,3.52,,,,,,,-0.4545,signal_lost,35.28,,,,0.6458,0.6458,0.3236,3.46,0.1759,3.49,,,,,,,,,,,,,0.6263554778252388,atr,False,,,,False,,,,,,,,,,,,,2026-07-29T00:23:38,2026-07-29T00:27:08.060090,RUNNER_TRAIL,TAKER_FALLBACK,TAKER,True,,14.0151,
221,,TAOUSDT,LONG,CLOSED,195.44,196.86,196.88,796.9283105183904,20.0,15938.566210367808,81.552221706753,VERY_STRONG,0.4912,0.1455,0.1951,66.68,69.76,30.2509,28.9571,0.0561,0.0561,BULLISH,0.2102,0.0705,31.6222,30.2671,67.3,69.0,62.3,0.1276,55.5,52.7,False,False,False,False,False,False,False,False,False,False,False,False,False,False,False,False,False,,,,0.7205,0.6497,72.1,16.3,86.6,1.2938,3.0,STRONG_BULL,STRONG_BULL,,0.0929,34.3142067154994,12.3492982540693,0.3139,0.2885,-0.000452,0.4815,0.3972,0.1614,0.0529,2026-07-29T00:38:58.292106,0.0955450777732308,69102512.31,30,838.4,,False,0.49,-0.242,17.52,-0.0886,23.6,0.3001,15938.566210367808,69102.51231,False,,0.1258,,,,,,,,,2.8689419178662057,7.224466664336128,10.093408582202333,105.71074624138824,0.6632387433483504,0.9803288988947976,-0.24200250716332086,197.48,195.44,0.0,0.6807,0.4035,2026-07-29T00:47:50.786364,2026-07-29T00:33:30.861783,-0.1149,RECOVERED,1,0.45,,True,,-0.0051,False,,,,2.0,1.0,NONEXP_CALM3D,False,,,0,,0.3679,0.4035,True,,,,,198.21,196.05,2026-07-29T00:59:02.064927,2026-07-29T01:17:18.765363,1.3543,0.2491,10.0,28.28,,,0.7352,,17.25,1.0934,20.91,0.4947,,,,,,,,,False,MOMENTUM,2026-07-29T01:00:11.268420,1.298,,,,0.7505,0.9808,1.1292,1.3236,0.5203,2026-07-29T00:45:07.238865,,,,,,2026-07-29T01:04:27.675745,1.0882,2026-07-29T01:01:27.657546,1.0882,2026-07-29T01:04:28.689492,1.0882,2026-07-29T01:01:26.639187,1.0627,2026-07-29T01:01:27.657546,1.0882,2026-07-29T00:49:07.443391,0.684,2026-07-29T00:49:05.422286,0.6482,0.4132,trailing,24.63,,,,,,,,,,0.4945,stretch,24.59,,,,,,,0.7352,window,,,,,0.8034,0.799,0.5047,23.64,0.6632,27.53,,,,,,,,,,,,,0.7587965523908742,atr,False,,,,False,,,2026-07-29T00:35:55.536646,-0.0937,2026-07-29T00:37:44.841863,-0.0272,,,-0.063,0.03,-0.1346,11.37,2026-07-29T00:21:27,2026-07-29T00:49:01.538059,RUNNER_TRAIL,MAKER,TAKER,True,,105.7107,
217,,UNIUSDT,LONG,CLOSED,3.894,3.913,3.915,820.8054683285179,20.0,16416.10936657036,4215.744572822383,VERY_STRONG,0.1545,0.0203,0.0548,60.45,58.59,22.3559,21.8409,0.0265,0.0265,BULLISH,0.0551,0.0299,33.4045,31.8958,63.1,64.6,53.9,0.0923,54.7,52.7,False,False,False,False,False,False,False,False,False,False,False,True,False,True,False,False,True,,,,0.9636,0.5373,74.4,14.0,57.1,0.515,2.0,STRONG_BULL,STRONG_BULL,,0.1498,27.172723131692845,14.93876927012519,0.2592,0.191,5e-05,0.2554,0.1016,0.0872,0.0802,2026-07-28T21:50:47.220784,,74470412.369,28,2139.6,,False,9.19,0.168,9.19,0.1937,9.32,0.2707,16416.10936657036,74470.412369,False,,0.1793,2026-07-28T21:42:17.266849,-0.14,,,,,,,2.954899685982665,7.423293831054293,10.378193517036959,69.72095336658698,0.4247105803800637,0.7070693374422138,-0.19134488957371182,3.924,3.894,0.0,0.5234,0.2346,2026-07-28T21:58:06.780768,2026-07-28T21:44:01.280153,-0.1106,RECOVERED,1,0.45,,True,,-0.0257,False,,,,2.0,1.0,NONEXP_CALM3D,False,-0.1400069337442248,,0,,0.1671,0.3112,True,,,,,3.924,3.896,2026-07-28T22:03:53.964159,2026-07-28T22:35:12.945463,0.7074,-0.0116,4.73,36.05,32.23,0.0911,0.2452,0.7074,15.18,0.4763,24.66,0.2965,,,32.23,0.0911,,,,,False,MOMENTUM,2026-07-28T22:02:01.786099,0.3992,,,,0.3479,0.3222,0.6561,0.4249,0.1424,2026-07-28T21:57:19.224807,,,,,,2026-07-28T21:59:14.258736,0.3992,2026-07-28T21:59:11.217940,0.4249,2026-07-28T21:59:13.244261,0.4249,2026-07-28T21:59:26.392967,0.3992,2026-07-28T21:59:29.433104,0.3222,2026-07-28T21:59:30.449497,0.3222,2026-07-28T21:59:31.460180,0.2965,0.4571,trailing,17.49,,,,,,,,,,0.2964,stretch,13.07,,,,,,,0.0911,ema13,49.75,,,,0.5234,0.5234,0.2964,13.07,0.4247,17.5,,,,,,,,,,,,,0.4980914547955604,atr,False,,,,False,,,,,,,,,,,,,2026-07-28T21:41:36,2026-07-28T21:59:09.170396,RUNNER_TRAIL,MAKER,TAKER,True,,69.721,
216,,HYPEUSDT,LONG,CLOSED,55.419000000000004,55.562,55.566,410.40273416425896,20.0,8208.05468328518,148.10903631038414,STRONG_BUY,0.2387,0.0716,0.0912,60.58,60.47,19.1032,18.3797,0.0953,0.0954,BULLISH,0.1134,0.064,23.7989,22.2482,65.5,61.9,57.8,0.1342,53.9,52.5,False,False,False,False,False,False,False,False,False,False,False,False,False,False,False,False,False,UNMATCHED,,,0.7079,1.2171,65.1,23.3,76.2,0.7235,2.0,HEALTHY_BULL,CHOPPY_FLAT,,0.1151,28.507436023667694,15.85901226372935,0.3657,0.1794,5e-05,0.2406,0.2583,0.2462,0.0533,2026-07-28T20:49:15.109462,0.0632536314260329,469075172.31371,7,424.4,,False,,,,,,,8208.05468328518,469075.17231371,False,,0.1507,2026-07-28T20:55:17.544983,-0.045,2026-07-28T21:20:56.475247,-0.3083,2026-07-28T21:13:15.958856,-0.0576,2026-07-28T21:21:08.985313,-0.2885,1.4774498429913325,3.7031554239649034,5.180605266956236,15.998986925427747,0.19491813277033793,0.5610536639058744,-0.44717176419639637,55.765,55.419000000000004,0.0,0.2152,0.2428,2026-07-28T22:00:12.497407,2026-07-28T21:23:04.426955,-0.3006,ENDED_NEG,1,0.45,,True,,-0.0018,False,,,,1.0,1.0,UNMATCHED,False,-0.3191145094642686,,0,,-0.1456,-0.0351,True,,,,,55.607,54.768,2026-07-28T22:22:24.676918,2026-07-28T23:03:11.127622,0.2762,-1.2377,4.13,44.91,7.44,-0.0016,-1.198,0.2762,3.66,0.2564,30.19,-0.2507,,,7.44,-0.0016,-0.18745000811996357,2026-07-28T21:14:54.519108,,,False,MOMENTUM,2026-07-28T22:18:16.807862,0.1932,,,,0.2419,0.1914,0.2077,-0.0576,-0.3012,2026-07-28T21:58:00.434512,0.19852537938251502,,,,,,,,,,,2026-07-28T22:18:22.913176,0.168,,,2026-07-28T22:18:21.900273,0.1499,2026-07-28T22:26:28.008253,0.0326,0.3111,trailing,80.57,,,,,,,,,,0.4456,stretch,67.62,,,,,,,-0.0016,ema13,96.47,,,,0.2546,0.2546,0.3771,71.6,0.1949,89.02,,,,,,,,,,,,,0.37659767820712164,atr,False,,,,False,,,2026-07-28T20:49:15.246354,0.0633,2026-07-28T20:49:31.387407,0.0633,,,-0.2109,1.91,0.1011,24.81,2026-07-28T20:05:40,2026-07-28T22:18:16.421101,RUNNER_TRAIL,MAKER,TAKER,True,,15.999,
215,,OPUSDT,LONG,CLOSED,0.0888,0.0892,0.0893,212.54495287438402,1.0,212.54495287438402,2393.524244080901,VERY_STRONG,0.4814,0.1101,0.1626,69.75,68.04,34.8034,32.9781,0.132,0.1322,BULLISH,0.2046,0.106,33.1029,32.2475,64.0,68.0,56.8,0.1833,54.6,55.7,False,False,False,False,False,False,False,False,False,False,False,True,False,True,False,False,True,W2+W4,,,0.7419,1.5501,65.1,23.3,71.4,1.8253,3.0,STRONG_BULL,HEALTHY_BEAR,,0.3982,29.774356005786867,7.788115770373256,0.4113,0.4884,5e-05,0.7767,0.4055,0.1464,0.1191,2026-07-28T17:20:20.510008,,26814774.50026,49,1518.4,,False,,,,,,,212.54495287438402,26814.77450026,False,,0.2728,,,,,,,,,0.038258091517389126,0.09607606315740737,0.13433415467479648,0.8230755429575581,0.387247747747745,0.8374954954954901,-0.17556193693694017,0.0896,0.0888,0.0,0.8614,0.0513,2026-07-28T17:21:36.398870,2026-07-28T17:10:21.266289,-0.104,RECOVERED,1,0.45,,True,,-0.1125,False,,,,0.5,0.05,ADXMAX_PROBE,False,,,0,,0.1409,0.321,True,,,,,0.0896,0.0887,2026-07-28T17:27:29.470835,2026-07-28T17:50:17.206848,0.8379,-0.1756,2.4,25.19,23.29,0.0496,0.3875,0.8379,11.86,0.3875,27.09,-0.063,,,23.29,0.0496,,,,,True,MOMENTUM,2026-07-28T17:25:06.301238,0.3875,,,,0.6127,0.7253,0.6127,0.0496,0.0496,2026-07-28T17:21:27.235175,,,,2026-07-28T17:21:07.326662,0.4998,2026-07-28T17:28:13.966715,0.6127,2026-07-28T17:28:30.169048,0.6127,2026-07-28T17:28:31.176279,0.6127,2026-07-28T17:25:07.309392,0.3875,2026-07-28T17:25:07.309392,0.3875,2026-07-28T17:25:07.309392,0.3875,2026-07-28T17:25:06.301238,0.3875,0.5875,trailing,20.92,,,,,,,,,,0.6124,stretch,19.07,,,,,,,0.0496,ema13,45.66,,,,0.8614,0.8614,0.2747,17.87,0.3872,22.37,,,,,,,,,,,,,0.8613981716415265,atr,False,,,,False,,,2026-07-28T17:15:24.359875,-0.063,,,2026-07-28T17:21:07.326479,0.4998,,,,,2026-07-28T17:02:41,2026-07-28T17:25:05.364539,RUNNER_TRAIL,MAKER,TAKER,True,,0.8231,
214,,UNIUSDT,LONG,CLOSED,3.907,3.877,3.878,1151.11329481594,20.0,23022.2658963188,5892.568696267929,VERY_STRONG,0.3558,0.1041,0.1305,57.91,53.95,23.4166,23.6682,0.1402,0.1404,BULLISH,0.1398,0.1424,26.6077,25.9769,67.1,66.9,64.5,0.249,52.0,40.2,False,False,False,False,False,False,False,False,False,False,False,False,False,False,False,False,False,UNMATCHED,,,1.0056,0.5216,79.1,18.6,86.0,-0.2517,5.0,HEALTHY_BULL,STRONG_BULL,,0.3498,24.84799329043855,16.515330469231827,0.5557,0.3787,5e-05,0.7001,0.3754,0.2566,-0.1275,,,73443813.123,29,2139.4,,False,,,,,,,23022.2658963188,73443.813123,False,,0.3742,2026-07-28T16:10:05.063371,-0.3444,2026-07-28T16:15:05.676274,-0.4468,2026-07-28T16:10:29.908081,-0.4723,2026-07-28T16:27:14.392316,-0.6258,4.144007861337385,10.280469975943841,14.424477837281227,-191.20153872532055,-0.8305070386485857,0.19283567954952102,-0.8305070386485857,3.917,3.907,0.0,0.3526,0.1903,2026-07-28T16:00:02.469480,2026-07-28T16:30:55.428737,-0.3876,ENDED_NEG,1,0.45,,False,,-0.0256,False,,,,2.5,1.0,UNMATCHED,False,-0.3444192475044822,,0,,-0.3876,-0.1301,True,,,,,3.895,3.861,2026-07-28T16:52:12.637811,2026-07-28T17:11:47.632443,-0.3701,-1.2404,21.27,40.85,0.0,-0.8309,-1.2148,0.0,0.0,-0.8309,,,,,0.0,-0.8309,-0.5490877911441037,2026-07-28T16:16:47.780019,,,False,MOMENTUM,2026-07-28T17:15:24.363046,-1.2148,,,,-0.8564,-0.7285,-0.7541,-0.8053,-0.7541,,,,,,,,,,,,,,,,,,,,,-1.2148,window,,,,,,,,,,,-1.2148,window,,,,,,,,-1.2148,window,,,,,,,-1.2148,,-1.2148,,,,,,,,,,,,,,0.32716818145687837,,False,,,,False,,,,,,,,,-0.2933,7.69,-0.2933,7.69,2026-07-28T15:57:38,2026-07-28T16:30:55.432523,STOP_LOSS L1,MAKER,TAKER,True,,-191.2015,
209,,STORJUSDT,SHORT,CLOSED,0.05712,0.05747,0.05744,493.73822630298883,20.0,9874.764526059776,172877.53021813335,STRONG_BUY,0.9912,0.4283,0.3622,76.02,45.18,30.1706,28.008,2.8893,2.9753,BEARISH,0.3407,,20.054363303183944,20.0808248814952,46.700647940817,40.75904396155016,39.644017237257735,0.0792,34.1,32.9,False,True,False,False,False,False,False,False,False,True,True,False,False,False,False,False,True,,,,,4.5762,23.3,48.8,93.3,2.1626,1.0,HEALTHY_BEAR,HEALTHY_BEAR,,-0.0057,44.993751674119736,11.857898124247724,1.1213,0.1164,,0.1021,3.7909,-0.0118,,2026-07-28T09:03:14.106461,0.06763392857142823,19198770.2891302,70,2141.1,,False,,,,,,,9874.764526059776,19198.7702891302,False,,-0.0057,,,,,,,,,4.4436440367269,4.4708722477362555,8.914516284463154,-69.42165186081036,-0.7030208333333388,0.7507142857142758,-0.7030208333333388,0.05712,0.05664,0.0,,,2026-07-28T09:03:33.590663,2026-07-28T09:03:51.335938,,NEVER,1,0.45,,True,,0.0,False,,,,1.0,1.0,SPIKE_FADE,False,,,0,,98.7164,-0.0486,False,,,,,0.05856,0.05396,2026-07-28T09:04:02.297704,2026-07-28T09:14:04.533081,5.4422,-2.611,10.21,0.17,,,2.8162,,,,,,,,,,,,,,,SPIKE_FADE,2026-07-28T09:10:14.162697,1.188,,,,-2.1908,0.2076,1.0129,4.1292,2.3085,2026-07-28T09:03:30.559418,0.19023809523809598,,,,,2026-07-28T09:06:56.298956,0.3652,2026-07-28T09:07:12.470617,0.6278,2026-07-28T09:07:16.505753,0.6453,2026-07-28T09:09:02.784437,1.0304,2026-07-28T09:09:02.784437,1.0304,2026-07-28T09:10:09.112532,0.9254,2026-07-28T09:10:11.130042,0.9079,0.5007,trailing,0.36,,,,,,,,,,-0.7,hard_sl,0.63,,,,,,,-0.7,hard_sl,0.63,,,,111.6425,,0.1727,0.5,-0.4053,0.58,,,,,,,,,,,,,,,False,,,,False,,,,,,,,,,,,,2026-07-28T09:03:06,2026-07-28T09:03:51.338910,STOP_LOSS L1,TAKER_FALLBACK,TAKER,True,,-138.8433,fade 1x->2x
208,,PROMUSDT,SHORT,CLOSED,2.001,1.976,1.972,476.00392822929155,20.0,9520.07856458583,4757.6604520668825,STRONG_BUY,0.7826,0.8172,0.2126,75.03,30.75,36.8871,36.9897,5.2281,5.5166,NEUTRAL,0.447,,16.973488417036705,16.982537336650147,38.45041028888181,43.39388398361626,41.6350977914582,0.079,33.3,34.2,False,False,False,False,False,False,False,False,False,False,False,False,False,False,False,False,False,,,,,2.2766,23.3,62.8,99.0,-0.1025,1.0,CHOPPY_WEAK,CHOPPY_WEAK,,0.0416,44.59231047471419,21.20026201196921,1.5195,-1.3066,,-1.316,6.605,-0.0943,,2026-07-28T08:14:44.628763,,14080450.9485,89,558.8,,False,,,,,,,9520.07856458583,14080.4509485,False,,0.0298,,,,,,,,,4.284035354063624,4.230511673977872,8.514547028041495,110.42696427363015,1.1599375312343787,1.5599175412293818,-0.09000000000000001,2.001,1.968,0.0,,,2026-07-28T08:15:58.419420,,,NEVER,1,0.45,,False,,0.0,False,,,,1.0,1.0,SPIKE_FADE,False,,,0,,-0.2131,-0.5895,True,1.3099,True,1.2,True,2.063,1.914,2026-07-28T08:38:58.029842,2026-07-28T08:26:16.267435,4.2578,-3.1885,9.84,22.53,0.0,1.1094,-1.3394,0.0,,,,,,,0.0,1.1094,,,,,,SPIKE_FADE,,,,,,1.0095,0.2598,1.7591,1.7591,-0.2899,2026-07-28T08:14:44.628713,,2026-07-28T08:14:44.628739,,,,2026-07-28T08:16:30.130374,1.0095,2026-07-28T08:16:30.130374,1.0095,2026-07-28T08:16:30.130374,1.0095,2026-07-28T08:16:30.130374,1.0095,2026-07-28T08:16:30.130374,1.0095,2026-07-28T08:16:31.145285,1.0095,2026-07-28T08:16:30.130374,1.0095,1.2099,trailing,0.12,,,,,,,,,,1.1094,ema13,1.69,,,,,,,1.1094,ema13,1.69,,,,3.0193,,1.1094,1.69,1.1094,1.69,,,,,,,,,,,,,,,False,,,,False,,,2026-07-28T08:14:38.650817,-0.09,2026-07-28T08:15:56.012777,1.5099,,,,,,,2026-07-28T08:14:37,2026-07-28T08:16:25.617885,HARD_TP_LADDER L2,TAKER_FALLBACK,TAKER,True,,220.8539,fade 1x->2x
201,,KAITOUSDT,LONG,CLOSED,1.215,1.2279,1.223,302.4402717353807,1.0,302.4402717353807,248.92203435010754,STRONG_BUY,0.3297,0.0475,0.1127,56.67,56.51,19.5322,19.5641,0.0133,0.0133,BULLISH,0.1312,0.0823,23.524,22.7136,64.1,63.2,58.2,0.1532,51.4,47.3,False,False,False,False,False,False,False,False,False,False,False,False,False,False,False,False,False,UNMATCHED,,,0.3628,0.5139,52.3,36.4,72.6,-0.0319,5.0,HEALTHY_BULL,HEALTHY_BEAR,,0.0867,26.465607351567538,17.970711132332323,0.6444,0.6995,5e-05,0.9106,0.1735,0.1601,-0.0889,2026-07-27T17:45:46.881923,0.09330823045267594,94988323.1283,24,522.2,,False,,,,,,,302.4402717353807,94988.32312829999,False,,0.0482,2026-07-27T17:40:58.154585,-0.1946,,,2026-07-27T17:41:18.046834,-0.3592,,,0.05443924891236853,0.13754311469032365,0.1919823636026922,3.019111879513673,0.9982506172839433,1.3766810699588352,-0.6059654320987787,1.2325,1.215,0.0,1.245,0.1535,2026-07-27T18:29:51.256810,2026-07-27T17:55:30.255347,-0.6071,RECOVERED,1,0.45,,True,,-0.0494,False,,,,0.5,0.05,GAPMIN_PROBE,False,-0.19462798353909838,,0,,0.8751,0.1535,True,1.1267,True,1.0,True,1.2508,1.2231,2026-07-27T19:05:04.297064,2026-07-27T18:31:17.399181,2.8835,0.6037,35.2,1.42,,,2.7683,,31.09,1.9041,,,,,,,-0.5648316872427978,2026-07-27T17:55:48.305938,,,True,MOMENTUM,2026-07-27T18:29:53.069669,0.9658,,,,0.76,0.9082,0.867,1.4349,1.9699,2026-07-27T18:29:38.171294,,2026-07-27T18:29:51.100566,,2026-07-27T18:26:49.253896,0.1756,2026-07-27T18:30:20.872699,0.8177,2026-07-27T18:30:23.900169,0.8423,2026-07-27T18:30:32.980664,0.7847,2026-07-27T18:30:39.031271,0.793,2026-07-27T18:30:39.031271,0.793,2026-07-27T18:30:45.089776,0.76,2026-07-27T18:30:53.162211,0.7683,1.1267,trailing,49.02,,,,,,,,,,0.7354,stretch,49.69,,,,,,,2.7683,window,,,,,1.245,1.245,1.0476,49.02,0.7271,50.0,,,,,,,,,,,,,0.4779029258783457,,False,,,,False,,,2026-07-27T18:15:37.972230,0.0769,,,2026-07-27T18:26:49.253704,0.1756,-0.5648,14.98,-0.1453,41.0,2026-07-27T17:40:49,2026-07-27T18:29:51.371462,HARD_TP_LADDER L1,MAKER,TAKER,True,,3.0191,
200,,UNIUSDT,LONG,CLOSED,3.861,3.837,3.838,298.0802485964757,1.0,298.0802485964757,77.2028615893488,STRONG_BUY,0.1465,0.0457,0.0644,56.98,51.36,17.8901,19.0983,0.1554,0.1557,BULLISH,0.0609,0.0444,19.324,19.6564,60.4,58.2,63.3,0.1754,48.0,47.3,False,False,False,False,False,False,False,False,False,False,False,False,False,False,False,False,False,UNMATCHED,,,0.548,0.5278,56.8,29.5,82.8,-1.2082,2.0,HEALTHY_BULL,HEALTHY_BULL,,-0.0321,22.563461246532395,21.599446591828897,0.3588,-0.023,5e-05,-0.1136,0.266,0.1418,-0.1072,,,69584933.743,28,2138.4,,False,,,,,,,298.0802485964757,69584.933743,False,,0.0884,2026-07-27T17:39:58.650746,-0.6595,,,2026-07-27T17:39:58.650746,-0.6595,,,0.13413611186841407,0.1333023209632491,0.26743843283166313,-2.120307110976036,-0.7113209013209019,0.09121859621858777,-0.7113209013209019,3.868,3.861,0.0,,,,2026-07-27T17:43:10.195024,-0.2634,ENDED_NEG,1,0.45,,False,,0.0518,False,,,,0.5,0.05,GAPMIN_PROBE,False,-0.34888370888371484,,0,,-0.2634,-0.2081,True,,,,,3.843,3.811,2026-07-27T17:57:14.067395,2026-07-27T18:23:24.457788,-0.5562,-1.385,14.06,40.23,0.01,-0.7375,-1.126,0.0,3.24,-0.6857,25.59,-0.7634,,,0.01,-0.7375,-0.400660450660451,2026-07-27T17:36:38.400864,,,False,MOMENTUM,2026-07-27T18:15:37.975683,-1.1778,,,,-0.6339,-0.7116,-0.6598,-0.5821,-0.7893,,,,,,,,,,,,,,,,,,,,,-1.126,window,,,,,,,,,,,-1.126,window,,,,,,,,-1.126,window,,,,,,,-1.126,,-1.126,,,,,,,,,,,,,,0.3705099414368445,,False,,,,False,,,2026-07-27T17:39:57.923019,-0.6078,2026-07-27T17:40:13.205994,-0.556,,,-0.3748,12.95,-0.323,11.11,2026-07-27T17:18:06,2026-07-27T17:43:10.198298,STOP_LOSS L1,TAKER_FALLBACK,TAKER,True,,-2.1203,
199,,ONDOUSDT,LONG,CLOSED,0.4102,0.4108,0.4109,1490.4012429823788,20.0,29808.024859647576,72667.0523150843,STRONG_BUY,0.4578,0.0958,0.1835,59.71,53.87,18.1848,18.0871,0.1375,0.1377,BULLISH,0.1703,0.0444,19.324,19.6564,60.4,58.2,63.3,0.1754,48.0,47.3,False,False,False,False,False,False,False,False,False,False,False,False,False,False,False,False,False,UNMATCHED,,,0.548,0.5915,56.8,29.5,83.9,0.0977,4.0,HEALTHY_BULL,HEALTHY_BULL,,-0.0321,27.99740223893735,18.87767675299213,0.5771,0.2709,5e-05,0.2291,0.4176,0.1418,-0.1072,2026-07-27T17:20:14.222811,0.08320429058995356,96035023.72165,25,919.2,,False,,,,,,,29808.024859647576,96035.02372165001,False,,0.0085,,,,,,,,,5.365444474736564,13.433231290966482,18.798675765703045,24.801555623346765,0.08320429058995356,0.4730823988298342,-0.03863261823500999,0.4124,0.4102,0.0,0.6137,0.2008,2026-07-27T17:21:06.913131,2026-07-27T17:17:47.111502,0.1375,NEVER,1,0.45,,True,,-0.0244,False,,,,2.5,1.0,UNMATCHED,False,,,0,,0.0564,0.4476,False,,,,,0.4109,0.4053,2026-07-27T17:23:56.769472,2026-07-27T18:08:49.204317,0.1076,-1.2575,0.07,44.94,22.54,-0.4287,-1.2575,0.0,20.7,-0.3068,24.48,-0.5993,,,22.54,-0.4287,,,,,True,MOMENTUM,,,,,,-0.1118,-0.0874,-0.2824,-0.0142,-0.7456,,,,,,,,,,,,,,,,,,,,,-1.2575,window,,,,,,,,,,,-1.2575,window,,,,,,,,-1.2575,window,,,,,,0.6137,-1.2575,,-1.2575,,,,,,,,,,,,,,0.6136751818842602,lock,False,,,,False,,,,,,,,,,,,,2026-07-27T17:17:46,2026-07-27T17:23:52.626752,RUNNER_TRAIL,MAKER,TAKER,True,,24.8016,
198,,SOLUSDT,LONG,CLOSED,75.899,75.42,75.44,1192.320994385903,20.0,23846.41988771806,314.18621968297424,VERY_STRONG,0.2317,0.0829,0.1052,59.84,55.42,22.7172,23.4525,0.0749,0.075,BULLISH,0.0899,0.0514,21.4442,22.6084,60.0,59.7,62.1,0.1856,46.9,47.3,False,False,False,False,False,False,False,False,False,False,False,False,False,False,False,False,False,UNMATCHED,,,0.567,0.7237,52.3,34.1,90.6,-0.7353,4.0,HEALTHY_BULL,HEALTHY_BEAR,,-0.0689,23.12516215890409,17.747079325534084,0.2624,-0.1333,5e-05,-0.1897,0.2634,0.1453,-0.1128,2026-07-27T17:39:57.216069,0.08318117498254811,1217037775.3379,4,2142.4,,False,,,,,,,23846.41988771806,500000.0,False,,0.0089,2026-07-27T17:45:31.648288,-0.0749,2026-07-27T17:52:55.676904,-0.1802,2026-07-27T17:45:52.140930,-0.1539,2026-07-27T18:09:40.189615,-0.2329,4.292355579789251,10.663166109820462,14.955521689609714,-165.45072091775413,-0.693817863212953,0.34657067945558295,-0.693817863212953,76.21,75.899,0.0,,,,2026-07-27T18:38:09.931820,-0.1524,ENDED_NEG,1,0.45,,False,,-0.0013,False,,,,2.0,1.0,UNMATCHED,False,-0.07485252770128768,,0,,-0.1524,-0.1677,True,,,,,75.97,75.22,2026-07-27T19:12:29.801947,2026-07-27T18:40:36.862364,0.0305,-0.9576,34.32,2.44,0.01,-0.6941,-0.1671,0.0,0.39,-0.7732,13.48,-0.7863,,,0.01,-0.6941,-0.19337780471416455,2026-07-27T17:52:05.392089,,,True,MOMENTUM,2026-07-27T18:38:11.081590,-0.6941,,,,-0.8127,-0.9049,-0.6941,-0.6282,-0.2461,,,,,2026-07-27T18:26:49.250938,-0.5226,,,,,,,,,,,,,,,-0.1671,window,,,,,,,,,,,-0.1671,window,,,,,,,,-0.1671,window,,,,,,,-0.1671,,-0.1671,,,,,,,,,,,,,,0.43260723986970157,,False,,,,False,,,2026-07-27T17:39:57.919933,0.0832,2026-07-27T17:40:13.202364,0.1227,2026-07-27T18:26:49.250732,-0.5226,-0.2197,3.73,0.0964,24.6,2026-07-27T17:02:46,2026-07-27T18:38:09.934430,STOP_LOSS L1,MAKER,TAKER,True,,-165.4507,
197,,1000FLOKIUSDT,LONG,CLOSED,0.02218,0.02204,0.02206,299.0646546851978,1.0,299.0646546851978,13483.52816434616,STRONG_BUY,0.1761,0.102,0.06,70.49,42.67,18.7714,17.4411,0.7344,0.7398,,,,27.06907171337491,26.945746012584447,67.17844733439091,51.354009006278915,43.82524037805296,0.1569,60.7,51.2,False,False,False,False,False,False,False,False,False,False,False,False,False,False,False,False,False,UNMATCHED,,,,3.0535,34.1,50.0,86.1,1.3303,,BULLISH,UNKNOWN,,-0.1078,39.44009591961359,18.53206259293202,0.3152,-0.0866,,-0.1063,0.9031,0.4283,,2026-07-27T14:17:48.461503,-0.4955883678990073,5360912.68663,122,1178.6,,False,,,,,,,299.0646546851978,5360.91268663,False,,,,,,,,,,,0.134579094608339,0.13372963233398524,0.2683087269423242,-2.1560026699507566,-0.7209152389540026,0.22545761947700915,-0.7209152389540026,0.02225,0.02218,0.0,,,,2026-07-27T14:18:46.878261,,NEVER,1,0.45,,,,0.0,False,,,,0.5,0.05,SPIKE_CHASE_PROBE,False,,,0,,,,True,,,,,0.02207,0.02141,2026-07-27T14:19:12.879856,2026-07-27T14:44:51.123247,-0.5859,-3.5616,0.43,26.07,,,-2.5246,,,,,,,,,,,,,,,MOMENTUM,2026-07-27T14:18:47.489300,-0.6761,,,,-0.631,-1.127,-1.9385,-2.6148,-3.1558,,,,,,,,,,,,,,,,,,,,,-2.5246,window,,,,,,,,,,,-2.5246,window,,,,,,,,-2.5246,window,,,,,,,-2.5246,,-2.5246,,,,,,,,,,,,,,,,False,,,,False,,,2026-07-27T14:17:48.009170,-0.4055,,,,,,,,,2026-07-27T13:39:28,2026-07-27T14:18:46.886353,STOP_LOSS L1,TAKER_FALLBACK,TAKER,True,,-2.156,
196,,HBARUSDT,LONG,CLOSED,0.06954,0.06912,0.06913,299.0646546851978,1.0,299.0646546851978,4300.613383451219,STRONG_BUY,0.0467,0.0422,0.0108,67.38,34.62,14.4899,13.8992,0.4674,0.4696,,,,30.859064450703446,29.169432660669507,34.18408754866121,24.518935902485055,50.55502417981615,0.1167,46.2,51.5,False,False,False,False,False,False,False,False,False,False,False,False,False,False,False,False,False,UNMATCHED,,,,3.7317,13.6,79.5,96.0,0.5907,,BEARISH,HEALTHY_BULL,,-0.1971,39.8289046746473,25.374035430708393,0.1919,-0.0682,,-0.0954,0.5228,-0.1838,,2026-07-27T13:45:31.691859,0.09685864250789651,15769391.75227,68,1958.2,,False,,,,,,,299.0646546851978,15769.391752270001,False,,0.0753,,,,,,,,,0.134579094608339,0.1337662786788667,0.2683453732872057,-2.074602994336734,-0.6936971527178656,0.24059605982167687,-0.6936971527178656,0.06977,0.06954,0.0,,,2026-07-27T13:45:31.693507,2026-07-27T14:01:22.916720,,NEVER,1,0.45,,False,,0.0,False,,,,0.5,0.05,SPIKE_CHASE_PROBE,False,,,0,,-2.2359,0.0119,True,,,,,0.06921,0.06911,2026-07-27T14:01:51.240522,2026-07-27T14:01:23.669551,,,,,,,,,,,,,,,,,,,,,,MOMENTUM,,,,,,,,,,,,,,,2026-07-27T13:29:29.628845,-0.5643,,,,,,,,,,,,,,,,,,,,,,,,,,,,,,,,,,,,,,,,,,,,,,,,,,,,,,,,,,,,,,False,,,,False,,,2026-07-27T13:29:13.526691,-0.5643,2026-07-27T13:38:22.701910,-0.1762,2026-07-27T13:29:29.628642,-0.5643,,,,,2026-07-27T12:39:29,2026-07-27T14:01:22.926863,STOP_LOSS L1,TAKER_FALLBACK,TAKER,True,,-2.0746,
195,,STXUSDT,LONG,CLOSED,0.1424,0.1415,0.1416,299.4353438629745,1.0,299.4353438629745,2102.7762911725736,STRONG_BUY,0.0592,0.0592,0.0267,67.38,42.24,35.8685,36.6427,0.3767,0.3781,,,,17.88741523562064,18.894523454780078,52.57764580866868,51.29106431935325,60.09612768232405,0.0741,60.1,60.0,False,False,False,False,False,False,False,False,False,False,False,False,False,False,False,False,False,UNMATCHED,,,,1.9089,38.6,40.9,93.3,-0.7741,,NEUTRAL,CHOPPY_FLAT,,-0.0324,24.530510371301286,14.467238053879758,0.2614,-0.2546,,-0.3819,0.4643,0.0164,,,,8432449.2123,96,1253.1,,False,,,,,,,299.4353438629745,8432.4492123,False,,-0.0856,,,,,,,,,0.13474590473833853,0.13389428034041362,0.26864018507875215,-2.1611388471340933,-0.7217380617977611,0.0,-0.7217380617977611,0.1424,0.1424,0.0,,,,2026-07-27T12:13:11.964874,,NEVER,1,0.45,,True,,0.0,False,,,,0.5,0.05,SPIKE_CHASE_PROBE,False,,,0,,2.03,0.3135,True,,,,,0.1416,0.1409,2026-07-27T12:16:51.073071,2026-07-27T12:33:40.365760,-0.6518,-1.1434,3.64,20.46,,,-0.8625,,,,,,,,,,,,,,,MOMENTUM,,,,,,-0.722,-0.8625,-0.722,-0.722,-0.9327,,,,,2026-07-27T11:20:53.534011,-0.09,,,,,,,,,,,,,,,-0.8625,window,,,,,,,,,,,-0.8625,window,,,,,,,,-0.8625,window,,,,,,,-0.8625,,-0.8625,,,,,,,,,,,,,,,,False,,,,False,,,2026-07-27T10:19:58.212875,-0.09,2026-07-27T10:22:46.508533,-0.09,2026-07-27T11:20:53.533808,-0.09,,,,,2026-07-27T10:19:58,2026-07-27T12:13:11.968505,STOP_LOSS L1,TAKER_FALLBACK,TAKER,True,,-2.1611,
194,,INJUSDT,LONG,CLOSED,4.951,4.921,4.922,299.4353438629745,1.0,299.4353438629745,60.47977052372743,VERY_STRONG,0.203,0.0368,0.0799,56.13,62.52,24.1008,25.4332,0.0439,-0.0438,BULLISH,0.0798,0.0259,25.9046,26.7645,62.1,57.5,30.0,0.0874,61.5,56.5,False,False,False,False,False,False,False,False,False,False,False,False,False,False,False,False,False,UNMATCHED,,,0.7269,1.2597,36.4,38.6,68.3,-1.3324,2.0,HEALTHY_BULL,HEALTHY_BULL,,-0.0894,18.131444869963364,15.829180068626705,0.3268,0.1602,5e-05,0.2326,0.0729,0.1475,0.0836,2026-07-27T10:14:42.323643,0.09169965663503013,28456819.09,48,1441.1,,False,,,,,,,299.4353438629745,28456.81909,False,,0.0494,2026-07-27T09:48:24.067633,-0.1506,2026-07-27T10:38:52.786647,-0.09,2026-07-27T09:51:57.574671,-0.2515,2026-07-27T10:46:40.993475,-0.4938,0.13474590473833853,0.1339294278362682,0.26867533257460674,-2.083068448286391,-0.6956655221167313,0.27339931327006023,-0.6956655221167313,4.969,4.951,0.0,0.2553,0.217,2026-07-27T10:18:59.760260,2026-07-27T10:59:14.104720,-0.2711,ENDED_NEG,1,0.45,,False,,0.0606,False,,,,0.5,0.05,GMINFLAT_PROBE,False,-0.1505665522116588,,0,,-0.2711,-0.2038,True,,,,,4.945,4.87,2026-07-27T11:35:26.836627,2026-07-27T11:04:52.140708,-0.2112,-1.726,36.21,5.63,0.01,-0.6959,-0.5344,0.0,0.01,-0.6959,4.63,-1.4837,,,0.01,-0.6959,-0.27169965663501217,2026-07-27T09:52:59.513927,,,False,MOMENTUM,2026-07-27T11:01:33.024307,-1.2817,,,,-0.9181,-1.2817,-1.4635,-1.0595,-0.8171,,,,,,,,,,,,,,,,,,,,,-0.5344,window,,,,,,,,,,,-0.5344,window,,,,,,,,-0.5344,window,,,,,,,-0.5344,,-0.5344,,,,,,,,,,,,,,0.26582375429999505,,False,,,,False,,,2026-07-27T09:57:41.996245,-0.09,2026-07-27T10:22:46.505644,0.0513,,,-0.09,0.02,-0.1909,56.87,2026-07-27T09:37:03,2026-07-27T10:59:14.107927,STOP_LOSS L1,TAKER_FALLBACK,TAKER,True,,-2.0831,
193,,ZEREBROUSDT,LONG,CLOSED,0.037709,0.037709,0.037709,299.4353438629745,1.0,299.4353438629745,7940.686410750073,STRONG_BUY,0.0856,0.1114,0.0156,66.44,39.05,14.0233,10.4609,1.202,1.2166,,,,27.371793748759668,26.109582939918756,27.156764273259853,28.608880656299874,35.20010781809566,0.1042,57.9,59.5,False,False,False,False,False,False,False,False,False,False,False,False,False,False,False,False,False,UNMATCHED,,,,4.293,14.0,76.7,51.3,3.5624,,BEARISH,CHOPPY_FLAT,,-0.0989,52.133656703249564,12.897677493849738,0.7254,-0.0667,,-0.0923,1.3452,-0.1736,,,,1380936.30468,263,570.8,,False,,,,,,,299.4353438629745,1380.9363046800001,False,,0.028,,,,,,,,,0.13474590473833853,0.13474590473833853,0.26949180947667706,-0.26949180947667706,-0.09000000000000001,0.0,-0.09000000000000001,0.037709,0.037709,0.0,,,,,,NEVER,1,0.45,,False,,0.0,False,,,,0.5,0.05,SPIKE_CHASE_PROBE,False,,,0,,1.5803,-0.2892,True,,,,,,,,,-0.09,-0.09,0.0,0.0,0.0,-0.09,-0.09,0.0,,,,,,,,,,,,,,MOMENTUM,,,,,,-0.09,-0.09,-0.09,-0.09,-0.09,,,,,2026-07-27T08:14:21.724556,-0.09,,,,,,,,,,,,,,,-0.09,window,,,,,,,,,,,-0.09,window,,,,,,,,-0.09,window,,,,,,,-0.09,,-0.09,,,,,,,,,,,,,,,,False,,,,False,,,2026-07-27T09:25:32.458482,-0.09,2026-07-27T09:36:09.033073,-0.09,,,,,,,2026-07-27T08:14:21,2026-07-27T11:14:21.460306,NO_EXPANSION,TAKER_FALLBACK,TAKER,True,,-0.2695,
192,,FLOCKUSDT,LONG,CLOSED,0.03175,0.0314,0.03175,299.2142246519228,1.0,299.2142246519228,9424.070067777096,STRONG_BUY,0.0469,0.0264,0.0446,62.32,39.16,34.698,34.9475,0.6794,0.684,,,,32.932141810752164,34.547298655038325,37.90845419312633,37.73839147088477,43.56373699391791,0.1299,65.0,81.0,False,False,False,False,False,False,False,False,False,False,False,False,False,False,False,False,False,UNMATCHED,,,,2.1185,26.2,66.7,73.2,-0.2495,,BEARISH,HEALTHY_BEAR,,0.1192,32.64684637313046,17.023383949844664,0.4119,0.0538,,0.1267,0.6657,-0.1416,,,,1270842.65141,271,320.7,,False,,,,,,,299.2142246519228,1270.84265141,False,,0.0126,,,,,,,,,0.13464640109336526,0.13316211005769038,0.26780851115105564,-3.5662330348730684,-1.191866141732293,0.0,-1.191866141732293,0.03175,0.03175,0.0,,,,2026-07-27T01:22:10.857781,,NEVER,1,0.45,,False,,0.0,False,,,,0.5,0.05,SPIKE_CHASE_PROBE,False,,,0,,-8.4727,-0.2085,True,,,,,0.03145,0.03133,2026-07-27T01:24:43.482646,2026-07-27T01:27:30.102227,,,,,,,,,,,,,,,,,,,,,,MOMENTUM,,,,,,-1.1294,-1.0664,-1.2869,,,,,,,,,,,,,,,,,,,,,,,,,,,,,,,,,,,,,,,,,,,,,,,,,,,,,,,,,,,,,,,,,,,,,,False,,,,False,,,,,,,,,,,,,2026-07-27T00:41:49,2026-07-27T01:22:10.866221,STOP_LOSS L1,TAKER_FALLBACK,TAKER,True,,-3.5662,
191,,EVAAUSDT,LONG,CLOSED,0.9026,0.9192,0.9199,299.577106871374,1.0,299.577106871374,331.9046165204675,STRONG_BUY,1.068,0.5494,0.3707,85.93,42.82,16.6476,12.1594,3.1727,3.2766,,,,41.69348149135827,43.3622735973102,36.468442421370796,37.14100026791496,63.57897730354065,0.1342,65.1,81.0,False,False,False,False,False,False,False,False,False,False,False,False,False,False,False,False,False,UNMATCHED,,,,3.4749,33.3,54.8,90.3,4.4882,,BEARISH,HEALTHY_BEAR,,0.2085,62.335314310175214,8.907673591063062,0.68,0.0166,,0.2702,4.229,-0.2201,,2026-07-27T01:26:31.597651,,7654105.91068,97,296.6,,False,,,,,,,299.577106871374,7654.10591068,False,,-0.005,,,,,,,,,0.1348096980921183,0.13728902557752617,0.2720987236696445,5.237517910570136,1.748303789053851,2.434899180146249,-0.820891867937064,0.9254,0.9026,0.0,,,2026-07-27T01:28:03.220269,2026-07-27T01:25:59.399209,,NEVER,1,0.45,,False,,0.0,False,,,,0.5,0.05,SPIKE_CHASE_PROBE,False,,,0,,2.1903,0.0504,True,,,,,0.9255,0.9178,2026-07-27T01:29:35.645577,2026-07-27T01:28:26.169299,,,,,,,,,,,,,,,,,,,,,,MOMENTUM,,,,,,2.2698,2.0261,,,,2026-07-27T01:26:31.620450,,2026-07-27T01:27:01.509626,,2026-07-27T01:22:06.760004,0.1315,,,,,,,,,,,,,,,,,,,,,,,,,,,,,,,,,,,,,,,,,,,,,,,,,,,,,,,,,,,,,atr,False,,,,False,,,2026-07-27T01:21:52.640442,0.1093,,,2026-07-27T01:22:06.759817,0.1315,,,,,2026-07-27T00:21:55,2026-07-27T01:28:19.121068,RUNNER_TRAIL,TAKER_FALLBACK,TAKER,True,,5.2375,
190,,RECALLUSDT,LONG,CLOSED,0.03997,0.03973,0.03974,299.577106871374,1.0,299.577106871374,7495.048958503227,STRONG_BUY,0.3478,0.1423,0.1073,75.78,52.34,19.4846,16.4256,1.0574,1.0687,,,,57.599663032123935,59.197923148746376,61.045517088352376,57.72644638624672,67.42243608839337,0.1343,79.3,81.6,False,False,False,False,False,False,False,False,False,False,False,True,False,False,False,False,True,W2,,,,4.6942,66.7,19.0,75.5,3.0589,,BULLISH,STRONG_BEAR,,0.4019,44.990931903114735,11.51233665920313,0.4248,0.1653,,0.2815,1.321,0.0413,,,,1028344.67812,304,284.5,,False,,,,,,,299.577106871374,1028.34467812,False,,0.1919,,,,,,,,,0.1348096980921183,0.13400023280459997,0.26880993089671823,-2.0676216809374717,-0.690180135101319,0.010030022516883588,-0.690180135101319,0.04001,0.03997,0.0,,,2026-07-27T00:17:48.863379,2026-07-27T00:30:18.752747,,NEVER,1,0.45,,False,,0.0,False,,,,0.5,0.05,SPIKE_CHASE_PROBE,False,,,0,,-47.5083,-2.8658,True,,,,,0.03996,0.03963,2026-07-27T00:55:12.410352,2026-07-27T00:33:18.296769,-0.115,-0.9406,24.89,2.99,0.0,-0.7155,-0.4152,0.0,,,,,,,0.0,-0.7155,,,,,,MOMENTUM,2026-07-27T00:30:19.379245,-0.7155,,,,-0.6654,-0.7155,-0.6905,-0.7405,-0.2902,,,,,2026-07-27T00:17:23.724237,-0.04,,,,,,,,,,,,,,,-0.4152,window,,,,,,,,,,,-0.4152,window,,,,,,,,-0.4152,window,,,,,,,-0.4152,,-0.4152,,,,,,,,,,,,,,,,False,,,,False,,,2026-07-27T00:17:09.601765,-0.04,,,2026-07-27T00:17:23.724081,-0.04,,,,,2026-07-26T23:43:24,2026-07-27T00:30:18.761808,STOP_LOSS L1,TAKER_FALLBACK,TAKER,True,,-2.0676,
189,,SWARMSUSDT,LONG,CLOSED,0.007044,0.00712,0.007122,298.7907962065359,1.0,298.7907962065359,42417.773453511625,STRONG_BUY,0.1243,0.0593,0.0422,67.06,45.06,15.5345,12.4147,0.5657,0.569,,,,42.73536770097871,39.55595648413549,80.23932764787635,67.03752141800541,78.33110206795156,0.091,74.1,67.9,False,False,False,False,False,False,False,False,False,False,False,False,False,False,False,False,False,UNMATCHED,,,,3.2716,80.5,12.2,58.9,3.1198,,BULLISH,STRONG_BULL,,0.1313,47.99642365593924,13.501424559448788,0.3255,-0.0299,,-0.0527,0.671,0.3114,,2026-07-26T23:08:45.841095,0.08028109028960616,1063983.195336,294,565.4,,False,,,,,,,298.7907962065359,1063.983195336,False,,0.4479,,,,,,,,,0.13445585829294115,0.13590654614505124,0.2703624044379924,2.9533883780288774,0.9884469051675138,1.3006289040318002,-0.6576036342986954,0.007142,0.007044,0.0,,,2026-07-26T23:28:55.106380,2026-07-26T23:04:15.350623,,NEVER,1,0.45,,True,,0.0,False,,,,0.5,0.05,SPIKE_CHASE_PROBE,False,,,0,,-1.6832,0.5334,True,1.0506,True,1.0,True,0.00712,0.007034,2026-07-26T23:29:01.071893,2026-07-27T00:10:44.852532,0.9889,-0.232,0.0,41.73,,,0.0662,,,,,,,,,,,,,,,MOMENTUM,2026-07-27T00:06:40.718121,0.0662,,,,0.1797,0.1371,0.2507,0.3643,0.1939,2026-07-26T23:28:46.930610,,2026-07-26T23:28:55.093108,,,,2026-07-26T23:30:25.630917,0.0662,2026-07-26T23:30:13.523824,0.0378,2026-07-26T23:30:14.534799,0.0378,2026-07-26T23:30:17.561022,0.0378,2026-07-26T23:30:17.561022,0.0378,2026-07-26T23:30:17.561022,0.0378,2026-07-26T23:36:34.734155,0.0804,0.4688,trailing,28.77,,,,,,,,,,0.0662,window,,,,,,,,0.0662,window,,,,,-1.7976,,0.5344,28.77,0.8754,29.01,,,,,,,,,,,,,,,False,,,,False,,,,,,,,,,,,,2026-07-26T22:04:04,2026-07-26T23:29:00.617485,HARD_TP_LADDER L1,TAKER_FALLBACK,TAKER,True,,2.9534,
188,,BANANAUSDT,LONG,CLOSED,3.671,3.728,3.737,298.7907962065359,1.0,298.7907962065359,81.39220817394059,STRONG_BUY,0.0194,0.0445,0.0081,63.87,40.07,15.3543,13.7983,0.3602,0.3615,,,,42.73536770097871,39.55595648413549,80.23932764787635,67.03752141800541,78.33110206795156,0.091,74.1,67.9,False,False,False,False,False,False,False,False,False,False,False,False,False,False,False,False,False,UNMATCHED,,,,1.9425,80.5,12.2,71.4,1.5561,,BULLISH,BULL_EXHAUSTED,,0.1313,39.227296308319595,18.637267238281343,0.2293,-0.1056,,-0.1209,0.4144,0.3114,,2026-07-26T22:41:48.829734,,1147312.9543,277,710.8,,False,,,,,,,298.7907962065359,1147.3129543000002,False,,0.4799,,,,,,,,,0.13445585829294115,0.13654356843260274,0.2709994267255439,4.368356439189101,1.462011713429594,1.7070661944974201,-0.36228275674202637,3.737,3.671,0.0,,,2026-07-26T22:52:47.889370,2026-07-26T22:11:50.890956,,NEVER,1,0.45,,True,,0.0,False,,,,0.5,0.05,SPIKE_CHASE_PROBE,False,,,0,,-16.3949,-0.0024,True,,,,,3.731,3.716,2026-07-26T22:53:00.742184,2026-07-26T22:59:00.173964,,,,,,,,,,,,,,,,,,,,,,MOMENTUM,,,,,,1.4355,1.3537,1.272,,,2026-07-26T22:44:28.387775,,2026-07-26T22:49:00.597342,,,,,,,,,,,,,,,,,,,,,,,,,,,,,,,,,,,,,,,,,,,,,,,,,,,,,,,,,,,,,,,,atr,False,,,,False,,,,,,,,,,,,,2026-07-26T22:03:40,2026-07-26T22:53:00.325248,RUNNER_TRAIL,TAKER_FALLBACK,TAKER,True,,4.3684,
187,,1000LUNCUSDT,LONG,CLOSED,0.05388,0.05355,0.05357,298.7907962065359,1.0,298.7907962065359,5545.486195370006,STRONG_BUY,0.1211,0.0681,0.0439,70.8,48.78,41.1904,41.9107,0.3999,0.4015,,,,42.73536770097871,39.55595648413549,80.23932764787635,67.03752141800541,78.33110206795156,0.091,74.1,67.9,False,False,False,False,False,False,False,False,False,False,False,False,False,False,False,False,False,UNMATCHED,,,,2.222,80.5,12.2,100.0,-0.7203,,BULLISH,STRONG_BEAR,,0.1313,35.393881466113235,18.303867028704424,0.1566,-0.0945,,-0.1146,0.5141,0.3114,,,,3934520.53051,131,1417.6,,False,,,,,,,298.7907962065359,3934.52053051,False,,0.1466,,,,,,,,,0.13445585829294115,0.1336323535929287,0.26808821188586984,-2.098098656357955,-0.7021965478841815,0.0027570527097279677,-0.7021965478841815,0.05393,0.05388,0.0,,,,2026-07-27T00:38:18.170225,,NEVER,1,0.45,,False,,0.0,False,,,,0.5,0.05,SPIKE_CHASE_PROBE,False,,,0,,-51.2627,-0.8584,True,,,,,0.05367,0.05307,2026-07-27T00:47:17.587112,2026-07-27T01:16:40.753079,,,,,,,,,,,,,,,,,,,,,,MOMENTUM,,,,,,-0.6654,-0.7025,-0.5726,-0.7025,-0.7396,,,,,2026-07-27T00:17:23.721979,-0.461,,,,,,,,,,,,,,,,,,,,,,,,,,,,,,,,,,,,,,,,,,,,,,,,,,,,,,,,,,,,,,False,,,,False,,,2026-07-27T00:17:11.617770,-0.4425,,,2026-07-27T00:17:23.721800,-0.461,,,,,2026-07-26T22:03:00,2026-07-27T00:38:18.172717,STOP_LOSS L1,TAKER_FALLBACK,TAKER,True,,-2.0981,
186,,PEOPLEUSDT,LONG,CLOSED,0.006003,0.006094,0.006099,298.33854221117997,1.0,298.33854221117997,49698.241247906044,STRONG_BUY,0.0459,0.0481,0.0295,62.93,36.79,20.2304,19.8461,0.7369,0.7424,,,,32.40113726963791,30.054256092357146,70.65061306843414,65.87397973272752,55.026584698855956,0.0536,67.0,57.7,False,False,False,False,False,False,False,False,False,False,False,False,False,False,False,False,False,UNMATCHED,,,,2.2911,58.5,26.8,93.8,0.3843,,BULLISH,BULL_EXHAUSTED,,0.0677,34.37269610181136,20.52408192771078,0.3518,-0.136,,-0.1618,0.7611,0.1271,,2026-07-26T21:48:45.994320,,14911078.660299,64,1676.6,,False,,,,,,,298.33854221117997,14911.078660299,False,,0.0838,,,,,,,,,0.13425234399503097,0.13628748697413273,0.2705398309691637,4.252000122590283,1.4252265533899706,1.7915450608029362,-0.08999999999999998,0.006116,0.006003,0.0,,,2026-07-26T21:48:59.357430,,,NEVER,1,0.45,,,,0.0,False,,,,0.5,0.05,SPIKE_CHASE_PROBE,False,,,0,,,,True,,,,,0.006175,0.006052,2026-07-26T22:01:04.340484,2026-07-26T21:54:01.714811,,,,,,,,,,,,,,,,,,,,,,MOMENTUM,,,,,,0.9428,0.8762,0.7263,,,2026-07-26T21:48:45.994296,,2026-07-26T21:48:47.655852,,,,,,,,,,,,,,,,,,,,,,,,,,,,,,,,,,,,,,,,,,,,,,,,,,,,,,,,,,,,,,,,atr,False,,,,False,,,,,,,,,,,,,2026-07-26T21:44:18,2026-07-26T21:49:01.501030,RUNNER_TRAIL,TAKER_FALLBACK,TAKER,True,,4.252,
185,,AAVEUSDT,LONG,CLOSED,96.249,96.5,96.62,298.26076119417223,1.0,298.26076119417223,3.0988452991113906,VERY_STRONG,0.1741,0.0274,0.0616,55.66,53.96,22.191,22.6394,0.038,0.038,BULLISH,0.0597,0.0419,31.9917,30.405,62.7,62.7,53.3,0.0687,64.9,57.7,False,False,False,False,False,False,False,False,False,False,False,True,False,False,False,False,True,W2,,,0.8136,0.6793,29.3,48.8,74.2,-0.4483,2.0,STRONG_BULL,STRONG_BULL,,0.1002,20.200471920818647,14.519361808100687,0.3494,0.4041,-0.001393,0.5756,0.1271,0.0771,0.0517,2026-07-26T14:34:50.993260,,52300957.745,26,2109.3,,False,,,,,,,298.26076119417223,52300.957745,False,,0.108,,,,,,,,,0.053686937014951,0.13456735711391213,0.18825429412886313,0.5895558759481108,0.19766457833328638,0.5507560390237907,-0.33197261270246997,96.84,96.249,0.0,,,,,,NEVER,1,0.45,,True,,-0.001,False,,,,0.5,0.05,GMINFLAT_PROBE,False,-0.19696705420315083,,0,,0.0322,0.2838,True,,,,,97.84,96.0,2026-07-26T15:19:22.343401,2026-07-26T14:58:19.716187,1.59,-0.3217,41.97,20.93,12.53,-0.2282,1.5484,0.5199,,,3.61,0.2186,,,16.15,-0.062,,,,,False,MOMENTUM,,,,,,0.2913,0.1354,0.2809,-0.1347,0.2082,2026-07-26T14:34:50.993231,0.19766457833328638,,,,,2026-07-26T14:47:20.673102,0.1666,2026-07-26T14:39:24.606899,0.1354,2026-07-26T14:39:26.622109,0.0835,2026-07-26T14:39:24.606899,0.1354,2026-07-26T14:39:26.622109,0.0835,2026-07-26T14:39:26.622109,0.0835,2026-07-26T14:39:32.653027,0.0835,0.3008,trailing,0.45,,,,,,,,,,0.2807,stretch,0.45,,,,,,,-0.2282,signal_lost,15.08,,,,1.0125,0.4132,0.3742,0.45,0.1977,2.54,,,,,,,,,,,,,0.5093639854525781,atr,False,,,,False,,,2026-07-26T14:34:51.940080,0.4469,2026-07-26T14:35:07.125001,0.4677,,,,,,,2026-07-26T14:26:01,2026-07-26T14:37:23.380888,RUNNER_TRAIL,MAKER,TAKER,True,,0.5896,
184,,WIFUSDT,LONG,CLOSED,0.1569,0.1573,0.1573,297.8980766984256,1.0,297.8980766984256,1898.6493097413995,VERY_STRONG,0.4131,0.0245,0.1507,59.92,67.62,28.8646,29.5829,0.1271,-0.127,BULLISH,0.1275,0.0238,23.522,22.7311,59.1,60.9,55.0,0.0501,64.4,63.2,False,False,False,False,False,False,False,False,False,False,False,False,False,False,False,False,False,UNMATCHED,,,0.938,0.6262,50.0,33.3,77.5,-0.7183,4.0,HEALTHY_BULL,HEALTHY_BULL,,0.0772,26.75060088498492,18.01022955959264,0.3799,0.555,-8.4e-05,0.7167,0.048,0.039,0.0883,2026-07-26T03:33:51.714004,,22568162.20379,49,919.6,,False,,,,,,,297.8980766984256,22568.16220379,False,,0.086,2026-07-26T03:32:30.216004,-0.063,,,,,,,0.05362165380571661,0.13439589139004496,0.18801754519576158,0.5714421787007673,0.191824729126822,0.44664945825366165,-0.1904123645634198,0.1577,0.1569,0.0,0.2116,-0.0682,2026-07-26T03:34:52.251599,2026-07-26T03:32:37.716564,-0.3188,ENDED_NEG,1,0.45,,True,,-0.0637,False,,,,0.5,0.05,GMINFLAT_PROBE,False,-0.063,,0,,-0.0421,-0.0682,False,,,,,0.1583,0.1571,2026-07-26T03:53:09.992375,2026-07-26T04:15:52.981682,0.8293,0.0645,17.76,40.47,40.24,0.2557,0.2557,0.8293,36.8,0.3194,40.24,0.2557,,,40.24,0.2557,,,,,False,MOMENTUM,2026-07-26T03:45:40.709430,0.5106,,,,0.1282,0.2557,0.3194,0.7018,0.7018,,,,,,,2026-07-26T03:40:07.059711,0.1919,2026-07-26T03:40:07.059711,0.1919,2026-07-26T03:40:07.059711,0.1919,2026-07-26T03:40:03.023068,0.1282,2026-07-26T03:40:04.031052,0.1282,2026-07-26T03:40:03.023068,0.1282,2026-07-26T03:44:32.600208,0.3831,0.3881,trailing,12.06,,,,,,,,,,0.4469,stretch,8.75,,,,,,,0.2557,ema13,43.27,,,,0.3536,,0.4469,11.55,0.4469,25.91,,,,,,,,,,,,,0.19072673122179737,,False,,,,False,,,,,,,,,-0.063,0.02,,,2026-07-26T03:32:21,2026-07-26T03:35:24.219665,TRAILING_STOP L1,MAKER,TAKER,True,,0.5714,
183,,ONDOUSDT,LONG,CLOSED,0.3844,0.3881,0.3882,297.8980766984256,1.0,297.8980766984256,774.9689820458522,VERY_STRONG,0.2337,0.0667,0.0865,59.02,56.86,22.0002,22.0812,0.1134,0.1136,BULLISH,0.084,0.0238,23.522,22.7311,59.1,60.9,55.0,0.0501,64.4,63.2,False,False,False,False,False,False,False,False,False,False,False,False,False,False,False,False,False,UNMATCHED,,,0.938,0.7392,50.0,33.3,88.7,-0.081,3.0,HEALTHY_BULL,CHOPPY_FLAT,,0.0772,30.565775050780346,19.978396897577888,0.3319,0.1555,-8.4e-05,0.2838,0.2671,0.039,0.0883,2026-07-26T04:03:46.415338,0.09301716961498163,45022127.19935,27,917.6,,False,,,,,,,297.8980766984256,45022.12719935,False,,0.0579,2026-07-26T03:45:31.022865,-0.271,,,2026-07-26T03:45:31.054752,-0.349,,,0.05362165380571661,0.13534445786939783,0.18896611167511446,2.6784191218945237,0.8991058792923987,1.237143080124871,-0.4270400624349667,0.3894,0.3844,0.0,0.7958,0.5592,2026-07-26T04:32:59.375819,2026-07-26T04:17:11.851528,-0.2805,RECOVERED,1,0.45,,True,,-0.026,False,,,,0.5,0.05,GAPFLAT_PROBE,False,-0.27102289281998515,,0,,0.4635,0.5592,True,,,,,0.391,0.3874,2026-07-26T05:01:03.364749,2026-07-26T05:07:19.368136,1.654,0.7174,27.96,34.22,,,0.8735,,20.52,1.1597,34.34,0.7435,,,,,-0.34903147762748316,2026-07-26T03:51:33.765705,,,False,MOMENTUM,2026-07-26T04:33:06.072320,0.8995,,,,0.9516,1.0556,1.0036,1.1337,1.3418,2026-07-26T04:24:25.858794,,2026-07-26T04:32:59.337865,,,,2026-07-26T05:02:09.898982,1.4458,2026-07-26T04:37:14.641892,0.8735,2026-07-26T04:40:27.668136,0.9516,2026-07-26T04:37:14.641892,0.8735,2026-07-26T04:40:30.681269,0.9516,2026-07-26T04:36:58.550107,0.8995,2026-07-26T04:37:12.632451,0.8475,0.9871,trailing,60.79,,,,,,,,,,0.379,stretch,53.78,,,,,,,0.8735,window,,,,,0.7958,0.7958,0.353,53.25,0.8991,60.9,,,,,,,,,,,,,0.5916004430699777,atr,False,,,,False,,,2026-07-26T03:45:40.703346,-0.271,,,,,,,-0.141,10.62,2026-07-26T03:32:09,2026-07-26T04:33:05.478752,RUNNER_TRAIL,MAKER,TAKER,True,,2.6784,
182,,1000BONKUSDT,LONG,CLOSED,0.003152,0.003123,0.003126,298.1724104516965,1.0,298.1724104516965,94597.84595548749,VERY_STRONG,0.563,0.1024,0.2089,56.42,68.5,33.8524,34.0391,0.1592,-0.159,BULLISH,0.2226,0.0201,18.6387,17.7298,61.3,63.4,55.0,0.0473,63.2,60.4,False,False,False,False,False,False,False,False,False,False,False,False,False,False,False,False,False,UNMATCHED,,,1.7414,1.1138,59.5,28.6,55.9,-0.1867,3.0,HEALTHY_BULL,CHOPPY_FLAT,,0.0449,30.712901170568163,16.025430021485395,0.5501,0.5917,-8.4e-05,0.8909,0.152,0.0668,0.0922,,,25090189.53474,45,976.5,,False,,,,,,,298.1724104516965,25090.189534740002,False,,0.0454,2026-07-26T03:01:37.271874,-0.312,,,2026-07-26T03:05:56.312361,-0.5974,,,0.13417758470326344,0.13294308281354433,0.26712066751680774,-3.0104582002259397,-1.0096367385786786,0.0,-1.0096367385786786,0.003152,0.003152,0.0,,,,2026-07-26T03:06:52.388860,-0.8151,ENDED_NEG,1,0.45,,True,,0.0635,False,,,,0.5,0.05,ADXMAX_PROBE,False,-0.31198128172589035,,0,,-0.8151,-0.4234,True,,,,,0.00313,0.003107,2026-07-26T03:14:51.979290,2026-07-26T03:32:33.166100,-0.788,-1.5177,7.99,25.67,0.93,-0.8831,-1.2004,0.0,0.01,-1.0735,4.4,-1.1052,,,0.93,-0.8831,,,,,False,MOMENTUM,2026-07-26T03:06:53.023594,-1.0735,,,,-0.8831,-0.9149,-1.137,-1.0101,-1.0418,,,,,,,,,,,,,,,,,,,,,-1.2004,window,,,,,,,,,,,-1.2004,window,,,,,,,,-1.2004,window,,,,,,,-1.2004,,-1.2004,,,,,,,,,,,,,,-0.09567129870722088,,False,,,,False,,,2026-07-26T03:05:30.032368,-0.4388,,,,,-0.312,1.74,-0.6291,5.19,2026-07-26T03:00:53,2026-07-26T03:06:52.391445,STOP_LOSS_WIDE L1,TAKER_FALLBACK,TAKER,True,,-3.0105,
181,,ONDOUSDT,LONG,CLOSED,0.3834,0.3809,0.3811,298.36696376662,1.0,298.36696376662,778.2132596938445,VERY_STRONG,0.3822,0.1041,0.1486,63.34,66.37,30.2632,29.8547,0.1991,0.1995,BULLISH,0.1626,0.0217,27.0,26.0253,63.7,60.3,51.7,0.0537,62.9,64.2,False,False,False,False,False,False,False,False,False,False,False,False,False,False,False,False,False,UNMATCHED,,,0.9878,0.8165,46.3,22.0,94.7,0.4085,2.0,HEALTHY_BULL,CHOPPY_FLAT,,0.076,25.130855299700944,11.942453690000375,0.3366,0.1769,5e-05,0.2269,0.453,0.0598,0.0818,2026-07-26T01:40:58.865064,0.09342410015649176,45874514.38765,28,917.5,,False,,,,,,,298.36696376662,45874.51438765,False,,0.0421,2026-07-26T01:58:55.191065,-0.063,2026-07-26T02:09:31.656629,-0.4801,2026-07-26T02:05:06.546712,-0.2455,2026-07-26T02:10:11.692643,-0.5844,0.05370605347799161,0.13338964377782342,0.18709569725581504,-2.132628846490428,-0.7147670839853943,0.3541309337506495,-0.7147670839853943,0.385,0.3834,0.0,0.2225,0.1423,2026-07-26T01:58:00.714656,2026-07-26T02:30:17.471389,-0.3702,ENDED_NEG,1,0.45,,False,,-0.0261,False,,,,0.5,0.05,ADXMAX_PROBE,False,-0.063,,0,,-0.3702,-0.1141,True,,,,,0.3851,0.3799,2026-07-26T02:58:11.804472,2026-07-26T02:36:04.267039,0.3804,-0.9759,27.9,5.77,0.01,-0.7151,0.1196,0.0,6.05,-0.9237,4.3,-0.7672,,,0.01,-0.7151,-0.4279895670318237,2026-07-26T02:06:54.658519,,,False,MOMENTUM,2026-07-26T02:30:18.190141,-0.7151,,,,-0.7151,-0.8716,-0.9237,-0.5586,0.1978,,,,,,,,,2026-07-26T02:59:44.308495,0.1196,,,2026-07-26T02:59:43.303759,0.0935,2026-07-26T02:59:44.308495,0.1196,2026-07-26T02:59:40.291062,0.0935,2026-07-26T02:59:41.294541,0.0935,0.1196,window,,,,,,,,,,,0.1196,window,,,,,,,,0.1196,window,,,,,,,0.1196,,0.1196,,,,,,,,,,,,,,0.2838006006579731,,False,,,,False,,,2026-07-26T01:26:32.874298,-0.2194,,,,,-0.0109,32.9,-0.1934,8.66,2026-07-26T01:13:15,2026-07-26T02:30:17.473822,STOP_LOSS L1,MAKER,TAKER,True,,-2.1326,
180,,AVAXUSDT,LONG,CLOSED,6.7780000000000005,6.82,6.824,298.1821946286087,1.0,298.1821946286087,43.99265190743711,VERY_STRONG,0.2669,0.0463,0.0863,59.51,59.8,30.7122,30.9923,0.0931,0.0932,BULLISH,0.113,0.0219,25.2347,24.542,61.1,61.2,63.0,0.0512,59.7,56.5,False,False,False,False,False,False,False,False,False,False,False,False,False,False,False,False,False,UNMATCHED,,,0.3431,0.5481,46.3,24.4,78.5,-0.2801,2.0,HEALTHY_BULL,CHOPPY_FLAT,,0.0381,25.55390872608461,14.665931650399996,0.3487,0.4375,5e-05,0.6726,0.226,0.0574,0.0568,2026-07-25T22:17:21.162470,0.0992167305989854,97639893.434,17,2131.6,,False,,,,,,,298.1821946286087,97639.893434,False,,0.0378,,,,,,,,,0.053672795033149576,0.13501344870392448,0.18868624373707404,1.6590051363752765,0.5563729713779849,0.9103003835939781,-0.22521673059899852,6.844,6.7780000000000005,0.0,0.9479,0.1597,2026-07-25T22:25:29.026950,2026-07-25T22:17:43.311093,-0.084,RECOVERED,1,0.45,,True,,-0.0148,False,,,,0.5,0.05,ADXMAX_PROBE,False,,,0,,0.4957,0.2456,True,,,,,6.829,6.765,2026-07-25T22:27:13.454223,2026-07-25T23:05:20.033384,0.6894,-0.2548,1.19,39.3,40.04,-0.0925,0.1878,0.6894,10.12,0.0845,6.6,0.1436,,,40.04,-0.0925,,,,,False,MOMENTUM,2026-07-25T22:26:02.003541,0.4976,,,,0.6009,0.5124,0.2026,0.0993,0.3058,2026-07-25T22:25:25.924621,,,,,,2026-07-25T22:56:05.450037,0.3058,2026-07-25T22:26:27.914259,0.4829,2026-07-25T22:30:20.857041,0.3206,2026-07-25T22:30:05.772480,0.3353,2026-07-25T22:30:14.817661,0.2911,2026-07-25T22:30:04.765565,0.3501,2026-07-25T22:30:07.782010,0.3206,0.6603,trailing,9.15,,,,,,,,,,0.4976,stretch,9.21,,,,,,,-0.0925,ema13,49.25,,,,0.9479,0.9479,0.4089,8.61,0.5564,9.2,,,,,,,,,,,,,0.846503436242456,atr,False,,,,False,,,2026-07-25T22:21:30.586000,0.0107,,,,,,,,,2026-07-25T22:16:48,2026-07-25T22:26:01.215318,RUNNER_TRAIL,MAKER,TAKER,True,,1.659,
179,,LAUSDT,LONG,CLOSED,0.0662,0.0671,0.06714,297.9691083422657,1.0,297.9691083422657,4501.043932662625,STRONG_BUY,0.2851,0.0215,0.1259,52.73,57.34,19.1045,19.6999,0.1316,-0.1315,BULLISH,0.0803,0.0213,22.5716,20.3674,58.9,61.7,55.2,0.0588,54.4,50.4,False,False,False,False,False,False,False,False,False,False,False,False,False,False,False,False,False,UNMATCHED,,,1.3393,0.6024,78.6,14.3,72.4,-0.5954,3.0,HEALTHY_BULL,STRONG_BULL,,0.0824,24.13805202705976,19.211621895219665,0.6655,0.2279,5e-05,0.2825,0.0158,0.0392,0.0219,2026-07-25T18:06:10.127257,,31553476.73355,37,415.4,,False,,,,,,,297.9691083422657,31553.47673355,False,,0.1553,2026-07-25T17:49:57.697978,-0.1051,2026-07-25T17:55:00.604472,-0.2712,2026-07-25T17:50:08.506508,-0.241,,,0.13408609875401956,0.13590902154674797,0.26999512030076755,3.7809444190956487,1.2689048338368762,1.9483572507552935,-0.3768799093655525,0.06755,0.0662,0.0,1.1927,0.0484,2026-07-25T18:46:22.938971,2026-07-25T17:50:40.111391,-0.435,RECOVERED,1,0.45,,True,,-0.0151,False,,,,0.5,0.05,GMINFLAT_PROBE,False,-0.10509894259818148,,0,,0.5301,0.0484,True,,,,,0.06736,0.06671,2026-07-25T18:51:50.551220,2026-07-25T18:59:36.927199,1.6623,0.6804,4.42,12.19,44.25,0.9674,0.9976,1.6623,9.26,1.2091,9.26,1.2091,,,,,-0.24098942598185652,2026-07-25T17:51:45.485624,,,False,MOMENTUM,2026-07-25T19:20:39.017821,1.0731,,,,1.3753,1.4055,1.5112,1.2091,0.8768,2026-07-25T18:09:55.914049,,2026-07-25T18:28:45.582855,,,,2026-07-25T18:58:18.382256,0.9674,2026-07-25T18:47:25.432282,1.3299,2026-07-25T18:47:25.432282,1.3299,2026-07-25T18:47:48.959988,1.2242,2026-07-25T18:58:13.351580,1.0731,2026-07-25T18:47:48.959988,1.2242,2026-07-25T18:55:59.444954,1.1789,0.5508,trailing,21.51,,,,,,,,,,0.5744,stretch,21.05,,,,,,,0.9674,signal_lost,101.71,,,,1.1927,1.1927,0.4536,22.19,1.2689,57.45,,,,,,,,,,,,,1.1342031772498142,atr,False,,,,False,,,2026-07-25T17:54:36.230000,-0.2259,2026-07-25T18:03:23.157700,0.0006,,,-0.241,1.77,,,2026-07-25T17:49:55,2026-07-25T18:47:24.998154,RUNNER_TRAIL,TAKER_FALLBACK,TAKER,True,,3.7809,
178,,AVAXUSDT,LONG,CLOSED,6.673,6.63,6.633,297.9691083422657,1.0,297.9691083422657,44.6529459526848,VERY_STRONG,0.2453,0.0204,0.0612,58.39,53.8,34.5979,35.2278,0.0893,0.0894,BULLISH,0.086,0.0233,21.5714,20.3674,61.9,61.7,55.2,0.0494,55.1,50.4,False,False,False,False,False,False,False,False,False,False,False,False,False,False,False,False,False,UNMATCHED,,,1.0273,0.4089,78.6,14.3,60.4,-0.6298,3.0,HEALTHY_BULL,STRONG_BULL,,0.0846,21.668290920575853,12.61416125492019,0.4696,0.8098,5e-05,1.2396,0.1711,0.057,0.0239,2026-07-25T18:02:04.692465,0.08679019931065168,82294399.306,20,2131.4,,False,,,,,,,297.9691083422657,82294.39930599999,False,,0.1211,2026-07-25T17:46:56.374589,-0.2278,2026-07-25T18:18:56.553244,-0.4525,2026-07-25T18:08:38.227805,-0.3476,2026-07-25T18:19:07.540183,-0.4525,0.05363443950160783,0.13322206424983513,0.18685650375144297,-2.106933179716896,-0.7070978570358182,0.296496478345572,-0.7070978570358182,6.697,6.673,0.0,0.5312,-0.0545,2026-07-25T18:02:11.723280,2026-07-25T18:21:15.771636,-0.3605,ENDED_NEG,1,0.45,,False,,-0.015,False,,,,0.5,0.05,ADXMAX_PROBE,False,-0.2277692192417222,,0,,-0.3605,-0.1844,True,,,,,6.715,6.621,2026-07-25T18:55:32.277405,2026-07-25T18:24:36.657508,0.5664,-0.8423,34.27,3.34,0.01,-0.7374,0.1768,0.0,0.01,-0.7374,3.71,-0.8123,,,0.01,-0.7374,-0.25772725910384986,2026-07-25T17:51:42.933025,,,False,MOMENTUM,,,,,,-0.6924,-0.7523,-0.7673,0.0869,0.1468,,,,,,,2026-07-25T18:59:37.935683,0.2367,2026-07-25T18:40:36.556872,0.0419,2026-07-25T18:59:52.012241,0.2517,2026-07-25T19:00:02.201071,0.1468,,,2026-07-25T18:40:54.701038,0.1168,2026-07-25T19:00:03.271838,0.1468,0.4615,ema13,68.94,,,,,,,,,,0.4615,ema13,68.94,,,,,,,0.4615,ema13,68.94,,,,0.4669,,0.4615,68.94,0.4615,68.94,,,,,,,,,,,,,0.48664021195502305,,False,,,,False,,,2026-07-25T17:54:36.226984,-0.3176,2026-07-25T18:03:23.154110,0.1317,,,-0.2278,9.09,-0.2427,21.41,2026-07-25T17:46:05,2026-07-25T18:21:15.774104,STOP_LOSS L1,MAKER,TAKER,True,,-2.1069,
177,,ONDOUSDT,LONG,CLOSED,0.3828,0.3805,0.3807,298.148246525915,1.0,298.148246525915,778.8616680405304,VERY_STRONG,0.4409,0.0804,0.1564,67.09,70.87,35.7813,35.4465,0.0889,0.089,BULLISH,0.1712,0.023,22.2452,21.4444,63.7,66.4,69.6,0.0421,42.0,41.7,False,False,False,False,False,False,False,False,False,False,False,False,False,False,False,False,False,UNMATCHED,,,0.4994,0.6054,27.9,39.5,87.0,0.3348,3.0,HEALTHY_BULL,CHOPPY_FLAT,,0.0633,32.904074197387274,14.056849997053774,0.3193,0.4834,5e-05,0.7231,0.3261,0.0326,-0.0665,,,72235013.5296,23,916.9,,False,,,,,,,298.148246525915,72235.0135296,False,,0.0602,2026-07-25T11:34:49.417944,-0.4295,,,2026-07-25T11:38:10.112638,-0.6122,,,0.13416671093666174,0.13336058911023982,0.26752730004690156,-2.058909136540097,-0.6905655694879751,0.0,-0.6905655694879751,0.3831,0.3828,0.0,,,,2026-07-25T11:44:59.505257,-0.2736,ENDED_NEG,1,0.45,,False,,0.0,False,,,,0.5,0.05,ADXMAX2_PROBE,False,-0.42945010449319965,,0,,-0.2736,-0.1796,True,,,,,0.3808,0.3784,2026-07-25T11:52:07.574921,2026-07-25T12:27:03.007699,-0.6125,-1.2394,7.13,42.05,0.01,-0.7431,-1.0304,0.0,2.88,-0.9259,4.65,-0.9259,,,0.01,-0.7431,-0.5600078369905874,2026-07-25T11:39:01.084204,,,False,MOMENTUM,2026-07-25T11:45:00.186638,-0.7431,,,,-0.8737,-0.9259,-0.9521,-0.8737,-0.8215,,,,,,,,,,,,,,,,,,,,,-1.0304,window,,,,,,,,,,,-1.0304,window,,,,,,,,-1.0304,window,,,,,,,-1.0304,,-1.0304,,,,,,,,,,,,,,0.1845642297139689,,False,,,,False,,,2026-07-25T11:36:36.714956,-0.4817,,,,,-0.4556,7.19,,,2026-07-25T11:28:12,2026-07-25T11:44:59.508184,STOP_LOSS L1,TAKER_FALLBACK,TAKER,True,,-2.0589,
176,,FHEUSDT,LONG,CLOSED,0.02079,0.02065,0.02079,298.3491550478327,1.0,298.3491550478327,14350.608708409462,STRONG_BUY,0.2099,0.0402,0.0885,61.63,15.3,29.5868,31.0224,0.8446,0.8518,,,,11.707658835153692,12.391324865028968,48.736912473807116,46.62102245714727,46.27287601226368,0.0661,34.5,34.0,False,False,False,False,False,False,False,False,False,False,False,False,False,False,False,False,False,UNMATCHED,,,,1.6198,31.0,40.5,86.7,-1.4356,,NEUTRAL,CHOPPY_WEAK,,-0.0012,32.234322532544454,25.885667278093337,0.4187,-0.3587,,-0.4907,0.8031,0.0019,,,,2637320.82539,200,468.3,,False,,,,,,,298.3491550478327,2637.3208253899998,False,,-0.0086,,,,,,,,,0.1342571197715247,0.13335303142289495,0.26761015119441967,-2.276695370371712,-0.7630976430976324,0.0,-0.7630976430976324,0.02079,0.02079,0.0,,,,2026-07-24T21:52:34.516628,,NEVER,1,0.45,,False,,0.0,False,,,,0.5,0.05,SPIKE_CHASE_PROBE,False,,,0,,-45.9283,0.1122,True,,,,,0.02074,0.02052,2026-07-24T21:56:31.033490,2026-07-24T22:03:09.668908,,,,,,,,,,,,,,,,,,,,,,MOMENTUM,,,,,,-0.7153,-0.7634,-0.8115,-1.1482,,,,,,,,,,,,,,,,,,,,,,,,,,,,,,,,,,,,,,,,,,,,,,,,,,,,,,,,,,,,,,,,,,,,,False,,,,False,,,,,,,,,,,,,2026-07-24T21:39:44,2026-07-24T21:52:34.524971,STOP_LOSS L1,TAKER_FALLBACK,TAKER,True,,-2.2767,
175,,USDCUSDT,LONG,CLOSED,1.000258,1.000257,1.000258,298.3491848750558,1.0,298.3491848750558,298.2722306395508,STRONG_BUY,0.0003,0.0004,0.0002,71.32,35.03,54.1196,55.7547,0.0018,0.0018,,,,17.374429330091424,17.646692410220755,56.47172444066528,55.757653327590994,58.027776697257124,0.0904,35.4,35.2,False,False,False,False,False,False,False,False,False,False,False,False,False,False,False,False,False,UNMATCHED,,,,2.3894,45.2,33.3,100.0,-1.6351,,NEUTRAL,CHOPPY_WEAK,,0.042,52.56886002208593,26.563237095345094,0.0005,-0.0014,,-0.0019,0.0024,0.0197,,,,4499848.482,140,1230.8,,False,,,,,,,298.3491848750558,4499.848482,False,,-0.0016,,,,,,,,,0.1342571331937751,0.1342569989712713,0.2685141321650464,-0.2688124043957276,-0.09009992921827564,0.0,-0.09009992921827564,1.000258,1.000258,0.0,,,,,,NEVER,1,0.45,,True,,0.0,False,,,,0.5,0.05,SPIKE_CHASE_PROBE,False,,,0,,0.0097,0.0,True,,,,,,,,,,,,,,,,,,,,,,,,,,,,,,MOMENTUM,,,,,,,,,,,,,,,2026-07-24T20:50:43.613031,-0.09,,,,,,,,,,,,,,,,,,,,,,,,,,,,,,,,,,,,,,,,,,,,,,,,,,,,,,,,,,,,,,False,,,,False,,,2026-07-24T20:06:09.390613,-0.09,,,2026-07-24T20:50:43.612781,-0.09,,,,,2026-07-24T20:06:09,2026-07-24T21:10:58.398274,MANUAL,TAKER_FALLBACK,TAKER,True,,-0.2688,
174,,PUMPUSDT,LONG,CLOSED,0.001843,0.001831,0.001836,298.88050793294843,1.0,298.88050793294843,162170.64999074792,VERY_STRONG,0.438,0.073,0.163,60.42,72.4,30.1812,29.3481,0.0939,-0.0938,BULLISH,0.174,0.0751,34.1583,33.1454,62.7,64.7,62.8,0.109,61.4,57.0,False,False,False,False,False,False,False,False,False,False,False,True,False,True,False,False,True,W2+W4,,,2.3786,2.0766,78.0,14.6,71.4,0.8331,3.0,STRONG_BULL,CHOPPY_FLAT,,0.2467,29.560559346579378,12.365768534924296,0.4358,0.4263,-2e-06,0.5735,0.1421,0.09,0.1019,,,51384280.309052,31,379.0,,False,,,,,,,298.88050793294843,51384.280309051996,False,,0.1862,2026-07-24T07:32:10.259518,-0.2527,,,2026-07-24T07:42:02.060472,-0.4696,,,0.1344962285698268,0.13362050705987674,0.2681167356297035,-2.2141645355186905,-0.7408193163320712,0.0,-0.7408193163320712,0.001844,0.001843,0.0,,,,2026-07-24T07:42:09.848444,-0.5607,ENDED_NEG,1,0.45,,False,,0.0543,False,,,,0.5,0.05,ADXMAX_PROBE,False,-0.25270482908301484,,0,,-0.5607,-0.17,True,,,,,0.001847,0.001827,2026-07-24T08:17:37.266114,2026-07-24T07:42:17.365746,0.127,-0.9581,35.45,0.12,0.02,-0.7954,0.0185,0.0,0.02,-0.7954,21.6,-0.5241,,,0.02,-0.7954,-0.30693977211069434,2026-07-24T07:41:04.128553,,,False,MOMENTUM,2026-07-24T07:42:11.269513,-0.7954,,,,-0.7411,-0.6326,-0.5783,-0.3613,-0.4156,,,,,,,,,,,,,,,,,,,,,0.0185,window,,,,,,,,,,,0.0185,window,,,,,,,,0.0185,window,,,,,,,0.0185,,0.0185,,,,,,,,,,,,,,0.03986867426307491,,False,,,,False,,,2026-07-24T07:36:36.753924,-0.1985,2026-07-24T07:38:49.229853,-0.2527,,,-0.09,0.01,,,2026-07-24T07:29:25,2026-07-24T07:42:09.851056,STOP_LOSS L1,TAKER_FALLBACK,TAKER,True,,-2.2142,
173,,UNIUSDT,LONG,CLOSED,3.861,3.836,3.837,298.88050793294843,1.0,298.88050793294843,77.4101289647626,VERY_STRONG,0.4366,0.0743,0.1521,62.17,68.2,38.6046,38.3453,0.0142,0.0142,BULLISH,0.1659,0.0751,34.1583,33.1454,62.7,64.7,62.8,0.109,61.4,57.0,False,False,False,False,False,False,False,False,False,False,False,True,False,False,False,False,True,W2,,,2.3786,0.9805,78.0,14.6,77.8,0.2593,3.0,STRONG_BULL,CHOPPY_FLAT,,0.2467,27.826180732377964,11.372451120266957,0.3661,0.607,-2e-06,0.8924,0.2407,0.09,0.1019,,,51658632.658,30,2135.0,,False,,,,,,,298.88050793294843,51658.632658,False,,0.1862,2026-07-24T07:34:13.607931,-0.2183,,,2026-07-24T07:40:44.194850,-0.4254,,,0.05379849142793072,0.1336253646189732,0.18742385604690392,-2.122677080165997,-0.7102092722092815,0.1441069671069673,-0.7102092722092815,3.869,3.861,0.0,0.1588,0.0023,2026-07-24T07:32:48.141079,2026-07-24T07:42:19.190178,-0.3981,ENDED_NEG,1,0.45,,False,,-0.0259,False,,,,0.5,0.05,ADXMAX2_PROBE,False,-0.21833022533023122,,0,,-0.3981,-0.299,True,,,,,3.858,3.826,2026-07-24T08:17:21.088693,2026-07-24T07:47:11.168132,-0.1407,-0.9695,35.03,4.86,0.02,-0.6846,-0.7623,0.0,3.72,-0.8141,22.54,-0.6069,,,0.02,-0.6846,-0.2959953379953468,2026-07-24T07:40:29.768808,,,False,MOMENTUM,2026-07-24T07:42:20.565340,-0.6846,,,,-0.6069,-0.6328,-0.8918,-0.5033,-0.3738,,,,,,,,,,,,,,,,,,,,,-0.7623,window,,,,,,,,,,,-0.7623,window,,,,,,,,-0.7623,window,,,,,,,-0.7623,,-0.7623,,,,,,,,,,,,,,0.1587707358758198,,False,,,,False,,,2026-07-24T07:36:36.751242,-0.2442,2026-07-24T07:38:49.228069,-0.2183,,,,,,,2026-07-24T07:29:05,2026-07-24T07:42:19.192403,STOP_LOSS L1,MAKER,TAKER,True,,-2.1227,
172,,LAUSDT,LONG,CLOSED,0.06801,0.06813,0.06827,298.88050793294843,1.0,298.88050793294843,4394.6553144088875,STRONG_BUY,0.5255,0.0939,0.2337,54.45,59.26,15.94,16.6216,0.0295,-0.0295,BULLISH,0.2069,0.0751,34.1583,33.1454,62.7,64.7,62.8,0.109,61.4,57.0,False,False,False,False,False,False,False,False,False,False,False,True,False,False,False,False,True,W2,,,2.3786,0.9908,78.0,14.6,62.4,-0.6816,2.0,STRONG_BULL,STRONG_BEAR,,0.2467,20.852415157492107,18.09509593437486,1.4438,0.377,-2e-06,0.3886,0.2983,0.09,0.1019,2026-07-24T07:30:26.666501,0.08636524040581549,83030356.787526,22,413.9,,False,,,,,,,298.88050793294843,83030.356787526,False,,0.1527,2026-07-24T07:30:02.033576,-0.3692,,,2026-07-24T07:33:26.331343,-0.5015,,,0.1344962285698268,0.13473353995680487,0.26922976852663166,0.25812886920241335,0.08636524040581549,0.9975856491692466,-1.0306146154977234,0.06875,0.06801,0.0,1.1356,0.1754,2026-07-24T07:48:04.192221,2026-07-24T07:34:37.304390,-0.9402,RECOVERED,1,0.45,,True,,-0.0294,False,,,,0.5,0.05,GAPFLAT_PROBE,False,-0.3692449639758797,,0,,0.1527,0.2585,True,,,,,0.06818,0.06687,2026-07-24T07:48:58.161349,2026-07-24T08:26:26.215214,0.16,-1.7662,0.42,37.89,1.92,-0.2517,-0.09,0.16,5.23,-1.1046,6.34,-0.8693,,,4.0,-0.4135,-0.5456102043817155,2026-07-24T07:36:04.287182,,,False,MOMENTUM,2026-07-24T07:48:33.658013,-0.0459,,,,-0.0165,-0.2811,-0.8252,-1.1781,-0.8987,2026-07-24T07:47:01.116273,0.18924496397587964,,,2026-07-24T07:44:22.116275,-0.3105,,,2026-07-24T07:48:55.117894,0.0717,2026-07-24T07:48:55.117894,0.0717,2026-07-24T07:48:55.117894,0.0717,2026-07-24T07:48:55.117894,0.0717,2026-07-24T07:48:55.117894,0.0717,2026-07-24T07:48:55.117894,0.0717,0.3508,trailing,18.64,,,,,,,,,,0.4979,stretch,19.21,,,,,,,-0.0459,stretch,19.51,,,,1.1356,1.1356,0.2627,19.3,-0.5017,20.95,,,,,,,,,,,,,1.0204176672311969,lock,False,,,,False,,,2026-07-24T07:36:36.749239,-0.4574,2026-07-24T07:38:49.225133,-0.5603,2026-07-24T07:44:22.116106,-0.3105,,,-0.8542,5.91,2026-07-24T07:29:03,2026-07-24T07:48:32.695446,RUNNER_TRAIL,TAKER_FALLBACK,TAKER,True,,0.2581,
171,,ADAUSDT,LONG,CLOSED,0.1678,0.1667,0.1668,298.88050793294843,1.0,298.88050793294843,1781.1710842249609,VERY_STRONG,0.2521,0.0724,0.1003,58.66,67.77,22.8164,21.8789,0.0145,-0.0145,BULLISH,0.1087,0.0751,34.1583,33.1454,62.7,64.7,62.8,0.109,61.4,57.0,False,False,False,False,False,False,False,False,False,False,False,True,False,True,False,False,True,W2+W4,,,2.3786,1.4997,78.0,14.6,61.9,0.9376,4.0,STRONG_BULL,HEALTHY_BEAR,,0.2467,27.733349538550637,13.351604773003494,0.2528,0.0806,-2e-06,0.1442,0.1582,0.09,0.1019,,,123182848.6299,14,2366.0,,False,,,,,,,298.88050793294843,123182.84862989999,False,,-0.1166,2026-07-24T07:34:13.792396,-0.3283,2026-07-24T07:45:35.398251,-0.4474,2026-07-24T07:36:04.414695,-0.3878,2026-07-24T07:46:33.538116,-0.4474,0.1344962285698268,0.13361454888313543,0.2681107774529622,-2.2273989701004506,-0.7452473182360058,0.14827175208580673,-0.7452473182360058,0.1682,0.1678,0.0,0.3031,0.1481,2026-07-24T08:00:09.786221,2026-07-24T09:14:24.478665,-0.4419,ENDED_NEG,1,0.45,,False,,0.0596,False,,,,0.5,0.05,GAPFLAT_PROBE,False,-0.3282717520858233,,0,,-0.4419,-0.2311,True,,,,,0.1673,0.166,2026-07-24T09:46:26.927863,2026-07-24T09:15:49.584807,-0.388,-1.1627,32.04,1.41,0.01,-0.6859,-0.5668,0.0,0.01,-0.6859,42.5,-0.5072,,,0.01,-0.6859,-0.3878396901072708,2026-07-24T07:41:37.663427,,,False,MOMENTUM,2026-07-24T09:14:25.139400,-0.6859,,,,-0.6264,-0.7455,-0.8647,-0.7455,-0.5072,,,,,2026-07-24T07:44:22.112606,-0.5665,,,,,,,,,,,,,,,-0.5668,window,,,,,,,,,,,-0.5668,window,,,,,,,,-0.5668,window,,,,,,,-0.5668,,-0.5668,,,,,,,,,,,,,,0.30311903511632077,,False,,,,False,,,2026-07-24T07:36:36.747388,-0.3283,2026-07-24T07:38:49.222604,-0.2091,2026-07-24T07:44:22.112413,-0.5665,-0.2091,37.27,-0.2687,7.35,2026-07-24T07:28:43,2026-07-24T09:14:24.481309,STOP_LOSS L1,TAKER_FALLBACK,TAKER,True,,-2.2274,
170,,PUMPUSDT,LONG,CLOSED,0.001835,0.001846,0.001847,298.65494919638803,1.0,298.65494919638803,162754.74070647848,VERY_STRONG,0.3655,0.0672,0.1455,60.03,60.03,24.9534,25.014,0.0225,-0.0224,BULLISH,0.1207,0.0225,22.2259,21.7976,57.7,61.1,65.3,0.0819,56.1,51.9,False,False,False,False,False,False,False,False,False,False,False,True,False,False,False,False,True,W2,,,0.994,1.1062,51.2,24.4,65.9,-0.0607,5.0,HEALTHY_BULL,BULL_EXHAUSTED,,0.134,25.94073270416412,15.843594062541886,0.368,0.2497,0.0001,0.3281,0.1903,0.0231,0.0564,2026-07-24T07:00:29.204662,,49449373.264274,33,379.0,,False,,,,,,,298.65494919638803,49449.373264274,False,,0.2102,,,,,,,,,0.1343947271383746,0.13520036310487166,0.26959509024324624,1.5207070575280075,0.5091852861035391,0.8904850136239784,-0.1444713896457838,0.001853,0.001835,0.0,0.5844,0.385,2026-07-24T07:11:12.761001,2026-07-24T06:56:19.159408,-0.0225,RECOVERED,1,0.45,,True,,0.0545,False,,,,0.5,0.05,GAPFLAT_PROBE,False,,,0,,0.0991,0.4931,True,,,,,0.001853,0.001827,2026-07-24T07:19:17.798597,2026-07-24T07:42:17.365746,0.8909,-0.526,5.44,28.43,26.63,0.1825,0.1825,0.8909,15.23,0.2915,10.09,0.346,,,27.22,0.128,,,,,False,MOMENTUM,2026-07-24T07:36:36.757537,0.237,,,,0.6184,0.346,0.1825,0.2915,-0.3625,2026-07-24T07:09:41.125626,,,,,,2026-07-24T07:15:25.069188,0.346,2026-07-24T07:15:23.056993,0.346,2026-07-24T07:15:25.069188,0.346,2026-07-24T07:15:23.056993,0.346,2026-07-24T07:15:25.069188,0.346,2026-07-24T07:15:30.102698,0.2915,2026-07-24T07:15:25.069188,0.346,0.6405,trailing,16.56,,,,,,,,,,0.7271,stretch,15.45,,,,,,,0.1825,signal_lost,44.23,,,,0.6701,0.6701,0.6726,15.46,0.5092,17.59,,,,,,,,,,,,,0.6700629962671919,atr,False,,,,False,,,,,,,,,,,,,2026-07-24T06:56:13,2026-07-24T07:13:51.028641,RUNNER_TRAIL,TAKER_FALLBACK,TAKER,True,,1.5207,
169,,KAITOUSDT,LONG,CLOSED,1.027,1.0286,1.0287,298.65494919638803,1.0,298.65494919638803,290.8032611454606,VERY_STRONG,0.5625,0.1251,0.2255,63.0,66.5,25.7413,25.107,0.052,0.0521,BULLISH,0.2213,0.0225,22.2259,21.7976,57.7,61.1,65.3,0.0819,56.1,51.9,False,False,False,False,False,False,False,False,False,False,False,True,False,False,False,False,True,W2,,,0.994,0.6172,51.2,24.4,80.4,0.6343,3.0,HEALTHY_BULL,HEALTHY_BULL,,0.134,32.27609378939289,15.901569629320376,0.5875,0.32,0.0001,0.3853,0.4031,0.0231,0.0564,2026-07-24T07:01:37.848878,0.09272346640701518,77097729.74216,24,518.7,,False,,,,,,,298.65494919638803,77097.72974216001,False,,0.1679,,,,,,,,,0.05375789085534985,0.13460410548639934,0.1883619963417492,0.2769232214910011,0.09272346640701518,0.6085574488802462,-0.1408617332034968,1.0339,1.027,0.0,0.4095,0.2009,2026-07-24T07:06:19.576345,2026-07-24T06:58:18.913506,-0.1492,ENDED_NEG,1,0.45,,True,,-0.1361,False,,,,0.5,0.05,RSIADX_PROBE,False,,,0,,-0.1328,0.23,True,,,,,1.0308,1.016,2026-07-24T07:53:54.103593,2026-07-24T07:42:25.639114,0.307,-1.1341,44.53,33.05,9.0,-0.3843,0.1512,0.2486,3.45,0.1123,9.0,-0.3843,,,11.22,-0.3843,,,,,False,MOMENTUM,2026-07-24T07:36:36.757537,-0.2285,,,,0.1317,0.1025,0.1902,-0.3843,-0.618,2026-07-24T07:06:12.520422,0.19978334956184488,,,,,,,2026-07-24T07:09:40.213382,0.0733,2026-07-24T07:09:40.213382,0.0733,2026-07-24T07:09:23.050626,0.0928,2026-07-24T07:09:40.213382,0.0733,2026-07-24T07:09:23.050626,0.0928,2026-07-24T07:09:23.050626,0.0928,0.3586,trailing,11.48,,,,,,,,,,0.2971,stretch,9.29,,,,,,,-0.3843,signal_lost,22.38,,,,0.5779,0.4095,0.3068,12.54,-0.0046,13.41,,,,,,,,,,,,,0.3998969184914193,lock,False,,,,False,,,,,,,,,-0.0241,2.56,,,2026-07-24T06:55:53,2026-07-24T07:09:22.146843,RUNNER_TRAIL,MAKER,TAKER,True,,0.2769,
168,,KAITOUSDT,LONG,CLOSED,1.0321,1.0249,1.0256,306.998127918363,1.0,306.998127918363,297.4499834496299,VERY_STRONG,0.3588,0.0834,0.1273,65.52,55.98,33.4129,32.8786,0.2302,0.2308,BULLISH,0.1444,0.0428,28.4186,28.1802,61.2,61.2,71.6,0.1065,54.6,57.0,False,False,False,False,False,False,False,False,False,False,True,True,False,True,False,False,True,W1+W2+W4,,,0.5711,0.7973,41.5,36.6,74.0,0.5342,2.0,STRONG_BULL,STRONG_BULL,,0.2382,32.43207823501781,13.781450956837594,0.5298,0.2262,0.0001,0.259,0.4421,0.043,0.0523,,,74957975.4005,25,518.6,,False,,,,,,,306.998127918363,74957.9754005,False,,0.2203,2026-07-24T04:18:25.504192,-0.4677,,,2026-07-24T04:19:00.144922,-0.6323,,,0.13814915756326335,0.13718541961688654,0.27533457718014986,-2.4169744580175134,-0.7872928979750116,0.01653085941283586,-0.7872928979750116,1.0332,1.0321,0.0,0.2592,0.2351,2026-07-24T04:17:01.765979,2026-07-24T04:35:35.853870,-0.2334,ENDED_NEG,1,0.45,,False,,-0.0775,False,,,,0.5,0.05,ADXMAX_PROBE,False,-0.467700319736461,,0,,-0.2334,-0.0906,True,,,,,1.0251,1.0003,2026-07-24T04:35:36.842375,2026-07-24T05:03:38.388262,-0.7682,-3.1711,0.01,28.04,0.01,-0.7682,-2.5801,0.0,0.63,-1.2236,2.84,-1.834,,,0.01,-0.7682,-0.7098159093111096,2026-07-24T04:20:45.212174,,,False,MOMENTUM,2026-07-24T04:40:06.583425,-1.96,,,,-1.2624,-1.5337,-1.8534,-1.9697,-2.6479,,,,,,,,,,,,,,,,,,,,,-2.5801,window,,,,,,,,,,,-2.5801,window,,,,,,,,-2.5801,window,,,,,,,-2.5801,,-2.5801,,,,,,,,,,,,,,0.2591930130955928,,False,,,,False,,,,,,,,,,,-0.7098,3.33,2026-07-24T04:16:19,2026-07-24T04:35:35.856350,STOP_LOSS L1,TAKER_FALLBACK,TAKER,True,,-2.417,
166,,ONDOUSDT,LONG,CLOSED,0.4047,0.4022,0.4023,306.998127918363,1.0,306.998127918363,758.5819815131283,VERY_STRONG,0.428,0.108,0.164,64.72,68.62,22.826,21.9435,0.1183,0.1185,BULLISH,0.1777,0.0695,28.2802,27.6033,63.6,66.9,62.8,0.1175,55.2,57.0,False,False,False,False,False,False,False,False,False,False,False,True,False,False,False,False,True,W2,,,0.7724,1.068,46.3,26.8,90.2,0.8824,3.0,STRONG_BULL,CHOPPY_WEAK,,0.252,27.754531572294113,13.578273346605663,0.3541,0.282,0.0001,0.395,0.3909,0.0864,0.0549,2026-07-24T04:10:20.007317,0.08288979490980442,72025847.28003,26,915.6,,False,,,,,,,306.998127918363,72025.84728003,False,,0.0927,2026-07-24T04:21:21.540435,-0.4358,2026-07-24T05:34:54.235470,-0.4358,2026-07-24T05:02:02.482630,-0.3864,,,0.13814915756326335,0.1372957528340611,0.27544491039732444,-2.171899864180147,-0.707463553249321,0.4286693847294269,-0.707463553249321,0.4068,0.4047,0.0,0.7567,0.1761,2026-07-24T04:11:28.583666,2026-07-24T05:36:28.196420,-0.3347,ENDED_NEG,1,0.45,,False,,0.1237,False,,,,0.5,0.05,GAPFLAT_PROBE,False,-0.4357795898196225,,0,,-0.3347,-0.2873,True,,,,,0.4044,0.4005,2026-07-24T06:09:02.967704,2026-07-24T05:41:11.379572,-0.1641,-1.1278,32.57,4.71,0.01,-0.683,-0.2877,0.0,0.01,-0.683,4.07,-1.0784,,,0.01,-0.683,-0.38638250555966863,2026-07-24T05:02:55.574230,,,False,MOMENTUM,2026-07-24T05:36:29.046425,-0.683,,,,-0.7077,-0.9301,-1.029,-0.7325,-0.4112,,,,,2026-07-24T05:03:22.201898,-0.4111,,,,,,,,,,,,,,,-0.2877,window,,,,,,,,,,,-0.2877,window,,,,,,,,-0.2877,window,,,,,,,-0.2877,,-0.2877,,,,,,,,,,,,,,0.7566941269258822,,False,,,,False,,,2026-07-24T04:40:06.575439,-0.2876,,,2026-07-24T05:03:22.201718,-0.4111,-0.2876,10.64,-0.2382,6.21,2026-07-24T04:10:07,2026-07-24T05:36:28.198518,STOP_LOSS L1,TAKER_FALLBACK,TAKER,True,,-2.1719,
165,,WLDUSDT,LONG,CLOSED,0.3839,0.3814,0.3817,306.998127918363,1.0,306.998127918363,799.6825421160797,STRONG_BUY,0.2363,0.0243,0.0933,53.9,62.14,21.0151,21.983,0.1327,-0.1326,BULLISH,0.0726,0.0763,23.4945,22.556,68.5,69.7,69.4,0.1273,55.5,45.7,False,False,False,False,False,False,False,False,False,False,False,False,False,False,False,False,False,UNMATCHED,,,0.5586,0.9695,56.1,34.1,65.2,-0.9679,3.0,HEALTHY_BULL,CHOPPY_WEAK,,0.2053,25.153370107162893,21.241468808035286,0.3755,0.2254,5e-05,0.3257,-0.0151,0.186,0.0004,,,91898989.7119,20,1095.7,,False,,,,,,,306.998127918363,91898.9897119,False,,0.0927,2026-07-24T03:46:33.526439,-0.063,2026-07-24T03:59:19.879784,-0.2192,2026-07-24T03:55:08.080548,-0.1151,2026-07-24T04:40:47.065891,-0.6098,0.05525966302530535,0.13724951470338276,0.1925091777286881,-2.1917155330188893,-0.7139182078666325,0.17133055483197615,-0.7139182078666325,0.3848,0.3839,0.0,0.059,-0.1232,2026-07-24T03:53:04.694499,2026-07-24T05:35:46.477425,-0.3342,ENDED_NEG,1,0.45,,False,,-0.026,False,,,,0.5,0.05,GMINFLAT_PROBE,False,-0.063,,0,,-0.3342,-0.0691,True,,,,,0.3846,0.3811,2026-07-24T06:19:55.064172,2026-07-24T05:42:11.950515,0.1193,-0.7924,44.14,6.42,0.01,-0.6882,-0.1411,0.0,0.01,-0.6882,20.25,-0.61,,,0.01,-0.6882,-0.14111018494400168,2026-07-24T03:56:30.968476,,,False,MOMENTUM,2026-07-24T05:35:47.355768,-0.6882,,,,-0.6361,-0.584,-0.6882,-0.4798,-0.6621,,,,,2026-07-24T05:03:22.199638,-0.4796,,,,,,,,,,,,,,,-0.1411,window,,,,,,,,,,,-0.1411,window,,,,,,,,-0.1411,window,,,,,,,-0.1411,,-0.1411,,,,,,,,,,,,,,0.27449874241245564,,False,,,,False,,,2026-07-24T04:40:06.571476,-0.5577,,,2026-07-24T05:03:22.199432,-0.4796,-0.037,0.02,-0.2453,29.44,2026-07-24T03:46:33,2026-07-24T05:35:46.479713,STOP_LOSS L1,MAKER,TAKER,True,,-2.1917,
164,,1000BONKUSDT,LONG,CLOSED,0.002923,0.00293,0.002933,306.9246256132213,1.0,306.9246256132213,105003.29305960359,VERY_STRONG,0.5398,0.1507,0.212,66.46,76.73,25.3314,25.1346,0.0118,0.0118,BULLISH,0.2438,0.0237,21.3125,21.8662,59.5,53.2,48.6,0.1159,44.9,40.0,False,False,False,False,False,False,False,False,False,False,False,False,False,False,False,False,False,UNMATCHED,,,0.7352,0.5989,55.8,30.2,88.7,0.1968,3.0,HEALTHY_BULL,HEALTHY_BULL,,-0.0238,27.713568844831784,15.626051270155072,0.3286,0.1848,5e-05,0.312,0.3749,0.1302,-0.0748,2026-07-24T01:33:39.297167,,29981266.250895,44,974.5,,False,,,,,,,306.9246256132213,29981.266250895,False,,0.0198,,,,,,,,,0.13811608152594956,0.13844684189908732,0.27656292342503686,0.4584601279921947,0.14937222032158953,0.4913325350667153,-0.08999999999999998,0.00294,0.002923,0.0,0.3067,0.2956,2026-07-24T01:45:09.240969,,,ENDED_NEG,1,0.45,,True,,0.0,False,,,,0.5,0.05,RSICEIL_PROBE,False,,,0,,-0.0794,0.1313,True,,,,,0.00297,0.002928,2026-07-24T02:01:22.586551,2026-07-24T02:35:35.484449,1.5179,0.0811,10.47,44.69,44.34,0.1837,0.1837,1.5179,0.01,0.1837,16.45,0.6627,,,44.34,0.1837,,,,,False,MOMENTUM,2026-07-24T01:57:49.370674,0.56,,,,0.3205,0.4916,0.6969,0.6627,0.9706,,,,,,,2026-07-24T02:05:23.624284,0.6969,2026-07-24T02:02:07.805290,1.0732,2026-07-24T02:05:17.598438,0.7653,2026-07-24T02:04:36.234631,0.9706,2026-07-24T02:05:17.598438,0.7653,2026-07-24T02:05:00.417399,0.9021,2026-07-24T02:05:00.417399,0.9021,0.2413,trailing,19.72,,,,,,,,,,0.3887,stretch,15.94,,,,,,,0.1837,ema13,64.72,,,,0.9553,0.3067,0.3204,19.38,0.1494,20.38,,,,,,,,,,,,,0.3899494220145848,atr,False,,,,False,,,2026-07-24T01:31:00.593577,-0.09,2026-07-24T01:34:21.256713,0.3545,,,-0.09,0.02,,,2026-07-24T01:30:27,2026-07-24T01:50:53.891737,RUNNER_TRAIL,TAKER_FALLBACK,TAKER,True,,0.4585,
163,,IDOLUSDT,LONG,CLOSED,0.0151,0.01512,0.01517,307.0827887006949,1.0,307.0827887006949,20336.608523224826,VERY_STRONG,0.3382,0.0798,0.1092,56.41,64.96,28.7162,29.0812,0.0268,-0.0268,BULLISH,0.1586,0.0215,25.3312,26.5939,49.3,56.9,67.0,0.1006,41.6,44.7,False,False,False,False,False,False,False,False,False,False,False,False,False,False,False,False,False,UNMATCHED,,,0.5821,0.7155,46.5,30.2,47.1,-0.3651,3.0,HEALTHY_BULL,CHOPPY_FLAT,,0.1754,22.136317633092272,13.575959236943932,0.6746,0.4278,5e-05,0.765,0.1623,-0.0821,-0.1238,2026-07-23T21:15:48.553542,0.0423907284768158,82430192.19924,22,384.5,,False,,,,,,,307.0827887006949,82430.19219924,False,,0.169,,,,,,,,,0.1381872549153127,0.1383702843920217,0.2765575393073344,0.13017463115714556,0.0423907284768158,0.5057582781456941,-0.15619536423841937,0.01519,0.0151,0.0,0.5016,0.0312,2026-07-23T21:16:00.339072,2026-07-23T21:14:53.408064,-0.093,RECOVERED,1,0.45,,True,,0.0,False,,,,0.5,0.05,GAPFLAT_PROBE,False,,,0,,0.041,0.0312,True,,,,,0.01517,0.01487,2026-07-23T21:17:01.122189,2026-07-23T21:25:32.872269,0.3736,-1.6132,0.9,9.43,6.43,-0.4874,-1.0834,0.3736,3.06,-0.2225,8.67,-1.0172,,,6.43,-0.4874,,,,,False,MOMENTUM,2026-07-23T21:16:07.520965,0.1749,,,,0.2411,-0.2887,-0.4874,-1.2158,-1.0172,2026-07-23T21:16:00.339141,0.17478145695364308,,,,,,,,,,,,,,,,,,,0.2558,trailing,1.32,,,,,,,,,,0.241,stretch,1.32,,,,,,,-0.4874,ema13,7.75,,,,0.5016,0.5016,0.1086,1.32,-0.4874,2.84,,,,,,,,,,,,,0.5016130576370679,lock,False,,,,False,,,2026-07-23T21:15:14.981715,0.1086,,,,,,,,,2026-07-23T21:14:41,2026-07-23T21:16:06.541560,RUNNER_TRAIL,TAKER_FALLBACK,TAKER,True,,0.1302,
162,,WLDUSDT,LONG,CLOSED,0.3861,0.3836,0.3837,307.0827887006949,1.0,307.0827887006949,795.3452180800178,VERY_STRONG,0.4364,0.036,0.1484,61.58,63.94,26.7306,26.2677,0.0473,0.0473,BULLISH,0.1577,0.0215,25.3312,26.5939,49.3,56.9,67.0,0.1006,41.6,44.7,False,False,False,False,False,False,False,False,False,False,False,False,False,False,False,False,False,UNMATCHED,,,0.5821,0.8543,46.5,30.2,77.5,0.4628,2.0,HEALTHY_BULL,HEALTHY_BULL,,0.1754,31.576252521308145,15.997116914207524,0.4249,0.7851,5e-05,1.0204,0.2319,-0.0821,-0.1238,,,107086554.9867,18,1095.4,,False,,,,,,,307.0827887006949,107086.5549867,False,,0.1618,2026-07-23T21:15:53.448868,-0.2701,2026-07-23T21:29:50.129138,-0.529,2026-07-23T21:18:24.206470,-0.5031,,,0.055274901966125084,0.13729249154497267,0.19256739351109775,-2.1809304387111443,-0.7102092722092729,0.0,-0.7102092722092729,0.3863,0.3861,0.0,,,,2026-07-23T21:32:01.449595,-0.3109,ENDED_NEG,1,0.45,,False,,-0.0259,False,,,,0.5,0.05,GMINFLAT_PROBE,False,-0.270106967106973,,0,,-0.3109,-0.2099,True,,,,,0.3866,0.3824,2026-07-23T22:12:08.174141,2026-07-23T21:42:04.418281,0.0665,-1.0213,40.1,10.04,0.02,-0.6846,-0.5033,0.0,0.02,-0.6846,29.72,-0.84,,,0.02,-0.6846,-0.6066557886557863,2026-07-23T21:19:10.595295,,,False,MOMENTUM,2026-07-23T21:37:37.871186,-0.8659,,,,-0.8918,-0.8141,-0.7364,-0.5551,-0.9177,,,,,,,,,,,,,,,,,,,,,-0.5033,window,,,,,,,,,,,-0.5033,window,,,,,,,,-0.5033,window,,,,,,,-0.5033,,-0.5033,,,,,,,,,,,,,,0.09494462890341422,,False,,,,False,,,2026-07-23T21:15:14.979226,-0.1666,2026-07-23T21:30:55.223423,-0.529,,,-0.5808,17.14,-0.5549,13.79,2026-07-23T21:14:21,2026-07-23T21:32:01.456973,STOP_LOSS L1,MAKER,TAKER,True,,-2.1809,
161,,UNIUSDT,LONG,CLOSED,3.857,3.832,3.834,309.50584618436477,1.0,309.50584618436477,80.24522846366729,VERY_STRONG,0.2754,0.0314,0.1105,54.09,61.56,27.2215,27.9833,0.1494,-0.1492,BULLISH,0.0954,0.0353,21.1397,20.72,62.4,62.9,69.2,0.0899,45.7,43.0,False,False,False,False,False,False,False,False,False,False,False,False,False,False,False,False,False,UNMATCHED,,,0.8116,0.6753,44.2,37.2,69.6,-0.7618,2.0,HEALTHY_BULL,CHOPPY_WEAK,,0.0513,23.87819386666294,16.828770905840827,0.358,0.3771,1.5e-05,0.4687,-0.0075,0.0673,-0.1155,,,77221734.116,26,2134.1,,False,,,,,,,309.50584618436477,77221.73411599999,False,,0.0966,2026-07-23T09:34:05.218030,-0.1926,2026-07-23T09:59:06.598981,-0.2703,2026-07-23T09:34:05.218030,-0.1926,2026-07-23T09:59:38.032767,-0.2703,0.05571105231318566,0.13837487196274786,0.19408592427593352,-2.200216635867644,-0.7108804770547148,0.144321752657506,-0.7108804770547148,3.883,3.857,0.0,0.1842,0.1468,2026-07-23T10:15:56.357199,2026-07-23T10:51:34.391368,-0.2384,ENDED_NEG,1,0.45,,False,,-0.0259,False,,,,0.5,0.05,GMINFLAT_PROBE,False,-0.19257609541094986,,0,,-0.2384,-0.2395,True,,,,,3.839,3.816,2026-07-23T11:15:26.148043,2026-07-23T11:35:46.431285,-0.5297,-1.126,23.86,44.2,0.01,-0.7371,-1.0482,0.0,0.01,-0.7371,29.01,-0.763,,,0.01,-0.7371,-0.1407456572465676,2026-07-23T09:36:19.932557,,,False,MOMENTUM,2026-07-23T10:55:20.997991,-0.6593,,,,-0.8408,-0.763,-0.763,-0.8149,-0.763,,,,,,,,,,,,,,,,,,,,,-1.0482,window,,-1.0482,window,,-1.0482,window,,-1.0482,window,,-1.0482,window,,-1.0482,window,,-1.0482,window,,-1.0482,window,,-1.0482,window,,,,-1.0482,,-1.0482,,-1.0482,,-1.0482,,-1.0482,,-1.0482,,-0.7,77.49,-0.7,77.49,0.21215468276211866,,False,,,,False,,,2026-07-23T09:55:58.128943,-0.1926,2026-07-23T10:16:05.376743,0.1184,,,-0.1667,0.01,-0.2185,18.0,2026-07-23T09:34:03,2026-07-23T10:51:34.393872,STOP_LOSS L1,MAKER,TAKER,True,,-2.2002,
160,,WLFIUSDT,LONG,CLOSED,0.0629,0.06301,0.06306,309.50584618436477,1.0,309.50584618436477,4920.601688145704,VERY_STRONG,0.5778,0.0127,0.1531,62.74,59.13,32.3342,33.7772,0.0793,0.0793,BULLISH,0.1781,0.0353,21.1397,20.72,62.4,62.9,69.2,0.0899,45.7,43.0,False,False,False,False,False,False,False,False,False,False,False,False,False,False,False,False,False,UNMATCHED,,,0.8116,0.8104,44.2,37.2,81.1,-1.443,2.0,HEALTHY_BULL,HEALTHY_BULL,,0.0513,16.493532984280833,12.550736782220978,0.9991,2.1263,1.5e-05,3.079,0.2453,0.0673,-0.1155,2026-07-23T09:40:17.743192,0.0848020667726534,119829666.11514,15,334.0,,False,,,,,,,309.50584618436477,119829.66611514,False,,0.0613,,,,,,,,,0.13927763078296415,0.13952120056652736,0.2787988313494915,0.26246735434653096,0.0848020667726534,0.6727726550079622,-0.2489109697933273,0.06338,0.0629,0.0,0.7163,0.2078,2026-07-23T09:44:01.382177,2026-07-23T09:35:40.465472,-0.0533,RECOVERED,1,0.45,,True,,0.0477,False,,,,0.5,0.05,ADXMAX_PROBE,False,,,0,,0.0222,0.3187,True,,,,,0.06326,0.06211,2026-07-23T10:05:15.540698,2026-07-23T09:56:49.764103,0.4823,-1.346,19.99,11.56,5.67,-0.1854,0.0531,0.3393,30.26,-0.1059,3.41,-0.0741,,,5.82,-0.3285,,,,,False,MOMENTUM,2026-07-23T09:55:58.132098,-0.9167,,,,0.1326,-0.1059,-0.551,-0.2808,-0.0264,2026-07-23T09:44:00.728419,0.19603974562798035,,,,,2026-07-23T09:45:16.676405,0.069,2026-07-23T09:45:16.676405,0.069,2026-07-23T09:45:16.676405,0.069,2026-07-23T09:45:20.751505,0.1008,2026-07-23T09:45:29.921285,0.0372,2026-07-23T09:45:29.921285,0.0372,2026-07-23T09:45:29.921285,0.0372,0.4228,trailing,10.25,0.0728,trailing,11.25,0.4228,trailing,10.25,0.3728,trailing,11.07,0.3391,stretch,11.07,0.2755,stretch,11.07,0.196,stretch,11.16,-0.7,hard_sl,15.8,-0.0582,ema5_cross,11.37,0.7163,0.7163,0.1643,11.16,-0.3444,15.51,-0.7,15.8,0.498,10.11,0.4344,10.11,0.3232,11.07,0.1208,6.37,0.4228,10.25,0.7163213382662075,lock,False,,,,False,,,,,,,,,,,,,2026-07-23T09:34:01,2026-07-23T09:45:15.945898,RUNNER_TRAIL,TAKER_FALLBACK,TAKER,True,,0.2625,
159,,1000BONKUSDT,LONG,CLOSED,0.002978,0.002984,0.002985,309.50584618436477,1.0,309.50584618436477,103930.77440710703,VERY_STRONG,0.2672,0.0604,0.1046,57.29,67.58,27.9623,28.6079,0.0706,-0.0705,BULLISH,0.121,0.0276,19.6868,21.0794,60.7,59.8,60.2,0.0911,43.1,43.0,False,False,False,False,False,False,False,False,False,False,False,False,False,False,False,False,False,UNMATCHED,,,0.8814,0.6873,62.8,20.9,74.5,-0.6455,4.0,HEALTHY_BULL,HEALTHY_BULL,,-0.0318,31.384681382456403,21.110887472163782,0.3389,0.245,1.5e-05,0.3195,0.0944,0.073,-0.1259,2026-07-23T09:46:49.273803,,41213456.913515,40,973.8,,False,,,,,,,309.50584618436477,41213.456913515,False,,0.0672,2026-07-23T09:24:12.346814,-0.2243,,,2026-07-23T09:27:17.267321,-0.325,,,0.13927763078296415,0.1395582438738633,0.27883587465682746,0.3447487717858073,0.11138683680322124,0.48059603760912206,-0.49277367360645696,0.002995,0.002978,0.0,0.7054,0.0059,2026-07-23T09:46:50.354723,2026-07-23T09:27:17.495303,-0.3219,RECOVERED,1,0.45,,False,,0.1008,False,,,,0.5,0.05,GAPFLAT_PROBE,False,-0.22425789120215237,,0,,0.3394,0.0059,True,,,,,0.002984,0.002951,2026-07-23T09:46:55.949666,2026-07-23T10:22:55.401101,0.1115,-0.9966,0.0,35.99,0.0,0.1115,-0.2915,0.0,24.13,-0.2579,36.43,-0.8959,,,1.76,-0.2579,-0.22425789120215237,2026-07-23T09:27:06.305050,,,False,MOMENTUM,2026-07-23T09:55:58.132098,-0.2243,,,,-0.1907,-0.2243,-0.3251,-0.1907,-0.3586,,,,,,,,,,,,,,,,,,,,,0.2306,trailing,43.38,0.1115,signal_lost,43.47,0.2306,trailing,43.38,0.1806,trailing,43.38,0.1114,stretch,43.46,0.1115,signal_lost,43.47,0.1115,signal_lost,43.47,0.1115,signal_lost,43.47,0.1115,signal_lost,43.47,0.7054,0.7054,0.2792,43.38,0.1114,43.46,0.1115,43.47,0.3463,43.37,0.2792,43.38,0.2792,43.38,0.2306,43.38,0.2306,43.38,0.5060658164979874,atr,False,,,,False,,,,,,,,,-0.1236,0.02,,,2026-07-23T09:03:27,2026-07-23T09:46:55.614332,RUNNER_TRAIL,TAKER_FALLBACK,TAKER,True,,0.3447,
158,,HBARUSDT,LONG,CLOSED,0.07393,0.07413,0.07414,1211.7975484395643,20.0,24235.950968791287,327822.95372367493,STRONG_BUY,0.2955,0.0794,0.1066,62.66,60.9,18.8277,18.2506,0.0546,0.0546,BULLISH,0.1185,0.0239,28.0143,30.0924,60.3,56.4,32.9,0.1023,42.9,35.3,False,False,False,False,False,False,False,False,False,False,False,False,False,False,False,False,False,UNMATCHED,,,0.8893,0.5277,55.8,34.9,90.1,0.5771,2.0,STRONG_BULL,HEALTHY_BULL,,-0.1148,25.71557165120651,14.996380995717606,0.2591,0.2366,2.2e-05,0.4041,0.2408,0.1443,-0.1151,2026-07-23T08:36:29.767098,0.0992831056404724,40296652.71871,41,1954.1,,False,,,,,,,24235.950968791287,40296.65271871,False,,-0.0592,,,,,,,,,10.906177935956078,10.93568200179121,21.841859937747287,43.722730806989574,0.18040443662925162,0.45080887325848445,-0.15760110915730355,0.07433,0.07393,0.0,0.4013,0.2866,2026-07-23T08:43:43.953672,2026-07-23T08:32:25.030666,0.0546,NEVER,1,0.45,,True,,0.0677,False,,,,2.0,1.0,UNMATCHED,False,,,0,,0.02,0.2262,False,,,,,0.07443,0.07398,2026-07-23T08:59:21.583542,2026-07-23T09:34:37.098278,0.5863,-0.0224,6.37,41.63,37.33,0.1941,0.0453,0.5863,14.95,0.4105,21.67,0.1535,,,37.33,0.1941,,,,,True,MOMENTUM,,,,,,0.1941,0.4105,0.5187,0.4375,0.424,,,,,,,2026-07-23T09:13:15.459117,0.2346,2026-07-23T09:03:57.611206,0.424,2026-07-23T09:07:46.021961,0.3834,2026-07-23T09:07:44.004732,0.3969,2026-07-23T09:13:15.459117,0.2346,2026-07-23T09:13:17.476181,0.2076,2026-07-23T09:13:15.459117,0.2346,0.2008,trailing,15.98,0.1941,ema13,58.43,0.2008,trailing,15.98,0.2863,trailing,41.3,0.248,stretch,12.09,0.2615,stretch,13.33,0.248,stretch,13.33,0.1941,ema13,58.43,0.1535,ema5_cross,21.13,0.4013,0.4013,0.3156,12.07,0.1804,21.09,0.1805,41.44,0.3291,12.07,0.3156,12.07,0.3156,12.07,0.2008,15.98,0.2008,15.98,0.3476786713252057,atr,False,,,,False,,,2026-07-23T08:33:26.496365,-0.0765,2026-07-23T08:34:32.986519,-0.0089,,,,,0.221,15.66,2026-07-23T08:31:46,2026-07-23T08:52:58.840284,RUNNER_TRAIL,TAKER_FALLBACK,TAKER,True,,54.6534,QUIET back-price 2x->2.5x
157,,1000BONKUSDT,LONG,CLOSED,0.002951,0.002977,0.002978,302.68270631137887,1.0,302.68270631137887,102569.53788931848,VERY_STRONG,0.3197,0.0805,0.1353,63.01,67.05,26.945,26.3653,0.0346,0.0346,BULLISH,0.1354,0.0215,20.542,19.9617,62.2,59.7,36.1,0.0905,42.9,37.5,False,False,False,False,False,False,False,False,False,False,False,False,False,False,False,False,False,UNMATCHED,,,0.8653,0.7304,63.6,15.9,89.7,0.5797,4.0,HEALTHY_BULL,CHOPPY_WEAK,,-0.099,26.773844458051606,13.044104596956906,0.316,-0.0078,-0.000134,-0.0824,0.2506,0.1205,-0.1266,2026-07-23T06:20:20.407134,,41997494.322334,37,973.6,,False,,,,,,,302.68270631137887,41997.494322334,False,,-0.032,2026-07-23T06:06:51.305846,-0.1239,,,,,,,0.1362072178401205,0.1374072814334255,0.273614499273546,2.393193485848733,0.7906607929515412,1.1293764825482888,-0.19161470687902288,0.002987,0.002951,0.0,0.8032,0.1933,2026-07-23T06:38:33.526205,2026-07-23T05:35:52.561659,-0.1349,RECOVERED,1,0.45,,True,,-0.0677,False,,,,0.5,0.05,RSIADX_PROBE,False,-0.12387156895967916,,0,,0.47,0.1933,True,,,,,0.003005,0.00294,2026-07-23T06:50:31.190589,2026-07-23T07:12:10.041031,1.7399,-0.4628,11.88,33.53,32.23,0.52,-0.2594,1.7399,27.76,0.8927,27.76,0.8927,,,32.23,0.52,,,,,False,MOMENTUM,2026-07-23T06:40:07.436175,1.096,,,,0.9266,1.1299,1.0622,1.2994,0.5538,2026-07-23T06:20:46.934111,,2026-07-23T06:38:33.382074,,,,2026-07-23T06:39:14.818518,0.6216,2026-07-23T06:41:03.721764,0.8927,2026-07-23T06:41:05.732455,0.9266,2026-07-23T06:41:15.777354,0.9605,2026-07-23T06:41:16.788153,0.9605,2026-07-23T06:41:17.793745,0.9605,2026-07-23T06:52:20.905514,1.2994,0.3036,trailing,48.62,1.1399,trailing,84.65,0.3036,trailing,48.62,0.7399,trailing,90.67,0.3842,stretch,46.78,0.3165,stretch,48.44,0.2826,stretch,48.62,0.52,ema13,95.09,1.096,ema5_cross,84.65,0.8749,0.8032,0.3842,46.78,0.7907,62.86,0.6216,63.34,0.3842,46.78,0.3842,46.78,0.3842,46.78,0.3036,48.62,0.3036,48.62,0.7699498663669723,atr,False,,,,False,,,2026-07-23T05:50:53.470040,-0.0561,2026-07-23T06:36:46.518808,0.4519,,,-0.0561,2.25,-0.0223,19.07,2026-07-23T05:35:45,2026-07-23T06:38:38.028939,RUNNER_TRAIL,TAKER_FALLBACK,TAKER,True,,2.3932,
156,,1000BONKUSDT,SHORT,CLOSED,0.002975,0.002983,0.002984,302.76412187356334,1.0,302.76412187356334,101769.45273060953,VERY_STRONG,0.2052,0.0453,0.0791,46.17,40.93,31.1841,30.6581,0.0748,0.0749,BEARISH,-0.0901,-0.077,22.28,21.7936,35.3,35.3,35.4,0.1204,43.5,50.6,False,False,False,False,False,False,False,False,False,False,False,True,False,True,False,False,True,W4,,,0.7196,0.7669,22.7,65.9,39.0,0.526,2.0,HEALTHY_BEAR,HEALTHY_BEAR,,-0.1269,11.362169050323576,25.303107683073,0.3399,-0.2637,-0.000194,-0.4068,-0.0495,-0.1354,-0.0142,,,41227084.241788,38,973.5,,False,,,,,,,302.76412187356334,41227.084241788,False,,-0.1826,2026-07-23T02:16:00.971247,-0.1573,,,2026-07-23T02:16:06.351637,-0.2581,,,0.1362438548431035,0.1366102248729337,0.2728540797160372,-1.087009701560889,-0.3590285714285634,0.17902857142857795,-0.3926571428571393,0.002975,0.002967,0.0,0.175,-0.0743,2026-07-23T02:10:55.544442,2026-07-23T02:25:11.685759,-0.3521,ENDED_NEG,1,0.45,,False,,0.1678,False,,,,0.5,0.05,GMINFLAT_PROBE,False,-0.1572571428571372,,0,,-0.1454,0.1948,True,,,,,0.002989,0.002929,2026-07-23T02:33:25.234766,2026-07-23T03:09:01.594251,1.4562,-0.5606,43.69,8.08,0.02,-0.3589,1.1201,0.0,1.11,-0.3589,8.96,-0.4934,,,0.02,-0.3589,,,,,False,MOMENTUM,2026-07-23T02:57:20.763541,0.2125,,,,-0.3589,-0.2581,-0.4261,-0.2581,0.1789,,,,,,,2026-07-23T03:10:06.035831,1.0192,2026-07-23T03:10:06.035831,1.0192,2026-07-23T03:10:06.035831,1.0192,2026-07-23T03:10:06.035831,1.0192,2026-07-23T03:10:06.035831,1.0192,2026-07-23T03:10:06.035831,1.0192,2026-07-23T03:10:06.035831,1.0192,1.2882,ema13,72.22,1.2882,ema13,72.22,1.2882,ema13,72.22,1.2882,ema13,72.22,1.2882,ema13,72.22,1.2882,ema13,72.22,1.2882,ema13,72.22,1.2882,ema13,72.22,1.2882,ema13,72.22,1.3231,,1.2882,72.22,1.2882,72.22,1.2882,72.22,1.2882,72.22,1.2882,72.22,1.2882,72.22,0.3806,64.41,1.2882,72.22,0.22316059687307638,,False,,,,False,,,,,,,,,-0.09,4.52,,,2026-07-23T01:51:37,2026-07-23T02:25:19.804854,EMA13_CROSS_EXIT L1,TAKER_FALLBACK,TAKER,True,,-1.087,
155,,HYPEUSDT,LONG,CLOSED,59.596000000000004,59.222,59.222,302.9542435043282,1.0,302.9542435043282,5.083466063231226,VERY_STRONG,0.284,0.0634,0.1086,61.64,59.77,22.7294,21.9311,0.063,0.063,BULLISH,0.1109,0.0683,25.4015,24.8111,69.8,72.6,72.6,0.105,56.8,52.7,False,False,False,False,False,False,False,False,False,False,False,False,False,False,False,False,False,UNMATCHED,,,0.9268,0.7215,79.5,11.4,81.0,0.7982,3.0,HEALTHY_BULL,HEALTHY_BEAR,,0.1794,32.208422431965325,16.186594937587667,0.2815,0.2497,-0.000194,0.3407,0.2352,0.1269,0.0469,,,741580058.19593,5,418.6,,False,,,,,,,302.9542435043282,500000.0,False,,0.0976,2026-07-23T00:39:34.786289,-0.3028,,,2026-07-23T00:42:49.136480,-0.4202,,,0.054531763830779074,0.13547386223850585,0.19000562606928492,-2.0912219337177755,-0.6902764950667869,0.0,-0.6902764950667869,59.596000000000004,59.596000000000004,0.0,,,,2026-07-23T01:01:50.742520,-0.3001,ENDED_NEG,1,0.45,,False,,-0.0017,False,,,,0.5,0.05,DEADBAND_PROBE,False,-0.3028410128196535,,0,,-0.3001,-0.0945,True,,,,,59.31,58.874,2026-07-23T01:06:02.315247,2026-07-23T01:37:42.372658,-0.5429,-1.2745,4.19,35.85,0.01,-0.709,-1.0211,0.0,1.08,-0.6956,3.33,-0.6872,,,0.01,-0.709,-0.38166987717297274,2026-07-23T00:50:34.677305,,,False,MOMENTUM,2026-07-23T01:01:51.762964,-0.709,,,,-0.704,-0.7845,-0.6503,-0.9188,-1.0866,,,,,2026-07-23T01:01:14.351520,-0.4303,,,,,,,,,,,,,,,-1.0211,window,,-1.0211,window,,-1.0211,window,,-1.0211,window,,-1.0211,window,,-1.0211,window,,-1.0211,window,,-1.0211,window,,-1.0211,window,,,,-1.0211,,-1.0211,,-1.0211,,-1.0211,,-1.0211,,-1.0211,,-0.7,24.73,-0.7,24.73,0.08758872046640118,,False,,,,False,,,2026-07-23T00:50:00.217049,-0.3766,,,2026-07-23T01:01:14.351337,-0.4303,-0.3448,4.5,-0.6031,24.73,2026-07-23T00:37:05,2026-07-23T01:01:50.746418,STOP_LOSS L1,MAKER,TAKER,True,,-2.0912,
154,,ADAUSDT,SHORT,CLOSED,0.1746,0.1741,0.1741,303.5642258143696,1.0,303.5642258143696,1738.62672287726,STRONG_BUY,0.6721,0.1468,0.2443,31.07,22.96,28.5775,26.982,0.1043,-0.1042,BEARISH,-0.2988,-0.0387,22.3202,21.7997,43.8,44.1,44.3,0.1316,44.9,46.0,False,False,False,False,False,False,False,False,False,False,False,True,False,False,False,False,True,,,,0.5589,0.9963,22.7,70.5,20.0,1.5954,4.0,HEALTHY_BEAR,CHOPPY_WEAK,,-0.1356,10.845599208209467,31.95293773492344,0.407,-0.4331,5e-05,-0.5695,-0.4946,-0.0266,-0.0569,2026-07-22T20:01:53.608602,0.08189862542955023,150403127.4601,12,2364.5,,False,,,,,,,303.5642258143696,150403.1274601,False,,-0.0943,,,,,,,,,0.13660390161646632,0.13621271060381893,0.27281661222028525,0.5964967492183455,0.19649770904925568,0.4829954180985113,-0.4337972508591004,0.1746,0.1736,0.0,0.4466,-0.0738,2026-07-22T20:06:32.213145,2026-07-22T19:29:01.557567,-0.2224,RECOVERED,1,0.45,,True,,0.0572,False,,,,0.5,0.05,GAPFLAT_PROBE,False,,,0,,0.1581,-0.0738,True,,,,,0.1747,0.1738,2026-07-22T20:33:37.299798,2026-07-22T20:10:51.831719,0.3682,-0.1473,3.88,26.64,28.77,-0.0327,-0.1473,0.2536,26.51,-0.09,34.37,-0.09,,,29.06,-0.09,,,,,False,MOMENTUM,2026-07-22T20:14:49.208222,0.0245,,,,0.3109,0.2536,0.1964,0.2536,0.0245,,,,,,,,,,,,,2026-07-22T20:25:29.355641,0.0818,,,,,2026-07-22T20:25:58.574718,0.0818,-0.1473,window,,-0.1473,window,,-0.1473,window,,-0.1473,window,,-0.1473,window,,-0.1473,window,,-0.1473,window,,-0.1473,window,,-0.1473,window,,,0.4466,-0.1473,,-0.1473,,-0.1473,,-0.1473,,-0.1473,,-0.1473,,-0.1473,,-0.1473,,0.38874622935180514,,False,,,,False,,,2026-07-22T19:26:07.922992,-0.09,,,,,-0.2046,10.27,-0.3765,8.01,2026-07-22T19:21:02,2026-07-22T20:06:58.748651,RUNNER_TRAIL L1,TAKER_FALLBACK,TAKER,True,,0.5965,
153,,HBARUSDT,SHORT,CLOSED,0.07169,0.0718,0.0718,303.56422581436954,1.0,303.56422581436954,4234.401252815867,VERY_STRONG,0.2836,0.025,0.0891,39.62,38.53,30.3534,30.2798,0.0108,-0.0108,BEARISH,-0.1125,-0.0608,22.2227,21.2432,36.3,35.5,36.8,0.1335,43.4,46.0,False,False,False,False,False,False,False,False,False,False,False,True,False,True,False,False,True,W4,,,0.6912,0.4923,20.5,68.2,31.7,0.0736,3.0,HEALTHY_BEAR,CHOPPY_FLAT,,-0.1497,15.12565863282761,28.91475323235272,0.3235,-0.3417,5e-05,-0.4467,-0.1248,-0.1206,-0.0669,,,43516815.94333,37,1953.5,,False,,,,,,,303.56422581436954,43516.815943329995,False,,-0.1174,2026-07-22T19:19:53.226590,-0.2296,,,,,,,0.1366039016164663,0.13681350447848067,0.27341740609494697,-0.7392015439046881,-0.24350746268656573,0.0,-0.27141791044774893,0.07169,0.07166,0.0,,,,2026-07-22T19:19:53.434522,-0.161,ENDED_NEG,1,0.45,,False,,0.0,False,,,,0.5,0.05,GAPMIN_PROBE,False,-0.22955223880597414,,0,,-0.0669,0.0702,True,,,,,0.07182,0.07147,2026-07-22T19:52:54.137634,2026-07-22T20:10:01.274907,0.2169,-0.2713,40.9,23.78,0.01,-0.2434,0.0634,0.0,16.8,-0.1458,6.69,-0.1458,,,0.01,-0.2434,,,,,True,MOMENTUM,2026-07-22T19:29:07.685287,-0.2434,,,,-0.09,-0.0621,-0.1458,-0.0482,-0.1179,,,,,,,,,,,,,,,,,,,,,0.0634,window,,0.0634,window,,0.0634,window,,0.0634,window,,0.0634,window,,0.0634,window,,0.0634,window,,0.0634,window,,0.0634,window,,,,0.0634,,0.0634,,0.0634,,0.0634,,0.0634,,0.0634,,0.0634,,0.0634,,0.12037931928907042,,False,,,,False,,,2026-07-22T19:26:07.919906,-0.1458,,,,,,,-0.2016,9.39,2026-07-22T19:17:19,2026-07-22T19:29:06.865472,EMA13_CROSS_EXIT L1,TAKER_FALLBACK,TAKER,True,,-0.7392,
152,,NEARUSDT,SHORT,CLOSED,1.858,1.864,1.865,303.5642258143696,1.0,303.5642258143696,163.3822528602635,STRONG_BUY,0.4005,0.0783,0.1443,34.74,41.23,25.0492,24.1219,0.1901,-0.1897,BEARISH,-0.1349,-0.029,20.0733,20.5006,41.8,44.3,30.6,0.1359,45.2,46.0,False,False,False,False,False,False,False,False,False,False,False,False,False,True,False,False,True,W4,,,0.6664,0.9931,34.1,56.8,26.8,0.9273,3.0,HEALTHY_BEAR,CHOPPY_FLAT,,-0.1212,15.076358252729552,32.86391511298745,0.3811,-0.3802,-7.3e-05,-0.5519,-0.4118,-0.0581,-0.0551,2026-07-22T19:04:59.757259,0.07153659849300933,132319821.471,14,2106.5,,False,,,,,,,303.5642258143696,132319.821471,False,,-0.1031,2026-07-22T19:18:42.094816,-0.4131,,,,,,,0.13660390161646632,0.13704503369918902,0.2736489353156554,-1.2539424524772373,-0.41307319698600675,0.34076426264800896,-0.520764262648009,1.858,1.85,0.0,0.3993,-0.4263,2026-07-22T19:13:01.464630,2026-07-22T19:19:43.180796,-0.3018,ENDED_NEG,1,0.45,,False,,0.1075,False,,,,0.5,0.05,GMINFLAT_PROBE,False,-0.41307319698600675,,0,,-0.0689,0.0431,True,,,,,1.866,1.853,2026-07-22T20:20:24.831739,2026-07-22T20:02:22.897138,0.1791,-0.5206,22.08,40.11,35.12,-0.4667,-0.5206,0.0,34.51,-0.4667,,,,,35.12,-0.4667,,,,,False,MOMENTUM,2026-07-22T20:14:49.208222,-0.4667,,,,-0.3053,-0.3591,-0.2515,-0.09,-0.09,,,,,,,,,,,,,,,,,,,,,-0.5206,window,,-0.5206,window,,-0.5206,window,,-0.5206,window,,-0.5206,window,,-0.5206,window,,-0.5206,window,,-0.5206,window,,-0.5206,window,,,,-0.5206,,-0.5206,,-0.5206,,-0.5206,,-0.5206,,-0.5206,,-0.5206,,-0.5206,,0.5143291754391924,,False,,,,False,,,2026-07-22T19:26:07.913789,-0.3054,,,,,-0.0362,10.14,-0.1977,12.38,2026-07-22T19:04:37,2026-07-22T19:40:18.343677,EMA13_CROSS_EXIT L1,TAKER_FALLBACK,TAKER,True,,-1.2539,
151,,HBARUSDT,SHORT,CLOSED,0.07175,0.07191,0.07192,303.63193467785175,1.0,303.63193467785175,4231.803967635565,VERY_STRONG,0.5278,0.0823,0.1983,37.58,32.72,32.6735,32.3536,0.0627,0.0628,BEARISH,-0.1991,-0.09,22.3488,21.4993,35.6,33.3,43.4,0.1402,44.1,49.3,False,False,False,False,False,False,False,False,False,False,False,True,False,False,False,False,True,,,,0.6304,0.4916,18.2,70.5,15.7,0.3199,2.0,HEALTHY_BEAR,HEALTHY_BEAR,,-0.1216,13.674945748285799,29.62266874422826,0.3885,-0.3636,5e-05,-0.4678,-0.2179,-0.1557,-0.0142,,,43551445.56156,38,1953.5,,False,,,,,,,303.63193467785175,43551.44556156,False,,-0.1147,2026-07-22T18:57:46.379079,-0.2434,,,,,,,0.13663437060503328,0.13693906049070304,0.2735734310957363,-0.9506620659174578,-0.31309686411150855,0.0,-0.32704041811847173,0.07175,0.0717,0.0,,,,2026-07-22T19:00:42.982125,-0.2266,ENDED_NEG,1,0.45,,False,,-0.0558,False,,,,0.5,0.05,GAPFLAT_PROBE,False,-0.24337909407665367,,0,,-0.148,0.1883,True,,,,,0.07192,0.07153,2026-07-22T19:00:57.594057,2026-07-22T19:13:02.273670,0.2166,-0.3269,12.12,0.04,0.01,-0.313,-0.0621,0.0,0.01,-0.313,16.08,0.0215,,,0.01,-0.313,,,,,False,MOMENTUM,2026-07-22T19:26:07.927206,-0.0621,,,,-0.1318,-0.1039,-0.09,0.0354,0.0215,,,,,,,,,,,,,,,,,,,,,-0.0621,window,,-0.0621,window,,-0.0621,window,,-0.0621,window,,-0.0621,window,,-0.0621,window,,-0.0621,window,,-0.0621,window,,-0.0621,window,,,,-0.0621,,-0.0621,,-0.0621,,-0.0621,,-0.0621,,-0.0621,,-0.0621,,-0.0621,,0.00776510041090201,,False,,,,False,,,,,,,,,-0.09,3.41,-0.1597,10.16,2026-07-22T18:47:23,2026-07-22T19:00:54.819932,EMA13_CROSS_EXIT L1,TAKER_FALLBACK,TAKER,True,,-0.9507,
150,,PUMPUSDT,SHORT,CLOSED,0.001917,0.00192,0.001919,303.87410690919467,1.0,303.87410690919467,158515.44439707597,VERY_STRONG,0.2945,0.025,0.0891,41.68,43.35,31.4619,31.4477,0.0309,-0.0309,BEARISH,-0.1091,-0.0127,18.4022,19.5027,45.0,46.4,42.4,0.1543,49.4,54.5,False,False,False,False,False,False,False,False,False,False,False,False,False,True,False,False,True,W4,,,0.5035,0.3113,31.8,54.5,40.0,0.0141,2.0,CHOPPY_FLAT,CHOPPY_WEAK,,0.104,13.187226460420815,25.39768557377479,0.4305,-0.5731,5e-05,-0.837,-0.1449,-0.1094,0.0238,,,74596490.516595,25,377.4,,False,,,,,,,303.87410690919467,74596.490516595,False,,0.0853,2026-07-22T18:00:11.133392,-0.2466,,,,,,,0.1367433481091376,0.13695734395907366,0.27370069206821124,-0.7492470252594335,-0.24656494522691522,0.0,-0.35094157537819576,0.001917,0.001916,0.0,,,,2026-07-22T18:00:18.079443,-0.2294,ENDED_NEG,1,0.45,,False,,0.0,False,,,,0.5,0.05,SLOPEGATE_PROBE,False,-0.24656494522691522,,0,,-0.05,0.0601,True,,,,,0.001922,0.001887,2026-07-22T18:08:31.700794,2026-07-22T18:43:10.378615,1.4749,-0.3508,36.58,1.94,0.01,-0.2465,1.0055,0.0,0.01,-0.2465,30.36,0.7446,,,0.01,-0.2465,,,,,True,MOMENTUM,,,,,,-0.1422,-0.2987,-0.1422,0.1187,0.849,,,,,,,2026-07-22T18:20:51.406894,0.1187,2026-07-22T18:20:50.400043,0.1187,2026-07-22T18:20:51.406894,0.1187,2026-07-22T18:35:23.269039,0.9011,2026-07-22T18:35:36.389728,0.849,2026-07-22T18:35:42.431303,0.849,2026-07-22T18:21:44.833180,0.1187,0.4838,ema13,27.54,0.4838,ema13,27.54,0.4838,ema13,27.54,0.4838,ema13,27.54,0.4838,ema13,27.54,0.4838,ema13,27.54,0.4838,ema13,27.54,0.4838,ema13,27.54,0.4838,ema13,27.54,0.9287,,0.4838,27.54,0.4838,27.54,0.4838,27.54,0.4838,27.54,0.4838,27.54,0.4838,27.54,0.3795,19.97,0.4316,22.52,0.09017754888042587,,False,,,,False,,,2026-07-22T17:59:47.446186,-0.09,2026-07-22T18:00:20.559527,-0.2988,,,-0.2988,1.13,,,2026-07-22T17:59:47,2026-07-22T18:06:35.071013,EMA13_CROSS_EXIT L1,TAKER_FALLBACK,TAKER,True,,-0.7492,
149,,AAVEUSDT,LONG,CLOSED,98.10900000000001,97.49,97.52,304.4433922016465,1.0,304.4433922016465,3.10311380405107,VERY_STRONG,0.3148,0.0682,0.1153,55.63,63.68,23.2269,23.4692,0.0627,-0.0627,BULLISH,0.1378,0.0577,30.509,30.7154,60.3,58.8,71.1,0.1688,54.9,54.5,False,False,False,False,False,False,False,False,False,False,False,True,False,False,False,False,True,W2,,,0.7404,0.9909,75.0,15.9,66.9,-0.2423,5.0,STRONG_BULL,HEALTHY_BEAR,,0.2395,29.10573037104911,19.372589243277666,0.4224,0.3612,5e-05,0.5667,0.1208,0.1153,0.0546,,,104796512.042,19,2105.4,,False,,,,,,,304.4433922016465,104796.512042,False,,0.1467,2026-07-22T17:09:25.520708,-0.1842,2026-07-22T17:29:48.278107,-0.6223,2026-07-22T17:22:31.743883,-0.2759,,,0.05479981059629637,0.13613515414062247,0.19093496473691884,-2.111762409444575,-0.6936469844764639,0.009335922290511523,-0.6936469844764639,98.18,98.10900000000001,0.0,0.0635,-0.1027,2026-07-22T17:13:10.392670,2026-07-22T17:30:29.731090,-0.4199,ENDED_NEG,1,0.45,,False,,-0.001,False,,,,0.5,0.05,GAPFLAT_PROBE,False,-0.18423908102214268,,0,,-0.4199,-0.2435,True,,,,,97.82,97.23,2026-07-22T17:44:12.528912,2026-07-22T18:02:59.090102,-0.3576,-0.9589,13.71,32.48,0.0,-0.6837,-0.7041,0.0,0.0,-0.6837,19.97,-0.643,,,0.0,-0.6837,-0.25555618750574066,2026-07-22T17:25:43.222211,,,False,MOMENTUM,2026-07-22T17:30:30.373285,-0.6837,,,,-0.592,-0.7041,-0.8468,-0.4391,-0.7959,,,,,2026-07-22T17:25:08.117145,-0.2352,,,,,,,,,,,,,,,-0.7041,window,,-0.7041,window,,-0.7041,window,,-0.7041,window,,-0.7041,window,,-0.7041,window,,-0.7041,window,,-0.7041,window,,-0.7041,window,,,,-0.7041,,-0.7041,,-0.7041,,-0.7041,,-0.7041,,-0.7041,,-0.7,23.66,-0.7,23.66,0.06607287765169019,,False,,,,False,,,2026-07-22T17:17:13.827857,-0.1639,,,2026-07-22T17:25:08.117003,-0.2352,-0.063,0.02,-0.602,19.17,2026-07-22T17:08:47,2026-07-22T17:30:29.733419,STOP_LOSS L1,MAKER,TAKER,True,,-2.1118,
148,,SUIUSDT,LONG,CLOSED,0.7758,0.7711,0.7712,304.4433922016465,1.0,304.4433922016465,392.4250995123053,VERY_STRONG,0.2346,0.0295,0.081,59.9,60.98,30.675,31.2435,0.0142,0.0142,BULLISH,0.0813,0.0577,30.509,30.7154,60.3,58.8,71.1,0.1688,54.9,54.5,False,False,False,False,False,False,False,False,False,False,False,True,False,False,False,False,True,W2,,,0.7404,0.6683,75.0,15.9,63.6,-0.5684,2.0,STRONG_BULL,HEALTHY_BEAR,,0.2395,29.216155186255595,18.179840385626207,0.2732,0.3954,5e-05,0.5942,0.1247,0.1153,0.0546,,,107110782.67958,17,1176.7,,False,,,,,,,304.4433922016465,107110.78267958,False,,0.1473,2026-07-22T17:14:06.706570,-0.2446,2026-07-22T17:21:08.465175,-0.4765,2026-07-22T17:16:47.510041,-0.3606,2026-07-22T17:24:22.789478,-0.5409,0.1369995264907409,0.13616954740527235,0.27316907389601325,-2.1175670416038628,-0.6955536220675479,0.0,-0.6955536220675479,0.7759,0.7758,0.0,,,,2026-07-22T17:26:35.336559,-0.2674,ENDED_NEG,1,0.45,,False,,0.0387,False,,,,0.5,0.05,ADXMAX_PROBE,False,-0.24460943542151198,,0,,-0.2674,-0.2599,True,,,,,0.7734,0.7687,2026-07-22T17:46:47.019365,2026-07-22T18:10:03.712328,-0.3994,-1.0052,20.19,43.47,0.0,-0.6829,-0.9021,0.0,0.0,-0.6829,23.88,-0.6443,,,0.0,-0.6829,-0.2832617942768828,2026-07-22T17:16:41.124065,,,False,MOMENTUM,2026-07-22T17:26:35.690909,-0.6829,,,,-0.7603,-0.7861,-0.6443,-0.5025,-0.7603,,,,,2026-07-22T17:25:08.114172,-0.5925,,,,,,,,,,,,,,,-0.9021,window,,-0.9021,window,,-0.9021,window,,-0.9021,window,,-0.9021,window,,-0.9021,window,,-0.9021,window,,-0.9021,window,,-0.9021,window,,,,-0.9021,,-0.9021,,-0.9021,,-0.9021,,-0.9021,,-0.9021,,-0.7,17.97,-0.7,17.97,0.0657516480212399,,False,,,,False,,,2026-07-22T17:17:13.826011,-0.3992,,,2026-07-22T17:25:08.114029,-0.5925,-0.2833,6.91,-0.1415,3.53,2026-07-22T17:08:39,2026-07-22T17:26:35.339191,STOP_LOSS L1,TAKER_FALLBACK,TAKER,True,,-2.1176,
147,,SUIUSDT,LONG,CLOSED,0.7716000000000001,0.7774,0.7778,304.21471861844446,1.0,304.21471861844446,394.2647986242152,VERY_STRONG,0.177,0.0227,0.056,57.12,62.01,33.4746,34.5021,0.0359,-0.0359,BULLISH,0.0694,0.0322,29.8738,30.4282,49.7,58.1,59.7,0.166,48.1,50.1,False,False,False,False,False,False,False,False,False,False,False,False,False,False,False,False,False,UNMATCHED,,,1.3018,0.8237,52.3,36.4,67.0,-1.0275,2.0,STRONG_BULL,STRONG_BULL,,0.1393,27.48046559331041,18.275736381604258,0.259,0.3441,-8e-06,0.5067,0.0428,-0.0722,-0.0484,2026-07-22T16:31:32.293756,,104607693.59931,17,1176.7,,False,,,,,,,304.21471861844446,104607.69359931,False,,0.2328,2026-07-22T16:26:01.749964,-0.1019,,,2026-07-22T16:26:29.389759,-0.1796,,,0.05475864935132001,0.13792565450270922,0.19268430385402924,2.0940515281663856,0.6883465526179258,0.9474315707620421,-0.24435951270089007,0.7794,0.7716000000000001,0.0,0.6425,0.3075,2026-07-22T16:39:16.678435,2026-07-22T16:26:47.359047,-0.2216,RECOVERED,1,0.45,,True,,-0.013,False,,,,0.5,0.05,DBDOWN_PROBE,False,-0.10186275272162752,,0,,0.3441,0.3504,True,,,,,0.7783,0.7716,2026-07-22T16:42:18.130693,2026-07-22T17:22:32.032945,0.8053,-0.063,1.46,41.7,35.85,0.2869,0.0148,0.8053,26.37,0.3906,7.14,0.4813,,,35.85,0.2869,,,,,False,MOMENTUM,2026-07-22T17:17:13.831097,0.1703,,,,0.7276,0.7794,0.598,0.4295,0.4424,2026-07-22T16:34:00.807283,,,,,,2026-07-22T16:45:53.321712,0.598,2026-07-22T16:45:51.286010,0.598,2026-07-22T16:45:53.321712,0.598,2026-07-22T16:45:51.286010,0.598,2026-07-22T16:45:54.335417,0.585,2026-07-22T16:45:56.440795,0.585,2026-07-22T16:46:02.777989,0.6239,0.6974,trailing,15.43,0.3474,trailing,29.58,0.6974,trailing,15.43,0.6474,trailing,20.41,0.4552,stretch,10.16,0.4422,stretch,10.24,0.6757,stretch,15.89,0.2869,ema13,51.28,0.572,ema5_cross,20.52,0.6425,0.6425,0.4422,8.81,0.6883,15.43,0.5332,21.72,0.4422,8.81,0.4422,8.81,0.4422,8.81,0.6974,15.43,0.6974,15.43,0.6297955095331399,atr,False,,,,False,,,2026-07-22T16:25:54.088996,-0.063,2026-07-22T16:31:35.744704,0.222,,,-0.063,0.03,,,2026-07-22T16:25:20,2026-07-22T16:40:49.938463,RUNNER_TRAIL,MAKER,TAKER,True,,2.0941,
146,,TAOUSDT,LONG,CLOSED,200.97,199.7,199.71,304.6001946851287,1.0,304.6001946851287,1.5156500705833145,VERY_STRONG,0.4267,0.1132,0.1509,65.64,64.35,35.2999,35.4422,0.1466,0.1468,BULLISH,0.1646,0.0505,26.5549,26.2148,61.2,58.3,60.2,0.1753,49.4,43.3,False,False,False,False,False,False,False,False,False,False,False,False,False,False,False,False,False,UNMATCHED,,,0.802,0.7448,71.1,22.2,75.4,-0.1423,3.0,HEALTHY_BULL,STRONG_BULL,,0.0912,31.153118391959094,15.535823468376073,0.3579,0.3873,-8.8e-05,0.665,0.4115,0.1307,-0.0595,,,64516803.88,26,832.1,,False,,,,,,,304.6001946851287,64516.80388000001,False,,0.1519,2026-07-22T15:53:17.371431,-0.3763,2026-07-22T16:13:31.362577,-0.4708,2026-07-22T16:08:31.334023,-0.446,,,0.05482803504332317,0.13620389359296955,0.19103192863629273,-2.1159075182771176,-0.6946507438921283,0.18568139523311938,-0.6946507438921283,201.47,200.97,0.0,0.2883,0.1827,2026-07-22T15:48:23.189817,2026-07-22T16:16:57.423223,-0.3019,ENDED_NEG,1,0.45,,False,,-0.005,False,,,,0.5,0.05,ADXMAX2_PROBE,False,-0.3763385579937282,,0,,-0.3019,-0.2162,True,,,,,201.36,199.18,2026-07-22T16:39:17.370159,2026-07-22T16:26:48.260679,0.1311,-0.9537,22.33,9.84,0.01,-0.69,-0.675,0.0,0.01,-0.69,10.64,-0.7696,,,0.01,-0.69,-0.6100990695128597,2026-07-22T16:10:40.451227,,,False,MOMENTUM,2026-07-22T16:25:54.095038,-0.8144,,,,-0.8989,-0.7397,-0.8144,-0.5258,-0.2969,,,,,,,,,,,,,,,,,,,,,-0.675,window,,-0.675,window,,-0.675,window,,-0.675,window,,-0.675,window,,-0.675,window,,-0.675,window,,-0.675,window,,-0.675,window,,,,-0.675,,-0.675,,-0.675,,-0.675,,-0.675,,-0.675,,-0.7,33.58,-0.7,33.58,0.2734494460408625,,False,,,,False,,,,,,,,,-0.4112,26.02,-0.257,9.07,2026-07-22T15:43:31,2026-07-22T16:16:57.425242,STOP_LOSS L1,MAKER,TAKER,True,,-2.1159,
145,,LINKUSDT,LONG,CLOSED,8.691,8.636,8.638,304.6001946851287,1.0,304.6001946851287,35.047772947316616,VERY_STRONG,0.2001,0.0409,0.0733,59.68,57.08,28.9761,28.9813,0.0307,0.0307,BULLISH,0.0593,0.0505,26.5549,26.2148,61.2,58.3,60.2,0.1753,49.4,43.3,False,False,False,False,False,False,False,False,False,False,False,False,False,False,False,False,False,UNMATCHED,,,0.802,0.6504,71.1,22.2,48.9,-0.0052,2.0,HEALTHY_BULL,CHOPPY_FLAT,,0.0912,31.49281831088085,17.367783942633586,0.2614,0.1907,-8.8e-05,0.3097,0.1449,0.1307,-0.0595,2026-07-22T16:33:50.268501,0.09801369232538656,65727775.426,25,2378.3,,False,,,,,,,304.6001946851287,65727.77542600001,False,,0.1274,2026-07-22T15:53:05.049082,-0.132,2026-07-22T16:05:37.440426,-0.2815,2026-07-22T15:56:29.123683,-0.2355,2026-07-22T16:20:37.778435,-0.2815,0.05482803504332317,0.13620265522786182,0.191030690271185,-2.118658202373651,-0.695553791278351,0.4200410769761801,-0.695553791278351,8.733,8.691,0.0,0.3519,0.2872,2026-07-22T16:38:31.100867,2026-07-22T17:55:11.302968,-0.3021,ENDED_NEG,1,0.45,,False,,-0.0115,False,,,,0.5,0.05,GMINFLAT_PROBE,False,-0.13200586813945722,,0,,-0.3021,-0.0919,True,,,,,8.65,8.587,2026-07-22T18:20:41.325845,2026-07-22T18:37:40.389390,-0.5348,-1.2596,25.49,42.48,0.0,-0.7073,-1.1331,0.0,0.0,-0.7073,4.6,-0.6843,,,0.0,-0.7073,-0.21251271430215052,2026-07-22T15:57:05.816013,,,False,MOMENTUM,2026-07-22T17:55:11.802277,-0.7073,,,,-0.6038,-0.5808,-0.6728,-0.7879,-0.9029,,,,,2026-07-22T17:25:08.111932,-0.293,,,,,,,,,,,,,,,-1.1331,window,,-1.1331,window,,-1.1331,window,,-1.1331,window,,-1.1331,window,,-1.1331,window,,-1.1331,window,,-1.1331,window,,-1.1331,window,,,,-1.1331,,-1.1331,,-1.1331,,-1.1331,,-1.1331,,-1.1331,,0.17,63.57,0.17,63.57,0.44420399640860786,,False,,,,False,,,2026-07-22T16:25:54.085596,-0.4425,2026-07-22T16:31:35.742964,-0.0285,2026-07-22T17:25:08.111780,-0.293,-0.2125,13.91,-0.155,10.53,2026-07-22T15:43:11,2026-07-22T17:55:11.305543,STOP_LOSS L1,MAKER,TAKER,True,,-2.1187,
144,,NEARUSDT,LONG,CLOSED,1.8940000000000001,1.882,1.883,304.6001946851287,1.0,304.6001946851287,160.8237564335421,STRONG_BUY,0.2764,0.0706,0.1059,61.8,64.56,18.669,18.3804,0.0348,0.0348,BULLISH,0.1088,0.0505,26.5549,26.2148,61.2,58.3,60.2,0.1753,49.4,43.3,False,False,False,False,False,False,False,False,False,False,False,False,False,False,False,False,False,UNMATCHED,,,0.802,0.8121,71.1,22.2,81.5,0.2886,2.0,HEALTHY_BULL,STRONG_BULL,,0.0912,20.876007488458576,13.229180233785426,0.3219,0.1757,-8.8e-05,0.275,0.2114,0.1307,-0.0595,,,140066748.026,12,2106.3,,False,,,,,,,304.6001946851287,140066.748026,False,,0.1282,2026-07-22T15:43:51.100191,-0.2213,2026-07-22T16:01:06.721206,-0.538,2026-07-22T15:53:05.520108,-0.3269,2026-07-22T16:01:29.629469,-0.4852,0.05482803504332317,0.13620163932356677,0.19102967436688995,-2.1209147515694324,-0.696294614572346,0.14809820485743302,-0.696294614572346,1.898,1.8940000000000001,0.0,0.1753,0.0345,2026-07-22T15:46:17.961978,2026-07-22T16:03:16.997909,-0.3425,ENDED_NEG,1,0.45,,False,,-0.0528,False,,,,0.5,0.05,GAPFLAT_PROBE,False,-0.22132365364308945,,0,,-0.3425,-0.2944,True,,,,,1.899,1.878,2026-07-22T16:40:03.436133,2026-07-22T16:26:49.277772,0.201,-0.9078,36.76,23.52,0.0,-0.6438,-0.2742,0.0,0.0,-0.6438,15.28,-0.6966,,,0.0,-0.6438,-0.43242185850053416,2026-07-22T15:57:06.589485,,,False,MOMENTUM,2026-07-22T16:25:54.095038,-0.8022,,,,-0.591,-0.591,-0.4854,-0.8022,-0.2742,,,,,,,,,,,,,,,,,,,,,-0.2742,window,,-0.2742,window,,-0.2742,window,,-0.2742,window,,-0.2742,window,,-0.2742,window,,-0.2742,window,,-0.2742,window,,-0.2742,window,,,,-0.2742,,-0.2742,,-0.2742,,-0.2742,,-0.2742,,-0.2742,,-0.7,34.49,-0.7,34.49,0.17533705420813467,,False,,,,False,,,,,,,,,-0.063,1.51,,,2026-07-22T15:43:09,2026-07-22T16:03:17.000221,STOP_LOSS L1,MAKER,TAKER,True,,-2.1209,
143,,SOLUSDT,LONG,CLOSED,78.519,78.02,78.06,306.2360556959319,1.0,306.2360556959319,3.9001522650050546,VERY_STRONG,0.4494,0.1037,0.1668,69.29,71.81,39.3318,38.641,0.0606,0.0606,BULLISH,0.1751,0.0505,26.5549,26.2148,61.2,58.3,60.2,0.1753,49.4,43.3,False,False,False,False,False,False,False,False,False,False,False,False,False,False,False,False,False,UNMATCHED,,,0.802,0.9778,71.1,22.2,77.9,0.6908,3.0,HEALTHY_BULL,CHOPPY_WEAK,,0.0912,33.13885974698447,11.54914523333532,0.2931,0.3678,-8.8e-05,0.5742,0.3314,0.1307,-0.0595,2026-07-22T16:38:30.732300,0.09103348234184733,983541132.2709,4,2137.4,,False,,,,,,,306.2360556959319,500000.0,False,,0.0795,2026-07-22T16:03:02.627234,-0.3036,2026-07-22T16:20:01.254043,-0.2909,2026-07-22T16:15:18.216456,-0.4054,2026-07-22T16:27:32.662619,-0.52,0.05512249002526774,0.13693044587206243,0.1920529358973302,-2.1382289161348895,-0.698228989161871,0.26925404042333156,-0.698228989161871,78.85,78.519,0.0,0.3952,0.1762,2026-07-22T16:39:16.885690,2026-07-22T18:09:34.084845,-0.2696,ENDED_NEG,1,0.45,,False,,-0.0013,False,,,,0.5,0.05,ADXMAX2_PROBE,False,-0.3035977534100118,,0,,-0.2696,-0.116,True,,,,,78.1,77.41,2026-07-22T18:20:55.433671,2026-07-22T18:42:15.008438,-0.5966,-1.4754,11.35,32.68,0.0,-0.6985,-1.1443,0.0,13.87,-0.9278,15.0,-0.8896,,,0.0,-0.6985,-0.3545179128618541,2026-07-22T16:16:20.274996,,,False,MOMENTUM,2026-07-22T18:09:34.604960,-0.6985,,,,-0.7113,-0.6603,-0.673,-0.8896,-1.4117,,,,,2026-07-22T17:25:08.109659,-0.4054,,,,,,,,,,,,,,,-1.1443,window,,-1.1443,window,,-1.1443,window,,-1.1443,window,,-1.1443,window,,-1.1443,window,,-1.1443,window,,-1.1443,window,,-1.1443,window,,,,-1.1443,,-1.1443,,-1.1443,,-1.1443,,-1.1443,,-1.1443,,-0.7,146.56,-0.7,146.56,0.39523600520099306,,False,,,,False,,,2026-07-22T16:25:54.083129,-0.5455,2026-07-22T16:31:35.740766,-0.2781,2026-07-22T17:25:08.109437,-0.4054,-0.0999,1.56,-0.52,42.23,2026-07-22T15:43:06,2026-07-22T18:09:34.087421,STOP_LOSS L1,MAKER,TAKER,True,,-2.1382,
142,,ONDOUSDT,LONG,CLOSED,0.4138,0.4183,0.4182,299.41285700236585,1.0,299.41285700236585,723.569011605524,STRONG_BUY,0.0663,0.0459,0.0001,56.39,50.98,18.4961,18.1686,0.2571,0.2577,BULLISH,0.0582,0.033,21.1796,20.9802,56.8,57.6,44.5,0.1858,45.8,43.3,False,False,False,False,False,False,False,False,False,False,False,False,False,False,False,False,False,UNMATCHED,,,0.8891,0.743,66.7,26.7,32.1,0.3274,3.0,HEALTHY_BULL,HEALTHY_BULL,,-0.0538,24.551143725859326,15.449806379864118,0.6007,0.1821,-8.8e-05,0.3874,0.3039,0.128,-0.0794,2026-07-22T15:14:10.299502,,133756631.11045,14,914.1,,False,,,,,,,299.41285700236585,133756.63111045,False,,0.0861,,,,,,,,,0.05389431426042586,0.1362010128995658,0.19009532715999167,3.0659652250648692,1.0239925084581931,1.0239925084581931,-0.20793233446108977,0.4183,0.4138,0.0,0.3642,0.5532,2026-07-22T15:31:13.511262,2026-07-22T15:11:43.794934,0.0023,NEVER,1,0.45,,True,,-0.0242,False,,,,0.5,0.05,GAPMIN_PROBE,False,,,0,,0.3642,0.5771,False,,,,,0.4195,0.4117,2026-07-22T15:44:39.852196,2026-07-22T16:15:59.221616,1.3145,-0.5705,12.59,43.92,19.39,0.4687,-0.4255,1.3145,6.51,0.4687,15.98,0.5895,,,23.9,-0.1355,,,,,False,MOMENTUM,,,,,,0.952,0.7345,0.7103,0.4928,-0.0872,2026-07-22T15:19:46.016463,,,,,,2026-07-22T15:33:12.964606,0.7828,2026-07-22T15:33:10.947438,0.7828,2026-07-22T15:33:11.957058,0.7828,2026-07-22T15:33:18.008170,0.7103,2026-07-22T15:33:20.029350,0.662,2026-07-22T15:33:20.029350,0.662,2026-07-22T15:33:20.029350,0.662,0.2184,trailing,7.59,0.5211,trailing,26.97,0.2184,trailing,7.59,0.1684,trailing,7.69,0.2269,stretch,7.57,0.2027,stretch,7.59,0.1544,stretch,7.69,0.2752,stretch,7.57,0.6862,ema5_cross,23.0,0.6109,0.6109,0.1544,7.69,0.517,26.97,0.3962,40.15,0.3476,7.56,0.2993,7.57,0.2269,7.57,0.2184,7.59,0.2184,7.59,0.6108942933099735,,False,,,,False,,,,,,,,,,,,,2026-07-22T15:10:18,2026-07-22T15:32:03.812406,HARD_TP L1,MAKER,TAKER,True,,3.066,
141,,MIRAUSDT,LONG,CLOSED,0.04447,0.04471,0.04468,601.9748846398811,20.0,12039.497692797622,270733.0265976528,VERY_STRONG,0.3896,0.0727,0.1344,56.67,58.43,28.0485,28.3386,0.0104,0.0104,BULLISH,0.1746,0.0238,20.9089,20.7867,60.9,51.3,43.2,0.1912,47.6,43.3,False,False,False,False,False,False,False,False,False,False,False,False,False,False,False,False,False,UNMATCHED,,,0.9122,0.9273,71.1,24.4,58.7,-0.2901,5.0,HEALTHY_BULL,HEALTHY_BULL,,-0.0625,27.39617042090123,16.69265378822162,0.5829,0.4504,-9.5e-05,0.6597,0.2176,0.2402,-0.0695,2026-07-22T15:22:35.966923,0.08981560602652741,38391073.33752,41,299.1,,False,,,,,,,12039.497692797622,38391.07333752001,False,,0.0885,2026-07-22T15:09:23.180560,-0.4047,,,2026-07-22T15:09:23.189520,-0.4496,,,5.41777396175893,5.447013128631475,10.864787090390404,54.1111392930455,0.4494468180795978,0.4494468180795978,-0.6519237688329216,0.04492,0.04447,0.0,0.313,0.3195,2026-07-22T15:31:01.226920,2026-07-22T15:09:23.207149,-0.5157,RECOVERED,1,0.45,,True,,-0.045,False,,,,1.0,1.0,UNMATCHED,False,-0.269815606026543,0.4494468180795978,0,,0.313,0.3195,True,,,,,0.05301,0.04463,2026-07-22T16:01:42.555134,2026-07-22T15:39:42.322416,19.114,0.2698,30.68,8.68,,,14.1218,,41.91,14.8414,,,,,,,-0.4271542612997623,2026-07-22T15:10:31.274642,,,True,MOMENTUM,,,,,,0.5172,0.6746,0.6296,2.8108,15.6285,,,,,,,2026-07-22T15:34:13.510825,0.6521,2026-07-22T15:34:26.600634,0.5172,2026-07-22T15:34:26.600634,0.5172,2026-07-22T15:34:27.606947,0.5846,2026-07-22T15:38:56.976999,0.4947,2026-07-22T15:34:35.661331,0.6071,2026-07-22T15:38:51.943563,0.5621,0.6719,trailing,23.81,0.3444,trailing,30.03,0.6719,trailing,23.81,0.6219,trailing,23.81,0.5621,stretch,23.95,0.5621,stretch,25.01,0.5172,stretch,25.02,14.1218,window,,0.4047,ema5_cross,30.02,8.383,,0.5846,23.81,0.3373,30.03,2.7883,36.62,0.5621,23.27,0.5846,23.81,0.5846,23.81,0.6719,23.81,0.6719,23.81,0.3545610887135806,,False,,,,False,,,2026-07-22T15:09:23.413126,-0.4496,2026-07-22T15:09:39.538433,-0.4047,,,-0.2024,1.15,-0.2698,3.42,2026-07-22T15:05:12,2026-07-22T15:31:01.242078,TRAILING_STOP L1,TAKER_FALLBACK,TAKER,True,,54.1111,
140,,1000BONKUSDT,LONG,CLOSED,0.003093,0.003073,0.003073,618.9297053652449,20.0,12378.594107304898,4002131.9454590683,STRONG_BUY,0.3459,0.0986,0.1285,63.85,61.14,17.2873,15.5726,0.1934,0.1938,BULLISH,0.1579,0.0843,32.2672,31.4867,68.8,67.9,55.7,0.1633,50.0,47.0,False,False,False,False,False,False,False,False,False,False,False,False,False,False,False,False,False,UNMATCHED,,,1.2239,0.9847,81.8,15.9,83.3,1.7147,3.0,STRONG_BULL,STRONG_BEAR,,0.0031,26.67074999722655,11.545399079842332,0.4069,0.3178,-3.1e-05,0.4441,0.4215,0.2584,-0.0891,,,37600668.262877,41,973.0,,False,,,,,,,12378.594107304898,37600.668262877,False,,-0.0345,2026-07-22T14:15:17.166467,-0.4778,,,2026-07-22T14:15:23.018627,-0.6071,,,5.570367348287204,5.534348160778072,11.104715509065276,-91.14735441824511,-0.7363304235370067,0.07158260588426221,-0.768646944713862,0.003098,0.003093,0.0,0.3867,0.282,2026-07-22T14:09:47.134516,2026-07-22T14:15:54.192769,-0.5502,ENDED_NEG,1,0.45,,False,,0.0323,False,,,,1.0,1.0,UNMATCHED,False,-0.47779825412220683,,0,,-0.324,-0.1426,True,,,,,0.003082,0.003047,2026-07-22T15:04:16.666788,2026-07-22T14:49:17.674606,-0.4456,-1.5772,41.47,26.49,0.0,-0.7366,-0.5426,0.0,0.0,-0.7366,7.94,-0.8659,,,3.39,-0.575,,,,,False,MOMENTUM,2026-07-22T14:22:48.496748,-0.7366,,,,-0.672,-0.769,-0.6073,-0.6396,-1.3186,,,,,2026-07-22T14:22:12.494717,-0.5424,,,,,,,,,,,,,,,-0.5426,window,,-0.5426,window,,-0.5426,window,,-0.5426,window,,-0.5426,window,,-0.5426,window,,-0.5426,window,,-0.5426,window,,-0.5426,window,,,,-0.5426,,-0.5426,,-0.5426,,-0.5426,,-0.5426,,-0.5426,,-0.7,6.73,-0.7,6.73,0.3545544920104747,,False,,,,False,,,2026-07-22T14:17:41.341414,-0.3162,2026-07-22T14:18:49.840615,-0.2516,2026-07-22T14:22:12.494568,-0.5424,-0.6394,6.89,-0.7363,13.67,2026-07-22T14:09:08,2026-07-22T14:22:48.154929,STOP_LOSS L1,TAKER_FALLBACK,TAKER,True,,-91.1474,
139,,LITUSDT,LONG,CLOSED,2.3163,2.3251,2.3288,311.7420504632463,1.0,311.7420504632463,134.58621528439593,VERY_STRONG,0.5874,0.1166,0.2231,63.16,59.59,31.6134,30.9083,0.112,0.1122,BULLISH,0.2171,0.0843,32.2672,31.4867,68.8,67.9,55.7,0.1633,50.0,47.0,False,False,False,False,False,False,False,False,False,False,False,False,False,False,False,False,False,UNMATCHED,,,1.2239,0.7803,81.8,15.9,83.4,0.7051,2.0,STRONG_BULL,HEALTHY_BULL,,0.0031,27.02352559074186,11.36782580379594,0.6117,0.6481,-3.1e-05,0.7908,0.4525,0.2584,-0.0891,2026-07-22T14:18:35.855319,0.09987264171307517,39483003.43615,39,210.9,,False,,,,,,,311.7420504632463,39483.00343615,False,,-0.0559,2026-07-22T14:15:24.812722,-0.4784,,,2026-07-22T14:17:26.770048,-0.7071,,,0.14028392270846082,0.14081688412098703,0.2811008068294478,0.9032578876732256,0.2897452834261503,0.9025160816819986,-0.8624364287872913,2.3393,2.3163,0.0,0.5477,0.5186,2026-07-22T15:04:28.737314,2026-07-22T14:17:30.904249,-0.5596,ENDED_NEG,1,0.45,,True,,-0.0086,False,,,,0.5,0.05,ADXMAX_PROBE,False,-0.47837585804947097,,0,,-0.1225,0.4424,True,,,,,2.3785,2.3245,2026-07-22T15:51:15.273245,2026-07-22T15:08:15.717976,2.5953,0.264,43.05,0.06,,,2.4356,,,,,,,,,,-0.4481688468678581,2026-07-22T14:35:15.555294,,,False,MOMENTUM,,,,,,0.3374,0.5101,0.631,1.1922,1.9261,2026-07-22T14:58:53.180208,,,,2026-07-22T14:22:12.492253,-0.0382,2026-07-22T15:19:30.051713,1.7405,2026-07-22T15:19:28.027647,1.7405,2026-07-22T15:19:29.041267,1.7405,2026-07-22T15:21:18.673652,1.4772,2026-07-22T15:21:18.673652,1.4772,2026-07-22T15:21:18.673652,1.4772,2026-07-22T15:21:18.673652,1.4772,1.9784,trailing,9.18,1.6284,trailing,11.64,1.4284,trailing,11.64,1.2284,trailing,13.36,0.5274,stretch,2.12,0.5403,stretch,3.05,1.3779,stretch,11.64,2.4356,window,,1.1404,ema5_cross,13.36,1.2118,0.5477,2.4356,,2.4356,,2.4356,,2.4356,,2.4356,,2.4356,,1.9784,9.18,1.9784,9.18,0.7235554139098704,atr,False,,,,False,,,2026-07-22T14:17:41.338271,-0.7157,2026-07-22T14:18:49.838622,0.3286,2026-07-22T14:22:12.492090,-0.0382,-0.09,4.95,-0.6769,9.49,2026-07-22T14:08:48,2026-07-22T15:08:12.302427,RUNNER_TRAIL,TAKER_FALLBACK,TAKER,True,,0.9033,
138,,UNIUSDT,LONG,CLOSED,3.802,3.778,3.779,311.7420504632463,1.0,311.7420504632463,81.99422684462027,STRONG_BUY,0.3098,0.087,0.114,60.81,60.46,20.722,20.3449,0.1139,0.114,BULLISH,0.1282,0.0843,32.2672,31.4867,68.8,67.9,55.7,0.1633,50.0,47.0,False,False,False,False,False,False,False,False,False,False,False,False,False,False,False,False,False,UNMATCHED,,,1.2239,1.2903,81.8,15.9,78.4,0.3771,4.0,STRONG_BULL,STRONG_BULL,,0.0031,27.796869070432432,16.457210306413124,0.4257,0.3132,-3.1e-05,0.5343,0.3153,0.2584,-0.0891,,,58541505.248,28,2133.3,,False,,,,,,,311.7420504632463,58541.505248,False,,0.0045,2026-07-22T14:09:04.256397,-0.3522,,,2026-07-22T14:12:33.725767,-0.4574,,,0.056113569083384336,0.1393983850585389,0.19551195414192324,-2.163373398412811,-0.6939626512361918,0.0,-0.6939626512361918,3.802,3.802,0.0,,,,2026-07-22T14:15:05.145945,-0.3647,ENDED_NEG,1,0.45,,False,,-0.0263,False,,,,0.5,0.05,GAPFLAT_PROBE,False,-0.35219121514992424,,0,,-0.3647,-0.1049,True,,,,,3.778,3.736,2026-07-22T14:15:05.483020,2026-07-22T14:28:57.825520,-0.6942,-1.7989,0.0,13.87,0.01,-0.7469,-1.3518,0.0,0.01,-0.7469,8.84,-1.194,,,0.93,-0.9573,,,,,False,MOMENTUM,2026-07-22T14:17:41.345595,-0.8521,,,,-0.9047,-1.0362,-0.8784,-1.5885,-1.3781,,,,,,,,,,,,,,,,,,,,,-1.3518,window,,-1.3518,window,,-1.3518,window,,-1.3518,window,,-1.3518,window,,-1.3518,window,,-1.3518,window,,-1.3518,window,,-1.3518,window,,,,-1.3518,,-1.3518,,-1.3518,,-1.3518,,-1.3518,,-1.3518,,-0.7,6.6,-0.7,6.6,0.08760158469541154,,False,,,,False,,,,,,,,,-0.1945,2.94,-0.4311,4.15,2026-07-22T14:08:28,2026-07-22T14:15:05.148728,STOP_LOSS L1,MAKER,TAKER,True,,-2.1634,
137,,KAITOUSDT,LONG,CLOSED,0.9772000000000001,0.9678,0.9686,287.29714029103354,1.0,287.29714029103354,294.0003482306933,VERY_STRONG,0.4096,0.044,0.1281,60.93,53.23,30.2323,30.046,0.2915,0.2924,BULLISH,0.1014,0.0423,36.7636,39.3661,60.6,55.7,33.8,0.1411,46.2,36.8,False,False,False,False,False,False,False,False,False,False,False,False,False,False,False,False,False,UNMATCHED,,,1.3467,0.7182,72.7,18.2,80.9,0.1863,2.0,STRONG_BULL,HEALTHY_BEAR,,-0.1503,27.97388195719879,14.201663442240037,0.6894,0.6817,-4.1e-05,0.952,0.4651,0.2512,-0.1112,,,36207555.44227,45,517.0,,False,,,,,,,287.29714029103354,36207.55544227,False,,-0.0976,2026-07-22T14:07:35.636048,-0.3903,2026-07-22T14:29:45.518113,-0.7176,2026-07-22T14:22:14.976960,-0.5131,2026-07-22T14:32:07.026927,-0.8915,0.05171348525238604,0.12804009165794925,0.17975357691033528,-2.9433568502788745,-1.0244991813344324,0.16203172329103352,-1.0244991813344324,0.9794,0.9772000000000001,0.0,,,,2026-07-22T14:32:24.391631,-0.4103,ENDED_NEG,1,0.45,,False,,-0.0102,False,,,,0.5,0.05,ADXMAX_PROBE,False,-0.5232921612771243,,0,,-0.4103,-0.2874,True,,,,,0.9946,0.9661,2026-07-22T14:48:58.429660,2026-07-22T14:33:09.441225,1.7176,-1.1989,16.57,0.75,,,0.5817,,43.57,0.4896,42.45,0.8273,,,,,-0.5744357347523654,2026-07-22T13:46:37.145133,,,False,MOMENTUM,,,,,,-1.1375,-1.1784,0.8273,1.0831,1.4618,,,,,2026-07-22T14:22:12.490145,-0.4415,2026-07-22T15:11:45.445194,1.3799,2026-07-22T15:11:43.418045,1.339,2026-07-22T15:11:45.445194,1.3799,2026-07-22T15:11:43.418045,1.339,2026-07-22T15:11:44.431331,1.339,2026-07-22T15:11:45.445194,1.3799,2026-07-22T15:12:33.352446,1.298,1.396,trailing,2.01,1.046,trailing,4.22,0.846,trailing,5.17,0.646,trailing,6.3,1.5129,stretch,1.81,1.4822,stretch,1.85,1.4413,stretch,2.0,0.5817,window,,1.3083,ema5_cross,2.01,0.3877,,0.5817,,0.5817,,0.5817,,0.5817,,0.5817,,0.5817,,1.396,2.01,1.396,2.01,0.35255653368309414,,False,,,,False,,,2026-07-22T14:07:36.303755,-0.4108,2026-07-22T14:07:52.411358,-0.4108,2026-07-22T14:22:12.489954,-0.4415,-0.1141,14.63,-0.4517,21.39,2026-07-22T13:44:20,2026-07-22T14:32:24.394301,STOP_LOSS L1,MAKER,TAKER,True,,-2.9434,
136,,ONDOUSDT,LONG,CLOSED,0.4137,0.4181,0.4177,1149.1885611641342,20.0,22983.77122328268,55556.614027756055,STRONG_BUY,0.3616,0.0919,0.1297,60.7,53.56,18.0488,18.06,0.2736,0.2744,BULLISH,0.1513,0.0423,36.7636,39.3661,60.6,55.7,33.8,0.1411,46.2,36.8,False,False,False,False,False,False,False,False,False,False,False,False,False,False,False,False,False,UNMATCHED,,,1.3467,0.7997,72.7,18.2,87.3,-0.0112,3.0,STRONG_BULL,STRONG_BULL,,-0.1503,29.339568846896913,20.429376031463224,0.5458,0.4633,-4.1e-05,0.6635,0.4968,0.2512,-0.1112,2026-07-22T13:52:08.047818,0.08196736765772042,135138086.89053,15,914.0,,False,,,,,,,22983.77122328268,135138.08689053,False,,-0.0748,,,,,,,,,4.137078820190883,10.452699146252163,14.589777966443046,229.85932375568441,1.000094029489972,1.000094029489972,-0.3770959632584054,0.4181,0.4137,0.0,0.927,0.3358,2026-07-22T13:58:13.421344,2026-07-22T13:49:02.865202,-0.0945,RECOVERED,1,0.45,,True,,-0.0242,False,,,,2.0,1.0,UNMATCHED,False,,,0,,0.9507,0.3358,True,,,,,0.4215,0.4098,2026-07-22T13:58:19.430159,2026-07-22T14:29:20.224278,1.8224,-1.0057,0.1,31.11,20.06,-0.208,-0.764,0.8072,13.18,0.4446,18.92,-0.2322,,,23.44,-0.3772,,,,,False,MOMENTUM,2026-07-22T14:07:51.405671,0.7347,,,,0.8072,0.8314,0.493,0.6138,-0.7398,2026-07-22T13:58:12.110150,,,,,,2026-07-22T14:11:23.618571,0.4446,2026-07-22T14:10:37.439154,0.6138,2026-07-22T14:11:21.520196,0.4204,2026-07-22T14:11:19.486280,0.4446,2026-07-22T14:11:20.498136,0.4446,2026-07-22T14:11:18.472191,0.493,2026-07-22T14:11:18.472191,0.493,0.5572,trailing,3.38,0.2072,trailing,7.74,0.5572,trailing,3.38,0.5072,trailing,3.4,0.6863,stretch,0.24,0.6622,stretch,0.35,0.6622,stretch,0.35,-0.208,signal_lost,10.43,0.5413,ema5_cross,3.38,0.2538,0.927,-0.764,,-0.764,,-0.764,,-0.764,,-0.764,,-0.764,,0.5572,3.38,0.5572,3.38,0.8558791808947681,,False,,,,False,,,,,,,,,0.0095,6.97,,,2026-07-22T13:44:08,2026-07-22T13:58:13.607129,HARD_TP L1,MAKER,TAKER,True,,229.8593,
135,,INJUSDT,LONG,CLOSED,5.264,5.232,5.233,287.01982980318644,1.0,287.01982980318644,54.52504365562052,VERY_STRONG,0.4802,0.1513,0.1982,69.06,72.52,36.6099,35.894,0.0988,0.0989,BULLISH,0.2198,0.0266,20.4665,20.6282,56.8,53.2,50.7,0.1088,47.2,45.0,False,False,False,False,False,False,False,False,False,False,False,False,False,False,False,False,False,UNMATCHED,,,0.7616,1.0976,79.5,9.1,88.8,0.716,4.0,HEALTHY_BULL,HEALTHY_BEAR,,-0.0342,33.79377448937414,12.52527336451764,0.2721,-0.0966,1.2e-05,-0.1553,0.449,0.0651,-0.1017,,,27964346.1568,49,1436.1,,False,,,,,,,287.01982980318644,27964.346156800002,False,,-0.0505,2026-07-22T09:37:16.135577,-0.4128,,,2026-07-22T09:38:07.897449,-0.6027,,,0.1291589234114339,0.12837376278279294,0.25753268619422687,-2.002334083174085,-0.6976291793313074,0.02393047112460753,-0.6976291793313074,5.27,5.264,0.0,0.1845,0.123,2026-07-22T09:32:33.182968,2026-07-22T09:38:17.417117,-0.441,ENDED_NEG,1,0.45,,False,,0.0951,False,,,,0.5,0.05,ADXMAX2_PROBE,False,-0.41280300151976346,,0,,-0.3518,-0.1041,True,,,,,5.243,5.223,2026-07-22T10:20:13.019158,2026-07-22T09:40:35.672774,-0.4889,-0.8689,41.63,2.01,0.01,-0.6789,-0.6979,0.0,0.01,-0.6789,3.24,-0.8689,,,2.12,-0.8499,,,,,False,MOMENTUM,2026-07-22T09:38:35.972859,-0.6789,,,,-0.8119,-0.8689,-0.7739,-0.7549,-0.6979,,,,,2026-07-22T09:35:38.462596,-0.071,,,,,,,,,,,,,,,-0.6979,window,,-0.6979,window,,-0.6979,window,,-0.6979,window,,-0.6979,window,,-0.6979,window,,-0.6979,window,,-0.6979,window,,-0.6979,window,,,,-0.6979,,-0.6979,,-0.6979,,-0.6979,,-0.6979,,-0.6979,,-0.7,18.24,-0.7,18.24,0.28842441735273483,,False,,,,False,,,2026-07-22T09:31:08.453053,-0.09,,,2026-07-22T09:35:38.462439,-0.071,-0.4888,16.88,-0.166,4.5,2026-07-22T09:20:27,2026-07-22T09:38:34.978532,STOP_LOSS L1,TAKER_FALLBACK,TAKER,True,,-2.0023,
134,,WLDUSDT,LONG,CLOSED,0.38120000000000004,0.3831,0.3832,287.01982980318644,1.0,287.01982980318644,752.9376437649171,VERY_STRONG,0.4466,0.0827,0.173,59.47,65.95,34.6318,34.996,0.0616,-0.0616,BULLISH,0.1602,0.0266,20.4665,20.6282,56.8,53.2,50.7,0.1088,47.2,45.0,False,False,False,False,False,False,False,False,False,False,False,False,False,False,False,False,False,UNMATCHED,,,0.7616,1.0984,79.5,9.1,74.2,-0.3642,5.0,HEALTHY_BULL,CHOPPY_WEAK,,-0.0342,32.021285620412435,17.28134979258416,0.3408,0.3014,1.2e-05,0.4154,0.1941,0.0651,-0.1017,2026-07-22T10:02:48.703295,0.09432686253933208,90606287.1028,21,1093.9,,False,,,,,,,287.01982980318644,90606.2871028,False,,0.0107,2026-07-22T09:33:03.377551,-0.1417,,,2026-07-22T09:40:28.416030,-0.3252,,,0.051663569364573565,0.1298026850968529,0.18146625446142645,1.2491152686918838,0.4352017313745953,0.7760766002098584,-0.37765372507870787,0.3844,0.38120000000000004,0.0,0.2801,0.2661,2026-07-22T10:50:42.803623,2026-07-22T09:41:19.498484,-0.2668,ENDED_NEG,1,0.45,,True,,-0.0262,False,,,,0.5,0.05,ADXMAX_PROBE,False,-0.1416634312696806,,0,,-0.1432,0.2207,True,,,,,0.3843,0.381,2026-07-22T11:03:14.040238,2026-07-22T11:40:30.326107,0.7502,-0.1155,7.33,44.6,17.02,0.2518,-0.063,0.7502,5.78,0.4879,2.41,0.4617,,,17.02,0.2518,-0.2727691500524719,2026-07-22T09:40:43.890176,,,False,MOMENTUM,2026-07-22T11:10:06.768869,0.4617,,,,0.4092,0.383,0.3043,0.3305,0.1206,2026-07-22T10:39:04.124990,,,,2026-07-22T09:35:38.460691,0.0157,2026-07-22T10:55:55.663680,0.4092,2026-07-22T10:55:54.651750,0.4092,2026-07-22T10:55:55.663680,0.4092,2026-07-22T10:55:54.651750,0.4092,2026-07-22T10:55:55.663680,0.4092,2026-07-22T10:55:54.651750,0.4092,2026-07-22T10:55:54.651750,0.4092,0.2376,trailing,71.78,0.2518,ema13,112.79,0.2376,trailing,71.78,0.1876,trailing,72.53,0.3565,stretch,69.04,0.3041,stretch,70.86,0.2779,stretch,70.92,0.2518,ema13,112.79,0.2517,ema5_cross,71.37,0.3639,0.3639,0.3041,70.86,0.4352,95.77,0.2256,111.8,0.3565,68.53,0.3041,70.86,0.3041,70.86,0.2376,71.78,0.2376,71.78,0.36392982387004347,atr,False,,,,False,,,2026-07-22T09:31:08.449243,0.0157,2026-07-22T10:46:28.455428,0.4876,2026-07-22T09:35:38.460534,0.0157,-0.1154,19.48,-0.2728,20.61,2026-07-22T09:20:06,2026-07-22T10:55:54.101699,RUNNER_TRAIL,MAKER,TAKER,True,,1.2491,
133,,UNIUSDT,LONG,CLOSED,3.718,3.758,3.754,286.96683572604525,1.0,286.96683572604525,77.18311880743552,VERY_STRONG,0.3866,0.1157,0.1491,64.31,60.91,22.6116,20.7946,0.119,0.1192,BULLISH,0.1488,0.0447,30.357,31.1653,60.1,56.8,57.6,0.1103,47.2,40.3,False,False,False,False,False,False,False,False,False,False,False,False,False,False,False,False,False,UNMATCHED,,,0.7454,0.9552,58.1,25.6,83.6,1.817,4.0,STRONG_BULL,CHOPPY_FLAT,,-0.0832,36.64608169069405,13.474200513902876,0.3085,0.1338,-8.9e-05,0.2744,0.3844,0.1162,-0.1199,2026-07-22T09:02:17.535201,0.09830446476600935,45885335.554,33,2133.1,,False,,,,,,,286.96683572604525,45885.335554,False,,-0.0676,2026-07-22T08:37:20.784747,-0.4125,2026-07-22T09:37:01.891363,-0.305,2026-07-22T09:33:00.496202,-0.1974,2026-07-22T09:41:51.866209,-0.2512,0.05165403043068815,0.1305243722152542,0.18217840264594234,2.9051463496514813,1.0123630984400227,1.0123630984400227,-0.4393770844540019,3.758,3.718,0.0,0.5819,0.4864,2026-07-22T10:21:26.989441,2026-07-22T08:37:20.793790,-0.2533,RECOVERED,1,0.45,,True,,-0.0269,False,,,,0.5,0.05,GAPFLAT_PROBE,False,-0.41249300699300434,,0,,0.6083,0.4864,True,,,,,3.793,3.751,2026-07-22T11:05:49.009273,2026-07-22T10:22:30.657453,1.9542,0.8246,44.36,1.06,,,1.7928,,24.48,1.5777,21.1,1.4701,,,,,-0.11676815492199515,2026-07-22T09:30:36.245666,,,False,MOMENTUM,2026-07-22T10:21:28.028315,1.1473,,,,0.9053,0.9322,1.2818,1.6853,1.6584,2026-07-22T10:19:03.903796,,,,2026-07-22T09:35:38.458738,-0.2243,2026-07-22T10:46:31.481244,1.3894,2026-07-22T10:22:16.500489,0.986,2026-07-22T10:22:18.518157,0.9591,2026-07-22T10:22:16.500489,0.986,2026-07-22T10:22:18.518157,0.9591,2026-07-22T10:22:21.554714,0.9591,2026-07-22T10:22:28.633587,0.8784,0.9511,trailing,110.57,1.2735,trailing,147.3,1.7928,window,,1.7928,window,,0.8515,stretch,110.72,0.9053,stretch,113.91,1.5239,stretch,124.11,1.4432,stretch,129.72,1.3625,ema5_cross,129.97,0.8529,0.749,0.5822,107.72,0.8784,110.71,1.3625,129.97,0.5822,107.72,0.5822,107.72,0.5822,107.72,0.9511,110.57,0.9511,110.57,0.7489858288496996,,False,,,,False,,,2026-07-22T08:40:09.179924,-0.2781,2026-07-22T09:09:22.889505,0.0983,2026-07-22T09:35:38.458541,-0.2243,-0.0361,53.19,-0.4394,5.59,2026-07-22T08:31:46,2026-07-22T10:21:27.000447,HARD_TP L1,MAKER,TAKER,True,,2.9051,
132,,LITUSDT,LONG,CLOSED,2.2608,2.265,2.2657,285.2595466686766,1.0,285.2595466686766,126.17637414573451,VERY_STRONG,0.5208,0.1605,0.2218,58.87,64.16,25.4217,26.1404,0.0349,-0.0349,BULLISH,0.2285,0.0544,32.5681,33.8583,62.8,61.8,33.2,0.1134,47.0,40.3,False,False,False,False,False,False,False,False,False,False,False,False,False,False,False,False,False,UNMATCHED,,,1.2801,1.0674,53.5,27.9,83.3,-0.7187,3.0,STRONG_BULL,CHOPPY_FLAT,,-0.1692,21.135547232154767,15.28048309325711,0.5323,-0.2084,-8.9e-05,-0.3211,0.3477,0.2009,-0.121,2026-07-22T08:22:45.643674,0.09569134819532828,44644775.12687,36,210.6,,False,,,,,,,285.2595466686766,44644.77512687,False,,-0.0788,2026-07-22T08:16:54.007840,-0.4083,,,2026-07-22T08:16:54.058122,-0.5365,,,0.12836679600090448,0.1286052693480399,0.25697206534894435,0.2729687060631383,0.09569134819532828,0.5952894992922791,-0.598440596249128,2.2763,2.2608,0.0,0.2925,0.2904,2026-07-22T08:37:29.152298,2026-07-22T08:17:02.856723,-0.465,ENDED_NEG,1,0.45,,True,,-0.0221,False,,,,0.5,0.05,GAPFLAT_PROBE,False,-0.40832802547771124,,0,,-0.1784,0.264,True,,,,,2.2892,2.2644,2026-07-22T09:20:50.179606,2026-07-22T08:40:13.463835,1.1662,0.0692,40.61,0.0,,,0.8831,,0.49,0.2373,17.37,0.6752,,,,,,,,,False,MOMENTUM,2026-07-22T08:40:13.463835,0.0692,,,,0.2462,0.2373,0.5425,0.8964,0.9893,2026-07-22T08:35:04.775922,0.19737946744514995,,,,,2026-07-22T08:47:45.730129,0.5469,2026-07-22T08:40:13.463835,0.0692,2026-07-22T08:40:13.463835,0.0692,2026-07-22T08:40:13.463835,0.0692,2026-07-22T08:40:13.463835,0.0692,2026-07-22T08:40:14.479022,0.1179,2026-07-22T08:40:13.463835,0.0692,0.3276,trailing,21.32,0.5264,trailing,60.3,0.3276,trailing,21.32,0.2953,trailing,23.76,0.3831,stretch,19.17,0.3521,stretch,19.17,0.3168,stretch,19.27,0.8831,window,,0.3256,ema5_cross,21.32,0.5986,0.3539,0.3079,21.32,0.4939,46.12,0.8831,,0.3477,19.18,0.3742,21.28,0.3079,21.32,0.3276,21.32,0.3276,21.32,0.3308626586325478,lock,False,,,,False,,,2026-07-22T08:40:09.177909,0.2151,,,,,-0.3022,1.14,-0.5144,3.39,2026-07-22T08:14:55,2026-07-22T08:40:13.086899,RUNNER_TRAIL,TAKER_FALLBACK,TAKER,True,,0.273,
131,,ONDOUSDT,LONG,CLOSED,0.401,0.4016,0.4018,570.5190933373532,20.0,11410.381866747064,28454.81762281063,VERY_STRONG,0.2958,0.0723,0.1133,58.78,60.35,23.3853,22.678,0.0402,0.0402,BULLISH,0.1392,0.0544,32.5681,33.8583,62.8,61.8,33.2,0.1134,47.0,40.3,False,False,False,False,False,False,False,False,False,False,False,False,False,False,False,False,False,UNMATCHED,,,1.2801,0.9152,53.5,27.9,75.6,0.7073,5.0,STRONG_BULL,STRONG_BULL,,-0.1692,29.65063413845136,15.078111083255004,0.4446,0.1811,-8.9e-05,0.1865,0.226,0.2009,-0.121,2026-07-22T08:21:18.434957,0.08655860349126918,160292339.29631,13,913.8,,False,,,,,,,11410.381866747064,160292.33929631,False,,-0.0832,2026-07-22T08:16:29.622731,-0.2624,,,2026-07-22T08:18:38.118652,-0.387,,,2.0538687360144716,5.142354640794337,7.196223376808808,9.87666719687727,0.08655860349126918,0.5103079800498675,-0.4119700748129706,0.4033,0.401,0.0,0.5081,0.0944,2026-07-22T08:28:13.512492,2026-07-22T08:18:38.129152,-0.2623,ENDED_NEG,1,0.45,,True,,-0.0249,False,,,,1.0,1.0,UNMATCHED,False,-0.26241147132170145,,0,,-0.0417,0.262,True,,,,,0.4077,0.3993,2026-07-22T09:16:31.016605,2026-07-22T08:37:34.822458,1.6078,-0.4869,44.88,5.94,5.72,-0.3872,1.2836,0.0866,4.6,-0.3124,4.6,-0.3124,,,6.83,-0.462,,,,,True,MOMENTUM,2026-07-22T08:40:09.183226,-0.2625,,,,-0.0131,-0.1129,-0.3124,-0.1129,0.4358,2026-07-22T08:28:13.512531,0.1862643391521199,,,,,2026-07-22T08:51:05.629449,0.0866,2026-07-22T08:31:43.700767,0.0617,2026-07-22T08:32:01.955152,0.0368,2026-07-22T08:32:01.955152,0.0368,2026-07-22T08:32:01.955152,0.0368,2026-07-22T08:32:01.955152,0.0368,2026-07-22T08:32:01.955152,0.0368,0.2603,trailing,14.45,-0.0897,trailing,18.68,0.2603,trailing,14.45,0.2103,trailing,14.45,0.286,stretch,13.78,0.2361,stretch,14.45,0.1613,stretch,14.45,-0.3872,signal_lost,22.76,0.1115,ema5_cross,16.99,1.065,0.5081,0.286,13.75,0.0617,17.13,-0.1628,19.37,0.3607,13.63,0.3109,13.63,0.286,13.75,0.2603,14.45,0.2603,14.45,0.43400255539435517,lock,False,,,,False,,,,,,,,,-0.1627,1.48,-0.3372,3.72,2026-07-22T08:14:35,2026-07-22T08:31:38.134602,RUNNER_TRAIL,MAKER,TAKER,True,,9.8767,
130,,ONDOUSDT,LONG,CLOSED,0.405,0.4024,0.4025,287.16700890927376,1.0,287.16700890927376,709.0543429858611,VERY_STRONG,0.5947,0.1081,0.2194,63.06,64.37,38.3297,37.8658,0.0001,-0.0001,BULLISH,0.2264,0.0556,38.0175,38.6784,62.4,72.3,71.5,0.1119,63.8,61.7,False,False,False,False,False,False,False,False,False,False,False,True,False,False,False,False,True,W2,,,0.9185,0.8143,58.1,30.2,82.7,0.4639,2.0,STRONG_BULL,STRONG_BEAR,,0.2237,27.3040763071017,10.523548403105202,0.4569,0.5759,-4.6e-05,0.7668,0.3277,0.0317,0.1302,2026-07-22T00:59:47.187355,0.08508148148147886,178035099.04495,11,913.5,,False,,,,,,,287.16700890927376,178035.09904495,False,,0.1067,2026-07-22T01:11:02.290311,-0.2111,,,2026-07-22T01:19:27.408285,-0.4332,,,0.051690061603669284,0.12839556042787972,0.18008562203154901,-2.0236269137948213,-0.704686419753098,0.3072037037036903,-0.704686419753098,0.4065,0.405,0.0,0.3046,0.081,2026-07-22T01:08:32.598919,2026-07-22T01:21:30.130774,-0.3549,ENDED_NEG,1,0.45,,False,,-0.0247,False,,,,0.5,0.05,ADXMAX2_PROBE,False,-0.21108148148149258,,0,,-0.3549,-0.4128,True,,,,,0.4038,0.3994,2026-07-22T01:40:04.436646,2026-07-22T01:58:45.787877,-0.3593,-1.4457,18.57,37.26,0.0,-0.705,-1.3223,0.0,0.0,-0.705,34.37,-1.026,,,0.0,-0.705,-0.35916296296297145,2026-07-22T01:16:45.145022,,,False,MOMENTUM,2026-07-22T01:21:30.718740,-0.705,,,,-0.5815,-0.7297,-0.7544,-0.6556,-0.6309,,,,,2026-07-22T01:15:01.965434,-0.3345,,,,,,,,,,,,,,,-1.3223,window,,-1.3223,window,,-1.3223,window,,-1.3223,window,,-1.3223,window,,-1.3223,window,,-1.3223,window,,-1.3223,window,,-1.3223,window,,,,-1.3223,,-1.3223,,-1.3223,,-1.3223,,-1.3223,,-1.3223,,-0.7,28.28,-0.7,28.28,0.3045896807767452,,False,,,,False,,,2026-07-22T01:02:42.472141,-0.063,2026-07-22T01:04:57.679728,0.011,2026-07-22T01:15:01.965237,-0.3345,-0.3592,23.52,-0.2358,20.18,2026-07-22T00:53:12,2026-07-22T01:21:30.133192,STOP_LOSS L1,MAKER,TAKER,True,,-2.0236,
129,,1000BONKUSDT,LONG,CLOSED,0.003025,0.003006,0.003006,287.16700890927376,1.0,287.16700890927376,94931.24261463595,VERY_STRONG,0.3648,0.0786,0.1658,55.04,60.89,30.923,33.0329,0.1646,-0.1643,BULLISH,0.1222,0.056,38.0175,38.6784,62.9,72.3,71.5,0.1105,63.9,61.7,False,False,False,False,False,False,False,False,False,False,False,True,False,False,False,False,True,W2,,,0.8361,0.5173,58.1,30.2,75.0,-2.1099,4.0,STRONG_BULL,CHOPPY_FLAT,,0.2241,22.553612124679063,21.030667726740813,0.3957,0.0218,-4.6e-05,-0.0205,0.0799,0.0352,0.1306,,,54598577.490148,32,972.5,,False,,,,,,,287.16700890927376,54598.577490148,False,,0.1942,2026-07-22T00:55:25.800344,-0.2552,,,2026-07-22T01:08:53.996514,-0.3213,,,0.1292251540091732,0.12841349188481804,0.2576386458939912,-2.061332255572067,-0.7178165289256172,0.141300826446283,-0.7178165289256172,0.003032,0.003025,0.0,0.1726,-0.1221,2026-07-22T01:04:25.338103,2026-07-22T01:10:04.485368,-0.553,ENDED_NEG,1,0.45,,False,,0.0662,False,,,,0.5,0.05,ADXMAX_PROBE,False,-0.2552148760330511,,0,,-0.553,-0.1771,True,,,,,0.003021,0.002984,2026-07-22T01:52:30.050960,2026-07-22T01:10:54.743717,-0.2222,-1.4454,42.42,0.83,0.0,-0.7181,-0.4867,0.0,1.06,-1.1809,,,,,0.0,-0.7181,-0.5856446280991676,2026-07-22T01:10:01.507046,,,False,MOMENTUM,2026-07-22T01:10:04.843577,-0.7181,,,,-1.214,-1.3793,-1.0487,-1.1479,-1.0487,,,,,,,,,,,,,,,,,,,,,-0.4867,window,,-0.4867,window,,-0.4867,window,,-0.4867,window,,-0.4867,window,,-0.4867,window,,-0.4867,window,,-0.4867,window,,-0.4867,window,,,,-0.4867,,-0.4867,,-0.4867,,-0.4867,,-0.4867,,-0.4867,,-0.7,17.95,-0.7,17.95,0.23863783243279085,,False,,,,False,,,2026-07-22T01:02:42.470104,-0.1891,2026-07-22T01:04:57.678019,0.1083,,,-0.2552,3.41,-0.1561,15.73,2026-07-22T00:52:03,2026-07-22T01:10:04.488643,STOP_LOSS L1,TAKER_FALLBACK,TAKER,True,,-2.0613,
128,,AAVEUSDT,LONG,CLOSED,95.799,96.32,96.41,287.16700890927376,1.0,287.16700890927376,2.9975992328654133,VERY_STRONG,0.1958,0.0291,0.0696,57.72,52.12,24.6827,25.6056,0.0034,0.0034,BULLISH,0.0567,0.0727,37.526,35.8444,64.7,76.4,77.6,0.1073,63.7,61.7,False,False,False,False,False,False,False,False,False,False,False,True,False,False,False,False,True,W2,,,0.9604,1.068,65.1,23.3,70.4,-0.9229,3.0,STRONG_BULL,CHOPPY_FLAT,,0.2075,21.814450009676897,16.903175309272072,0.2503,0.2101,2.2e-05,0.3025,0.1022,0.0905,0.1293,2026-07-22T01:10:41.491379,0.09455075731479055,87502629.953,22,2104.7,,False,,,,,,,287.16700890927376,87502.629953,False,,0.1758,2026-07-22T00:41:03.948562,-0.1559,,,2026-07-22T00:47:20.987129,-0.2393,,,0.051690061603669284,0.12992794114931847,0.18161800275298776,1.3801311975698525,0.48060228186096576,0.7310140815666089,-0.33323606718233,96.56,95.799,0.0,0.7605,0.1008,2026-07-22T01:11:20.756277,2026-07-22T00:55:42.798062,-0.2166,RECOVERED,1,0.45,,True,,-0.001,False,,,,0.5,0.05,GMINFLAT_PROBE,False,-0.15586104239085255,,0,,0.5132,0.1008,True,,,,,97.4,95.97,2026-07-22T01:55:17.531943,2026-07-22T01:23:36.122943,1.6082,0.1155,43.92,12.23,,,1.3159,,24.38,0.2616,23.25,0.3765,,,,,-0.22889781730498857,2026-07-22T00:48:31.219855,,,False,MOMENTUM,2026-07-22T01:11:22.397423,0.5017,,,,0.3347,0.3347,0.4182,0.4182,0.6896,2026-07-22T01:10:51.069096,,,,,,2026-07-22T01:23:21.996071,0.1573,2026-07-22T01:12:01.286591,0.2721,2026-07-22T01:12:02.400287,0.2408,2026-07-22T01:23:14.926046,0.2512,2026-07-22T01:23:20.988324,0.1573,2026-07-22T01:23:14.926046,0.2512,2026-07-22T01:23:20.988324,0.1573,0.481,trailing,32.98,0.131,trailing,45.22,0.481,trailing,32.98,0.431,trailing,33.17,0.2825,stretch,33.62,0.2408,stretch,33.65,0.3034,stretch,34.03,1.3159,window,,0.2512,ema5_cross,44.83,0.8544,0.7605,0.4389,32.48,0.4806,32.98,0.2825,33.62,0.4389,32.48,0.4389,32.48,0.4389,32.48,0.481,32.98,0.481,32.98,0.6061104676622567,atr,False,,,,False,,,2026-07-22T01:02:42.468442,-0.1454,2026-07-22T01:04:57.675283,-0.1454,,,-0.0933,2.25,-0.1767,8.94,2026-07-22T00:38:18,2026-07-22T01:11:21.841533,RUNNER_TRAIL,MAKER,TAKER,True,,1.3801,
127,,WLDUSDT,LONG,CLOSED,0.379,0.3809,0.381,287.16700890927376,1.0,287.16700890927376,757.6965934281629,VERY_STRONG,0.3158,0.0592,0.1267,59.22,63.65,26.4884,26.4653,0.0717,-0.0717,BULLISH,0.113,0.0727,37.526,35.8444,64.7,76.4,77.6,0.1073,63.7,61.7,False,False,False,False,False,False,False,False,False,False,False,True,False,False,False,False,True,W2,,,0.9604,0.837,65.1,23.3,78.9,0.0231,3.0,STRONG_BULL,CHOPPY_FLAT,,0.2075,23.604843322376187,13.629923056275814,0.2729,0.1851,2.2e-05,0.2416,0.1142,0.0905,0.1293,2026-07-22T00:49:49.629769,0.09461345646437425,93145764.7834,19,1093.5,,False,,,,,,,287.16700890927376,93145.7647834,False,,0.1758,2026-07-22T00:47:46.968059,-0.1691,,,,,,,0.1292251540091732,0.12987298459655428,0.2590981386057275,1.1805253889077916,0.41109366754617743,0.7012005277044862,-0.1691200527704545,0.382,0.379,0.0,0.4688,0.231,2026-07-22T01:09:34.356056,2026-07-22T00:47:46.972453,-0.1708,RECOVERED,1,0.45,,True,,0.0528,False,,,,0.5,0.05,GMINFLAT_PROBE,False,-0.1691200527704545,,0,,0.1551,0.2572,True,,,,,0.384,0.3798,2026-07-22T01:48:51.795670,2026-07-22T01:32:19.992500,1.2293,0.1211,38.16,21.63,,,0.939,,7.14,0.4377,7.14,0.4377,,,,,,,,,False,MOMENTUM,2026-07-22T01:10:42.363919,0.3849,,,,0.5169,0.4377,0.4113,0.3849,0.6224,2026-07-22T01:07:21.731199,,,,,,2026-07-22T01:30:06.678025,0.4641,2026-07-22T01:10:48.649994,0.3058,2026-07-22T01:10:48.649994,0.3058,2026-07-22T01:10:48.649994,0.3058,2026-07-22T01:10:48.649994,0.3058,2026-07-22T01:10:48.649994,0.3058,2026-07-22T01:10:47.634097,0.3058,0.4512,trailing,32.02,0.2335,trailing,53.35,0.4512,trailing,32.02,0.4012,trailing,32.43,0.4902,stretch,31.86,0.4375,stretch,32.02,0.3849,stretch,32.43,0.939,window,,0.3585,ema5_cross,40.78,0.4801,0.4688,0.543,31.76,0.4111,32.42,0.4113,51.85,0.543,31.76,0.543,31.76,0.543,31.76,0.4512,32.02,0.4512,32.02,0.4166533203676101,atr,False,,,,False,,,2026-07-22T01:02:42.466486,-0.1164,2026-07-22T01:04:57.671622,0.2265,,,,,-0.0636,17.19,2026-07-22T00:38:16,2026-07-22T01:10:41.591906,RUNNER_TRAIL,TAKER_FALLBACK,TAKER,True,,1.1805,
126,,UNIUSDT,LONG,CLOSED,3.7,3.711,3.716,1121.983033753235,20.0,22439.6606750647,6064.773155422892,STRONG_BUY,0.2874,0.0826,0.104,64.87,67.64,16.7562,15.8647,0.0885,0.0886,BULLISH,0.1349,0.0341,29.5038,31.3944,62.3,57.0,52.8,0.1236,60.6,57.6,False,False,False,False,False,False,False,False,False,False,False,False,False,False,False,False,False,UNMATCHED,,,0.5486,0.7535,37.2,37.2,83.9,0.8915,2.0,STRONG_BULL,CHOPPY_FLAT,,-0.0759,30.371584235014065,16.95627640421902,0.254,0.1798,5e-05,0.2912,0.2755,0.1508,0.1077,2026-07-21T21:13:05.648511,,52152733.026,34,2132.5,,False,,,,,,,22439.6606750647,52152.733026,False,,-0.0288,2026-07-21T19:54:56.250338,-0.2791,2026-07-21T20:07:58.722672,-0.4142,2026-07-21T19:59:53.939823,-0.3872,2026-07-21T20:24:19.178730,-0.5493,4.039138921511646,10.127867930898459,14.167006852410104,52.545497857239745,0.23416351351350476,0.5043121621621597,-0.6303121621621717,3.721,3.7,0.0,0.4214,0.0908,2026-07-21T21:14:09.245410,2026-07-21T20:23:29.188337,-0.2266,RECOVERED,1,0.45,,True,,-0.027,False,,,,2.0,1.0,UNMATCHED,False,-0.2791189189189191,,0,,0.0722,0.1716,True,,,,,3.715,3.698,2026-07-21T21:31:39.560474,2026-07-21T21:23:49.353925,0.3424,-0.1171,16.83,9.0,9.72,-0.063,0.1532,0.2613,6.37,0.0992,3.01,0.0451,,,,,-0.38717837837837865,2026-07-21T20:00:43.373921,,,True,MOMENTUM,2026-07-21T21:14:50.345029,0.2343,,,,0.0721,0.0992,0.0992,0.0992,0.2343,2026-07-21T21:14:09.245473,,,,2026-07-21T21:06:06.300062,-0.09,,,,,,,,,,,,,2026-07-21T21:15:50.685451,0.0721,0.2543,trailing,94.2,-0.0957,trailing,103.2,0.2543,trailing,94.2,0.2043,trailing,94.62,0.3692,stretch,93.87,0.3152,stretch,94.19,0.2882,stretch,94.19,-0.063,signal_lost,103.92,0.1532,ema5_cross,94.62,0.4214,0.4214,0.3692,93.8,0.2342,94.2,0.0992,94.87,0.3692,93.8,0.3692,93.8,0.3692,93.8,0.2543,94.2,0.2543,94.2,0.3946171279700053,atr,False,,,,False,,,2026-07-21T20:01:10.287610,-0.3602,2026-07-21T20:03:24.335970,-0.3872,2026-07-21T21:06:06.299864,-0.09,-0.063,3.36,-0.4142,27.97,2026-07-21T19:40:29,2026-07-21T21:14:49.186534,RUNNER_TRAIL,MAKER,TAKER,True,,52.5455,
125,,PENGUUSDT,LONG,CLOSED,0.006383,0.006401,0.006404,280.43173124501874,1.0,280.43173124501874,43934.15811452589,VERY_STRONG,0.2502,0.056,0.1046,58.4,67.26,23.391,23.235,0.0476,-0.0476,BULLISH,0.1018,0.0396,22.4038,21.3272,59.0,64.0,62.7,0.1168,58.7,57.4,False,False,False,False,False,False,False,False,False,False,False,True,False,False,False,False,True,W2,,,0.713,0.771,72.1,23.3,82.4,0.156,5.0,HEALTHY_BULL,CHOPPY_FLAT,,0.1136,23.58433600901413,14.024480559489849,0.2807,0.1698,-4.8e-05,0.2266,0.1131,0.0632,0.1442,2026-07-21T04:02:01.753035,0.09791477361741907,40092785.842516,40,580.5,,False,,,,,,,280.43173124501874,40092.785842516,False,,0.1301,2026-07-21T04:17:15.859679,0.004,2026-07-21T04:28:43.028785,-0.1996,2026-07-21T04:17:15.934352,-0.09,2026-07-21T04:30:48.272289,-0.3406,0.12619427906025843,0.12655014574098608,0.2527444248012445,0.5380704212602122,0.19187216042612862,0.4737443208522707,-0.3562125959580081,0.006419,0.006383,0.0,0.326,0.2668,2026-07-21T04:48:59.310420,2026-07-21T04:30:27.380426,-0.2698,RECOVERED,1,0.45,,True,,-0.0313,False,,,,0.5,0.05,GMINFLAT_PROBE,False,0.003957386808709534,,0,,0.0114,0.275,True,,,,,0.006409,0.006378,2026-07-21T05:05:03.389552,2026-07-21T05:18:33.652803,0.3173,-0.1683,14.42,27.92,20.83,-0.0117,0.3017,0.3173,0.71,0.1763,6.29,0.145,,,20.83,-0.0117,-0.07434043553187948,2026-07-21T04:17:51.633856,,,False,MOMENTUM,2026-07-21T04:50:39.094665,0.192,,,,0.1607,0.2703,0.1607,0.098,-0.0273,,,,,,,,,2026-07-21T05:05:31.644223,0.1293,2026-07-21T05:05:36.690966,0.098,2026-07-21T05:05:43.763072,0.1137,,,2026-07-21T05:05:48.797692,0.051,2026-07-21T05:06:13.176146,0.0823,0.2237,trailing,65.25,-0.0117,ema13,86.09,0.2237,trailing,65.25,0.1737,trailing,65.75,0.3171,stretch,64.06,0.2858,stretch,64.52,0.2702,stretch,65.14,0.2232,stretch,65.25,0.1763,ema5_cross,65.48,0.326,0.326,0.3328,64.06,0.1919,65.25,0.051,72.36,0.3485,64.04,0.3328,64.06,0.3328,64.06,0.2237,65.25,0.2237,65.25,0.3330805485877319,atr,False,,,,False,,,2026-07-21T04:30:40.578071,-0.3406,,,,,-0.0743,0.02,-0.0587,12.31,2026-07-21T03:45:22,2026-07-21T04:50:37.928500,RUNNER_TRAIL,TAKER_FALLBACK,TAKER,True,,0.5381,
124,,WLDUSDT,LONG,CLOSED,0.3855,0.383,0.3842,280.43173124501874,1.0,280.43173124501874,727.4493676913586,VERY_STRONG,0.4083,0.0618,0.1587,59.95,65.92,26.0432,25.6191,0.0824,-0.0824,BULLISH,0.1427,0.0446,22.218,21.3272,64.0,64.0,62.7,0.113,59.3,57.4,False,False,False,False,False,False,False,False,False,False,False,True,False,False,False,False,True,W2,,,0.543,0.6863,74.4,18.6,79.8,0.4242,5.0,HEALTHY_BULL,STRONG_BULL,,0.1191,27.688116902487188,14.404707192997884,0.3581,0.5183,-4.8e-05,0.7223,0.138,0.1078,0.1492,,,116341172.6204,17,1092.7,,False,,,,,,,280.43173124501874,116341.1726204,False,,0.1841,2026-07-21T03:43:53.452137,-0.1926,,,2026-07-21T03:50:34.373549,-0.3741,,,0.050477711624103375,0.12537589852160566,0.17585361014570905,-1.9944770293741072,-0.7112166018158241,0.06664332036316482,-0.7112166018158241,0.386,0.3855,0.0,0.1431,-0.0196,2026-07-21T04:01:44.382232,2026-07-21T04:11:51.202335,-0.52,ENDED_NEG,1,0.45,,False,,-0.0259,False,,,,0.5,0.05,GAPFLAT_PROBE,False,-0.19264332036316484,,0,,-0.52,-0.1117,True,,,,,0.3849,0.3829,2026-07-21T04:53:36.472228,2026-07-21T04:26:47.879970,-0.2186,-0.7374,41.75,14.94,0.0,-0.5299,-0.3483,0.0,0.37,-0.5559,13.8,-0.6337,,,0.0,-0.5299,-0.24450064850843942,2026-07-21T03:50:58.832279,,,False,MOMENTUM,2026-07-21T04:30:40.582733,-0.504,,,,-0.5559,-0.6077,-0.6856,-0.7374,-0.6337,,,,,,,,,,,,,,,,,,,,,-0.3483,window,,-0.3483,window,,-0.3483,window,,-0.3483,window,,-0.3483,window,,-0.3483,window,,-0.3483,window,,-0.3483,window,,-0.3483,window,,,,-0.3483,,-0.3483,,-0.3483,,-0.3483,,-0.3483,,-0.3483,,-0.7,30.15,-0.7,30.15,0.14311592502620094,,False,,,,False,,,,,,,,,-0.0889,0.02,-0.1408,3.37,2026-07-21T03:41:41,2026-07-21T04:11:51.205384,STOP_LOSS L1,MAKER,TAKER,True,,-1.9945,
123,,1000PEPEUSDT,LONG,CLOSED,0.0029364,0.0029187,0.0029243,280.43173124501874,1.0,280.43173124501874,95501.8836824066,STRONG_BUY,0.1739,0.043,0.0688,56.83,62.95,18.2703,18.0784,0.0224,-0.0224,BULLISH,0.0718,0.0446,22.218,21.3272,64.0,64.0,62.7,0.113,59.3,57.4,False,False,False,False,False,False,False,False,False,False,False,True,False,False,False,False,True,W2,,,0.543,0.5449,74.4,18.6,78.5,0.1918,3.0,HEALTHY_BULL,STRONG_BULL,,0.1191,23.37749441589188,15.338498170749865,0.2651,0.1502,-4.8e-05,0.2502,0.0893,0.1078,0.1492,2026-07-21T04:01:41.988181,0.09721989510965341,181275499.7435125,12,1173.2,,False,,,,,,,280.43173124501874,181275.4997435125,False,,0.1841,2026-07-21T03:44:49.456664,-0.1479,,,2026-07-21T04:10:11.815607,-0.1036,,,0.12619427906025843,0.12543360655672808,0.2516278856169865,-1.9420112267955674,-0.692507662443803,0.32869176542704703,-0.692507662443803,0.0029487,0.0029364,0.0,0.3007,0.1049,2026-07-21T04:02:19.188146,2026-07-21T04:12:20.436696,-0.5877,ENDED_NEG,1,0.45,,False,,-0.0272,False,,,,0.5,0.05,GMINFLAT_PROBE,False,-0.14786796757934473,,0,,-0.5877,-0.1004,True,,,,,0.0029251,0.0029111,2026-07-21T04:13:24.099943,2026-07-21T04:30:31.480531,-0.4748,-0.9516,1.06,18.18,0.0,-0.5123,-0.7847,0.0,0.0,-0.5123,5.5,-0.8086,,,0.0,-0.5123,-0.3623198474322366,2026-07-21T04:12:13.968565,,,False,MOMENTUM,2026-07-21T04:30:40.582733,-0.9312,,,,-0.5123,-0.5327,-0.8426,-0.9039,-0.7813,,,,,,,,,,,,,,,,,,,,,-0.7847,window,,-0.7847,window,,-0.7847,window,,-0.7847,window,,-0.7847,window,,-0.7847,window,,-0.7847,window,,-0.7847,window,,-0.7847,window,,,,-0.7847,,-0.7847,,-0.7847,,-0.7847,,-0.7847,,-0.7847,,-0.7,34.19,-0.7,34.19,0.28716997376617315,,False,,,,False,,,,,,,,,-0.09,0.02,-0.1581,4.84,2026-07-21T03:41:39,2026-07-21T04:12:20.439385,STOP_LOSS L1,TAKER_FALLBACK,TAKER,True,,-1.942,
122,,DOTUSDT,LONG,CLOSED,0.835,0.845,0.842,280.43173124501874,1.0,280.43173124501874,335.84638472457334,VERY_STRONG,0.3549,0.1118,0.1339,68.6,74.37,31.8388,29.3614,0.0949,0.095,BULLISH,0.1712,0.0474,18.3154,17.1566,61.0,62.7,49.5,0.1266,58.2,57.4,False,False,False,False,False,False,False,False,False,False,False,False,False,False,False,False,False,UNMATCHED,,,0.7771,1.2168,85.7,11.9,83.3,2.4774,3.0,HEALTHY_BULL,CHOPPY_FLAT,,0.0768,25.198589435468,5.522907806431831,0.2782,0.1915,4.6e-05,0.3282,0.3411,0.1191,0.1399,2026-07-21T03:59:06.954102,0.029706586826347425,48220156.813,38,2158.8,,False,,,,,,,280.43173124501874,48220.156813,False,,0.1088,2026-07-21T03:50:47.165032,-0.3294,2026-07-21T04:20:42.198857,-0.3294,2026-07-21T04:15:43.362959,-0.3294,2026-07-21T04:27:51.589098,-0.3294,0.12619427906025843,0.127705587791519,0.25389986685177746,3.1045639803939586,1.1070658682634742,1.1070658682634742,-0.4491197604790421,0.845,0.835,0.0,0.6106,0.2521,2026-07-21T05:26:44.812857,2026-07-21T04:20:29.675558,-0.3372,RECOVERED,1,0.45,,True,,0.1199,False,,,,0.5,0.05,ADXMAX_PROBE,False,-0.3294131736526948,,0,,0.7282,0.2521,True,,,,,0.85,0.842,2026-07-21T06:01:33.596869,2026-07-21T05:28:54.626722,1.7064,0.7483,34.81,2.16,,,1.7064,,,,17.23,0.9878,,,,,-0.2097065868263474,2026-07-21T04:15:40.617924,,,False,MOMENTUM,2026-07-21T05:26:45.609102,0.9878,,,,1.1076,0.8681,0.9878,1.1076,1.2274,2026-07-21T05:22:42.852700,,,,,,2026-07-21T05:28:39.541884,0.9878,2026-07-21T05:28:33.506176,0.8681,2026-07-21T05:28:34.512063,0.8681,2026-07-21T05:28:33.506176,0.8681,2026-07-21T05:28:34.512063,0.8681,2026-07-21T05:28:33.506176,0.8681,2026-07-21T05:28:51.610830,0.8681,1.0971,trailing,129.38,1.7064,window,,1.7064,window,,1.7064,window,,0.3888,stretch,126.04,0.3888,stretch,126.04,0.7483,stretch,131.03,0.9878,stretch,143.62,0.8681,ema5_cross,145.66,0.9627,0.6106,0.3888,128.04,0.9878,129.38,0.8681,129.52,0.3888,128.04,0.3888,128.04,0.3888,128.04,0.1388,51.26,1.0971,129.38,0.38412382014421903,,False,,,,False,,,2026-07-21T04:30:40.575856,-0.3294,,,,,-0.2097,8.91,-0.09,57.75,2026-07-21T03:17:52,2026-07-21T05:26:44.828329,HARD_TP L1,TAKER_FALLBACK,TAKER,True,,3.1046,
121,,LINKUSDT,LONG,CLOSED,8.488,8.54,8.541,279.8780424367578,1.0,279.8780424367578,32.97337917492435,VERY_STRONG,0.4022,0.0947,0.1706,62.57,63.22,31.2838,32.0081,0.0108,0.0108,BULLISH,0.1385,0.0965,25.2448,24.9239,65.3,61.8,70.8,0.2287,58.6,49.0,False,False,False,False,False,False,False,False,False,False,False,False,False,False,False,False,False,UNMATCHED,,,0.5835,0.5198,66.7,23.8,84.9,-0.7243,3.0,HEALTHY_BULL,BULL_EXHAUSTED,,0.2693,32.32062945605614,20.721478176121884,0.3012,0.1922,1.6e-05,0.3004,0.2762,0.2633,0.0452,2026-07-20T15:43:17.003664,,82064830.572,22,2376.3,,False,,,,,,,279.8780424367578,82064.83057199999,False,,0.5951,,,,,,,,,0.12594511909654102,0.12671669616923426,0.25266181526577525,1.4619539018302778,0.522353911404331,0.8285308671065172,-0.09,8.566,8.488,0.0,0.5655,0.5509,2026-07-20T15:54:23.927807,,,NEVER,1,0.45,,True,,0.1889,False,,,,0.5,0.05,ADXMAX_PROBE,False,,,0,,0.0795,0.438,False,,,,,8.579,8.504,2026-07-20T16:13:49.078301,2026-07-20T16:41:28.596283,0.9821,0.0985,11.07,38.73,39.53,0.3695,0.5108,0.5933,33.93,0.3577,,,,,39.7,0.3341,,,,,False,MOMENTUM,2026-07-20T16:36:05.048313,0.4284,,,,0.6287,0.6051,0.4637,0.8054,0.4048,2026-07-20T15:47:00.591489,,,,,,2026-07-20T16:41:26.583916,0.1928,2026-07-20T16:41:26.583916,0.1928,2026-07-20T16:41:26.583916,0.1928,2026-07-20T16:41:26.583916,0.1928,2026-07-20T16:41:26.583916,0.1928,2026-07-20T16:41:27.590041,0.1692,2026-07-20T16:41:27.590041,0.1692,0.3433,trailing,5.33,0.3695,signal_lost,6.19,0.3433,trailing,5.33,0.2933,trailing,5.33,0.4755,stretch,2.1,0.4755,stretch,2.1,0.4755,stretch,2.1,0.3695,signal_lost,6.19,0.4755,ema5_cross,2.1,0.1383,0.6514,0.5108,,0.5108,,0.5108,,0.5108,,0.5108,,0.5108,,0.3433,5.33,0.3433,5.33,0.6281416778403089,atr,False,,,,False,,,,,,,,,,,0.5812,14.57,2026-07-20T15:42:51,2026-07-20T16:02:44.599740,RUNNER_TRAIL,TAKER_FALLBACK,TAKER,True,,1.462,
120,,SUIUSDT,LONG,CLOSED,0.7603,0.7638,0.7639,279.8780424367578,1.0,279.8780424367578,368.11527349303935,VERY_STRONG,0.3432,0.0736,0.1331,61.65,63.32,23.279,23.0357,0.0229,0.0229,BULLISH,0.1224,0.0965,25.2448,24.9239,65.3,61.8,70.8,0.2287,58.6,49.0,False,False,False,False,False,False,False,False,False,False,False,False,False,False,False,False,False,UNMATCHED,,,0.5835,0.6269,66.7,23.8,86.0,0.2433,4.0,HEALTHY_BULL,BULL_EXHAUSTED,,0.2693,26.544026621082907,15.44203226748321,0.3187,0.314,1.6e-05,0.506,0.2297,0.2633,0.0452,2026-07-20T15:43:18.267970,0.09405497829804917,103671312.70923,19,1174.7,,False,,,,,,,279.8780424367578,103671.31270923001,False,,0.6328,,,,,,,,,0.12594511909654102,0.12652490065229255,0.25247001974883354,1.0359334374768259,0.3701374457451084,0.6988070498487445,-0.12944035249243285,0.7663,0.7603,0.0,0.5369,0.3997,2026-07-20T15:54:24.596236,2026-07-20T15:42:44.637945,0.1018,NEVER,1,0.45,,True,,0.1185,False,,,,0.5,0.05,DEADBAND_PROBE,False,,,0,,0.0212,0.3548,False,,,,,0.7646,0.7588,2026-07-20T16:13:14.734452,2026-07-20T16:41:41.685330,0.4756,-0.2873,7.43,35.88,36.46,-0.0505,-0.0111,0.3703,35.34,0.2651,,,,,36.46,-0.0505,,,,,False,MOMENTUM,2026-07-20T16:36:06.053693,0.3572,,,,0.3177,0.2651,0.4098,0.2651,0.3572,2026-07-20T15:53:24.386652,,,,,,,,,,,,,,,,,,,,-0.0111,window,,-0.0111,window,,-0.0111,window,,-0.0111,window,,-0.0111,window,,-0.0111,window,,-0.0111,window,,-0.0111,window,,-0.0111,window,,,0.5417,-0.0111,,-0.0111,,-0.0111,,-0.0111,,-0.0111,,-0.0111,,0.1203,5.31,-0.0111,,0.5109330382719313,atr,False,,,,False,,,,,,,,,,,0.265,8.22,2026-07-20T15:42:31,2026-07-20T16:05:49.027655,RUNNER_TRAIL,TAKER_FALLBACK,TAKER,True,,1.0359,
119,,ADAUSDT,LONG,CLOSED,0.1647,0.1654,0.1655,279.8780424367578,1.0,279.8780424367578,1699.3202333743643,VERY_STRONG,0.3729,0.1014,0.156,63.15,63.9,34.4825,34.3236,0.0411,0.0411,BULLISH,0.1387,0.0965,25.2448,24.9239,65.3,61.8,70.8,0.2287,58.6,49.0,False,False,False,False,False,False,False,False,False,False,False,False,False,False,False,False,False,UNMATCHED,,,0.5835,0.6401,66.7,23.8,87.9,0.1589,3.0,HEALTHY_BULL,BULL_EXHAUSTED,,0.2693,25.345342104748507,11.777755687588996,0.3481,0.1308,1.6e-05,0.2407,0.2987,0.2633,0.0452,2026-07-20T15:43:16.880342,0.09206739526411334,122805439.6688,17,2362.3,,False,,,,,,,279.8780424367578,122805.4396688,False,,0.4361,,,,,,,,,0.12594511909654102,0.12648040497005392,0.2524255240665949,0.9370986392954235,0.33482392228292557,0.6989587128111691,-0.09,0.166,0.1647,0.0,0.6898,0.3378,2026-07-20T15:46:50.133252,,,NEVER,1,0.45,,True,,0.1825,False,,,,0.5,0.05,ADXMAX_PROBE,False,,,0,,0.2489,0.4184,False,,,,,0.1673,0.1654,2026-07-20T16:03:49.633504,2026-07-20T15:50:37.842476,1.4886,0.335,13.2,0.01,,,0.76,,30.03,0.8207,38.42,0.6386,,,,,,,,,False,MOMENTUM,2026-07-20T16:20:39.097787,0.8207,,,,0.5172,0.5779,0.9422,1.1243,0.8207,2026-07-20T15:46:21.332805,,,,,,2026-07-20T16:30:53.002820,0.8207,2026-07-20T16:25:46.951078,0.76,2026-07-20T16:25:55.013662,0.6993,2026-07-20T16:25:35.857060,0.6993,2026-07-20T16:25:39.890605,0.76,2026-07-20T16:25:42.917764,0.6993,2026-07-20T16:25:39.890605,0.76,0.7529,trailing,4.95,0.76,window,,0.76,window,,0.76,window,,0.8815,stretch,2.97,0.8815,stretch,2.97,0.8815,stretch,2.97,0.76,window,,0.8815,ema5_cross,2.97,0.1861,0.6898,0.76,,0.76,,0.76,,0.76,,0.76,,0.76,,0.7529,4.95,0.7529,4.95,0.6897744601712804,atr,False,,,,False,,,,,,,,,,,,,2026-07-20T15:42:11,2026-07-20T15:50:37.502028,RUNNER_TRAIL,TAKER_FALLBACK,TAKER,True,,0.9371,
118,,SOLUSDT,LONG,CLOSED,77.03,77.4,77.41,279.8780424367578,1.0,279.8780424367578,3.6333641754739427,VERY_STRONG,0.3217,0.0886,0.1337,63.34,62.47,27.2928,27.302,0.0589,0.0589,BULLISH,0.1193,0.0965,25.2448,24.9239,65.3,61.8,70.8,0.2287,58.6,49.0,False,False,False,False,False,False,False,False,False,False,False,False,False,False,False,False,False,UNMATCHED,,,0.5835,0.6284,66.7,23.8,89.8,-0.0092,2.0,HEALTHY_BULL,BULL_EXHAUSTED,,0.2693,25.398531807466,14.54461691828081,0.3068,0.1157,1.6e-05,0.2098,0.2814,0.2633,0.0452,2026-07-20T15:43:17.272220,,1209540579.7151,4,2135.4,,False,,,,,,,279.8780424367578,500000.0,False,,0.3913,,,,,,,,,0.12594511909654102,0.12655007423175743,0.25249519332829845,1.091849551597077,0.39011618849799373,0.7015429053615467,-0.1548805660132379,77.64,77.03,0.0,0.6958,0.2746,2026-07-20T15:47:00.653462,2026-07-20T15:41:58.844632,0.0848,NEVER,1,0.45,,True,,0.091,False,,,,0.5,0.05,DEADBAND_PROBE,False,,,0,,0.2845,0.378,False,,,,,77.87,77.39,2026-07-20T15:54:23.698180,2026-07-20T15:48:41.071013,1.0005,0.3774,5.72,0.01,,,0.624,,34.79,0.6759,39.24,0.5721,,,,,,,,,False,MOMENTUM,2026-07-20T16:20:39.097787,0.7538,,,,0.4812,0.4552,0.8966,0.7408,0.7279,2026-07-20T15:46:41.397395,,,,,,,,,,,,,,,,,,,,0.5298,trailing,7.65,0.624,window,,0.5298,trailing,7.65,0.4798,trailing,7.67,0.7279,stretch,0.51,0.7149,stretch,0.59,0.7149,stretch,0.59,0.624,window,,0.7019,ema5_cross,0.76,0.1061,0.6958,0.624,,0.624,,0.624,,0.624,,0.624,,0.624,,0.5298,7.65,0.5298,7.65,0.6957833421218956,atr,False,,,,False,,,,,,,,,,,,,2026-07-20T15:41:51,2026-07-20T15:48:40.668431,RUNNER_TRAIL,TAKER_FALLBACK,TAKER,True,,1.0918,
117,,EVAAUSDT,LONG,CLOSED,0.9646,0.9537,0.9537,280.2349421053697,1.0,280.2349421053697,290.51932625478923,VERY_STRONG,0.5726,0.1272,0.2469,55.11,50.65,22.443,23.945,0.2582,0.2589,BULLISH,0.2042,0.0399,21.3612,22.3173,58.6,57.6,44.7,0.2301,53.0,49.0,False,False,False,False,False,False,False,False,False,False,False,False,False,False,False,False,False,UNMATCHED,,,0.7783,0.6049,61.9,23.8,72.5,-1.502,5.0,HEALTHY_BULL,HEALTHY_BULL,,-0.0289,22.530843443104544,21.253712129553755,1.4672,-0.0303,1.6e-05,-0.1716,0.6343,0.2395,-0.0044,,,65021753.26792,26,290.2,,False,,,,,,,280.2349421053697,65021.75326792,False,,-0.0188,2026-07-20T15:05:53.949812,-0.6847,,,2026-07-20T15:07:37.496617,-0.9231,,,0.050442289578966557,0.12468072665213663,0.17512301623110318,-3.341783672408312,-1.1924935724652725,0.0,-1.1924935724652725,0.9647,0.9646,0.0,,,,2026-07-20T15:07:53.584480,-0.7839,ENDED_NEG,1,0.45,,True,,-0.0104,False,,,,0.5,0.05,DBDOWN_PROBE,False,-0.6847395811735439,,0,,-0.7839,0.0944,False,,,,,0.9767,0.934,2026-07-20T15:51:37.706420,2026-07-20T15:20:37.185427,1.1914,-3.2353,43.73,12.72,2.45,-2.126,0.7042,0.0,3.57,-2.4578,4.67,-2.012,,,3.57,-2.4578,,,,,False,MOMENTUM,,,,,,-0.9338,-1.1204,-1.6388,-2.7999,-0.6539,,,,,,,2026-07-20T15:52:07.445269,0.6316,2026-07-20T15:52:13.539703,0.6005,2026-07-20T15:52:13.539703,0.6005,2026-07-20T15:52:13.539703,0.6005,2026-07-20T15:52:13.539703,0.6005,2026-07-20T15:52:13.539703,0.6005,,,0.4968,ema13,43.59,0.4968,ema13,43.59,0.4968,ema13,43.59,0.4968,ema13,43.59,0.4968,ema13,43.59,0.4968,ema13,43.59,0.4968,ema13,43.59,0.4968,ema13,43.59,0.4968,ema13,43.59,1.6018,,0.4968,43.59,0.4968,43.59,0.4968,43.59,0.4968,43.59,0.4968,43.59,0.4968,43.59,-0.7,0.03,-0.7,0.03,0.25820073602376886,,False,,,,False,,,,,,,,,,,,,2026-07-20T15:05:53,2026-07-20T15:07:53.592367,STOP_LOSS_WIDE L1,MAKER,TAKER,True,,-3.3418,
116,,NEARUSDT,LONG,CLOSED,1.973,1.96,1.961,280.2349421053697,1.0,280.2349421053697,142.0349427802178,STRONG_BUY,0.1274,0.0247,0.0375,53.49,50.13,20.2966,21.7069,0.0451,0.0452,BULLISH,0.0515,0.0399,21.3612,22.3173,58.6,57.6,44.7,0.2301,53.0,49.0,False,False,False,False,False,False,False,False,False,False,False,False,False,False,False,False,False,UNMATCHED,,,0.7783,0.4949,61.9,23.8,67.6,-1.4103,3.0,HEALTHY_BULL,HEALTHY_BULL,,-0.0289,23.855011012163523,22.9366383055402,0.4801,0.302,1.6e-05,0.5073,0.1074,0.2395,-0.0044,2026-07-20T15:09:04.721401,0.0889842878864618,110074188.141,19,2104.3,,False,,,,,,,280.2349421053697,110074.188141,False,,0.2435,2026-07-20T15:05:52.196104,-0.215,2026-07-20T15:20:30.238092,-0.367,2026-07-20T15:05:52.196104,-0.215,2026-07-20T15:20:30.238092,-0.367,0.050442289578966557,0.12527481953215208,0.17571710911111865,-2.0221713652539672,-0.7215985808413644,0.24096857577293487,-0.7215985808413644,1.979,1.973,0.0,0.3145,0.0777,2026-07-20T15:09:04.721370,2026-07-20T15:37:59.315568,-0.4108,ENDED_NEG,1,0.45,,False,,-0.0507,False,,,,0.5,0.05,DBDOWN_PROBE,False,-0.21498428788647309,,0,,-0.4108,-0.1333,True,,,,,1.988,1.96,2026-07-20T16:19:09.376412,2026-07-20T15:37:59.650693,0.6973,-0.7219,41.17,0.01,,,0.6466,,,,,,,,,,-0.21498428788647309,2026-07-20T15:07:03.465488,,,False,MOMENTUM,2026-07-20T16:20:39.097787,0.6973,,,,-0.6205,-0.6712,-0.5192,0.3932,0.2411,,,,,,,,,2026-07-20T16:22:36.648982,0.5959,,,2026-07-20T16:22:36.648982,0.5959,,,,,,,0.6466,window,,0.6466,window,,0.6466,window,,0.6466,window,,0.5959,stretch,0.59,0.5959,stretch,0.59,0.5959,stretch,0.59,0.6466,window,,0.5452,ema5_cross,1.89,0.2593,,0.6466,,0.6466,,0.6466,,0.6466,,0.6466,,0.6466,,0.6466,,0.6466,,0.31452738266531455,,False,,,,False,,,,,,,,,-0.215,5.62,-0.215,11.19,2026-07-20T15:05:51,2026-07-20T15:37:59.318836,STOP_LOSS L1,MAKER,TAKER,True,,-2.0222,
115,,WLDUSDT,LONG,CLOSED,0.3687,0.3706,0.3709,280.2349421053697,1.0,280.2349421053697,760.0622243161641,STRONG_BUY,0.3182,0.077,0.1195,58.21,55.73,20.3907,20.9275,0.0537,0.0537,BULLISH,0.1171,0.0399,21.3612,22.3173,58.6,57.6,44.7,0.2301,53.0,49.0,False,False,False,False,False,False,False,False,False,False,False,False,False,False,False,False,False,UNMATCHED,,,0.7783,0.5598,61.9,23.8,72.5,-0.5368,5.0,HEALTHY_BULL,HEALTHY_BULL,,-0.0289,24.262387406855446,18.523634314484422,0.507,0.3281,1.6e-05,0.576,0.2505,0.2395,-0.0044,2026-07-20T15:08:12.782291,,138121026.7322,15,1092.1,,False,,,,,,,280.2349421053697,138121.0267322,False,,0.1298,,,,,,,,,0.050442289578966557,0.12675557714920668,0.17719786672817323,1.266920359472506,0.4520922158936689,0.9671844317873528,-0.22566069975591124,0.3725,0.3687,0.0,0.7782,0.3645,2026-07-20T15:12:17.561883,2026-07-20T15:05:54.872484,-0.1363,RECOVERED,1,0.45,,True,,-0.0271,False,,,,0.5,0.05,DBDOWN_PROBE,False,,,0,,0.0897,0.4766,False,,,,,0.3753,0.37,2026-07-20T15:34:57.496227,2026-07-20T15:21:56.070967,1.7271,0.2896,18.84,5.82,,,1.2389,,5.38,0.3981,23.19,0.6422,,,,,,,,,False,MOMENTUM,,,,,,0.3981,0.5337,0.4523,0.9948,1.1304,2026-07-20T15:10:58.183244,,,,,,2026-07-20T15:32:37.797189,0.6151,2026-07-20T15:16:28.896865,0.4252,2026-07-20T15:16:28.896865,0.4252,2026-07-20T15:16:28.896865,0.4252,2026-07-20T15:16:28.896865,0.4252,2026-07-20T15:16:28.896865,0.4252,2026-07-20T15:16:08.680221,0.5066,0.7172,trailing,7.16,0.3672,trailing,10.95,0.7172,trailing,7.16,0.6672,trailing,7.16,0.2081,stretch,3.62,0.5334,stretch,9.58,0.5876,stretch,10.2,1.2389,window,,0.3438,ema5_cross,10.95,1.0776,0.7782,0.6961,7.16,0.4521,10.26,0.8049,32.15,0.3165,3.11,0.2894,3.17,0.2081,3.62,0.7172,7.16,0.7172,7.16,0.7781872826555841,atr,False,,,,False,,,,,,,,,,,,,2026-07-20T15:05:49,2026-07-20T15:16:06.680502,RUNNER_TRAIL,MAKER,TAKER,True,,1.2669,
114,,LTCUSDT,SHORT,CLOSED,46.721000000000004,46.79,46.8,280.27633477055065,1.0,280.27633477055065,5.998936982739039,STRONG_BUY,0.2348,0.0265,0.0856,42.6,36.75,27.2515,27.0558,0.0356,0.0356,BEARISH,-0.0851,-0.0611,20.1714,19.5164,43.0,43.0,49.9,0.2244,49.3,47.4,False,False,False,False,False,False,False,False,False,False,False,False,False,True,False,False,True,W4,,,0.7577,0.6197,14.3,81.0,29.9,0.1957,3.0,HEALTHY_BEAR,HEALTHY_BEAR,,0.0085,16.324303221592977,30.180902006208775,0.3098,-0.2282,-0.000179,-0.3136,-0.0766,-0.1105,0.0033,2026-07-20T14:18:49.176617,0.08903431005330592,78523202.03,23,2384.3,,False,,,,,,,280.27633477055065,78523.20203,False,,-0.0914,2026-07-20T14:16:07.561433,-0.1465,,,2026-07-20T14:27:04.149146,-0.2108,,,0.05044974025869912,0.12631061764006182,0.17676035789876093,-0.5906870097077277,-0.21075165343206587,0.303167141114288,-0.23216493653815956,46.721000000000004,46.55,0.0,0.3056,0.0314,2026-07-20T14:18:49.189155,,,ENDED_NEG,1,0.45,,False,,-0.0021,False,,,,0.5,0.05,GMINFLAT_PROBE,False,-0.14651180411376977,,0,,-0.1467,0.0599,True,,,,,46.94,46.61,2026-07-20T14:43:35.031516,2026-07-20T14:59:02.834775,0.1746,-0.5317,31.16,15.7,0.02,-0.2107,-0.5317,0.0,0.02,-0.2107,13.3,-0.3177,,,0.02,-0.2107,,,,,False,MOMENTUM,2026-07-20T14:47:18.272443,-0.4247,,,,-0.1465,-0.2321,-0.1893,-0.4033,0.0676,,,,,,,,,,,,,,,,,,,,,-0.5317,window,,-0.5317,window,,-0.5317,window,,-0.5317,window,,-0.5317,window,,-0.5317,window,,-0.5317,window,,-0.5317,window,,-0.5317,window,,,,-0.5317,,-0.5317,,-0.5317,,-0.5317,,-0.5317,,-0.5317,,-0.5317,,-0.5317,,0.26248326311458603,,False,,,,False,,,2026-07-20T14:15:54.147482,-0.1037,2026-07-20T14:16:06.256458,-0.1251,,,-0.1465,1.11,-0.0394,14.66,2026-07-20T14:10:57,2026-07-20T14:27:52.677357,EMA13_CROSS_EXIT L1,MAKER,TAKER,True,,-0.5907,
113,,NEARUSDT,LONG,CLOSED,1.946,1.95,1.951,280.33725181235104,1.0,280.33725181235104,144.05819723142397,VERY_STRONG,0.3027,0.0754,0.1049,53.52,66.81,29.4264,30.0215,0.1843,-0.184,BULLISH,0.1563,0.1644,35.6024,35.5432,61.7,80.1,78.3,0.1852,56.3,62.0,False,False,False,False,False,False,False,False,False,False,False,True,False,False,False,False,True,W2,,,1.168,1.4829,70.7,24.4,47.1,-0.5951,3.0,STRONG_BULL,STRONG_BULL,,0.4346,30.168408546463652,19.41373216985796,0.3892,0.3109,-0.000368,0.5511,-0.004,0.1154,0.1176,2026-07-20T12:06:30.063132,0.09109301130524737,84072071.076,21,2104.2,,False,,,,,,,280.33725181235104,84072.07107600001,False,,0.3606,2026-07-20T12:04:07.725454,-0.0116,,,2026-07-20T12:20:12.018250,-0.063,,,0.05046070532622319,0.12641106807057453,0.17687177339679772,0.3993610155288987,0.1424573484069889,0.5533720452209666,-0.063,1.958,1.946,0.0,0.3322,-0.0089,2026-07-20T12:26:26.362608,,,ENDED_NEG,1,0.45,,True,,-0.0514,False,,,,0.5,0.05,GAPFLAT_PROBE,False,-0.011635662898247074,,0,,-0.145,0.0593,True,,,,,1.984,1.947,2026-07-20T12:51:45.969550,2026-07-20T12:34:13.350905,1.8897,-0.0116,21.2,3.65,,,1.4786,,,,2.35,0.1939,,,,,0.03972867420349444,2026-07-20T12:21:51.691591,,,False,MOMENTUM,2026-07-20T12:32:21.805961,0.1939,,,,0.2453,0.1425,0.3481,0.3481,1.3245,2026-07-20T12:26:21.928883,0.19382168550874182,,,,,2026-07-20T12:38:05.390674,0.2453,2026-07-20T12:34:21.439759,0.0398,2026-07-20T12:38:05.390674,0.2453,2026-07-20T12:34:21.439759,0.0398,2026-07-20T12:44:25.573962,0.2453,2026-07-20T12:30:34.468032,0.1939,2026-07-20T12:30:34.468032,0.1939,0.3034,trailing,25.68,1.2897,trailing,48.93,0.3034,trailing,25.68,0.2534,trailing,25.95,0.3993,stretch,23.26,0.3993,stretch,23.26,0.3993,stretch,23.26,1.4786,window,,0.2452,ema5_cross,25.95,1.5832,0.3322,0.3479,25.59,0.1425,26.44,1.2731,48.93,0.3993,23.09,0.3479,25.59,0.3479,25.59,0.1493,7.4,0.3034,25.68,0.3322491897521996,atr,False,,,,False,,,,,,,,,0.0397,15.53,-0.0116,16.63,2026-07-20T12:04:07,2026-07-20T12:30:33.850943,RUNNER_TRAIL,MAKER,TAKER,True,,0.3994,
112,,HYPEUSDT,LONG,CLOSED,61.022,61.314,61.3,280.33725181235104,1.0,280.33725181235104,4.594035787295582,VERY_STRONG,0.3002,0.0749,0.1142,53.7,67.73,24.47,23.8591,0.1898,-0.1895,BULLISH,0.1364,0.1644,35.6024,35.5432,61.7,80.1,78.3,0.1852,56.3,62.0,False,False,False,False,False,False,False,False,False,False,True,True,False,True,False,False,True,W1+W2+W4,,,1.168,1.5614,70.7,24.4,50.5,0.6109,4.0,STRONG_BULL,HEALTHY_BULL,,0.4346,32.003665423342085,16.335884018930503,0.2897,0.2228,-0.000368,0.3854,-0.0006,0.1154,0.1176,2026-07-20T12:09:01.871749,0.09916356396054496,286729473.46666,9,416.1,,False,,,,,,,280.33725181235104,286729.47346666,False,,0.3458,2026-07-20T12:04:05.298887,-0.235,,,2026-07-20T12:04:05.298887,-0.235,,,0.05046070532622319,0.1267554196180086,0.17721612494423178,1.1642423249460854,0.415300612893713,0.4202146602864569,-0.23662967454360992,61.317,61.022,0.0,0.3238,0.1205,2026-07-20T12:48:10.069154,2026-07-20T12:04:05.729730,-0.3658,RECOVERED,1,0.45,,True,,-0.0016,False,,,,0.5,0.05,GAPFLAT_PROBE,False,-0.2349916587460209,,0,,0.3189,0.1205,True,,,,,,,,,,,,,,,,,,,,,,,,,-0.058085952607256214,2026-07-20T12:16:38.044579,,,False,MOMENTUM,,,,,,,,,,,,,,,,,,,,,,,,,,,,,,,,,,,,,,,,,,,,,,,,,,,,,,,,,,,,,,,,,,,,,,,,,,,,0.3221404185221376,,False,,,,False,,,2026-07-20T12:32:21.801397,-0.099,2026-07-20T12:35:41.517666,0.2449,,,-0.0024,2.25,-0.1236,8.9,2026-07-20T12:04:05,2026-07-20T12:48:25.427927,MANUAL,MAKER,TAKER,True,,1.1642,
111,,1000XECUSDT,SHORT,CLOSED,0.007766,0.007836,0.007814,280.33725181235104,1.0,280.33725181235104,36098.023668857975,STRONG_BUY,0.6621,0.1831,0.2298,30.69,32.39,23.0604,21.7086,0.2313,-0.2308,BEARISH,-0.2872,0.2022,35.3172,32.8762,77.0,79.1,55.4,0.1579,61.2,46.8,False,False,False,False,False,False,False,False,False,False,True,False,False,False,False,True,True,W1,,,0.871,0.9067,73.2,24.4,20.4,1.3518,2.0,BULL_EXHAUSTED,STRONG_BULL,,0.4278,12.323974077296162,29.194589677692573,0.6291,-0.5053,-0.000368,-0.883,-0.6423,0.401,0.0294,2026-07-20T12:03:21.751535,0.09035410764872683,49637655.298352,35,1768.2,,False,,,,,,,280.33725181235104,49637.655298352,False,,0.4331,2026-07-20T12:12:43.260345,-0.5151,,,2026-07-20T12:13:35.342435,-0.747,,,0.12615176331555797,0.12728885106112697,0.25344061437668497,-2.7803022711967027,-0.9917705382436116,0.23206090651558997,-0.9917705382436116,0.007766,0.007741,0.0,0.4158,-0.3113,2026-07-20T12:03:21.758938,2026-07-20T12:14:00.491997,-0.6985,ENDED_NEG,1,0.45,,True,,-0.0902,False,,,,0.5,0.05,RSIADX_PROBE,False,-0.5151203966005671,,0,,-0.6985,-0.0259,True,,,,,0.007836,0.0077,2026-07-20T12:14:00.831078,2026-07-20T12:41:16.792471,0.7599,-0.9914,27.27,0.0,1.18,-0.824,0.219,0.0,0.01,-0.8368,2.3,-0.8884,,,2.3,-0.8884,,,,,False,MOMENTUM,,,,,,-0.8368,-0.927,-0.927,-0.3604,0.4766,,,,,2026-07-20T11:57:22.431870,-0.09,2026-07-20T12:44:15.465662,0.1418,2026-07-20T12:38:45.835173,0.3864,2026-07-20T12:44:15.465662,0.1418,2026-07-20T12:44:15.465662,0.1418,2026-07-20T12:44:15.465662,0.1418,2026-07-20T12:44:15.465662,0.1418,2026-07-20T12:44:15.465662,0.1418,0.4637,ema13,39.49,0.4637,ema13,39.49,0.4637,ema13,39.49,0.4637,ema13,39.49,0.4637,ema13,39.49,0.4637,ema13,39.49,0.4637,ema13,39.49,0.4637,ema13,39.49,0.4637,ema13,39.49,0.8079,,0.4637,39.49,0.4637,39.49,0.4637,39.49,0.4637,39.49,0.4637,39.49,0.4637,39.49,-0.7,16.2,-0.7,16.2,0.43718019507651384,,False,,,,False,,,,,,,,,-0.3734,14.53,-0.1286,3.36,2026-07-20T11:57:21,2026-07-20T12:14:00.494739,STOP_LOSS_WIDE L1,TAKER_FALLBACK,TAKER,True,,-2.7803,
110,,SUIUSDT,SHORT,CLOSED,0.7399,0.7419,0.7418,281.44486671345174,1.0,281.44486671345174,380.38230397817506,STRONG_BUY,0.3282,0.1219,0.1287,35.08,40.29,29.7674,29.1759,0.1592,-0.1589,BEARISH,-0.1381,-0.0391,22.2049,22.91,41.7,42.8,33.5,0.1497,38.3,39.2,False,False,False,False,False,False,False,False,False,False,False,True,False,False,False,False,True,,,,0.5277,0.784,28.6,54.8,11.3,0.5915,3.0,HEALTHY_BEAR,CHOPPY_WEAK,,-0.1767,12.770911326890952,28.06798382596013,0.2679,-0.0834,5e-05,-0.2139,-0.409,-0.1069,-0.1568,,,80247948.44029,20,1174.4,,False,,,,,,,281.44486671345174,80247.94844029001,False,,-0.0321,2026-07-20T09:23:15.173493,-0.374,,,2026-07-20T09:51:08.237667,-0.3469,,,0.05066007600842132,0.12699253409463362,0.17765261010305494,-0.9384172180594057,-0.33342843627517255,0.0,-0.37399270171644394,0.7399,0.7398,0.0,,,,2026-07-20T09:23:15.178252,-0.1656,ENDED_NEG,1,0.45,,False,,-0.0135,False,,,,0.5,0.05,RSIADX_PROBE,False,-0.37399270171644394,,0,,-0.0971,0.047,True,,,,,0.7461,0.7412,2026-07-20T10:29:43.928027,2026-07-20T10:01:11.938687,-0.2387,-0.901,9.47,38.0,0.02,-0.3333,-0.8334,0.0,19.95,-0.4279,13.28,-0.3468,,,0.02,-0.3333,,,,,False,MOMENTUM,2026-07-20T09:51:44.793918,-0.3333,,,,-0.3603,-0.3468,-0.3468,-0.2928,-0.536,,,,,2026-07-20T09:30:06.687619,-0.1306,,,,,,,,,,,,,,,-0.8334,window,,-0.8334,window,,-0.8334,window,,-0.8334,window,,-0.8334,window,,-0.8334,window,,-0.8334,window,,-0.8334,window,,-0.8334,window,,,,-0.8334,,-0.8334,,-0.8334,,-0.8334,,-0.8334,,-0.8334,,-0.7,78.15,-0.7,78.15,0.15461189888456098,,False,,,,False,,,2026-07-20T09:15:40.667878,-0.2253,,,2026-07-20T09:30:06.687430,-0.1306,-0.1576,20.05,-0.3334,16.71,2026-07-20T09:06:12,2026-07-20T09:51:43.432677,EMA13_CROSS_EXIT L1,MAKER,TAKER,True,,-0.9384,
109,,ONDOUSDT,SHORT,CLOSED,0.3403,0.3423,0.3422,281.4448667134518,1.0,281.4448667134518,827.0492703892207,STRONG_BUY,0.2118,0.0738,0.0781,38.59,39.39,27.7763,26.7248,0.1256,-0.1255,BEARISH,-0.0979,-0.0432,22.9369,23.8305,42.9,44.4,49.9,0.1593,38.7,39.2,False,False,False,False,False,False,False,False,False,False,False,True,False,False,False,False,True,,,,0.6772,0.7347,28.6,54.8,15.8,1.0515,2.0,HEALTHY_BEAR,CHOPPY_FLAT,,-0.1724,9.221551352550245,22.2756149070055,0.3244,-0.1577,5e-05,-0.2897,-0.2771,-0.0967,-0.1541,,,54724127.46716,28,911.8,,False,,,,,,,281.4448667134518,54724.127467160004,False,,-0.151,2026-07-20T09:08:44.996056,-0.3546,2026-07-20T09:15:07.962033,-0.531,2026-07-20T09:08:54.326971,-0.4134,,,0.1266501900210533,0.12739453436440362,0.2540447243854569,-1.9081432651638999,-0.6779811930649433,0.0,-0.707380252718187,0.3403,0.3401,0.0,,,,2026-07-20T09:15:39.133829,-0.3967,ENDED_NEG,1,0.45,,False,,0.0,False,,,,0.5,0.05,RSIADX_PROBE,False,-0.35459153687922773,,0,,-0.2418,0.2279,True,,,,,0.346,0.3422,2026-07-20T09:59:17.877011,2026-07-20T09:16:25.591386,-0.6483,-1.765,0.01,42.88,0.01,-0.6483,-1.383,0.0,0.01,-0.6483,12.04,-1.2067,,,0.01,-0.6483,,,,,False,MOMENTUM,2026-07-20T09:16:25.591386,-0.6483,,,,-0.7953,-0.7953,-0.7365,-1.4124,-1.4711,,,,,,,,,,,,,,,,,,,,,-1.383,window,,-1.383,window,,-1.383,window,,-1.383,window,,-1.383,window,,-1.383,window,,-1.383,window,,-1.383,window,,-1.383,window,,,,-1.383,,-1.383,,-1.383,,-1.383,,-1.383,,-1.383,,-0.7,10.72,-0.7,10.72,0.18448871390182017,,False,,,,False,,,2026-07-20T09:15:40.665071,-0.678,,,,,-0.4134,5.76,-0.3252,4.65,2026-07-20T09:04:55,2026-07-20T09:16:24.838155,EMA13_CROSS_EXIT L1,TAKER_FALLBACK,TAKER,True,,-1.9081,
108,,JTOUSDT,SHORT,CLOSED,0.5875,0.593,0.5929,281.4448667134518,1.0,281.4448667134518,479.0550922782158,STRONG_BUY,0.7973,0.2635,0.3,35.99,39.34,27.7033,25.9254,0.281,-0.2802,BEARISH,-0.3301,-0.0469,23.7775,24.6188,42.9,40.8,54.6,0.1623,38.8,44.1,False,False,False,False,False,False,False,False,False,False,True,True,False,True,False,False,True,W1+W2+W1+W4,,,0.6292,0.9549,28.6,52.4,25.2,1.7779,2.0,HEALTHY_BEAR,CHOPPY_FLAT,,-0.1747,10.453180063085627,32.05275148801234,0.6341,-0.3129,5e-05,-0.6126,-0.8413,-0.1032,-0.1924,2026-07-20T09:05:34.752063,0.09026042553191692,28358711.0196,48,955.0,,False,,,,,,,281.4448667134518,28358.7110196,False,,-0.1637,2026-07-20T09:16:29.856102,-0.659,,,2026-07-20T09:19:04.764924,-0.8804,,,0.050660076008421324,0.12783585137444187,0.17849592738286318,-2.8132989349130257,-0.9995914893616934,0.22649191489362294,-0.9995914893616934,0.5875,0.5858,0.0,0.4894,-0.4241,2026-07-20T09:05:35.191803,2026-07-20T09:20:19.732334,-0.4915,ENDED_NEG,1,0.45,,True,,-0.017,False,,,,0.5,0.05,RSIADX_PROBE,False,-0.6590127659574379,,0,,-0.4915,0.2347,True,,,,,0.5978,0.591,2026-07-20T10:02:31.007301,2026-07-20T09:24:51.731977,-0.6587,-1.8162,4.53,42.18,0.36,-1.0332,-1.6119,0.0,0.36,-1.0332,16.99,-1.0843,,,0.36,-1.0332,,,,,True,MOMENTUM,2026-07-20T09:20:20.233369,-0.9992,,,,-1.0502,-1.0332,-0.7098,-0.9992,-1.3396,,,,,,,,,,,,,,,,,,,,,-1.6119,window,,-1.6119,window,,-1.6119,window,,-1.6119,window,,-1.6119,window,,-1.6119,window,,-1.6119,window,,-1.6119,window,,-1.6119,window,,,,-1.6119,,-1.6119,,-1.6119,,-1.6119,,-1.6119,,-1.6119,,-0.7,19.7,-0.7,19.7,0.4894056245784163,,False,,,,False,,,2026-07-20T09:15:40.662806,-0.5398,,,,,-0.1652,5.58,-0.7101,20.56,2026-07-20T08:56:47,2026-07-20T09:20:19.734565,STOP_LOSS_WIDE L1,MAKER,TAKER,True,,-2.8133,
107,,AAVEUSDT,LONG,CLOSED,90.35900000000001,89.73,89.73,281.9988108330264,1.0,281.9988108330264,3.1208713114689894,VERY_STRONG,0.2394,0.0379,0.0837,63.86,57.52,23.8374,23.5517,0.088,0.0881,BULLISH,0.0841,0.0547,27.1042,27.8532,62.9,62.0,58.5,0.1468,45.4,44.1,False,False,False,False,False,False,False,False,False,False,False,False,False,False,False,False,False,UNMATCHED,,,0.7917,0.5944,71.4,21.4,84.3,0.2857,2.0,HEALTHY_BULL,CHOPPY_FLAT,,-0.0818,28.00804259225779,15.90863025265822,0.2564,0.3094,2.1e-05,0.3926,0.2098,0.1481,-0.1514,,,39828180.502,37,2103.1,,False,,,,,,,281.9988108330264,39828.180501999996,False,,-0.0964,2026-07-20T08:18:01.971017,-0.2721,,,2026-07-20T08:36:35.756021,-0.3274,,,0.050759785949944757,0.12601610225015059,0.17677588820009535,-2.1398039431141047,-0.7587989242908895,0.0,-0.8583567989907017,90.4,90.35900000000001,0.0,,,,2026-07-20T08:37:37.049691,-0.6958,ENDED_NEG,1,0.45,,False,,-0.0011,False,,,,0.5,0.05,GAPMIN_PROBE,False,-0.2720715368696059,,0,,-0.4574,-0.1022,True,,,,,90.2,89.7,2026-07-20T09:19:25.924341,2026-07-20T08:37:56.173538,-0.239,-0.7923,41.75,0.25,0.0,-0.7591,-0.3496,0.0,3.33,-0.4714,7.79,-0.6042,,,0.0,-0.7591,,,,,False,MOMENTUM,2026-07-20T08:37:40.914939,-0.7591,,,,-0.5599,-0.4824,-0.5267,-0.5046,-0.6374,,,,,,,,,,,,,,,,,,,,,-0.3496,window,,-0.3496,window,,-0.3496,window,,-0.3496,window,,-0.3496,window,,-0.3496,window,,-0.3496,window,,-0.3496,window,,-0.3496,window,,,,-0.3496,,-0.3496,,-0.3496,,-0.3496,,-0.3496,,-0.3496,,-0.7,20.01,-0.7,20.01,0.18926104058096294,,False,,,,False,,,2026-07-20T08:33:45.222173,-0.1061,,,,,-0.2057,3.4,,,2026-07-20T08:17:33,2026-07-20T08:37:40.576508,STOP_LOSS L1,MAKER,TAKER,True,,-2.1398,
106,,ONDOUSDT,LONG,CLOSED,0.343,0.3408,0.341,281.99881083302654,1.0,281.99881083302654,822.153967443226,VERY_STRONG,0.1534,0.0516,0.0656,59.32,50.74,22.6878,24.3776,0.1168,0.117,BULLISH,0.0539,0.0547,27.1042,27.8532,62.9,62.0,58.5,0.1468,45.4,44.1,False,False,False,False,False,False,False,False,False,False,False,False,False,False,False,False,False,UNMATCHED,,,0.7917,0.5928,71.4,21.4,89.7,-1.6897,3.0,HEALTHY_BULL,CHOPPY_FLAT,,-0.0818,17.053896923467065,16.8096382220625,0.3189,-0.069,2.1e-05,-0.1333,0.2344,0.1481,-0.1514,,,57879256.5345,25,911.8,,False,,,,,,,281.99881083302654,57879.256534500004,False,,-0.0964,2026-07-20T08:19:14.004727,-0.2961,2026-07-20T08:34:31.597926,-0.6167,2026-07-20T08:19:59.709766,-0.3544,,,0.05075978594994478,0.1260855324470931,0.17684531839703788,-1.9855840467721642,-0.7041107871720219,0.0,-0.7041107871720219,0.343,0.343,0.0,,,,2026-07-20T08:37:06.992564,-0.3558,ENDED_NEG,1,0.45,,False,,-0.0291,False,,,,0.5,0.05,GAPMIN_PROBE,False,-0.29613119533528365,,0,,-0.3558,-0.1001,True,,,,,0.3429,0.3398,2026-07-20T09:22:03.027193,2026-07-20T08:37:35.281188,-0.0922,-0.9959,44.93,0.47,0.0,-0.6461,-0.0922,0.0,0.56,-0.9959,18.39,-0.7919,,,0.0,-0.6461,-0.41269679300292544,2026-07-20T08:21:00.723528,,,False,MOMENTUM,2026-07-20T08:37:07.491914,-0.6461,,,,-0.9959,-0.7336,-0.442,-0.6752,-0.7336,,,,,,,,,,,,,,,,,,,,,-0.0922,window,,-0.0922,window,,-0.0922,window,,-0.0922,window,,-0.0922,window,,-0.0922,window,,-0.0922,window,,-0.0922,window,,-0.0922,window,,,,-0.0922,,-0.0922,,-0.0922,,-0.0922,,-0.0922,,-0.0922,,-0.7,19.58,-0.7,19.58,0.09097788478912187,,False,,,,False,,,2026-07-20T08:33:45.220502,-0.5584,,,,,-0.4127,3.43,-0.4127,3.43,2026-07-20T08:17:31,2026-07-20T08:37:06.995092,STOP_LOSS L1,MAKER,TAKER,True,,-1.9856,
105,,1000XECUSDT,SHORT,CLOSED,0.007874,0.007845,0.007845,281.846002056178,1.0,281.846002056178,35794.5138501623,STRONG_BUY,0.2116,0.0353,0.0578,39.3,48.65,23.6636,23.1831,0.3096,-0.3087,BEARISH,-0.0613,0.0614,31.0267,32.9167,60.1,62.2,53.3,0.1548,43.4,31.1,False,False,False,False,False,False,False,False,False,False,False,False,False,True,False,False,True,W4,,,1.0604,0.5479,76.2,19.0,32.4,0.4805,2.0,STRONG_BULL,STRONG_BULL,,-0.186,16.82483137868879,31.184468055889102,0.5923,-0.4281,2.1e-05,-0.5986,-0.4015,0.1694,-0.2013,2026-07-20T08:01:15.126970,,56493207.318779,27,1768.0,,False,,,,,,,281.846002056178,56493.207318779,False,,-0.1487,,,,,,,,,0.1268307009252801,0.12636358251953544,0.25319428344481554,0.7848466182099358,0.2784664719329597,0.4817583185166577,-0.25517462534923946,0.007874,0.007829,0.0,0.6105,-0.3112,2026-07-20T08:02:07.392438,2026-07-20T08:01:10.564749,0.0553,NEVER,1,0.45,,True,,-0.089,False,,,,0.5,0.05,RSIADX_PROBE,False,,,0,,0.3501,-0.3664,False,,,,,0.008054,0.007825,2026-07-20T08:47:46.193144,2026-07-20T08:05:50.183885,0.5323,-2.376,3.07,45.01,11.16,-0.5218,-2.376,0.5323,7.83,0.0624,13.4,-0.7123,,,13.4,-0.7123,,,,,False,MOMENTUM,,,,,,0.4307,0.4307,0.2021,-0.725,-0.4075,,,,,2026-07-20T08:00:31.454101,-0.09,2026-07-20T08:06:15.970199,0.1005,2026-07-20T08:02:53.941398,0.291,2026-07-20T08:06:15.970199,0.1005,2026-07-20T08:06:15.970199,0.1005,2026-07-20T08:06:15.970199,0.1005,2026-07-20T08:06:15.970199,0.1005,2026-07-20T08:06:15.970199,0.1005,0.2823,trailing,5.67,-0.0677,trailing,10.29,0.2823,trailing,5.67,0.2323,trailing,5.67,0.3799,stretch,5.65,-0.0519,stretch,5.67,-0.0519,stretch,5.67,-0.5218,signal_lost,13.35,-0.0519,ema5_cross,5.67,0.6151,0.6105,-0.0519,5.67,-0.1154,10.29,-0.3567,12.51,0.342,1.36,0.3039,2.07,-0.0519,5.67,0.2823,5.67,0.2823,5.67,0.7064809838487826,,False,,,,False,,,,,,,,,,,,,2026-07-20T08:00:31,2026-07-20T08:02:45.456477,RUNNER_TRAIL L1,TAKER_FALLBACK,TAKER,True,,0.7848,
104,,SKLUSDT,LONG,CLOSED,0.004024,0.004031,0.004034,281.7069417316028,1.0,281.7069417316028,70006.6952613327,STRONG_BUY,0.3133,0.1145,0.1419,59.8,55.66,19.8666,20.5555,0.1729,0.1732,BULLISH,0.1189,0.0566,32.637,34.9815,60.1,58.5,49.5,0.1552,43.0,31.1,False,False,False,False,False,False,False,False,False,False,False,False,False,False,False,False,False,UNMATCHED,,,1.0747,0.8506,71.4,21.4,84.3,-0.6889,3.0,STRONG_BULL,STRONG_BULL,,-0.2172,23.970314184299472,19.25402113546856,0.4706,-0.2334,2.1e-05,-0.3781,0.4302,0.1834,-0.2034,2026-07-20T07:56:04.200772,0.0838779821073574,29807586.610172,45,2156.0,,False,,,,,,,281.7069417316028,29807.586610172002,False,,-0.129,,,,,,,,,0.12676812377922125,0.12698864486929443,0.2537567686485157,0.23629009818081753,0.0838779821073574,0.5558325049701786,-0.288717693836983,0.00405,0.004024,0.0,0.446,0.2456,2026-07-20T08:08:14.444644,2026-07-20T08:00:08.878110,-0.2495,ENDED_NEG,1,0.45,,True,,-0.1489,False,,,,0.5,0.05,GAPFLAT_PROBE,False,,,0,,-0.0563,0.2786,True,,,,,0.004031,0.003964,2026-07-20T08:10:30.883916,2026-07-20T08:37:56.173538,0.084,-1.5811,0.0,27.42,2.3,-0.3634,-0.761,0.084,5.65,-0.3882,2.3,-0.3634,,,10.44,-0.6119,,,,,False,MOMENTUM,2026-07-20T08:33:45.225842,-0.9598,,,,-0.09,-0.3634,-0.4131,-0.6616,-1.3077,2026-07-20T08:08:14.442978,0.18323682902585964,,,,,,,,,,,2026-07-20T08:10:32.248632,0.084,,,2026-07-20T08:10:32.248632,0.084,2026-07-20T08:10:33.265074,0.084,0.3058,trailing,14.72,-0.0442,trailing,17.58,0.3058,trailing,14.72,0.2558,trailing,15.99,0.3074,stretch,14.72,0.2826,stretch,14.72,0.3323,stretch,15.42,-0.3634,signal_lost,19.3,0.1336,ema5_cross,16.99,0.446,0.446,0.3074,14.72,0.0839,16.99,-0.1894,18.28,0.4068,14.72,0.3571,14.72,0.3074,14.72,0.1816,3.59,0.1816,3.59,0.526879745843273,lock,False,,,,False,,,,,,,,,,,,,2026-07-20T07:53:29,2026-07-20T08:10:30.548521,RUNNER_TRAIL,TAKER_FALLBACK,TAKER,True,,0.2363,
103,,AVAXUSDT,LONG,CLOSED,6.534,6.493,6.502,281.7069417316028,1.0,281.7069417316028,43.114010059933086,VERY_STRONG,0.2956,0.0929,0.1248,64.37,61.05,25.7604,27.0426,0.1136,0.1137,BULLISH,0.1169,0.0566,32.637,34.9815,60.1,58.5,49.5,0.1552,43.0,31.1,False,False,False,False,False,False,False,False,False,False,False,False,False,False,False,False,False,UNMATCHED,,,1.0747,0.7986,71.4,21.4,94.1,-1.2822,2.0,STRONG_BULL,CHOPPY_FLAT,,-0.2172,23.19649846914869,19.33007138426042,0.2655,-0.0031,2.1e-05,0.0042,0.3318,0.1834,-0.2034,2026-07-20T08:03:49.918679,0.0899767370676429,71845740.597,22,2126.0,,False,,,,,,,281.7069417316028,71845.74059700001,False,,-0.0964,2026-07-20T08:24:59.055866,-0.0936,2026-07-20T08:34:23.566574,-0.3078,2026-07-20T08:25:03.769560,-0.2007,,,0.05070724951168851,0.12597267029361547,0.17667991980530398,-1.944354332262538,-0.6902046219773412,0.3347395163758769,-0.6902046219773412,6.56,6.534,0.0,0.2093,0.1162,2026-07-20T08:16:48.966641,2026-07-20T08:37:34.938479,-0.5599,ENDED_NEG,1,0.45,,False,,-0.0153,False,,,,0.5,0.05,RSIADX_PROBE,False,-0.09359534741352586,,0,,-0.5599,-0.1641,True,,,,,6.518,6.488,2026-07-20T08:50:47.401285,2026-07-20T08:37:57.203064,-0.3079,-0.767,13.2,0.37,0.02,-0.7058,-0.3691,0.0,0.09,-0.7211,17.92,-0.4303,,,0.02,-0.7058,-0.20067906336087318,2026-07-20T08:30:59.717219,,,False,MOMENTUM,2026-07-20T08:37:36.479978,-0.7058,,,,-0.5681,-0.5068,-0.5374,-0.4303,-0.5374,,,,,,,,,,,,,,,,,,,,,-0.3691,window,,-0.3691,window,,-0.3691,window,,-0.3691,window,,-0.3691,window,,-0.3691,window,,-0.3691,window,,-0.3691,window,,-0.3691,window,,,,-0.3691,,-0.3691,,-0.3691,,-0.3691,,-0.3691,,-0.3691,,-0.7,44.45,-0.7,44.45,0.2796939826255103,,False,,,,False,,,2026-07-20T08:33:45.217691,-0.2772,,,,,-0.1089,17.45,0.0594,15.23,2026-07-20T07:53:08,2026-07-20T08:37:34.940927,STOP_LOSS L1,MAKER,TAKER,True,,-1.9444,
102,,HYPEUSDT,LONG,CLOSED,60.755,60.774,60.774,281.7069417316028,1.0,281.7069417316028,4.6367696770899975,VERY_STRONG,0.3591,0.0879,0.1385,64.69,73.22,23.7075,23.2545,0.0072,-0.0072,BULLISH,0.148,0.0566,32.637,34.9815,60.1,58.5,49.5,0.1552,43.0,31.1,False,False,False,False,False,False,False,False,False,False,False,False,False,False,False,False,False,UNMATCHED,,,1.0747,0.9895,71.4,21.4,82.8,0.453,4.0,STRONG_BULL,HEALTHY_BULL,,-0.2172,25.590574174803198,13.902265976020109,0.2506,0.1813,2.1e-05,0.2931,0.2192,0.1834,-0.2034,2026-07-20T08:03:49.815303,0.09919965434942786,283864749.96554,8,415.9,,False,,,,,,,281.7069417316028,283864.74996554,False,,0.0797,2026-07-20T08:17:54.495753,-0.2085,2026-07-20T08:33:45.179026,-0.4092,2026-07-20T08:29:25.388250,-0.3187,2026-07-20T08:40:45.557377,-0.4816,0.12676812377922125,0.12680776815996037,0.2535758919391816,-0.16547726807447932,-0.05874092667270455,0.2225907332729779,-0.6411468191918375,60.945,60.755,0.0,0.2464,0.1122,2026-07-20T08:03:57.903129,2026-07-20T09:06:39.370742,-0.1952,RECOVERED,1,0.45,,False,,0.0576,False,,,,0.5,0.05,GAPFLAT_PROBE,False,-0.20845543576660805,,0,,0.0327,-0.0606,True,,,,,61.288,60.6,2026-07-20T11:38:01.647140,2026-07-20T11:26:38.401056,0.7873,-0.3451,44.92,33.53,0.0,-0.0587,0.7692,0.0,24.08,-0.1361,5.24,-0.1246,,,2.57,-0.0702,-0.26603793926425695,2026-07-20T08:22:03.908774,,,False,MOMENTUM,2026-07-20T11:25:28.054523,-0.3023,,,,-0.0159,-0.011,-0.1032,0.0565,-0.2925,,,,,2026-07-20T08:38:13.541177,-0.6132,,,,,,,,,,,,,,,0.4713,ema13,221.28,0.4713,ema13,221.28,0.4713,ema13,221.28,0.4713,ema13,221.28,0.4713,ema13,221.28,0.4713,ema13,221.28,0.4713,ema13,221.28,0.4713,ema13,221.28,0.4713,ema13,221.28,0.5885,,0.4713,221.28,0.4713,221.28,0.4713,221.28,0.4713,221.28,0.4713,221.28,0.4713,221.28,0.3692,220.01,0.417,221.2,0.3404396864175962,,False,,,,False,,,2026-07-20T08:33:45.214399,-0.4092,2026-07-20T09:30:06.680822,-0.062,2026-07-20T08:38:13.540994,-0.6132,-0.09,0.03,-0.1739,14.11,2026-07-20T07:53:06,2026-07-20T10:53:06.003938,NO_EXPANSION,TAKER_FALLBACK,TAKER,True,,-0.1655,
101,,DEXEUSDT,SHORT,CLOSED,34.641,34.47,34.47,281.7069417316028,1.0,281.7069417316028,8.132182723697435,STRONG_BUY,0.5018,0.15,0.1839,27.07,37.13,28.7064,26.7989,0.3326,-0.3315,BEARISH,-0.2094,0.0412,35.0187,37.5456,58.0,58.3,36.7,0.1614,42.1,31.1,False,False,False,False,False,False,False,False,False,False,True,False,False,False,False,True,True,W1,,,0.8998,0.8194,71.4,23.8,4.1,1.9075,2.0,STRONG_BULL,STRONG_BULL,,-0.2532,11.184682704666361,36.92509165271627,0.3391,-0.1992,2.1e-05,-0.3086,-0.6641,0.1717,-0.2075,2026-07-20T07:54:24.671222,,26391349.18825,49,572.8,,False,,,,,,,281.7069417316028,26391.349188250002,False,,-0.186,,,,,,,,,0.05070724951168851,0.12614235231863274,0.17684960183032125,1.213753643921935,0.4308568459340071,3.636594266909151,-0.11787298288155179,34.641,33.36,0.0,3.9673,-0.55,2026-07-20T07:55:20.637668,2026-07-20T07:50:05.285690,0.2651,NEVER,1,0.45,,True,,-0.0029,False,,,,0.5,0.05,SLOPEGATE_PROBE,False,,,0,,0.3259,-0.6666,False,,,,,35.54,34.33,2026-07-20T08:32:10.169306,2026-07-20T08:00:43.673007,0.8348,-2.6582,0.58,32.02,23.03,-0.6663,0.2286,0.8348,9.32,0.1708,17.42,-0.2622,,,23.03,-0.6663,,,,,False,MOMENTUM,,,,,,0.344,0.1708,0.2286,-0.1178,-1.9076,2026-07-20T07:55:20.535526,,2026-07-20T07:55:20.573799,0.4597373632400837,2026-07-20T07:47:14.559982,-0.063,2026-07-20T08:00:59.942031,0.4018,2026-07-20T08:00:59.942031,0.4018,2026-07-20T08:01:02.488384,0.3729,2026-07-20T08:01:02.488384,0.3729,2026-07-20T08:01:03.567673,0.344,2026-07-20T08:00:13.152316,0.5172,2026-07-20T08:01:03.567673,0.344,3.3866,trailing,8.06,3.0366,trailing,8.06,2.8366,trailing,8.06,2.6366,trailing,8.06,0.4597,stretch,8.06,0.4597,stretch,8.06,0.4597,stretch,8.06,-0.7,hard_sl,35.69,-0.0024,ema5_cross,14.32,3.9673,3.9673,0.4597,8.06,0.4597,8.06,0.4597,8.06,0.4597,8.06,0.4597,8.06,0.4597,8.06,3.3866,8.06,3.3866,8.06,0.7362305142591623,,False,,,,False,,,,,,,,,,,,,2026-07-20T07:47:13,2026-07-20T08:00:08.583106,RUNNER_TRAIL L1,MAKER,TAKER,True,,1.2138,
100,,1000BONKUSDT,SHORT,CLOSED,0.002786,0.002793,0.002793,281.4813621614213,1.0,281.4813621614213,101034.2290600938,STRONG_BUY,0.2963,0.0956,0.0986,41.45,37.26,21.5935,20.5438,0.0629,-0.0629,BEARISH,-0.1523,-0.0683,23.1558,22.6282,42.8,43.0,57.2,0.1868,53.4,50.5,False,False,False,False,False,False,False,False,False,False,False,False,False,True,False,False,True,W4,,,0.6642,0.9568,38.1,52.4,34.0,1.0497,2.0,HEALTHY_BEAR,HEALTHY_BULL,,0.0465,14.032708140354597,29.30438611677423,0.5,-0.2148,3.6e-05,-0.472,-0.2569,-0.1561,0.0357,,,42128318.302948,32,970.5,,False,,,,,,,281.4813621614213,42128.318302948,False,,0.1434,2026-07-20T01:08:14.114203,-0.2336,,,2026-07-20T01:09:49.360679,-0.3414,,,0.1266666129726396,0.1269848707941789,0.25365148376681845,-0.9608910871874813,-0.34136934673367053,0.017729720028713737,-0.556828786791098,0.002786,0.002783,0.0,0.027,-0.293,2026-07-20T01:06:33.850450,2026-07-20T01:10:04.422493,-0.4496,ENDED_NEG,1,0.45,,False,,-0.1438,False,,,,0.5,0.05,RSIADX_PROBE,False,-0.2336396267049568,,0,,-0.0537,0.1634,True,,,,,0.002795,0.002736,2026-07-20T01:11:01.536716,2026-07-20T01:52:44.392376,1.7047,-0.413,41.87,0.15,0.02,-0.3413,1.7047,0.0,15.69,0.3407,13.46,0.4484,,,0.02,-0.3413,,,,,True,MOMENTUM,2026-07-20T01:10:53.300275,-0.3413,,,,-0.1618,-0.1259,0.0895,0.3766,0.6997,,,,,2026-07-20T01:10:17.174517,-0.5209,2026-07-20T01:19:21.660112,0.3048,2026-07-20T01:19:35.841336,0.3766,2026-07-20T01:24:37.875596,0.2689,2026-07-20T01:22:14.467962,0.5202,2026-07-20T01:24:35.850540,0.3048,2026-07-20T01:22:14.467962,0.5202,2026-07-20T01:22:44.851924,0.4843,0.4843,ema13,12.19,0.4843,ema13,12.19,0.4843,ema13,12.19,0.4843,ema13,12.19,0.4843,ema13,12.19,0.4843,ema13,12.19,0.4843,ema13,12.19,0.4843,ema13,12.19,0.4843,ema13,12.19,0.8767,,0.4843,12.19,0.4843,12.19,0.4843,12.19,0.4843,12.19,0.4843,12.19,0.4843,12.19,0.3766,11.84,0.4484,12.18,0.026954063593514533,,False,,,,False,,,,,,,,,-0.09,0.01,-0.3414,4.47,2026-07-20T01:06:23,2026-07-20T01:10:51.912756,EMA13_CROSS_EXIT L1,TAKER_FALLBACK,TAKER,True,,-0.9609,
99,,KAITOUSDT,LONG,CLOSED,0.9534,0.968,0.9689,281.4813621614213,1.0,281.4813621614213,295.239523978835,VERY_STRONG,0.4812,0.0673,0.1883,58.48,64.18,27.5496,27.8871,0.092,0.0921,BULLISH,0.1583,-0.0826,22.5978,21.8134,41.1,39.4,51.8,0.1968,51.7,50.5,False,False,False,False,False,False,False,False,False,False,False,False,False,False,False,False,False,UNMATCHED,,,0.9176,0.8895,33.3,59.5,66.2,-0.3375,4.0,HEALTHY_BEAR,HEALTHY_BEAR,,0.0615,22.256654736880606,13.885325694424303,0.7302,0.4618,3.6e-05,0.5098,0.3482,-0.2141,0.0307,2026-07-20T01:06:17.813246,0.0942608558841982,100032999.20127,17,514.5,,False,,,,,,,281.4813621614213,100032.99920127,False,,0.0848,,,,,,,,,0.05066664518905584,0.1286063366451805,0.17927298183423634,4.1312240682567385,1.4676723306062454,2.2015563247325307,-0.3565535976505166,0.975,0.9534,0.0,2.1705,-0.0302,2026-07-20T01:10:05.337405,2026-07-20T01:05:00.639425,-0.2128,RECOVERED,1,0.45,,True,,-0.0105,False,,,,0.5,0.05,DEADBAND_PROBE,False,,,0,,1.4631,-0.0302,True,,,,,0.9705,0.9526,2026-07-20T01:10:13.081121,2026-07-20T01:31:39.580372,1.7306,-0.1469,0.11,21.56,,,0.6397,,20.91,0.0838,9.68,0.1573,,,,,,,,,False,MOMENTUM,,,,,,1.1537,1.2901,0.8495,0.3775,0.3461,2026-07-20T01:09:37.465556,,2026-07-20T01:10:04.825729,,2026-07-20T01:04:56.452212,-0.063,2026-07-20T01:12:22.755906,1.0803,2026-07-20T01:12:23.768973,1.0593,2026-07-20T01:12:25.794983,1.0069,2026-07-20T01:12:23.768973,1.0593,2026-07-20T01:12:25.794983,1.0069,2026-07-20T01:12:23.768973,1.0593,2026-07-20T01:12:25.794983,1.0069,1.9516,trailing,5.11,1.6016,trailing,5.11,1.4016,trailing,5.31,1.2016,trailing,5.32,1.0803,stretch,5.51,1.2481,stretch,5.87,1.0173,stretch,7.43,0.6397,window,,0.3775,ema5_cross,13.08,2.1705,2.1705,1.8346,5.11,1.4677,5.12,1.1013,5.49,0.3459,4.33,1.8346,5.11,1.8346,5.11,1.9516,5.11,1.9516,5.11,1.5546264798146743,atr,False,,,,False,,,,,,,,,,,,,2026-07-20T01:04:56,2026-07-20T01:10:05.888792,RUNNER_TRAIL,MAKER,TAKER,True,,4.1312,
98,,ATHUSDT,LONG,CLOSED,0.004722,0.004679,0.004692,281.73792147152875,1.0,281.73792147152875,59664.95583895146,VERY_STRONG,0.569,0.1641,0.2289,60.35,64.97,22.4659,23.7838,0.0,0.0,BULLISH,0.2455,-0.0733,21.8348,21.1853,40.4,40.8,56.9,0.1984,51.6,60.5,False,False,False,False,False,False,False,False,False,False,False,False,False,False,False,False,False,UNMATCHED,,,0.9459,1.0139,35.7,52.4,78.6,-1.3179,3.0,HEALTHY_BEAR,HEALTHY_BEAR,,0.0944,21.812187140709945,19.603256935369455,0.5669,0.0827,3.6e-05,0.1497,0.3933,-0.2571,0.0523,,,20698075.073149,49,473.4,,False,,,,,,,281.73792147152875,20698.075073149,False,,0.0567,2026-07-20T01:01:06.582137,-0.4287,,,2026-07-20T01:03:00.484122,-0.6615,,,0.12678206466218794,0.12562754776670423,0.25240961242889215,-2.818002713503783,-1.0002213045319703,0.07934349851758143,-1.0002213045319703,0.00473,0.004722,0.0,0.1903,0.2435,2026-07-20T00:59:01.347290,2026-07-20T01:03:07.378764,-0.7623,ENDED_NEG,1,0.45,,True,,0.0212,False,,,,0.5,0.05,SLOPEGATE_PROBE,False,-0.42868699703514446,,0,,-0.7623,-0.0495,True,,,,,0.00484,0.004678,2026-07-20T01:39:45.490239,2026-07-20T01:04:39.182687,2.4089,-1.0218,36.63,1.52,0.68,-0.8524,1.3924,0.0,0.0,-1.0006,16.65,-0.2806,,,3.27,-0.7253,,,,,False,MOMENTUM,,,,,,-0.9159,-0.8524,-0.5559,-0.1324,0.9053,,,,,2026-07-20T00:58:13.697001,-0.09,2026-07-20T01:27:14.328044,0.6936,2026-07-20T01:27:13.315815,0.6936,2026-07-20T01:27:14.328044,0.6936,2026-07-20T01:27:16.358105,0.6936,2026-07-20T01:27:20.415064,0.63,2026-07-20T01:27:23.454067,0.63,2026-07-20T01:27:20.415064,0.63,0.63,ema13,24.66,0.63,ema13,24.66,0.63,ema13,24.66,0.63,ema13,24.66,0.63,ema13,24.66,0.63,ema13,24.66,0.63,ema13,24.66,0.63,ema13,24.66,0.63,ema13,24.66,1.3683,,0.63,24.66,0.63,24.66,0.63,24.66,0.63,24.66,0.63,24.66,0.63,24.66,-0.7,4.77,-0.7,4.77,0.16914611458890194,,False,,,,False,,,,,,,,,-0.09,0.01,-0.6192,4.49,2026-07-20T00:58:13,2026-07-20T01:03:07.381059,STOP_LOSS_WIDE L1,TAKER_FALLBACK,TAKER,True,,-2.818,
97,,PROMUSDT,LONG,CLOSED,1.6300000000000001,1.632,1.634,281.73792147152875,1.0,281.73792147152875,172.8453505960299,STRONG_BUY,0.3908,0.1464,0.2149,51.67,54.67,19.0829,19.6756,0.093,-0.0929,BULLISH,0.1638,-0.0709,21.8348,21.1853,41.3,40.8,56.9,0.1968,51.6,60.5,False,False,False,False,False,False,False,False,False,False,False,False,False,False,False,False,False,UNMATCHED,,,0.8527,0.7098,40.5,52.4,70.8,-0.5927,3.0,HEALTHY_BEAR,HEALTHY_BEAR,,0.097,17.299906068862633,13.76547948986363,1.5021,-0.0683,3.6e-05,-0.1498,0.2683,-0.2357,0.0521,2026-07-20T01:02:15.615045,0.059644171779127585,27056200.9385,43,550.5,,False,,,,,,,281.73792147152875,27056.2009385,False,,0.0597,2026-07-20T00:56:59.652582,-0.3083,,,2026-07-20T00:56:59.652582,-0.3083,,,0.05071282586487518,0.12693762547772436,0.17765045134259955,0.16804024984942217,0.059644171779127585,0.8568312883435523,-0.9828312883435658,1.645,1.6300000000000001,0.0,0.7423,-0.0689,2026-07-20T01:03:01.826414,2026-07-20T00:57:56.206915,-1.0228,ENDED_NEG,1,0.45,,True,,-0.0613,False,,,,0.5,0.05,SLOPEGATE_PROBE,False,-0.30828834355829604,,0,,-0.3046,0.2257,True,,,,,1.7,1.63,2026-07-20T01:48:59.039431,2026-07-20T01:06:59.471769,4.2315,-0.063,42.0,0.01,,,3.0045,,3.87,0.3051,20.69,1.2867,,,,,,,,,False,MOMENTUM,,,,,,0.5505,0.3664,0.7345,1.7161,2.391,2026-07-20T01:02:34.563244,0.18228834355826878,,,2026-07-20T00:56:47.089725,-0.063,2026-07-20T01:07:01.580440,0.0597,2026-07-20T01:07:01.580440,0.0597,2026-07-20T01:07:01.580440,0.0597,2026-07-20T01:07:01.580440,0.0597,2026-07-20T01:07:01.580440,0.0597,2026-07-20T01:07:01.580440,0.0597,2026-07-20T01:07:01.580440,0.0597,0.6068,trailing,6.28,0.2568,trailing,6.63,0.6068,trailing,6.28,0.5568,trailing,6.28,0.3663,stretch,5.97,0.3049,stretch,5.97,0.3049,stretch,6.61,0.1823,stretch,7.1,0.3049,ema5_cross,9.94,1.7713,0.7423,0.0596,10.2,1.2253,31.54,3.0045,,0.3663,5.84,0.3049,5.97,0.4276,6.41,-0.7,1.12,-0.7,1.12,0.681910526671319,lock,False,,,,False,,,,,,,,,-0.063,0.02,,,2026-07-20T00:56:46,2026-07-20T01:06:58.737825,RUNNER_TRAIL,MAKER,TAKER,True,,0.168,
96,,BCHUSDT,SHORT,CLOSED,212.99,214.27,214.28,281.73792147152875,1.0,281.73792147152875,1.3227753484742417,STRONG_BUY,0.2791,0.0773,0.0918,36.45,37.42,28.1567,25.815,0.0991,-0.099,BEARISH,-0.1285,-0.0709,21.8348,21.1853,41.3,40.8,56.9,0.1968,51.6,60.5,False,False,False,False,False,False,False,False,False,False,False,False,False,True,False,False,True,W4,,,0.8527,0.8169,40.5,52.4,44.7,2.3417,3.0,HEALTHY_BEAR,HEALTHY_BULL,,0.097,9.20927101635824,35.27847367083634,0.3009,-0.271,3.6e-05,-0.4472,-0.2679,-0.2357,0.0521,,,234100887.11,10,2404.7,,False,,,,,,,281.73792147152875,234100.88711,False,,0.1434,2026-07-20T01:07:49.709754,-0.5926,,,2026-07-20T01:09:26.560995,-0.7382,,,0.12678206466218794,0.12754398326290908,0.25432604792509705,-1.947478493972128,-0.6912376167895211,0.013337715385698326,-0.9073073853232456,212.99,212.77,0.0,0.3823,-0.3269,2026-07-20T01:02:37.084764,2026-07-20T01:10:06.259449,-0.4222,ENDED_NEG,1,0.45,,False,,0.3509,False,,,,0.5,0.05,RSIADX_PROBE,False,-0.5925970702849866,,0,,-0.0285,0.1978,True,,,,,214.34,211.43,2026-07-20T01:11:03.855234,2026-07-20T01:52:47.416483,0.6424,-0.7238,41.93,0.21,0.01,-0.691,0.4593,0.0,0.01,-0.691,15.7,-0.5407,,,0.01,-0.691,,,,,False,MOMENTUM,2026-07-20T01:10:52.049776,-0.691,,,,-0.6299,-0.6158,-0.4797,-0.5032,-0.0524,,,,,2026-07-20T01:10:17.171344,-0.8744,,,2026-07-20T01:55:32.899189,0.4546,,,2026-07-20T01:55:32.899189,0.4546,,,,,,,0.4734,ema13,54.33,0.4734,ema13,54.33,0.4734,ema13,54.33,0.4734,ema13,54.33,0.4734,ema13,54.33,0.4734,ema13,54.33,0.4734,ema13,54.33,0.4734,ema13,54.33,0.4734,ema13,54.33,0.4884,,0.4734,54.33,0.4734,54.33,0.4734,54.33,0.4734,54.33,0.4734,54.33,0.4734,54.33,-0.7,12.63,-0.7,12.63,0.5082339662859827,,False,,,,False,,,,,,,,,-0.4047,9.32,-0.4047,9.32,2026-07-20T00:56:44,2026-07-20T01:10:51.217129,EMA13_CROSS_EXIT L1,TAKER_FALLBACK,TAKER,True,,-1.9475,
95,,PENGUUSDT,LONG,CLOSED,0.006178,0.006122,0.006124,282.33832015202967,1.0,282.33832015202967,45700.60216122202,STRONG_BUY,0.4557,0.1143,0.182,63.47,64.46,17.4697,17.2057,0.071,0.0711,BULLISH,0.1744,0.0299,21.4322,22.8267,55.3,51.8,60.2,0.1774,65.8,60.5,False,False,False,False,False,False,False,False,False,False,False,False,False,False,False,False,False,UNMATCHED,,,1.0609,0.8872,73.8,16.7,82.0,0.2639,4.0,HEALTHY_BULL,HEALTHY_BEAR,,0.2088,26.326823637109293,17.22424194125416,0.4028,0.2473,3.6e-05,0.3941,0.3678,0.0541,0.0934,,,21494869.582309,47,579.3,,False,,,,,,,282.33832015202967,21494.869582309002,False,,0.1328,2026-07-20T00:49:31.280164,-0.4945,,,2026-07-20T00:49:40.235285,-0.6563,,,0.12705224406841334,0.12590058889395053,0.25295283296236387,-2.81218655399082,-0.9960343153124069,0.007075105212041579,-0.9960343153124069,0.006184,0.006178,0.0,0.2,0.1215,2026-07-20T00:42:33.068134,2026-07-20T00:52:21.865012,-0.5751,ENDED_NEG,1,0.45,,True,,0.1134,False,,,,0.5,0.05,GAPFLAT_PROBE,False,-0.4944796050501897,,0,,-0.5751,-0.1745,True,,,,,0.006217,0.006116,2026-07-20T01:29:23.229922,2026-07-20T00:52:32.667107,0.5413,-1.0936,37.02,0.17,0.7,-0.8346,0.1528,0.0,0.7,-0.8346,40.86,0.1042,,,0.7,-0.8346,,,,,False,MOMENTUM,2026-07-20T00:52:22.517659,-0.9964,,,,-0.7698,-0.4947,-0.349,-0.0091,-0.2842,,,,,2026-07-20T00:50:16.907698,-0.5916,,,2026-07-20T01:11:01.536716,0.0557,,,2026-07-20T01:11:01.536716,0.0557,,,2026-07-20T01:31:32.472448,0.2175,2026-07-20T01:31:25.384019,0.347,0.4765,ema13,49.6,0.4765,ema13,49.6,0.4765,ema13,49.6,0.4765,ema13,49.6,0.4765,ema13,49.6,0.4765,ema13,49.6,0.4765,ema13,49.6,0.4765,ema13,49.6,0.4765,ema13,49.6,0.54,,0.4765,49.6,0.4765,49.6,0.4765,49.6,0.4765,49.6,0.4765,49.6,0.4765,49.6,-0.7,11.12,-0.7,11.12,0.23271622723293472,,False,,,,False,,,2026-07-20T00:48:03.790304,-0.3165,,,2026-07-20T00:50:16.907542,-0.5916,-0.2518,7.8,-0.2518,7.8,2026-07-20T00:38:37,2026-07-20T00:52:21.867792,STOP_LOSS_WIDE L1,TAKER_FALLBACK,TAKER,True,,-2.8122,
94,,LINKUSDT,LONG,CLOSED,8.434,8.383,8.385,282.33832015202967,1.0,282.33832015202967,33.476205851556756,VERY_STRONG,0.3297,0.0639,0.1279,59.35,62.59,25.7387,26.1462,0.0107,-0.0107,BULLISH,0.1085,0.0299,21.4322,22.8267,55.3,51.8,60.2,0.1774,65.8,60.5,False,False,False,False,False,False,False,False,False,False,False,False,False,False,False,False,False,UNMATCHED,,,1.0609,0.9867,73.8,16.7,66.7,-0.4075,4.0,HEALTHY_BULL,HEALTHY_BEAR,,0.2088,29.99343171721881,19.812702868966163,0.2739,0.2822,3.6e-05,0.4418,0.1812,0.0541,0.0934,2026-07-20T00:41:23.614192,0.09962295470713795,39196368.224,36,2375.7,,False,,,,,,,282.33832015202967,39196.368224,False,,0.1328,2026-07-20T00:49:34.499262,-0.2204,,,2026-07-20T00:51:31.702652,-0.3744,,,0.12705224406841334,0.1262839651441201,0.2533362092125334,-1.9606227076419334,-0.6944231681290036,0.27739447474508644,-0.6944231681290036,8.465,8.434,0.0,0.2567,0.0798,2026-07-20T00:42:35.442860,2026-07-20T00:52:21.073162,-0.5016,ENDED_NEG,1,0.45,,False,,0.0474,False,,,,0.5,0.05,GAPFLAT_PROBE,False,-0.2203657813611481,,0,,-0.5016,-0.1289,True,,,,,8.531,8.37,2026-07-20T01:10:27.449485,2026-07-20T00:52:31.644973,1.0601,-0.8488,18.1,0.17,0.0,-0.7066,0.0523,0.0,0.0,-0.7066,21.84,0.3131,,,0.0,-0.7066,-0.5285030827602446,2026-07-20T00:51:57.950695,,,False,MOMENTUM,2026-07-20T00:52:21.501365,-0.7066,,,,-0.5643,-0.4813,-0.4101,-0.007,-0.173,,,,,2026-07-20T00:50:16.905224,-0.2441,,,2026-07-20T01:11:06.917692,0.6925,,,2026-07-20T01:12:30.878646,0.4554,2026-07-20T01:13:22.890902,0.3368,2026-07-20T01:11:28.356103,0.5977,2026-07-20T01:12:03.449548,0.5621,0.4791,ema13,30.91,0.4791,ema13,30.91,0.4791,ema13,30.91,0.4791,ema13,30.91,0.4791,ema13,30.91,0.4791,ema13,30.91,0.4791,ema13,30.91,0.4791,ema13,30.91,0.4791,ema13,30.91,1.0416,,0.4791,30.91,0.4791,30.91,0.4791,30.91,0.4791,30.91,0.4791,30.91,0.4791,30.91,-0.7,14.05,-0.7,14.05,0.28497888664157917,,False,,,,False,,,2026-07-20T00:48:03.788492,-0.0544,,,2026-07-20T00:50:16.905050,-0.2441,-0.2559,12.57,-0.0189,8.14,2026-07-20T00:38:17,2026-07-20T00:52:21.076356,STOP_LOSS L1,TAKER_FALLBACK,TAKER,True,,-1.9606,
93,,AVAXUSDT,LONG,CLOSED,6.5,6.46,6.473,282.33832015202967,1.0,282.33832015202967,43.43666463877379,VERY_STRONG,0.3599,0.07,0.1401,57.94,66.14,27.9436,28.0615,0.0921,-0.092,BULLISH,0.1287,0.0299,21.4322,22.8267,55.3,51.8,60.2,0.1774,65.8,60.5,False,False,False,False,False,False,False,False,False,False,False,False,False,False,False,False,False,UNMATCHED,,,1.0609,0.988,73.8,16.7,60.6,-0.1179,5.0,HEALTHY_BULL,HEALTHY_BEAR,,0.2088,29.77668583443035,17.334112721834526,0.3288,0.2874,3.6e-05,0.4551,0.118,0.0541,0.0934,2026-07-20T00:39:05.155871,0.09453230769230103,50273911.095,26,2125.7,,False,,,,,,,282.33832015202967,50273.911095,False,,0.1328,2026-07-20T00:49:32.444721,-0.1515,,,2026-07-20T00:51:33.243893,-0.3053,,,0.12705224406841334,0.1262703841049154,0.25332262817332873,-1.990789213724282,-0.7051076923076928,0.32519769230769435,-0.7051076923076928,6.527,6.5,0.0,0.2283,0.0251,2026-07-20T00:42:35.821520,2026-07-20T00:52:18.753845,-0.5895,ENDED_NEG,1,0.45,,False,,0.0308,False,,,,0.5,0.05,GAPFLAT_PROBE,False,-0.15151076923076245,,0,,-0.5895,-0.1626,True,,,,,6.572,6.452,2026-07-20T01:27:28.528521,2026-07-20T00:52:32.667107,1.0177,-0.8285,35.16,0.23,0.0,-0.6285,0.7715,0.0,0.0,-0.6285,21.88,0.4792,,,0.0,-0.6285,-0.4744423076923131,2026-07-20T00:51:57.635392,,,False,MOMENTUM,2026-07-20T00:52:19.134386,-0.6285,,,,-0.5208,-0.4438,-0.2438,0.31,0.4485,,,,,2026-07-20T00:50:16.903055,-0.1669,,,2026-07-20T01:11:08.972791,0.7254,2026-07-20T01:12:29.860292,0.4177,2026-07-20T01:12:06.520892,0.5408,2026-07-20T01:12:29.860292,0.4177,2026-07-20T01:11:34.471589,0.6177,2026-07-20T01:12:02.069924,0.5562,0.4792,ema13,30.67,0.4792,ema13,30.67,0.4792,ema13,30.67,0.4792,ema13,30.67,0.4792,ema13,30.67,0.4792,ema13,30.67,0.4792,ema13,30.67,0.4792,ema13,30.67,0.4792,ema13,30.67,0.8241,,0.4792,30.67,0.4792,30.67,0.4792,30.67,0.4792,30.67,0.4792,30.67,0.4792,30.67,-0.7,14.31,-0.7,14.31,0.26094206224317185,,False,,,,False,,,2026-07-20T00:48:03.786073,-0.0131,,,2026-07-20T00:50:16.902821,-0.1669,-0.09,0.03,0.0484,8.47,2026-07-20T00:37:57,2026-07-20T00:52:18.756457,STOP_LOSS L1,TAKER_FALLBACK,TAKER,True,,-1.9908,
92,,TAOUSDT,LONG,CLOSED,199.63,200.79,200.79,282.17435569147653,1.0,282.17435569147653,1.4134867289058586,VERY_STRONG,0.2092,0.0487,0.0708,62.38,53.83,28.8814,29.0326,0.1943,0.1947,BULLISH,0.0781,0.019,22.9006,24.1749,58.3,47.6,49.3,0.1495,63.2,60.5,False,False,False,False,False,False,False,False,False,False,False,True,False,False,True,False,True,W2,,,1.2899,1.0184,59.5,21.4,92.3,-0.1513,2.0,CHOPPY_FLAT,HEALTHY_BULL,,0.1174,25.14006318151577,14.477097121325249,0.2836,0.2573,3.6e-05,0.3539,0.3144,0.1342,0.0829,2026-07-20T00:08:26.364785,0.09525948003807273,37700324.92,35,829.4,,False,,,,,,,282.17435569147653,37700.32492,False,,0.2097,,,,,,,,,0.12697846006116445,0.1277163001336533,0.25469476019481774,1.3849498453359734,0.4908135049842191,0.7762132445023383,-0.15008415568802513,201.36,199.63,0.0,0.5258,0.765,2026-07-20T00:16:21.704265,2026-07-20T00:08:02.285541,0.2744,NEVER,1,0.45,,True,,0.1405,False,,,,0.5,0.05,RSIADX_PROBE,False,,,0,,0.2202,0.7881,False,,,,,200.97,197.44,2026-07-20T00:17:19.378767,2026-07-20T00:52:31.644973,0.5812,-1.187,0.31,35.52,28.29,-0.1852,-0.7963,0.5812,3.97,0.3057,6.18,-0.0048,,,28.29,-0.1852,,,,,False,MOMENTUM,,,,,,0.441,0.4159,0.1555,-0.1752,-0.1551,2026-07-20T00:10:26.482814,,,,,,2026-07-20T00:17:05.278644,0.426,2026-07-20T00:17:03.260251,0.436,2026-07-20T00:17:05.278644,0.426,2026-07-20T00:17:06.289902,0.4059,2026-07-20T00:17:06.289902,0.4059,2026-07-20T00:17:49.547380,0.436,2026-07-20T00:17:06.289902,0.4059,0.5262,trailing,9.36,0.1762,trailing,14.17,0.5262,trailing,9.36,0.4762,trailing,9.41,0.3857,stretch,3.39,0.5809,stretch,7.84,0.5209,stretch,9.36,0.441,stretch,9.41,0.2206,ema5_cross,13.69,0.8416,0.8416,0.3807,2.83,0.4908,9.38,0.3458,11.19,0.3907,2.83,0.3807,2.83,0.3807,2.83,0.5262,9.36,0.5262,9.36,0.8415700151713094,,False,,,,False,,,2026-07-20T00:07:37.773008,-0.09,2026-07-20T00:08:11.073151,0.0001,,,,,,,2026-07-20T00:07:37,2026-07-20T00:17:00.307056,RUNNER_TRAIL L1,TAKER_FALLBACK,TAKER,True,,1.3849,
91,,1000XECUSDT,LONG,CLOSED,0.008373,0.008307,0.008308,282.396954509076,1.0,282.396954509076,33727.093575668936,STRONG_BUY,0.2812,0.0903,0.1207,53.24,54.24,19.7227,19.2225,0.0691,-0.0691,BULLISH,0.0876,0.0795,33.0524,31.9526,65.1,69.2,62.0,0.1414,60.0,43.3,False,False,False,False,False,False,False,False,False,False,False,False,False,False,False,False,False,UNMATCHED,,,0.7077,0.991,52.4,35.7,45.6,0.5002,2.0,STRONG_BULL,STRONG_BULL,,0.1464,28.268005035747336,16.521767163578577,0.591,-0.0204,-3.7e-05,0.0847,0.1419,0.1309,0.0131,2026-07-19T22:39:43.240270,0.08906664278035815,89899738.778323,17,1767.7,,False,,,,,,,282.396954509076,89899.738778323,False,,0.1832,2026-07-19T22:41:08.917398,-0.1616,,,2026-07-19T22:41:24.731055,-0.2333,,,0.1270786295290842,0.12607693484988683,0.253155564378971,-2.479143740373124,-0.877893228233609,0.20844440463393027,-0.877893228233609,0.008398,0.008373,0.0,0.1335,-0.0448,2026-07-19T22:39:43.240242,2026-07-19T22:48:20.389874,-0.6146,ENDED_NEG,1,0.45,,False,,-0.0477,False,,,,0.5,0.05,DEADBAND_PROBE,False,-0.16162665711215565,,0,,-0.6146,-0.3306,True,,,,,0.008318,0.008036,2026-07-19T22:48:48.618840,2026-07-19T23:17:54.735927,-0.7469,-4.1148,0.46,29.57,0.01,-0.8782,-3.4102,0.0,0.01,-0.8782,6.58,-1.571,,,0.01,-0.8782,-0.6630132568971626,2026-07-19T22:47:10.896244,,,False,MOMENTUM,2026-07-19T23:01:02.877701,-1.3918,,,,-0.9141,-1.1171,-1.3082,-1.5351,-3.9596,,,,,,,,,,,,,,,,,,,,,-3.4102,window,,-3.4102,window,,-3.4102,window,,-3.4102,window,,-3.4102,window,,-3.4102,window,,-3.4102,window,,-3.4102,window,,-3.4102,window,,,,-3.4102,,-3.4102,,-3.4102,,-3.4102,,-3.4102,,-3.4102,,-0.7,9.6,-0.7,9.6,0.12156118582561116,,False,,,,False,,,,,,,,,-0.09,0.03,-0.8182,11.16,2026-07-19T22:37:07,2026-07-19T22:48:20.392018,STOP_LOSS L1,TAKER_FALLBACK,TAKER,True,,-2.4791,
90,,PUMPUSDT,LONG,CLOSED,0.00166,0.00165,0.001651,282.56717569925627,1.0,282.56717569925627,170221.19018027486,STRONG_BUY,0.2611,0.0785,0.0939,60.37,59.28,21.4191,20.5963,0.1014,0.1015,BULLISH,0.1212,-0.0405,22.2919,21.1613,30.2,30.2,31.6,0.0572,48.8,65.7,False,False,False,False,False,False,False,False,False,False,False,False,False,False,False,False,False,UNMATCHED,,,0.8026,0.7464,34.1,53.7,88.9,0.8228,4.0,HEALTHY_BEAR,CHOPPY_WEAK,,-0.1276,28.982789195178444,14.89212794529279,0.2723,0.1457,5e-05,0.2505,0.2742,-0.0871,0.0372,,,19329753.514915,49,374.1,,False,,,,,,,282.56717569925627,19329.753514915003,False,,-0.07,2026-07-19T10:09:55.523295,-0.4513,,,2026-07-19T10:09:56.836109,-0.5115,,,0.1271552290646653,0.12638923370885408,0.2535444627735194,-1.9557563645762723,-0.692138554216869,0.0,-0.692138554216869,0.001661,0.00166,0.0,,,,2026-07-19T11:43:25.984353,-0.2413,ENDED_NEG,1,0.45,,False,,0.1206,False,,,,0.5,0.05,DEADBAND_PROBE,False,-0.4512831325301162,,0,,-0.2413,-0.0427,True,,,,,0.001651,0.001642,2026-07-19T11:43:29.125137,2026-07-19T12:09:18.079310,-0.6322,-1.1743,0.05,25.86,0.01,-0.6924,-0.8129,0.0,,,,,,,0.01,-0.6924,-0.5717108433734925,2026-07-19T10:15:50.202729,,,False,MOMENTUM,,,,,,-0.7527,-0.8129,-0.8731,-0.9936,-0.9936,,,,,2026-07-19T09:59:07.245388,-0.09,,,,,,,,,,,,,,,-0.8129,window,,-0.8129,window,,-0.8129,window,,-0.8129,window,,-0.8129,window,,-0.8129,window,,-0.8129,window,,-0.8129,window,,-0.8129,window,,,,-0.8129,,-0.8129,,-0.8129,,-0.8129,,-0.8129,,-0.8129,,-0.7,105.13,-0.7,105.13,0.362565645788543,,False,,,,False,,,2026-07-19T10:10:43.187793,-0.5115,2026-07-19T10:43:59.107674,-0.3911,2026-07-19T11:36:07.645379,-0.3911,-0.5717,15.5,-0.5115,11.08,2026-07-19T09:59:06,2026-07-19T11:43:25.987244,STOP_LOSS L1,TAKER_FALLBACK,TAKER,True,,-1.9558,
89,,KAITOUSDT,LONG,CLOSED,0.8435,0.8506,0.8484,282.3295302144285,1.0,282.3295302144285,334.7119504616816,VERY_STRONG,0.3119,0.0745,0.1008,63.43,58.45,27.9123,28.3822,0.3269,0.3279,BULLISH,0.1104,-0.0436,23.2456,22.9981,29.0,34.5,54.5,0.0728,65.6,78.2,False,False,False,False,False,False,False,False,False,False,False,False,False,False,False,False,False,UNMATCHED,,,0.7187,0.9976,14.6,68.3,89.9,-0.4699,2.0,HEALTHY_BEAR,HEALTHY_BEAR,,-0.0003,28.296037533693575,18.165597423846133,0.5158,0.4924,-0.000209,0.7499,0.5038,-0.1524,0.1464,2026-07-19T03:31:30.031502,,32270966.62263,38,513.6,,False,,,,,,,282.3295302144285,32270.96662263,False,,-0.0503,,,,,,,,,0.05081931543859713,0.1281176932782179,0.17893700871681503,2.197517839561123,0.7783521043272074,1.2997534084173032,-0.3592507409602913,0.855,0.8435,0.0,1.3469,0.3171,2026-07-19T03:32:29.013791,2026-07-19T03:24:03.090318,-0.0324,RECOVERED,1,0.45,,True,,-0.0119,False,,,,0.5,0.05,RSIADX_PROBE,False,,,0,,0.8366,0.3171,True,,,,,0.8675,0.8406,2026-07-19T03:34:52.577987,2026-07-19T04:15:28.673264,2.7823,-0.4068,2.39,42.99,42.94,-0.0393,-0.0867,2.7823,8.54,1.3596,8.54,1.3596,,,42.94,-0.0393,,,,,False,MOMENTUM,,,,,,1.3478,2.2014,2.2251,1.1818,1.4663,2026-07-19T03:32:25.799454,,2026-07-19T03:32:28.975117,,2026-07-19T03:17:47.228826,-0.063,2026-07-19T03:35:49.860630,2.2962,2026-07-19T03:35:48.856307,2.2488,2026-07-19T03:35:49.860630,2.2962,2026-07-19T03:36:01.925751,2.3792,2026-07-19T03:36:01.925751,2.3792,2026-07-19T03:36:01.925751,2.3792,2026-07-19T03:37:40.444611,2.2014,0.8365,trailing,14.67,2.1823,trailing,19.26,1.9823,trailing,20.65,1.7823,trailing,20.92,2.4859,stretch,17.74,2.2488,stretch,18.01,1.9168,stretch,20.65,-0.0393,ema13,57.62,1.1107,ema5_cross,22.73,2.315,1.3469,0.7428,14.67,0.7784,14.68,1.9168,20.65,0.3399,13.94,0.7428,14.67,0.7428,14.67,0.8365,14.67,0.8365,14.67,0.5794176198910514,atr,False,,,,False,,,,,,,,,-0.3356,7.75,,,2026-07-19T03:17:46,2026-07-19T03:32:29.021132,RUNNER_TRAIL,MAKER,TAKER,True,,2.1975,
88,,HYPEUSDT,LONG,CLOSED,59.624,59.799,59.824,282.2466891259456,1.0,282.2466891259456,4.733776484736777,VERY_STRONG,0.3023,0.0897,0.1085,62.09,63.15,28.3095,26.2532,0.0482,0.0482,BULLISH,0.1356,0.0608,31.4924,28.5384,63.7,78.7,77.1,0.0836,67.9,68.1,False,False,False,False,False,False,False,False,False,False,False,True,False,True,False,False,True,W2+W4,,,0.7083,1.5029,39.0,26.8,71.3,2.0563,2.0,STRONG_BULL,BULL_EXHAUSTED,,0.1492,31.556620333855868,9.15067042922362,0.2824,0.2215,0.0001,0.3992,0.2466,0.0758,0.1084,2026-07-18T17:39:16.243948,0.09961295786930464,350432793.07245,6,414.3,,False,,,,,,,282.2466891259456,350432.79307245,False,,0.243,2026-07-18T17:25:16.118862,-0.3195,,,2026-07-18T17:27:03.617231,-0.4218,,,0.050804404042670205,0.12738379500484853,0.17818819904751873,0.6502226857814037,0.23037389306319128,0.5136892526499416,-0.4955169394874592,59.968,59.624,0.0,0.2836,0.143,2026-07-18T18:03:54.366555,2026-07-18T17:29:28.785204,-0.2571,ENDED_NEG,1,0.45,,True,,-0.0017,False,,,,0.5,0.05,RSIADX_PROBE,False,-0.3194926036495468,,0,,-0.043,0.144,True,,,,,60.192,59.524,2026-07-18T18:25:04.623099,2026-07-18T18:37:39.496266,0.8896,-0.2307,19.23,31.81,27.75,0.098,0.1752,0.8896,25.46,0.2171,17.7,0.4183,,,29.95,-0.0814,,,,,True,MOMENTUM,,,,,,0.3093,0.3043,0.4016,0.5005,-0.068,2026-07-18T18:03:54.350272,,,,,,2026-07-18T18:21:59.456692,0.3194,2026-07-18T18:21:59.456692,0.3194,2026-07-18T18:21:59.456692,0.3194,2026-07-18T18:21:59.456692,0.3194,2026-07-18T18:22:05.538514,0.2875,2026-07-18T18:22:15.586063,0.311,2026-07-18T18:22:11.565869,0.3009,0.2637,trailing,41.8,0.2896,trailing,66.89,0.2637,trailing,41.8,0.2137,trailing,42.45,0.3695,stretch,41.17,0.3662,stretch,41.17,0.3444,stretch,41.59,0.3075,stretch,41.76,0.2589,ema5_cross,41.86,0.461,0.2836,0.3712,41.17,0.2304,42.36,0.4603,66.2,0.3846,40.53,0.3712,41.17,0.3712,41.17,0.2637,41.8,0.2637,41.8,0.49946252037767175,atr,False,,,,False,,,,,,,,,-0.3597,2.26,-0.3061,3.36,2026-07-18T17:23:28,2026-07-18T18:05:50.557749,RUNNER_TRAIL,MAKER,TAKER,True,,0.6502,
87,,WLDUSDT,LONG,CLOSED,0.37210000000000004,0.3697,0.3698,282.60956755722566,1.0,282.60956755722566,759.498972204315,VERY_STRONG,0.3376,0.076,0.1476,59.43,60.54,25.1927,25.9666,0.0138,0.0138,BULLISH,0.1202,0.0068,20.3186,21.8578,48.5,54.9,62.7,0.0613,60.2,59.6,False,False,False,False,False,False,False,False,False,False,False,False,False,False,False,False,False,UNMATCHED,,,0.734,0.7199,63.4,17.1,74.7,-0.7739,5.0,CHOPPY_FLAT,CHOPPY_WEAK,,0.0714,26.094148465532868,19.234843968784258,0.3915,-0.0551,-4.5e-05,-0.127,0.2376,-0.0329,0.0892,2026-07-18T15:08:10.937914,0.098174415479692,114829859.8318,15,1090.1,,False,,,,,,,282.60956755722566,114829.8598318,False,,0.0201,2026-07-18T15:10:51.862714,-0.1436,2026-07-18T15:31:27.390231,-0.5197,2026-07-18T15:11:30.524750,-0.2779,2026-07-18T15:31:46.680228,-0.5197,0.05086972216030062,0.12635404651077084,0.17722376867107145,-2.0000213019614796,-0.7076976619188573,0.3130736361193111,-0.7076976619188573,0.3735,0.37210000000000004,0.0,0.2877,0.0812,2026-07-18T15:08:13.069102,2026-07-18T15:34:18.627429,-0.3121,ENDED_NEG,1,0.45,,False,,-0.0269,False,,,,0.5,0.05,SLOPEGATE_PROBE,False,-0.1435872077398609,,0,,-0.3121,-0.2941,True,,,,,0.3721,0.3687,2026-07-18T15:49:55.246201,2026-07-18T16:04:44.378815,-0.063,-0.9767,15.6,30.42,0.0,-0.708,-0.8692,0.0,0.0,-0.708,4.96,-0.6542,,,0.0,-0.708,-0.1973120128997731,2026-07-18T15:22:41.649388,,,False,MOMENTUM,,,,,,-0.4392,-0.5199,-0.6811,-0.1167,-0.8961,,,,,,,,,,,,,,,,,,,,,-0.8692,window,,-0.8692,window,,-0.8692,window,,-0.8692,window,,-0.8692,window,,-0.8692,window,,-0.8692,window,,-0.8692,window,,-0.8692,window,,,,-0.8692,,-0.8692,,-0.8692,,-0.8692,,-0.8692,,-0.8692,,-0.7,36.02,-0.7,36.02,0.22538434379641378,,False,,,,False,,,2026-07-18T14:58:16.781843,-0.063,,,,,-0.1436,17.76,-0.1973,14.44,2026-07-18T14:58:16,2026-07-18T15:34:18.630087,STOP_LOSS L1,MAKER,TAKER,True,,-2.0,
86,,INJUSDT,LONG,CLOSED,5.164,5.131,5.132,282.60956755722566,1.0,282.60956755722566,54.72687210635664,VERY_STRONG,0.4118,0.0977,0.1481,64.72,69.97,27.5171,27.2685,0.0132,0.0132,BULLISH,0.18,0.022,22.682,22.9284,60.6,57.9,55.3,0.0695,61.9,59.6,False,False,False,False,False,False,False,False,False,False,False,False,False,False,False,False,False,UNMATCHED,,,0.8332,1.2729,65.9,24.4,78.5,0.2486,4.0,HEALTHY_BULL,CHOPPY_FLAT,,0.0625,29.997152957237528,15.888090938262605,0.3352,0.4262,-4.5e-05,0.6492,0.2592,0.0649,0.0951,,,30731473.6673,45,1432.3,,False,,,,,,,282.60956755722566,30731.4736673,False,,0.0714,2026-07-18T14:36:28.811004,-0.2759,2026-07-18T14:41:56.230937,-0.4501,2026-07-18T14:38:33.966767,-0.4501,,,0.05086972216030062,0.12636161134997217,0.1772313335102728,-1.983218113020013,-0.7017519364833361,0.14991731216111778,-0.7017519364833361,5.175,5.164,0.0,0.3148,-0.0593,2026-07-18T14:48:20.391007,2026-07-18T14:58:34.877199,-0.336,ENDED_NEG,1,0.45,,False,,-0.0194,False,,,,0.5,0.05,RSIADX_PROBE,False,-0.2759173121611178,,0,,-0.336,-0.1228,True,,,,,5.146,5.101,2026-07-18T15:15:08.097125,2026-07-18T15:28:47.332324,-0.4116,-1.283,16.55,30.2,0.01,-0.702,-1.1281,0.0,0.01,-0.702,3.02,-0.7601,,,0.01,-0.702,-0.3726979085979863,2026-07-18T14:40:27.585957,,,False,MOMENTUM,2026-07-18T14:58:36.019788,-0.702,,,,-0.6633,-0.702,-0.7989,-0.5278,-1.2443,,,,,,,,,,,,,,,,,,,,,-1.1281,window,,-1.1281,window,,-1.1281,window,,-1.1281,window,,-1.1281,window,,-1.1281,window,,-1.1281,window,,-1.1281,window,,-1.1281,window,,,,-1.1281,,-1.1281,,-1.1281,,-1.1281,,-1.1281,,-1.1281,,-0.7,29.18,-0.7,29.18,0.2955441181440383,,False,,,,False,,,2026-07-18T14:50:55.326890,0.0531,,,,,-0.1211,5.56,-0.1985,6.66,2026-07-18T14:29:20,2026-07-18T14:58:34.880021,STOP_LOSS L1,MAKER,TAKER,True,,-1.9832,
85,,KITEUSDT,LONG,CLOSED,0.1123,0.11131,0.11132,282.798293300019,1.0,282.798293300019,2518.2394772931343,STRONG_BUY,0.4398,0.1414,0.1702,55.41,63.33,16.2996,16.6134,0.0177,-0.0177,BULLISH,0.2045,-0.01,27.0505,28.6847,46.9,46.9,33.7,0.0722,56.3,67.1,False,False,False,False,False,False,False,False,False,False,False,False,False,False,False,False,False,UNMATCHED,,,0.8828,0.7034,39.0,34.1,78.0,-0.3138,3.0,CHOPPY_FLAT,HEALTHY_BULL,,0.0189,25.726892143856556,20.12365475238483,0.652,0.2304,-4.5e-05,0.5597,0.2941,-0.0211,0.0811,,,27203386.80556,48,262.1,,False,,,,,,,282.798293300019,27203.38680556,False,,0.0529,2026-07-18T13:54:27.161936,-0.4816,2026-07-18T14:14:27.410035,-0.6952,2026-07-18T13:54:37.424196,-0.6151,2026-07-18T14:15:26.433072,-0.7309,0.12725923198500855,0.12613735629787445,0.25339658828288303,-2.7464536708030627,-0.9711705253784423,0.03460997328584261,-0.9711705253784423,0.11244,0.1123,0.0,0.1869,0.2677,2026-07-18T13:49:25.425243,2026-07-18T14:20:12.330651,-0.3456,ENDED_NEG,1,0.45,,False,,0.1427,False,,,,0.5,0.05,SLOPEGATE_PROBE,False,-0.4816313446126411,,0,,-0.3456,-0.3009,True,,,,,0.1114,0.11007,2026-07-18T14:34:44.706850,2026-07-18T15:03:05.583329,-0.8914,-2.0758,14.53,42.88,0.01,-1.0695,-2.0401,0.0,0.01,-1.0695,17.99,-1.0428,,,0.01,-1.0695,-0.5706384683882446,2026-07-18T14:10:24.007894,,,False,MOMENTUM,,,,,,-1.3901,-1.2654,-1.4702,-0.9003,-1.4702,,,,,,,,,,,,,,,,,,,,,-2.0401,window,,-2.0401,window,,-2.0401,window,,-2.0401,window,,-2.0401,window,,-2.0401,window,,-2.0401,window,,-2.0401,window,,-2.0401,window,,,,-2.0401,,-2.0401,,-2.0401,,-2.0401,,-2.0401,,-2.0401,,-0.7,24.58,-0.7,24.58,0.23141925771443997,,False,,,,False,,,2026-07-18T13:46:01.468676,-0.09,2026-07-18T14:09:49.622282,-0.5617,,,-0.4549,23.27,-0.3481,6.67,2026-07-18T13:46:01,2026-07-18T14:20:12.332812,STOP_LOSS L1,TAKER_FALLBACK,TAKER,True,,-2.7465,
84,,INJUSDT,LONG,CLOSED,5.135,5.146,5.149,282.798293300019,1.0,282.798293300019,55.072695871474004,VERY_STRONG,0.2921,0.074,0.0969,64.14,60.89,24.5248,24.2229,0.1344,0.1346,BULLISH,0.12,-0.0044,38.6222,41.2481,43.6,46.8,73.2,0.0621,57.4,67.1,False,False,False,False,False,False,False,False,False,False,False,False,False,False,False,False,False,UNMATCHED,,,1.612,0.6568,29.3,46.3,88.4,0.3019,2.0,CHOPPY_FLAT,CHOPPY_FLAT,,0.099,29.065645754488774,16.19042645185413,0.3232,0.2617,-4.5e-05,0.4884,0.3058,-0.086,0.0838,2026-07-18T13:46:16.481700,,34109245.7653,43,1432.3,,False,,,,,,,282.798293300019,34109.2457653,False,,0.014,2026-07-18T13:13:13.202754,-0.355,2026-07-18T13:25:22.021599,-0.6664,2026-07-18T13:19:52.279760,-0.4912,,,0.050903692794003426,0.12753184182957236,0.17843553462357578,0.4273641199626449,0.15111976630964208,0.4820321324245466,-0.6858938656280433,5.163,5.135,0.0,0.5016,0.2824,2026-07-18T13:47:18.650912,2026-07-18T13:24:51.050055,-0.2483,RECOVERED,1,0.45,,True,,-0.0195,False,,,,0.5,0.05,SLOPEGATE_PROBE,False,-0.35498149951313884,,0,,0.098,0.3156,True,,,,,5.182,5.134,2026-07-18T14:21:50.783066,2026-07-18T13:59:44.763074,0.8523,-0.0825,27.74,5.64,,,0.1123,,5.21,0.0149,6.32,0.0344,,,,,-0.4328432327166529,2026-07-18T13:20:14.645626,,,False,MOMENTUM,,,,,,0.2096,0.2875,0.0344,0.4044,0.5602,,,,,2026-07-18T13:15:15.384382,-0.2966,2026-07-18T14:10:46.136431,0.2291,2026-07-18T13:58:03.799294,0.2096,2026-07-18T13:59:21.576102,0.0538,2026-07-18T13:59:06.443528,0.0344,2026-07-18T13:59:21.576102,0.0538,2026-07-18T13:58:57.301512,0.1123,2026-07-18T13:59:06.443528,0.0344,0.232,trailing,38.41,0.2523,trailing,85.58,0.232,trailing,38.41,0.182,trailing,42.7,0.2484,stretch,37.2,0.2095,stretch,38.41,0.229,stretch,42.13,0.1123,window,,0.0344,ema5_cross,47.68,0.5016,0.5016,0.3068,35.92,0.1511,42.7,-0.0046,47.95,0.3458,35.92,0.3068,35.92,0.3068,35.92,0.232,38.41,0.232,38.41,0.42470446107072707,atr,False,,,,False,,,2026-07-18T13:11:22.997925,-0.063,,,2026-07-18T13:15:15.384184,-0.2966,-0.3161,7.76,-0.2966,3.33,2026-07-18T13:11:22,2026-07-18T13:54:05.768592,RUNNER_TRAIL,MAKER,TAKER,True,,0.4274,
83,,PUMPUSDT,LONG,CLOSED,0.001641,0.001646,0.001647,282.7121530949322,1.0,282.7121530949322,172280.41017363325,VERY_STRONG,0.4034,0.0897,0.1552,58.38,66.31,22.5248,21.7762,0.0915,-0.0914,BULLISH,0.1719,0.0116,22.9418,21.4945,60.2,62.3,58.7,0.0255,57.8,56.7,False,False,False,False,False,False,False,False,False,False,False,False,False,False,False,False,False,UNMATCHED,,,0.7562,1.1338,22.0,41.5,76.7,0.7486,5.0,CHOPPY_FLAT,CHOPPY_FLAT,,0.0296,26.394806959465917,13.519544872548018,0.3304,0.2521,1.9e-05,0.3715,0.1535,0.0166,0.0602,2026-07-18T08:28:49.900978,0.09273308957952249,48423711.750076,33,373.0,,False,,,,,,,282.7121530949322,48423.71175007601,False,,0.0218,2026-07-18T07:50:21.906066,-0.2118,2026-07-18T08:06:09.849006,-0.5164,2026-07-18T08:01:13.339175,-0.2727,2026-07-18T08:06:47.432478,-0.5164,0.12722046889271948,0.12760809981561014,0.2548285687083296,0.6065734821598016,0.21455514929919536,0.5800213284582536,-0.5772882388787443,0.001652,0.001641,0.0,0.7456,0.1984,2026-07-18T08:29:28.538314,2026-07-18T08:08:37.659562,-0.3048,RECOVERED,1,0.45,,True,,0.0,False,,,,0.5,0.05,SLOPEGATE_PROBE,False,-0.21182205971968607,,0,,0.0108,0.4434,True,,,,,0.00165,0.001636,2026-07-18T09:19:56.400324,2026-07-18T09:03:50.841144,0.4584,-0.3947,41.83,25.74,14.96,-0.09,-0.2119,0.2756,7.21,0.1538,28.24,-0.2119,,,18.28,-0.0291,-0.3945551492992086,2026-07-18T08:02:10.877693,,,False,MOMENTUM,,,,,,0.2756,0.2147,0.2147,-0.09,-0.2728,2026-07-18T08:29:25.010260,,,,,,2026-07-18T08:51:21.667381,0.0319,2026-07-18T08:44:48.643725,0.1538,2026-07-18T08:51:21.667381,0.0319,2026-07-18T08:51:13.629419,0.0928,2026-07-18T08:51:21.667381,0.0319,,,2026-07-18T08:51:21.667381,0.0319,0.33,trailing,50.7,-0.02,trailing,72.29,0.33,trailing,50.7,0.28,trailing,50.7,0.3973,stretch,49.93,0.2755,stretch,50.7,0.3364,stretch,50.93,-0.09,signal_lost,73.06,0.1538,ema5_cross,63.17,0.7456,0.7456,0.3973,49.93,0.2146,58.07,0.0319,71.32,0.3973,49.93,0.3973,49.93,0.3973,49.93,0.33,50.7,0.33,50.7,0.7455859328847675,atr,False,,,,False,,,2026-07-18T07:40:00.456896,-0.09,,,,,-0.09,12.2,-0.4555,23.28,2026-07-18T07:39:59,2026-07-18T08:38:04.778292,RUNNER_TRAIL,TAKER_FALLBACK,TAKER,True,,0.6066,
82,,SUIUSDT,LONG,CLOSED,0.7399,0.7424,0.7425,283.84513442718355,1.0,283.84513442718355,383.6263473809752,VERY_STRONG,0.3773,0.0696,0.1404,63.39,70.13,25.3007,24.8087,0.0036,-0.0036,BULLISH,0.144,0.0958,20.3307,19.3026,61.7,60.8,53.7,0.2046,53.3,52.7,False,False,False,False,False,False,False,False,False,False,False,False,False,False,False,False,False,UNMATCHED,,,0.3525,0.5823,63.6,27.3,82.5,0.4921,4.0,HEALTHY_BULL,HEALTHY_BULL,,0.3309,26.290879320873646,13.635279892756614,0.2949,0.3496,7.4e-05,0.5007,0.2065,0.169,0.0557,2026-07-17T17:08:15.139506,,112427182.63204,19,1171.7,,False,,,,,,,283.84513442718355,112427.18263204,False,,0.4639,,,,,,,,,0.1277303104922326,0.12816189013303617,0.25589220062526874,0.7031736678271487,0.2477314501959652,0.5449351263684332,-0.2386018380862265,0.7446,0.7399,0.0,0.4501,0.325,2026-07-17T17:11:44.880648,2026-07-17T17:02:52.044416,-0.0577,RECOVERED,1,0.45,,True,,0.1489,False,,,,0.5,0.05,RSIADX_PROBE,False,,,0,,0.0877,0.3922,True,,,,,0.7428,0.7393,2026-07-17T17:17:19.945673,2026-07-17T17:40:37.079055,0.3019,-0.1711,4.19,27.48,44.8,-0.1305,-0.1305,0.0,44.8,-0.1305,,,,,44.8,-0.1305,,,,,False,MOMENTUM,,,,,,0.2614,0.0992,0.2344,0.2073,-0.0765,2026-07-17T17:11:42.153320,,,,,,,,,,,,,,,,,,,,-0.1305,window,,-0.1305,window,,-0.1305,window,,-0.1305,window,,-0.1305,window,,-0.1305,window,,-0.1305,window,,-0.1305,window,,-0.1305,window,,,0.4501,-0.1305,,-0.1305,,-0.1305,,-0.1305,,-0.1305,,-0.1305,,-0.1305,,-0.1305,,0.4500677527258393,atr,False,,,,False,,,,,,,,,,,,,2026-07-17T17:01:00,2026-07-17T17:13:08.299035,RUNNER_TRAIL,TAKER_FALLBACK,TAKER,True,,0.7032,
81,,PUMPUSDT,LONG,CLOSED,0.001707,0.001691,0.001692,283.84513442718355,1.0,283.84513442718355,166283.0312988773,STRONG_BUY,0.5827,0.1455,0.1988,63.84,62.02,21.5866,21.0172,0.2175,0.218,BULLISH,0.2507,0.1154,18.256,17.0671,65.6,64.6,53.9,0.2192,54.6,49.4,False,False,False,False,False,False,False,False,False,False,False,False,False,False,False,False,False,UNMATCHED,,,0.5058,0.9536,77.3,18.2,92.2,0.5694,3.0,HEALTHY_BULL,BULL_EXHAUSTED,,0.3226,28.072104166085687,15.454486652680806,0.687,0.7418,7.4e-05,1.1748,0.5634,0.3086,0.0012,2026-07-17T17:10:29.131811,0.08566783831282744,77871431.59867,24,372.4,,False,,,,,,,283.84513442718355,77871.43159867001,False,,0.4846,2026-07-17T16:58:29.368628,-0.6756,,,2026-07-17T17:12:59.880071,-0.6756,,,0.1277303104922326,0.12653307266688069,0.2542633831591133,-2.9147918839411426,-1.0268951376684214,0.20277973052138334,-1.0268951376684214,0.001712,0.001707,0.0,0.4248,0.104,2026-07-17T17:10:29.131781,2026-07-17T17:15:57.163123,-0.5075,ENDED_NEG,1,0.45,,False,,0.0,False,,,,0.5,0.05,DEADBAND_PROBE,False,-0.6755594610427667,,0,,-0.5075,-0.2064,True,,,,,0.001693,0.001673,2026-07-17T17:28:09.919697,2026-07-17T17:55:39.247606,-0.9102,-2.0818,12.21,39.7,41.98,-1.9646,-2.0232,0.0,41.98,-1.9646,,,,,41.98,-1.9646,-0.9097832454598656,2026-07-17T17:15:41.928092,,,False,MOMENTUM,,,,,,-1.2616,-1.6131,-1.7889,-1.2616,-1.3788,,,,,,,,,,,,,,,,,,,,,-2.0232,window,,-2.0232,window,,-2.0232,window,,-2.0232,window,,-2.0232,window,,-2.0232,window,,-2.0232,window,,-2.0232,window,,-2.0232,window,,,,-2.0232,,-2.0232,,-2.0232,,-2.0232,,-2.0232,,-2.0232,,-0.7,0.0,-0.7,0.0,0.4248293211839628,,False,,,,False,,,,,,,,,-0.1486,7.13,-0.4999,3.41,2026-07-17T16:53:54,2026-07-17T17:15:57.165286,STOP_LOSS L1,TAKER_FALLBACK,TAKER,True,,-2.9148,
80,,SOLUSDT,LONG,CLOSED,74.929,75.36,75.39,283.84513442718355,1.0,283.84513442718355,3.788187943615737,VERY_STRONG,0.3122,0.0676,0.1137,62.97,67.84,25.1387,24.2156,0.0268,0.0268,BULLISH,0.1398,0.1154,18.256,17.0671,65.6,64.6,53.9,0.2192,54.6,49.4,False,False,False,False,False,False,False,False,False,False,False,False,False,False,False,False,False,UNMATCHED,,,0.5058,0.8782,77.3,18.2,88.0,0.9232,3.0,HEALTHY_BULL,HEALTHY_BULL,,0.3226,24.47657860057065,11.219238846663092,0.2827,0.2723,7.4e-05,0.3663,0.2083,0.3086,0.0012,2026-07-17T17:06:38.215355,,1215400603.4829,3,2132.4,,False,,,,,,,283.84513442718355,500000.0,False,,0.4797,,,,,,,,,0.05109212419689304,0.12846502954389685,0.1795571537407899,1.4531518499575828,0.5119523548959647,0.8054315151676872,-0.12836581296962002,75.58,74.929,0.0,0.4717,0.411,2026-07-17T17:11:49.071339,2026-07-17T16:57:15.802565,-0.0771,RECOVERED,1,0.45,,True,,-0.0013,False,,,,0.5,0.05,DEADBAND_PROBE,False,,,0,,0.1457,0.4463,True,,,,,75.38,75.11,2026-07-17T17:17:19.945673,2026-07-17T17:36:42.080277,,,,,,,,,,,,,,,,,,,,,False,MOMENTUM,,,,,,0.4855,0.4054,0.4054,0.3921,0.2319,2026-07-17T17:09:05.931997,,,,,,,,,,,,,,,,,,,,,,,,,,,,,,,,,,,,,,,,,,,,,,,,0.5802,,,,,,,,,,,,,,,,,0.5670383179677397,atr,False,,,,False,,,,,,,,,-0.0883,0.01,,,2026-07-17T16:53:34,2026-07-17T17:12:36.028754,RUNNER_TRAIL,MAKER,TAKER,True,,1.4532,
79,,XLMUSDT,LONG,CLOSED,0.18744,0.18631,0.18633,283.84513442718355,1.0,283.84513442718355,1514.3253010413123,VERY_STRONG,0.384,0.0927,0.132,62.55,65.48,23.43,22.5597,0.0616,0.0616,BULLISH,0.1791,0.1162,18.0235,17.0671,65.7,64.6,53.9,0.2148,54.9,49.4,False,False,False,False,False,False,False,False,False,False,False,False,False,False,False,False,False,UNMATCHED,,,0.4537,0.6909,77.3,15.9,88.3,0.8703,4.0,HEALTHY_BULL,STRONG_BULL,,0.3234,20.91000542161897,10.126540862935583,0.4001,0.4519,7.4e-05,0.6843,0.2866,0.315,0.0028,2026-07-17T18:14:18.281498,-0.3672972684592364,67794422.89657,28,2370.4,,False,,,,,,,283.84513442718355,67794.42289657,False,,0.5854,2026-07-17T18:14:18.274502,-0.3673,,,2026-07-17T18:14:18.274502,-0.3673,,,0.1277303104922326,0.12696027607665308,0.25469058656888566,-1.9658781767455564,-0.6925882949210371,0.27261950490824477,-0.6925882949210371,0.18812,0.18744,0.0,,,,2026-07-17T18:15:37.565804,-0.37,ENDED_NEG,1,0.45,,False,,-0.0053,False,,,,0.5,0.05,DEADBAND_PROBE,False,-0.356631988903116,,0,,-0.37,-0.0527,True,,,,,0.18739,0.18597,2026-07-17T18:55:03.203419,2026-07-17T18:21:51.278949,-0.1167,-0.8743,39.42,6.22,0.0,-0.7089,-0.4528,0.0,0.0,-0.7089,5.2,-0.7889,,,0.0,-0.7089,-0.40995838668373313,2026-07-17T17:21:20.020518,,,True,MOMENTUM,2026-07-17T18:25:51.497778,-0.7355,,,,-0.6182,-0.7409,-0.7729,-0.6982,-0.6075,,,,,,,,,,,,,,,,,,,,,-0.4528,window,,-0.4528,window,,-0.4528,window,,-0.4528,window,,-0.4528,window,,-0.4528,window,,-0.4528,window,,-0.4528,window,,-0.4528,window,,,,-0.4528,,-0.4528,,-0.4528,,-0.4528,,-0.4528,,-0.4528,,-0.7,1.33,-0.7,1.33,0.3559529632755089,,False,,,,False,,,2026-07-17T18:14:18.387659,-0.3673,2026-07-17T18:14:35.549262,-0.3993,,,-0.2553,3.76,-0.2553,3.76,2026-07-17T16:52:25,2026-07-17T18:15:37.568695,STOP_LOSS L1,TAKER_FALLBACK,TAKER,True,,-1.9659,
78,,ARBUSDT,SHORT,CLOSED,0.08750000000000001,0.08814,0.08814,585.3889322505523,20.0,11707.778645011047,133803.18451441196,STRONG_BUY,0.4516,0.1524,0.1562,33.57,32.65,26.1758,25.649,0.226,-0.2255,BEARISH,-0.2183,-0.0642,22.2909,21.6351,44.0,38.0,52.6,0.2427,36.5,40.2,False,False,False,False,False,False,False,False,False,False,True,False,False,False,False,False,True,W1,,,1.0972,0.6579,25.0,70.5,15.1,0.5269,4.0,HEALTHY_BEAR,CHOPPY_WEAK,,0.0307,13.547643589351994,26.908382010568417,0.4116,-0.3471,-2.7e-05,-0.6068,-0.5331,-0.1576,-0.1499,2026-07-17T15:32:13.495134,0.09707200000001728,40544712.825245,41,1212.3,,False,,,,,,,11707.778645011047,40544.712825245,False,,0.0871,2026-07-17T15:32:33.419683,-0.4746,,,2026-07-17T15:37:22.077590,-0.5775,,,2.1074001561019884,5.307035707395121,7.4144358634971095,-93.04847395271912,-0.7947577142857001,0.24571028571429296,-0.874793714285701,0.08750000000000001,0.08723,0.0,0.552,0.0173,2026-07-17T15:32:13.746242,2026-07-17T15:37:24.283127,-0.5405,ENDED_NEG,1,0.45,,False,,-0.1144,False,,,,1.0,1.0,W1,False,-0.4746137142856975,,0,,-0.3405,0.1924,True,,,,,0.08984,0.08793,2026-07-17T16:22:24.470030,2026-07-17T15:42:37.322217,-0.5544,-2.7373,4.77,44.56,0.0,-0.7944,-2.3487,0.0,0.0,-0.7944,27.02,-1.1373,,,0.0,-0.7944,,,,,False,MOMENTUM,2026-07-17T15:37:51.137519,-0.7944,,,,-0.783,-0.7944,-0.5887,-0.8859,-1.1144,,,,,2026-07-17T15:30:32.400702,-0.3717,,,,,,,,,,,,,,,-2.3487,window,,-2.3487,window,,-2.3487,window,,-2.3487,window,,-2.3487,window,,-2.3487,window,,-2.3487,window,,-2.3487,window,,-2.3487,window,,,,-2.3487,,-2.3487,,-2.3487,,-2.3487,,-2.3487,,-2.3487,,-0.7,16.39,-0.7,16.39,0.4943725892532186,,False,,,,False,,,2026-07-17T15:26:02.770939,-0.1773,,,2026-07-17T15:30:32.400517,-0.3717,-0.143,1.14,,,2026-07-17T15:21:00,2026-07-17T15:37:50.803083,STOP_LOSS L1,MAKER,TAKER,True,,-93.0485,
77,,UNIUSDT,SHORT,CLOSED,3.463,3.485,3.484,292.69446612527616,1.0,292.69446612527616,84.520492672618,STRONG_BUY,0.3745,0.1375,0.1387,36.16,38.37,20.5908,19.9963,0.1911,-0.1908,BEARISH,-0.1782,-0.0642,22.2909,21.6351,44.0,38.0,52.6,0.2427,36.5,40.2,False,False,False,False,False,False,False,False,False,False,False,False,False,True,False,False,True,W4,,,1.0972,0.6353,25.0,70.5,31.5,0.5944,3.0,HEALTHY_BEAR,CHOPPY_FLAT,,0.0307,17.302734373791893,30.974053656960702,0.4058,-0.156,-2.7e-05,-0.3197,-0.4663,-0.1576,-0.1499,,,60448478.632,34,2128.3,,False,,,,,,,292.69446612527616,60448.478632,False,,0.0479,2026-07-17T15:26:34.146195,-0.5541,,,2026-07-17T15:27:29.918085,-0.6408,,,0.05268500390254971,0.13254926263383318,0.1852342665363829,-2.044685105333962,-0.6985732024256367,0.0,-0.7852422754836821,3.463,3.463,0.0,,,,2026-07-17T15:28:21.237163,-0.3514,ENDED_NEG,1,0.45,,False,,-0.0289,False,,,,0.5,0.05,RSIADX_PROBE,False,-0.5541247473289028,,0,,-0.2369,0.0103,True,,,,,3.511,3.482,2026-07-17T16:05:51.856907,2026-07-17T15:32:14.106918,-0.6117,-1.4491,3.23,36.86,0.0,-0.6983,-1.1603,0.0,0.0,-0.6983,4.34,-1.1026,,,2.11,-1.0159,,,,,False,MOMENTUM,2026-07-17T15:29:00.824788,-0.6983,,,,-0.8715,-1.0159,-1.1314,-1.0448,-1.3047,,,,,,,,,,,,,,,,,,,,,-1.1603,window,,-1.1603,window,,-1.1603,window,,-1.1603,window,,-1.1603,window,,-1.1603,window,,-1.1603,window,,-1.1603,window,,-1.1603,window,,,,-1.1603,,-1.1603,,-1.1603,,-1.1603,,-1.1603,,-1.1603,,-0.7,7.64,-0.7,7.64,0.1621908095907598,,False,,,,False,,,2026-07-17T15:26:02.767683,-0.4963,,,,,-0.4386,4.8,-0.6697,7.05,2026-07-17T15:20:42,2026-07-17T15:29:00.188259,STOP_LOSS L1,MAKER,TAKER,True,,-2.0447,
76,,AEROUSDT,SHORT,CLOSED,0.4783,0.4814,0.4808,292.69446612527616,1.0,292.69446612527616,611.9474516522604,STRONG_BUY,0.6091,0.1937,0.2048,31.67,36.45,22.0172,20.6388,0.4019,-0.4003,BEARISH,-0.2727,-0.0374,21.2973,20.9533,42.3,44.8,57.7,0.2299,36.5,40.2,True,False,False,False,False,False,False,False,False,True,True,False,False,False,False,False,True,C1,,-0.7,0.9192,0.6414,31.8,65.9,14.6,1.3785,3.0,HEALTHY_BEAR,CHOPPY_FLAT,,0.0652,13.802643227523223,32.158277153703374,0.5457,-0.4312,-0.000105,-0.761,-0.7968,-0.2008,-0.1496,2026-07-17T15:14:19.200408,0.08341752038469127,37166444.42159,42,590.0,,False,,,,,,,292.69446612527616,37166.44442159,False,,0.0424,2026-07-17T15:27:24.958530,-0.6696,,,,,,,0.05268500390254971,0.13256617645142915,0.18525118035397886,-2.082288280475981,-0.7114204474179366,0.20891825214301132,-0.7114204474179366,0.4783,0.477,0.0,0.6544,-0.5288,2026-07-17T15:14:19.200369,2026-07-17T15:27:25.168322,-0.2795,ENDED_NEG,1,0.45,,True,,-0.0209,False,,,,0.5,0.05,RSIADX_PROBE,False,-0.6695868701651712,,0,,-0.3003,-0.014,True,,,,,0.5075,0.4795,2026-07-17T16:02:37.521937,2026-07-17T15:32:14.106918,-0.3139,-6.168,4.81,35.2,9.3,-0.9202,-3.45,0.0,0.0,-0.7111,11.54,-1.1084,,,9.3,-0.9202,,,,,False,MOMENTUM,2026-07-17T15:27:25.613161,-0.7111,,,,-0.7111,-0.732,-0.5857,-0.8366,-2.7182,,,,,,,,,,,,,,,,,,,,,-3.45,window,,-3.45,window,,-3.45,window,,-3.45,window,,-3.45,window,,-3.45,window,,-3.45,window,,-3.45,window,,-3.45,window,,,,-3.45,,-3.45,,-3.45,,-3.45,,-3.45,,-3.45,,-0.7,15.92,-0.7,15.92,0.5911805843767154,,False,,,,False,,,2026-07-17T15:26:02.764626,-0.4395,,,,,-0.314,11.76,-0.2303,7.9,2026-07-17T15:11:29,2026-07-17T15:27:25.214568,PATTERN_FIXED_SL L1,MAKER,TAKER,True,,-2.0823,
75,,DOGEUSDT,LONG,CLOSED,0.07192,0.07214,0.07215,293.3057939805014,1.0,293.3057939805014,4078.2229418868383,VERY_STRONG,0.2812,0.091,0.1185,61.35,59.02,29.5288,30.8723,0.0575,0.0575,BULLISH,0.0991,0.1242,31.2648,31.8275,65.4,63.3,60.9,0.2346,46.2,39.7,False,False,False,False,False,False,False,False,False,False,False,False,False,False,False,False,False,UNMATCHED,,,1.0684,0.6106,84.1,15.9,80.3,-1.3434,2.0,STRONG_BULL,HEALTHY_BULL,,0.1306,28.605707049053375,22.446562674071718,0.28,0.022,-2.7e-05,0.115,0.2672,0.3325,-0.1207,2026-07-17T16:00:13.722791,0.09067505561735974,232291721.34694,9,2198.2,,False,,,,,,,293.3057939805014,232291.72134694,False,,0.263,2026-07-17T14:32:00.908142,-0.2707,2026-07-17T15:05:14.179898,-0.3124,2026-07-17T14:32:40.173578,-0.3263,2026-07-17T15:08:02.023469,-0.4791,0.13198760729122563,0.1323913513624724,0.26437895865369804,0.6328300885613982,0.2157577864293632,0.5076174916573969,-0.6876174916573969,0.07235,0.07192,0.0,0.2603,0.1748,2026-07-17T16:19:42.159529,2026-07-17T15:06:39.680687,-0.4434,ENDED_NEG,1,0.45,,True,,-0.1111,False,,,,0.5,0.05,RSIADX_PROBE,False,-0.27067505561734045,,0,,-0.0354,0.1273,True,,,,,0.07256,0.07208,2026-07-17T17:06:58.552445,2026-07-17T16:22:36.556462,0.7999,0.1325,44.96,0.6,,,0.786,,34.16,0.5357,33.02,0.5635,,,,,-0.2984712180200186,2026-07-17T15:01:21.174146,,,False,MOMENTUM,,,,,,0.1464,0.2715,0.341,0.5079,0.5774,2026-07-17T16:19:42.159576,,,,2026-07-17T15:06:23.371227,-0.5625,,,,,,,,,,,,,,,0.2576,trailing,114.53,0.786,window,,0.2576,trailing,114.53,0.2076,trailing,115.63,0.3686,stretch,113.7,0.3408,stretch,113.71,0.3269,stretch,114.13,0.786,window,,0.2852,ema5_cross,114.51,0.2696,0.2696,0.3547,113.71,0.2158,115.58,0.786,,0.3686,113.7,0.3547,113.71,0.3547,113.71,0.1742,110.31,0.1742,110.31,0.3407256440578344,atr,False,,,,False,,,2026-07-17T14:55:06.318949,-0.1317,2026-07-17T14:57:21.493077,-0.1317,2026-07-17T15:06:23.371050,-0.5625,-0.1317,4.5,-0.1039,18.03,2026-07-17T14:26:24,2026-07-17T16:22:00.526173,RUNNER_TRAIL,TAKER_FALLBACK,TAKER,True,,0.6328,
74,,NEARUSDT,LONG,CLOSED,1.93,1.917,1.918,293.3057939805014,1.0,293.3057939805014,151.9719139795344,VERY_STRONG,0.5338,0.1324,0.2164,61.08,77.18,25.1784,25.3537,0.1137,-0.1136,BULLISH,0.215,0.1408,31.8057,32.5567,62.3,63.9,43.5,0.2444,44.0,39.7,False,False,False,False,False,False,False,False,False,False,False,False,False,False,False,False,False,UNMATCHED,,,1.5096,1.0349,81.8,15.9,67.9,-0.1753,2.0,STRONG_BULL,HEALTHY_BULL,,0.0919,29.803913507015306,18.69718895351548,0.4184,0.2254,-2.7e-05,0.3806,0.2352,0.2841,-0.1322,,,161405346.332,12,2101.3,,False,,,,,,,293.3057939805014,161405.346332,False,,0.1538,2026-07-17T14:27:13.003328,-0.2184,,,2026-07-17T14:31:57.232453,-0.4255,,,0.05279504291649025,0.13109857159444535,0.1838936145109356,-2.1595284962448678,-0.7362720207253834,0.14416062176165823,-0.7362720207253834,1.934,1.93,0.0,0.0416,0.0664,2026-07-17T14:25:11.275658,2026-07-17T14:44:00.770236,-0.473,ENDED_NEG,1,0.45,,False,,-0.0518,False,,,,0.5,0.05,RSIADX_PROBE,False,-0.2183704663212379,,0,,-0.473,-0.2225,True,,,,,1.922,1.893,2026-07-17T14:44:32.968575,2026-07-17T15:15:44.454142,-0.4775,-1.9801,0.53,31.72,0.0,-0.6848,-1.2547,0.0,2.68,-0.8402,8.3,-1.1511,,,0.0,-0.6848,-0.2701606217616582,2026-07-17T14:37:59.504990,,,False,MOMENTUM,2026-07-17T14:55:06.322626,-1.0993,,,,-0.4775,-0.6848,-0.9438,-0.8402,-1.8247,,,,,,,,,,,,,,,,,,,,,-1.2547,window,,-1.2547,window,,-1.2547,window,,-1.2547,window,,-1.2547,window,,-1.2547,window,,-1.2547,window,,-1.2547,window,,-1.2547,window,,,,-1.2547,,-1.2547,,-1.2547,,-1.2547,,-1.2547,,-1.2547,,-0.7,19.01,-0.7,19.01,0.15874565884550584,,False,,,,False,,,,,,,,,-0.063,0.03,-0.3737,7.11,2026-07-17T14:24:56,2026-07-17T14:44:00.773618,STOP_LOSS L1,MAKER,TAKER,True,,-2.1595,
73,,LTCUSDT,LONG,CLOSED,44.649,44.36,44.37,293.3057939805014,1.0,293.3057939805014,6.569145870691424,VERY_STRONG,0.3778,0.1101,0.1514,64.11,74.71,26.0715,26.3893,0.0058,0.0058,BULLISH,0.1611,0.147,32.0505,32.5567,64.5,63.9,43.5,0.238,45.1,39.7,False,False,False,False,False,False,False,False,False,False,False,False,False,False,False,False,False,UNMATCHED,,,1.2357,0.8286,77.3,18.2,76.9,-0.3178,3.0,STRONG_BULL,HEALTHY_BEAR,,0.0986,31.753627762995784,20.327214603081085,0.2656,0.0684,-2.7e-05,0.1623,0.2674,0.3394,-0.1267,,,64804475.72,34,2381.3,,False,,,,,,,293.3057939805014,64804.47572,False,,0.0884,2026-07-17T14:33:00.387792,-0.2622,2026-07-17T14:47:58.240976,-0.307,2026-07-17T14:45:09.679110,-0.3518,2026-07-17T14:53:46.421057,-0.4413,0.05279504291649025,0.13113328987074221,0.18392833278723247,-2.0824114894170638,-0.7099796635982922,0.14072024009496537,-0.7099796635982922,44.74,44.649,0.0,0.1548,0.1891,2026-07-17T14:25:25.983056,2026-07-17T15:06:36.917193,-0.3193,ENDED_NEG,1,0.45,,False,,-0.0022,False,,,,0.5,0.05,RSIADX_PROBE,False,-0.26224287218078485,,0,,-0.3193,-0.0763,True,,,,,44.8,44.33,2026-07-17T15:40:15.793242,2026-07-17T15:07:17.515633,0.2752,-0.7775,33.64,0.67,0.01,-0.7103,0.1632,0.0,0.01,-0.7103,10.51,-0.6207,,,0.01,-0.7103,-0.39656390960604027,2026-07-17T14:45:37.665103,,,False,MOMENTUM,2026-07-17T15:06:37.610973,-0.7103,,,,-0.6879,-0.5983,-0.5087,-0.4639,0.1632,,,,,2026-07-17T15:06:23.368601,-0.6204,,,,,,,,,,,2026-07-17T15:41:57.258706,0.0512,2026-07-17T15:41:37.009876,0.0736,0.1632,window,,0.1632,window,,0.1632,window,,0.1632,window,,0.1632,window,,0.1632,window,,0.1632,window,,0.1632,window,,0.1632,window,,,,0.1632,,0.1632,,0.1632,,0.1632,,0.1632,,0.1632,,-0.7,45.02,-0.7,45.02,0.15478049705057684,,False,,,,False,,,2026-07-17T14:55:06.315511,-0.3966,2026-07-17T14:57:21.491123,-0.307,2026-07-17T15:06:23.368397,-0.6204,-0.0608,2.26,-0.1503,9.37,2026-07-17T14:21:32,2026-07-17T15:06:36.919764,STOP_LOSS L1,MAKER,TAKER,True,,-2.0824,
72,,HYPEUSDT,LONG,CLOSED,60.517,60.055,60.069,293.3057939805014,1.0,293.3057939805014,4.846667778979483,VERY_STRONG,0.5603,0.1794,0.2303,58.91,60.62,22.1341,22.8062,0.0923,0.0923,BULLISH,0.2209,0.147,32.0505,32.5567,64.5,63.9,43.5,0.238,45.1,39.7,False,False,False,False,False,False,False,False,False,False,False,False,False,False,False,False,False,UNMATCHED,,,1.2357,0.7886,77.3,18.2,77.9,-0.6721,4.0,STRONG_BULL,HEALTHY_BULL,,0.0986,24.897641151643796,19.01477942957052,0.5568,0.1165,-2.7e-05,0.3138,0.5029,0.3394,-0.1267,,,1080747005.63911,4,413.2,,False,,,,,,,293.3057939805014,500000.0,False,,0.1557,2026-07-17T14:39:40.144764,-0.4099,,,2026-07-17T14:41:53.623376,-0.5569,,,0.05279504291649025,0.13097998505997577,0.18377502797646603,-2.422935541865003,-0.8260783085744554,0.11538194226415217,-0.8260783085744554,60.625,60.517,0.0,0.276,0.0388,2026-07-17T14:36:17.084631,2026-07-17T14:45:13.192692,-0.4906,ENDED_NEG,1,0.45,,False,,-0.0017,False,,,,0.5,0.05,GAPFLAT_PROBE,False,-0.40985377662475136,,0,,-0.4906,-0.1291,True,,,,,60.584,59.79,2026-07-17T15:30:14.116991,2026-07-17T15:07:10.426121,0.0477,-1.2643,45.01,21.95,0.0,-0.8347,0.0477,0.0,0.0,-0.8347,7.09,-0.6529,,,1.47,-0.9834,,,,,False,MOMENTUM,2026-07-17T14:55:06.322626,-0.6265,,,,-0.8991,-0.7884,-0.7405,-0.8165,-0.8859,,,,,,,,,,,,,,,,,,,,,0.0477,window,,0.0477,window,,0.0477,window,,0.0477,window,,0.0477,window,,0.0477,window,,0.0477,window,,0.0477,window,,0.0477,window,,,,0.0477,,0.0477,,0.0477,,0.0477,,0.0477,,0.0477,,-0.7,23.32,-0.7,23.32,0.2849591687511766,,False,,,,False,,,,,,,,,-0.248,2.43,-0.5651,20.81,2026-07-17T14:21:22,2026-07-17T14:45:13.195180,STOP_LOSS L1,MAKER,TAKER,True,,-2.4229,
71,,ARBUSDT,LONG,CLOSED,0.09039,0.08984,0.08992,294.0823298200054,1.0,294.0823298200054,3253.4830160416573,VERY_STRONG,0.3792,0.0399,0.122,62.67,58.16,26.7255,27.6804,0.0854,0.0855,BULLISH,0.1292,0.0388,19.4892,19.4235,60.2,61.8,63.1,0.1084,35.1,31.8,False,False,False,False,False,False,False,False,False,False,False,False,False,False,False,False,False,UNMATCHED,,,0.8602,0.6369,59.1,25.0,81.5,-0.9549,3.0,HEALTHY_BULL,CHOPPY_WEAK,,0.0622,21.91955234003554,16.430990047620575,0.4127,0.5863,-0.002097,0.831,0.2476,0.0669,-0.2932,2026-07-17T10:35:56.812513,0.09798926872442025,37268528.49113,43,1212.1,,False,,,,,,,294.0823298200054,37268.528491130004,False,,0.0972,2026-07-17T11:00:08.001905,-0.2006,2026-07-17T11:19:27.889427,-0.3112,2026-07-17T11:15:57.064327,-0.289,,,0.13233704841900243,0.13153181137253214,0.26386885979153457,-2.0532845186144297,-0.6982005752848711,0.42973503706161986,-0.6982005752848711,0.09086,0.09039,0.0,0.5568,0.1414,2026-07-17T10:35:57.759843,2026-07-17T11:28:25.988479,-0.3856,ENDED_NEG,1,0.45,,False,,0.0111,False,,,,0.5,0.05,RSIADX_PROBE,False,-0.20058192277907166,,0,,-0.3856,-0.2317,True,,,,,0.08995,0.08896,2026-07-17T11:29:01.868396,2026-07-17T12:12:09.899005,-0.5768,-1.672,0.59,43.73,0.01,-0.6874,-1.5946,0.0,0.01,-0.6874,2.99,-0.9308,,,0.01,-0.6874,-0.21164011505697425,2026-07-17T11:15:35.770858,,,False,MOMENTUM,2026-07-17T11:28:26.683794,-0.6874,,,,-0.6653,-0.787,-0.9087,-0.964,-1.141,,,,,,,,,,,,,,,,,,,,,-1.5946,window,,-1.5946,window,,-1.5946,window,,-1.5946,window,,-1.5946,window,,-1.5946,window,,-1.5946,window,,-1.5946,window,,-1.5946,window,,,,-1.5946,,-1.5946,,-1.5946,,-1.5946,,-1.5946,,-1.5946,,0.1797,3.8,0.1797,3.8,0.5348966328386484,,False,,,,False,,,2026-07-17T11:10:25.569327,0.0869,,,,,-0.2116,41.97,-0.1453,9.04,2026-07-17T10:33:36,2026-07-17T11:28:25.991106,STOP_LOSS L1,TAKER_FALLBACK,TAKER,True,,-2.0533,
70,,KAITOUSDT,LONG,CLOSED,0.888,0.8894,0.8898,294.03597279726716,1.0,294.03597279726716,331.12159098791346,VERY_STRONG,0.5088,0.0707,0.1765,55.91,64.11,29.6369,30.2045,0.1285,-0.1284,BULLISH,0.2047,0.0572,18.5676,17.8302,65.0,63.1,60.4,0.1117,36.1,31.8,False,False,False,False,False,False,False,False,False,False,False,False,False,False,False,False,False,UNMATCHED,,,0.5389,0.7406,66.7,15.6,59.4,-0.5676,3.0,HEALTHY_BULL,HEALTHY_BULL,,0.0181,25.749466063950937,16.373618272960965,0.8594,0.8678,-0.000505,1.3121,0.1186,0.1919,-0.2886,2026-07-17T10:10:24.304558,0.09458671171170685,108644612.00423,16,511.9,,False,,,,,,,294.03597279726716,108644.61200422999,False,,0.0459,2026-07-17T10:12:40.950733,-0.1193,,,2026-07-17T10:15:22.543158,-0.4007,,,0.05292647510350809,0.1325247943610926,0.1854512694646007,0.27811895791846386,0.09458671171170685,0.4998096846846852,-0.7158592342342373,0.893,0.888,0.0,0.3978,-0.0409,2026-07-17T10:18:58.580342,2026-07-17T10:15:52.232388,-0.7563,ENDED_NEG,1,0.45,,True,,-0.0113,False,,,,0.5,0.05,GAPFLAT_PROBE,False,-0.11928096846847475,,0,,-0.0054,-0.0409,True,,,,,0.8986,0.8765,2026-07-17T10:49:06.863099,2026-07-17T11:03:46.227461,1.1307,-1.358,29.84,44.49,1.57,-0.1981,-1.1891,0.0834,7.21,-0.9301,7.21,-0.9301,,,1.57,-0.1981,-0.310636261261259,2026-07-17T10:16:19.780352,,,False,MOMENTUM,,,,,,-0.0968,-0.0292,-0.3333,-0.2882,1.0406,,,,,,,2026-07-17T10:42:43.680001,0.3649,2026-07-17T10:42:43.680001,0.3649,2026-07-17T10:45:07.509397,0.3424,2026-07-17T10:45:05.491372,0.3875,2026-07-17T10:45:07.509397,0.3424,2026-07-17T10:45:06.499465,0.2748,2026-07-17T10:45:06.499465,0.2748,0.2498,trailing,13.02,-0.1002,trailing,13.92,0.2498,trailing,13.02,0.1998,trailing,13.02,0.2972,stretch,12.98,0.2522,stretch,12.99,0.2184,stretch,13.02,0.2184,stretch,13.02,0.0946,ema5_cross,13.21,0.9681,0.3978,0.0496,13.23,-0.1981,14.78,-0.1981,14.78,0.3647,12.98,0.3197,12.98,0.2409,13.02,-0.7,9.79,-0.7,9.79,0.5178363880198975,lock,False,,,,False,,,,,,,,,-0.1418,0.01,,,2026-07-17T10:06:03,2026-07-17T10:19:16.263643,RUNNER_TRAIL,MAKER,TAKER,True,,0.2781,
69,,LDOUSDT,LONG,CLOSED,0.3738,0.3745,0.3747,294.1603966990857,1.0,294.1603966990857,786.9459515759381,VERY_STRONG,0.4364,0.0649,0.1697,55.83,59.56,26.8749,27.6296,0.1399,-0.1397,BULLISH,0.1175,0.0264,24.2296,25.6296,57.8,56.5,52.6,0.1261,30.9,28.0,False,False,False,False,False,False,False,False,False,False,False,False,False,False,False,False,False,UNMATCHED,,,1.3998,0.9697,73.3,17.8,54.5,-0.7547,4.0,HEALTHY_BULL,HEALTHY_BULL,,-0.1345,25.97749889636962,18.404047876788166,0.5447,0.4431,-0.000505,0.6703,0.0946,0.1192,-0.3705,2026-07-17T09:36:01.557482,0.09718164794006909,35405061.4896,46,1395.1,,False,,,,,,,294.1603966990857,35405.061489600004,False,,-0.0832,2026-07-17T09:29:05.196919,-0.2772,,,2026-07-17T09:30:32.166290,-0.5178,,,0.13237217851458857,0.13262006648933497,0.26499224500392354,0.2858699210992161,0.09718164794006909,0.4982851792402299,-0.7317656500802604,0.376,0.3738,0.0,0.4288,0.0545,2026-07-17T09:39:37.459785,2026-07-17T09:31:02.998368,-0.4707,RECOVERED,1,0.45,,True,,0.1071,False,,,,0.5,0.05,GAPFLAT_PROBE,False,-0.277181647940084,,0,,0.03,0.0545,True,,,,,0.3767,0.3712,2026-07-17T10:23:21.839170,2026-07-17T09:59:06.639997,0.6858,-0.7856,42.35,18.1,14.77,-0.2773,0.3915,0.4986,14.77,-0.2773,,,,,14.77,-0.2773,-0.5980644729802066,2026-07-17T09:30:48.252937,,,False,MOMENTUM,,,,,,0.0438,0.017,0.2043,-0.2773,0.4718,,,,,,,2026-07-17T10:09:20.104119,0.4183,2026-07-17T09:41:00.956967,0.0973,2026-07-17T09:41:00.956967,0.0973,2026-07-17T09:41:00.956967,0.0973,2026-07-17T09:41:00.956967,0.0973,2026-07-17T09:41:03.017537,0.124,2026-07-17T09:41:00.956967,0.0973,0.2483,trailing,13.15,-0.1017,trailing,13.98,0.2483,trailing,13.15,0.1983,trailing,13.57,0.2844,stretch,13.14,0.2309,stretch,13.15,0.2041,stretch,13.57,-0.2773,ema13,28.39,0.0973,ema5_cross,13.63,0.4887,0.4644,0.2041,13.57,-0.0632,13.97,-0.3308,27.79,0.3378,11.66,0.3111,13.14,0.2309,13.15,-0.7,3.66,-0.7,3.66,0.46436589499914077,lock,False,,,,False,,,,,,,,,,,,,2026-07-17T09:27:20,2026-07-17T09:41:00.215266,RUNNER_TRAIL,TAKER_FALLBACK,TAKER,True,,0.2859,
68,,VIRTUALUSDT,LONG,CLOSED,0.6227,0.6189,0.619,294.1603966990857,1.0,294.1603966990857,472.3950484970061,VERY_STRONG,0.5775,0.1273,0.2399,58.9,68.01,22.215,22.2475,0.145,-0.1448,BULLISH,0.2003,0.0264,24.2296,25.6296,57.8,56.5,52.6,0.1261,30.9,28.0,False,False,False,False,False,False,False,False,False,False,False,False,False,False,False,False,False,UNMATCHED,,,1.3998,1.032,73.3,17.8,65.3,-0.0325,5.0,HEALTHY_BULL,CHOPPY_WEAK,,-0.1345,32.97728926938405,21.176190123798044,0.4443,0.2009,-0.000505,0.3611,0.2222,0.1192,-0.3705,2026-07-17T09:46:58.050721,0.08657057973341736,42188763.87572,41,583.9,,False,,,,,,,294.1603966990857,42188.763875720004,False,,-0.0348,2026-07-17T09:50:00.112145,-0.2666,2026-07-17T10:00:00.624244,-0.4271,2026-07-17T09:56:03.925251,-0.4592,,,0.13237217851458857,0.13156438298165868,0.2639365614962472,-2.0590377457848827,-0.6999710936245425,0.2791930303516892,-0.6999710936245425,0.625,0.6227,0.0,0.3351,0.0239,2026-07-17T09:47:15.280478,2026-07-17T10:00:08.837508,-0.4187,ENDED_NEG,1,0.45,,False,,0.1447,False,,,,0.5,0.05,GAPFLAT_PROBE,False,-0.26657057973341736,,0,,-0.4187,-0.2039,True,,,,,0.6252,0.6189,2026-07-17T10:36:55.501205,2026-07-17T10:00:09.235762,0.3115,-0.7002,36.77,0.0,0.01,-0.6842,0.0706,0.0,0.01,-0.6842,11.59,-0.3309,,,0.01,-0.6842,-0.3468299341577077,2026-07-17T09:55:55.990493,,,False,MOMENTUM,,,,,,-0.4754,-0.3469,-0.09,-0.2185,-0.0739,,,,,,,,,2026-07-17T10:37:55.167056,0.1027,,,,,,,,,,,0.0706,window,,0.0706,window,,0.0706,window,,0.0706,window,,0.0706,window,,0.0706,window,,0.0706,window,,0.0706,window,,0.0706,window,,,,0.0706,,0.0706,,0.0706,,0.0706,,0.0706,,0.0706,,0.0706,,0.0706,,0.3350998839730579,,False,,,,False,,,,,,,,,-0.09,0.01,-0.2184,24.25,2026-07-17T09:27:00,2026-07-17T10:00:08.841341,STOP_LOSS L1,TAKER_FALLBACK,TAKER,True,,-2.059,
67,,HYPEUSDT,LONG,CLOSED,59.369,59.541,59.678,294.0281359995946,1.0,294.0281359995946,4.9525532853778005,VERY_STRONG,0.262,0.0973,0.1171,56.08,60.78,23.9613,25.7126,0.0415,0.0415,BULLISH,0.1108,-0.0523,33.766,32.8106,39.7,36.5,40.5,0.1332,24.9,25.7,False,False,False,False,False,False,False,False,False,False,False,False,False,False,False,False,False,UNMATCHED,,,0.9394,0.619,20.0,66.7,80.8,-1.7513,3.0,STRONG_BEAR,CHOPPY_FLAT,,-0.2994,21.52922914923507,21.020905903423436,0.4359,-0.2267,-0.000505,-0.2915,0.2561,-0.1078,-0.4318,2026-07-17T08:48:12.901113,,914033521.19184,4,412.9,,False,,,,,,,294.0281359995946,500000.0,False,,-0.2387,,,,,,,,,0.13231266119981758,0.13269598882410583,0.2650086500239234,0.5868305150610437,0.19958311576748317,0.6356414121848059,-0.26004589937509326,59.8,59.369,0.0,0.4038,0.346,2026-07-17T08:57:52.002588,2026-07-17T08:37:08.242726,-0.0766,ENDED_NEG,1,0.45,,True,,0.0522,False,,,,0.5,0.05,SLOPEGATE_PROBE,False,,,0,,-0.0188,0.3354,True,,,,,61.112,59.441,2026-07-17T09:41:07.063209,2026-07-17T09:06:54.571570,2.8459,0.0313,41.65,7.44,,,2.4012,,,,33.58,1.1935,,,,,,,,,False,MOMENTUM,,,,,,0.1913,0.4069,0.3732,0.6511,1.4411,2026-07-17T08:55:44.270899,0.19958311576748317,,,2026-07-17T08:36:37.079037,-0.09,2026-07-17T09:06:04.212128,0.1509,2026-07-17T09:06:02.133469,0.1526,2026-07-17T09:06:03.200384,0.1475,2026-07-17T09:06:02.133469,0.1526,2026-07-17T09:06:03.200384,0.1475,2026-07-17T09:06:03.200384,0.1475,2026-07-17T09:06:02.133469,0.1526,0.3856,trailing,22.84,0.0356,trailing,30.29,0.3856,trailing,22.84,0.3356,trailing,22.84,0.437,stretch,22.52,0.3797,stretch,22.84,0.3393,stretch,22.84,2.4012,window,,0.2181,ema5_cross,22.84,1.3282,0.4038,0.4168,22.84,0.1996,22.84,2.4012,,0.4757,22.0,0.4168,22.84,0.4168,22.84,0.3856,22.84,0.3856,22.84,0.38710757849241995,atr,False,,,,False,,,2026-07-17T08:50:50.931148,0.1423,,,,,,,,,2026-07-17T08:36:37,2026-07-17T08:59:27.934672,RUNNER_TRAIL,TAKER_FALLBACK,TAKER,True,,0.5868,
66,,KAITOUSDT,LONG,CLOSED,0.8744000000000001,0.8758,0.8762,294.0281359995946,1.0,294.0281359995946,336.2627355896553,VERY_STRONG,0.4462,0.093,0.1369,53.98,61.45,29.2889,30.3793,0.1826,-0.1823,BULLISH,0.2292,-0.046,32.843,31.8159,35.7,41.6,39.3,0.1399,24.3,25.7,False,False,False,False,False,False,False,False,False,False,False,False,False,False,False,False,False,UNMATCHED,,,1.1079,0.6498,17.8,75.6,48.4,-1.0904,2.0,STRONG_BEAR,STRONG_BEAR,,-0.3017,26.389180918246474,19.459698248856444,0.9348,0.6416,-0.000505,1.1505,0.0473,-0.1921,-0.4383,2026-07-17T08:42:21.617533,0.09703774016467939,103564130.82806,17,511.8,,False,,,,,,,294.0281359995946,103564.13082806,False,,-0.2891,2026-07-17T08:34:00.289834,-0.1087,,,2026-07-17T08:39:18.051616,-0.2802,,,0.052925064479927036,0.13252450672323904,0.18544957120316607,0.2853182586223368,0.09703774016467939,0.5314258920402541,-0.4859568847209556,0.8796,0.8744000000000001,0.0,0.3863,-0.0791,2026-07-17T08:44:57.952627,2026-07-17T08:40:15.263719,-0.5345,ENDED_NEG,1,0.45,,True,,-0.0114,False,,,,0.5,0.05,SLOPEGATE_PROBE,False,-0.1087250686184889,,0,,-0.0459,-0.0791,True,,,,,0.8925,0.8718,2026-07-17T09:09:57.360672,2026-07-17T08:49:50.160686,2.007,-0.3603,24.59,4.47,4.94,0.0056,1.0806,0.4173,31.09,0.9777,29.94,1.3437,,,,,-0.15445013723696507,2026-07-17T08:41:11.800209,,,False,MOMENTUM,,,,,,0.3373,0.1543,0.0285,0.1085,1.3551,2026-07-17T08:44:57.946302,0.19991914455626353,,,2026-07-17T08:34:00.801522,-0.1202,2026-07-17T08:55:16.634774,0.2,2026-07-17T08:45:22.325540,0.1314,2026-07-17T08:45:22.325540,0.1314,2026-07-17T08:45:22.325540,0.1314,2026-07-17T08:45:22.325540,0.1314,2026-07-17T08:45:22.325540,0.1314,2026-07-17T08:45:42.597680,0.1543,0.2814,trailing,11.08,-0.0686,trailing,14.85,0.2814,trailing,11.08,0.2314,trailing,11.09,0.3257,stretch,11.08,0.2914,stretch,11.08,0.2571,stretch,11.08,0.3257,stretch,11.08,0.1428,ema5_cross,11.15,1.5694,0.3863,0.0628,11.82,0.0056,16.31,0.0056,16.31,0.3943,11.01,0.3371,11.01,0.2571,11.08,0.1214,8.63,0.2814,11.08,0.30693577069105754,lock,False,,,,False,,,,,,,,,0.017,3.78,-0.2002,4.92,2026-07-17T08:33:59,2026-07-17T08:45:21.905254,RUNNER_TRAIL,MAKER,TAKER,True,,0.2853,
65,,KAITOUSDT,LONG,CLOSED,0.8743000000000001,0.878,0.8786,293.90375719350794,1.0,293.90375719350794,336.1589353694475,VERY_STRONG,0.3403,0.0608,0.0897,56.34,60.75,29.7327,30.5596,0.0942,0.0943,BULLISH,0.1473,-0.0426,31.2061,30.6233,40.0,33.2,44.4,0.1334,25.3,25.7,False,False,False,False,False,False,False,False,False,False,False,False,False,False,False,False,False,UNMATCHED,,,1.1255,0.5743,17.8,71.1,48.1,-0.8269,3.0,STRONG_BEAR,STRONG_BEAR,,-0.296,26.47014790419217,18.02380823280512,0.8713,0.62,-0.000505,1.0873,0.245,-0.0966,-0.426,2026-07-17T08:22:46.710936,,102657828.58837,17,511.8,,False,,,,,,,293.90375719350794,102657.82858837,False,,-0.2844,,,,,,,,,0.05290267629483143,0.1328163953644687,0.18571907165930013,1.0580689892076305,0.3600052613519302,1.2403135079492125,-0.2116234702047442,0.8857,0.8743000000000001,0.0,1.2183,0.2902,2026-07-17T08:24:08.438124,2026-07-17T08:21:59.895358,-0.066,RECOVERED,1,0.45,,True,,-0.0114,False,,,,0.5,0.05,SLOPEGATE_PROBE,False,,,0,,0.0992,0.3741,False,,,,,0.8925,0.8713,2026-07-17T09:09:57.360672,2026-07-17T08:40:18.832152,2.0187,-0.4061,43.73,14.09,14.97,-0.1431,1.8128,0.7148,11.54,0.0285,6.51,-0.1545,,,14.97,-0.1431,,,,,False,MOMENTUM,,,,,,0.4288,0.4746,0.3144,-0.1202,0.303,2026-07-17T08:22:54.087192,,2026-07-17T08:24:08.282056,0.49719615692552943,2026-07-17T08:21:20.927914,-0.063,2026-07-17T08:31:18.646258,0.2687,2026-07-17T08:26:17.190953,0.4403,2026-07-17T08:26:17.190953,0.4403,2026-07-17T08:26:17.190953,0.4403,2026-07-17T08:26:17.190953,0.4403,2026-07-17T08:26:17.190953,0.4403,2026-07-17T08:26:17.190953,0.4403,0.4187,trailing,1.79,0.6403,trailing,3.57,0.4187,trailing,1.79,0.3687,trailing,1.86,0.4172,stretch,2.27,0.3486,stretch,2.29,0.5429,stretch,3.57,-0.1431,ema13,19.84,0.3144,ema5_cross,9.89,1.5694,1.2183,0.7944,3.23,0.36,4.87,-0.0859,11.24,0.4972,1.76,0.4286,1.78,0.7944,3.23,0.4187,1.79,0.4187,1.79,1.017109337242899,atr,False,,,,False,,,,,,,,,,,,,2026-07-17T08:21:20,2026-07-17T08:26:13.363207,RUNNER_TRAIL,MAKER,TAKER,True,,1.0581,
64,,INJUSDT,LONG,CLOSED,4.929,4.898,4.9,294.08871865177946,1.0,294.08871865177946,59.66498653921271,VERY_STRONG,0.2438,0.0375,0.0741,59.63,48.32,22.6529,23.3179,0.215,0.2154,BULLISH,0.0814,-0.0352,30.5102,30.1562,37.8,36.4,44.0,0.1324,26.1,25.7,False,False,False,False,False,False,False,False,False,False,False,False,False,False,False,False,False,UNMATCHED,,,1.1743,0.6368,20.5,61.4,70.5,-0.665,2.0,STRONG_BEAR,STRONG_BEAR,,-0.3053,28.865248686116807,21.77213245782524,0.4322,0.3752,-0.000505,0.5281,0.3273,-0.0916,-0.4204,,,34478770.9826,47,1431.0,,False,,,,,,,294.08871865177946,34478.77098260001,False,,-0.2861,2026-07-17T08:06:16.044988,-0.3875,,,2026-07-17T08:07:11.102714,-0.5497,,,0.052935969357320305,0.13150759683107874,0.18444356618839905,-2.034058148904028,-0.6916477987421503,0.0,-0.6916477987421503,4.93,4.929,0.0,,,,2026-07-17T08:14:15.190628,-0.221,ENDED_NEG,1,0.45,,False,,-0.0203,False,,,,0.5,0.05,SLOPEGATE_PROBE,False,-0.3874633799959427,,0,,-0.221,0.0238,True,,,,,4.908,4.843,2026-07-17T08:28:37.365220,2026-07-17T08:42:09.769506,-0.489,-1.8078,14.36,27.9,0.01,-0.6108,-0.8948,0.0,0.01,-0.6108,3.64,-0.7325,,,0.01,-0.6108,-0.6105319537431555,2026-07-17T08:07:47.830552,,,False,MOMENTUM,,,,,,-0.7325,-0.7731,-0.7122,-0.5702,-1.4426,,,,,2026-07-17T08:05:25.253219,-0.063,,,,,,,,,,,,,,,-0.8948,window,,-0.8948,window,,-0.8948,window,,-0.8948,window,,-0.8948,window,,-0.8948,window,,-0.8948,window,,-0.8948,window,,-0.8948,window,,,,-0.8948,,-0.8948,,-0.8948,,-0.8948,,-0.8948,,-0.8948,,-0.7,9.74,-0.7,9.74,0.19470703422055408,,False,,,,False,,,,,,,,,-0.6105,7.96,,,2026-07-17T08:05:25,2026-07-17T08:14:15.193084,STOP_LOSS L1,MAKER,TAKER,True,,-2.0341,
63,,LDOUSDT,LONG,CLOSED,0.371,0.3719,0.3721,294.017393677572,1.0,294.017393677572,792.499713416636,STRONG_BUY,0.3495,0.089,0.1303,61.84,59.8,16.9162,17.0,0.1768,0.1772,BULLISH,0.1587,-0.0401,37.6142,38.0486,44.2,37.8,42.9,0.1337,26.8,27.2,False,False,False,False,False,False,False,False,False,False,False,False,False,False,False,False,False,UNMATCHED,,,0.7197,1.1392,18.6,67.4,93.9,-0.0839,2.0,STRONG_BEAR,CHOPPY_FLAT,,-0.3835,18.993410724317943,13.803023704992126,0.5111,0.2674,-0.000505,0.3437,0.397,0.0087,-0.4503,2026-07-17T07:29:05.471074,0.09865229110511844,37261837.5395,42,1395.0,,False,,,,,,,294.017393677572,37261.8375395,False,,-0.3572,,,,,,,,,0.05292313086196296,0.1326287895388411,0.18555192040080407,0.5276978216741778,0.17947843665768515,0.44889892183288754,-0.08994204851751723,0.3729,0.371,0.0,0.4481,0.3787,2026-07-17T07:31:37.083023,2026-07-17T07:28:12.643169,0.123,NEVER,1,0.45,,True,,-0.0269,False,,,,0.5,0.05,SLOPEGATE_PROBE,False,,0.17947843665768515,0,,0.1804,0.3787,False,,,,,0.3727,0.3672,2026-07-17T07:31:50.688289,2026-07-17T07:36:44.411810,0.3952,-1.0873,0.15,5.05,3.15,-0.6829,-0.1978,0.3952,4.27,-0.7908,3.15,-0.6829,,,4.27,-0.7908,,,,,False,MOMENTUM,,,,,,-0.0091,-0.6021,-1.0064,-0.7638,-0.3056,,,,,2026-07-17T07:28:04.812374,-0.063,2026-07-17T07:32:29.941144,0.1257,2026-07-17T07:32:29.941144,0.1257,2026-07-17T07:32:29.941144,0.1257,2026-07-17T07:32:26.924657,0.1257,2026-07-17T07:32:47.033010,0.0718,2026-07-17T07:32:47.033010,0.0718,2026-07-17T07:32:47.033010,0.0718,-0.1978,window,,-0.1978,window,,-0.1978,window,,-0.1978,window,,-0.1978,window,,-0.1978,window,,-0.1978,window,,-0.1978,window,,-0.1978,window,,,,-0.1978,,-0.1978,,-0.1978,,-0.1978,,-0.1978,,-0.1978,,0.172,2.03,0.172,2.03,0.5339806266903525,,False,,,,False,,,2026-07-17T07:30:53.182031,0.2603,,,,,,,,,2026-07-17T07:28:04,2026-07-17T07:31:41.282010,TRAILING_STOP L1,MAKER,TAKER,True,,0.5277,
62,,DODOXUSDT,LONG,CLOSED,0.022036,0.022093,0.022116,293.9413605610718,1.0,293.9413605610718,13339.14324564675,STRONG_BUY,0.352,0.1037,0.1377,56.63,50.74,19.9793,19.7798,0.3375,0.3387,BULLISH,0.1049,-0.1222,30.543,28.5335,23.4,25.9,42.5,0.1354,26.7,32.8,False,False,False,False,False,False,False,False,False,False,False,False,False,False,False,False,False,UNMATCHED,,,0.9836,0.8307,11.6,81.4,76.7,0.1995,2.0,BEAR_EXHAUSTED,BEAR_EXHAUSTED,,-0.2909,22.803699573052462,14.404894403505079,0.8852,0.2215,5e-05,0.3815,0.5811,-0.3416,-0.3004,2026-07-17T05:43:29.188016,,45993212.349886,38,1073.7,,False,,,,,,,293.9413605610718,45993.212349886,False,,-0.3864,,,,,,,,,0.1322736122524823,0.13261576127673314,0.26488937352921543,0.49544179147266926,0.1685512343438078,1.0621405881285204,-0.2260795970230476,0.02229,0.022036,0.0,1.0566,0.281,2026-07-17T05:45:20.894824,2026-07-17T05:40:38.941711,0.016,ENDED_NEG,1,0.45,,True,,-0.1857,False,,,,0.5,0.05,SLOPEGATE_PROBE,False,,,0,,-0.0588,0.6272,False,,,,,0.022136,0.021265,2026-07-17T05:46:57.955855,2026-07-17T06:29:44.233505,0.3638,-3.5888,0.56,43.33,2.06,-1.7146,-2.8809,0.3638,4.29,-1.1519,30.29,-2.0504,,,2.06,-1.7146,,,,,False,MOMENTUM,,,,,,0.2322,-1.7101,-0.9931,-1.397,-1.9687,2026-07-17T05:44:00.974459,0.19576715374841425,2026-07-17T05:44:27.634138,0.4951422671991316,2026-07-17T05:40:34.516516,-0.09,2026-07-17T05:46:24.689334,0.2458,2026-07-17T05:46:24.689334,0.2458,2026-07-17T05:46:24.689334,0.2458,2026-07-17T05:46:24.689334,0.2458,2026-07-17T05:46:24.689334,0.2458,2026-07-17T05:46:24.689334,0.2458,2026-07-17T05:46:24.689334,0.2458,0.7895,trailing,4.27,0.4621,trailing,5.48,0.2621,trailing,5.77,0.0621,trailing,7.09,0.604,stretch,4.53,0.4725,stretch,5.46,0.3681,stretch,5.58,-0.7,hard_sl,7.63,0.2184,ema5_cross,5.77,1.2214,1.2214,0.6176,5.32,0.1686,5.77,-0.267,7.54,0.7718,4.27,0.672,4.41,0.6176,5.32,0.7895,4.27,0.7895,4.27,1.1770066935425545,atr,False,,,,False,,,,,,,,,,,,,2026-07-17T05:40:34,2026-07-17T05:46:24.200454,RUNNER_TRAIL,TAKER_FALLBACK,TAKER,True,,0.4954,
61,,1000PEPEUSDT,LONG,CLOSED,0.0027653,0.0027487,0.0027517,294.11791852756943,1.0,294.11791852756943,106360.22078167628,VERY_STRONG,0.3791,0.1026,0.1385,65.54,61.38,23.1545,22.8958,0.1048,0.1049,BULLISH,0.1442,-0.0296,24.9111,25.1557,43.9,42.5,47.1,0.1237,31.9,32.8,False,False,False,False,False,False,False,False,False,False,False,False,False,False,False,False,False,UNMATCHED,,,0.7807,0.8929,32.6,46.5,81.9,0.2586,4.0,HEALTHY_BEAR,HEALTHY_BEAR,,-0.186,32.11340420433361,18.652074389478052,0.3237,0.2458,5e-05,0.4571,0.3464,-0.0394,-0.2516,2026-07-17T05:17:16.305187,0.09796007666437313,142296634.2056154,12,1169.2,,False,,,,,,,294.11791852756943,142296.6342056154,False,,-0.2165,2026-07-17T05:25:15.165042,-0.2635,,,2026-07-17T05:26:27.976470,-0.3972,,,0.13235306333740623,0.13155855248816714,0.2639116158255734,-2.029491280801385,-0.6900263985824273,0.24615936788051374,-0.6900263985824273,0.0027746,0.0027653,0.0,0.2803,0.1933,2026-07-17T05:18:00.447764,2026-07-17T05:29:33.939489,-0.4869,ENDED_NEG,1,0.45,,False,,-0.0831,False,,,,0.5,0.05,RSICEIL_PROBE,False,-0.26350160922865934,,0,,-0.4869,-0.0887,True,,,,,0.0027552,0.0027264,2026-07-17T05:30:38.011626,2026-07-17T05:47:00.980415,-0.4552,-1.4967,1.06,17.45,0.0,-0.5782,-1.1351,0.0,0.0,-0.5782,7.31,-0.9615,,,0.56,-0.571,-0.5165247893537837,2026-07-17T05:27:54.722174,,,False,MOMENTUM,,,,,,-0.4661,-0.6505,-0.8169,-0.8096,-1.2689,,,,,2026-07-17T05:12:09.168775,-0.0936,,,,,,,,,,,,,,,-1.1351,window,,-1.1351,window,,-1.1351,window,,-1.1351,window,,-1.1351,window,,-1.1351,window,,-1.1351,window,,-1.1351,window,,-1.1351,window,,,,-1.1351,,-1.1351,,-1.1351,,-1.1351,,-1.1351,,-1.1351,,-0.7,19.61,-0.7,19.61,0.33078746099902906,,False,,,,False,,,,,,,,,-0.4334,14.63,-0.0719,10.13,2026-07-17T05:12:08,2026-07-17T05:29:33.942015,STOP_LOSS L1,TAKER_FALLBACK,TAKER,True,,-2.0295,
60,,VIRTUALUSDT,LONG,CLOSED,0.6217,0.6178,0.6182,294.3025381027022,1.0,294.3025381027022,473.3835259815059,VERY_STRONG,0.2769,0.0799,0.1205,53.08,66.48,25.6419,24.6487,0.0944,-0.0943,BULLISH,0.1652,-0.0847,26.9655,25.4232,26.6,28.0,44.9,0.1298,30.0,34.3,False,False,False,False,False,False,False,False,False,False,False,False,False,False,False,False,False,UNMATCHED,,,0.7603,1.2524,16.3,74.4,61.2,0.9931,2.0,HEALTHY_BEAR,CHOPPY_FLAT,,-0.2276,32.44699465481427,14.390177402297791,0.4355,-0.107,5e-05,-0.2266,0.106,-0.2904,-0.2952,2026-07-17T04:23:18.463788,0.09777690204278604,42498159.64456,39,583.7,,False,,,,,,,294.3025381027022,42498.15964456,False,,-0.1888,2026-07-17T04:26:28.557723,-0.1273,2026-07-17T05:04:18.603971,-0.5132,2026-07-17T04:26:43.171192,-0.2077,2026-07-17T05:04:27.848686,-0.481,0.0529744568584864,0.13160535405811846,0.18457981091660486,-2.030775562244485,-0.6900299179668674,0.3389422551069562,-0.6900299179668674,0.6242,0.6217,0.0,0.335,0.0851,2026-07-17T04:48:52.890774,2026-07-17T05:05:32.448679,-0.5204,ENDED_NEG,1,0.45,,False,,-0.0161,False,,,,0.5,0.05,SLOPEGATE_PROBE,False,-0.12731076081712514,,0,,-0.5204,-0.1869,True,,,,,0.6241,0.6158,2026-07-17T05:16:44.795421,2026-07-17T05:46:09.535765,0.323,-1.012,11.2,40.61,0.01,-0.6742,-0.3847,0.0,0.01,-0.6742,2.9,-0.8512,,,0.01,-0.6742,-0.17554383142995558,2026-07-17T04:36:12.158407,,,False,MOMENTUM,,,,,,-0.7707,-0.8512,-0.5134,-0.063,-0.6581,,,,,2026-07-17T04:21:07.459191,-0.1273,2026-07-17T05:17:01.985493,0.0657,,,,,,,,,,,,,-0.3847,window,,-0.3847,window,,-0.3847,window,,-0.3847,window,,-0.3847,window,,-0.3847,window,,-0.3847,window,,-0.3847,window,,-0.3847,window,,,,-0.3847,,-0.3847,,-0.3847,,-0.3847,,-0.3847,,-0.3847,,-0.7,44.46,-0.7,44.46,0.34048474381735305,,False,,,,False,,,2026-07-17T04:45:22.010884,0.0335,,,2026-07-17T05:02:15.002140,-0.481,-0.1273,0.01,-0.3363,6.75,2026-07-17T04:21:07,2026-07-17T05:05:32.451447,STOP_LOSS L1,MAKER,TAKER,True,,-2.0308,
59,,LDOUSDT,LONG,CLOSED,0.3701,0.3674,0.3679,294.51739813376435,1.0,294.51739813376435,795.7778928229245,VERY_STRONG,0.4757,0.0728,0.1977,53.09,73.02,28.2102,28.2468,0.3471,-0.3459,BULLISH,0.1826,-0.0218,21.863,21.8115,45.8,44.9,55.3,0.1253,34.4,31.3,False,False,False,False,False,False,False,False,False,False,False,False,False,False,False,False,False,UNMATCHED,,,0.7081,1.1186,37.2,37.2,51.9,-0.0366,3.0,HEALTHY_BEAR,HEALTHY_BEAR,,-0.1473,28.042626539145722,15.865111694332738,0.5498,0.3785,-3.8e-05,0.542,-0.0762,-0.0404,-0.2895,,,40057496.2613,40,1394.9,,False,,,,,,,294.51739813376435,40057.496261299995,False,,-0.1844,2026-07-17T03:58:31.891230,-0.117,2026-07-17T04:03:31.960854,-0.5761,2026-07-17T04:00:09.023967,-0.252,2026-07-17T04:06:43.134139,-0.3601,0.13253282916019396,0.1315659590204141,0.26409878818060806,-2.4126990988024883,-0.8192042691164497,0.0,-0.8192042691164497,0.3702,0.3701,0.0,,,,2026-07-17T04:19:41.412548,-0.3769,ENDED_NEG,1,0.45,,False,,0.0,False,,,,0.5,0.05,SLOPEGATE_PROBE,False,-0.11700756552282872,,0,,-0.3769,-0.4443,True,,,,,0.3707,0.3665,2026-07-17T04:50:46.217782,2026-07-17T04:20:15.165732,0.0721,-1.0627,31.07,0.56,0.0,-0.9006,-0.6304,0.0,20.64,-0.9276,36.37,-0.3872,,,0.0,-0.9006,-0.19803026209132976,2026-07-17T04:00:44.119142,,,False,MOMENTUM,,,,,,-0.9817,-0.9546,-0.8195,-0.7925,-0.09,,,,,2026-07-17T03:58:28.539904,-0.09,,,,,,,,,,,,,,,-0.6304,window,,-0.6304,window,,-0.6304,window,,-0.6304,window,,-0.6304,window,,-0.6304,window,,-0.6304,window,,-0.6304,window,,-0.6304,window,,,,-0.6304,,-0.6304,,-0.6304,,-0.6304,,-0.6304,,-0.6304,,-0.7,15.04,-0.7,15.04,-0.08411189780868647,,False,,,,False,,,,,,,,,-0.09,0.01,-0.4141,4.51,2026-07-17T03:58:28,2026-07-17T04:19:41.415989,STOP_LOSS L1,TAKER_FALLBACK,TAKER,True,,-2.4127,
58,,BANKUSDT,LONG,CLOSED,0.0625,0.06179,0.06181,294.8523504038231,1.0,294.8523504038231,4717.6376064611695,STRONG_BUY,0.5714,0.1026,0.2162,59.03,62.76,15.1261,15.117,0.0128,0.0128,BULLISH,0.2168,-0.1081,19.061,17.3248,30.3,34.5,52.9,0.1654,32.0,38.8,False,False,False,False,False,False,False,False,False,False,False,False,False,False,False,False,False,UNMATCHED,,,0.8364,0.7147,9.3,81.4,77.2,0.0091,2.0,HEALTHY_BEAR,HEALTHY_BEAR,,-0.1842,22.857579926474557,16.810380509835863,0.81,0.5289,-0.000787,0.8415,0.3318,-0.4138,-0.2408,,,149087316.65499,11,454.3,,False,,,,,,,294.8523504038231,149087.31665499,False,,-0.2387,2026-07-17T01:53:15.926026,-0.2549,2026-07-17T02:02:54.947828,-0.9746,2026-07-17T01:58:04.183912,-0.5268,2026-07-17T02:03:04.292279,-0.9426,0.05307342307268816,0.13117627246645605,0.18424969553914422,-3.5337723961265857,-1.1984888000000038,0.0,-1.1984888000000038,0.0625,0.0625,0.0,,,,2026-07-17T02:05:03.552534,-0.7525,ENDED_NEG,1,0.45,,False,,-0.1438,False,,,,0.5,0.05,SLOPEGATE_PROBE,False,-0.25491360000000324,,0,,-0.7525,-0.5189,True,,,,,0.06257,0.06133,2026-07-17T02:43:37.846777,2026-07-17T02:28:48.971022,0.049,-1.935,38.57,23.75,0.01,-1.183,-0.191,0.0,0.01,-1.183,19.41,-1.327,,,0.01,-1.183,-0.8146615999999971,2026-07-17T01:59:41.591300,,,False,MOMENTUM,,,,,,-1.199,-1.007,-0.991,-0.831,-1.039,,,,,2026-07-17T01:52:54.156582,-0.063,,,,,,,,,,,,,,,-0.191,window,,-0.191,window,,-0.191,window,,-0.191,window,,-0.191,window,,-0.191,window,,-0.191,window,,-0.191,window,,-0.191,window,,,,-0.191,,-0.191,,-0.191,,-0.191,,-0.191,,-0.191,,-0.7,5.17,-0.7,5.17,0.03875304251146361,,False,,,,False,,,,,,,,,-0.143,1.15,-0.2709,3.42,2026-07-17T01:52:54,2026-07-17T02:05:03.555399,STOP_LOSS L1,MAKER,TAKER,True,,-3.5338,
57,,EVAAUSDT,LONG,CLOSED,1.0787,1.0807,1.0815,294.79769244656967,1.0,294.79769244656967,273.2897862673307,STRONG_BUY,0.3625,0.085,0.1315,51.63,61.77,18.8289,20.2419,0.2941,-0.2933,BULLISH,0.1729,-0.0336,23.206,24.4101,47.5,44.9,43.9,0.129,36.5,36.7,False,False,False,False,False,False,False,False,False,False,False,False,False,False,False,False,False,UNMATCHED,,,0.9467,1.0875,25.6,53.5,58.7,-1.413,3.0,HEALTHY_BEAR,HEALTHY_BULL,,-0.2527,19.732153630560884,19.914354473881566,0.8407,0.3694,7.1e-05,0.7025,-0.0773,0.0341,-0.2046,2026-07-17T01:03:03.435170,0.0953249281542599,78832965.74153,27,286.6,,False,,,,,,,294.79769244656967,78832.96574153,False,,-0.1752,2026-07-17T00:48:41.563066,-0.0807,2026-07-17T00:58:42.385386,-0.2846,2026-07-17T00:48:56.280008,-0.1363,,,0.13265896160095636,0.13290492240859694,0.26556388400955333,0.2810156885251086,0.0953249281542599,0.5679034949476319,-0.6552410308704917,1.0858,1.0787,0.0,0.5532,-0.2544,2026-07-17T01:04:18.179073,2026-07-17T00:52:48.221932,-0.7235,ENDED_NEG,1,0.45,,True,,-0.0278,False,,,,0.5,0.05,SLOPEGATE_PROBE,False,-0.08073375359228803,,0,,-0.0294,0.1441,True,,,,,1.082,1.0683,2026-07-17T01:32:17.252462,2026-07-17T01:26:59.475319,0.2159,-1.0541,26.24,20.94,4.05,-0.1456,-0.6277,0.2067,6.29,-0.0158,8.56,-0.6277,,,4.05,-0.1456,-0.20119495689256417,2026-07-17T00:53:12.925315,,,False,MOMENTUM,,,,,,-0.0066,0.2067,-0.1085,-0.2291,-0.7297,2026-07-17T01:04:01.142135,0.1972536386391121,,,2026-07-17T00:48:41.592882,-0.0807,,,,,,,,,,,,,,,0.3179,trailing,16.01,-0.0321,trailing,17.45,0.3179,trailing,16.01,0.2679,trailing,16.02,0.4104,stretch,15.88,0.3548,stretch,15.88,0.2992,stretch,16.01,0.4289,stretch,15.82,0.1324,ema5_cross,16.58,0.5532,0.5532,0.1417,16.58,-0.2847,21.04,-0.1456,21.41,0.4196,15.74,0.364,15.88,0.2806,16.01,0.3179,16.01,0.3179,16.01,0.5531956410850472,lock,False,,,,False,,,2026-07-17T00:50:22.391161,-0.0807,2026-07-17T01:02:47.865308,0.0119,,,-0.0807,0.01,,,2026-07-17T00:48:41,2026-07-17T01:06:02.594242,RUNNER_TRAIL,TAKER_FALLBACK,TAKER,True,,0.281,
56,,EVAAUSDT,LONG,CLOSED,1.082,1.0698,1.0701,295.1304643194622,1.0,295.1304643194622,272.76383023979866,VERY_STRONG,0.4721,0.0952,0.1565,58.01,49.51,23.3783,23.9992,0.2883,0.2891,BULLISH,0.1472,-0.0981,24.3857,22.1949,28.6,18.4,31.3,0.1048,36.3,39.4,False,False,False,False,False,False,False,False,False,False,False,False,False,False,False,False,False,UNMATCHED,,,1.1646,0.5324,4.7,86.0,60.6,-0.621,5.0,HEALTHY_BEAR,STRONG_BEAR,,-0.2447,22.725088848752474,16.692060805102443,0.8434,0.6693,-0.000269,0.9093,0.5417,-0.2064,-0.1725,,,80514450.52585,24,286.5,,False,,,,,,,295.1304643194622,80514.45052585,False,,-0.2797,2026-07-16T23:31:15.131363,-0.4972,,,2026-07-16T23:32:04.876968,-0.7651,,,0.0531234835775032,0.13131123551574148,0.18443471909324466,-3.5121534480187853,-1.1900341959334553,0.10328373382624988,-1.1900341959334553,1.0838,1.082,0.0,0.3435,0.0963,2026-07-16T23:31:06.339664,2026-07-16T23:51:14.487154,-0.5337,ENDED_NEG,1,0.45,,False,,-0.1108,False,,,,0.5,0.05,SLOPEGATE_PROBE,False,-0.4971853049907715,,0,,-0.5337,-0.224,True,,,,,1.0855,1.0652,2026-07-17T00:20:59.671221,2026-07-16T23:51:59.703756,0.2605,-1.6157,29.75,0.75,0.01,-1.209,0.0664,0.0,0.81,-1.1998,13.2,-1.0981,,,0.01,-1.209,-0.8574667282809761,2026-07-16T23:32:54.847686,,,False,MOMENTUM,,,,,,-1.246,-1.0612,-1.209,-0.8763,0.1218,,,,,2026-07-16T23:30:40.374037,-0.063,,,,,,,,,,,,,,,0.0664,window,,0.0664,window,,0.0664,window,,0.0664,window,,0.0664,window,,0.0664,window,,0.0664,window,,0.0664,window,,0.0664,window,,,,0.0664,,0.0664,,0.0664,,0.0664,,0.0664,,0.0664,,-0.7,1.35,-0.7,1.35,0.288252161104158,,False,,,,False,,,,,,,,,-0.6819,5.64,-0.8667,3.39,2026-07-16T23:30:39,2026-07-16T23:51:14.489527,STOP_LOSS L1,MAKER,TAKER,True,,-3.5122,
55,,BANKUSDT,LONG,CLOSED,0.061900000000000004,0.0612,0.06129,295.46459229135877,1.0,295.46459229135877,4773.256741378978,VERY_STRONG,0.2165,0.049,0.062,58.02,56.91,25.2668,25.5464,0.3006,0.3015,BULLISH,0.0993,-0.0684,20.0499,18.969,26.0,28.8,36.8,0.0895,37.9,39.4,False,False,False,False,False,False,False,False,False,False,False,False,False,False,False,False,False,UNMATCHED,,,0.9336,0.8087,11.6,83.7,55.4,-0.2796,2.0,HEALTHY_BEAR,HEALTHY_BEAR,,-0.1998,23.531520063972017,15.161585767783157,0.8983,0.3121,-0.000269,0.4988,0.4129,-0.1752,-0.1599,,,147498017.33573,11,454.2,,False,,,,,,,295.46459229135877,147498.01733573,False,,-0.2263,2026-07-16T23:20:30.382644,-0.3375,,,2026-07-16T23:20:36.607500,-0.4183,,,0.05318362661244458,0.13145549065757706,0.18463911727002164,-3.525918836235336,-1.1933473344103491,0.0,-1.1933473344103491,0.061900000000000004,0.061900000000000004,0.0,,,,2026-07-16T23:24:25.190869,-0.9934,ENDED_NEG,1,0.45,,True,,-0.1774,False,,,,0.5,0.05,SLOPEGATE_PROBE,False,-0.337512924071088,,0,,-0.9934,0.0767,False,,,,,0.06163,0.0609,2026-07-17T00:08:50.520446,2026-07-16T23:38:39.936234,-0.4992,-1.6785,44.41,14.24,0.58,-0.8708,-0.7415,0.0,1.7,-1.1131,7.36,-1.0,,,0.58,-0.8708,,,,,False,MOMENTUM,,,,,,-1.1454,-1.1454,-1.0485,-1.4523,-1.0808,,,,,2026-07-16T23:20:30.992305,-0.3375,,,,,,,,,,,,,,,-0.7415,window,,-0.7415,window,,-0.7415,window,,-0.7415,window,,-0.7415,window,,-0.7415,window,,-0.7415,window,,-0.7415,window,,-0.7415,window,,,,-0.7415,,-0.7415,,-0.7415,,-0.7415,,-0.7415,,-0.7415,,-0.7,3.5,-0.7,3.5,0.030310132096316382,,False,,,,False,,,,,,,,,,,,,2026-07-16T23:20:30,2026-07-16T23:24:25.206238,STOP_LOSS_WIDE L1,MAKER,TAKER,True,,-3.5259,
54,,XPLUSDT,LONG,CLOSED,0.08898,0.08833,0.08839,295.6805873259304,1.0,295.6805873259304,3323.0005318715484,STRONG_BUY,0.2554,0.062,0.0982,55.87,54.35,17.7118,17.8455,0.0752,0.0753,BULLISH,0.0756,-0.0335,26.5171,26.9072,45.0,41.6,47.2,0.1505,43.6,40.6,False,False,False,False,False,False,False,False,False,False,False,False,False,False,False,False,False,UNMATCHED,,,0.8398,0.7071,27.9,62.8,73.5,-0.1337,2.0,HEALTHY_BEAR,CHOPPY_FLAT,,-0.1821,24.288702862690503,17.59799086272935,0.5516,0.2857,0.0,0.5099,0.2356,-0.0117,-0.1088,,,31954341.13255,46,328.4,,False,,,,,,,295.6805873259304,31954.341132550002,False,,-0.1372,2026-07-16T18:49:42.119755,-0.4045,2026-07-16T18:58:07.528764,-0.6404,2026-07-16T18:49:42.733077,-0.5056,,,0.13305626429666867,0.13208428664109625,0.2651405509377649,-2.425090896654264,-0.8201725106765541,0.0,-0.8201725106765541,0.08904,0.08898,0.0,,,,2026-07-16T18:58:43.743876,-0.3152,ENDED_NEG,1,0.45,,False,,0.09,False,,,,0.5,0.05,SLOPEGATE_PROBE,False,-0.404535850752981,,0,,-0.3152,-0.2159,True,,,,,0.08855,0.08764,2026-07-16T19:04:18.999665,2026-07-16T19:40:07.572575,-0.5733,-1.596,5.58,41.39,0.02,-1.0116,-1.5735,0.0,0.02,-1.0116,16.71,-1.0677,,,0.02,-1.0116,-0.6404377388177168,2026-07-16T18:55:20.665244,,,False,MOMENTUM,,,,,,-0.8879,-0.798,-0.6407,-1.034,-1.315,,,,,2026-07-16T18:47:25.444443,-0.09,,,,,,,,,,,,,,,-1.5735,window,,-1.5735,window,,-1.5735,window,,-1.5735,window,,-1.5735,window,,-1.5735,window,,-1.5735,window,,-1.5735,window,,-1.5735,window,,,,-1.5735,,-1.5735,,-1.5735,,-1.5735,,-1.5735,,-1.5735,,-0.7,7.64,-0.7,7.64,0.2323162215834429,,False,,,,False,,,2026-07-16T18:50:17.860752,-0.3259,,,,,-0.6629,7.91,-0.3259,4.56,2026-07-16T18:47:25,2026-07-16T18:58:43.746589,STOP_LOSS L1,TAKER_FALLBACK,TAKER,True,,-2.4251,
53,,AVAXUSDT,SHORT,CLOSED,6.5680000000000005,6.526,6.526,295.64871092580853,1.0,295.64871092580853,45.013506535598125,STRONG_BUY,0.3598,0.0906,0.1375,33.97,29.59,23.9784,22.0258,0.0224,-0.0224,BEARISH,-0.1498,-0.0853,23.1383,22.0377,39.0,35.8,39.5,0.1814,44.0,49.0,False,False,False,False,False,False,False,False,False,False,False,True,False,False,False,False,True,,,,0.7028,0.8181,18.6,74.4,24.5,1.9527,4.0,HEALTHY_BEAR,BEAR_EXHAUSTED,,-0.1375,12.024276455707808,35.46768954388164,0.2508,-0.175,4.9e-05,-0.2606,-0.2504,-0.1154,-0.0084,2026-07-16T17:51:02.791501,,56813920.487,33,2122.4,,False,,,,,,,295.64871092580853,56813.920487,False,,-0.2411,,,,,,,,,0.05321676796664554,0.132191164643091,0.18540793260973654,1.7051593418854165,0.5767518270402056,0.6833771315468996,-0.24578623629719193,6.5680000000000005,6.519,0.0,0.6275,-0.1739,2026-07-16T17:55:32.609827,2026-07-16T17:36:17.624384,-0.137,RECOVERED,1,0.45,,True,,-0.0152,False,,,,0.5,0.05,RSIADX_PROBE,False,,,0,,0.3055,-0.3453,True,,,,,6.575,6.522,2026-07-16T18:25:16.111414,2026-07-16T18:05:21.715593,0.6374,-0.1696,8.76,28.67,28.03,-0.0173,0.1654,0.6374,14.63,0.2567,3.47,0.409,,,29.15,-0.1544,,,,,False,MOMENTUM,2026-07-16T18:20:43.633271,0.272,,,,0.5308,0.5156,0.3938,0.3024,-0.0935,2026-07-16T17:55:17.170226,,,,,,,,,,,,,,,,2026-07-16T18:21:53.008010,0.0893,2026-07-16T18:21:56.028832,0.1045,0.4334,trailing,27.22,0.0834,trailing,51.15,0.4334,trailing,27.22,0.3834,trailing,29.56,0.5768,stretch,24.08,0.5156,stretch,24.85,0.4242,stretch,27.22,0.409,stretch,36.83,0.3633,ema5_cross,37.95,0.6275,0.6275,0.4244,23.21,0.4242,27.22,0.3024,38.66,0.4244,23.21,0.4244,23.21,0.4244,23.21,0.4334,27.22,0.4334,27.22,0.6275241809446139,,False,,,,False,,,,,,,,,-0.0935,0.03,,,2026-07-16T17:32:03,2026-07-16T17:56:35.857566,RUNNER_TRAIL L1,MAKER,TAKER,True,,1.7052,
52,,WLDUSDT,SHORT,CLOSED,0.395,0.3971,0.3971,295.64871092580853,1.0,295.64871092580853,748.4777491792621,STRONG_BUY,0.3377,0.0866,0.1107,37.28,35.2,26.0556,25.0698,0.1131,-0.113,BEARISH,-0.1649,-0.1164,20.5209,19.0767,35.4,34.5,45.8,0.184,43.5,49.0,False,False,False,False,False,False,False,False,False,False,False,False,False,True,False,False,True,W4,,,0.6258,0.789,14.0,81.4,27.3,0.9857,4.0,HEALTHY_BEAR,HEALTHY_BEAR,,-0.1055,15.80720878296152,35.90966110244257,0.3482,-0.2877,4.9e-05,-0.4778,-0.31,-0.2182,-0.0127,,,110873735.1171,16,1088.2,,False,,,,,,,295.64871092580853,110873.7351171,False,,-0.1385,2026-07-16T17:28:35.795275,-0.3939,,,2026-07-16T17:32:26.417396,-0.5712,,,0.13304191991661382,0.13374923138958825,0.26679115130620207,-1.8385944245826455,-0.6218848101265799,0.08729493670886934,-0.697868354430369,0.395,0.3943,0.0,0.3501,-0.2725,2026-07-16T17:26:03.963437,2026-07-16T17:35:09.463312,-0.3098,ENDED_NEG,1,0.45,,False,,0.0253,False,,,,0.5,0.05,RSIADX_PROBE,False,-0.3939341772151845,,0,,-0.2093,0.1258,True,,,,,0.3976,0.3929,2026-07-16T17:36:18.574756,2026-07-16T17:55:18.852492,0.4416,-0.7482,19.85,0.84,0.01,-0.6216,-0.4697,0.0,0.01,-0.6216,24.6,-0.1659,,,0.01,-0.6216,,,,,False,MOMENTUM,,,,,,-0.647,-0.4951,-0.5457,-0.09,-0.2166,,,,,,,,,2026-07-16T17:56:23.737054,0.1885,2026-07-16T17:56:24.748414,0.2138,2026-07-16T17:56:47.318690,0.1378,,,2026-07-16T17:56:47.318690,0.1378,2026-07-16T17:57:17.622818,0.1125,-0.4697,window,,-0.4697,window,,-0.4697,window,,-0.4697,window,,-0.4697,window,,-0.4697,window,,-0.4697,window,,-0.4697,window,,-0.4697,window,,,,-0.4697,,-0.4697,,-0.4697,,-0.4697,,-0.4697,,-0.4697,,-0.7,14.04,-0.7,14.04,0.35005956792687803,,False,,,,False,,,2026-07-16T17:22:13.373266,-0.0393,2026-07-16T17:22:28.486135,-0.0393,,,-0.09,0.01,-0.3939,8.68,2026-07-16T17:21:05,2026-07-16T17:35:27.820098,EMA13_CROSS_EXIT L1,TAKER_FALLBACK,TAKER,True,,-1.8386,
51,,HYPEUSDT,SHORT,CLOSED,64.633,64.374,64.374,295.69911259688314,1.0,295.69911259688314,4.575048544812761,VERY_STRONG,0.7253,0.1971,0.2708,28.27,25.85,32.0433,30.0258,0.1088,-0.1087,BEARISH,-0.3004,-0.0567,18.9138,19.0868,42.9,40.8,56.1,0.1892,49.1,55.0,True,True,False,False,False,False,False,False,False,True,False,False,False,False,False,False,False,C1,,-0.7,0.6248,0.9606,27.9,69.8,14.8,2.0175,2.0,HEALTHY_BEAR,CHOPPY_WEAK,,0.1609,10.46197176148137,39.6801417500887,0.3324,-0.3907,5e-05,-0.6969,-0.5755,-0.1494,0.0374,2026-07-16T16:39:41.647446,,477397178.20893,5,412.2,,False,,,,,,,295.69911259688314,477397.17820893,False,,0.1012,,,,,,,,,0.05322584026743897,0.13253137876069948,0.18575721902813846,0.9991803540783681,0.337904414153761,0.5933068401590401,-0.3462645088422431,64.633,64.209,0.0,0.5407,-0.2734,2026-07-16T16:42:10.289766,2026-07-16T16:31:41.194448,-0.1145,RECOVERED,1,0.45,,True,,-0.0015,False,,,,0.5,0.05,GAPFLAT_PROBE,False,,,0,,0.2426,-0.3138,True,,,,,64.386,61.851,2026-07-16T16:43:05.449224,2026-07-16T17:25:40.985235,4.2413,0.3192,42.6,0.01,,,3.9597,,,,,,,,,,,,,,False,MOMENTUM,,,,,,0.5837,0.4801,0.6611,0.7957,2.5765,2026-07-16T16:42:06.438000,,,,,,2026-07-16T17:26:23.601072,3.8514,2026-07-16T17:26:38.776804,3.8065,2026-07-16T17:26:38.776804,3.8065,,,,,,,,,3.9913,trailing,3.38,3.9597,window,,3.9597,window,,3.9597,window,,3.8653,stretch,3.94,3.8313,stretch,3.97,3.9597,window,,3.9597,window,,3.9597,window,,1.6354,0.5407,3.9597,,3.9597,,3.9597,,3.9597,,3.9597,,3.9597,,3.9913,3.38,3.9913,3.38,0.5360320738295601,,False,,,,False,,,2026-07-16T16:32:27.451442,-0.306,2026-07-16T16:33:33.701038,-0.2689,,,-0.063,0.01,-0.3261,6.82,2026-07-16T16:26:12,2026-07-16T16:43:05.117110,RUNNER_TRAIL L1,MAKER,TAKER,True,,0.9992,
50,,WLDUSDT,SHORT,CLOSED,0.3966,0.3979,0.3979,295.8788100755555,1.0,295.8788100755555,746.0383511738667,STRONG_BUY,0.4939,0.1322,0.1841,35.89,31.75,25.1543,24.2736,0.055,-0.055,BEARISH,-0.2214,-0.038,19.0775,19.875,44.2,43.7,60.1,0.2037,49.9,55.0,False,True,False,False,False,False,False,False,False,True,False,False,False,False,False,False,False,,,,0.9512,0.8706,18.6,67.4,24.4,0.8807,3.0,HEALTHY_BEAR,CHOPPY_WEAK,,0.2172,16.573367325859103,35.710868316116645,0.3951,-0.2035,5e-05,-0.357,-0.3708,-0.1661,0.0421,,,114887189.5238,15,1088.2,,False,,,,,,,295.8788100755555,114887.1895238,False,,0.0571,2026-07-16T16:31:38.649781,-0.3153,,,2026-07-16T16:56:01.973500,-0.3657,,,0.0532581858136,0.1335818969694367,0.1868400827830367,-1.1566899393090393,-0.3909336863338295,0.16403101361573671,-0.4413850226928899,0.3966,0.3957,0.0,0.2549,-0.0618,2026-07-16T16:49:20.391880,2026-07-16T16:36:49.354629,-0.2422,ENDED_NEG,1,0.45,,False,,-0.0252,False,,,,0.5,0.05,RSIADX_PROBE,False,-0.3152566817952599,,0,,-0.2057,0.0425,True,,,,,0.3981,0.3938,2026-07-16T16:59:31.645894,2026-07-16T17:17:18.646433,0.643,-0.4412,20.82,3.04,38.94,-0.1891,-0.1386,0.5169,25.73,0.3909,33.28,0.0379,,,38.94,-0.1891,,,,,False,MOMENTUM,2026-07-16T17:22:13.376314,0.3909,,,,-0.3656,-0.416,-0.1891,0.1135,0.3909,,,,,,,,,2026-07-16T17:26:52.924559,0.29,2026-07-16T17:28:46.336085,0.0379,2026-07-16T17:28:41.283372,0.0883,2026-07-16T17:28:45.324077,0.0631,2026-07-16T17:28:40.274180,0.0883,2026-07-16T17:28:39.264366,0.0883,0.2669,trailing,5.37,-0.0831,trailing,9.34,0.2669,trailing,5.37,0.2169,trailing,5.57,0.3909,stretch,4.19,0.3909,stretch,4.19,0.3656,stretch,4.37,-0.1891,ema13,13.21,0.2396,ema5_cross,5.49,0.3501,,-0.1386,,-0.1386,,-0.1386,,-0.1386,,-0.1386,,-0.1386,,0.2669,5.37,0.2669,5.37,0.25485497327902823,,False,,,,False,,,2026-07-16T16:32:27.449182,-0.2648,2026-07-16T16:33:33.698237,-0.3405,,,-0.2144,11.32,-0.1135,6.74,2026-07-16T16:19:28,2026-07-16T16:56:29.299334,EMA13_CROSS_EXIT L1,MAKER,TAKER,True,,-1.1567,
49,,UNIUSDT,SHORT,CLOSED,3.616,3.602,3.602,295.8788100755555,1.0,295.8788100755555,81.82489216691248,VERY_STRONG,0.6983,0.1527,0.2499,30.31,29.45,34.2023,32.7324,0.2216,-0.2211,BEARISH,-0.2842,-0.0299,19.6697,20.7745,43.6,49.0,58.5,0.2078,49.7,55.0,True,False,False,False,False,False,False,False,False,True,True,False,False,False,False,False,True,C1,,-0.7,0.9287,0.7272,25.6,69.8,10.9,1.4699,3.0,HEALTHY_BEAR,HEALTHY_BEAR,,0.2458,10.577523876636935,34.73307160409269,0.4557,-0.5894,5e-05,-0.8774,-0.6225,-0.2052,0.041,2026-07-16T17:11:00.079095,-0.0076653761061885005,73715516.76,27,2127.4,,False,,,,,,,295.8788100755555,73715.51676000001,False,,-0.0841,,,,,,,,,0.0532581858136,0.13262996771334842,0.18588815352694843,0.9596603368098454,0.32434236725664367,0.6286827986725638,-0.478009679203531,3.616,3.591,0.0,0.6287,-0.0863,2026-07-16T17:17:17.974656,,,RECOVERED,1,0.45,,True,,-0.0277,False,,,,0.5,0.05,SLOPEGATE_PROBE,False,-0.20133655973451037,,0,,0.2751,-0.1325,True,,,,,3.629,3.601,2026-07-16T17:38:25.442477,2026-07-16T17:18:24.969784,0.3518,-0.4225,0.72,20.73,13.22,-0.1736,-0.0907,0.2412,14.33,-0.2013,13.22,-0.1736,,,13.22,-0.1736,,,,,False,MOMENTUM,,,,,,0.1582,-0.0353,0.0476,-0.2842,-0.2289,2026-07-16T17:17:16.991647,,,,,,,,,,,,2026-07-16T17:56:54.384330,0.0476,,,,,,,-0.0907,window,,-0.0907,window,,-0.0907,window,,-0.0907,window,,-0.0907,window,,-0.0907,window,,-0.0907,window,,-0.0907,window,,-0.0907,window,,,0.6287,-0.0907,,-0.0907,,-0.0907,,-0.0907,,-0.0907,,-0.0907,,-0.0907,,-0.0907,,0.6006780637787769,,False,,,,False,,,2026-07-16T17:11:00.484541,-0.0077,2026-07-16T17:11:14.613148,-0.0077,,,-0.312,9.12,-0.395,6.87,2026-07-16T16:12:36,2026-07-16T17:17:41.934842,RUNNER_TRAIL L1,MAKER,TAKER,True,,0.9597,
48,,XLMUSDT,LONG,CLOSED,0.192,0.19079,0.19083,295.8788100755555,1.0,295.8788100755555,1541.0354691435184,STRONG_BUY,0.3005,0.0796,0.1153,58.61,64.11,15.8166,16.802,0.1069,0.1071,BULLISH,0.1194,-0.001,20.7918,22.1541,48.8,48.5,64.3,0.2118,51.3,55.0,False,False,False,False,False,False,False,False,False,False,False,False,False,False,False,False,False,UNMATCHED,,,1.1843,0.7918,27.9,53.5,89.3,-0.9854,3.0,CHOPPY_FLAT,CHOPPY_WEAK,,0.2849,21.487031734696487,20.232641458954554,0.435,0.2546,5e-05,0.4296,0.3023,-0.1034,0.0506,2026-07-16T16:50:59.722028,0.09838567708333579,73458104.6069,28,2369.3,,False,,,,,,,295.8788100755555,73458.10460690001,False,,0.0055,2026-07-16T16:12:52.114266,-0.3025,,,2026-07-16T16:15:12.409826,-0.4066,,,0.0532581858136,0.13230637072105134,0.18556455653465134,-2.0502174741983343,-0.692924739583342,0.421157031249993,-0.7137486979166673,0.19293,0.192,0.0,0.4925,0.0686,2026-07-16T16:55:30.294181,2026-07-16T16:23:47.043277,-0.4978,ENDED_NEG,1,0.45,,False,,-0.0573,False,,,,0.5,0.05,SLOPEGATE_PROBE,False,-0.30247552083334167,,0,,-0.4016,-0.2316,True,,,,,0.19115,0.18954,2026-07-16T17:38:37.593499,2026-07-16T17:26:04.366827,-0.5057,-1.3443,32.49,19.94,16.36,-1.0578,-1.3286,0.0,20.27,-1.2765,19.16,-1.1776,,,16.36,-1.0578,-0.6044229166666736,2026-07-16T16:23:56.791072,,,False,MOMENTUM,,,,,,-0.7713,-0.8599,-0.9172,-0.9797,-0.8286,,,,,2026-07-16T16:10:53.967688,-0.2452,,,,,,,,,,,,,,,-1.3286,window,,-1.3286,window,,-1.3286,window,,-1.3286,window,,-1.3286,window,,-1.3286,window,,-1.3286,window,,-1.3286,window,,-1.3286,window,,,,-1.3286,,-1.3286,,-1.3286,,-1.3286,,-1.3286,,-1.3286,,-0.7,0.0,-0.7,0.0,0.42542099975992,,False,,,,False,,,2026-07-16T16:10:20.580019,-0.063,,,2026-07-16T16:10:53.967521,-0.2452,-0.3389,5.63,-0.2192,3.4,2026-07-16T16:10:20,2026-07-16T17:06:08.169812,STOP_LOSS L1,MAKER,TAKER,True,,-2.0502,
47,,SKLUSDT,LONG,CLOSED,0.004281,0.004255,0.004256,295.8788100755555,1.0,295.8788100755555,69114.41487399102,VERY_STRONG,0.2492,0.0916,0.1147,54.57,61.84,28.5329,28.7742,0.0558,-0.0557,BULLISH,0.1251,0.0008,20.6128,22.1541,49.6,48.5,64.3,0.208,51.8,55.0,False,False,False,False,False,False,False,False,False,False,False,False,False,False,False,False,False,UNMATCHED,,,1.0999,1.124,30.2,46.5,59.2,-0.2413,2.0,CHOPPY_FLAT,HEALTHY_BEAR,,0.2869,30.30057950212085,18.027191520653094,0.4143,-0.2596,5e-05,-0.3958,0.1506,-0.0871,0.0532,,,91163190.103056,20,2152.4,,False,,,,,,,295.8788100755555,91163.190103056,False,,0.1813,2026-07-16T16:08:09.656702,-0.1834,2026-07-16T16:15:11.932207,-0.557,2026-07-16T16:08:09.939109,-0.2301,2026-07-16T16:15:34.400370,-0.557,0.13314546453399997,0.13233682587997428,0.26548229041397425,-2.0624570771377395,-0.6970614342443351,0.0,-0.6970614342443351,0.004282,0.004281,0.0,,,,2026-07-16T16:25:00.568475,-0.3367,ENDED_NEG,1,0.45,,False,,-0.07,False,,,,0.5,0.05,SLOPEGATE_PROBE,False,-0.183394066806813,,0,,-0.3367,-0.3841,True,,,,,0.004274,0.004244,2026-07-16T16:45:24.421063,2026-07-16T17:01:15.320657,-0.2535,-0.9543,20.39,36.24,0.0,-0.7207,-0.6273,0.0,1.21,-0.8375,29.22,-0.4637,,,0.0,-0.7207,-0.5336218173323972,2026-07-16T16:16:00.606558,,,False,MOMENTUM,,,,,,-0.8375,-0.8375,-0.5805,-0.7207,-0.3937,,,,,2026-07-16T16:10:53.965243,-0.2534,,,,,,,,,,,,,,,-0.6273,window,,-0.6273,window,,-0.6273,window,,-0.6273,window,,-0.6273,window,,-0.6273,window,,-0.6273,window,,-0.6273,window,,-0.6273,window,,,,-0.6273,,-0.6273,,-0.6273,,-0.6273,,-0.6273,,-0.6273,,-0.7,16.92,-0.7,16.92,-0.031033557428501106,,False,,,,False,,,2026-07-16T16:08:04.029887,-0.09,,,2026-07-16T16:10:53.965049,-0.2534,-0.2534,3.41,-0.557,5.68,2026-07-16T16:08:03,2026-07-16T16:25:00.571738,STOP_LOSS L1,TAKER_FALLBACK,TAKER,True,,-2.0625,
46,,DOTUSDT,LONG,CLOSED,0.851,0.857,0.858,295.5989964283293,1.0,295.5989964283293,347.35487241871834,VERY_STRONG,0.1843,0.0314,0.0503,61.52,54.21,22.052,22.8582,0.2214,0.2219,BULLISH,0.078,0.0795,25.5665,25.19,65.9,60.2,53.7,0.24,57.5,51.0,False,False,False,False,False,False,False,False,False,False,False,False,False,False,False,False,False,UNMATCHED,,,1.7375,0.8553,62.8,27.9,77.8,-0.8062,2.0,HEALTHY_BULL,HEALTHY_BULL,,0.2841,21.352218253835236,16.923211483236813,0.3531,0.3477,5e-05,0.5072,0.3037,0.3718,0.0431,2026-07-16T15:31:10.995008,0.02745593419506473,41202383.257,41,2154.4,,False,,,,,,,295.5989964283293,41202.383257,False,,0.303,,,,,,,,,0.13301954839274818,0.13395740654827873,0.2669769549410269,1.8171522795712853,0.6147356051703885,1.0845593419506476,-0.09,0.861,0.851,0.0,1.1008,0.4416,2026-07-16T15:34:19.013994,,,NEVER,1,0.45,,True,,0.0,False,,,,0.5,0.05,DEADBAND_PROBE,False,,,0,,0.4447,0.6361,True,,,,,0.86,0.844,2026-07-16T15:35:14.457078,2026-07-16T16:18:05.151443,0.9676,-0.9126,0.27,43.12,31.65,-0.2075,-0.6775,0.0,31.06,-0.2075,35.37,-0.7951,,,31.65,-0.2075,,,,,False,MOMENTUM,2026-07-16T16:06:01.936667,-0.2075,,,,0.8501,0.8501,0.6151,0.2625,-0.2075,2026-07-16T15:34:06.295800,,2026-07-16T15:34:19.014064,,,,,,,,,,,,,,,,,,-0.6775,window,,-0.6775,window,,-0.6775,window,,-0.6775,window,,-0.6775,window,,-0.6775,window,,-0.6775,window,,-0.6775,window,,-0.6775,window,,,1.1008,-0.6775,,-0.6775,,-0.6775,,-0.6775,,-0.6775,,-0.6775,,-0.7,4.24,-0.7,4.24,1.1008236154242557,atr,False,,,,False,,,,,,,,,,,,,2026-07-16T15:28:59,2026-07-16T15:34:58.137699,RUNNER_TRAIL,TAKER_FALLBACK,TAKER,True,,1.8172,
45,,NEARUSDT,LONG,CLOSED,2.07,2.075,2.077,295.5989964283293,1.0,295.5989964283293,142.80144754991755,VERY_STRONG,0.1283,0.0149,0.0197,55.71,53.08,24.3502,25.7921,0.1281,0.1283,BULLISH,0.0753,0.0795,25.5665,25.19,65.9,60.2,53.7,0.24,57.5,51.0,False,False,False,False,False,False,False,False,False,False,False,False,False,False,False,False,False,UNMATCHED,,,1.7375,0.9224,62.8,27.9,66.7,-1.4419,3.0,HEALTHY_BULL,HEALTHY_BULL,,0.2841,18.938587827099372,16.927955763295436,0.4739,0.3976,5e-05,0.6131,0.163,0.3718,0.0431,2026-07-16T15:31:56.050074,,125080121.659,13,2100.3,,False,,,,,,,295.5989964283293,125080.121659,False,,0.3426,,,,,,,,,0.05320781935709928,0.13334085164973553,0.1865486710068348,0.5274585667428011,0.17843719806764916,0.6613115942029046,-0.11128743961352125,2.085,2.07,0.0,0.4154,0.4489,2026-07-16T15:37:05.159145,2026-07-16T15:30:26.460489,0.0155,ENDED_NEG,1,0.45,,True,,-0.0483,False,,,,0.5,0.05,DEADBAND_PROBE,False,,,0,,-0.1233,0.4114,True,,,,,2.077,2.051,2026-07-16T15:43:49.728516,2026-07-16T16:15:31.193251,0.2752,-0.9809,0.22,31.91,23.0,-0.4978,-0.4012,0.0,22.5,-0.6427,28.97,-0.6427,,,23.0,-0.4978,,,,,False,MOMENTUM,2026-07-16T16:06:06.253638,-0.6427,,,,0.1785,-0.1596,-0.2562,-0.6427,-0.6427,2026-07-16T15:34:43.448220,0.17843719806764916,,,,,,,,,,,,,,,,,,,-0.4012,window,,-0.4012,window,,-0.4012,window,,-0.4012,window,,-0.4012,window,,-0.4012,window,,-0.4012,window,,-0.4012,window,,-0.4012,window,,,0.6234,-0.4012,,-0.4012,,-0.4012,,-0.4012,,-0.4012,,-0.4012,,-0.7,5.0,-0.7,5.0,0.6233903830090507,atr,False,,,,False,,,,,,,,,0.4199,12.65,,,2026-07-16T15:28:39,2026-07-16T15:43:36.418882,RUNNER_TRAIL,MAKER,TAKER,True,,0.5275,
44,,XLMUSDT,LONG,CLOSED,0.1917,0.19049,0.19051,646.91559984212,20.0,12938.3119968424,67492.4986794074,STRONG_BUY,0.4386,0.1221,0.1609,61.16,65.58,19.2832,18.8142,0.018,0.018,BULLISH,0.1988,0.1578,27.4222,26.2177,65.4,73.9,58.1,0.2032,51.9,47.0,False,False,False,False,False,False,False,False,False,False,False,False,False,False,False,False,False,UNMATCHED,,,1.1594,0.9939,76.7,18.6,77.3,0.469,3.0,HEALTHY_BULL,STRONG_BULL,,0.2386,23.338149101150037,13.88962916035769,0.4649,0.3317,5e-05,0.558,0.3012,0.256,-0.0872,2026-07-16T14:24:51.637658,0.09863823682836564,73467018.15115,26,2369.3,,False,,,,,,,12938.3119968424,73467.01815115,False,,0.3607,2026-07-16T14:32:07.280222,-0.2038,,,2026-07-16T14:39:05.593017,-0.2976,,,2.328896159431632,5.785490733048142,8.114386892479775,-89.78031029456386,-0.6939105372978699,0.4427712571726649,-0.6939105372978699,0.19267,0.1917,0.0,0.3182,0.3278,2026-07-16T14:27:46.983557,2026-07-16T14:42:00.751497,-0.4638,ENDED_NEG,1,0.45,,False,,-0.0365,False,,,,1.0,1.0,UNMATCHED,False,-0.20378169014085562,,0,,-0.4638,-0.2788,True,,,,,0.19131,0.18895,2026-07-16T15:26:51.593159,2026-07-16T15:14:07.764779,-0.2664,-1.4975,44.84,32.11,0.0,-0.6577,-0.3186,0.0,0.0,-0.6577,12.93,-1.148,,,0.0,-0.6577,-0.5062016171100769,2026-07-16T14:40:21.854567,,,True,MOMENTUM,2026-07-16T15:01:05.239272,-0.955,,,,-0.8298,-0.689,-0.569,-0.9811,-1.1637,,,,,,,,,,,,,,,,,,,,,-0.3186,window,,-0.3186,window,,-0.3186,window,,-0.3186,window,,-0.3186,window,,-0.3186,window,,-0.3186,window,,-0.3186,window,,-0.3186,window,,,,-0.3186,,-0.3186,,-0.3186,,-0.3186,,-0.3186,,-0.3186,,0.1928,4.66,0.1928,4.66,0.2922778435050317,,False,,,,False,,,,,,,,,0.2916,2.26,0.1091,7.88,2026-07-16T14:23:34,2026-07-16T14:42:00.754091,STOP_LOSS L1,MAKER,TAKER,True,,-89.7803,
43,,BCHUSDT,LONG,CLOSED,223.43,222.08,222.08,1293.83119968424,20.0,25876.6239936848,115.81535153598352,STRONG_BUY,0.2943,0.0738,0.107,61.57,67.95,15.016,14.0324,0.0023,-0.0023,BULLISH,0.1329,0.1578,27.4222,26.2177,65.4,73.9,58.1,0.2032,51.9,47.0,False,False,False,False,False,False,False,False,False,False,False,False,False,False,False,False,False,UNMATCHED,,,1.1594,0.8456,76.7,18.6,79.9,0.9836,3.0,HEALTHY_BULL,STRONG_BULL,,0.2386,30.56936234400508,17.269084524797375,0.2724,0.2066,5e-05,0.3024,0.1786,0.256,-0.0872,,,107168890.71,17,2401.2,,False,,,,,,,25876.6239936848,107168.89070999999,False,,0.3325,2026-07-16T14:42:05.261709,-0.1795,,,2026-07-16T14:52:03.721640,-0.2868,,,11.64448079715816,11.57412297110005,23.21860376825821,-179.56932834183533,-0.6939441883363893,0.17394597860627636,-0.6939441883363893,224.02,223.43,0.0,0.1614,0.1431,2026-07-16T14:37:54.689342,2026-07-16T14:56:09.023638,-0.4167,ENDED_NEG,1,0.45,,False,,0.0582,False,,,,2.0,1.0,UNMATCHED,False,-0.17947321308688047,,0,,-0.4167,-0.179,True,,,,,223.75,221.45,2026-07-16T15:27:06.859874,2026-07-16T15:14:21.095476,0.0532,-0.9762,30.96,18.2,0.01,-0.7211,-0.2377,0.0,0.01,-0.7211,7.74,-0.457,,,0.01,-0.7211,-0.2644727655194086,2026-07-16T14:52:47.775272,,,True,MOMENTUM,2026-07-16T15:01:05.239272,-0.2735,,,,-0.5018,-0.4436,-0.2735,-0.7748,-0.175,,,,,,,,,,,,,,,,,,,,,-0.2377,window,,-0.2377,window,,-0.2377,window,,-0.2377,window,,-0.2377,window,,-0.2377,window,,-0.2377,window,,-0.2377,window,,-0.2377,window,,,,-0.2377,,-0.2377,,-0.2377,,-0.2377,,-0.2377,,-0.2377,,-0.7,32.59,-0.7,32.59,0.21490779875397886,,False,,,,False,,,,,,,,,-0.0811,2.29,-0.0632,16.82,2026-07-16T14:23:32,2026-07-16T14:56:09.027646,STOP_LOSS L1,TAKER_FALLBACK,TAKER,True,,-179.5693,
42,,1000BONKUSDT,LONG,CLOSED,0.003578,0.003596,0.003596,323.45779992106,1.0,323.45779992106,90401.84458386249,VERY_STRONG,0.4529,0.1449,0.1707,69.8,70.76,22.0476,21.1844,0.1501,0.1504,BULLISH,0.2165,0.1616,27.6746,26.2177,67.3,73.9,58.1,0.2009,52.4,47.0,False,False,False,False,False,False,False,False,False,False,False,False,False,False,False,False,False,UNMATCHED,,,1.0494,0.5498,76.7,18.6,91.9,0.8631,4.0,HEALTHY_BULL,HEALTHY_BEAR,,0.2427,31.263284488177717,15.65446586781235,0.3137,0.1818,5e-05,0.2849,0.4667,0.29,-0.0837,2026-07-16T14:27:46.440635,0.0776159865846822,33630015.200552,47,967.0,,False,,,,,,,323.45779992106,33630.015200552,False,,0.2445,2026-07-16T14:56:12.267817,-0.1179,,,,,,,0.14555600996447698,0.14628826490560626,0.29184427487008324,1.3353889276394222,0.4128479597540466,0.7480799329234231,-0.17380799329234112,0.003608,0.003578,0.0,0.4937,0.0885,2026-07-16T15:11:50.274884,2026-07-16T14:22:23.606229,-0.0174,RECOVERED,1,0.45,,True,,-0.0838,False,,,,0.5,0.05,RSICEIL_PROBE,False,-0.11793599776411774,,0,,0.0782,0.172,True,,,,,0.003654,0.003593,2026-07-16T15:35:21.568649,2026-07-16T15:14:30.184980,2.0341,0.3292,21.24,0.38,,,0.8044,,,,,,,,,,,,,,True,MOMENTUM,2026-07-16T16:06:03.210737,0.8044,,,,0.4131,0.5249,0.6367,1.6987,1.4472,2026-07-16T15:11:44.032253,,,,2026-07-16T15:12:15.635759,0.6084,,,,,,,,,,,,,,,0.8044,window,,0.8044,window,,0.8044,window,,0.8044,window,,0.8044,window,,0.8044,window,,0.8044,window,,0.8044,window,,0.8044,window,,-0.6716,0.4937,0.8044,,0.8044,,0.8044,,0.8044,,0.8044,,0.8044,,0.8044,,0.8044,,0.4936857663796988,,False,,,,False,,,2026-07-16T15:01:05.234934,0.3011,,,2026-07-16T15:12:15.635557,0.6084,0.0497,3.74,0.0776,9.36,2026-07-16T14:22:05,2026-07-16T15:14:07.429626,RUNNER_TRAIL L1,TAKER_FALLBACK,TAKER,True,,1.3354,
41,,TAOUSDT,LONG,CLOSED,197.3,196.06,196.12,323.45779992106,1.0,323.45779992106,1.639421185611049,VERY_STRONG,0.3059,0.0811,0.1146,59.56,65.68,26.0191,25.2056,0.0097,-0.0097,BULLISH,0.1431,0.1616,27.6746,26.2177,67.3,73.9,58.1,0.2009,52.4,47.0,False,False,False,False,False,False,False,False,False,False,False,False,False,False,False,False,False,UNMATCHED,,,1.0494,0.7698,76.7,18.6,83.1,0.8135,4.0,HEALTHY_BULL,STRONG_BULL,,0.2427,26.53015575608815,12.314976093630529,0.2905,0.1223,5e-05,0.1755,0.1861,0.29,-0.0837,2026-07-16T14:27:46.789248,0.09911657374556165,73656532.34,26,826.0,,False,,,,,,,323.45779992106,73656.53234,False,,0.3325,2026-07-16T14:36:41.119816,-0.1542,2026-07-16T14:55:54.967904,-0.5848,2026-07-16T14:39:39.020321,-0.2758,,,0.0582224039857908,0.14464121294290602,0.2028636169286968,-2.2357458870864124,-0.6912017232640695,0.256167004561579,-0.6912017232640695,197.93,197.3,0.0,0.3085,0.0944,2026-07-16T14:27:46.968767,2026-07-16T14:56:11.912453,-0.4096,ENDED_NEG,1,0.45,,False,,-0.0051,False,,,,0.5,0.05,GAPFLAT_PROBE,False,-0.15419057273188383,,0,,-0.4096,-0.2329,True,,,,,197.75,195.72,2026-07-16T15:27:06.859874,2026-07-16T15:14:18.063263,0.1651,-0.8638,30.91,18.1,0.0,-0.7219,-0.1289,0.0,0.0,-0.7219,7.69,-0.6307,,,0.0,-0.7219,-0.25551343132287063,2026-07-16T14:40:22.336312,,,False,MOMENTUM,2026-07-16T15:01:05.239272,-0.362,,,,-0.5648,-0.4583,-0.3823,-0.5242,-0.2657,,,,,,,,,,,,,,,,,,,,,-0.1289,window,,-0.1289,window,,-0.1289,window,,-0.1289,window,,-0.1289,window,,-0.1289,window,,-0.1289,window,,-0.1289,window,,-0.1289,window,,,,-0.1289,,-0.1289,,-0.1289,,-0.1289,,-0.1289,,-0.1289,,-0.7,34.44,-0.7,34.44,0.28326414783032,,False,,,,False,,,,,,,,,-0.0731,4.07,-0.0883,16.38,2026-07-16T14:21:45,2026-07-16T14:56:11.915332,STOP_LOSS L1,MAKER,TAKER,True,,-2.2357,
40,,LINKUSDT,LONG,CLOSED,8.473,8.419,8.422,323.45779992106,1.0,323.45779992106,38.17512096318423,VERY_STRONG,0.2717,0.0734,0.103,61.98,64.1,25.8881,25.3349,0.0372,0.0373,BULLISH,0.1214,0.1616,27.6746,26.2177,67.3,73.9,58.1,0.2009,52.4,47.0,False,False,False,False,False,False,False,False,False,False,False,False,False,False,False,False,False,UNMATCHED,,,1.0494,0.5241,76.7,18.6,85.5,0.5532,3.0,HEALTHY_BULL,STRONG_BULL,,0.2427,26.709404626602723,13.431121112449995,0.2716,0.1496,5e-05,0.1857,0.2138,0.29,-0.0837,,,87742965.195,22,2372.3,,False,,,,,,,323.45779992106,87742.965195,False,,0.3325,2026-07-16T14:24:49.053595,-0.2753,2026-07-16T14:54:32.605665,-0.4995,2026-07-16T14:25:03.470453,-0.3697,,,0.0582224039857908,0.1446283545250716,0.20285075851086243,-2.264307290522821,-0.7000317479051136,0.1493439159683572,-0.7000317479051136,8.491,8.473,0.0,0.3624,-0.0079,2026-07-16T14:27:47.062287,2026-07-16T14:55:37.069217,-0.3717,ENDED_NEG,1,0.45,,False,,-0.0118,False,,,,0.5,0.05,RSIADX_PROBE,False,-0.27534391596837815,,0,,-0.3717,-0.134,True,,,,,8.473,8.384,2026-07-16T15:27:04.829131,2026-07-16T15:14:07.764779,-0.063,-1.1134,31.46,18.51,0.01,-0.7121,-0.3345,0.0,0.01,-0.7121,8.27,-0.7475,,,0.01,-0.7121,-0.27534391596837815,2026-07-16T14:41:48.262474,,,True,MOMENTUM,2026-07-16T15:01:05.239272,-0.5705,,,,-0.7003,-0.6767,-0.5705,-0.901,-0.5705,,,,,,,,,,,,,,,,,,,,,-0.3345,window,,-0.3345,window,,-0.3345,window,,-0.3345,window,,-0.3345,window,,-0.3345,window,,-0.3345,window,,-0.3345,window,,-0.3345,window,,,,-0.3345,,-0.3345,,-0.3345,,-0.3345,,-0.3345,,-0.3345,,-0.7,33.88,-0.7,33.88,0.350652712306059,,False,,,,False,,,,,,,,,-0.1692,16.42,-0.2046,10.83,2026-07-16T14:21:43,2026-07-16T14:55:37.071874,STOP_LOSS L1,MAKER,TAKER,True,,-2.2643,
39,,PUMPUSDT,LONG,CLOSED,0.001632,0.001653,0.001654,322.42091805300197,1.0,322.42091805300197,197561.83704228062,VERY_STRONG,0.5596,0.1315,0.2198,62.03,66.09,22.6489,22.785,0.0026,0.0026,BULLISH,0.2251,0.0449,20.8093,21.1144,57.6,50.7,51.2,0.164,44.1,33.7,False,False,False,False,False,False,False,False,False,False,False,False,False,False,False,False,False,UNMATCHED,,,1.0966,0.9665,62.8,20.9,71.7,-0.1361,4.0,HEALTHY_BULL,HEALTHY_BULL,,-0.0052,25.544918868285116,16.72020386378451,0.4809,0.3304,5e-05,0.5246,0.3542,0.1407,-0.1649,2026-07-16T14:07:57.684831,0.09374080882352726,79345963.015768,23,371.3,,False,,,,,,,322.42091805300197,79345.96301576801,False,,0.1135,,,,,,,,,0.14508941312385087,0.14695637248390042,0.2920457856077513,3.856752792280136,1.1961856617647042,1.686161151960781,-0.39623468137254986,0.001661,0.001632,0.0,1.7043,0.1597,2026-07-16T14:10:18.322508,2026-07-16T13:48:50.177649,-0.2638,RECOVERED,1,0.45,,True,,0.0613,False,,,,0.5,0.05,GAPFLAT_PROBE,False,,,0,,0.8191,0.5737,True,,,,,0.001655,0.001638,2026-07-16T14:30:09.547835,2026-07-16T14:55:23.984363,1.3193,0.2776,19.49,44.73,,,0.5227,,9.93,0.584,8.8,0.8291,,,,,,,,,False,MOMENTUM,,,,,,1.1355,1.0129,0.9517,0.6453,0.6453,2026-07-16T14:09:44.001083,,2026-07-16T14:10:14.841830,,,,2026-07-16T14:11:01.849668,0.9517,2026-07-16T14:11:16.112771,1.1355,2026-07-16T14:11:17.130665,1.1355,2026-07-16T14:16:07.304974,0.8291,2026-07-16T14:16:08.312930,0.8291,2026-07-16T14:16:07.304974,0.8291,2026-07-16T14:16:08.312930,0.8291,1.4362,trailing,23.24,1.0862,trailing,23.62,0.8862,trailing,29.0,0.6862,trailing,30.43,1.1962,stretch,23.57,1.0129,stretch,23.89,0.9517,stretch,26.95,0.5227,window,,0.584,ema5_cross,33.5,1.7043,1.7043,0.645,22.71,1.1962,23.57,0.9517,23.91,0.3387,22.48,0.645,22.71,0.645,22.71,1.4362,23.24,1.4362,23.24,1.4670304914020624,atr,False,,,,False,,,,,,,,,-0.09,0.02,,,2026-07-16T13:47:02,2026-07-16T14:10:39.779212,RUNNER_TRAIL,TAKER_FALLBACK,TAKER,True,,3.8568,
38,,ADAUSDT,LONG,CLOSED,0.1635,0.1646,0.1647,322.42091805300197,1.0,322.42091805300197,1971.9933825871678,VERY_STRONG,0.3191,0.0997,0.1225,66.22,70.24,26.1739,25.2926,0.1241,0.1243,BULLISH,0.1346,0.0449,20.8093,21.1144,57.6,50.7,51.2,0.164,44.1,33.7,False,False,False,False,False,False,False,False,False,False,False,False,False,False,False,False,False,UNMATCHED,,,1.0966,0.9998,62.8,20.9,83.3,0.8813,4.0,HEALTHY_BULL,HEALTHY_BULL,,-0.0052,26.38046363078386,11.95470237306778,0.2768,0.0872,5e-05,0.1954,0.3469,0.1407,-0.1649,2026-07-16T13:52:08.515354,0.09340366972476741,115595577.1638,15,2358.2,,False,,,,,,,322.42091805300197,115595.5771638,False,,0.2201,,,,,,,,,0.14508941312385087,0.1460655498482315,0.2911549629720824,1.8780377578737821,0.5824801223241528,0.8881529051987709,-0.39567278287461805,0.1651,0.1635,0.0,0.4571,0.4745,2026-07-16T14:11:52.410283,2026-07-16T13:48:35.779781,-0.1005,RECOVERED,1,0.45,,True,,0.0612,False,,,,0.5,0.05,RSICEIL_PROBE,False,,,0,,0.0424,0.4578,False,,,,,0.1648,0.1633,2026-07-16T14:27:48.369163,2026-07-16T14:56:14.403075,0.7051,-0.2123,10.23,38.67,37.38,0.1546,-0.09,0.7051,4.13,0.5216,23.99,0.3993,,,37.38,0.1546,,,,,False,MOMENTUM,2026-07-16T15:01:05.239272,-0.0288,,,,0.5828,0.6439,0.3993,0.4605,0.3381,2026-07-16T14:06:05.130504,,,,,,,,2026-07-16T14:19:06.015899,0.4605,2026-07-16T14:19:08.029511,0.5216,2026-07-16T14:19:08.029511,0.5216,2026-07-16T14:19:08.029511,0.5216,2026-07-16T14:22:01.525383,0.3993,2026-07-16T14:22:16.758523,0.3381,0.6382,trailing,30.84,0.2882,trailing,52.58,0.6382,trailing,30.84,0.5882,trailing,30.84,0.2768,stretch,16.09,0.2157,stretch,16.23,0.6436,stretch,29.41,0.1546,ema13,68.22,0.4605,ema5_cross,32.34,0.5147,0.5147,0.2768,16.09,0.5825,30.84,0.4605,32.34,0.3379,14.98,0.2768,16.09,0.2768,16.09,0.6382,30.84,0.6382,30.84,0.5146781114852714,atr,False,,,,False,,,,,,,,,-0.2734,2.6,,,2026-07-16T13:46:42,2026-07-16T14:17:34.026383,RUNNER_TRAIL,TAKER_FALLBACK,TAKER,True,,1.878,
37,,WLDUSDT,LONG,CLOSED,0.4011,0.4032,0.4035,322.42091805300197,1.0,322.42091805300197,803.8417303739765,STRONG_BUY,0.3166,0.0864,0.1176,64.49,63.93,16.5725,16.2912,0.0758,0.0759,BULLISH,0.1326,0.0844,22.7899,21.3265,64.4,63.4,50.0,0.1451,45.4,33.7,False,False,False,False,False,False,False,False,False,False,False,False,False,False,False,False,False,UNMATCHED,,,1.1735,1.0961,74.4,16.3,77.4,0.2814,4.0,HEALTHY_BULL,HEALTHY_BULL,,0.0038,21.25905053491258,14.10486356688127,0.3179,0.1537,5e-05,0.2807,0.2802,0.212,-0.1579,2026-07-16T13:54:14.018607,0.08652131637995249,123915330.8341,14,1088.1,,False,,,,,,,322.42091805300197,123915.3308341,False,,0.0767,2026-07-16T13:44:41.493221,-0.3371,,,,,,,0.05803576524954036,0.1458490435590543,0.20388480880859464,1.4841828249767484,0.46032460732984054,0.7842874594864158,-0.41188307155323167,0.4045,0.4011,0.0,0.5174,0.4774,2026-07-16T14:01:54.485422,2026-07-16T13:49:34.078842,-0.1716,RECOVERED,1,0.45,,True,,-0.0249,False,,,,0.5,0.05,GAPFLAT_PROBE,False,-0.33712241336324855,,0,,0.1636,0.5103,True,,,,,0.4053,0.4014,2026-07-16T14:17:04.965019,2026-07-16T14:40:33.583523,0.9841,0.0118,14.16,37.63,38.64,0.2362,0.1115,0.9841,22.9,0.6849,3.14,0.3858,,,38.64,0.2362,,,,,False,MOMENTUM,,,,,,0.4855,0.311,0.4356,0.8844,0.7099,2026-07-16T13:59:12.189973,,,,,,2026-07-16T14:02:55.497852,0.4855,2026-07-16T14:02:55.497852,0.4855,2026-07-16T14:02:55.497852,0.4855,2026-07-16T14:02:55.497852,0.4855,2026-07-16T14:02:55.497852,0.4855,2026-07-16T14:02:55.497852,0.4855,2026-07-16T14:02:59.575124,0.5104,0.5343,trailing,21.01,0.3841,trailing,40.04,0.5343,trailing,21.01,0.4843,trailing,21.02,0.6348,stretch,20.89,0.56,stretch,20.98,0.4852,stretch,21.02,0.2362,ema13,59.66,0.66,ema5_cross,38.68,0.686,0.686,0.6098,20.9,0.4603,21.02,0.286,22.79,0.3856,18.11,0.6098,20.9,0.6098,20.9,0.5343,21.01,0.5343,21.01,0.685671247138645,atr,False,,,,False,,,,,,,,,,,-0.2374,3.36,2026-07-16T13:41:53,2026-07-16T14:02:55.153758,RUNNER_TRAIL,MAKER,TAKER,True,,1.4842,
36,,INJUSDT,LONG,CLOSED,5.049,5.086,5.086,322.42091805300197,1.0,322.42091805300197,63.858371569222015,VERY_STRONG,0.261,0.0713,0.1147,57.98,65.16,26.1189,26.1572,0.0486,-0.0485,BULLISH,0.0981,0.0976,21.2944,19.6242,69.4,65.7,45.1,0.1487,47.5,33.7,False,False,False,False,False,False,False,False,False,False,False,False,False,False,False,False,False,UNMATCHED,,,1.4818,0.9247,79.1,16.3,70.7,-0.0383,4.0,HEALTHY_BULL,HEALTHY_BULL,,-0.0066,25.771371738550624,15.258975852517102,0.3179,-0.0757,5e-05,-0.1093,0.1375,0.3531,-0.1459,,,31065918.5062,49,1430.3,,False,,,,,,,322.42091805300197,31065.9185062,False,,0.1625,,,,,,,,,0.05803576524954036,0.14615265501047842,0.20418842026001877,2.158571327801191,0.6694886116062571,1.0060374331550679,-0.676706674589039,5.103,5.049,0.0,,,,,,,1,0.45,,,,-0.0198,False,,,,0.5,0.05,GAPFLAT_PROBE,False,-0.2015789265201141,,0,,,,,,,,,,,,,,,,,,,,,,,,,,,,,-0.39954882154882837,2026-07-16T13:43:01.507770,,,False,MOMENTUM,,,,,,,,,,,,,,,,,,,,,,,,,,,,,,,,,,,,,,,,,,,,,,,,,,,,,,,,,,,0.8503,,,,,,,,,,,,,,,,,0.8114559530675384,atr,False,,,,False,,,,,,,,,-0.063,0.01,-0.3798,3.58,2026-07-16T13:38:19,2026-07-16T14:13:47.436855,RUNNER_TRAIL,MAKER,TAKER,True,,2.1586,
35,,LITUSDT,LONG,CLOSED,2.4148,2.4332,2.4427,322.17543072794837,1.0,322.17543072794837,133.4170244856503,VERY_STRONG,0.447,0.1048,0.1714,61.95,54.07,27.3995,26.6039,0.1247,0.1248,BULLISH,0.158,-0.0815,19.554,17.8464,41.5,36.4,44.8,0.137,34.5,40.1,False,False,False,False,False,False,False,False,False,False,False,False,False,False,False,False,False,UNMATCHED,,,1.1568,1.1849,18.6,74.4,85.7,0.7956,2.0,HEALTHY_BEAR,HEALTHY_BULL,,-0.1606,22.886848354474512,10.344474402536449,0.5013,0.2503,5e-05,0.3292,0.4015,-0.1084,-0.186,2026-07-16T13:15:39.885081,,48144023.65674,37,204.8,,False,,,,,,,322.17543072794837,48144.023656740006,False,,-0.1127,,,,,,,,,0.14497894382757676,0.1460836367903179,0.2910625806178947,2.1638106699180373,0.6716249792943411,1.1766154546960303,-0.42941982772900383,2.4454,2.4148,0.0,0.882,0.4249,2026-07-16T13:22:36.160710,2026-07-16T12:56:10.411479,-0.1424,RECOVERED,1,0.45,,True,,0.0663,False,,,,0.5,0.05,RSIADX_PROBE,False,,,0,,0.2768,0.5329,True,,,,,2.4733,2.4297,2026-07-16T13:46:30.731109,2026-07-16T13:24:25.605623,2.3326,0.527,22.74,0.65,,,0.9204,,32.22,1.3801,26.65,1.6907,,,,,,,,,True,MOMENTUM,,,,,,0.6554,0.8583,0.9577,2.0013,1.641,2026-07-16T13:16:29.336801,,2026-07-16T13:21:45.112223,,2026-07-16T12:54:43.712206,-0.09,2026-07-16T13:31:06.454080,0.9784,2026-07-16T13:27:34.706113,0.7962,2026-07-16T13:27:35.711306,0.7796,2026-07-16T13:27:37.720576,0.7465,2026-07-16T13:27:38.724612,0.7258,2026-07-16T13:27:39.728924,0.7258,2026-07-16T13:31:10.473768,1.0074,0.3678,trailing,22.23,0.5766,trailing,29.28,0.3678,trailing,22.23,0.3178,trailing,22.48,0.3239,stretch,22.24,0.3239,stretch,22.48,0.2701,stretch,22.98,0.9204,window,,0.8418,ema5_cross,36.73,1.3406,0.882,0.3653,22.23,0.6716,29.02,1.4795,50.21,0.4605,21.99,0.3984,22.15,0.3653,22.23,0.3678,22.23,0.3678,22.23,0.8576372972335785,atr,False,,,,False,,,2026-07-16T13:14:15.997284,0.1873,2026-07-16T13:22:06.384236,0.9697,,,-0.3466,1.14,-0.1604,11.2,2026-07-16T12:54:43,2026-07-16T13:23:46.247930,RUNNER_TRAIL,TAKER_FALLBACK,TAKER,True,,2.1638,
34,,ONDOUSDT,LONG,CLOSED,0.3723,0.3729,0.3731,322.1235171877086,1.0,322.1235171877086,865.2256706626607,STRONG_BUY,0.4038,0.1351,0.1644,58.24,61.39,15.8186,15.2747,0.077,0.0771,BULLISH,0.1771,-0.0229,31.497,31.7481,45.0,43.6,42.0,0.1261,34.6,34.1,False,False,False,False,False,False,False,False,False,False,False,False,False,False,False,False,False,UNMATCHED,,,0.4545,0.6433,20.9,62.8,78.6,0.5439,3.0,STRONG_BEAR,CHOPPY_FLAT,,-0.3057,24.418162486740396,15.32186114735091,0.5978,0.1124,-7e-06,0.2355,0.377,0.0032,-0.2488,2026-07-16T10:02:34.395835,0.09808783239322841,192881343.32064,10,907.9,,False,,,,,,,322.1235171877086,192881.34332064,False,,-0.2931,,,,,,,,,0.057982233093787555,0.14518919366554778,0.20317142675933533,0.31596397563825196,0.09808783239322841,0.5276553854418424,-0.3583276927209362,0.3745,0.3723,0.0,0.5128,0.3283,2026-07-16T10:05:03.943010,2026-07-16T10:01:24.597200,-0.246,ENDED_NEG,1,0.45,,True,,-0.0269,False,,,,0.5,0.05,SLOPEGATE_PROBE,False,,,0,,-0.0739,0.3406,False,,,,,0.3766,0.3713,2026-07-16T10:13:46.076294,2026-07-16T10:38:11.657948,1.092,-0.3316,7.99,32.41,30.09,0.125,0.3668,1.092,23.38,0.3399,32.31,-0.2779,,,30.15,0.0444,,,,,False,MOMENTUM,,,,,,0.1787,0.2862,0.6891,0.8234,0.0713,2026-07-16T10:04:35.951204,0.17863174858983513,,,2026-07-16T10:01:14.203501,-0.2778,2026-07-16T10:05:47.795058,0.2056,2026-07-16T10:05:46.783836,0.2325,2026-07-16T10:05:47.795058,0.2056,2026-07-16T10:05:46.783836,0.2325,2026-07-16T10:05:49.810045,0.1787,2026-07-16T10:05:50.816620,0.2056,2026-07-16T10:05:49.810045,0.1787,0.2777,trailing,4.45,0.492,trailing,17.11,0.2777,trailing,4.45,0.2277,trailing,4.46,0.2592,stretch,4.45,0.2055,stretch,4.46,0.2055,stretch,4.47,0.2055,stretch,4.47,0.1518,ema5_cross,4.49,0.7331,0.5128,0.2055,4.46,0.4473,17.11,0.1787,28.6,0.3666,3.5,0.3397,4.03,0.2592,4.45,0.2777,4.45,0.2777,4.45,0.512750337557787,lock,False,,,,False,,,2026-07-16T10:05:07.426906,0.4471,,,,,0.0175,1.13,,,2026-07-16T10:01:13,2026-07-16T10:05:46.439702,RUNNER_TRAIL,MAKER,TAKER,True,,0.316,
33,,PUMPUSDT,LONG,CLOSED,0.001622,0.00161,0.001611,322.36200942649515,1.0,322.36200942649515,198743.5323221302,STRONG_BUY,0.3625,0.1123,0.142,59.53,54.81,18.486,17.6995,0.2084,0.2088,BULLISH,0.1405,-0.0569,39.5653,41.2361,44.9,41.4,40.8,0.1754,36.6,34.7,False,False,False,False,False,False,False,False,False,False,False,False,False,False,False,False,False,UNMATCHED,,,0.5794,0.5732,20.9,72.1,85.3,0.7864,3.0,STRONG_BEAR,STRONG_BEAR,,-0.3829,30.369775969604706,16.82130978916365,0.5205,-0.0698,-7e-06,-0.043,0.4638,0.0025,-0.242,2026-07-16T09:11:19.916137,0.09487361282367231,99094209.769481,20,371.1,,False,,,,,,,322.36200942649515,99094.209769481,False,,-0.361,2026-07-16T09:21:07.288583,-0.2749,,,2026-07-16T09:24:10.979392,-0.4597,,,0.1450629042419228,0.14398968916738333,0.2890525934093061,-2.67397498127484,-0.8294944512946891,0.279747225647358,-0.8294944512946891,0.001628,0.001622,0.0,0.3289,0.2908,2026-07-16T09:14:43.686874,2026-07-16T09:24:18.199631,-0.7125,ENDED_NEG,1,0.45,,False,,-0.0616,False,,,,0.5,0.05,SLOPEGATE_PROBE,False,-0.2748736128236723,,0,,-0.4819,-0.2814,True,,,,,0.001622,0.001605,2026-07-16T10:07:31.618215,2026-07-16T09:27:44.152708,-0.09,-1.1381,40.42,0.63,0.01,-0.8298,-0.275,0.0,0.58,-1.0148,30.74,-0.6449,,,0.01,-0.8298,-0.5213717632552443,2026-07-16T09:25:31.675722,,,False,MOMENTUM,,,,,,-1.0764,-0.5832,-0.4599,-0.4599,-0.5216,,,,,2026-07-16T09:01:56.813475,-0.0284,,,,,,,,,,,,,,,-0.275,window,,-0.275,window,,-0.275,window,,-0.275,window,,-0.275,window,,-0.275,window,,-0.275,window,,-0.275,window,,-0.275,window,,,,-0.275,,-0.275,,-0.275,,-0.275,,-0.275,,-0.275,,-0.7,22.36,-0.7,22.36,0.3302130154696615,,False,,,,False,,,,,,,,,-0.2132,20.16,-0.5214,23.52,2026-07-16T09:01:56,2026-07-16T09:27:05.221032,STOP_LOSS L1,TAKER_FALLBACK,TAKER,True,,-2.674,
32,,ETHFIUSDT,LONG,CLOSED,0.4388,0.4355,0.4363,322.6046245725958,1.0,322.6046245725958,735.1974124261527,STRONG_BUY,0.3575,0.0818,0.1586,52.96,63.06,20.0156,21.3683,0.1917,-0.1913,BULLISH,0.1666,-0.1337,33.585,30.9528,16.8,23.9,38.4,0.1299,37.6,50.6,False,False,False,False,False,False,False,False,False,False,False,False,False,False,False,False,False,UNMATCHED,,,1.8807,0.7132,9.3,81.4,72.5,-1.3528,3.0,BEAR_EXHAUSTED,BEAR_EXHAUSTED,,-0.1674,22.724017270865584,21.646076971437026,0.5355,0.0353,-7e-06,-0.0008,0.0487,-0.4997,-0.0502,2026-07-16T08:02:41.658659,0.09645419325432507,32098138.61332,47,849.7,,False,,,,,,,322.6046245725958,32098.13861332,False,,-0.3729,2026-07-16T07:38:05.933221,-0.1086,2026-07-16T07:55:03.093463,-0.2452,2026-07-16T07:40:16.530205,-0.2225,,,0.05806883242306725,0.14408031290021525,0.2021491453232825,-2.628300606329605,-0.8147126253418471,0.36980423883317165,-0.8147126253418471,0.4407,0.4388,0.0,0.4306,-0.0982,2026-07-16T08:02:42.481682,2026-07-16T08:07:46.331837,-0.7454,ENDED_NEG,1,0.45,,False,,-0.0228,False,,,,0.5,0.05,SLOPEGATE_PROBE,False,-0.1085583409298162,,0,,-0.7454,-0.0021,True,,,,,0.437,0.4311,2026-07-16T08:09:46.097118,2026-07-16T08:51:31.445030,-0.4732,-1.8178,1.99,43.75,0.01,-0.8378,-1.795,0.0,2.98,-1.2481,7.47,-1.3848,,,0.01,-0.8378,-0.24523336371923948,2026-07-16T07:50:28.525294,,,False,MOMENTUM,,,,,,-0.6327,-0.4732,-0.9062,-1.5899,-1.6355,,,,,2026-07-16T07:38:02.490530,-0.063,,,,,,,,,,,,,,,-1.795,window,,-1.795,window,,-1.795,window,,-1.795,window,,-1.795,window,,-1.795,window,,-1.795,window,,-1.795,window,,-1.795,window,,,,-1.795,,-1.795,,-1.795,,-1.795,,-1.795,,-1.795,,0.1198,25.08,-0.7,29.64,0.38537887093056455,,False,,,,False,,,,,,,,,-0.063,0.01,-0.1541,9.06,2026-07-16T07:38:02,2026-07-16T08:07:46.335069,STOP_LOSS L1,MAKER,TAKER,True,,-2.6283,
31,,ZBTUSDT,LONG,CLOSED,0.09088,0.09003,0.09009,322.9066389245829,1.0,322.9066389245829,3553.110023377893,STRONG_BUY,0.5703,0.1647,0.2284,59.78,60.75,19.8246,18.8102,0.0843,0.0844,BULLISH,0.2494,0.0093,31.1149,32.281,48.6,54.2,72.7,0.1086,51.9,55.8,False,False,False,False,False,False,False,False,False,False,False,False,False,False,False,False,False,UNMATCHED,,,0.9493,0.9193,23.3,53.5,75.2,1.0144,2.0,CHOPPY_FLAT,STRONG_BEAR,,0.1538,25.00783060466484,12.594462618956628,0.6877,0.2591,-7e-06,0.4133,0.4782,-0.0734,0.0089,,,35677992.79706,43,271.8,,False,,,,,,,322.9066389245829,35677.99279706,False,,0.1044,2026-07-16T06:30:32.967967,-0.5299,,,2026-07-16T06:30:33.029161,-0.7059,,,0.1453079875160623,0.14394892293212025,0.2892569104481826,-3.3094004303194042,-1.0248784110915532,0.0,-1.0248784110915532,0.09088,0.09088,0.0,,,,2026-07-16T06:40:14.800791,-0.5624,ENDED_NEG,1,0.45,,False,,-0.044,False,,,,0.5,0.05,DEADBAND_PROBE,False,-0.5299427816901381,,0,,-0.5624,-0.2968,True,,,,,0.09027,0.08956,2026-07-16T07:21:38.160620,2026-07-16T06:55:02.573333,-0.7612,-1.5425,41.38,14.79,0.01,-1.0033,-1.1023,0.0,0.01,-1.0033,14.69,-1.4654,,,0.01,-1.0033,-0.7059198943662026,2026-07-16T06:39:13.128243,,,False,MOMENTUM,,,,,,-1.1243,-0.8602,-1.3224,-1.4764,-1.0473,,,,,2026-07-16T06:36:21.066829,-0.5959,,,,,,,,,,,,,,,-1.1023,window,,-1.1023,window,,-1.1023,window,,-1.1023,window,,-1.1023,window,,-1.1023,window,,-1.1023,window,,-1.1023,window,,-1.1023,window,,,,-1.1023,,-1.1023,,-1.1023,,-1.1023,,-1.1023,,-1.1023,,-0.7,0.38,-0.7,0.38,0.14928582970335993,,False,,,,False,,,2026-07-16T06:30:10.992010,-0.178,,,2026-07-16T06:36:21.066622,-0.5959,-0.5299,1.14,,,2026-07-16T06:30:10,2026-07-16T06:40:14.803702,STOP_LOSS L1,TAKER_FALLBACK,TAKER,True,,-3.3094,
30,,EVAAUSDT,SHORT,CLOSED,1.044,1.0397,1.0397,322.29415351005787,1.0,322.29415351005787,308.710875009634,STRONG_BUY,0.4603,0.099,0.1477,44.34,37.54,26.016,25.9428,0.1121,0.1122,BEARISH,-0.2137,0.0407,19.3742,19.4685,58.4,59.1,38.7,0.1398,49.9,43.5,False,False,False,False,False,False,False,False,False,False,False,False,False,True,False,False,True,W4,,,0.8673,0.5312,57.1,19.0,48.1,0.0733,2.0,HEALTHY_BULL,HEALTHY_BULL,,-0.1209,14.789440348678365,25.71200755785878,0.8347,-0.5359,-4.3e-05,-0.9871,-0.1346,0.1941,-0.0595,2026-07-16T01:54:56.837323,,214761390.22649,10,285.6,,False,,,,,,,322.29415351005787,214761.39022649,False,,-0.1014,,,,,,,,,0.05801294763181042,0.1444350135363824,0.20244796116819283,1.1250088013732242,0.3490627394635987,0.4736398467432997,-0.1300799808429045,1.044,1.0384,0.0,0.2331,-0.1728,2026-07-16T01:57:35.559451,2026-07-16T01:53:53.088763,-0.2459,RECOVERED,1,0.45,,True,,-0.0671,False,,,,0.5,0.05,RSIADX_PROBE,False,,,0,,0.1078,-0.1728,True,,,,,1.0605,1.0343,2026-07-16T02:13:51.833063,2026-07-16T02:04:08.048962,0.8661,-1.6435,6.52,16.25,15.33,-0.1396,-0.0055,0.8661,14.2,-0.0917,2.99,0.2722,,,15.33,-0.1396,,,,,False,MOMENTUM,,,,,,0.1669,0.2052,0.4542,-0.1588,-0.4653,,,,,2026-07-16T01:53:53.111280,-0.1301,2026-07-16T01:57:49.959153,0.2148,2026-07-16T01:58:01.150791,0.2052,2026-07-16T01:58:03.183178,0.1094,2026-07-16T02:05:06.727968,0.4063,2026-07-16T02:05:09.759618,0.368,2026-07-16T02:05:09.759618,0.368,2026-07-16T02:09:35.039199,0.2531,0.2236,trailing,3.75,0.2661,trailing,14.99,0.2236,trailing,3.75,0.1736,trailing,3.76,0.3491,stretch,3.71,0.2052,stretch,3.75,0.2052,stretch,3.75,0.3491,stretch,3.71,0.2052,ema5_cross,3.75,0.5896,0.2331,0.4063,11.06,0.0232,16.65,-0.1396,19.05,0.3491,3.71,0.2052,3.75,0.2052,3.75,0.147,2.51,0.2236,3.75,0.29483537753347566,,False,,,,False,,,,,,,,,-0.1301,0.02,,,2026-07-16T01:53:52,2026-07-16T01:57:36.450268,RUNNER_TRAIL L1,MAKER,TAKER,True,,1.125,
29,,DODOXUSDT,LONG,CLOSED,0.02697,0.027021,0.02711,322.47377400974375,1.0,322.47377400974375,11956.758398581525,STRONG_BUY,0.5662,0.0961,0.2209,54.45,55.21,20.9911,21.4674,0.0289,-0.0289,BULLISH,0.2384,-0.0324,23.0064,23.3833,47.8,43.5,41.1,0.1225,44.5,43.5,False,False,False,False,False,False,False,False,False,False,False,False,False,False,False,False,False,UNMATCHED,,,0.9259,0.5483,19.0,69.0,68.6,-0.4763,3.0,HEALTHY_BEAR,CHOPPY_FLAT,,-0.2207,23.232141478541134,17.242383387005482,1.4676,0.404,-0.000123,0.2509,0.2882,0.0338,-0.0841,,,180308958.729796,11,1072.6,,False,,,,,,,322.47377400974375,180308.958729796,False,,-0.1625,,,,,,,,,0.14511319830438468,0.14538760590963212,0.2905008042140168,0.31929387411362864,0.09901390433814966,1.414698924731183,-0.4050231738969289,0.027376,0.02697,0.0,,,,,,,1,0.45,,,,-0.0222,False,,,,0.5,0.05,SLOPEGATE_PROBE,False,-0.36796162402670424,,0,,,,,,,,,,,,,,,,,,,,,,,,,,,,,,,,,True,MOMENTUM,,,,,,,,,,,,,,,,,,,,,,,,,,,,,,,,,,,,,,,,,,,,,,,,,,,,,,,,,,,1.2303,,,,,,,,,,,,,,,,,1.2086086938364013,lock,False,,,,False,,,,,,,,,,,0.4659,15.74,2026-07-16T01:32:32,2026-07-16T01:48:28.313711,RUNNER_TRAIL,TAKER_FALLBACK,TAKER,True,,0.3193,
28,,XLMUSDT,SHORT,CLOSED,0.18739,0.18815,0.18815,322.47377400974375,1.0,322.47377400974375,1720.8697049455347,STRONG_BUY,0.3827,0.1064,0.1453,41.02,30.21,22.7239,21.8868,0.0149,0.0149,BEARISH,-0.1879,-0.0661,23.8472,23.7627,44.6,38.7,37.2,0.1229,43.2,43.5,False,False,False,False,False,False,False,False,False,False,False,True,False,True,False,False,True,W4,,,1.096,0.7772,7.1,85.7,27.4,0.8371,3.0,HEALTHY_BEAR,CHOPPY_FLAT,,-0.2322,13.682744289028554,27.533825131081453,0.3502,-0.1536,-0.000123,-0.2408,-0.2367,-0.0191,-0.0894,,,71573527.81593,27,2368.7,,False,,,,,,,322.47377400974375,71573.52781592999,False,,-0.1957,2026-07-16T01:31:14.804924,-0.3356,,,2026-07-16T01:39:36.812599,-0.4424,,,0.14511319830438468,0.14570173574347606,0.29081493404786074,-1.5986759098064856,-0.4957537755483274,0.0,-0.5277869683547614,0.18739,0.18732,0.0,,,,2026-07-16T01:39:45.594255,-0.3348,ENDED_NEG,1,0.45,,False,,0.016,False,,,,0.5,0.05,RSIADX_PROBE,False,-0.33558781151608313,,0,,-0.1506,0.2259,True,,,,,0.18848,0.18728,2026-07-16T01:50:32.882056,2026-07-16T01:44:24.378501,-0.0313,-0.6717,3.92,10.06,0.0,-0.4902,-0.4155,0.0,0.0,-0.4902,7.79,-0.3248,,,0.0,-0.4902,,,,,False,MOMENTUM,2026-07-16T01:40:28.993672,-0.4902,,,,-0.5169,-0.3248,-0.122,-0.5329,-0.106,,,,,,,,,,,,,,,,,,,,,-0.4155,window,,-0.4155,window,,-0.4155,window,,-0.4155,window,,-0.4155,window,,-0.4155,window,,-0.4155,window,,-0.4155,window,,-0.4155,window,,,,-0.4155,,-0.4155,,-0.4155,,-0.4155,,-0.4155,,-0.4155,,-0.4155,,-0.4155,,0.03850068016756771,,False,,,,False,,,2026-07-16T01:35:20.726771,-0.2769,,,,,-0.106,0.03,-0.2822,3.38,2026-07-16T01:27:43,2026-07-16T01:40:28.645602,EMA13_CROSS_EXIT L1,TAKER_FALLBACK,TAKER,True,,-1.5987,
27,,HYPEUSDT,SHORT,CLOSED,66.366,66.592,66.593,322.47377400974375,1.0,322.47377400974375,4.859020793926766,STRONG_BUY,0.3742,0.0891,0.1335,38.11,28.09,27.8746,26.9953,0.0066,-0.0066,BEARISH,-0.1852,-0.0661,23.8472,23.7627,44.6,38.7,37.2,0.1229,43.2,43.5,False,False,False,False,False,False,False,False,False,False,False,True,False,False,False,False,True,,,,1.096,0.8985,7.1,85.7,19.1,0.8792,4.0,HEALTHY_BEAR,CHOPPY_FLAT,,-0.2322,14.043790108973106,32.23262667069688,0.268,-0.3707,-0.000123,-0.532,-0.2291,-0.0191,-0.0894,,,604692638.15625,5,411.6,,False,,,,,,,322.47377400974375,500000.0,False,,-0.17,2026-07-16T01:36:13.062944,-0.2514,,,2026-07-16T01:46:58.493454,-0.3554,,,0.05804527932175388,0.14560736071912705,0.20365264004088093,-1.3017913394683256,-0.40368905765000007,0.09377726546725614,-0.4051965313564233,66.366,66.262,0.0,0.1701,-0.2981,2026-07-16T01:29:53.561763,2026-07-16T01:47:03.226989,-0.2475,ENDED_NEG,1,0.45,,False,,-0.0015,False,,,,0.5,0.05,RSIADX_PROBE,False,-0.251434213301992,,0,,-0.2034,0.1285,True,,,,,66.821,66.324,2026-07-16T01:55:38.686546,2026-07-16T02:22:41.859464,0.0003,-0.7486,35.53,8.48,0.0,-0.4035,-0.0645,0.0,4.46,-0.5165,3.33,-0.5482,,,0.0,-0.4035,,,,,False,MOMENTUM,2026-07-16T01:47:10.146280,-0.4035,,,,-0.4985,-0.515,-0.4924,-0.4427,-0.1519,,,,,,,,,,,,,,,,,,,,,-0.0645,window,,-0.0645,window,,-0.0645,window,,-0.0645,window,,-0.0645,window,,-0.0645,window,,-0.0645,window,,-0.0645,window,,-0.0645,window,,,,-0.0645,,-0.0645,,-0.0645,,-0.0645,,-0.0645,,-0.0645,,-0.7,28.22,-0.7,28.22,0.16560625128173376,,False,,,,False,,,2026-07-16T01:35:20.723995,-0.1957,,,,,-0.0901,0.02,-0.0479,6.3,2026-07-16T01:27:23,2026-07-16T01:47:09.791653,EMA13_CROSS_EXIT L1,MAKER,TAKER,True,,-1.3018,
26,,LDOUSDT,LONG,CLOSED,0.36410000000000003,0.3608,0.3609,322.76631145214753,1.0,322.76631145214753,886.4770981932093,STRONG_BUY,0.5734,0.1504,0.2061,64.12,62.57,15.2686,14.4426,0.2032,0.2036,BULLISH,0.244,-0.0425,22.8017,23.2764,40.0,37.2,30.7,0.1008,44.2,43.5,False,False,False,False,False,False,False,False,False,False,False,False,False,False,False,False,False,UNMATCHED,,,0.7376,0.7847,19.0,76.2,91.4,0.8259,2.0,HEALTHY_BEAR,HEALTHY_BEAR,,-0.2186,24.26750209204485,14.250668788651952,0.6421,0.6714,0.0001,1.084,0.5612,-0.0525,-0.0853,,,30568236.2081,50,1393.8,,False,,,,,,,322.76631145214753,30568.2362081,False,,-0.2125,2026-07-16T01:04:00.614867,-0.6395,,,2026-07-16T01:04:36.005984,-0.8317,,,0.05809793606138656,0.14392842166264946,0.20202635772403602,-3.127400781761649,-0.9689365558912455,0.0,-0.9689365558912455,0.3643,0.36410000000000003,0.0,,,,2026-07-16T01:05:31.725500,-0.5709,ENDED_NEG,1,0.45,,False,,-0.0275,False,,,,0.5,0.05,SLOPEGATE_PROBE,False,-0.6395050810217099,,0,,-0.4114,-0.1381,True,,,,,0.3642,0.3556,2026-07-16T01:28:35.460875,2026-07-16T01:18:45.216832,-0.0355,-2.3975,21.54,11.7,0.01,-0.9693,-0.42,0.0,0.01,-0.9693,2.38,-1.5461,,,0.14,-1.4088,,,,,False,MOMENTUM,,,,,,-1.4912,-1.3813,-1.4912,-1.6834,-0.5299,,,,,2026-07-16T01:01:34.581241,-0.063,,,,,,,,,,,,,,,-0.42,window,,-0.42,window,,-0.42,window,,-0.42,window,,-0.42,window,,-0.42,window,,-0.42,window,,-0.42,window,,-0.42,window,,,,-0.42,,-0.42,,-0.42,,-0.42,,-0.42,,-0.42,,-0.7,2.43,-0.7,2.43,0.23059591607998772,,False,,,,False,,,,,,,,,-0.9415,4.5,-0.4748,3.38,2026-07-16T01:01:34,2026-07-16T01:07:02.571872,STOP_LOSS L1,MAKER,TAKER,True,,-3.1274,
25,,TAOUSDT,LONG,CLOSED,199.82,202.79,202.82,322.76631145214753,1.0,322.76631145214753,1.6152853140433767,VERY_STRONG,0.1043,0.0185,0.034,56.38,56.12,23.9551,24.0119,0.0638,0.0639,BULLISH,0.0475,-0.0425,22.8017,23.2764,40.0,37.2,30.7,0.1008,44.2,43.5,False,False,False,False,False,False,False,False,False,False,False,False,False,False,False,False,False,UNMATCHED,,,0.7376,0.6018,19.0,76.2,62.8,-0.0568,3.0,HEALTHY_BEAR,CHOPPY_WEAK,,-0.2186,21.844456267621243,13.61251594259981,0.2643,0.1773,0.0001,0.2189,0.1164,-0.0525,-0.0853,2026-07-16T01:39:33.411158,0.09707206485836915,81374848.27,23,825.4,,False,,,,,,,322.76631145214753,81374.84827,False,,-0.0871,2026-07-16T01:12:10.966153,-0.108,2026-07-16T01:21:36.219049,-0.3681,2026-07-16T01:12:19.205963,-0.168,2026-07-16T01:22:09.590579,-0.4332,0.05809793606138656,0.14740366897568535,0.2055016050370719,4.5918957776717555,1.4226688519667696,1.6877882093884498,-0.6232522270043062,203.32,199.82,0.0,0.7856,0.5378,2026-07-16T02:08:56.427193,2026-07-16T01:18:51.196557,-0.4506,RECOVERED,1,0.45,,True,,-0.005,False,,,,0.5,0.05,SLOPEGATE_PROBE,False,-0.10802026824141897,,0,,0.454,0.61,True,,,,,203.06,200.55,2026-07-16T02:11:18.354732,2026-07-16T02:44:39.590745,1.5585,0.3023,0.98,34.34,30.6,0.6727,1.1681,1.5585,7.09,0.9379,4.86,1.1581,,,30.6,0.6727,-0.4731846661995763,2026-07-16T01:18:26.055149,,,False,MOMENTUM,,,,,,1.5585,1.5034,1.098,1.3733,0.6627,2026-07-16T01:50:21.064152,,2026-07-16T02:04:07.673941,,2026-07-16T01:01:32.559987,-0.123,2026-07-16T02:14:12.158265,1.038,2026-07-16T02:12:47.220233,1.3383,2026-07-16T02:12:58.320510,1.2582,2026-07-16T02:12:47.220233,1.3383,2026-07-16T02:12:58.320510,1.2582,2026-07-16T02:12:47.220233,1.3383,2026-07-16T02:12:58.320510,1.2582,1.4378,trailing,68.76,1.0878,trailing,72.49,0.8878,trailing,89.8,0.6878,trailing,97.68,0.4422,stretch,50.0,0.4222,stretch,50.1,0.3772,stretch,50.35,1.1531,stretch,71.97,1.068,ema5_cross,72.49,0.7856,0.7856,0.3372,48.08,1.4227,68.78,1.2582,71.4,0.3522,48.08,0.3372,48.08,0.3372,48.08,1.4378,68.76,1.4378,68.76,0.7856030149612793,atr,False,,,,False,,,2026-07-16T01:35:20.721616,-0.113,2026-07-16T01:49:55.373543,0.4222,,,-0.4732,16.88,-0.2081,12.39,2026-07-16T01:01:32,2026-07-16T02:10:19.064059,RUNNER_TRAIL,MAKER,TAKER,True,,4.5919,
24,,KAITOUSDT,LONG,CLOSED,0.7686,0.7718,0.7723,322.631986399262,1.0,322.631986399262,419.76579026705963,VERY_STRONG,0.3158,0.0664,0.0972,64.28,61.66,29.8762,30.0784,0.1273,0.1275,BULLISH,0.1394,-0.0266,27.6384,27.2497,39.1,36.3,34.9,0.0884,50.6,50.9,False,False,False,False,False,False,False,False,False,False,False,False,False,False,False,False,False,UNMATCHED,,,0.5278,0.8386,47.6,33.3,68.3,-0.2022,2.0,HEALTHY_BEAR,CHOPPY_FLAT,,-0.1414,27.31432231361179,15.616548030345138,0.407,0.389,-0.000233,0.6408,0.2914,-0.0363,0.0092,2026-07-15T22:22:15.879078,,93075459.50008,19,510.4,,False,,,,,,,322.631986399262,93075.45950008,False,,-0.0975,,,,,,,,,0.14518439387966792,0.14578885661765248,0.29097325049732037,1.0522772783573089,0.3261540463179927,0.742308092635971,-0.10300481394743546,0.775,0.7686,0.0,0.6174,0.5667,2026-07-15T22:30:03.404807,2026-07-15T22:20:54.668519,0.1923,NEVER,1,0.45,,True,,0.0781,False,,,,0.5,0.05,DEADBAND_PROBE,False,,,0,,0.0707,0.6121,False,,,,,0.7718,0.7631,2026-07-15T22:35:56.899375,2026-07-15T23:13:56.016985,0.3263,-0.8056,0.0,37.99,17.15,-0.129,-0.6234,0.3003,0.48,0.2092,2.75,0.0271,,,17.15,-0.129,,,,,False,MOMENTUM,,,,,,0.1962,0.1442,0.1572,-0.1811,-0.6495,2026-07-15T22:24:57.986064,,,,2026-07-15T22:20:51.844238,-0.09,,,2026-07-15T22:36:11.556615,0.2743,2026-07-15T22:36:23.643796,0.2092,2026-07-15T22:36:11.556615,0.2743,2026-07-15T22:36:23.643796,0.2092,2026-07-15T22:36:25.658786,0.2092,2026-07-15T22:36:22.634297,0.2353,0.4923,trailing,11.88,0.1423,trailing,17.23,0.4923,trailing,11.88,0.4423,trailing,11.96,0.4822,stretch,5.8,0.6253,stretch,10.6,0.5602,stretch,11.77,-0.129,ema13,32.19,0.2483,ema5_cross,15.42,0.7036,0.7036,0.5342,11.78,0.3262,15.03,0.1312,17.23,0.3652,2.13,0.3131,3.03,0.5342,11.78,0.4923,11.88,0.4923,11.88,0.6861941483700055,atr,False,,,,False,,,2026-07-15T22:25:52.116403,0.5212,,,,,,,0.3912,14.47,2026-07-15T22:20:51,2026-07-15T22:35:56.569200,RUNNER_TRAIL,TAKER_FALLBACK,TAKER,True,,1.0523,
23,,XLMUSDT,LONG,CLOSED,0.1889,0.18945,0.1895,322.39746892853515,1.0,322.39746892853515,1706.7097349313665,STRONG_BUY,0.4181,0.1308,0.1552,66.58,61.86,21.2986,20.5126,0.2036,0.204,BULLISH,0.1805,-0.0492,22.2873,20.587,32.5,35.4,46.6,0.0956,49.9,55.3,False,False,False,False,False,False,False,False,False,False,False,False,False,False,False,False,False,UNMATCHED,,,0.4003,1.0495,26.2,42.9,88.1,0.786,4.0,HEALTHY_BEAR,HEALTHY_BEAR,,-0.1285,32.872644777352704,17.117362749997348,0.2894,0.1457,-4.3e-05,0.2584,0.4907,-0.1621,0.0298,2026-07-15T21:52:44.163495,,69811527.56837,29,2368.6,,False,,,,,,,322.39746892853515,69811.52756837,False,,-0.1265,,,,,,,,,0.05803154440713633,0.14550127167723634,0.20353281608437268,0.7351575381278702,0.2280283218634171,0.5190566437268342,-0.28523980942297705,0.19,0.1889,0.0,0.4331,0.3043,2026-07-15T22:02:05.839592,2026-07-15T21:50:33.850199,-0.0871,RECOVERED,1,0.45,,True,,-0.037,False,,,,0.5,0.05,RSICEIL_PROBE,False,,,0,,0.0719,0.3763,True,,,,,0.18954,0.18838,2026-07-15T22:03:24.939932,2026-07-15T22:18:14.563507,0.2758,-0.3383,0.04,14.86,17.48,-0.1953,0.2017,0.2758,4.93,-0.0948,2.71,0.1964,,,20.82,-0.243,,,,,False,MOMENTUM,,,,,,0.2229,0.2335,-0.0895,-0.2589,0.1752,2026-07-15T22:02:05.829838,,,,2026-07-15T21:40:27.670207,-0.063,,,2026-07-15T22:07:16.251958,0.0588,2026-07-15T22:07:18.267874,0.0535,2026-07-15T22:07:16.251958,0.0588,2026-07-15T22:07:18.267874,0.0535,2026-07-15T22:07:22.298616,0.0588,2026-07-15T22:07:18.267874,0.0535,0.2691,trailing,22.64,-0.0809,trailing,27.0,0.2691,trailing,22.64,0.2191,trailing,23.26,0.3286,stretch,22.25,0.3286,stretch,22.25,0.2862,stretch,22.44,-0.1953,signal_lost,40.34,-0.0259,ema5_cross,26.71,0.4331,0.4331,0.3709,21.63,0.228,22.85,-0.0259,26.71,0.3868,21.58,0.3709,21.63,0.3709,21.63,0.2691,22.64,0.2691,22.64,0.4342420772266013,atr,False,,,,False,,,,,,,,,,,-0.1582,4.45,2026-07-15T21:40:27,2026-07-15T22:03:22.481877,RUNNER_TRAIL,MAKER,TAKER,True,,0.7352,
22,,NEARUSDT,LONG,CLOSED,2.063,2.072,2.073,322.39746892853515,1.0,322.39746892853515,156.27603922856767,VERY_STRONG,0.3466,0.0959,0.1397,63.08,62.79,26.6198,25.9834,0.0735,0.0736,BULLISH,0.149,-0.0199,18.1175,17.394,44.4,46.0,48.8,0.0885,53.6,55.3,False,False,False,False,False,False,False,False,False,False,False,False,False,False,False,False,False,UNMATCHED,,,0.4034,0.9085,42.9,28.6,90.9,0.6364,2.0,CHOPPY_FLAT,HEALTHY_BEAR,,-0.09,25.356984378788617,12.238668461820271,0.287,0.0572,-4.3e-05,0.0516,0.3095,-0.0371,0.0483,2026-07-15T22:02:05.876671,0.055353853611229735,137827015.311,15,2099.6,,False,,,,,,,322.39746892853515,137827.015311,False,,-0.1419,2026-07-15T21:51:41.145630,-0.2838,,,2026-07-15T21:58:08.106986,-0.3807,,,0.14507886101784082,0.1457117789767165,0.29079063999455734,1.1156937130625355,0.34606156083373224,0.6367692680562131,-0.42915899175957906,2.078,2.063,0.0,0.4087,0.3164,2026-07-15T22:16:58.901936,2026-07-15T21:58:08.961077,-0.2564,RECOVERED,1,0.45,,True,,0.0485,False,,,,0.5,0.05,DEADBAND_PROBE,False,-0.2838051381483278,,0,,0.1364,0.3003,True,,,,,2.085,2.065,2026-07-15T22:24:55.564421,2026-07-15T22:58:43.189892,0.9764,0.0069,5.42,39.22,22.52,0.1524,0.2008,0.9764,16.93,0.4432,14.69,0.5402,,,28.06,0.2493,,,,,True,MOMENTUM,,,,,,0.2493,0.3463,0.4432,0.5402,0.1524,2026-07-15T22:14:10.757462,,,,2026-07-15T21:27:38.591392,-0.09,2026-07-15T22:30:51.275608,0.7825,2026-07-15T22:20:33.747013,0.2978,2026-07-15T22:30:56.319748,0.831,2026-07-15T22:20:33.747013,0.2978,2026-07-15T22:33:49.995000,0.5886,2026-07-15T22:21:13.056217,0.2008,2026-07-15T22:33:49.995000,0.5886,0.3868,trailing,52.34,0.3764,trailing,69.14,0.3868,trailing,52.34,0.3368,trailing,53.09,0.3461,stretch,47.93,0.3945,stretch,51.01,0.3461,stretch,52.34,0.1524,signal_lost,74.87,0.2493,ema5_cross,53.38,0.6979,0.4935,0.3461,45.18,0.3461,52.34,0.2008,54.02,0.3461,45.18,0.3461,45.18,0.3461,45.18,0.3868,52.34,0.3868,52.34,0.468977329559714,atr,False,,,,False,,,2026-07-15T21:27:05.361959,-0.09,,,2026-07-15T21:27:38.591158,-0.09,-0.2354,5.58,-0.2354,5.58,2026-07-15T21:27:04,2026-07-15T22:19:29.785370,RUNNER_TRAIL,TAKER_FALLBACK,TAKER,True,,1.1157,
21,,1000PEPEUSDT,SHORT,CLOSED,0.0027827,0.002796,0.002796,322.60476923428524,1.0,322.60476923428524,115932.28491547247,STRONG_BUY,0.2051,0.0578,0.075,40.54,36.77,23.1291,22.31,0.0248,-0.0248,BEARISH,-0.1002,0.0093,20.133,20.2242,50.3,51.0,41.6,0.1273,55.1,55.4,False,False,False,True,False,False,False,False,False,True,False,False,False,False,False,False,False,C4,,,0.5931,0.7951,14.3,71.4,21.4,0.8191,3.0,CHOPPY_FLAT,CHOPPY_FLAT,,-0.115,14.004869704970439,28.291257872162163,0.3202,-0.2421,-4.3e-05,-0.3668,-0.1575,0.0329,0.044,,,257236558.7365306,8,1167.8,,False,,,,,,,322.60476923428524,257236.5587365306,False,,-0.0954,2026-07-15T20:09:10.031956,-0.3129,,,2026-07-15T20:12:50.846270,-0.3632,,,0.14517214615542837,0.14586600088064744,0.2910381470360758,-1.832937536411853,-0.5681681460452058,0.06100046717216288,-0.5681681460452058,0.0027827,0.0027785,0.0,0.2797,-0.0621,2026-07-15T20:09:56.740274,2026-07-15T20:19:52.862258,-0.305,ENDED_NEG,1,0.45,,False,,0.0826,False,,,,0.5,0.05,RSIADX_PROBE,False,-0.31290545153987287,,0,,-0.2645,0.1165,True,,,,,0.0028034,0.0027904,2026-07-15T20:42:47.911246,2026-07-15T20:28:13.179585,-0.3667,-0.8339,8.25,22.83,0.0,-0.568,-0.5751,0.0,0.0,-0.568,23.31,-0.6758,,,0.0,-0.568,,,,,True,MOMENTUM,,,,,,-0.5572,-0.5823,-0.5176,-0.4997,-0.568,,,,,,,,,,,,,,,,,,,,,-0.5751,window,,-0.5751,window,,-0.5751,window,,-0.5751,window,,-0.5751,window,,-0.5751,window,,-0.5751,window,,-0.5751,window,,-0.5751,window,,,,-0.5751,,-0.5751,,-0.5751,,-0.5751,,-0.5751,,-0.5751,,-0.7,37.01,-0.7,37.01,0.27606831966673195,,False,,,,False,,,2026-07-15T20:05:30.825423,-0.09,,,,,-0.2482,3.36,0.0574,4.46,2026-07-15T20:05:29,2026-07-15T20:19:58.027720,EMA13_CROSS_EXIT L1,TAKER_FALLBACK,TAKER,True,,-1.8329,
20,,BCHUSDT,SHORT,CLOSED,228.03,228.07,228.06,322.7437912900277,1.0,322.7437912900277,1.4153567131080458,STRONG_BUY,0.2535,0.079,0.0848,39.99,39.57,28.2937,28.0951,0.0731,-0.073,BEARISH,-0.1173,-0.0677,23.3791,22.3675,39.8,34.9,34.7,0.1369,52.6,52.8,False,False,False,False,False,False,False,False,False,False,False,True,False,False,False,False,True,,,,0.5202,0.4383,11.9,71.4,14.2,0.1986,4.0,HEALTHY_BEAR,CHOPPY_FLAT,,-0.1797,16.52685091763703,31.29078175362426,0.3195,-0.3777,0.0001,-0.6425,-0.2366,-0.0981,0.0466,2026-07-15T19:50:07.001120,0.09933236854800007,74758417.83,24,2400.4,,False,,,,,,,322.7437912900277,74758.41783,False,,-0.0937,2026-07-15T20:08:32.235453,-0.0455,,,2026-07-15T20:09:11.401558,-0.1595,,,0.05809388243220499,0.1452601825013484,0.20335406493355337,-0.25996833345786396,-0.08054944524842873,0.38012349252290967,-0.4183762662807536,228.03,227.02,0.0,0.2291,-0.2308,2026-07-15T20:01:15.222326,2026-07-15T20:09:11.651496,-0.5054,ENDED_NEG,1,0.45,,False,,-0.0044,False,,,,0.5,0.05,RSIADX_PROBE,False,-0.04545055475157126,,0,,-0.0529,0.1708,True,,,,,228.71,227.93,2026-07-15T20:42:46.899541,2026-07-15T20:31:11.107535,-0.0191,-0.3612,13.44,25.03,0.01,-0.0762,-0.0981,0.0,4.42,-0.1902,,,,,0.01,-0.0762,,,,,True,MOMENTUM,2026-07-15T20:17:45.444857,-0.0762,,,,-0.0718,-0.1639,-0.1551,-0.1814,-0.1551,,,,,,,,,,,,,,,,,,,,,-0.0981,window,,-0.0981,window,,-0.0981,window,,-0.0981,window,,-0.0981,window,,-0.0981,window,,-0.0981,window,,-0.0981,window,,-0.0981,window,,,,-0.0981,,-0.0981,,-0.0981,,-0.0981,,-0.0981,,-0.0981,,0.1301,34.31,-0.0981,,0.40718678049972684,,False,,,,False,,,2026-07-15T19:40:09.707936,-0.2034,,,,,-0.2122,7.82,-0.1376,4.48,2026-07-15T19:30:41,2026-07-15T20:17:44.488626,EMA13_CROSS_EXIT L1,MAKER,TAKER,True,,-0.26,
19,,TAOUSDT,SHORT,CLOSED,197.33,198.18,198.18,322.7437912900277,1.0,322.7437912900277,1.6355535969696835,STRONG_BUY,0.3738,0.1127,0.1481,32.44,32.21,22.7768,21.9329,0.0796,-0.0795,BEARISH,-0.1589,-0.0677,23.3791,22.3675,39.8,34.9,34.7,0.1369,52.6,52.8,False,False,False,False,False,False,False,False,False,False,False,True,False,False,False,False,True,,,,0.5202,0.6337,11.9,71.4,15.2,0.844,4.0,HEALTHY_BEAR,CHOPPY_FLAT,,-0.1797,14.840363438656388,29.959592693088954,0.2917,-0.1581,0.0001,-0.2459,-0.3399,-0.0981,0.0466,2026-07-15T19:50:18.932167,0.09923787563980214,87223663.49,20,825.2,,False,,,,,,,322.7437912900277,87223.66348999999,False,,-0.1125,2026-07-15T20:00:47.746470,-0.2303,,,2026-07-15T20:02:07.723653,-0.352,,,0.05809388243220499,0.14586030533135333,0.2039541877635583,-1.59417474518778,-0.49394435716819246,0.20570648152840476,-0.4990142907819313,197.33,196.8,0.0,0.367,0.0314,2026-07-15T19:50:19.004798,2026-07-15T20:04:00.620460,-0.2919,ENDED_NEG,1,0.45,,False,,-0.0051,False,,,,0.5,0.05,RSIADX_PROBE,False,-0.23030780925352665,,0,,-0.2768,0.0754,True,,,,,199.03,197.84,2026-07-15T20:21:31.839996,2026-07-15T20:09:56.734707,-0.3215,-0.9245,5.88,17.47,0.01,-0.4938,-0.6356,0.0,0.01,-0.4938,17.0,-0.8941,,,0.01,-0.4938,,,,,False,MOMENTUM,2026-07-15T20:04:04.271175,-0.4938,,,,-0.4836,-0.5698,-0.6356,-0.7167,-0.8384,,,,,,,,,,,,,,,,,,,,,-0.6356,window,,-0.6356,window,,-0.6356,window,,-0.6356,window,,-0.6356,window,,-0.6356,window,,-0.6356,window,,-0.6356,window,,-0.6356,window,,,,-0.6356,,-0.6356,,-0.6356,,-0.6356,,-0.6356,,-0.6356,,-0.7,38.74,-0.7,38.74,0.3619294575668681,,False,,,,False,,,2026-07-15T19:40:09.705103,-0.1644,,,,,-0.2151,14.52,-0.2202,15.63,2026-07-15T19:30:39,2026-07-15T20:04:03.397523,EMA13_CROSS_EXIT L1,MAKER,TAKER,True,,-1.5942,
18,,UNIUSDT,SHORT,CLOSED,3.609,3.609,3.609,322.65279172890246,1.0,322.65279172890246,89.40226980573634,STRONG_BUY,0.5194,0.1223,0.1949,30.25,24.6,24.0362,22.5687,0.0553,-0.0553,BEARISH,-0.2205,-0.07,23.7712,22.3675,38.2,34.9,34.7,0.1345,52.1,52.8,False,False,False,False,False,False,False,False,False,False,False,True,False,False,False,False,True,,,,0.5578,0.8208,11.9,81.0,15.5,1.4675,3.0,HEALTHY_BEAR,CHOPPY_FLAT,,-0.1822,11.586666783473785,29.149761254135413,0.3324,-0.321,0.0001,-0.4579,-0.372,-0.1187,0.0443,2026-07-15T19:46:55.960862,0.07560487669714307,66306765.784,31,2126.5,,False,,,,,,,322.65279172890246,66306.765784,False,,-0.0782,2026-07-15T20:09:17.515210,-0.0353,,,2026-07-15T20:20:45.838558,-0.1462,,,0.058077502511202445,0.1451937562780061,0.20327125878920854,-0.20327125878920854,-0.063,0.3805356054308677,-0.22932585203658154,3.609,3.593,0.0,0.2402,-0.038,2026-07-15T20:09:56.790178,2026-07-15T19:31:20.966603,-0.163,ENDED_NEG,1,0.45,,False,,-0.0277,False,,,,0.5,0.05,RSIADX_PROBE,False,-0.03527902466057384,,0,,-0.0773,0.1733,True,,,,,3.624,3.606,2026-07-15T20:51:55.187519,2026-07-15T20:24:40.851805,0.0201,-0.4786,3.58,30.82,0.01,-0.063,-0.3401,0.0,0.01,-0.063,12.19,-0.3124,,,0.01,-0.063,,,,,False,MOMENTUM,2026-07-15T20:21:06.589409,-0.063,,,,-0.063,-0.0907,-0.063,-0.3678,-0.3401,,,,,,,,,,,,,,,,,,,,,-0.3401,window,,-0.3401,window,,-0.3401,window,,-0.3401,window,,-0.3401,window,,-0.3401,window,,-0.3401,window,,-0.3401,window,,-0.3401,window,,,,-0.3401,,-0.3401,,-0.3401,,-0.3401,,-0.3401,,-0.3401,,0.1028,26.12,-0.3401,,0.2594758760417337,,False,,,,False,,,2026-07-15T19:40:09.702584,0.1033,,,,,-0.063,0.01,0.1033,34.69,2026-07-15T19:29:22,2026-07-15T20:21:05.781310,EMA13_CROSS_EXIT L1,MAKER,TAKER,True,,-0.2033,
17,,NEARUSDT,SHORT,CLOSED,2.04,2.043,2.044,322.6527917289025,1.0,322.6527917289025,158.16313320044242,VERY_STRONG,0.4911,0.0938,0.1894,33.83,25.79,31.7506,30.4242,0.0454,0.0454,BEARISH,-0.1869,-0.07,23.7712,22.3675,38.2,34.9,34.7,0.1345,52.1,52.8,False,False,False,False,False,False,False,False,False,False,False,True,False,False,False,False,True,,,,0.5578,0.9451,11.9,81.0,23.8,1.3265,3.0,HEALTHY_BEAR,CHOPPY_FLAT,,-0.1822,10.182486014521498,29.74490573338301,0.3512,-0.4343,0.0001,-0.6186,-0.2377,-0.1187,0.0443,2026-07-15T19:35:31.870869,0.057125000000005574,135205674.198,15,2099.5,,False,,,,,,,322.6527917289025,135205.67419800002,False,,-0.0954,2026-07-15T20:07:45.331689,-0.139,,,2026-07-15T20:19:43.521593,-0.2862,,,0.14519375627800613,0.14540727650782673,0.2906010327858328,-0.7650904323871781,-0.2371250000000056,0.30233333333333373,-0.28616666666666685,2.04,2.032,0.0,0.3046,-0.065,2026-07-15T19:50:47.644419,2026-07-15T19:44:49.181910,-0.1952,ENDED_NEG,1,0.45,,False,,0.1468,False,,,,0.5,0.05,GAPFLAT_PROBE,False,-0.1390416666666613,,0,,-0.1832,0.1048,True,,,,,2.06,2.043,2026-07-15T21:03:54.117092,2026-07-15T20:19:58.021678,-0.2371,-1.0704,0.0,43.93,0.01,-0.2371,-1.0214,0.0,0.01,-0.2371,13.32,-0.5802,,,0.01,-0.2371,,,,,False,MOMENTUM,2026-07-15T20:19:58.545169,-0.2371,,,,-0.3351,-0.4331,-0.4331,-0.5802,-0.6782,,,,,,,,,,,,,,,,,,,,,-1.0214,window,,-1.0214,window,,-1.0214,window,,-1.0214,window,,-1.0214,window,,-1.0214,window,,-1.0214,window,,-1.0214,window,,-1.0214,window,,,,-1.0214,,-1.0214,,-1.0214,,-1.0214,,-1.0214,,-1.0214,,-0.7,81.32,-0.7,81.32,0.3335223798476883,,False,,,,False,,,2026-07-15T19:40:09.700522,0.0081,,,,,-0.09,0.01,-0.1881,13.71,2026-07-15T19:29:14,2026-07-15T20:19:57.686693,EMA13_CROSS_EXIT L1,TAKER_FALLBACK,TAKER,True,,-0.7651,
16,,LITUSDT,SHORT,CLOSED,2.4465,2.4396,2.4396,322.65279172890246,1.0,322.65279172890246,131.88342192066318,STRONG_BUY,0.514,0.1602,0.1638,38.59,41.62,22.3207,22.1565,0.292,-0.2912,BEARISH,-0.2355,-0.0512,20.0046,18.631,36.5,42.5,45.2,0.1365,52.1,52.8,False,False,False,True,False,False,False,False,False,True,False,False,False,False,False,False,False,C4,,,0.5784,0.7869,9.5,76.2,4.8,0.1642,2.0,HEALTHY_BEAR,HEALTHY_BEAR,,-0.1538,17.11350137482471,28.193742928565037,0.6801,-0.5082,-4.3e-05,-0.9993,-0.614,-0.1746,0.0443,2026-07-15T19:25:15.640514,,65361836.68113,32,204.1,,False,,,,,,,322.65279172890246,65361.83668113,False,,-0.1822,,,,,,,,,0.1451937562780061,0.14478425825294244,0.2899780145309485,0.620017596721615,0.19216247700796676,0.5520218679746505,-0.38443041079092966,2.4465,2.4308,0.0,0.6631,-0.6138,2026-07-15T19:27:43.403637,2026-07-15T19:20:46.616646,0.1735,NEVER,1,0.45,,True,,0.1917,False,,,,0.5,0.05,RSIADX_PROBE,False,,,0,,0.315,-0.5987,True,,,,,2.4648,2.4301,2026-07-15T19:56:26.100257,2026-07-15T19:51:12.727545,0.5803,-0.838,21.61,26.83,27.8,-0.7113,-0.4047,0.5803,11.12,0.2206,11.12,0.2206,,,27.8,-0.7113,,,,,False,MOMENTUM,2026-07-15T19:40:09.711560,0.286,,,,0.143,0.143,0.4373,0.004,-0.5519,2026-07-15T19:27:43.393676,0.1962517882689605,,,,,2026-07-15T19:33:33.040035,0.049,2026-07-15T19:29:50.403763,0.1021,2026-07-15T19:29:53.448108,0.1021,2026-07-15T19:29:50.403763,0.1021,2026-07-15T19:29:53.448108,0.1021,2026-07-15T19:29:44.327703,0.192,2026-07-15T19:29:53.448108,0.1021,0.302,trailing,9.79,-0.048,trailing,22.38,0.302,trailing,9.79,0.252,trailing,9.79,0.2126,stretch,10.68,0.1389,stretch,10.91,0.0367,stretch,10.96,0.1389,stretch,10.91,0.0531,ema5_cross,19.97,0.6722,0.6722,0.2085,10.69,-0.135,23.43,-0.5233,37.15,0.3557,7.3,0.3108,7.9,0.2739,9.79,0.302,9.79,0.302,9.79,0.6432249950267565,,False,,,,False,,,,,,,,,,,,,2026-07-15T19:18:53,2026-07-15T19:29:35.920179,RUNNER_TRAIL L1,TAKER_FALLBACK,TAKER,True,,0.62,
15,,WLDUSDT,LONG,CLOSED,0.4156,0.42,0.4203,322.3115571640512,1.0,322.3115571640512,775.5331019346755,VERY_STRONG,0.1158,0.0186,0.0266,55.53,43.25,23.8325,23.9178,0.1707,0.171,BULLISH,0.0246,0.0825,21.1677,19.2815,67.5,71.2,39.3,0.1505,63.8,58.7,False,False,False,False,False,False,False,False,False,False,False,False,False,False,False,False,False,UNMATCHED,,,0.7114,1.2389,78.6,16.7,61.7,-0.0854,4.0,HEALTHY_BULL,UNKNOWN,,0.086,28.54616017504195,17.97517319091093,0.4556,0.2608,-0.000331,0.386,0.2162,0.253,0.1316,2026-07-15T13:04:07.099911,,141055957.3155,14,1087.0,,False,,,,,,,322.3115571640512,141055.95731549998,False,,,,,,,,,,,0.14504020072382304,0.14657575626565367,0.29161595698947673,3.120729691523064,0.9682338787295377,1.4251985081809364,-0.06594923002887657,0.4219,0.4156,0.0,,,,,,NEVER,1,0.45,,True,,0.1446,False,,,,0.5,0.05,GAPMIN_PROBE,False,,,0,,0.5009,0.9473,False,,,,,0.4207,0.4138,2026-07-15T13:07:09.475283,2026-07-15T13:47:41.496567,1.1371,-0.5231,3.02,43.55,41.52,0.1747,-0.499,0.5597,41.52,0.1747,43.73,-0.4509,,,41.52,0.1747,,,,,False,MOMENTUM,,,,,,1.0168,0.9687,0.8725,0.5356,0.1747,2026-07-15T13:04:07.099864,,2026-07-15T13:04:07.099889,,,,2026-07-15T13:45:27.704274,0.0303,2026-07-15T13:45:04.601578,0.2469,2026-07-15T13:45:04.601578,0.2469,2026-07-15T13:45:07.616780,0.295,2026-07-15T13:45:23.686571,0.0784,2026-07-15T13:45:19.670144,0.2469,2026-07-15T13:45:19.670144,0.2469,0.3097,trailing,3.19,0.1747,ema13,3.91,0.3097,trailing,3.19,0.2597,trailing,3.32,0.3912,stretch,0.79,0.3912,stretch,0.79,0.3912,stretch,0.79,0.1747,ema13,3.91,0.3912,ema5_cross,0.79,0.0995,0.6428,-0.499,,-0.499,,-0.499,,-0.499,,-0.499,,-0.499,,0.3097,3.19,0.3097,3.19,1.0441745434133396,atr,False,,,,False,,,2026-07-15T13:04:07.153272,1.1125,,,,,,,,,2026-07-15T12:51:20,2026-07-15T13:04:08.486230,RUNNER_TRAIL,TAKER_FALLBACK,TAKER,True,,3.1207,
14,,SXTUSDT,LONG,CLOSED,0.008822,0.009045,0.009049,1078.9296889984018,20.0,21578.593779968036,2445997.9347050595,VERY_STRONG,0.5183,0.0861,0.1607,56.71,55.45,27.7326,27.9432,0.1384,0.1386,BULLISH,0.234,0.0296,20.6335,19.8546,56.7,57.2,49.2,0.1129,60.1,60.2,False,False,False,False,False,False,False,False,False,False,False,False,False,False,False,False,False,UNMATCHED,,,0.4739,0.5367,68.3,17.1,70.7,-0.2106,4.0,HEALTHY_BULL,HEALTHY_BULL,,-0.0359,27.083994849318128,16.252012674989892,0.89,0.6644,-7e-06,0.9045,0.3858,0.0848,0.1221,2026-07-15T09:07:51.328891,0.09128315574700054,145282299.955788,13,439.0,,False,,,,,,,21578.593779968036,145282.29995578798,False,,-0.0002,2026-07-15T09:02:29.482481,-0.2373,,,,,,,9.710367200985615,9.955823093733269,19.666190294718884,525.7913491445075,2.43663398322375,3.3317195647245548,-0.44123611425980247,0.009124,0.008822,0.0,2.4575,0.8443,2026-07-15T09:12:35.720237,2026-07-15T09:02:49.140725,-0.4523,RECOVERED,1,0.45,,True,,-0.2375,False,,,,2.0,1.0,UNMATCHED,False,-0.23729256404442442,,0,,1.6055,0.8443,True,,,,,0.009082,0.008856,2026-07-15T09:14:08.335972,2026-07-15T09:34:23.922603,2.8572,0.2954,1.27,21.53,,,1.4969,,10.15,1.5083,5.71,1.8257,,,,,,,,,False,MOMENTUM,2026-07-15T09:35:47.366113,0.6921,,,,2.5851,2.7778,1.905,1.8257,1.3609,2026-07-15T09:08:18.657932,,2026-07-15T09:08:37.148001,,,,2026-07-15T09:15:24.834940,2.3584,2026-07-15T09:15:23.830062,2.4151,2026-07-15T09:15:23.830062,2.4151,2026-07-15T09:15:25.838758,2.4718,2026-07-15T09:15:26.844580,2.6871,2026-07-15T09:15:26.844580,2.6871,2026-07-15T09:15:53.963756,2.2564,0.691,trailing,6.41,2.7317,trailing,10.85,0.691,trailing,6.41,0.641,trailing,6.48,1.4056,stretch,8.86,1.2923,stretch,9.1,2.2564,stretch,14.38,1.4969,window,,1.633,ema5_cross,20.46,2.4575,2.4575,0.9864,7.4,2.4366,10.96,1.9617,15.2,0.7031,6.41,0.6011,6.48,0.9864,7.4,0.691,6.41,0.691,6.41,2.2968284143139184,atr,False,,,,False,,,,,,,,,-0.124,4.44,,,2026-07-15T09:01:53,2026-07-15T09:12:51.867430,RUNNER_TRAIL,TAKER_FALLBACK,TAKER,True,,657.2392,QUIET back-price 2x->2.5x
13,,INTCUSDT,LONG,CLOSED,103.82,105.04,105.05,267.58963582402004,1.0,267.58963582402004,2.5774382183010984,STRONG_BUY,0.4235,0.0891,0.1635,61.12,62.99,19.944,19.8017,0.0019,-0.0019,BULLISH,0.1669,0.0512,31.4443,30.3203,61.3,65.9,69.1,0.1075,52.3,53.1,False,False,False,False,False,False,False,False,False,False,False,True,False,False,False,False,True,W2,,,0.8669,0.6005,61.0,26.8,87.3,0.1423,3.0,STRONG_BULL,STRONG_BULL,,0.2223,25.922925186573153,16.64552597471403,0.3685,0.2878,-0.000311,0.399,0.2509,0.0656,0.05,2026-07-14T05:09:23.131127,,89925842.8494,33,161.6,,False,,,,,,,267.58963582402004,89925.8428494,False,,0.2701,,,,,,,,,0.12041533612080901,0.12183034970265631,0.24224568582346534,2.9022289405039086,1.0845819687921527,1.4600630899634113,-0.11888316316700726,105.43,103.82,0.0,0.6356,0.6339,2026-07-14T05:33:40.694209,2026-07-14T05:03:58.480650,0.1812,RECOVERED,1,0.45,,True,,0.2124,False,,,,0.5,0.05,GAPFLAT_PROBE,False,,,0,,0.1418,0.5471,True,,,,,105.31,104.6,2026-07-14T06:20:32.407120,2026-07-14T05:52:24.981354,1.3452,0.6613,41.9,13.78,,,1.0658,,2.85,0.9117,,,,,,,,,,,False,MOMENTUM,2026-07-14T05:45:20.778052,1.0755,,,,1.037,0.9021,1.037,0.6998,1.2007,2026-07-14T05:20:28.871255,,2026-07-14T05:26:33.329107,,,,2026-07-14T05:45:58.962494,0.9117,2026-07-14T05:38:41.656641,1.0273,2026-07-14T05:38:41.656641,1.0273,2026-07-14T05:38:41.656641,1.0273,2026-07-14T05:38:41.656641,1.0273,2026-07-14T05:38:45.674929,1.037,2026-07-14T05:38:41.656641,1.0273,1.1812,trailing,28.32,0.8601,trailing,37.89,1.0658,window,,1.0658,window,,1.229,stretch,28.03,1.1712,stretch,30.61,1.1905,stretch,32.51,1.0658,window,,0.931,ema5_cross,36.44,0.7489,0.7489,1.2386,27.8,1.0846,34.7,0.9021,36.71,1.2386,27.8,1.2386,27.8,1.2386,27.8,0.1606,14.85,0.1606,14.85,0.7395065008426885,atr,False,,,,False,,,,,,,,,,,0.2277,14.39,2026-07-14T05:03:52,2026-07-14T05:38:38.005735,RUNNER_TRAIL,TAKER_FALLBACK,TAKER,True,,2.9022,
12,,MUUSDT,SHORT,CLOSED,915.57,921.37,921.37,549.0929611515357,20.0,10981.859223030715,11.994559916806704,VERY_STRONG,0.7848,0.1994,0.2839,34.49,33.01,33.8403,32.4158,0.1415,-0.1413,BEARISH,-0.3368,-0.0378,22.9874,23.7095,44.5,39.7,56.0,0.1316,45.0,48.1,False,True,False,False,False,False,False,False,False,True,False,False,False,False,False,False,False,,,,0.7232,0.917,11.9,88.1,16.3,1.4246,3.0,HEALTHY_BEAR,CHOPPY_FLAT,,0.0787,9.588726654343505,30.665779785070956,0.5685,-0.4762,-9.8e-05,-0.7585,-0.6233,-0.0764,-0.0294,,,1165490818.929,6,97.6,,False,,,,,,,10981.859223030715,500000.0,False,,0.08,2026-07-14T03:38:37.034567,-0.6323,,,,,,,1.976734660145529,4.973142451746687,6.949877111892216,-76.51832462937055,-0.696770219644588,0.0,-0.8115044835457592,915.57,915.41,0.0,,,,2026-07-14T03:46:13.097148,-0.2587,ENDED_NEG,1,0.45,,False,,-0.0011,False,,,,1.0,1.0,,False,-0.6323004904048759,,0,,-0.0944,0.28,True,,,,,930.77,921.15,2026-07-14T04:31:22.352232,2026-07-14T04:12:46.105426,-0.6725,-1.7232,25.84,44.44,0.01,-0.6932,-1.5866,0.0,4.42,-1.0525,4.42,-1.0525,,,0.01,-0.6932,,,,,True,MOMENTUM,2026-07-14T03:46:56.246379,-0.6932,,,,-0.8494,-0.9608,-1.0558,-1.3289,-1.0427,,,,,,,,,,,,,,,,,,,,,-1.5866,window,,-1.5866,window,,-1.5866,window,,-1.5866,window,,-1.5866,window,,-1.5866,window,,-1.5866,window,,-1.5866,window,,-1.5866,window,,,,-1.5866,,-1.5866,,-1.5866,,-1.5866,,-1.5866,,-1.5866,,-0.7,12.59,-0.7,12.59,0.32296082111072444,,False,,,,False,,,2026-07-14T03:30:44.143141,-0.369,2026-07-14T03:32:58.010408,-0.4815,,,-0.6039,5.59,-0.2083,6.71,2026-07-14T03:26:49,2026-07-14T03:46:55.430869,EMA13_CROSS_EXIT L1,MAKER,TAKER,True,,-76.5183,
11,,WLDUSDT,LONG,CLOSED,0.3927,0.3902,0.3903,274.61004912672826,1.0,274.61004912672826,699.2871126221753,STRONG_BUY,0.2245,0.0552,0.0811,59.59,54.33,16.0098,16.957,0.1186,0.1187,BULLISH,0.0818,0.0635,26.3599,25.474,66.0,63.6,68.2,0.1398,45.5,43.5,False,False,False,False,False,False,False,False,False,False,False,False,False,False,False,False,False,UNMATCHED,,,1.341,0.568,85.7,9.5,79.4,-0.9471,2.0,HEALTHY_BULL,HEALTHY_BULL,,0.2067,16.637880732787426,17.91536214268342,0.3844,0.0607,0.0,0.0645,0.2552,0.1476,-0.1707,,,236764544.5841,18,1085.5,,False,,,,,,,274.61004912672826,236764.54458410002,False,,0.1896,2026-07-14T00:37:00.234296,-0.2921,,,2026-07-14T00:38:09.627507,-0.4193,,,0.04942980884281109,0.12278782410532775,0.17221763294813885,-1.9204354145035787,-0.6993318054494531,0.0,-0.6993318054494531,0.3927,0.3927,0.0,,,,2026-07-14T00:44:10.056198,-0.3191,ENDED_NEG,1,0.45,,False,,-0.0255,False,,,,0.5,0.05,GAPMIN_PROBE,False,-0.2920794499618059,,0,,-0.3191,-0.1295,True,,,,,0.3938,0.3902,2026-07-14T00:55:43.845007,2026-07-14T00:44:10.393370,0.2171,-0.6996,11.56,0.0,0.01,-0.6996,-0.394,0.0,0.01,-0.6996,25.56,-0.0121,,,0.01,-0.6996,-0.622971988795513,2026-07-14T00:43:04.692035,,,False,MOMENTUM,,,,,,-0.5468,-0.4959,-0.1903,0.0389,-0.394,,,,,,,,,,,,,,,,,,,,,-0.394,window,,-0.394,window,,-0.394,window,,-0.394,window,,-0.394,window,,-0.394,window,,-0.394,window,,-0.394,window,,-0.394,window,,,,-0.394,,-0.394,,-0.394,,-0.394,,-0.394,,-0.394,,-0.394,,-0.394,,0.08476706310695517,,False,,,,False,,,,,,,,,-0.623,6.67,,,2026-07-14T00:36:22,2026-07-14T00:44:10.059460,STOP_LOSS L1,MAKER,TAKER,True,,-1.9204,
10,,PUMPUSDT,LONG,CLOSED,0.001481,0.001487,0.001488,274.61004912672826,1.0,274.61004912672826,185422.0453252723,STRONG_BUY,0.2976,0.073,0.1175,60.11,56.52,17.3093,16.8598,0.1257,0.1258,BULLISH,0.104,0.074,25.4887,24.5378,65.5,62.7,65.9,0.1448,45.4,43.5,False,False,False,False,False,False,False,False,False,False,False,False,False,False,False,False,False,UNMATCHED,,,1.8483,1.0146,85.7,9.5,78.6,0.4496,2.0,HEALTHY_BULL,STRONG_BULL,,0.1984,26.214041625519723,16.357290327164836,0.428,0.1489,0.0,0.2204,0.3167,0.1562,-0.1716,2026-07-14T00:54:10.381127,,70110207.497767,41,368.7,,False,,,,,,,274.61004912672826,70110.207497767,False,,0.2415,2026-07-14T00:38:06.462181,-0.225,,,,,,,0.12357452210702771,0.12407516162940598,0.2476496837364337,0.8648825882152271,0.3149493585415359,0.7873902768399872,-0.29247467927076065,0.001494,0.001481,0.0,0.3926,0.4825,2026-07-14T01:01:05.126660,2026-07-14T00:42:09.691967,-0.1644,ENDED_NEG,1,0.45,,True,,-0.2022,False,,,,0.5,0.05,GAPFLAT_PROBE,False,-0.22498311951383065,,0,,-0.0315,0.4379,True,,,,,0.001503,0.001481,2026-07-14T01:43:11.935443,2026-07-14T01:28:09.770496,1.3955,-0.09,40.05,25.01,12.16,-0.0225,1.0579,0.3827,2.15,0.2476,3.26,0.1126,,,12.16,-0.0225,,,,,False,MOMENTUM,,,,,,0.3151,0.2476,0.2476,0.3151,0.045,2026-07-14T00:55:10.237602,,,,,,2026-07-14T01:03:11.152045,0.2476,2026-07-14T01:03:13.167025,0.2476,2026-07-14T01:03:13.167025,0.2476,2026-07-14T01:03:13.167025,0.2476,2026-07-14T01:03:13.167025,0.2476,2026-07-14T01:03:13.167025,0.2476,2026-07-14T01:03:13.167025,0.2476,0.4024,trailing,21.49,0.1874,trailing,29.21,0.4024,trailing,21.49,0.4874,trailing,26.92,0.4499,stretch,20.37,0.4499,stretch,21.17,0.3824,stretch,21.49,-0.0225,ema13,40.06,0.3149,ema5_cross,27.89,0.8775,0.6723,0.3824,21.49,0.3149,27.89,0.1126,31.11,0.4499,19.95,0.3824,21.49,0.3824,21.49,0.4024,21.49,0.4024,21.49,0.6056936188795174,atr,False,,,,False,,,,,,,,,-0.2925,7.82,-0.225,3.39,2026-07-14T00:35:13,2026-07-14T01:03:08.686325,RUNNER_TRAIL,TAKER_FALLBACK,TAKER,True,,0.8649,
9,,PUMPUSDT,LONG,CLOSED,0.001514,0.0015,0.001501,1543.4243083535143,20.0,30868.48616707029,20388696.279438764,STRONG_BUY,0.5993,0.1414,0.2344,60.65,62.59,21.2526,21.2213,0.0181,0.0182,BULLISH,0.2507,0.091,22.9236,23.6949,63.8,61.0,62.4,0.2244,42.4,40.8,False,False,False,False,False,False,False,False,False,False,False,False,False,False,False,False,False,UNMATCHED,,,0.9465,0.7077,67.5,25.0,85.2,0.0313,4.0,HEALTHY_BULL,HEALTHY_BULL,,0.0034,23.143801257163304,14.902982678375935,0.6671,0.2952,-0.002114,0.3882,0.3943,0.2703,-0.2395,,,71659596.398112,28,,,False,,,,,,,30868.48616707029,71659.596398112,False,,0.0677,2026-07-13T15:29:46.538568,-0.6182,,,2026-07-13T15:30:03.683429,-0.8822,,,13.89081877518163,13.762369988621167,27.653188763802795,-313.0949366759436,-1.0142866578599674,0.0,-1.0142866578599674,0.001515,0.001514,0.0,,,,2026-07-13T15:30:56.060247,-0.4506,ENDED_NEG,1,0.45,,False,,0.2649,False,,,,2.0,1.0,UNMATCHED,False,-0.618163804491412,,0,,-0.4506,-0.2854,True,,,,,0.001503,0.001487,2026-07-13T15:50:03.463703,2026-07-13T16:14:47.526504,-0.8166,-1.8734,19.12,43.86,37.41,-1.4771,-1.8073,0.0,39.89,-1.5431,45.0,-1.8734,,,37.41,-1.4771,-0.9482661822985463,2026-07-13T15:30:38.564294,,,True,MOMENTUM,2026-07-13T16:08:20.450871,-1.4771,,,,-0.9487,-1.0147,-1.4771,-1.1468,-1.5431,,,,,,,,,,,,,,,,,,,,,-1.8073,window,,-1.8073,window,,-1.8073,window,,-1.8073,window,,-1.8073,window,,-1.8073,window,,-1.8073,window,,-1.8073,window,,-1.8073,window,,,,-1.8073,,-1.8073,,-1.8073,,-1.8073,,-1.8073,,-1.8073,,-0.7,0.0,-0.7,0.0,0.34812259741263357,,False,,,,False,,,,,,,,,-0.156,4.1,,,2026-07-13T15:18:23,2026-07-13T15:30:56.063758,STOP_LOSS L1,TAKER_FALLBACK,TAKER,True,,-313.0949,
8,,JTOUSDT,LONG,CLOSED,0.658,0.6623,0.6626,1346.117241825,20.0,26922.3448365,40915.417684650456,VERY_STRONG,0.3723,0.0686,0.1179,58.35,59.31,25.6037,25.7074,0.0885,0.0886,BULLISH,0.1724,0.0319,22.7627,23.1503,56.5,54.2,59.9,0.1288,33.8,34.0,False,False,False,False,False,False,False,False,False,False,False,False,False,False,False,False,False,UNMATCHED,,,1.2357,0.7968,53.7,34.1,82.0,-0.1037,5.0,HEALTHY_BULL,HEALTHY_BULL,,0.0236,17.3001357045169,10.545872066265828,0.647,0.7893,-0.001173,1.1851,0.2754,0.034,-0.2857,2026-07-13T08:12:01.955785,,26922344.8365,47,,,False,,,,,,,29316.99759660523,26922.3448365,True,,0.0436,,,,,,,,,4.84602207057,12.194226509644798,17.040248580214797,158.89604746378095,0.5902013677811505,1.243402735562301,-0.15414437689970287,0.6666,0.658,0.0,0.7417,0.7507,2026-07-13T08:17:11.206404,2026-07-13T08:11:50.406285,-0.0178,RECOVERED,1,0.45,,True,,-0.0152,False,,,,2.0,1.0,UNMATCHED,False,,,0,,0.1023,0.7457,False,,,,,0.665,0.6555,2026-07-13T09:02:08.527682,2026-07-13T08:22:50.212398,1.0008,-0.4429,44.42,5.11,,,0.94,,3.0,0.241,32.9,0.7729,,,,,,,,,True,MOMENTUM,,,,,,0.6817,0.0738,-0.1238,-0.0174,0.6817,2026-07-13T08:12:35.668863,,2026-07-13T08:14:27.449400,,,,2026-07-13T08:17:43.785438,0.6057,2026-07-13T08:17:43.785438,0.6057,2026-07-13T08:17:43.785438,0.6057,2026-07-13T08:17:43.785438,0.6057,2026-07-13T08:17:43.785438,0.6057,2026-07-13T08:17:43.785438,0.6057,2026-07-13T08:17:43.785438,0.6057,0.4617,trailing,1.2,0.6434,trailing,5.76,0.4617,trailing,1.2,0.2434,trailing,7.26,0.5142,stretch,1.16,0.8788,stretch,5.67,0.7725,stretch,5.67,0.5753,stretch,5.93,0.4689,ema5_cross,5.94,0.9784,0.9784,0.9092,5.67,0.5902,5.88,0.2713,7.24,0.3775,0.76,0.3623,0.76,0.9092,5.67,0.4617,1.2,0.4617,1.2,0.9783784946041043,atr,False,,,,False,,,,,,,,,-0.0022,0.01,,,2026-07-13T08:11:50,2026-07-13T08:17:43.248623,RUNNER_TRAIL,MAKER,TAKER,True,,158.896,
7,,AGLDUSDT,LONG,CLOSED,0.17300000000000001,0.1736,0.1738,1416.7152469867897,20.0,28334.304939735794,163782.10947824156,STRONG_BUY,0.4911,0.1053,0.1776,59.91,51.68,17.2185,17.2566,0.2714,0.2722,BULLISH,0.1843,0.039,23.7681,23.2389,61.0,60.8,70.0,0.122,34.2,34.0,False,False,False,False,False,False,False,False,False,False,False,False,False,False,False,False,False,UNMATCHED,,,1.3211,0.6103,51.2,29.3,72.1,-0.0381,5.0,HEALTHY_BULL,HEALTHY_BULL,,0.0147,30.999377003072098,22.116840307259935,0.7603,0.5398,-0.001173,0.6544,0.556,0.0706,-0.2832,2026-07-13T08:05:02.878612,0.05255491329478495,42055507.7851,38,,,False,,,,,,,28334.304939735794,42055.5077851,False,,0.0333,,,,,,,,,5.100174889152443,12.79465839244023,17.894833281592675,80.37443240535052,0.2836647398843869,1.0925491329479615,-0.5829971098265964,0.175,0.17300000000000001,0.0,1.3352,0.2747,2026-07-13T08:05:40.730551,2026-07-13T08:02:00.505257,-0.1918,RECOVERED,1,0.45,,True,,-0.0578,False,,,,2.0,1.0,UNMATCHED,False,,,0,,0.2828,0.6448,False,,,,,0.1771,0.1731,2026-07-13T08:44:23.053969,2026-07-13T08:23:46.618915,2.3069,-0.0052,36.17,15.56,,,0.8619,,37.98,1.4977,6.99,0.8041,,,,,,,,,False,MOMENTUM,,,,,,0.6306,0.6306,0.226,0.1682,1.8445,2026-07-13T08:05:37.393872,,2026-07-13T08:05:40.728756,0.4569971098265803,,,2026-07-13T08:08:18.109911,0.226,2026-07-13T08:08:17.104747,0.2838,2026-07-13T08:08:17.104747,0.2838,2026-07-13T08:08:18.109911,0.226,2026-07-13T08:08:18.109911,0.226,2026-07-13T08:08:20.120871,0.2838,2026-07-13T08:10:43.175886,0.2838,0.8425,trailing,4.91,0.4925,trailing,5.43,0.2925,trailing,7.44,0.1509,trailing,22.72,0.3992,stretch,5.46,0.3414,stretch,5.53,0.3414,stretch,5.53,0.8619,window,,0.1682,ema5_cross,10.15,1.3352,1.3352,0.6881,4.91,0.2837,7.44,-0.0052,23.01,0.3414,4.87,0.2837,4.89,0.6881,4.91,0.8425,4.91,0.8425,4.91,1.0524591212658716,atr,False,,,,False,,,,,,,,,,,,,2026-07-13T08:00:44,2026-07-13T08:08:12.550905,RUNNER_TRAIL,MAKER,TAKER,True,,100.468,QUIET back-price 2x->2.5x
6,,PUMPUSDT,LONG,CLOSED,0.001513,0.001499,0.001504,742.7200861715224,20.0,14854.401723430448,9817846.479464935,STRONG_BUY,0.3321,0.087,0.1026,57.69,54.85,17.2501,17.5756,0.1961,0.1965,BULLISH,0.1274,0.0422,22.8461,23.0161,59.7,59.7,62.6,0.1305,33.6,27.0,False,False,False,False,False,False,False,False,False,False,False,False,False,False,False,False,False,UNMATCHED,,,0.8145,0.9957,46.3,26.8,85.3,-0.3255,4.0,HEALTHY_BULL,HEALTHY_BULL,,-0.0068,21.511727677946656,16.5559282562287,0.6494,0.4061,-0.001173,0.6979,0.3866,0.0742,-0.3466,,,49103406.354456,33,,,False,,,,,,,14854.401723430448,49103.406354456,False,,-0.0033,2026-07-13T07:54:04.976176,-0.1561,,,2026-07-13T07:54:46.477341,-0.3543,,,6.684480775543702,6.622628342723071,13.307109118266773,-150.75695983077708,-1.0148975545274372,0.0,-1.0148975545274372,0.001514,0.001513,0.0,,,,2026-07-13T07:54:48.203345,-1.069,ENDED_NEG,1,0.45,,True,,-0.3294,False,,,,1.0,1.0,UNMATCHED,False,-0.15606411103766793,,0,,-1.069,0.1366,False,,,,,0.001511,0.001479,2026-07-13T08:15:57.557204,2026-07-13T07:59:34.297608,-0.2222,-2.3372,21.15,4.76,0.36,-1.2797,-0.6188,0.0,2.57,-1.0153,15.89,-1.0153,,,0.36,-1.2797,,,,,False,MOMENTUM,,,,,,-0.817,-0.9492,-2.0067,-1.0153,-1.0153,,,,,,,,,,,,,,,,,,,,,-0.6188,window,,-0.6188,window,,-0.6188,window,,-0.6188,window,,-0.6188,window,,-0.6188,window,,-0.6188,window,,-0.6188,window,,-0.6188,window,,,,-0.6188,,-0.6188,,-0.6188,,-0.6188,,-0.6188,,-0.6188,,-0.7,0.73,-0.7,0.73,-0.0676095771725969,,False,,,,False,,,,,,,,,,,,,2026-07-13T07:54:03,2026-07-13T07:54:48.206908,STOP_LOSS_WIDE L1,TAKER_FALLBACK,TAKER,True,,-150.757,
5,,ARBUSDT,LONG,CLOSED,0.09748,0.09773,0.09775,1400.0,20.0,28000.0,287238.4078785392,STRONG_BUY,0.0657,0.0643,0.0005,53.7,53.59,16.3774,16.5062,0.1751,0.1754,BULLISH,0.0872,0.0262,22.9409,22.8274,62.1,62.2,57.5,0.0912,60.8,59.1,False,False,False,False,False,False,False,False,False,False,False,False,False,False,False,False,False,UNMATCHED,,,0.7098,0.5423,58.5,26.8,47.4,-0.1288,2.0,HEALTHY_BULL,CHOPPY_FLAT,,0.0696,22.757337030478535,16.92308573977701,0.627,0.3353,5e-05,0.6575,0.2403,0.0715,0.0559,2026-07-11T18:27:32.994446,,74471442.060156,24,,,False,,,,,,,28000.0,74471.442060156,False,,0.0731,,,,,,,,,12.6,12.632314320886334,25.23231432088633,46.57728764874852,0.16634745588838762,0.8020891464915979,-0.1207616947066088,0.09835,0.09748,0.0,0.3944,0.5984,2026-07-11T18:37:41.067705,2026-07-11T18:23:48.805841,0.1649,ENDED_NEG,1,0.45,,True,,0.0205,False,,,,2.0,1.0,UNMATCHED,False,,,0,,-0.2212,0.1204,True,,,,,0.09773,0.09679,2026-07-11T18:48:07.962356,2026-07-11T19:29:25.498142,0.1665,-0.7978,0.0,41.29,3.14,-0.2439,-0.7465,0.1665,0.01,0.1665,3.14,-0.2439,,,7.57,-0.1823,,,,,False,MOMENTUM,2026-07-11T18:48:08.384414,0.1665,,,,0.0228,-0.1208,-0.1003,-0.0695,-0.0284,2026-07-11T18:28:38.762788,0.19710915059499642,,,,,2026-07-11T18:48:13.420975,0.1459,2026-07-11T18:48:12.415224,0.1562,2026-07-11T18:48:13.420975,0.1459,2026-07-11T18:48:12.415224,0.1562,2026-07-11T18:48:12.415224,0.1562,2026-07-11T18:48:12.415224,0.1562,2026-07-11T18:48:12.415224,0.1562,0.4803,trailing,7.44,0.2021,trailing,24.53,0.4803,trailing,7.44,0.4303,trailing,8.09,0.5457,stretch,7.8,0.474,stretch,7.99,0.4124,stretch,8.13,0.3817,stretch,8.16,0.2074,ema5_cross,8.71,0.6777,0.6777,0.4124,8.13,0.1663,24.55,-0.1413,26.57,0.4535,5.71,0.474,7.44,0.4124,8.13,0.4803,7.44,0.4803,7.44,0.6372328491623288,atr,False,,,,False,,,2026-07-11T18:39:36.911609,0.4945,,,,,0.4637,19.97,0.4842,22.17,2026-07-11T18:23:34,2026-07-11T18:48:07.629405,RUNNER_TRAIL,TAKER_FALLBACK,TAKER,True,,58.2216,QUIET back-price 2x->2.5x
