ts,pair,pnl,peak,pnl_wide,gold,eff,r72,above,btc_r6,btc_r24,btc_r2,btc_off24,btc_rsi5,btc_rsi1h,btc_adx5,btc_s1h,btc_eff24,btc_vol2h,hours_since_24h_high,min_since_green,pair_atrp,pair_pvr,pair_rsi,pair_adx,pair_r24,pair_r6,pair_off24,reclaim_atr,dip_depth_atr,dip_age_min,above_e50h_pct,n_open,hour
2024-02-08 20:45:00,XRPUSDT,0.6157415082724166,1.0648596321394033,0.6157415082724166,False,0.10598449570305572,7.364935303857245,61.57407407407407,0.9493776154455347,2.9321116766650057,0.6611855344103912,-0.17368421052631478,60.82853242627484,72.55076620107826,26.07971881075367,0.4157465211388594,0.11160456849733541,0.13053536423741907,0.5,30,0.17955906193349339,0.755919559613698,53.14634995815184,17.818914736768473,0.7215288611544413,-0.1546491397641625,-0.5966127790608122,0.3690029823407284,0.5906360531561745,5.0,1.11289057636621,0,20
2024-02-08 20:45:00,AVAXUSDT,-0.7899999999999999,0.26400044936247813,1.1403269078318534,False,0.10598449570305572,7.364935303857245,61.57407407407407,0.9493776154455347,2.9321116766650057,0.6611855344103912,-0.17368421052631478,60.82853242627484,72.55076620107826,26.07971881075367,0.4157465211388594,0.11160456849733541,0.13053536423741907,0.5,30,0.32990198449332714,1.1701888943076353,51.32527902439362,12.429984324733947,0.5932873771047564,-0.5502332206798188,-1.4884904825143819,0.12445751581874184,0.5944976981759856,5.0,1.3993216197890623,1,20
2024-02-08 21:25:00,DOGEUSDT,-0.7899999999999999,0.0,-1.09,False,0.10348640782626917,7.196148593344942,62.268518518518526,0.22008604967591605,2.541556387397792,0.21765497166295056,-0.33837719298246416,55.433805329569836,66.40039016127216,26.485165685743237,0.37880264763087784,0.09841336408750805,0.12463235708325925,1.1666666666666667,70,0.15381556915880834,0.4586818753205286,56.557692199561885,13.376491452673577,0.4492699363534136,-0.24786218862311582,-0.45758100420478787,0.8018469109436958,0.3094301234954297,25.0,1.0207546272893664,2,21
2024-02-08 21:25:00,1000PEPEUSDT,-0.7899999999999999,0.21809118288502738,-1.09,False,0.10348640782626917,7.196148593344942,62.268518518518526,0.22008604967591605,2.541556387397792,0.21765497166295056,-0.33837719298246416,55.433805329569836,66.40039016127216,26.485165685743237,0.37880264763087784,0.09841336408750805,0.12463235708325925,1.1666666666666667,70,0.39144729405992057,0.6281743947397314,52.833374954224816,24.713210900546933,-1.4534288638689885,-1.3120131201311946,-2.2538071065989818,0.49172910700486344,0.7539127123819407,15.0,1.2424480994855935,3,21
2024-02-09 02:20:00,SOLUSDT,0.7364112388802596,1.352283835847512,0.7364112388802596,False,0.10075610688815344,7.026721003897496,60.879629629629626,0.8729282011593398,2.5465728522467757,0.8453560525068626,-0.3289760348583859,80.80733348297014,79.20914328943225,29.283936906078424,0.4447263953145264,0.10279680416941774,0.0797712487174774,0.08333333333333333,5,0.2629362984836262,1.0832720860304699,74.89865252027542,37.41211790283692,1.9890917621300241,1.7940763287286332,-0.6011012250652592,2.3268350011633387,0.6225127835123403,275.0,3.6133334856528254,1,2
2024-02-09 02:20:00,BNBUSDT,0.7545355516406637,1.1094096690521527,0.7545355516406637,False,0.10075610688815344,7.026721003897496,60.879629629629626,0.8729282011593398,2.5465728522467757,0.8453560525068626,-0.3289760348583859,80.80733348297014,79.20914328943225,29.283936906078424,0.4447263953145264,0.10279680416941774,0.0797712487174774,0.08333333333333333,5,0.13243705870574454,0.8392644438742975,66.58509405721753,24.91997498871432,3.4194111373258673,0.7937757898384135,-0.10614054256546934,1.9129168797330252,1.4451721706238934,275.0,2.4559500749900653,2,2
2024-02-09 04:00:00,1000PEPEUSDT,1.2532483930970353,1.9656019656019375,1.2532483930970353,False,0.10487191478645873,7.477893028375271,60.995370370370374,1.6040033949494603,3.4654532230039337,1.339492830898914,-0.7641460683834311,61.57363054505749,72.04420317538734,49.964844208584616,0.5676343481030607,0.13158590120615346,0.15287553614308874,0.8333333333333334,90,0.3111767862524511,0.30725420833182454,52.64650275231119,24.09476046073214,1.1076604554865588,1.3805272991488593,-1.1537293796174408,0.07810849385169748,0.7934283106500591,10.0,2.29189132893024,2,4
2024-02-09 04:00:00,ADAUSDT,-0.7899999999999999,0.018695083193120965,0.560308362382078,False,0.10487191478645873,7.477893028375271,60.995370370370374,1.6040033949494603,3.4654532230039337,1.339492830898914,-0.7641460683834311,61.57363054505749,72.04420317538734,49.964844208584616,0.5676343481030607,0.13158590120615346,0.15287553614308874,0.8333333333333334,90,0.30113110577848,0.7281829558446448,52.31226611939064,20.772434766160995,4.248684466965513,1.1344299489506549,-1.164079822616404,0.09195102060586688,0.7648889754935588,5.0,3.707418432834375,3,4
2024-02-09 04:40:00,SOLUSDT,1.0620672690615964,1.833984225438412,1.0620672690615964,False,0.10292234253114414,7.432613909993058,60.879629629629626,1.6682764458727295,3.364815276719768,0.11883903405194296,-0.9579278270605451,54.04680782505251,68.95273537080064,32.08412731313487,0.6121231181903097,0.12371525827026639,0.1455372587787866,1.5,10,0.34095847818840774,0.8165842240409678,51.343179988106044,22.94121664001331,2.7205867893732805,1.903006184038536,-1.2103675545847459,0.15202985408575362,0.7738187239656213,5.0,3.4561797497225655,3,4
2024-02-09 07:05:00,ADAUSDT,0.8815866217224707,1.4344262295081789,0.8815866217224707,False,0.11035655805333718,8.13017253471735,63.42592592592593,2.1464364825738658,4.058243602608003,0.5841289172085373,-0.41426233743864227,60.526588531456994,70.76171446434057,22.21782039550928,0.5222568358947751,0.14372908366533788,0.0762843716833217,3.9166666666666665,155,0.2314198038928541,0.7808585132580838,53.82688032757322,23.070174478021773,5.253871789845133,1.2254901960784492,-0.7945306725794521,0.23097312198791595,0.3170784598644878,5.0,3.498118083704971,3,7
2024-02-09 09:40:00,DOGEUSDT,-0.7899999999999999,0.9576427255985287,0.10643953345611643,False,0.11452430565377093,8.485335382537528,63.42592592592593,1.1347083558560067,4.215843302880362,0.6300801154318858,-0.33800117230786686,62.736954968305234,71.80718555901875,26.337675983748262,0.5659028498425103,0.14513893167395686,0.09370531633372445,0.6666666666666666,310,0.20520159487974107,0.3195418706098119,53.29309292299485,35.57066158148637,1.761619190404784,1.1424313920278095,-0.6707317073170849,0.0446863045510527,0.3016646965468806,5.0,1.7075495644697014,1,9
2024-02-09 10:00:00,1000PEPEUSDT,0.605297335581523,1.2065294535131388,0.605297335581523,False,0.113688234443473,8.426870728484847,63.541666666666664,0.9598798848317713,4.155801132179371,0.5995131252945818,-0.4575851313712187,56.28258181273092,71.80718555901875,25.86445327046779,0.5659028498425103,0.1421570879465855,0.08856767735425189,1.0,330,0.2556160589658079,0.88982606053144,51.84157020230445,19.844203006388955,2.049053089102748,0.9624244906317081,-0.9939759036144524,0.0738243509071038,0.7065980975050004,5.0,2.6391091493139562,2,10
2024-02-09 10:00:00,BNBUSDT,0.67633671607178,1.1114215640619651,0.67633671607178,False,0.113688234443473,8.426870728484847,63.541666666666664,0.9598798848317713,4.155801132179371,0.5995131252945818,-0.4575851313712187,56.28258181273092,71.80718555901875,25.86445327046779,0.5659028498425103,0.1421570879465855,0.08856767735425189,1.0,330,0.1725424239950926,0.3740415984536343,55.52502470410211,17.8904593006118,2.036872782564614,0.39583593068197587,-0.6967352097912882,0.5405719287786662,0.5644035378038871,20.0,2.405134830683675,3,10
2024-02-09 12:35:00,1000PEPEUSDT,1.4778178120414585,2.3564954682779415,1.4778178120414585,False,0.13648145098828407,10.446956452731015,66.20370370370371,2.476648771096235,5.989723327240792,1.6268840713552501,-0.7746134796165927,65.59233873240294,79.45520581795809,51.69889336985368,0.7826322349970024,0.18884220189964984,0.15925651005491054,0.5,485,0.3943388281182415,0.9746848721031267,57.49712987110005,15.486993996367048,3.524137211969558,1.627430910951877,-0.5309557202965554,0.7873730034565574,0.5936418630934108,5.0,2.9621087552326175,1,12
2024-02-09 12:40:00,ADAUSDT,-0.7899999999999999,0.9042258719320628,-1.09,False,0.1398252564040241,10.743446698256331,66.20370370370371,2.7422564766671043,6.258090814210271,1.8583880802095276,-0.5131237641098685,69.50980310432601,79.45520581795809,51.988599075341945,0.7826322349970024,0.19566404772908633,0.16875147729176476,0.5833333333333334,490,0.3677489866616914,0.5889497776330361,52.77549689219429,22.597528398602257,2.632077258095067,0.9498975600670478,-1.0587805768528469,0.2513004994948652,1.0971858365290414,10.0,3.7075336173901796,2,12
2024-02-09 13:10:00,XRPUSDT,-0.7899999999999999,0.2865329512894199,-1.09,False,0.1386608177705844,10.648174104806763,66.7824074074074,2.458466730120268,5.774384306859481,1.3322122810845993,-0.6789925411474163,61.65440960791417,80.49672064810427,47.54874140070554,0.8491630930845185,0.17911595397585137,0.16836737677002794,1.0833333333333333,520,0.21061542687646623,0.43107515074422753,52.753509683473204,27.610636897281385,2.1060842433697102,1.2765957446808418,-0.6074411541382108,0.09072064783343006,0.4797766859078536,5.0,1.6324031378440296,3,13
2024-02-09 13:45:00,SOLUSDT,-0.7899999999999999,0.6733306223579927,-1.2066054606970469,False,0.1400080282255503,10.827066616252857,66.7824074074074,2.734506841135076,5.873814657334808,0.7560261415718861,-0.42777788262530203,61.823779160724484,80.49672064810427,43.59355665484315,0.8491630930845185,0.18000929291824944,0.1707984376921985,1.6666666666666667,555,0.44664218427881874,0.7047566531050738,53.179653254073834,18.15125603838692,2.5187598161828806,0.2968766302131165,-1.1738317757009398,0.34421886380184497,0.8435398857514828,15.0,3.320847010966399,3,13
2024-02-09 15:25:00,XRPUSDT,0.5093964499065184,1.0921632496646794,0.5093964499065184,False,0.11446971671071693,9.258165597837786,65.27777777777779,1.2971452497772207,4.034984419760113,-0.3775784298819196,-1.0983343640918686,51.74169624491636,70.40786882215056,27.253661350229418,0.635124005671885,0.11537952213695177,0.2547393603957759,1.25,655,0.24638339987908048,0.7739446376273766,52.557839014392094,33.9166650255677,0.7527504342790925,0.2881844380403509,-0.9111617312072995,0.54037902322763,3.406391598515117,5.0,1.2316220532877509,0,15
2024-02-09 15:25:00,1000PEPEUSDT,0.11000000000000001,1.2994742585060948,0.11000000000000001,False,0.11446971671071693,9.258165597837786,65.27777777777779,1.2971452497772207,4.034984419760113,-0.3775784298819196,-1.0983343640918686,51.74169624491636,70.40786882215056,27.253661350229418,0.635124005671885,0.11537952213695177,0.2547393603957759,1.25,655,0.669594823182822,0.6431144581947814,53.97279375534397,21.286178231487188,3.3312833128331443,2.0654044750430423,-1.8498685619705912,0.5322097054749619,2.2050602637888437,25.0,4.010131499276226,1,15
2024-02-09 15:25:00,ADAUSDT,-0.8722254485334633,0.3873824017708971,0.11000000000000001,False,0.11446971671071693,9.258165597837786,65.27777777777779,1.2971452497772207,4.034984419760113,-0.3775784298819196,-1.0983343640918686,51.74169624491636,70.40786882215056,27.253661350229418,0.635124005671885,0.11537952213695177,0.2547393603957759,1.25,655,0.5214836323556422,0.6777501633974309,54.645905279301736,16.889151350413748,1.3839536188517076,0.4074828671976283,-1.0405257393209077,0.8219262466943151,2.6821863623872853,5.0,3.2972513442267593,2,15
2024-02-09 15:25:00,BNBUSDT,-0.7899999999999999,0.44532409698168074,-1.09,False,0.11446971671071693,9.258165597837786,65.27777777777779,1.2971452497772207,4.034984419760113,-0.3775784298819196,-1.0983343640918686,51.74169624491636,70.40786882215056,27.253661350229418,0.635124005671885,0.11537952213695177,0.2547393603957759,1.25,655,0.24459313416149955,0.47615235815580453,50.80629833342032,27.49130195647707,1.2366163671654773,0.4597843983969785,-0.7519489288564163,0.26954581150280976,3.5745089221138526,5.0,2.184133047235415,3,15
2024-02-09 16:55:00,AVAXUSDT,1.086912017262496,2.1607004203593183,1.086912017262496,False,0.117248028845605,9.526657117295034,65.04629629629629,1.0573139435414936,4.9048729048729145,0.4416897289070798,-0.9331334710007466,52.95077685448456,71.69417760347957,11.143493964682373,0.5335132067097254,0.13980889704486493,0.14936832727858496,2.75,745,0.49189420154841107,0.5384943538359265,53.43569374051815,21.564139389642193,5.40456636468829,3.313969571230979,-1.279340241065774,0.24926532523107728,0.35117929298851097,10.0,4.304954720540244,3,16
2024-02-09 19:30:00,DOGEUSDT,-0.7899999999999999,0.809716599190291,-1.09,False,0.12015004422700977,10.193871169480918,65.85648148148148,0.3759826820098011,4.929530867465104,0.08036048620196912,-1.3607628399574634,50.34348167797589,71.44632673053766,26.406125745067175,0.6202368771434518,0.1333898325316017,0.17853293803596443,1.1666666666666667,900,0.25150946534486307,0.3560097884665924,52.30609238504968,25.609133179426767,1.4184397163120588,-0.6581352833638032,-0.8755928493250575,0.2151073560974581,1.3508205444098222,5.0,1.17602125054741,2,19
2024-02-09 19:30:00,ADAUSDT,0.44557070144321165,1.273767768137346,0.44557070144321165,False,0.12015004422700977,10.193871169480918,65.85648148148148,0.3759826820098011,4.929530867465104,0.08036048620196912,-1.3607628399574634,50.34348167797589,71.44632673053766,26.406125745067175,0.6202368771434518,0.1333898325316017,0.17853293803596443,1.1666666666666667,900,0.3690985333470672,0.4756382110588764,55.17676840291723,20.246997226935246,2.4390243902438824,0.1293661060801865,-1.0952902519167584,0.509011900508741,0.9664827375268102,25.0,2.794497548580943,3,19
2024-02-09 20:50:00,SOLUSDT,2.8173961623586226,3.559993539376549,2.8173961623586226,False,0.12288204671180582,10.495633588069708,65.97222222222221,1.4028564004924027,4.813280383213292,-0.2610107357947089,-1.2801081477826215,53.49574887171208,71.45924187023051,12.399471830064984,0.5318566969567523,0.1344719217215361,0.11972042653186771,2.5,980,0.3262986885089633,0.7646644180258843,49.34296465500209,20.103653651674936,2.3851908055369186,0.5694793468186576,-1.632710280373828,0.03475745436853042,1.2183835223060049,5.0,2.1396908611238663,3,20
2024-02-09 22:00:00,SUIUSDT,0.11000000000000001,1.2085268281765593,0.11000000000000001,False,0.11704563122932461,10.116358277841876,65.16203703703704,0.6913179532920921,4.77166760358454,-0.10446509457558983,-1.460285339299161,53.163952724516946,71.2950725577511,16.70929209786259,0.4596042262061618,0.13048825334434577,0.09720514597333779,3.6666666666666665,1050,0.6283862561763306,0.7053000999841427,54.529768713388776,25.47422739346763,17.093625106466614,7.688599662569295,-1.0628875110717528,0.34195120856263667,0.35663989867688306,5.0,11.916900870654912,2,22
2024-02-10 01:40:00,SUIUSDT,-0.9554002221590489,0.0,-1.532333703598415,False,0.11064566547907846,9.75522617973279,64.00462962962963,-0.44380379200774644,4.341487728708304,0.38170854356653905,-1.9079292477965137,63.58172429241487,63.04834172697184,35.26869508289923,0.13989685641522412,0.11582886630695115,0.07333522226222836,7.333333333333333,1270,0.576933481439366,0.6510912341324756,59.42509205783604,20.129027158332423,17.18851500584644,1.559421268929806,-0.5512679162072764,0.913563084806199,2.304641988536244,100.0,11.066659424044012,2,1
2024-02-10 01:40:00,ADAUSDT,-0.7899999999999999,0.05496518871381806,-1.09,False,0.11064566547907846,9.75522617973279,64.00462962962963,-0.44380379200774644,4.341487728708304,0.38170854356653905,-1.9079292477965137,63.58172429241487,63.04834172697184,35.26869508289923,0.13989685641522412,0.11582886630695115,0.07333522226222836,7.333333333333333,1270,0.3177231084990483,0.529004294832584,55.708358200015105,12.436792974001245,3.332071185157126,0.5156537753222779,-0.7636363636363774,0.6811313725220908,1.5360605496418018,25.0,2.848697671725775,3,1
2024-02-10 13:45:00,AVAXUSDT,0.9876846759395262,1.630139467487779,0.9876846759395262,False,0.10911098297880027,9.788975311248072,64.23611111111111,0.20049159607824496,-0.32789785255338266,0.5282509096238508,-1.869571617841903,66.02121995748365,58.73347154019931,17.329533882998813,0.07678407605188857,0.012041670211367641,0.06998919234425341,19.416666666666668,1995,0.27622739577412636,1.056292764151354,56.08385008066371,28.206761437127035,3.775408823608384,-1.342761595997255,-2.8945450890725977,1.1057022483727188,2.7788639605594287,15.0,3.180776104241345,0,13
2024-02-10 15:00:00,XRPUSDT,0.7518135896974752,1.0742374832150459,0.7518135896974752,False,0.11215578109473578,9.949874978193861,64.69907407407408,0.4035666798356763,0.932883226251402,0.07558034910921663,-1.990657325374312,54.39967326480197,57.5389307689232,19.0023914689808,0.08561700625720008,0.03883935318119954,0.05466918101380882,20.666666666666668,2070,0.11621194675878531,0.9075710708632433,51.74234842321532,17.91186593360093,0.30786992495668297,-0.5532239603204925,-1.3250047321597624,0.139934630649274,2.7534003528326254,20.0,0.1680782924659452,1,15
2024-02-10 15:20:00,BNBUSDT,0.7769018196241879,1.0345902150202813,0.7769018196241879,False,0.11042786655865648,9.74336244166536,65.04629629629629,0.30840956960531685,0.6964998275252654,0.3226668703222746,-1.9485676016943732,56.44604121165402,59.64386490161746,21.168708041481363,0.10229285260975791,0.030075671898417543,0.048358926626442436,21.0,2090,0.08384419769804667,0.40902726978531745,54.69363582685204,8.6654551710661,-0.5454489106517468,-0.3446990870132116,-1.1976600985221686,0.5581827142071576,0.832484289356357,15.0,0.284328407238843,1,15
2024-02-10 15:50:00,SUIUSDT,-0.7899999999999999,0.5272810637322323,-1.1405337422392183,False,0.1122164554627603,9.891572168719186,65.39351851851852,0.5003748563758625,0.43169223781700516,0.009721931621009539,-1.8867807166863981,60.12781605686666,59.64386490161746,21.45389765393079,0.10229285260975791,0.019160841795881615,0.03618205730183538,21.5,2120,0.42021349689568727,0.706684948641805,54.3932593986454,32.802483792381125,5.534385773906725,1.4123801220575327,-3.8571743442803674,0.4252912258782812,0.6035047829092377,20.0,4.170063655886724,2,15
2024-02-10 18:20:00,SOLUSDT,1.0240152689618456,1.552371832645849,1.0240152689618456,False,0.10008660351826779,8.48460098377506,63.657407407407405,0.1342594553386256,-1.7523811106863296,0.028346589947547685,-1.9538563937322229,60.54549089426207,58.10605986166683,13.628281433736555,0.052417133578121756,0.09109171814922054,0.05061342369519587,23.916666666666668,5,0.2191782818420017,1.1412565759590694,62.43256617206096,11.696866037067828,2.2096743835874344,0.5890416033786705,-2.0128294192477303,1.7361014002073207,0.9892535105927964,20.0,2.2032568424654064,2,18
2024-02-10 18:20:00,1000PEPEUSDT,-0.7899999999999999,0.28453689167973195,1.069604359957551,False,0.10008660351826779,8.48460098377506,63.657407407407405,0.1342594553386256,-1.7523811106863296,0.028346589947547685,-1.9538563937322229,60.54549089426207,58.10605986166683,13.628281433736555,0.052417133578121756,0.09109171814922054,0.05061342369519587,23.916666666666668,5,0.22475041028809595,0.44408373572506216,52.530050271659086,20.650255246584297,-0.009811616954480407,0.17693895606014642,-2.2164651698330484,0.5422175223495694,2.5569740966714014,20.0,1.5656666054175261,3,18
2024-02-11 04:15:00,AVAXUSDT,0.49350728999190774,1.2015359841446749,0.49350728999190774,False,0.10315316035448388,8.696140489593107,61.57407407407407,1.4163498497302696,2.1263124571307968,1.5097450613904106,-0.43209876543209846,71.36846114838632,67.59828119298666,54.655301408267135,0.4070769295272423,0.10068455503922392,0.10180635095467377,0.25,35,0.3090143470763836,0.7442510610072699,51.59786096131457,10.536063911557441,2.7648361720002956,-1.2307918175589738,-2.0979869027407116,0.2234935419557192,0.6023127342609967,5.0,4.553259342749194,1,4
2024-02-11 04:35:00,SUIUSDT,2.040694200119176,2.92484688913055,2.040694200119176,False,0.10203540690909166,8.647646860608793,62.03703703703704,1.3784169585531636,2.1173226467799955,1.4020102398953238,-0.48456790123456717,62.98360045217193,67.59828119298666,56.037063361836964,0.4070769295272423,0.09827133393438103,0.12377366133674757,0.5833333333333334,5,0.397076344505687,0.45289163720243,50.92465283929932,12.360215533227855,-1.2937853107344632,0.4542318307267701,-1.4441247814068858,0.10121813892369474,1.209828057464936,30.0,2.8072351810316087,2,4
2024-02-11 05:00:00,SOLUSDT,-0.7899999999999999,0.8454051089887171,0.53213312641907,False,0.1017972305145784,8.65486427246671,62.61574074074075,0.9539286109654821,2.0323117942482316,1.0666571871281727,-0.5506172839506163,58.190079431907975,67.59828119298666,50.218375258218074,0.4070769295272423,0.09337083555598658,0.12631989645164043,1.0,30,0.302194872608223,0.7371237603832568,54.93835739525315,26.71778419012766,-0.46215429403202446,-0.3116059551360295,-0.9290280519386407,0.36567856871697657,0.5002373262803678,10.0,2.090315058814829,2,5
2024-02-11 05:00:00,DOGEUSDT,1.8488359929973013,2.232524094180799,1.8488359929973013,False,0.1017972305145784,8.65486427246671,62.61574074074075,0.9539286109654821,2.0323117942482316,1.0666571871281727,-0.5506172839506163,58.190079431907975,67.59828119298666,50.218375258218074,0.4070769295272423,0.09337083555598658,0.12631989645164043,1.0,30,0.14684405059174882,0.6497345872789929,54.16005698264421,27.885613858691006,0.3673769287288797,0.5027590435315865,-0.5460502366217646,0.23882374458978592,0.6498652661593539,5.0,1.0092639874297982,3,5
2024-02-26 21:45:00,SUIUSDT,-0.7899999999999999,0.15438513152425948,-1.1157477562407645,True,0.12353329297409076,7.112867471389528,59.02777777777778,3.984882502903919,5.651360977833408,0.5097390665196544,-0.5353525434701245,60.537020044044304,85.46422267026881,41.35440083374033,1.2385880993665417,0.20265141020668348,0.1746739940327119,1.6666666666666667,160,0.4102991024963058,0.7143773092408666,50.979004636826545,23.822716038201694,2.476572958500678,4.369112543381259,-2.10997442455243,0.2529185315154041,2.1365159088701953,5.0,2.6112311010465517,0,21
2024-02-26 21:55:00,SOLUSDT,0.7876145880729787,1.5578723443273823,0.7876145880729787,True,0.12452155297975086,7.207246064265682,59.25925925925925,3.4250448722676907,5.561132302750438,0.2785556185163296,-0.5611745751184838,58.745395107391396,85.46422267026881,40.56936132606741,1.2385880993665417,0.1975179979430926,0.17974020180352712,1.8333333333333333,170,0.34012887812720183,1.1121177042404173,51.007764991669085,17.361349732037514,5.327306793378539,3.7787737779173547,-1.3514002460380592,0.1913801811453328,1.183835921766485,5.0,4.542479524397813,1,21
2024-02-26 22:10:00,LINKUSDT,-0.7899999999999999,0.31942189872755655,0.8288458430541112,True,0.1290290970159591,7.488341445621516,59.606481481481474,2.3320637765580132,5.881614328985596,0.38663003663004236,-0.3285944449899936,63.23475743367904,85.56499485049291,40.6533496004124,1.1472416861083494,0.20759554085841928,0.12993629882309676,2.0833333333333335,185,0.2474943953289927,0.7533962077992972,50.048128213402464,19.87381121608875,2.1832191780821963,0.898235231956046,-0.9954375777685653,0.13991640186092447,1.4807214115888525,10.0,2.2995847485192122,2,22
2024-02-26 22:50:00,DOGEUSDT,0.5762174075561203,1.3035172491291158,0.5762174075561203,True,0.1307016658253407,7.642567594159555,59.83796296296296,2.551902303311193,5.680476802256518,0.14664501471028935,-0.5273513505649974,57.15329895813752,85.56499485049291,30.757399289095012,1.1472416861083494,0.19839947098872568,0.11418771531959877,2.75,225,0.3186499207864978,0.4682266272047934,57.96949876196161,25.018884581106573,3.189145309057184,2.134986225895319,-0.3806538289296779,0.9874989648328616,0.7380394349098,10.0,3.1445870797050635,1,22
2024-02-26 22:55:00,1000PEPEUSDT,-1.29,0.38748806649071543,0.11000000000000001,True,0.13116917214775717,7.669643226178513,59.95370370370371,2.3690607403969777,5.711994434675072,0.3890415081597709,-0.5217141464727515,57.30038829563873,85.56499485049291,30.67596550754965,1.1472416861083494,0.19957868297919829,0.10459868909171814,2.8333333333333335,230,2.2782332570465726,0.5765721385563908,54.17072349558138,36.87570742876821,29.31309904153354,14.956106377485167,-5.87209302325582,0.20089308507633516,0.6442554333508201,5.0,23.70803771559944,2,22
2024-02-27 00:55:00,ADAUSDT,0.44060547091405744,1.1891370721517136,0.44060547091405744,True,0.12368443152997285,7.231151752256615,59.49074074074075,1.8168832331309392,5.562623255094534,-0.19340132236783658,-0.7141064667823271,52.613416117685006,80.81256168499802,13.572792006682032,0.9196482535257164,0.18963846686220928,0.07307026443636364,4.833333333333333,350,0.3292658006188281,1.1609011581470798,61.597023696190256,20.3590110823633,5.511276920468022,2.117183653372723,-0.20850040096231925,1.4289651665622307,1.0926675486609143,10.0,4.216485895761823,0,0
2024-02-27 01:05:00,1000PEPEUSDT,5.41,6.5904997748761796,5.41,True,0.13055930992618317,7.657762215752628,59.606481481481474,2.2100830135118654,5.858607350096712,0.2557277708268746,-0.47807127608116007,61.16343153571465,86.82987137855108,15.764656551709086,1.0365196540720916,0.19830300966996486,0.07416423383222459,5.0,360,1.3569916308836216,0.9469591219042638,51.77220043058267,14.528665832703142,24.854191553650473,13.381405143258252,-6.088794926004226,0.2023870287234208,0.9978750663238665,5.0,20.042466439872864,1,1
2024-02-27 01:10:00,XRPUSDT,0.7491894670084168,1.1805303305485015,0.7491894670084168,True,0.1324925586739321,7.766061143110337,59.72222222222222,1.5812705106692526,6.110130877363074,0.24582311360068498,-0.48279925370691146,60.92461875511845,86.82987137855108,17.541809425253817,1.0365196540720916,0.20798326260419706,0.07414846212404255,5.083333333333333,365,0.17067043177004235,0.8062058540443687,56.03664512524881,14.344326712430085,1.8121301775148035,0.658135283363781,-0.5598699656853889,0.810517755765372,1.8017240385653812,10.0,1.1988378202750782,2,1
2024-02-27 01:10:00,DOGEUSDT,0.3919532834308107,1.077924994385815,0.3919532834308107,True,0.1324925586739321,7.766061143110337,59.72222222222222,1.5812705106692526,6.110130877363074,0.24582311360068498,-0.48279925370691146,60.92461875511845,86.82987137855108,17.541809425253817,1.0365196540720916,0.20798326260419706,0.07414846212404255,5.083333333333333,365,0.2979858554775021,0.7389085842427727,50.65696659502054,21.874176280680942,3.9444509277628548,1.5158422612263411,-1.1980033277870228,0.12167137432430222,1.5551406587413383,5.0,2.8513406379435224,3,1
2024-02-27 03:25:00,SOLUSDT,-0.7899999999999999,0.5215882047703291,-1.2007014030082317,True,0.17587957903380624,11.468155386438529,61.22685185185185,3.6588201051130476,9.832125920107071,3.370433722227184,-1.997923156801662,67.51535524504668,76.09890565668927,59.07399793787383,1.364496848502441,0.27121264813675444,0.3078024236395758,1.3333333333333333,500,0.4442805612032926,0.2730225062830695,57.68231207378768,21.838252148328763,8.438351911677678,2.660776281709798,-0.6532752644209383,0.7538393510738371,1.419709406719486,65.0,5.790303313077194,0,3
2024-02-27 09:35:00,SOLUSDT,-0.7899999999999999,0.919335705812574,-1.09,True,0.15074938197403906,10.845028261520318,59.143518518518526,0.24896353666239435,11.106535194031952,1.117098079390888,-1.947040498442365,70.82504588413326,77.26802030175678,19.864273090723646,0.8842443611057651,0.2590806785119587,0.08595025609857096,7.5,870,0.32739635814080764,0.8811570106862718,51.20780799087622,10.240908716239698,9.726563655547116,-0.5469706584203982,-1.09590258643677,0.02828457366490393,2.1322268267147595,100.0,4.2446151759100825,0,9
2024-02-27 09:35:00,1000PEPEUSDT,-1.29,0.7530680550390523,-2.09,True,0.15074938197403906,10.845028261520318,59.143518518518526,0.24896353666239435,11.106535194031952,1.117098079390888,-1.947040498442365,70.82504588413326,77.26802030175678,19.864273090723646,0.8842443611057651,0.2590806785119587,0.08595025609857096,7.5,870,1.329467669745316,0.7619291678834278,64.09779392851944,33.68390045015228,58.873052211801195,3.095797191738159,-7.223563912368469,1.2056189084160254,2.142551848023217,100.0,30.539162266648678,1,9
2024-02-27 09:35:00,SUIUSDT,-0.7899999999999999,0.8272885318626022,-1.09,True,0.15074938197403906,10.845028261520318,59.143518518518526,0.24896353666239435,11.106535194031952,1.117098079390888,-1.947040498442365,70.82504588413326,77.26802030175678,19.864273090723646,0.8842443611057651,0.2590806785119587,0.08595025609857096,7.5,870,0.2967326756687031,0.8008126677004601,61.919835552416494,20.92701247952958,5.228964299230476,-1.7896038146818283,-3.0283654963961903,1.666315267640752,2.4370722760582177,35.0,1.092887579752766,2,9
2024-02-27 09:35:00,LINKUSDT,-0.7899999999999999,0.989686425669345,-1.09,True,0.15074938197403906,10.845028261520318,59.143518518518526,0.24896353666239435,11.106535194031952,1.117098079390888,-1.947040498442365,70.82504588413326,77.26802030175678,19.864273090723646,0.8842443611057651,0.2590806785119587,0.08595025609857096,7.5,870,0.22932150211629085,0.8858233465860877,62.13542548840239,23.00901226599857,5.663492762397482,-0.2753103734870921,-0.8726183714566016,1.4721802489553077,2.3923516044030415,45.0,1.9798529324555503,3,9
2024-02-27 10:20:00,ADAUSDT,-0.7899999999999999,0.5145521788068708,0.407863278905815,True,0.15243108620592075,11.059786169253648,59.143518518518526,1.3774242380965918,10.771667489159654,0.6668675659865508,-1.714780200761512,70.03291963548445,75.41818159479263,28.25773140388187,0.8785713315391703,0.2524006928987026,0.08228261096837006,8.25,915,0.3138598061171248,0.8003805471361616,51.523416212403696,22.322088971788922,7.262377091599115,-0.48015364916773606,-1.6294890049042832,0.15240625582979697,0.5524826051706994,5.0,2.7069082474574957,3,10
2024-02-27 12:05:00,AVAXUSDT,-0.7899999999999999,0.8592150817517963,-1.09,True,0.14604974070442417,10.897104851330198,58.91203703703704,0.7555251441824895,10.973084075560347,0.14290837082691077,-1.8854274835583218,58.908557198722455,77.22772697088115,13.261664540508837,0.7913188785441714,0.24894747126641004,0.11204204425304953,10.0,1020,0.2054040287449869,1.0985697211439565,55.21808018915818,16.63080728028727,7.989957976313922,0.2127120790073267,-1.1144427786107025,0.5460637128368573,0.8604099475998238,20.0,3.2551881864187227,2,12
2024-02-27 12:15:00,DOGEUSDT,-0.7899999999999999,0.4315789473684051,2.156632244320238,True,0.14790711781270352,11.066291328154488,59.02777777777778,0.9875489149768768,11.233626036903367,0.07985207095375646,-1.7390100380754614,62.21913403926534,77.22772697088115,14.530537006339262,0.7913188785441714,0.253387306329159,0.11459730476563364,10.166666666666666,1030,0.46089440415566896,0.537888565024593,54.231053368026316,29.432242159403685,12.547393364928915,4.56847203874946,-1.6666666666666718,0.3766283217454654,1.618793724770569,10.0,7.005612444037901,3,12
2024-02-27 13:10:00,ADAUSDT,-0.7899999999999999,0.3208213025344797,0.11000000000000001,True,0.14861435489904684,11.500575067873653,59.95370370370371,1.3804559310518938,10.864331029332241,0.8672202767814552,-1.3430252682589128,55.868644285621926,79.12969749939224,28.035695670467238,0.8171912268955538,0.23577029890180426,0.1703670703591842,11.083333333333334,1085,0.4228179528899139,0.7409601788952708,53.00298086135462,16.704115556781318,6.345957011258929,0.6945566144403115,-1.3763644992880963,0.35534386563522274,0.36236736869204567,15.0,2.6216688018550816,0,13
2024-02-27 13:15:00,1000PEPEUSDT,-1.29,0.0,-2.09,True,0.15217172429069115,11.816975271841645,59.95370370370371,1.6901578701308928,11.364423904283205,1.2959946169919023,-0.9935964001384523,61.679614795950194,79.12969749939224,27.995212509091377,0.8171912268955538,0.24481143350792878,0.1821830525058729,11.166666666666666,1090,1.5976599349986071,0.9356718513292059,55.31851924403162,32.3239486871624,53.65853658536586,7.613917600815268,-4.36432637571158,0.47056658778404215,0.8917675747355344,10.0,28.469406892672723,1,13
2024-02-27 13:50:00,SOLUSDT,-0.7899999999999999,0.04254664288882992,-1.1636986489903907,True,0.14886058765386864,11.74397811110568,59.49074074074075,1.9659665229285528,11.476656359304505,1.2147196691827178,-1.04430598823122,59.59344727620062,79.12969749939224,22.965989301903694,0.8171912268955538,0.24170553840089415,0.20763383247106673,11.75,1125,0.42947945959615624,0.8920928473995406,48.086113878387856,29.88063488002751,8.610756071182779,-0.3203306172906206,-1.8149497822415817,0.03983442411475106,2.5595282817383866,5.0,2.882759295687376,0,13
2024-02-27 14:30:00,XRPUSDT,-0.7899999999999999,0.2666666666666595,0.7044258688547179,True,0.14549517817669522,11.704152418172932,59.25925925925925,1.3945056972173742,10.986292859084369,0.06564310108512217,-1.0650744202146067,58.67283757720338,76.06301010149868,16.48849246564918,0.812750100077942,0.2265996043537115,0.22009750522685953,12.416666666666666,1165,0.3583426211281948,0.5098538256119898,58.27945248628588,15.949183785258464,4.903971657654305,1.5340191301209005,-0.6182653241476821,1.0174289961338536,0.4886887572213329,10.0,2.3399470546515033,0,14
2024-02-27 14:30:00,DOGEUSDT,0.11000000000000001,1.6680480729382552,0.11000000000000001,True,0.14549517817669522,11.704152418172932,59.25925925925925,1.3945056972173742,10.986292859084369,0.06564310108512217,-1.0650744202146067,58.67283757720338,76.06301010149868,16.48849246564918,0.812750100077942,0.2265996043537115,0.22009750522685953,12.416666666666666,1165,0.769199485427663,0.8181579656280138,54.76004425710151,20.239247885927963,12.915301824988301,5.417212756662293,-1.8007935700478206,0.43400918820504203,0.9076681680817925,5.0,7.93882450577954,1,14
2024-02-27 14:30:00,LINKUSDT,-0.7899999999999999,0.04701948696514968,-1.09,True,0.14549517817669522,11.704152418172932,59.25925925925925,1.3945056972173742,10.986292859084369,0.06564310108512217,-1.0650744202146067,58.67283757720338,76.06301010149868,16.48849246564918,0.812750100077942,0.2265996043537115,0.22009750522685953,12.416666666666666,1165,0.3311027422534004,0.5794848790675977,49.3246407681475,29.682679785505243,2.709808971882377,0.2881693387823514,-1.2739839075717074,0.1293351038531534,2.363688713958714,10.0,1.3173869205889366,2,14
2024-02-27 14:30:00,AVAXUSDT,-0.7899999999999999,0.3300497613486497,-1.09,True,0.14549517817669522,11.704152418172932,59.25925925925925,1.3945056972173742,10.986292859084369,0.06564310108512217,-1.0650744202146067,58.67283757720338,76.06301010149868,16.48849246564918,0.812750100077942,0.2265996043537115,0.22009750522685953,12.416666666666666,1165,0.3330278682916286,0.9585578857338926,50.9793872522352,30.479314771336107,4.613790905227355,0.06097406061837951,-1.5867066466766722,0.3265752978832724,2.304201785732283,10.0,2.5605175532897206,3,14
2024-02-27 15:15:00,ADAUSDT,-0.8323948483315298,0.0,-1.3273247472192164,True,0.14145100537825864,11.802231607996895,59.25925925925925,1.4489283782465723,9.483735387112336,-0.004195371456439112,-0.9977500865351319,56.196603949981494,71.02238949057542,13.774275176441597,0.7218429959827053,0.1912789373521048,0.24542242577026188,13.166666666666666,1210,0.4949298988876865,0.7546590779236395,51.988062222762565,13.041191349883524,4.671801741460158,0.5954296749275834,-1.1074197120708784,0.26372044678192275,0.7095389074390455,5.0,2.759400147475599,1,15
2024-02-27 17:05:00,LINKUSDT,0.41591991901980974,1.313360409304276,0.41591991901980974,True,0.13314597187788124,11.599310715873035,58.68055555555556,1.2222699602359999,7.226604934109493,0.6411146640696197,-0.9172724125995124,59.92650378096334,67.92155391667472,11.546637564535548,0.5392981192669316,0.15030775223996928,0.19470111966614356,15.0,1320,0.4037202451422332,0.24835521711130376,49.10419654823821,26.74350988692657,-0.06852203246890953,-1.878687506469312,-2.212708892098214,0.11633942238442663,1.1081131525216,10.0,0.3420875160721648,0,17
2024-02-27 17:05:00,AVAXUSDT,-0.7899999999999999,0.0666854753905044,0.6220540432016546,True,0.13314597187788124,11.599310715873035,58.68055555555556,1.2222699602359999,7.226604934109493,0.6411146640696197,-0.9172724125995124,59.92650378096334,67.92155391667472,11.546637564535548,0.5392981192669316,0.15030775223996928,0.19470111966614356,15.0,1320,0.4236800752726559,0.3349906223368002,50.505745982866316,25.65265920421911,0.14126107615255457,-1.5304576219820065,-2.573713143428291,0.3302063376192192,3.494292978387968,10.0,1.410170613831041,1,17
2024-02-27 17:15:00,DOGEUSDT,-1.29,0.38061927785206784,0.917427465305798,True,0.1310368571901259,11.411838234291993,58.68055555555556,1.3243262386230858,6.96901889748176,0.03216586397685184,-0.9659051574939403,58.3896775230143,67.92155391667472,12.102498425719286,0.5392981192669316,0.14524260345808337,0.1786840581995237,15.166666666666666,1330,0.8284537398293496,0.6061031682766774,52.413068392088945,12.892279954137004,11.392550143266478,2.391487568478712,-1.4699918896999287,0.2440464783809275,0.5549906366742465,5.0,7.744159859228428,2,17
2024-02-27 18:10:00,ADAUSDT,1.329761181576009,2.261633582818079,1.329761181576009,True,0.11663362712432526,10.23241687237386,57.870370370370374,0.574525993991748,6.355866558906387,0.8247397141987634,-1.383004499826923,50.80033292271266,70.85512428964611,13.20361786236779,0.5514974873922805,0.13004093853110152,0.15891751360586254,16.083333333333332,1385,0.42093620062103493,1.0195293673140668,48.76771907693042,23.204067405969862,0.4905166775670322,-0.5823358136525347,-2.7685492801771794,0.11578153290470766,1.844153374110475,5.0,0.8740511532560724,1,18
2024-02-27 19:50:00,1000PEPEUSDT,-1.29,0.0,-2.09,True,0.129154292025586,11.50571373232616,58.10185185185185,0.6887432970830831,5.756982906689445,1.1798077649734395,-0.3627552786431232,70.05737746946659,72.6918104564973,16.350182763941667,0.550098693077434,0.1230171970496917,0.12988696196482896,17.75,1485,3.5191443803140614,0.7623156171135822,55.43630562953007,58.877345368801876,56.68546586770062,22.254308764209753,-10.379704301075265,0.2486387841278306,0.7319680556080281,10.0,42.6976273537226,1,19
2024-02-27 22:15:00,DOGEUSDT,0.2804151802527318,1.7784137367130137,0.2804151802527318,True,0.10898863187611878,10.040715540796818,57.291666666666664,0.24663151418351514,3.801830910070003,-0.3843485694665416,-1.5849775008653588,49.08070855753733,63.1025825237242,20.598778169566895,0.2961560509953245,0.08251617478674653,0.12807171469406314,20.166666666666668,1630,0.703999278230141,0.3306243288632547,50.09766289237183,14.341184515860924,9.612368362088276,2.044221944096769,-2.8497666567371627,0.0330360154849185,2.0811490712817777,30.0,6.720497485212529,0,22
2024-02-27 22:15:00,1000PEPEUSDT,4.41,5.72092845980865,4.41,True,0.10898863187611878,10.040715540796818,57.291666666666664,0.24663151418351514,3.801830910070003,-0.3843485694665416,-1.5849775008653588,49.08070855753733,63.1025825237242,20.598778169566895,0.2961560509953245,0.08251617478674653,0.12807171469406314,20.166666666666668,1630,2.2175359488342394,0.702467140328655,56.433579304549774,18.969642370045694,44.11490086230572,18.889895786135025,-11.831317204301062,0.5984894330562809,1.7045917935408288,65.0,34.406009229391074,1,22
2024-02-27 22:15:00,ADAUSDT,-0.7899999999999999,0.41407867494822614,-1.09,True,0.10898863187611878,10.040715540796818,57.291666666666664,0.24663151418351514,3.801830910070003,-0.3843485694665416,-1.5849775008653588,49.08070855753733,63.1025825237242,20.598778169566895,0.2961560509953245,0.08251617478674653,0.12807171469406314,20.166666666666668,1630,0.30282419749193645,1.0658009908577744,59.37509712702486,20.043400436394755,1.2903225806451646,1.9315046258724378,-0.6486315456415093,1.110895491855345,1.2483081882800764,95.0,2.6475141517422918,2,22
2024-02-27 22:15:00,AVAXUSDT,-0.7899999999999999,0.43881899350650677,0.7926344753595306,True,0.10898863187611878,10.040715540796818,57.291666666666664,0.24663151418351514,3.801830910070003,-0.3843485694665416,-1.5849775008653588,49.08070855753733,63.1025825237242,20.598778169566895,0.2961560509953245,0.08251617478674653,0.12807171469406314,20.166666666666668,1630,0.2739830869955623,0.8768180757302497,62.48239175041112,15.051149264148515,0.2568471378073811,1.5062179767759254,-1.4892553723138469,1.3771283280714697,0.8661547470494886,100.0,2.1750001828039878,3,22
2024-02-27 22:40:00,SOLUSDT,-0.7899999999999999,0.0,-1.09,True,0.11196348642497866,10.326345832865403,57.291666666666664,-0.025968374730667154,4.5019533041101845,0.13549968805195434,-1.3887158186223658,55.0712311801404,63.1025825237242,19.905085799909806,0.2961560509953245,0.09781309275228359,0.110404432363737,20.583333333333332,1655,0.3378250833201496,0.7033181839622321,53.15424575759938,22.95024665081413,-1.6462577662187616,1.7773873713917254,-3.1970491511865706,0.23945382792270653,2.2193409231127332,5.0,1.2207752802610106,3,22
2024-02-28 01:00:00,XRPUSDT,-0.7899999999999999,0.44429254955569153,-1.09,True,0.11405662668357625,10.653630505083411,59.25925925925925,0.02278235664201489,4.50963984040107,0.1948609377550925,-1.2206645898234725,54.53452311398515,64.21977651059622,14.718194219951926,0.3026666759456014,0.09837741968986448,0.06915530898527616,22.916666666666668,1795,0.3687417443061243,0.8299548629944211,49.739525233594456,14.461683041449758,6.556182844654868,-0.35762942779293816,-2.108080977078808,0.10459335936964825,2.2638699833535103,5.0,4.501066964389455,2,1
2024-02-28 02:20:00,1000PEPEUSDT,-1.29,0.9373906960475686,-2.09,True,0.10469133850733386,9.703622012023239,58.10185185185185,-0.37015960287513083,0.4654324584403735,-0.2347763575473838,-1.3529936979342794,48.54649814094647,61.48785750512409,19.85233706156701,0.21102202204247586,0.011594151902742824,0.07230844999323166,6.5,1875,1.899237203454359,0.7749267902564588,63.547003261885635,22.233291492558074,57.58143636664279,15.809940454490224,-3.931451612903225,1.293875834279208,0.544235814737013,25.0,37.90697868888895,1,2
2024-02-28 02:20:00,AVAXUSDT,-0.7899999999999999,0.3584867283636717,1.0821339589483387,True,0.10469133850733386,9.703622012023239,58.10185185185185,-0.37015960287513083,0.4654324584403735,-0.2347763575473838,-1.3529936979342794,48.54649814094647,61.48785750512409,19.85233706156701,0.21102202204247586,0.011594151902742824,0.07230844999323166,6.5,1875,0.24785959430799273,0.39527324888636717,52.313746742589416,21.95887361602678,-1.2825017568517283,0.7221325958362002,-1.4803125939284678,0.3877826116140478,1.6152660671757906,15.0,1.642690647301781,2,2
2024-02-28 02:25:00,SOLUSDT,-0.7899999999999999,0.03878725192321131,1.6761653498131273,True,0.10609712514233022,9.846788734295608,58.10185185185185,-0.36260276368725863,0.8591031826833628,-0.17979402544103795,-1.2427292192200068,53.74109985764958,61.48785750512409,18.597701323507113,0.21102202204247586,0.02142995954278039,0.07460607221422416,6.583333333333333,1880,0.31608986371907316,0.7273475867175088,51.27168580475651,18.73690956995632,-2.5671249640080607,0.030484988452661455,-3.657668558819871,0.3204562238102891,2.0542818091543826,5.0,0.5305893751401891,3,2
2024-02-28 04:25:00,DOGEUSDT,-0.7899999999999999,0.5029337803855949,2.5216344250593616,True,0.11634132365181707,10.78939253179312,59.72222222222222,0.33654597734462666,1.8969131012584795,0.28123666890791377,-0.9649875605717728,66.89503706119214,64.89753693810198,11.89394070250667,0.23179613030929266,0.05148390220285672,0.044493279769463226,8.583333333333334,2000,0.4020620833630305,0.39822844072019487,48.42394827704917,44.8227901069002,5.342753063252004,-2.5528438680690324,-5.24277628835269,0.29002828956735915,2.27419852306137,10.0,2.987507769909281,0,4
2024-02-28 04:30:00,1000PEPEUSDT,3.41,4.199553239017129,3.41,True,0.11509398456938592,10.67120039857552,59.83796296296296,0.26925441292702246,1.730666766458011,0.17793563082042496,-1.0249742109414872,61.633790682971316,64.89753693810198,13.272154430978878,0.23179613030929266,0.047072508724312144,0.04524691365404333,8.666666666666666,2005,1.7864038386824939,0.7032934438506279,48.38352445649052,31.124088523999497,24.157537096103177,0.41873855011778094,-9.747983870967737,0.0774858436028,1.836150343011475,10.0,26.7748740713613,1,4
2024-02-28 06:25:00,ADAUSDT,1.8166509231796961,2.3536998226664663,1.8166509231796961,True,0.11182639048858316,10.406507519297946,59.606481481481474,0.18102069033194557,1.4845834450217588,0.08000294102714633,-0.8857566379736337,53.0277824074997,63.390633810646094,18.417722497998923,0.2553857292578689,0.04150310417214626,0.0678776305720987,10.583333333333334,2120,0.223524449743385,0.5821135020877058,50.02110114935978,20.081554920981947,-0.8631713554987375,-1.383367785021472,-1.6336241078509062,0.13202745639046296,1.6890001250426008,5.0,0.9513642278750511,1,6
2024-02-28 06:35:00,LINKUSDT,0.762551674434419,1.1476704395893655,0.762551674434419,True,0.11196109456827369,10.413544290106746,59.49074074074075,0.15802825587261093,1.3106735898208433,0.16434573577128742,-0.8857566379736337,52.92005383280249,63.390633810646094,16.024327353972957,0.2553857292578689,0.036794189343813816,0.06782392679074387,10.75,2130,0.1475593825774733,0.8156048077312643,52.56887200421731,14.658062144984054,-0.6278120749189098,-0.471599245441201,-2.0321848566123513,0.3787569183199124,2.309999053305988,10.0,0.22299920016524144,2,6
2024-02-28 06:55:00,SOLUSDT,1.3160444207384896,1.8602728400165303,1.3160444207384896,True,0.11270899536835136,10.476769665904072,59.25925925925925,0.28759704866891944,1.4660536240852506,-0.05065316381407392,-0.7912689950502316,58.2812201766642,63.390633810646094,14.125969246237297,0.2553857292578689,0.04133751974881499,0.06194347180792694,11.083333333333334,2150,0.2271142096390203,1.0476280382559584,53.889631249072245,21.851901235570317,-2.2591564977686884,0.148124976999231,-3.0685936651261514,0.3426801154401719,0.46983089002311385,5.0,0.9424021704667718,3,6
2024-02-28 07:15:00,DOGEUSDT,0.9941057244754438,1.7464965488391604,0.9941057244754438,True,0.11676949519225821,10.90716248014929,59.25925925925925,0.8327332127237241,2.047814331500608,0.34750202330779967,-0.4722648427951004,69.97017422053788,73.7226399727108,19.325146033918514,0.4068487056860632,0.0574466175311919,0.07012831539568998,11.416666666666666,2170,0.33119541218185833,1.1733154384247324,56.95732677783473,14.054742399018544,4.616562739306418,-1.6354659535074978,-5.04418627743023,1.1137684540679338,1.675218909788592,10.0,2.8053186182765533,3,7
2024-02-28 09:20:00,AVAXUSDT,0.9485469435631501,1.8385774290097912,0.9485469435631501,True,0.14700428491341996,14.536362226701804,61.111111111111114,3.6982181025617678,4.648765819085976,2.834350511373418,-0.7967605789860666,66.39141146850312,77.79672757285091,61.33906935676285,1.0527871624979133,0.12063197367695475,0.22325073992472735,0.4166666666666667,2295,0.4000152427233205,0.6079885877504876,53.94818993457055,24.864491822104743,0.972673709874039,1.3691295701392159,-0.5875881382207293,0.31829240072091936,1.0289263380262805,10.0,2.1276888235410185,0,9
2024-02-28 09:30:00,XRPUSDT,0.12128625871568041,1.0560381536365293,0.12128625871568041,True,0.14845416143618984,14.686707468996229,61.342592592592595,4.011807703120596,4.563359582277893,2.8810775581142645,-0.6228364408003229,68.64110255574798,77.79672757285091,58.189886196967606,1.0527871624979133,0.11894763983277164,0.22514474932921516,0.5833333333333334,2305,0.42237594746042445,0.536007382071504,56.71060170365325,15.732497704793806,4.429816758583871,1.154575219713938,-1.7901957503764554,0.7312964729427714,0.3536380051622446,10.0,3.5212370938970894,1,9
2024-02-28 12:35:00,1000PEPEUSDT,0.11000000000000001,2.6894639556376942,0.11000000000000001,True,0.1474686022689226,15.101909557084259,62.61574074074075,3.929079949482772,3.9410797382876783,0.20136469270803925,-0.2923358337948212,60.632293101117774,73.99799579615407,22.250854752376227,0.8458568641487342,0.10377932152794438,0.11605398656703107,1.0,2490,2.7321151465265094,0.8039952548681568,50.867148116253425,22.891199818492275,44.93303571428573,21.573547034152195,-11.040170987011566,0.07338087167998344,1.5303582037665855,5.0,36.773316058401036,0,12
2024-02-28 12:40:00,DOGEUSDT,0.11000000000000001,1.1474411047928568,0.11000000000000001,True,0.1475782548908719,15.110779718789956,62.731481481481474,3.967961041073753,3.4581615885924455,0.3247591735182853,-0.25625534914160975,61.57898168559589,73.99799579615407,21.17831036255071,0.8458568641487342,0.09265676375253627,0.11394286113919534,1.0833333333333333,2495,0.6865217723860897,0.19256030866765084,50.15979846662185,26.12897201167527,3.260983537800155,3.347675516843318,-2.4950495049505084,0.0925100010883003,1.6168404405220667,10.0,4.634076460588288,1,12
2024-02-28 12:45:00,XRPUSDT,-0.7899999999999999,0.0683060109289535,2.5150331861790325,True,0.14755729407047066,15.09963513892787,62.731481481481474,4.069535450268824,3.8345687419785834,0.2589743200659633,-0.20893117857322396,62.84117064505289,73.99799579615407,19.9583872926611,0.8458568641487342,0.1031538006256871,0.1112076086751947,1.1666666666666667,2500,0.4563631883312473,0.37648673907947416,51.96373402706672,21.882352909704352,4.5349044813426165,1.3501817552362905,-2.041157771457247,0.4131944443894747,2.0218611380015834,10.0,2.900426882332585,2,12
2024-02-28 13:05:00,SOLUSDT,-1.0117102490463148,0.0,0.11000000000000001,True,0.1538738414469543,15.884811890385508,62.731481481481474,4.548414750615004,5.166469669800455,0.8702331739758762,-0.3411833236248607,75.59590719937441,79.63941793817116,18.58605766768298,0.9617744233973703,0.1384335926286712,0.13998704395100692,0.0,2520,0.6144734993642098,1.1321401092576493,51.373303574275866,28.05237930954374,1.5152749490835005,2.872946421200373,-2.760701620524908,0.2437457456781863,1.5712944581633483,10.0,3.027540285580166,2,13
2024-02-28 13:05:00,ADAUSDT,-0.838233111348558,0.0,0.11000000000000001,True,0.1538738414469543,15.884811890385508,62.731481481481474,4.548414750615004,5.166469669800455,0.8702331739758762,-0.3411833236248607,75.59590719937441,79.63941793817116,18.58605766768298,0.9617744233973703,0.1384335926286712,0.13998704395100692,0.0,2520,0.49882207423237207,1.0201613899970208,50.185167055476995,26.567775704663767,1.2654172673394193,2.0500403551250823,-2.1967821782178154,0.23599930358108498,2.925794114916149,10.0,2.1129547323767595,3,13
2024-02-28 13:20:00,LINKUSDT,7.004560045480945,8.109085274520943,7.004560045480945,True,0.16411174545630172,17.124275216272377,63.07870370370371,5.177427522801659,6.159156178916758,1.7959735025272927,-0.08100914246036428,84.32237806991687,79.63941793817116,23.820832487419782,0.9617744233973703,0.16470096429796027,0.15070085649402654,0.0,2535,0.5072626145199994,0.7979163885505411,52.53255568552904,30.165851978189366,1.5047449273842606,2.0074819537383437,-1.5359576848743783,0.5326628886722029,1.8504383160608269,5.0,1.5981834469751544,1,13
2024-02-28 13:25:00,SUIUSDT,0.12691077001642923,1.8013133321284513,0.12691077001642923,True,0.16234318322733493,16.936639630636698,63.19444444444444,5.038654503197426,6.283169484514306,1.598348311714104,-1.2220459044284815,80.94201676278148,79.63941793817116,26.920184699741192,0.9617744233973703,0.16815768522313476,0.15060097117591265,0.0,2540,0.7922012810560111,1.0645253042807694,49.563483896737786,23.65110766578115,1.7221302935588767,2.767630487276329,-3.7294820486050706,0.03162455897250406,1.8803190433786745,5.0,1.3482638405534653,2,13
2024-02-28 14:40:00,DOGEUSDT,0.11000000000000001,1.4102951546287823,0.11000000000000001,True,0.15425569038982265,16.64314276722152,63.42592592592593,2.59184033910278,6.176632388170145,1.6399069255656817,-1.171331817363852,57.80008074515822,81.49072841577652,37.473073277457104,1.2029207967620825,0.16196348989082046,0.2463321438763109,1.25,2615,0.6587098340437411,0.9639628843652639,56.2815391450073,17.437110992756818,3.1379883624272686,0.9150061000406717,-1.7227722772277243,0.7489404569111539,1.525537823983009,5.0,5.0175091791936355,0,14
2024-02-28 15:10:00,SOLUSDT,3.41,4.22985050591802,3.41,True,0.16600721915337147,18.27838269271973,63.42592592592593,3.2997747778122477,7.4845157929264605,2.3530138855713867,-0.23477388767323415,69.56454185182409,81.06585859656516,38.59585623893219,1.3467211033312998,0.19316767093272294,0.29374729685228645,0.0,2645,0.6737422131631038,0.5320645777997753,49.572753365108866,14.739816039779784,2.4095944002125558,1.1932029078662643,-3.083245905334986,0.03632728896290068,0.4354247816319802,5.0,2.4169554574482666,1,15
2024-02-28 15:25:00,AVAXUSDT,2.2492207711648344,3.4349225507946057,2.2492207711648344,True,0.16456456456456495,18.21797946959578,63.541666666666664,3.426438857436609,6.788056345110305,1.2976151043391893,-0.4458196473158038,64.45310891011573,81.06585859656516,39.558296516575666,1.3467211033312998,0.1748337283082338,0.2783448194014812,0.16666666666666666,2660,0.5478508898148858,0.9624787468774554,50.98876504346864,16.628026042863944,0.9494313566206225,0.05787182648515632,-2.309241880803825,0.27501891979064164,2.345333302325888,10.0,1.5773048702890646,2,15
2024-02-28 16:00:00,1000PEPEUSDT,6.91,9.454191033138404,6.91,True,0.16738348959207772,18.77187295585521,64.35185185185185,3.242363143997218,7.6255788879371345,0.8422999022727806,-0.40236077698601047,61.681241184105964,81.06585859656516,34.04115050735763,1.3467211033312998,0.19496170916956407,0.27179953221396125,0.75,2695,2.3614789893631687,0.9275946557916547,50.37298081752362,27.442419908723235,42.75510204081632,-11.724889577238573,-15.662848687455478,0.2672566067036465,2.511866041428638,5.0,25.386341447678575,2,16
2024-02-28 16:05:00,LINKUSDT,0.9127691818679388,2.4229296796292488,0.9127691818679388,True,0.16367042622542877,18.360964676731694,64.4675925925926,3.040159063174608,8.346969562516637,0.5203179208359332,-0.6336531168311232,57.332634592374376,85.78249639199711,33.49813294853799,1.5389252248650171,0.21504702767705747,0.27783628190670845,0.8333333333333334,2700,0.710080248880655,0.4944845756275045,52.15704401186957,30.599403129589408,5.945138221795276,1.8573627501282886,-5.155033204338066,0.054263132507144,0.4811877181501678,10.0,3.6321243466607145,3,16
2024-02-29 06:05:00,SOLUSDT,-1.1651813612602968,0.13152091102288654,-1.8819689354338278,True,0.14022399240933459,22.45252306022789,65.50925925925925,1.2919896640826822,10.54578025338424,2.774186098330156,-1.725660964230169,74.53480939565713,69.837984749667,27.959959720405706,0.9061417162442345,0.1443866406070362,0.2416612384164088,12.833333333333334,3540,0.7167875741735311,0.8497819025323925,57.69697463784989,27.592363224513022,14.947455752212369,5.047007682976146,-1.1330119564872732,0.6938232694542881,2.2380504510993258,60.0,9.533452444722212,0,6
2024-02-29 06:05:00,XRPUSDT,0.702214280436846,1.7359372391921424,0.702214280436846,True,0.14022399240933459,22.45252306022789,65.50925925925925,1.2919896640826822,10.54578025338424,2.774186098330156,-1.725660964230169,74.53480939565713,69.837984749667,27.959959720405706,0.9061417162442345,0.1443866406070362,0.2416612384164088,12.833333333333334,3540,0.4718614793776482,0.5693894064152296,68.40372083525638,42.058350592579224,3.6505190311418634,4.6097433211105265,-1.3989466754443791,2.0674552537803432,1.9819704557213182,155.0,3.996759643260761,1,6
2024-02-29 06:05:00,DOGEUSDT,0.9523835647249886,3.6898645492760673,0.9523835647249886,True,0.14022399240933459,22.45252306022789,65.50925925925925,1.2919896640826822,10.54578025338424,2.774186098330156,-1.725660964230169,74.53480939565713,69.837984749667,27.959959720405706,0.9061417162442345,0.1443866406070362,0.2416612384164088,12.833333333333334,3540,1.3237404922755394,0.45922827773596414,60.61966545521538,46.33759493276478,35.082553370491134,11.705365683972534,-2.0213577421815287,0.8323679436163486,1.3669859839481893,195.0,21.75063116097298,2,6
2024-02-29 08:05:00,XRPUSDT,-0.7899999999999999,0.167897918065818,0.19061990668703863,True,0.1379111421918009,22.816462476383382,67.01388888888889,2.512445171338551,7.74872438081633,-0.21395655036208217,-1.9359253499222406,56.96791730254944,67.29787257731824,22.72536049905694,0.8102334800671835,0.10659965302102088,0.1886029398750086,14.833333333333334,3660,0.455727655790129,0.6393670975599727,50.96335215128517,30.698547349854525,1.6552901023890954,2.055850608189136,-2.264150943396237,0.12796257593164093,2.29510915880459,10.0,3.1331886940203946,0,8
2024-02-29 08:05:00,LINKUSDT,1.1314317770358533,2.046812749004001,1.1314317770358533,True,0.1379111421918009,22.816462476383382,67.01388888888889,2.512445171338551,7.74872438081633,-0.21395655036208217,-1.9359253499222406,56.96791730254944,67.29787257731824,22.72536049905694,0.8102334800671835,0.10659965302102088,0.1886029398750086,14.833333333333334,3660,0.41269048598407393,0.9006352723794935,58.240250879003874,20.224082243269613,4.665102945009125,1.8358859924941573,-4.0657398117624695,0.7788233350839823,0.746663780680942,40.0,3.6426171650905337,1,8
2024-02-29 11:20:00,SOLUSDT,-0.9923826814638338,0.6174593544324036,-1.5939711357730566,True,0.13524854374723272,23.015987662755965,67.36111111111111,1.561520423539653,6.140467596514854,0.6815698153722183,-1.9947122861586286,61.50190540348207,67.65427545712431,21.995258361533416,0.5857996104636849,0.08436952542286599,0.12582009794496796,18.083333333333332,3855,0.6015884543092226,0.6759863045169585,64.41441519330522,17.97285817150416,14.20414678641595,4.322362517625944,-2.2505986832721425,1.140282893675636,0.8094599511223438,50.0,11.669602982358684,0,11
2024-02-29 11:20:00,XRPUSDT,-0.7899999999999999,0.21645021645020357,-1.2112127163300586,True,0.13524854374723272,23.015987662755965,67.36111111111111,1.561520423539653,6.140467596514854,0.6815698153722183,-1.9947122861586286,61.50190540348207,67.65427545712431,21.995258361533416,0.5857996104636849,0.08436952542286599,0.12582009794496796,18.083333333333332,3855,0.4484850865320234,0.4700443718776659,56.9893888547399,20.346405768358064,1.831129196337744,0.83948959032909,-1.4602132895816244,0.6317652094060255,1.178442262178973,70.0,3.5587604839097287,1,11
2024-02-29 11:20:00,1000PEPEUSDT,-1.29,0.0,-2.09,True,0.13524854374723272,23.015987662755965,67.36111111111111,1.561520423539653,6.140467596514854,0.6815698153722183,-1.9947122861586286,61.50190540348207,67.65427545712431,21.995258361533416,0.5857996104636849,0.08436952542286599,0.12582009794496796,18.083333333333332,3855,1.1717651661465167,0.7480980702598876,57.410377424895294,26.112262637095625,-12.733221328145717,-6.731980846774189,-13.883071553228621,0.9634995419011607,2.587532252962632,20.0,6.278742484277489,2,11
2024-02-29 11:20:00,SUIUSDT,-1.1301263842011042,0.0,-1.8235439736685068,True,0.13524854374723272,23.015987662755965,67.36111111111111,1.561520423539653,6.140467596514854,0.6815698153722183,-1.9947122861586286,61.50190540348207,67.65427545712431,21.995258361533416,0.5857996104636849,0.08436952542286599,0.12582009794496796,18.083333333333332,3855,0.6934175894674027,0.3363493933615557,56.64030009835203,18.72163400277785,-1.405329756837137,5.273644231367913,-1.9314424917348139,0.4494495990001504,1.6816905924553427,15.0,3.89476829665778,3,11
2024-02-29 14:05:00,XRPUSDT,-0.8418304977874875,0.8120649651971901,0.11000000000000001,True,0.1317196584848102,23.055935844081475,67.12962962962963,0.21235362031997163,4.04563649206926,0.7588514060835605,-1.7276827371695225,61.8197532325712,65.15985969826542,15.872873687562485,0.4460827222215936,0.055980861244019194,0.18574967527392738,20.833333333333332,4020,0.501220331858325,0.7538159289850339,59.48428423307904,20.303682037618998,2.4444067221184973,1.3093839180795763,-0.9844134536505345,0.9413116274096843,1.7542133316960944,45.0,3.6304362653305944,0,14
2024-02-29 14:05:00,SUIUSDT,-0.9566759567274632,0.011836420666400116,-1.5344599278791053,True,0.1317196584848102,23.055935844081475,67.12962962962963,0.21235362031997163,4.04563649206926,0.7588514060835605,-1.7276827371695225,61.8197532325712,65.15985969826542,15.872873687562485,0.4460827222215936,0.055980861244019194,0.18574967527392738,20.833333333333332,4020,0.5777839711516422,0.8611116228601662,63.94222851450832,25.60496067955058,0.4398739820483888,5.074311299048562,-1.6816013033864707,1.2852590336245908,2.736502652986158,75.0,3.5189988312457787,1,14
2024-02-29 14:05:00,ADAUSDT,-0.9815629234289188,0.45819014891179677,-1.575938205714865,True,0.1317196584848102,23.055935844081475,67.12962962962963,0.21235362031997163,4.04563649206926,0.7588514060835605,-1.7276827371695225,61.8197532325712,65.15985969826542,15.872873687562485,0.4460827222215936,0.055980861244019194,0.18574967527392738,20.833333333333332,4020,0.5943752822859459,0.9745202372259482,59.85204596867695,11.725980831635304,8.953361410076432,1.1878893234825494,-1.7166174194456207,1.002388009041709,1.2056975651829127,40.0,7.713149857005619,2,14
2024-02-29 14:05:00,AVAXUSDT,-0.9783813077799434,0.5237165499023755,-1.5706355129665726,True,0.1317196584848102,23.055935844081475,67.12962962962963,0.21235362031997163,4.04563649206926,0.7588514060835605,-1.7276827371695225,61.8197532325712,65.15985969826542,15.872873687562485,0.4460827222215936,0.055980861244019194,0.18574967527392738,20.833333333333332,4020,0.592254205186629,1.0673213783870577,61.703388264425804,29.710354169881505,8.52755689607896,3.9986623351805806,-2.712727922774416,1.6786324718257266,2.113207583400959,40.0,6.8931801857097685,3,14
2024-02-29 15:20:00,1000PEPEUSDT,-1.29,0.8301660332066474,-2.09,True,0.11913211790675418,20.790940999818286,66.31944444444444,0.8916645896841047,3.5010686282222814,1.0751122009309055,-1.7902021772939314,55.355505864527885,62.99733151965178,11.927111951533732,0.41522765372436937,0.04944092248368827,0.23870788068772603,22.083333333333332,4095,1.2244262589568327,0.8970006816762424,59.286600804272844,17.941456559056,-0.2162413919292061,1.8783329370605673,-11.629003270380956,1.1613589875349284,0.5401783570364602,30.0,6.799791403373878,0,15
2024-02-29 15:20:00,LINKUSDT,-0.7899999999999999,0.024713325425063104,-1.2105209402690567,True,0.11913211790675418,20.790940999818286,66.31944444444444,0.8916645896841047,3.5010686282222814,1.0751122009309055,-1.7902021772939314,55.355505864527885,62.99733151965178,11.927111951533732,0.41522765372436937,0.04944092248368827,0.23870788068772603,22.083333333333332,4095,0.44820837610762265,0.6081279927700851,52.19029160299728,17.3923571293813,0.8826169342774692,-0.4477905717941044,-1.2688497389097608,0.2486508089067912,1.014256345093736,10.0,3.371890155503521,1,15
2024-03-25 22:15:00,AVAXUSDT,-0.7899999999999999,0.5175467253563548,-1.1384335919988688,True,0.1025481023374495,12.352541269294104,62.5,0.9492413955282331,5.376290974405018,-0.6626076772750733,-1.1602130052240645,50.93933982285836,69.09552193343502,30.499887436736795,0.7325799263935401,0.13077385178308043,0.17353870741878458,2.25,5,0.41937343679954747,0.6860939581888337,51.106665771194,29.00515869755526,5.3949729073413,-0.13050795068173526,-1.8413812891356796,0.20129764688886317,2.82885834170143,40.0,3.513736066947737,0,22
2024-04-08 11:55:00,SOLUSDT,-0.7899999999999999,0.4767867199588993,-1.09,True,0.10358121941909276,8.976764888094934,59.72222222222222,3.9355556702864503,4.478412365694484,0.28977404820158537,-0.3862351828638033,61.318748073291275,82.13517667643914,42.643517997278835,0.9698221989116799,0.1429715437613031,0.0995379399254014,2.5,10,0.29754926864754144,0.5589929699395447,51.45976217410541,18.099637849597496,1.1582050587122472,3.1772716759092656,-1.0324731194433001,0.07804445207727698,2.236703903698088,5.0,1.9585298724454026,0,11
2024-04-08 12:00:00,AVAXUSDT,-0.7899999999999999,0.24537449292569846,-1.09,True,0.1046499721449432,9.072211790760921,59.83796296296296,3.8090996829688084,4.479795235713824,0.6211137019764612,-0.35475907721406186,62.18305034195587,82.13517667643914,42.34814831414128,0.9698221989116799,0.14304647952139737,0.08844618514774888,2.5833333333333335,15,0.29667435998592767,0.8497314332510434,53.20880776575085,27.559180519840808,4.071503593714598,2.457321276509461,-0.6214355948869321,0.07085431742415121,0.5287654593260345,5.0,4.097146320790523,1,12
2024-04-08 12:05:00,BNBUSDT,-0.7899999999999999,0.15569804624064876,-1.09,True,0.10407621720374816,8.990169767647682,59.95370370370371,4.182218901862811,4.803785097620605,0.8489362617655205,-0.13593829033891058,67.60264654454016,77.2029016297657,42.539569232462156,0.8716411011554502,0.1525752980308416,0.09731280246816909,2.6666666666666665,20,0.20043424013843747,0.6636613076642925,56.00492706640475,23.691522341460587,1.9508781511887952,2.405321538171412,-0.6156201124754457,0.6096927296461502,1.468718006859421,10.0,2.0540504047029007,2,12
2024-04-08 12:10:00,LTCUSDT,-0.791148681887342,0.009524716639686126,-1.2585811364789035,True,0.10711691013914754,9.273848518784277,60.06944444444444,4.334221992890708,5.03881673881672,1.0238126299369155,-0.13513439355525847,71.40587935417835,77.2029016297657,43.393575324115524,0.8716411011554502,0.15916186933949414,0.10453909386632561,0.0,25,0.46743245459156135,1.0707316853859783,50.57312256490287,29.83526576545451,1.6950794265788494,4.1980944819372645,-1.1021100226073832,0.01810959730559764,1.5894236642240989,5.0,2.9247143112178575,3,12
2024-05-04 19:30:00,DOGEUSDT,0.3182184835401257,1.4331802953220008,0.3182184835401257,True,0.10265272315083636,11.292844425633719,56.82870370370371,0.045278747287991195,3.1343140861802787,0.17489535401749023,-1.4146083761051864,55.74824273749037,64.23176227360705,16.886589247615003,0.23090447860794278,0.10355832820155847,0.05263006972603448,8.5,5,0.5124809058909375,0.47590749320348213,53.63544606705433,24.325940957161112,15.21910072199586,-1.1468874578350219,-5.32745961820853,0.4758857250677495,2.01376960591337,140.0,9.300855169614719,0,19
2024-05-04 19:30:00,LTCUSDT,-0.7899999999999999,0.42579075425790425,-1.09,True,0.10265272315083636,11.292844425633719,56.82870370370371,0.045278747287991195,3.1343140861802787,0.17489535401749023,-1.4146083761051864,55.74824273749037,64.23176227360705,16.886589247615003,0.23090447860794278,0.10355832820155847,0.05263006972603448,8.5,5,0.1326180949369937,0.6026216861259489,56.63114329415799,16.588765664022027,1.0200319528081536,0.15840136468869837,-0.9399855386840184,0.8398611667192389,1.5154093742809447,140.0,0.9129538057427888,1,19
2024-05-04 19:45:00,LINKUSDT,-0.7899999999999999,0.4246136711680393,-1.09,True,0.10059664481043508,10.977397785052577,57.17592592592593,0.14487766322699436,3.091177607645279,0.33959733234250056,-1.263867608396252,63.229815570871544,64.23176227360705,15.182712925808806,0.23090447860794278,0.1021564581484611,0.060115459155860494,8.75,5,0.17787470684032758,0.911497847961409,50.1655048296413,16.780853529441007,2.5778349043130477,0.9486999297259269,-0.7667864050842854,0.030989273803945318,2.5608839732242537,10.0,2.7688242402391428,2,19
2024-05-04 19:45:00,BNBUSDT,-0.7899999999999999,0.5098832367387951,-1.09,True,0.10059664481043508,10.977397785052577,57.17592592592593,0.14487766322699436,3.091177607645279,0.33959733234250056,-1.263867608396252,63.229815570871544,64.23176227360705,15.182712925808806,0.23090447860794278,0.1021564581484611,0.060115459155860494,8.75,5,0.1332357667030201,0.5266420402344739,52.541635385736,15.86721566161466,1.5236484737632283,-0.3353999390181994,-0.800863246278094,0.42828337679248374,1.750039799353675,15.0,1.5376135835517335,3,19
2024-05-05 01:55:00,AVAXUSDT,0.4581450917880625,1.5424508126603786,0.4581450917880625,True,0.10406200611991007,10.840225162268858,57.52314814814815,-0.9379324162716807,0.7224014476676643,-0.9053585576895951,-1.954982268981642,42.17496711545074,51.76265541837697,36.147445305740945,0.05896655611034112,0.026754926289853896,0.12016714087295655,14.916666666666666,10,0.4971528604361581,0.5239203855144223,55.29147070362165,23.863465559637213,5.663201898090597,0.26534441168586387,-0.9111858660239003,0.7575820559321259,2.0991571453009428,20.0,4.941957586320744,0,1
2024-05-05 02:00:00,SOLUSDT,-0.7899999999999999,0.3034482758620616,-1.1150789443472242,True,0.10082680885529165,10.418580970929291,57.52314814814815,-1.0238529127685525,0.9912753101323446,-0.9591504801226169,-1.888829845742468,44.68915470404846,51.76265541837697,35.309364811177645,0.05896655611034112,0.03681853720946745,0.11790257794684067,15.0,15,0.41003157773888965,0.6227404845459674,49.882648152682265,31.906115095128254,1.603940831470596,-1.6248855117202199,-2.7367856184598915,0.3102530513771908,2.5639576021388457,5.0,1.3376500147465276,1,2
2024-05-05 02:00:00,DOGEUSDT,0.11000000000000001,1.0954913880445671,0.11000000000000001,True,0.10082680885529165,10.418580970929291,57.52314814814815,-1.0238529127685525,0.9912753101323446,-0.9591504801226169,-1.888829845742468,44.68915470404846,51.76265541837697,35.309364811177645,0.05896655611034112,0.03681853720946745,0.11790257794684067,15.0,15,0.7303955758639104,1.091982574155591,48.27850670913238,32.70969792573772,6.673871926506347,-2.156133828996276,-7.242290748898683,0.15749764437916386,2.5812189036791264,5.0,5.2174860259833755,2,2
2024-05-05 02:00:00,LINKUSDT,-0.7899999999999999,0.0,-1.09,True,0.10082680885529165,10.418580970929291,57.52314814814815,-1.0238529127685525,0.9912753101323446,-0.9591504801226169,-1.888829845742468,44.68915470404846,51.76265541837697,35.309364811177645,0.05896655611034112,0.03681853720946745,0.11790257794684067,15.0,15,0.3365967873213481,0.7889890745510819,49.66636701366917,22.145810547622,1.9641454181844153,-0.7370324016131247,-1.3815971262779891,0.07510973063234296,1.5196718610015263,25.0,1.6148495575297739,3,2
2024-05-05 07:20:00,LINKUSDT,1.3121856137672079,1.7441451578873446,1.3121856137672079,True,0.10030125214326227,10.162564346584757,57.06018518518518,0.6200077757793965,1.20896205719081,0.5699400836270074,-1.3667369503887916,73.0122315443094,58.15279263438489,17.823327475917907,0.024240074598215935,0.04555065076636496,0.07667166814037349,20.333333333333332,5,0.17097977206006837,0.7683224532763148,55.685217876594415,10.743909775031753,0.4095466741985687,-0.24552788495264544,-1.7684443216358092,0.636342804429493,1.6134445835378526,100.0,0.9975603603322059,0,7
2024-05-05 07:20:00,BNBUSDT,0.9658802413107085,1.3402944197192568,0.9658802413107085,True,0.10030125214326227,10.162564346584757,57.06018518518518,0.6200077757793965,1.20896205719081,0.5699400836270074,-1.3667369503887916,73.0122315443094,58.15279263438489,17.823327475917907,0.024240074598215935,0.04555065076636496,0.07667166814037349,20.333333333333332,5,0.1422070892042741,1.0573899602213053,63.188272189100005,16.688038503706174,0.07194491075406262,0.42114310270735533,-1.502250847229003,1.4910335636215664,1.70049590585323,105.0,0.5762457985167391,1,7
2024-05-05 08:05:00,DOGEUSDT,-0.8277871778590928,0.9494260006205346,-1.3196452964318215,True,0.10049978085747602,10.246835103204477,57.17592592592593,0.7175928123625441,1.0177814174348043,0.6718744316034142,-1.3896656591461554,58.1584235568289,57.00867653827517,33.33247620474331,0.09032598331190281,0.03793260500523487,0.07950600227883733,21.083333333333332,50,0.4918581185727286,0.3708751845283701,52.16652961100769,28.243481768578903,7.326007326007322,2.4540657384448883,-5.345080763582977,0.07190932010327523,0.4006136404455201,5.0,5.716250905301856,2,8
2024-05-05 09:30:00,XRPUSDT,0.7110909392908741,1.1146797657283214,0.7110909392908741,True,0.10185580095604992,10.35025553190161,56.59722222222222,1.0313598141076463,0.7874065617741399,0.051397880898362835,-1.3848630242037308,52.323969538584116,56.979231173978114,21.7613731405618,0.12581833215267477,0.029203638563131806,0.09142315736064555,22.5,10,0.1567944132187237,0.5354646178541557,52.516319266658805,20.044451084438695,-0.09437523593810448,0.5318138651472015,-2.126479289940819,0.13834340603283551,0.4521826453110993,15.0,0.3069686935635918,3,9
2024-05-05 13:45:00,DOGEUSDT,0.11000000000000001,1.0329164333271024,0.11000000000000001,True,0.10202290130159515,9.926083451954248,56.25,0.5345379258422822,0.7179458170110342,0.44489437088739425,-0.26328073942675223,61.449824685692384,63.20372435636958,20.651236126141203,0.177404012353407,0.029407789298885923,0.11137824795355068,0.4166666666666667,5,0.4412532460039426,0.5851470190578324,52.08586445459718,20.662307097482113,-1.4350545811357862,-0.4459861248761188,-3.5409914776137197,0.2690176987341189,0.8361754625326673,170.0,4.447241200577534,3,13
2024-05-06 09:10:00,SUIUSDT,-0.7899999999999999,0.843066654957414,-1.1117144809854094,True,0.11177353317153621,10.180708761734092,57.754629629629626,2.539849553213891,2.6717425214481727,1.7585664659889533,-0.3140458015267078,70.88138807427407,72.51272173506715,48.24412885043455,0.4041568079991843,0.11090803464774605,0.12646797204723947,0.75,60,0.4086857923941637,0.6233411131661023,52.793965749543155,29.6040707593972,6.173069750093263,3.480868853948915,-1.1803506335705483,0.08530791249539714,2.0181280530904173,15.0,3.0798502067408418,0,9
2024-05-06 09:45:00,XRPUSDT,-0.7899999999999999,0.07374631268435294,-1.09,True,0.10424809024693563,9.46360475078536,57.754629629629626,2.074211694600092,2.4151339593045273,1.2200388349514535,-0.518473282442744,59.001747413251806,72.51272173506715,39.04416220999732,0.4041568079991843,0.09802745738491354,0.13638886749161072,1.3333333333333333,95,0.303636465199207,0.5070707037394395,54.03727326778845,30.057305812845087,2.551984877126645,2.088821979676325,-0.91324200913242,0.1631602620955796,0.6132447400351315,5.0,2.223577192482784,1,9
2024-07-15 01:20:00,XRPUSDT,0.45518655961205445,1.200457317073167,0.45518655961205445,True,0.10929537675884188,8.887942475334842,62.96296296296296,2.750809601152615,3.619085416200707,0.8342661141985674,-0.27723515788484754,71.21745040485303,69.21609639216254,37.0247713061426,0.4862686143861519,0.12634811044378336,0.13667725337853515,0.08333333333333333,10,0.32763537873055626,0.8398029278958082,50.899480371936725,21.15391472446608,0.26748184944593856,-1.427498121712989,-2.742772424017781,0.2864142007508965,1.2213214711061993,5.0,1.7332472439673507,0,1
2024-07-15 03:25:00,XRPUSDT,0.3811446125542547,1.135933358576291,0.3811446125542547,True,0.11565858066011528,9.454727275917119,64.35185185185185,2.7358641256646665,4.928545840151899,1.6231862339473047,-0.44362103274337983,68.82068070698429,77.56735309389597,46.00057315429369,0.8645949451815845,0.162088611095747,0.14061653898288462,0.3333333333333333,65,0.33239437301101815,1.0750167588350654,54.77733860903865,17.936679519204194,1.4208909370199585,-0.24551463644947313,-2.1126760563380254,0.46041887349901256,1.091028370170021,15.0,2.2271465242481137,0,3
2024-07-15 03:30:00,SUIUSDT,-0.7899999999999999,0.3209876543209811,-1.09,True,0.11503942030355044,9.380910683012257,64.35185185185185,2.7868887532071396,5.149517322190378,1.9087338688491995,-0.3344711095791819,70.64456822391651,77.56735309389597,45.65800594559595,0.8645949451815845,0.16910573600552892,0.13806512277000266,0.4166666666666667,70,0.3587692117549919,0.4581994013331616,50.85084144215786,13.08495528997163,5.6635782330679785,1.035687546793107,-1.0751374465485686,0.0941293376690807,1.35399403979627,5.0,3.3350225422035695,1,3
2024-07-15 03:40:00,SOLUSDT,1.10446387352329,1.8350140519094005,1.10446387352329,True,0.12085490136995174,9.871887509955224,64.58333333333334,2.8644791743821507,5.248373145790386,2.032159947493972,-0.27335353564366116,70.33593515269186,77.56735309389597,45.044530995326035,0.8645949451815845,0.17137200989826823,0.1435521876273424,0.5833333333333334,80,0.3202750891930552,0.913106951480422,55.14846390882538,27.8654577797567,4.93137567826365,2.6256141589076742,-0.5098684210526394,0.23247679547668584,1.2069800415458247,15.0,4.799579160514389,2,3
2024-07-15 04:15:00,DOGEUSDT,0.85772952985161,1.6148223695393593,0.85772952985161,True,0.12342074292097703,10.1587552742616,65.39351851851852,3.0653987929869064,4.68296040617957,1.9860640221621484,-0.18908198862640502,67.00397214741199,76.75466113594072,46.70014111270759,0.9706236868046256,0.15324979224073873,0.15647004041341633,0.5,115,0.3335464198438747,0.6737363681779432,53.140574591783746,22.440146341519384,3.8763796909492276,2.5542672827129076,-0.9514187084280645,0.13661601060750436,2.2851932804460846,5.0,4.400382487308607,2,4
2024-07-15 04:55:00,BNBUSDT,1.1822488727661584,1.6893969540209053,1.1822488727661584,True,0.11966346524559003,9.803432991391215,65.85648148148148,2.86594467349206,4.420277641962356,0.1975930160316164,-0.39571116586760713,60.917462330065035,76.75466113594072,39.938637588402635,0.9706236868046256,0.14877532336967247,0.0923941181685877,0.5833333333333334,155,0.2085740406273734,0.5688005515840286,54.15013726970361,27.52106982421622,2.89973757188855,1.5278670461849275,-0.3335015863859314,0.1592329141615869,2.6698958556080377,5.0,2.785471985317578,3,4
2024-07-15 07:10:00,LINKUSDT,0.67661951383998,1.2908840380013054,0.67661951383998,True,0.11981567791697502,9.936540680395801,65.97222222222221,2.336696501220503,4.989365147735958,0.3059299040898633,-0.14957105498403234,57.46257676887581,77.79817168513789,33.0285987520486,0.8216876646616802,0.1692405271175594,0.10401265963608149,0.75,290,0.2621322620806627,0.8526317493833817,59.33591422069187,18.84522846530218,5.7280883367839985,1.0480029314767325,-0.2748444958773355,1.2420144515420515,0.3999701903086731,10.0,4.077401498232347,3,7
2024-07-15 08:05:00,ADAUSDT,-0.7899999999999999,0.2509124087591186,-1.09,True,0.12072178671794115,9.990784570538258,66.55092592592592,2.3111881742117646,4.688680658422517,0.21700372347797092,-0.27855374010318235,55.714955528093284,78.01204454041785,25.741409952225972,0.7534703734568632,0.1596642465668019,0.08622651195594003,0.4166666666666667,345,0.2985754230515928,0.27409516194313427,52.01938428936923,18.041970836342024,1.9534883720930374,0.5504587155963359,-0.7471134254018463,0.028638182125909205,0.4941169515395885,10.0,2.1132709018862217,3,8
2024-07-15 10:20:00,XRPUSDT,0.7577101218696289,1.4269620728501797,0.7577101218696289,True,0.12311852241953168,10.404631395258823,66.31944444444444,0.16837972420837843,4.376351238982212,-0.28502928938098915,-0.755385899884875,50.88496100687359,70.24657384750986,15.991904405990557,0.5352218998215338,0.14379702843153835,0.1244111792781689,1.5833333333333333,480,0.2896259754902754,0.5821583395796042,57.91104934935923,12.15490221599834,0.3202109625164651,0.9668246445497575,-0.37411148522259463,0.8420418893156169,1.5245988798210355,30.0,2.4199033745642806,1,10
2024-07-15 11:35:00,BNBUSDT,1.4587098240446454,2.0024919900320404,1.4587098240446454,True,0.1102311546108475,9.287109357924583,64.81481481481481,-0.3372452721880248,4.079763540235626,-0.5695150372650559,-1.1649419980012343,45.858714154687284,68.20798835828826,25.77646244122379,0.4188114226207979,0.13122094393384298,0.09543932356375767,2.8333333333333335,555,0.22689108299369748,0.955423357194115,58.31222197094667,15.522996962340885,4.587087646138954,1.1996973736354777,-0.2609760860688537,1.0929400447721358,1.385852010291811,20.0,3.454267812509859,1,11
2024-07-15 11:45:00,SOLUSDT,0.6067349926092027,1.211973588060622,0.6067349926092027,True,0.1119067409192916,9.425449097604343,64.58333333333334,-0.6480216113141646,4.116382432727228,-0.3763639608403091,-1.1337904337815785,47.328135059839425,68.20798835828826,26.099370556672636,0.4188114226207979,0.13217514985268658,0.08984995411815458,3.0,565,0.25761929772570963,0.6646346290414971,50.4224365087991,45.72636437349244,4.677733903923165,-0.0710484247643084,-1.3629870129870048,0.3403111516814105,2.175816421548307,15.0,3.716948166735201,2,11
2024-07-15 11:45:00,AVAXUSDT,1.050601184084696,1.758578202591199,1.050601184084696,True,0.1119067409192916,9.425449097604343,64.58333333333334,-0.6480216113141646,4.116382432727228,-0.3763639608403091,-1.1337904337815785,47.328135059839425,68.20798835828826,26.099370556672636,0.4188114226207979,0.13217514985268658,0.08984995411815458,3.0,565,0.30898850925325133,0.3470196271126825,47.66053561839169,33.76543631665328,3.409134782440826,-0.09325226603007497,-1.943986820428345,0.023473867402832686,2.465555242994368,15.0,1.980636318699025,3,11
2024-07-15 13:50:00,DOGEUSDT,-0.7899999999999999,0.050981391791982134,0.8096561488416985,True,0.10622718259966683,8.81228174256563,64.4675925925926,0.15570025313231817,5.427494591274651,0.7336764201970825,-0.5192981568394206,60.03728645467558,72.7900089510419,15.734750754620167,0.3939378479235745,0.16495449197561357,0.12835442515966533,5.083333333333333,690,0.4083586874110758,0.3818990397931901,52.4836902817724,19.94483723668165,5.155468191565404,-0.7923796678748984,-1.629889669007012,0.32598834279508304,1.1812100426980607,5.0,3.0340750908244063,3,13
2024-07-15 14:30:00,SOLUSDT,0.44099816639477163,1.2344708287466588,0.44099816639477163,True,0.10649873552508989,8.85534834818218,64.35185185185185,0.05197463891930543,5.421111687963687,0.33232652475712054,-0.460473883287571,58.76955484768762,75.44750856639033,12.80912211173403,0.4714896164127776,0.16562627916496075,0.13630325745548622,5.75,730,0.3517363311759436,0.6269448132119338,52.627743137381664,15.88327907290515,6.025510983895854,-0.4948816587337923,-0.9019480519480538,0.3030106420148338,0.9536912742630936,5.0,3.685422715201314,2,14
2024-07-15 14:30:00,BNBUSDT,0.7461980506504075,1.377738825591579,0.7461980506504075,True,0.10649873552508989,8.85534834818218,64.35185185185185,0.05197463891930543,5.421111687963687,0.33232652475712054,-0.460473883287571,58.76955484768762,75.44750856639033,12.80912211173403,0.4714896164127776,0.16562627916496075,0.13630325745548622,5.75,730,0.2707703874705858,0.8262980064635171,55.020099304197046,28.45927556931699,7.042200664252363,1.604773354706568,-0.7377762310770808,0.2250128381010517,0.4894699316423153,5.0,4.43245080672956,3,14
2024-07-15 15:15:00,LINKUSDT,0.9085818464535262,1.6347400259253853,0.9085818464535262,True,0.10711046504404434,8.94487916648654,64.23611111111111,0.4592415179845766,5.177214978547218,0.3758512017997484,-0.47346121156781606,54.963063283559,70.6672323507037,13.230277254851725,0.4876122023859545,0.15927826314735158,0.1498403136859709,0.25,775,0.3180790897359295,0.9482288420306128,53.161244372293844,16.401111524125902,5.149564558879205,0.4194691545526874,-0.5870981599484515,0.17141357844932087,0.3266682082617751,5.0,3.5685161159318746,1,15
2024-07-15 15:20:00,SUIUSDT,0.4577230370203935,1.4068725099601664,0.4577230370203935,True,0.1061887468285159,8.848845183210896,64.23611111111111,0.4224701195219005,5.283110286869497,0.28008039580451616,-0.4497644542320933,55.57883499286462,70.6672323507037,12.562503784896654,0.4876122023859545,0.1626703431813851,0.14586006123728695,0.3333333333333333,780,0.4295747364698865,0.6932842762012555,50.5265131206386,18.246178387915478,1.0694514343231099,0.727272727272732,-1.676866585067316,0.08311995605077797,1.0186382057914305,5.0,1.5482776899550688,2,15
2024-07-15 15:20:00,AVAXUSDT,-0.7899999999999999,0.022222222222212373,0.45089381128585704,True,0.1061887468285159,8.848845183210896,64.23611111111111,0.4224701195219005,5.283110286869497,0.28008039580451616,-0.4497644542320933,55.57883499286462,70.6672323507037,12.562503784896654,0.4876122023859545,0.1626703431813851,0.14586006123728695,0.3333333333333333,780,0.40733087213484864,0.599183181101547,53.37682828817383,15.121756263595904,4.789257160599236,0.278551532033422,-1.1532125205930832,0.2619631818203975,0.4273821021189339,10.0,2.410604861795518,3,15
2024-07-15 16:10:00,LTCUSDT,0.9085871504979993,1.4929617517417837,0.9085871504979993,True,0.10419803901884013,8.588825906464216,63.77314814814815,0.5103099199269767,4.866427146771968,0.1454780185098814,-0.49320850934758687,53.086998858838314,74.1393145054752,11.868348208421127,0.5160979603778664,0.15086140157106392,0.10058823198315636,1.1666666666666667,20,0.24718730062189223,0.3887327421479781,51.45750356056612,15.632362699886958,1.3108614232209659,0.25659301496792075,-0.9854990848937151,0.12189774396516924,0.6513777403332507,10.0,0.5481287913012167,3,16
2024-07-15 18:15:00,DOGEUSDT,0.7304878376831206,1.7160946351216344,0.7304878376831206,True,0.10524076804572922,8.751680802869943,63.541666666666664,1.2426858513189476,5.689766531315255,0.41369096698082863,-0.5819648968570346,53.418781899978896,70.84935202704004,15.247273938965678,0.4752096992624774,0.16498257839721212,0.14418085464421626,0.8333333333333334,145,0.4478033987192569,0.2721332282210129,53.054080721259695,16.781985535420358,6.787652344097506,2.2835719154737477,-0.9897723523589641,0.12549855971907983,0.3616240596064854,20.0,4.171466185214601,2,18
2024-07-15 18:20:00,ADAUSDT,1.239133052364376,2.020665901262908,1.239133052364376,True,0.10893769880556481,9.06816738955769,63.541666666666664,1.3117478784779424,5.829187673199554,0.3782762699331421,-0.47756601463153636,56.0920211628359,70.84935202704004,14.596184883426698,0.4752096992624774,0.16856872513806767,0.14270925942213342,0.9166666666666666,150,0.34576642444926603,1.114802376413812,49.39727141057083,17.363001448763846,1.090740310977023,-0.29755092698559027,-1.7369727047146455,0.05557328892381047,1.2540105636979464,5.0,0.9347416227319272,3,18
2024-07-15 20:15:00,SOLUSDT,1.594517112289745,2.5050080961554366,1.594517112289745,True,0.12515169933958345,10.668888152270629,64.4675925925926,1.0391530042894503,5.77478151976536,0.16896346441424015,-0.5373410477131246,51.63136627287549,71.18907719198414,15.044470195094581,0.4787889050735211,0.15220582418451717,0.167881221188608,0.8333333333333334,265,0.4102454919328457,0.8039359401320548,60.623429613563104,15.519798494609487,7.463169044114615,2.664432617123347,-0.4580668178690628,1.215977225446637,0.6695028190123752,25.0,4.9986326972838,1,20
2024-07-15 20:15:00,BNBUSDT,0.6931996305042473,1.2723967800571279,0.6931996305042473,True,0.12515169933958345,10.668888152270629,64.4675925925926,1.0391530042894503,5.77478151976536,0.16896346441424015,-0.5373410477131246,51.63136627287549,71.18907719198414,15.044470195094581,0.4787889050735211,0.15220582418451717,0.167881221188608,0.8333333333333334,265,0.24459857477644031,0.4996689911719274,53.2085382149149,10.747935347464617,7.481765406370933,1.2302192313758509,-0.3347193705895646,0.37555456622019906,0.5368444941263559,10.0,4.516350252131063,2,20
2024-07-15 20:20:00,SUIUSDT,0.45600732523977394,1.4343508642883362,0.45600732523977394,True,0.1303042807899268,11.110391451848356,64.58333333333334,1.1259280502182722,5.8479902744726475,0.12446012070579382,-0.4771312542139028,52.88640061751712,71.18907719198414,14.410662002817968,0.4787889050735211,0.15389746605461038,0.16602809909326416,0.9166666666666666,270,0.44417176952428117,0.5371764014462904,51.57864408629432,18.816351552352053,2.979421790178005,1.822494070652847,-1.007281553398054,0.0942913045559849,0.8563228698919069,10.0,2.5433298902937995,3,20
2024-07-15 21:00:00,XRPUSDT,-0.7899999999999999,0.0187125748502881,0.6972635293585802,True,0.12541993511449592,10.586719410693156,65.50925925925925,0.7800297199394235,6.108820074479526,0.5147048378466801,-0.14770214967777529,58.424267538447374,71.18907719198414,16.1684864488469,0.4787889050735211,0.1613283639227831,0.1653703996028391,1.5833333333333333,310,0.28937721735663635,0.33325272966897723,51.75795396412835,13.591195825844387,1.0592018157745464,1.0783200908059065,-1.0921880784894533,0.07105301493353283,0.32542611395045234,10.0,1.9984720266860379,3,21
2024-07-15 22:05:00,LTCUSDT,0.47472563724213634,1.0582010582010692,0.47472563724213634,True,0.1236442075259569,10.555941264276036,65.85648148148148,1.1598433425341392,4.4195226869596205,0.7585081039353847,-0.1274754221741392,57.657781956911755,73.75626645872723,10.874871793528333,0.5480427732776726,0.12450411257510399,0.10457735824347901,2.6666666666666665,375,0.24673771047946644,0.5567858181338795,53.43427802405108,29.33346863209678,2.512491077801582,2.2060916595502356,-0.5677097756853988,0.13017879317333575,1.3357592035613848,5.0,2.1950577347845,3,22
2024-07-15 23:10:00,XRPUSDT,0.7292332104321606,1.384989706157591,0.7292332104321606,True,0.13514674985675174,11.77067900432338,65.85648148148148,1.4490177883329958,5.863478730405713,1.2362943501175616,-0.4236091063607672,68.8551314941964,76.11269294348992,44.55248967526415,0.6448743664194156,0.16023070782092286,0.15166209927678964,0.5,440,0.28287824786271526,0.7079654609899504,50.72805086469377,18.75602037731376,1.366223908918407,0.0187230855644982,-1.1106997408367292,0.03415371735073569,0.704959114744733,10.0,1.741323789020477,2,23
2024-07-15 23:15:00,LINKUSDT,-0.7899999999999999,0.7098615074117909,-1.09,True,0.13390655069507254,11.633453447840193,65.85648148148148,1.6197770029792835,5.687651875265254,1.430090076489532,-0.42746851877294434,68.72201411157366,76.11269294348992,46.09444159437468,0.6448743664194156,0.15635515155337087,0.1437014349811726,0.5833333333333334,445,0.35439318689650784,0.6665607112365869,53.17686780840815,29.97544618931811,6.872954477833981,3.0185703018570376,-0.9240104813129202,0.002006543427035494,0.5307095470100118,5.0,5.483309285275206,3,23
2024-07-16 00:40:00,DOGEUSDT,-1.1804429655280708,0.8768433638899786,-1.907404942546785,True,0.1332925740649947,11.805156700873987,65.85648148148148,1.7204636170186083,5.982781239750734,0.3794420974155166,-0.4740044443691471,57.43398339723001,74.18233540753172,50.945257301301666,0.746891933319465,0.16195879446508663,0.14062975734128041,0.5833333333333334,530,0.7269619770187139,0.6440195793954493,55.57752195783537,36.76229055071692,8.27723114103227,3.909550236063941,-1.8388106416275307,0.5446760726586655,0.7097918633178842,5.0,7.267766207130144,0,0
2024-07-16 00:40:00,ADAUSDT,0.6871025720979895,1.6489722159475972,0.6871025720979895,True,0.1332925740649947,11.805156700873987,65.85648148148148,1.7204636170186083,5.982781239750734,0.3794420974155166,-0.4740044443691471,57.43398339723001,74.18233540753172,50.945257301301666,0.746891933319465,0.16195879446508663,0.14062975734128041,0.5833333333333334,530,0.4359348219248039,0.598443576773677,52.823982160165336,27.254984142880858,2.0046082949308763,1.6532721010332985,-0.8066323101053041,0.2245723087368347,1.6026710257491192,5.0,2.16025156353723,1,0
2024-07-16 00:40:00,AVAXUSDT,-0.7997810755190934,0.025136455041652184,-1.272968459198489,True,0.1332925740649947,11.805156700873987,65.85648148148148,1.7204636170186083,5.982781239750734,0.3794420974155166,-0.4740044443691471,57.43398339723001,74.18233540753172,50.945257301301666,0.746891933319465,0.16195879446508663,0.14062975734128041,0.5833333333333334,530,0.4731873836793956,1.0214119765380267,58.503308110011645,26.396355556797385,4.770145211045063,2.976520613791833,-0.560574142178738,0.9219929708120932,0.661270558752867,5.0,4.445290606228114,2,0
2024-07-16 00:40:00,LTCUSDT,0.739070253672164,1.5376090871311865,0.739070253672164,True,0.1332925740649947,11.805156700873987,65.85648148148148,1.7204636170186083,5.982781239750734,0.3794420974155166,-0.4740044443691471,57.43398339723001,74.18233540753172,50.945257301301666,0.746891933319465,0.16195879446508663,0.14062975734128041,0.5833333333333334,530,0.3542694167295113,0.5908012353506368,52.006598146588466,24.189410362296645,3.0255458826887516,1.819464033850493,-0.537338109672092,0.16464174279541638,0.9090150880417698,5.0,2.493483483463521,3,0
2024-07-16 01:10:00,SUIUSDT,1.2300500677140382,2.466500652199688,1.2300500677140382,True,0.13103141775596355,11.608212885734503,65.85648148148148,1.7014975633321106,5.176891781936521,0.1998378352399799,-0.4695385155560672,56.695504943785224,75.7164345799656,44.72490534901662,0.7503122754111605,0.14318378222670242,0.11170896443024232,1.0833333333333333,560,0.5732252922428248,0.39428360193880196,52.23450913497761,27.673203523662384,4.021712311867742,2.79166158722417,-1.2183692596063778,0.07473590910001424,0.6525155737336893,5.0,4.88001548718604,3,1
2024-07-16 02:40:00,LINKUSDT,-0.7899999999999999,0.1801302480255007,-1.09,True,0.13041298465707074,11.774462174246558,65.74074074074075,1.7029511217029336,3.939978150504464,0.10537179532805752,-0.3691321160340655,54.59360738486293,75.12822096547096,25.749998565058004,0.6925628241976267,0.11489341766221553,0.104166279612652,2.5833333333333335,650,0.30465160751915027,0.4294241154302183,55.70397217514434,13.959941142322284,5.10449282749581,1.0289073983341446,-0.4689008412632867,0.7153117147145448,1.1593798131703361,10.0,5.285185618623123,2,2
2024-07-16 02:40:00,AVAXUSDT,-0.7899999999999999,0.7205334098078664,-1.09,True,0.13041298465707074,11.774462174246558,65.74074074074075,1.7029511217029336,3.939978150504464,0.10537179532805752,-0.3691321160340655,54.59360738486293,75.12822096547096,25.749998565058004,0.6925628241976267,0.11489341766221553,0.104166279612652,2.5833333333333335,650,0.38021942863226776,0.9229367160643612,58.01212491422039,9.469277089537064,3.4641347081077134,2.4270240499357554,-0.39632948905631293,1.0200227369690253,0.5497461116947686,25.0,4.2535854626591485,3,2
2024-07-16 03:40:00,SOLUSDT,0.3851673120346234,1.056981490089215,0.3851673120346234,True,0.1304097127780843,11.891666580188097,65.85648148148148,1.8309431277457433,3.5178926886716866,-0.0335316387236273,-0.3739060399377214,51.79396179805328,73.85103072284753,22.41511375784354,0.6469347122956692,0.10312349020361977,0.09964268970532413,3.5833333333333335,710,0.2909070890272958,0.992441525598896,51.395982880337804,27.93618005344359,3.8512150768722275,0.16646682144041414,-1.9430448111587673,0.5233527681341634,1.8616028953416959,5.0,4.009963215180501,3,3
2024-07-16 06:25:00,SOLUSDT,-0.7899999999999999,0.009566753617828994,-1.2004155501621985,True,0.10487916766060505,9.832765908398855,64.4675925925926,-1.0906662824546776,1.5731470418376192,-1.0664493064670433,-1.7619959131419671,42.36415759533261,45.16816061553268,41.31923509764739,0.0013345278822350574,0.044875285916566476,0.1414733100367253,2.3333333333333335,875,0.4441662200648793,0.43974827430020497,50.595783780027794,22.32130487682541,2.802947848778503,-1.2918253643488864,-2.1028839730021676,0.29976026873062556,2.646199289718449,10.0,3.4690431355212548,0,6
2024-07-17 01:15:00,XRPUSDT,2.816078227106195,3.652263374485587,2.816078227106195,True,0.10121696748153218,11.184284711691706,63.657407407407405,1.9089798411728864,2.065955458049751,1.5978789272219185,-0.05642965204236683,77.34023013792874,67.46808591831814,45.66655660032127,0.5047985408457211,0.05021140458256042,0.16976874699803401,0.0,5,0.3730925736896962,0.9873177667413346,59.04304954098077,19.506442445585133,6.344576116681866,0.6731101139109352,-1.9004372687520976,1.077601714407495,3.427768222077541,300.0,5.542675936198016,0,1
2024-07-17 01:15:00,AVAXUSDT,-0.7914013381865034,0.0,-1.2590022303108392,True,0.10121696748153218,11.184284711691706,63.657407407407405,1.9089798411728864,2.065955458049751,1.5978789272219185,-0.05642965204236683,77.34023013792874,67.46808591831814,45.66655660032127,0.5047985408457211,0.05021140458256042,0.16976874699803401,0.0,5,0.46760089212433564,1.1569639849902627,74.84326752331866,36.9869147061903,3.7440656020716556,0.3758221108675297,-1.3542628501077236,3.222006219424966,4.259474487149556,300.0,5.009417398060645,1,1
2024-10-29 03:05:00,DOGEUSDT,0.11000000000000001,1.215932914046114,0.11000000000000001,True,0.11916333242558239,6.8176881163867,61.68981481481482,2.248146501656323,5.037477239648092,2.0242967117877653,-0.4277514768109336,70.6074744248525,80.83762072424356,53.27209559180571,0.659359437267137,0.16782904455972866,0.1547422163863073,0.75,65,0.7867477680420281,0.46166113888429644,52.825954197168095,25.052194991461704,14.435533621221474,5.264817150063039,-1.3064554268148565,0.05654751921586046,0.8719222324660949,10.0,12.079783399807088,0,3
2024-10-29 04:10:00,XRPUSDT,0.7720617669703157,1.2218403970981173,0.7720617669703157,True,0.10729058877805614,6.148824772759531,60.995370370370374,1.4981738818686585,4.855681192738381,0.05660329538190734,-0.762774589076487,56.479011398034366,81.73251418243954,33.89664542644334,0.7023343435412953,0.15908706351009766,0.11626254250792362,1.8333333333333333,130,0.17988931506390085,0.44318207332637316,55.741654497906744,20.96525871315736,1.9657454262358875,0.7306287252451416,-0.49382716049382047,0.3834334838802763,0.47938533399623534,25.0,1.2582871419932085,0,4
2024-10-29 04:10:00,BNBUSDT,-0.7899999999999999,0.895709157967528,-1.09,True,0.10729058877805614,6.148824772759531,60.995370370370374,1.4981738818686585,4.855681192738381,0.05660329538190734,-0.762774589076487,56.479011398034366,81.73251418243954,33.89664542644334,0.7023343435412953,0.15908706351009766,0.11626254250792362,1.8333333333333333,130,0.18047004801996436,0.7519244331013146,55.789910065521234,27.091727182670045,3.331235006890454,0.6796518856195588,-0.5762273478808866,0.5515771877086422,1.043456458246429,15.0,2.3432555002510513,1,4
2024-10-29 04:25:00,SUIUSDT,-0.8619898444658036,0.0,-1.3766497407763396,True,0.10836242380034426,6.215102058502264,60.995370370370374,1.714876860823833,5.083675916029917,-0.377262770807274,-0.7263256385549033,57.1993713533299,81.73251418243954,31.2266192102335,0.7023343435412953,0.1666279047231441,0.07851193174798857,2.0833333333333335,145,0.5146598963105358,0.28716177970523765,54.58185218619998,18.247049319639636,12.34067897558071,8.315148730906174,-1.8064448956218393,0.3334519887757285,2.4473196164172846,15.0,7.031263243994856,2,4
2024-10-29 05:55:00,DOGEUSDT,-0.8066085131985635,0.6548232583520219,0.6764646247350339,True,0.1014370837714691,5.8221566523604995,59.72222222222222,1.531169573920499,4.600846989504692,0.11758485777730865,-0.8324605136369456,53.08762159311739,80.18918845055939,16.130260198606162,0.6113250922749311,0.1506138548929982,0.057113552961763715,3.5833333333333335,15,0.47773900879904235,0.2893138546991229,48.17817849961763,22.636252695207656,15.20676166526962,2.187112763320953,-2.5005911563017347,0.041631337630085155,1.7187373743586893,10.0,9.805469861996796,2,5
2024-10-29 06:05:00,SOLUSDT,-0.7899999999999999,0.0,-1.09,True,0.10701653538821715,6.164672681684813,59.72222222222222,2.0074352639031456,4.888982547558385,0.2701998323577648,-0.6014775091820579,63.814938209492716,81.73851549967911,18.54828726004408,0.5928988348986406,0.15921066523337543,0.0613608013788435,3.75,25,0.23614513766793432,1.1758279408060917,50.375807378535384,16.2401909441737,3.944648598989442,1.8854119765871147,-0.9736885290739017,0.05473240769796321,0.9776011290296567,10.0,2.6943296336051414,3,6
2024-10-29 08:10:00,SOLUSDT,-0.7899999999999999,0.8990510017204079,-1.09,True,0.10111855323121884,5.843157126037646,59.49074074074075,-0.001267237956326106,3.6585704047838785,-0.2113246995578355,-0.8201712123116489,49.397885779257564,76.28920153921388,16.80723831808216,0.4913913894223741,0.12425642449238641,0.04946231821996577,5.833333333333333,60,0.19187375663323017,0.7610311440256937,48.82137582956707,20.35808199293006,1.7965086718264578,-0.48050370043080104,-1.4331819922323796,0.1210931613469755,1.7975135338537673,5.0,2.027880703791096,2,8
2024-10-29 08:10:00,DOGEUSDT,-0.7899999999999999,0.34551736679395706,0.776327033004578,True,0.10111855323121884,5.843157126037646,59.49074074074075,-0.001267237956326106,3.6585704047838785,-0.2113246995578355,-0.8201712123116489,49.397885779257564,76.28920153921388,16.80723831808216,0.4913913894223741,0.12425642449238641,0.04946231821996577,5.833333333333333,60,0.41547563000919835,1.0378876586369186,53.318466937670614,15.468644520013372,14.452230625130081,-2.0311200855208544,-2.48285646724995,0.5578905722889425,0.9063847470459107,25.0,8.624277476462549,3,8
2024-10-29 10:40:00,ADAUSDT,1.1613530072962341,1.6138328530259427,1.1613530072962341,True,0.10925895531574453,6.358701573556247,60.06944444444444,0.36859258758474844,3.704528355155068,0.07597524976337144,-0.48249472816903616,57.40338478944697,73.72226438038865,11.825931281454533,0.42681300954624063,0.12794660179535547,0.05827668178204579,8.333333333333334,210,0.18123992286485424,0.7035249253076411,55.948063537358784,16.365551239954147,2.17839269944069,-0.2872737719046281,-1.1392765593847942,0.6969256700156791,0.7850408318706655,15.0,1.8073607535558756,3,10
2024-10-29 13:20:00,DOGEUSDT,0.11000000000000001,1.0070734923870228,0.11000000000000001,True,0.10618214455091145,6.212230832916887,60.64814814814815,0.2816905375923051,3.1957388216537375,-0.10662790648732212,-0.5685198374460687,47.544249382719876,74.0257667889872,17.331665575584005,0.41319482198062174,0.11373847733122969,0.06282040539451425,11.0,370,0.40358082851814653,0.9488363036586406,58.58294345110636,17.122109699775766,12.352663837812372,1.244234037387737,-1.3892173090565119,0.9654177919538204,1.449808225805601,30.0,8.006445455590839,3,13
2024-10-29 13:50:00,SOLUSDT,-0.7899999999999999,0.5398486197684793,0.6854801836076222,True,0.11859783841733333,7.113738462550789,60.763888888888886,0.9210622720945194,3.8608829308257375,0.23384038399643092,-0.14791125882098743,64.4479409937235,74.0257667889872,16.540076107336787,0.41319482198062174,0.13504219751684,0.11025841102429758,0.0,20,0.29681021986136635,0.9576301882262895,49.792627831669094,25.25390576986226,2.1838034576888044,-0.199955565429899,-1.7121601662928754,0.25299539735962234,0.6201527651135962,5.0,1.3523297690752223,3,13
2024-10-29 14:30:00,LINKUSDT,1.4989221629991865,2.247778358599062,1.4989221629991865,True,0.12131227692759046,7.431290068002339,61.68981481481482,0.8817015292670094,4.364151086127932,0.7070882898767117,-0.3334282677706857,60.88850212110629,74.55783354588391,16.09374349601203,0.4282593049459404,0.15104552160274795,0.14656137420372511,0.5,60,0.32942809779993765,0.9280008975188515,50.73066089836149,25.510808873354687,4.9264235444657745,-0.5371686016288235,-0.8549961136540274,0.19830639851047882,1.1666687325519092,5.0,2.2765175260524906,2,14
2024-10-29 15:00:00,SUIUSDT,0.11000000000000001,1.317509805893602,0.11000000000000001,True,0.11983454968868523,7.360272423141612,62.38425925925925,0.8877303684207583,4.445550664896736,0.9048965661741626,-0.3096715036920106,57.923569565029226,74.55783354588391,13.251244189180783,0.4282593049459404,0.15558204454225177,0.1481741373362382,1.0,90,0.6307859861515722,0.5080622099911581,54.95581578429789,17.587925656296104,19.738664418618647,6.473548939815799,-1.5545324025941776,0.40905335393706876,0.6085250049572085,10.0,9.633573871012135,3,15
2024-10-29 15:40:00,XRPUSDT,0.5275140684551979,1.0089472682276668,0.5275140684551979,True,0.12502966850391675,7.788032196884864,62.61574074074075,1.367044591157618,5.26514593563463,0.9534745805383382,-0.12039006380673012,67.17136492385931,78.42034649682245,11.28183473223293,0.5601952803354302,0.17870154041104166,0.14633229548236815,0.0,130,0.19571659988623444,1.079604039504019,52.56128382496712,16.335290538241356,2.0792848814613407,0.2672265699560805,-0.9241795548849518,0.35278400487036626,1.083445368781927,5.0,1.0155359473443148,3,15
2024-10-29 18:00:00,SOLUSDT,-0.7899999999999999,0.3526170798898054,-1.09,True,0.13366794469617765,8.58400608837091,63.07870370370371,1.8732307209838206,5.54184084032685,0.49942130109192906,-0.28312229348244067,58.58648944590779,80.04200470107266,35.537973286980666,0.6863137924239682,0.19311990133740375,0.1091095363557217,0.5,270,0.3703666829476988,0.6547776082459877,52.7996438969502,22.754422195774172,3.791387888145481,0.45940111806055395,-1.0035998690956727,0.21224553858108655,1.400216060396596,5.0,2.07893895742588,1,18
2024-10-29 18:00:00,XRPUSDT,-0.7899999999999999,0.3401360544217802,-1.09,True,0.13366794469617765,8.58400608837091,63.07870370370371,1.8732307209838206,5.54184084032685,0.49942130109192906,-0.28312229348244067,58.58648944590779,80.04200470107266,35.537973286980666,0.6863137924239682,0.19311990133740375,0.1091095363557217,0.5,270,0.180685614754477,0.6239171255672656,57.7441394578874,28.829452455739823,3.177387914230012,0.7614696363982487,-0.24500565397662655,0.5269452876778461,0.4001413140446143,15.0,1.643159674208916,2,18
2024-10-29 18:00:00,DOGEUSDT,-1.238194257869638,0.0,-2.003657096449397,True,0.13366794469617765,8.58400608837091,63.07870370370371,1.8732307209838206,5.54184084032685,0.49942130109192906,-0.28312229348244067,58.58648944590779,80.04200470107266,35.537973286980666,0.6863137924239682,0.19311990133740375,0.1091095363557217,0.5,270,0.7654628385797587,0.3743284386014214,54.18096905939762,31.443562710416508,17.26312993825112,6.161336859822053,-1.7414042505841887,0.033918506212121134,0.4168471381010646,15.0,12.236977005744642,3,18
2024-10-29 18:20:00,AVAXUSDT,-0.7899999999999999,0.6747988580326991,-1.09,True,0.1367259548989262,8.797674071865224,63.07870370370371,2.445790659637659,5.956731907132884,0.4879069850708406,-0.023702558917282346,65.24384031628954,82.65722962909437,32.43474642439462,0.726183349526339,0.20894176848989318,0.10813478214518428,0.0,290,0.33146579262142145,0.4907184747634588,53.16920114488406,23.241847069814526,5.747892570084301,0.8450177603290365,-0.6263586455915293,0.14743915890516304,0.5199481947402201,5.0,2.667981939018227,3,18
2024-10-29 20:45:00,DOGEUSDT,1.4669550824663709,3.3317800559179878,1.4669550824663709,True,0.10947168117454809,7.576807130413066,61.342592592592595,0.7050935950171588,4.12877697841727,-0.9045585313453008,-1.751968503937007,45.55251556447371,65.69066651841047,31.311122386319116,0.5187047317439857,0.13498638140532618,0.2133335528946322,1.5833333333333333,435,0.8874124867258084,0.7249876046712983,48.9413186743342,32.35094277211833,9.357283903433355,1.8086935895154976,-4.484255035050633,0.15639035225555814,2.667459176903041,15.0,7.915754341104719,0,20
2024-10-29 20:45:00,LINKUSDT,1.5848728919851909,2.482913746863913,1.5848728919851909,True,0.10947168117454809,7.576807130413066,61.342592592592595,0.7050935950171588,4.12877697841727,-0.9045585313453008,-1.751968503937007,45.55251556447371,65.69066651841047,31.311122386319116,0.5187047317439857,0.13498638140532618,0.2133335528946322,1.5833333333333333,435,0.40402042743936095,0.7933526035829769,49.220797244866475,20.790102021134754,4.900181488203281,0.5392242129065972,-1.499659168370826,0.04550619125530347,2.595133569538285,20.0,2.258587483858565,1,20
2024-10-29 21:05:00,XRPUSDT,-0.7899999999999999,0.6276150627614996,-1.09,True,0.11239338973452577,7.794135803846491,60.995370370370374,1.062160665747136,3.917083733669857,-1.3864374626615827,-1.6229975563399446,49.18570263130648,65.18299030737667,28.018250675910608,0.3522667900677988,0.12932075239443425,0.19072627913149554,1.9166666666666667,455,0.23655562527665577,0.6572661631482098,49.943156357570146,35.32503228857056,1.5446997489863001,0.3051687964905625,-0.9604519774011333,0.3257412112255596,3.33793145063617,5.0,0.8086138793727438,2,21
2024-10-29 21:05:00,BNBUSDT,-0.7899999999999999,0.44793388429753556,-1.09,True,0.11239338973452577,7.794135803846491,60.995370370370374,1.062160665747136,3.917083733669857,-1.3864374626615827,-1.6229975563399446,49.18570263130648,65.18299030737667,28.018250675910608,0.3522667900677988,0.12932075239443425,0.19072627913149554,1.9166666666666667,455,0.2425095812094794,0.393474852465527,49.71340784362109,24.28558358732594,1.0489043292357003,-0.21606109086109715,-1.2696236822350548,0.2777453185127764,2.366666981831738,5.0,0.8282842606353036,3,21
2024-10-30 01:30:00,DOGEUSDT,0.43395072256726774,1.9354099862574525,0.43395072256726774,True,0.10811377739400338,7.917748601377217,63.19444444444444,-0.4633145146202722,3.510292834356177,-0.4445520701046535,-1.7692098832473468,50.383777184513086,62.5452586261776,33.96457806703717,0.2624614391731939,0.11426522496344521,0.10604974456800698,6.333333333333333,720,0.7057296318450924,1.1930403582410165,50.483221296342755,22.048182666560017,4.675137856629097,2.3921200750468996,-2.837431845999794,0.14476422782350787,1.6779717026732066,5.0,7.777606727768038,1,1
2024-10-30 01:30:00,ADAUSDT,0.8869733733321111,1.7323274657725651,0.8869733733321111,True,0.10811377739400338,7.917748601377217,63.19444444444444,-0.4633145146202722,3.510292834356177,-0.4445520701046535,-1.7692098832473468,50.383777184513086,62.5452586261776,33.96457806703717,0.2624614391731939,0.11426522496344521,0.10604974456800698,6.333333333333333,720,0.377677046220227,0.7858061144963131,55.11764969259536,22.434887071143702,3.5890014471780196,1.6472593013348469,-0.7212205270457628,0.5817215203524525,1.1024393748409478,5.0,3.2808626833841004,2,1
2024-10-30 01:30:00,LINKUSDT,1.2555313850631455,2.0486229173750647,1.2555313850631455,True,0.10811377739400338,7.917748601377217,63.19444444444444,-0.4633145146202722,3.510292834356177,-0.4445520701046535,-1.7692098832473468,50.383777184513086,62.5452586261776,33.96457806703717,0.2624614391731939,0.11426522496344521,0.10604974456800698,6.333333333333333,720,0.35154576615595956,0.8981755333639253,53.99978275885607,30.77214507174722,4.866743916570115,2.3666579657182663,-0.6837751139625148,0.4824486027556488,2.240849043955679,5.0,3.3183851569645872,3,1
2024-10-30 02:30:00,AVAXUSDT,-0.7899999999999999,0.15753347586360267,-1.09,True,0.11128869754512632,8.209610115156618,63.77314814814815,0.5359220285445998,1.631595767943339,0.29214042659142514,-1.5677436872115202,54.792514073006124,61.05439497755968,19.843242628035945,0.1858055038647602,0.05732691114328771,0.09621523875054522,7.333333333333333,780,0.2706043889942384,0.5009545962453418,52.16448013148098,19.11984496283679,-0.78151166685273,0.7786807786807959,-1.8119544801679321,0.43488577245438126,0.3600393334157233,10.0,1.0772322732634176,2,2
2024-10-30 03:05:00,SUIUSDT,-1.1072302171911497,0.41539343009930896,-1.7853836953185829,True,0.1096134810893413,8.114283155993984,63.657407407407405,-0.025115746330961475,1.6067163435983245,0.510137544291922,-1.647705674721689,52.21802099032971,59.14352861878072,14.69346270137794,0.16070930366704012,0.057104688605979864,0.07885007652059933,7.916666666666667,815,0.6781534781274331,0.7001728229526993,54.96450851635056,19.997460389178144,10.203115133656059,3.360971276280744,-1.689902830587242,0.5534456932317582,0.8899218756977262,5.0,9.507537214338925,3,3
2024-10-30 04:20:00,DOGEUSDT,0.11000000000000001,1.014823261117459,0.11000000000000001,True,0.10236432025792594,7.596191042999556,62.15277777777778,0.007052937133433801,1.7380416432188905,-0.15601614836169286,-1.8254140646212447,49.75163711194745,59.73184725236861,13.684792733595136,0.12688620050196014,0.061909916411088714,0.060270530033474747,9.166666666666666,30,0.4872064400843109,0.37149831782090764,54.91500462140388,16.671451458227924,6.129364070914267,0.8335728657660191,-2.414598865027262,0.6070713028520108,1.4653280765938548,45.0,7.2693421191829755,2,4
2024-10-30 04:20:00,BNBUSDT,-0.7899999999999999,0.6381039197812299,-1.09,True,0.10236432025792594,7.596191042999556,62.15277777777778,0.007052937133433801,1.7380416432188905,-0.15601614836169286,-1.8254140646212447,49.75163711194745,59.73184725236861,13.684792733595136,0.12688620050196014,0.061909916411088714,0.060270530033474747,9.166666666666666,30,0.12444547900086116,0.38951546050927643,55.91861823145356,17.66508049513105,-0.5341422401002327,-0.36989332540704467,-1.5405202519664374,0.7767370248975517,0.737639071407619,60.0,0.4121745462363213,3,4
2024-10-30 05:00:00,LINKUSDT,0.8488609777377774,1.460402236501701,0.8488609777377774,True,0.10392973538525721,7.722173324457282,62.5,-0.4507319060385706,1.8297284056290053,-0.002903191021663698,-1.8027423296225864,51.24303799988404,59.73184725236861,9.63757854324084,0.12688620050196014,0.06572938528839142,0.057280225607081924,9.833333333333334,70,0.2607706293819619,0.5845576927547818,55.65222395385309,32.69352043099618,4.4816461766501,1.8616116967018037,-0.43207312006646736,0.4260679329891956,0.5939667828583387,10.0,4.651513610948088,3,5
2024-10-30 05:50:00,ADAUSDT,-0.7899999999999999,0.6688963210702337,-1.09,True,0.10527428095205829,7.8618276568025225,62.731481481481474,-0.4702892079411991,1.9636131269740176,0.3265615889894269,-1.6525929948411622,55.449265093027975,62.63671470180737,14.300106326902227,0.13646444947863284,0.07029946939042826,0.044780084531081496,10.666666666666666,120,0.19357647131930555,0.7597026610290569,52.344177020657085,16.622946491453824,3.789412785652302,0.8715209446162442,-1.455644053831362,0.45742842252504656,1.7781827211216619,10.0,2.982574779633884,3,5
2024-10-30 07:10:00,AVAXUSDT,-0.7899999999999999,0.345838658747466,-1.09,True,0.1037936795762102,7.8038557882218695,62.84722222222222,0.40519447394029573,2.1029423995647,-0.012976274125164888,-1.6691555796904733,52.98603033817773,57.10810079716386,13.274306792950961,0.11268019853523914,0.07584986627889242,0.049262903700381576,12.0,200,0.2261577231076094,1.0633100971143072,51.5464387084546,16.879383470958036,0.2336096458176451,0.41901022988939385,-2.0292417044157074,0.3355182667743332,1.6344983738393912,5.0,0.728818112919094,3,7
2024-10-30 08:05:00,SUIUSDT,-0.7969399302145169,0.4879462775979615,-1.268233217024195,True,0.1016766276416566,7.697011354709704,61.92129629629629,-0.2282453637660553,1.9598149204538062,-0.2664598181625455,-1.7269888677708511,54.18857608761322,57.449609780285115,16.53944821868771,0.0688793128069568,0.0698669344715035,0.05529776847312586,12.916666666666666,10,0.47129328680967797,0.8200674496745831,51.467504738133094,19.945234083609257,11.819998919561359,-1.816715681624137,-2.8352814157630357,0.3536975043640141,1.1562565097265765,25.0,6.768494024399585,3,8
2024-10-30 09:25:00,LTCUSDT,-0.7899999999999999,0.1932633903920511,-1.09,True,0.10539665333798647,8.054764231906164,62.38425925925925,0.3742431057748741,1.6911863684293094,0.26101105840812266,-1.5437143632908046,60.729286015578694,62.28020019109535,14.11171082724786,0.09892733850667404,0.06007102336399668,0.06448872101138675,14.25,30,0.15582324061388303,0.7405692292397664,46.97300503025532,26.206497881555563,0.16595215046328882,-1.0519125683060015,-2.62167249260552,0.03397359007477329,2.320806928545748,10.0,0.24287834878868875,1,9
2024-10-30 09:30:00,LINKUSDT,0.7949830467545003,1.4559451091958886,0.7949830467545003,True,0.10494858098324655,8.025100699344478,62.5,0.3167635593208429,1.734615114728788,0.25863022792653734,-1.5870214499049684,57.515939684410625,62.28020019109535,14.427741571272126,0.09892733850667404,0.061652035115722176,0.0645876228566091,14.333333333333334,35,0.2854810312206942,0.5057111934804789,51.246048947661244,18.299929079049186,4.038997214484685,0.13404825737266535,-1.6943576246093106,0.43766787620914904,2.248935946526614,5.0,3.5161311135153195,2,9
2024-10-30 10:10:00,SUIUSDT,-0.8159509605813365,0.6737623278976645,-1.2999182676355612,True,0.10497804487055434,8.075010536442706,63.19444444444444,0.43387040076616756,1.9818774083119939,0.07639830268897363,-1.479636166168874,58.705073210035536,57.64015831487578,15.260090890540946,0.10697376320809263,0.06991408841011508,0.06084959324002085,15.0,75,0.4839673070542244,0.6268332555433539,49.39747092517193,25.360349149377306,9.06912344232611,-1.689627034032548,-3.8586114631742108,0.2042602075963961,1.3739504768219994,5.0,5.210684190243398,3,10
2024-11-07 18:15:00,DOGEUSDT,0.4133774181669122,1.6827912721284477,0.4133774181669122,True,0.10278138554659715,12.3756482225976,60.995370370370374,1.597254456306585,1.636704014901924,0.5650769257174781,-0.43124295749793484,57.516839327570814,69.86575320065117,28.921697520481587,0.47323194488556997,0.05525523902192835,0.10363111414560579,0.3333333333333333,80,0.5897069269807678,0.9381090670880684,55.94473319155594,30.337063477637155,0.041188281933779436,1.0767790262172339,-5.029325513196481,0.5044099751983236,2.6293564752020564,5.0,2.8191311877159952,0,18
2024-11-07 18:15:00,AVAXUSDT,0.11000000000000001,1.0039284155390682,0.11000000000000001,True,0.10278138554659715,12.3756482225976,60.995370370370374,1.597254456306585,1.636704014901924,0.5650769257174781,-0.43124295749793484,57.516839327570814,69.86575320065117,28.921697520481587,0.47323194488556997,0.05525523902192835,0.10363111414560579,0.3333333333333333,80,0.4344758745841378,0.7354677444090109,54.04782118936082,21.455521249888246,4.029969349528906,2.2577645527245727,-1.8843683083511698,0.18369226099084796,1.8861680170694093,10.0,4.590775532412983,1,18
2024-11-07 18:20:00,LINKUSDT,0.12610668094467956,1.0279473176999732,0.12610668094467956,True,0.10281106685273957,12.35593382564073,60.995370370370374,1.7775110044017772,2.0115511109922712,0.8890628346877483,-0.2577784517083681,61.93626272748271,69.86575320065117,28.180447695142792,0.47323194488556997,0.06781693124554881,0.10474533430091988,0.4166666666666667,85,0.4059203183776468,0.7271273101308859,52.66098867383157,14.641955608020085,4.983136593591908,1.2358728351898662,-2.0839886756841675,0.20192472688924795,1.2077663311145412,5.0,4.4424992090418725,2,18
2024-11-07 18:25:00,LTCUSDT,-0.7899999999999999,0.3062787136294043,0.4451126438224807,True,0.10571491974983949,12.723312768465966,61.111111111111114,1.8660557603170647,1.9011132957877264,0.9577478190653466,-0.14117683967801442,64.60193599034956,69.86575320065117,27.666663153178515,0.47323194488556997,0.0644688512132008,0.10758337301202958,0.5,90,0.3310793456371347,0.4466983340994621,54.628431228068266,17.86883007220146,3.3966609096142797,1.3830087496472077,-0.677450573759153,0.4420322306486911,1.244768549970787,15.0,2.755040015221555,3,18
2024-11-07 19:45:00,SOLUSDT,0.11000000000000001,1.0364546104360217,0.11000000000000001,True,0.10296442972696275,12.63083111381662,61.458333333333336,2.279845592093288,1.0416955916362935,0.0844793713163039,-0.4376524422022521,54.50894100945169,68.63188234503868,21.092551819271836,0.5064260598720786,0.03414143690464837,0.1786509867308564,0.8333333333333334,25,0.4805709480765081,0.4536167169071,53.54601997886968,31.247655736511213,4.313788145071085,4.883534136546186,-1.0457714458926959,0.173418716404171,1.019067969546889,5.0,6.203720607834273,1,19
2024-11-07 19:55:00,SUIUSDT,-1.1613224620091775,0.0,-1.8755374366819628,True,0.10416162100593486,12.804938264326271,61.57407407407407,2.459428993710522,0.9435766487861263,0.338511519486695,-0.2828649752965373,57.21437492940352,68.63188234503868,18.45077290953755,0.5064260598720786,0.030963531071734867,0.18620562543142927,1.0,35,0.714214974672785,0.3698349141586759,54.31050668994364,15.414049695547012,2.4812489098203327,4.709499198003897,-1.690023007738961,0.5617321189305594,0.9385815282050123,15.0,5.686085350581238,2,19
2024-11-07 19:55:00,BNBUSDT,0.6223323751709101,1.167542323409232,0.6223323751709101,True,0.10416162100593486,12.804938264326271,61.57407407407407,2.459428993710522,0.9435766487861263,0.338511519486695,-0.2828649752965373,57.21437492940352,68.63188234503868,18.45077290953755,0.5064260598720786,0.030963531071734867,0.18620562543142927,1.0,35,0.22760497411916095,0.5781777309699401,52.7264237935826,19.593211052357585,1.8655702052467138,1.5773512020737623,-2.0327461681754366,0.3496894182535515,1.6781320189745599,10.0,2.0059211531701315,3,19
2024-11-07 23:40:00,SOLUSDT,1.9472768295432383,2.667958985869512,1.9472768295432383,True,0.10041201762533318,12.227179976316949,60.879629629629626,-0.3386772574878183,0.5911678178138979,-0.05351763386310937,-1.1586475942782837,55.80078978546775,57.86639573113155,17.22447386403314,0.12740641931375138,0.02045620028483885,0.0718864836980517,3.3333333333333335,5,0.31534107816313667,0.9404194186951769,55.6714176719106,17.690568679482983,4.605368482843275,0.7297019527235493,-0.9699909063352496,0.88132293915545,0.7944703232881511,105.0,5.2816806836136765,1,23
2024-11-07 23:40:00,XRPUSDT,-0.7899999999999999,0.9365994236311126,-1.09,True,0.10041201762533318,12.227179976316949,60.879629629629626,-0.3386772574878183,0.5911678178138979,-0.05351763386310937,-1.1586475942782837,55.80078978546775,57.86639573113155,17.22447386403314,0.12740641931375138,0.02045620028483885,0.0718864836980517,3.3333333333333335,5,0.23745933587370283,0.7671608471433055,56.3749712646602,17.810619112949563,2.321724709784423,0.5249818971759579,-4.026961631524362,0.9708968840354688,1.494916656325333,100.0,2.4339204608360143,2,23
2024-11-07 23:40:00,DOGEUSDT,1.7704550425390717,2.9504469591277838,1.7704550425390717,True,0.10041201762533318,12.227179976316949,60.879629629629626,-0.3386772574878183,0.5911678178138979,-0.05351763386310937,-1.1586475942782837,55.80078978546775,57.86639573113155,17.22447386403314,0.12740641931375138,0.02045620028483885,0.0718864836980517,3.3333333333333335,5,0.544995958294356,0.7483049866803723,60.75184951775481,18.72244679751891,-1.5715593530668204,-0.3090712409210217,-5.410557184750731,1.2901631166045895,1.1044773475990182,105.0,2.0281491599245305,3,23
2024-11-11 15:00:00,ADAUSDT,1.4902521593006777,3.743315508021383,1.4902521593006777,True,0.10451525350450779,9.195806135468487,61.57407407407407,1.670302750059638,3.938516546999571,0.8645237798941663,-0.14892005782881634,63.517730944798494,69.56544133568224,21.053419963248007,0.42551375996516183,0.10284399242302308,0.18439480658848095,0.0,10,1.0815316743603527,0.9983506632432187,52.42173801739383,17.518869706194895,0.5377247521425099,2.80068728522338,-5.511686670878069,0.4281536864790938,2.081311319652844,5.0,7.41226050609709,0,15
2024-11-11 15:55:00,SOLUSDT,0.16476380019731426,1.5329865863673575,0.16476380019731426,True,0.11485074883183988,10.063553916148592,61.92129629629629,2.9321533417933088,5.492060585614111,2.765777564923333,-0.29101573381602464,76.23363508667961,77.78537504128997,38.341241336252565,0.6118373074204307,0.13863922016823657,0.23570240027976364,0.3333333333333333,65,0.6391113930850216,0.5380344460275879,53.98585181204421,16.409795989790442,3.114414753481376,3.7980678158742176,-0.9982384028185409,0.24665792427158387,0.49420743274668716,10.0,5.344663709409336,0,15
2024-11-11 16:20:00,LTCUSDT,-0.9004215309202593,0.6784434203789047,0.40393872682213494,True,0.12806744617855148,11.381021836535531,61.92129629629629,3.608027926192281,6.632309655123914,4.085537532987926,-0.05355366842628717,80.18975118362545,78.3705544016569,47.288121163986936,0.8364326098731321,0.16337742362563215,0.24371124886141313,0.16666666666666666,90,0.5402810206135062,0.629482002973972,54.087048686305714,32.293429329542896,1.0869565217391353,1.8513689700130342,-1.2639029322548012,0.0388329250743922,1.6336955453673196,5.0,2.8130887994232134,1,16
2024-11-11 17:00:00,ADAUSDT,-1.29,0.429965272035715,-2.09,True,0.122885320170298,11.068269776833596,62.84722222222222,3.071467086979962,5.880502632340767,2.196006425329733,-0.5569581516333799,62.35570007544712,78.3705544016569,36.271132653758904,0.8364326098731321,0.13979289059427757,0.22982132087233514,0.8333333333333334,130,1.148701594087357,0.6226556873590957,54.532422097327874,11.49142280817575,-0.9338138925295003,2.0762997974341557,-4.50094756790903,0.5205734884513448,0.539700682535857,10.0,7.911505490739712,1,17
2024-11-11 17:15:00,SUIUSDT,0.11000000000000001,1.1165365595745325,0.11000000000000001,True,0.12599399910264192,11.344065646596867,63.19444444444444,3.1076434161047217,6.0481339116855715,1.4835923323342826,-0.40700788003978916,63.097224285119104,79.81497873085385,34.18123571610122,1.0047352474866553,0.14294854705411855,0.20864065567889242,1.0833333333333333,145,0.9370794275263266,0.9156731753251065,49.69422257383614,11.866823753716904,6.396214552794399,-0.0683739433117947,-3.1097450732236576,0.0932411922425137,1.0416146296103843,5.0,8.265920940228778,2,17
2024-11-11 18:30:00,LINKUSDT,0.20232141728132244,1.517961398447687,0.20232141728132244,True,0.11906930132241107,10.690255008632409,63.07870370370371,3.156839393350186,4.9779558622566,0.7996456574633326,-0.0892168805870952,61.676383094010184,83.82283127576729,19.0245365260759,1.1184870993856053,0.11935571870811626,0.164419566049256,2.3333333333333335,220,0.6128199905831823,0.28783386300815816,52.17758779670998,25.10752382284369,-0.9794585770643405,3.5493278327050293,-1.9333108790838716,0.01045951070195251,0.9640278729224742,10.0,3.3591681204632406,0,18
2024-11-11 18:30:00,BNBUSDT,0.2838044865107905,1.2194737671340716,0.2838044865107905,True,0.11906930132241107,10.690255008632409,63.07870370370371,3.156839393350186,4.9779558622566,0.7996456574633326,-0.0892168805870952,61.676383094010184,83.82283127576729,19.0245365260759,1.1184870993856053,0.11935571870811626,0.164419566049256,2.3333333333333335,220,0.4228346403116406,0.49015980335150805,54.634603375999426,24.284418180123858,-0.31411474611675594,1.7326494630549805,-1.1324340322128368,0.4073621609118461,1.5321527511031456,10.0,1.3035368246871126,1,18
2024-11-11 18:30:00,LTCUSDT,0.5415329844657696,1.6135228582404793,0.5415329844657696,True,0.11906930132241107,10.690255008632409,63.07870370370371,3.156839393350186,4.9779558622566,0.7996456574633326,-0.0892168805870952,61.676383094010184,83.82283127576729,19.0245365260759,1.1184870993856053,0.11935571870811626,0.164419566049256,2.3333333333333335,220,0.49099493688735485,0.9367452755146207,51.57377932103898,15.829508143864336,0.06406970784211818,1.6267568974492441,-1.301820020222444,0.22375295124583913,1.2359034442870065,5.0,2.5295802155734792,2,18
2024-11-11 18:35:00,SOLUSDT,0.11000000000000001,1.3036318726557417,0.11000000000000001,True,0.11852519292534405,10.590587990858102,63.07870370370371,3.5474065608053884,5.300928330143284,0.8011911934067806,-0.12126614047638373,66.52878605195312,83.82283127576729,19.534127288569636,1.1184870993856053,0.12614457547724997,0.16448366068454873,0.0,225,0.5677928227697326,0.6565992503360384,49.74511460108484,15.622719770713923,2.106393909672599,0.8487867884491296,-1.7614810820526627,0.01844391322762656,1.4608077654016687,10.0,4.454279998832211,3,18
2024-11-11 19:15:00,ADAUSDT,2.0437027096312916,3.817939313104368,2.0437027096312916,True,0.1326597168655563,12.178685283079771,63.07870370370371,5.513260033792866,7.101941898399877,1.845047668458677,-0.9130629750146668,68.53137750426453,84.46072571739437,33.39564819156538,1.2321218867617894,0.16211615714577493,0.22629387635043907,0.16666666666666666,265,0.8421183017365383,1.1171557213798275,52.45114425824434,9.507790839074243,-2.3441315318248335,-0.14980026631158383,-4.702144559173938,0.3526714484306838,0.3951209192184321,5.0,6.2207500167439145,3,19
2024-11-11 19:30:00,AVAXUSDT,-1.263259856713597,0.0,0.11000000000000001,True,0.13638787028565025,12.553579494201749,63.07870370370371,5.736492121372194,7.614590982066183,2.193626770259516,-0.576743972128646,70.31104989990624,84.46072571739437,39.55717226911443,1.2321218867617894,0.171454832815845,0.2313891883941363,0.4166666666666667,280,0.7821732378090647,0.8656360870576963,57.25664610437431,12.781013816746981,5.162910338069571,7.365722503595307,-0.791541483706959,0.6601173883771282,0.7652354412057983,5.0,8.60985745230083,3,19
2024-11-11 21:15:00,SOLUSDT,-1.0300381613956535,0.567794685441747,0.56440592789006,True,0.15754725450791085,14.926925915650724,64.69907407407408,5.329178795063982,10.704777511660168,1.9090962891447738,-0.11430508196982325,74.93479787168965,88.25540917756786,47.73480405317821,1.4775886176288755,0.23242148477591532,0.18926021678145194,0.0,385,0.6266921075971024,0.8256057197764302,53.376990612533646,18.60210650305204,7.552515876893029,-0.22659294842743982,-1.560473954840158,0.39219067323892776,0.5327738335566389,10.0,4.660700904890214,1,21
2024-11-11 21:15:00,DOGEUSDT,0.5710491855842877,3.2491421151884303,0.5710491855842877,True,0.15754725450791085,14.926925915650724,64.69907407407408,5.329178795063982,10.704777511660168,1.9090962891447738,-0.11430508196982325,74.93479787168965,88.25540917756786,47.73480405317821,1.4775886176288755,0.23242148477591532,0.18926021678145194,0.0,385,1.2940464648020713,0.8216374165567284,51.003562892165114,13.462110682485008,23.085996955859976,4.832123411978206,-2.5281745314289172,0.06353559886937916,0.6033872827214234,5.0,18.405894842866655,2,21
2024-11-11 21:50:00,SUIUSDT,-1.1912069710474855,0.009295696092692651,-1.9253449517458094,True,0.1584069083762427,15.212847137234476,65.50925925925925,4.666081637700614,9.918206793206785,2.053534265570489,-0.5394356377803722,67.92698554856317,88.25540917756786,50.541930426512465,1.4775886176288755,0.21533785743915354,0.1998600791601593,0.4166666666666667,420,0.7341379806983237,0.9161951441693174,53.98818867944188,27.391971378791624,6.217701853131885,-0.34279361353881654,-2.7602000843729324,0.40265658591419295,0.603353260318961,5.0,7.440080170678853,0,21
2024-11-11 22:00:00,XRPUSDT,-1.2062324002642428,0.0,0.11000000000000001,True,0.15422341391829483,14.76587187589773,65.625,4.033749121116648,9.916633942216535,1.7793140984441846,-0.6891533210771961,64.04982809432386,88.25540917756786,49.638078092331575,1.4775886176288755,0.21524120783070372,0.19439783747203138,0.5833333333333334,430,0.7441549335094951,0.295279743178508,53.388107656465145,22.712541381900433,4.9727520435967065,4.068884011480645,-2.7760252365930715,0.12873807008921231,0.6971224592187557,15.0,5.379497926391785,1,22
2024-11-11 22:45:00,BNBUSDT,3.6905449033644375,4.620462046204632,3.6905449033644375,True,0.1467089249628988,14.304086115475645,65.625,3.83190664807993,8.534647783046223,0.22207717870217358,-1.2761596340786774,52.99599581939564,88.42846155240696,31.994236906072246,1.550617949560698,0.19065061631785443,0.19881481173588308,1.3333333333333333,475,0.41995857142009724,0.5579480061372468,50.433312380723464,21.244519792052504,1.7380320424674522,-0.08479500023554909,-1.1050668324525947,0.1803574456157697,2.0516778879820445,5.0,1.2863951581321142,0,22
2024-11-11 22:45:00,AVAXUSDT,1.3904683817108574,2.9002689182546337,1.3904683817108574,True,0.1467089249628988,14.304086115475645,65.625,3.83190664807993,8.534647783046223,0.22207717870217358,-1.2761596340786774,52.99599581939564,88.42846155240696,31.994236906072246,1.550617949560698,0.19065061631785443,0.19881481173588308,1.3333333333333333,475,0.7099002682718881,0.4339886585507727,57.957434870625725,11.534278098095069,8.533140848606568,2.5167486808560957,-0.874226094932351,0.8178671293395178,0.7832783744151323,15.0,8.227964998916647,1,22
2024-11-11 22:50:00,LINKUSDT,1.1710266648106722,2.3827456350564713,1.1710266648106722,True,0.15222223261769421,14.915847801801307,65.74074074074075,4.329794431371892,8.910188143414999,0.6989090591926539,-0.8532213030749136,59.73804985185882,88.42846155240696,30.947598138215053,1.550617949560698,0.1975138121546962,0.21470064306527703,1.4166666666666667,480,0.5608594851228995,0.5381779496565067,53.604016635446975,24.241054656778793,2.794200450450446,0.4746835443038,-1.6167059616032375,0.691155037909598,2.1068799375199783,10.0,3.0762293576155564,2,22
2024-11-11 23:00:00,ADAUSDT,-1.269082294501011,0.0,0.9198167883978655,True,0.1662659155596164,16.564007391991666,65.97222222222221,5.340029329504792,10.794909907554718,2.366035639482922,-0.09866659782079568,73.9729369854309,88.42846155240696,31.646554809522065,1.550617949560698,0.23355796527631853,0.263293971243902,0.0,490,0.7860548630006738,0.8969908190217688,50.96254574132689,17.585943640873865,2.095656582727723,-0.09922275508517098,-3.37492002559181,0.23802241755476297,1.860018457368705,5.0,6.102904006333909,3,23
2024-11-12 00:40:00,DOGEUSDT,3.41,4.3893682320921945,3.41,True,0.14116976023081307,14.960175564337263,66.08796296296296,3.291297223176892,9.182390560951848,1.0415339935720302,-1.9398663697104634,50.08207350586284,90.01978363973903,24.765422469154803,1.5647414140431526,0.17831036375718684,0.3748035731703653,1.5,590,1.936365489379507,0.6548418469821334,58.24011941212671,21.807046297856374,17.138690092595745,7.241336479940386,-2.6716266486303653,0.9149417467532878,1.4390286449111565,25.0,22.596698711115625,0,0
2024-11-12 00:45:00,SOLUSDT,-1.2455450822326708,0.7723761926397232,-2.0159084703877848,True,0.1466519854105017,15.607352206472825,66.20370370370371,3.277614011966401,9.628099122305489,1.1725925798753645,-1.5645879732739454,54.034180087226765,90.01978363973903,23.434469571285625,1.5647414140431526,0.18550431663787298,0.3802217133992555,1.5833333333333333,595,0.7703633881551138,0.7521559388086585,49.922494121022275,20.953902328973296,4.209280303030316,0.2870682584525719,-1.898818809895253,0.02039225653099756,2.7234231454012052,5.0,4.022908999240826,1,0
2024-11-12 00:45:00,BNBUSDT,0.11000000000000001,1.094034502978114,0.11000000000000001,True,0.1466519854105017,15.607352206472825,66.20370370370371,3.277614011966401,9.628099122305489,1.1725925798753645,-1.5645879732739454,54.034180087226765,90.01978363973903,23.434469571285625,1.5647414140431526,0.18550431663787298,0.3802217133992555,1.5833333333333333,595,0.8478242382576319,0.45625785947862096,52.35778012699689,25.62727668444245,1.478187341454995,1.5115678012562528,-2.768150515371115,0.2500324961602173,2.3700832376200367,10.0,2.802110933764279,2,0
2024-11-12 00:45:00,LTCUSDT,-1.2462810861286204,0.4538577912254427,1.6587608715461157,True,0.1466519854105017,15.607352206472825,66.20370370370371,3.277614011966401,9.628099122305489,1.1725925798753645,-1.5645879732739454,54.034180087226765,90.01978363973903,23.434469571285625,1.5647414140431526,0.18550431663787298,0.3802217133992555,1.5833333333333333,595,0.7708540574190802,0.5250790071784548,53.086470487565066,20.341839733195613,2.3219814241486114,1.225114854517595,-1.4903129657228065,0.47140840764239966,2.8988294511419617,5.0,3.2699324061363777,3,0
2024-11-12 01:15:00,SUIUSDT,-1.29,0.4484304932735439,-2.09,True,0.15748352808903898,16.929455038766793,66.66666666666666,3.618719169522233,10.774318882722046,-0.12973737129716723,-0.5619153674833011,62.563712151714526,83.98128389481437,21.592664067786476,1.4680135130995258,0.20492952096910397,0.2991737642689974,2.0833333333333335,625,1.0566827857167413,0.714096209387241,49.56954614250559,14.747209818084155,2.326633490596519,-0.4119885523791611,-4.580244681492196,0.11961984860320388,2.659068876465031,5.0,4.457611595544031,2,1
2024-11-12 01:30:00,LINKUSDT,0.11000000000000001,1.420222886653999,0.11000000000000001,True,0.15595868280353611,16.97000204495762,67.01388888888889,3.1934996657777326,10.25117966345459,0.5049418522794502,-0.6338530066815062,59.1657940034438,83.98128389481437,19.320733894310308,1.4680135130995258,0.1927157009628001,0.30514961424168985,2.3333333333333335,640,0.7944483584414939,0.4616969378507151,52.32684820309298,16.15368367846719,1.798685575925285,0.6704522131764312,-1.5916538487260046,0.32117184571936147,0.4582919496727004,5.0,3.343187503608558,3,1
2024-11-12 03:50:00,SOLUSDT,-0.8332694764277535,0.8640683978352826,-1.3287824607129226,True,0.13568856443185384,15.375188092129765,67.01388888888889,0.0,7.631441868199862,-0.7268769666279429,-1.9793986636971073,50.2018273367006,75.45743496361692,20.932456385507304,0.9895167364511003,0.13950738431757373,0.19473038914773338,4.666666666666667,780,0.49551298428516904,0.7476427290127475,57.48778948205526,19.356642465542166,4.485626039439294,0.35598557802016817,-1.9879652328950281,0.9928357989904003,2.4018670700376004,30.0,3.5010014521769106,1,3
2024-11-12 03:50:00,DOGEUSDT,0.11000000000000001,1.1143062544931803,0.11000000000000001,True,0.13568856443185384,15.375188092129765,67.01388888888889,0.0,7.631441868199862,-0.7268769666279429,-1.9793986636971073,50.2018273367006,75.45743496361692,20.932456385507304,0.9895167364511003,0.13950738431757373,0.19473038914773338,4.666666666666667,780,1.3448924511666918,0.7248888212811826,60.86108787115712,14.645858303577093,23.288791928006546,8.933196795373789,-1.5836734693877474,1.2938514016602443,1.7276500825166583,35.0,24.593078279438394,2,3
2024-11-12 03:50:00,SUIUSDT,0.11000000000000001,1.3784779570575667,0.11000000000000001,True,0.13568856443185384,15.375188092129765,67.01388888888889,0.0,7.631441868199862,-0.7268769666279429,-1.9793986636971073,50.2018273367006,75.45743496361692,20.932456385507304,0.9895167364511003,0.13950738431757373,0.19473038914773338,4.666666666666667,780,0.7739944924740746,0.34371685437639754,52.51456070408084,13.991935572041152,-3.5178035178035083,-2.4295010845986953,-5.122642077984684,0.36561036190020235,1.892279023469838,50.0,3.5502675800260564,3,3
2024-11-12 04:20:00,XRPUSDT,-0.7899999999999999,0.5592105263158009,-1.1967076984419571,True,0.1409709591852628,16.118066104447102,66.89814814814815,1.8562678907007468,8.779402275387094,0.4497289165497964,-1.2556792873051337,63.14692490959943,76.76985561329022,15.828248951186167,0.8799840917075341,0.15761214278163407,0.20300520158454452,5.166666666666667,810,0.4426830793767828,1.063154375910754,54.53787231812785,28.947219578429227,2.737411287597169,-0.815660685154973,-4.100946372239756,0.7066836342252925,0.37616369635823693,5.0,2.8701303075031603,3,4
2024-11-12 05:10:00,ADAUSDT,-0.9968879476120308,0.9669211195928673,0.11000000000000001,True,0.13785659687849924,15.841269217930831,66.89814814814815,-1.1941088397549482,8.741576678643215,0.718497585470268,-1.4530066815144793,54.44089472598673,76.24268010793133,16.34811668097479,0.8705469286812795,0.1567968825764588,0.11147193462795746,6.0,860,0.6045919650746873,0.9623366606654621,51.59358952767222,12.056988489479231,0.40878896269802567,-1.6024036054080981,-5.710172744721687,0.17313899664768742,0.4268799084709494,10.0,2.49131786033443,3,5
2024-11-12 06:20:00,SOLUSDT,0.11302480439027016,1.1013115203582613,0.11302480439027016,True,0.13424603188020634,15.545903164884912,66.20370370370371,1.0626821508440187,9.389885420489396,-0.16059111967196005,-1.4142538975501107,53.60183541443239,80.14229096407863,10.935151628892838,0.9501397702015338,0.16807441959220498,0.10874413261437917,7.166666666666667,930,0.4491433579839956,0.4815590344078387,50.02143069317483,14.940060755819376,6.048269845885423,0.12812299807816174,-2.464898595943843,0.10761451822355649,2.0794341566905032,25.0,2.6442191741002485,1,6
2024-11-12 06:20:00,SUIUSDT,-1.1670018314312787,0.0,0.37229193585537146,True,0.13424603188020634,15.545903164884912,66.20370370370371,1.0626821508440187,9.389885420489396,-0.16059111967196005,-1.4142538975501107,53.60183541443239,80.14229096407863,10.935151628892838,0.9501397702015338,0.16807441959220498,0.10874413261437917,7.166666666666667,930,0.7180012209541857,0.8213473972540974,56.51574513733581,15.04162917548878,0.5367123983739841,1.3445593366840702,-4.607364551316817,1.0171553334045027,1.9184120496379948,20.0,3.680675727815119,2,6
2024-11-12 06:35:00,LTCUSDT,2.823338589960015,3.974603174603164,2.823338589960015,True,0.1405994532037473,16.36616918025926,66.31944444444444,1.2799582872261572,9.654187199404408,0.11647587880205812,-0.9319599109131382,65.18254853266508,80.14229096407863,13.335538248886332,0.9501397702015338,0.17317697105573263,0.12031575288122727,7.416666666666667,945,0.5306322923215745,0.7008019600308806,53.89892963210294,26.74243950666331,4.345521992580825,0.06352432981833189,-2.1857923497267673,0.6581446910288854,1.1076478828637772,10.0,1.9978898436599835,2,6
2024-11-12 06:40:00,XRPUSDT,4.41,5.220551792499606,4.41,True,0.14568934990890428,17.057074887494174,66.43518518518519,1.6432351404755963,10.749528258112417,0.8633192433081804,-0.3285077951002191,74.50476502395804,80.14229096407863,15.797278045015045,0.9501397702015338,0.19111425937862278,0.14003644857857556,7.5,950,0.4584877943784405,0.8397122796762155,52.239722579157636,15.428795843427665,5.452011844626381,-0.29644268774702276,-4.511041009463712,0.42586689011162465,1.8940126506735124,10.0,2.2449346163983863,3,6
2024-11-12 07:40:00,AVAXUSDT,-1.1927992044155413,0.0,1.4561717249707984,True,0.14329900515360172,17.152357761893544,67.70833333333334,0.7448236109985462,10.422574141118002,1.0883992567029432,-0.6462744018270294,57.746661860730825,74.12841154149189,25.459528418155493,0.9218573174907914,0.17986720669843834,0.1836798916555184,0.4166666666666667,1010,0.7351994696103609,0.4812541679719201,54.01473435625713,34.075209061401026,16.9310818144093,0.9980975488709465,-2.1712423886336985,0.08504773051823117,0.5220144766272582,5.0,10.446137245181664,2,7
2024-11-12 08:35:00,DOGEUSDT,4.41,5.764742679787305,4.41,True,0.13649180342091669,16.440206387564494,67.01388888888889,1.6638553680976553,9.793102089178696,0.19974573727759015,-1.031751935436953,51.10896938110399,75.52073046685575,14.663641241619276,0.9427766111081413,0.16723456166919054,0.1881975050689484,1.3333333333333333,1065,1.554507161955679,0.7235700699065801,59.00208690641396,12.608675053147897,46.55853314527503,18.517251211861986,-1.7283366828230284,0.8720394302573372,0.3264678986750078,25.0,33.25459202548113,0,8
2024-11-12 08:35:00,BNBUSDT,-0.7899999999999999,0.7218229087016415,-1.09,True,0.13649180342091669,16.440206387564494,67.01388888888889,1.6638553680976553,9.793102089178696,0.19974573727759015,-1.031751935436953,51.10896938110399,75.52073046685575,14.663641241619276,0.9427766111081413,0.16723456166919054,0.1881975050689484,1.3333333333333333,1065,0.3717638529350971,0.6415428464616739,58.8012914770458,13.693524569546067,5.593682884686801,0.7891613619198878,-2.1824981301421187,1.0599692333593227,0.9296356898246994,55.0,2.743855787261462,1,8
2024-11-12 08:55:00,SUIUSDT,-0.9834299455287424,0.0,-1.5790499092145707,True,0.13981215083723372,16.894564933368184,67.01388888888889,1.9283787355431459,10.089958398393527,-0.17639340750558175,-0.6650375651853335,59.41506796817113,75.52073046685575,15.702979214777674,0.9427766111081413,0.1718636693255984,0.1580516883276294,1.6666666666666667,1085,0.5956199636858283,1.0418039897614733,52.982182014828915,13.195921098601735,-0.749181566356083,0.6447906026557648,-4.990056047730973,0.518667758236044,1.6464334299793368,10.0,3.0480092439640227,2,8
2024-11-12 20:00:00,DOGEUSDT,-1.29,0.0,-2.09,True,0.10701717485698696,16.893506616219867,69.09722222222221,3.024989445559334,3.1478747242439598,2.1866374197219596,-1.10835893376382,57.67223131965571,63.15189493450289,37.75745469843604,0.37999397729636153,0.04441340097541853,0.22472711910604773,12.75,105,1.4902793872270381,0.9485865647330438,53.34354763918589,18.226493674774837,21.193777052882503,4.849126234668399,-12.17411069439709,0.1916817101502316,0.47324590890572976,5.0,14.935515078635886,0,20
2024-11-12 20:35:00,AVAXUSDT,-1.125814767758166,0.8055101564323985,-1.8163579462636101,True,0.10946899712689782,17.34876972419226,69.09722222222221,3.8385527692275545,2.9878713702683024,1.2159621600172699,-0.5970904884084804,63.539799069244324,66.55987520391855,34.9031739600163,0.6162944503716542,0.042804057116020006,0.17741393840606567,13.333333333333334,140,0.690543178505444,0.9998067918113135,51.4188011579259,15.744491361726306,-0.758892364731778,0.9160260375246754,-9.206063175747293,0.06370232201827583,0.7259828752126918,15.0,1.7951386420621551,0,20
2024-11-12 20:50:00,SUIUSDT,1.695530495914637,3.118248363483911,1.695530495914637,True,0.11169428861665977,17.72312768946067,69.32870370370371,3.0918362659070997,3.0116209411057193,1.1107994579487857,-0.344287393929843,67.1739418075181,66.55987520391855,36.22706301962507,0.6162944503716542,0.04328363132546013,0.17307759800168399,13.583333333333334,155,0.666358933784637,0.6293010395751542,50.50371639287415,17.661009308085106,-4.260311187947641,2.2890691998152857,-5.793007077979285,0.145291835772324,2.8204440103567836,10.0,1.492490204897745,1,20
2025-01-17 19:50:00,XRPUSDT,0.6680892403236813,1.6035841186466948,0.6680892403236813,True,0.10181180885231109,9.372254434557092,60.30092592592593,3.1747100920852533,5.507377743880837,1.4789317279487735,-0.0890493836496975,69.22503421260227,75.13668836061638,27.252879188481337,0.7420218341567423,0.183298502553334,0.12308894017788637,0.0,5,0.42274743916150676,0.47028624043053663,58.18973771332239,16.323125480696017,-3.4515676739954038,-0.2435039916160564,-3.5350223546944837,0.8527516832413997,1.5203257154114387,140.0,2.2717391917396634,0,19
2025-01-17 19:50:00,DOGEUSDT,-0.7899999999999999,0.772767760417925,-1.2237809437858391,True,0.10181180885231109,9.372254434557092,60.30092592592593,3.1747100920852533,5.507377743880837,1.4789317279487735,-0.0890493836496975,69.22503421260227,75.13668836061638,27.252879188481337,0.7420218341567423,0.183298502553334,0.12308894017788637,0.0,5,0.4535123775143356,1.0972193439899527,58.66067465188826,14.856464450949993,7.854490691454852,2.3683367424895962,-1.5453899028205709,1.2188077565925433,1.6345681483422403,140.0,6.689433250957277,1,19
2025-01-17 19:50:00,1000PEPEUSDT,0.7372135778252787,1.7011757102731506,0.7372135778252787,True,0.10181180885231109,9.372254434557092,60.30092592592593,3.1747100920852533,5.507377743880837,1.4789317279487735,-0.0890493836496975,69.22503421260227,75.13668836061638,27.252879188481337,0.7420218341567423,0.183298502553334,0.12308894017788637,0.0,5,0.43698106622393595,0.7883703057824382,53.1243311024113,9.795791844278105,9.1197578479715,1.7352120084155986,-0.9068965517241345,0.2592290411457105,1.5948673208090376,140.0,6.586750563225574,2,19
2025-01-17 19:50:00,LINKUSDT,1.4071100102796636,2.398433675966727,1.4071100102796636,True,0.10181180885231109,9.372254434557092,60.30092592592593,3.1747100920852533,5.507377743880837,1.4789317279487735,-0.0890493836496975,69.22503421260227,75.13668836061638,27.252879188481337,0.7420218341567423,0.183298502553334,0.12308894017788637,0.0,5,0.45066183284353156,0.601931540662122,52.71868713627364,13.674208181278761,4.004751399966056,2.005492219355909,-0.7007169184657158,0.3360190603058605,2.510385221291332,140.0,6.077102120420608,3,19
2025-03-03 02:45:00,ADAUSDT,-1.29,0.3908067367637491,-2.09,True,0.10892965144362463,16.82092439302938,59.02777777777778,-0.860147560255542,8.722588051914105,-0.3951614368612799,-1.8784681639658407,52.431488215938074,69.77284578413503,20.68541827170696,0.8684795345561892,0.1647291604237535,0.15139598063558662,9.0,20,1.392975815515123,0.7155991907890898,49.67613386980428,21.046166793521415,60.681716250560605,4.359646567627928,-8.551008253211945,0.13105125718161065,2.282983053813403,10.0,34.006457411395274,0,2
2025-03-03 02:45:00,AVAXUSDT,-0.9767213697729097,0.3284341899991716,0.11000000000000001,True,0.10892965144362463,16.82092439302938,59.02777777777778,-0.860147560255542,8.722588051914105,-0.3951614368612799,-1.8784681639658407,52.431488215938074,69.77284578413503,20.68541827170696,0.8684795345561892,0.1647291604237535,0.15139598063558662,9.0,20,0.5911475798486064,0.7651169829829183,47.78047641064753,34.59585484845952,11.831412699141453,-0.6930854533594211,-2.9523088569265665,0.09351692013849976,1.2297349272885474,5.0,6.707048557471973,1,2
2025-03-03 05:35:00,SOLUSDT,-0.7899999999999999,0.0,-1.09,True,0.11456022261497345,16.809414054368553,60.763888888888886,-1.2806599574385236,8.42636663209564,0.44654073808083616,-1.9182697876193866,64.42850085254001,67.67711377477033,13.531965421851309,0.5685329500693724,0.1586968578938475,0.07540530370922413,11.833333333333334,115,0.39498315121054606,0.6799779096202994,52.58097548021842,19.588448905315527,18.997343028947,-4.403752176599451,-5.449999999999999,0.5401087631396017,1.718108935837595,10.0,9.459379405392255,0,5
2025-03-03 05:35:00,XRPUSDT,-0.7899999999999999,0.1705332717518715,-1.1740983865039862,True,0.11456022261497345,16.809414054368553,60.763888888888886,-1.2806599574385236,8.42636663209564,0.44654073808083616,-1.9182697876193866,64.42850085254001,67.67711377477033,13.531965421851309,0.5685329500693724,0.1586968578938475,0.07540530370922413,11.833333333333334,115,0.4336393546015944,0.8069058604504749,56.34424252081123,14.155480522122131,23.75676032185727,-3.849964130768957,-6.38283718609679,0.7876577067148773,1.1436215416233095,60.0,13.135632659211648,1,5
2025-03-03 05:35:00,DOGEUSDT,-0.7899999999999999,0.08763473841031377,-1.09,True,0.11456022261497345,16.809414054368553,60.763888888888886,-1.2806599574385236,8.42636663209564,0.44654073808083616,-1.9182697876193866,64.42850085254001,67.67711377477033,13.531965421851309,0.5685329500693724,0.1586968578938475,0.07540530370922413,11.833333333333334,115,0.3366810937976169,0.566131406353555,50.79985234334475,23.497127520636788,10.652121212121223,-5.007284079084284,-5.705904226748748,0.2758308800425342,1.5569019111545699,10.0,5.690557871436397,2,5
2025-03-03 05:35:00,1000PEPEUSDT,-0.7899999999999999,0.4887846561092202,-1.1940212133028825,True,0.11456022261497345,16.809414054368553,60.763888888888886,-1.2806599574385236,8.42636663209564,0.44654073808083616,-1.9182697876193866,64.42850085254001,67.67711377477033,13.531965421851309,0.5685329500693724,0.1586968578938475,0.07540530370922413,11.833333333333334,115,0.441608485321153,0.8141113730608442,69.97784983252672,23.990708874121722,11.431380666528668,-2.3557419793674317,-3.7200983679857025,1.77601333222472,1.3625662530157205,110.0,5.981626087408265,3,5
2025-03-03 12:45:00,DOGEUSDT,0.5422358384637825,1.59612949900525,0.5422358384637825,True,0.1128771990685985,16.066084788029933,61.342592592592595,1.0834284423584917,8.349493317565226,0.7467936576654566,-1.9858693706499841,61.13738785772308,60.88990620666257,28.356890222747737,0.3318293909281026,0.13644785147704946,0.14427694042883216,19.0,195,0.4819468302707337,1.1070580659814653,59.19218778644076,13.04074745565059,6.928060336491981,-0.13545852711428497,-8.618766268644373,1.1465261022082582,0.4354221278018784,30.0,1.9834941308775944,0,12
2025-03-03 12:45:00,ADAUSDT,0.11000000000000001,1.2824396647480585,0.11000000000000001,True,0.1128771990685985,16.066084788029933,61.342592592592595,1.0834284423584917,8.349493317565226,0.7467936576654566,-1.9858693706499841,61.13738785772308,60.88990620666257,28.356890222747737,0.3318293909281026,0.13644785147704946,0.14427694042883216,19.0,195,1.561488255705879,0.7294738688065042,54.84290735784808,23.08464877139277,50.19714892326357,-2.2695875271363852,-15.732153492725265,0.5718554765096193,0.3779578117662523,15.0,14.156645418708136,1,12
2025-03-24 15:15:00,SOLUSDT,-0.7899999999999999,0.11872337453733284,-1.1514932207363673,True,0.10574660111148582,5.3616968414162525,62.731481481481474,1.0858466337608341,3.7169515141894705,1.1712970290897573,-0.6145213628988566,59.943037580649815,74.63082686554094,24.347143701570396,0.4587608894016718,0.15216397183057992,0.1557858024428686,0.9166666666666666,5,0.42459728829454685,0.5019768984668349,50.542442851426756,19.202750446402657,7.897513187641314,2.337216782217144,-1.1870255348516157,0.024342567273261947,0.895080518040898,50.0,6.065361293710825,0,15
2025-03-24 15:40:00,LINKUSDT,0.9024631452130052,1.7972776529668222,0.9024631452130052,True,0.1048135567686159,5.325629209330596,63.19444444444444,0.9751041150678041,3.476250011750448,0.8005750770928577,-0.7778979628628058,55.0860250702517,74.63082686554094,20.59661926870109,0.4587608894016718,0.1419468754798105,0.16639232143863536,1.3333333333333333,10,0.4024072538769085,0.30734925363690163,49.825081875148115,11.257220954687066,4.885654885654889,-0.5323343848580464,-1.4006514657980418,0.06305709303711655,0.31332328207714,5.0,3.533011296760491,1,15
2025-03-24 15:50:00,XRPUSDT,-0.7899999999999999,0.05662056135242732,-1.09,True,0.10895411001018553,5.553355925066894,63.42592592592593,1.2639271250879158,3.675414913140229,0.8485714285714208,-0.5740715702181376,59.67188028782417,74.63082686554094,20.396066396418586,0.4587608894016718,0.14863189102640295,0.17211000117555997,1.5,20,0.309001756898915,0.3684712065070998,53.83129086040989,15.904077325548931,2.414878634744433,0.38978440050347896,-1.2145910743537436,0.4308083825123494,0.39957394303822696,5.0,2.000745793907943,2,15
2025-03-24 15:50:00,SUIUSDT,-0.8079351637396364,0.9943474852498246,-1.2865586062327274,True,0.10895411001018553,5.553355925066894,63.42592592592593,1.2639271250879158,3.675414913140229,0.8485714285714208,-0.5740715702181376,59.67188028782417,74.63082686554094,20.396066396418586,0.4587608894016718,0.14863189102640295,0.17211000117555997,1.5,20,0.4786234424930909,1.0508559274897178,55.26392189811412,14.444596295433614,6.681632114089542,1.6141204091900008,-1.121899477806787,0.613256477686356,5.377312839248582,5.0,4.380950861060895,3,15
2025-03-24 17:10:00,LTCUSDT,0.9158071575784533,1.6089504528502996,0.9158071575784533,True,0.10025489133393155,5.051094020151448,62.84722222222222,0.5677842374237629,3.348884350405834,0.2602637460681789,-0.7333919235622766,53.132966940604774,72.43623324084456,13.033894345329717,0.46388015456999127,0.13317658913426872,0.127895881025461,2.8333333333333335,5,0.30157164763592315,0.8609323308034665,51.265003807412796,10.017669486017834,1.8448182311448624,0.17077596328316513,-1.1793197851953319,0.1958063040351834,2.223963389973921,55.0,1.488446542828581,1,17
2025-03-24 17:15:00,AVAXUSDT,-0.7899999999999999,0.0,-1.09,True,0.10318608675915714,5.20672278531753,62.96296296296296,0.7388622344071338,3.3584814108551964,-0.022447299861916292,-0.6368307193077349,55.83769675348473,72.43623324084456,12.761677602672567,0.46388015456999127,0.1336090530566193,0.11610214815117499,2.9166666666666665,10,0.39458921442581185,0.5290576802018698,49.83489651071233,22.951819217386454,9.47889047521926,-1.4142063455622411,-2.9778581111613134,0.3492937586556152,2.126349914747126,60.0,4.957006651649887,2,17
2025-03-24 17:25:00,SOLUSDT,-0.7899999999999999,0.0,-1.09,True,0.10899286273230424,5.504415184988853,63.07870370370371,0.9939769363521034,3.716662304386964,0.47173565521114735,-0.4341310618352301,61.19213034378928,72.43623324084456,13.275927134123389,0.46388015456999127,0.14724536864816612,0.11255463388700528,3.0833333333333335,20,0.2969291427079748,0.7494401738893371,53.48126215326357,16.67378182213051,8.381415122988155,1.0046695910570058,-1.4768806073154006,0.5833377075911973,1.0378910205860532,70.0,5.322517153051387,3,17
2025-03-24 20:05:00,AVAXUSDT,-0.7899999999999999,0.19595950170299137,0.42537295351072113,True,0.10705918590216283,5.474672480224707,63.31018518518518,0.24905724573989207,3.843004479510914,0.1466077969516144,-0.405511988462226,56.47544397848869,61.1157575925237,15.641736931213659,0.30046917922484834,0.14318354912414416,0.0992021192786625,5.75,10,0.29053355777083173,1.1690650292549971,54.77216030693427,11.686257946668901,9.777208706786178,-2.426366822961701,-3.145051965657475,0.6684126205813807,0.7736953055085519,5.0,4.2549417816950985,2,20
2025-04-22 17:00:00,SOLUSDT,-0.798572055281242,0.13107968264918224,1.9662720992248912,True,0.10616094223251164,7.045208996320462,58.91203703703704,2.6139627444801805,4.9105271605522915,-0.30165962172387095,-0.5676731638448951,58.4654722402974,76.84483734180318,22.21860124816461,0.7353844115356628,0.18593689880723324,0.12477378550589484,1.75,35,0.4723813701874947,0.738772051809376,55.01906905397914,29.368022966766546,7.817613805415058,3.639353639353615,-1.855237321416492,0.3469014779357389,0.3502821796123948,15.0,4.001410800539573,0,17
2025-04-22 17:00:00,ADAUSDT,0.17270198371785547,1.0521500457456368,0.17270198371785547,True,0.10616094223251164,7.045208996320462,58.91203703703704,2.6139627444801805,4.9105271605522915,-0.30165962172387095,-0.5676731638448951,58.4654722402974,76.84483734180318,22.21860124816461,0.7353844115356628,0.18593689880723324,0.12477378550589484,1.75,35,0.39472403101389064,0.8117836510170973,53.107274097411945,15.015736099359668,5.979314802844216,2.3248556717116564,-1.6201620162016095,0.2856400100089127,0.501526045446706,5.0,3.5355997507956927,1,17
2025-04-22 17:00:00,LINKUSDT,-0.7899999999999999,0.0,0.16407272309447182,True,0.10616094223251164,7.045208996320462,58.91203703703704,2.6139627444801805,4.9105271605522915,-0.30165962172387095,-0.5676731638448951,58.4654722402974,76.84483734180318,22.21860124816461,0.7353844115356628,0.18593689880723324,0.12477378550589484,1.75,35,0.43342068213226054,1.0478826069004836,53.55106608085509,22.54823710791552,6.164593889144787,2.94030072949234,-1.7547598749644733,0.23620972722640907,0.4168947483200522,10.0,4.016016855626936,2,17
2025-04-22 17:05:00,XRPUSDT,3.766544223518918,4.594066772063621,3.766544223518918,True,0.10808857092618668,7.175669907629034,59.02777777777778,2.6957436399769996,4.9280304385820095,-0.28708522383213975,-0.5221454915565915,59.69049139904542,80.43279964690815,23.00613692328216,0.7280848225169685,0.18652021181775233,0.12538307933002424,1.8333333333333333,40,0.36876127427235145,0.8556649089325513,53.524643928899806,18.28284791860618,3.8684439292958395,2.273051500309098,-1.8975505177211138,0.3393067139927519,0.6896485458123685,10.0,2.379543345976076,3,17
2025-04-22 17:25:00,AVAXUSDT,-0.9300474040886232,0.8471437829830508,0.3407191295174944,True,0.10454581655678934,6.951115901746974,59.49074074074075,2.6049839580402745,4.342330489648738,0.010343503344567573,-0.5311196961903408,57.94500999782446,80.43279964690815,21.866446143457807,0.7280848225169685,0.16823976301251578,0.11566925248240507,2.1666666666666665,60,0.5600316027257488,0.6439830183761979,54.653740450097594,30.806168421176647,7.419194430631526,6.011679835108219,-1.8982742960944599,0.21450565589359447,0.3025098289972492,5.0,6.65848205852122,3,17
2025-04-22 19:55:00,DOGEUSDT,1.6678651580229917,2.4232539173996592,1.6678651580229917,True,0.1084323667715642,7.409501929943563,60.879629629629626,1.3038280960649962,4.5637416432125155,0.014013023353576237,-0.36013986776695095,53.12919296473819,79.10276332486957,33.809484247580116,0.7265706118586241,0.1722293973072544,0.10013869261019474,1.9166666666666667,210,0.3326943796883337,0.7263939795659804,51.116352367093256,14.41704940800703,8.39805518721979,1.4418247355669767,-0.9234143244647219,0.056911624771628186,1.4895683774600228,15.0,5.453197686859168,2,19
2025-04-22 19:55:00,LINKUSDT,1.7475637161808517,2.4557602022390768,1.7475637161808517,True,0.1084323667715642,7.409501929943563,60.879629629629626,1.3038280960649962,4.5637416432125155,0.014013023353576237,-0.36013986776695095,53.12919296473819,79.10276332486957,33.809484247580116,0.7265706118586241,0.1722293973072544,0.10013869261019474,1.9166666666666667,210,0.3090982430291125,0.5388837937867191,52.92373117619732,14.89766393930172,5.4937519049070405,1.764057331863289,-1.6410912190963356,0.338202189186105,1.8467507645294334,15.0,3.654390623165349,3,19
2025-04-22 22:40:00,XRPUSDT,0.1683800843672479,1.3333938047077165,0.1683800843672479,True,0.1214091404579608,8.810787780765494,60.06944444444444,2.165032184548976,6.5229231299551715,1.7114112367933032,-1.5249223251985078,61.76351963949334,78.89893000726359,44.082411713242585,0.803940485004736,0.21646819268563297,0.20224296513344833,0.9166666666666666,375,0.5375068601702343,0.6101868564422449,55.86712339094033,37.13173299466311,6.357628672037041,2.672875436554123,-2.030569625877543,0.45054707258887255,0.35093437223015583,5.0,4.2036652907121885,0,22
2025-04-22 22:40:00,LINKUSDT,0.11000000000000001,1.030337721808805,0.11000000000000001,True,0.1214091404579608,8.810787780765494,60.06944444444444,2.165032184548976,6.5229231299551715,1.7114112367933032,-1.5249223251985078,61.76351963949334,78.89893000726359,44.082411713242585,0.803940485004736,0.21646819268563297,0.20224296513344833,0.9166666666666666,375,0.48147441876242053,0.546214120861878,52.20143541145705,31.797366082200128,6.989741234114222,1.0996165810605474,-1.4804370814240464,0.04187308760690743,0.44513885297688044,5.0,4.110481658680443,1,22
2025-04-22 23:05:00,LTCUSDT,-0.7899999999999999,0.39402985074625807,0.8255705019842541,True,0.12601937720935377,9.206718686140292,60.64814814814815,2.300433792943357,6.795689440323227,1.9320488816588544,-1.2275008630533546,65.72592452118039,81.25400054676801,46.26445369550219,0.9758552244645227,0.22341622552314175,0.21335106247080868,1.3333333333333333,400,0.3660953460227984,0.559550204143464,54.00305368989308,25.294917695233885,8.134280180761788,1.013146785671215,-1.1216056670602104,0.37052389089140914,0.7528908517904153,5.0,4.597397503370226,2,23
2025-04-23 00:15:00,AVAXUSDT,-0.841433524656519,0.20779690111578653,0.8911938422657973,True,0.132066799448445,9.920239750479132,62.03703703703704,2.702779804585287,6.93576505909852,0.7079470825694489,-0.5732798682847817,63.75179089407299,73.84983235334062,53.59893550491768,0.8675557181774186,0.21777184713284348,0.14448307839499824,2.5,470,0.500955683104346,1.0474550567023662,56.02641755762586,27.610796642944244,12.249036706550399,2.2302257930461256,-0.721940720147074,0.6073128139568037,0.45481240626753644,5.0,7.232466989924835,1,0
2025-04-23 01:05:00,XRPUSDT,-0.7899999999999999,0.0406045567336033,-1.131132052015648,True,0.12366586640523068,9.40459151744566,61.57407407407407,1.7693315858453573,6.292206607045081,0.2076636601499926,-1.0223862761239655,52.674842767624185,70.62474748623853,37.48494969282592,0.767277790577159,0.19713799659761755,0.1474074519370404,3.3333333333333335,520,0.4164528208062592,0.9329726240186967,53.301353043903354,20.050181460762175,6.505862002690765,2.782157099137539,-1.5107082555762874,0.35139050349218126,1.0733027505114938,5.0,4.264830620231974,0,1
2025-04-23 01:05:00,DOGEUSDT,0.11000000000000001,1.1896198749515863,0.11000000000000001,True,0.12366586640523068,9.40459151744566,61.57407407407407,1.7693315858453573,6.292206607045081,0.2076636601499926,-1.0223862761239655,52.674842767624185,70.62474748623853,37.48494969282592,0.767277790577159,0.19713799659761755,0.1474074519370404,3.3333333333333335,520,0.6555695422958716,0.9404193797395339,57.514566029806794,48.887401055975815,13.238518889793882,5.246608047516466,-2.154612386314414,0.7596520292230197,0.37843459586196143,10.0,8.876181723124542,1,1
2025-04-23 01:05:00,ADAUSDT,-0.7899999999999999,0.2485743529755835,1.4647549845626786,True,0.12366586640523068,9.40459151744566,61.57407407407407,1.7693315858453573,6.292206607045081,0.2076636601499926,-1.0223862761239655,52.674842767624185,70.62474748623853,37.48494969282592,0.767277790577159,0.19713799659761755,0.1474074519370404,3.3333333333333335,520,0.443561241451662,1.12870028847649,60.478838095891476,41.248341797979826,9.740051347881895,3.967771359075689,-0.4802095459837119,1.19928978227131,0.5225805176436651,10.0,6.194372530404246,2,1
2025-04-23 02:15:00,SOLUSDT,1.2739164525973865,2.079816327908701,1.2739164525973865,True,0.11808806897642007,9.119338858497873,60.532407407407405,1.874645866737401,5.43458657873872,-0.6927143205117892,-1.2620229970523478,49.588515540932654,71.80382409061738,20.423694281376353,0.6314462722668729,0.17572241191507373,0.1086000496613652,4.5,590,0.3579499376556573,0.5452969994462922,49.96719729082246,15.991573578978592,7.09430141741394,3.1554750626915595,-1.4638365826069477,0.017524848731277052,1.4311129920773877,10.0,4.401811661389798,1,2
2025-04-23 02:15:00,LTCUSDT,0.5552719594951562,1.452553875461371,0.5552719594951562,True,0.11808806897642007,9.119338858497873,60.532407407407405,1.874645866737401,5.43458657873872,-0.6927143205117892,-1.2620229970523478,49.588515540932654,71.80382409061738,20.423694281376353,0.6314462722668729,0.17572241191507373,0.1086000496613652,4.5,590,0.4036409579831074,0.5617649522782143,50.576127875390796,19.12039496369804,6.776859504132227,1.4496255134090363,-1.3508751321508194,0.04731654906706811,1.7773752069879245,5.0,4.329982927204257,2,2
2025-04-23 03:20:00,SUIUSDT,5.41,6.737614412320192,5.41,True,0.115438947828267,9.03191479365557,60.416666666666664,1.4379377793318993,5.367769997468774,-0.2881934150543719,-1.3953315452638337,47.77708583483783,73.31334241893344,12.990872169506622,0.5980260760027636,0.17545096351480652,0.09908045503325923,5.583333333333333,655,0.7911458353566665,0.5642722059381973,54.067312683255665,26.522993995052364,23.401012953251765,11.02956002742268,-1.664404600328584,0.32116688746249555,0.8934227937346605,10.0,15.588669292935787,2,3
2025-04-23 03:35:00,DOGEUSDT,1.2964199444534323,2.24197912640125,1.2964199444534323,True,0.11880208942073411,9.31639358131926,60.763888888888886,1.8393034248569862,5.521054870267972,0.0537750053775099,-1.181719202273146,56.051912208429854,73.31334241893344,13.586223206527396,0.5980260760027636,0.17971400827773548,0.09058722325226884,5.833333333333333,670,0.4277795909739088,0.5014509716923008,53.33021629613661,27.612436706999173,13.117621337997365,3.4563528336380323,-1.9651364226938028,0.3026236703094385,0.576842345597123,20.0,8.296386230498488,3,3
2025-04-23 06:05:00,ADAUSDT,0.8080261623791433,1.5552995391705071,0.8080261623791433,True,0.12469516961646536,10.02708243988697,63.19444444444444,0.24449720712254042,6.146539411938079,0.6033325096956643,-0.5288790928645315,66.18062159958421,74.01621711697153,42.75002273295607,0.6311696133125737,0.19790799865691402,0.09015694415084549,8.333333333333334,820,0.32863668839568194,0.898244952162095,53.02431793145398,24.606880923430836,10.8910891089109,2.012634053180551,-0.8849557522123908,0.18101583221287312,0.6907211214123172,5.0,6.320775981757509,0,6
2025-04-23 06:05:00,AVAXUSDT,0.4622522208886315,1.3873547474926085,0.4622522208886315,True,0.12469516961646536,10.02708243988697,63.19444444444444,0.24449720712254042,6.146539411938079,0.6033325096956643,-0.5288790928645315,66.18062159958421,74.01621711697153,42.75002273295607,0.6311696133125737,0.19790799865691402,0.09015694415084549,8.333333333333334,820,0.4175512633019885,0.7280975316106525,54.36517581730334,23.85789201361451,13.555410625595755,2.778912954638346,-1.109703350954594,0.31336079341229817,0.3810740099708092,5.0,7.542059984828864,1,6
2025-04-23 06:10:00,XRPUSDT,0.8898116123790638,1.529147982062784,0.8898116123790638,True,0.12549626440938505,10.094426997141559,63.31018518518518,0.25033124206679247,6.29906694780038,0.5953883179743213,-0.5017924954191733,66.98134595489171,74.01621711697153,44.10995828030039,0.6311696133125737,0.2031549089578182,0.08982780567895893,8.416666666666666,825,0.2746681848418601,0.7198262882081501,51.876056390637316,20.70756801858571,7.423286285466557,0.5228993869455412,-0.9153114724962164,0.18761138418631684,0.9962582356632308,10.0,3.941727216711377,2,6
2025-04-23 06:30:00,DOGEUSDT,-0.7899999999999999,0.0,-1.09,True,0.12606798777074946,10.195846506755334,63.77314814814815,0.5338679521546208,6.454053120825787,0.7014060354442186,-0.44560108346389793,63.865457123462996,74.01621711697153,49.25356063395318,0.6311696133125737,0.20598726853530058,0.09898040583260492,8.75,845,0.3718076483947235,0.5323570441469904,53.327021995719356,19.28596193399343,13.443601542096761,0.2913528668022636,-1.4636780988387943,0.4301342563453708,1.1271444587994297,5.0,7.978569794046653,3,6
2025-04-23 07:30:00,SOLUSDT,0.29916829269214973,1.0778997487104869,0.29916829269214973,True,0.1312714318040718,10.690832025006447,64.58333333333334,0.7363328495403998,5.993923159414116,0.3092783505154628,-0.47013835409087656,59.595801785835945,76.57151603169339,39.90578323255305,0.6213466746573285,0.19149136089798868,0.08243025967607648,9.75,905,0.3443657280091686,0.9638349103458915,55.63156514451519,21.038775986938806,7.683543402406889,2.0171355326182416,-0.6699947451392574,0.5708893991811137,0.9564232401614394,25.0,5.4156415709532,2,7
2025-04-23 07:30:00,SUIUSDT,0.11000000000000001,1.2253724171071623,0.11000000000000001,True,0.1312714318040718,10.690832025006447,64.58333333333334,0.7363328495403998,5.993923159414116,0.3092783505154628,-0.47013835409087656,59.595801785835945,76.57151603169339,39.90578323255305,0.6213466746573285,0.19149136089798868,0.08243025967607648,9.75,905,0.8228060946658695,0.676732841062388,53.61065209148834,31.91544353921193,27.82799473453268,6.468825378261811,-1.8000404503472067,0.1472980338626456,0.5881267303471954,20.0,18.330383329334744,3,7
2025-04-23 10:55:00,SOLUSDT,0.30071327361950817,1.0028841111693776,0.30071327361950817,True,0.13517569867443704,11.34715863439495,67.12962962962963,0.08172544310680596,5.898643974299289,-0.579441910417855,-0.8156437593300314,46.559160823015716,68.92118279982243,34.88878682176818,0.5055784470578647,0.18097385031559932,0.07554403088069067,2.5833333333333335,1110,0.3060854187749347,0.9189310237651224,61.7580527951332,20.401847649108742,9.14228485585522,0.7528230865746499,-0.7351984385165933,1.2331033837439256,1.4516267661144537,40.0,5.630992479326347,0,10
2025-04-23 10:55:00,DOGEUSDT,0.7210166200063393,1.4446754952391228,0.7210166200063393,True,0.13517569867443704,11.34715863439495,67.12962962962963,0.08172544310680596,5.898643974299289,-0.579441910417855,-0.8156437593300314,46.559160823015716,68.92118279982243,34.88878682176818,0.5055784470578647,0.18097385031559932,0.07554403088069067,2.5833333333333335,1110,0.31682943761639176,1.1327468205098938,57.060305684302016,21.161388144868255,11.195619105567388,-1.2802506482281872,-1.2962462867945002,1.0386735505294131,2.3427706112700766,15.0,6.908397463245608,1,10
2025-04-23 10:55:00,ADAUSDT,1.0805562767769705,1.9206145966709443,1.0805562767769705,True,0.13517569867443704,11.34715863439495,67.12962962962963,0.08172544310680596,5.898643974299289,-0.579441910417855,-0.8156437593300314,46.559160823015716,68.92118279982243,34.88878682176818,0.5055784470578647,0.18097385031559932,0.07554403088069067,2.5833333333333335,1110,0.3750291599469868,0.8978303724538752,53.52601568855275,24.12550206449459,9.912445278298932,0.5003573981415155,-1.111267407511607,0.49543272097988494,2.3052310053306604,15.0,6.428575767848543,2,10
2025-04-23 10:55:00,LINKUSDT,0.392244995105653,1.3178139005953549,0.392244995105653,True,0.13517569867443704,11.34715863439495,67.12962962962963,0.08172544310680596,5.898643974299289,-0.579441910417855,-0.8156437593300314,46.559160823015716,68.92118279982243,34.88878682176818,0.5055784470578647,0.18097385031559932,0.07554403088069067,2.5833333333333335,1110,0.41778445274485093,0.7641739709364739,59.59461959257208,28.001987941525062,11.52555016784782,1.7145189821744289,-0.20026702269693164,1.1315256728070706,1.312060124091862,45.0,7.892130892363869,3,10
2025-04-23 12:05:00,LTCUSDT,0.4715668746065257,1.104644257037668,0.4715668746065257,True,0.13260358704679134,11.131089309275577,67.12962962962963,-0.07368283915997198,5.617947091475917,0.10237494905322997,-0.9289276147925407,49.12643743824989,67.20535945678245,25.556063979101726,0.3215213751073358,0.17184069158852655,0.06254609625614047,3.75,1180,0.27153869121557117,1.0844724841037272,49.58537825206606,18.80136400559054,5.488034080942228,-0.08307619273677513,-1.1970426006337243,0.15446858938371455,1.7218906983576856,5.0,2.907833674031113,3,12
2025-04-23 13:45:00,LINKUSDT,-1.0711208084912696,0.0,-1.7252013474854493,True,0.1330763810029483,11.356484463312032,67.24537037037037,0.15116359698952309,4.0812683827809115,0.5173558320306526,-1.0780333451698265,55.03475703854691,57.87571044561365,36.677376118056024,0.21948466476043954,0.12724633172603297,0.11950164547611941,0.16666666666666666,1280,0.6540805389941797,1.0460526272410775,52.96947523651032,30.725494533440585,10.769230769230752,3.1659388646288145,-1.0147299509001728,0.1716967062939706,0.9799457156722569,5.0,8.085642248939884,0,13
2025-04-23 15:55:00,SOLUSDT,-1.0040090047910064,0.11892963330029094,-1.6133483413183438,True,0.11612118089871129,10.48081656376587,65.625,-0.7563124599760718,2.4857726350444365,0.1594760839642051,-1.8587145155698925,55.64925392184154,58.956113631598626,23.63323862633734,0.07279407524967203,0.07295444343616715,0.20919813293307915,2.3333333333333335,1410,0.6093393365273375,0.5957744108514248,53.517369670801116,19.445061469357547,4.185310112204843,-0.11878835874085114,-1.8100428182171946,0.5857999992749842,2.3784489450674036,25.0,3.892738488416958,0,15
2025-04-23 15:55:00,DOGEUSDT,0.3401049610887251,1.8275591434017135,0.3401049610887251,True,0.11612118089871129,10.48081656376587,65.625,-0.7563124599760718,2.4857726350444365,0.1594760839642051,-1.8587145155698925,55.64925392184154,58.956113631598626,23.63323862633734,0.07279407524967203,0.07295444343616715,0.20919813293307915,2.3333333333333335,1410,0.6987270911564942,0.9075620619764945,48.24642249157089,51.22728138524351,3.79378563947399,-2.042833607907746,-3.776027618944855,0.18513690531311452,2.9197660415803255,5.0,3.2943173705213713,1,15
2025-04-23 15:55:00,ADAUSDT,0.26558615598615487,1.7476006302821867,0.26558615598615487,True,0.11612118089871129,10.48081656376587,65.625,-0.7563124599760718,2.4857726350444365,0.1594760839642051,-1.8587145155698925,55.64925392184154,58.956113631598626,23.63323862633734,0.07279407524967203,0.07295444343616715,0.20919813293307915,2.3333333333333335,1410,0.6960072371480159,0.8934373290837884,51.574705880834685,35.38224985559104,6.4004876562023805,-0.9926262053318258,-2.7576601671309042,0.4858362826802341,2.1982894444430956,5.0,4.53976446754607,2,15
2025-04-23 15:55:00,LINKUSDT,0.11000000000000001,1.3137505895034707,0.11000000000000001,True,0.11612118089871129,10.48081656376587,65.625,-0.7563124599760718,2.4857726350444365,0.1594760839642051,-1.8587145155698925,55.64925392184154,58.956113631598626,23.63323862633734,0.07279407524967203,0.07295444343616715,0.20919813293307915,2.3333333333333335,1410,0.6821055900559729,0.6941836629570132,48.246031881913666,31.52265179864742,7.177413531662924,0.08091160407255327,-2.8281505728314227,0.014823945419932344,2.2037884876853453,10.0,5.597802679213926,3,15
2025-04-23 16:35:00,XRPUSDT,-0.9335312512923719,0.8063793566884581,-1.49588541882062,True,0.1185752380358893,10.805969584178277,65.74074074074075,0.1660964343277449,3.2585554307235753,0.8589496174787881,-1.3161679713142638,63.50589195297448,62.75113309019639,22.875291115914784,0.12682164146704894,0.09344184031894498,0.17396514768050764,3.0,1450,0.562354167528248,0.8036708850376383,52.16040867778522,35.45733161135302,3.861722421253422,-1.6131164881660665,-2.9898744078918793,0.6156334118305798,2.778837021410381,5.0,2.3303526517229445,3,16
2025-04-23 20:00:00,LINKUSDT,0.30079034708882957,1.169905197337462,0.30079034708882957,True,0.1103772216863067,10.333632797328196,65.39351851851852,-0.13068682713114343,2.3878020083128115,-0.4152375228955951,-1.5216381133415502,50.094936725035645,59.1641673565404,20.4753976686411,0.19744269250195468,0.0691589615367529,0.09109508631145319,6.416666666666667,1655,0.3895574251243162,0.9565042714374747,50.11663718121345,23.80099123110227,7.595486111111116,-1.228501228501222,-2.625204582651386,0.10558922204424259,2.2254439602510336,15.0,4.908194563097545,0,20
2025-04-23 20:10:00,SOLUSDT,0.3634516602801774,1.0789210789210912,0.3634516602801774,True,0.10965195125121649,10.234124427409874,65.39351851851852,0.3449263024264848,2.5721960826864176,-0.44539378576207156,-1.3869761433359717,55.24513256247747,60.556555208558734,17.91197804845429,0.15172176770512308,0.07441664314954037,0.08983107940118279,6.583333333333333,1665,0.31273470932045694,0.2856105882524382,47.92959815149779,23.07956468920019,4.437952142459656,-0.4508685850682981,-2.5950434669780753,0.008009109277452266,3.075240817064665,5.0,2.4102188087770537,1,20
2025-04-23 20:10:00,AVAXUSDT,0.40484890038123744,1.2931615104844862,0.40484890038123744,True,0.10965195125121649,10.234124427409874,65.39351851851852,0.3449263024264848,2.5721960826864176,-0.44539378576207156,-1.3869761433359717,55.24513256247747,60.556555208558734,17.91197804845429,0.15172176770512308,0.07441664314954037,0.08983107940118279,6.583333333333333,1665,0.3991563050516244,0.7208874371478383,50.2770229193846,19.397920379719984,3.2500347721266643,-0.7133303611234987,-3.48862405200433,0.16015497112620306,2.0272490118597486,15.0,2.805421927380136,2,20
2025-04-23 20:15:00,XRPUSDT,-0.7899999999999999,0.10787971411876374,-1.09,True,0.10922027007405286,10.158430794126883,65.39351851851852,1.1723822548566964,2.805995798075278,-0.273968524981949,-1.1591677089446972,62.58273497578194,60.556555208558734,18.273459515615965,0.15172176770512308,0.08063759224206105,0.09700996706883819,6.666666666666667,1670,0.298325949071362,0.9294452830847222,54.208874612009566,25.562273312837114,3.445550079047721,-0.5987221303784596,-3.320151232019475,0.8514967138546568,2.7919409134185633,5.0,1.700480849353414,3,20
2025-04-23 22:30:00,XRPUSDT,-0.7899999999999999,0.2337919251865772,-1.09,True,0.11076599217572092,10.396844226159075,65.04629629629629,0.24727085644462576,0.793270189270534,-0.2566921794733723,-1.4489332938549704,51.52771824409565,61.537572698443725,26.50646656256348,0.1445472690003977,0.025114895272148913,0.07398639488274453,8.916666666666666,1805,0.24060906404089538,0.7269006112324193,57.482435392570736,12.964267966188483,0.6425048640332998,0.23432923257176164,-3.337534222763028,1.166382061534738,1.6782689006879874,20.0,1.5546753839003946,2,22
2025-04-23 22:30:00,DOGEUSDT,-0.7899999999999999,0.5268172392534964,-1.09,True,0.11076599217572092,10.396844226159075,65.04629629629629,0.24727085644462576,0.793270189270534,-0.2566921794733723,-1.4489332938549704,51.52771824409565,61.537572698443725,26.50646656256348,0.1445472690003977,0.025114895272148913,0.07398639488274453,8.916666666666666,1805,0.2964641077073596,1.0246556157606772,49.19800883386002,26.403024933699413,-0.3295537060827858,0.5295774647887219,-3.7436616679253465,0.13631906224243587,1.820202269283909,5.0,2.431562645179941,3,22
2025-04-23 23:55:00,LTCUSDT,0.6082246844957964,1.0697115384615374,0.6082246844957964,True,0.10685613995357555,9.975827707226316,65.16203703703704,-0.22569394494472705,0.24324205689423284,0.20505027263340025,-1.3405082804467172,52.441784988779524,59.76186671823977,17.03318878337122,0.13575505891936945,0.00820767735735955,0.06504682642959428,10.333333333333334,1890,0.18574342698287055,0.5554031643077112,52.88495077733502,19.624280862480926,-0.2875973636908391,-0.7751013594085476,-2.3471423541837844,0.3403026331737808,1.0085066158648683,5.0,1.04010185872645,2,23
2025-05-08 18:05:00,SUIUSDT,-1.0844798169318792,0.5303281405369509,1.0801386876117207,True,0.10128422732271394,6.951535870813053,56.13425925925925,1.7940310310723406,5.459571527297857,0.25933460903102556,-0.5043924131671096,56.53596838272203,77.20416506927256,29.712273073894213,0.6202386923105937,0.2063508322663257,0.09711366626072074,0.6666666666666666,20,0.6629865446212527,0.445587343617274,54.45652340046749,24.464269433972387,21.015767225153525,3.60586448289526,-1.1916458821454645,0.29376683672603576,1.5865596787909173,5.0,10.664303418131048,0,18
2025-05-08 18:05:00,AVAXUSDT,0.2142375852965551,1.0894576191594174,0.2142375852965551,True,0.10128422732271394,6.951535870813053,56.13425925925925,1.7940310310723406,5.459571527297857,0.25933460903102556,-0.5043924131671096,56.53596838272203,77.20416506927256,29.712273073894213,0.6202386923105937,0.2063508322663257,0.09711366626072074,0.6666666666666666,20,0.39261001693143116,0.4358193804746702,54.31694645977102,20.387290819100446,11.456534254461715,1.5982061924526558,-0.8566108007448836,0.2703548622686631,1.9355674868788826,25.0,5.06529857976008,1,18
2025-05-08 18:05:00,LTCUSDT,1.2810026567704826,2.082658897161971,1.2810026567704826,True,0.10128422732271394,6.951535870813053,56.13425925925925,1.7940310310723406,5.459571527297857,0.25933460903102556,-0.5043924131671096,56.53596838272203,77.20416506927256,29.712273073894213,0.6202386923105937,0.2063508322663257,0.09711366626072074,0.6666666666666666,20,0.35582812019574406,0.5348919058101411,49.66276707730603,19.15082776526263,5.558719671944412,0.8488410055501161,-1.8742058449809362,0.028259357669420983,1.3039850905324257,5.0,2.7302924484339464,2,18
2025-05-08 18:15:00,XRPUSDT,0.9026698495124515,1.6016775229767077,0.9026698495124515,True,0.10319002410349733,7.094835613267625,56.13425925925925,1.9397384305835041,5.234400963775343,0.29625215780055836,-0.3526518217229935,60.661886200508064,77.20416506927256,28.289741795164833,0.6202386923105937,0.20012388375574328,0.0986487411734067,0.8333333333333334,30,0.3045038367321281,0.5414118178777638,52.67564375684391,18.62071182521424,5.855962219598565,1.219236848046945,-1.446535349982414,0.3251542240859951,1.5631241967978242,15.0,3.2001789463480756,3,18
2025-05-08 20:15:00,SOLUSDT,1.4532013369276144,2.215012166968222,1.4532013369276144,True,0.1095335086713201,7.644355457698437,56.59722222222222,2.0666593520085375,5.403930414715408,0.06799693273631391,-0.40859222299706177,56.39827615101769,81.93993670593338,18.5294780328706,0.6607939549616247,0.22328504116932127,0.07863709929859289,0.16666666666666666,35,0.3359054150203038,0.7909868943903653,53.73996313175635,27.690617209341973,9.893726431265005,3.741100323624602,-1.7169487368162928,0.25662917358801657,0.3550543970493577,5.0,5.822663838509867,1,20
2025-05-08 21:55:00,LINKUSDT,-0.9566184021800253,0.0,0.11000000000000001,True,0.11872682486390736,8.583605760851754,57.52314814814815,2.0540887196368818,5.886600284905263,1.526553960230781,-1.4432631898858572,57.725161211068375,82.71313235211963,43.607213125453846,0.7384057804485864,0.21859532898310205,0.20941032775363874,0.5833333333333334,135,0.5777456014533502,0.36065485549140347,55.07516172255936,37.445467545028706,14.872355944566017,3.475689881734567,-1.5071919949968704,0.2556470752517709,1.639862723967356,5.0,8.867456065856128,0,21
2025-05-08 21:55:00,LTCUSDT,-0.8754374119111354,0.0,0.8152119171122626,True,0.11872682486390736,8.583605760851754,57.52314814814815,2.0540887196368818,5.886600284905263,1.526553960230781,-1.4432631898858572,57.725161211068375,82.71313235211963,43.607213125453846,0.7384057804485864,0.21859532898310205,0.20941032775363874,0.5833333333333334,135,0.5236249412740903,0.39789312425992485,56.687159167309645,24.91011512610949,6.558118498417009,1.2027491408934665,-1.2676794133054003,0.6129340551277054,0.379071060189174,5.0,3.9917202383067174,1,21
2025-05-08 22:15:00,DOGEUSDT,1.5720570938555318,2.8793371310201987,1.5720570938555318,True,0.11516396355623998,8.36413975033896,57.17592592592593,1.8125524602885523,6.035006190357883,1.4428434766314613,-1.3856438742805954,57.949285596194386,83.37249689971644,38.33455075059438,0.8330502474968953,0.22113978990152425,0.21582642614029848,0.9166666666666666,155,0.6086400185823334,0.7411369238084511,51.24691609208612,19.8739484462339,12.410501193317437,0.3690228690228725,-2.0541692026780245,0.013226299550358981,0.9744379225365404,5.0,7.158903781082615,0,22
2025-05-08 22:15:00,SUIUSDT,0.11000000000000001,1.2284827862289793,0.11000000000000001,True,0.11516396355623998,8.36413975033896,57.17592592592593,1.8125524602885523,6.035006190357883,1.4428434766314613,-1.3856438742805954,57.949285596194386,83.37249689971644,38.33455075059438,0.8330502474968953,0.22113978990152425,0.21582642614029848,0.9166666666666666,155,0.9624001364213699,0.4232502710972251,52.5379866793164,25.39134151529987,19.818334432519947,1.604046977477247,-2.725790357516611,0.06869100075661415,0.3746232135306128,10.0,10.778015817278487,1,22
2025-05-08 22:15:00,ADAUSDT,0.6943741348044022,2.0408163265306145,0.6943741348044022,True,0.11516396355623998,8.36413975033896,57.17592592592593,1.8125524602885523,6.035006190357883,1.4428434766314613,-1.3856438742805954,57.949285596194386,83.37249689971644,38.33455075059438,0.8330502474968953,0.22113978990152425,0.21582642614029848,0.9166666666666666,155,0.6282210958631061,0.6546097970786087,54.00860493576343,34.46357238477996,12.945225980245434,2.7221995372260777,-2.1522105536107783,0.2129192211570772,0.7313564434499323,10.0,7.345392287834263,2,22
2025-05-08 22:15:00,AVAXUSDT,1.4426573752776757,2.6221692491060766,1.4426573752776757,True,0.11516396355623998,8.36413975033896,57.17592592592593,1.8125524602885523,6.035006190357883,1.4428434766314613,-1.3856438742805954,57.949285596194386,83.37249689971644,38.33455075059438,0.8330502474968953,0.22113978990152425,0.21582642614029848,0.9166666666666666,155,0.5447559369142004,0.5722489510318858,53.9990356985751,29.520352566179593,12.027526705012326,2.3506779899591823,-1.5169300225733595,0.19998671109962496,0.8842030224979843,5.0,6.458873034593937,3,22
2025-05-09 01:05:00,XRPUSDT,-0.7899999999999999,0.45717243163978516,-1.09,True,0.11877159483542446,8.847993378822183,58.333333333333336,1.7417180347848893,5.017297858088132,-0.10228266148616383,-1.4003123522965844,50.22624109758522,78.2035984300501,20.33131451158332,0.669783778419758,0.17974794680909517,0.08421234568705416,3.75,325,0.34779136972040803,0.7675142099924329,57.73100579180984,24.855847905856177,8.456896954955795,3.3611197788971703,-0.6257232246174804,0.779543751295055,0.7927970349599507,35.0,5.158578520151558,0,1
2025-05-09 01:05:00,DOGEUSDT,-0.8384243257847309,0.9919214643623997,-1.337373876307885,True,0.11877159483542446,8.847993378822183,58.333333333333336,1.7417180347848893,5.017297858088132,-0.10228266148616383,-1.4003123522965844,50.22624109758522,78.2035984300501,20.33131451158332,0.669783778419758,0.17974794680909517,0.08421234568705416,3.75,325,0.498949550523154,0.6284786548709589,51.61328316786577,26.90320065751853,12.002519612895846,2.8446734672415763,-1.545353870935262,0.030638174895033767,0.8068494518444833,5.0,7.427798183222789,1,1
2025-05-09 01:05:00,SUIUSDT,-0.997648060492469,0.6613131790269122,-1.6027467674874485,True,0.11877159483542446,8.847993378822183,58.333333333333336,1.7417180347848893,5.017297858088132,-0.10228266148616383,-1.4003123522965844,50.22624109758522,78.2035984300501,20.33131451158332,0.669783778419758,0.17974794680909517,0.08421234568705416,3.75,325,0.6050987069949794,0.5667014495731274,54.53155809440948,20.7877955123885,18.68987902036001,2.980030721966198,-2.10518630290345,0.45417746454374597,0.8430408065079943,35.0,10.015990226866812,2,1
2025-05-09 01:05:00,ADAUSDT,0.26870836536777565,1.2937794040773776,0.26870836536777565,True,0.11877159483542446,8.847993378822183,58.333333333333336,1.7417180347848893,5.017297858088132,-0.10228266148616383,-1.4003123522965844,50.22624109758522,78.2035984300501,20.33131451158332,0.669783778419758,0.17974794680909517,0.08421234568705416,3.75,325,0.467535519354801,0.769159638528208,57.889217627039095,20.160260147243484,12.545962641564934,4.335969457322042,-0.7908725528328775,0.7776603705963906,0.830028772683108,35.0,7.714814732455144,3,1
2025-05-09 01:40:00,SOLUSDT,-0.7899999999999999,0.42963235745412387,-1.09,True,0.12122479830847126,9.061180964979787,57.870370370370374,1.6741111133071085,5.213206653843283,-0.15323253692525185,-1.3587037283819714,53.37403056295335,78.2035984300501,17.354675912656727,0.669783778419758,0.18371700805789046,0.0958337141210732,4.333333333333333,360,0.3862264494853843,0.35033595384611926,53.44599376909121,27.248594674129013,9.754125968339512,1.9013071486647215,-1.020594131583752,0.3624636999804351,1.0797056171804444,5.0,6.160117774730933,3,1
2025-05-09 04:55:00,SUIUSDT,2.4501872505739453,3.577670401973898,2.4501872505739453,True,0.1162043504009833,8.737718252562132,57.06018518518518,-0.1847721709613559,3.9392226705747824,0.22071654886668401,-1.4418251038058605,61.68569835023404,70.7492447060178,15.388766583088788,0.3847603338577507,0.14382006710938655,0.06102092399775614,7.583333333333333,555,0.5187415756999765,0.5279971909722428,46.14529062057182,39.9012415487311,8.2283234582325,-2.474056249060008,-5.310423714376123,0.06116018232977483,4.09554860463838,10.0,5.6373605226093915,0,4
2025-05-09 04:55:00,LTCUSDT,3.06856932258135,3.8874841972187157,3.06856932258135,True,0.1162043504009833,8.737718252562132,57.06018518518518,-0.1847721709613559,3.9392226705747824,0.22071654886668401,-1.4418251038058605,61.68569835023404,70.7492447060178,15.388766583088788,0.3847603338577507,0.14382006710938655,0.06102092399775614,7.583333333333333,555,0.3644574373186829,0.694078452052822,49.38077130502784,22.713951928832294,3.4888791975577815,1.1401172083111533,-1.2073272273105728,0.03196795787699507,1.9827807226318372,5.0,3.5712703573075544,1,4
2025-05-09 05:00:00,SOLUSDT,1.5480764440731958,2.165998148719517,1.5480764440731958,True,0.1163503961822436,8.751322751322753,57.06018518518518,-0.0608756367144303,3.7777860806289976,0.272708202223626,-1.4719290390804662,59.35192558822299,70.7492447060178,15.697358961767458,0.3847603338577507,0.1385700369287984,0.058861156658182125,7.666666666666667,560,0.2639608523231604,0.9384279101272456,51.47534633614741,18.29170204590991,7.27525486561631,0.5959401576758339,-1.5551910576514172,0.38539121362354806,2.0206986089535883,25.0,4.937017831415003,2,5
2025-05-09 05:00:00,AVAXUSDT,3.5666375025527337,4.431094448710438,3.5666375025527337,True,0.1163503961822436,8.751322751322753,57.06018518518518,-0.0608756367144303,3.7777860806289976,0.272708202223626,-1.4719290390804662,59.35192558822299,70.7492447060178,15.697358961767458,0.3847603338577507,0.1385700369287984,0.058861156658182125,7.666666666666667,560,0.38722847307885205,0.8820073432375476,49.80681998718074,27.224711924349375,7.377049180327866,1.578343656802006,-1.4774598371234071,0.20807732984121857,2.3355035565579474,5.0,6.159587697244695,3,5
2025-05-09 09:55:00,SOLUSDT,3.586621997109334,4.975961538461537,3.586621997109334,True,0.1148083187171133,9.243827750383304,59.72222222222222,0.4548938434575378,3.152461723401867,-0.6872759354964453,-1.425272819598944,47.31724884410681,64.79759635289892,29.114538838984117,0.34023615931644074,0.10161029190782235,0.16424877932650028,2.1666666666666665,855,0.6496697706761019,0.4046416415148488,53.54068504025723,22.10701954781044,7.639562714276482,3.1362340399156974,-2.1118889346432135,0.3713349205406114,0.9959256986584077,30.0,6.429026112100078,0,9
2025-05-09 09:55:00,DOGEUSDT,0.11000000000000001,1.0807652986709604,0.11000000000000001,True,0.1148083187171133,9.243827750383304,59.72222222222222,0.4548938434575378,3.152461723401867,-0.6872759354964453,-1.425272819598944,47.31724884410681,64.79759635289892,29.114538838984117,0.34023615931644074,0.10161029190782235,0.16424877932650028,2.1666666666666665,855,1.028651250036447,0.24230153146215236,52.24799978713903,24.750175391697738,11.891921337909238,6.149870801033597,-4.242424242424237,0.15426129624509644,1.1510509769021233,5.0,9.939803720681017,1,9
2025-05-09 10:00:00,XRPUSDT,1.4821732702726833,3.0062754409769354,1.4821732702726833,True,0.11484360369580061,9.251091025755432,59.72222222222222,0.40056819568581314,3.0960968968856584,-0.7535181228442989,-1.4689622795167279,46.25018337710296,64.79759635289892,27.994885867464813,0.34023615931644074,0.09969012265978083,0.16516239486447604,2.25,860,0.717051085352126,0.28774237783350304,51.08483390678995,19.759341547470772,6.532050413335133,2.5704592901878875,-2.858672817893493,0.006599864596065959,0.6883868668049856,10.0,5.395378523363048,2,10
2025-05-09 10:05:00,SUIUSDT,1.2895455952969281,3.0081834714083433,1.2895455952969281,True,0.11633063082752501,9.386456468738547,59.83796296296296,0.36630000925985673,3.3254628705146727,-0.592279799348927,-1.344888045758963,49.718131533207824,68.01999053681334,26.56964302218534,0.28175279099277345,0.10685703599089427,0.16888926057577425,2.3333333333333335,865,0.8143189380557075,0.3833728064108972,52.44291277203724,25.156230279616427,6.734605844926134,2.3632226703899084,-3.6481783445691085,0.396430965509523,2.4932670845759572,15.0,5.790262543095115,3,10
2025-05-09 10:40:00,LTCUSDT,0.11000000000000001,1.4626714068054936,0.11000000000000001,True,0.12113034274671276,9.785777260675776,60.416666666666664,0.660933634579175,3.5117695720839226,0.4819213779972742,-1.0953982351757707,57.480656158659315,68.01999053681334,17.717026267260685,0.28175279099277345,0.11244533773414062,0.11407817668538378,2.9166666666666665,900,0.6425523501897676,0.7165645688737767,53.82839982939323,16.3818961899525,6.432432432432433,4.146831693642228,-3.033586132177679,0.40522323889021317,0.36944260935532053,10.0,5.981680445321502,3,10
2025-05-09 12:20:00,SOLUSDT,-1.29,0.9253331781411633,-2.09,True,0.12079620907240961,9.91649458488757,61.458333333333336,0.05628543313582757,3.6322060900287,0.08182885054246469,-1.215640060168821,52.58344038972088,61.543477669782064,18.075514110954618,0.2260164379972721,0.11213511945212441,0.09414828637529654,4.583333333333333,1000,0.8288382168202836,0.32724988797875865,53.08701146356886,25.913194456036297,10.864516129032253,5.2618683001531386,-2.4523160762942697,0.16325717159325226,0.8697873940402602,10.0,8.612039053827147,0,12
2025-05-09 12:20:00,XRPUSDT,-1.064574646486674,0.033394556687249555,-1.71429107747779,True,0.12079620907240961,9.91649458488757,61.458333333333336,0.05628543313582757,3.6322060900287,0.08182885054246469,-1.215640060168821,52.58344038972088,61.543477669782064,18.075514110954618,0.2260164379972721,0.11213511945212441,0.09414828637529654,4.583333333333333,1000,0.649716430991116,0.5285057108729186,53.33126276458789,15.53711175646541,7.948810382119698,3.9802074742827376,-1.3872308895566676,0.26706441192882907,0.8389041739286601,10.0,6.228368586703126,1,12
2025-05-09 12:20:00,SUIUSDT,0.11000000000000001,1.463059626580998,0.11000000000000001,True,0.12079620907240961,9.91649458488757,61.458333333333336,0.05628543313582757,3.6322060900287,0.08182885054246469,-1.215640060168821,52.58344038972088,61.543477669782064,18.075514110954618,0.2260164379972721,0.11213511945212441,0.09414828637529654,4.583333333333333,1000,0.8052021220341771,0.46061472450890767,51.56215900413293,15.182899588191594,5.03453002266856,0.896338684357123,-3.0202730657840404,0.157496506205147,0.9786847530432093,5.0,5.98360574401422,2,12
2025-05-09 12:20:00,ADAUSDT,-1.2406145421118897,0.06283775292195148,-2.007690903519816,True,0.12079620907240961,9.91649458488757,61.458333333333336,0.05628543313582757,3.6322060900287,0.08182885054246469,-1.215640060168821,52.58344038972088,61.543477669782064,18.075514110954618,0.2260164379972721,0.11213511945212441,0.09414828637529654,4.583333333333333,1000,0.7670763614079265,0.4412451694505804,54.25673388449095,17.48880096638782,10.055325034578155,3.6607608129233915,-2.738051582936085,0.4477177559004131,0.7390822955824234,10.0,8.237394574757605,3,12
2025-05-09 14:10:00,DOGEUSDT,-1.0001679409170823,0.0,-1.606946568195137,True,0.12377119354180756,10.137841357940601,61.80555555555556,0.007729700116620997,4.418246401271908,0.5893186003683271,-0.8317285121631102,61.00046256225342,60.88250068450045,18.409756899613413,0.22522106133099382,0.13518619122876305,0.08902244932676487,6.416666666666667,1110,0.6067786272780548,0.9356906180171175,53.84125238660819,11.954411807912972,13.351824658726263,0.5160356884494677,-2.834498834498833,0.40742411932468625,0.3964628367577303,5.0,9.387715489522153,1,14
2025-05-09 14:10:00,LINKUSDT,-0.9394042760519675,0.0,-1.505673793419946,True,0.12377119354180756,10.137841357940601,61.80555555555556,0.007729700116620997,4.418246401271908,0.5893186003683271,-0.8317285121631102,61.00046256225342,60.88250068450045,18.409756899613413,0.22522106133099382,0.13518619122876305,0.08902244932676487,6.416666666666667,1110,0.5662695173679784,0.8108950077400995,50.529022136787,11.613073320253928,9.617722544914242,0.30902348578492056,-3.2604160457769593,0.008771881503284593,0.6561750237717456,5.0,6.67349058178468,2,14
2025-05-09 14:10:00,AVAXUSDT,-0.9895697883600646,0.0,-1.5892829806001076,True,0.12377119354180756,10.137841357940601,61.80555555555556,0.007729700116620997,4.418246401271908,0.5893186003683271,-0.8317285121631102,61.00046256225342,60.88250068450045,18.409756899613413,0.22522106133099382,0.13518619122876305,0.08902244932676487,6.416666666666667,1110,0.599713192240043,0.6545895466892274,52.57058269785902,11.518558616090404,13.779584724843907,1.8853205044857546,-2.0500000000000074,0.2690504585586728,0.45155328045619897,5.0,8.753418697872807,3,14
2025-05-09 15:10:00,ADAUSDT,-1.1165550261289736,0.0,-1.8009250435482893,True,0.11261582415154359,9.29757763448158,61.111111111111114,0.4364237423092332,3.3578553053211113,-0.04035070191792389,-1.2632577390704447,49.81282796343702,57.730108003928365,17.494539167211496,0.20300571062076248,0.10063180421884106,0.15836867889600603,7.416666666666667,1170,0.6843700174193157,0.359101713274706,48.62106418231877,19.322414950440578,8.11853893866299,0.2556237218813928,-4.119300818970794,0.023376135874486836,2.4777278126297784,10.0,5.87849636684199,0,15
2025-05-09 16:15:00,SOLUSDT,1.6515584895153848,2.98647854203411,1.6515584895153848,True,0.10508967398296606,8.631869502179068,59.72222222222222,-0.189045094100182,1.749798077379916,-0.4780695979490712,-1.5103522941756875,47.70522920466241,53.06987439489634,22.458622944015335,0.07739245055481042,0.055713835486921014,0.14528323518339753,8.5,1235,0.6224600262593626,0.5458650701141547,50.88071099346288,22.168134169957977,5.94170403587444,1.4916467780429654,-3.440054495912803,0.2497906084697457,2.6474591079668732,10.0,6.3042545298047425,0,16
2025-05-09 16:15:00,DOGEUSDT,-1.29,0.17172014522617296,0.11000000000000001,True,0.10508967398296606,8.631869502179068,59.72222222222222,-0.189045094100182,1.749798077379916,-0.4780695979490712,-1.5103522941756875,47.70522920466241,53.06987439489634,22.458622944015335,0.07739245055481042,0.055713835486921014,0.14528323518339753,8.5,1235,0.8215964308207803,0.7558035387606544,49.33691238161782,32.868767696744705,5.930353430353441,-1.302663438256657,-4.983682983682991,0.12100440526673811,2.8929593497359978,10.0,6.4426616404667625,1,16
2025-05-09 16:15:00,AVAXUSDT,-1.1322774546834664,0.008662508662493629,0.16617337296534304,True,0.10508967398296606,8.631869502179068,59.72222222222222,-0.189045094100182,1.749798077379916,-0.4780695979490712,-1.5103522941756875,47.70522920466241,53.06987439489634,22.458622944015335,0.07739245055481042,0.055713835486921014,0.14528323518339753,8.5,1235,0.6948516364556443,0.4503552756866958,49.0238018005002,20.65620512378868,8.328250363627854,-0.24196335983407424,-3.7999999999999923,0.07474961741923822,2.623585256605264,5.0,6.292733509438908,2,16
2025-05-09 16:15:00,LTCUSDT,-0.9684074451761736,0.2634512108623088,0.11000000000000001,True,0.10508967398296606,8.631869502179068,59.72222222222222,-0.189045094100182,1.749798077379916,-0.4780695979490712,-1.5103522941756875,47.70522920466241,53.06987439489634,22.458622944015335,0.07739245055481042,0.055713835486921014,0.14528323518339753,8.5,1235,0.5856049634507824,0.571921520071027,52.70370044861863,26.10976756341049,5.982171624959731,0.5399898115129975,-2.807052102826746,0.4975879406261233,2.7076549209093934,10.0,4.827170682595794,3,16
2025-05-09 17:05:00,XRPUSDT,0.11000000000000001,1.1579712002734555,0.11000000000000001,True,0.10800812689066677,8.890877796901897,59.375,-0.34354067913261455,1.6482169199799168,-0.2846747966296803,-1.50077127226389,51.75609790118614,59.38353106661644,24.140641296772245,0.07575771205425993,0.052217767197093194,0.09648876277321508,9.333333333333334,1285,0.48250491176456506,0.6649771242673075,47.81369982448103,43.96349983662599,4.282340359164016,-2.8236857403870164,-3.6677232124480375,0.01269863647234364,2.7113528548767496,5.0,2.937623201274886,1,17
2025-05-09 17:05:00,LINKUSDT,0.4465129402190985,1.7345399698340813,0.4465129402190985,True,0.10800812689066677,8.890877796901897,59.375,-0.34354067913261455,1.6482169199799168,-0.2846747966296803,-1.50077127226389,51.75609790118614,59.38353106661644,24.140641296772245,0.07575771205425993,0.052217767197093194,0.09648876277321508,9.333333333333334,1285,0.5990135148074914,0.7134481596657409,49.86663689069144,26.816750170373577,4.094982665009472,-2.7263280151598623,-5.1499076116111375,0.17883885323773233,1.0052910683760936,5.0,4.015475501801857,2,17
2025-05-09 18:45:00,SUIUSDT,-0.808004514073895,0.2686452603300582,1.1299665197193096,True,0.10899687516961712,8.890486435319911,59.606481481481474,0.30527976696199666,1.9260009136664147,0.7367396612655286,-1.0262232569725915,64.24691081022985,59.02451771800089,16.09057935722732,0.09542269190000031,0.06266171022811169,0.07243684088113397,11.0,1385,0.4786696760492633,0.5067754785262141,50.18883207333125,17.538455986581333,-0.44067451220133336,-1.5763894135126244,-4.877217746842222,0.08979652407767261,0.5582344344690054,25.0,2.995863094562523,2,18
2025-05-09 19:50:00,XRPUSDT,-0.7899999999999999,0.3738794238858034,0.41069973061860876,True,0.10696432275461548,8.69559718732611,58.79629629629629,-0.4961895766421254,2.012140298888343,0.005236099610006484,-1.1855556513657661,55.54287723702569,59.04986799600934,17.661481395806597,0.15124815303746444,0.06566642887347367,0.05016370031260727,12.083333333333334,1450,0.28710180652652695,0.7724799230801936,50.57877207917565,18.00831558414414,3.687224669603517,-1.6956939397736237,-3.112007574198339,0.06538418239924139,1.0704300840612266,5.0,3.235810838994446,2,19
2025-05-09 19:50:00,DOGEUSDT,-0.7899999999999999,0.3604656826927677,0.948719927484479,True,0.10696432275461548,8.69559718732611,58.79629629629629,-0.4961895766421254,2.012140298888343,0.005236099610006484,-1.1855556513657661,55.54287723702569,59.04986799600934,17.661481395806597,0.15124815303746444,0.06566642887347367,0.05016370031260727,12.083333333333334,1450,0.38180424298970195,0.9222209760768728,58.576990963466216,15.786764903399899,7.481283702423958,-1.9532928984192122,-4.289044289044286,0.8922761449735394,1.058325244206622,30.0,6.369358487181875,3,19
2025-05-09 20:20:00,ADAUSDT,-0.7899999999999999,0.2429978258089216,-1.09,True,0.10960466311384294,8.929283257158893,59.02777777777778,0.3430140158771522,1.917612234829802,0.22024615175639806,-1.0342713153784988,61.952493822805195,59.02274767929462,16.758855116770143,0.13401779364381045,0.06370355802481276,0.048057890491660926,12.583333333333334,1480,0.314692616438624,0.39433405048222464,50.494909198204844,20.824322607760184,5.83378451543044,0.3593890386343279,-4.424886933137762,0.16413161895519363,1.321717938572306,10.0,4.480099791811787,3,20
2025-05-09 21:55:00,SUIUSDT,0.2613076388451955,1.0275810945527875,0.2613076388451955,True,0.1077522286473466,8.775659645871258,59.375,0.08760083575669597,0.1392024700413108,-0.1963246094109805,-1.370086133386983,46.26720200243354,56.2343998087536,28.40175193228881,0.10267845767941344,0.005285025760345908,0.056150673391480256,14.166666666666666,1575,0.338136727853796,0.923635780662204,55.54647550005515,13.60018258346394,-2.29526211943355,-0.11489850631942744,-4.077679425250713,0.6841114193222776,1.4602762323298768,15.0,2.748344725008378,3,21
2025-05-11 00:45:00,SOLUSDT,0.2957817584718915,1.8587570621468874,0.2957817584718915,True,0.10738009680673835,7.816316258498901,60.18518518518518,1.3437289739378633,1.5768284826123136,0.8671939756699221,-0.4459995752384982,56.13234935962921,62.6252422800512,35.584332709381755,0.24195626508994186,0.09033921045745867,0.1907028612318164,1.3333333333333333,20,0.736487651837498,0.41565473420034865,54.119194070934604,30.26855365652296,3.182745555231703,3.0445919198975435,-1.2992082078733147,0.5325354665110478,0.9263501828565534,10.0,4.636567277545578,0,0
2025-05-11 00:45:00,DOGEUSDT,-1.29,0.0,-2.09,True,0.10738009680673835,7.816316258498901,60.18518518518518,1.3437289739378633,1.5768284826123136,0.8671939756699221,-0.4459995752384982,56.13234935962921,62.6252422800512,35.584332709381755,0.24195626508994186,0.09033921045745867,0.1907028612318164,1.3333333333333333,20,1.2770419394010346,0.8029905222173943,55.711327729498535,34.790523975762795,22.76908023483366,7.455144949257053,-3.3842836792053355,0.7024193750349619,0.8563841704239714,10.0,15.59339471593284,1,0
2025-05-11 00:45:00,AVAXUSDT,-1.29,0.0,-2.09,True,0.10738009680673835,7.816316258498901,60.18518518518518,1.3437289739378633,1.5768284826123136,0.8671939756699221,-0.4459995752384982,56.13234935962921,62.6252422800512,35.584332709381755,0.24195626508994186,0.09033921045745867,0.1907028612318164,1.3333333333333333,20,0.8190159552574232,0.6040600567377709,51.792861741052405,40.40073840469387,10.475697589166334,4.499653245216817,-1.5753477291938878,0.25826650698266646,1.798352044283621,5.0,8.293342278802452,2,0
2025-06-08 21:10:00,SUIUSDT,-0.7899999999999999,0.23530849860953218,-1.09,True,0.11920090441813258,5.742662982600244,65.04629629629629,0.21382724344034543,0.43977869201305975,-0.05496036078088684,-0.09407337723423836,50.59568701799845,65.19422742167713,22.341565086955587,0.13442896134697094,0.04348801975197798,0.024324761958353,3.5833333333333335,35,0.2188146881046268,0.7680840068638529,55.36496014080265,21.445159877530603,1.1717783823893102,1.8519671314741082,-0.2651630600426724,0.36572603063534975,0.45354818777196787,20.0,1.6441066172302676,0,21
2025-06-08 21:10:00,LINKUSDT,-0.7899999999999999,0.2727729524083067,-1.09,True,0.11920090441813258,5.742662982600244,65.04629629629629,0.21382724344034543,0.43977869201305975,-0.05496036078088684,-0.09407337723423836,50.59568701799845,65.19422742167713,22.341565086955587,0.13442896134697094,0.04348801975197798,0.024324761958353,3.5833333333333335,35,0.1658295909444359,0.9542871400652827,58.685211483622744,23.197751806973013,1.0152284263959421,0.9274018258223382,-0.20060180541625616,0.8025403057604736,2.098908269762499,15.0,1.253272875625533,1,21
2025-06-08 21:15:00,DOGEUSDT,-0.7899999999999999,0.5378078950198928,-1.09,True,0.11430239977056002,5.460036275155078,65.16203703703704,0.32317226347133854,0.4669162813527583,-0.016188661912974744,-0.06585136406397352,54.35239411026981,65.19422742167713,21.54176771553346,0.13442896134697094,0.04604852023541893,0.025062605475318262,3.6666666666666665,40,0.1834452735878371,0.5845053260805492,52.22619281388136,20.94201615577474,0.857018876111959,0.829673011224985,-0.4070701660417786,0.1889430419208396,1.5223001778575482,20.0,1.2082840572959386,2,21
2025-06-08 21:15:00,LTCUSDT,-0.7899999999999999,0.28434940855321944,-1.09,True,0.11430239977056002,5.460036275155078,65.16203703703704,0.32317226347133854,0.4669162813527583,-0.016188661912974744,-0.06585136406397352,54.35239411026981,65.19422742167713,21.54176771553346,0.13442896134697094,0.04604852023541893,0.025062605475318262,3.6666666666666665,40,0.10963010943415809,0.45849968682146003,50.09221189939576,21.30135547942983,-0.3400589435502144,-0.034110289937461236,-1.0912363595455,0.18761032262644822,1.5703345965045892,20.0,0.27955041768887856,3,21
2025-06-09 23:20:00,XRPUSDT,-0.7899999999999999,0.39692812149452195,-1.09,True,0.12356847992542777,5.698264844388667,63.541666666666664,1.77468216199137,4.368488220174305,0.654307823460254,-0.44607676569041743,61.754338966554535,83.54759611308381,46.94642030272704,0.6959490106996999,0.2110435232354292,0.13648264671640015,1.8333333333333333,120,0.247389898020691,0.6500038195272907,53.39093425942395,30.22414366242524,2.5437975579543304,0.9274579813637329,-0.4680522157334388,0.15310415346645267,2.0744921384952493,15.0,2.936936425128378,0,23
2025-06-09 23:35:00,SUIUSDT,-0.7899999999999999,0.34015583207349653,-1.09,True,0.12104849366161682,5.5966370112905395,63.657407407407405,1.6827102902998492,4.216570385185858,0.051070712945322505,-0.5005711517745537,58.61862686499337,83.54759611308381,45.78406736487011,0.6959490106996999,0.20256652782072407,0.08286578013048987,2.0833333333333335,135,0.3173954421858522,0.8104570567507142,56.76033952055447,29.087200096980734,6.727278369069412,1.8929968005687803,-0.8789625360230646,0.785036498546968,1.2694983992383586,10.0,4.663077441803076,1,23
2025-06-10 02:50:00,DOGEUSDT,-0.7899999999999999,0.015417823003383013,-1.09,True,0.1035910210366356,4.916355010569218,62.268518518518526,0.9609277923512405,3.9109288882404947,-0.2465439736777264,-0.8717294331137992,49.26172719435013,71.74798527976314,23.36492683969842,0.42143445242573935,0.17728803078191563,0.0690743946883158,5.333333333333333,330,0.3066137362871848,0.39000841799399294,51.55683131137546,19.417540349765304,6.642551792173612,4.092441020702942,-0.8206330597889777,0.2754880484473293,2.0325112730660098,15.0,4.407782366311119,1,2
2025-06-10 02:50:00,ADAUSDT,-0.7899999999999999,0.0,-1.09,True,0.1035910210366356,4.916355010569218,62.268518518518526,0.9609277923512405,3.9109288882404947,-0.2465439736777264,-0.8717294331137992,49.26172719435013,71.74798527976314,23.36492683969842,0.42143445242573935,0.17728803078191563,0.0690743946883158,5.333333333333333,330,0.2931311279621364,0.588805064473826,56.19609382317054,25.718569546043646,7.158971273875769,4.044976635514019,-0.433202906651764,0.6315083448179637,1.7670745702951018,35.0,5.165806470969692,2,2
2025-06-10 02:50:00,LINKUSDT,-0.7899999999999999,0.0,-1.09,True,0.1035910210366356,4.916355010569218,62.268518518518526,0.9609277923512405,3.9109288882404947,-0.2465439736777264,-0.8717294331137992,49.26172719435013,71.74798527976314,23.36492683969842,0.42143445242573935,0.17728803078191563,0.0690743946883158,5.333333333333333,330,0.3208101080025336,0.7749566874623641,63.461977288579995,30.641140954467673,6.568012829858572,4.109101267625692,-0.013678954927842657,1.6414720719986364,0.9334743574012212,35.0,4.837371305767291,3,2
2025-06-25 16:15:00,DOGEUSDT,0.3331208104582727,1.2430686734507201,0.3331208104582727,True,0.10091362371059256,8.660935276986814,60.416666666666664,0.5858114481457566,2.067909478108554,-0.03407189915461961,-0.6590456419635515,53.20225866222372,61.21013523254965,24.97941091712218,0.1817511646335387,0.0920327927104747,0.12310631642261834,2.5,5,0.40997393149622374,0.6160558528955321,51.21645992968041,22.930574605290865,0.152569266446978,-0.7199032062915944,-2.105702696253875,0.45894613337017964,0.7405783108241255,95.0,0.6722224554928102,0,16
2025-06-25 16:20:00,LTCUSDT,0.6001755156066697,1.3630437359250847,0.6001755156066697,True,0.10254242491510286,8.802003569694694,60.532407407407405,0.3942887978400256,1.940363705427095,-0.21991933812272046,-0.6914243582307078,52.17983391759959,61.21013523254965,23.944358203870163,0.1817511646335387,0.08666460251684871,0.11806426218923204,2.5833333333333335,10,0.3364341101592075,0.36536157136678127,48.97206749558761,23.114387442562013,-0.1656412683388564,-0.3071833648393252,-1.2406367041198574,0.020676193012805478,0.3622862511115556,5.0,0.37037503826959917,1,16
2025-06-25 20:45:00,XRPUSDT,-0.7899999999999999,0.21848969001776464,-1.09,True,0.10206829223163975,8.442775224161615,62.38425925925925,-0.025249102821411906,1.6264090481034277,0.3388434602839441,-0.3666195787621507,57.52950459127876,67.9834232001989,14.94390172058898,0.2172306178895714,0.07455533254896492,0.07296942167289897,7.0,100,0.2173845002202703,0.3275441061514238,53.34224748737024,19.675946453694852,-0.3989482274004863,-0.4079782411604671,-1.448885300318481,0.17488131547391522,1.3993425319894242,5.0,1.1213330513213826,1,20
2025-06-25 20:55:00,BNBUSDT,-0.7899999999999999,0.3830352454205599,-1.09,True,0.1004394010077644,8.266285267450169,62.38425925925925,0.1472676002911788,1.6013016411997816,0.3365425815321732,-0.34969013568532104,57.12724561789358,67.9834232001989,17.60665612620233,0.2172306178895714,0.07330279230227829,0.0749430833055236,7.166666666666667,5,0.07294282449651895,1.1952026349914093,61.497299047947514,22.720015157767854,0.5653666340493579,0.2166947853947665,-0.8605245831355579,1.161809329013788,3.073642690452123,15.0,1.8111243368987617,2,20
2025-07-10 19:05:00,SOLUSDT,1.7492995409762175,2.5357770524730316,1.7492995409762175,True,0.10276624355355898,5.151495791192029,59.95370370370371,2.4814666083103676,3.7352179782999206,0.2706239272167288,-0.17290787623065462,64.97122943936253,73.28303943432937,42.95586369112117,0.5701971880460829,0.1797872854938208,0.0986705330854043,1.25,5,0.34823875574840696,0.599745957052061,52.25919960043157,26.11478452043741,3.059904256695556,1.1042711175985431,-1.172456575682379,0.0673178168449361,0.7606877682874558,35.0,2.369820184688254,0,19
2025-07-10 19:05:00,LINKUSDT,2.1697975018559097,2.8608493786699274,2.1697975018559097,True,0.10276624355355898,5.151495791192029,59.95370370370371,2.4814666083103676,3.7352179782999206,0.2706239272167288,-0.17290787623065462,64.97122943936253,73.28303943432937,42.95586369112117,0.5701971880460829,0.1797872854938208,0.0986705330854043,1.25,5,0.3005259384070088,0.45538432480203106,57.71239214350797,20.833091446950025,4.227156276686594,2.362314788929276,-0.6107491856677472,0.7416365932621749,1.400336787285994,35.0,3.385630569085629,1,19
2025-07-10 19:05:00,AVAXUSDT,1.7466869968057155,2.484002620043313,1.7466869968057155,True,0.10276624355355898,5.151495791192029,59.95370370370371,2.4814666083103676,3.7352179782999206,0.2706239272167288,-0.17290787623065462,64.97122943936253,73.28303943432937,42.95586369112117,0.5701971880460829,0.1797872854938208,0.0986705330854043,1.25,5,0.3236578116187987,0.9941702823839852,56.231705161084264,23.761441290119283,6.41286863270778,1.270602643261709,-0.49137585238667736,0.5527140565380743,1.865364157362648,35.0,3.939763085579373,2,19
2025-07-10 20:55:00,XRPUSDT,1.2509100393014787,1.9003800760152068,1.2509100393014787,True,0.10375168980458346,5.203602072796443,60.416666666666664,2.006385179189718,2.4849154015602393,0.03942449063469855,-0.29360056258790346,55.31079347800033,74.37726304613408,23.32460749483871,0.4927654924008265,0.13714519378453302,0.06537091303471612,3.0833333333333335,20,0.279735018356864,0.6554253045638229,51.83949390610509,25.79410379627883,4.44611591659354,2.455320544351536,-0.5094932929984641,0.05184017754683586,1.884002534970117,5.0,4.047841784454231,3,20
2025-07-10 23:45:00,SOLUSDT,-0.7899999999999999,0.2989992677568942,-1.09,True,0.12894771593714124,7.0380223604413095,61.342592592592595,2.083634440821358,4.088907659681529,-0.5882267118779039,-1.417617021276596,55.76962898276522,79.51950731280992,32.90917308012765,1.0063701602519473,0.19048077526843485,0.08160991400592427,2.5,190,0.3643877235874293,0.37473362088191003,53.487296011907574,39.76824399170119,4.2692625819176655,2.6688384914171026,-0.8950169327527902,0.08331810722587346,0.9509934559099616,5.0,4.541662893779774,0,23
2025-07-10 23:45:00,XRPUSDT,-0.7899999999999999,0.2792087773801466,-1.09,True,0.12894771593714124,7.0380223604413095,61.342592592592595,2.083634440821358,4.088907659681529,-0.5882267118779039,-1.417617021276596,55.76962898276522,79.51950731280992,32.90917308012765,1.0063701602519473,0.19048077526843485,0.08160991400592427,2.5,190,0.3520798082149823,0.6011730924004903,54.67057271642253,27.022996989861387,5.790831183958733,1.9728927740797264,-0.927224559763129,0.3399229143772848,0.8652600309594703,15.0,5.148831404752152,1,23
2025-07-10 23:45:00,SUIUSDT,-0.7899999999999999,0.815552939149411,-1.1332723907820654,True,0.12894771593714124,7.0380223604413095,61.342592592592595,2.083634440821358,4.088907659681529,-0.5882267118779039,-1.417617021276596,55.76962898276522,79.51950731280992,32.90917308012765,1.0063701602519473,0.19048077526843485,0.08160991400592427,2.5,190,0.41730895631282616,0.4343252147361625,60.15981087020752,19.866081565893552,12.969991889699916,2.568407410680096,-0.3177420278238974,0.9981688809989028,0.3068999901968178,15.0,10.120705689951425,2,23
2025-07-10 23:45:00,ADAUSDT,-0.7899999999999999,0.4589872668048445,-1.1240275728861329,True,0.12894771593714124,7.0380223604413095,61.342592592592595,2.083634440821358,4.088907659681529,-0.5882267118779039,-1.417617021276596,55.76962898276522,79.51950731280992,32.90917308012765,1.0063701602519473,0.19048077526843485,0.08160991400592427,2.5,190,0.4136110291544531,0.4188883733125521,56.47941350243158,54.002714928676326,8.289241622574961,3.0672974210285364,-0.7202704689107775,0.36433470332729,0.5186547248079426,15.0,8.066652210135604,3,23
2025-07-11 01:05:00,DOGEUSDT,1.9098842753388254,3.025601241272291,1.9098842753388254,True,0.12449222059391181,6.888182718382518,60.18518518518518,1.800317532160478,4.271882314210607,-0.34927120236525333,-1.6103829787234014,49.622783757811504,75.79430021069152,20.03952505957328,0.7438137237677784,0.18876263884294586,0.0884744765355952,3.8333333333333335,270,0.5128584829667328,0.5792661467458249,52.50606954802668,27.353992783788936,7.93234341855531,3.806507033179418,-1.5278838808250539,0.21262904256733997,1.3589717682241613,10.0,6.848164764759268,0,1
2025-07-11 01:05:00,LINKUSDT,0.6897116581643615,1.573092871717252,0.6897116581643615,True,0.12449222059391181,6.888182718382518,60.18518518518518,1.800317532160478,4.271882314210607,-0.34927120236525333,-1.6103829787234014,49.622783757811504,75.79430021069152,20.03952505957328,0.7438137237677784,0.18876263884294586,0.0884744765355952,3.8333333333333335,270,0.3966906067764453,0.903547187408597,54.735259287074406,29.06668924197572,7.082951582211572,3.7416359415540112,-0.945302822869809,0.5311380705108083,2.1647640369807855,10.0,5.660244015402638,1,1
2025-07-11 01:05:00,AVAXUSDT,1.6488139332644647,2.721286073987983,1.6488139332644647,True,0.12449222059391181,6.888182718382518,60.18518518518518,1.800317532160478,4.271882314210607,-0.34927120236525333,-1.6103829787234014,49.622783757811504,75.79430021069152,20.03952505957328,0.7438137237677784,0.18876263884294586,0.0884744765355952,3.8333333333333335,270,0.49123607036175915,0.7455983770180553,54.540559654776274,24.540591211798503,6.262543096794104,4.051194195303842,-0.6351650466750125,0.41001649831470516,1.4238073936996554,15.0,6.407632781865491,2,1
2025-07-11 03:15:00,SOLUSDT,0.7309039347844616,1.3186679630529774,0.7309039347844616,True,0.14467338523296017,8.104995071568988,62.84722222222222,0.021468496698573425,4.812524802770168,0.6406977427393379,-0.8725957446808486,61.488492813665225,79.01704288258225,28.352773816739923,0.7631391264657041,0.20508179496422216,0.08174370074072226,6.0,400,0.24888201413425792,0.8424621489702091,52.485335957996284,22.443000014472176,4.125276811135703,0.7838814379325099,-0.4777455249153517,0.05597386605757268,0.3997967832519801,5.0,4.2306102402852375,3,3
2025-07-11 03:40:00,DOGEUSDT,0.34542936309419925,1.284515019722865,0.34542936309419925,True,0.14309201530743307,8.001227008647449,62.84722222222222,0.22825591495876374,5.009510816921048,0.4966260644604814,-0.8183829787234087,62.90737287938786,79.01704288258225,26.441673324755055,0.7631391264657041,0.21331578563672488,0.07668693735214024,6.416666666666667,425,0.4245428283143329,0.5088666196842151,54.10648935380629,46.34053670539757,9.825594312375019,2.652891703872906,-0.7379518072289204,0.09006622724017332,0.39680192327459335,5.0,8.458603533677046,3,3
2025-07-11 04:40:00,SUIUSDT,0.31702261964196965,1.0513918014420698,0.31702261964196965,True,0.1426580453852806,8.022675497474063,63.19444444444444,0.5826200823638716,4.941993897884056,0.12081473956995215,-0.7659574468085073,57.665318360713194,79.08394135064202,25.70323015241215,0.7664269033162123,0.2072419571551507,0.05728807413908169,7.416666666666667,485,0.3221845909000501,0.8229147396544604,52.026329237081356,12.519075570170942,11.146588332960828,0.3459210147016334,-0.8459851311704236,0.18006221845628573,1.296768900003902,20.0,8.11965814321136,3,4
2025-07-11 06:05:00,SOLUSDT,-0.7899999999999999,0.042245021122533366,-1.09,True,0.16108855236548336,9.353851730141717,63.19444444444444,1.914610343445844,6.48040940463821,1.4415146969139592,-0.10946324999429047,74.42630559345238,79.62869271162148,53.53666326329761,0.7809175106984401,0.2523711181158685,0.10580350106629,0.3333333333333333,570,0.33012824909334226,0.736193197031188,55.63966235658021,23.162348783184854,5.743825387708212,0.9320175438596534,-0.6237629700713732,0.510295971126265,0.33209279257869273,10.0,4.441397328043917,1,6
2025-07-11 06:05:00,DOGEUSDT,-0.8398113403761386,0.09519515005762536,-1.3396855672935644,True,0.16108855236548336,9.353851730141717,63.19444444444444,1.914610343445844,6.48040940463821,1.4415146969139592,-0.10946324999429047,74.42630559345238,79.62869271162148,53.53666326329761,0.7809175106984401,0.2523711181158685,0.10580350106629,0.3333333333333333,570,0.4998742269174257,0.7020246154733982,54.77552942694369,31.40693718174036,10.753523471312842,2.2331489448883524,-0.8740564163686959,0.4890194366367248,0.852553662309391,10.0,8.448494577481537,2,6
2025-07-11 07:20:00,XRPUSDT,2.1749325260956565,2.9835152078012683,2.1749325260956565,True,0.14799831954193352,8.684143468080862,62.5,1.5564259401447789,5.768154303833062,0.4033461783184311,-0.5733306643219804,53.69163474924421,78.22577870633862,34.16402569183205,0.7602136957197468,0.21911178462210584,0.12108255798787455,1.5833333333333333,645,0.35929134085280595,1.1558215465337878,55.12989822149885,23.90898556945308,6.266705045437715,1.548194428071814,-0.5043505043505037,0.7928391868920638,2.122054480898133,10.0,5.059478873698753,0,7
2025-07-11 07:20:00,SUIUSDT,0.4072670436389606,1.4987391104997805,0.4072670436389606,True,0.14799831954193352,8.684143468080862,62.5,1.5564259401447789,5.768154303833062,0.4033461783184311,-0.5733306643219804,53.69163474924421,78.22577870633862,34.16402569183205,0.7602136957197468,0.21911178462210584,0.12108255798787455,1.5833333333333333,645,0.50073603343041,0.9688079320119845,51.289213962497904,27.372118965774717,8.203379321035499,0.8116695551704245,-1.7371473619010147,0.4106082147710989,2.9323664779173932,5.0,7.386910949718062,1,7
2025-07-11 07:40:00,LINKUSDT,-0.7899999999999999,0.0,0.6779938209550113,True,0.14996427631331535,8.832755169559325,62.5,1.6979627034601652,6.0383452366073564,0.0040703250409057645,-0.3922433124795677,58.893851957682834,78.22577870633862,33.502499239762734,0.7602136957197468,0.22776326945904718,0.10942745172649454,1.9166666666666667,665,0.3439375754187699,0.6509015610358893,48.97017537570236,26.97492788631606,6.772604260634241,0.4242266022712604,-1.3780284578900126,0.056725427964861685,3.1148326832930597,5.0,5.44626923899596,2,7
2025-07-11 07:40:00,LTCUSDT,0.8619020762545255,1.5315220811916497,0.8619020762545255,True,0.14996427631331535,8.832755169559325,62.5,1.6979627034601652,6.0383452366073564,0.0040703250409057645,-0.3922433124795677,58.893851957682834,78.22577870633862,33.502499239762734,0.7602136957197468,0.22776326945904718,0.10942745172649454,1.9166666666666667,665,0.2898100024685621,0.24697338934343185,49.2896998054347,27.190171975838577,4.689215901603339,0.24185068349107386,-1.2738193869097025,0.1563198754497355,3.021489198864031,10.0,3.8484826706510544,3,7
2025-07-11 08:20:00,AVAXUSDT,0.8278261871828638,1.528802837151333,0.8278261871828638,True,0.147507904454278,8.766833393911089,62.03703703703704,1.4880112106542498,6.002853621104909,-0.2552332546004732,-0.41555493053391235,57.26089959221842,79.79903819295096,24.699688933578855,0.6966162471866518,0.2229151781839061,0.07713838312531085,2.5833333333333335,705,0.30548832498423456,0.35509849542056315,51.1065344451135,28.604608462784384,6.839707162238251,0.07192864678240429,-1.6262845290845651,0.4326264361902046,2.8116904472538673,10.0,5.582589011701367,3,8
2025-07-11 11:50:00,XRPUSDT,1.9231833283550512,2.971802082541597,1.9231833283550512,True,0.1382124578253837,8.455432921955296,60.995370370370374,-0.23074775133058445,6.272904750488051,-0.44698605258290947,-0.819714878855482,49.20230734426396,72.67228441784277,21.235530837274972,0.5876458940285956,0.21505446118192334,0.0750459303257317,2.25,915,0.4793093770932728,0.5170200094262406,54.25259810225877,39.34071123866719,7.185336048879831,1.5357308226578104,-1.1235110660203662,0.4595877223722235,0.9644232006600335,5.0,5.95705838350522,1,11
2025-07-11 11:50:00,DOGEUSDT,-0.7899999999999999,0.5220097374893484,0.12826266044193865,True,0.1382124578253837,8.455432921955296,60.995370370370374,-0.23074775133058445,6.272904750488051,-0.44698605258290947,-0.819714878855482,49.20230734426396,72.67228441784277,21.235530837274972,0.5876458940285956,0.21505446118192334,0.0750459303257317,2.25,915,0.44299435366198425,1.0410620208094108,52.645245167849964,23.781728875645516,10.31618583531757,-0.4049392591111367,-1.0627731426301135,0.31122702126549767,0.9039882837456661,5.0,6.745017407670373,2,11
2025-07-11 11:50:00,SUIUSDT,-0.7899999999999999,0.22435533340907643,-1.09,True,0.1382124578253837,8.455432921955296,60.995370370370374,-0.23074775133058445,6.272904750488051,-0.44698605258290947,-0.819714878855482,49.20230734426396,72.67228441784277,21.235530837274972,0.5876458940285956,0.21505446118192334,0.0750459303257317,2.25,915,0.36301566990998274,0.74704150881143,51.96766713859652,14.081266327768915,9.353746778050365,-0.5226283970845791,-0.8587195224956323,0.26998478642860363,1.0390587889992775,5.0,7.035383122391625,3,11
2025-07-11 13:45:00,AVAXUSDT,0.48978259380536593,1.571125265392781,0.48978259380536593,True,0.12820520349601164,8.013894433508174,59.83796296296296,-0.11736740580693406,6.430301177908926,0.018610595802504015,-0.9976211865803997,48.55288220978571,73.58957930325795,12.951929700020585,0.43382212221283206,0.21001801588942343,0.11401820706306066,4.166666666666667,1030,0.49567133579370753,0.9965424926606987,55.56709126439417,17.691621979914522,8.503122760315351,1.791374507732213,-0.749239054085693,0.7472804216399617,0.724934796629869,5.0,5.913319086556457,0,13
2025-07-11 16:25:00,DOGEUSDT,3.41,4.501670925889534,3.41,True,0.1267604028337427,8.207018641161113,60.995370370370374,-0.787801843392022,4.406948933333221,-0.5204817233483094,-1.3345075990807698,48.153255425222376,63.13374049165573,28.38368869430176,0.2089833200237595,0.14407603350036938,0.12679316309842137,6.833333333333333,1190,1.0686904621407933,0.40183282344239035,50.34590162576309,25.715609475477113,11.374459466856447,1.7349999999999977,-2.8690089746037706,0.027017378989264755,1.4698833441619146,5.0,7.331265056833547,0,16
2025-07-11 16:25:00,LINKUSDT,0.11000000000000001,1.1358560398187834,0.11000000000000001,True,0.1267604028337427,8.207018641161113,60.995370370370374,-0.787801843392022,4.406948933333221,-0.5204817233483094,-1.3345075990807698,48.153255425222376,63.13374049165573,28.38368869430176,0.2089833200237595,0.14407603350036938,0.12679316309842137,6.833333333333333,1190,0.7872377891745966,0.4277686221858072,50.69332485524122,23.53300269647177,8.291873963515762,0.5905006418485348,-1.2973926187177187,0.1404574961022886,2.0825332649675374,5.0,5.313822418518344,1,16
2025-07-11 16:25:00,LTCUSDT,-1.1835660875938743,0.0,-1.9126101459897904,True,0.1267604028337427,8.207018641161113,60.995370370370374,-0.787801843392022,4.406948933333221,-0.5204817233483094,-1.3345075990807698,48.153255425222376,63.13374049165573,28.38368869430176,0.2089833200237595,0.14407603350036938,0.12679316309842137,6.833333333333333,1190,0.7290440583959161,0.7456518613624223,53.43839864072752,17.8647975849062,5.804835547810949,1.3140056314527193,-1.2301748678324453,0.4248124515405772,1.3144511953858589,5.0,4.318297799994442,2,16
2025-07-11 16:50:00,XRPUSDT,-1.29,0.6141760399928531,0.11000000000000001,True,0.12868399341691397,8.364384150838223,61.342592592592595,-0.5603559988413442,4.324344497403576,-0.15995673259673326,-1.24206361222986,51.33548902062482,63.13374049165573,22.142395677292313,0.2089833200237595,0.14197527262543064,0.11644339609830218,7.25,1215,1.4111948191325987,0.4573674886070932,51.64723537888179,29.877357907695227,13.306631063640427,6.260434056761266,-5.947543405984479,0.2191078900148412,1.7423638374107153,5.0,10.396353678072545,2,16
2025-07-11 16:55:00,AVAXUSDT,0.11000000000000001,1.2720480446399174,0.11000000000000001,True,0.12804372938817776,8.313836127522789,61.342592592592595,-0.4727841791510423,4.269056798491611,-0.3774356607118112,-1.2446712224140066,51.24491968523229,63.13374049165573,20.918253068151262,0.2089833200237595,0.14045032462409637,0.1075677167004042,7.333333333333333,1220,0.699962402417471,0.26335671228875024,49.79358363046521,26.605778737657328,7.263504945472987,0.33211557622050414,-1.7697881828316664,0.1032452608851469,2.260834642066571,10.0,5.01031590144021,3,16
2025-07-11 17:50:00,ADAUSDT,0.11000000000000001,1.5933542148985458,0.11000000000000001,True,0.12133406577496125,7.838514442916078,61.111111111111114,-0.2632554281590038,3.4213192433926842,0.5754971135343068,-1.0808123631004696,55.41055688420003,64.64159973179667,14.124711946492962,0.17065895072968348,0.11521864680359505,0.10075222598967583,8.25,1275,0.7881572072131875,0.24161535137831627,47.901402940973995,26.164263524577194,11.343645738550201,0.9209621993127026,-5.544834684163136,0.02807249203363999,1.9893304834145715,10.0,9.039927987354934,2,17
2025-07-11 17:55:00,SUIUSDT,0.2151834483349929,1.212243370094157,0.2151834483349929,True,0.12332925030480586,7.966324632088706,61.111111111111114,-0.14007968411606786,3.4683530051318634,0.6114089177771342,-1.0579326866460015,56.1814174499706,64.64159973179667,14.244410983925018,0.17065895072968348,0.11677027095062252,0.1011921219516899,8.333333333333334,1280,0.4535299608795821,0.39769701352375075,47.99754356790234,28.020568859133004,1.2536808653313525,-1.2595246218582878,-2.7607447851042966,0.032829515087968185,0.746550852643579,10.0,4.146616728068286,3,17
2025-07-11 19:10:00,AVAXUSDT,-0.7899999999999999,0.43269683002538084,-1.2258341172378127,True,0.12380628612046826,8.09184443591584,61.111111111111114,-0.031842996196673745,3.6337179874278203,0.20564117317609654,-0.9715450847389229,57.061910065537084,67.6976135214027,10.813794575203868,0.2520142335672015,0.12266833873685422,0.08235858970972917,9.583333333333334,1355,0.45433364689512507,0.5009090713810425,51.05326026924732,13.212250041483905,7.114066908504646,-0.02351281448388365,-1.2448903753251472,0.0808848097417731,0.32200085063237044,5.0,4.872152251105444,1,19
2025-07-11 19:15:00,SOLUSDT,-0.7899999999999999,0.4081881320823877,-1.09,True,0.1258165835308361,8.236632641357943,61.111111111111114,0.25930801900062583,3.89677646644353,0.3271823282420261,-0.7725255461681679,63.396005023583434,67.6976135214027,10.995877418122515,0.2520142335672015,0.13079260722013958,0.08741643378957034,9.666666666666666,1360,0.3447804932854773,0.7941359518588796,52.82918700933463,12.649432070226087,2.947817360762661,-0.6837296545047611,-2.402188131763594,0.3401487498200997,0.4032305767098923,10.0,1.9653564653400624,2,19
2025-07-11 19:15:00,LINKUSDT,-0.7899999999999999,0.49536390194335755,-1.2104762401986016,True,0.1258165835308361,8.236632641357943,61.111111111111114,0.25930801900062583,3.89677646644353,0.3271823282420261,-0.7725255461681679,63.396005023583434,67.6976135214027,10.995877418122515,0.2520142335672015,0.13079260722013958,0.08741643378957034,9.666666666666666,1360,0.4481904960794406,0.5658650373700712,53.00553967009228,11.131009520056299,7.422567881020603,1.0784439594299755,-0.8313389595666965,0.31067018701985727,0.4355674076226179,10.0,5.090005213370619,3,19
2025-07-11 23:00:00,SOLUSDT,0.34974384938523917,1.2918778588206337,0.34974384938523917,True,0.11891141183906087,8.054643252504556,60.995370370370374,0.1252213293380544,1.464876942055371,-0.021760436296736074,-1.062979674099196,52.15446621861385,61.42999082731324,16.855311412620296,0.13874639023826252,0.055639836825636314,0.09801080789653509,13.416666666666666,1585,0.42606700471769726,0.7421023624100952,48.93306527362273,32.53976398895771,-1.7072726168053998,-0.8579482779752401,-3.805446545368063,0.17012720035781173,2.7436319626032324,10.0,0.42009497795112427,0,23
2025-07-11 23:00:00,XRPUSDT,0.11000000000000001,1.0004413711931726,0.11000000000000001,True,0.11891141183906087,8.054643252504556,60.995370370370374,0.1252213293380544,1.464876942055371,-0.021760436296736074,-1.062979674099196,52.15446621861385,61.42999082731324,16.855311412620296,0.13874639023826252,0.055639836825636314,0.09801080789653509,13.416666666666666,1585,0.8410151129626633,0.9483786059024742,47.5262594830396,43.995844539363944,6.908619062598298,-2.6704850545910097,-8.691271786949661,0.07183032960213716,2.5986035121063824,5.0,5.027822933260828,1,23
2025-07-11 23:05:00,DOGEUSDT,-1.1062078132801934,0.22279433607288457,-1.7836796888003223,True,0.11847263401428845,8.017421631583721,60.995370370370374,-0.04894313419595564,1.393809314473371,0.0807418379700886,-1.053810980225911,52.521475521589174,60.12201428122849,15.840548695440942,0.11574184339485515,0.053123685870479456,0.09451519683216827,13.5,1590,0.6774718755201289,1.0349971635071398,48.918157605638676,47.116646931145915,2.9668144976296107,-2.1271441031107674,-5.492911617461282,0.4215175553162967,4.054708398718552,10.0,4.33318879739244,2,23
2025-07-11 23:05:00,SUIUSDT,1.073937917115243,2.397918453032144,1.073937917115243,True,0.11847263401428845,8.017421631583721,60.995370370370374,-0.04894313419595564,1.393809314473371,0.0807418379700886,-1.053810980225911,52.521475521589174,60.12201428122849,15.840548695440942,0.11574184339485515,0.053123685870479456,0.09451519683216827,13.5,1590,0.6169902679584505,0.5600242676744601,47.77576858028063,50.10972679600843,-2.7182511146267796,-2.583748595788793,-5.305893882122348,0.17996234896912353,3.1032949505960707,5.0,0.8189863806696174,3,23
2025-07-12 01:00:00,LINKUSDT,0.37942442670311394,1.3155311211466847,0.37942442670311394,True,0.11576753940870042,7.851626846290438,60.06944444444444,-0.013527286834624785,1.7172378098705199,-0.08059915438903831,-1.1427220758595813,54.19747651719046,58.35828106311279,22.44370130573541,0.08788323665239121,0.06799683337160284,0.040479912429775,15.416666666666666,1705,0.4230533472217854,0.8601821719600945,54.194379139477526,32.06177291927616,0.8315185111859025,-2.6505256451099135,-3.7725154301549324,0.9785787508679338,2.45755250016673,10.0,1.5576541694270363,2,1
2025-07-12 01:00:00,AVAXUSDT,0.7333736366904394,1.7303044949250612,0.7333736366904394,True,0.11576753940870042,7.851626846290438,60.06944444444444,-0.013527286834624785,1.7172378098705199,-0.08059915438903831,-1.1427220758595813,54.19747651719046,58.35828106311279,22.44370130573541,0.08788323665239121,0.06799683337160284,0.040479912429775,15.416666666666666,1705,0.4534654291173109,0.9431089681652284,54.42681985760861,28.88640459699008,0.18399264029438367,-2.534269160111169,-3.887959866220736,0.989507079155892,2.31925893828156,10.0,1.6572020391993014,3,1
2025-07-12 03:05:00,XRPUSDT,-0.8233159234021518,0.4483985765124432,-1.3121932056702532,True,0.12378819553514378,8.422835053350951,62.268518518518526,0.1300887990055788,0.995902254832548,0.06291767986803531,-1.005023434845076,57.61408940541021,61.74004563119825,17.279229863093207,0.10010701630242921,0.04159214963855522,0.034053120696328945,17.5,1830,0.48887728226810123,0.4209156090226183,58.1013500145134,30.53116805063175,8.80086730940488,2.226426076833521,-5.631863518823255,0.6684557240793553,0.4270296718641228,10.0,7.137488382032098,3,3
2025-07-12 04:00:00,DOGEUSDT,-0.7899999999999999,0.0,-1.09,True,0.12861526814562466,8.782093531169988,63.19444444444444,0.19214484660718956,0.9862487328045066,0.2142121559233212,-0.8724558977412977,64.48788324272218,61.74004563119825,20.06460645211188,0.10010701630242921,0.04168432337676022,0.03382862716609415,18.416666666666668,1885,0.3958777161087592,0.4606947144689752,56.951934585729056,21.393046001991262,3.431025770591223,0.7729421031902328,-4.229635521452291,0.7864843092480684,0.9482796398351443,10.0,5.007454932278366,2,4
2025-07-12 04:00:00,SUIUSDT,-0.7899999999999999,0.09311799796305475,-1.09,True,0.12861526814562466,8.782093531169988,63.19444444444444,0.19214484660718956,0.9862487328045066,0.2142121559233212,-0.8724558977412977,64.48788324272218,61.74004563119825,20.06460645211188,0.10010701630242921,0.04168432337676022,0.03382862716609415,18.416666666666668,1885,0.2860655595349239,1.0531758191951526,51.363274734177516,22.26097929320837,-1.2272936307197058,0.7328154770628759,-3.7799244015119693,0.032657207320665196,1.1948710598014078,10.0,2.121830992427687,3,4
2025-07-12 05:30:00,SOLUSDT,-0.7899999999999999,0.49088789347733197,-1.09,True,0.12242604252016052,8.370943576342494,62.38425925925925,0.10128435369518574,-0.14476080505686495,-0.11889596602971952,-1.070634271736537,48.25509762814972,60.02860315077603,21.574917481977405,0.08736601432386462,0.006384978635599369,0.04047791706973068,19.916666666666668,1975,0.21048996289096186,0.9904524744753374,52.997700291990824,22.36456946747438,-1.6713932299523226,0.41902883904363364,-3.1038173385658174,0.5913028386469624,2.3184950863397122,15.0,0.8623289198862905,0,5
2025-07-12 05:30:00,AVAXUSDT,0.4760836845937172,1.212560386473438,0.4760836845937172,True,0.12242604252016052,8.370943576342494,62.38425925925925,0.10128435369518574,-0.14476080505686495,-0.11889596602971952,-1.070634271736537,48.25509762814972,60.02860315077603,21.574917481977405,0.08736601432386462,0.006384978635599369,0.04047791706973068,19.916666666666668,1975,0.3232383509398604,0.7856770376839577,48.08037839438913,29.230478492213823,-1.9004739336492826,0.2712783994574419,-3.8507989594945946,0.08626889033335253,2.7657457166273085,10.0,1.3049233398122695,1,5
2025-07-12 05:50:00,LINKUSDT,0.47186434879544037,1.1550830215921737,0.47186434879544037,True,0.12029384260285311,8.18575566692723,62.15277777777778,0.15067728161157756,-0.45218774591515576,0.006460442540312528,-1.0398476482720742,51.95930321662549,60.02860315077603,18.418303377085532,0.08736601432386462,0.020287302213988383,0.04325976677822345,20.25,1995,0.2966093363983667,0.6036096186050001,46.845849046085505,22.70350337985334,-2.145013165499965,-0.4117647058823559,-4.037032371835247,0.01369273913020312,3.391941992249503,10.0,0.964030663458515,2,5
2025-07-12 06:20:00,SUIUSDT,0.4964392511443102,1.2694681163679222,0.4964392511443102,True,0.1230229587526443,8.374748678404975,62.15277777777778,0.2728674409120613,-0.3627577712054242,0.017833516480725287,-0.9303280205378739,61.84354477323822,61.881320880053316,15.93020400600438,0.08399219589722152,0.01697572408114161,0.033079173012146024,20.75,2025,0.34151443261180603,1.1012462423107474,49.20855409880637,18.30949746431798,-3.260375213189304,0.9402064301815338,-4.709505809883796,0.1724142137042145,3.277036099470281,5.0,0.9978311219691172,3,6
2025-07-12 08:00:00,DOGEUSDT,-0.7899999999999999,0.0,-1.09,True,0.12247932035157763,8.359852028898707,62.03703703703704,0.16165832013110837,0.13909175464759116,0.07834034034714943,-0.9244398685091526,52.450298340007016,59.869206855263236,18.62306773904668,0.08246763311996298,0.0067440556673155055,0.03708214950081852,22.416666666666668,2125,0.3529260019509398,0.9501220825638959,51.06604928383192,14.982519949715742,2.5986574450773015,-0.24228639240505556,-5.6052028259954145,0.28041868858580987,1.2191414793293314,5.0,2.9770170491232095,3,8
2025-07-12 10:15:00,AVAXUSDT,0.5089468556688644,1.0839848433977561,0.5089468556688644,True,0.1247398038681485,8.546501630773108,62.96296296296296,0.3010392353620439,-0.027354590871009332,0.19215720224545763,-0.24270326821246302,59.195198621732466,63.12150660855383,20.463573692940628,0.1274366332923287,0.0014033654702572788,0.040764449229253416,23.833333333333332,2260,0.2425189938644459,0.6130591243126797,51.45298579898564,13.701800533307363,-1.3298627543776531,0.6031654120826069,-3.154031958379777,0.09992154054739925,0.5096287515001652,10.0,1.644869902780477,1,10
2025-07-12 10:35:00,SUIUSDT,-0.7899999999999999,0.14494434137291012,-1.09,True,0.12393695186842837,8.486973303312961,62.96296296296296,0.2954912520825914,0.013470672059456845,0.23545334746224444,-0.14878283964609995,57.713136514687015,63.12150660855383,19.45530428814144,0.1274366332923287,0.000700585583799678,0.044498735165578174,22.416666666666668,2280,0.2760959061390526,0.661622745753977,55.77477132902115,13.579775587669937,-1.8941440800887333,1.125736565917168,-3.4159316813663687,0.6381685347589845,0.8037773782871696,10.0,2.0483396492790185,2,10
2025-07-13 05:30:00,DOGEUSDT,-0.7899999999999999,0.6649204110416918,-1.09,True,0.10182788279399316,6.26712578883446,60.18518518518518,0.49309471289575857,0.21086642292322821,0.07472191559820818,-0.26984969143715176,62.725464667272945,55.85847348363336,35.89043418893287,0.07164189410855604,0.017526254045879267,0.028414219117293044,19.666666666666668,30,0.26589881306259666,0.46462926010504646,53.152924931589524,15.266114118356668,-1.8443433544303889,0.8176739461655647,-2.1539826498422787,0.32440999736992826,3.3443183765195537,5.0,0.8376901529236092,0,5
2025-07-13 05:30:00,AVAXUSDT,0.3894256716007678,1.146267525577871,0.3894256716007678,True,0.10182788279399316,6.26712578883446,60.18518518518518,0.49309471289575857,0.21086642292322821,0.07472191559820818,-0.26984969143715176,62.725464667272945,55.85847348363336,35.89043418893287,0.07164189410855604,0.017526254045879267,0.028414219117293044,19.666666666666668,30,0.3334209269885516,0.4914214494732671,55.278863143657574,15.99895449366625,1.9904343204985686,2.2423479271600266,-0.3069512655836659,0.5645194157298539,3.2947078168306443,10.0,2.1641333999838697,1,5
2025-07-13 10:05:00,ADAUSDT,-0.7899999999999999,0.040849673202614234,-1.1671833843164776,True,0.10087709605034231,6.170221586177815,60.416666666666664,0.09286242257924293,-0.13782826394874714,-0.07260642651694127,-0.24572292242623917,52.166877704113965,54.044656772300556,19.524836421463377,0.03689607507385437,0.01206929825863571,0.03075146567919675,23.583333333333332,10,0.430873353726591,0.7180896966291405,49.271648601461905,20.81791233720107,1.2965517241379398,2.4267782426778295,-1.8313059751370098,0.04219517982059724,2.854421158919407,5.0,3.441526821054075,0,10
2025-07-13 11:00:00,SUIUSDT,0.54773530417667,1.168312793170756,0.54773530417667,True,0.10014254535130648,6.100612727655963,60.532407407407405,-0.06422880046563773,-0.13362522871450677,-0.06838343593676965,-0.21738246436825426,52.4489080511946,54.044656772300556,22.699995378212197,0.03689607507385437,0.011979325022803753,0.02431011331139136,3.4166666666666665,5,0.265288744497043,0.7300476264648863,54.79337110791737,15.230238488282753,-0.2035238704425235,0.25411104944941254,-0.6943640782316907,0.6578530502790395,3.042643594437485,15.0,1.1873993184539966,0,11
2025-07-13 11:05:00,LINKUSDT,0.572901724291223,1.1144421272158533,0.572901724291223,True,0.10022237467767521,6.1027301308345105,60.532407407407405,-0.008484642796535713,-0.06520988849871845,-0.009417865606209386,-0.16163902650608852,59.88667233477246,60.367091613565016,21.29325270678789,0.047999333790622746,0.005822713884408482,0.026507016991565713,3.5,10,0.2257702014623152,0.8387389351754218,53.96819729885159,15.72501871318507,0.15665796344646044,0.6824146981627255,-0.32480187085878187,0.5724177743750366,2.709111038181817,20.0,1.3030686138162606,1,11
2025-07-13 11:05:00,LTCUSDT,1.4822275686619635,2.0019065776930356,1.4822275686619635,True,0.10022237467767521,6.1027301308345105,60.532407407407405,-0.008484642796535713,-0.06520988849871845,-0.009417865606209386,-0.16163902650608852,59.88667233477246,60.367091613565016,21.29325270678789,0.047999333790622746,0.005822713884408482,0.026507016991565713,3.5,10,0.214839504515536,0.5327826192074767,52.17207869535226,16.108914762962694,0.8870364433045008,0.6074816156879548,-0.3904189089374177,0.3592364583424938,1.9222863540394868,20.0,1.0026185140686872,2,11
2025-07-13 11:10:00,XRPUSDT,0.8840297372498092,1.481454910682256,0.8840297372498092,True,0.10096169490221864,6.147561284233305,60.532407407407405,0.035138197512307734,-0.03333299406621526,0.017735762595361138,-0.15155776646719188,61.07255989276287,60.367091613565016,20.12544067474579,0.047999333790622746,0.00297882984287264,0.02621716735894536,3.5833333333333335,15,0.2537125867162235,1.1150623978829028,52.12459664454103,13.23563347127556,-1.8311793499313334,0.16528331716432199,-1.989944801884469,0.41966821627795914,3.6325724386940608,5.0,2.2512443120474845,3,11
2025-07-13 13:15:00,XRPUSDT,2.155468035137396,2.996654566161294,2.155468035137396,True,0.10722340839221398,6.589911084135025,62.61574074074075,0.2630710512407486,0.7611629560540845,0.27438496702967274,-0.3973588069965506,55.51948563992248,68.13471211858351,38.8875644611991,0.1567782372811064,0.06748197306163166,0.05828950325145882,0.4166666666666667,140,0.37559326551194927,0.7048331081139181,54.610367402412585,25.087368442497283,1.8191042180026207,0.16755195893194408,-0.6821957512989973,0.45584316741182995,0.3012625910690096,5.0,2.771314905043054,2,13
2025-07-13 13:20:00,SOLUSDT,0.7288169764419122,1.189962389789767,0.7288169764419122,True,0.10787666211119674,6.633430984564259,62.61574074074075,0.2749763857775367,0.7726130118018038,0.24905080110775302,-0.33440503630165486,58.85109705979626,68.13471211858351,38.62674578856228,0.1567782372811064,0.06846067305441621,0.05723586990202765,0.5,145,0.18557270667392745,0.5183534072428604,51.18070867518267,15.15961912284885,1.9549911993965274,0.11110425282390146,-0.3746928746928835,0.051087370347181665,0.5915404745445035,10.0,0.4897116482165842,3,13
2025-07-13 15:00:00,DOGEUSDT,-0.7973771942409464,0.9244992295839749,-1.2689619904015774,True,0.11020562124986866,6.78029219535099,63.42592592592593,0.717092804637165,1.196783457978734,0.3646472272691659,-0.7897705904475361,54.50053155941339,70.23209369354237,40.87880682017392,0.19661162434605603,0.09835847351348229,0.102719837830334,0.75,245,0.471584796160631,0.5274658285521551,52.56730995227414,24.155418912643306,2.83684318135351,1.6008483991515998,-1.4064490836028565,0.043224341058977024,0.634970568996838,15.0,1.855085094523945,0,15
2025-07-13 15:05:00,AVAXUSDT,-0.7899999999999999,0.5319148936170359,-1.1920336830347038,True,0.11483248012167405,7.093439306566451,63.42592592592593,0.9703795399839343,1.444719120279614,0.5939027338460301,-0.5433955956708814,62.099528051129184,67.2348438584097,40.316977124637745,0.19626759517366393,0.11636753134397997,0.11223933590342554,0.8333333333333334,250,0.4408134732138815,0.744602266618396,56.17362239187228,19.77771102124242,4.474992687920443,0.7095531225036478,-0.9474511253870777,0.7141453450168058,0.8381754352663422,5.0,2.7727220291140275,1,15
2025-07-13 16:00:00,XRPUSDT,-0.9470320567674451,0.12646221941194913,0.11000000000000001,True,0.10836111692221746,6.654197513895288,62.84722222222222,0.7937215428880595,1.3602143285243784,0.2485064702032913,-0.7799089047678676,52.40702420539164,67.2348438584097,24.653277676679913,0.19626759517366393,0.1093209639347854,0.09916557839011649,1.75,305,0.5713547045116301,0.7168699434471627,52.58467524173864,23.27417465778715,5.841017251635927,2.1164400760483426,-1.6344160331720925,0.2864113045626331,1.7794984716543707,10.0,3.8091446041683463,0,16
2025-07-13 16:00:00,SUIUSDT,0.11000000000000001,1.0863022729227012,0.11000000000000001,True,0.10836111692221746,6.654197513895288,62.84722222222222,0.7937215428880595,1.3602143285243784,0.2485064702032913,-0.7799089047678676,52.40702420539164,67.2348438584097,24.653277676679913,0.19626759517366393,0.1093209639347854,0.09916557839011649,1.75,305,0.4680690714404171,0.5103090331479081,54.49364063777257,20.222974492185003,4.69945683161781,1.9133025647017687,-1.4267955020624945,0.45832287200633415,0.8306364495759141,5.0,2.4628964464528558,1,16
2025-07-13 16:00:00,LINKUSDT,-0.7899999999999999,0.038100076200153765,-1.1313348841914639,True,0.10836111692221746,6.654197513895288,62.84722222222222,0.7937215428880595,1.3602143285243784,0.2485064702032913,-0.7799089047678676,52.40702420539164,67.2348438584097,24.653277676679913,0.19626759517366393,0.1093209639347854,0.09916557839011649,1.75,305,0.4165339536765855,0.3193555792120062,54.626291943320076,30.241817916859635,6.1901550910316905,2.69318552331268,-1.2664576802507876,0.26272371116444815,0.7080319437913051,5.0,3.482602044566896,2,16
2025-10-01 10:15:00,1000PEPEUSDT,0.3001530886736411,1.216595611937188,0.3001530886736411,True,0.1213587908661698,6.350147879780499,61.57407407407407,1.6613736736575069,3.069102414430258,1.46369324003226,-0.20471733227672706,67.24554882664019,71.9021031765686,62.49962154705559,0.5019054409325437,0.15314813587040627,0.1147849196478969,1.4166666666666667,115,0.4132212616317734,0.4527538387118965,59.88270321674423,55.56770369385432,4.6668553144250335,3.0352379013681707,-0.6405620415332103,0.6873151932764461,1.233312460094598,5.0,3.4258254919559805,0,10
2025-10-01 10:45:00,DOGEUSDT,0.3249939708437778,1.181720518965368,0.3249939708437778,True,0.12057406279899084,6.33987364523525,62.268518518518526,1.5100118834634912,2.942757287605513,0.09367237913207038,-0.29288214902598586,60.73546739817181,71.9021031765686,55.83762348109117,0.5019054409325437,0.14710777457107976,0.06914398098224242,1.9166666666666667,145,0.38336327406079507,0.3486650143874565,55.32789557541678,48.38554308810728,5.349758412048944,3.804417756808931,-1.1073427859273455,0.14602616444081765,0.5647946590249522,10.0,3.823725975204373,1,10
2025-10-01 10:45:00,BNBUSDT,-0.7899999999999999,0.16614846482705392,-1.09,True,0.12057406279899084,6.33987364523525,62.268518518518526,1.5100118834634912,2.942757287605513,0.09367237913207038,-0.29288214902598586,60.73546739817181,71.9021031765686,55.83762348109117,0.5019054409325437,0.14710777457107976,0.06914398098224242,1.9166666666666667,145,0.22850447815221392,0.44151828309088226,58.13523022820201,42.91654639372625,1.869723154279379,1.6684612421096423,-0.7100409045303624,0.57419448561926,0.7703984431990568,10.0,1.9105763140946586,2,10
2025-10-01 11:00:00,AVAXUSDT,-0.7899999999999999,0.2338497515346427,-1.09,True,0.12151767980505564,6.413642139002795,62.61574074074075,1.8184953148166594,3.0640631506205995,0.3405306516400808,-0.2301033106403283,62.202528971657316,71.9021031765686,52.69752914242343,0.5019054409325437,0.15295043760143978,0.06843134015240374,2.1666666666666665,160,0.34148732165548423,0.4164061538354526,54.700980751231725,30.616198445462004,4.122281965439112,2.9456016583637057,-0.9553832791842298,0.32782602955893475,1.3054952786994605,10.0,3.262849869259643,3,11
2025-10-01 11:50:00,LINKUSDT,0.6444994359422641,1.3342949873782928,0.6444994359422641,True,0.1272918770989265,6.751184293787271,63.77314814814815,1.7572558491540935,3.161415929203537,0.15989854475999543,-0.0785160803675522,68.8315511431262,74.84408356738284,52.268564673405095,0.5097257516042796,0.15778733779140078,0.05762349367028121,0.0,210,0.29989777571801435,0.4610690631028451,55.732925847372975,27.672631118969385,3.5570908411912905,4.08182415313878,-0.4621528245165263,0.2664415091538484,0.5795441866734037,10.0,3.4397471631857357,3,11
2025-10-01 12:20:00,SUIUSDT,0.9856141210164627,1.7295043457834058,0.9856141210164627,True,0.12597216677908207,6.695339728224736,63.77314814814815,2.0028309615214734,3.2742320970168937,0.3490359365955209,-0.15498502353444854,64.05172783208909,69.21261675256711,55.32746044755856,0.46046067574319843,0.1615148485020493,0.05220391682537647,0.0,240,0.32694511238347157,1.1703806263793706,54.183843561255976,35.90426488551201,5.501858736059484,4.861902269298279,-0.5693264430235545,0.09258219385453942,0.32555666575304254,10.0,4.226782551350694,3,12
2025-10-01 13:50:00,XRPUSDT,-0.7899999999999999,0.5406140559654382,0.9152255458080288,True,0.12068524935348972,6.466299790882624,63.42592592592593,1.897653224446727,3.0612686690470348,0.05790392923197274,-0.17980316645271888,58.44741708688502,71.67063751175881,36.47748218267855,0.45993625316290054,0.15277226587647935,0.06399793000684273,1.5,330,0.26580720601544017,1.1575485251445423,52.20788679743514,25.74333558531107,3.450701748214846,3.0736340377808036,-0.4535607906850925,0.12712238836316073,0.647286906563216,5.0,2.600118137652818,2,13
2025-10-01 13:50:00,DOGEUSDT,0.3877847508127398,1.1259502773782515,0.3877847508127398,True,0.12068524935348972,6.466299790882624,63.42592592592593,1.897653224446727,3.0612686690470348,0.05790392923197274,-0.17980316645271888,58.44741708688502,71.67063751175881,36.47748218267855,0.45993625316290054,0.15277226587647935,0.06399793000684273,1.5,330,0.32408276328275587,1.0583912783629958,54.20668323059801,23.98705165387188,6.108834045521938,4.30775825117875,-0.6247958183600022,0.37913775149780815,0.5485983194259755,5.0,3.9098783554197825,3,13
2025-10-01 14:50:00,1000PEPEUSDT,-0.7899999999999999,0.04436969240453337,0.2112964569393367,True,0.12385213678194659,6.794141281986321,63.42592592592593,1.0084045199823866,3.3465203893869866,0.7612005219660656,-0.15766609880749627,59.98800769893308,74.40350717868532,45.21211632073366,0.45757890721709693,0.16064127849397625,0.10652588451326948,0.5833333333333334,390,0.3864314202874644,0.49387068700352915,52.26453983122397,41.144172683000896,6.438079339278646,1.0436541449021286,-0.65706524524628,0.044898866241454935,0.386909574425203,5.0,3.6405719442575757,2,14
2025-10-01 15:15:00,SOLUSDT,-0.7899999999999999,0.5599562960939553,-1.09,True,0.1242906221322577,6.835484320582874,63.42592592592593,0.9253920416112393,3.726559197038082,0.6173904016212095,-0.10672913117547589,59.6899074254357,75.05356527275592,38.08098097710319,0.4957079105486143,0.17950706175574546,0.1100364305330485,1.0,415,0.31579351724838445,0.43906888477869727,54.46192820208796,37.63504148389715,6.470844845135959,1.483021483021485,-0.39902058583476396,0.483386646830824,1.5212616778198753,5.0,4.1572344792008,2,15
2025-10-01 15:15:00,ADAUSDT,-0.7899999999999999,0.47653085537289197,1.2124841139029052,True,0.1242906221322577,6.835484320582874,63.42592592592593,0.9253920416112393,3.726559197038082,0.6173904016212095,-0.10672913117547589,59.6899074254357,75.05356527275592,38.08098097710319,0.4957079105486143,0.17950706175574546,0.1100364305330485,1.0,415,0.28990638240998623,0.28950679956825304,54.74277680298154,37.59583745692357,7.435372408497565,1.071514567782339,-0.34425451092118253,0.49159913949998707,0.48191015225022926,10.0,3.9422871159982,3,15
2025-10-01 15:55:00,LTCUSDT,-0.7899999999999999,0.5122214234363653,0.5342929858272257,True,0.12200503475036263,6.706427857077912,63.42592592592593,0.8541544214951236,3.813174779798234,0.5172037255111839,-0.23918849311249657,58.63260424994047,75.05356527275592,34.075193093265,0.4957079105486143,0.18397289269741476,0.10591108113027538,0.5,455,0.2854451677621541,0.40074336094637897,52.12233150466418,15.464793027950217,6.519241815048815,0.7241785100027043,-0.38495971351836245,0.0894413782652458,0.33012688832663883,5.0,3.8817839040858004,3,15
2025-10-01 17:20:00,1000PEPEUSDT,0.4223153543369853,1.0553899165385738,0.4223153543369853,True,0.12067561669891011,6.730443485945403,62.96296296296296,1.0125052434688753,3.809608782992324,0.16467794466241692,-0.5727218884846397,52.02440177777321,64.30430205397546,32.37366356615068,0.4158729527308995,0.17691509306246603,0.08706778270950963,0.75,540,0.2715372811007943,0.3781779037820772,52.11094353927343,15.548384899714286,6.5573950706857564,0.5716953724839158,-0.6396391778996535,0.18747793869104837,0.7188676022737058,10.0,3.2640645121350786,3,17
2025-10-01 18:30:00,SOLUSDT,1.1411617893873947,1.7313841936957397,1.1411617893873947,True,0.1115404950732995,6.321708090693057,61.92129629629629,0.4848003213121732,3.306525968439966,-0.5931954446121712,-0.9331584736441245,47.88730996815893,67.53174939930173,22.862792317208466,0.3612784748896388,0.14965736466303478,0.1027256444086952,1.9166666666666667,610,0.25011120215417254,0.8536318898808506,51.56553322222914,22.932530428375667,5.902273826802129,0.013706766573773344,-0.9009009009008917,0.5052547779127834,2.761073679384317,5.0,3.377679807535605,1,18
2025-10-01 18:30:00,SUIUSDT,1.0107776392028616,1.6143420333227798,1.0107776392028616,True,0.1115404950732995,6.321708090693057,61.92129629629629,0.4848003213121732,3.306525968439966,-0.5931954446121712,-0.9331584736441245,47.88730996815893,67.53174939930173,22.862792317208466,0.3612784748896388,0.14965736466303478,0.1027256444086952,1.9166666666666667,610,0.256782197059959,0.955146307693604,62.56002537653552,17.51353694663272,9.379622926568265,2.3081225895722257,-0.6603396032245246,1.8416855308753435,1.5334022136809784,35.0,5.050012541057525,2,18
2025-10-01 18:30:00,BNBUSDT,0.6162293138278353,1.0578437992347478,0.6162293138278353,True,0.1115404950732995,6.321708090693057,61.92129629629629,0.4848003213121732,3.306525968439966,-0.5931954446121712,-0.9331584736441245,47.88730996815893,67.53174939930173,22.862792317208466,0.3612784748896388,0.14965736466303478,0.1027256444086952,1.9166666666666667,610,0.17580724270345627,0.531998979920213,50.89220283273882,9.230294940377822,1.977885997125961,-0.23430635555988788,-1.4142934321216272,0.09188158124828547,0.5944564119079457,30.0,0.8836285121870624,3,18
2025-10-01 20:40:00,SUIUSDT,0.6982300070202903,1.355322852169949,0.6982300070202903,True,0.10329338195305592,5.8070235881303445,61.342592592592595,0.04656243843907948,2.690407894057323,0.24480902332735255,-0.7390642186310137,51.978040757021425,69.4170930268313,14.438982263372875,0.34801709159513383,0.12739149176033646,0.04352592889603629,4.083333333333333,740,0.28354642257482937,0.18287924604660313,53.14561473383037,28.535809922548186,6.603601411363913,1.1953916784569696,-0.750453103760762,0.009461160009866243,0.4377645227516575,20.0,5.449781914264995,2,20
2025-10-01 20:50:00,1000PEPEUSDT,-0.7899999999999999,0.01949257743167898,1.8556049383021642,True,0.10759425835483566,6.072575854154882,61.22685185185185,0.23000488845701383,2.4719495091164223,0.21615424575900377,-0.5969202132160123,60.159054687691224,69.4170930268313,13.558040224789574,0.34801709159513383,0.11800637062019828,0.04691463463397198,4.25,750,0.19521328905887939,0.2384189014684105,53.142396967090086,15.46506474629221,4.587008304899265,0.5768000495284697,-0.491046817894103,0.2060137468008696,0.8336338111626602,10.0,3.3913433878792087,3,20
2025-10-02 01:10:00,SOLUSDT,0.5098306268872321,1.209951511306473,0.5098306268872321,True,0.10136259041396009,5.751676045868659,60.995370370370374,1.1092439552723432,3.822605752546515,0.6333907523932369,-0.6739663644658833,55.865062538370836,74.69901708419923,38.08311652982065,0.45670530719578195,0.17670614503446141,0.12553881825532281,1.0833333333333333,15,0.3050604422096204,0.565989690580135,53.6112466636141,26.358369381885232,6.121663861505189,0.5925790865165537,-0.9026000269432788,0.4191782558917548,1.0957203375198226,5.0,3.193080198721998,1,1
2025-10-02 01:10:00,XRPUSDT,0.5305923546376435,1.031869544624131,0.5305923546376435,True,0.10136259041396009,5.751676045868659,60.995370370370374,1.1092439552723432,3.822605752546515,0.6333907523932369,-0.6739663644658833,55.865062538370836,74.69901708419923,38.08311652982065,0.45670530719578195,0.17670614503446141,0.12553881825532281,1.0833333333333333,15,0.20563859499324377,0.724948061916835,63.27868220930879,30.700662509013785,3.9638435565560126,0.48271407689433055,-0.18572296886606443,1.5979411558821286,0.7984304955588635,30.0,2.1032273467615603,2,1
2025-10-02 01:10:00,DOGEUSDT,1.7562497249927638,2.4745093297868115,1.7562497249927638,True,0.10136259041396009,5.751676045868659,60.995370370370374,1.1092439552723432,3.822605752546515,0.6333907523932369,-0.6739663644658833,55.865062538370836,74.69901708419923,38.08311652982065,0.45670530719578195,0.17670614503446141,0.12553881825532281,1.0833333333333333,15,0.31412980239702387,0.46352451556423313,53.53385553740457,26.397296780140582,6.690171123914346,0.5592478521640354,-1.107922843934317,0.304332780664386,0.8918079174079618,5.0,3.865987621236333,3,1
2025-10-02 01:30:00,LINKUSDT,0.64788224447615,1.2272384918700974,0.64788224447615,True,0.10284951511765641,5.86667404579404,60.879629629629626,1.0133702182604232,3.883636312673988,0.4542463094075577,-0.7174129603120805,54.02441514094398,74.69901708419923,31.661048612600364,0.45670530719578195,0.1783880779567722,0.11780959691254922,1.4166666666666667,10,0.2446781236969737,0.5677517456275245,59.36952837064194,22.139197637650145,6.042097350122155,-0.12832426213549297,-0.4191484667990242,1.0836781047047879,1.1491900388671248,25.0,3.201132799601303,3,1
2025-10-02 03:40:00,BNBUSDT,2.4165700102204517,2.9333823358737243,2.4165700102204517,True,0.11329021814417896,6.51897430385755,63.31018518518518,1.3762957646471285,4.075437288444106,0.21419789964718383,-0.4415814895736503,59.581035393748564,75.40684487756707,23.338984417746424,0.407840283433133,0.18294776456538528,0.06078617196114596,3.5833333333333335,140,0.21340616282663638,0.3931908112258053,53.94999979306466,26.41267980828885,2.9379554776790995,1.2762998080163124,-0.4084030861403076,0.186460237533685,0.39833760873275814,5.0,1.6425438294173533,2,3
2025-10-02 04:00:00,1000PEPEUSDT,0.609995125919685,1.3454443375040093,0.609995125919685,True,0.10882673650266995,6.267858772336332,63.07870370370371,0.9358913570679528,3.9703317026973384,0.2106527705015182,-0.5617083971638293,52.80404638973836,75.40684487756707,21.224183965090596,0.407840283433133,0.17830371497191433,0.06196942159716704,3.9166666666666665,160,0.32272460579216217,1.066559546225077,55.97300307495282,36.00248710970858,7.391894220001727,2.5826425030341715,-0.4898830666081322,0.3884060864737655,0.394988380796672,5.0,4.65748465348752,2,4
2025-10-02 04:05:00,XRPUSDT,-0.7899999999999999,0.0,-1.09,True,0.10987062271448703,6.333996991179247,63.07870370370371,0.9220705245581273,4.010145001076082,0.27919460369971727,-0.47774513004679164,56.874827378087225,73.78960190483369,21.614882530482028,0.37167911425336236,0.17983827620164805,0.064819784714229,4.0,165,0.2022334549586512,0.6243870135968981,56.575255992013794,25.79693252363978,5.142150803461054,1.4240452423943228,-0.3080735358135467,0.6448576896678381,1.0900666401689165,10.0,2.5329577692942085,3,4
2025-10-02 05:25:00,LTCUSDT,0.6747817716599521,1.4356895532471992,0.6747817716599521,True,0.10807823626662878,6.292397052853094,62.268518518518526,0.2434239608628319,3.5323171578045987,-0.24694327790285575,-0.7173292481813531,49.569984014959196,68.15449074297271,23.645674497932575,0.305923109767933,0.16152132780877998,0.06118441415533712,5.333333333333333,245,0.33545389079362353,0.7840909781772526,53.602840690918754,19.217252778772796,11.257282465701945,3.252812418243667,-2.535396773131382,0.6742143614321289,2.1161246043861923,15.0,6.918737082443416,3,5
2025-10-02 06:25:00,XRPUSDT,-0.7899999999999999,0.9300131414900381,0.592532612077317,True,0.10242787915266824,5.969839370619923,61.68981481481482,-0.408668241120147,3.570169691955005,-0.09500097447714406,-0.8743732054211972,46.19881373333458,70.44306130695395,24.242126941185568,0.26856517341809816,0.16183362276090105,0.04833943037335503,6.333333333333333,305,0.1793388764258812,0.6729529507624463,53.59033816580113,20.3264545317768,4.54065097928702,0.5114136693084026,-0.6228443224056579,0.4798099590296396,0.4678016612715045,20.0,2.026990592265676,2,6
2025-10-02 06:30:00,AVAXUSDT,-0.7899999999999999,0.5104197145550993,-1.09,True,0.10462305020679147,6.105809561411291,61.68981481481482,-0.16947710584991338,3.6706420365183456,0.0058222934773422,-0.78697774094445,52.66024397555659,70.44306130695395,22.610468348035916,0.26856517341809816,0.16575355993126947,0.051482199124793425,6.416666666666667,310,0.3574762031948139,1.0999809839469692,49.523352498551,21.980068968570542,2.800708532468832,-1.6530246834633555,-1.957096866732544,0.08417512797578074,1.342731936996218,5.0,1.5184233821561754,3,6
2025-10-02 08:50:00,SOLUSDT,0.7613426000949809,1.3056459159574096,0.7613426000949809,True,0.10022347655800007,5.822552811026038,61.57407407407407,-0.07221074414983653,2.197429094133563,0.05990363108812069,-0.7218497032404958,56.77245755728918,69.1736602555531,22.126454472406802,0.23156238289249384,0.1077058237172446,0.04078424928603691,8.75,5,0.22715165793121442,0.5971870981645458,58.41936244313397,19.339696695196857,3.903139179553672,0.7135804685396208,-1.0930406805059634,1.100388658225355,2.275156079818516,55.0,3.7542788796765425,2,8
2025-10-02 08:50:00,ADAUSDT,-0.7899999999999999,0.1051033516290989,-1.09,True,0.10022347655800007,5.822552811026038,61.57407407407407,-0.07221074414983653,2.197429094133563,0.05990363108812069,-0.7218497032404958,56.77245755728918,69.1736602555531,22.126454472406802,0.23156238289249384,0.1077058237172446,0.04078424928603691,8.75,5,0.18700555141076547,0.35960596652925414,50.97859486094111,14.303231039139366,3.6561743341404274,-0.05836348780203782,-0.8913068642203981,0.16688267751714753,1.9450565393333146,55.0,3.317001530636543,3,8
2025-10-02 11:20:00,SUIUSDT,-0.7899999999999999,0.8822455115057304,-1.09,True,0.1031676076826349,5.9811871785502735,61.92129629629629,0.11992856612359493,1.971974088667916,0.015850198759803646,-0.692885306009694,51.04589286103606,67.33338438103605,17.961762955186014,0.20134020827881033,0.10012526023140414,0.041738574344249435,11.25,55,0.18267982437305735,0.7420902359558275,51.8352469581605,14.073982577329371,4.124978058627349,0.24221258378864796,-0.9241732546486969,0.4215972414194572,1.459351390792454,15.0,3.8666776484399756,3,11
2025-10-02 12:55:00,DOGEUSDT,-0.7899999999999999,0.0,-1.09,True,0.11379688007849838,6.597596197641198,62.84722222222222,0.6408937605396403,2.5662155624509797,0.661857908012875,-0.08111705467238606,80.24114166070335,72.89468423256784,37.223734546832695,0.2261899626673155,0.13160817218706491,0.04349842889191842,12.833333333333334,150,0.28235180489650313,0.9992438851937204,50.39000918436913,21.780712470931658,5.9965309325183735,-0.07008254166018801,-1.1287029546592664,0.2644185459733488,2.059113767584254,5.0,4.7690865015333594,3,12
2025-10-02 13:50:00,1000PEPEUSDT,-0.7899999999999999,0.1764853346703399,-1.09,True,0.1017495724612263,5.7944245697883145,62.96296296296296,1.095573201906208,2.632289636736651,0.7865225298040013,-0.019042369271626836,74.931754077893,74.35119465071365,33.896733739936764,0.284011518962088,0.1331849788963647,0.07032410796660818,0.08333333333333333,5,0.3495435778582144,1.156143404639082,49.565626473047836,31.136880954076023,2.9270306533182078,-1.2555201299087049,-2.093110015904498,0.15623643269093537,2.7561404279848927,15.0,2.8615259830393036,2,13
2025-10-02 13:50:00,ADAUSDT,-0.7899999999999999,0.046882325363339916,-1.09,True,0.1017495724612263,5.7944245697883145,62.96296296296296,1.095573201906208,2.632289636736651,0.7865225298040013,-0.019042369271626836,74.931754077893,74.35119465071365,33.896733739936764,0.284011518962088,0.1331849788963647,0.07032410796660818,0.08333333333333333,5,0.30288679393704143,0.7955341771278005,54.25303865553953,18.01534997687564,1.9598470363288767,0.03517411185367525,-1.23856927885172,0.5559570017047513,1.9041942170549002,15.0,2.4140224103886387,3,13
2025-10-02 19:05:00,LTCUSDT,-0.7899999999999999,0.7126089872568686,-1.09,True,0.10348817464765851,6.044199564165376,61.80555555555556,1.349093446781091,2.965771302500486,1.0145833821006534,-0.0930200253510538,75.14644854698696,73.54895325732717,25.027009055120203,0.3960311302630106,0.14850167049978488,0.10053546206822,0.0,5,0.26970288853503055,0.6976409109660625,54.48230886828621,15.40524283260803,7.083221115001348,0.02515723270439807,-2.7476559315124383,0.2795372861303463,2.3412634682568205,315.0,4.27160809371947,0,19
2025-10-03 10:00:00,XRPUSDT,-0.7899999999999999,0.0,-1.09,True,0.10812492476115733,6.6089480417127255,61.57407407407407,0.0549967592681222,1.3460556322466788,0.4738156488667711,-0.6148811147199562,63.88951990823676,59.9850861438871,29.17507732589214,0.05246675435136986,0.06938073394495399,0.06552847584015789,14.833333333333334,45,0.20528465096533152,0.8452284305613911,60.32624847617897,14.835708683460407,2.220805796906977,1.0144206862257477,-1.6747337850919752,1.0322089220586625,0.5408674124398027,20.0,2.122296136052726,0,10
2025-10-03 10:10:00,SOLUSDT,-0.7899999999999999,0.429314830875982,-1.09,True,0.10897075897468703,6.6390048849843675,61.80555555555556,0.07919494017536444,1.35214941208881,0.6961393852345177,-0.5736411044719447,66.01239362781304,61.45824905921229,30.0270017167824,0.1089386206044035,0.06969594330528124,0.05977962947113317,15.0,55,0.2172354915214956,0.36201343321806145,51.609352095131435,18.51940259543358,2.425157679665979,-0.8811519449817395,-1.8347452215742188,0.04561761452852566,0.39885539375260687,5.0,2.3161519307624223,1,10
2025-10-03 10:15:00,1000PEPEUSDT,-0.7899999999999999,0.6052000886149989,0.7513939847980998,True,0.10951878966768205,6.67170374202144,61.92129629629629,0.18368238254684588,1.4608102825407254,0.9345990217344058,-0.4716567905519886,70.79931012039319,61.45824905921229,31.237909565986005,0.1089386206044035,0.07490981357872714,0.058473440535895815,15.083333333333334,60,0.21622323397196838,0.4633657434648863,53.140451756259104,15.728461327448683,-0.769415244414251,-1.321594657975289,-3.9166360276331913,0.4809448317835607,0.42451662931648476,10.0,0.4025971266235828,2,10
2025-10-03 10:15:00,SUIUSDT,-0.7899999999999999,0.2609588850948086,-1.09,True,0.10951878966768205,6.67170374202144,61.92129629629629,0.18368238254684588,1.4608102825407254,0.9345990217344058,-0.4716567905519886,70.79931012039319,61.45824905921229,31.237909565986005,0.1089386206044035,0.07490981357872714,0.058473440535895815,15.083333333333334,60,0.2744902856803404,0.8428052984077089,52.06063793901,13.73858605106858,1.324894514767938,-0.002776081283650811,-1.095551894563418,0.14384708340876265,0.3749819803865198,10.0,2.3963656799010913,3,10
2025-10-03 11:45:00,BNBUSDT,2.2113293314597673,2.7113713160224817,2.2113293314597673,True,0.10530539171948669,6.431028016219531,62.96296296296296,0.457959180265588,1.2529653682021635,0.05355304495628932,-0.5619881156042617,53.814063703722496,59.95111855045476,24.033458929519128,0.12241575740965886,0.06316472719405021,0.05130432946562161,16.583333333333332,150,0.20502099228135737,0.5656684124990047,54.14543234896469,22.08020336869072,5.5420997425383645,1.0240963855421725,-0.7879097534084445,0.3836048243711809,1.139360371150764,10.0,4.103383855063747,3,11
2025-10-03 13:20:00,1000PEPEUSDT,0.5932803106158064,1.2585455241086896,0.5932803106158064,True,0.10484590415187633,6.408601010167958,62.268518518518526,0.5188709568347827,1.030351699085963,0.085288059172961,-0.49438425110951423,57.89001364309249,60.17389315514114,13.973532818431918,0.09925656086192569,0.052328331621586344,0.05435329838157412,18.166666666666668,245,0.2876326067464416,0.9071831719080842,50.93835188550801,20.862299246287126,-0.041263674882496826,0.5425979915775647,-3.9030903496720004,0.18044804239292123,0.6330402900561524,5.0,0.35820756153737143,1,13
2025-10-03 13:20:00,ADAUSDT,3.2304282976180367,3.8065120637151617,3.2304282976180367,True,0.10484590415187633,6.408601010167958,62.268518518518526,0.5188709568347827,1.030351699085963,0.085288059172961,-0.49438425110951423,57.89001364309249,60.17389315514114,13.973532818431918,0.09925656086192569,0.052328331621586344,0.05435329838157412,18.166666666666668,245,0.24304188304856258,0.8893267823125081,49.815850671548574,23.815532868261407,0.38805268109125546,-0.21040327293980754,-2.6900718112390254,0.1683596276717179,2.643672894426964,5.0,0.47545360116472146,2,13
2025-10-03 13:25:00,SUIUSDT,-0.7899999999999999,0.26329057195675354,0.45174645810360436,True,0.10467502454868717,6.390479570701313,62.268518518518526,0.6387326902021151,1.1649314985690218,0.2094802494802428,-0.4108298415689382,62.141977260916335,60.17389315514114,14.506810691905297,0.09925656086192569,0.059027216498353435,0.05618256679021013,18.25,250,0.29492140430207553,0.9831067967789421,49.63834783932738,20.917419320609817,0.23021421151632193,-0.2626065092889984,-1.974190005491483,0.2635889140523377,2.3110979911574203,5.0,1.3063221128093883,3,13
2025-10-03 13:35:00,XRPUSDT,-0.7899999999999999,0.049545829892649884,1.4751165553431946,True,0.10184555848317711,6.2128436644009355,62.268518518518526,0.6334827257059139,0.9823286523427344,0.11941341072476686,-0.4966156745097039,55.78969017178725,60.17389315514114,15.726857779325163,0.09925656086192569,0.04984041874122359,0.05450037795848619,18.416666666666668,260,0.20505526485524664,1.1124903583498933,50.1080434358927,22.379996080562517,1.8537208989368725,0.12236259011839667,-2.307195869635381,0.28850622656817543,2.913999455365565,15.0,1.228709703362374,2,13
2025-10-03 14:35:00,SOLUSDT,2.1888781587529182,3.0281904927889958,2.1888781587529182,True,0.10872106952209203,6.703350746625114,62.61574074074075,0.6885125491407074,1.0555071083377499,0.35254941140552276,-0.3017380308928175,61.11615138780509,66.55688042328308,13.734446097089231,0.13379163745846417,0.05293005671077518,0.08519613539535406,19.416666666666668,20,0.3746561670180388,0.7905351286629316,50.681750121855394,18.287258276548446,1.7377427076868512,-0.27375831052013355,-2.3030096632752906,0.27418693510618897,1.5804464133276341,5.0,1.5099371864578437,1,14
2025-10-03 14:35:00,DOGEUSDT,2.769274381863505,3.6695094280572826,2.769274381863505,True,0.10872106952209203,6.703350746625114,62.61574074074075,0.6885125491407074,1.0555071083377499,0.35254941140552276,-0.3017380308928175,61.11615138780509,66.55688042328308,13.734446097089231,0.13379163745846417,0.05293005671077518,0.08519613539535406,19.416666666666668,20,0.40511752309688887,0.8355844615310606,52.974511000002764,22.011686027785853,0.8919761613450872,0.09789333542173928,-3.1704545454545374,0.5447362923061324,1.5038516068306302,5.0,1.0652688721275005,2,14
2025-10-03 17:10:00,AVAXUSDT,-1.1668090882462019,0.22800256904302874,0.11000000000000001,True,0.13333558877062884,8.711678790166921,64.81481481481481,2.2371932018595997,2.6600838796027926,1.7825404906477216,-0.7644874899112142,58.660215850594746,70.00499897083948,43.14129396054617,0.47466497109363165,0.11957602849496943,0.20340037214501144,0.5833333333333334,175,0.7178727254974678,0.9185829783409147,54.31708419573293,40.0294401208325,3.006747816882771,3.266348322058632,-1.3213765130870248,0.2044469143150009,0.9342070135180144,5.0,2.0806923771373276,0,17
2025-10-03 17:35:00,DOGEUSDT,-1.1032212831929793,0.0,-1.7787021386549653,True,0.12742911329851878,8.416949995853717,64.4675925925926,2.1962587678631573,2.9480726073768393,0.9884734252753047,-0.8106537530266245,57.01485959867431,70.00499897083948,32.73375692861369,0.47466497109363165,0.12913488105853002,0.2049892157412738,1.0,200,0.6754808554619861,0.38503720816584697,50.68663935964784,29.721765082367373,1.4650154314958863,1.6238212622764703,-2.0995891288778434,0.028132180101575456,1.8499529776420454,5.0,2.4131659250522963,1,17
2025-10-03 18:15:00,SOLUSDT,0.25882817204272357,1.552795031055898,0.25882817204272357,True,0.11545740503155284,7.8168361403561315,63.541666666666664,1.6746693987389483,1.916131027452006,-0.6230949923190177,-1.3200968523002454,50.16735309957031,72.96342822155877,29.847921777253287,0.44986966403681994,0.079222081686248,0.2416982762521345,1.6666666666666667,240,0.6019834295065872,0.48153417526923575,49.562050801051136,39.78306846030934,0.49416966491828695,0.5770065075922037,-2.131881121242818,0.08345753723851321,1.8954754281770103,5.0,2.081083807196671,0,18
2025-10-03 18:15:00,BNBUSDT,1.4173584601128364,2.782979835373034,1.4173584601128364,True,0.11545740503155284,7.8168361403561315,63.541666666666664,1.6746693987389483,1.916131027452006,-0.6230949923190177,-1.3200968523002454,50.16735309957031,72.96342822155877,29.847921777253287,0.44986966403681994,0.079222081686248,0.2416982762521345,1.6666666666666667,240,0.6378106876300987,0.42669065275930734,54.41069495761737,43.65887673204234,7.765814645502256,3.4997565857088686,-1.8165024630541926,0.4979271743996264,1.0483645815531886,15.0,5.938067116362622,1,18
2025-10-03 18:20:00,XRPUSDT,-0.7899999999999999,0.30218426671044796,-1.1253577834685846,True,0.11749081250227404,7.971004909804713,63.541666666666664,1.8212157290516506,1.9024653667929048,-0.7589711508307229,-1.156335754640836,52.85022131536038,72.96342822155877,28.54582320991363,0.44986966403681994,0.07883159331945049,0.23598400460077829,1.75,245,0.4141431133874338,0.28595424976896305,49.538092345137876,30.731119611480587,0.049295080350986176,0.3824848324980312,-1.7618586640851919,0.10334418614760156,2.1401715520703894,10.0,1.4390051522828573,2,18
2025-10-03 18:20:00,1000PEPEUSDT,-1.012390096474222,0.9449518637373533,-1.6273168274570369,True,0.11749081250227404,7.971004909804713,63.541666666666664,1.8212157290516506,1.9024653667929048,-0.7589711508307229,-1.156335754640836,52.85022131536038,72.96342822155877,28.54582320991363,0.44986966403681994,0.07883159331945049,0.23598400460077829,1.75,245,0.6149267309828147,0.4599900644020986,50.38323417817318,35.334304571626454,-0.09569094783363763,1.7226485596046448,-2.577200577200578,0.16871144064728263,2.0911788290935007,10.0,1.852490195223555,3,18
2025-10-03 20:35:00,SOLUSDT,-0.7899999999999999,0.4637183340489459,-1.09,True,0.10389168892242631,7.058092792749449,62.61574074074075,1.4445359057445817,1.647014459240359,-0.23332276233932747,-1.229620661824049,50.26220918461711,70.12928468171937,15.84454270355185,0.4019756609101563,0.06857947215699019,0.09156526925008282,4.0,380,0.3784267501388335,0.3549232181429518,50.68435837061923,17.8773558675523,0.7832446233069446,1.4814814814814836,-1.6801756163458248,0.09010190795654682,1.4788805086026544,5.0,2.3476271331932974,1,20
2025-10-03 20:35:00,DOGEUSDT,-0.7899999999999999,0.2772429726607628,-1.09,True,0.10389168892242631,7.058092792749449,62.61574074074075,1.4445359057445817,1.647014459240359,-0.23332276233932747,-1.229620661824049,50.26220918461711,70.12928468171937,15.84454270355185,0.4019756609101563,0.06857947215699019,0.09156526925008282,4.0,380,0.34082483558848964,0.24701877502202083,53.69244295457355,10.991675648396829,0.39430957167154723,1.5921448969213214,-2.107128048550655,0.392570473889555,0.9888020949616119,25.0,2.1324797301080167,2,20
2025-10-03 20:35:00,SUIUSDT,-0.7899999999999999,0.25378587165685307,-1.09,True,0.10389168892242631,7.058092792749449,62.61574074074075,1.4445359057445817,1.647014459240359,-0.23332276233932747,-1.229620661824049,50.26220918461711,70.12928468171937,15.84454270355185,0.4019756609101563,0.06857947215699019,0.09156526925008282,4.0,380,0.29197452679350455,0.36926036386523425,50.854084759398255,18.233078388985835,0.20400748959001902,0.06697923643670389,-2.2037966397556175,0.1914791280287242,1.115284399742425,10.0,1.2637605769047155,3,20
2025-10-03 21:50:00,LINKUSDT,-0.7899999999999999,0.46454010529575207,-1.09,True,0.10327186445244,6.975051611323013,61.80555555555556,0.22374004848519924,1.8014478179505522,-0.2838442012529474,-1.299757869249385,49.5036160663352,67.54158452789123,12.267527687158468,0.34262727496052814,0.0752800389619426,0.07776356312552321,5.25,45,0.25693569424604323,0.4678914659065258,50.515295087638286,12.032921898390175,-0.9683214301362653,-0.3527025835464159,-2.079542500649856,0.004468266548531004,0.590656928204204,5.0,0.8471675722055094,3,21
2025-10-04 03:40:00,XRPUSDT,-0.7899999999999999,0.37095919448861814,-1.09,True,0.10174442933361241,6.808818227323488,60.06944444444444,-0.04774332924144531,1.4565156673937318,0.17901274593732364,-1.4907183212267916,60.11875652428306,63.01777886976555,26.612435275333617,0.10102678983544436,0.06268379064858896,0.04975390696894538,11.083333333333334,5,0.15775685456378752,0.5269664956248927,47.117441038317956,25.138546503367994,-0.27415359207265677,-0.9481316229782433,-2.4491114701130856,0.047539262333017404,1.8737853612552202,130.0,0.27010621526870615,0,3
2025-10-04 03:40:00,AVAXUSDT,-0.7899999999999999,0.5156455177273145,-1.09,True,0.10174442933361241,6.808818227323488,60.06944444444444,-0.04774332924144531,1.4565156673937318,0.17901274593732364,-1.4907183212267916,60.11875652428306,63.01777886976555,26.612435275333617,0.10102678983544436,0.06268379064858896,0.04975390696894538,11.083333333333334,5,0.21247065489813652,0.7097999421023267,55.649347406724466,26.84674650178444,1.251702445035341,-0.03201639239290843,-1.0583687179162138,0.7061398393842662,1.6278349972640305,130.0,1.5503613846723718,1,3
2025-10-04 04:05:00,SOLUSDT,-0.7899999999999999,0.44899738448125337,-1.09,True,0.10407305064572113,6.945948736074237,60.532407407407405,-0.13642787703518344,1.7048427985346892,0.27052255639714584,-1.3381759483454436,68.57205276465803,65.51914901547045,30.574524537915323,0.1407501416656409,0.07304882874468446,0.04124116692081441,11.5,30,0.23805542071989708,0.5367787797728288,49.5200256753501,33.7276943634016,-1.303674382583253,-1.5113133828517533,-3.161938534278963,0.3229885501077713,2.344505676697099,20.0,0.39267648262617527,2,4
2025-10-04 04:40:00,BNBUSDT,-0.7899999999999999,0.7337231769702912,-1.09,True,0.10439611741390628,6.932987957552306,60.532407407407405,-0.07067749191207451,2.043251901615206,0.5943226332255414,-1.1769168684422904,75.13711829017366,65.51914901547045,32.83906279563301,0.1407501416656409,0.08738874571824769,0.03751270314255595,12.083333333333334,65,0.26156607277085403,0.9007242078122342,56.294950928850774,9.90993320197516,6.865875289944068,-0.40437436419125117,-1.5552334107039711,0.9672718917857094,0.6768603982769517,5.0,5.397016472954985,3,4
2026-08-19 22:35:00,SOLUSDT,-1.0767253826323495,0.01165908825930817,-1.7345423043872492,False,0.17887339113576328,10.59320682506777,58.68055555555556,1.001818973539681,7.323693446651514,0.9652059979618599,-1.5571327182398842,54.436157271141646,80.90595525577612,39.33960955716834,1.261892727972375,0.26194429684732284,0.20719523392505185,7.166666666666667,145,0.6578169217548997,0.5334399787937067,57.138356022519304,48.75236397377074,11.217740889638183,4.700280795995626,-1.7640320733104176,0.40515966900887285,2.2169089431214104,5.0,9.135598809877955,0,22
2026-08-19 22:35:00,DOGEUSDT,-0.977386331309749,0.0,0.11000000000000001,False,0.17887339113576328,10.59320682506777,58.68055555555556,1.001818973539681,7.323693446651514,0.9652059979618599,-1.5571327182398842,54.436157271141646,80.90595525577612,39.33960955716834,1.261892727972375,0.26194429684732284,0.20719523392505185,7.166666666666667,145,0.5915908875398327,1.002733035691205,54.69973025947787,35.44110613437386,7.303851640513548,3.210757409440168,-1.5316140856133087,0.2646846440394316,2.2988587893226824,5.0,5.806004399483133,1,22
2026-08-19 23:05:00,LTCUSDT,0.551042460221269,1.3078902229845646,0.551042460221269,False,0.17081266579758134,10.139996821865571,58.68055555555556,1.5017807561184204,7.223510520298837,-0.41437079289361467,-1.6166075230659938,53.23141506892998,81.2514424890627,29.18379047663876,1.179103912336688,0.2542027786246226,0.16473995252319118,7.666666666666667,175,0.3334238813816478,0.27090038034754504,51.921430846363506,25.519267466026946,5.091236765037177,2.0118084408484727,-1.2071156289707785,0.0747474253606598,2.3588970558607607,15.0,3.5349663783411422,1,23
2026-08-20 00:00:00,SUIUSDT,-0.7899999999999999,0.6640293868324543,-1.2447498478266332,False,0.1742092534340763,10.512860869855523,58.91203703703704,2.01048681663627,7.601300886503681,0.04404011968548449,-1.3304471256210149,59.668038096357,81.2514424890627,19.543500268703355,1.179103912336688,0.2579828312651677,0.12931590071906113,8.583333333333334,230,0.46189993913065325,1.1978494505925388,50.152435256488666,20.492362791242623,8.860175357637278,3.3893352812271793,-2.3862068965517236,0.07733253549013083,1.5655996475650975,5.0,5.407984207446925,2,0
2026-08-20 00:15:00,LINKUSDT,-0.8364328287277708,0.35899858290031617,-1.3340547145462847,False,0.1814546684531654,11.018603436636209,59.143518518518526,2.1246336522871223,7.99969641208651,0.6870748201085464,-1.0278211497516065,64.60283659543185,81.59366457650864,22.475504219683284,1.0195003816353294,0.2674167542574264,0.13599990620576236,8.833333333333334,245,0.49762188581851385,0.7739862478271932,51.9845406021036,19.103017810418528,11.4667789828367,5.965965965965969,-2.82724435469065,0.24667792726712987,0.33158371307739143,5.0,7.944201618059443,3,0
2026-08-20 01:30:00,DOGEUSDT,0.3555295562916523,1.1566072852964737,0.3555295562916523,False,0.16623591817168062,10.099241836686247,58.79629629629629,1.9772499703126778,7.953298600603098,0.4800129428708111,-1.2638750887153938,56.241661736452166,82.87982384769248,15.587626020924343,0.985142366616088,0.2560288967381236,0.12694694082784896,10.083333333333334,320,0.35553886450241073,0.4691288442109385,53.02806057717676,14.373030218261485,7.550407550407545,3.367234744365022,-1.5447048042937617,0.31455580354572127,1.0719334944685774,5.0,5.09366780253484,1,1
2026-08-20 01:30:00,1000PEPEUSDT,0.11000000000000001,1.374948439433532,0.11000000000000001,False,0.16623591817168062,10.099241836686247,58.79629629629629,1.9772499703126778,7.953298600603098,0.4800129428708111,-1.2638750887153938,56.241661736452166,82.87982384769248,15.587626020924343,0.985142366616088,0.2560288967381236,0.12694694082784896,10.083333333333334,320,0.5922591536129339,0.5371348293348129,56.453812466575,28.08525578934269,11.96982526364405,7.816032316643806,-1.2759603637844452,0.5411353236326029,2.6957036535513574,25.0,8.909163529939823,2,1
2026-08-20 01:45:00,SOLUSDT,-0.7899999999999999,0.10544815465729496,-1.09,False,0.1707502974901933,10.420404456553033,58.79629629629629,2.110622608797441,8.405650779350893,0.9284151432897403,-0.9338537970191574,64.21167461372119,82.87982384769248,17.763412168049708,0.985142366616088,0.26789303288020916,0.12867893592426,10.333333333333334,335,0.32506238435385576,1.1329802817769636,54.004989495060485,19.217576152281076,11.25016295137533,3.744225626063691,-2.245131729667804,0.6766457715369585,1.7054258819853385,10.0,7.570240098914227,3,1
2026-08-20 03:40:00,1000PEPEUSDT,0.7597049789411893,1.8722466960352513,0.7597049789411893,False,0.14905304958761778,9.246278449510559,57.06018518518518,-0.6677904191960793,7.573069453493209,-0.6161347135670181,-1.7991483321504576,45.67862711035675,73.45115691950829,19.98534908458122,0.7688700812724505,0.2297748674303162,0.10478357809321447,12.25,450,0.511270858547031,0.4898027264908657,51.42856490127102,19.50268897200889,11.839421115430525,0.958965984503668,-1.47497626474975,0.23581205289047935,1.4490358512203363,10.0,8.03610340474279,0,3
2026-08-20 03:45:00,AVAXUSDT,1.4809844312882967,2.143385070214343,1.4809844312882967,False,0.14990781593703434,9.305141197455447,57.06018518518518,-0.7968241643159901,7.635500523054017,-0.7826100661822877,-1.7091554293825473,48.94313911920947,73.45115691950829,19.189647499614637,0.7688700812724505,0.23129078735485825,0.09778598449580872,12.333333333333334,455,0.28620031946302316,0.9952334591820782,49.586628403501315,23.12735760459131,6.368925931750269,-1.3418903150525074,-1.771710717397612,0.16877980878875595,3.909424404016985,10.0,4.225062575226923,1,3
2026-08-20 03:45:00,LTCUSDT,1.105829022139503,1.6029066039752182,1.105829022139503,False,0.14990781593703434,9.305141197455447,57.06018518518518,-0.7968241643159901,7.635500523054017,-0.7826100661822877,-1.7091554293825473,48.94313911920947,73.45115691950829,19.189647499614637,0.7688700812724505,0.23129078735485825,0.09778598449580872,12.333333333333334,455,0.20353879091785754,0.6439614340053453,48.440084273172964,28.515557836667092,5.099977533138622,-0.4892576047649366,-0.9947089947089927,0.013437228387007996,3.6459104540920806,5.0,3.199899248431204,2,3
2026-08-20 04:05:00,SOLUSDT,2.7809323334574785,3.34120425029516,2.7809323334574785,False,0.14966432712847047,9.274042325207589,56.82870370370371,-0.06283326127685118,7.904932919637386,-0.4316050942610672,-1.5665010645848243,54.494634272416135,75.32375015569771,17.234858938318066,0.6635996831613094,0.237436904094221,0.09312151531373491,12.666666666666666,475,0.23513595841884072,0.7585560909671845,50.49407560308423,22.7156122081235,10.07147498375569,-1.568855316676343,-2.978235967926679,0.4002377680256255,3.286941288916033,10.0,5.9549483279017545,3,4
2026-08-20 04:45:00,LINKUSDT,0.636790805375413,1.2724837351703044,0.636790805375413,False,0.14793371930525004,9.216504973596962,56.71296296296296,0.302921639449516,7.858328979774609,0.09032315778993993,-1.533995741660743,55.129109867115744,75.32375015569771,15.883195710595281,0.6635996831613094,0.23377722682972918,0.0903270267003454,13.333333333333334,515,0.27284646489744574,0.525750077098139,48.9408736894154,19.008936759953414,8.71554862194488,-1.6003012331733069,-4.048099871488898,0.08104464664071465,1.0058819429221053,5.0,5.524904990972712,3,4
2026-08-20 07:50:00,SUIUSDT,1.5149297193746358,2.1197894437331,1.5149297193746358,False,0.15311086330900164,9.901529489194072,56.71296296296296,0.17164080573590645,8.567837789073529,0.6052167696500854,-0.9226401703335663,59.100903228054925,76.22633323226671,23.987873212901732,0.6324055292998852,0.23882693675100874,0.10081335059801365,16.416666666666668,700,0.257429862179232,0.26893725443707434,54.10372872972863,22.069644431506426,6.903892944038925,-0.8881996334414333,-3.0344827586206935,0.4944243177718619,1.0099446828009067,10.0,3.363485690721113,3,7
2026-08-20 09:35:00,LINKUSDT,-0.7899999999999999,0.056401579244225175,0.45069673376866515,False,0.1940508855923844,13.530576230055956,59.143518518518526,4.047352562589679,11.657328249256494,3.3330792913090157,-0.3072901998704247,70.44283202947321,84.70441631867722,64.22082622318683,1.0576360821229795,0.28908531839304386,0.2206308451666412,0.3333333333333333,805,0.3077678203689089,0.7644088793003314,53.98276664460854,30.279688294802003,8.806382325866835,1.9551466359976954,-2.3499173857169153,0.12403768640759696,0.3543129865844505,5.0,6.1126981207500375,0,9
2026-08-20 09:55:00,SOLUSDT,-0.7899999999999999,0.9046146799496224,-1.09,False,0.19044703275309405,13.41615829331917,59.606481481481474,3.754797025302281,11.469625888845925,2.814974812327864,-0.4168880589664248,63.223047477747265,84.70441631867722,61.87730387642043,1.0576360821229795,0.28010952711440634,0.232822671016443,0.6666666666666666,825,0.356841188523462,0.47731291567070094,53.61482250269169,44.72082202869483,13.019283033518825,3.3735795454545414,-0.7500852369587419,0.027321350352788716,0.6402616845378876,5.0,7.662470549313194,0,9
2026-08-20 10:00:00,AVAXUSDT,0.29543619065360716,1.1030478955007306,0.29543619065360716,False,0.1893319581619036,13.338904176236621,59.72222222222222,3.572413255518203,11.455773478689068,2.726287441353059,-0.4600335452687565,62.05608950838201,84.70441631867722,60.901625086083016,1.0576360821229795,0.279566020068917,0.23283750240429787,0.75,830,0.3588058524235617,0.7646894007439005,53.70534825483932,34.494991922098016,8.778023365961474,2.0740740740740726,-0.8633093525179936,0.22652018069630972,1.0462467080907125,5.0,5.018276874775296,1,10
2026-08-20 10:10:00,LTCUSDT,0.6943035494741161,1.3088452607135315,0.6943035494741161,False,0.19643004305419703,13.931545216584972,59.95370370370371,3.9783630106671186,12.056069829372952,1.170324837735448,-0.10042288422834611,69.69057449399189,85.30829092904686,59.967914512353886,1.255686680029095,0.290308581006254,0.16882712085495993,0.0,840,0.2622708556197077,0.33524166894716373,55.83474755615833,22.911581384809338,5.78383206788744,1.0883482714468595,-0.5458744488767708,0.4907858495203806,1.2208572144926815,10.0,3.5265034800723294,2,10
2026-08-20 10:15:00,1000PEPEUSDT,0.11000000000000001,1.7214799588900265,0.11000000000000001,False,0.2016138149654731,14.374288784928545,60.06944444444444,4.3609367361330476,12.440976446514052,1.4859628677568626,-0.11469979296067079,73.52637837115782,85.30829092904686,60.43341794931328,1.255686680029095,0.2968766221246665,0.1818301072783195,0.0,845,0.9166945478776084,0.8900030323205231,53.65486115210662,34.622250965434716,20.73752375043625,5.384823664793892,-3.1207218419414984,0.19344404267156512,1.5225319231341627,5.0,12.328178930291212,3,10
2026-08-20 12:50:00,1000PEPEUSDT,-1.2476036001052002,0.7142401632548978,0.11000000000000001,False,0.17626353331864886,13.100803747674238,59.375,2.899223207534196,10.862008045017536,-0.0612012128967665,-0.8794619762027889,51.500510776492845,83.94906745356828,23.379521055734543,1.0816591627118326,0.24225124313907578,0.14213392852582413,2.5,1000,0.7717357334034667,0.8286225416635062,53.85362853097976,17.78677594245905,19.813555436692898,7.312733121171666,-2.426882389545737,0.38241921822971225,0.8380815252673831,5.0,11.989604093044704,1,12
2026-08-20 12:55:00,SOLUSDT,-0.7899999999999999,0.4824259131633424,-1.09,False,0.17767849780425843,13.228316956991248,59.49074074074075,2.994467258887612,10.905171815662996,-0.06682578891941127,-0.7689601655457734,54.05393394651747,83.94906745356828,22.489334306985896,1.0816591627118326,0.24311336903542402,0.14189915303413303,2.5833333333333335,1005,0.31804605348220244,0.5632462928985977,49.04506426366887,22.768819335695376,11.07566670919995,1.3269700849726451,-1.2142532909668713,0.01468431507314382,1.8740841100247287,10.0,6.41126404304091,2,12
2026-08-20 13:00:00,SUIUSDT,-0.7899999999999999,0.33149171270718814,-1.1112735487547585,False,0.17898413893288237,13.331180898982575,59.606481481481474,3.0245110672050046,11.093013777302962,-0.1142408190914046,-0.7297809967235724,54.95937574358995,83.94906745356828,22.121391585327512,1.0816591627118326,0.24745410150532526,0.1399204862997998,2.6666666666666665,1010,0.40850941950190334,0.5169515791636433,50.455059396686586,25.23667837502502,10.165880383503257,2.885162023877208,-1.5503875968992165,0.16437446857851454,1.8276439964692763,15.0,5.187593182140349,3,13
2026-08-20 14:05:00,LINKUSDT,-0.7899999999999999,0.0,-1.09,False,0.17031628654551761,12.891335988607677,59.375,1.5891089108910794,9.88773087232715,0.2488652414955883,-0.9160200034488697,51.89495407312055,79.4784095072504,21.852852941873433,0.8256974700551633,0.21958296666519372,0.14934974450823563,3.75,1075,0.3789343398788202,0.6254252954728973,57.25884796606162,21.170241579294064,9.868896459172106,0.29212212589522224,-2.3040205617771203,1.0065949552872469,1.3615922706731802,15.0,5.043423424421922,1,14
2026-08-20 14:55:00,SOLUSDT,0.24101012467393,1.0162836355237292,0.24101012467393,False,0.16307623894461143,12.401736606353042,58.91203703703704,0.32461997244292995,8.949459447975272,-0.19074073301721395,-0.9582341783066162,54.09707590583398,79.4784095072504,22.333445729464877,0.8256974700551633,0.19869274439446677,0.14992479942303832,4.583333333333333,1125,0.34263675542489963,0.5877618751261177,48.84630199520449,24.481253804757884,7.1251855517070695,-1.0398811564392818,-1.7249205628688258,0.10349033166548666,1.8133243610083958,5.0,5.389115052531901,1,14
2026-08-20 18:20:00,LTCUSDT,-0.7899999999999999,0.0,-1.09,False,0.16173605100173485,12.686046619772018,58.56481481481482,1.2381542575043536,6.534737039555449,0.6108818343616207,-0.3395695130460785,56.18939218367888,76.10819664785473,20.75887400157797,0.8299039826580759,0.160098805147059,0.1061409583010764,0.5,1330,0.373094805844101,1.0660303392727004,55.56565381321764,22.853560037842115,5.892661555312162,2.1555367709213957,-0.4530477759472795,0.5566877795975802,0.5716922601034706,15.0,4.327389548949645,0,18
2026-08-20 19:15:00,SOLUSDT,1.0910203541414842,1.8000458610410552,1.0910203541414842,False,0.16130835455794393,12.745924458227464,57.754629629629626,0.7884437585590875,6.1405923314338695,-0.1323879283148921,-0.6192311224986313,49.408844412784006,77.50983929418136,15.073193121686977,0.7273247486942336,0.15102628736046078,0.08668346607040392,1.4166666666666667,1385,0.3095127534497854,0.6595804039160758,51.83232506799024,18.396788539494874,5.978128797083837,-0.13739409205404396,-1.021334543803909,0.33444065779913146,1.8027502215109026,20.0,4.9497528857729955,0,19
2026-08-20 19:55:00,1000PEPEUSDT,3.41,4.061092117455334,3.41,False,0.16456179055057063,13.019987430072,58.217592592592595,1.375870908144572,6.206645508090869,-0.0617652480376929,-0.40523515565774604,56.641374255475526,77.50983929418136,12.452660240475538,0.7273247486942336,0.15398006702354491,0.07386333430629555,2.0833333333333335,1425,0.48985272611587577,0.44351830219217303,48.15858544755072,21.0787385919701,15.196908354803096,-0.2930776337166652,-3.2667820496971145,0.08891931461708673,2.5009811471063843,10.0,8.440563141763402,1,19
2026-08-20 20:00:00,LINKUSDT,-0.7899999999999999,0.08440401387976859,-1.09,False,0.16519134029616567,13.075118174434476,58.333333333333336,1.3564834637608492,6.113375161894652,0.1343434120746556,-0.3737046800822097,58.05472445484728,77.50983929418136,12.156248550666103,0.7273247486942336,0.15217201674808095,0.06833875010900797,2.1666666666666665,1430,0.3113044680740811,1.0645526108617867,49.194554936751885,17.599153294220475,5.406741128793113,0.5468602677729528,-2.111253901230037,0.09128354001398982,1.7343578568700733,10.0,4.1871355898557505,2,20
2026-08-20 20:00:00,AVAXUSDT,-0.7899999999999999,0.3202896532516375,1.4755338662917452,False,0.16519134029616567,13.075118174434476,58.333333333333336,1.3564834637608492,6.113375161894652,0.1343434120746556,-0.3737046800822097,58.05472445484728,77.50983929418136,12.156248550666103,0.7273247486942336,0.15217201674808095,0.06833875010900797,2.1666666666666665,1430,0.46357758711592695,0.563355184359942,51.050412518201846,23.671399240009517,8.90068233510235,3.8912194416317103,-1.9388312397596863,0.22930143318117274,1.4873743895656901,5.0,6.814647599743151,3,20
2026-08-20 21:10:00,DOGEUSDT,-0.7899999999999999,0.4862236628849326,-1.09,False,0.1623554128884616,12.922024942693966,58.333333333333336,0.6248329555069487,4.690901598837005,0.29330572808834443,-0.6078769582624766,51.8680654760007,77.70394639024633,21.545263484797516,0.6270285414265723,0.12368463040488711,0.06587768356717724,0.5833333333333334,1500,0.33891031962293383,0.6031979864002758,51.6872071488397,21.840060703953498,5.970937912813734,0.6903476841973122,-3.9856373429084324,0.4800538315365124,2.724098270752266,20.0,6.530224477934965,2,21
2026-08-20 21:30:00,LTCUSDT,-0.7899999999999999,0.0,-1.09,False,0.16455198840703708,13.153295748194083,58.56481481481482,0.41005150478692354,4.32953245464891,0.3083297267346685,-0.4527616408300683,58.28660516050285,77.70394639024633,23.647066773797317,0.6270285414265723,0.11514925060146315,0.07034272977348108,0.9166666666666666,1520,0.22903671125541433,1.0016857614839125,55.96160454273634,8.744627513684867,2.7742210840802306,0.6688963210702115,-0.8237232289950658,0.8226287964894252,0.37024687989981325,5.0,3.5147166725782553,2,21
2026-08-20 22:20:00,SUIUSDT,-0.7899999999999999,0.0,0.4445090697817998,False,0.16262842679816722,13.151505631049233,58.79629629629629,0.6849239234834048,5.0829022953225556,-0.027346058182509125,-0.4866845673937581,55.54967201669235,76.42969038220838,19.859402589861705,0.5658607450208141,0.1366708093832532,0.09181296820509055,1.75,1570,0.36081755686224026,0.6634783247054215,52.43290801211976,17.5349512058209,2.69209197980933,-0.6376339709672996,-2.7873639500929026,0.26411250631171906,0.8163471018064447,5.0,4.194642955445915,2,22
2026-08-20 22:25:00,LINKUSDT,1.5887367393858873,2.322726843546419,1.5887367393858873,False,0.16344695949326135,13.218204791455301,58.91203703703704,0.5272364025234566,5.267650586459971,-0.04931664168780214,-0.4758784738512989,55.93259468197448,76.42969038220838,19.378866352475235,0.5658607450208141,0.14199025813219765,0.0908969760819417,1.8333333333333333,1575,0.3219950520802657,0.5305196149368686,51.94845992537443,34.880702191412524,-0.9260991580916755,-0.8797379503977631,-2.5756600128783114,0.5881939680058564,1.9938308771979427,10.0,3.0576677738470615,3,22
2026-08-20 22:35:00,1000PEPEUSDT,1.180420724598299,2.2815473209814696,1.180420724598299,False,0.16218467510931614,13.113282823647987,59.143518518518526,0.4179824991404235,4.85775669401467,0.030261348005500288,-0.5264892917084318,53.545304783843235,76.42969038220838,17.07125997880399,0.5658607450208141,0.13321997706512745,0.08431600771598297,2.0,1585,0.5055632981915853,0.49385095132212126,51.8873722283562,26.21544709952767,10.759844703272336,-0.3772643656658303,-1.8914271677720418,0.06732702920517107,1.2911541385369782,20.0,9.34516849674778,3,22
2026-08-20 23:05:00,AVAXUSDT,1.399211474214735,2.122936034411005,1.399211474214735,False,0.16129413829681663,13.14137289434456,59.49074074074075,0.22485803512906077,5.014781182234862,0.2712494833999157,-0.4377151814671354,55.56752110723808,78.68678872508185,14.903583076597078,0.5590668833422869,0.13695683011017062,0.09635934278674299,2.5,1615,0.3168622800981349,0.7874228772389739,56.23750680275067,24.871016171289316,5.937683715461484,-0.7025761124121788,-1.5838339705079196,1.0812155854030752,0.3300979377735903,10.0,6.037045888064063,3,23
2026-08-21 01:05:00,1000PEPEUSDT,0.9533250504209635,2.0658710622253995,0.9533250504209635,False,0.17919989283282267,14.984986386620003,60.532407407407405,2.030346830784202,6.652716948186432,1.5383262647536977,-0.10704756858748166,73.39118089585574,87.09817303802075,43.697259946257226,0.9004102485568498,0.18143499769767585,0.11665689460352198,0.5833333333333334,1735,0.511273005902218,0.3003712878207125,50.03800331069398,14.588205041030072,10.956678076271476,3.1167662746610203,-1.8022704323613081,0.019924170091556365,1.7976263965771202,10.0,8.592644930255666,1,1
2026-08-21 01:25:00,LINKUSDT,0.6197945924826052,1.423785594639848,0.6197945924826052,False,0.19002935443979027,16.17975955332287,60.995370370370374,2.9417601225928847,7.78581961843583,2.0698145665864587,-0.2402510683760628,79.50713124364921,87.09817303802075,50.74053868740949,0.9004102485568498,0.20487362222213865,0.15678874178690444,0.16666666666666666,1755,0.3569955010786215,0.799671580475977,54.384433054598496,36.510226325797014,2.6557126480703186,0.9298393913778513,-1.1498482200349547,0.1299484538786463,0.3542285231022714,5.0,4.0137424102590025,1,1
2026-08-21 02:25:00,AVAXUSDT,-0.8147856390707698,0.48004388972704426,1.110674421530658,False,0.19073082522304013,16.87628558908245,62.38425925925925,2.9551520779615315,7.857376202215405,1.6983628357611469,-1.0841059821163346,62.57495792580179,76.18743858052453,52.16477390987022,1.0007044060272217,0.19695395581720923,0.2291768264555294,0.6666666666666666,1815,0.48319042604717993,1.1034511967476273,53.1034356708697,13.473147556071988,7.189062040576322,1.5884074125679382,-0.9375000000000022,0.2857772316202792,0.47661125655899206,5.0,6.400060601135982,0,2
2026-08-21 03:20:00,DOGEUSDT,1.8366661410016032,2.788308670661621,1.8366661410016032,False,0.1818005970274095,16.277814271426404,62.84722222222222,2.525482513403343,7.972605081708073,0.07251358958382248,-1.6427887946678932,52.65186100826177,76.51807931019367,30.916521111690123,1.0091161182077977,0.1972838381919027,0.19660822623490856,1.5833333333333333,1870,0.4308212648300089,0.5395206567349591,52.17356299415452,22.175514866367433,9.071504802561359,1.9832855182736697,-2.1424296828246536,0.10790357443598864,1.1988417836008136,5.0,6.797591012559101,0,3
2026-08-21 03:20:00,SUIUSDT,0.11000000000000001,1.0352245227211565,0.11000000000000001,False,0.1818005970274095,16.277814271426404,62.84722222222222,2.525482513403343,7.972605081708073,0.07251358958382248,-1.6427887946678932,52.65186100826177,76.51807931019367,30.916521111690123,1.0091161182077977,0.1972838381919027,0.19660822623490856,1.5833333333333333,1870,0.43168226224559747,1.078557754645593,51.6067169198402,15.35527334869904,6.424381170410642,1.7092848352249446,-1.2742235200424612,0.015262428898376267,0.6118343193282925,5.0,4.754577750562627,1,3
2026-08-21 03:20:00,LTCUSDT,0.5373454322975337,1.1835548172757449,0.5373454322975337,False,0.1818005970274095,16.277814271426404,62.84722222222222,2.525482513403343,7.972605081708073,0.07251358958382248,-1.6427887946678932,52.65186100826177,76.51807931019367,30.916521111690123,1.0091161182077977,0.1972838381919027,0.19660822623490856,1.5833333333333333,1870,0.2781046924891056,0.8265644160761224,51.76484940955189,16.42644806827448,3.104260329693842,0.24979184013320666,-0.8237232289950658,0.21072547370493588,1.0969810528767134,5.0,2.7931140854920766,2,3
2026-08-21 03:30:00,1000PEPEUSDT,5.512647422097852,6.740461319646274,5.512647422097852,False,0.1831325511101814,16.416173958128354,63.07870370370371,2.4318490049590524,7.9046331465097985,-0.2611689182228205,-1.6125647540172316,53.17852959086097,76.51807931019367,28.91899561563408,1.0091161182077977,0.19652927479693535,0.18545465721028082,1.75,1880,0.5689069487742109,0.5410626376339965,54.11635928953881,13.623934240424791,11.984072022160674,0.3101640767966263,-1.266943460740011,0.3522651064450425,0.5476223085149357,15.0,8.653679359620359,3,3
2026-08-21 04:40:00,LINKUSDT,0.5268245568282601,1.4755751076894752,0.5268245568282601,False,0.18445273653218427,16.719403119941557,63.657407407407405,3.112841002462252,8.045884181956108,0.3029755330187234,-1.1201372620186723,60.85276597583618,78.74826710749151,22.406282162100233,0.8941754495643371,0.19737912783827583,0.10923466577970747,2.9166666666666665,1950,0.42937527543060755,0.6626664024268678,51.67767737767092,28.134788154068826,4.521505891368904,3.0214332924180853,-1.141614569176419,0.027140697379479446,0.685640156456701,10.0,4.965819514345915,3,4
2026-08-21 06:55:00,AVAXUSDT,3.564173564745099,4.605352533623153,3.564173564745099,False,0.18897677246096972,17.598397459326055,64.12037037037037,2.620989358338055,8.268326489000376,0.8307741134520041,-0.20351733922855386,62.10390345971262,81.16613100803954,25.388869920931878,0.9975073267236253,0.1974194783571912,0.13772611775586208,5.166666666666667,2085,0.4755894844390269,0.6957347648891234,51.90628401023215,16.750021177148632,8.18636096413874,1.2238723872387114,-1.1813666263928102,0.05908444326848505,1.221070128432654,15.0,6.294103523108507,0,6
2026-08-21 07:35:00,SOLUSDT,2.389868553558517,3.329277734763858,2.389868553558517,False,0.20108813144051263,19.116525140047514,64.4675925925926,2.5872622755839902,10.014192800640753,1.6022597639571812,-0.5118335500650217,73.02725612335583,83.54298617379507,40.04648859309998,1.0723407977892137,0.23207555343759487,0.16861849830242803,0.3333333333333333,2125,0.4247045906026706,0.5123000854929849,53.24359060617911,17.519352806219096,5.2502910360884725,2.343219379669459,-1.007336034161832,0.22589981797123615,0.40269735820032226,5.0,5.933861915672645,1,7
2026-08-21 08:00:00,DOGEUSDT,1.2687456848258936,2.3516772114122064,1.2687456848258936,False,0.20282083231123338,19.466260031401973,65.04629629629629,2.1030665167077967,9.70006829319976,1.6296072283148,-0.36280884265279534,69.76385916648616,83.54298617379507,46.9684040941455,1.0723407977892137,0.22328452455104864,0.18704771680760163,0.75,2150,0.49646576329315645,0.7755198074305818,56.41350819593386,33.317344121202254,11.187790311877887,1.711788272429282,-0.8755324183625235,0.4841296038264153,0.3847147298873923,10.0,8.105739731406025,2,8
2026-08-21 09:40:00,SOLUSDT,-0.9834421307094937,0.326548383585501,-1.5790702178491565,False,0.21185143634353978,21.907467671691272,66.55092592592592,4.749182700037524,8.626863058674461,2.103168073219086,-1.7282274638459882,63.21463752654464,75.759177655269,46.20560569075685,1.6200361036841775,0.19320158447143337,0.3170757462422286,0.75,2250,0.5956280871396625,0.5378223536338937,57.2702015422804,20.40938060698151,4.910918227501138,3.0167096557138118,-1.669877970456013,0.7551043314117006,0.7479098717523963,15.0,6.947455028376037,0,9
2026-08-21 09:40:00,1000PEPEUSDT,5.41,6.233743962043059,5.41,False,0.21185143634353978,21.907467671691272,66.55092592592592,4.749182700037524,8.626863058674461,2.103168073219086,-1.7282274638459882,63.21463752654464,75.759177655269,46.20560569075685,1.6200361036841775,0.19320158447143337,0.3170757462422286,0.75,2250,0.9671785785888632,0.4667051890862567,55.22694908553722,29.8051603826857,11.246422893481721,8.412865642042643,-1.8707578392326174,0.5032766647263274,1.1742806694771424,15.0,13.656706663889118,1,9
2026-08-21 09:40:00,SUIUSDT,0.11000000000000001,1.427308323860066,0.11000000000000001,False,0.21185143634353978,21.907467671691272,66.55092592592592,4.749182700037524,8.626863058674461,2.103168073219086,-1.7282274638459882,63.21463752654464,75.759177655269,46.20560569075685,1.6200361036841775,0.19320158447143337,0.3170757462422286,0.75,2250,0.8452485840790666,0.48607396683663084,56.5094221175841,32.76416417421665,9.049586776859497,6.168700549818951,-2.8231250767153604,0.7354048250160526,1.356843181742752,10.0,9.13187974671461,2,9
2026-08-21 09:40:00,LINKUSDT,-1.2502502132279905,0.3122831367106116,-2.023750355379984,False,0.21185143634353978,21.907467671691272,66.55092592592592,4.749182700037524,8.626863058674461,2.103168073219086,-1.7282274638459882,63.21463752654464,75.759177655269,46.20560569075685,1.6200361036841775,0.19320158447143337,0.3170757462422286,0.75,2250,0.7735001421519936,0.5957115455999709,55.619745448593505,31.406927331384054,8.295753476136781,5.490985631920919,-2.7585625105449596,0.4862426869623029,1.2686624184706599,15.0,9.08542775808412,3,9
2026-08-21 21:20:00,1000PEPEUSDT,4.41,5.077137402610821,4.41,False,0.16654595782466114,20.793340878933385,66.66666666666666,0.5056556130993872,7.329223479819658,1.103770210515953,-1.9370125258467374,72.32498644364071,71.20366235475082,13.819785967471972,0.5307633516074857,0.1398150286590103,0.11541858111223195,12.416666666666666,2950,0.941205059919486,1.0899634127573268,56.42422935555451,14.758498640127478,20.260626745268382,4.446240905416343,-5.403426563186409,0.8345130899259159,2.3987942630608305,15.0,15.877097521170969,0,21
2026-08-21 21:20:00,LINKUSDT,2.2178423648347074,3.376688344172085,2.2178423648347074,False,0.16654595782466114,20.793340878933385,66.66666666666666,0.5056556130993872,7.329223479819658,1.103770210515953,-1.9370125258467374,72.32498644364071,71.20366235475082,13.819785967471972,0.5307633516074857,0.1398150286590103,0.11541858111223195,12.416666666666666,2950,0.534422989668689,1.067971902319031,73.34096388046102,28.873887532560595,13.406447953105793,4.096155515056843,-0.033336111342618935,3.0737252611497015,2.228616665304579,140.0,9.427122562367597,1,21
2026-08-21 21:20:00,LTCUSDT,1.331560367630409,2.2145857197403584,1.331560367630409,False,0.16654595782466114,20.793340878933385,66.66666666666666,0.5056556130993872,7.329223479819658,1.103770210515953,-1.9370125258467374,72.32498644364071,71.20366235475082,13.819785967471972,0.5307633516074857,0.1398150286590103,0.11541858111223195,12.416666666666666,2950,0.3965126760549746,0.8397983281944869,60.000398540886806,12.972324774715087,9.034138218151554,0.9832272990167867,-0.1524971406786091,1.1023962703182901,1.7817679915770408,85.0,6.835061439366652,2,21
2026-08-22 01:00:00,SOLUSDT,-0.7989561521112386,0.31864046733935947,2.660954551654825,False,0.15994891383310283,21.192597882447917,67.5925925925926,1.5512699599987023,5.760789456571214,-0.36604136726916536,-1.8735348278874464,49.898706272387585,64.49913691650994,33.48627904220106,0.5602430967469647,0.10561375795418998,0.12346772998029776,16.083333333333332,3170,0.47263743474082576,0.6899143733776689,55.75567208834101,11.857581160092062,6.600996376811619,3.5525736911570682,-0.9364478114478159,0.7721590619136193,1.240798588148191,20.0,6.09851613490171,0,1
2026-08-22 01:00:00,DOGEUSDT,4.41,5.787011856847601,4.41,False,0.15994891383310283,21.192597882447917,67.5925925925926,1.5512699599987023,5.760789456571214,-0.36604136726916536,-1.8735348278874464,49.898706272387585,64.49913691650994,33.48627904220106,0.5602430967469647,0.10561375795418998,0.12346772998029776,16.083333333333332,3170,0.7176157195564872,0.6910639249849261,53.80057189228311,23.95142966001485,12.768306144977304,9.870936902485639,-2.9656992084432843,0.4142356851422736,1.7939648725190478,10.0,11.916317189608483,1,1
2026-08-22 01:00:00,1000PEPEUSDT,-1.29,0.0,0.11000000000000001,False,0.15994891383310283,21.192597882447917,67.5925925925926,1.5512699599987023,5.760789456571214,-0.36604136726916536,-1.8735348278874464,49.898706272387585,64.49913691650994,33.48627904220106,0.5602430967469647,0.10561375795418998,0.12346772998029776,16.083333333333332,3170,1.2101110462687923,0.5652005041038157,54.04277456933818,22.597859218486473,28.6249297796642,8.98561455468585,-2.792584555875288,0.37357465588515876,0.6643120917065263,10.0,20.115250317864543,2,1
2026-08-22 01:00:00,LINKUSDT,-0.8560744355119151,0.19810152703259032,1.9839037792018839,False,0.15994891383310283,21.192597882447917,67.5925925925926,1.5512699599987023,5.760789456571214,-0.36604136726916536,-1.8735348278874464,49.898706272387585,64.49913691650994,33.48627904220106,0.5602430967469647,0.10561375795418998,0.12346772998029776,16.083333333333332,3170,0.5107162903412767,0.8067961294917501,58.17531798691439,21.06929335854293,12.436194895591646,5.101067059946218,-2.3062656237400225,1.0628264124770646,1.955011872347736,30.0,9.245217757093215,3,1
2026-08-22 02:05:00,AVAXUSDT,1.8024402373267527,2.8770595690748024,1.8024402373267527,False,0.15919847577166377,21.249461760513345,68.05555555555556,1.1767651152443603,4.16472470429865,0.17595029211601165,-1.9553644939696246,50.372576800620166,67.34816576203555,21.974953461531513,0.40580713102400906,0.08196574816808411,0.0869652891819788,17.166666666666668,3235,0.4923096658740248,0.6254365717170888,57.0656115642826,10.908236331929324,8.156271418779992,4.35127628620553,-0.4918653045781429,0.6821761857637041,0.31911683937261054,10.0,7.275578488178103,1,2
2026-08-22 02:10:00,LTCUSDT,1.373592381482422,2.5316455696202445,1.373592381482422,False,0.15909270915350884,21.219347371855115,68.17129629629629,1.0180844632077024,4.247828991315972,0.18089938707332998,-1.9181577640766556,51.732169766179325,67.34816576203555,20.518031342291465,0.40580713102400906,0.08357010873707825,0.08717120722241448,17.25,3240,0.5340265940689112,0.9711844743828311,55.535399140124284,16.455335906657012,11.292996270203082,3.76738794435858,-0.8674787744555212,0.6718177735701033,1.1239565735768458,10.0,7.6758400475429145,2,2
2026-08-22 03:15:00,1000PEPEUSDT,0.45839579860192037,2.6883239171374695,0.45839579860192037,False,0.1635728868126794,22.06690112402836,69.56018518518519,1.1429556988826528,5.605832549388534,0.7699321244048374,-1.2245539277611184,63.03152933588861,66.45362085503477,24.55433024064579,0.4252540515424501,0.1094757561839778,0.11213715270943873,18.333333333333332,3305,1.0699640592677746,0.9802073900524481,60.537799985108265,16.670997998000626,32.0557058037241,10.35459150539031,-1.3217189314750133,1.3735019777615323,0.3047924355286383,5.0,20.763004354744986,3,3
2026-08-22 04:20:00,LTCUSDT,0.808176557435525,2.0975160993560227,0.808176557435525,False,0.1611794541979683,21.96628270558907,70.25462962962963,-0.03795636800864033,4.90679128358813,0.39528017561185624,-1.3501266411498958,53.76902900721898,66.83303007644842,19.601245002695926,0.46415045126711774,0.09644264620881726,0.12312195491222626,19.416666666666668,3370,0.5996697709602489,0.23612999386961192,51.89925260244617,18.02239302187584,12.200660611065238,1.7790262172284743,-1.325344952795926,0.10315952453138867,1.1243103252496705,20.0,8.170088262269193,0,4
2026-08-22 18:15:00,SOLUSDT,-0.7899999999999999,0.5407124681933828,-1.09,False,0.10070605390342488,13.190421719128299,63.657407407407405,0.03391370644452163,-0.16767664502026491,0.11750165823731784,-1.9670995714927142,52.813816087787735,53.33633552064963,18.560805102816506,0.013895958684927932,0.005073642077613011,0.07500814133474024,14.75,75,0.26919230593946564,0.6397449485969903,56.72672319121031,15.93723327818126,2.6330105538026283,0.24442082890543393,-8.274990276157146,0.6252680747681699,2.666286691321383,50.0,2.9803956435860313,0,18
2026-08-22 18:15:00,DOGEUSDT,-1.005660147037914,0.7730298475413289,1.0511554492146293,False,0.10070605390342488,13.190421719128299,63.657407407407405,0.03391370644452163,-0.16767664502026491,0.11750165823731784,-1.9670995714927142,52.813816087787735,53.33633552064963,18.560805102816506,0.013895958684927932,0.005073642077613011,0.07500814133474024,14.75,75,0.610440098025276,0.521613803733132,60.73778974881668,30.623160315555378,9.807850996109856,2.3851395911189233,-7.817911924789711,1.127258025409258,3.471743059530307,175.0,6.766511408568987,1,18
2026-08-22 18:15:00,LTCUSDT,1.228318263820072,1.9351166761525151,1.228318263820072,False,0.10070605390342488,13.190421719128299,63.657407407407405,0.03391370644452163,-0.16767664502026491,0.11750165823731784,-1.9670995714927142,52.813816087787735,53.33633552064963,18.560805102816506,0.013895958684927932,0.005073642077613011,0.07500814133474024,14.75,75,0.3083992061662216,0.8479069702076755,65.5590603568011,30.517311938363395,1.6387121650279557,2.091402013942667,-4.991890430708246,1.1645232625197492,3.5703776800130456,175.0,3.36808024740356,2,18
2026-08-22 18:30:00,1000PEPEUSDT,-1.1477260449974598,0.0,0.6996204740399122,False,0.10149748927969403,13.301416340953187,63.657407407407405,0.14632188224326104,0.08411517308315464,0.17161545186672456,-1.8923835305041936,56.324396069773556,53.33633552064963,19.652885456098396,0.013895958684927932,0.0025454260651629245,0.0774739796717605,15.0,90,0.7051506966649731,0.19021927060011798,51.46399382548719,14.580657668165195,1.5394912985274622,1.300917567333637,-10.240620617110785,0.046689882753255134,4.96922721237168,20.0,8.638562383283443,3,18
2026-08-22 19:10:00,SUIUSDT,0.11000000000000001,1.1447162308712011,0.11000000000000001,False,0.10354951344906589,13.570672262860551,63.31018518518518,0.14516475746735313,0.2924424063535769,0.05317387209289315,-1.899106705669551,56.633803381952404,55.50057429370288,14.121098047692225,0.027784928639107528,0.009289889880817572,0.06563349269642685,15.666666666666666,5,0.5507967521173379,0.6800173173816857,50.41846243036439,11.787291315926081,3.7240689827543028,-0.10831628354796008,-13.134484563055992,0.08309747692932719,0.5797044342642923,35.0,2.471620697670396,2,19
2026-08-22 19:10:00,LINKUSDT,-0.7899999999999999,0.39949001274968143,-1.09,False,0.10354951344906589,13.570672262860551,63.31018518518518,0.14516475746735313,0.2924424063535769,0.05317387209289315,-1.899106705669551,56.633803381952404,55.50057429370288,14.121098047692225,0.027784928639107528,0.009289889880817572,0.06563349269642685,15.666666666666666,5,0.39481047256516916,0.5122939371428493,57.87328200278902,12.247621605480706,1.082567230861775,-0.5410431989179121,-6.811881188118807,0.8413449893506144,0.30508808159352735,35.0,2.57450540350892,3,19
