gate,split,stateA,stateB,nA,daysA,avgA,wrA,ciA_lo,ciA_hi,h1A,h1A_days,h2A,h2A_days,nB,daysB,avgB,wrB,ciB_lo,ciB_hi,h1B,h1B_days,h2B,h2B_days,gap,gap_ci_lo,gap_ci_hi,helps_in,verdict,gap_screen
ADX_DELTA_BTC_ADX_CROSS,D1_GOLDEN,yes,no,602,21,-0.07192398352989417,0.5799319727891156,-0.1723627176220077,0.02167310915588857,,0,-0.07192398352989415,21,7398,252,-0.14160164280405158,0.5345345345345345,-0.16867434678233167,-0.11399767108748064,-0.13116361857651126,117,-0.15322769724703827,135,0.06967765927415741,-0.03224117620211554,0.17054631721308722,,same sign,False
ADX_DELTA_BTC_ADX_CROSS,ABOVE_D200,yes,no,1314,45,-0.12096036652976994,0.5519557487159226,-0.17957726927218914,-0.05707982743728648,,0,-0.12096036652976992,45,6686,228,-0.13931084852325845,0.535251465597038,-0.16851455761546066,-0.10977302425644964,-0.13116361857651126,117,-0.1506544266646513,111,0.018350481993488515,-0.04938279520851198,0.08767724365858366,,same sign,False
ADX_DELTA_BTC_ADX_CROSS,H4_GOLDEN,yes,no,3662,136,-0.116744521816018,0.5514789533560864,-0.15192904570709176,-0.08034217883577864,-0.12570839302787767,47,-0.11178131782642006,89,4338,146,-0.1525734432863207,0.5267635590216235,-0.1918550290918123,-0.11416700911920052,-0.13387661623971353,74,-0.1800890132302032,72,0.0358289214703027,-0.015908762868422292,0.08934937787835058,,same sign,False
ADX_DELTA_BTC_ADX_CROSS,H1_EMA20_UP,yes,no,4498,235,-0.1355968661027925,0.5369837800529161,-0.1684596604879441,-0.10005826909356048,-0.12181647553419972,98,-0.14825499577537768,137,3502,223,-0.13722919301834682,0.5392531608350485,-0.1760150629133008,-0.09678042130059755,-0.1426631188254326,103,-0.13185248316009263,120,0.0016323269155543163,-0.053926002504723854,0.053843412884798575,,same sign,False
ADX_DELTA_BTC_ADX_CROSS,ADX5_RISING,yes,no,5376,271,-0.14270158024113988,0.5346146490724804,-0.17560358577987753,-0.11003035045904432,-0.14730408598584654,117,-0.13784584171818257,154,2624,272,-0.12305010954546945,0.5449672424061942,-0.15585168994037635,-0.08887177156402831,-0.09133909214235648,116,-0.14716866035608597,156,-0.019651470695670428,-0.06208370609110947,0.024413411123161092,,same sign,False
ADX_DELTA_BTC_ADX_CROSS,EFF72_CHOP,yes,no,871,108,-0.1265846936871938,0.5356725146198831,-0.20363362870181326,-0.04602918181285933,-0.08801488672293489,49,-0.16365063203128669,59,7129,273,-0.1375202540251918,0.5382662314109539,-0.16517580083158048,-0.11006305709328044,-0.13655479753779012,117,-0.1384351052064582,156,0.010935560337998002,-0.07208185795922648,0.09463642263661325,,same sign,False
ADX_DELTA_BTC_ADX_CROSS,BULL_GT_BEAR,yes,no,6525,272,-0.1354659916985894,0.5309897501601537,-0.1656050209360578,-0.10573846210579348,-0.1404222662331235,117,-0.13044902156872415,155,1475,264,-0.13983279800810983,0.5670103092783505,-0.18190627810540572,-0.09752321466997231,-0.08511229270253022,114,-0.17946123734351518,150,0.004366806309520438,-0.04390488113844509,0.05094515258526981,,same sign,False
ADX_DELTA_BTC_ADX_CROSS,BTC_SLOPE5_UP,yes,no,6178,272,-0.13948944678062628,0.528490390314114,-0.17115140634853843,-0.10792118445105248,-0.1475428573239806,117,-0.13135517319743914,155,1822,265,-0.12613101846264754,0.5684039087947883,-0.16367842344905362,-0.08433871228993686,-0.07078425089562293,114,-0.1690954812316493,151,-0.013358428317978732,-0.06308870899716826,0.032238026171447436,,same sign,False
ADX_DELTA_BTC_ADX_CROSS,R1D>0,>0,≤0,4012,133,-0.10787752077438784,0.5596495748518423,-0.14256626920900375,-0.07300904672149743,-0.10783202109117786,55,-0.10791920167401563,78,3988,140,-0.16485596944155853,0.5162291478080951,-0.2017095286306494,-0.12705823398971572,-0.15374670628336373,62,-0.17578003072612347,78,0.056978448667170695,0.004976957716234874,0.10913213137670055,,same sign,True
ADX_DELTA_BTC_ADX_CROSS,R3D>0,>0,≤0,4116,139,-0.10471019474962534,0.5617214043035108,-0.1357027700505452,-0.0733379750576488,-0.09173933055438796,61,-0.11683781065167345,78,3884,134,-0.1695872562622016,0.5129835718071012,-0.210802013396454,-0.1297148716630839,-0.1720244191176593,56,-0.16723761057407494,78,0.06487706151257627,0.014197598386733458,0.11751208313966925,,same sign,True
ADX_DELTA_BTC_ADX_CROSS,R7D>0,>0,≤0,4044,138,-0.11330278395321335,0.5510991129965291,-0.14776897538002393,-0.07869773888894531,-0.09890812489449845,61,-0.12626606596895315,77,3956,135,-0.15951194551196524,0.5247537584240539,-0.19988169968079603,-0.11853443210041044,-0.16197308986749326,56,-0.15704952496024568,79,0.04620916155875189,-0.008479644163396596,0.09974858802807822,,same sign,False
ADX_DELTA_BTC_ADX_CROSS,R30D>0,>0,≤0,4679,160,-0.11555079612482753,0.5495137046861185,-0.146892073126071,-0.08487049195622406,-0.11389511990646053,61,-0.11672377519796068,99,3321,113,-0.16545260192414002,0.5217930820536684,-0.21117993481865588,-0.12166821143487036,-0.14824545538379588,56,-0.19004442815907804,57,0.049901805799312485,-0.004149162618771771,0.10311881115589544,,same sign,False
ADX_DELTA_BTC_ADX_CROSS,R7D_T,T3 >2.33,T1 ≤-2.26,2729,91,-0.0833492974256293,0.5745329775066718,-0.12630413724742084,-0.03997639195102636,-0.06906780459537104,43,-0.09840246058109332,48,2741,91,-0.18350944612052442,0.5063789868667918,-0.2313288600614956,-0.1341415059006637,-0.18966202953246647,41,-0.17518376481473982,50,0.10016014869489512,0.03379419609157466,0.16551632257513496,,same sign,True
ADX_DELTA_BTC_ADX_CROSS,R30D_T,T3 >5.75,T1 ≤-1.63,2614,91,-0.1172552571891219,0.554104846686449,-0.15883389236728856,-0.07796578766171132,-0.14743680968941147,27,-0.10441150007605453,64,2658,91,-0.17330313189930163,0.5208252238224991,-0.22536338154079527,-0.12312098704655366,-0.15731259918138032,45,-0.1959213196253088,46,0.05604787471017973,-0.011995633403494417,0.12323707941894846,,same sign,False
ADX_DELTA_BTC_ADX_CROSS,OFF30_T,T3 >-3.98,T1 ≤-8.84,2637,117,-0.11961251742658288,0.5453285827395091,-0.15853564717349744,-0.08116144927888404,-0.10970129788155772,40,-0.12570880464033876,77,2743,102,-0.16932258250838014,0.5216660440791931,-0.22029997541825122,-0.116537398818636,-0.15710997890162842,63,-0.19724888602903717,39,0.04971006508179726,-0.016200371705327735,0.1149179323494964,,same sign,False
ADX_DELTA_BTC_ADX_CROSS,ADX5_T,T3 >28.4,T1 ≤19.4,730,205,-0.1084958148040571,0.5576234788833214,-0.1709659139299048,-0.042283884082055086,-0.11661985254294623,86,-0.10168658843606711,119,1127,238,-0.13143383842024298,0.550744248985115,-0.18688984206655723,-0.07500660884792903,-0.13695749918018738,109,-0.12557649926866624,129,0.022938023616185882,-0.060505026447872326,0.11230059096976061,,same sign,False
ADX_DELTA_BTC_ADX_CROSS,ATR5_T,T3 >0.185,T1 ≤0.115,2636,178,-0.1433736955848667,0.5473643260066136,-0.2029148738662852,-0.08509090234532468,-0.13803835132059855,94,-0.15717931772855578,84,2481,186,-0.13052736488004243,0.534489966555184,-0.16264413056071578,-0.09842847713979001,-0.13427997839156539,56,-0.12905819158553694,130,-0.012846330704824271,-0.08080976126274021,0.050969918430570964,,same sign,False
ADX_DELTA_BTC_ADX_CROSS,BULL_T,T3 >52.2,T1 ≤24.4,5662,272,-0.13411004869206014,0.5321789054542087,-0.16806494625211696,-0.10116771963383811,-0.14716037892382186,117,-0.1206597177405209,155,631,222,-0.13499507754949028,0.5968109339407744,-0.19289679704788518,-0.07454602779218761,-0.10725786817938494,97,-0.15870843823632677,125,0.0008850288574301368,-0.06499215485878301,0.06094516548630534,,same sign,False
ADX_DELTA_BTC_ADX_CROSS,BTC_RSI5_T,T3 >55.4,T1 ≤44.8,5434,271,-0.13998596151110118,0.5266430689754138,-0.17382516449064886,-0.10664564620976236,-0.14857109324647846,116,-0.13107101874766824,155,1076,250,-0.14464838499919072,0.5662921348314607,-0.1909708350136499,-0.096946556892779,-0.09883157629551337,108,-0.1762365872033965,142,0.00466242348808954,-0.055125108728449224,0.061079056233576186,,same sign,False
ADX_DELTA_BTC_ADX_CROSS,ABOVE72_T,T3 >52.5,T1 ≤48,2794,138,-0.14351702537012634,0.5360225140712945,-0.18288620565687447,-0.10435981228312487,-0.15398307483962173,63,-0.1346605796292267,75,2502,144,-0.12336121421667973,0.5490155865463494,-0.16921190259708388,-0.07529961772009493,-0.09826593259466376,65,-0.1502916950049316,79,-0.020155811153446612,-0.07770182943856138,0.0411769603325857,,same sign,False
ADX_DELTA_BTC_ADX_CROSS,VOLR_T,T3 >1.13,T1 ≤0.817,2733,91,-0.18834825040216902,0.509774150692731,-0.2331320398822284,-0.1448822878110831,-0.23470874693741686,41,-0.1414746033327524,50,2551,91,-0.11364431902254202,0.5452154562006879,-0.1589507521145094,-0.06886568865260319,-0.07256395759804787,39,-0.15450916604085438,52,-0.074703931379627,-0.1363971086436382,-0.013027896748234468,,same sign,False
BTC_ACCEL_CHASE_LONG,D1_GOLDEN,yes,no,253,17,-0.05286482066011786,0.6342042755344419,-0.2087199142669452,0.08235295066750968,,0,-0.05286482066011785,17,4585,215,-0.17305504198793623,0.5361437643561681,-0.21615565478812612,-0.13202215031262057,-0.20455041733800428,102,-0.13819764962782674,113,0.12019022132781837,-0.04038870565913125,0.2638541783353614,,same sign,False
BTC_ACCEL_CHASE_LONG,ABOVE_D200,yes,no,839,38,-0.1353640066104359,0.5801186943620178,-0.24993742550363038,-0.018890040949351705,,0,-0.1353640066104359,38,3999,194,-0.1730870828451897,0.5333642261353104,-0.21597721034553954,-0.12998041690592255,-0.20455041733800428,102,-0.12578257994183967,92,0.037723076234753794,-0.08166183566286529,0.16464763206137792,,same sign,False
BTC_ACCEL_CHASE_LONG,H4_GOLDEN,yes,no,2137,111,-0.16790290401417454,0.5443478260869565,-0.22436428455605137,-0.10850650181352077,-0.2062099146895754,39,-0.14752466298880584,72,2701,124,-0.16554698911292856,0.5391125343092407,-0.22104497192432848,-0.10931752942571679,-0.20381135494871724,65,-0.1043513029665126,59,-0.0023559149012459812,-0.07891285123106444,0.08096171900624588,,same sign,False
BTC_ACCEL_CHASE_LONG,H1_EMA20_UP,yes,no,2502,158,-0.1453961584997805,0.5585471170942342,-0.19867048427125197,-0.09741156588377918,-0.19500993153211932,71,-0.09831219666661531,87,2336,138,-0.18805966003526126,0.524066924066924,-0.24997494315752686,-0.12714063120630612,-0.21382951997112523,64,-0.16152235912952043,74,0.04266350153548076,-0.040068447014879834,0.1211033119896037,,same sign,False
BTC_ACCEL_CHASE_LONG,ADX5_RISING,yes,no,3372,206,-0.15578865848979787,0.5533051003498435,-0.2075336966292529,-0.10593825674563252,-0.2150961401380412,92,-0.09409729234254546,114,1466,144,-0.19111177373171626,0.5144291091593476,-0.2551019417560341,-0.12147141612591728,-0.1784547011330872,65,-0.20224641542815167,79,0.03532311524191839,-0.0574693761930415,0.1171223838753887,,same sign,False
BTC_ACCEL_CHASE_LONG,EFF72_CHOP,yes,no,496,52,-0.26841914405702794,0.4727979274611399,-0.38669548654439334,-0.13801475333341234,-0.3096421567431338,17,-0.24560962999529948,35,4342,223,-0.1554350178778156,0.548936170212766,-0.1975358686847567,-0.11533289006852823,-0.19655146125264294,101,-0.1122131063522843,122,-0.11298412617921233,-0.23261592602711198,0.016562500492560635,,same sign,False
BTC_ACCEL_CHASE_LONG,BULL_GT_BEAR,yes,no,4722,226,-0.16660698178783181,0.5411147540983606,-0.20900311058289323,-0.12613091152836786,-0.2049118046486159,98,-0.1288309829988429,128,116,47,-0.16577776202237574,0.5532994923857869,-0.27778996715721266,-0.05208161912414906,-0.19113657069118614,25,-0.13855040955691605,22,-0.0008292197654560796,-0.12241216229892868,0.11467406098433328,,same sign,False
BTC_ACCEL_CHASE_LONG,BTC_SLOPE5_UP,yes,no,4838,232,-0.1665860975774259,0.5414216312963436,-0.20902529241558118,-0.12740618145311156,-0.20455041733800428,102,-0.1290656920794268,130,0,0,,,,,,0,,0,,,,,n<15,False
BTC_ACCEL_CHASE_LONG,R1D>0,>0,≤0,2383,111,-0.17981496509463088,0.5297978472039906,-0.2344048550070256,-0.12453118307995253,-0.22249446871955664,47,-0.14189643733267393,64,2455,121,-0.15402971672194785,0.5524545228008971,-0.21318177230065255,-0.09442473589590138,-0.18920893829423432,55,-0.11556563304145105,66,-0.025785248372683034,-0.1074875062074898,0.05274129980896191,,same sign,False
BTC_ACCEL_CHASE_LONG,R3D>0,>0,≤0,2507,121,-0.15197152768900532,0.5437438905180841,-0.20380122760909045,-0.09956281018160343,-0.18973684266369,52,-0.11779286273984935,69,2331,111,-0.18261902518692114,0.5388739946380696,-0.24404594266666416,-0.1218868152048625,-0.21936399201231857,50,-0.14262338380474163,61,0.030647497497915815,-0.05000540816932792,0.11137861496472935,,same sign,False
BTC_ACCEL_CHASE_LONG,R7D>0,>0,≤0,2536,121,-0.14596548386018668,0.5506682867557716,-0.20463926200318439,-0.08599456787226123,-0.19683790002464877,53,-0.10334080644860519,68,2302,111,-0.18947625820500608,0.5311572700296736,-0.2434043965917183,-0.137047446096031,-0.21174161141347891,49,-0.1630468241899929,62,0.0435107743448194,-0.032572836334556265,0.12310297144720043,,same sign,False
BTC_ACCEL_CHASE_LONG,R30D>0,>0,≤0,2600,135,-0.15688528310996827,0.5477158574503708,-0.20880229904323727,-0.10196538531875488,-0.1962452140010102,51,-0.1305510538990356,84,2238,97,-0.177725648604188,0.5341939027739632,-0.23786714833427253,-0.11842963211370632,-0.2108431482569926,51,-0.12646189126898583,46,0.02084036549421972,-0.058152439694093734,0.10352988087707306,,same sign,False
BTC_ACCEL_CHASE_LONG,R7D_T,T3 >2.33,T1 ≤-2.26,1762,80,-0.1109224177238113,0.5650192779530319,-0.18352516878779096,-0.03766366087526707,-0.18131908023147422,37,-0.05626199546537066,43,1734,76,-0.19437985324527338,0.531112737920937,-0.25961962086158724,-0.1285930099257156,-0.21500943813468854,36,-0.16796434137518754,40,0.08345743552146208,-0.014962407057245107,0.18321997486750405,,same sign,False
BTC_ACCEL_CHASE_LONG,R30D_T,T3 >5.75,T1 ≤-1.63,1588,79,-0.161858037178733,0.5516293678837848,-0.2300485599738612,-0.09137315192372945,-0.19544811022680278,24,-0.1510736724397521,55,1911,80,-0.18498125440188806,0.5313404050144648,-0.2547793773981031,-0.11799604513890574,-0.2182882265855492,42,-0.13943130842468932,38,0.02312321722315505,-0.07422813410878687,0.12646352677008335,,same sign,False
BTC_ACCEL_CHASE_LONG,OFF30_T,T3 >-3.98,T1 ≤-8.84,1585,88,-0.12765463041047986,0.5623003194888179,-0.19255685145951765,-0.058641048883545904,-0.1734864777797183,32,-0.103509071796442,56,2012,84,-0.1999934309041393,0.5232054455445545,-0.2625794848854304,-0.13821196259912102,-0.228230050972972,51,-0.14775319377502885,33,0.07233880049365943,-0.021206695763246228,0.1676789777084119,,same sign,False
BTC_ACCEL_CHASE_LONG,ADX5_T,T3 >28.4,T1 ≤19.4,1370,155,-0.1965951233533422,0.5406032482598607,-0.2582405741587383,-0.13406930943601306,-0.2220066183768228,67,-0.17508136407039557,88,200,44,-0.219659728693409,0.5236486486486487,-0.3511503982207019,-0.08245058888849943,-0.37093443592623526,22,-0.08572861846816791,22,0.023064605340066796,-0.13369390813217352,0.17441856139659373,,same sign,False
BTC_ACCEL_CHASE_LONG,ATR5_T,T3 >0.185,T1 ≤0.115,2725,135,-0.18244270564999945,0.5384266606211743,-0.23964393064926642,-0.12597079401453493,-0.21756847215989572,70,-0.12545208923768858,65,514,80,-0.15088754186531858,0.5457788347205708,-0.24003718450672196,-0.05874162291986628,-0.28422698240254796,21,-0.10509204711211677,59,-0.03155516378468087,-0.14561524734660444,0.07490239214046494,,same sign,False
BTC_ACCEL_CHASE_LONG,BULL_T,T3 >52.2,T1 ≤24.4,4425,221,-0.16790141023480443,0.5394866040117829,-0.21333761417018313,-0.12588206792775972,-0.2125621596040325,94,-0.12461009268325167,127,11,8,-0.04548441140654229,0.5882352941176472,-0.7081068194517676,0.6863002828846655,0.48983458109186623,4,-0.4202077061554282,4,-0.12241699882826214,-0.8477951711573593,0.5459797175214046,,n<15,False
BTC_ACCEL_CHASE_LONG,BTC_RSI5_T,T3 >55.4,T1 ≤44.8,4716,231,-0.1655797804298689,0.5421087098886705,-0.20749772825221247,-0.12572899834054438,-0.20313309353403983,101,-0.12912185307189603,130,0,0,,,,,,0,,0,,,,,n<15,False
BTC_ACCEL_CHASE_LONG,ABOVE72_T,T3 >52.5,T1 ≤48,1627,93,-0.1759787008865039,0.5251658213031604,-0.24333506792518014,-0.11205267577989718,-0.19149425690636487,38,-0.16632566824883088,55,1761,98,-0.11175447036495753,0.598272884283247,-0.17052886748695992,-0.04697490988874375,-0.13706535505510667,46,-0.08180516562978103,52,-0.06422423052154638,-0.1582467333486675,0.020516651561999603,,same sign,False
BTC_ACCEL_CHASE_LONG,VOLR_T,T3 >1.13,T1 ≤0.817,1974,78,-0.21261459544393638,0.498768472906404,-0.2786090701012226,-0.14847363447435574,-0.25548696670058496,35,-0.16729858048044896,43,1494,77,-0.16243630298625006,0.5554628857381152,-0.22930756327763974,-0.09563594532850482,-0.16676108831555964,33,-0.15737571707602627,44,-0.05017829245768632,-0.1365621166406797,0.03947022076328153,,same sign,False
BTC_GAP_BTC_ADX_CROSS,D1_GOLDEN,yes,no,224,18,-0.21541004251452264,0.5206073752711498,-0.34403466264637794,-0.0525541616471022,,0,-0.21541004251452264,18,2383,182,-0.08840491799185743,0.5869112130054188,-0.14699617048096134,-0.03410101790831857,-0.06696982184445946,91,-0.11001946241173252,91,-0.1270051245226652,-0.2654362626750693,0.04054452314111793,,same sign,False
BTC_GAP_BTC_ADX_CROSS,ABOVE_D200,yes,no,564,36,-0.09168097258490131,0.5763016157989228,-0.18534055292963372,0.0037793898597634594,,0,-0.09168097258490128,36,2043,164,-0.10164975215067475,0.5823884197828709,-0.16473061768981415,-0.04330909397856148,-0.06696982184445946,91,-0.1497741485260622,73,0.009968779565773439,-0.09950189218574415,0.1211771381863128,,same sign,False
BTC_GAP_BTC_ADX_CROSS,H4_GOLDEN,yes,no,1236,93,-0.09736510152655274,0.584546925566343,-0.16214212512462717,-0.03452897406690185,-0.024325636177804436,30,-0.13141552843290868,63,1371,108,-0.10146548085772819,0.5780409041980624,-0.18340959760331646,-0.025794268963923235,-0.08762190436694305,62,-0.12076799343895181,46,0.004100379331175449,-0.09399473611658699,0.10580652926636798,,same sign,False
BTC_GAP_BTC_ADX_CROSS,H1_EMA20_UP,yes,no,1763,161,-0.12944409805345922,0.559866034049679,-0.19019180197739396,-0.06583665248779683,-0.11220870340510825,70,-0.14452394099016402,91,844,89,-0.03560419021395132,0.626491646778043,-0.11187097961606109,0.03776762673170838,0.0356616706513407,42,-0.09153916301237541,47,-0.0938399078395079,-0.18785926431491126,0.0039853640893998685,,same sign,False
BTC_GAP_BTC_ADX_CROSS,ADX5_RISING,yes,no,1370,160,-0.10172054320466549,0.5830003632401017,-0.1678536605724598,-0.036404188729779886,-0.08852571949036005,72,-0.11279115014198522,88,1237,178,-0.09714053099827724,0.5790103750997606,-0.16165892991170355,-0.035407332055240534,-0.04348828893617576,81,-0.14286191687972805,97,-0.004580012206388248,-0.08697621762304794,0.07908536469489424,,same sign,False
BTC_GAP_BTC_ADX_CROSS,EFF72_CHOP,yes,no,307,39,-0.09776139139306299,0.5625,-0.23943331615487057,0.030478697320064085,-0.2094834188241324,19,-0.010866481168897907,20,2300,190,-0.09977035049605343,0.5835304235648247,-0.15663734996995238,-0.04480268449204442,-0.0492803133066186,87,-0.1429123559573608,103,0.0020089591029904402,-0.14805115161086074,0.14465222665604074,,same sign,False
BTC_GAP_BTC_ADX_CROSS,BULL_GT_BEAR,yes,no,2136,176,-0.09347665262345121,0.5842982862436312,-0.15363023992946942,-0.03792246600511514,-0.06459390935020641,79,-0.11761928581868901,97,471,143,-0.12735243368338417,0.5664187035069076,-0.214062891274512,-0.039987768933492845,-0.07751393914401147,67,-0.171686676817806,76,0.033875781059932955,-0.06330031908379044,0.1300443421168651,,same sign,False
BTC_GAP_BTC_ADX_CROSS,BTC_SLOPE5_UP,yes,no,2100,187,-0.09951739638746844,0.5793366738248629,-0.15940464658707784,-0.04314674535772741,-0.062009664659694236,86,-0.12959130854236908,101,507,132,-0.09961930511633582,0.5880149812734082,-0.18531855153137525,-0.0244147489850771,-0.08397477248708299,62,-0.1158609573115907,70,0.0001019087288673809,-0.09066400224132633,0.09357664181799909,,same sign,False
BTC_GAP_BTC_ADX_CROSS,R1D>0,>0,≤0,1153,99,-0.11851050135647952,0.5651251591005516,-0.20652157364560825,-0.029013774000534353,-0.09342575523349776,49,-0.14952134025424538,50,1454,101,-0.08412872998859566,0.5940730530668504,-0.13914235806085073,-0.03284089616173143,-0.03580157482283479,42,-0.11388921641027243,59,-0.034381771367883854,-0.13557845621331585,0.07321082651760419,,same sign,False
BTC_GAP_BTC_ADX_CROSS,R3D>0,>0,≤0,1250,103,-0.09089573445172686,0.5876,-0.1567201864320101,-0.026855542080441032,-0.03902116504392209,48,-0.13847394381655392,55,1357,97,-0.10736915186473711,0.575208408843784,-0.18595912607591103,-0.033953384792376376,-0.09452678271292007,43,-0.11744534447867892,54,0.016473417413010255,-0.08502133650361723,0.11179517814996591,,same sign,False
BTC_GAP_BTC_ADX_CROSS,R7D>0,>0,≤0,1201,94,-0.09589668492764038,0.5848977889027951,-0.1636581300025365,-0.027985855126709737,-0.06499474554436369,43,-0.12039635265110582,51,1406,106,-0.10258786595128333,0.5779175401816911,-0.18110289037549118,-0.033042096775804705,-0.0685217720876778,48,-0.13296140238353965,58,0.006691181023642953,-0.09199164975745112,0.10670251455081871,,same sign,False
BTC_GAP_BTC_ADX_CROSS,R30D>0,>0,≤0,1511,118,-0.08281137204099986,0.5964285714285714,-0.14299967022269527,-0.02476602131395554,-0.027006701538398837,47,-0.11862630982625129,71,1096,82,-0.1231811841385256,0.5594309316200092,-0.216125549694967,-0.03408614128940742,-0.10689977773532838,44,-0.14332399185500672,38,0.04036981209752574,-0.06077825738095036,0.14736346445854506,,same sign,False
BTC_GAP_BTC_ADX_CROSS,R7D_T,T3 >2.33,T1 ≤-2.26,883,68,-0.07308085481435164,0.5995410212277683,-0.15393377376650888,0.007516244275099475,-0.04005440654025688,30,-0.0999556545545619,38,979,72,-0.12310932473671536,0.5641282565130261,-0.2271619616651845,-0.03034342431058089,-0.09769299595493815,34,-0.15037315405299348,38,0.05002846992236372,-0.0754470238726523,0.17631164603137378,,same sign,False
BTC_GAP_BTC_ADX_CROSS,R30D_T,T3 >5.75,T1 ≤-1.63,908,68,-0.10350863344169241,0.5762897914379803,-0.18167479401942574,-0.022865155059849637,-0.0874739086873821,19,-0.10881449926616467,49,872,68,-0.1248232459424745,0.5484054669703873,-0.2359933647446832,-0.01800701891347057,-0.11701884334061893,34,-0.13226303796671277,34,0.021314612500782093,-0.11097469803871836,0.15615773256433096,,same sign,False
BTC_GAP_BTC_ADX_CROSS,OFF30_T,T3 >-3.98,T1 ≤-8.84,891,74,-0.10350110430570438,0.5805369127516778,-0.18165377249246317,-0.02337178808005601,-0.02322061183451038,25,-0.15058664603015798,49,970,76,-0.09920041769846343,0.5770811921891058,-0.20570005800337307,0.0020572446234219245,-0.08021742476007189,47,-0.12800643414960608,29,-0.00430068660724095,-0.13674054988016876,0.12773954653685962,,same sign,False
BTC_GAP_BTC_ADX_CROSS,ADX5_T,T3 >28.4,T1 ≤19.4,0,0,,,,,,0,,0,766,137,-0.045256958358566225,0.629458388375165,-0.11788316210624214,0.02703487425758865,0.0003824971656613695,62,-0.08935534135859914,75,,,,,n<15,False
BTC_GAP_BTC_ADX_CROSS,ATR5_T,T3 >0.185,T1 ≤0.115,953,100,-0.10058659879792037,0.586888657648283,-0.20929808619085674,0.004897192235514193,-0.11689586079795247,53,-0.0716629581081087,47,386,78,-0.08003758936167103,0.5658227848101265,-0.1797520053544048,0.011881631776431513,0.08195923919482094,21,-0.1292247452270085,57,-0.020549009436249335,-0.17071324469922589,0.1267365612031089,,same sign,False
BTC_GAP_BTC_ADX_CROSS,BULL_T,T3 >52.2,T1 ≤24.4,1823,171,-0.09497135702618735,0.580916237462727,-0.16094997448655596,-0.03333273783888931,-0.06705116262883976,76,-0.11888689344505274,95,166,79,-0.02425723047508701,0.6569579288025891,-0.18019248948847089,0.14253675345695838,0.04439490276682879,37,-0.09072299004687809,42,-0.07071412655110035,-0.2401438023462111,0.08704557933812036,,same sign,False
BTC_GAP_BTC_ADX_CROSS,BTC_RSI5_T,T3 >55.4,T1 ≤44.8,1708,172,-0.08964752922318014,0.5864904552129221,-0.1539743677305082,-0.026734148864405796,-0.060203634922115334,76,-0.11339008590096186,96,165,71,0.03660179785027454,0.6704225352112677,-0.08910838797330234,0.17081996193689797,0.10754162177820675,30,-0.022270942625999157,41,-0.12624932707345468,-0.2709148521526846,0.006278590495040722,T3 >55.4,half h2 flips,False
BTC_GAP_BTC_ADX_CROSS,ABOVE72_T,T3 >52.5,T1 ≤48,853,86,-0.09772577025512286,0.5822196397443348,-0.179656708453154,-0.016030750355024825,-0.03307460701233734,38,-0.1589395978956336,48,883,72,-0.09761759963507809,0.5877144438295518,-0.18729299334740204,-0.01494907516320308,-0.05773617338475519,37,-0.12901781258785458,35,-0.00010817062004477018,-0.12069581060071045,0.12186178268217263,,same sign,False
BTC_GAP_BTC_ADX_CROSS,VOLR_T,T3 >1.13,T1 ≤0.817,873,65,-0.19856814064617917,0.5059154929577465,-0.29070914677053955,-0.09909633226605397,-0.20434459289448356,29,-0.19438035310756396,36,903,67,-0.015482390385004673,0.654782116581777,-0.10034221588358266,0.057927287652996796,0.04319219641116985,33,-0.09449438375993291,34,-0.1830857502611745,-0.3028794814707576,-0.06039932718182655,,same sign,True
BTC_RSI_ATR_COND,D1_GOLDEN,yes,no,623,13,-0.1309343433866801,0.5284039675383227,-0.2889192333286013,0.008429157183796302,,0,-0.13093434338668017,13,5414,130,-0.0886016290296196,0.5602266872746007,-0.12291596120486398,-0.051633137467959875,-0.07799445497714687,40,-0.09212522013558858,90,-0.042332714357060514,-0.20243805702481296,0.10361585792974581,,same sign,False
BTC_RSI_ATR_COND,ABOVE_D200,yes,no,1221,30,-0.12488561833757503,0.5384967919340055,-0.21886334063936227,-0.03652295778105907,,0,-0.12488561833757508,30,4816,113,-0.08486846354676758,0.5616311399443931,-0.12201958381233785,-0.04715098651684527,-0.07799445497714687,40,-0.08754636128316196,73,-0.040017154790807447,-0.14317266045310958,0.05361546779688049,,same sign,False
BTC_RSI_ATR_COND,H4_GOLDEN,yes,no,3559,92,-0.10235267524228385,0.5491493383742911,-0.1477836739981148,-0.05740209636247585,-0.05688107493644328,27,-0.11642185850522957,65,2478,55,-0.07956789388944661,0.5680698611733096,-0.13696017330489918,-0.021573901013889146,-0.11241844417394618,13,-0.07104490848004455,42,-0.022784781352837236,-0.09889425065246456,0.05064019801129452,,same sign,False
BTC_RSI_ATR_COND,H1_EMA20_UP,yes,no,3826,110,-0.08718639028657128,0.5625275532696548,-0.12625155355084894,-0.0483449968564514,-0.0887184416463553,25,-0.08681595816034612,85,2211,90,-0.10271429549717363,0.5475180843103017,-0.16377045726661957,-0.04134976959150639,-0.06501794142764811,29,-0.1168795349296137,61,0.01552790521060235,-0.05406439805930519,0.08431423648079635,,same sign,False
BTC_RSI_ATR_COND,ADX5_RISING,yes,no,5330,137,-0.08667508265863863,0.5614912006664584,-0.12231250571545425,-0.04916582739637273,-0.06478964603596453,39,-0.09278562950306715,98,707,79,-0.14264589411839773,0.5210569777043765,-0.2188628963041233,-0.06338070378089594,-0.16341815726331407,19,-0.13505828052318591,60,0.0559708114597591,-0.0254828281685752,0.13664243011862579,,same sign,False
BTC_RSI_ATR_COND,EFF72_CHOP,yes,no,950,39,-0.10405852422375796,0.5498839907192576,-0.20729949177021623,-0.0030465507345123874,-0.0057548418755233475,10,-0.13784802065054788,29,5087,141,-0.09083477456397443,0.5583058305830583,-0.12490726126300565,-0.05376210296106816,-0.0940923172196006,40,-0.08992819645745158,101,-0.013223749659783526,-0.12149371951879899,0.09156657866585932,,same sign,False
BTC_RSI_ATR_COND,BULL_GT_BEAR,yes,no,5641,141,-0.09166234848715632,0.5583349812141586,-0.1271883661348831,-0.054476741801023666,-0.06594907614545596,38,-0.0988769105926524,103,396,65,-0.11144571992741055,0.5371428571428571,-0.1986032237830068,-0.014380616549543361,-0.20884033483512274,14,-0.07138825734439991,51,0.01978337144025423,-0.081820659547958,0.11422337128143989,,same sign,False
BTC_RSI_ATR_COND,BTC_SLOPE5_UP,yes,no,6035,143,-0.09297588011530263,0.5569327536768106,-0.12638953406486914,-0.057924187808870306,-0.07799445497714687,40,-0.09729658668595416,103,2,1,0.02574779275013045,0.6666666666666666,0.02574779275013045,0.02574779275013045,,0,0.02574779275013045,1,-0.11872367286543307,-0.15365792923847163,-0.08427986359655927,,n<15,False
BTC_RSI_ATR_COND,R1D>0,>0,≤0,3178,77,-0.03931369640122589,0.60431654676259,-0.08589042293780173,0.007811041911078485,-0.024500632812996463,20,-0.043356931537436826,57,2859,66,-0.152695257235132,0.5042033235581622,-0.19869167332826915,-0.10885429777198115,-0.13255993968882615,20,-0.15885356982652193,46,0.1133815608339061,0.04933607835583199,0.180974073642602,,same sign,True
BTC_RSI_ATR_COND,R3D>0,>0,≤0,2668,68,-0.06856475112489675,0.5673547563311344,-0.12326905740225116,-0.016177443160710504,-0.022732843321914383,21,-0.08607523590021265,47,3369,75,-0.11167608029638537,0.5489779231398202,-0.15595726125694506,-0.06571261097188875,-0.14203088097192565,19,-0.1048623575175947,56,0.04311132917148862,-0.031238836721364235,0.1091242165326249,,same sign,False
BTC_RSI_ATR_COND,R7D>0,>0,≤0,3355,79,-0.1088106977803687,0.5418009157198576,-0.15942888233430336,-0.059579972990759726,-0.10623981999816037,26,-0.10977208148037902,53,2682,64,-0.07391261170173931,0.575147447630669,-0.1199332391560259,-0.024559288351262976,-0.0223701471750282,14,-0.08415325250848471,50,-0.03489808607862939,-0.10317878664346901,0.031237461370894393,,same sign,False
BTC_RSI_ATR_COND,R30D>0,>0,≤0,4044,100,-0.09755355454403301,0.5513825835740818,-0.13923349046291544,-0.056112496298111304,-0.06172083128797642,28,-0.10748924902620789,72,1993,43,-0.0834889163801722,0.5684062059238364,-0.14984687227619028,-0.022278024927256973,-0.10849300388630477,12,-0.07569999973934215,31,-0.014064638163860818,-0.08836520294373879,0.06127568516142989,,same sign,False
BTC_RSI_ATR_COND,R7D_T,T3 >2.33,T1 ≤-2.26,1922,47,-0.08480741067707008,0.5628724672228845,-0.16235462665518358,-0.015937600358630285,-0.08135067977801558,19,-0.0863231568021163,28,1474,38,-0.06554675904486382,0.5764447695683979,-0.13860331241323282,0.00960021010877886,-0.00897526129170633,11,-0.07934217432952825,27,-0.019260651632206263,-0.12359053278661807,0.0843957467616077,,same sign,False
BTC_RSI_ATR_COND,R30D_T,T3 >5.75,T1 ≤-1.63,2320,58,-0.1056339312806033,0.5499878963931251,-0.15764194236589008,-0.05222831047022969,-0.09173677150923033,14,-0.10976162771505191,44,1417,29,-0.049871628000666204,0.5934413275385223,-0.13097146554736783,0.02010333564831644,-0.08699180680087715,8,-0.036777390690062646,21,-0.0557623032799371,-0.14449743232376167,0.040123434426131935,,same sign,False
BTC_RSI_ATR_COND,OFF30_T,T3 >-3.98,T1 ≤-8.84,2682,65,-0.09851759411303469,0.548582151793161,-0.15200233164361293,-0.04654553601321334,-0.0788144319137285,17,-0.10504156649820602,48,1096,21,-0.022610658976143224,0.6213740458015267,-0.11769187836686694,0.05758058280635693,-0.13123097139274623,9,0.02793302107453558,12,-0.07590693513689147,-0.1716947210706452,0.029900896140269473,,same sign,False
BTC_RSI_ATR_COND,ADX5_T,T3 >28.4,T1 ≤19.4,1852,100,-0.09837735262391674,0.5446859903381643,-0.16345184619750613,-0.03741277953698521,-0.14941895182633547,23,-0.08553014738249164,77,934,89,-0.06870424418582,0.5772122614227878,-0.13803070376882154,0.0034799526732766186,-0.08525567943701558,22,-0.06295058859577071,67,-0.029673108438096743,-0.12251009885069285,0.06236318083739012,,same sign,False
BTC_RSI_ATR_COND,ATR5_T,T3 >0.185,T1 ≤0.115,0,0,,,,,,0,,0,6037,143,-0.09294294401223288,0.5569631958572221,-0.1263885609730415,-0.0578999085800779,-0.07799445497714687,40,-0.09725261085341803,103,,,,,n<15,False
BTC_RSI_ATR_COND,BULL_T,T3 >52.2,T1 ≤24.4,4695,137,-0.08173844052618524,0.5662996649114409,-0.1199326294253369,-0.041398437951036524,-0.037919127581394124,36,-0.09361644716865829,101,52,20,-0.10180919926460621,0.5483870967741935,-0.32395524899784794,0.16351201334850812,-0.23343402690196535,7,-0.02941554406405871,13,0.02007075873842097,-0.2448915060513112,0.24801796562995745,,same sign,False
BTC_RSI_ATR_COND,BTC_RSI5_T,T3 >55.4,T1 ≤44.8,6031,143,-0.09275862012786033,0.5571084783413551,-0.1262643493483025,-0.05776574826977747,-0.07723821388325058,40,-0.09722420542875278,103,0,0,,,,,,0,,0,,,,,n<15,False
BTC_RSI_ATR_COND,ABOVE72_T,T3 >52.5,T1 ≤48,2051,62,-0.06453781151926367,0.5713884992987378,-0.12924832051882706,-0.005954350538124357,-0.0409618008123439,17,-0.07203332693809954,45,1602,52,-0.12394554590286337,0.5326272634096345,-0.18622822713688952,-0.062020326339545025,-0.10773922485538091,15,-0.12869147825908286,37,0.0594077343835997,-0.032769454178988515,0.15271071952672452,,same sign,False
BTC_RSI_ATR_COND,VOLR_T,T3 >1.13,T1 ≤0.817,1160,37,-0.04918208696943523,0.5927758535378527,-0.12033182988300833,0.013213943874621641,-0.004480666708615914,12,-0.06466825521435601,25,3032,55,-0.08388594301876647,0.5661278471711978,-0.13945301708555055,-0.027736868864926326,-0.16913828577758802,16,-0.06510023287935343,39,0.03470385604933123,-0.055657489257704244,0.11724171096571666,,same sign,False
BTC_SLOPE_MAX_GATE,D1_GOLDEN,yes,no,0,0,,,,,,0,,0,48,13,-0.193045842672806,0.5779816513761469,-0.5361280921912636,0.09655899765351483,-0.20045294350703907,9,-0.17522250629043265,4,,,,,n<15,False
BTC_SLOPE_MAX_GATE,ABOVE_D200,yes,no,0,0,,,,,,0,,0,48,13,-0.193045842672806,0.5779816513761469,-0.5361280921912636,0.09655899765351483,-0.20045294350703907,9,-0.17522250629043265,4,,,,,n<15,False
BTC_SLOPE_MAX_GATE,H4_GOLDEN,yes,no,0,0,,,,,,0,,0,48,13,-0.193045842672806,0.5779816513761469,-0.5361280921912636,0.09655899765351483,-0.20045294350703907,9,-0.17522250629043265,4,,,,,n<15,False
BTC_SLOPE_MAX_GATE,H1_EMA20_UP,yes,no,24,7,-0.3815566109844653,0.4444444444444444,-0.7333194256239691,0.07738470257976947,-0.3073795842310619,6,-0.9749728250116925,1,24,7,-0.007962542875904087,0.7090909090909091,-0.5410799339989675,0.3854047551256226,-0.023470917481070195,4,0.009335259568319649,3,-0.3735940681085612,-0.8937200372470352,0.3411747185134081,,same sign,False
BTC_SLOPE_MAX_GATE,ADX5_RISING,yes,no,45,13,-0.19567721072027963,0.5742574257425742,-0.5606284515337929,0.11553095460209079,-0.20516345045586096,9,-0.17522250629043265,4,3,2,-0.1598248210734506,0.625,-0.24244381756456734,0.0880321683998996,-0.1598248210734506,2,,0,-0.03585238964682902,-0.42472218956502755,0.24236237609226066,,n<15,False
BTC_SLOPE_MAX_GATE,EFF72_CHOP,yes,no,6,2,-0.4216655027423698,0.6000000000000001,-1.2053598674192936,-0.22574191157313883,-1.2053598674192936,1,-0.22574191157313883,1,42,12,-0.16995294771628439,0.5757575757575758,-0.5417564105333555,0.1529309133365408,-0.17365542553604568,9,-0.15838270452953052,3,-0.2517125550260854,-1.2458603036063376,0.22540191351267988,,n<15,False
BTC_SLOPE_MAX_GATE,BULL_GT_BEAR,yes,no,48,13,-0.193045842672806,0.5779816513761469,-0.5361280921912636,0.09655899765351483,-0.20045294350703907,9,-0.17522250629043265,4,0,0,,,,,,0,,0,,,,,n<15,False
BTC_SLOPE_MAX_GATE,BTC_SLOPE5_UP,yes,no,48,13,-0.193045842672806,0.5779816513761469,-0.5361280921912636,0.09655899765351483,-0.20045294350703907,9,-0.17522250629043265,4,0,0,,,,,,0,,0,,,,,n<15,False
BTC_SLOPE_MAX_GATE,R1D>0,>0,≤0,19,5,-0.39514885331601024,0.4042553191489361,-0.8083132052249211,0.3790564870915228,-0.39514885331601013,5,,0,29,8,-0.03983872170134472,0.7096774193548387,-0.5894763792253146,0.2235883591928793,0.1045706485270157,4,-0.17522250629043265,4,-0.3553101316146655,-0.8577523247195785,0.5082103778548803,,same sign,False
BTC_SLOPE_MAX_GATE,R3D>0,>0,≤0,16,4,-0.26270181203515003,0.48717948717948717,-0.6441849880470748,0.5474539826060978,-0.26270181203515,4,,0,32,9,-0.1542375168852143,0.6285714285714286,-0.739275360358681,0.16614974830503082,-0.1365659468597673,5,-0.17522250629043265,4,-0.10846429514993572,-0.5964819029646167,0.8030563966679743,,same sign,False
BTC_SLOPE_MAX_GATE,R7D>0,>0,≤0,8,3,0.38146250255678965,1.0,0.30801379367131826,0.5474539826060978,0.38146250255678965,3,,0,40,10,-0.3143309377768317,0.4888888888888889,-0.7437525280601609,0.015703934946073077,-0.3910804172176036,6,-0.17522250629043265,4,0.6957934403336213,0.3536341542017118,1.1346039850976373,,n<15,False
BTC_SLOPE_MAX_GATE,R30D>0,>0,≤0,3,1,0.5474539826060978,1.0,0.5474539826060978,0.5474539826060978,0.5474539826060978,1,,0,45,12,-0.22864679581121478,0.5576923076923077,-0.5800694789962869,0.0675590614107679,-0.252390924487118,8,-0.17522250629043265,4,0.7761007784173126,0.4956736762155607,1.124871729417622,,n<15,False
BTC_SLOPE_MAX_GATE,R7D_T,T3 >2.33,T1 ≤-2.26,6,2,0.40010617403084886,1.0,0.30801379367131826,0.5474539826060978,0.4001061740308489,2,,0,37,9,-0.2937552872215215,0.5061728395061729,-0.7810935579678334,0.06990656135505548,-0.3711644502785591,5,-0.17522250629043265,4,0.6938614612523704,0.2964073626111301,1.234945821394559,,n<15,False
BTC_SLOPE_MAX_GATE,R30D_T,T3 >5.75,T1 ≤-1.63,3,1,0.5474539826060978,1.0,0.5474539826060978,0.5474539826060978,0.5474539826060978,1,,0,33,9,-0.0629490667533709,0.6933333333333332,-0.4979563766693692,0.2229252083966681,0.020603260343977366,5,-0.17522250629043265,4,0.6104030493594687,0.3248252713008038,1.0273446004112485,,n<15,False
BTC_SLOPE_MAX_GATE,OFF30_T,T3 >-3.98,T1 ≤-8.84,5,2,0.11660063705846226,0.7272727272727273,-0.24244381756456734,0.5474539826060978,0.11660063705846224,2,,0,40,10,-0.1703513565576423,0.5978260869565217,-0.5517881916255581,0.1670931831479712,-0.16775341003348743,6,-0.17522250629043265,4,0.2869519936161046,-0.31199846072105986,0.9741852870739335,,n<15,False
BTC_SLOPE_MAX_GATE,ADX5_T,T3 >28.4,T1 ≤19.4,38,10,-0.3749314576977437,0.49999999999999994,-0.6934412981259548,-0.0945730046918075,-0.4826227085884094,7,-0.18386633514978823,3,0,0,,,,,,0,,0,,,,,n<15,False
BTC_SLOPE_MAX_GATE,ATR5_T,T3 >0.185,T1 ≤0.115,48,13,-0.193045842672806,0.5779816513761469,-0.5361280921912636,0.09655899765351483,-0.20045294350703907,9,-0.17522250629043265,4,0,0,,,,,,0,,0,,,,,n<15,False
BTC_SLOPE_MAX_GATE,BULL_T,T3 >52.2,T1 ≤24.4,48,13,-0.193045842672806,0.5779816513761469,-0.5361280921912636,0.09655899765351483,-0.20045294350703907,9,-0.17522250629043265,4,0,0,,,,,,0,,0,,,,,n<15,False
BTC_SLOPE_MAX_GATE,BTC_RSI5_T,T3 >55.4,T1 ≤44.8,48,13,-0.193045842672806,0.5779816513761469,-0.5361280921912636,0.09655899765351483,-0.20045294350703907,9,-0.17522250629043265,4,0,0,,,,,,0,,0,,,,,n<15,False
BTC_SLOPE_MAX_GATE,ABOVE72_T,T3 >52.5,T1 ≤48,3,1,0.5474539826060978,1.0,0.5474539826060978,0.5474539826060978,0.5474539826060978,1,,0,34,9,-0.2524282998250653,0.5189873417721519,-0.7579308066841011,0.12881849968874626,-0.2934663777722079,6,-0.15838270452953052,3,0.7998822824311631,0.42289664716456976,1.3039364385318468,,n<15,False
BTC_SLOPE_MAX_GATE,VOLR_T,T3 >1.13,T1 ≤0.817,27,7,-0.132289765989513,0.606060606060606,-0.7852125599734089,0.23823023103567809,-0.11737951539521725,4,-0.15838270452953052,3,9,4,0.024789321853188273,0.7777777777777777,-1.2037786086972124,0.5474539826060978,0.024789321853188256,4,,0,-0.15707908784270128,-0.9280710104456622,0.8708596434909168,,n<15,False
CALM3D_BTC_ATR_MIN,D1_GOLDEN,yes,no,8,1,-0.47900637498096776,0.25,-0.4790063749809678,-0.47900637498096776,,0,-0.4790063749809678,1,16,11,-0.17202386333840528,0.5,-0.4936677060463784,0.22176673486421392,-0.02050504072234077,4,-0.22884342181942943,7,-0.3069825116425625,-0.704789657188017,0.00650922045070787,,n<15,False
CALM3D_BTC_ATR_MIN,ABOVE_D200,yes,no,8,1,-0.47900637498096776,0.25,-0.4790063749809678,-0.47900637498096776,,0,-0.4790063749809678,1,16,11,-0.17202386333840528,0.5,-0.4936677060463784,0.22176673486421392,-0.02050504072234077,4,-0.22884342181942943,7,-0.3069825116425625,-0.704789657188017,0.00650922045070787,,n<15,False
CALM3D_BTC_ATR_MIN,H4_GOLDEN,yes,no,18,8,-0.3212082137421014,0.3846153846153846,-0.540606173901622,0.16194505989364738,0.12683381590914036,3,-0.40267040095141804,5,6,4,-0.14764849199023666,0.5,-0.6968512608297404,0.609920761457823,-0.315182753985303,1,-0.09180373799188123,3,-0.17355972175186474,-0.932323857679784,0.50075800127289,,n<15,False
CALM3D_BTC_ATR_MIN,H1_EMA20_UP,yes,no,24,12,-0.2803706321534274,0.4117647058823529,-0.4879252581378767,0.09688970546808982,-0.02050504072234077,4,-0.3360561160315174,8,0,0,,,,,,0,,0,,,,,n<15,False
CALM3D_BTC_ATR_MIN,ADX5_RISING,yes,no,23,12,-0.29616904312973963,0.39393939393939387,-0.500001393509352,0.08921334822397335,-0.02050504072234077,4,-0.35742771033138393,8,1,1,0.240976930064878,1.0,0.24097693006487797,0.240976930064878,,0,0.240976930064878,1,-0.5371459731946177,-0.7108518102541452,-0.1966515454853149,,n<15,False
CALM3D_BTC_ATR_MIN,EFF72_CHOP,yes,no,6,2,-0.5042598544649256,0.11111111111111112,-0.6920054239599712,0.9977047014954392,0.9977047014954392,1,-0.6920054239599712,1,18,11,-0.19977051212128794,0.52,-0.49468999890752163,0.10359026335038136,-0.22414698916589676,3,-0.19367639286013577,8,-0.30448934234363767,-0.680374901336562,1.4367765922153335,,n<15,False
CALM3D_BTC_ATR_MIN,BULL_GT_BEAR,yes,no,24,12,-0.2803706321534274,0.4117647058823529,-0.4879252581378767,0.09688970546808982,-0.02050504072234077,4,-0.3360561160315174,8,0,0,,,,,,0,,0,,,,,n<15,False
CALM3D_BTC_ATR_MIN,BTC_SLOPE5_UP,yes,no,24,12,-0.2803706321534274,0.4117647058823529,-0.4879252581378767,0.09688970546808982,-0.02050504072234077,4,-0.3360561160315174,8,0,0,,,,,,0,,0,,,,,n<15,False
CALM3D_BTC_ATR_MIN,R1D>0,>0,≤0,19,8,-0.21793712591428116,0.4444444444444444,-0.4366420251388173,0.3306288592964967,-0.04795318198041006,3,-0.2565698404447064,5,5,4,-0.521185584790134,0.28571428571428575,-0.9971854041160052,0.3198898316222878,0.1167356655680057,1,-0.6275057931831575,3,0.30324845887585283,-0.5417906119493856,0.9773639799085904,,n<15,False
CALM3D_BTC_ATR_MIN,R3D>0,>0,≤0,13,5,-0.33684016492176494,0.3684210526315789,-0.531924621085562,0.4455257294945506,-0.1634564792862926,2,-0.3693496059784161,3,11,7,-0.20884255731353293,0.4666666666666667,-0.6275731340042453,0.4165326228379196,0.12244639784161107,2,-0.29166479610231905,5,-0.127997607608232,-0.8228124170120658,0.7063559775862852,,n<15,False
CALM3D_BTC_ATR_MIN,R7D>0,>0,≤0,19,8,-0.25047756545452876,0.44444444444444436,-0.4479262183709289,0.24734852421171338,-0.02050504072234077,4,-0.3161840010922968,4,5,4,-0.39567246084917906,0.28571428571428575,-0.9971854041160052,0.9953275331546908,,0,-0.39567246084917906,4,0.1451948953946503,-1.1389424144179812,0.8599810681323924,,n<15,False
CALM3D_BTC_ATR_MIN,R30D>0,>0,≤0,20,10,-0.23488559319850702,0.4482758620689655,-0.47055704287052186,0.3051164941318915,0.12683381590914036,3,-0.2927606986557306,7,4,2,-0.5441838580919655,0.2,-0.6968512608297404,-0.315182753985303,-0.315182753985303,1,-0.6968512608297404,1,0.30929826489345846,-0.07287939425663473,0.8944351055694508,,n<15,False
CALM3D_BTC_ATR_MIN,R7D_T,T3 >2.33,T1 ≤-2.26,16,6,-0.20657261045665132,0.47826086956521735,-0.4158963958420328,0.5673222564518141,0.12683381590914036,3,-0.27676343705997597,3,4,3,-0.6275057931831572,0.16666666666666669,-0.9971854041160052,0.3198898316222878,,0,-0.6275057931831575,3,0.42093318272650593,-0.5944265483260114,1.236646380203329,,n<15,False
CALM3D_BTC_ATR_MIN,R30D_T,T3 >5.75,T1 ≤-1.63,7,5,-0.00018611458641289435,0.5999999999999999,-0.42154101774356134,0.9965161173250651,0.5572201835317225,2,-0.13953768911594672,3,4,2,-0.5441838580919655,0.2,-0.6968512608297404,-0.315182753985303,-0.315182753985303,1,-0.6968512608297404,1,0.5439977435055525,0.005908644207421658,1.5212788059059636,,n<15,False
CALM3D_BTC_ATR_MIN,OFF30_T,T3 >-3.98,T1 ≤-8.84,17,7,-0.2648767812109427,0.41666666666666674,-0.452373988241158,0.3468160721037294,0.12683381590914036,3,-0.34321890063495936,4,4,2,-0.5441838580919655,0.2,-0.6968512608297404,-0.315182753985303,-0.315182753985303,1,-0.6968512608297404,1,0.27930707688102274,-0.08324087535157687,0.9277518293822,,n<15,False
CALM3D_BTC_ATR_MIN,ADX5_T,T3 >28.4,T1 ≤19.4,22,11,-0.3456078431658959,0.3548387096774194,-0.5715889035895412,0.022210999060082354,-0.22414698916589676,3,-0.3689656997043573,8,0,0,,,,,,0,,0,,,,,n<15,False
CALM3D_BTC_ATR_MIN,ATR5_T,T3 >0.185,T1 ≤0.115,0,0,,,,,,0,,0,24,12,-0.2803706321534274,0.4117647058823529,-0.4879252581378767,0.09688970546808982,-0.02050504072234077,4,-0.3360561160315174,8,,,,,n<15,False
CALM3D_BTC_ATR_MIN,BULL_T,T3 >52.2,T1 ≤24.4,22,10,-0.3601760539958331,0.375,-0.5605788438758148,-0.03211528998566287,-0.22414698916589676,3,-0.38536662155693246,7,0,0,,,,,,0,,0,,,,,n<15,False
CALM3D_BTC_ATR_MIN,BTC_RSI5_T,T3 >55.4,T1 ≤44.8,24,12,-0.2803706321534274,0.4117647058823529,-0.4879252581378767,0.09688970546808982,-0.02050504072234077,4,-0.3360561160315174,8,0,0,,,,,,0,,0,,,,,n<15,False
CALM3D_BTC_ATR_MIN,ABOVE72_T,T3 >52.5,T1 ≤48,12,4,-0.3620388221711967,0.3333333333333333,-0.6906793593993449,0.609920761457823,-0.30355255171344175,1,-0.3693496059784161,3,5,4,-0.6398902161858475,0.14285714285714288,-0.9971854041160052,0.3198898316222878,-0.7141967542019894,1,-0.6275057931831575,3,0.2778513940146508,-0.5551261824913162,1.207090194160751,,n<15,False
CALM3D_BTC_ATR_MIN,VOLR_T,T3 >1.13,T1 ≤0.817,4,2,-0.539531777183221,0.2,-0.6968512608297404,-0.30355255171344175,-0.30355255171344175,1,-0.6968512608297404,1,17,7,-0.2829233782077245,0.41666666666666674,-0.5185432191125584,0.3360358779922127,0.12244639784161107,2,-0.3408333462147724,5,-0.2566083989754965,-0.9080334648229106,0.13889041679315828,,n<15,False
CALM3D_DMI,D1_GOLDEN,yes,no,126,13,-0.06058993896408228,0.6250000000000001,-0.2763210681410908,0.1477121317241331,,0,-0.06058993896408228,13,642,109,-0.19055505872961595,0.5353817504655494,-0.2581252148260398,-0.11852333137759473,-0.17179434918420064,38,-0.19876757816917523,71,0.12996511976553365,-0.09449923176272437,0.35540975828559856,,same sign,False
CALM3D_DMI,ABOVE_D200,yes,no,191,21,-0.058439534891692145,0.6086956521739131,-0.20646942938306048,0.09576727410622697,,0,-0.05843953489169214,21,577,101,-0.20550209675281453,0.53099173553719,-0.28007170173832613,-0.12607272967298788,-0.17179434918420064,38,-0.2226977807698764,63,0.14706256186112238,-0.015356305862073528,0.31591499878404083,,same sign,False
CALM3D_DMI,H4_GOLDEN,yes,no,464,67,-0.129550096417714,0.581578947368421,-0.2197062281862689,-0.037452411420145736,-0.09844934572438302,18,-0.13745358751799944,49,304,55,-0.22506695587620118,0.5056603773584906,-0.3213110345837474,-0.12554410045819467,-0.23708412105016555,20,-0.2192435116882577,35,0.09551685945848717,-0.036234909229334214,0.2234332862396258,,same sign,False
CALM3D_DMI,H1_EMA20_UP,yes,no,753,120,-0.1732710016510713,0.5458135860979463,-0.24202619759385302,-0.09794948317233887,-0.17412525719916566,37,-0.17297596121203762,83,15,5,0.06739700826695694,0.7916666666666667,-0.16159096446840143,0.23757313738561425,0.20697820324760827,1,0.054707808723261385,4,-0.24066800991802823,-0.4286756900540952,-0.0026173533387896354,yes,days<8,False
CALM3D_DMI,ADX5_RISING,yes,no,639,114,-0.19531617348566024,0.532033426183844,-0.267524245294164,-0.1204692282672084,-0.16608133255902144,37,-0.20524292917343684,77,129,46,-0.03468563872203377,0.6431924882629108,-0.19461603547660336,0.10854945273349856,-0.20067682212260668,13,0.02168872545174576,33,-0.1606305347636265,-0.3111742368005481,0.0035977531080735752,,same sign,False
CALM3D_DMI,EFF72_CHOP,yes,no,182,26,-0.16612003783796625,0.5614617940199335,-0.33290680785129545,-0.009090828801729012,-0.08125671081241873,6,-0.18302508306217893,20,586,115,-0.16960710667605805,0.5470171890798786,-0.24744265256162504,-0.08737026364642653,-0.18813688318632735,37,-0.16239819081461904,78,0.0034870688380918002,-0.18355399883408824,0.19917676943028187,,same sign,False
CALM3D_DMI,BULL_GT_BEAR,yes,no,737,120,-0.163969980978006,0.5561797752808989,-0.23444898779946555,-0.08957539109657854,-0.17965426396636747,38,-0.158775400073741,82,31,21,-0.3053855362103135,0.38636363636363635,-0.553918955490224,0.015007209711585454,-0.028466491391747475,8,-0.47974197183681816,13,0.1414155552323075,-0.18219047284164838,0.397743825094696,,same sign,False
CALM3D_DMI,BTC_SLOPE5_UP,yes,no,768,122,-0.16879345728050332,0.5503875968992249,-0.2359309057195877,-0.09506155768426716,-0.17179434918420064,38,-0.16777446283345343,84,0,0,,,,,,0,,0,,,,,n<15,False
CALM3D_DMI,R1D>0,>0,≤0,478,74,-0.12540777411245194,0.581081081081081,-0.2114949844972852,-0.036139223281476396,-0.11546656241506638,22,-0.1296136713690381,52,290,48,-0.24298662135359958,0.49789915966386555,-0.35865535728784054,-0.1266991202200166,-0.3321628715151476,16,-0.22360048001413257,32,0.11757884724114764,-0.03229867429204733,0.2630873217302237,,same sign,False
CALM3D_DMI,R3D>0,>0,≤0,366,61,-0.18616558319545753,0.5227272727272727,-0.29423736798928185,-0.06868487356044964,-0.09733886618766342,20,-0.2237066668269272,41,402,61,-0.1529162620822662,0.57566765578635,-0.2373286533274902,-0.06527453985014312,-0.26641485882563337,18,-0.12207890749538904,43,-0.033249321113191344,-0.1727856858771833,0.10812460941305968,,same sign,False
CALM3D_DMI,R7D>0,>0,≤0,453,66,-0.20223640972744988,0.528,-0.28949877211808045,-0.1175841616816378,-0.1880432245686843,23,-0.20851416470151932,43,315,56,-0.12234491221529975,0.5814814814814814,-0.22788676958781445,-0.015033690389347397,-0.13326608796325998,15,-0.1199535938235341,41,-0.07989149751215013,-0.21704013776304004,0.056638771119897714,,same sign,False
CALM3D_DMI,R30D>0,>0,≤0,534,83,-0.1503787596349829,0.5644241733181299,-0.2320733327290622,-0.06656357754414573,-0.15528714099353574,26,-0.14871515557147338,57,234,39,-0.20789682249871488,0.5205811138014528,-0.3210212225715611,-0.08551484286024508,-0.20669530364446365,12,-0.20830643119902784,27,0.057518062863731984,-0.08767731210255802,0.19310499185919394,,same sign,False
CALM3D_DMI,R7D_T,T3 >2.33,T1 ≤-2.26,313,42,-0.20955343717018723,0.5222437137330755,-0.3185153098256271,-0.09474404563083715,-0.18416809204551907,16,-0.22022365091764395,26,183,32,-0.11364910285164395,0.5927152317880794,-0.2625694857955477,0.018006872015617407,-0.38968515043336655,10,-0.05888004579177836,22,-0.09590433431854328,-0.27051258808835665,0.0908174976938809,,same sign,False
CALM3D_DMI,R30D_T,T3 >5.75,T1 ≤-1.63,353,51,-0.10898705028873631,0.5950704225352113,-0.20551876791404813,-0.020818670924928243,-0.21475796299375186,14,-0.08747432228093653,37,196,30,-0.17186045825680218,0.5427728613569321,-0.3019706553227595,-0.01520369462392646,-0.19655291153448945,11,-0.16108366720764206,19,0.06287340796806587,-0.11987119524651817,0.22246681574322522,,same sign,False
CALM3D_DMI,OFF30_T,T3 >-3.98,T1 ≤-8.84,401,59,-0.1298533466582131,0.5773353751914243,-0.22397863225644615,-0.03451155840584758,-0.061503928764975756,15,-0.14750040253045552,44,167,26,-0.1862789494845724,0.5244755244755245,-0.3403698339485771,0.00705257348067243,-0.22394234386946044,12,-0.16475700983606495,14,0.056425602826359306,-0.1605886460355403,0.22886883337693395,,same sign,False
CALM3D_DMI,ADX5_T,T3 >28.4,T1 ≤19.4,722,119,-0.1733625783008,0.5472473294987675,-0.24142046754271665,-0.0961666214802007,-0.16280689127036493,37,-0.17690817679839946,82,0,0,,,,,,0,,0,,,,,n<15,False
CALM3D_DMI,ATR5_T,T3 >0.185,T1 ≤0.115,0,0,,,,,,0,,0,341,69,-0.17659627200339337,0.5464285714285714,-0.2762939556343905,-0.06125143717822536,-0.053029471286313266,16,-0.21977021442261416,53,,,,,n<15,False
CALM3D_DMI,BULL_T,T3 >52.2,T1 ≤24.4,652,114,-0.1554376790539262,0.5578475336322869,-0.22796867770166088,-0.07950162607795007,-0.17294619469139966,37,-0.1504554171156129,77,4,2,0.05854908305943507,0.75,-1.1450769293990897,0.4597577538789433,,0,0.05854908305943509,2,-0.21398676211336126,-0.667968055224089,1.0418291203787495,,n<15,False
CALM3D_DMI,BTC_RSI5_T,T3 >55.4,T1 ≤44.8,762,122,-0.16709909950246885,0.5519125683060109,-0.23452026606209816,-0.09239603513732955,-0.17179434918420064,38,-0.16548972146690671,84,0,0,,,,,,0,,0,,,,,n<15,False
CALM3D_DMI,ABOVE72_T,T3 >52.5,T1 ≤48,368,57,-0.1550847222232007,0.5589171974522293,-0.2685318683044057,-0.034712494190133246,-0.0607625829431792,17,-0.18760263319554216,40,120,26,-0.14332496868964203,0.5654205607476634,-0.305133191052436,0.022696400498425133,-0.11970108850881495,9,-0.14858971912994057,17,-0.011759753533558653,-0.21510956534022996,0.18525654522302687,,same sign,False
CALM3D_DMI,VOLR_T,T3 >1.13,T1 ≤0.817,213,32,-0.07843491154687608,0.5983146067415731,-0.22440203875915762,0.04717533830577346,-0.01536171382306259,9,-0.09225917406168449,23,290,44,-0.26955113494907296,0.4847870182555781,-0.3618995455505669,-0.17233540883123413,-0.24832265063768624,14,-0.2781392966932807,30,0.19111622340219686,0.02141980991185062,0.35229547692990837,,same sign,True
CALM3D_REENTRY,D1_GOLDEN,yes,no,12,4,0.08486932069613856,0.6666666666666667,-0.13854948470595221,0.6442410255630852,,0,0.08486932069613855,4,51,30,-0.06423890397216954,0.64,-0.20514189746514194,0.08095764140643705,0.1728843601202103,8,-0.14469144000351275,22,0.1491082246683081,-0.1143342826785435,0.7081001157233349,,n<15,False
CALM3D_REENTRY,ABOVE_D200,yes,no,16,6,-0.09691040029371126,0.5454545454545455,-0.4229802543029384,0.38235512931851173,,0,-0.09691040029371123,6,47,28,-0.020777193838367503,0.6764705882352943,-0.155351367264515,0.1365500691040278,0.1728843601202103,8,-0.09587044945495891,20,-0.07613320645534376,-0.4542865849517773,0.4255656444596815,,same sign,False
CALM3D_REENTRY,H4_GOLDEN,yes,no,36,19,-0.09663606459422457,0.5800000000000001,-0.2665433812967729,0.0679257851393027,-0.1215575529471557,4,-0.0896069268536542,15,27,15,0.032173131056014784,0.725,-0.1723365048340957,0.30202116563169584,0.5777419905878386,4,-0.1042190838269412,11,-0.12880919565023935,-0.4442761854423306,0.14450069276933727,yes,half h2 flips,False
CALM3D_REENTRY,H1_EMA20_UP,yes,no,63,34,-0.03938753319411819,0.6444444444444446,-0.1618542512993193,0.08862566245297554,0.1728843601202103,8,-0.09619268774302302,26,0,0,,,,,,0,,0,,,,,n<15,False
CALM3D_REENTRY,ADX5_RISING,yes,no,51,28,-0.013552251169612258,0.6478873239436621,-0.17936342040897596,0.16935077610195381,0.1209803474935559,5,-0.04659534557810969,23,12,9,-0.13592990286464046,0.6315789473684211,-0.4468359089309122,0.23088603142013958,0.3182155954748427,3,-0.29812472370017007,6,0.1223776516950282,-0.32770776894094034,0.534070230468884,,n<15,False
CALM3D_REENTRY,EFF72_CHOP,yes,no,13,8,-0.198794964126963,0.5625,-0.5741282032349133,0.07055361477506028,0.26110110105503553,2,-0.3049248253228088,6,50,28,-0.004921061641070672,0.6621621621621622,-0.1437685186662966,0.15494279639084924,0.1563437211949306,6,-0.049407898285484815,22,-0.1938739024858923,-0.6114336681221789,0.12347517093858253,,n<15,False
CALM3D_REENTRY,BULL_GT_BEAR,yes,no,62,33,-0.04090557282283247,0.6404494382022473,-0.16449469226196403,0.0883203980681024,0.1728843601202103,8,-0.09893426890737267,25,1,1,0.0957179937614534,1.0,0.0957179937614534,0.0957179937614534,,0,0.0957179937614534,1,-0.13662356658428587,-0.2600301120222303,-0.0093097434702108,,n<15,False
CALM3D_REENTRY,BTC_SLOPE5_UP,yes,no,63,34,-0.03938753319411819,0.6444444444444446,-0.1618542512993193,0.08862566245297554,0.1728843601202103,8,-0.09619268774302302,26,0,0,,,,,,0,,0,,,,,n<15,False
CALM3D_REENTRY,R1D>0,>0,≤0,41,23,-0.0409531132506591,0.6271186440677967,-0.1857402417627033,0.10725456467147375,0.0038825026000010514,6,-0.05490197151530892,17,22,11,-0.0364078808284436,0.6774193548387097,-0.28381334149804677,0.27872913483148526,0.6460895611767962,2,-0.1676573889063743,9,-0.004545232422215495,-0.3702083804021402,0.2922743010207647,,same sign,False
CALM3D_REENTRY,R3D>0,>0,≤0,25,17,-0.038936844711745515,0.6666666666666667,-0.2535956248113014,0.19391413781273653,-0.0034308333978397736,4,-0.054374240935182803,13,38,17,-0.03964845810496554,0.6315789473684212,-0.1926823542041606,0.1457529038155358,0.36879013069582156,4,-0.1162306935051131,13,0.0007116133932200258,-0.27236028064742346,0.2758778264668621,,same sign,False
CALM3D_REENTRY,R7D>0,>0,≤0,30,17,0.02280906735284753,0.6829268292682924,-0.09955365892505848,0.19690207387453376,0.04571754537892018,4,0.015419235731533766,13,33,17,-0.09142958671300787,0.6122448979591837,-0.2898493578492212,0.131503266032642,0.31418082094386607,4,-0.18269192843580445,13,0.1142386540658554,-0.14409651853279307,0.36998771146410986,≤0,half h1 flips,False
CALM3D_REENTRY,R30D>0,>0,≤0,46,25,-0.05399802296275363,0.6461538461538463,-0.19380587574968192,0.08218550689012163,0.015871555934718756,7,-0.07681257933743846,18,17,9,-0.001400259795666079,0.6399999999999999,-0.26729563207450224,0.40307237822989833,1.0102859824428319,1,-0.13935747464637038,8,-0.05259776316708756,-0.500648812011876,0.25540625791893584,,same sign,False
CALM3D_REENTRY,R7D_T,T3 >2.33,T1 ≤-2.26,22,12,0.02208839993561094,0.6774193548387094,-0.0976906650981228,0.24421119971588376,-0.02923727406673539,3,0.039940808284253136,9,24,11,0.02089045449271588,0.6764705882352942,-0.20585348941430945,0.3199502719283636,0.6017014145838907,3,-0.12969016479018133,8,0.0011979454428950598,-0.3285337165606974,0.3172581996032464,,same sign,False
CALM3D_REENTRY,R30D_T,T3 >5.75,T1 ≤-1.63,26,13,-0.08650549616426946,0.5714285714285713,-0.3225984978208451,0.15359685691447628,-0.05663656893077639,3,-0.09148365070318495,10,11,6,-0.14915215929936074,0.6111111111111112,-0.3832561627135516,0.1272618879933254,,0,-0.14915215929936076,6,0.06264666313509128,-0.26812303811622756,0.42066326204978566,,n<15,False
CALM3D_REENTRY,OFF30_T,T3 >-3.98,T1 ≤-8.84,28,15,-0.06639490347448783,0.5833333333333331,-0.27240359581813545,0.16413126691136,0.26110110105503553,2,-0.09616726752262633,13,12,7,0.036228774311934935,0.65,-0.3067016877101591,0.5534962498394465,0.8024640087063499,2,-0.21918297048620342,5,-0.10262367778642276,-0.6701966791803401,0.31396051626062693,,n<15,False
CALM3D_REENTRY,ADX5_T,T3 >28.4,T1 ≤19.4,62,34,-0.030723383352900854,0.651685393258427,-0.15608364583150894,0.09844938232104881,0.1728843601202103,8,-0.08598834229560244,26,0,0,,,,,,0,,0,,,,,n<15,False
CALM3D_REENTRY,ATR5_T,T3 >0.185,T1 ≤0.115,0,0,,,,,,0,,0,18,12,-0.10978412485198427,0.6538461538461539,-0.269899496095918,0.11374471856817918,-0.4306842855834731,2,-0.06792758214787703,10,,,,,n<15,False
CALM3D_REENTRY,BULL_T,T3 >52.2,T1 ≤24.4,54,30,-0.03814290689280171,0.6329113924050633,-0.17676534585615603,0.10496659815260534,0.15257230564475946,7,-0.09043578774987497,23,0,0,,,,,,0,,0,,,,,n<15,False
CALM3D_REENTRY,BTC_RSI5_T,T3 >55.4,T1 ≤44.8,63,34,-0.03938753319411819,0.6444444444444446,-0.1618542512993193,0.08862566245297554,0.1728843601202103,8,-0.09619268774302302,26,0,0,,,,,,0,,0,,,,,n<15,False
CALM3D_REENTRY,ABOVE72_T,T3 >52.5,T1 ≤48,30,17,-0.036078211024528524,0.6666666666666665,-0.237604390640765,0.16627056232989268,-0.04658969276798639,2,-0.033778824393147104,15,19,9,-0.04036096530308324,0.5624999999999999,-0.2849089868292806,0.32328330056193355,0.3754339328484727,3,-0.15678353678551896,6,0.004282754278554714,-0.3893299802602147,0.3491330658371992,,same sign,False
CALM3D_REENTRY,VOLR_T,T3 >1.13,T1 ≤0.817,25,11,-0.08302583764492594,0.59375,-0.22697046438130614,0.12248305449750865,0.4100260226154741,1,-0.09893073636300338,10,12,7,0.002784528148803426,0.7500000000000002,-0.15762114925853957,0.2325916576749698,,0,0.002784528148803421,7,-0.08581036579372936,-0.3627595431346085,0.1589016491196423,,n<15,False
EMA5_STRETCH[>max],D1_GOLDEN,yes,no,698,21,-0.10531207149833051,0.6643518518518519,-0.16259337437335472,-0.05068129880916144,,0,-0.10531207149833051,21,7302,252,-0.09296118555227066,0.6492303202743124,-0.12801353687140984,-0.060445853014541126,-0.0768550618513096,117,-0.110269113246659,135,-0.012350885946059847,-0.07894806695224138,0.05260762881746168,,same sign,False
EMA5_STRETCH[>max],ABOVE_D200,yes,no,1458,45,-0.12501191340004786,0.6447706422018349,-0.16815997805333885,-0.0845930757468362,,0,-0.12501191340004786,45,6542,228,-0.087151486480834,0.6518162567193355,-0.12514890094726483,-0.05121447094489794,-0.0768550618513096,117,-0.10126979757964112,111,-0.03786042691921386,-0.09507069286088693,0.01885940445135158,,same sign,False
EMA5_STRETCH[>max],H4_GOLDEN,yes,no,3491,136,-0.08348311086433652,0.6653343581860106,-0.11825569128196767,-0.04818182928919421,-0.022090545409001745,47,-0.11440645809669307,89,4509,146,-0.10209999751168528,0.6392092257001647,-0.14845121480552476,-0.0559609023601691,-0.10110458051170156,74,-0.10346942637859043,72,0.018616886647348757,-0.038564514196011604,0.0775740251904039,,same sign,False
EMA5_STRETCH[>max],H1_EMA20_UP,yes,no,4057,237,-0.12299258818884211,0.6378421261404205,-0.15455184099814392,-0.09153211350028077,-0.10799462879351067,99,-0.1349888141592631,138,3943,229,-0.06458474066594053,0.6634408602150538,-0.11846087062710937,-0.008083592949893364,-0.048863597691711357,100,-0.08046730040132091,129,-0.05840784752290158,-0.12037789454166467,0.005533016102389766,,same sign,False
EMA5_STRETCH[>max],ADX5_RISING,yes,no,4758,272,-0.10798188910083767,0.6410314665454959,-0.14197750774319554,-0.07451999883651936,-0.07383857365566657,116,-0.1366916907330068,156,3242,265,-0.07421594278582845,0.664032258064516,-0.1355037813365052,-0.017175139159107664,-0.08079442496747737,115,-0.06772598872069004,150,-0.03376594631500922,-0.100954868300185,0.03761311282645275,,same sign,False
EMA5_STRETCH[>max],EFF72_CHOP,yes,no,929,108,-0.1528958467189288,0.6099125364431487,-0.2249484889648039,-0.0692845323473952,-0.11265912209888013,47,-0.1860697420173732,61,7071,273,-0.08643039117277598,0.6557796508127633,-0.1206967002101035,-0.05566457998490774,-0.07246800308579701,117,-0.09911344512224349,156,-0.06646545554615282,-0.14324190893683686,0.0260433781821236,,same sign,False
EMA5_STRETCH[>max],BULL_GT_BEAR,yes,no,6863,273,-0.08766414926510296,0.6539248072990403,-0.11540519821443257,-0.0611282018980512,-0.06563469035013615,117,-0.10680513583666974,156,1137,216,-0.1293758939581875,0.6317169069462647,-0.21754882284145288,-0.039947905883258326,-0.13263606769103722,93,-0.1258519425324072,123,0.04171174469308453,-0.04382163681647188,0.1261369934338339,,same sign,False
EMA5_STRETCH[>max],BTC_SLOPE5_UP,yes,no,7923,273,-0.09496326760700499,0.6504756122242461,-0.1266122376483718,-0.0647345171534865,-0.08057182971463744,117,-0.10793161987477139,156,77,29,-0.017016107156529958,0.6555555555555556,-0.31697976025898317,0.28604751737457185,0.2760369787938426,13,-0.22160033697094092,16,-0.07794716045047503,-0.3778283871616109,0.22595837448236805,,same sign,False
EMA5_STRETCH[>max],R1D>0,>0,≤0,3558,133,-0.08813165424300283,0.6590597900502054,-0.11912202960587852,-0.0552304538529049,-0.04508135553307256,55,-0.1255619054251009,78,4442,140,-0.098625628907183,0.6438908659549228,-0.1479765283188677,-0.05113540883182127,-0.10087985042782473,62,-0.09654816877316101,78,0.010493974664180172,-0.04614508511537633,0.06931949165821134,,same sign,False
EMA5_STRETCH[>max],R3D>0,>0,≤0,3677,139,-0.07524940024965739,0.6685098952270082,-0.10717665247878305,-0.045158459725287106,-0.050428171404524776,61,-0.09498707543371787,78,4323,134,-0.10989909439320684,0.6353462058787357,-0.16009913112306323,-0.06074781756912607,-0.09668826069746665,56,-0.12304833156373993,78,0.03464969414354946,-0.02207385767693199,0.09165856563696854,,same sign,False
EMA5_STRETCH[>max],R7D>0,>0,≤0,3569,138,-0.07911150865309848,0.6649175412293854,-0.11174684409517616,-0.044477193968413355,-0.040442762439926394,61,-0.1095347895607026,77,4431,135,-0.10596779698915679,0.6390255610224408,-0.15256639002957884,-0.058517578467523965,-0.10254396969931162,56,-0.10938587684710052,79,0.026856288336058312,-0.02925765341757897,0.08215358479736312,,same sign,False
EMA5_STRETCH[>max],R30D>0,>0,≤0,4043,160,-0.10211363551411026,0.6540597725469451,-0.13220458441169375,-0.07455146257004086,-0.08079885475582352,61,-0.11393667796597248,99,3957,113,-0.08581106078068923,0.6469560542937778,-0.13865275858151313,-0.03341651646727413,-0.07443789845822042,56,-0.10228511821520964,57,-0.016302574733421032,-0.0755307245582446,0.043721267943519125,,same sign,False
EMA5_STRETCH[>max],R7D_T,T3 >2.33,T1 ≤-2.26,2507,91,-0.055135317443951684,0.6803190342746281,-0.09438420836487443,-0.018799045046651936,-0.0004498843765142322,43,-0.09817165787414225,48,3356,91,-0.10215267648905299,0.6381390917751667,-0.16150711668455328,-0.04201466690031196,-0.1148360752047823,41,-0.08791324233937509,50,0.047017359045101306,-0.026667692699583453,0.11324212027187706,,same sign,False
EMA5_STRETCH[>max],R30D_T,T3 >5.75,T1 ≤-1.63,2479,91,-0.11280185768761734,0.6559930765902207,-0.1456082009742367,-0.08197158099067706,-0.08990456512091008,27,-0.11934303139165302,64,3357,91,-0.09535070301209221,0.6398922686945502,-0.15417951239178476,-0.035977708674424826,-0.09337496222718565,45,-0.0978787093685111,46,-0.017451154675525132,-0.08356728202194458,0.05051439223988174,,same sign,False
EMA5_STRETCH[>max],OFF30_T,T3 >-3.98,T1 ≤-8.84,2461,119,-0.10812570772369359,0.6587440034888793,-0.14344989002954023,-0.073316292773342,-0.07870246842261444,40,-0.12248409575381136,79,3434,98,-0.09496430146452924,0.643613707165109,-0.15366331839372116,-0.03562763745881462,-0.09268725953479524,59,-0.09870067343396934,39,-0.013161406259164357,-0.08407639146163338,0.05412275059493782,,same sign,False
EMA5_STRETCH[>max],ADX5_T,T3 >28.4,T1 ≤19.4,2126,244,-0.08366250255354095,0.6653625456442357,-0.1260853516333181,-0.03972057311037607,-0.03747455181747227,101,-0.11844602100909883,143,1106,218,-0.039128521697313505,0.6717805671780567,-0.1309987541089571,0.054398701271377116,0.01579481614246349,93,-0.10082917170882999,125,-0.044533980856227444,-0.14701205430362557,0.05749514704172929,,same sign,False
EMA5_STRETCH[>max],ATR5_T,T3 >0.185,T1 ≤0.115,4216,186,-0.06474808194230965,0.6605550671857341,-0.11691327690026324,-0.012256462841562425,-0.056535033820185036,93,-0.07713361718915453,93,1553,168,-0.13912255994547595,0.6426364572605562,-0.18375456434951298,-0.09016837957189071,-0.13783014667468246,53,-0.1396093526566397,115,0.07437447800316631,0.007329486791004962,0.1429551797357392,,same sign,True
EMA5_STRETCH[>max],BULL_T,T3 >52.2,T1 ≤24.4,5944,272,-0.07843905173915094,0.659211732355637,-0.10826228713401911,-0.04895417290352454,-0.054251584630844424,117,-0.09963168199139888,155,312,104,-0.09121571730923687,0.6558641975308641,-0.23120344849327437,0.06742383814742575,-0.011583655230573696,51,-0.21081754027680444,53,0.01277666557008593,-0.1420799643866867,0.15284173527082254,,same sign,False
EMA5_STRETCH[>max],BTC_RSI5_T,T3 >55.4,T1 ≤44.8,7440,273,-0.09486350329919911,0.6510827477412878,-0.12372175140277131,-0.06701786079711448,-0.07758722487186462,117,-0.10982364164301886,156,8,7,0.053129219494628045,0.7272727272727274,-0.6076929987200897,0.7451572227714959,0.22407061805265394,5,-0.40271450999344105,2,-0.14799272279382716,-0.836457176991702,0.5122248501072665,,n<15,False
EMA5_STRETCH[>max],ABOVE72_T,T3 >52.5,T1 ≤48,2454,135,-0.09936199365405923,0.6631762652705061,-0.13536687415778356,-0.06425842319022507,-0.07439246050709869,59,-0.11541767195715859,76,3131,141,-0.08793257293333302,0.6569639532915892,-0.15268656445925877,-0.029673383369634473,-0.08330764522676884,65,-0.09309936784163367,76,-0.01142942072072621,-0.08225821722828937,0.05765040073342897,,same sign,False
EMA5_STRETCH[>max],VOLR_T,T3 >1.13,T1 ≤0.817,3308,91,-0.10110604223432673,0.6472097498396409,-0.1583140724324223,-0.044368186781793766,-0.07777552611555132,41,-0.12370011529379736,50,2448,91,-0.07909967815536038,0.6657205240174673,-0.12538543412204353,-0.03304735413375897,-0.06571433611406098,39,-0.09166897902225372,52,-0.022006364078966348,-0.09374644599413534,0.05055653885577818,,same sign,False
ENTRY_QUALITY_SCORE,D1_GOLDEN,yes,no,160,20,-0.1362913581392974,0.5528455284552845,-0.2860755694777838,0.05906865481369659,,0,-0.1362913581392974,20,2206,239,-0.12349960644975877,0.5488864747419879,-0.16175955188791702,-0.08604020695958474,-0.11188603428531385,114,-0.1384953514660769,125,-0.012791751689538639,-0.16711698866375968,0.1864899994923871,,same sign,False
ENTRY_QUALITY_SCORE,ABOVE_D200,yes,no,375,43,-0.12439908844086617,0.5659432387312185,-0.20973674024842548,-0.03169992642793023,,0,-0.12439908844086615,43,1991,216,-0.12428301924728151,0.5461099429258036,-0.16528215191570833,-0.08445928482591122,-0.11188603428531385,114,-0.14479637155675748,102,-0.00011606919358465861,-0.0947055736821786,0.10213685992328479,,same sign,False
ENTRY_QUALITY_SCORE,H4_GOLDEN,yes,no,1120,127,-0.11678475346020102,0.5592755214050495,-0.16912740088835873,-0.06503712896184406,-0.09029644008264115,43,-0.13453265179108664,84,1246,137,-0.1308031359191798,0.540360873694207,-0.18307865461477915,-0.07655049724479307,-0.12362858887024966,73,-0.14345745512359215,64,0.014018382458978781,-0.06480292858223452,0.08602196443183951,,same sign,False
ENTRY_QUALITY_SCORE,H1_EMA20_UP,yes,no,1579,203,-0.11759409735417098,0.5580595874713522,-0.16177455234774502,-0.06976212164139944,-0.1245378344437554,91,-0.1103246181024481,112,787,158,-0.13770372379928195,0.5312977099236642,-0.2040389899017209,-0.07647104196557715,-0.08886869676880131,77,-0.20032145880700628,81,0.020109626445110967,-0.05783429178816216,0.10364669014109178,,same sign,False
ENTRY_QUALITY_SCORE,ADX5_RISING,yes,no,1510,241,-0.13626309172693538,0.5408284023668639,-0.18512446281168748,-0.08513273052409358,-0.13873848096779834,110,-0.13333821270137186,131,856,209,-0.10253143397164237,0.5642498205312276,-0.15788669382609985,-0.05089887235494757,-0.05936693272541186,97,-0.1463830691016768,112,-0.03373165775529301,-0.10691909830393864,0.04221405409281292,,same sign,False
ENTRY_QUALITY_SCORE,EFF72_CHOP,yes,no,302,68,-0.14129890435021436,0.5475687103594079,-0.22686460642075484,-0.05713519869450801,-0.08787521353627938,31,-0.1889528365562444,37,2064,254,-0.12197361600365487,0.5493487698986976,-0.16194237548719168,-0.0816420718639553,-0.11477718602777318,111,-0.130287894428691,143,-0.019325288346559485,-0.1105318019227201,0.07139940757969276,,same sign,False
ENTRY_QUALITY_SCORE,BULL_GT_BEAR,yes,no,1994,253,-0.11681535418074142,0.554380664652568,-0.15715888723843857,-0.07654213335231734,-0.10737177357294081,114,-0.1278959047691457,139,372,129,-0.16439223739809847,0.5210355987055016,-0.236595813852806,-0.09140756808563591,-0.13989639502493403,58,-0.18577042710558742,71,0.04757688321735705,-0.029487866256183964,0.12588604750896937,,same sign,False
ENTRY_QUALITY_SCORE,BTC_SLOPE5_UP,yes,no,2365,259,-0.12421088653456726,0.5492742551566081,-0.1613650014223468,-0.08752867261233221,-0.11188603428531385,114,-0.138019778768477,145,1,1,-0.47707362903333406,0.0,-0.47707362903333406,-0.47707362903333406,,0,-0.47707362903333406,1,0.3528627424987668,0.3172273242751093,0.3897419412943201,,n<15,False
ENTRY_QUALITY_SCORE,R1D>0,>0,≤0,1215,128,-0.1113574567907774,0.5640900195694716,-0.1627951156388661,-0.061434505458992546,-0.14165601964866426,54,-0.07747958184397954,74,1151,131,-0.13834319711779725,0.5329087048832272,-0.1923602441804056,-0.08066479249886674,-0.07963521680835092,60,-0.20419133719460864,71,0.02698574032701985,-0.04972469024243213,0.10045378142180048,,same sign,False
ENTRY_QUALITY_SCORE,R3D>0,>0,≤0,1231,133,-0.1316604664176537,0.5518753044325378,-0.18532529884338766,-0.07707392348229743,-0.10071350904492002,60,-0.1689563699323767,73,1135,126,-0.11624228666391252,0.5461333333333332,-0.16966762126108215,-0.061721735281979634,-0.12503983629971244,54,-0.10714894089068329,72,-0.01541817975374117,-0.09378759835095832,0.06011862275447727,,same sign,False
ENTRY_QUALITY_SCORE,R7D>0,>0,≤0,1313,133,-0.12540039516196805,0.5575842696629213,-0.1761194307542241,-0.07623475661750949,-0.10801180546480933,59,-0.14564303909513462,74,1053,126,-0.12298994474571161,0.5390625000000001,-0.18029116709723333,-0.06861171529239052,-0.11669325773537834,55,-0.12972289182604488,71,-0.0024104504162564405,-0.08139877138778655,0.0720970698939907,,same sign,False
ENTRY_QUALITY_SCORE,R30D>0,>0,≤0,1450,154,-0.13269113388523146,0.5513468013468014,-0.1760974598123737,-0.0911346040343811,-0.11830127520977912,59,-0.14522277458999552,95,916,105,-0.11145559983180992,0.5457474226804125,-0.1786060467339459,-0.04698708782377352,-0.1045637881940253,55,-0.12291042912342788,50,-0.021235534053421545,-0.0984379687447131,0.057740546515363395,,same sign,False
ENTRY_QUALITY_SCORE,R7D_T,T3 >2.33,T1 ≤-2.26,894,89,-0.10448332437218989,0.5688705234159779,-0.17071461406792088,-0.03563597987368373,-0.09153464733926187,43,-0.12128382305415346,46,725,83,-0.09312140627613168,0.5622950819672132,-0.16652422785353008,-0.024504707288165697,-0.08730403867998353,40,-0.1007456835044168,43,-0.011361918096058216,-0.10759816794260561,0.0895262814732705,,same sign,False
ENTRY_QUALITY_SCORE,R30D_T,T3 >5.75,T1 ≤-1.63,828,88,-0.12804757539479647,0.5625462620281274,-0.17916358888795061,-0.07226387216699744,-0.14961858385857651,26,-0.11702078471476576,62,757,85,-0.1164034024472253,0.5428348909657321,-0.19277850998828316,-0.04391614885830463,-0.10924330379739876,45,-0.12792941490792176,40,-0.011644172947571169,-0.10147748198459589,0.08309278153154354,,same sign,False
ENTRY_QUALITY_SCORE,OFF30_T,T3 >-3.98,T1 ≤-8.84,909,108,-0.11380674588943676,0.5638586956521738,-0.16823351935664121,-0.05757621570369273,-0.1093117400599541,38,-0.11689963980880555,70,772,89,-0.09213892186084832,0.5568268497330282,-0.1622514163025797,-0.02461412991734067,-0.08483111057962633,57,-0.1099768864055634,32,-0.02166782402858844,-0.11021758074046169,0.0647549099194118,,same sign,False
ENTRY_QUALITY_SCORE,ADX5_T,T3 >28.4,T1 ≤19.4,1262,217,-0.12323407122744627,0.5488793514544587,-0.17249902226083888,-0.06935707367525241,-0.1310635807367885,101,-0.1153370659464718,116,203,88,-0.1133258857796845,0.5371428571428571,-0.23097689788912393,0.009560535924164233,-0.07534808418887896,42,-0.17380905127615262,46,-0.009908185447761772,-0.14535416249156044,0.12532772538230882,,same sign,False
ENTRY_QUALITY_SCORE,ATR5_T,T3 >0.185,T1 ≤0.115,1010,151,-0.10719140384090621,0.5607250755287009,-0.16936512650928565,-0.04663100732525662,-0.09382107205986598,85,-0.1382546043844073,66,463,117,-0.14230488751551534,0.5316129032258066,-0.2193104164463217,-0.06328665428243485,-0.19065970689095674,41,-0.12313721136669173,76,0.03511348367460913,-0.06379450752342677,0.13980872059311947,,same sign,False
ENTRY_QUALITY_SCORE,BULL_T,T3 >52.2,T1 ≤24.4,1608,244,-0.10795634687636195,0.5617053103964099,-0.15201592304010272,-0.06151029844158371,-0.09048346877732448,110,-0.12816288493605538,134,48,37,-0.1489403743852578,0.45333333333333337,-0.41418329381029834,0.1337365453682236,0.015970591059961223,21,-0.3275939202842451,16,0.04098402750889586,-0.2508272262016389,0.3147189438310693,,same sign,False
ENTRY_QUALITY_SCORE,BTC_RSI5_T,T3 >55.4,T1 ≤44.8,2142,258,-0.13641721191496525,0.5426829268292682,-0.17442665315235417,-0.09817132711743594,-0.1305820494527649,113,-0.14257821250895802,145,12,7,0.3399481822378782,0.6428571428571429,-0.632590918216523,0.7852296553875662,0.4286741407832139,5,-0.19240756903413533,2,-0.47636539415284346,-0.9232912506538429,0.5021312835025911,,n<15,False
ENTRY_QUALITY_SCORE,ABOVE72_T,T3 >52.5,T1 ≤48,873,115,-0.11574279212124235,0.5705263157894737,-0.17366138345841484,-0.058967048166142656,-0.06498202618543959,49,-0.16714882203080528,66,751,116,-0.1204185137490755,0.5325490196078431,-0.19345970348811614,-0.05143565046560424,-0.11335360542468938,55,-0.13084439787826677,61,0.004675721627833154,-0.08244774597192692,0.09730272008997662,,same sign,False
ENTRY_QUALITY_SCORE,VOLR_T,T3 >1.13,T1 ≤0.817,771,87,-0.135165077967454,0.5427892234548336,-0.20282515007029087,-0.06786272198619349,-0.15306620345132144,40,-0.11424967362204182,47,773,85,-0.11511520829279426,0.5624509033778476,-0.1776537549306696,-0.05680558829066203,-0.11728536732079807,38,-0.11216941835292978,47,-0.020049869674659743,-0.10769611844924644,0.07333231767569347,,same sign,False
FAN_RATIO_GATE,D1_GOLDEN,yes,no,597,21,-0.08518798806144515,0.6255319148936169,-0.17664727119030682,0.0015106309856383557,,0,-0.08518798806144516,21,7403,252,-0.12288442065241127,0.575237574348807,-0.1438646032706728,-0.10222044651791407,-0.11974586956755462,117,-0.12592621242137772,135,0.037696432590966125,-0.056421350215512193,0.12612208338208492,,same sign,False
FAN_RATIO_GATE,ABOVE_D200,yes,no,1311,45,-0.10636191482956799,0.6069206842923794,-0.1602732244658714,-0.05241013155999033,,0,-0.10636191482956804,45,6689,228,-0.12274856099118432,0.5735449735449735,-0.14487607136968972,-0.10028798701877431,-0.11974586956755462,117,-0.12633277182831085,111,0.016386646161616336,-0.03913142586742198,0.07563117203371503,,same sign,False
FAN_RATIO_GATE,H4_GOLDEN,yes,no,3727,135,-0.11139080159380481,0.5874982976984883,-0.1414155146985865,-0.08126793406577622,-0.11920571618574724,47,-0.106980552604871,88,4273,146,-0.1276254463591097,0.5715805650786144,-0.15554485879731855,-0.10060206816789685,-0.12006034567929258,74,-0.13643107646736438,72,0.01623464476530488,-0.023565209776677108,0.057603224014869926,,same sign,False
FAN_RATIO_GATE,H1_EMA20_UP,yes,no,3783,245,-0.13028343838410789,0.5787205387205386,-0.16234779133034816,-0.09962108204936922,-0.12966483195771822,101,-0.13075739920699117,144,4217,240,-0.11103877006720977,0.579204965978274,-0.1393872567134584,-0.08233211777385614,-0.11171445230794755,107,-0.11042775302841576,133,-0.01924466831689811,-0.0619381113369237,0.023454901902359823,,same sign,False
FAN_RATIO_GATE,ADX5_RISING,yes,no,3842,273,-0.12069661971851649,0.5809859154929577,-0.14891199022933072,-0.0929783045393232,-0.11806345178888811,117,-0.12293582912585495,156,4158,273,-0.11950142941399472,0.5770838455864272,-0.14617193625232103,-0.09227077153917251,-0.1213591594320501,117,-0.11797033324526775,156,-0.0011951903045217677,-0.038126059556059404,0.0347615993201996,,same sign,False
FAN_RATIO_GATE,EFF72_CHOP,yes,no,955,119,-0.1511283533295608,0.5591858596679166,-0.20405192307299935,-0.09592987447885648,-0.16403905348951592,49,-0.1416788705594267,70,7045,273,-0.11592175609535178,0.5816289917473986,-0.13861809923692897,-0.09435794129945045,-0.11429386923769075,117,-0.11730843446845579,156,-0.035206597234209006,-0.09323733316192645,0.025454259374258326,,same sign,False
FAN_RATIO_GATE,BULL_GT_BEAR,yes,no,5331,273,-0.12349599587221267,0.5713055954088953,-0.14776791410771298,-0.10031298855385765,-0.12617262788538025,117,-0.12117812713619819,156,2669,271,-0.11340483822910682,0.593977931550402,-0.14890596420607635,-0.07888149670467871,-0.10645970367147882,115,-0.11883824849802446,156,-0.01009115764310585,-0.05314780111322078,0.029653815850850376,,same sign,False
FAN_RATIO_GATE,BTC_SLOPE5_UP,yes,no,5190,273,-0.1219590377565033,0.572874692874693,-0.1466268936438398,-0.09719180255475232,-0.12526361260715024,117,-0.119061057893014,156,2810,272,-0.11668617339303294,0.5900124400213257,-0.14957735665664967,-0.08404920263770044,-0.1090173008926108,117,-0.12257881741048489,155,-0.005272864363470353,-0.044008922539573274,0.03220866083595325,,same sign,False
FAN_RATIO_GATE,R1D>0,>0,≤0,3921,133,-0.10189556748731164,0.5882429444661204,-0.13251035532659228,-0.07178020304169148,-0.08257121840254761,55,-0.1166034951118355,78,4079,140,-0.13731681109886332,0.5701959817576729,-0.16769113942817915,-0.1118155952785962,-0.15161670698275542,62,-0.12423529199431628,78,0.035421243611551675,-0.0060737436166518905,0.07761858931910552,,same sign,False
FAN_RATIO_GATE,R3D>0,>0,≤0,4086,139,-0.11251885564412405,0.5797636632200887,-0.14314375088315823,-0.08214837272329863,-0.07804840897739924,61,-0.14047326602610022,78,3914,134,-0.12808324089634718,0.578145350351654,-0.15651703720559784,-0.1007004288728059,-0.1623449601676628,56,-0.09844855973891335,78,0.015564385252223131,-0.028326952712096082,0.057691331942589026,,same sign,False
FAN_RATIO_GATE,R7D>0,>0,≤0,4097,138,-0.12210061474760323,0.5745521927115503,-0.1500948942051275,-0.0953734953635426,-0.12165918229549108,61,-0.12248349502901992,77,3903,135,-0.11796053334282722,0.5836252757233683,-0.14983026245161538,-0.0876175830887586,-0.11765396614881628,56,-0.11820755409732668,79,-0.004140081404776008,-0.04728170737286702,0.03642964921194044,,same sign,False
FAN_RATIO_GATE,R30D>0,>0,≤0,4566,160,-0.12265455967045306,0.5771056407992052,-0.14822317890172973,-0.09697239534043436,-0.13689138170343096,61,-0.11320082865480004,99,3434,113,-0.1166244476939616,0.58149191754412,-0.1503430852280046,-0.08386560878694373,-0.10245205640594943,56,-0.13270353929770828,57,-0.006030111976491462,-0.04825760124075503,0.0344091748535809,,same sign,False
FAN_RATIO_GATE,R7D_T,T3 >2.33,T1 ≤-2.26,2790,91,-0.1169360706851849,0.5827455236028215,-0.1536276577401844,-0.08156202262434689,-0.11557410750675108,43,-0.11820523763028729,48,2679,91,-0.11229990544267593,0.5896564741411854,-0.14863566691046973,-0.07380024581670648,-0.13577699169218074,41,-0.09066215565667969,50,-0.004636165242508969,-0.059500007582074486,0.046907666705222256,,same sign,False
FAN_RATIO_GATE,R30D_T,T3 >5.75,T1 ≤-1.63,2636,91,-0.12358057607220282,0.5857087827426811,-0.1586915830022904,-0.0912220138568233,-0.15475111475519296,27,-0.11082130019436648,64,2785,91,-0.12488816839000018,0.5783198826118856,-0.16360763707333062,-0.08850452554213724,-0.11979603003640683,45,-0.1304288673798733,46,0.0013075923177973542,-0.047821932389308056,0.05300460221917893,,same sign,False
FAN_RATIO_GATE,OFF30_T,T3 >-3.98,T1 ≤-8.84,2547,119,-0.12487795785624231,0.5751894694854408,-0.1624151953109678,-0.08667620072283085,-0.13819794642428043,42,-0.1173271893367357,77,2794,104,-0.12712758057251494,0.5783852280955829,-0.1624629803252922,-0.09158107691238641,-0.11676914131236736,65,-0.14299279780780966,39,0.0022496227162726312,-0.050342639089007775,0.05597593987762517,,same sign,False
FAN_RATIO_GATE,ADX5_T,T3 >28.4,T1 ≤19.4,2440,271,-0.10356261528344014,0.5939393939393939,-0.13906300131460958,-0.06742577195102883,-0.08197385920695069,116,-0.12010682259787056,155,1008,247,-0.14113283939834215,0.55712890625,-0.1955737017647696,-0.08837761216237812,-0.14997892646356217,110,-0.13312610198954303,137,0.037570224114902004,-0.02665702467472011,0.10507927310027955,,same sign,False
FAN_RATIO_GATE,ATR5_T,T3 >0.185,T1 ≤0.115,3163,201,-0.10305021956156943,0.6008236971329005,-0.13707569099339567,-0.06981427535502488,-0.10816611487021165,98,-0.09515376713312132,103,2062,182,-0.10537437662671476,0.589418777943368,-0.14112240595285985,-0.06961391924181719,-0.11360562927336418,58,-0.10204281589045747,124,0.002324157065145327,-0.04811764591644421,0.05158851922504809,,same sign,False
FAN_RATIO_GATE,BULL_T,T3 >52.2,T1 ≤24.4,4239,272,-0.11419563203881083,0.5776330076004343,-0.1411643000440602,-0.0885746268676271,-0.11953394374176601,117,-0.10951599814389518,155,1281,260,-0.10453374662224592,0.6018554310011597,-0.15567645707895633,-0.054702114620636136,-0.10364106667037677,110,-0.10530009183954737,150,-0.009661885416564917,-0.06623061967818408,0.046737708829654424,,same sign,False
FAN_RATIO_GATE,BTC_RSI5_T,T3 >55.4,T1 ≤44.8,4287,273,-0.12290688587068765,0.5731206755013486,-0.1505484386418259,-0.0955939670553588,-0.12255782153776043,117,-0.12321084294339243,156,1651,265,-0.12570036550223765,0.5940981632038543,-0.17081005383771197,-0.08200041931845183,-0.12967717764130637,114,-0.12274801021536347,151,0.0027934796315499943,-0.04506351051482037,0.0532892702549484,,same sign,False
FAN_RATIO_GATE,ABOVE72_T,T3 >52.5,T1 ≤48,2578,139,-0.13061735247386705,0.5726846424384524,-0.16892869978590713,-0.09102402767434904,-0.12366584685438252,60,-0.135509324138178,79,2848,149,-0.1070850269774887,0.5911214953271028,-0.14245874212694765,-0.07438226821264593,-0.12445335849130329,67,-0.08989062725279674,82,-0.023532325496378348,-0.07490309107270755,0.02899363888525912,,same sign,False
FAN_RATIO_GATE,VOLR_T,T3 >1.13,T1 ≤0.817,2795,91,-0.11899210658797396,0.5824751580849141,-0.16191246139061025,-0.0755653737579919,-0.1091350304018795,41,-0.12828522931028,50,2624,91,-0.12262988892884061,0.5806513409961686,-0.15391173930146482,-0.0937830438476687,-0.14053450641802356,39,-0.10831730431752888,52,0.0036377823408666465,-0.048821507769991,0.0564680153177579,,same sign,False
LONG_BTC1H_DEADBAND,D1_GOLDEN,yes,no,310,15,-0.09606349014172545,0.6022544283413848,-0.2293218599233677,0.08037441497812614,,0,-0.09606349014172548,15,3051,172,-0.11606603595034858,0.5710681244743481,-0.16571528087837767,-0.06571236146173993,-0.0720021668368182,80,-0.15558854267598163,92,0.020002545808623123,-0.12792481787307425,0.19832049716780722,,same sign,False
LONG_BTC1H_DEADBAND,ABOVE_D200,yes,no,771,33,-0.17392027035351676,0.5396402398401066,-0.2636151782859692,-0.0739071549784422,,0,-0.17392027035351681,33,2590,154,-0.09646864467960614,0.5842053307008885,-0.15173418153692414,-0.04143526604953997,-0.0720021668368182,80,-0.12698118647910786,74,-0.07745162567391062,-0.1831331079934989,0.0360280932721411,,same sign,False
LONG_BTC1H_DEADBAND,H4_GOLDEN,yes,no,1743,97,-0.12697697592733698,0.5631125631125631,-0.1834282339642147,-0.06618217685303174,-0.02243640848957996,35,-0.1765467808901614,62,1618,91,-0.10069913509080655,0.5854954673335417,-0.17663128316881724,-0.020928274146017854,-0.10306681746763939,45,-0.09791779236669565,46,-0.026277840836530425,-0.12691141707292453,0.07171072895792228,,same sign,False
LONG_BTC1H_DEADBAND,H1_EMA20_UP,yes,no,1594,138,-0.11347271898486964,0.5720297831013273,-0.18640882779854567,-0.038455417751869565,-0.055784842206095954,57,-0.14759208144856475,81,1767,157,-0.11479746395127165,0.5757837215990796,-0.17367436053904547,-0.05896540727483959,-0.08319728931190486,65,-0.1437671940644287,92,0.0013247449664020028,-0.09071273414168572,0.09353745478907785,,same sign,False
LONG_BTC1H_DEADBAND,ADX5_RISING,yes,no,2479,172,-0.12440572362680569,0.5634538152610441,-0.17894671241836613,-0.06837272884222154,-0.07408635996160876,74,-0.1653096694092538,98,882,118,-0.0820476087272014,0.60718789407314,-0.15177212691416428,-0.01277134110422556,-0.06395025810384704,51,-0.09242485938225974,67,-0.04235811489960428,-0.12327364083456427,0.04119293033407454,,same sign,False
LONG_BTC1H_DEADBAND,EFF72_CHOP,yes,no,396,40,-0.16127546193372597,0.5151915455746369,-0.30784771954274165,-0.003712419174522123,-0.06860842169526729,19,-0.2618562163523285,21,2965,171,-0.10803623453589313,0.581683594422448,-0.15704838629756357,-0.0581789506322368,-0.07255538801421624,72,-0.13331842971363286,99,-0.053239227397832836,-0.21428264000184286,0.1138897586726407,,same sign,False
LONG_BTC1H_DEADBAND,BULL_GT_BEAR,yes,no,3226,184,-0.11189266011390991,0.5738690287883582,-0.16171042847042794,-0.06262004380645425,-0.06379562785978385,79,-0.14776951294969964,105,135,56,-0.17328940107661964,0.5778688524590164,-0.3278522370055978,-0.04506327348416034,-0.273510001172907,26,-0.09101875920653293,30,0.06139674096270972,-0.0812694398599696,0.21819147816146883,,same sign,False
LONG_BTC1H_DEADBAND,BTC_SLOPE5_UP,yes,no,3357,187,-0.11381719887984439,0.574367570862542,-0.16100886702647058,-0.06655894271702191,-0.0720021668368182,80,-0.14515339058150972,107,4,1,-0.6998880133237365,0.0,-0.6998880133237365,-0.6998880133237364,,0,-0.6998880133237365,1,0.5860708144438921,0.5346732783489149,0.632145452501666,,n<15,False
LONG_BTC1H_DEADBAND,R1D>0,>0,≤0,1373,77,-0.05385491794663611,0.6258188824662814,-0.13597881420860788,0.03035906842539053,0.02394110047952242,32,-0.1090501167904917,45,1988,110,-0.15359216797565176,0.5401662049861496,-0.2089220836300744,-0.0977578312036125,-0.13159322733260762,48,-0.1706445430650744,62,0.09973725002901565,-0.004539209278188563,0.197513783823121,,same sign,False
LONG_BTC1H_DEADBAND,R3D>0,>0,≤0,1515,84,-0.07418647631308492,0.6023311621528967,-0.14387284612822598,-0.0025686418728327015,-0.008540271853535593,37,-0.12480619681316242,47,1846,103,-0.14614032877433955,0.5513839408057002,-0.20768997527893363,-0.08025870775010292,-0.12430366367573377,43,-0.16210346962678338,60,0.07195385246125463,-0.024708563329405006,0.16864351081672127,,same sign,False
LONG_BTC1H_DEADBAND,R7D>0,>0,≤0,1576,91,-0.12750284487871932,0.5678475935828877,-0.18626250481817846,-0.06906242312162261,-0.097028725223728,41,-0.14776804965763674,50,1785,96,-0.10301608819969375,0.5791829882484612,-0.17526004361691763,-0.027412836179633502,-0.05349552248511199,39,-0.1438869943257225,57,-0.02448675667902557,-0.11881353932797722,0.06912777919809587,,same sign,False
LONG_BTC1H_DEADBAND,R30D>0,>0,≤0,1910,110,-0.11422306524036932,0.5748225013653742,-0.17223186809697344,-0.05539523657495484,0.0073181172233344185,40,-0.1729507406875943,70,1451,77,-0.11411265364759,0.5730027548209367,-0.1901836855985961,-0.032565163561848,-0.1304873948243102,40,-0.09351052983426711,37,-0.00011041159277931645,-0.10046319487147085,0.0972345511241996,,same sign,False
LONG_BTC1H_DEADBAND,R7D_T,T3 >2.33,T1 ≤-2.26,1133,57,-0.10607257357150257,0.5883449883449883,-0.178386667308349,-0.030383283137778105,-0.0725463780203837,28,-0.13257449943703645,29,1376,69,-0.10164922819013844,0.5785302593659942,-0.18364490610368459,-0.01312942152292584,-0.0550948776215039,30,-0.14471684515169078,39,-0.00442334538136413,-0.11473292043049342,0.10258050428479017,,same sign,False
LONG_BTC1H_DEADBAND,R30D_T,T3 >5.75,T1 ≤-1.63,1212,64,-0.17622020771934957,0.5330490405117271,-0.2418695039213837,-0.10630646412302026,-0.12489528973045878,17,-0.18767929217383336,47,1138,59,-0.1144891815729962,0.5771992818671454,-0.19812973345627183,-0.03080705415199423,-0.147673055120251,29,-0.08293253825222671,30,-0.06173102614635337,-0.16965711845687576,0.04796824583998638,,same sign,False
LONG_BTC1H_DEADBAND,OFF30_T,T3 >-3.98,T1 ≤-8.84,1151,64,-0.11330596945147184,0.5720072007200719,-0.17503764712898762,-0.05310751281882086,-0.06355121009315638,23,-0.1394818936743219,41,1168,62,-0.09758545279622417,0.5843035791289348,-0.19563527410692724,0.003364188129713918,-0.09772736329867299,38,-0.097341106895881,24,-0.015720516655247666,-0.13177196983644426,0.09732438646250637,,same sign,False
LONG_BTC1H_DEADBAND,ADX5_T,T3 >28.4,T1 ≤19.4,923,104,-0.12089185523008784,0.5569265283230511,-0.19819002061669475,-0.04003261973356228,-0.12172150779880868,43,-0.12023778610369404,61,302,73,-0.06814643580452596,0.6113013698630136,-0.16021978810232898,0.013005788616545763,-0.20432932099944792,29,0.0017090338032319762,44,-0.05274541942556188,-0.1651900862713257,0.07500833504723968,,same sign,False
LONG_BTC1H_DEADBAND,ATR5_T,T3 >0.185,T1 ≤0.115,1163,78,-0.07088232667678178,0.609938434476693,-0.17788814490433194,0.0263875512490352,-0.02683620961038942,47,-0.15219399460285027,31,1050,90,-0.10385473119708469,0.5821268097853219,-0.1688989293102414,-0.039318829725918006,-0.06720462756597377,26,-0.11821933053547702,64,0.03297240452030291,-0.09098720722099485,0.14591222462911194,,same sign,False
LONG_BTC1H_DEADBAND,BULL_T,T3 >52.2,T1 ≤24.4,2976,181,-0.11094912922548963,0.5749188450367332,-0.1639312722360359,-0.0588243427047195,-0.05971258868046976,77,-0.1496608405730916,104,23,16,-0.09454034143141025,0.5625,-0.48025760932681394,0.24556344351649192,-0.1534182560550305,8,-0.024957351421677272,8,-0.01640878779407938,-0.358453929369993,0.3674283125153457,,same sign,False
LONG_BTC1H_DEADBAND,BTC_RSI5_T,T3 >55.4,T1 ≤44.8,3143,185,-0.12636454928690707,0.5634232498394347,-0.1748133835086917,-0.07751261973329789,-0.07884664667114154,78,-0.16181314442583397,107,1,1,-0.7024705818492307,0.0,-0.7024705818492307,-0.7024705818492307,-0.7024705818492307,1,,0,0.5761060325623236,0.5290081805713973,0.6272211204054934,,n<15,False
LONG_BTC1H_DEADBAND,ABOVE72_T,T3 >52.5,T1 ≤48,1015,65,-0.12309949832599139,0.5709146968139773,-0.20631169551009684,-0.04039142438758065,-0.10682186158272004,26,-0.13368893630910347,39,1215,79,-0.0976159786920709,0.5970394736842105,-0.1708136492120309,-0.023054270788125282,-0.09080564591990163,36,-0.10392983712585703,43,-0.02548351963392048,-0.13792711028178894,0.08737565879901056,,same sign,False
LONG_BTC1H_DEADBAND,VOLR_T,T3 >1.13,T1 ≤0.817,1173,58,-0.1287488273078162,0.5768052516411378,-0.20554226930563585,-0.0528783346537531,-0.11313534574121886,30,-0.14030732242033156,28,1007,65,-0.14590843529270364,0.545042778057373,-0.2249283205856436,-0.06062785411146342,-0.09970929754451696,25,-0.1759532233797719,40,0.017159607984887443,-0.10154989536583232,0.12705346211426571,,same sign,False
LONG_HEAT_BLOCK,D1_GOLDEN,yes,no,26,7,-0.06998327899536758,0.6052631578947366,-0.478273350093763,0.15832137423772924,,0,-0.06998327899536756,7,127,40,-0.001819054632066107,0.6844660194174756,-0.21223361774748722,0.20449786729784236,-0.1471575010479355,21,0.13265296588355138,19,-0.06816422436330147,-0.5413648020460418,0.2618434996581519,,same sign,False
LONG_HEAT_BLOCK,ABOVE_D200,yes,no,57,16,0.014075477827482218,0.7070707070707068,-0.2533345824891394,0.2100991491266337,,0,0.014075477827482214,16,96,31,-0.030534911454829828,0.6482758620689656,-0.3126753653153497,0.22370275946585474,-0.1471575010479355,21,0.22045718353902807,10,0.04461038928231205,-0.3197802707432807,0.3921390830435862,no,half h1 thin,False
LONG_HEAT_BLOCK,H4_GOLDEN,yes,no,95,30,-0.10278490233592213,0.6369426751592354,-0.27771288599354416,0.050943940500318474,-0.31085160474646556,10,-0.021767779273409674,20,58,17,0.15061080242195618,0.7356321839080461,-0.3058211199828201,0.4474371470912839,-0.01620221808911159,11,0.43732068142535385,6,-0.2533957047578783,-0.5893461513776875,0.2184016582684757,yes,half h1 flips,False
LONG_HEAT_BLOCK,H1_EMA20_UP,yes,no,76,28,-0.0009231742104143009,0.6324786324786323,-0.34120384099560425,0.2913103969196704,-0.08397689431358916,12,0.0865017943192435,16,77,27,-0.023039987979615064,0.7086614173228347,-0.24699784701575817,0.15574529186057084,-0.24435843448539155,12,0.07504432353999038,15,0.022116813769200765,-0.36893021265455467,0.39137356345273483,,same sign,False
LONG_HEAT_BLOCK,ADX5_RISING,yes,no,121,42,-0.0334711540416616,0.6439790575916231,-0.25238113485508745,0.18001677143340558,-0.1805102975914819,19,0.07714544936279037,23,32,14,0.06337548237599573,0.7735849056603774,-0.24454194314513836,0.32384515262383384,0.013720694044464304,6,0.08682357686588558,8,-0.09684663641765734,-0.4043696573868469,0.2696857993083362,yes,half h2 flips,False
LONG_HEAT_BLOCK,EFF72_CHOP,yes,no,43,6,0.3149729651441706,0.8412698412698412,-0.5338831293747024,0.5969167776616314,0.42778334599632684,2,0.24555119231207428,4,110,44,-0.1263944014370847,0.6132596685082872,-0.28460655553558356,0.03649320698599608,-0.3311385721020996,20,0.01847175705231258,24,0.4413673665812553,-0.4098648519994737,0.7461236158723634,no,days<8,False
LONG_HEAT_BLOCK,BULL_GT_BEAR,yes,no,153,47,-0.012434794491924533,0.6721311475409836,-0.20072873785840345,0.17096944131577482,-0.1471575010479355,21,0.07954829481183467,26,0,0,,,,,,0,,0,,,,,n<15,False
LONG_HEAT_BLOCK,BTC_SLOPE5_UP,yes,no,153,47,-0.012434794491924533,0.6721311475409836,-0.20072873785840345,0.17096944131577482,-0.1471575010479355,21,0.07954829481183467,26,0,0,,,,,,0,,0,,,,,n<15,False
LONG_HEAT_BLOCK,R1D>0,>0,≤0,66,26,0.0335002544186352,0.6886792452830188,-0.2098405071775675,0.25584113587931745,-0.21577395003587063,8,0.12298330217153468,18,87,21,-0.04771823785800663,0.6594202898550724,-0.3729449291383175,0.2157756276769811,-0.12009749299635557,13,0.028982166840840692,8,0.08121849227664182,-0.2753935721708833,0.4599379940945397,≤0,half h1 flips,False
LONG_HEAT_BLOCK,R3D>0,>0,≤0,81,30,0.00538776324994448,0.6838235294117647,-0.2340881007140284,0.1932575743278328,-0.28757437329827085,13,0.12317666351159806,17,72,17,-0.03487801535205592,0.6574074074074073,-0.36951546865151086,0.28231431089655973,-0.05588653408521763,8,-0.008617366935603738,9,0.040265778602000396,-0.35849852635567614,0.43000568783205007,≤0,half h1 flips,False
LONG_HEAT_BLOCK,R7D>0,>0,≤0,99,36,-0.038426387307881366,0.6746987951807228,-0.24292815074659946,0.13222076694200138,-0.3198825174406404,16,0.10103385735249469,20,54,11,0.042880646629214376,0.6666666666666666,-0.4123415501592349,0.42246476024899693,0.06874876944294542,5,0.009404252399680024,6,-0.08130703393709574,-0.5082279063434502,0.4065371959334037,>0,half h2 flips,False
LONG_HEAT_BLOCK,R30D>0,>0,≤0,115,35,-0.020562580042897224,0.6844919786096259,-0.19829824401384646,0.13528971819722388,-0.23098854088705975,12,0.05834715527366371,23,38,12,0.014230045824424489,0.631578947368421,-0.5723940951870222,0.4750657209170256,-0.058087021218866164,9,0.3999210700553077,3,-0.034792625867321715,-0.515038433901633,0.5793948913515898,>0,half h1 flips,False
LONG_HEAT_BLOCK,R7D_T,T3 >2.33,T1 ≤-2.26,83,28,-0.03286533074178644,0.664179104477612,-0.28186323615934183,0.17024366226017132,-0.31882829305010674,13,0.12162040751673141,15,53,10,0.02653315959707682,0.6623376623376622,-0.43838777459356876,0.40875508152467044,0.06874876944294542,5,-0.029754320197414728,5,-0.05939849033886326,-0.5156870067885555,0.45030917807775733,T3 >2.33,half h2 flips,False
LONG_HEAT_BLOCK,R30D_T,T3 >5.75,T1 ≤-1.63,71,24,-0.05043200713200078,0.6721311475409835,-0.2776213269088705,0.12361237751985601,-0.28371278343944045,6,-0.024983195171189188,18,7,6,-0.41732424270397805,0.41666666666666663,-1.0469159212148331,0.15184810949493288,-0.7510203897930068,5,0.25006805147407973,1,0.36689223557197725,-0.22405580482773493,1.024706231111921,,n<15,False
LONG_HEAT_BLOCK,OFF30_T,T3 >-3.98,T1 ≤-8.84,63,24,-0.12331444736965232,0.5670103092783503,-0.37529131072648564,0.12573765016429178,-0.3759349497155886,9,0.006942999152471127,15,12,2,-0.5296500372219892,0.25,-0.5715802859779217,0.0993036941169976,-0.5296500372219892,2,,0,0.4063355898523369,-0.40507067020139986,0.6467631558743039,,n<15,False
LONG_HEAT_BLOCK,ADX5_T,T3 >28.4,T1 ≤19.4,43,18,-0.10468212705014239,0.6285714285714288,-0.40255956582620755,0.11434022499751546,-0.48743513710401004,6,0.027809299506965656,12,11,6,-0.2756577453621164,0.5625,-0.5913985943789153,0.2087857554070921,-0.300278285136582,3,-0.2346235124046736,3,0.170975618311974,-0.4634713048376951,0.5999952497216844,,n<15,False
LONG_HEAT_BLOCK,ATR5_T,T3 >0.185,T1 ≤0.115,74,23,0.08081403457166764,0.7,-0.3312200790488418,0.3797209796491626,-0.046455724148391116,14,0.3125102619851079,9,13,7,0.22423420946948802,0.9500000000000001,-0.053223838601794984,0.4705787653025243,0.10748524631887477,3,0.2534214502571413,4,-0.14342017489782038,-0.6121927999779783,0.269336962378257,,n<15,False
LONG_HEAT_BLOCK,BULL_T,T3 >52.2,T1 ≤24.4,153,47,-0.012434794491924533,0.6721311475409836,-0.20072873785840345,0.17096944131577482,-0.1471575010479355,21,0.07954829481183467,26,0,0,,,,,,0,,0,,,,,n<15,False
LONG_HEAT_BLOCK,BTC_RSI5_T,T3 >55.4,T1 ≤44.8,153,47,-0.012434794491924533,0.6721311475409836,-0.20072873785840345,0.17096944131577482,-0.1471575010479355,21,0.07954829481183467,26,0,0,,,,,,0,,0,,,,,n<15,False
LONG_HEAT_BLOCK,ABOVE72_T,T3 >52.5,T1 ≤48,63,26,0.006854288312221675,0.6915887850467286,-0.24343669530153972,0.1971343079767521,-0.27673286867829094,12,0.16303272259685184,14,44,12,-0.008361614517597368,0.656716417910448,-0.49480497999591294,0.45529125976291523,0.028347262714932445,7,-0.10109983068398865,5,0.015215902829819043,-0.49767448934845065,0.539691935239007,T1 ≤48,half h1 flips,False
LONG_HEAT_BLOCK,VOLR_T,T3 >1.13,T1 ≤0.817,71,21,-0.10750239882440735,0.6120689655172411,-0.3755996387790029,0.09748920926101855,-0.2838999516269083,10,-0.00738486885542041,11,47,14,0.3228199180758744,0.8873239436619719,-0.10441232769358735,0.5057871126067501,0.2703892826352913,6,0.368351785695328,8,-0.4303223169002818,-0.7377813415032299,0.031323967730232126,T3 >1.13,gap CI ∋ 0,False
LONG_MEGACAP_BLOCK,D1_GOLDEN,yes,no,8,6,-0.39822073845999933,0.3125,-0.7960330091180323,0.24600480540800776,,0,-0.3982207384599994,6,174,102,-0.21660291201537643,0.49469964664310956,-0.33566483456415475,-0.09632029223498229,-0.22844697026260757,49,-0.20682201230153388,53,-0.1816178264446229,-0.5970907863304368,0.4818137452340101,,n<15,False
LONG_MEGACAP_BLOCK,ABOVE_D200,yes,no,27,18,-0.303623053312168,0.4230769230769231,-0.6122589530580833,0.017581543565449692,,0,-0.303623053312168,18,155,90,-0.21004759977116913,0.49797570850202433,-0.33038242496000697,-0.08706783208700208,-0.22844697026260757,49,-0.19025668025096643,41,-0.09357545354099886,-0.42839070502804144,0.24590243643873602,,same sign,False
LONG_MEGACAP_BLOCK,H4_GOLDEN,yes,no,76,49,-0.2539234915890693,0.446969696969697,-0.4295474374277648,-0.08464659637831863,-0.15255978426985822,18,-0.31184561005719,31,106,59,-0.20450452111349918,0.5149700598802395,-0.3519725082461616,-0.041547917636975844,-0.27397928185825715,31,-0.14061968364705504,28,-0.04941897047557012,-0.2745010807925525,0.17779185004872763,,same sign,False
LONG_MEGACAP_BLOCK,H1_EMA20_UP,yes,no,96,56,-0.25783165276725395,0.46341463414634154,-0.408398777709145,-0.09776152761793543,-0.29197177286222853,25,-0.23761274669158947,31,86,57,-0.1880427026806063,0.5111111111111111,-0.3613924428302658,-0.0035686533143814243,-0.17061095595549,28,-0.20521810018917683,29,-0.06978895008664765,-0.3154641394791747,0.17484573809034756,,same sign,False
LONG_MEGACAP_BLOCK,ADX5_RISING,yes,no,113,73,-0.2802596973491264,0.44148936170212766,-0.41313084998318605,-0.12334576531443232,-0.3601166932398414,37,-0.20534230945165163,36,69,48,-0.13496696228897057,0.5585585585585584,-0.3350850149907896,0.06386973939193945,0.0953893754381567,17,-0.25014513115253423,31,-0.14529273506015586,-0.39577088352746037,0.09593365465546029,,same sign,False
LONG_MEGACAP_BLOCK,EFF72_CHOP,yes,no,18,12,-0.4081679333865997,0.29032258064516125,-0.6584623645551596,-0.1147259287396631,-0.17893313366905714,3,-0.47502808330421625,9,164,102,-0.20528712679375716,0.5074626865671642,-0.3304735779556608,-0.07470222169894818,-0.2313114070903336,49,-0.1838657804271874,53,-0.20288080659284252,-0.4861290954988237,0.12301591167603362,,same sign,False
LONG_MEGACAP_BLOCK,BULL_GT_BEAR,yes,no,169,101,-0.23828437505367253,0.4716312056737588,-0.3571077667391677,-0.11704713524437085,-0.25662089241166053,44,-0.224701769603311,57,13,13,-0.027880126504461884,0.7058823529411764,-0.3464641342525325,0.24691484079283582,0.1941618619731882,6,-0.2252507829290397,7,-0.21040424854921064,-0.5138158885081198,0.12365722408911917,,n<15,False
LONG_MEGACAP_BLOCK,BTC_SLOPE5_UP,yes,no,182,108,-0.22632159169134283,0.48494983277591974,-0.33967427333076133,-0.10903734658439974,-0.22844697026260757,49,-0.22473066504150727,59,0,0,,,,,,0,,0,,,,,n<15,False
LONG_MEGACAP_BLOCK,R1D>0,>0,≤0,83,48,-0.3205943729417569,0.4166666666666667,-0.4851674682810847,-0.14018244747947764,-0.39243673927400474,19,-0.2846731897756331,29,99,60,-0.13873913685224848,0.5483870967741935,-0.2981623245207771,0.0102322199338896,-0.13005310885576926,30,-0.14800423338182625,30,-0.18185523608950843,-0.4068485321600678,0.04892080569095356,,same sign,False
LONG_MEGACAP_BLOCK,R3D>0,>0,≤0,76,48,-0.27767514159286855,0.47154471544715443,-0.45246234233573757,-0.08369423519070417,-0.24182836342430483,22,-0.29835597515165535,26,106,60,-0.19043246306698114,0.4943181818181818,-0.34027548721458967,-0.0380628448954899,-0.22119199806650666,27,-0.16298040494912494,33,-0.08724267852588741,-0.3192590112758778,0.15116966715329855,,same sign,False
LONG_MEGACAP_BLOCK,R7D>0,>0,≤0,73,47,-0.23463095858176827,0.47580645161290325,-0.418776320935461,-0.04378700723751602,-0.16494786005286627,21,-0.28171413326345884,26,109,61,-0.22043381172326992,0.49142857142857144,-0.36762529255062226,-0.07518973077924618,-0.2691515280893648,28,-0.1812587408309462,33,-0.01419714685849835,-0.2570178198983409,0.21306499855102415,,same sign,False
LONG_MEGACAP_BLOCK,R30D>0,>0,≤0,99,60,-0.24832087409591624,0.4727272727272727,-0.393090348550617,-0.10055300290301077,-0.22035366077364474,24,-0.2674413158570612,36,83,48,-0.19923292305884568,0.5,-0.369325679579632,-0.002439055694775884,-0.2373363429799931,25,-0.1673930790151472,23,-0.04908795103707056,-0.284206332366311,0.17719580580517857,,same sign,False
LONG_MEGACAP_BLOCK,R7D_T,T3 >2.33,T1 ≤-2.26,56,34,-0.21349870542362503,0.47474747474747475,-0.42191511324688513,0.01623583214662684,-0.13253830309685616,17,-0.27566472863882246,17,73,42,-0.12607641288319896,0.5350877192982456,-0.32220723615491165,0.08164894520280397,-0.22616567227256076,21,-0.035996079432773324,21,-0.08742229254042608,-0.37342073856417307,0.20142953800152336,,same sign,False
LONG_MEGACAP_BLOCK,R30D_T,T3 >5.75,T1 ≤-1.63,48,33,-0.34164142982712126,0.3707865168539326,-0.545013253727092,-0.12192532154447382,-0.4540723603696334,6,-0.32240982328695467,27,76,44,-0.23363154020128937,0.47863247863247865,-0.42468419760488274,-0.010744467445785454,-0.32284074639834764,22,-0.16705750572587266,22,-0.10800988962583188,-0.3941652519389265,0.18385069051903957,,same sign,False
LONG_MEGACAP_BLOCK,OFF30_T,T3 >-3.98,T1 ≤-8.84,57,39,-0.26395595094412466,0.4313725490196078,-0.44778955955055166,-0.06752415866191634,-0.16671119701432152,13,-0.29552892299925554,26,79,44,-0.21241374837420102,0.48799999999999993,-0.3927728036556613,-0.01400894963954169,-0.2436530368554954,25,-0.17963810144300685,19,-0.051542202569923645,-0.3186286330821367,0.2146616684126725,,same sign,False
LONG_MEGACAP_BLOCK,ADX5_T,T3 >28.4,T1 ≤19.4,42,33,-0.31588702763928633,0.36363636363636365,-0.5682226030525387,-0.015999815898890747,-0.26418063227747857,10,-0.33282532956815425,23,15,13,-0.25601196820681427,0.5416666666666669,-0.6070544933913943,0.11279934579160449,-0.3375430569343035,7,-0.14186844398832954,6,-0.059875059432472066,-0.4979912517039174,0.41364090741992054,,same sign,False
LONG_MEGACAP_BLOCK,ATR5_T,T3 >0.185,T1 ≤0.115,106,64,-0.19270556671493644,0.5246913580246914,-0.35077991474032866,-0.027744249445176516,-0.21125856681294594,37,-0.16832162372898113,27,29,22,-0.15866212085646345,0.5,-0.4129490646609395,0.14548825995164108,-0.5523213509015281,4,-0.086357364317574,18,-0.03404344585847299,-0.37800833999692257,0.27121584461400294,,same sign,False
LONG_MEGACAP_BLOCK,BULL_T,T3 >52.2,T1 ≤24.4,143,91,-0.24664898106105912,0.4708333333333333,-0.3780300346104477,-0.11470594027162645,-0.25289402905435593,41,-0.24218823249441845,50,5,5,0.13518912234302413,1.0,0.09240952193339405,0.1657369592862874,0.15105062687910759,3,0.09553536100281551,2,-0.38183810340408325,-0.5167943856102315,-0.23959440647357919,,n<15,False
LONG_MEGACAP_BLOCK,BTC_RSI5_T,T3 >55.4,T1 ≤44.8,174,103,-0.21869112805659988,0.48780487804878053,-0.33275904920098565,-0.09637525318173576,-0.2101308910988999,48,-0.22529624916593632,55,0,0,,,,,,0,,0,,,,,n<15,False
LONG_MEGACAP_BLOCK,ABOVE72_T,T3 >52.5,T1 ≤48,49,35,-0.26637444871569976,0.4545454545454546,-0.47703616236714164,-0.04478056147983759,-0.26265774880873155,16,-0.2687468103584453,19,80,49,-0.08257037256876391,0.5984251968503939,-0.26837866183823367,0.11033623665019672,-0.1391577330536846,22,-0.026867189591420128,27,-0.18380407614693584,-0.46284761215390474,0.11145323694729546,,same sign,False
LONG_MEGACAP_BLOCK,VOLR_T,T3 >1.13,T1 ≤0.817,72,47,-0.2665545871677627,0.45081967213114754,-0.46690538207574034,-0.05195453678016558,-0.2752609456627269,21,-0.2605085048795931,26,62,31,-0.1816613700679146,0.5588235294117646,-0.3330249311042663,-0.04392595356889043,-0.19553650312161483,13,-0.17113540706165925,18,-0.0848932170998481,-0.3238414193004339,0.1784992237638675,,same sign,False
LONG_UNMATCHED_ONLY,D1_GOLDEN,yes,no,354,20,-0.08383413305406179,0.5844594594594595,-0.2106357755657066,0.024278047422215274,,0,-0.0838341330540618,20,3774,243,-0.13558362646226976,0.5757147345271756,-0.17299732072562396,-0.10019372372281433,-0.1316687130062516,114,-0.1402685539520803,129,0.051749493408207975,-0.08101256556735831,0.16899166409306804,,same sign,False
LONG_UNMATCHED_ONLY,ABOVE_D200,yes,no,816,44,-0.09337567940310378,0.5883201153568854,-0.17447154215191749,-0.010614453608751217,,0,-0.09337567940310379,44,3312,219,-0.1405929106973091,0.5735056542810986,-0.18155756694312514,-0.10468878440371611,-0.1316687130062516,114,-0.15530956195388892,105,0.04721723129420531,-0.045951094920741516,0.13745272577666542,,same sign,False
LONG_UNMATCHED_ONLY,H4_GOLDEN,yes,no,1938,129,-0.11724519605566901,0.5716906144909814,-0.17122089092675474,-0.06582292957536903,-0.1381155278059734,45,-0.10492794630123563,84,2190,140,-0.14354383957925698,0.5806889069704366,-0.19084694400978724,-0.09898371306190866,-0.12819647113985308,73,-0.16768408274912192,67,0.026298643523587975,-0.0426481828281578,0.09470479273763048,,same sign,False
LONG_UNMATCHED_ONLY,H1_EMA20_UP,yes,no,2641,215,-0.1215121022891652,0.5825027685492802,-0.16664473496556853,-0.0789279698713957,-0.1259121810812036,94,-0.11684492606246638,121,1487,182,-0.14904954195302209,0.5652885796152272,-0.21541369448652595,-0.07913521014402797,-0.14336292646238052,84,-0.15405761594939918,98,0.027537439663856883,-0.057308901260817086,0.10999221927371211,,same sign,False
LONG_UNMATCHED_ONLY,ADX5_RISING,yes,no,2787,253,-0.15337713903561764,0.568215573944409,-0.1945757045063381,-0.11394437959302245,-0.16675163361308407,110,-0.13934554972456265,143,1341,225,-0.08458294723917502,0.5937639198218262,-0.15259970235440626,-0.01790095669599951,-0.051426923978491634,99,-0.11397757290305824,126,-0.06879419179644262,-0.1454732238019438,0.014102438262316854,,same sign,False
LONG_UNMATCHED_ONLY,EFF72_CHOP,yes,no,514,82,-0.1127326771752628,0.5927601809954751,-0.19789354417792587,-0.023848589065554652,-0.08781079235834732,36,-0.13438784558911537,46,3614,262,-0.13386557230883797,0.5740862693447482,-0.17251302945994845,-0.09457559779907776,-0.137565214604645,113,-0.13011687940254618,149,0.021132895133575177,-0.07599747318561535,0.11751517263403222,,same sign,False
LONG_UNMATCHED_ONLY,BULL_GT_BEAR,yes,no,3903,262,-0.12840133192364453,0.5777845497485906,-0.16577451632816192,-0.09319207604658862,-0.1270494167414338,114,-0.12975118876970698,148,225,104,-0.17736007952388533,0.5544303797468355,-0.27796953589905815,-0.0697012194857539,-0.2118098370926932,48,-0.14575326311366837,56,0.0489587476002408,-0.057472227708194594,0.1571482633344308,,same sign,False
LONG_UNMATCHED_ONLY,BTC_SLOPE5_UP,yes,no,4126,263,-0.1311550043909129,0.5764198418404026,-0.16752741909616783,-0.0970334161859833,-0.1316687130062516,114,-0.13064409487614528,149,2,2,-0.19070576267158476,0.6666666666666666,-0.7514814071824193,0.0896820595838325,,0,-0.19070576267158476,2,0.059550758280671856,-0.24326819095174373,0.6444546786895469,,n<15,False
LONG_UNMATCHED_ONLY,R1D>0,>0,≤0,2085,129,-0.1166910754056058,0.5815217391304347,-0.1693762403196922,-0.0653597075970557,-0.10877110336499941,55,-0.12439651095752756,74,2043,134,-0.14581258613772846,0.5713460427498555,-0.19540096645118668,-0.09716153122125724,-0.1543037353809756,59,-0.1371929328896359,75,0.029121510732122657,-0.042290707264389674,0.1002456218709779,,same sign,False
LONG_UNMATCHED_ONLY,R3D>0,>0,≤0,2086,135,-0.14777612220872877,0.5659891210993416,-0.1929234492076692,-0.10071674282967856,-0.13839675300984036,59,-0.15592598608192013,76,2042,128,-0.11445113360800127,0.587012987012987,-0.168867575891036,-0.06192018890258389,-0.1257433675800975,55,-0.10160543376559199,73,-0.033324988600727495,-0.10522059340770563,0.03725099526189119,,same sign,False
LONG_UNMATCHED_ONLY,R7D>0,>0,≤0,2169,134,-0.13741945340980263,0.5747599451303155,-0.1806095305796942,-0.09052326991175799,-0.14727648948262434,59,-0.12789736516469818,75,1959,129,-0.12431671148448029,0.5783277995774222,-0.17932195652264438,-0.07430638632368522,-0.11499994278014329,55,-0.13386696889106534,74,-0.013102741925322348,-0.07955260214517175,0.057590070551209266,,same sign,False
LONG_UNMATCHED_ONLY,R30D>0,>0,≤0,2280,154,-0.12136939285813214,0.5735485550637853,-0.16575128011445853,-0.0757832357898696,-0.13974738521565505,60,-0.10875973436172817,94,1848,109,-0.14327088060915244,0.5800449149823548,-0.19959230132043618,-0.09008800580901781,-0.12504038509900875,54,-0.1719252485520764,55,0.0219014877510203,-0.04855319412614275,0.09513958735446534,,same sign,False
LONG_UNMATCHED_ONLY,R7D_T,T3 >2.33,T1 ≤-2.26,1587,89,-0.1153672001520181,0.590015128593041,-0.17011170399060033,-0.05716599673329761,-0.13754125340849319,43,-0.09517983952834859,46,1390,86,-0.11651872170717907,0.5928479103834554,-0.1803064437884871,-0.05585716386060824,-0.1490387238496503,40,-0.07674090299459695,46,0.0011515215551609753,-0.08030330413404735,0.08634902007771447,,same sign,False
LONG_UNMATCHED_ONLY,R30D_T,T3 >5.75,T1 ≤-1.63,1389,89,-0.11749800626300871,0.5804940374787053,-0.17010505756840927,-0.06141708529241982,-0.1848091088517358,26,-0.0951627850409977,63,1578,89,-0.15971465587224615,0.5700264250660626,-0.21844913573035157,-0.10358328948697984,-0.15221645049640603,44,-0.17065911162973982,45,0.04221664960923743,-0.035175372580380816,0.12223141168797097,,same sign,False
LONG_UNMATCHED_ONLY,OFF30_T,T3 >-3.98,T1 ≤-8.84,1524,113,-0.11644744319366628,0.5847123719464145,-0.17933065089921027,-0.05263962684358471,-0.12919577038506463,40,-0.10753897359003854,73,1541,96,-0.13909405731766988,0.5836243694218083,-0.2009591317836849,-0.07598163924706029,-0.12566592160430326,58,-0.16287485250037392,38,0.02264661412400361,-0.06518491136036418,0.1108996674538074,,same sign,False
LONG_UNMATCHED_ONLY,ADX5_T,T3 >28.4,T1 ≤19.4,1745,214,-0.11389610945308586,0.5926928281461434,-0.16468772009480878,-0.06022714396484432,-0.13185680207267927,92,-0.09701965812023954,122,174,90,-0.05831832851358638,0.5860927152317882,-0.21487064776230552,0.11406595101269656,-0.08180610917127847,46,-0.03633617482113095,44,-0.05557778093949948,-0.23525894641466916,0.11572886164395435,,same sign,False
LONG_UNMATCHED_ONLY,ATR5_T,T3 >0.185,T1 ≤0.115,2230,164,-0.11541800209059414,0.5948895395262178,-0.17079751845175967,-0.061214902710651026,-0.10692224539384199,84,-0.1298687284346025,80,620,132,-0.09550872206176443,0.5966796874999999,-0.1703449472244585,-0.023684098709378824,-0.1293347815372108,45,-0.08182053612862768,87,-0.019909280028829704,-0.1133756144426977,0.07969868389113806,,same sign,False
LONG_UNMATCHED_ONLY,BULL_T,T3 >52.2,T1 ≤24.4,3588,260,-0.12792920639871855,0.580736074270557,-0.16675406128944462,-0.0926030577712591,-0.12077102850339161,113,-0.13502123611547479,147,39,26,-0.20398975949852657,0.5492957746478873,-0.42920839926136045,0.027017925756618866,-0.4122165050042049,9,-0.05162872620168865,17,0.07606055309980803,-0.15928994743160463,0.30674241537214003,,same sign,False
LONG_UNMATCHED_ONLY,BTC_RSI5_T,T3 >55.4,T1 ≤44.8,3943,262,-0.13343880998972787,0.5759389495735449,-0.17056671040318455,-0.09845397031957225,-0.13416874063365994,113,-0.13271950519295944,149,4,4,-0.03404348959714789,0.5,-1.195182885966472,1.7327089470056365,0.0777813877546633,1,-0.07131844871441828,3,-0.09939532039257998,-1.856231910887407,1.0366260799079465,,n<15,False
LONG_UNMATCHED_ONLY,ABOVE72_T,T3 >52.5,T1 ≤48,1561,124,-0.14715685841186693,0.5657339977002683,-0.20296068181610452,-0.09228917515256674,-0.14719943394508347,53,-0.1471220804867534,71,1441,122,-0.1300699695280863,0.5839679358717434,-0.19221256145490864,-0.06731461337878934,-0.13786962997281565,55,-0.12040091111321084,67,-0.017086888883780627,-0.09710006959642403,0.06273420244676112,,same sign,False
LONG_UNMATCHED_ONLY,VOLR_T,T3 >1.13,T1 ≤0.817,1559,89,-0.1593312353838661,0.5558923834785904,-0.22647694900742296,-0.09203572134349361,-0.1805470139051052,40,-0.13901256322443015,49,1365,87,-0.11607351304559767,0.5923817863397548,-0.1818104813669381,-0.057904700895540256,-0.11391198217638124,39,-0.11878556214211693,48,-0.043257722338268426,-0.1302775222041552,0.04586514059550052,,same sign,False
MACRO:BTC_ADX_GATE_HIGH,D1_GOLDEN,yes,no,700,15,-0.07476393064811428,0.6228253305497565,-0.15167112123409537,-0.011084771258116115,,0,-0.07476393064811425,15,7300,225,-0.13246005005880707,0.5759489633173843,-0.16017170929544206,-0.10613372408985702,-0.14545154610607527,102,-0.12316395712271871,123,0.05769611941069279,-0.023044804438820087,0.12549289172845002,,same sign,False
MACRO:BTC_ADX_GATE_HIGH,ABOVE_D200,yes,no,1484,37,-0.0676507820949435,0.6181468419365183,-0.12866166552739514,-0.012456850927734244,,0,-0.06765078209494353,37,6516,203,-0.14098079494454457,0.571357107124991,-0.169145009953988,-0.1132625567965807,-0.14545154610607527,102,-0.13705996716532423,101,0.07333001284960107,0.003684647078148806,0.133557757701273,,same sign,False
MACRO:BTC_ADX_GATE_HIGH,H4_GOLDEN,yes,no,3922,116,-0.11321649331674513,0.5917159763313607,-0.15166672347774737,-0.0779021615931735,-0.11845918029873902,39,-0.11105305766177354,77,4078,128,-0.14111666536713566,0.5687917563129882,-0.17777578980101105,-0.10491274423853496,-0.16130358128159028,65,-0.12347025054293387,63,0.027900172050390526,-0.025881968359158496,0.07779901777856872,,same sign,False
MACRO:BTC_ADX_GATE_HIGH,H1_EMA20_UP,yes,no,5103,166,-0.12941102489665995,0.5749607897407509,-0.16249379245889026,-0.09775508940360454,-0.1623518790271892,66,-0.10962802818241564,100,2897,156,-0.12451155016072755,0.5883947074764866,-0.17026405022913954,-0.08090854243167177,-0.11763541741721634,65,-0.1289804938769864,91,-0.004899474735932399,-0.060518129744771346,0.05059022642385193,,same sign,False
MACRO:BTC_ADX_GATE_HIGH,ADX5_RISING,yes,no,5041,237,-0.13919522719161914,0.5703581871345029,-0.1734801031212976,-0.10616195846552502,-0.166136146668914,99,-0.12268125753707679,138,2959,223,-0.10706784802659879,0.5967898832684825,-0.1503745265266558,-0.06506812000598791,-0.10929044743400866,93,-0.10567234420231054,130,-0.032127379165020356,-0.09121333728966534,0.021143307580658816,,same sign,False
MACRO:BTC_ADX_GATE_HIGH,EFF72_CHOP,yes,no,1076,85,-0.09921008564735778,0.5975503062117236,-0.1582789059469079,-0.041640429956242446,-0.13549947414749014,36,-0.07879575431748158,49,6924,233,-0.13199465784589778,0.5771617428841225,-0.16069841405014634,-0.1051079415098485,-0.14688471412390824,100,-0.12265466535014219,133,0.03278457219854,-0.034094213231824384,0.09719447645511489,,same sign,False
MACRO:BTC_ADX_GATE_HIGH,BULL_GT_BEAR,yes,no,5420,209,-0.13719045299993232,0.5654113408252552,-0.1681495889350306,-0.10713460791446852,-0.1643855223099545,83,-0.12089355867338861,126,2580,205,-0.10715269338092206,0.6108157653528872,-0.14595390343797165,-0.070302118007811,-0.1073392843279441,84,-0.10702943543418299,121,-0.030037759619010257,-0.07499746261642037,0.014869476402387888,,same sign,False
MACRO:BTC_ADX_GATE_HIGH,BTC_SLOPE5_UP,yes,no,5349,208,-0.1306040738787036,0.5703206692227257,-0.16222437938563905,-0.10034474326115926,-0.1637844112068435,87,-0.11014621552044633,121,2651,193,-0.12152851333944971,0.599361249112846,-0.16278812908246143,-0.07997150489066392,-0.10831922285477373,81,-0.12974298146531582,112,-0.009075560539253888,-0.058785261153007515,0.03886059773549507,,same sign,False
MACRO:BTC_ADX_GATE_HIGH,R1D>0,>0,≤0,4396,121,-0.12546136628488813,0.5781736237793755,-0.16245078126428136,-0.09067417458169189,-0.1409907755773693,49,-0.11659452385844955,72,3604,119,-0.13019024516928887,0.5819325035288078,-0.16823278105327677,-0.09392063349296334,-0.15024641433226602,53,-0.11657607260734558,66,0.004728878884400739,-0.04590892347704338,0.05665030799873724,,same sign,False
MACRO:BTC_ADX_GATE_HIGH,R3D>0,>0,≤0,4135,123,-0.11312413475913805,0.5957663572560561,-0.1499436096276049,-0.07697027197991736,-0.10909322235610923,52,-0.11608911236953882,71,3865,117,-0.14307905853478078,0.5629379077071756,-0.17971020267861768,-0.10827967851424232,-0.19417222045105478,50,-0.11704800558181407,67,0.02995492377564274,-0.01993162761882688,0.0818702614465729,,same sign,False
MACRO:BTC_ADX_GATE_HIGH,R7D>0,>0,≤0,3984,125,-0.12604236187808657,0.5838531246322232,-0.16286935470343358,-0.09145504107908946,-0.12657540171357767,55,-0.12567208310923625,70,4016,115,-0.12916600164074746,0.5759721416134649,-0.16785136067736445,-0.09433036799509548,-0.16697220434472307,47,-0.10839298918379683,68,0.0031236397626608903,-0.047492757572109336,0.055319375416752775,,same sign,False
MACRO:BTC_ADX_GATE_HIGH,R30D>0,>0,≤0,4841,141,-0.11195325605596386,0.5913673289615348,-0.14549191553206994,-0.08135662238727398,-0.12862006164737821,54,-0.10269758444727459,87,3159,99,-0.1508224272500882,0.562871646120377,-0.19199778008127658,-0.11107470952962754,-0.16669765520826446,48,-0.13936689446628567,51,0.03886917119412435,-0.014466034475203617,0.09260789037441748,,same sign,False
MACRO:BTC_ADX_GATE_HIGH,R7D_T,T3 >2.33,T1 ≤-2.26,2660,81,-0.11649727744057613,0.5948079284336081,-0.16263242276035503,-0.07095242647662862,-0.10735303977016286,38,-0.12333443123522293,43,2401,76,-0.1274808420205041,0.5794338532640093,-0.17429328612376377,-0.0834819693689832,-0.14574833045692906,34,-0.11586078557654002,42,0.010983564579927982,-0.05345756657962674,0.0758183540274342,,same sign,False
MACRO:BTC_ADX_GATE_HIGH,R30D_T,T3 >5.75,T1 ≤-1.63,2842,80,-0.09586634600783572,0.596579476861167,-0.1406055218468352,-0.054527298056018775,-0.10879651614495998,23,-0.09131792713820364,57,2459,79,-0.1634400290032943,0.5570093457943924,-0.2094002872066074,-0.11752655202646249,-0.1758391015528729,39,-0.15380820213731478,40,0.06757368299545857,0.0014114222751923989,0.13148685672742133,,same sign,True
MACRO:BTC_ADX_GATE_HIGH,OFF30_T,T3 >-3.98,T1 ≤-8.84,3044,99,-0.10178261662103176,0.5989321608040201,-0.145112143760761,-0.061397373236799856,-0.1259252195480171,33,-0.09030425211543078,66,2515,86,-0.14707672042558664,0.5722946904280727,-0.19143477568433043,-0.10351095243775955,-0.16070200518574473,53,-0.13029510688745022,33,0.04529410380455488,-0.01650584961476157,0.10469709283935298,,same sign,False
MACRO:BTC_ADX_GATE_HIGH,ADX5_T,T3 >28.4,T1 ≤19.4,8000,240,-0.12761495167210968,0.5798854604955587,-0.15355597108338595,-0.10327825032506764,-0.14545154610607527,102,-0.11658642373478541,138,0,0,,,,,,0,,0,,,,,n<15,False
MACRO:BTC_ADX_GATE_HIGH,ATR5_T,T3 >0.185,T1 ≤0.115,3815,164,-0.13542985802796986,0.5888996842360942,-0.1780614457963017,-0.09379219262991598,-0.1402448155592301,84,-0.12998437034380653,80,1684,81,-0.07327758989156788,0.6024266365688488,-0.11728725564087994,-0.02848548450186597,-0.04660752707149422,20,-0.07721591523028343,61,-0.062152268136401984,-0.12503124829603227,-0.0024509602439935535,,same sign,True
MACRO:BTC_ADX_GATE_HIGH,BULL_T,T3 >52.2,T1 ≤24.4,4667,199,-0.13394517003326256,0.5679491003081817,-0.1677345449006571,-0.10185686660305203,-0.16419991784694424,79,-0.11510611106232999,120,1592,179,-0.1227108287464931,0.6164747564216121,-0.16748940512477217,-0.07922886137825991,-0.11554043672135157,78,-0.12874659103845562,101,-0.011234341286769464,-0.06477636278026583,0.040761480887862245,,same sign,False
MACRO:BTC_ADX_GATE_HIGH,BTC_RSI5_T,T3 >55.4,T1 ≤44.8,4814,189,-0.14151108505161425,0.5621433407486217,-0.17534065516101036,-0.10992971928721813,-0.1690355976034795,79,-0.12431204970567421,110,2030,167,-0.14982119346408923,0.5900692840646651,-0.19473989471749809,-0.10658358366583755,-0.14637096697270308,71,-0.151951647102588,96,0.008310108412474981,-0.046805205882499486,0.05992821292338118,,same sign,False
MACRO:BTC_ADX_GATE_HIGH,ABOVE72_T,T3 >52.5,T1 ≤48,3223,112,-0.1290028764608419,0.581772966647162,-0.17736170845062418,-0.08356025011542195,-0.16667206449549168,49,-0.10226321772088795,63,2112,98,-0.1487520696900003,0.5598514635211882,-0.1978824993021695,-0.10066958068063236,-0.16431175866450418,42,-0.1376130119908614,56,0.019749193229158385,-0.04898348223246851,0.08698103557471365,,same sign,False
MACRO:BTC_ADX_GATE_HIGH,VOLR_T,T3 >1.13,T1 ≤0.817,1995,76,-0.12869692432885824,0.5823078709078244,-0.1845039635479627,-0.07614068996579623,-0.15364152730746658,35,-0.1136726266270848,41,3305,85,-0.14506335547959542,0.5672489703167164,-0.18780011546218153,-0.10710141824820144,-0.18378858027574596,37,-0.12139400183416797,48,0.016366431150737187,-0.052747806399647525,0.08303818754042937,,same sign,False
MACRO:BTC_ADX_GATE_LOW,D1_GOLDEN,yes,no,765,21,-0.10326828585868739,0.6015180265654649,-0.15479722597439594,-0.04406804869262723,,0,-0.10326828585868737,21,7235,251,-0.12849968870493353,0.5549655850540807,-0.15074239830823524,-0.10544137661216121,-0.13630654630327113,117,-0.12037429042867046,134,0.025231402846246143,-0.03253541570064467,0.08692782471729912,,same sign,False
MACRO:BTC_ADX_GATE_LOW,ABOVE_D200,yes,no,1512,45,-0.0956479849189615,0.5942532365014208,-0.13708944726720088,-0.05227147498269359,,0,-0.09564798491896151,45,6488,227,-0.13319282631487261,0.5512473480137536,-0.15675526882191032,-0.108484681433219,-0.13630654630327113,117,-0.12907926857845906,110,0.03754484139591112,-0.012367554721690805,0.08685365680705533,,same sign,False
MACRO:BTC_ADX_GATE_LOW,H4_GOLDEN,yes,no,3930,136,-0.12471974414801107,0.5632114313393073,-0.15180477480516372,-0.09683118444700105,-0.14182548219437502,47,-0.11506171091986321,89,4070,143,-0.1274882564656179,0.5556073676847749,-0.15932441648991486,-0.09495187850262447,-0.13288020693754413,74,-0.12063771060398581,69,0.0027685123176068305,-0.03904132268102997,0.045467892915896334,,same sign,False
MACRO:BTC_ADX_GATE_LOW,H1_EMA20_UP,yes,no,3627,215,-0.14019921789545745,0.5520487998939132,-0.16719560217577242,-0.11245207116181406,-0.16008228598840604,91,-0.12337770422857125,124,4373,228,-0.11471625701847239,0.5652501344809038,-0.14584944646019757,-0.08147762740310699,-0.11730354992218271,103,-0.11246571295980344,125,-0.025482960876985053,-0.06517371744172812,0.01606774363854072,,same sign,False
MACRO:BTC_ADX_GATE_LOW,ADX5_RISING,yes,no,2493,266,-0.12225373444659692,0.5670574210212597,-0.15442786879838727,-0.08993409780740869,-0.12708188224427022,115,-0.11832825549150014,151,5507,272,-0.12778334878137962,0.5560450732864527,-0.1523762989036797,-0.10135187549580545,-0.14007624878039676,117,-0.11697225217396373,155,0.005529614334782704,-0.034088647673949854,0.04300046754800867,,same sign,False
MACRO:BTC_ADX_GATE_LOW,EFF72_CHOP,yes,no,881,99,-0.15021707675506812,0.5309829059829061,-0.2066756348788231,-0.09511193065917342,-0.1693236359539541,46,-0.12538324428280603,53,7119,271,-0.12311705048455347,0.5628842555466452,-0.14508318924190203,-0.09926562322649413,-0.1311098666171029,117,-0.11659827954995056,154,-0.02710002627051465,-0.08839325799779409,0.03338093571774975,,same sign,False
MACRO:BTC_ADX_GATE_LOW,BULL_GT_BEAR,yes,no,5251,267,-0.1364359313334261,0.5432579185520362,-0.1630766871371806,-0.10946626423593106,-0.13818060146330188,116,-0.13486413751437235,151,2749,269,-0.10644881954752633,0.5900449360525407,-0.13673809922483218,-0.075742258712273,-0.13244715704920856,117,-0.08606221076961146,152,-0.029987111785899773,-0.06750051685214567,0.009056500216429824,,same sign,False
MACRO:BTC_ADX_GATE_LOW,BTC_SLOPE5_UP,yes,no,5310,270,-0.12319433435956524,0.5498386518465399,-0.1492213866524762,-0.09459876407897042,-0.12828817224572792,117,-0.11866791569281937,153,2690,270,-0.13189681637694292,0.5779929577464789,-0.16318812539512015,-0.10190185922772495,-0.15293572268732653,117,-0.11498685388993728,153,0.00870248201737768,-0.028704676545131178,0.0489225185111778,,same sign,False
MACRO:BTC_ADX_GATE_LOW,R1D>0,>0,≤0,3738,132,-0.12108538555877771,0.5682018927444795,-0.14836564969456703,-0.09460211487743544,-0.1353326616866821,55,-0.10947746056150638,77,4262,140,-0.13061701611301005,0.5514532600157109,-0.1616254609373441,-0.09882112314516961,-0.13712726668835487,62,-0.1247551526177859,78,0.00953163055423234,-0.03123507006244113,0.05119021841560676,,same sign,False
MACRO:BTC_ADX_GATE_LOW,R3D>0,>0,≤0,4202,139,-0.12445811431827251,0.5574309016764839,-0.1529527824957738,-0.09597515460602363,-0.1482273319697964,61,-0.10270017783057904,78,3798,133,-0.12797373600582368,0.5614385614385614,-0.1593912260158503,-0.09586499137085287,-0.12218304315048531,56,-0.13261071762441143,77,0.0035156216875511653,-0.03801054464338735,0.0463961549679507,,same sign,False
MACRO:BTC_ADX_GATE_LOW,R7D>0,>0,≤0,4159,138,-0.12073132435050601,0.5626351120719081,-0.1498030723079066,-0.0909374635474007,-0.15234080955974175,61,-0.093692769554681,77,3841,134,-0.1320271282987136,0.555735056542811,-0.16050370339126435,-0.10189062422333793,-0.11887874729167808,56,-0.14337632125871094,78,0.011295803948207589,-0.030798210825903866,0.054002334432259776,,same sign,False
MACRO:BTC_ADX_GATE_LOW,R30D>0,>0,≤0,4657,160,-0.11925144507988483,0.5663207644097401,-0.143397194736358,-0.0931455787846583,-0.13084432882606084,61,-0.11175881842323089,99,3343,112,-0.13555618698772717,0.5497677037871321,-0.17151077516741037,-0.10005409979615938,-0.14157836569716362,56,-0.12797291551487136,56,0.01630474190784234,-0.027081577811826702,0.062105944549972446,,same sign,False
MACRO:BTC_ADX_GATE_LOW,R7D_T,T3 >2.33,T1 ≤-2.26,2980,91,-0.117997698469034,0.5695617529880479,-0.15093895585330575,-0.0843979681095143,-0.15052690404953226,43,-0.0871353621185924,48,2676,90,-0.12872549158660263,0.5562878517990737,-0.16538636814561927,-0.0893255057663377,-0.10224090121623253,41,-0.1541558768933477,49,0.01072779311756862,-0.039487269382809304,0.06167181165575563,,same sign,False
MACRO:BTC_ADX_GATE_LOW,R30D_T,T3 >5.75,T1 ≤-1.63,2788,91,-0.11651411639101487,0.5747735429841053,-0.14975819180077607,-0.08435220751115638,-0.1535414265216046,27,-0.10164997943799256,64,2746,91,-0.14784802392704757,0.5412247690728704,-0.18561342109370488,-0.10920802116341623,-0.146391331661253,45,-0.14959397287442905,46,0.0313339075360327,-0.018608027298604436,0.08177948916044162,,same sign,False
MACRO:BTC_ADX_GATE_LOW,OFF30_T,T3 >-3.98,T1 ≤-8.84,2749,109,-0.1175882056040699,0.5674926355917518,-0.1496716030724314,-0.08424882594792532,-0.11939081587213649,37,-0.11658378299112945,72,2656,98,-0.13358173342857171,0.5545680767863492,-0.17265180511050712,-0.08917737912401685,-0.12479608001875192,59,-0.14755302572945456,39,0.015993527824501808,-0.03801863176164688,0.0676537995928136,,same sign,False
MACRO:BTC_ADX_GATE_LOW,ADX5_T,T3 >28.4,T1 ≤19.4,0,0,,,,,,0,,0,7999,272,-0.1262268817205996,0.5592585991801818,-0.14678136533669628,-0.10479355418657955,-0.13651949583463502,117,-0.11738791750186578,155,,,,,n<15,False
MACRO:BTC_ADX_GATE_LOW,ATR5_T,T3 >0.185,T1 ≤0.115,2235,159,-0.13447039513961376,0.5601607105096215,-0.18348837835262183,-0.08139422637232481,-0.1191904092759326,85,-0.16071860074107527,74,3100,187,-0.09922447018124683,0.5768992248062015,-0.13102410887891605,-0.06899900847538668,-0.14928864413632034,64,-0.07284121941799077,123,-0.035245924958366925,-0.09402609211419735,0.02770208475738809,,same sign,False
MACRO:BTC_ADX_GATE_LOW,BULL_T,T3 >52.2,T1 ≤24.4,3652,259,-0.1446437347558625,0.5378698996219528,-0.17500071763073238,-0.1121903194140944,-0.1503061049694951,114,-0.1395412866525743,145,985,237,-0.14306022317780065,0.5801707779886148,-0.19405098572826107,-0.09093823591788837,-0.1370426423769559,103,-0.14813098182466636,134,-0.001583511578061858,-0.06115038692133811,0.05899274035705479,,same sign,False
MACRO:BTC_ADX_GATE_LOW,BTC_RSI5_T,T3 >55.4,T1 ≤44.8,2980,262,-0.1042262250478275,0.5561149910670782,-0.13851834327423523,-0.06800253798503057,-0.11290811651194572,115,-0.09619839292814582,147,1120,242,-0.1423530369490058,0.5821152192605331,-0.1888684229170751,-0.09402273303132097,-0.14693094107768703,102,-0.13911861165486053,140,0.03812681190117831,-0.02331509909418957,0.09943006203089055,,same sign,False
MACRO:BTC_ADX_GATE_LOW,ABOVE72_T,T3 >52.5,T1 ≤48,2511,136,-0.12501151935742025,0.5600993693865851,-0.16482057539710768,-0.08293211839114795,-0.16081510925410394,60,-0.09781571923078655,76,2725,140,-0.11108465496551011,0.5703896103896103,-0.15336391108867556,-0.06689912550453493,-0.08964135439304051,64,-0.12826738708362442,76,-0.01392686439191014,-0.07246956015013374,0.04653595858406346,,same sign,False
MACRO:BTC_ADX_GATE_LOW,VOLR_T,T3 >1.13,T1 ≤0.817,3154,91,-0.14950100322520796,0.5503396226415096,-0.1844710611508344,-0.11323357831551906,-0.1546918749866443,41,-0.14513657478672326,50,2313,90,-0.09381334630993642,0.5773638968481375,-0.13273419785245125,-0.05364695677147271,-0.11246898222422333,39,-0.07580307833154196,51,-0.05568765691527154,-0.11256365568953483,-0.0025470098831014143,,same sign,True
MACRO:BTC_RSI_ADX_CROSS,D1_GOLDEN,yes,no,630,21,-0.11041255200459056,0.5751211631663974,-0.15423075161455888,-0.06624491470894307,,0,-0.11041255200459055,21,7370,252,-0.12280298916538268,0.555611547044849,-0.1465253973865418,-0.09961853177734621,-0.13272436952464972,117,-0.11305015188431022,135,0.01239043716079212,-0.037880413564926926,0.061158198687026405,,same sign,False
MACRO:BTC_RSI_ADX_CROSS,ABOVE_D200,yes,no,1429,45,-0.11762765227436721,0.5840142095914743,-0.15949167509095144,-0.07583695951252593,,0,-0.11762765227436724,45,6571,228,-0.12274039473166073,0.551080071463375,-0.14750514703013115,-0.09734994729288417,-0.13272436952464972,117,-0.11007465220687776,111,0.005112742457293526,-0.044177110481412034,0.055278935884337306,,same sign,False
MACRO:BTC_RSI_ADX_CROSS,H4_GOLDEN,yes,no,3840,136,-0.11784932448572596,0.5641718454471764,-0.14761794098364114,-0.08765001968547592,-0.11955671415200383,47,-0.1169133135433887,89,4160,146,-0.12556313731521557,0.5505370777792158,-0.15728713878037665,-0.0949820398799341,-0.14081638001273994,74,-0.10677195299836365,72,0.0077138128294896025,-0.0359110464180691,0.051357619404864295,,same sign,False
MACRO:BTC_RSI_ADX_CROSS,H1_EMA20_UP,yes,no,4215,240,-0.12249699718750363,0.5609756097560976,-0.14918147306259372,-0.09513644602639837,-0.11474292935457694,102,-0.12855910801206244,138,3785,239,-0.12102947066356168,0.5531652507536311,-0.15512233585203114,-0.08581667475033054,-0.15063284153171344,106,-0.0944879869070327,133,-0.001467526523941956,-0.04464165905116051,0.04224060014421187,,same sign,False
MACRO:BTC_RSI_ADX_CROSS,ADX5_RISING,yes,no,3531,273,-0.12218761574340353,0.5522613825442444,-0.15144744646211453,-0.09398203920306566,-0.1272276176009692,117,-0.11822479342362073,156,4469,273,-0.12147977626184242,0.561047194177037,-0.15092622146321194,-0.0911158393559988,-0.13674739470018044,117,-0.10811472762449494,156,-0.0007078394815611122,-0.04152266037389105,0.03784795041761078,,same sign,False
MACRO:BTC_RSI_ADX_CROSS,EFF72_CHOP,yes,no,900,119,-0.14011146356338705,0.5404939689833429,-0.1975013232998914,-0.08118968509580898,-0.14917499273949464,53,-0.13272076511112835,66,7100,273,-0.11940640900912439,0.5593815357036152,-0.1426377522171598,-0.09587620051360228,-0.13061683555446477,117,-0.11001205925174413,156,-0.020705054554262664,-0.0836160758324712,0.040863667130872645,,same sign,False
MACRO:BTC_RSI_ADX_CROSS,BULL_GT_BEAR,yes,no,6585,273,-0.12060952959679705,0.5532411130770468,-0.1443325584078552,-0.09705446519230727,-0.12953573996362383,117,-0.1132522159464401,156,1415,267,-0.12723123223430052,0.5755102040816327,-0.17149675064407838,-0.08357282445852195,-0.14685190964597739,117,-0.10979674102336408,150,0.006621702637503474,-0.04094396845936506,0.056286099912582106,,same sign,False
MACRO:BTC_RSI_ADX_CROSS,BTC_SLOPE5_UP,yes,no,6859,273,-0.122419008288042,0.5528724140582941,-0.14575649136197494,-0.09867260155656331,-0.12913108901686024,117,-0.11673376150026595,156,1141,258,-0.11793635800028412,0.583725305738476,-0.16382432104953634,-0.07299094557059568,-0.15593859668385723,112,-0.0887791956520397,146,-0.004482650287757878,-0.05281287560337663,0.04593477684451271,,same sign,False
MACRO:BTC_RSI_ADX_CROSS,R1D>0,>0,≤0,3936,133,-0.10896660349742647,0.5681570338058888,-0.13426252285777643,-0.08306942478831204,-0.09288221762646384,55,-0.12154962645770333,78,4064,140,-0.13385962512779334,0.5469010650583856,-0.16801410496994537,-0.09791124947726154,-0.1677193856490792,62,-0.10378211553946436,78,0.02489302163036687,-0.01740995135757727,0.06586301152062439,,same sign,False
MACRO:BTC_RSI_ADX_CROSS,R3D>0,>0,≤0,4070,139,-0.11230217921758373,0.5668154371226044,-0.13935600909019816,-0.08636317875159512,-0.1173145392032845,61,-0.10822307292445867,78,3930,134,-0.13141113841012664,0.5474637198775131,-0.1658349002551726,-0.09775387375293695,-0.14791202812857882,56,-0.11725702375675237,78,0.019108959192542907,-0.023616490264368545,0.06348778497171505,,same sign,False
MACRO:BTC_RSI_ADX_CROSS,R7D>0,>0,≤0,4081,138,-0.12063710457837348,0.5642255346727154,-0.14671383483732633,-0.0943563290906472,-0.1302435081575226,61,-0.112681090239718,77,3919,135,-0.12298783383542795,0.5499055840302132,-0.1589756049821471,-0.08686053469379054,-0.13528131746865127,56,-0.11262561583884324,79,0.0023507292570544708,-0.04299850401269755,0.04504267570706042,,same sign,False
MACRO:BTC_RSI_ADX_CROSS,R30D>0,>0,≤0,4699,160,-0.13216730525235595,0.552760463045414,-0.15744735551669775,-0.1073129081937209,-0.1537629172681884,61,-0.11841677437326423,99,3301,113,-0.10661610927434471,0.5637103336045565,-0.14363875307167515,-0.06794819184271626,-0.11104058174415198,56,-0.1011682566435835,57,-0.02555119597801124,-0.07196999518500624,0.019344338630530707,,same sign,False
MACRO:BTC_RSI_ADX_CROSS,R7D_T,T3 >2.33,T1 ≤-2.26,2822,91,-0.12027579618240206,0.5674550614947966,-0.15274005650062686,-0.08687758649203772,-0.14236261506756837,43,-0.10044920831420967,48,2690,91,-0.09904958131407073,0.5678627145085804,-0.14494103607197711,-0.051858843538786704,-0.12067700482764385,41,-0.07750634395664228,50,-0.02122621486833133,-0.07905158669489094,0.03570545612546363,,same sign,False
MACRO:BTC_RSI_ADX_CROSS,R30D_T,T3 >5.75,T1 ≤-1.63,2725,91,-0.13075611483151311,0.5632467286174854,-0.1618606627202884,-0.09834899125884979,-0.169450956477275,27,-0.1156860289415431,64,2656,91,-0.1136052389417114,0.559919028340081,-0.1551608078423811,-0.07275025946501498,-0.12868216474814917,45,-0.0961723378237482,46,-0.017150875889801714,-0.06850551756429575,0.036596111581899626,,same sign,False
MACRO:BTC_RSI_ADX_CROSS,OFF30_T,T3 >-3.98,T1 ≤-8.84,2733,120,-0.1280228947352072,0.5598848368522072,-0.16045839933107325,-0.09563836599783936,-0.12668286956968972,42,-0.12874963425658909,78,2735,102,-0.1022201864988032,0.5666536356528539,-0.14630514204457165,-0.05929666913858464,-0.10777196199037614,64,-0.09270411932995856,38,-0.025802708236404,-0.08040053322480635,0.028994726925028493,,same sign,False
MACRO:BTC_RSI_ADX_CROSS,ADX5_T,T3 >28.4,T1 ≤19.4,2695,271,-0.10377302083451548,0.5667326732673268,-0.13977981957051377,-0.06683599234095895,-0.10714091154901066,116,-0.10113319409644947,155,1136,246,-0.1422913510782049,0.5488029465930018,-0.18697219008861723,-0.09819488135743337,-0.16982909502066496,106,-0.11952465444621309,140,0.03851833024368942,-0.017293289627164227,0.09283016017227497,,same sign,False
MACRO:BTC_RSI_ADX_CROSS,ATR5_T,T3 >0.185,T1 ≤0.115,3016,201,-0.09893820801332837,0.5897074374339091,-0.14138205197691764,-0.05540851776202148,-0.12323442857236748,98,-0.060343572982956936,103,2194,183,-0.11733255138305601,0.5391946628544197,-0.15216536811574743,-0.08497040067073613,-0.11057255501262321,59,-0.1201188890525648,124,0.018394343369727645,-0.03667943827036257,0.07448853968728059,,same sign,False
MACRO:BTC_RSI_ADX_CROSS,BULL_T,T3 >52.2,T1 ≤24.4,5510,273,-0.12126482607297831,0.5512795843756013,-0.1478988754720857,-0.09430643340600797,-0.13271966127655632,117,-0.11147763503106302,156,448,199,-0.11572653460949393,0.5848375451263538,-0.20211272337913827,-0.030233069817669444,-0.13065265606613827,89,-0.1017398193983727,110,-0.005538291463484377,-0.09432796277418787,0.08277066326147486,,same sign,False
MACRO:BTC_RSI_ADX_CROSS,BTC_RSI5_T,T3 >55.4,T1 ≤44.8,4660,273,-0.12101908196098764,0.5551230681167716,-0.1467161701345612,-0.0934437054516475,-0.12522019671740686,117,-0.1176429228381333,156,23,17,0.22788305719908386,0.7000000000000001,-0.12131179791223105,0.5064242172283487,0.2644226628494127,9,0.18322353918201523,8,-0.3489021391600715,-0.6273390021983245,-0.006301838503097183,T3 >55.4,PASS,True
MACRO:BTC_RSI_ADX_CROSS,ABOVE72_T,T3 >52.5,T1 ≤48,2634,138,-0.11362633514661609,0.5687474500203998,-0.1465995589625009,-0.08007321456413476,-0.12557364582573938,61,-0.1052241958781847,77,2714,148,-0.13102833650827525,0.5483501811939729,-0.1771738983451673,-0.08409185361754108,-0.16482285375276595,67,-0.09683181234337811,81,0.01740200136165916,-0.039143329959040546,0.07321524645575404,,same sign,False
MACRO:BTC_RSI_ADX_CROSS,VOLR_T,T3 >1.13,T1 ≤0.817,2817,91,-0.14872797253520872,0.547524188958452,-0.1954592356369988,-0.10105910469793049,-0.1748361880943926,41,-0.12542275749745968,50,2665,91,-0.11731306010363736,0.5569943103786541,-0.1499794137864443,-0.08381972999480092,-0.11976316378704668,39,-0.11524337425598001,52,-0.031414912431571365,-0.085910675071083,0.02197142804586048,,same sign,False
MACRO:BTC_SLOPE_GATE,D1_GOLDEN,yes,no,612,21,-0.0641127793531346,0.6270096463022509,-0.13676423792352987,0.019971227426783564,,0,-0.06411277935313463,21,7388,252,-0.12351946698018448,0.5673951404913805,-0.14398186268523047,-0.10306330069236352,-0.1394454326315188,117,-0.11015406102912706,135,0.059406687627049884,-0.014907697867076094,0.1478440571732812,,same sign,False
MACRO:BTC_SLOPE_GATE,ABOVE_D200,yes,no,1365,45,-0.07995037616746,0.6140927345746624,-0.1231039743797363,-0.03307908666851768,,0,-0.07995037616745998,45,6635,228,-0.12695128360742236,0.563335599365511,-0.14907569420125452,-0.10463432626025163,-0.1394454326315188,117,-0.11406022100935599,111,0.04700090743996237,-0.0022151018023149026,0.10177804399699791,,same sign,False
MACRO:BTC_SLOPE_GATE,H4_GOLDEN,yes,no,3939,135,-0.11315662268037063,0.5803616912888436,-0.14001547732966635,-0.08691558618451388,-0.15192051321352437,47,-0.09457799843087117,88,4061,146,-0.12443838576360662,0.5639921240462712,-0.1544590303920375,-0.09279405991104817,-0.13185112657728998,74,-0.11658993279669935,72,0.011281763083235988,-0.03032571419304277,0.05016502035562641,,same sign,False
MACRO:BTC_SLOPE_GATE,H1_EMA20_UP,yes,no,3791,248,-0.12975970203330223,0.5684405612920308,-0.1567900262875483,-0.10341002880539513,-0.1392431752759865,104,-0.12361871358018779,144,4209,240,-0.10915091819109361,0.5752611585944919,-0.13716056352102937,-0.0793621522812784,-0.13960539589432527,107,-0.08466995260267143,133,-0.020608783842208614,-0.0598020999443959,0.0154555784717903,,same sign,False
MACRO:BTC_SLOPE_GATE,ADX5_RISING,yes,no,2443,272,-0.13783495625334816,0.5748859353302915,-0.1733877549648808,-0.1003870756565572,-0.1638009898588261,117,-0.11945994127982396,155,5557,273,-0.11016422323564137,0.5707232330620831,-0.13443864269524017,-0.08536736598140565,-0.12846598527548841,117,-0.09670866789807969,156,-0.027670733017706783,-0.07055991902504273,0.01669205334195172,,same sign,False
MACRO:BTC_SLOPE_GATE,EFF72_CHOP,yes,no,888,128,-0.14315579374862708,0.5633408071748879,-0.20784690053162025,-0.07878296786941648,-0.17545570058490467,54,-0.11934758588585964,74,7112,273,-0.11584487726883097,0.5731294913343666,-0.1367572065771639,-0.09432532506713047,-0.13487624509536175,117,-0.10204551649427063,156,-0.02731091647979611,-0.09524903562283388,0.03988547014383199,,same sign,False
MACRO:BTC_SLOPE_GATE,BULL_GT_BEAR,yes,no,3934,272,-0.11764406518079586,0.5475060905244261,-0.1450339635882918,-0.08939098653850057,-0.14498042096883987,116,-0.09977341528797573,156,4066,273,-0.12008632591469748,0.5954273138525492,-0.14681170917430253,-0.09331208346379415,-0.1347574191579032,117,-0.10832100769366448,156,0.0024422607339016217,-0.03397483505006808,0.03966122203098719,,same sign,False
MACRO:BTC_SLOPE_GATE,BTC_SLOPE5_UP,yes,no,3105,273,-0.11359055937036501,0.5429931079750575,-0.1433054753083477,-0.08366855614795418,-0.1415701670512186,117,-0.09554918750813578,156,4895,273,-0.1221642305947322,0.589943342776204,-0.1477454296665701,-0.09687931363068246,-0.1382742303867881,117,-0.10958391724360243,156,0.008573671224367196,-0.029481971510448554,0.04484177767009747,,same sign,False
MACRO:BTC_SLOPE_GATE,R1D>0,>0,≤0,4105,133,-0.09733227102754889,0.5898126607077262,-0.12485307319337385,-0.0694632884583803,-0.11766959976142341,55,-0.08428367739568408,78,3895,140,-0.1414389279886501,0.5534502624503904,-0.17062846701270593,-0.11201311251301756,-0.1591306375370256,62,-0.1268432676112403,78,0.04410665696110121,0.0033974519472358957,0.08582804206471191,,same sign,True
MACRO:BTC_SLOPE_GATE,R3D>0,>0,≤0,4181,139,-0.11830419752956292,0.5760817307692307,-0.14574845822231666,-0.09001016666944826,-0.13740712159565235,61,-0.10498437001877266,78,3819,134,-0.11953528343632465,0.5676416819012796,-0.14837363386747215,-0.0895556129136228,-0.14155343478600943,56,-0.10281807916094944,78,0.001231085906761728,-0.037557660982385804,0.04251984552454175,,same sign,False
MACRO:BTC_SLOPE_GATE,R7D>0,>0,≤0,4275,138,-0.12049464293356218,0.5741262022050199,-0.14942657973511642,-0.09136590268626134,-0.14916644885475536,61,-0.10004934672815435,77,3725,135,-0.11706317744897832,0.5696457326892109,-0.14514820084398053,-0.08821930543965752,-0.12857590314939327,56,-0.10852147773576724,79,-0.0034314654845838677,-0.044364959131953347,0.03770095995387142,,same sign,False
MACRO:BTC_SLOPE_GATE,R30D>0,>0,≤0,4831,160,-0.12733055970371915,0.5699423156159867,-0.1515227341809051,-0.10212292471632672,-0.17492480208719408,61,-0.09875518371284941,99,3169,113,-0.1058320654541678,0.5752791068580543,-0.14020699724939684,-0.06963006603099028,-0.09750584692636811,56,-0.11387630480322733,57,-0.021498494249551345,-0.06556206260832598,0.021121343630891024,,same sign,False
MACRO:BTC_SLOPE_GATE,R7D_T,T3 >2.33,T1 ≤-2.26,2779,91,-0.09164794709786288,0.5923991354466859,-0.1274897218371282,-0.0547164585680072,-0.12417097173645657,43,-0.06640774947366952,48,2483,91,-0.13312076956851346,0.560990217608305,-0.1691269514187085,-0.0965936899035342,-0.16870217839903673,41,-0.10197538063337183,50,0.04147282247065058,-0.011381071380834273,0.09134283591102876,,same sign,False
MACRO:BTC_SLOPE_GATE,R30D_T,T3 >5.75,T1 ≤-1.63,2768,91,-0.11212517597563201,0.5888708806050783,-0.14399497242558698,-0.08006791173189406,-0.1744991137681436,27,-0.08561985368043078,64,2513,91,-0.12080184703746952,0.5642670944455584,-0.15967454110309504,-0.07958338492007162,-0.12079190885601855,45,-0.12081182115449024,46,0.008676671061837504,-0.04391660604349173,0.05953045094938377,,same sign,False
MACRO:BTC_SLOPE_GATE,OFF30_T,T3 >-3.98,T1 ≤-8.84,2766,119,-0.11802533589445978,0.5813067150635208,-0.1541293603398838,-0.08408011100890868,-0.1381121004549484,40,-0.10839188758483768,79,2464,102,-0.11861357369750739,0.5712553062462098,-0.15657750163289302,-0.07791048090156,-0.12067618906107898,64,-0.11550186948522269,38,0.000588237803047606,-0.05227415746377753,0.051224355281412996,,same sign,False
MACRO:BTC_SLOPE_GATE,ADX5_T,T3 >28.4,T1 ≤19.4,2386,270,-0.10689841939551323,0.5959844294202008,-0.13837416015472082,-0.07364171921158708,-0.13846530365287305,117,-0.08476089024744494,153,988,235,-0.15874594104479947,0.5501022494887525,-0.21199909704553446,-0.10685256046634407,-0.19741466618623246,102,-0.12915110447446085,133,0.05184752164928624,-0.010336465552800845,0.11641638038150164,,same sign,False
MACRO:BTC_SLOPE_GATE,ATR5_T,T3 >0.185,T1 ≤0.115,2335,197,-0.11610359682063238,0.5852978996999572,-0.15810313572598686,-0.07295591529448713,-0.11880438014064508,95,-0.11192563834414979,102,3002,181,-0.09923247907960436,0.573918873617164,-0.12750119765846002,-0.07277370866942956,-0.1402093965113624,58,-0.08263325675680085,123,-0.01687111774102802,-0.06994953497902194,0.03609530025648486,,same sign,False
MACRO:BTC_SLOPE_GATE,BULL_T,T3 >52.2,T1 ≤24.4,2510,260,-0.1113720393672377,0.5467011128775834,-0.14954573069475355,-0.07234245926550567,-0.14672224622955155,110,-0.08826603823377006,150,2040,271,-0.10915708773551906,0.6201251805488684,-0.14524813571268544,-0.07337217858846422,-0.134454434063776,117,-0.08640451332871454,154,-0.0022149516317186424,-0.05108615235312729,0.048756228714617836,,same sign,False
MACRO:BTC_SLOPE_GATE,BTC_RSI5_T,T3 >55.4,T1 ≤44.8,841,189,-0.12167216252415057,0.5400763358778626,-0.1749746079887481,-0.06896984139684177,-0.16480968659222628,66,-0.10579124635287465,123,2909,272,-0.13656539755423908,0.5871042599038621,-0.1680141306088407,-0.10564533845445413,-0.16573399340197073,116,-0.11405289538453606,156,0.014893235030088506,-0.04488679395368407,0.07622990410143454,,same sign,False
MACRO:BTC_SLOPE_GATE,ABOVE72_T,T3 >52.5,T1 ≤48,2777,143,-0.12758852249673489,0.5687973997833152,-0.16045202567126302,-0.0965757114136913,-0.14069512782707716,64,-0.11985551246117553,79,2511,147,-0.10920415862581594,0.5753533744774039,-0.1475909618259272,-0.06675024634723208,-0.12124412982616022,66,-0.09861060612132139,81,-0.01838436387091895,-0.07207143121476395,0.03153271896402367,,same sign,False
MACRO:BTC_SLOPE_GATE,VOLR_T,T3 >1.13,T1 ≤0.817,2590,91,-0.13415062274111983,0.5675465838509317,-0.17332852938087656,-0.09301912496296103,-0.18630926892499006,41,-0.09254745973472507,50,2819,91,-0.12311370513002812,0.5703428773418168,-0.15746264668231502,-0.08938876656778637,-0.1277721858957482,39,-0.11979467857963308,52,-0.011036917611091712,-0.06529657565778076,0.04252123166792622,,same sign,False
MACRO:BTC_SLOPE_MAX_GATE,D1_GOLDEN,yes,no,0,0,,,,,,0,,0,137,16,-0.10974375361356238,0.6690391459074733,-0.3338069297595413,0.08339896709541338,-0.1367595428367071,11,-0.058497308076875525,5,,,,,n<15,False
MACRO:BTC_SLOPE_MAX_GATE,ABOVE_D200,yes,no,3,1,-0.2975885393240955,0.3333333333333333,-0.2975885393240955,-0.2975885393240955,,0,-0.2975885393240955,1,134,15,-0.10564532192533256,0.6763636363636364,-0.33407154487449064,0.09379656640680914,-0.1367595428367071,11,-0.04273305107156432,4,-0.19194321739876297,-0.3961924340885683,0.025643722823785707,,n<15,False
MACRO:BTC_SLOPE_MAX_GATE,H4_GOLDEN,yes,no,3,1,-0.2975885393240955,0.3333333333333333,-0.2975885393240955,-0.2975885393240955,,0,-0.2975885393240955,1,134,15,-0.10564532192533256,0.6763636363636364,-0.33407154487449064,0.09379656640680914,-0.1367595428367071,11,-0.04273305107156432,4,-0.19194321739876297,-0.3961924340885683,0.025643722823785707,,n<15,False
MACRO:BTC_SLOPE_MAX_GATE,H1_EMA20_UP,yes,no,67,10,-0.19770338568044427,0.5869565217391304,-0.44690103557597893,0.05711429636315973,-0.16777564522142893,8,-0.4854701208632846,2,70,7,-0.02485963315741062,0.7482517482517483,-0.2671684656926389,0.30522842829547203,-0.0710474615131439,4,0.007581817711497324,3,-0.17284375252303363,-0.6190928604336065,0.15655883540254664,,same sign,False
MACRO:BTC_SLOPE_MAX_GATE,ADX5_RISING,yes,no,121,16,-0.12923997231644765,0.6573705179282868,-0.3367735404047135,0.0826806613436171,-0.16689772612558507,11,-0.06526228304931105,5,16,3,0.053374609533911224,0.7666666666666666,-0.6923548710014374,0.1427456286475064,0.04638787868801288,2,0.09878836003225053,1,-0.1826145818503589,-0.39013824880114767,0.6086722860859501,yes,days<8,False
MACRO:BTC_SLOPE_MAX_GATE,EFF72_CHOP,yes,no,12,3,-0.23947111198005508,0.619047619047619,-1.2030827701032611,0.01688306185789757,-0.2542204563556933,2,-0.22840910369832645,1,125,14,-0.09926577466857646,0.673076923076923,-0.3363240617018827,0.10832418998060642,-0.13071869585573065,10,-0.0345097604597295,4,-0.1402053373114786,-1.1534574533152893,0.19036718450081677,,n<15,False
MACRO:BTC_SLOPE_MAX_GATE,BULL_GT_BEAR,yes,no,137,16,-0.10974375361356238,0.6690391459074733,-0.3338069297595413,0.08339896709541338,-0.1367595428367071,11,-0.058497308076875525,5,0,0,,,,,,0,,0,,,,,n<15,False
MACRO:BTC_SLOPE_MAX_GATE,BTC_SLOPE5_UP,yes,no,137,16,-0.10974375361356238,0.6690391459074733,-0.3338069297595413,0.08339896709541338,-0.1367595428367071,11,-0.058497308076875525,5,0,0,,,,,,0,,0,,,,,n<15,False
MACRO:BTC_SLOPE_MAX_GATE,R1D>0,>0,≤0,40,6,-0.18755171763451386,0.6458333333333333,-0.4185197795332186,0.18689380474344047,-0.18755171763451384,6,,0,97,10,-0.06936772904052811,0.6810810810810811,-0.4076420294769908,0.1886008915088985,-0.08134989760273606,5,-0.058497308076875525,5,-0.11818398859398575,-0.47229537264668864,0.34224683004097667,,same sign,False
MACRO:BTC_SLOPE_MAX_GATE,R3D>0,>0,≤0,29,4,-0.1903431614076854,0.6486486486486486,-0.5038369367689807,0.25300909364337376,-0.1903431614076854,4,,0,108,12,-0.08093043874996288,0.6763285024154588,-0.3525294136291602,0.14235543344302345,-0.10071238125259441,7,-0.058497308076875525,5,-0.10941272265772252,-0.4884367277744775,0.4137229054694294,,same sign,False
MACRO:BTC_SLOPE_MAX_GATE,R7D>0,>0,≤0,14,3,0.24823891779505183,1.0,0.19374474701924174,0.33383437000573785,0.2482389177950518,3,,0,123,13,-0.16067624751316198,0.6219512195121951,-0.41491424750230405,0.05387326650535273,-0.22719542285087863,8,-0.058497308076875525,5,0.4089151653082138,0.1893332598410785,0.6917392660369622,,n<15,False
MACRO:BTC_SLOPE_MAX_GATE,R30D>0,>0,≤0,11,2,0.11535968540150644,0.8333333333333333,-0.2975885393240955,0.25300909364337376,0.2530090936433737,1,-0.2975885393240955,1,126,14,-0.1307650864398723,0.6536964980544745,-0.37209990874042936,0.07805760104223773,-0.17902361185261947,10,-0.04273305107156432,4,0.24612477184137876,-0.31924356572064366,0.5585124648222773,,n<15,False
MACRO:BTC_SLOPE_MAX_GATE,R7D_T,T3 >2.33,T1 ≤-2.26,12,2,0.23052951388939266,1.0,0.19374474701924174,0.25300909364337376,0.23052951388939263,2,,0,111,11,-0.1453343128648887,0.631818181818182,-0.4429245520306332,0.08455477081448362,-0.21381552802291534,6,-0.058497308076875525,5,0.37586382675428137,0.14055263616835997,0.6854441658710753,,n<15,False
MACRO:BTC_SLOPE_MAX_GATE,R30D_T,T3 >5.75,T1 ≤-1.63,11,2,0.11535968540150644,0.8333333333333333,-0.2975885393240955,0.25300909364337376,0.2530090936433737,1,-0.2975885393240955,1,106,11,-0.04113212160330648,0.7233009708737862,-0.28778199575861446,0.18792889326761142,-0.03986529915451115,7,-0.04273305107156432,4,0.1564918070048129,-0.40237221539369156,0.47601681884242303,,n<15,False
MACRO:BTC_SLOPE_MAX_GATE,OFF30_T,T3 >-3.98,T1 ≤-8.84,12,3,0.02561362357895712,0.7407407407407407,-0.6923548710014374,0.25300909364337376,0.117957098694115,2,-0.2975885393240955,1,116,12,-0.09298697157876996,0.6810344827586207,-0.3490480358958222,0.1288448071218743,-0.12542035289902323,8,-0.04273305107156432,4,0.11860059515772708,-0.6428757519989077,0.46988642926810353,,n<15,False
MACRO:BTC_SLOPE_MAX_GATE,ADX5_T,T3 >28.4,T1 ≤19.4,82,11,-0.2697558961717506,0.5740740740740742,-0.44399310824201454,-0.06745738983539601,-0.23082195570186215,8,-0.3476237771115275,3,0,0,,,,,,0,,0,,,,,n<15,False
MACRO:BTC_SLOPE_MAX_GATE,ATR5_T,T3 >0.185,T1 ≤0.115,137,16,-0.10974375361356238,0.6690391459074733,-0.3338069297595413,0.08339896709541338,-0.1367595428367071,11,-0.058497308076875525,5,0,0,,,,,,0,,0,,,,,n<15,False
MACRO:BTC_SLOPE_MAX_GATE,BULL_T,T3 >52.2,T1 ≤24.4,137,16,-0.10974375361356238,0.6690391459074733,-0.3338069297595413,0.08339896709541338,-0.1367595428367071,11,-0.058497308076875525,5,0,0,,,,,,0,,0,,,,,n<15,False
MACRO:BTC_SLOPE_MAX_GATE,BTC_RSI5_T,T3 >55.4,T1 ≤44.8,137,16,-0.10974375361356238,0.6690391459074733,-0.3338069297595413,0.08339896709541338,-0.1367595428367071,11,-0.058497308076875525,5,0,0,,,,,,0,,0,,,,,n<15,False
MACRO:BTC_SLOPE_MAX_GATE,ABOVE72_T,T3 >52.5,T1 ≤48,8,1,0.25300909364337376,1.0,0.25300909364337376,0.25300909364337376,0.2530090936433737,1,,0,104,10,-0.09186063913668525,0.6616915422885571,-0.396025219280615,0.15981691295540912,-0.1419359841257484,7,-0.01452909371053714,3,0.344869732780059,0.09462941551634492,0.660481405699401,,n<15,False
MACRO:BTC_SLOPE_MAX_GATE,VOLR_T,T3 >1.13,T1 ≤0.817,96,8,-0.06972222900863773,0.7025641025641025,-0.36372734495296666,0.17480825577900902,-0.10731065735820616,5,-0.01452909371053714,3,17,4,0.0075959798453151105,0.7714285714285715,-0.7271100529674911,0.33383437000573785,0.007595979845315106,4,,0,-0.07731820885395284,-0.49326930572038785,0.6233868122945933,T3 >1.13,days<8,False
PAIR_ADX_CONFIDENCE,D1_GOLDEN,yes,no,697,21,-0.04955976208112946,0.6554385964912282,-0.12898822436094848,0.0336048071319399,,0,-0.049559762081129444,21,7303,251,-0.11139881014498457,0.5993188010899183,-0.13653700841004265,-0.0857244469803874,-0.10546060107043932,117,-0.11676267668489855,134,0.06183904806385511,-0.018336418623158938,0.15016067897237512,,same sign,False
PAIR_ADX_CONFIDENCE,ABOVE_D200,yes,no,1510,45,-0.09832478208248578,0.6287581699346405,-0.14573913795630009,-0.0474499176788409,,0,-0.09832478208248577,45,6490,227,-0.10771049143132054,0.5985435032579531,-0.13504214172041437,-0.08023195832780457,-0.10546060107043932,117,-0.11028946249816148,110,0.009385709348834759,-0.04645133809573806,0.06710060764981318,,same sign,False
PAIR_ADX_CONFIDENCE,H4_GOLDEN,yes,no,3864,135,-0.1072563667411843,0.6071933204881181,-0.14298781752027465,-0.07144284851014382,-0.10456446319824145,47,-0.10854706849695109,88,4136,146,-0.10468345899205082,0.6015625,-0.1379960651615115,-0.07232296965221807,-0.10596936701363358,74,-0.10320911037287803,72,-0.0025729077491334768,-0.049172478047306636,0.049566899120505714,,same sign,False
PAIR_ADX_CONFIDENCE,H1_EMA20_UP,yes,no,4723,235,-0.1006621266269919,0.6053571428571429,-0.13210485163677885,-0.07066808689951404,-0.11089177620119914,100,-0.09349205064349804,135,3277,232,-0.11353891395672285,0.6027334851936219,-0.15013637595706486,-0.07862278388054579,-0.09846109383063291,101,-0.12650047409900406,131,0.012876787329730952,-0.033591420542629535,0.062188619753669586,,same sign,False
PAIR_ADX_CONFIDENCE,ADX5_RISING,yes,no,5009,272,-0.12201585659044227,0.5899594019209823,-0.1497925945517241,-0.09363711060673914,-0.12967429538542105,117,-0.11622341305664004,155,2991,267,-0.07887430206245527,0.6283716283716284,-0.11728724854939929,-0.03878218395722881,-0.06523701185124314,117,-0.08941220813475555,150,-0.043141554527987,-0.08627233639641693,0.0022369513714943284,,same sign,False
PAIR_ADX_CONFIDENCE,EFF72_CHOP,yes,no,883,107,-0.1401720390393376,0.5893854748603351,-0.20207852145687383,-0.08101245381832502,-0.22541343257379803,45,-0.08133213472046077,62,7117,272,-0.10164507467786019,0.6061473978344394,-0.12674106970010415,-0.0739454397692582,-0.09139942085412195,117,-0.10955346646457037,155,-0.0385269643614774,-0.10495185616188878,0.028462992113119576,,same sign,False
PAIR_ADX_CONFIDENCE,BULL_GT_BEAR,yes,no,6925,272,-0.10299621122628658,0.6034221355858783,-0.12754157586049636,-0.07783727247971718,-0.10037912594384754,117,-0.1049353411584105,155,1075,230,-0.12393818642355257,0.6095829636202308,-0.1783795857615152,-0.07138982116442748,-0.13340397408467308,104,-0.11535330962768013,126,0.020941975197265997,-0.03466375180701943,0.07826037252995097,,same sign,False
PAIR_ADX_CONFIDENCE,BTC_SLOPE5_UP,yes,no,7944,272,-0.10631321080033088,0.6036069885402968,-0.13040529121036645,-0.08126275869434833,-0.10634019465015983,117,-0.10629257556540811,155,56,32,-0.0605994898786692,0.6838235294117648,-0.19543104693448124,0.08618851533846206,0.02404551747564068,15,-0.10529966230173173,17,-0.04571372092166168,-0.19627158381525142,0.08725841481858684,,same sign,False
PAIR_ADX_CONFIDENCE,R1D>0,>0,≤0,3903,132,-0.12706941968040686,0.591576260370134,-0.16004108733311018,-0.0942664307768295,-0.14259430328415168,55,-0.11561770913127065,77,4097,140,-0.08589701217629928,0.6163240628778719,-0.12040934539170733,-0.05204354046279509,-0.07153950973212368,62,-0.09719009197738875,78,-0.04117240750410758,-0.08869063622137334,0.007620546008126632,,same sign,False
PAIR_ADX_CONFIDENCE,R3D>0,>0,≤0,4167,138,-0.11480878367173107,0.6032142857142857,-0.14938001257964223,-0.08144581359526706,-0.09990376527253728,61,-0.12620121424401973,77,3833,134,-0.09624444011050505,0.6054510058403635,-0.13235214904241235,-0.062242469587697226,-0.11153672050209962,56,-0.0846171362166904,78,-0.01856434356122602,-0.06638721550915973,0.031977386919694185,,same sign,False
PAIR_ADX_CONFIDENCE,R7D>0,>0,≤0,4109,137,-0.11026891428940956,0.6024038461538461,-0.1444207844875145,-0.07674317255817929,-0.09654606033326761,61,-0.12108908374580009,76,3891,135,-0.10128706833732759,0.6062941554271033,-0.13598076139032286,-0.0684706256779513,-0.11537225169909829,56,-0.0909288383082412,79,-0.008981845952081971,-0.0556781536205063,0.04127402927334131,,same sign,False
PAIR_ADX_CONFIDENCE,R30D>0,>0,≤0,4682,159,-0.1250827004543944,0.5965393542941549,-0.15749302798373607,-0.09427057804622273,-0.13489699250586734,61,-0.11926340257916815,98,3318,113,-0.07853076188127846,0.6153614003319751,-0.11599373347687308,-0.04327244225714042,-0.07526240712330642,56,-0.08205644319014478,57,-0.046551938573115945,-0.09552440388036684,0.0031121910600615727,,same sign,False
PAIR_ADX_CONFIDENCE,R7D_T,T3 >2.33,T1 ≤-2.26,2951,90,-0.09057681653215124,0.6104806408544726,-0.13079098694415559,-0.051401275828834914,-0.07760986049309197,43,-0.10055670059529019,47,2657,91,-0.09273126149528883,0.6086464036246932,-0.13621275169554456,-0.049461873427846165,-0.11660108178817834,41,-0.06996204154788478,50,0.002154444963137589,-0.052548953220655545,0.060358453129564,,same sign,False
PAIR_ADX_CONFIDENCE,R30D_T,T3 >5.75,T1 ≤-1.63,2834,91,-0.11828298730983633,0.6046145778710016,-0.15298662057974996,-0.0841727748626127,-0.1557867578001012,27,-0.10515932245918443,64,2775,91,-0.07597960649252734,0.6163590300398119,-0.11650334697238734,-0.03770064304747167,-0.06697210842128887,45,-0.08478085058288598,46,-0.042303380817308986,-0.09221270265738597,0.011131449154279091,,same sign,False
PAIR_ADX_CONFIDENCE,OFF30_T,T3 >-3.98,T1 ≤-8.84,2989,117,-0.1077671330586593,0.6046087533156498,-0.1515691093237272,-0.06440472374233552,-0.1244267696297578,40,-0.09924107344006702,77,2755,99,-0.08957317031495154,0.6105358764759311,-0.13049804355448003,-0.050945453633900066,-0.10172957862514355,60,-0.07269659478670232,39,-0.018193962743707756,-0.07326955554669305,0.04230344191210876,,same sign,False
PAIR_ADX_CONFIDENCE,ADX5_T,T3 >28.4,T1 ≤19.4,1983,242,-0.08728967377703259,0.6255461320997172,-0.13006743128872766,-0.04498026484297874,-0.10484061435813238,101,-0.07465020330549783,141,1491,228,-0.12689100092611136,0.5928221859706363,-0.17472890029417312,-0.08286352394875712,-0.1736358064166093,99,-0.08980150049011647,129,0.03960132714907877,-0.020281633801821675,0.10175155955297754,,same sign,False
PAIR_ADX_CONFIDENCE,ATR5_T,T3 >0.185,T1 ≤0.115,3123,185,-0.07337099400932658,0.6375180839093394,-0.1169660916114589,-0.031699831357954004,-0.08465903941256496,92,-0.05665946586649403,93,2115,175,-0.15283092453859554,0.5757645435732353,-0.1922554678585465,-0.1119882458399344,-0.18595643161934503,55,-0.1404676945514007,120,0.07945993052926896,0.023311249599576388,0.13653571265742362,,same sign,True
PAIR_ADX_CONFIDENCE,BULL_T,T3 >52.2,T1 ≤24.4,5742,272,-0.09779654297183918,0.608589598397073,-0.12568520604083788,-0.07045267632156059,-0.0935412321811383,117,-0.10087447232022481,155,249,117,-0.08161681917561277,0.6589698046181172,-0.185155795919543,0.015150100783083974,-0.014644257438302137,60,-0.1607898088263094,57,-0.01617972379622641,-0.11474401835553054,0.08930439513807449,,same sign,False
PAIR_ADX_CONFIDENCE,BTC_RSI5_T,T3 >55.4,T1 ≤44.8,7466,272,-0.10963710881636299,0.6006228878139288,-0.1329557806720341,-0.08451271374158123,-0.1114155186931989,117,-0.1083228725245735,155,5,4,0.33595518386646656,0.8888888888888888,-1.1967680055912826,0.9942749439394016,0.24750796571425537,2,0.44651420655673063,2,-0.4455922926828295,-1.0938381451880521,1.077069511752349,,n<15,False
PAIR_ADX_CONFIDENCE,ABOVE72_T,T3 >52.5,T1 ≤48,2938,134,-0.09844310837176176,0.6125944584382872,-0.13884768539873102,-0.05773119474064572,-0.11128575318764064,57,-0.09024642722380058,77,2577,143,-0.07547165496156967,0.6167826759474091,-0.12018095611519035,-0.03196966528028181,-0.0826511511733308,66,-0.06854311378456614,77,-0.02297145341019209,-0.08221571657037435,0.03675281270614652,,same sign,False
PAIR_ADX_CONFIDENCE,VOLR_T,T3 >1.13,T1 ≤0.817,2842,91,-0.11567967473032591,0.603905160390516,-0.1580291544937168,-0.07463041024588586,-0.1316872814481109,41,-0.1041303690431845,50,2576,91,-0.10834164154406507,0.6084523350057892,-0.15330409427271924,-0.06516879675664593,-0.07018329140248564,39,-0.1373264392577198,52,-0.007338033186260834,-0.07091452320480043,0.055792951038451166,,same sign,False
PAIR_ADX_MAX,D1_GOLDEN,yes,no,543,21,-0.04040848048162617,0.6486220472440946,-0.10798200109470896,0.03039423422669088,,0,-0.04040848048162619,21,7456,252,-0.10171882424492973,0.5801635264841806,-0.12854345769697623,-0.07567927110418599,-0.10938883922963606,117,-0.09392235023180169,135,0.061310343763303556,-0.010362921795666854,0.13773165690431166,,same sign,False
PAIR_ADX_MAX,ABOVE_D200,yes,no,1201,45,-0.10199400735441672,0.5999095840867993,-0.16634191777896418,-0.03186360195770899,,0,-0.10199400735441667,45,6798,228,-0.09683110847045606,0.5821742171108867,-0.12500123553084566,-0.06986104250938412,-0.10938883922963606,117,-0.08142458293271836,111,-0.005162898883960654,-0.07368906969011095,0.07181167068297904,,same sign,False
PAIR_ADX_MAX,H4_GOLDEN,yes,no,3631,136,-0.11602120145743927,0.5820588235294119,-0.15394548317352882,-0.0796322289686509,-0.15353872188199572,47,-0.0946605453560359,89,4368,146,-0.08245213250376546,0.5870064001932134,-0.1189609499891474,-0.04639353090654152,-0.0858288650779226,74,-0.07818459978361005,72,-0.033569068953673814,-0.0833669407176543,0.017102881213350987,,same sign,False
PAIR_ADX_MAX,H1_EMA20_UP,yes,no,4692,241,-0.09978868152245143,0.5850200114351057,-0.1329700170729347,-0.06734999589322672,-0.10698791939613003,103,-0.09345452833737698,138,3307,227,-0.09455149293883065,0.5844381313131313,-0.13524127458798352,-0.054104538396962054,-0.1126677731230429,99,-0.07829078862254309,128,-0.0052371885836207804,-0.05589132368332875,0.045154183453103,,same sign,False
PAIR_ADX_MAX,ADX5_RISING,yes,no,5287,271,-0.11458898128114411,0.5701780563016015,-0.14279939918875792,-0.0869396024098813,-0.13334421387588566,117,-0.0985056415782255,154,2712,265,-0.06359730516207775,0.613961813842482,-0.10677425622297051,-0.01992454920710581,-0.06399198592900543,117,-0.06322251912167222,148,-0.05099167611906637,-0.10219051230385028,-0.005239429305421579,,same sign,True
PAIR_ADX_MAX,EFF72_CHOP,yes,no,947,104,-0.09762691065639338,0.5802469135802468,-0.1668892863154004,-0.030452034463979785,-0.08725952757059348,44,-0.10794785529612025,60,7052,273,-0.09758321109741903,0.585382359575908,-0.12582699737999536,-0.07101407585406305,-0.11256138528106144,117,-0.08449788310181934,156,-4.3699558974347186e-05,-0.07451581115191935,0.07130286240844205,,same sign,False
PAIR_ADX_MAX,BULL_GT_BEAR,yes,no,7447,272,-0.09293506761063362,0.5860391932484624,-0.11963277173121063,-0.0680240512274078,-0.1005629890540105,117,-0.08599481563216983,155,552,195,-0.15678995800035442,0.5686988171064604,-0.23913752588687087,-0.0750799556693971,-0.24642610734115564,88,-0.09939606536273692,107,0.0638548903897208,-0.021493877991627015,0.1457709939632921,,same sign,False
PAIR_ADX_MAX,BTC_SLOPE5_UP,yes,no,7976,273,-0.09651773529088899,0.5852522294689205,-0.12245492424730739,-0.07199069409346888,-0.10898999690398734,117,-0.0854196028657009,156,23,16,-0.39008706715219404,0.45454545454545453,-0.6260536154456261,-0.13937302998497914,-0.2975094694939655,6,-0.4248036662740297,10,0.29356933186130507,0.04406046027134507,0.5230747703453787,,same sign,True
PAIR_ADX_MAX,R1D>0,>0,≤0,3740,133,-0.08455531663684496,0.5895830368578342,-0.12277500615871027,-0.04994942957567475,-0.10021616527612877,55,-0.0707045580387334,78,4259,140,-0.108959531806203,0.5805810777253537,-0.1433017253642223,-0.07427016758872895,-0.11736654985692167,62,-0.10147961335281844,78,0.02440421516935805,-0.027355845767943216,0.0733753645036192,,same sign,False
PAIR_ADX_MAX,R3D>0,>0,≤0,3936,139,-0.08455567570788941,0.5887445887445887,-0.1210749419155463,-0.04860972682349946,-0.08181454021238876,61,-0.08713556793894883,78,4063,134,-0.11011766476024842,0.5809598127194694,-0.14798174094859357,-0.07415071417686694,-0.13757659954846502,56,-0.08710283679766483,78,0.025561989052359013,-0.025012482920909872,0.07837950096121221,,same sign,False
PAIR_ADX_MAX,R7D>0,>0,≤0,3803,138,-0.10284079894866698,0.5798400441257584,-0.14096115745869184,-0.06353852752966112,-0.12399531087167968,61,-0.08404413366707342,77,4196,135,-0.09272305597120141,0.5893472985055562,-0.12874999124378836,-0.05902485381281236,-0.09583873557475493,56,-0.08996240321719759,79,-0.010117742977465566,-0.05982846940283363,0.04603263691090737,,same sign,False
PAIR_ADX_MAX,R30D>0,>0,≤0,4442,160,-0.1024750956463766,0.5808762086665872,-0.1372003388776808,-0.06843834413609752,-0.11636504472609135,61,-0.09306119865343558,99,3557,113,-0.09148216034376071,0.5896479713603818,-0.13023464645103033,-0.054214436375654984,-0.10301876923503143,56,-0.07722109545014853,57,-0.010992935302615886,-0.062075171554747434,0.04188650201000898,,same sign,False
PAIR_ADX_MAX,R7D_T,T3 >2.33,T1 ≤-2.26,2580,91,-0.08223076526200299,0.6013363028953229,-0.12833871239748848,-0.034589380826599826,-0.10051587188048527,43,-0.0633970302903973,48,3037,91,-0.081719217782757,0.60062893081761,-0.12422205458654981,-0.04213789184546429,-0.09453040636191208,41,-0.06876398210784189,50,-0.0005115474792459912,-0.0616601022343975,0.06465076667449682,,same sign,False
PAIR_ADX_MAX,R30D_T,T3 >5.75,T1 ≤-1.63,2487,91,-0.10321151469393688,0.5889175257731959,-0.14995403165879811,-0.05893289527632252,-0.1123822775347449,27,-0.0995133589733217,64,2832,91,-0.08787371946170339,0.5922674635786328,-0.13229531578578874,-0.04509257267333947,-0.09098405605333186,45,-0.08447399267898514,46,-0.015337795232233498,-0.07451309729111869,0.04924274236713043,,same sign,False
PAIR_ADX_MAX,OFF30_T,T3 >-3.98,T1 ≤-8.84,2674,120,-0.1086299132381753,0.5880834160873883,-0.15478218335417837,-0.06580494542401585,-0.12815751007614673,41,-0.09744165563091516,79,2936,99,-0.09075748708020327,0.5869918699186992,-0.13561474019694933,-0.0483778543701106,-0.09891227349006564,60,-0.07673205590844982,39,-0.01787242615797202,-0.076174633879962,0.04462915385578921,,same sign,False
PAIR_ADX_MAX,ADX5_T,T3 >28.4,T1 ≤19.4,3807,250,-0.10007358345206348,0.5752741774675972,-0.1386782131150929,-0.061613111864828506,-0.10507203123442008,109,-0.09551221050984214,141,662,201,-0.08771329274778882,0.6099024756189048,-0.14922125059563662,-0.02530535593313875,-0.16878573835195157,85,-0.02392036302976794,116,-0.012360290704274662,-0.08635408034273646,0.05993970499415733,,same sign,False
PAIR_ADX_MAX,ATR5_T,T3 >0.185,T1 ≤0.115,3305,188,-0.07064962626153141,0.6136724960254373,-0.11362921957728916,-0.029504643961428444,-0.09265846005158816,94,-0.031158875627129268,94,2028,170,-0.09729543891340661,0.5742369374030006,-0.13595480718757566,-0.05840191710540588,-0.10129649757177896,54,-0.09578791752431903,116,0.026645812651875198,-0.030962212187752636,0.08230005147559553,,same sign,False
PAIR_ADX_MAX,BULL_T,T3 >52.2,T1 ≤24.4,6759,272,-0.09143657040928967,0.5866824271079591,-0.11943990970839163,-0.0657228987274269,-0.10274019080774983,117,-0.08113408403617887,155,91,64,0.0011028379270280658,0.7105263157894737,-0.17818688270049088,0.18679016136047621,-0.060915903873326106,28,0.04244866579393079,36,-0.09253940833631773,-0.2788276819127141,0.0881017351680168,T3 >52.2,half h1 flips,False
PAIR_ADX_MAX,BTC_RSI5_T,T3 >55.4,T1 ≤44.8,7390,272,-0.10138955599865027,0.5839800640797438,-0.12829660306077448,-0.07523220871404294,-0.11769760556652804,117,-0.087316048837407,155,7,3,-0.32458914762367963,0.4444444444444444,-0.6901658151114928,-0.0474608808731013,-0.22013867119859012,2,-0.6901658151114928,1,0.22319959162502936,-0.0631317464188858,0.596161486364008,,n<15,False
PAIR_ADX_MAX,ABOVE72_T,T3 >52.5,T1 ≤48,2659,139,-0.1035535004111957,0.5843974461292897,-0.14956550979529112,-0.06006919174091984,-0.1394415406456773,62,-0.07540777145549511,77,2817,140,-0.08137734726641455,0.609280303030303,-0.12446816027520957,-0.040337373862640476,-0.11566247993244717,65,-0.044448671719759414,75,-0.02217615314478115,-0.08139063538876448,0.04033499738396727,,same sign,False
PAIR_ADX_MAX,VOLR_T,T3 >1.13,T1 ≤0.817,2680,91,-0.11181801855382766,0.5940849543469631,-0.15839964737905687,-0.06761713984242901,-0.13633263091297998,41,-0.08797530238306246,50,2625,91,-0.09068693592253861,0.5797043547742708,-0.13153776172066425,-0.04934776363037191,-0.11783431767810834,39,-0.06645443372030793,52,-0.021131082631289044,-0.08262678485262641,0.0391856172941982,,same sign,False
PAIR_ATR_MAX,D1_GOLDEN,yes,no,9,6,0.20860979552610184,0.9230769230769231,-0.11826044833330004,0.7930850729088228,,0,0.20860979552610184,6,89,62,-0.08457348453752307,0.7385620915032679,-0.2529645656370222,0.06799138446126374,-0.1106888587582936,23,-0.0652837194880903,39,0.29318328006362493,-0.06588643223517637,0.9082189854930266,,n<15,False
PAIR_ATR_MAX,ABOVE_D200,yes,no,14,9,0.11691034459141425,0.8333333333333335,-0.20130508501571628,0.49427976959024067,,0,0.1169103445914143,9,84,59,-0.0833256891557241,0.7432432432432432,-0.254630308467112,0.0771422562123844,-0.1106888587582936,23,-0.061896700912747946,36,0.20023603374713833,-0.1629894343790658,0.6164662031581775,,n<15,False
PAIR_ATR_MAX,H4_GOLDEN,yes,no,54,35,-0.050695424029935494,0.7499999999999999,-0.2875121950849975,0.15976491842785354,-0.15414251903984036,14,0.031640018937131587,21,44,33,-0.07393100612522283,0.7564102564102564,-0.2931509962409789,0.13227148513143203,-0.04550836833597346,9,-0.0881423250198475,24,0.02323558209528733,-0.2879232032697491,0.32068800506371764,,same sign,False
PAIR_ATR_MAX,H1_EMA20_UP,yes,no,56,41,-0.1493232682041702,0.723404255319149,-0.37244226187247514,0.06766861457799292,-0.14251634980584,10,-0.15236020102804063,31,42,29,0.05289682526097628,0.7916666666666667,-0.17264792715392832,0.2823205153164545,-0.08505004652554789,14,0.19084369704750045,15,-0.20222009346514647,-0.5346275082040539,0.13280352121283626,yes,half h1 flips,False
PAIR_ATR_MAX,ADX5_RISING,yes,no,60,44,-0.014044365651261647,0.8061224489795921,-0.20848542314154578,0.16258660677200487,-0.07907152850145595,13,0.020501314612904074,31,38,30,-0.13016864644967743,0.6764705882352943,-0.3987100359974854,0.11083449538334737,-0.14536593065288975,11,-0.11743578671185087,19,0.11612428079841579,-0.19781247317750034,0.42454033196331775,,same sign,False
PAIR_ATR_MAX,EFF72_CHOP,yes,no,7,7,-0.002116519734302913,0.9333333333333332,-0.3048569434477506,0.09567884993790143,-0.11130090993572422,3,0.09341982169194074,4,91,63,-0.06752362911514675,0.7350993377483445,-0.24284004814937868,0.09741022662815885,-0.1106149905127416,22,-0.040649446738152115,41,0.06540710938084385,-0.26202694351968847,0.3049722104189754,,n<15,False
PAIR_ATR_MAX,BULL_GT_BEAR,yes,no,39,34,-0.255549885097306,0.6406250000000003,-0.5695107878647017,0.02003320853569369,-0.2745719886273355,10,-0.2455859261053857,24,59,42,0.060072322096332134,0.8235294117647058,-0.11675898807818502,0.2177280460503063,-0.02684167603459773,17,0.12341642242904374,25,-0.3156222071936381,-0.6591128666991254,0.004710415192167443,yes,half h1 flips,False
PAIR_ATR_MAX,BTC_SLOPE5_UP,yes,no,42,38,-0.17779805987771205,0.6615384615384615,-0.4895429269944974,0.10643569649810186,-0.24803437353019936,10,-0.14658192047660656,28,56,39,0.013158991085639362,0.8118811881188117,-0.15800877121405718,0.18988188759987967,-0.0496464077485577,17,0.06362761514883349,22,-0.19095705096335142,-0.5518428567685381,0.16297912258541572,yes,half h1 flips,False
PAIR_ATR_MAX,R1D>0,>0,≤0,59,39,-0.062648853797893,0.7362637362637362,-0.25804247222451954,0.12305561008573213,-0.11044091659090545,14,-0.028382846512336916,25,39,29,-0.06035693462391258,0.7733333333333331,-0.3062955837908063,0.17089386158199069,-0.11103781440128434,9,-0.03184893974914097,20,-0.0022919191739804237,-0.29502382791475756,0.31359873563713336,,same sign,False
PAIR_ATR_MAX,R3D>0,>0,≤0,49,36,0.00019373390392667168,0.7721518987341771,-0.23036947539639963,0.20859655636215857,-0.19539157741427646,12,0.11363321446848443,24,49,32,-0.11773702035415992,0.735632183908046,-0.3440526272645801,0.07642915540496178,-0.04245611317430744,11,-0.17087648424582053,21,0.11793075425808659,-0.18177500336297572,0.41525727652588396,≤0,half h1 flips,False
PAIR_ATR_MAX,R7D>0,>0,≤0,57,37,0.017179907858262046,0.7708333333333333,-0.17177473625140083,0.18467796607374998,-0.07165061071159941,16,0.1023846909762924,21,41,31,-0.16967267066849803,0.7285714285714286,-0.42793514076307587,0.08344998030378506,-0.21262206199132846,7,-0.15480557367213366,24,0.18685257852676007,-0.12961861105833677,0.47401533843441424,≤0,half h1 flips,False
PAIR_ATR_MAX,R30D>0,>0,≤0,68,44,-0.12126582054735464,0.7247706422018344,-0.3333602399111089,0.06977481613753582,-0.18904847054564802,18,-0.06792865333558278,26,30,24,0.05245892363613945,0.8070175438596493,-0.19065497779514157,0.2961613370054624,0.11056180981776602,5,0.027765197008948198,19,-0.1737247441834941,-0.4995694565038938,0.13337357863622257,>0,gap CI ∋ 0,False
PAIR_ATR_MAX,R7D_T,T3 >2.33,T1 ≤-2.26,40,26,0.09378789947988128,0.84375,-0.1221089078061778,0.29744236459955226,-0.03510571673770994,13,0.25950826318821285,13,32,22,-0.19022714052051132,0.7142857142857143,-0.49146773151757445,0.09855880397780258,-0.27188349065205863,6,-0.1603528660821404,16,0.28401504000039257,-0.05909547571586377,0.6209955636980966,T1 ≤-2.26,half h1 flips,False
PAIR_ATR_MAX,R30D_T,T3 >5.75,T1 ≤-1.63,37,25,-0.1547956006743262,0.7192982456140353,-0.46017500867408706,0.11884819512611156,-0.1991805239419782,9,-0.12477050552267925,16,21,17,0.07179853844555001,0.8048780487804877,-0.21223349435694183,0.3770433706298867,0.031801459344149574,3,0.08834905393578468,14,-0.22659413911987622,-0.6432211355348219,0.1648217777207505,T3 >5.75,gap CI ∋ 0,False
PAIR_ATR_MAX,OFF30_T,T3 >-3.98,T1 ≤-8.84,34,24,-0.1518791284738419,0.679245283018868,-0.4492804432880932,0.13059223802962922,-0.17718531998087797,8,-0.13654204271200196,16,23,18,0.026319349417138805,0.8222222222222222,-0.21361125916396262,0.2717313972787419,-0.11603209126468389,7,0.16248159702583878,11,-0.17819847789098073,-0.5657836459799287,0.18244831484233273,T3 >-3.98,half h1 flips,False
PAIR_ATR_MAX,ADX5_T,T3 >28.4,T1 ≤19.4,32,25,-0.08520950553104568,0.7454545454545455,-0.3822835051205599,0.18482297326841526,-0.11597863044556987,7,-0.07470297507242765,18,11,8,-0.1539602856224706,0.7647058823529412,-0.6182265096366887,0.19966944901468267,-0.5579349578101807,4,0.06638953557082576,4,0.06875078009142492,-0.3763509457312649,0.6131825807185882,,n<15,False
PAIR_ATR_MAX,ATR5_T,T3 >0.185,T1 ≤0.115,28,20,-0.0176863599244336,0.7317073170731707,-0.3690515124223907,0.3254603323886191,-0.18761648563446146,8,0.14415185503749764,12,35,24,-0.014721360889623315,0.7761194029850746,-0.24967212374264355,0.18139699660170577,0.06170860723583517,7,-0.06318914555454822,17,-0.002964999034810286,-0.40518267130078617,0.41646100888672644,,same sign,False
PAIR_ATR_MAX,BULL_T,T3 >52.2,T1 ≤24.4,28,26,-0.07898533681064113,0.7446808510638298,-0.41279772623506844,0.23805130641237426,0.07031350714297402,7,-0.14896916991389814,19,40,30,0.045305570973465804,0.8194444444444443,-0.1891473297238926,0.27247184479710895,-0.02541837895512821,13,0.09877977701703704,17,-0.12429090778410692,-0.5104633435159504,0.264454378558841,T3 >52.2,half h1 flips,False
PAIR_ATR_MAX,BTC_RSI5_T,T3 >55.4,T1 ≤44.8,32,30,-0.11211206057592066,0.7058823529411765,-0.4488575173746739,0.21803280587256552,-0.039259014783217125,6,-0.13214664816891414,24,44,34,-0.006766075777842917,0.8101265822784811,-0.2045870475729751,0.1965061812896896,-0.15895879145567193,14,0.10241565503451266,20,-0.10534598479807775,-0.4832255353762201,0.2729598602415872,,same sign,False
PAIR_ATR_MAX,ABOVE72_T,T3 >52.5,T1 ≤48,24,18,-0.07539044639617452,0.7142857142857142,-0.48471825542995023,0.2821189725334776,-0.1625630778131517,8,-0.0019819146766147633,10,33,23,0.018193237953764204,0.810344827586207,-0.22263296950730577,0.23458761776980372,0.01763266668390256,8,0.018511400025847884,15,-0.09358368434993873,-0.549353713066842,0.3517059124110504,T3 >52.5,gap CI ∋ 0,False
PAIR_ATR_MAX,VOLR_T,T3 >1.13,T1 ≤0.817,31,23,-0.016943052279500808,0.7333333333333335,-0.3674789208262653,0.3326593691701305,-0.4555854732522078,10,0.4026279590856972,13,34,21,-0.04945686002892067,0.8235294117647058,-0.24456577159623052,0.09568505616196697,0.06843386375859707,10,-0.16061097102858027,11,0.032513807749419865,-0.35850767956382323,0.4239535964034073,,same sign,False
PAIR_ATR_MIN,D1_GOLDEN,yes,no,350,21,-0.14057566372213967,0.48335745296671484,-0.22866960121297988,-0.03740385337041476,,0,-0.14057566372213962,21,7650,252,-0.12016815546047663,0.4812820346460781,-0.1436587588376984,-0.096952996461617,-0.09965842460004207,117,-0.13455372007988284,135,-0.020407508261663043,-0.1121712370164165,0.08726784107438863,,same sign,False
PAIR_ATR_MIN,ABOVE_D200,yes,no,931,45,-0.13678513605895862,0.4809447128287707,-0.1927544681128478,-0.07826643653211514,,0,-0.13678513605895862,45,7069,228,-0.11898454148349727,0.4814268660908643,-0.14423660443724373,-0.09384084400792153,-0.09965842460004207,117,-0.13455423169238204,111,-0.017800594575461348,-0.07772515824918667,0.04535600792748581,,same sign,False
PAIR_ATR_MIN,H4_GOLDEN,yes,no,4070,135,-0.10990410695963113,0.4907305095150399,-0.13914941677419587,-0.07974906947718512,-0.09542351894490378,46,-0.117846406659724,89,3930,146,-0.13244385130771813,0.47179293881140844,-0.16570141589285786,-0.09990535473437717,-0.10318039139597002,74,-0.15505296988986833,72,0.022539744348087004,-0.021301629572881203,0.0678357230914554,,same sign,False
PAIR_ATR_MIN,H1_EMA20_UP,yes,no,4271,239,-0.12411313020198707,0.4757828075524803,-0.15680904478884233,-0.09220490535952489,-0.09517863363430501,100,-0.14126089964712252,139,3729,220,-0.11758966642628758,0.48766002375610407,-0.1482567502809973,-0.08524960757446072,-0.10412694919428403,96,-0.1273314552149598,124,-0.006523463775699484,-0.05140840220362601,0.04059281745820221,,same sign,False
PAIR_ATR_MIN,ADX5_RISING,yes,no,4535,268,-0.12124618587685128,0.4780052264808362,-0.14884973371816626,-0.09045635133379656,-0.09307232721266431,114,-0.14023760573470095,154,3465,268,-0.1207752301519252,0.48583815028901733,-0.14857726340173788,-0.09250140854572797,-0.10882837495340163,115,-0.12821679849321946,153,-0.00047095572492607263,-0.03517167788821796,0.0367344952710997,,same sign,False
PAIR_ATR_MIN,EFF72_CHOP,yes,no,954,115,-0.16727805098999074,0.43885281385281383,-0.23412246967835174,-0.10298613413145648,-0.0861634847702023,46,-0.2245750437491211,69,7046,272,-0.11505048579649421,0.48688271604938266,-0.13990409294050793,-0.08933429866352911,-0.10150555807111514,116,-0.12378506535771996,156,-0.05222756519349653,-0.12394840498501683,0.01758069379542216,,same sign,False
PAIR_ATR_MIN,BULL_GT_BEAR,yes,no,6678,273,-0.12261020555758788,0.4812889812889813,-0.1466825251497326,-0.09824287189986934,-0.09733879237643371,117,-0.13913608977589148,156,1322,232,-0.11304071141681736,0.48179059180576633,-0.14793311404518034,-0.07591042365176469,-0.11166235228781124,101,-0.1139233072747809,131,-0.009569494140770518,-0.046669049638963477,0.026090447680306026,,same sign,False
PAIR_ATR_MIN,BTC_SLOPE5_UP,yes,no,6403,273,-0.1272361832221563,0.47598253275109176,-0.15221921817448028,-0.10231148899911283,-0.09888862846659272,117,-0.14611245831659883,156,1597,242,-0.09683315551932695,0.5024390243902438,-0.1318096712135682,-0.06152686880476307,-0.1028717592743592,103,-0.09321941019224135,139,-0.03040302770282935,-0.06925726733522389,0.010799579937948632,,same sign,False
PAIR_ATR_MIN,R1D>0,>0,≤0,4032,133,-0.10305897507658207,0.49555445789083724,-0.13506241130609073,-0.07004659815233037,-0.09395590942728906,55,-0.1085822240360142,78,3968,140,-0.1392353214556786,0.46702473145141143,-0.17141879938296722,-0.10751924254874691,-0.10494916834951984,62,-0.16322834919196294,78,0.03617634637909653,-0.004738488194891423,0.08236926853175561,,same sign,False
PAIR_ATR_MIN,R3D>0,>0,≤0,4026,139,-0.11781694620717917,0.4846504746640365,-0.14947691625246162,-0.08602285405936283,-0.08334527951738886,61,-0.14153460074962385,78,3974,134,-0.12431831766018946,0.4780432878768922,-0.15538848169367275,-0.09297891879188411,-0.11735240676646315,56,-0.12861196708467432,78,0.006501371453010288,-0.03765598610584488,0.05001762050182886,,same sign,False
PAIR_ATR_MIN,R7D>0,>0,≤0,4255,138,-0.10817096810943327,0.4910641280224272,-0.13749746476533614,-0.07630493952155351,-0.1055780059837026,61,-0.11016538948409121,77,3745,135,-0.13565397133229035,0.47036987935834546,-0.16892716031667815,-0.10102773013977863,-0.09128734484700851,56,-0.15943180902507423,79,0.027483003222857072,-0.01814634098597426,0.07265828397650338,,same sign,False
PAIR_ATR_MIN,R30D>0,>0,≤0,5202,160,-0.11196256976276117,0.48705207835642617,-0.1395660704004182,-0.08406115079195414,-0.10038405092742342,61,-0.1189739864309229,99,2798,113,-0.1378970156369975,0.47082816102145775,-0.178716974202114,-0.09863743662969236,-0.0984685421263511,56,-0.1672609809031255,57,0.025934445874236323,-0.02041357245675101,0.07491054313899645,,same sign,False
PAIR_ATR_MIN,R7D_T,T3 >2.33,T1 ≤-2.26,2460,91,-0.08478412625708885,0.5139029835599757,-0.12487584696678976,-0.046105732660241205,-0.09516947841665727,43,-0.07398163986999325,48,2368,91,-0.11956185858993888,0.4850699519732721,-0.16250858617853917,-0.07481960571920036,-0.06651821772948217,41,-0.15746916512680664,50,0.03477773233285003,-0.02199269748937755,0.09129996546327412,,same sign,False
PAIR_ATR_MIN,R30D_T,T3 >5.75,T1 ≤-1.63,2766,91,-0.12297925414692074,0.4807865776655241,-0.15896377122663352,-0.08510960687027809,-0.12756636280690523,27,-0.12034091713987086,64,1996,91,-0.16481733420572342,0.44983737803352514,-0.2137694378451492,-0.11482129553952386,-0.13207426759595597,45,-0.18977886955329307,46,0.041838080058802685,-0.020860601210810552,0.1039563188555648,,same sign,False
PAIR_ATR_MIN,OFF30_T,T3 >-3.98,T1 ≤-8.84,2979,118,-0.12296772937217898,0.4786482851378615,-0.1592681142959063,-0.08457269365745415,-0.08855486960905942,41,-0.1404270667380597,77,1930,99,-0.14271609747011843,0.47028423772609823,-0.19356008264076138,-0.09362531170180399,-0.1157145327689922,60,-0.18287138070816866,39,0.01974836809793945,-0.04169281529106843,0.08636560429847695,,same sign,False
PAIR_ATR_MIN,ADX5_T,T3 >28.4,T1 ≤19.4,2383,249,-0.1398415275826345,0.4679595278246206,-0.1782609060590739,-0.10188255581775905,-0.11603140141656972,105,-0.15382171206622222,144,882,223,-0.09872812982319196,0.509367681498829,-0.15230860113651903,-0.048948868994835644,-0.13280160150114692,93,-0.07347694337072173,130,-0.04111339775944253,-0.10149072645827495,0.017411172843411475,,same sign,False
PAIR_ATR_MIN,ATR5_T,T3 >0.185,T1 ≤0.115,1002,170,-0.07133837333118796,0.5249500998003992,-0.13096278301372324,-0.01264070928104387,-0.0520198007864254,90,-0.10903661872413406,80,3974,181,-0.1222956536253605,0.47320754716981134,-0.15224053576500884,-0.09380757795842808,-0.12993029806836467,60,-0.11946556990941928,121,0.05095728029417254,-0.015528150076284641,0.11544622643740228,,same sign,False
PAIR_ATR_MIN,BULL_T,T3 >52.2,T1 ≤24.4,5407,270,-0.12007307393461078,0.48534498452576,-0.14658787951525679,-0.09439823639650267,-0.09205983526268173,115,-0.1388735620728145,155,372,164,-0.06804992936832281,0.5307486631016044,-0.12384420586909976,-0.013210602239310214,-0.08586572513959277,77,-0.05344184378458083,87,-0.05202314456628797,-0.11149293957798209,0.00748620165662024,,same sign,False
PAIR_ATR_MIN,BTC_RSI5_T,T3 >55.4,T1 ≤44.8,5251,269,-0.13023952176219342,0.4709396036787712,-0.15676099217937428,-0.10059875360074556,-0.0943373152530392,115,-0.1538283713491978,154,1020,218,-0.13492992776542467,0.4699860400186133,-0.17649263396261977,-0.09309328006335399,-0.1372268000447086,91,-0.13357322600460408,127,0.004690406003231257,-0.04409888579482581,0.05304264522457466,,same sign,False
PAIR_ATR_MIN,ABOVE72_T,T3 >52.5,T1 ≤48,2676,136,-0.14817022064668248,0.4604263206672845,-0.19086128763330357,-0.10639406536887538,-0.13367813729786146,59,-0.156850866896821,77,2408,141,-0.08389986058965566,0.5232248823409044,-0.1273127487590368,-0.04037225564063445,-0.0885633288132996,62,-0.08038887787752197,79,-0.06427036005702681,-0.12329799212355168,-0.00427596580832755,,same sign,True
PAIR_ATR_MIN,VOLR_T,T3 >1.13,T1 ≤0.817,2255,91,-0.1157801909534533,0.49126685827990274,-0.16320417918015653,-0.06861967206291693,-0.09435175009600613,41,-0.13044889646406332,50,2840,91,-0.12941786807825775,0.4700959023539669,-0.16571459552623186,-0.09247512309463217,-0.10916248643596427,39,-0.14313868231737795,52,0.01363767712480446,-0.04358801470525022,0.07324789104255873,,same sign,False
PAIR_EMA20_FILTER,D1_GOLDEN,yes,no,370,21,-0.11893766666827117,0.5801886792452831,-0.2192061990050165,-0.008422607605004875,,0,-0.1189376666682712,21,5049,252,-0.14668811784892619,0.5746161493427593,-0.17773856508086103,-0.11513145366823026,-0.13452172149054492,117,-0.16003536203546634,135,0.027750451180655014,-0.07427476246459731,0.1407835735087405,,same sign,False
PAIR_EMA20_FILTER,ABOVE_D200,yes,no,821,45,-0.1720499926091817,0.5608203677510609,-0.22953741708138312,-0.10959527534836684,,0,-0.17204999260918172,45,4598,228,-0.1402215344215065,0.5774018126888217,-0.17421336644752886,-0.10702668196653913,-0.13452172149054492,117,-0.14784920157071085,111,-0.031828458187675185,-0.09523920315325057,0.03721422108075342,,same sign,False
PAIR_EMA20_FILTER,H4_GOLDEN,yes,no,2372,135,-0.1425594668244801,0.5729832032174118,-0.1824359277964596,-0.10217841489963313,-0.13096207709982668,47,-0.1496871215483026,88,3047,146,-0.1466519627646049,0.5765287440497986,-0.18970980753104302,-0.10370809092502135,-0.13635333895925794,74,-0.16044373862726877,72,0.004092495940124813,-0.05532651479789453,0.06544467241093951,,same sign,False
PAIR_EMA20_FILTER,H1_EMA20_UP,yes,no,2800,232,-0.14021033657929022,0.589264173703257,-0.17281542446826453,-0.10674878964577893,-0.13041785728170485,99,-0.14877045412653891,133,2619,223,-0.14977850959532552,0.5599151643690351,-0.19978452564863194,-0.09884222594859247,-0.13846251824737807,99,-0.16167039089008017,124,0.009568173016035297,-0.0493653970631576,0.06722702675567768,,same sign,False
PAIR_EMA20_FILTER,ADX5_RISING,yes,no,2990,271,-0.13565323086269815,0.5927768564584485,-0.16882621507650797,-0.10049398361898125,-0.11609393823062827,117,-0.15257101077847812,154,2429,253,-0.15659826442878613,0.5523228531206007,-0.20844525227712707,-0.10694460088212498,-0.1554242588791029,112,-0.1578734079993917,141,0.020945033566087984,-0.03840996039930936,0.08061887128100836,,same sign,False
PAIR_EMA20_FILTER,EFF72_CHOP,yes,no,616,95,-0.17841500862419796,0.5724976613657624,-0.24870691674735718,-0.10729059565661074,-0.15430987223002038,38,-0.19813366611671399,57,4803,272,-0.14070606063434823,0.5752900232018562,-0.17329075947011954,-0.10912038097546307,-0.1322848001026042,117,-0.1489151015421537,155,-0.03770894798984972,-0.11651289015172463,0.039832039269284296,,same sign,False
PAIR_EMA20_FILTER,BULL_GT_BEAR,yes,no,4974,273,-0.14577290657276692,0.5715726936442103,-0.17812566378050299,-0.11554530640226865,-0.13315370802861334,117,-0.15755775533240568,156,445,158,-0.1343382647808537,0.6145833333333333,-0.22989274356112388,-0.04083052756671196,-0.14829135231765045,74,-0.11677378988159189,84,-0.011434641791913225,-0.10670465605188743,0.08608568931369708,,same sign,False
PAIR_EMA20_FILTER,BTC_SLOPE5_UP,yes,no,5414,273,-0.14551866789958787,0.5746900826446281,-0.1754376586141383,-0.11626142463650627,-0.1357206324183433,117,-0.15488510674819733,156,5,5,0.5565353756290465,0.8888888888888888,-0.3369591074224742,1.6924452883959633,0.9998877983923005,3,0.0023448471749791325,2,-0.7020540435286344,-1.827506251726175,0.19495591207753907,,n<15,False
PAIR_EMA20_FILTER,R1D>0,>0,≤0,2508,133,-0.1271053082453257,0.5838032934807129,-0.17146514977591007,-0.08273896112841975,-0.08282528234281138,55,-0.16728886015083463,78,2911,140,-0.15984666199311653,0.5675418569254186,-0.20089972988182617,-0.12179051221898116,-0.1760244965809789,62,-0.14368113462061202,78,0.03274135374779083,-0.025646589778040657,0.09271434781552436,,same sign,False
PAIR_EMA20_FILTER,R3D>0,>0,≤0,2662,139,-0.1269808010947533,0.5856691253951528,-0.17063890043608324,-0.0860136257071017,-0.08674171843905945,61,-0.16600051760936552,78,2757,134,-0.16203235956568465,0.5647249190938511,-0.20365936228158357,-0.11956409268187539,-0.18102759112732408,56,-0.1441123297905531,78,0.03505155847093136,-0.025491927577214895,0.08992966396087988,,same sign,False
PAIR_EMA20_FILTER,R7D>0,>0,≤0,2702,138,-0.15884713439868484,0.5654331197022948,-0.19724745670296479,-0.12010298523827215,-0.1590802678930449,61,-0.15862427650112432,77,2717,135,-0.1309291627784235,0.5845012366034624,-0.17940404922476474,-0.08246178477355189,-0.1100460032378004,56,-0.15090289440356786,79,-0.027917971620261328,-0.09037580435527204,0.03186341194180087,,same sign,False
PAIR_EMA20_FILTER,R30D>0,>0,≤0,2972,160,-0.13585309638467088,0.5751461436922498,-0.17243250305124425,-0.10053856184611731,-0.11480492540701273,61,-0.15146123105381767,99,2447,113,-0.15576445890548105,0.5747834017327861,-0.20597386020858688,-0.10439334372704157,-0.1524880352744899,56,-0.1600196883381834,57,0.01991136252081016,-0.04315413450393805,0.08173450348164736,,same sign,False
PAIR_EMA20_FILTER,R7D_T,T3 >2.33,T1 ≤-2.26,1846,91,-0.15744385754567816,0.5672604422604423,-0.20523220314848822,-0.10960934762444209,-0.1514249220214139,43,-0.16383635588272133,48,1939,91,-0.12397724806830493,0.5934982738780207,-0.1835050991312065,-0.06498919215710545,-0.10897675060807614,41,-0.1400875675363311,50,-0.03346660947737323,-0.10780052239408534,0.0416413420333732,,same sign,False
PAIR_EMA20_FILTER,R30D_T,T3 >5.75,T1 ≤-1.63,1677,91,-0.16120969816404326,0.5680053999325009,-0.20862456855554348,-0.11512191434503101,-0.14826542874051363,27,-0.16672253668176407,64,2015,91,-0.15892892124085126,0.5769551906484832,-0.2176898866240027,-0.09819347851012923,-0.1603073018759416,45,-0.15728378440226665,46,-0.002280776923192007,-0.07923387693107665,0.07229014390966973,,same sign,False
PAIR_EMA20_FILTER,OFF30_T,T3 >-3.98,T1 ≤-8.84,1788,117,-0.14428012549931782,0.5817430025445293,-0.1937157404095557,-0.09811220555711642,-0.11762710953424875,40,-0.1615689460283112,77,2055,99,-0.13800724810142362,0.5787061994609165,-0.19598792419876707,-0.07694046543916255,-0.1347418255364059,60,-0.14361057935501192,39,-0.0062728773978942,-0.08273924712364272,0.07104842172863549,,same sign,False
PAIR_EMA20_FILTER,ADX5_T,T3 >28.4,T1 ≤19.4,1561,242,-0.17112670594275653,0.5594633792603336,-0.22081200308785895,-0.12326612764205727,-0.1509863584233134,104,-0.18791925633463266,138,387,159,-0.11910359538895259,0.6107784431137725,-0.2193250647750915,-0.024161052525875328,-0.1504639884481639,78,-0.08266870507096918,81,-0.052023110553803945,-0.15452255770869106,0.049726385725191634,,same sign,False
PAIR_EMA20_FILTER,ATR5_T,T3 >0.185,T1 ≤0.115,2304,179,-0.12752190798461427,0.5942100098135428,-0.1829801397105001,-0.0700908610003926,-0.11807943891117027,89,-0.14410209201688873,90,1314,166,-0.13245329189094654,0.5768421052631578,-0.1771090816815972,-0.08673931723709938,-0.15269209562410993,54,-0.12464824564379307,112,0.004931383906332271,-0.0680982468210244,0.07791491830349213,,same sign,False
PAIR_EMA20_FILTER,BULL_T,T3 >52.2,T1 ≤24.4,4428,272,-0.14078344124935638,0.575894538606403,-0.17513334327249083,-0.1087392621700653,-0.12594127707098737,117,-0.15464189316244384,155,67,42,-0.1390754304685651,0.6694915254237289,-0.29957014900167483,0.02693801620397803,-0.10063553596825422,24,-0.20143348154684715,18,-0.0017080107807912748,-0.17592402574958657,0.16301688804188966,,same sign,False
PAIR_EMA20_FILTER,BTC_RSI5_T,T3 >55.4,T1 ≤44.8,4166,273,-0.14588973401981517,0.5846051758460518,-0.17461247687946896,-0.11697533739618331,-0.12760108710587875,117,-0.16124487482475344,156,45,21,-0.20849529686722976,0.536231884057971,-0.4781935317894385,0.0009768305956567467,-0.21101534024761676,5,-0.2065568019592398,16,0.06260556284741459,-0.15093121022780523,0.33740879898576936,,same sign,False
PAIR_EMA20_FILTER,ABOVE72_T,T3 >52.5,T1 ≤48,1783,134,-0.12775416241229562,0.5883640913356273,-0.18003809358076162,-0.07987963829309778,-0.10478813411419852,59,-0.14795238600662444,75,1916,140,-0.1304489105082417,0.5812482024733966,-0.179246197436637,-0.08404648349711395,-0.135293670832981,65,-0.12517033450538576,75,0.0026947480959460812,-0.06632452220495151,0.07199777945669125,,same sign,False
PAIR_EMA20_FILTER,VOLR_T,T3 >1.13,T1 ≤0.817,1892,91,-0.1649507500254249,0.5620351085986314,-0.2242409127812976,-0.10659795844378452,-0.17281382445788357,41,-0.15625505680907809,50,1805,91,-0.11133396109331672,0.6007303712720631,-0.16132737375667966,-0.06032641378213976,-0.10177594095866828,39,-0.11985749200210803,52,-0.05361678893210817,-0.12860044608298896,0.02462386848063928,,same sign,False
PAIR_EMA20_SLOPE,D1_GOLDEN,yes,no,300,21,-0.12065385525033614,0.6836363636363637,-0.20372693650694707,-0.03184636883776666,,0,-0.12065385525033614,21,3380,249,-0.15913643761221802,0.6282341526520052,-0.1984135616819864,-0.12116249605607446,-0.16726500213363543,116,-0.15113308846211895,133,0.03848258236188187,-0.0543201327910764,0.13268792225347656,,same sign,False
PAIR_EMA20_SLOPE,ABOVE_D200,yes,no,615,45,-0.12531696468973524,0.6562220232766337,-0.18969808316217804,-0.05791032123819183,,0,-0.12531696468973522,45,3065,225,-0.16209369788556285,0.6280932882321524,-0.204198431585359,-0.12089607109437886,-0.16726500213363543,116,-0.155869468213893,109,0.03677673319582761,-0.041465507896306125,0.11542599146874469,,same sign,False
PAIR_EMA20_SLOPE,H4_GOLDEN,yes,no,1739,133,-0.11619322834898907,0.6608150470219436,-0.15360890720663323,-0.08004059540082373,-0.12386518138799793,45,-0.11213290420945614,88,1941,144,-0.19181798875518216,0.6075056433408578,-0.2518921449468108,-0.1332880168315848,-0.1916608280517534,73,-0.19201334547767215,71,0.07562476040619309,0.005790529727422877,0.1477025239280541,,same sign,True
PAIR_EMA20_SLOPE,H1_EMA20_UP,yes,no,1928,224,-0.14288836090291968,0.648972602739726,-0.18589969448022226,-0.10289772002076511,-0.12516665368010926,93,-0.155831770770839,131,1752,216,-0.17021007243895056,0.6151702786377711,-0.23314848165975394,-0.10838425468011005,-0.20644905333738942,96,-0.13511943219055356,120,0.027321711536030885,-0.047850471948672056,0.10305995330988446,,same sign,False
PAIR_EMA20_SLOPE,ADX5_RISING,yes,no,2235,268,-0.13255698860339804,0.6465116279069768,-0.17247476928332894,-0.09272844694699206,-0.12016226975011149,114,-0.1416257824740096,154,1445,245,-0.1921344100176519,0.6115515288788222,-0.2513509696923857,-0.13498828348587943,-0.22784571457324962,107,-0.1554667966177956,138,0.05957742141425387,-0.007032842187051197,0.12379049875224274,,same sign,False
PAIR_EMA20_SLOPE,EFF72_CHOP,yes,no,390,94,-0.19351744376566735,0.6138888888888888,-0.2767398311219566,-0.1101644922179386,-0.12334157540509685,37,-0.23843639367300293,57,3290,268,-0.1515009629315531,0.635018290655138,-0.19248727642270733,-0.11376669424595315,-0.1716935930596201,115,-0.1340615888482179,153,-0.042016480834114245,-0.13362379570189784,0.045164221976305735,,same sign,False
PAIR_EMA20_SLOPE,BULL_GT_BEAR,yes,no,3011,269,-0.13775848408828778,0.6431967812728603,-0.16871499535672355,-0.10753581021330369,-0.13764774133444777,115,-0.13784377285856467,154,669,189,-0.23475194280164566,0.5876777251184834,-0.3445496858511309,-0.11012669388604727,-0.2695283743270569,84,-0.1932251467513713,105,0.09699345871335788,-0.027599809689632365,0.20887522221635169,,same sign,False
PAIR_EMA20_SLOPE,BTC_SLOPE5_UP,yes,no,3667,270,-0.1549593469935731,0.6333134506412169,-0.19203712283702154,-0.11937584199030307,-0.16751883489164182,116,-0.14443113592112403,154,13,11,-0.40364177295499254,0.5,-0.9640722441356614,0.15272858997723662,-0.08964294473527505,5,-0.5780855664103911,6,0.24868242596141943,-0.30190198458634404,0.8062299903576078,,n<15,False
PAIR_EMA20_SLOPE,R1D>0,>0,≤0,1628,131,-0.1267851859191444,0.6569688768606224,-0.1664757048621576,-0.08907830810632618,-0.10365492308336441,55,-0.14349936186108334,76,2052,139,-0.17884656987947323,0.6138168343038644,-0.23583421462001478,-0.12467948826341337,-0.21041407107364418,61,-0.1492540610677069,78,0.05206138396032883,-0.012835581669581044,0.11781596755673396,,same sign,False
PAIR_EMA20_SLOPE,R3D>0,>0,≤0,1797,138,-0.12519203449275224,0.6511483550589695,-0.16507682626362896,-0.08600032714395327,-0.12259333421264618,61,-0.1271168416694272,77,1883,132,-0.18425131419305046,0.6158883826879271,-0.24216939594708548,-0.12769209388278235,-0.20335507680639692,55,-0.16638955928679763,77,0.05905927970029823,-0.01026047677060007,0.1274424630399112,,same sign,False
PAIR_EMA20_SLOPE,R7D>0,>0,≤0,1825,136,-0.10575326077606736,0.6546894031668697,-0.14483557539130093,-0.06963273781358038,-0.07649357123697638,60,-0.1293767965789548,76,1855,134,-0.20381612817189437,0.6118840579710145,-0.2597949289361918,-0.14791215105416883,-0.250439074042067,56,-0.16344655741032263,78,0.09806286739582701,0.030434237355123652,0.16720156803879752,,same sign,True
PAIR_EMA20_SLOPE,R30D>0,>0,≤0,2056,159,-0.12639151891387063,0.6555435952637244,-0.16105531945474807,-0.0919050350764942,-0.13504368179517773,61,-0.12135639475093027,98,1624,111,-0.19244150639420066,0.604705102717031,-0.25984170634714887,-0.12929889001863962,-0.19315950237036184,55,-0.1915141630719151,56,0.06604998748033003,-0.005349499745015434,0.13707756597354417,,same sign,False
PAIR_EMA20_SLOPE,R7D_T,T3 >2.33,T1 ≤-2.26,1225,90,-0.12849617516785977,0.6444342226310947,-0.17588017986455415,-0.08392390590428019,-0.10935706955632185,43,-0.14544416027573517,47,1355,90,-0.20569172638433134,0.6033320111067038,-0.27560620239715483,-0.13320965281278258,-0.2434948372342763,41,-0.16607676862931178,49,0.07719555121647156,-0.006506710954065135,0.1561543262323324,,same sign,False
PAIR_EMA20_SLOPE,R30D_T,T3 >5.75,T1 ≤-1.63,1185,91,-0.11841185810732371,0.6652777777777777,-0.16240453878411357,-0.07837845383821872,-0.09949768220031417,27,-0.12476337172359223,64,1340,91,-0.20349441336362553,0.6042332268370606,-0.2777711962660915,-0.13179154028502377,-0.21057921285612696,45,-0.19519297007275876,46,0.08508255525630182,0.0003402063882127524,0.16716758154667194,,same sign,True
PAIR_EMA20_SLOPE,OFF30_T,T3 >-3.98,T1 ≤-8.84,1260,113,-0.14053321608852948,0.648590021691974,-0.18842053961018146,-0.09532785368279106,-0.1159156300790522,38,-0.15235977635512485,75,1397,97,-0.19063493903106118,0.6027079303675049,-0.2660643915081866,-0.115527969376209,-0.18828161451127576,59,-0.19471901544635004,38,0.05010172294253171,-0.03940900471911218,0.1312399152891742,,same sign,False
PAIR_EMA20_SLOPE,ADX5_T,T3 >28.4,T1 ≤19.4,989,233,-0.15454319879414669,0.6558219178082192,-0.20742290434570765,-0.099398370190276,-0.13834564197340987,100,-0.16592398944661776,133,425,167,-0.1537127986766584,0.593220338983051,-0.2769993140384481,-0.030800723533741147,-0.13820885888715237,70,-0.16771635719621225,97,-0.000830400117488278,-0.13460480605438555,0.13455793633260246,,same sign,False
PAIR_EMA20_SLOPE,ATR5_T,T3 >0.185,T1 ≤0.115,1497,174,-0.18426229736833313,0.6212121212121211,-0.2527896719384149,-0.11851731496270779,-0.16226251855410953,86,-0.21677845396737777,88,1015,159,-0.13565522618501097,0.6433492315845256,-0.19595672975667994,-0.07327545373803368,-0.21466805599605485,48,-0.10222672126495395,111,-0.048607071183322165,-0.14276000461174537,0.042277697200557796,,same sign,False
PAIR_EMA20_SLOPE,BULL_T,T3 >52.2,T1 ≤24.4,2458,269,-0.12724487125592865,0.6460058178563437,-0.1605469587615638,-0.09358617600655281,-0.10883652618830353,115,-0.1406120743177808,154,210,74,-0.3199329751984272,0.5532407407407407,-0.4825224243025201,-0.007864505723910642,-0.424206966703426,40,-0.03249945078899589,34,0.19268810394249858,-0.11261175170781364,0.3527802138317633,,same sign,False
PAIR_EMA20_SLOPE,BTC_RSI5_T,T3 >55.4,T1 ≤44.8,3409,269,-0.15716296535215102,0.6310151878497201,-0.1938259424482264,-0.12074613168703678,-0.16744920019646592,115,-0.14887518202348973,154,2,2,0.5417302555357463,1.0,0.09977979354256439,0.983680717528928,,0,0.5417302555357463,2,-0.6988932208878973,-1.1647759603819552,-0.2352011934835475,,n<15,False
PAIR_EMA20_SLOPE,ABOVE72_T,T3 >52.5,T1 ≤48,1171,126,-0.10072219676161923,0.6690140845070423,-0.15174546736643788,-0.05525707396776315,-0.08223966659295721,56,-0.11166252852064788,70,1370,137,-0.18174199811157032,0.6182965299684543,-0.24499382224348795,-0.11377620441007424,-0.1896021162233325,63,-0.1727665929704365,74,0.0810198013499511,-0.00624451689568579,0.16469568151196756,,same sign,False
PAIR_EMA20_SLOPE,VOLR_T,T3 >1.13,T1 ≤0.817,1296,90,-0.19621604321800892,0.6157676348547717,-0.2665411170824677,-0.12796167686952226,-0.22029671438632367,40,-0.17307587019133705,50,1198,90,-0.13259799705591546,0.6371559633027524,-0.19300220158188813,-0.07325944118869192,-0.14010782531600602,39,-0.12640788756956467,51,-0.06361804616209346,-0.15306337386358218,0.030160461841610513,,same sign,False
PAIR_EMA_GAP_5_20[<min],D1_GOLDEN,yes,no,616,21,-0.029259528745982994,0.6764705882352942,-0.13849799637562696,0.09099569255087851,,0,-0.029259528745982994,21,6835,252,-0.14516061197410235,0.5818598801509209,-0.17616408760704896,-0.11674369678728932,-0.14660580133285436,117,-0.1436464581178489,135,0.11590108322811936,0.0031795626725516137,0.2386192760339527,,same sign,False
PAIR_EMA_GAP_5_20[<min],ABOVE_D200,yes,no,1251,45,-0.08461857153188318,0.6411906677393402,-0.15186843282631357,-0.010518306084275566,,0,-0.08461857153188321,45,6200,228,-0.14522255411551482,0.5798101111742272,-0.17754495487703695,-0.11436582904904734,-0.14660580133285436,117,-0.14345326657064342,111,0.060603982583631644,-0.015049303121718611,0.14135945308467843,,same sign,False
PAIR_EMA_GAP_5_20[<min],H4_GOLDEN,yes,no,3448,136,-0.10779716409213701,0.6077478273678009,-0.14381895601339026,-0.06874505604424012,-0.14641744570785328,47,-0.08671956504093668,89,4003,146,-0.15811775014616372,0.5751870324189525,-0.20600565913319496,-0.11506983901065793,-0.14670571025808726,74,-0.17284811525733693,72,0.050320586054026714,-0.008638769968821123,0.11092736078899228,,same sign,False
PAIR_EMA_GAP_5_20[<min],H1_EMA20_UP,yes,no,3626,236,-0.12330427672009205,0.601951219512195,-0.1576727072645815,-0.09089322812747064,-0.10508993085071652,99,-0.13712913938534985,137,3825,230,-0.14608738770331292,0.5789887346083311,-0.1933391538992827,-0.097525946971968,-0.18025321887544563,103,-0.11186780850101957,127,0.022783110983220875,-0.03902666518544813,0.07954108013620714,,same sign,False
PAIR_EMA_GAP_5_20[<min],ADX5_RISING,yes,no,3936,273,-0.1239694091733777,0.5963174603174602,-0.1554882490812533,-0.09024962157897953,-0.12578017748932596,117,-0.12261062859221719,156,3515,266,-0.1476319881674938,0.5830689356792617,-0.19664319908573544,-0.09740630932276995,-0.16646662226385772,116,-0.12798714294029034,150,0.023662578994116085,-0.036576421318249355,0.08192386430581457,,same sign,False
PAIR_EMA_GAP_5_20[<min],EFF72_CHOP,yes,no,856,104,-0.13744248355172034,0.5702380952380952,-0.2109807301941512,-0.057526603588021245,-0.09369232368373283,44,-0.17196737009291171,60,6595,271,-0.13474262554854605,0.5926574758168939,-0.16646576639196042,-0.10567079552486101,-0.15295541865074894,116,-0.11857006336762817,155,-0.0026998580031742936,-0.07473006722518398,0.07602096138012193,,same sign,False
PAIR_EMA_GAP_5_20[<min],BULL_GT_BEAR,yes,no,5980,273,-0.12865708401649784,0.5947778908104442,-0.15449690566353802,-0.10289527599050206,-0.14059255155218686,117,-0.1187780527838281,156,1471,234,-0.16007312981584557,0.5718552937271821,-0.2321901919472994,-0.09033013492517539,-0.16701417511196862,104,-0.15248090931820996,130,0.03141604579934773,-0.03388167802375144,0.09761736676224851,,same sign,False
PAIR_EMA_GAP_5_20[<min],BTC_SLOPE5_UP,yes,no,7378,273,-0.1335964561782697,0.5911636164982245,-0.16407273680348264,-0.10520928286706484,-0.14596589381550928,117,-0.12280246098178343,156,73,30,-0.2639563570858758,0.49696969696969695,-0.4653029002801587,0.0624206493125898,-0.194070245880275,14,-0.35203200408471513,16,0.13035990090760607,-0.19531244384785423,0.32461680849043356,,same sign,False
PAIR_EMA_GAP_5_20[<min],R1D>0,>0,≤0,3439,133,-0.09606549182523028,0.6087086637737542,-0.13233276287521947,-0.05944875910939742,-0.07182840299815649,55,-0.11521883016968992,78,4012,140,-0.16710972450476705,0.5748215604233325,-0.21072070835646078,-0.12422199751946061,-0.20222691204575363,62,-0.1336302134981438,78,0.07104423267953677,0.01626651322414891,0.1258443269534972,,same sign,True
PAIR_EMA_GAP_5_20[<min],R3D>0,>0,≤0,3553,139,-0.10188351202656959,0.6102719033232629,-0.14065860755661064,-0.06255770621970598,-0.11858906787575955,61,-0.08716272993050395,78,3898,134,-0.164386232005226,0.5722830236701452,-0.20895131099889735,-0.122213802931849,-0.1715299773263791,56,-0.15815800240174333,78,0.06250271997865642,0.006321168355148714,0.12061926075004771,,same sign,True
PAIR_EMA_GAP_5_20[<min],R7D>0,>0,≤0,3573,138,-0.11086978739826825,0.6015413158270302,-0.14718789375163827,-0.07345624131415955,-0.14317948758308355,61,-0.08272713265784974,77,3878,135,-0.1567642531266451,0.5798513201743142,-0.20139627452446318,-0.11439376540247406,-0.14966454119376082,56,-0.16301843523917148,79,0.045894465728376854,-0.01106791177036581,0.10411204710860095,,same sign,False
PAIR_EMA_GAP_5_20[<min],R30D>0,>0,≤0,4091,160,-0.12425598990134286,0.5949731149180943,-0.15752184828681703,-0.08957629227594112,-0.154633017360501,61,-0.10552748095644039,99,3360,113,-0.14771934115571234,0.5844098649442161,-0.20077061496103055,-0.09916849479103843,-0.14027289681026714,56,-0.1574912195805227,57,0.023463351254369477,-0.036555278824957994,0.08693373818511224,,same sign,False
PAIR_EMA_GAP_5_20[<min],R7D_T,T3 >2.33,T1 ≤-2.26,2457,91,-0.12372271794360792,0.5969684385382059,-0.16667623983192187,-0.08183933059874625,-0.16115374112463182,43,-0.08930527255555613,48,2732,91,-0.16964897364984075,0.5789188211896583,-0.22571289387318752,-0.11811550646143797,-0.17209084685029044,41,-0.1672185522356847,50,0.04592625570623282,-0.023478692284031683,0.11273372206346217,,same sign,False
PAIR_EMA_GAP_5_20[<min],R30D_T,T3 >5.75,T1 ≤-1.63,2385,91,-0.1173141469279216,0.6087050204697263,-0.16439333093192696,-0.0659931812515247,-0.17666120819480013,27,-0.09737804430890971,64,2801,91,-0.16015747758046572,0.5780479210711768,-0.22278912251804242,-0.10337101349528607,-0.1577934611447348,45,-0.16295826379647033,46,0.04284333065254413,-0.03342302369898771,0.12121127113429062,,same sign,False
PAIR_EMA_GAP_5_20[<min],OFF30_T,T3 >-3.98,T1 ≤-8.84,2414,119,-0.1372665657299028,0.5981744852472936,-0.18000599070856993,-0.09651894838082437,-0.18921919610835722,42,-0.10833722594546932,77,2814,99,-0.14838779315872982,0.588048090523338,-0.2109952787947537,-0.09001219867802807,-0.13004050583833784,60,-0.1789666053593832,39,0.011121227428827013,-0.0639437267780594,0.0868087055180641,,same sign,False
PAIR_EMA_GAP_5_20[<min],ADX5_T,T3 >28.4,T1 ≤19.4,1694,244,-0.12092943578709925,0.6193509250834092,-0.17553338123009407,-0.07066925207787628,-0.12600439650026146,104,-0.11712321525222757,140,961,224,-0.10143283228396036,0.59349173553719,-0.18015225815122213,-0.02917422976758957,-0.13747588072229305,97,-0.06999102407179777,127,-0.019496603503138893,-0.11023010685635043,0.07542791295345225,,same sign,False
PAIR_EMA_GAP_5_20[<min],ATR5_T,T3 >0.185,T1 ≤0.115,2988,187,-0.142282585514929,0.6029755934470077,-0.2004857860645478,-0.08563978484176549,-0.14743190301426132,91,-0.1334113216392017,96,2008,175,-0.12173679461025706,0.5767571682314134,-0.16409941751980425,-0.0780090304057624,-0.17235338349658955,55,-0.10072682091093917,120,-0.020545790904671943,-0.08809253022342672,0.04952516510917512,,same sign,False
PAIR_EMA_GAP_5_20[<min],BULL_T,T3 >52.2,T1 ≤24.4,4832,273,-0.11168601352494383,0.608214849921011,-0.14148060934520795,-0.08130190073431302,-0.11351356168772248,117,-0.11020768060454791,156,442,122,-0.2134162795965245,0.5466531440162272,-0.3429692836184261,-0.08038807355710986,-0.22478859305427637,62,-0.19512430451104007,60,0.10173026607158069,-0.023364276290892317,0.2188581766712803,,same sign,False
PAIR_EMA_GAP_5_20[<min],BTC_RSI5_T,T3 >55.4,T1 ≤44.8,6721,273,-0.13548139900354172,0.5894807220860263,-0.16354131967084218,-0.10728286054958272,-0.14437589645605658,117,-0.1281546757260332,156,2,2,-0.31220477449270695,0.5,-0.6901053334190008,0.065695784433587,-0.31220477449270695,2,,0,0.17672337548916522,-0.21875951587194872,0.574085080552466,,n<15,False
PAIR_EMA_GAP_5_20[<min],ABOVE72_T,T3 >52.5,T1 ≤48,2327,136,-0.09821753335297673,0.623368001770303,-0.13959849895071147,-0.05462343198953528,-0.12044781726755983,61,-0.08226512893232564,75,2760,141,-0.16384102054982652,0.5767796911059826,-0.21941757843268336,-0.10971479981174732,-0.16727686050807866,65,-0.16008470648175605,76,0.0656234871968498,-0.00318362120454139,0.13601478973363762,,same sign,False
PAIR_EMA_GAP_5_20[<min],VOLR_T,T3 >1.13,T1 ≤0.817,2736,91,-0.16054622595108167,0.5889270852180207,-0.22119706678829373,-0.10663369386708593,-0.1773447051779959,41,-0.14347195994371836,50,2452,91,-0.1198751830711744,0.592196349905601,-0.165673177121777,-0.07460695235977596,-0.13706418573575568,39,-0.10494345829472906,52,-0.040671042879907277,-0.11266406769630513,0.03274265471862644,,same sign,False
PAIR_EMA_GAP_5_20[>max],D1_GOLDEN,yes,no,716,21,-0.13087293038614503,0.6533807829181495,-0.20057368668590478,-0.06366225858833592,,0,-0.130872930386145,21,7284,251,-0.08887104474033153,0.6731133067059071,-0.11890676070257729,-0.06105094301600022,-0.09539387435391179,117,-0.08331716166379713,134,-0.0420018856458135,-0.1167559984640323,0.03023185827545973,,same sign,False
PAIR_EMA_GAP_5_20[>max],ABOVE_D200,yes,no,1501,45,-0.1470610359161329,0.6450187011220673,-0.19684722183566106,-0.0967218452444991,,0,-0.14706103591613295,45,6499,227,-0.08006663840223463,0.6774244208873184,-0.11212524360483488,-0.05029389187444153,-0.09539387435391179,117,-0.06376841261628892,110,-0.06699439751389827,-0.12626353211036956,-0.006545273476497436,,same sign,False
PAIR_EMA_GAP_5_20[>max],H4_GOLDEN,yes,no,3507,135,-0.0830777102824671,0.678023102792806,-0.11974404951337964,-0.04682839562179944,-0.012208414412016607,47,-0.11461177685824753,88,4493,146,-0.10003244155935413,0.6661763041756252,-0.14031464030595173,-0.06238340110051715,-0.1347002639966381,74,-0.06475516196963392,72,0.016954731276887028,-0.03685277872731842,0.07132638804437504,,same sign,False
PAIR_EMA_GAP_5_20[>max],H1_EMA20_UP,yes,no,4229,239,-0.08657243595638363,0.675832828588734,-0.12474846274127661,-0.052505602226667406,-0.08715148594047104,102,-0.08618640263365868,137,3771,232,-0.09938009538631697,0.6663522436329335,-0.14459539893586829,-0.05530283175059622,-0.1037398929191314,102,-0.0959624752530218,130,0.012807659429933338,-0.0482465216354204,0.07134821612403727,,same sign,False
PAIR_EMA_GAP_5_20[>max],ADX5_RISING,yes,no,5240,267,-0.09072005502580126,0.671515268278586,-0.12385233862369678,-0.0574640684835183,-0.1015086437296676,113,-0.08298154044847049,154,2760,265,-0.09639098308951126,0.6710103871576959,-0.14117593435785183,-0.05197373702717441,-0.0834883332612861,115,-0.10575675921971253,150,0.005670928063710001,-0.04814168893800708,0.060772949850249836,,same sign,False
PAIR_EMA_GAP_5_20[>max],EFF72_CHOP,yes,no,895,112,-0.03617759858206053,0.6974595842956121,-0.11052225758839411,0.03751170241979639,-0.0019203727543657325,45,-0.05935843193497307,67,7105,272,-0.09964827495250116,0.6681009753298909,-0.1290907135583559,-0.0721844438562234,-0.10653609427514005,117,-0.09464949122626919,155,0.06347067637044063,-0.012989055458033527,0.14152015219445505,,same sign,False
PAIR_EMA_GAP_5_20[>max],BULL_GT_BEAR,yes,no,7402,271,-0.09215985442480867,0.6699129714048901,-0.1200754629816582,-0.06587459686812545,-0.09446805637618512,117,-0.09047305962160912,154,598,208,-0.09838461963224125,0.6886477462437395,-0.1797910323090183,-0.016558041793099117,-0.10797059723800738,92,-0.0926176544950825,116,0.006224765207432578,-0.07483701748548241,0.08924317771985514,,same sign,False
PAIR_EMA_GAP_5_20[>max],BTC_SLOPE5_UP,yes,no,7976,272,-0.0931025663627242,0.6710197810639523,-0.12078857920566467,-0.06694180778780398,-0.09430435706271297,117,-0.09223841973196305,155,24,17,0.04000077218744895,0.7636363636363637,-0.3384844415686996,0.40144268197347344,-0.34087339092953034,9,0.4648219541256183,8,-0.13310333855017314,-0.4946854632732233,0.2422541447900415,yes,half h1 flips,False
PAIR_EMA_GAP_5_20[>max],R1D>0,>0,≤0,3495,132,-0.10227106456712318,0.6602639296187685,-0.1430466857398336,-0.06401968039084736,-0.0708495365978524,55,-0.12442324178545905,77,4505,140,-0.085215276234646,0.6798780487804879,-0.12340677090553817,-0.04856895253145216,-0.11388573448538049,62,-0.06422690830339249,78,-0.017055788332477173,-0.07314565088413831,0.03460959772225683,,same sign,False
PAIR_EMA_GAP_5_20[>max],R3D>0,>0,≤0,3770,138,-0.09584189444891533,0.6624966004895296,-0.13354508635915344,-0.058816527440511586,-0.0810283534964941,61,-0.10513518690302336,77,4230,134,-0.08980219357179543,0.6791636625811103,-0.12826816222875628,-0.0509821690849651,-0.1063182980746143,56,-0.07639948621730942,78,-0.0060397008771198996,-0.061189763602244145,0.04630858396232914,,same sign,False
PAIR_EMA_GAP_5_20[>max],R7D>0,>0,≤0,3759,137,-0.08896393762700185,0.6663482532751092,-0.12566376408463367,-0.05232086108604051,-0.06579683242015545,61,-0.10543459729425546,76,4241,135,-0.0958585783123066,0.6757307139434594,-0.1363369101785304,-0.059084115297113514,-0.1210115527758242,56,-0.07753804742976936,79,0.006894640685304751,-0.04498284113432755,0.06040206915937307,,same sign,False
PAIR_EMA_GAP_5_20[>max],R30D>0,>0,≤0,4124,159,-0.0896466989466266,0.6742003211065827,-0.12536606516651946,-0.05636257682511012,-0.0548106486423999,61,-0.10710347387660894,98,3876,113,-0.09582871425134841,0.6682939701807626,-0.14044833025633563,-0.052509975815887795,-0.12381264614101452,56,-0.06678381586626875,57,0.006182015304721816,-0.05038505348216997,0.06021705974989953,,same sign,False
PAIR_EMA_GAP_5_20[>max],R7D_T,T3 >2.33,T1 ≤-2.26,2658,90,-0.08643475346292043,0.6671829622458857,-0.12968572072041035,-0.04388862671748033,-0.05804171790701571,43,-0.1056553635713819,47,3207,91,-0.10286029552765166,0.6720241884150222,-0.14825351503612968,-0.06063336568994368,-0.13536359485907132,41,-0.07530751341283762,50,0.016425542064731236,-0.04263436089293635,0.07847991283467694,,same sign,False
PAIR_EMA_GAP_5_20[>max],R30D_T,T3 >5.75,T1 ≤-1.63,2551,91,-0.09088494628586342,0.6783426741393115,-0.13330043031605862,-0.04957319520232034,0.024712629952867302,27,-0.12359900098927411,64,3308,91,-0.10132550849365411,0.6645011600928075,-0.15035816823359274,-0.05364940189097781,-0.1344447709722737,45,-0.07051045269091342,46,0.010440562207790688,-0.054052232738454366,0.07530623603548901,,same sign,False
PAIR_EMA_GAP_5_20[>max],OFF30_T,T3 >-3.98,T1 ≤-8.84,2648,120,-0.07476584616340669,0.6748787584869058,-0.12065365035054636,-0.03249508089732643,0.021758299464193602,42,-0.12069288024101092,78,3309,98,-0.10290488331515589,0.6608440253516772,-0.15281292251399087,-0.05619220897196778,-0.1315382994107865,59,-0.06979510983657508,39,0.028139037151749202,-0.035347792267693225,0.09160878374587995,,same sign,False
PAIR_EMA_GAP_5_20[>max],ADX5_T,T3 >28.4,T1 ≤19.4,2504,249,-0.0609464560759215,0.687551867219917,-0.1096072095884033,-0.012314662000129532,-0.03805562681678431,106,-0.07566087461127691,143,921,215,-0.09047805948864585,0.6718913270637408,-0.1662638411858169,0.0020159771281953,-0.14733038110122895,87,-0.04956277681867364,128,0.029531603412724344,-0.07876218715230213,0.12406860416266605,,same sign,False
PAIR_EMA_GAP_5_20[>max],ATR5_T,T3 >0.185,T1 ≤0.115,4103,186,-0.10009927608080513,0.6618615633155213,-0.14496217302988498,-0.059529727852325735,-0.08798847112515804,91,-0.11481358741420072,95,1629,168,-0.07198339250903364,0.6837896031990158,-0.1288230517663761,-0.011525008962052004,-0.11178738180493338,51,-0.060396289985644225,117,-0.028115883571771486,-0.10515462835186119,0.04018645744694637,,same sign,False
PAIR_EMA_GAP_5_20[>max],BULL_T,T3 >52.2,T1 ≤24.4,6693,269,-0.0930514163422995,0.6675324675324676,-0.1238712107106323,-0.06431525251867531,-0.09614649150825813,116,-0.09076035299158726,153,138,85,-0.12120777766927114,0.6974169741697416,-0.27353012240086905,0.029671307375901505,-0.14216585611551122,41,-0.10621877219822595,44,0.028156361326971635,-0.1246249232847103,0.18472365004169633,,same sign,False
PAIR_EMA_GAP_5_20[>max],BTC_RSI5_T,T3 >55.4,T1 ≤44.8,7369,272,-0.09502799789631577,0.6694436794271551,-0.12333580944021727,-0.0681209373252821,-0.09600298016705346,117,-0.094336237876541,155,10,8,-0.05473213313412709,0.6666666666666666,-0.6654815621972505,0.4354245176985632,0.046663768672232125,3,-0.10543008403730669,5,-0.04029586476218869,-0.5309441593426687,0.5735919712358786,,n<15,False
PAIR_EMA_GAP_5_20[>max],ABOVE72_T,T3 >52.5,T1 ≤48,2563,136,-0.0948178233913446,0.6658546488022736,-0.14363687446954365,-0.05130064208430433,-0.07049895171502357,58,-0.10727965846281524,78,3041,140,-0.08092687977497806,0.6829511465603191,-0.12805801206569817,-0.0354669619841984,-0.08993153669764527,61,-0.07310756111223353,79,-0.013890943616366544,-0.07982707622594455,0.0472051681866464,,same sign,False
PAIR_EMA_GAP_5_20[>max],VOLR_T,T3 >1.13,T1 ≤0.817,3223,91,-0.10059912046420807,0.6665603571998087,-0.14863867449073348,-0.05358643224002134,-0.07926522692955694,41,-0.11694048639331289,50,2490,91,-0.10245901724215663,0.6575986909388423,-0.14879025139860688,-0.05681391855501345,-0.12744142000357736,39,-0.08353812485599074,52,0.0018598967779485526,-0.062706259518742,0.06784577977882227,,same sign,False
PAIR_EMA_GAP_MAX,D1_GOLDEN,yes,no,329,21,-0.1582356747719487,0.6807866868381242,-0.25150364606780456,-0.06078343462096708,,0,-0.15823567477194875,21,3493,250,-0.12224913638274468,0.6712107886250366,-0.16519674193353426,-0.0838120369667909,-0.12514313533634078,115,-0.120110542712983,135,-0.035986538389204015,-0.1357145916048619,0.07363409894660235,,same sign,False
PAIR_EMA_GAP_MAX,ABOVE_D200,yes,no,657,45,-0.1298678453039035,0.6945510360706062,-0.19655932988610847,-0.059994992546238544,,0,-0.12986784530390352,45,3165,226,-0.12449184255604465,0.6673139158576051,-0.17068162517590338,-0.0822881466172671,-0.12514313533634078,115,-0.12391637843837372,111,-0.005376002747858849,-0.0856650754136106,0.07931617276134582,,same sign,False
PAIR_EMA_GAP_MAX,H4_GOLDEN,yes,no,1778,134,-0.08514392338510957,0.691540871546568,-0.13327097383185532,-0.038260339655045425,-0.011148029092684968,45,-0.11828187851977892,89,2044,144,-0.16103652427548404,0.654833836858006,-0.22266726819844032,-0.10666514997595204,-0.19342702137087484,73,-0.1338369081411888,71,0.07589260089037447,-0.00030114789028779946,0.15433852675173024,,same sign,False
PAIR_EMA_GAP_MAX,H1_EMA20_UP,yes,no,2047,226,-0.13095144920004037,0.6660817247430435,-0.17645650698555448,-0.08562918291925431,-0.09812767444772673,93,-0.14903515403053355,133,1775,215,-0.11912194005963975,0.6788780767029193,-0.18749496575154947,-0.058150396276517365,-0.15097370758948928,91,-0.09566054866836886,124,-0.011829509140400624,-0.08683985318813103,0.06753101425049815,,same sign,False
PAIR_EMA_GAP_MAX,ADX5_RISING,yes,no,2339,267,-0.114373801483044,0.6795154185022027,-0.15981870038845955,-0.07043765294879105,-0.07480934379120333,114,-0.13882311354207882,153,1483,251,-0.14248057447989215,0.6605504587155964,-0.22006904492892454,-0.0748208602679584,-0.20006055554172128,104,-0.1047524091609771,147,0.028106772996848148,-0.056650082062192825,0.11872337978381318,,same sign,False
PAIR_EMA_GAP_MAX,EFF72_CHOP,yes,no,392,96,-0.16771954035667075,0.6699875466998755,-0.25647100809085954,-0.07348418149668387,-0.16362837363103455,36,-0.17019878739240626,60,3430,267,-0.12034410157499036,0.6723053892215568,-0.16343458240983957,-0.08222247766044215,-0.1206512142256735,112,-0.12014888501250913,155,-0.04737543878168039,-0.14361547485882506,0.06095639489513441,,same sign,False
PAIR_EMA_GAP_MAX,BULL_GT_BEAR,yes,no,3362,269,-0.12763573409387075,0.6700274977085243,-0.17192334102834833,-0.08489047276494346,-0.13012412463406275,114,-0.12599195708558564,155,460,164,-0.11000413452386802,0.6862326574172891,-0.1950450243750025,-0.01997279179382876,-0.0811753518405169,66,-0.12325100507151376,98,-0.017631599570002723,-0.12121682167754211,0.07855330119251157,,same sign,False
PAIR_EMA_GAP_MAX,BTC_SLOPE5_UP,yes,no,3800,271,-0.12416124595137848,0.6724996634809529,-0.1645671308575144,-0.08700544830174065,-0.1260567576760165,115,-0.12295709740695733,156,22,19,-0.29969431952873316,0.6111111111111112,-0.6421549455463695,0.10822171564880723,0.07768102407167266,6,-0.41934991628008134,13,0.17553307357735468,-0.23783135310564749,0.519949687955235,,same sign,False
PAIR_EMA_GAP_MAX,R1D>0,>0,≤0,1694,132,-0.13787784500656394,0.6660595021250758,-0.1867824006036996,-0.08495800964449679,-0.09912389575402841,54,-0.15928200547968918,78,2128,139,-0.11563804439620924,0.676772499403199,-0.17322455281839488,-0.06495291651065256,-0.1428006621403188,61,-0.09658449409398456,78,-0.0222398006103547,-0.09474844445214337,0.05927214339376099,,same sign,False
PAIR_EMA_GAP_MAX,R3D>0,>0,≤0,1887,137,-0.13996783702955676,0.6634093376764386,-0.1811018730885839,-0.09553288491737802,-0.10755400358309972,59,-0.15693885156355783,78,1935,134,-0.11132821211120167,0.680442221637273,-0.17623880326308894,-0.05340404125453987,-0.13877929014320128,56,-0.0906321777500497,78,-0.02863962491835509,-0.10114912782954037,0.04531644466837529,,same sign,False
PAIR_EMA_GAP_MAX,R7D>0,>0,≤0,1844,137,-0.11193168184275666,0.6802758620689655,-0.1557066630710768,-0.06437250284477695,-0.05022775352170053,60,-0.1518528058451119,77,1978,134,-0.13810913497857683,0.664333851736651,-0.2028422307377755,-0.08050953495560116,-0.19746822259332228,55,-0.10136777776844279,79,0.026177453135820164,-0.04850718856272051,0.10522037319389665,,same sign,False
PAIR_EMA_GAP_MAX,R30D>0,>0,≤0,2148,158,-0.11089437370168694,0.6795266272189349,-0.1533780396555389,-0.06518839151145805,-0.06835141218078235,59,-0.13024673326405437,99,1674,113,-0.14427521809015192,0.6623695518723143,-0.2152840020512118,-0.08262469169688666,-0.17268550941016372,56,-0.11758983731456933,57,0.03338084438846499,-0.04532892228477033,0.11583277459340127,,same sign,False
PAIR_EMA_GAP_MAX,R7D_T,T3 >2.33,T1 ≤-2.26,1232,90,-0.10683126158664635,0.6787954830614805,-0.15878760482518567,-0.04982651594979041,-0.06817998429133768,42,-0.13457021705935712,48,1479,91,-0.12963795522935181,0.6690821256038648,-0.212423851653956,-0.057989753596181325,-0.19105879712121182,41,-0.08091176754038862,50,0.02280669364270546,-0.0664930591569817,0.12354764978191018,,same sign,False
PAIR_EMA_GAP_MAX,R30D_T,T3 >5.75,T1 ≤-1.63,1269,91,-0.10519205341260332,0.6951807228915663,-0.1626511770303228,-0.047114279560529285,-0.07527916930273536,27,-0.11521647838239824,64,1364,91,-0.15993740683616495,0.6517823639774859,-0.24296455624436816,-0.087156645730061,-0.19781555556793015,45,-0.12960929450701508,46,0.05474535342356163,-0.037885394340169,0.15699716030699998,,same sign,False
PAIR_EMA_GAP_MAX,OFF30_T,T3 >-3.98,T1 ≤-8.84,1343,114,-0.13071631154133473,0.6721495327102804,-0.18216669563217175,-0.07577247839405607,-0.022471519999635932,38,-0.17510980011246904,76,1402,95,-0.15002606336615087,0.6560205580029368,-0.23073476648987895,-0.07877081515577122,-0.192518641438717,58,-0.10306749563526259,37,0.019309751824816146,-0.07255639955335312,0.11580973943339394,,same sign,False
PAIR_EMA_GAP_MAX,ADX5_T,T3 >28.4,T1 ≤19.4,1189,232,-0.1379564276160424,0.6636045494313211,-0.19968314091431524,-0.07692613629256555,-0.1084769938564082,94,-0.15358407924765574,138,476,178,-0.03585807732982246,0.7186836518046709,-0.13331979707249866,0.06475519895276885,0.014384906615280338,71,-0.06358690701945911,107,-0.10209835028621994,-0.2180235852802625,0.012165442788412424,,same sign,False
PAIR_EMA_GAP_MAX,ATR5_T,T3 >0.185,T1 ≤0.115,1579,171,-0.11633114489341194,0.6714378659726742,-0.1916164222814127,-0.052199035988139776,-0.15023449525795796,84,-0.0803826862629081,87,1017,152,-0.11057450825932774,0.6729999999999999,-0.18002085292551806,-0.03575023496922517,-0.0746609393884452,41,-0.12154549405017172,111,-0.005756636634084197,-0.1071625190624257,0.09479550632094261,,same sign,False
PAIR_EMA_GAP_MAX,BULL_T,T3 >52.2,T1 ≤24.4,2894,268,-0.12397255220505439,0.6716497597437266,-0.1721094219060266,-0.07897620893443255,-0.13426951320707145,113,-0.11719703640850734,155,106,60,-0.11744070104566755,0.6502242152466366,-0.3191495267932825,0.10891427320252757,-0.051029170729911394,26,-0.1538748044827838,34,-0.006531851159386842,-0.23835659824093183,0.2045587192672014,,same sign,False
PAIR_EMA_GAP_MAX,BTC_RSI5_T,T3 >55.4,T1 ≤44.8,3516,271,-0.13235411169985803,0.6672448684590921,-0.17389221457666965,-0.09323367775331066,-0.13335374395468574,115,-0.13172466128356722,156,5,5,0.9318156755192035,1.0,0.07861103671664516,2.148050465782946,1.34950839661296,3,0.09643023333169116,2,-1.0641697872190616,-2.295815757252226,-0.1943863322946709,,n<15,False
PAIR_EMA_GAP_MAX,ABOVE72_T,T3 >52.5,T1 ≤48,1242,126,-0.11873790077704782,0.6659827656955274,-0.1748880482340706,-0.06076367001801905,-0.09700490149105151,53,-0.12825169751463442,73,1369,136,-0.1449775453860247,0.6665438467207074,-0.22742812891172265,-0.07709027955008697,-0.17440312270372457,62,-0.1202600604391568,74,0.026239644608976875,-0.06519697405509826,0.12460049395931459,,same sign,False
PAIR_EMA_GAP_MAX,VOLR_T,T3 >1.13,T1 ≤0.817,1451,90,-0.13083529349473058,0.6734909989410519,-0.21150017154739123,-0.06075475956520895,-0.16274576313977204,40,-0.10867736570890936,50,1218,91,-0.1316348657398414,0.6675084175084175,-0.1861926085882808,-0.07403086390815124,-0.10941825141915731,39,-0.14607566504828606,52,0.0007995722451108189,-0.09721658544493765,0.09065268051580856,,same sign,False
PAIR_EMA_GAP_MIN,D1_GOLDEN,yes,no,525,21,-0.05926455713506682,0.5816226783968719,-0.1283019868002884,0.023816608523064595,,0,-0.0592645571350668,21,7475,252,-0.11747766851651721,0.5265055414608092,-0.1386032359202606,-0.09639658258664248,-0.11302736194578009,117,-0.12166500504756837,135,0.05821311138145039,-0.015528021425850832,0.1448072653256457,,same sign,False
PAIR_EMA_GAP_MIN,ABOVE_D200,yes,no,1193,45,-0.08753955683475921,0.5656436487638534,-0.15053560483404022,-0.023584537464428453,,0,-0.0875395568347592,45,6807,228,-0.11826000444197897,0.5239106554375687,-0.13987689636956777,-0.09689950704601707,-0.11302736194578009,117,-0.12420217165575753,111,0.03072044760721976,-0.035753180050039635,0.09977470654850895,,same sign,False
PAIR_EMA_GAP_MIN,H4_GOLDEN,yes,no,3894,136,-0.09890573986254525,0.538325098188268,-0.12871837823189797,-0.06653347069777063,-0.10874709201389247,47,-0.09298135372881355,89,4106,146,-0.12821227876843838,0.5219536260483473,-0.15650290566868824,-0.10097766547267531,-0.11598318979629897,74,-0.14198724261195755,72,0.02930653890589313,-0.012079569561448946,0.07296390255186312,,same sign,False
PAIR_EMA_GAP_MIN,H1_EMA20_UP,yes,no,4763,241,-0.10823368825543865,0.5360627916843445,-0.13596834189799814,-0.08020429447869906,-0.10799046425481364,104,-0.10842053099860446,137,3237,229,-0.12167669985049326,0.5213753232922562,-0.15349920646814272,-0.08828114567496592,-0.11954588736195657,102,-0.12365557940630857,127,0.013443011595054608,-0.029806305296062582,0.05594896306900516,,same sign,False
PAIR_EMA_GAP_MIN,ADX5_RISING,yes,no,4701,272,-0.12749575309980432,0.5205141938939474,-0.1510870136169472,-0.1029160324572612,-0.12447598518696201,116,-0.12988042028404467,156,3299,265,-0.09451474734516864,0.5433543354335433,-0.12197084069286988,-0.06576902142547113,-0.09801880716206644,116,-0.09139052602147602,149,-0.03298100575463568,-0.06689736363569843,-0.001495577283697711,,same sign,True
PAIR_EMA_GAP_MIN,EFF72_CHOP,yes,no,1023,114,-0.11638004335665689,0.5340340340340339,-0.16705216645879084,-0.06091653682841085,-0.07439217868718642,47,-0.14997033509223326,67,6977,273,-0.11338147785210081,0.5294579732914375,-0.13412509369157624,-0.09156470099742589,-0.11841070459973133,117,-0.10918078819775619,156,-0.002998565504556072,-0.058142222826537214,0.05465344215035886,,same sign,False
PAIR_EMA_GAP_MIN,BULL_GT_BEAR,yes,no,6417,273,-0.10916768019696511,0.5345797354036285,-0.12974295436392155,-0.08674961959074476,-0.10827540865283469,117,-0.10991296952831565,156,1583,243,-0.13090128296722242,0.5130254588513913,-0.1700529243168811,-0.08993019235605076,-0.13103525882438918,110,-0.13079220273120484,133,0.021733602770257307,-0.019007747138267524,0.06197379589979953,,same sign,False
PAIR_EMA_GAP_MIN,BTC_SLOPE5_UP,yes,no,7928,273,-0.11385333277836682,0.5295493331647811,-0.13391292084851616,-0.09326588939753726,-0.11375830448928305,117,-0.11393255606109506,156,72,34,-0.10519212835014814,0.5722222222222223,-0.2882895368680169,0.05179468562595876,-0.03570868966023994,16,-0.1473785018404495,18,-0.008661204428218675,-0.1664729931285624,0.1735107927449234,,same sign,False
PAIR_EMA_GAP_MIN,R1D>0,>0,≤0,3851,133,-0.11355983695630832,0.5245795601552392,-0.14332713648263284,-0.0837589412446505,-0.12115758876357023,55,-0.10717743606894173,78,4149,140,-0.11393913932019153,0.5351227179301171,-0.14262290641576203,-0.08511697561049468,-0.10533937415371648,62,-0.12100993103671169,78,0.00037930236388321326,-0.04066766620754123,0.043042055828543396,,same sign,False
PAIR_EMA_GAP_MIN,R3D>0,>0,≤0,3962,139,-0.09861752559408475,0.5456376683872591,-0.1292742679423824,-0.06750763254879867,-0.10413539269474789,61,-0.09374704986929935,78,4038,134,-0.12867822725189285,0.514643832216431,-0.1585013984087531,-0.10105078359044158,-0.12238944661947072,56,-0.13359824872875128,78,0.030060701657808095,-0.011133983127008832,0.07365108856053147,,same sign,False
PAIR_EMA_GAP_MIN,R7D>0,>0,≤0,3981,138,-0.11772326795740633,0.5250405894842013,-0.1455789454880343,-0.0848591280229183,-0.13752396303269449,61,-0.10067893271249183,77,4019,135,-0.1097820808674775,0.5350262697022767,-0.14022320570034624,-0.08001779780452443,-0.08751839078302195,56,-0.1276301641738576,79,-0.00794118708992883,-0.0504580763230684,0.03594652219177908,,same sign,False
PAIR_EMA_GAP_MIN,R30D>0,>0,≤0,4773,160,-0.11223215030608405,0.5249428393265433,-0.13787397089855072,-0.08378117977988668,-0.13074453494720606,61,-0.09974990035230856,99,3227,113,-0.11605430486666046,0.5377018341432827,-0.14888501482334185,-0.08385476179661715,-0.09275150684225811,56,-0.1424169089798,57,0.003822154560576413,-0.03814924455762549,0.046923727854478965,,same sign,False
PAIR_EMA_GAP_MIN,R7D_T,T3 >2.33,T1 ≤-2.26,2663,91,-0.09845371091054797,0.5471804511278195,-0.13607131194443065,-0.05859345125875477,-0.12179940467346742,43,-0.0750904573930118,48,2700,91,-0.10965028400495126,0.5365718507572959,-0.14664809546511182,-0.0733353907624623,-0.07696703813830225,41,-0.14124131824074965,50,0.011196573094403292,-0.04317415100795292,0.06752356748967553,,same sign,False
PAIR_EMA_GAP_MIN,R30D_T,T3 >5.75,T1 ≤-1.63,2699,91,-0.12350517281641071,0.5216832047041529,-0.15783246201348766,-0.08583788583204108,-0.19082978109098908,27,-0.09226090343958858,64,2510,91,-0.12081949813698802,0.5323697068403908,-0.15723388793649076,-0.08541144608416107,-0.08877988992656187,45,-0.15254753803418475,46,-0.0026856746794226977,-0.05466443746840377,0.05014855129471184,,same sign,False
PAIR_EMA_GAP_MIN,OFF30_T,T3 >-3.98,T1 ≤-8.84,2888,118,-0.10455203585295687,0.5377846790890269,-0.14138683579381542,-0.06509505948254676,-0.12248081992138866,41,-0.09359943235589929,77,2542,99,-0.11907991886958913,0.5415162454873647,-0.15576863064897387,-0.08322043602385155,-0.09694552611106073,60,-0.15593113930936248,39,0.014527883016632256,-0.035791157158496824,0.07025996876166415,,same sign,False
PAIR_EMA_GAP_MIN,ADX5_T,T3 >28.4,T1 ≤19.4,2116,246,-0.11940583579174424,0.535390644134215,-0.15563923637094484,-0.08288571997388913,-0.09689081125673955,104,-0.13581072877427725,142,1247,228,-0.13472263261009051,0.4998089415361101,-0.17304221090928087,-0.09579631429214201,-0.12657046195851704,98,-0.14233855552479033,130,0.015316796818346273,-0.03910535647603141,0.06637529370799945,,same sign,False
PAIR_EMA_GAP_MIN,ATR5_T,T3 >0.185,T1 ≤0.115,2488,187,-0.08225227902764581,0.5891037637762528,-0.11899703539383259,-0.04108269911551923,-0.08059514777748927,93,-0.08545734679030363,94,2681,177,-0.12436818548562092,0.49542459736456806,-0.1562278840087344,-0.09251377371868504,-0.1585326293201974,56,-0.11030877989831,121,0.04211590645797511,-0.008835217843318179,0.09436106021475327,,same sign,False
PAIR_EMA_GAP_MIN,BULL_T,T3 >52.2,T1 ≤24.4,4805,272,-0.09767598808363787,0.5487884032886197,-0.12294024351129683,-0.07276698539565718,-0.0978612809501706,117,-0.09752337460607342,155,416,139,-0.1592151394296717,0.488095238095238,-0.23735895260085468,-0.07682052942334557,-0.14557237279246352,64,-0.1705345834316326,75,0.06153915134603383,-0.022444475975853525,0.14236715805595304,,same sign,False
PAIR_EMA_GAP_MIN,BTC_RSI5_T,T3 >55.4,T1 ≤44.8,7419,273,-0.11797785803232061,0.5261707988980716,-0.13844625607742325,-0.09629256690019425,-0.11691824666610845,117,-0.11884167586031935,156,4,3,-0.4008827541691895,0.4,-0.7661333103516051,0.1128607541076598,-0.32663627812197266,2,-0.6978686583580566,1,0.28290489613686887,-0.23764574201740662,0.6541843435537061,,n<15,False
PAIR_EMA_GAP_MIN,ABOVE72_T,T3 >52.5,T1 ≤48,2704,136,-0.10771358996456155,0.5391112743297832,-0.1481187521164606,-0.06764166515100464,-0.13257316243407746,59,-0.08945684661592977,77,2566,145,-0.11683255091813216,0.5344255900136532,-0.15576949112045602,-0.08097622138694952,-0.10354576182323245,65,-0.1304712035977584,80,0.009118960953570607,-0.048248074121551195,0.06381222576399084,,same sign,False
PAIR_EMA_GAP_MIN,VOLR_T,T3 >1.13,T1 ≤0.817,2547,91,-0.10997026901280982,0.5449756097560976,-0.15149350067111012,-0.06725078349424622,-0.08872117497013791,41,-0.13008145106914798,50,2707,91,-0.1215184673412898,0.5202526941657377,-0.1571396100668697,-0.08473350775599066,-0.15901879363579105,39,-0.09129169426766835,52,0.011548198328479975,-0.04270460092548274,0.06724468441015377,,same sign,False
PAIR_EMA_GAP_NOT_EXPANDING,D1_GOLDEN,yes,no,566,21,-0.14450803406714602,0.5551504102096628,-0.25642772179880075,-0.03736628595523929,,0,-0.14450803406714602,21,7434,249,-0.12967151898682017,0.5589958764378211,-0.16083242291449446,-0.09888607726334515,-0.11121688886483748,116,-0.15124487445657864,133,-0.014836515080325852,-0.12941508430169235,0.09596047096206912,,same sign,False
PAIR_EMA_GAP_NOT_EXPANDING,ABOVE_D200,yes,no,1408,45,-0.1675545110536862,0.5507026205848841,-0.2397884809934546,-0.09882120972988867,,0,-0.16755451105368618,45,6592,225,-0.12287813890470564,0.5604297224709041,-0.154985066496993,-0.09145742987550223,-0.11121688886483748,116,-0.14083892302647902,109,-0.04467637214898057,-0.12250283738771077,0.02979956809523858,,same sign,False
PAIR_EMA_GAP_NOT_EXPANDING,H4_GOLDEN,yes,no,3449,133,-0.1311433833676723,0.5689411764705883,-0.1712255895267851,-0.09182311977113831,-0.10519407312585036,46,-0.14527811790210793,87,4551,144,-0.1304781335702239,0.5510825043885313,-0.1719346039998875,-0.08967829690547065,-0.11381959739641055,74,-0.15640027092474887,70,-0.0006652497974484195,-0.05812000874629211,0.05675145924768865,,same sign,False
PAIR_EMA_GAP_NOT_EXPANDING,H1_EMA20_UP,yes,no,4619,229,-0.12929258681627404,0.5602927509293679,-0.16096605895790764,-0.09613311487278851,-0.1204419314390064,97,-0.138572926557407,132,3381,198,-0.132766814482254,0.5565589353612168,-0.18778937721308095,-0.07881154206101139,-0.09786421554624733,90,-0.16527706881554793,108,0.003474227665979962,-0.057049613584421476,0.06906096339291375,,same sign,False
PAIR_EMA_GAP_NOT_EXPANDING,ADX5_RISING,yes,no,5120,263,-0.13332956957624206,0.5581854043392506,-0.16646985137459924,-0.10032028221628049,-0.11917544334288481,112,-0.14759284601189906,151,2880,250,-0.12608492086221568,0.559674673728012,-0.17612392679937194,-0.07604832806411944,-0.09650193249720504,111,-0.1550368349993799,139,-0.007244648714026386,-0.05941492883321534,0.04705483853235442,,same sign,False
PAIR_EMA_GAP_NOT_EXPANDING,EFF72_CHOP,yes,no,995,102,-0.15202555687424604,0.5444801714898178,-0.22364831322617953,-0.0801302768181752,-0.07698297260038733,39,-0.2134639299639549,63,7005,268,-0.12772292256772874,0.5607476635514019,-0.1603211209926678,-0.09543127363637385,-0.11556734115865568,116,-0.1401916365829325,152,-0.0243026343065173,-0.10115586019142678,0.05637501189323798,,same sign,False
PAIR_EMA_GAP_NOT_EXPANDING,BULL_GT_BEAR,yes,no,7705,269,-0.12994518515518236,0.557539958304378,-0.1602671418857868,-0.10046281781088934,-0.11153975225618992,116,-0.148540894951985,153,295,134,-0.15295001121396207,0.5905660377358489,-0.24812767258990845,-0.059852898331246844,-0.10050611801042997,60,-0.1895935006959172,74,0.02300482605877971,-0.06720386618741665,0.11731355285234038,,same sign,False
PAIR_EMA_GAP_NOT_EXPANDING,BTC_SLOPE5_UP,yes,no,7994,270,-0.13092629403384307,0.5586479780028166,-0.16070358937967838,-0.10141510234932437,-0.11158805557997185,116,-0.15022566426088746,154,6,5,0.14080555690663074,0.6666666666666666,-0.8050029478418375,0.8870023852506878,1.2710079582956142,1,-0.18210941491879312,4,-0.2717318509404738,-1.0243470007320115,0.6735269653225849,,n<15,False
PAIR_EMA_GAP_NOT_EXPANDING,R1D>0,>0,≤0,3773,132,-0.12062856954372496,0.5706279637879006,-0.15581918865448874,-0.08419278313906135,-0.09575453288278189,55,-0.1459862279273271,77,4227,138,-0.139620714090151,0.5482979525185278,-0.18674698120827762,-0.09586778333953831,-0.12501400762657516,61,-0.15391161949449936,77,0.018992144546426046,-0.03698842498757321,0.07531385361660728,,same sign,False
PAIR_EMA_GAP_NOT_EXPANDING,R3D>0,>0,≤0,4042,139,-0.1159544531387072,0.5656765676567657,-0.1549085517820731,-0.07460744104353673,-0.08135118033873408,61,-0.14754304686898564,78,3958,131,-0.14603400106205133,0.5515316541865216,-0.19081071141995684,-0.10398860509104482,-0.13936931033077327,55,-0.15331579278696625,76,0.030079547923344135,-0.02827134564200111,0.0907310207784956,,same sign,False
PAIR_EMA_GAP_NOT_EXPANDING,R7D>0,>0,≤0,3945,137,-0.11779159313518504,0.5708055063377403,-0.15721747990967866,-0.07828633294828385,-0.10291982322401994,60,-0.13122440839606103,77,4055,133,-0.14331238315885816,0.5470130555189238,-0.18703253018542323,-0.09960233599006407,-0.11849773124420411,56,-0.17055015322728062,77,0.02552079002367312,-0.03233475009518513,0.08568035993852033,,same sign,False
PAIR_EMA_GAP_NOT_EXPANDING,R30D>0,>0,≤0,4299,160,-0.13433910820953857,0.5630653266331659,-0.17050206308213262,-0.09812347022551697,-0.11280934252227995,61,-0.14935026680172103,99,3701,110,-0.12667175560036592,0.553735632183908,-0.17596528595220157,-0.08078516924990407,-0.10997111770219707,55,-0.15178278668466297,55,-0.007667352609172645,-0.06476978243747583,0.0545061903150715,,same sign,False
PAIR_EMA_GAP_NOT_EXPANDING,R7D_T,T3 >2.33,T1 ≤-2.26,2832,91,-0.09418014652300664,0.5927993839045053,-0.14178617861486847,-0.045809441981612034,-0.07250513098502813,43,-0.11403225407770995,48,2913,89,-0.13902562682591496,0.5537922125853478,-0.19187524386252777,-0.08680536497892935,-0.12633413980479846,41,-0.15459016616775262,48,0.04484548030290832,-0.023361323568633807,0.11523349099888167,,same sign,False
PAIR_EMA_GAP_NOT_EXPANDING,R30D_T,T3 >5.75,T1 ≤-1.63,2482,91,-0.17611632206357083,0.5463962019853259,-0.22171667492326794,-0.13157607648859282,-0.18666704089784505,27,-0.17264983015299795,64,3159,90,-0.13278709139423464,0.5521399456521738,-0.18747621914365545,-0.08195455933641474,-0.11546090675402831,45,-0.1561049606032454,45,-0.043329230669336194,-0.1087812192802274,0.026397252137766895,,same sign,False
PAIR_EMA_GAP_NOT_EXPANDING,OFF30_T,T3 >-3.98,T1 ≤-8.84,2689,120,-0.11896013796337171,0.5724275724275725,-0.16466906518203822,-0.07542296448044515,-0.07380032024180996,41,-0.14617460384617,79,3168,98,-0.1306679370923286,0.5547297297297297,-0.1860829313786886,-0.07933438964608289,-0.12290314757026714,60,-0.14504551460813023,38,0.011707799128956892,-0.055058581140087624,0.07970985557640405,,same sign,False
PAIR_EMA_GAP_NOT_EXPANDING,ADX5_T,T3 >28.4,T1 ≤19.4,2792,239,-0.12622757812454644,0.5758220502901353,-0.16859053472543384,-0.0820947117236863,-0.11177102930975255,105,-0.1395452237997133,134,431,129,-0.04345362019150303,0.61723700887199,-0.14051500772566458,0.06272742608483918,-0.04666191696605702,61,-0.03919481916333404,68,-0.0827739579330434,-0.1976977558745985,0.026215067827866475,,same sign,False
PAIR_EMA_GAP_NOT_EXPANDING,ATR5_T,T3 >0.185,T1 ≤0.115,4196,180,-0.11597139740315753,0.5692961008879166,-0.1621389101731554,-0.06870511908647257,-0.09875238882426855,90,-0.14679867811207686,90,1193,151,-0.10602900274985474,0.5935283687943262,-0.16068868752421575,-0.05226457181155243,-0.0683919308751093,49,-0.1206437672747559,102,-0.00994239465330278,-0.08085146416810118,0.06431070978179924,,same sign,False
PAIR_EMA_GAP_NOT_EXPANDING,BULL_T,T3 >52.2,T1 ≤24.4,7231,268,-0.13388231466143133,0.5555390885513152,-0.16530965220160745,-0.10280787780009598,-0.11282066461977917,116,-0.15519832487206714,152,43,32,-0.25820913221343217,0.5394736842105264,-0.5713117401413247,0.057453203578355004,-0.3244278175164546,14,-0.20168098622304717,18,0.12432681755200084,-0.19499830398560397,0.43491703141168775,,same sign,False
PAIR_EMA_GAP_NOT_EXPANDING,BTC_RSI5_T,T3 >55.4,T1 ≤44.8,7191,270,-0.13555132216288415,0.5577504238225106,-0.16702911969430503,-0.10596010525358884,-0.11969288989810141,116,-0.15078861912722522,154,22,9,0.035685046229352015,0.7741935483870969,-0.38266789036813154,0.3577269645662605,0.11391814342401294,8,-0.6944905275874831,1,-0.17123636839223616,-0.4942864167558278,0.242049715947574,T3 >55.4,half h2 thin,False
PAIR_EMA_GAP_NOT_EXPANDING,ABOVE72_T,T3 >52.5,T1 ≤48,2681,133,-0.11940023567805401,0.5673444735252667,-0.16231630462838648,-0.07506128169387426,-0.11713578976086099,60,-0.12137213735811059,73,2880,128,-0.11169506540160731,0.5740877257648361,-0.16743438752609877,-0.05599717529715895,-0.09394512006539854,61,-0.13323977669300718,67,-0.007705170276446696,-0.07820650340419862,0.059469901306995664,,same sign,False
PAIR_EMA_GAP_NOT_EXPANDING,VOLR_T,T3 >1.13,T1 ≤0.817,3032,90,-0.14826055401524252,0.5555356503045503,-0.20301905363153414,-0.09926212566075066,-0.13358156056597992,40,-0.1627306681553729,50,2503,90,-0.11613902970598558,0.5703734965182528,-0.1589589996405613,-0.07054105117567912,-0.12215865159868489,39,-0.10898221365434209,51,-0.03212152430925694,-0.09963412945808366,0.031643623989486176,,same sign,False
PAIR_NO_TRADE,D1_GOLDEN,yes,no,288,21,-0.017426789130956175,0.5460636515912898,-0.08539008921465334,0.05437021869427173,,0,-0.01742678913095618,21,3620,252,-0.10908550095535739,0.47980464625131997,-0.13214122748520396,-0.08595286438304298,-0.09637622585299316,117,-0.12177466114065115,135,0.09165871182440122,0.016354186813435534,0.16561752915374736,,same sign,False
PAIR_NO_TRADE,ABOVE_D200,yes,no,642,45,-0.08877543780826455,0.4767707539984768,-0.1467398790518765,-0.029692206684634875,,0,-0.08877543780826454,45,3266,228,-0.10499612223129984,0.48615160349854236,-0.12936909410753025,-0.08063964825708438,-0.09637622585299316,117,-0.11560630362703672,111,0.016220684423035286,-0.04437171104537627,0.08044506324336176,,same sign,False
PAIR_NO_TRADE,H4_GOLDEN,yes,no,1822,135,-0.10733369820175374,0.46364118895966033,-0.1409746571767629,-0.07509998560089061,-0.11338343075230178,47,-0.10395995317873213,88,2086,146,-0.098161673898924,0.5026106696935301,-0.12834389672080837,-0.0697953167561678,-0.08695803233527256,74,-0.11202255294872333,72,-0.009172024302829748,-0.054288860499813636,0.035090454069301356,,same sign,False
PAIR_NO_TRADE,H1_EMA20_UP,yes,no,1945,229,-0.10825779651046205,0.4636815920398009,-0.1392272573544859,-0.07861012911771362,-0.0979614710620436,99,-0.11611551856320243,130,1963,229,-0.09671062036525667,0.5049361907055141,-0.12903530505533853,-0.06376169285762485,-0.09502741085849546,106,-0.09834352522357104,123,-0.011547176145205382,-0.057365277400193274,0.03426746552206448,,same sign,False
PAIR_NO_TRADE,ADX5_RISING,yes,no,2050,273,-0.11333106451505767,0.46725410812098117,-0.1439866500820029,-0.08374651799998249,-0.10336806663725184,117,-0.1209014396837341,156,1858,268,-0.09082999709366912,0.5030196275792652,-0.12206086809059762,-0.058947971244825224,-0.08994812882365186,116,-0.09169865055444539,152,-0.02250106742138855,-0.06745848424113243,0.019835732956536612,,same sign,False
PAIR_NO_TRADE,EFF72_CHOP,yes,no,416,97,-0.12046431760949461,0.4618138424821003,-0.1953164785707558,-0.046136373271957,-0.10330968418531261,42,-0.13456095116240943,55,3492,273,-0.10032535108278279,0.48725289706884795,-0.12393037337932468,-0.07736699506083791,-0.09560697218418872,117,-0.1044178961203363,156,-0.02013896652671182,-0.09910801449643344,0.06176459285246792,,same sign,False
PAIR_NO_TRADE,BULL_GT_BEAR,yes,no,3418,273,-0.10289793718857099,0.48066685346035304,-0.12713507395562826,-0.07909004922161578,-0.09493199346491396,117,-0.10951545237731813,156,490,196,-0.09888895912748658,0.5120772946859903,-0.14930507828197062,-0.050170927545628206,-0.10494375095370473,93,-0.09212839402091169,103,-0.004008978061084412,-0.0587358795848953,0.05017182242770411,,same sign,False
PAIR_NO_TRADE,BTC_SLOPE5_UP,yes,no,3745,273,-0.10594267747540144,0.4808847973404935,-0.128481931838176,-0.08194802779947777,-0.09765877752156253,117,-0.11304794178260148,156,163,109,-0.02345985174390303,0.5681818181818181,-0.11556370538956866,0.06198556225681113,-0.06975959323687815,52,0.02179944612001645,57,-0.08248282573149841,-0.16867706935238216,0.013725740447101797,,same sign,False
PAIR_NO_TRADE,R1D>0,>0,≤0,1857,133,-0.10028524632539706,0.47212859735545765,-0.1301649627301703,-0.07062870084443056,-0.07217084019316913,55,-0.12463202280178215,78,2051,140,-0.10427139788505838,0.4958294717330861,-0.13660537517316934,-0.07098575438202041,-0.11809434130717109,62,-0.09238997947613338,78,0.003986151559661311,-0.039689887016684744,0.046595043853159955,,same sign,False
PAIR_NO_TRADE,R3D>0,>0,≤0,1968,139,-0.09989496431242777,0.4870920603994155,-0.13077109693862196,-0.07008690237318166,-0.08458776010841083,61,-0.11297591749851627,78,1940,134,-0.10490947255523482,0.48217359232849755,-0.13856746159745414,-0.07261479937165172,-0.1081584641988726,56,-0.10208042877353919,78,0.005014508242807053,-0.0391781742140165,0.049290173983761704,,same sign,False
PAIR_NO_TRADE,R7D>0,>0,≤0,1930,138,-0.10739656366725912,0.47476496783770417,-0.13571986525580718,-0.08045453209397643,-0.10396525067037882,61,-0.11030988339379615,77,1978,135,-0.09749180295471001,0.49431130476882107,-0.1309427578509287,-0.06458943147004181,-0.08907439585762367,56,-0.10486563505747092,79,-0.009904760712549115,-0.053420780303669556,0.032532397648931684,,same sign,False
PAIR_NO_TRADE,R30D>0,>0,≤0,2241,160,-0.10785174753090583,0.4632526248125134,-0.13493781112139483,-0.08063506704192888,-0.10983884207680834,61,-0.10648849155450812,99,1667,113,-0.09512020611016285,0.5131203650884197,-0.12958762830296458,-0.06091014561060796,-0.08282081322890776,56,-0.10943912893364867,57,-0.012731541420742981,-0.055081692807258206,0.03087137213002296,,same sign,False
PAIR_NO_TRADE,R7D_T,T3 >2.33,T1 ≤-2.26,1321,91,-0.10115161033872927,0.49303008070432863,-0.13377182147377717,-0.06998256478466604,-0.11132396305091818,43,-0.09106842361086928,48,1360,91,-0.10007011600899081,0.4934513274336283,-0.14602095329764822,-0.05661408692892456,-0.08454748352620875,41,-0.11504222397395514,50,-0.001081494329738461,-0.05605290656369414,0.05382791192958111,,same sign,False
PAIR_NO_TRADE,R30D_T,T3 >5.75,T1 ≤-1.63,1308,91,-0.11073420392504178,0.46363297277135396,-0.14930742740540406,-0.07358742492704771,-0.13027274884197457,27,-0.10251289779677226,64,1373,91,-0.10986236885641378,0.5046632124352332,-0.1484765891087204,-0.07245506316772295,-0.09798879721432406,45,-0.12313436407888131,46,-0.0008718350686280074,-0.05497990172224562,0.05425597308576911,,same sign,False
PAIR_NO_TRADE,OFF30_T,T3 >-3.98,T1 ≤-8.84,1341,119,-0.11714697089307098,0.46078431372549017,-0.15488142568470867,-0.0804810233130075,-0.11537578110028018,41,-0.11817432194327837,78,1405,100,-0.09653056331121639,0.5188968335035751,-0.1374298236426574,-0.0558843910144076,-0.07335966248521268,61,-0.1344484737293535,39,-0.020616407581854596,-0.07505509658309166,0.035960448820815345,,same sign,False
PAIR_NO_TRADE,ADX5_T,T3 >28.4,T1 ≤19.4,639,215,-0.11314407266978967,0.46418128654970764,-0.16598548267915306,-0.05574572657029959,-0.09003900243966026,91,-0.1319590768094441,124,1210,248,-0.10369879313233549,0.4947580645161291,-0.14471134375851066,-0.06367658170017705,-0.1041383620125693,107,-0.10326834539406983,141,-0.00944527953745418,-0.08008431061774997,0.05996952791736156,,same sign,False
PAIR_NO_TRADE,ATR5_T,T3 >0.185,T1 ≤0.115,1529,183,-0.06361348800101452,0.5630544993662864,-0.10531055760497135,-0.02298093559976877,-0.05674927955759274,91,-0.07478711623322896,92,1015,175,-0.10626676983991767,0.4131326949384405,-0.14278025068139963,-0.07205404858481199,-0.12047456788031127,55,-0.10043746106192983,120,0.042653281838903156,-0.012284271177715076,0.0958652574067626,,same sign,False
PAIR_NO_TRADE,BULL_T,T3 >52.2,T1 ≤24.4,2915,271,-0.10081492502930481,0.4845582163501238,-0.12689660594365418,-0.07539462922406263,-0.08966972551996565,117,-0.10983231381666377,154,117,80,-0.12468783785880802,0.475,-0.23026350655629485,-0.019608357479083592,-0.10826427396927717,50,-0.15879831670629524,30,0.023872912829503212,-0.08331636729043407,0.1328026316891024,,same sign,False
PAIR_NO_TRADE,BTC_RSI5_T,T3 >55.4,T1 ≤44.8,3052,273,-0.10990342847957388,0.4775555205544179,-0.1345821932800454,-0.08428385379626928,-0.09546313216722425,117,-0.12197598389860304,156,39,32,0.04780786184498275,0.5747126436781609,-0.14622921037211428,0.24041230199660904,-0.08811577149959562,9,0.10261577851618366,23,-0.15771129032455664,-0.3513059056406893,0.04244144753160977,T3 >55.4,half h1 flips,False
PAIR_NO_TRADE,ABOVE72_T,T3 >52.5,T1 ≤48,1236,134,-0.12793331782035847,0.4539499036608863,-0.16999686853640672,-0.08605027676650469,-0.11773570049247607,58,-0.1359232035617921,76,1380,139,-0.07969220383852123,0.5114765330592669,-0.12066166761081715,-0.03781283509766288,-0.06343662637360267,65,-0.09538950894605876,74,-0.04824111398183724,-0.10639643004632914,0.009958179760020187,,same sign,False
PAIR_NO_TRADE,VOLR_T,T3 >1.13,T1 ≤0.817,1412,91,-0.1355917621255619,0.474061433447099,-0.17888620886025622,-0.09347282899209267,-0.1306651019302521,41,-0.14008750034556391,50,1196,91,-0.07680491246781462,0.49683544303797467,-0.11450526891434201,-0.04236706348715097,-0.077691907190782,39,-0.07600974465540195,52,-0.058786849657747275,-0.11284418448423175,-0.002771670644650284,,same sign,True
PAIR_RANGE_POSITION_MAX,D1_GOLDEN,yes,no,716,21,-0.02316015781631498,0.6487367563162184,-0.09662847430292384,0.03967347621108855,,0,-0.02316015781631497,21,7284,251,-0.13010552694438718,0.5650582362728787,-0.15764190571831235,-0.10086556569029334,-0.13604412594764512,117,-0.12460287574422148,134,0.1069453691280722,0.031994088268086904,0.17538067212491446,,same sign,False
PAIR_RANGE_POSITION_MAX,ABOVE_D200,yes,no,1569,45,-0.09817655072009393,0.5919214798036995,-0.1551194770911113,-0.04381084715328634,,0,-0.09817655072009394,45,6431,227,-0.1257044975141181,0.5680317040951123,-0.15616163250634488,-0.09317122791194961,-0.13604412594764512,117,-0.11329565550161663,110,0.027527946794024177,-0.038744072830200905,0.09042802159950178,,same sign,False
PAIR_RANGE_POSITION_MAX,H4_GOLDEN,yes,no,3865,133,-0.11399873310955264,0.581083166178059,-0.1531776472055814,-0.07498019446770811,-0.14212927973175513,46,-0.09994647717310308,87,4135,146,-0.12613954452100826,0.5648832397280521,-0.16478808642954396,-0.08816083612425324,-0.13241689043690696,74,-0.11890781840542772,72,0.012140811411455621,-0.04074721079924297,0.06935624096257903,,same sign,False
PAIR_RANGE_POSITION_MAX,H1_EMA20_UP,yes,no,3978,236,-0.11442337081850464,0.577259475218659,-0.14799623271794707,-0.08179927800428226,-0.14899464564975004,101,-0.0897049093141642,135,4022,223,-0.12579328973075152,0.5684992570579496,-0.1684194031410177,-0.08185781328656705,-0.12456026105514538,98,-0.12682384070239833,125,0.011369918912246882,-0.044431899035865086,0.06688459112610164,,same sign,False
PAIR_RANGE_POSITION_MAX,ADX5_RISING,yes,no,4524,269,-0.12779920886410842,0.5760065735414954,-0.1601415148967902,-0.09683327470656591,-0.15223726319759662,114,-0.1094545557549855,155,3476,263,-0.1108656222685337,0.5688814129520605,-0.15433050190765588,-0.06999980094400364,-0.11691178152138165,116,-0.10600300557049212,147,-0.016933586595574715,-0.06694549965469576,0.03333015264700045,,same sign,False
PAIR_RANGE_POSITION_MAX,EFF72_CHOP,yes,no,926,108,-0.17408033033623846,0.5318302387267905,-0.2510158621798679,-0.08553893502478029,-0.2345614021619936,44,-0.13162070654885735,64,7074,271,-0.1132782016666756,0.5780730897009967,-0.1439658078886507,-0.08495944391559966,-0.1241662919090088,116,-0.10474147559369736,155,-0.06080212866956286,-0.1436107796850727,0.03369427286823442,,same sign,False
PAIR_RANGE_POSITION_MAX,BULL_GT_BEAR,yes,no,7303,272,-0.12252638959916942,0.5695897691413385,-0.1503450319501879,-0.09444149637086371,-0.1387460744564703,117,-0.11038576589663043,155,697,205,-0.09694868378336452,0.6049792531120332,-0.1679853938691254,-0.03340515956524792,-0.11379405476075391,93,-0.07873589927240465,112,-0.025577705815804902,-0.08830256762322686,0.040964350582913846,,same sign,False
PAIR_RANGE_POSITION_MAX,BTC_SLOPE5_UP,yes,no,7972,272,-0.12065616684283458,0.5726949011288734,-0.14798943570156758,-0.09330840020823566,-0.13732217781484418,117,-0.10776363457115228,155,28,19,0.005308305133767746,0.6041666666666666,-0.32961730893141405,0.2179310311970381,0.1705285656967406,8,-0.15991195542920505,11,-0.12596447197660232,-0.3399028688792741,0.20230639750662677,yes,half h2 flips,False
PAIR_RANGE_POSITION_MAX,R1D>0,>0,≤0,3654,132,-0.11965048636617179,0.5721401295035696,-0.15372836701523904,-0.0847322471065382,-0.13235506356366414,55,-0.10960843203557365,77,4346,140,-0.12065767831238923,0.5733665559246954,-0.15984878101728675,-0.07910799946130842,-0.1391860916359876,62,-0.10655584837668121,78,0.0010071919462174422,-0.053744473591633514,0.05416284419018632,,same sign,False
PAIR_RANGE_POSITION_MAX,R3D>0,>0,≤0,3897,138,-0.10461302893257915,0.581355669303552,-0.13970638888952217,-0.06887211831389517,-0.0946906434947781,61,-0.1123666918278821,77,4103,134,-0.1349773161740904,0.5647058823529412,-0.1763333911755137,-0.09570792617056186,-0.17564712235018756,56,-0.10375872047925938,78,0.030364287241511245,-0.023917286015949536,0.08769903373858176,,same sign,False
PAIR_RANGE_POSITION_MAX,R7D>0,>0,≤0,3961,137,-0.10560126304644736,0.5820419325433,-0.14197097805828066,-0.06853421009092968,-0.09505053035798834,61,-0.11391630665666735,76,4039,135,-0.1346164192258718,0.5636909227306828,-0.1740781133570045,-0.09665698758734927,-0.17733663317180975,56,-0.10211068179805115,79,0.029015156179424448,-0.023883353286662894,0.08463727459019149,,same sign,False
PAIR_RANGE_POSITION_MAX,R30D>0,>0,≤0,4488,159,-0.12530960128581586,0.5662088278437124,-0.16069495195980624,-0.09052196478035061,-0.15812939350129296,61,-0.10645699756934615,98,3512,113,-0.11353327200240419,0.581419624217119,-0.15727566238945018,-0.07005846173192563,-0.11620002347579601,56,-0.11052910691306714,57,-0.011776329283411671,-0.06683090868292708,0.0447927662690344,,same sign,False
PAIR_RANGE_POSITION_MAX,R7D_T,T3 >2.33,T1 ≤-2.26,2903,90,-0.09678608520675289,0.593484125337207,-0.1402467088657946,-0.052079653408890834,-0.08943311922335355,43,-0.10279433456045817,47,2899,91,-0.12971017488609551,0.5650364203954215,-0.1789861044598528,-0.07972747925396786,-0.17171325013842323,41,-0.09168756552802088,50,0.03292408967934263,-0.029732989040686403,0.10290404661770054,,same sign,False
PAIR_RANGE_POSITION_MAX,R30D_T,T3 >5.75,T1 ≤-1.63,2734,91,-0.11805748112165601,0.582092819614711,-0.16306837584475667,-0.07596809197813091,-0.15924506312340309,27,-0.10661712617683508,64,2998,91,-0.11723503530966278,0.5793553651570787,-0.16565374123780333,-0.06933583267307775,-0.11742333382397852,45,-0.11704112292659723,46,-0.0008224458119932276,-0.06536640116015623,0.06173711637496931,,same sign,False
PAIR_RANGE_POSITION_MAX,OFF30_T,T3 >-3.98,T1 ≤-8.84,2694,116,-0.10081814984632366,0.5955654101995566,-0.14279106785956616,-0.06028672817532552,-0.09726552945593049,39,-0.1027097421506886,77,2990,98,-0.13196942799049166,0.5667686034658511,-0.18245928098184033,-0.08260311968118907,-0.13997403816845158,59,-0.12096066629295842,39,0.031151278144168,-0.03118739982514362,0.09688557788168613,,same sign,False
PAIR_RANGE_POSITION_MAX,ADX5_T,T3 >28.4,T1 ≤19.4,1679,231,-0.12645398900275914,0.5788897005113223,-0.173233153114969,-0.07776132792133793,-0.11208530031466925,95,-0.136265675009193,136,1192,216,-0.10243480221208874,0.5697556008146639,-0.1710782099714193,-0.039668324105238836,-0.10913309893728929,92,-0.0974289576843588,124,-0.024019186790670402,-0.10733313937774376,0.06510518306067328,,same sign,False
PAIR_RANGE_POSITION_MAX,ATR5_T,T3 >0.185,T1 ≤0.115,3497,179,-0.0981764440131932,0.5989708404802745,-0.1434079030431479,-0.05310047493026965,-0.11606842065635696,90,-0.07361411710338797,89,1817,171,-0.10416012996005714,0.5716167270332566,-0.14578984348103377,-0.06114531815651668,-0.1359922583206429,55,-0.09275693907596533,116,0.005983685946863937,-0.055263190713931064,0.06498136579715334,,same sign,False
PAIR_RANGE_POSITION_MAX,BULL_T,T3 >52.2,T1 ≤24.4,6356,271,-0.1165296591762604,0.5798986324949794,-0.14660525684358267,-0.08522734706794735,-0.1265613278236545,116,-0.10924233177845062,155,152,79,-0.12878173049724412,0.6051660516605166,-0.2877641173927839,0.00859746423375754,-0.1078420287610688,38,-0.15397746917166635,41,0.012252071320983715,-0.126739421169453,0.16874433608003045,,same sign,False
PAIR_RANGE_POSITION_MAX,BTC_RSI5_T,T3 >55.4,T1 ≤44.8,7577,272,-0.12099898728664771,0.5735959965048852,-0.14806608700568832,-0.09422178425193706,-0.1362723310080443,117,-0.10940311299397758,155,0,0,,,,,,0,,0,,,,,n<15,False
PAIR_RANGE_POSITION_MAX,ABOVE72_T,T3 >52.5,T1 ≤48,2577,132,-0.0911062910502447,0.598093909809391,-0.13201080982227245,-0.048530067057174546,-0.09283851228159111,54,-0.09000181044023127,78,2951,139,-0.1161464275852257,0.5847929116010716,-0.1688542644990177,-0.06565887372142985,-0.1465323971642471,64,-0.09037736655990934,75,0.025040136534980995,-0.03934779109730512,0.09204515067383641,,same sign,False
PAIR_RANGE_POSITION_MAX,VOLR_T,T3 >1.13,T1 ≤0.817,3112,91,-0.1476509779656625,0.5625121147509208,-0.1924408559256486,-0.10747606512908735,-0.14041964730612516,41,-0.15386825396530077,50,2439,91,-0.11783348120501755,0.5777503090234857,-0.16451169600586363,-0.0750754400865245,-0.1593103104614115,39,-0.08683783774343588,52,-0.029817496760644963,-0.09217239132561093,0.028900769442215955,,same sign,False
PAIR_RSI_ADX_CROSS,D1_GOLDEN,yes,no,97,18,-0.19287624020843175,0.49090909090909096,-0.32110758292580244,-0.08417763598192154,,0,-0.1928762402084318,18,1190,197,-0.11431387956399239,0.5728592889334001,-0.16967280644134403,-0.062108729806376044,-0.08212449541986314,93,-0.15837858810767583,104,-0.07856236064443936,-0.22387031737799312,0.04303217056807583,,same sign,False
PAIR_RSI_ADX_CROSS,ABOVE_D200,yes,no,203,38,-0.1568828509701114,0.5150602409638555,-0.2587763056515986,-0.048838767607105496,,0,-0.1568828509701114,38,1084,177,-0.11367447573858308,0.5759562841530055,-0.1715231285917289,-0.056276247917853205,-0.08212449541986314,93,-0.16753346580929734,84,-0.04320837523152832,-0.16240606875365032,0.07755680342183137,,same sign,False
PAIR_RSI_ADX_CROSS,H4_GOLDEN,yes,no,542,107,-0.14235018527684612,0.5502762430939226,-0.21551270638558567,-0.0727683689129857,-0.11752055225750509,37,-0.15867589636465462,70,745,113,-0.1044411133238968,0.5783611774065236,-0.1759805460037191,-0.03333115223832843,-0.06614061566550658,60,-0.17034781383995787,53,-0.03790907195294932,-0.13624385419262858,0.05945634613042694,,same sign,False
PAIR_RSI_ADX_CROSS,H1_EMA20_UP,yes,no,854,171,-0.13051351889637822,0.5651877133105803,-0.19129630221474164,-0.0695681865549797,-0.09757504526385884,76,-0.16832997762696872,95,433,114,-0.09886239876684352,0.569583931133429,-0.1926191881949829,-0.01011921076030696,-0.04951592256851913,54,-0.15502050511524335,60,-0.03165112012953469,-0.137861774692083,0.08289588686980838,,same sign,False
PAIR_RSI_ADX_CROSS,ADX5_RISING,yes,no,981,202,-0.14031180170157262,0.5515337423312884,-0.2026299023377877,-0.0784636342894675,-0.1243548513311357,87,-0.15804633980757635,115,306,109,-0.05902473750022683,0.6127819548872181,-0.15578172306854027,0.03559438055896281,0.04028646867429854,51,-0.18358455541403831,58,-0.0812870642013458,-0.19135269029797553,0.030334428250917714,,same sign,False
PAIR_RSI_ADX_CROSS,EFF72_CHOP,yes,no,175,50,-0.12640953624096654,0.5382165605095541,-0.29027277435570625,0.05727755821156925,-0.02468672934451175,23,-0.27422549001237745,27,1112,209,-0.11927316165801977,0.5714285714285714,-0.17136407433972578,-0.07020673951620496,-0.09316109096739968,91,-0.14799643941770188,118,-0.007136374582946775,-0.1737519454728913,0.18095687221091183,,same sign,False
PAIR_RSI_ADX_CROSS,BULL_GT_BEAR,yes,no,1284,215,-0.12265400308110562,0.5660639777468707,-0.17361558132004973,-0.07286028174526413,-0.08673835952892915,93,-0.1637463546999477,122,3,3,0.891057504452156,0.8,-0.707302655535554,1.6880613677584662,1.6880613677584662,1,-0.3044482905073093,2,-1.0137115075332617,-1.8230883709017836,0.5996609467988309,,n<15,False
PAIR_RSI_ADX_CROSS,BTC_SLOPE5_UP,yes,no,1287,215,-0.12030961939115821,0.5666049953746531,-0.1718109539602907,-0.07089013814422374,-0.08212449541986314,93,-0.16402552520750197,122,0,0,,,,,,0,,0,,,,,n<15,False
PAIR_RSI_ADX_CROSS,R1D>0,>0,≤0,615,109,-0.12206259127482631,0.5568627450980391,-0.1947161961544541,-0.05303713830144204,-0.11478744548784803,46,-0.13102518881983458,63,672,106,-0.11874391770872257,0.575306479859895,-0.1957136770236308,-0.04391222370103645,-0.051009028603830164,47,-0.19139604014246384,59,-0.0033186735661037414,-0.10960037214270836,0.09618566546349244,,same sign,False
PAIR_RSI_ADX_CROSS,R3D>0,>0,≤0,589,110,-0.09288026790542522,0.5705394190871368,-0.16495619813936577,-0.023649136134441192,-0.06654146381547553,48,-0.11793945398290774,62,698,105,-0.14238131791557104,0.5634390651085143,-0.2131238856382413,-0.06913545863085356,-0.09283213409539262,45,-0.20831836408872678,60,0.04950105001014582,-0.053280366292678225,0.14788202322961846,,same sign,False
PAIR_RSI_ADX_CROSS,R7D>0,>0,≤0,593,107,-0.12974872751877858,0.5429726996966633,-0.20844238620970065,-0.05180508838563786,-0.09955979833649155,46,-0.1630850131477295,61,694,108,-0.11235115567571358,0.586530264279625,-0.18176943300951634,-0.040179031713646486,-0.06787422421713851,47,-0.16484716213704295,61,-0.017397571843065007,-0.12148776474892786,0.08521441634143438,,same sign,False
PAIR_RSI_ADX_CROSS,R30D>0,>0,≤0,634,124,-0.12935011785392428,0.5572232645403378,-0.1926998603583193,-0.06806053561475049,-0.07388494171066394,47,-0.17129165961629078,77,653,91,-0.11151657982792039,0.5757299270072993,-0.19515381640300797,-0.028883439390193347,-0.08756615750982347,46,-0.1530266633966919,45,-0.01783353802600389,-0.12297627150120528,0.09139659311770121,,same sign,False
PAIR_RSI_ADX_CROSS,R7D_T,T3 >2.33,T1 ≤-2.26,414,74,-0.10024772467089073,0.5732946298984034,-0.19934395823075154,-0.006511388428769599,-0.07480616931697269,33,-0.12546868850439902,41,527,74,-0.09147827255226741,0.6071428571428572,-0.166972472657681,-0.018887341976082106,-0.04498743777105317,35,-0.14809582382047884,39,-0.008769452118623317,-0.13246221808551675,0.11418539118528966,,same sign,False
PAIR_RSI_ADX_CROSS,R30D_T,T3 >5.75,T1 ≤-1.63,379,75,-0.18233210971252037,0.5040916530278232,-0.2567566227216833,-0.10504072113055903,-0.1903268117673975,20,-0.17970776186407159,55,562,77,-0.12417945934210231,0.562296858071506,-0.21373765889110186,-0.032904198041559314,-0.10049224977815367,37,-0.1572800275119838,40,-0.05815265037041806,-0.1760258521277249,0.06218084578903698,,same sign,False
PAIR_RSI_ADX_CROSS,OFF30_T,T3 >-3.98,T1 ≤-8.84,405,83,-0.13618766619471442,0.5605381165919282,-0.22192288344932637,-0.050885982382925084,-0.09438210918360304,28,-0.16518696396951071,55,567,81,-0.11684633616533052,0.5714285714285714,-0.19606876695501851,-0.03472719708734287,-0.08610327856136735,46,-0.1710512008881078,35,-0.019341330029383902,-0.13438530464950557,0.09378370676998489,,same sign,False
PAIR_RSI_ADX_CROSS,ADX5_T,T3 >28.4,T1 ≤19.4,677,157,-0.13176712715152925,0.5594713656387665,-0.20250737191410617,-0.06284914615904974,-0.11226577633700419,66,-0.15082680974203191,91,40,28,-0.1674566651998541,0.4507042253521126,-0.41107119821849136,0.11408900351545316,-0.02320548187366019,16,-0.46850261301104135,12,0.035689538048324865,-0.2644016784078454,0.2983230694801354,,same sign,False
PAIR_RSI_ADX_CROSS,ATR5_T,T3 >0.185,T1 ≤0.115,756,131,-0.08640249158153272,0.6108490566037735,-0.1598450459344574,-0.010689896609303251,-0.05168381965883175,71,-0.15913430794514713,60,118,62,-0.13738454808888556,0.5576923076923079,-0.25743609884122526,-0.018140415135697262,-0.2138422640691192,17,-0.11124094197951534,45,0.05098205650735284,-0.0922947548537721,0.19888609658182016,,same sign,False
PAIR_RSI_ADX_CROSS,BULL_T,T3 >52.2,T1 ≤24.4,1264,214,-0.12285875207001067,0.5647668393782384,-0.17439014933930236,-0.07280011325880764,-0.0867189137270996,93,-0.16382934267383345,121,0,0,,,,,,0,,0,,,,,n<15,False
PAIR_RSI_ADX_CROSS,BTC_RSI5_T,T3 >55.4,T1 ≤44.8,1260,212,-0.11913836163867135,0.5660018993352327,-0.17027834919282384,-0.06856779627215182,-0.08411506904966559,93,-0.159843050766756,119,0,0,,,,,,0,,0,,,,,n<15,False
PAIR_RSI_ADX_CROSS,ABOVE72_T,T3 >52.5,T1 ≤48,408,76,-0.0928941909350056,0.5714285714285714,-0.1745324563713761,-0.011446004703201871,-0.08713405365379197,28,-0.0971070572975954,48,527,84,-0.13588035323790182,0.5770925110132158,-0.21348082964183956,-0.05996139811088055,-0.08925781030233924,41,-0.2009550899474337,43,0.042986162302896216,-0.07012907234537238,0.15117331518853916,,same sign,False
PAIR_RSI_ADX_CROSS,VOLR_T,T3 >1.13,T1 ≤0.817,514,75,-0.16608173062353157,0.5579196217494089,-0.2470240962898505,-0.08881550744096657,-0.1341863249540232,32,-0.20181417757658987,43,380,69,-0.10737227200827633,0.5803571428571429,-0.20285684997328615,-0.01938655667327903,-0.06370088203451206,30,-0.1770104343988734,39,-0.05870945861525524,-0.1754957642276836,0.06036838747772871,,same sign,False
PAIR_RSI_MOMENTUM_LOADX,D1_GOLDEN,yes,no,588,21,-0.03460839373774757,0.6432848588537212,-0.10655214882664542,0.02745373542282804,,0,-0.03460839373774758,21,7412,252,-0.1189072606977807,0.5631857237276932,-0.1464140022824626,-0.09164259442288099,-0.10292279921773018,117,-0.13401225829899568,135,0.08429886696003312,0.007226440305181518,0.15109467355651443,,same sign,False
PAIR_RSI_MOMENTUM_LOADX,ABOVE_D200,yes,no,1343,45,-0.11718919433976792,0.5901639344262295,-0.18550899721193936,-0.044709101021693745,,0,-0.11718919433976792,45,6657,228,-0.11200795218721353,0.5647447668013221,-0.14083618313581453,-0.0836690705845294,-0.10292279921773018,117,-0.12266966347052638,111,-0.005181242152554388,-0.07933177114352682,0.0724156689713716,,same sign,False
PAIR_RSI_MOMENTUM_LOADX,H4_GOLDEN,yes,no,3728,136,-0.10896653091802357,0.5722780126849893,-0.1470622530172262,-0.06864837055644181,-0.09882246149477181,47,-0.11433788538223534,89,4272,146,-0.11623701301675028,0.5660290917420686,-0.15492488821240008,-0.08024556838428304,-0.10519354215456193,74,-0.12929867817900348,72,0.007270482098726716,-0.04670156214705807,0.0653118221987379,,same sign,False
PAIR_RSI_MOMENTUM_LOADX,H1_EMA20_UP,yes,no,4562,242,-0.09916725562851396,0.5753439497345899,-0.1330905051197473,-0.06592974908117276,-0.09966654852110007,102,-0.09878360356104983,140,3438,232,-0.13074577390068426,0.560554612337295,-0.17039676961356728,-0.08987101830123301,-0.10683322482976115,103,-0.15216957054684396,129,0.0315785182721703,-0.01746898433828702,0.08167421980631161,,same sign,False
PAIR_RSI_MOMENTUM_LOADX,ADX5_RISING,yes,no,5323,272,-0.11557927184393674,0.5609444798978941,-0.14596376788301912,-0.084930710255816,-0.10109564133310439,117,-0.1271528732624664,155,2677,267,-0.10726736093446658,0.5853658536585367,-0.151843822617577,-0.06375463230477255,-0.10651372830764422,117,-0.10792265917434475,150,-0.008311910909470158,-0.05821815663227204,0.04154515440653315,,same sign,False
PAIR_RSI_MOMENTUM_LOADX,EFF72_CHOP,yes,no,917,112,-0.09967999684608471,0.5797101449275363,-0.1653581801987747,-0.030220114092222156,-0.07701093099646758,44,-0.11761907491746444,68,7083,273,-0.11456222170356008,0.5675394846217788,-0.14275614149755214,-0.0864854369741694,-0.10618956814329684,117,-0.12147379004465748,156,0.014882224857475368,-0.058554663208984815,0.09150132813443589,,same sign,False
PAIR_RSI_MOMENTUM_LOADX,BULL_GT_BEAR,yes,no,7500,273,-0.11590103594748621,0.5649533015479068,-0.14329455294922508,-0.08963562850617039,-0.10875389749657899,117,-0.12177505847014404,156,500,187,-0.06575233324381319,0.6305668016194332,-0.1361205887589762,0.00898289292411066,-0.012212448289782962,85,-0.10945032758129372,102,-0.050148702703673026,-0.12801078713899006,0.02111409758023157,,same sign,False
PAIR_RSI_MOMENTUM_LOADX,BTC_SLOPE5_UP,yes,no,7990,273,-0.11264601621202752,0.568952802359882,-0.13891829484055865,-0.08641743132969164,-0.10267549326973988,117,-0.12084554023097904,156,10,8,-0.24252188276804404,0.5555555555555556,-0.6196712358064796,0.24259400587794955,-0.3299187462293317,2,-0.20572320341592287,6,0.12987586655601652,-0.35429488011298743,0.5121154659454539,,n<15,False
PAIR_RSI_MOMENTUM_LOADX,R1D>0,>0,≤0,3851,133,-0.11551723633987537,0.5680859225163023,-0.15253200373936118,-0.08053833729276645,-0.09877032745572714,55,-0.1287697718860806,78,4149,140,-0.11041091781348003,0.5697098372257607,-0.1479426883905708,-0.07115505078059031,-0.1066052401668371,62,-0.11364682355580236,78,-0.0051063185263953426,-0.05932799246065582,0.048443459121028105,,same sign,False
PAIR_RSI_MOMENTUM_LOADX,R3D>0,>0,≤0,4046,139,-0.09839365464260198,0.579611650485437,-0.134923636049427,-0.06213718881635011,-0.06774931707769878,61,-0.12216943378778551,78,3954,134,-0.127653598756894,0.5580096786201761,-0.16732980824840282,-0.08897254992787168,-0.13668034006126872,56,-0.11979396397678496,78,0.029259944114292016,-0.025285494695713853,0.08303296954832608,,same sign,False
PAIR_RSI_MOMENTUM_LOADX,R7D>0,>0,≤0,4077,138,-0.10723289084144412,0.5698036398467433,-0.14451106661654456,-0.07064764975033457,-0.08771532454004997,61,-0.12311395944759478,77,3923,135,-0.11877626303373698,0.5680130866993833,-0.15560825120006871,-0.08215001031592137,-0.11873367813484113,56,-0.11881160173408713,79,0.011543372192292858,-0.03820209035726976,0.06395867021836002,,same sign,False
PAIR_RSI_MOMENTUM_LOADX,R30D>0,>0,≤0,4596,160,-0.11680198727883594,0.564676883506591,-0.14932298924423973,-0.08504012084472641,-0.1107040264156721,61,-0.1206742511947472,99,3404,113,-0.10758391551923523,0.5746268656716417,-0.1522870831154438,-0.06431790865327623,-0.09535661532576839,56,-0.12164474483767117,57,-0.00921807175960071,-0.06300541618946412,0.04707977427727134,,same sign,False
PAIR_RSI_MOMENTUM_LOADX,R7D_T,T3 >2.33,T1 ≤-2.26,2814,91,-0.08066771972747763,0.590805803181262,-0.12672768590682362,-0.03476266779750434,-0.0771290243429308,43,-0.08364281980464004,48,2688,91,-0.12643166264236025,0.5630129491154477,-0.17754531359641776,-0.0768113817456827,-0.11807056250671752,41,-0.13499962899258502,50,0.045763942914882616,-0.020761706054546084,0.11383465593320852,,same sign,False
PAIR_RSI_MOMENTUM_LOADX,R30D_T,T3 >5.75,T1 ≤-1.63,2690,91,-0.11078032218502086,0.56942651668818,-0.1548285004756671,-0.0655944899775223,-0.12027148924753979,27,-0.10705016919101779,64,2851,91,-0.11932868586901603,0.5653370013755159,-0.16860629710140523,-0.07046184149855649,-0.12116034084514615,45,-0.11740270227683122,46,0.00854836368399517,-0.056979873625856006,0.07632310385414279,,same sign,False
PAIR_RSI_MOMENTUM_LOADX,OFF30_T,T3 >-3.98,T1 ≤-8.84,2898,120,-0.09752991135161762,0.5708936170212766,-0.1421549552386752,-0.054379991608350935,-0.09234718564581275,42,-0.10036206153989106,78,2805,99,-0.10725974524560018,0.5750609543712991,-0.15547389334698944,-0.06192557522194291,-0.10886000060841267,60,-0.10477251560250997,39,0.009729833893982562,-0.054694433048979266,0.07597560493692515,,same sign,False
PAIR_RSI_MOMENTUM_LOADX,ADX5_T,T3 >28.4,T1 ≤19.4,1831,246,-0.1092486566394989,0.5822571588994946,-0.14993080532729067,-0.06853825400400705,-0.06749939323208884,103,-0.1392710516573758,143,1315,228,-0.059769749321635514,0.601585014409222,-0.11017603939027534,-0.0133856885960343,-0.05324658090546868,97,-0.06608025597512078,131,-0.049478907317863384,-0.11090763529423661,0.009259217794747865,,same sign,False
PAIR_RSI_MOMENTUM_LOADX,ATR5_T,T3 >0.185,T1 ≤0.115,3076,186,-0.09586210333609639,0.605727923627685,-0.14518107398920752,-0.04631689990625751,-0.11918395929909614,90,-0.05925842179809313,96,2209,172,-0.12249721846028071,0.5399955683580766,-0.15765177788264514,-0.088389002785146,-0.0866324591774097,55,-0.13663482514701022,117,0.026635115124184316,-0.03410118606893912,0.08686043098532853,,same sign,False
PAIR_RSI_MOMENTUM_LOADX,BULL_T,T3 >52.2,T1 ≤24.4,6736,273,-0.11172348279298697,0.5705762514551803,-0.14066336301540644,-0.08326774092145563,-0.10462806432034048,117,-0.1175070172374104,156,83,61,0.034318862877015,0.7191780821917807,-0.177369886909035,0.22567551640488717,0.14916447537140426,30,-0.11698567421876764,31,-0.14604234567000196,-0.34036563685581944,0.06513772314757268,T3 >52.2,half h2 flips,False
PAIR_RSI_MOMENTUM_LOADX,BTC_RSI5_T,T3 >55.4,T1 ≤44.8,7253,273,-0.11215063574044634,0.5687089422174554,-0.139194956294423,-0.08527686857423991,-0.09675565733398757,117,-0.12449264862233923,156,11,10,0.3338481996034662,0.8461538461538461,-0.0687770265283907,0.7320702438999497,0.5282260227034593,4,0.21236206016597037,6,-0.4459988353439125,-0.8450692282205383,-0.0389373571004514,,n<15,False
PAIR_RSI_MOMENTUM_LOADX,ABOVE72_T,T3 >52.5,T1 ≤48,2772,139,-0.09561451838716067,0.5766969535008017,-0.13945001806652743,-0.05352922779629875,-0.07522932313820453,61,-0.10919254692341997,78,2701,145,-0.12905506468773675,0.5631956912028725,-0.17217536961867888,-0.08673984541587437,-0.11664601825539553,66,-0.1416526711599327,79,0.03344054630057608,-0.025428958770945382,0.09486693213673073,,same sign,False
PAIR_RSI_MOMENTUM_LOADX,VOLR_T,T3 >1.13,T1 ≤0.817,2820,91,-0.14532940168944794,0.5666201604464597,-0.19814865283826572,-0.09430225065549062,-0.16920988352351435,41,-0.1243880560811128,50,2648,91,-0.10611271081600923,0.5611510791366906,-0.1455816386174749,-0.06744246053588733,-0.08160154880120321,39,-0.12548365226298108,52,-0.03921669087343871,-0.10380051371579081,0.02657773507827656,,same sign,False
PAIR_RSI_RANGE[>70],D1_GOLDEN,yes,no,572,21,-0.034887162299507626,0.6350947158524427,-0.12978986927112307,0.06424259338662787,,0,-0.03488716229950763,21,7428,252,-0.08891951168688288,0.5902439024390244,-0.1184174499158345,-0.06125984040610506,-0.0759046438802636,117,-0.10142094179162713,135,0.05403234938737525,-0.04557683892102012,0.15554226927151182,,same sign,False
PAIR_RSI_RANGE[>70],ABOVE_D200,yes,no,1358,45,-0.07804438569446044,0.6021186440677965,-0.14496165865727717,-0.005761478778455042,,0,-0.0780443856944604,45,6642,228,-0.08649418234118703,0.5916857944401939,-0.1168199806373017,-0.05614895123240237,-0.0759046438802636,117,-0.09925323636683196,111,0.008449796646726584,-0.06439321223707233,0.08431612997578067,,same sign,False
PAIR_RSI_RANGE[>70],H4_GOLDEN,yes,no,3714,135,-0.09747669960796297,0.5821256038647342,-0.13388531917649762,-0.060720232581390136,-0.10288426285898501,47,-0.09472673633318908,88,4286,146,-0.07413390570944961,0.6034137885051339,-0.11558540296969742,-0.03401308615864468,-0.061543383050827405,74,-0.09011975393975237,72,-0.02334279389851336,-0.07710446771287036,0.032836481718885584,,same sign,False
PAIR_RSI_RANGE[>70],H1_EMA20_UP,yes,no,4207,232,-0.08833675978785749,0.5871919848361766,-0.12567951462697952,-0.051068764321320854,-0.08027135892034366,100,-0.09416386144073945,132,3793,223,-0.08151410261617845,0.6002671812379398,-0.12421178062166431,-0.03969789903881235,-0.0718421564345675,99,-0.0909674577041633,124,-0.006822657171679042,-0.06391031102931602,0.04875038895567368,,same sign,False
PAIR_RSI_RANGE[>70],ADX5_RISING,yes,no,6123,271,-0.077574480779257,0.5925720107437251,-0.11105859951513172,-0.04402294407185541,-0.06759502571600332,117,-0.08569179701562539,154,1877,250,-0.10945404333874681,0.5962116656644618,-0.15545342440172977,-0.06380569743067793,-0.10129485256765326,112,-0.11688214062317143,138,0.031879562559489816,-0.024613126608037432,0.08837471238160449,,same sign,False
PAIR_RSI_RANGE[>70],EFF72_CHOP,yes,no,879,102,-0.13047934790276997,0.5687022900763359,-0.19723063318458428,-0.07039440990212442,-0.05489308454362342,44,-0.1851799332284681,58,7121,273,-0.07939624589396505,0.5965261732132899,-0.11035456559957854,-0.04946538315491339,-0.07830887917190413,117,-0.08032090036143477,156,-0.05108310200880492,-0.12567585867175143,0.01710165698456953,,same sign,False
PAIR_RSI_RANGE[>70],BULL_GT_BEAR,yes,no,7725,273,-0.08582661668767173,0.5924539381927623,-0.11376970946127953,-0.058551685172815025,-0.07577127665133684,117,-0.09415344215254326,156,275,134,-0.06479963596431504,0.6199999999999999,-0.14944220472892836,0.021089977588777623,-0.079107014190408,66,-0.04966796434248006,68,-0.021026980723356695,-0.10881955667391799,0.06834104261943227,,same sign,False
PAIR_RSI_RANGE[>70],BTC_SLOPE5_UP,yes,no,7973,273,-0.08611116622934126,0.5928612059158135,-0.11382367298872989,-0.05915759595329734,-0.0783760794322382,117,-0.09252253726246672,156,27,12,0.16019702934145333,0.7288135593220341,-0.30336163638443936,0.41322205733448036,0.21581628590281177,9,-0.44049094152121787,3,-0.24630819557079459,-0.49319269259792037,0.20872063148001163,yes,half h2 flips,False
PAIR_RSI_RANGE[>70],R1D>0,>0,≤0,3708,133,-0.07722523512725905,0.5959289077927997,-0.11382958569360814,-0.041947359728165795,-0.05961388913749291,55,-0.09192589879485927,78,4292,140,-0.09194192231771396,0.5912466843501327,-0.13214116955519348,-0.05190451686433582,-0.09011693938116609,62,-0.09346740720234235,78,0.014716687190454908,-0.040760148846984055,0.06572199072965554,,same sign,False
PAIR_RSI_RANGE[>70],R3D>0,>0,≤0,3965,139,-0.08167120935912212,0.5912273181883126,-0.11528862148680752,-0.04700167628782308,-0.06917676930349417,61,-0.09211711189251306,78,4035,134,-0.08843332717768304,0.595592363840539,-0.13269194256369266,-0.04480315768158645,-0.0825204218118169,56,-0.09336861594687493,78,0.006762117818560925,-0.05011857660783028,0.06337152940725652,,same sign,False
PAIR_RSI_RANGE[>70],R7D>0,>0,≤0,3905,138,-0.09835578329460759,0.5756531725523973,-0.13036513239169434,-0.06630102700958874,-0.10047946175082477,61,-0.0966329864190492,77,4095,135,-0.0721628378773331,0.6107307531088444,-0.12011520619745691,-0.031127283803587123,-0.05272646015712248,56,-0.08886731631288954,79,-0.026192945417274488,-0.07952827250418067,0.0320990257193802,,same sign,False
PAIR_RSI_RANGE[>70],R30D>0,>0,≤0,4553,160,-0.09799685399193492,0.5829964473845399,-0.13095473051309395,-0.06555583535384,-0.09120148520186053,61,-0.10229782355620684,99,3447,113,-0.06739387550035986,0.6077181208053691,-0.1142329507254041,-0.018210326161591375,-0.061076455785431305,56,-0.0750422649475137,57,-0.03060297849157506,-0.0893970395355349,0.027961862037811546,,same sign,False
PAIR_RSI_RANGE[>70],R7D_T,T3 >2.33,T1 ≤-2.26,2713,91,-0.0760969148310309,0.5923833437957732,-0.1180033206432358,-0.033885103642518996,-0.08139809651346443,43,-0.07098529451578671,48,2837,91,-0.054367152259725195,0.6289346246973365,-0.10891307720502234,-6.215095635685714e-05,-0.04453283202418293,41,-0.06432125715099879,50,-0.021729762571305704,-0.08742013318633626,0.050664543904886554,,same sign,False
PAIR_RSI_RANGE[>70],R30D_T,T3 >5.75,T1 ≤-1.63,2630,91,-0.10342311170690056,0.5808538163001293,-0.14718210427561104,-0.055587753962832255,-0.11872040169664642,27,-0.09779771488672565,64,2758,91,-0.06803760778145385,0.6093948370715193,-0.12621083168347066,-0.013117216481433847,-0.05947638331050891,45,-0.07762003660633211,46,-0.03538550392544672,-0.10783001316925972,0.037767492201673074,,same sign,False
PAIR_RSI_RANGE[>70],OFF30_T,T3 >-3.98,T1 ≤-8.84,2677,117,-0.09550437619030525,0.5832983634074695,-0.138980295020023,-0.05276481850025913,-0.07585075017185093,39,-0.10559644137666302,78,2843,98,-0.0632709770031605,0.6179455948030858,-0.11873969508504666,-0.007051707022464278,-0.06142555981272131,59,-0.06644240588341858,39,-0.03223339918714474,-0.10823362699898918,0.03755895497394248,,same sign,False
PAIR_RSI_RANGE[>70],ADX5_T,T3 >28.4,T1 ≤19.4,2070,233,-0.08079033468466419,0.5931580435397229,-0.1271012387686125,-0.03686144725561317,-0.06617094385022548,100,-0.09299085328041722,133,1445,225,-0.06827007772232464,0.6027646416878865,-0.12395017720396367,-0.008403746144176771,-0.044659523846236,94,-0.09020718181491508,131,-0.012520256962339549,-0.08517140239216331,0.0582138904317597,,same sign,False
PAIR_RSI_RANGE[>70],ATR5_T,T3 >0.185,T1 ≤0.115,2969,174,-0.051500592131162724,0.6282101167315174,-0.11286389749975947,0.00422315291074961,-0.06518399696489914,86,-0.027309629250626005,88,2194,169,-0.08603392159717692,0.5811623246492986,-0.12689342143071275,-0.046098117079561116,-0.07032849653463229,53,-0.09213582065625948,116,0.034533329466014194,-0.03724597346593216,0.10209140972130604,,same sign,False
PAIR_RSI_RANGE[>70],BULL_T,T3 >52.2,T1 ≤24.4,7202,273,-0.08716329784681691,0.588760670249763,-0.11708653716302897,-0.058277962554388434,-0.07813960773314288,117,-0.09456898279692237,156,44,35,-0.19486543608465132,0.5057471264367817,-0.3652203247387554,-0.009071457716459756,-0.21715040506013294,17,-0.1674377819609815,18,0.10770213823783441,-0.07487929202274365,0.2796378766970001,,same sign,False
PAIR_RSI_RANGE[>70],BTC_RSI5_T,T3 >55.4,T1 ≤44.8,7823,273,-0.08564006963679295,0.5923082494386905,-0.1139890257898826,-0.05839872351899766,-0.07485914006515786,117,-0.09449923699028857,156,1,1,3.0989950566919995,1.0,3.0989950566919995,3.0989950566919995,3.0989950566919995,1,,0,-3.1846351263287924,-3.2142759049333236,-3.158381393937106,,n<15,False
PAIR_RSI_RANGE[>70],ABOVE72_T,T3 >52.5,T1 ≤48,2723,133,-0.10009485994856844,0.5772916666666666,-0.1449059430411137,-0.05575201485849778,-0.12430158394978491,57,-0.08330219255746343,76,2828,141,-0.04610733240131075,0.6241177656785641,-0.10290964238472483,0.01138931156233653,-0.03534298765686438,63,-0.05764055891321758,78,-0.05398752754725769,-0.12664631558198083,0.01964790898860894,,same sign,False
PAIR_RSI_RANGE[>70],VOLR_T,T3 >1.13,T1 ≤0.817,2635,91,-0.10085421618986999,0.5832968954962834,-0.16003095320444508,-0.04235127375803219,-0.10570401633542027,41,-0.09632431829493528,50,2650,91,-0.08285848875611466,0.5963071758287872,-0.12579577158625938,-0.04167116661156853,-0.08566665002126406,39,-0.08085063829413125,52,-0.017995727433755326,-0.0902664330055988,0.05642744873019564,,same sign,False
RNGPOS_ADX_DELTA_CROSS,D1_GOLDEN,yes,no,292,21,-0.026870792932660884,0.6188340807174888,-0.12055257852647745,0.07113657789918015,,0,-0.02687079293266087,21,3374,252,-0.12082013731504378,0.5431861804222649,-0.15284837554287325,-0.08940020265150511,-0.11051370580969348,117,-0.12958884191728673,135,0.0939493443823829,-0.0034445284319618396,0.19766559949339288,,same sign,False
RNGPOS_ADX_DELTA_CROSS,ABOVE_D200,yes,no,669,45,-0.07123474530878085,0.6090733590733589,-0.13951595123484042,-0.004645590178576273,,0,-0.07123474530878084,45,2997,228,-0.12286971708213155,0.5357142857142857,-0.15663238792839862,-0.08898182309396402,-0.11051370580969348,117,-0.13616978314841885,111,0.051634971773350705,-0.0232491078438125,0.12565888067031936,,same sign,False
RNGPOS_ADX_DELTA_CROSS,H4_GOLDEN,yes,no,1774,134,-0.10113609058918903,0.5606060606060606,-0.1447107173794689,-0.05801487781722115,-0.1280940610110593,46,-0.0879179889629817,88,1892,145,-0.12521083423929014,0.5381414701803051,-0.16740215531593308,-0.0812148941520097,-0.09970232081734982,74,-0.152212351301915,71,0.024074743650101108,-0.039560722727068134,0.08579574764078166,,same sign,False
RNGPOS_ADX_DELTA_CROSS,H1_EMA20_UP,yes,no,1775,226,-0.13490507015406333,0.5424354243542436,-0.18084579590830116,-0.09005868786853456,-0.1367065618928586,96,-0.13356900237349148,130,1891,219,-0.09364037642288973,0.5553292600135779,-0.13812898999086304,-0.04499834601913152,-0.08615709346483244,98,-0.09908715305101236,121,-0.0412646937311736,-0.11021589932038318,0.025884320496451903,,same sign,False
RNGPOS_ADX_DELTA_CROSS,ADX5_RISING,yes,no,1984,267,-0.14212752541813342,0.5416530545573344,-0.18153376732365506,-0.10350057163746468,-0.1333139419680292,115,-0.14863386186625124,152,1682,266,-0.07953947350845411,0.5579961464354527,-0.12581579790955827,-0.03389281989797726,-0.08344493228838169,116,-0.07668848859910694,150,-0.06258805190967931,-0.12213894632226496,-0.00544495650966646,,same sign,True
RNGPOS_ADX_DELTA_CROSS,EFF72_CHOP,yes,no,457,100,-0.23424366064899896,0.46893491124260356,-0.3033587136016623,-0.16048705824360304,-0.23562455838966903,42,-0.23330245174117917,58,3209,273,-0.0970097539077553,0.5600401606425705,-0.13128604449508371,-0.06493146946496862,-0.09435134201576925,117,-0.09898194405217726,156,-0.13723390674124364,-0.2154893946861864,-0.05370387706433205,,same sign,True
RNGPOS_ADX_DELTA_CROSS,BULL_GT_BEAR,yes,no,2860,272,-0.13692641642516873,0.5305568130375735,-0.17018458499248001,-0.1045732879016247,-0.13487939194134071,117,-0.1383752381607269,155,806,249,-0.02949626921886063,0.6155088852988692,-0.08580895185007321,0.027071982714903218,-0.031411629024150886,104,-0.027893505227490137,145,-0.1074301472063081,-0.16887710991891836,-0.04626527872287392,,same sign,True
RNGPOS_ADX_DELTA_CROSS,BTC_SLOPE5_UP,yes,no,2675,272,-0.1429032150280701,0.5265712205775297,-0.17820754504886163,-0.11032061059132486,-0.13420273277251743,117,-0.14914218584548933,155,991,251,-0.034236573243431836,0.6097719869706841,-0.0850172593670324,0.0173614611101005,-0.05002584912865489,103,-0.021876559368123653,148,-0.10866664178463827,-0.16509397289111516,-0.054146785165884045,,same sign,True
RNGPOS_ADX_DELTA_CROSS,R1D>0,>0,≤0,1683,133,-0.08401853536876715,0.5645784996133024,-0.131452826554743,-0.0363459042603827,-0.08260093243314125,55,-0.08511011873808894,78,1983,140,-0.13817112592694233,0.536156351791531,-0.1765277563173637,-0.09830774425979555,-0.13523958773774172,62,-0.14023948898265606,78,0.05415259055817519,-0.0069338990394917565,0.11349703399219005,,same sign,False
RNGPOS_ADX_DELTA_CROSS,R3D>0,>0,≤0,1837,139,-0.10015968747529919,0.5557894736842105,-0.14453783629928452,-0.056130664938072075,-0.0778723744432814,61,-0.11655620035147306,78,1829,134,-0.12687176755336496,0.5424091233071988,-0.1688016582203521,-0.08398009930187317,-0.14373251650103788,56,-0.11450999547128478,78,0.026712080078065775,-0.03303495894435036,0.08950932155736932,,same sign,False
RNGPOS_ADX_DELTA_CROSS,R7D>0,>0,≤0,1867,138,-0.09706414189918064,0.5606591865357645,-0.14122873220986193,-0.05391281500185889,-0.10931091600391868,61,-0.0876703957147533,77,1799,135,-0.1300393567627966,0.5374465049928673,-0.16985568062643688,-0.0867626313637847,-0.11180070129763575,56,-0.14285181843443656,79,0.03297521486361596,-0.0267999768915848,0.09468145888473573,,same sign,False
RNGPOS_ADX_DELTA_CROSS,R30D>0,>0,≤0,2130,160,-0.11194859331853323,0.5469596628537026,-0.15274248894629178,-0.07171827369787488,-0.12712196154574534,61,-0.10311913809298405,99,1536,113,-0.11549445675029026,0.5522707797772065,-0.16077685147106902,-0.068359122042694,-0.09321166956974859,56,-0.1380075569766256,57,0.0035458634317570292,-0.055722684001663816,0.06384443017081926,,same sign,False
RNGPOS_ADX_DELTA_CROSS,R7D_T,T3 >2.33,T1 ≤-2.26,1283,91,-0.08855073455901451,0.571501014198783,-0.1408317781635557,-0.03439551824652141,-0.08186473288627548,43,-0.09449384715700473,48,1308,91,-0.12194274569718165,0.5471512770137523,-0.17506182143140364,-0.06915324472323531,-0.09963457539512972,41,-0.13993575972075326,50,0.033392011138167144,-0.037386567957151014,0.10814003530434804,,same sign,False
RNGPOS_ADX_DELTA_CROSS,R30D_T,T3 >5.75,T1 ≤-1.63,1224,91,-0.12265494145908888,0.5480819758276405,-0.17799241092192375,-0.06973566522058479,-0.23616728229654146,27,-0.08851589158316328,64,1265,91,-0.13440398303294784,0.539144050104384,-0.1844564830075117,-0.08586469517569051,-0.12070208464375724,45,-0.14768341795690135,46,0.011749041573858962,-0.06152157389574617,0.0893763909640224,,same sign,False
RNGPOS_ADX_DELTA_CROSS,OFF30_T,T3 >-3.98,T1 ≤-8.84,1214,115,-0.11023615524249952,0.5502418054809243,-0.16440776407124597,-0.05677725832013988,-0.12088814891650299,40,-0.10443722756602954,75,1301,99,-0.13951248405845176,0.531968031968032,-0.18743565305632093,-0.08771324205040078,-0.11466552217238746,60,-0.1722391537648652,39,0.02927632881595224,-0.04426575763469238,0.10328286504539966,,same sign,False
RNGPOS_ADX_DELTA_CROSS,ADX5_T,T3 >28.4,T1 ≤19.4,868,234,-0.1279642726202786,0.5431164901664145,-0.18101498503592658,-0.07284074121295056,-0.12766343942492253,99,-0.1281550358207949,135,378,172,-0.1408762652405302,0.5213675213675213,-0.2213121728981136,-0.05912260369138821,-0.1098582516632861,78,-0.16621085396976992,94,0.012911992620251611,-0.08236034929967923,0.10901072784467979,,same sign,False
RNGPOS_ADX_DELTA_CROSS,ATR5_T,T3 >0.185,T1 ≤0.115,1384,176,-0.08899551353242671,0.5790960451977402,-0.13674774622922622,-0.03798505483136047,-0.09926382465469005,90,-0.07537566164955606,86,921,166,-0.0613749430460794,0.5785358919687279,-0.11189997809275283,-0.007760321767931446,-0.12806559754159536,49,-0.036964868536555576,117,-0.027620570486347314,-0.09547809301952502,0.04511539562216942,,same sign,False
RNGPOS_ADX_DELTA_CROSS,BULL_T,T3 >52.2,T1 ≤24.4,2436,266,-0.13014339662457766,0.5404831430846828,-0.16829751106200325,-0.09486111065038721,-0.11854855942339096,116,-0.138161380140441,150,330,163,-0.0011521201107341074,0.652,-0.09145860620426549,0.08392240744003922,-0.0092407336240857,72,0.006195551706737952,91,-0.12899127651384357,-0.22139047399559722,-0.03632227605269479,,same sign,True
RNGPOS_ADX_DELTA_CROSS,BTC_RSI5_T,T3 >55.4,T1 ≤44.8,2482,271,-0.1417632247288254,0.5266857589169487,-0.1785991711082955,-0.10678754082103101,-0.1238162893585182,117,-0.15470077804908716,154,519,201,-0.05429266178909824,0.6041666666666667,-0.11995467346311933,0.007987318485862805,-0.05965016818928933,81,-0.050328792448231886,120,-0.08747056293972717,-0.15713324493838232,-0.01825788067716853,,same sign,True
RNGPOS_ADX_DELTA_CROSS,ABOVE72_T,T3 >52.5,T1 ≤48,1119,133,-0.0895469007673964,0.5641618497109826,-0.14596016060643524,-0.03413757897904365,-0.06089482374612543,56,-0.10778989777337122,77,1360,137,-0.09781481589789122,0.5734597156398106,-0.14531721476975556,-0.047168424856980015,-0.11626415644956484,64,-0.0829922687879996,73,0.008267915130494824,-0.0665547607038597,0.08183746130028446,,same sign,False
RNGPOS_ADX_DELTA_CROSS,VOLR_T,T3 >1.13,T1 ≤0.817,1297,91,-0.13600000171190235,0.540650406504065,-0.18760951611546633,-0.08183516758044175,-0.1240916765770082,41,-0.14636884755179114,50,1159,91,-0.12268228363279916,0.539488320355951,-0.17192162875248113,-0.07327337037290836,-0.1464857335806746,39,-0.10747151023857794,52,-0.013317718079103188,-0.08717685062486055,0.05749785919265113,,same sign,False
RSICEIL_DOOR_ADXMIN,D1_GOLDEN,yes,no,605,21,-0.11157010449341964,0.5855513307984791,-0.18407538539408597,-0.04881923641484904,,0,-0.11157010449341961,21,7395,251,-0.09135723275030808,0.578425342149777,-0.11670430911371289,-0.06674828128371019,-0.08731638639872556,117,-0.09526004535408865,134,-0.020212871743111566,-0.09718590839545653,0.046256005577498024,,same sign,False
RSICEIL_DOOR_ADXMIN,ABOVE_D200,yes,no,1398,45,-0.10994373738448576,0.5848270112546894,-0.15301996812639912,-0.06443976084246422,,0,-0.10994373738448573,45,6602,227,-0.08935662519017094,0.5777510935757785,-0.11580780620464588,-0.06238454280403864,-0.08731638639872556,117,-0.09183093262561141,110,-0.02058711219431482,-0.07348143926012295,0.03157019967439746,,same sign,False
RSICEIL_DOOR_ADXMIN,H4_GOLDEN,yes,no,3710,136,-0.09135214508658349,0.5833077631175206,-0.12269747371866498,-0.06024214932835007,-0.0817258260571162,47,-0.09645108947745594,89,4290,145,-0.09418178214896993,0.5751989389920424,-0.12878926942162744,-0.06007870187545974,-0.09036934906289502,74,-0.09880660925338658,71,0.002829637062386439,-0.04296041541025894,0.04934772957672083,,same sign,False
RSICEIL_DOOR_ADXMIN,H1_EMA20_UP,yes,no,4310,241,-0.09470343658594406,0.5737704918032787,-0.12501490805915383,-0.06456544079890233,-0.0854778508416048,103,-0.10190005009184852,138,3690,225,-0.09077101973657453,0.5848970251716247,-0.12988057015115945,-0.05341279585427955,-0.0892651629660412,99,-0.09212380505432557,126,-0.003932416849369527,-0.0531391273137441,0.043244909339496304,,same sign,False
RSICEIL_DOOR_ADXMIN,ADX5_RISING,yes,no,5916,272,-0.09667892832673616,0.5747303543913713,-0.12304196294272504,-0.0702728010608294,-0.09018803847617315,117,-0.10204196042626922,155,2084,261,-0.08210395409165923,0.5909090909090909,-0.12469479847898272,-0.03977011392633829,-0.07934296946028063,114,-0.08446096014427908,147,-0.014574974235076935,-0.06438004297495203,0.031705859859125766,,same sign,False
RSICEIL_DOOR_ADXMIN,EFF72_CHOP,yes,no,900,105,-0.1352482068870206,0.5570093457943925,-0.20427078428262063,-0.06731337723755414,-0.1489759849845478,43,-0.12705251847058643,62,7100,272,-0.08740789745634915,0.581787521079258,-0.11288145727857755,-0.061666146135351325,-0.08092679069035019,117,-0.0930398362489552,155,-0.047840309430671454,-0.12203028779343016,0.026823926498214058,,same sign,False
RSICEIL_DOOR_ADXMIN,BULL_GT_BEAR,yes,no,7593,272,-0.09085734379827305,0.579426593423132,-0.11536121219267229,-0.0658479870000322,-0.08750464454183403,117,-0.09361966244175417,155,407,181,-0.12764717469744283,0.5708712613784135,-0.20472039993195582,-0.0485625309896778,-0.08439619613236873,87,-0.17146426554740007,94,0.036789830899169776,-0.04601309349523738,0.11913393870361193,,same sign,False
RSICEIL_DOOR_ADXMIN,BTC_SLOPE5_UP,yes,no,7982,272,-0.0933031639709113,0.5784481529025817,-0.11619058193205817,-0.06999851280896621,-0.08804115718073649,117,-0.09768232524709364,155,18,13,0.07591794784817006,0.7777777777777778,-0.2361514321984044,0.3385939577793821,0.13249623791687412,7,-0.0032916582480155554,6,-0.16922111181908137,-0.42735435674556926,0.13854669352718013,yes,half h2 flips,False
RSICEIL_DOOR_ADXMIN,R1D>0,>0,≤0,3701,132,-0.08757830702016788,0.579124579124579,-0.11933021551323089,-0.05370159593332551,-0.0751292633777228,55,-0.09822467824420099,77,4299,140,-0.09746507987876225,0.5788144603934077,-0.13092932372285931,-0.06394756098235568,-0.09818305736949536,62,-0.09688009966561793,78,0.009886772858594378,-0.035803402386094835,0.05836300976268976,,same sign,False
RSICEIL_DOOR_ADXMIN,R3D>0,>0,≤0,3959,139,-0.07603246795919806,0.5832496773268321,-0.11137942592868368,-0.04023880696419521,-0.06202575964926018,61,-0.08768755078042066,78,4041,133,-0.1094410049397454,0.5747353563867325,-0.14116694696096413,-0.0805244636712323,-0.11216758556582358,56,-0.10716555974092357,77,0.03340853698054734,-0.01251811197831665,0.0812068696978521,,same sign,False
RSICEIL_DOOR_ADXMIN,R7D>0,>0,≤0,3874,138,-0.09482005314797208,0.5723325974981602,-0.12776391997127623,-0.06181515323094942,-0.10486099995389792,61,-0.08648549940278935,77,4126,134,-0.0910452509895517,0.5851576483546743,-0.12430187131388835,-0.05819728919751926,-0.07097040726419077,56,-0.10783604316236943,78,-0.0037748021584203817,-0.051053057056252245,0.04586354680611081,,same sign,False
RSICEIL_DOOR_ADXMIN,R30D>0,>0,≤0,4491,160,-0.10855161971551795,0.5657279959590857,-0.13794667426675503,-0.07967447952348913,-0.11206963606854219,61,-0.10629571451422117,99,3509,112,-0.07264108854054366,0.5960254113047728,-0.11105087514144885,-0.03375228827307354,-0.06408017448173142,56,-0.08256608774485077,56,-0.035910531174974294,-0.08617829808860222,0.011979966709027217,,same sign,False
RSICEIL_DOOR_ADXMIN,R7D_T,T3 >2.33,T1 ≤-2.26,2731,91,-0.08002297475358636,0.5906382978723405,-0.12170155840138772,-0.03745022354874885,-0.07939943070102087,43,-0.08058019502296192,48,2912,90,-0.0743658760390536,0.5983461311281749,-0.11660258949248721,-0.03248488963556475,-0.06146738920875298,41,-0.08741250390621708,49,-0.005657098714532752,-0.06574758764523264,0.0556041137204578,,same sign,False
RSICEIL_DOOR_ADXMIN,R30D_T,T3 >5.75,T1 ≤-1.63,2611,91,-0.1296297189016161,0.558855408627791,-0.1616166604919762,-0.09926005359886504,-0.17451581132327326,27,-0.11390119061451902,64,2861,91,-0.09170573536099279,0.587288817377313,-0.13475596357877906,-0.04825757722546331,-0.0915110169491148,45,-0.09191240166879035,46,-0.037923983540623304,-0.09186039502309509,0.0162375073474224,,same sign,False
RSICEIL_DOOR_ADXMIN,OFF30_T,T3 >-3.98,T1 ≤-8.84,2707,120,-0.09631275349384516,0.5791473195441115,-0.13510830387794429,-0.05820238995274854,-0.08639228387147582,41,-0.10187422888820377,79,2911,99,-0.07584953524326768,0.5964705882352941,-0.11893766041303762,-0.0330900484911562,-0.06651854733301586,60,-0.09007698215592885,39,-0.02046321825057748,-0.07801155285780324,0.0407298051683113,,same sign,False
RSICEIL_DOOR_ADXMIN,ADX5_T,T3 >28.4,T1 ≤19.4,2047,245,-0.07523981147094123,0.5904761904761905,-0.11823494070154422,-0.031181576575836544,-0.04483003704488312,105,-0.09999750740419801,140,1334,223,-0.047876830785942216,0.6081682167408007,-0.10295407489308388,0.006612347564121617,-0.06234568207627229,95,-0.034325737486619774,128,-0.027362980684999018,-0.09629797092180803,0.04523326138720694,,same sign,False
RSICEIL_DOOR_ADXMIN,ATR5_T,T3 >0.185,T1 ≤0.115,3304,179,-0.05940587225089919,0.6219469644103282,-0.10309670063212624,-0.015962529168777388,-0.06379219603801364,90,-0.05275998544225235,89,1952,170,-0.09414898050490761,0.5596148399886718,-0.1364146861327386,-0.05227633723416614,-0.06460530937155715,53,-0.10535480264181515,117,0.03474310825400842,-0.02716683217319629,0.0959248972835437,,same sign,False
RSICEIL_DOOR_ADXMIN,BULL_T,T3 >52.2,T1 ≤24.4,7029,272,-0.08981763418735224,0.5809399477806789,-0.11506750308732415,-0.06418746955375593,-0.08448443965467385,117,-0.09423002370007512,155,59,47,0.028102249908246456,0.7599999999999999,-0.11427545713749389,0.16408899359000284,-0.059889551760734766,23,0.11609405157722773,24,-0.1179198840955987,-0.2594107138430567,0.0304268484179691,T3 >52.2,half h1 flips,False
RSICEIL_DOOR_ADXMIN,BTC_RSI5_T,T3 >55.4,T1 ≤44.8,7784,272,-0.09268576621559446,0.5782710280373832,-0.11644527869921871,-0.06890185839311419,-0.08599126754652295,117,-0.09823100239789169,155,2,2,0.03697117170287337,0.5,-1.1248527768613563,1.198795120267103,,0,0.03697117170287337,2,-0.12965693791846783,-1.3042506787753656,1.0466399332673118,,n<15,False
RSICEIL_DOOR_ADXMIN,ABOVE72_T,T3 >52.5,T1 ≤48,2654,137,-0.11764453042162619,0.5526202749140893,-0.16151851118082206,-0.0739821044048216,-0.1424808034786287,60,-0.10002937640322349,77,2867,142,-0.08140326396137328,0.5975536394626028,-0.12086580645804408,-0.04156822568620753,-0.07617779471415921,65,-0.08685788288459226,77,-0.03624126646025291,-0.09766656865741408,0.026191832345006355,,same sign,False
RSICEIL_DOOR_ADXMIN,VOLR_T,T3 >1.13,T1 ≤0.817,2814,91,-0.11517098298282565,0.5712839206156338,-0.1585794424172381,-0.07201551983614256,-0.09842432682826072,41,-0.13109717870152884,50,2588,90,-0.09693435370296877,0.570079086115993,-0.1334973720461738,-0.060264764749929325,-0.11427113895867423,39,-0.0832502873533396,51,-0.018236629279856878,-0.07464378372078172,0.037700535999866606,,same sign,False
RSI_SPIKE_GUARD,D1_GOLDEN,yes,no,156,21,-0.11609602743004974,0.6060606060606061,-0.27388251119159657,0.03906073260452455,,0,-0.11609602743004974,21,1551,250,-0.14094843738024646,0.5612065941774815,-0.18283416568131303,-0.09966259496613637,-0.137974921087136,116,-0.14389495946119885,134,0.02485240995019672,-0.13742589479352524,0.18698303521884554,,same sign,False
RSI_SPIKE_GUARD,ABOVE_D200,yes,no,345,45,-0.18710349573715607,0.5621212121212121,-0.2921656361678526,-0.08674773398020699,,0,-0.18710349573715607,45,1362,226,-0.12573802569585388,0.5663183279742765,-0.16770946115168667,-0.08200081744223423,-0.137974921087136,116,-0.10949466315120535,110,-0.06136547004130219,-0.17510084990505204,0.047993732328364055,,same sign,False
RSI_SPIKE_GUARD,H4_GOLDEN,yes,no,823,134,-0.16197053960121746,0.5570469798657718,-0.2298237682723831,-0.09459888654133523,-0.12708706171523768,47,-0.1793771845020685,87,884,144,-0.11760459053799364,0.5729794933655005,-0.16614890755141593,-0.0654957231019991,-0.1438258184310814,73,-0.08467643632667396,71,-0.04436594906322382,-0.13499165411895217,0.0359073377450356,,same sign,False
RSI_SPIKE_GUARD,H1_EMA20_UP,yes,no,789,208,-0.13041474190233424,0.5716253443526171,-0.18907375941183746,-0.07303366748976585,-0.13256542204837163,89,-0.1287478333294886,119,918,209,-0.14561456950213336,0.5601415094339622,-0.20388199761364548,-0.08745702399387721,-0.1423438668076157,94,-0.14843290277896795,115,0.015199827599799126,-0.06737626269085002,0.09990668034009843,,same sign,False
RSI_SPIKE_GUARD,ADX5_RISING,yes,no,855,246,-0.14227736553617154,0.5706940874035991,-0.1994376879357263,-0.08377400267970996,-0.1591957978048383,110,-0.12720906559336143,136,852,248,-0.1350131497132692,0.5603015075376885,-0.195515455342413,-0.0739647929640964,-0.1153001359062675,106,-0.14993933897552433,142,-0.007264215822902348,-0.0966154485418882,0.08421600298222572,,same sign,False
RSI_SPIKE_GUARD,EFF72_CHOP,yes,no,185,78,-0.11894880343453726,0.603030303030303,-0.23619008031359745,-0.000914105729221027,-0.11878724149283104,34,-0.1190448040085946,44,1522,267,-0.14090539743946423,0.5610361958836054,-0.18333487103627596,-0.10060467778811086,-0.1397959740115955,115,-0.14185008388001472,152,0.02195659400492697,-0.1024525229822993,0.14185286909911524,,same sign,False
RSI_SPIKE_GUARD,BULL_GT_BEAR,yes,no,837,241,-0.14927396818791056,0.5597204574332909,-0.21008591496495874,-0.0948907886255304,-0.11589824182283155,107,-0.17942108740763735,134,870,247,-0.12793347470777394,0.5711562897077509,-0.19049721997565452,-0.06368234640947083,-0.162515515447903,105,-0.10216947096346497,142,-0.021340493480136613,-0.1163746226366473,0.07051599943609665,,same sign,False
RSI_SPIKE_GUARD,BTC_SLOPE5_UP,yes,no,815,240,-0.19893864220458163,0.5352862849533955,-0.2579190474330925,-0.13940460669784738,-0.15826904057517954,104,-0.23368353643612017,136,892,250,-0.08354718987030732,0.5929526123936817,-0.147978581182881,-0.018974084535552993,-0.11865782248228575,109,-0.055771966900875006,141,-0.11539145233427431,-0.2140103067364052,-0.02586559978566938,,same sign,True
RSI_SPIKE_GUARD,R1D>0,>0,≤0,865,133,-0.1542832082620032,0.5613707165109034,-0.20933340024885091,-0.09893843118725068,-0.1427988319395139,55,-0.1632112616156992,78,842,138,-0.1222942098880702,0.5696694750486067,-0.1848542278109381,-0.05961998018127356,-0.13325192887183712,61,-0.11278248529804484,77,-0.031988998373933,-0.121949698516812,0.052271366603368216,,same sign,False
RSI_SPIKE_GUARD,R3D>0,>0,≤0,925,138,-0.10343195807915177,0.5784832451499118,-0.1589082547543092,-0.04628834104773861,-0.12848429774128609,60,-0.08450697084212154,78,782,133,-0.17994938108166572,0.5501036627505184,-0.23977484229154103,-0.12371803678968507,-0.14808720098402414,56,-0.20875111493308646,77,0.07651742300251395,-0.008828771027993225,0.16046676013316,,same sign,False
RSI_SPIKE_GUARD,R7D>0,>0,≤0,913,137,-0.12792825153489543,0.5746850629874025,-0.18929813181514082,-0.06537540975952269,-0.1357267597360048,61,-0.12221312858086002,76,794,134,-0.1506199323491808,0.5550303848750845,-0.20087303493727846,-0.10104333767194074,-0.14019474426997564,55,-0.16032473585446433,79,0.02269168081428538,-0.05884871066530131,0.1034437105959189,,same sign,False
RSI_SPIKE_GUARD,R30D>0,>0,≤0,987,159,-0.16415706180316542,0.5542570951585977,-0.22244530007101354,-0.10772039128417447,-0.16989294331862834,61,-0.1605480846755759,98,720,112,-0.10461456332902971,0.5803108808290155,-0.15873725707051584,-0.04812345103558574,-0.10742166946140404,55,-0.1013635218817911,57,-0.0595424984741357,-0.1421086428094725,0.020913947095622984,,same sign,False
RSI_SPIKE_GUARD,R7D_T,T3 >2.33,T1 ≤-2.26,639,91,-0.1291800320361563,0.5776081424936387,-0.19547099038597598,-0.06445345751965209,-0.08843400706280717,43,-0.1571601350221471,48,553,91,-0.1421099947449512,0.5494296577946768,-0.20490452917488797,-0.07984781093802704,-0.11222763556765289,41,-0.17245032111270617,50,0.012929962708794901,-0.08276708616362871,0.10566388768384641,,same sign,False
RSI_SPIKE_GUARD,R30D_T,T3 >5.75,T1 ≤-1.63,584,91,-0.18352935934333878,0.5480591497227357,-0.25685470881521494,-0.11145344239263136,-0.11020021470630884,27,-0.20779201605596,64,588,90,-0.11192211665031174,0.5772432932469935,-0.17184290757032872,-0.04714339960930571,-0.10949449517546864,44,-0.114372299663025,46,-0.07160724269302704,-0.17333950440961116,0.02130972580039137,,same sign,False
RSI_SPIKE_GUARD,OFF30_T,T3 >-3.98,T1 ≤-8.84,564,110,-0.11959636261451737,0.5882352941176471,-0.19629832663625968,-0.0501417553948075,-0.04733601995160588,39,-0.15258036734126773,71,617,98,-0.14702270878349358,0.548695652173913,-0.20261036282095266,-0.08866296137170944,-0.16376974957481488,60,-0.12153488793003527,38,0.027426346168976212,-0.07199375257635847,0.11749476157838841,,same sign,False
RSI_SPIKE_GUARD,ADX5_T,T3 >28.4,T1 ≤19.4,513,201,-0.1948554485945038,0.5441329179646938,-0.26113298192567186,-0.12573009445895011,-0.19532258247078377,86,-0.19447380903142983,115,152,94,-0.1408981047410673,0.5111940298507462,-0.2718189723144206,-0.0009423046154535613,-0.1182923332102958,45,-0.16187756177322218,49,-0.05395734385343651,-0.20678327860244228,0.09342327121618636,,same sign,False
RSI_SPIKE_GUARD,ATR5_T,T3 >0.185,T1 ≤0.115,701,163,-0.1309378148086533,0.5781845919145691,-0.19330238869563182,-0.07035634469535472,-0.13339688446952497,86,-0.1270382250505846,77,424,135,-0.12992224769835614,0.5408560311284046,-0.23046794909733814,-0.024231821400321277,-0.12010324164445067,38,-0.13345501178124278,97,-0.0010155671102971553,-0.12279235689367174,0.11328361732304636,,same sign,False
RSI_SPIKE_GUARD,BULL_T,T3 >52.2,T1 ≤24.4,586,207,-0.17023733167777982,0.5382513661202186,-0.24707516574204938,-0.09687885228362712,-0.12062673973548843,92,-0.21503303081458028,115,506,213,-0.1232425720511201,0.5886143931256713,-0.19700327447014168,-0.04934834429533495,-0.1451766962392026,92,-0.10521452477324411,121,-0.04699475962665972,-0.1618412325401865,0.061586345580612614,,same sign,False
RSI_SPIKE_GUARD,BTC_RSI5_T,T3 >55.4,T1 ≤44.8,690,221,-0.19910365150489012,0.5333850931677019,-0.2622570572906603,-0.13479196491549378,-0.14496954245624358,97,-0.244861709296726,124,612,216,-0.077713132853565,0.6055363321799307,-0.1476163074270588,-0.004947853391667662,-0.1297083044526355,93,-0.03891311054247612,123,-0.12139051865132512,-0.22797518762690824,-0.023261500906502204,,same sign,True
RSI_SPIKE_GUARD,ABOVE72_T,T3 >52.5,T1 ≤48,574,120,-0.1509001364921304,0.5684410646387833,-0.22347952687404873,-0.0818318675045444,-0.07100517659537613,49,-0.20357536241775076,71,577,121,-0.15369991222657278,0.5507109004739336,-0.22470000844786478,-0.08121635611269028,-0.1743297698750512,57,-0.13131692438267029,64,0.0027997757344423724,-0.09923867018769066,0.10627380342659097,,same sign,False
RSI_SPIKE_GUARD,VOLR_T,T3 >1.13,T1 ≤0.817,574,91,-0.1666735822546535,0.5609532538955087,-0.23489275814279523,-0.10139809528598018,-0.16107852629508776,41,-0.17169453682010732,50,596,90,-0.11944417443775035,0.5786618444846293,-0.19272270704879135,-0.045726958160985244,-0.09981645765286382,38,-0.13605728363631034,52,-0.04722940781690316,-0.15069203971037368,0.050415276911705734,,same sign,False
VOL_GATE,D1_GOLDEN,yes,no,467,21,-0.16110372043386598,0.5325670498084292,-0.28804532918904385,-0.025540791160059712,,0,-0.16110372043386598,21,6798,237,-0.12933284740415502,0.5621255535295651,-0.1646572638599675,-0.09199831351842341,-0.11590336184421045,113,-0.14439247313429734,124,-0.03177087302971096,-0.1650082026961311,0.10790911980407546,,same sign,False
VOL_GATE,ABOVE_D200,yes,no,1325,44,-0.18149783226582816,0.5368470149253731,-0.26436379918145253,-0.09955208303634643,,0,-0.18149783226582808,44,5940,214,-0.12076991574196878,0.5651831429696731,-0.15666959356677576,-0.0796093304502599,-0.11590336184421045,113,-0.12805299836968578,101,-0.06072791652385938,-0.15168183533319565,0.029681395165051763,,same sign,False
VOL_GATE,H4_GOLDEN,yes,no,3124,127,-0.14907837486272593,0.5471734516689176,-0.20604445152195786,-0.08889336934450418,-0.10206041471586959,45,-0.17722823934299986,82,4141,139,-0.11844841924123396,0.5697625403962344,-0.16290475191993567,-0.07517098850593826,-0.12238254206511945,72,-0.1129552181130679,67,-0.03062995562149197,-0.10235355215287074,0.0430505299591197,,same sign,False
VOL_GATE,H1_EMA20_UP,yes,no,4247,204,-0.1253575696253353,0.5652355729021468,-0.1657106456204563,-0.08190536016490096,-0.11822376201791575,88,-0.1329089659707502,116,3018,183,-0.13974939761241031,0.5532579008973859,-0.19991840766224137,-0.0761777963251933,-0.11233522668756242,82,-0.1638662278466274,101,0.014391827987075001,-0.062122861506637365,0.09347953805206499,,same sign,False
VOL_GATE,ADX5_RISING,yes,no,4538,243,-0.13991213182155127,0.5555698647778494,-0.18261266958336625,-0.09677326217534078,-0.13796607301459154,104,-0.14184869034142666,139,2727,232,-0.11670406021147188,0.5682469680264609,-0.1686832993156941,-0.06473135933346821,-0.07732598921988275,106,-0.15429993402456235,126,-0.023208071610079387,-0.08514927272156382,0.03953351277819904,,same sign,False
VOL_GATE,EFF72_CHOP,yes,no,845,78,-0.16123535472563427,0.5504908835904627,-0.23997470002995538,-0.0743184684530629,-0.07449861649613375,35,-0.22405918326187468,43,6420,257,-0.12743691381410852,0.5615228986573478,-0.1648624571719371,-0.08853674984311019,-0.12042175179930208,112,-0.13458755899503191,145,-0.03379844091152576,-0.11726216440488636,0.05774815505206203,,same sign,False
VOL_GATE,BULL_GT_BEAR,yes,no,6922,254,-0.1284276746973725,0.5618446850225898,-0.16449972636586258,-0.09067452620121298,-0.11496050161854375,110,-0.1417737072172776,144,343,123,-0.19171452509401385,0.5272407732864675,-0.28007458035869487,-0.10451758204282324,-0.13801324480673213,56,-0.23350083381755496,67,0.06328685039664134,-0.0314360026724899,0.15750628687321627,,same sign,False
VOL_GATE,BTC_SLOPE5_UP,yes,no,7253,258,-0.13200112975862846,0.5597883597883597,-0.16655212688746585,-0.09631048218545997,-0.11693256817745895,113,-0.14675171750488608,145,12,6,0.39755082875867565,0.9333333333333333,-0.03742595368365478,0.8445273447040174,0.45268635516952627,4,0.24592813112883677,2,-0.5295519585173041,-0.9782536925131988,-0.09975292087685124,,n<15,False
VOL_GATE,R1D>0,>0,≤0,3292,125,-0.11364370699087271,0.5722090693862685,-0.16477787023436766,-0.06348336935800673,-0.05380116240636595,54,-0.17187353477917475,71,3973,133,-0.14563856977037573,0.5505948009986781,-0.19324741817274182,-0.09493076078046306,-0.16565861512163146,59,-0.12590460847342494,74,0.03199486277950302,-0.040251850754648946,0.09669805024734374,,same sign,False
VOL_GATE,R3D>0,>0,≤0,3529,134,-0.09701757166809866,0.579203762808668,-0.14935370808262433,-0.04417432259576363,-0.034773122599937305,59,-0.14722872360229372,75,3736,124,-0.16356152710149352,0.5424610051993068,-0.21069232796671825,-0.11787225713468323,-0.1787733839757784,54,-0.14567442765727093,70,0.06654395543339486,-0.002888197564494112,0.134217541770688,,same sign,False
VOL_GATE,R7D>0,>0,≤0,3575,133,-0.1294413217992939,0.5525389643036702,-0.1831898117084502,-0.07216278705260092,-0.10610297856720668,59,-0.14993675069999368,74,3690,125,-0.13315873195594252,0.5675035528185693,-0.17687654478846065,-0.08966053718629893,-0.12419416516223365,54,-0.14290012941414737,71,0.003717410156648615,-0.06859699863783132,0.07843534170105053,,same sign,False
VOL_GATE,R30D>0,>0,≤0,3807,153,-0.14646686059956426,0.5466014824160228,-0.1949373733140494,-0.0989009693514084,-0.09896322307117446,60,-0.18037418673807168,93,3458,105,-0.11527508870473796,0.5747608659171002,-0.16463678388294567,-0.0657628727800053,-0.12888244699059517,53,-0.09660288965563378,52,-0.031191771894826303,-0.09964575681561666,0.0378411294421965,,same sign,False
VOL_GATE,R7D_T,T3 >2.33,T1 ≤-2.26,2585,88,-0.1086422155366962,0.5646812470916706,-0.17239686190287784,-0.04289782112347808,-0.07532500462306962,42,-0.1367831044113816,46,2585,85,-0.1344610356915587,0.5639521768554027,-0.1884781974916375,-0.07890131061453254,-0.1486622967565227,39,-0.1177265767068984,46,0.025818820154862504,-0.061854070478012994,0.11453444462732548,,same sign,False
VOL_GATE,R30D_T,T3 >5.75,T1 ≤-1.63,2212,88,-0.17346637570268256,0.5462161407428093,-0.2315124592762695,-0.1187001152857859,-0.13144471716044798,26,-0.18471181777628587,62,2924,86,-0.12459024010202509,0.5642714570858284,-0.18158005602988944,-0.07127636980403218,-0.14293805728792733,43,-0.10191951016549525,43,-0.04887613560065747,-0.12780222494260227,0.03163450419730336,,same sign,False
VOL_GATE,OFF30_T,T3 >-3.98,T1 ≤-8.84,2418,111,-0.1460062307434786,0.5510461305772624,-0.2102483469558284,-0.07464301350988536,-0.08731831016973983,40,-0.1821126835068822,71,2930,93,-0.11817446684518722,0.5701438848920863,-0.17335146183098427,-0.06308609196141678,-0.12784543740654833,56,-0.10284877589360875,37,-0.02783176389829138,-0.11050254779140016,0.06111318763132661,,same sign,False
VOL_GATE,ADX5_T,T3 >28.4,T1 ≤19.4,2406,202,-0.11145591310375971,0.5804683607374191,-0.16225995407855953,-0.05798593719296251,-0.10455861273691298,92,-0.11741179921440731,110,326,99,-0.06090533017073134,0.6129032258064516,-0.2166010467813909,0.08813165540933214,-0.17613000282968483,38,0.010138102971752256,61,-0.05055058293302837,-0.2074742469949478,0.10942468008095191,,same sign,False
VOL_GATE,ATR5_T,T3 >0.185,T1 ≤0.115,3726,155,-0.11356293508629832,0.5735454687256277,-0.16746948200522827,-0.057826722320956654,-0.10098300346481186,81,-0.134812676965378,74,1180,129,-0.12731982537178743,0.576961271102284,-0.18426966697129996,-0.07338324877917579,-0.1821686906383284,46,-0.10426628256582243,83,0.013756890285489112,-0.06996547823924147,0.09821484385838586,,same sign,False
VOL_GATE,BULL_T,T3 >52.2,T1 ≤24.4,6326,251,-0.12213258612056586,0.5650516135032084,-0.1615667231011472,-0.08061225654649418,-0.10471368016307471,110,-0.13947713520407368,141,49,37,-0.0824985431711661,0.5769230769230769,-0.33022415395916044,0.17175105711512267,0.06212112527715426,19,-0.21988722819707046,18,-0.03963404294939976,-0.29354278043926363,0.21464157831484845,,same sign,False
VOL_GATE,BTC_RSI5_T,T3 >55.4,T1 ≤44.8,6603,257,-0.1394790032886261,0.555604589585172,-0.17689871237635063,-0.10031319391393474,-0.12677593894349581,113,-0.15123646223213047,144,7,3,0.02410381855292328,0.5555555555555555,-0.7272441206562843,0.7615521748381566,0.7615521748381566,1,-0.5658548664752634,2,-0.1635828218415494,-0.9069996281651078,0.5924582002291053,,n<15,False
VOL_GATE,ABOVE72_T,T3 >52.5,T1 ≤48,2334,120,-0.1221355169480114,0.5617805065234075,-0.18132035940399052,-0.06447199686159151,-0.10776404608078098,48,-0.1321999223835229,72,2560,120,-0.13331951150777546,0.5666438824333562,-0.19118403154770974,-0.07235246569300464,-0.14174357900598622,56,-0.12402760763576721,64,0.011183994559764057,-0.07840277676938626,0.09148002941758333,,same sign,False
VOL_GATE,VOLR_T,T3 >1.13,T1 ≤0.817,2701,87,-0.18797508288199338,0.5262230057293963,-0.2520191475217984,-0.1243845812646123,-0.19254858148805462,39,-0.18342570822462345,48,2394,86,-0.09268521102207711,0.5960968379446641,-0.1497122762080044,-0.03935899166289436,-0.0692096731340922,38,-0.12027306774481915,48,-0.09528987185991628,-0.17842411077491677,-0.007546845911135083,,same sign,True
