cohort,src,opened_at,t0,day,pair,sleeve,pct,bear,atr,U2,vol24,vol_fut,vol_cg,mcap_cg,entry_mcap_usd,entry_pair_volume_24h_usd,mcap_b,mcap_b_entry,R_live,R_b,R,R_fut,R_cg,mcap_age_h,why
REAL,master,2026-10-03T03:36:19,,2026-10-03,ENJUSDT,FRENZY_LONG,-3.0185829682365677,False,,,,,,,74976049.87008,113598796.67167,,74007271.22667235,1.515134457850424,1.5349680482575176,,,,,
REAL,master,2026-10-06T10:10:08,,2026-10-06,UMAUSDT,FRENZY_LONG,-3.000026466696084,False,,,,,,,60083262.454,39407239.7411,,59952460.55174393,0.6558771633159958,0.6573081301156655,,,,,
REAL,master,2026-10-06T09:40:08,,2026-10-06,ORCAUSDT,FRENZY_LONG,-3.0005670498084323,False,,,,,,,157833573.172,128253686.6775,,159652688.37176132,0.8125881211453969,0.8033293268375991,,,,,
REAL,master,2026-10-05T12:00:11,,2026-10-05,RLCUSDT,FRENZY_WIDE,3.0,False,,,,,,,41881696.0176,42792116.1327,,40790306.343739204,1.0217378998863231,1.0490756252745832,,,,,
REAL,master,2026-10-05T09:15:12,,2026-10-05,MOVRUSDT,FRENZY_WIDE,3.0,False,,,,,,,24851581.68,83589856.159867,,28505010.382764157,3.3635628201137098,2.93246187380484,,,,,
REAL,master,2026-10-04T14:05:12,,2026-10-04,SANDUSDT,FRENZY_LONG,-3.005562719078634,False,,,,,,,238680000.0,525854406.30097,,240441918.57222533,2.20317750251789,2.187032982532997,,,,,
REAL,master,2026-10-04T11:15:11,,2026-10-04,AINUSDT,FRENZY_LONG,3.0,False,,,,,,,22823013.22710135,681624599.56095,,24121826.90384462,29.86567079370353,28.257586055901527,,,,,
REAL,master,2026-10-04T05:05:16,,2026-10-04,SANDUSDT,FRENZY_LONG,3.0,False,,,,,,,226020000.0,811931081.66776,,234301438.929169,3.592297503175648,3.4653269112581615,,,,,
REAL,live,2026-10-08T11:30:08,,2026-10-08,ERAUSDT,FRENZY_LONG,-3.0138061581525473,True,,,,,,,31644714.375,24258379.42108,,30533418.508224685,0.7665855072544007,0.7944861927119494,,,,,
REAL,live,2026-10-08T06:50:10,,2026-10-08,METUSDT,FRENZY_WIDE,3.0,True,,,,,,,262318797.422,445618003.1246,,281883096.80007684,1.6987650427800687,1.5808610313397071,,,,,
REAL,live,2026-10-08T05:50:09,,2026-10-08,WUSDT,FRENZY_LONG,-3.0027058335637253,True,,,,,,,120672556.8387,81336652.8575083,,120443112.95532335,0.6740277573320086,0.6753117788285575,,,,,
REAL,live,2026-10-07T22:00:13,,2026-10-07,MOVRUSDT,FRENZY_LITE,-3.0045530019236653,True,,,,,,,24614305.272,88796452.276185,,24754384.09905144,3.607514057168837,3.5871000434055476,,,,,
REAL,live,2026-10-07T19:55:08,,2026-10-07,METUSDT,FRENZY_LITE,3.0,False,,,,,,,241870415.8884,158856725.441,,245425387.26808375,0.6567844391283354,0.6472709576188921,,,,,
REAL,live,2026-10-07T19:10:08,,2026-10-07,HEMIUSDT,FRENZY_LITE,3.0,False,,,,,,,16485398.44362,50976316.210069,,16688743.181639304,3.0922101388333325,3.05453296603859,,,,,
REAL,live,2026-10-07T05:45:12,,2026-10-07,SANDUSDT,FRENZY_LITE,3.0,True,,,,,,,216840000.0,161826985.48945,,218739537.08867818,0.746296741788646,0.7398158908229036,,,,,
REAL,live,2026-10-06T18:05:08,,2026-10-06,ORCAUSDT,FRENZY_LONG,-3.0072241821680485,True,,,,,,,190360908.167,261378496.1022,,190726851.47247195,1.3730681294759197,1.3704336546441935,,,,,
frenzy_today,,,1768099800000.0,2026-01-11,HYPERUSDT,FRENZY,2.941110095667778,False,2.1214003212300914,0.3972380781073713,46549347.348,46549347.348000005,,,,,66163608.86537173,,,,0.7035490981563235,,,,
frenzy_today,,,1768199700000.0,2026-01-12,1000WHYUSDT,FRENZY,-3.3258870000694594,False,1.736012919904382,0.5445556852417271,32365760.2808586,32365760.280858602,,,,,,,,,,,,,
frenzy_today,,,1768303800000.0,2026-01-13,DASHUSDT,WIDE,2.902123963673421,False,2.3950057011377957,0.6345223916196859,396795633.55146,396795633.55146,,,,,808262266.5048673,,,,0.49092435709921955,,,,
frenzy_today,,,1768325100000.0,2026-01-13,IPUSDT,WIDE,-3.103095640809604,False,2.708980263870114,0.384049519379224,952209069.7469,952209069.7469,,,,,,,,,,,,,
frenzy_today,,,1768356000000.0,2026-01-14,PLAYUSDT,WIDE,-3.103521268984498,False,1.373537462968392,0.5762387420303399,125202461.90391,125202461.90391,,,,,83104060.22484791,,,,1.5065745472021446,,,,
frenzy_today,,,1768383900000.0,2026-01-14,BERAUSDT,FRENZY,2.910152146616053,False,1.5449486366548546,0.4950498880976349,150137485.93294,150137485.93293998,22627435.389973525,142072905.2155624,,,264405434.31579486,,,,0.5678305603720005,1.0567636785152064,0.15926636648727416,9.75,
frenzy_today,,,1768466100000.0,2026-01-15,DASHUSDT,WIDE,-3.1099875813787023,False,2.289354856155849,0.9469622624496316,2004574530.71049,2004574530.7104897,,,,,1039525454.4358441,,,,1.9283554069374693,,,,
frenzy_today,,,1768484400000.0,2026-01-15,FHEUSDT,FRENZY,2.907799446509475,False,2.4451680313327517,0.52386604256529,128244239.79758,128244239.79758,,,,,39700097.42577142,,,,3.230325568781348,,,,
frenzy_today,,,1768526100000.0,2026-01-16,BTRUSDT,WIDE,2.914295789321898,True,1.4735071776668365,0.9085874225475412,28463292.069950003,28463292.06995,13794930.491854524,12768892.837937899,,,25668939.33243153,,,,1.1088612467125953,2.229111985761379,1.0803544729319166,1.25,
frenzy_today,,,1768582200000.0,2026-01-16,XAIUSDT,FRENZY,-3.145669047426801,True,1.8963911857450624,0.9230922072944558,55114636.70804,55114636.70804,,,,,42999064.47018022,,,,1.2817636240960988,,,,
frenzy_today,,,1768586700000.0,2026-01-16,DUSKUSDT,WIDE,-3.1016374267186495,True,1.6845271933181214,0.8364735453027805,89456066.17144,89456066.17144,,,,,44307884.568291865,,,,2.0189649549520046,,,,
frenzy_today,,,1768607400000.0,2026-01-16,XAIUSDT,FRENZY,2.905237313856325,False,1.3367803174585902,0.7946248530846609,90767040.15784,90767040.15784,,,,,44436594.6491243,,,,2.0426191717557436,,,,
frenzy_today,,,1768631700000.0,2026-01-17,BTRUSDT,WIDE,2.907069985267731,True,1.5786703792839418,0.8774375723217134,68753324.2661,68753324.2661,28282247.104127295,15406495.52416639,,,30484299.916607324,,,,2.2553683192391234,4.462619299648944,1.8357352624264356,6.583333333333333,
frenzy_today,,,1768653000000.0,2026-01-17,FHEUSDT,WIDE,-3.101592039716893,False,2.35859154331914,0.8655557588114547,180399169.11326,180399169.11325997,,,,,77296878.43163444,,,,2.333848051481339,,,,
frenzy_today,,,1768654500000.0,2026-01-17,BERAUSDT,FRENZY,2.9052117062768237,False,1.526376354307927,0.8717857340832174,207319621.74719,207319621.74719,71981024.0623118,121176526.8724685,,,298299063.98034614,,,,0.6950059412886711,1.7108892877032387,0.5940178838271853,12.916666666666666,
frenzy_today,,,1768665000000.0,2026-01-17,BTRUSDT,FRENZY,-3.1047002751466644,False,0.5538999049330542,0.7794692393749553,50125944.85249,50125944.85249001,28282247.104127295,15406495.52416639,,,34072692.990962796,,,,1.4711471401977256,3.2535591740420933,1.8357352624264356,15.833333333333334,
frenzy_today,,,1768701600000.0,2026-01-18,BERAUSDT,FRENZY,2.9011898437579133,True,1.8873018084963948,0.6908272294844573,432857971.34376,432857971.34376,288715093.96473676,116375359.97945172,,,318705487.6436666,,,,1.3581754570467994,3.7194984524231702,2.4808953889871095,2.0,
frenzy_today,,,1768711500000.0,2026-01-18,DUSKUSDT,FRENZY,-3.1023902555631575,False,1.7375835412029708,0.5404326711769939,547749754.4435699,547749754.44357,,,,,62894432.95514917,,,,8.709033990880837,,,,
frenzy_today,,,1768729500000.0,2026-01-18,DUSKUSDT,WIDE,2.9068023789050614,False,1.811342808459084,0.4840024093166385,424593342.71094,424593342.71094,,,,,61711151.21268941,,,,6.88033417570782,,,,
frenzy_today,,,1768734900000.0,2026-01-18,BERAUSDT,WIDE,2.904477187864242,True,1.4830695559141855,0.4074633378795393,608394506.65501,608394506.65501,288715093.96473676,116375359.97945172,,,320356265.4615256,,,,1.8991184885318793,5.227863585233451,2.4808953889871095,11.25,
frenzy_today,,,1768804500000.0,2026-01-19,SCRTUSDT,FRENZY,-3.1004889446639137,True,2.957477733462512,0.6711369710093498,27624415.3866,27624415.386600003,,,,,,,,,,,,,
frenzy_today,,,1768870500000.0,2026-01-20,RESOLVUSDT,WIDE,-3.10633223958343,True,1.846605080224726,0.6199289839094488,170440353.44873998,170440353.44873998,,,,,58522982.99781819,,,,2.9123661289632863,,,,
frenzy_today,,,1768881900000.0,2026-01-20,DUSKUSDT,WIDE,2.9041631209362,True,1.8427308891233256,0.9405865782193048,1204707341.31534,1204707341.31534,,,,,105347172.41873717,,,,11.43559256177121,,,,
frenzy_today,,,1769073900000.0,2026-01-22,AXSUSDT,FRENZY,2.926040057842162,False,1.1277203705699468,0.7160521022754747,724838801.074,724838801.074,762404166.7772088,404533549.1841787,,,661255970.1492537,,,,1.096154641765117,1.7917890927360158,1.884650032895285,9.416666666666666,
frenzy_today,,,1769127000000.0,2026-01-23,AXSUSDT,WIDE,2.9280441888569055,False,1.4123273657514626,0.8520195325946851,643143976.217,643143976.217,661849920.7474527,460593376.72247046,,,730063432.8358209,,,,0.880942596616303,1.3963378735350878,1.436950582001636,0.16666666666666666,
frenzy_today,,,1769148600000.0,2026-01-23,AXSUSDT,FRENZY,2.926370552682457,False,1.5072850107291358,0.996284468755689,652317335.197,652317335.197,661849920.7474527,460593376.72247046,,,692679850.7462686,,,,0.941729912446878,1.416254267134311,1.436950582001636,6.166666666666667,
frenzy_today,,,1769166900000.0,2026-01-23,ENSOUSDT,FRENZY,-3.1111353523801664,False,2.130223013448126,0.8981273772344209,166682551.47324,166682551.47324002,,,,,24407619.256361887,,,,6.82911961721928,,,,
frenzy_today,,,1769176200000.0,2026-01-23,AXSUSDT,FRENZY,2.9078068062573084,False,1.4502755327772323,0.8144069913518719,685897395.822,685897395.822,661849920.7474527,460593376.72247046,,,778282835.8208957,,,,0.8812958018000592,1.4891603537653257,1.436950582001636,13.833333333333334,
frenzy_today,,,1769197800000.0,2026-01-23,KAIAUSDT,FRENZY,2.904173779613829,False,1.3351686273631993,0.5806704988688252,67436836.25756,67436836.25756,,,,,433518947.8385721,,,,0.1555568368897943,,,,
frenzy_today,,,1769217300000.0,2026-01-24,ENSOUSDT,FRENZY,2.911317890191524,False,2.2323199536968494,0.5761085246729877,244219964.71305,244219964.71305,,,,,25371389.105874237,,,,9.62580187052138,,,,
frenzy_today,,,1769268000000.0,2026-01-24,ORDERUSDT,FRENZY,-3.103738579023284,False,2.291940456468033,0.6369398741980095,21077445.90266,21077445.90266,,,,,56013707.64488837,,,,0.3762908543081144,,,,
frenzy_today,,,1769296200000.0,2026-01-24,SOMIUSDT,FRENZY,2.9226103115675097,False,1.6191532982045338,0.9290384734853692,422772637.4693,422772637.46930003,,,,,97066135.46380526,,,,4.355511172348534,,,,
frenzy_today,,,1769382000000.0,2026-01-25,AUCTIONUSDT,FRENZY,2.900727965518303,True,2.120306522274355,0.4982029178075148,424537934.07981,424537934.07981,12435030.437285796,38374373.33638889,,,54139530.30722359,,,,7.841551850758592,11.063058420741363,0.3240451727584083,23.0,
frenzy_today,,,1769393400000.0,2026-01-26,TAIKOUSDT,WIDE,-3.14082073335331,False,2.9354627279721472,0.9225035229831304,57496095.6373,57496095.6373,,,,,211653522.5809323,,,,0.2716519665545117,,,,
frenzy_today,,,1769484000000.0,2026-01-27,ENSOUSDT,FRENZY,-3.1048658067253196,False,2.1331716255681252,0.541079208713194,300925073.86844,300925073.86844003,,,,,43603194.81735483,,,,6.901445527763636,,,,
frenzy_today,,,1769549400000.0,2026-01-27,BTRUSDT,WIDE,2.900708972690881,False,1.8384717751665536,0.5002989351262281,456016411.70581,456016411.70580995,83159315.73582466,37007675.27527494,,,65209428.011998385,,,,6.993105531026955,12.32221176590569,2.247082939343232,21.5,
frenzy_today,,,1769600700000.0,2026-01-28,JTOUSDT,FRENZY,2.908357085745551,False,2.4668966053974,0.8079017429665355,113650355.5881,113650355.5881,,,,,460837580.488796,,,,0.2466169435824974,,,,
frenzy_today,,,1769605500000.0,2026-01-28,SOMIUSDT,FRENZY,2.919297678872669,False,1.90348965124092,0.7898518257913515,299485159.0591,299485159.0591,,,,,94190321.43204314,,,,3.1795746580520365,,,,
frenzy_today,,,1769618700000.0,2026-01-28,PLAYUSDT,WIDE,2.906574464902413,False,2.1332212862562616,0.7237670849121037,87486101.19308,87486101.19308001,,,,,119556872.67734995,,,,0.7317530078691515,,,,
frenzy_today,,,1769630700000.0,2026-01-28,PLAYUSDT,WIDE,2.9028695722922673,False,1.6064444402314777,0.9681329731625958,129405883.01149,129405883.01149,,,,,126315534.01539299,,,,1.024465312363881,,,,
frenzy_today,,,1769687400000.0,2026-01-29,PLAYUSDT,FRENZY,-3.102143643467535,False,1.9296241103788456,0.8463817157374907,283868521.71437997,283868521.71438,,,,,133348937.68425079,,,,2.1287647779132355,,,,
frenzy_today,,,1769773500000.0,2026-01-30,ENSOUSDT,FRENZY,2.903235781526116,False,2.124430578233218,0.9164224629904916,89107025.82514,89107025.82514,,,,,40708928.91958614,,,,2.188881608778173,,,,
frenzy_today,,,1769812800000.0,2026-01-30,ENSOUSDT,WIDE,2.900250229655678,False,1.4649816063266,0.26758974793889,380265520.05384,380265520.05384004,,,,,48590555.97111966,,,,7.825914160765214,,,,
frenzy_today,,,1769839500000.0,2026-01-31,INITUSDT,FRENZY,2.9100949569598646,True,2.2273336124665137,0.9737985477285938,47719953.9258,47719953.925799996,,,,,35769668.622691974,,,,1.3340899081051834,,,,
frenzy_today,,,1769846100000.0,2026-01-31,ENSOUSDT,FRENZY,-3.1028017363754254,True,1.4820490333160228,0.6117695804179891,587518793.68549,587518793.68549,,,,,47192202.78455727,,,,12.449488665906143,,,,
frenzy_today,,,1770021300000.0,2026-02-02,AUCTIONUSDT,FRENZY,2.907113579187183,False,2.847521918001148,0.4536069416794684,71497291.15881999,71497291.15882,16842741.718936596,33742235.27071576,,,43645591.92000001,,,,1.6381331541996416,2.1189257494411207,0.4991590386293729,8.583333333333334,
frenzy_today,,,1770031200000.0,2026-02-02,FUSDT,FRENZY,2.9101567109417483,False,2.142449787743319,0.5480319813260637,51528200.645815,51528200.645815,,,,,32566869.347754728,,,,1.5822276343356145,,,,
frenzy_today,,,1770123600000.0,2026-02-03,ANKRUSDT,FRENZY,-3.112234177894456,False,1.6046146997017527,0.5533708878968282,39664056.234419,39664056.234419,11464334.34058864,58113042.32033147,,,60660153.09376994,,,,0.653873328890307,0.6825327783698241,0.19727644402774144,13.0,
frenzy_today,,,1770125700000.0,2026-02-03,CHESSUSDT,WIDE,1.9,False,2.7238837079058213,0.829585902612208,24774304.26024,24774304.260239996,,,,,,,,,,,,,
frenzy_today,,,1770460800000.0,2026-02-07,LAUSDT,FRENZY,2.9305673009347513,False,2.316749352487428,0.495796162917619,428508769.09137,428508769.09137,,,,,115560515.99102288,,,,3.708089786693735,,,,
frenzy_today,,,1770639000000.0,2026-02-09,GPSUSDT,WIDE,-3.1061614458472095,False,2.312401395500691,0.8998803989421531,103539985.871722,103539985.871722,,,,,86439240.15552983,,,,1.1978354470194654,,,,
frenzy_today,,,1770666300000.0,2026-02-09,GPSUSDT,WIDE,2.9057653310334843,False,2.205469875760739,0.7689541257117546,373112304.606026,373112304.606026,,,,,97676209.9492014,,,,3.819889252460461,,,,
frenzy_today,,,1770837900000.0,2026-02-11,TAKEUSDT,WIDE,2.9507963406620665,False,2.2806636257331023,0.5486296767544104,28764856.10216,28764856.10216,,,,,10503668.388533346,,,,2.7385533356671887,,,,
frenzy_today,,,1770918300000.0,2026-02-12,TAKEUSDT,FRENZY,2.9238312006093516,True,2.621140067526808,0.3084849491137186,453306028.16395,453306028.16394997,,,,,14760279.058751643,,,,30.711209886995764,,,,
frenzy_today,,,1771016100000.0,2026-02-13,COMPUSDT,FRENZY,-3.1420266634666336,False,1.898120952536451,0.3815016784313072,72534073.43059,72534073.43059,,,,,215843665.28431818,,,,0.3360491183980087,,,,
frenzy_today,,,1771025700000.0,2026-02-13,NAORISUSDT,WIDE,1.9,False,2.7252696855023393,0.5180246250498811,39278763.68805,39278763.68805,,,,,61856601.99537502,,,,0.6349971130161151,,,,
frenzy_today,,,1771277400000.0,2026-02-16,OGNUSDT,FRENZY,-3.1529647515110657,False,2.958592369068933,0.5857063240572588,21525190.9035,21525190.9035,,,,,38407706.088222966,,,,0.5604393778179925,,,,
frenzy_today,,,1771285200000.0,2026-02-16,RPLUSDT,FRENZY,-3.127895105219379,False,2.3862490006110457,0.4678136957913237,173948212.0724,173948212.07239997,,,,,61544643.47085025,,,,2.8263745187635716,,,,
frenzy_today,,,1771380300000.0,2026-02-18,CYBERUSDT,WIDE,-3.1019574597563757,True,2.006904778712065,0.8689728465676104,50980985.29004,50980985.290039994,,,,,56658312.10549894,,,,0.8997971064706685,,,,
frenzy_today,,,1771388100000.0,2026-02-18,ORCAUSDT,FRENZY,-3.171257741241927,False,1.5192437682114284,0.8924682258835666,561269424.7895,561269424.7895,,,,,71751955.34868814,,,,7.822357203534549,,,,
frenzy_today,,,1771396500000.0,2026-02-18,CYBERUSDT,WIDE,-3.1103103475874736,False,1.2305075394386005,0.8115348187856178,120239193.82872,120239193.82872,,,,,56946590.09613473,,,,2.1114379917346673,,,,
frenzy_today,,,1771397100000.0,2026-02-18,ORCAUSDT,FRENZY,2.9241879573663767,False,1.1716490309785992,0.6865935872635499,572158295.8666999,572158295.8666999,,,,,70834411.16264352,,,,8.077405973672347,,,,
frenzy_today,,,1771407300000.0,2026-02-18,ORCAUSDT,WIDE,2.9088225037584805,False,1.0311202354677895,0.501069034575233,504527486.8522,504527486.85220003,,,,,73158856.43395653,,,,6.896328229346469,,,,
frenzy_today,,,1771407600000.0,2026-02-18,NAORISUSDT,WIDE,2.9171491188501277,False,2.038964061508739,0.4347909314969244,36386081.914919995,36386081.91492,,,,,80481881.4383274,,,,0.45210277474442934,,,,
frenzy_today,,,1771440900000.0,2026-02-18,NAORISUSDT,WIDE,2.9036148688923027,True,2.18147452516453,0.9549570983554656,151244312.18462002,151244312.18461996,,,,,92351113.03576879,,,,1.6377096844089043,,,,
frenzy_today,,,1771453800000.0,2026-02-18,ORCAUSDT,WIDE,2.9638469297646366,True,0.9225626423724624,0.6107879794628945,337898811.8306,337898811.8306,,,,,79275817.6742539,,,,4.262318847583935,,,,
frenzy_today,,,1771469400000.0,2026-02-19,RPLUSDT,FRENZY,2.9107763081345452,False,1.4339433251625937,0.697932018966321,35866465.175400004,35866465.1754,,,,,53099134.56763577,,,,0.6754623303646237,,,,
frenzy_today,,,1771579800000.0,2026-02-20,BIOUSDT,WIDE,-3.120402347251171,False,2.7300821265448887,0.8339211945082425,82288816.40824999,82288816.40825002,,,,,81984247.97440702,,,,1.0037149628296655,,,,
frenzy_today,,,1771616700000.0,2026-02-20,RPLUSDT,FRENZY,-3.138020681932606,False,1.7241612622838698,0.4333491844293571,30883058.1748,30883058.1748,,,,,58912574.30047175,,,,0.5242184464268556,,,,
frenzy_today,,,1771756800000.0,2026-02-22,AGLDUSDT,FRENZY,-3.1138115370433193,False,2.8778196319671068,0.4792995184894044,172111338.3216,172111338.32159996,64885154.27624447,23132695.99388106,,,32948636.41961694,,,,5.223625528221508,7.4401763792307625,2.804911035592546,10.666666666666666,
frenzy_today,,,1771777800000.0,2026-02-22,BELUSDT,WIDE,-3.1056839709186588,True,2.2069674996664164,0.601444298423795,32126016.723,32126016.723,1534475.7394048038,9994822.859578323,,,12684379.848126074,,,,2.5327226957608127,3.2142657428103116,0.15352705705376982,16.5,
frenzy_today,,,1771902000000.0,2026-02-24,STEEMUSDT,WIDE,2.9087950933458298,True,1.3789627337971602,0.5436924284485022,20248804.72661,20248804.72661,,,,,30814939.173933923,,,,0.6571100014936353,,,,
frenzy_today,,,1771993200000.0,2026-02-25,STEEMUSDT,FRENZY,2.909868491259916,False,1.797478659434056,0.6183012757438477,147800053.02315,147800053.02315,,,,,33509632.342723917,,,,4.410673668738189,,,,
frenzy_today,,,1772020800000.0,2026-02-25,STEEMUSDT,FRENZY,-3.115079289865118,False,1.508216206504602,0.6472630252591935,103319095.75275,103319095.75275,,,,,32768591.72130667,,,,3.1529916400273694,,,,
frenzy_today,,,1772043000000.0,2026-02-25,GRIFFAINUSDT,WIDE,2.990910887151378,False,2.4571229857778,0.591018149056356,20030349.48072,20030349.48072,,,,,10091608.125093201,,,,1.98485209021481,,,,
frenzy_today,,,1772185800000.0,2026-02-27,SAHARAUSDT,FRENZY,2.9319058791929655,False,2.6152391470254894,0.9099685649308072,61322053.15598,61322053.15597999,,,,,100365919.55345117,,,,0.6109848186397788,,,,
frenzy_today,,,1772211600000.0,2026-02-27,SAHARAUSDT,FRENZY,-3.110960398388428,True,2.4708528986441047,0.6434220240005125,432957202.8011899,432957202.80118996,,,,,116718513.32224964,,,,3.709413275388737,,,,
frenzy_today,,,1772240400000.0,2026-02-28,ATHUSDT,FRENZY,-3.1026215716089864,False,1.7068901701990185,0.6978728825583554,72954474.34375,72954474.34375,101922051.41425714,110072349.81471637,,,128339367.20933536,,,,0.5684496965358523,0.66278656235243,0.9259550794165969,1.0,
frenzy_today,,,1772269200000.0,2026-02-28,LAYERUSDT,FRENZY,-3.17804641919459,True,2.5028596252484583,0.903852429570486,82599739.74125001,82599739.74125,,,,,49459992.77168267,,,,1.6700313751064844,,,,
frenzy_today,,,1772295600000.0,2026-02-28,SKYAIUSDT,FRENZY,2.902253316154725,False,1.5399840382856178,0.6616278355975429,31180582.17789,31180582.177890003,,,,,,,,,,,,,
frenzy_today,,,1772384700000.0,2026-03-01,HIPPOUSDT,FRENZY,2.905050196337268,False,2.031108954913697,0.8163520366738926,26834574.1985737,26834574.198573697,,,,,,,,,,,,,
frenzy_today,,,1772431500000.0,2026-03-02,SAHARAUSDT,FRENZY,-3.1251810854870596,False,1.238115385811916,0.8019052028255945,300896913.03384995,300896913.03384995,,,,,122619449.29998118,,,,2.4539085336921027,,,,
frenzy_today,,,1772472300000.0,2026-03-02,FORMUSDT,FRENZY,2.9361347849335986,False,2.6995810449813264,0.5541723883764532,40909505.190500006,40909505.1905,,,,,104902953.84567635,,,,0.38997476897249556,,,,
frenzy_today,,,1772486100000.0,2026-03-02,SAHARAUSDT,WIDE,2.92538140810812,False,1.223176265722272,0.5245996092560147,261626790.22354,261626790.22354,,,,,130220654.96621169,,,,2.0091036271582587,,,,
frenzy_today,,,1772511000000.0,2026-03-03,SAHARAUSDT,WIDE,2.930666919970905,False,1.800969946446202,0.9121202490578206,265268983.65981,265268983.65981004,,,,,143972836.27024707,,,,1.8424932822875117,,,,
frenzy_today,,,1772599200000.0,2026-03-04,FORMUSDT,WIDE,2.917501199560181,True,1.3775746486762728,0.814081608518357,140619080.07682,140619080.07682002,,,,,136442653.8903859,,,,1.0306093883939647,,,,
frenzy_today,,,1772695800000.0,2026-03-05,BARDUSDT,WIDE,-3.100571837217224,False,1.807496752701003,0.6260326804508239,300853450.86,300853450.86,,,,,552822422.985782,,,,0.544213545527146,,,,
frenzy_today,,,1772718300000.0,2026-03-05,BARDUSDT,FRENZY,2.900129897195215,False,1.7746868199608932,0.8728777406727277,481584949.7223999,481584949.72239995,,,,,507137031.9905214,,,,0.9496150336964566,,,,
frenzy_today,,,1772737200000.0,2026-03-05,BARDUSDT,WIDE,2.904136069826625,False,1.4970228854240806,0.4865903875451347,519899075.6018,519899075.60179996,,,,,586429647.5118483,,,,0.8865497810481962,,,,
frenzy_today,,,1772739000000.0,2026-03-05,HUMAUSDT,FRENZY,-3.1019830201649987,False,2.581025169175703,0.7323354921407806,164565780.044579,164565780.044579,,,,,63866359.3768437,,,,2.576720853517859,,,,
frenzy_today,,,1772757000000.0,2026-03-06,BARDUSDT,FRENZY,-3.10345975784818,True,1.557517648320394,0.7287382254990424,567260725.4813,567260725.4813,,,,,589677251.1848341,,,,0.9619850932717978,,,,
frenzy_today,,,1772757000000.0,2026-03-06,PHAUSDT,FRENZY,2.912416269432995,True,1.0479420458484003,0.7287382254990424,223073919.24001,223073919.24001002,,,,,40247826.422713816,,,,5.54250847976522,,,,
frenzy_today,,,1772767800000.0,2026-03-06,PHAUSDT,FRENZY,-3.1178776584196752,False,1.5201834788080302,0.5848586460168829,201855814.00958,201855814.00958002,,,,,39776440.039994635,,,,5.074758168569558,,,,
frenzy_today,,,1772780400000.0,2026-03-06,HUMAUSDT,WIDE,-3.1038107848780014,True,2.030157837759057,0.7812002650495492,252927020.459454,252927020.45945403,,,,,71721674.44668767,,,,3.5265074666858256,,,,
frenzy_today,,,1772859900000.0,2026-03-07,BANANAS31USDT,WIDE,-3.121244476837425,True,1.565047431202796,0.7723453083650044,108424843.830028,108424843.83002801,37241981.47824042,62864795.76617187,,,74020054.89742848,,,,1.4648036127543427,1.7247307099082698,0.5924139420855429,5.083333333333333,
frenzy_today,,,1772910300000.0,2026-03-07,BANANAUSDT,FRENZY,-3.1083211464405167,True,2.2130236795776934,0.5994931796814371,47685220.1371,47685220.1371,4393559.648807096,38364160.93073086,,,21238883.340915017,,,,2.2451848984564187,1.2429626761080208,0.11452250074594285,19.083333333333332,
frenzy_today,,,1772916300000.0,2026-03-07,BANANAUSDT,FRENZY,-3.1171158952341336,True,1.5631178073314722,0.5388029656907164,72044848.6241,72044848.6241,4393559.648807096,38364160.93073086,,,21021831.92145828,,,,3.4271441658021904,1.8779206133083934,0.11452250074594285,20.75,
frenzy_today,,,1772937000000.0,2026-03-08,SIGNUSDT,FRENZY,-3.1177028053714237,True,1.8104582430037663,0.9196471797408968,305723224.10025,305723224.10025,,,,,144345771.12777054,,,,2.117992246753339,,,,
frenzy_today,,,1772990100000.0,2026-03-08,BABYUSDT,FRENZY,2.910216420029578,True,2.242203517078053,0.9682065995942506,30973331.452990003,30973331.452990003,23616915.04107366,40588455.10308471,,,67773394.91639727,,,,0.4570131316455011,0.7631069321146948,0.5818628716242709,17.25,
frenzy_today,,,1773011700000.0,2026-03-08,SIGNUSDT,FRENZY,2.907424626511147,True,1.7705847566981168,0.6979548117420876,307477305.66871,307477305.66871,,,,,153354829.39334792,,,,2.005005690952485,,,,
frenzy_today,,,1773067500000.0,2026-03-09,PHAUSDT,FRENZY,-3.1,False,1.6907378600724725,0.6167161516639155,42583760.06665,42583760.06665,,,,,33322731.927493896,,,,1.2779192342124575,,,,
frenzy_today,,,1773106200000.0,2026-03-10,DOGSUSDT,FRENZY,-3.341865600346249,False,2.2183162560560796,0.7713650552249959,82303744.43289651,82303744.43289651,,,,,18982168.709292296,,,,4.3358451657110475,,,,
frenzy_today,,,1773134400000.0,2026-03-10,FLOWUSDT,WIDE,2.9097337962704652,False,1.4479404953184525,0.8415966928896594,200165433.941234,200165433.941234,,,,,113113349.59751493,,,,1.7696004463971031,,,,
frenzy_today,,,1773161100000.0,2026-03-10,FLOWUSDT,FRENZY,2.9118545459731595,False,1.6769680059668188,0.3727502632130846,315330535.892651,315330535.892651,,,,,121745102.87910387,,,,2.590088048188539,,,,
frenzy_today,,,1773163800000.0,2026-03-10,PLAYUSDT,WIDE,2.9266491275423703,False,2.084745171702074,0.9138017602637062,43182340.69589,43182340.69589,,,,,36947348.647968605,,,,1.1687534363379604,,,,
frenzy_today,,,1773189000000.0,2026-03-11,PLAYUSDT,WIDE,2.911838368832155,False,1.8966194828398772,0.6777135553475574,93902692.38667,93902692.38667,,,,,40024462.7530939,,,,2.346132488172157,,,,
frenzy_today,,,1773202200000.0,2026-03-11,PIXELUSDT,FRENZY,2.9077897952260803,False,2.3584288287382247,0.6502118878727227,398842888.240479,398842888.240479,,,,,31528088.490836103,,,,12.650398655040757,,,,
frenzy_today,,,1773205500000.0,2026-03-11,DEGOUSDT,FRENZY,2.9061725613288805,False,1.4390030607099369,0.92797137137894,126261774.01866,126261774.01866001,,,,,,,,,,,,,
frenzy_today,,,1773213300000.0,2026-03-11,XAIUSDT,FRENZY,-3.159498886411759,False,1.7975515858842082,0.7655925587441541,32617266.27172,32617266.271720003,,,,,26298346.21480049,,,,1.2402782291064098,,,,
frenzy_today,,,1773279600000.0,2026-03-12,ACXUSDT,FRENZY,2.9106451522713086,False,2.341653898845481,0.912009791846717,325384754.579005,325384754.57900506,,,,,,,,,,,,,
frenzy_today,,,1773332400000.0,2026-03-12,OXTUSDT,FRENZY,6.42442656979763,False,2.4322246566313392,0.5327606522023831,24704123.1567,24704123.1567,,,,,,,,,,,,,
frenzy_today,,,1773416100000.0,2026-03-13,PIXELUSDT,FRENZY,-3.1022230997673303,False,2.332097280781889,0.8873195191656932,731824931.201085,731824931.2010851,,,,,50860169.223304436,,,,14.388959816235895,,,,
frenzy_today,,,1773422100000.0,2026-03-13,BANANAS31USDT,FRENZY,-3.1055971145100933,False,2.790693879764043,0.5621522674535706,66367119.241705,66367119.241705,26217087.98652999,78097081.30308953,,,97841564.57671194,,,,0.6783121215285797,0.8498028112489718,0.3356986912837784,17.25,
frenzy_today,,,1773444300000.0,2026-03-13,BANANAS31USDT,FRENZY,2.901848972906353,False,1.7699531580068688,0.852627774674543,148274319.979397,148274319.979397,26217087.98652999,78097081.30308953,,,110589128.86449002,,,,1.340767591732135,1.8985897744879134,0.3356986912837784,23.416666666666668,
frenzy_today,,,1773467400000.0,2026-03-14,TAGUSDT,WIDE,2.916437415500829,False,1.0838692898782127,0.652007926196564,35078165.242573895,35078165.2425739,,,,,63791803.745569,,,,0.5498851448452803,,,,
frenzy_today,,,1773510600000.0,2026-03-14,CUSDT,WIDE,2.9285969869765407,False,1.6053459955760483,0.5580945408772152,27342672.64213,27342672.64213,,,,,30012464.26775832,,,,0.9110439048986585,,,,
frenzy_today,,,1773525600000.0,2026-03-14,CUSDT,FRENZY,2.9058512331434208,False,2.3291744999594934,0.6277942743660884,140030411.67512,140030411.67512,,,,,33996224.92518297,,,,4.118998858940699,,,,
frenzy_today,,,1773563100000.0,2026-03-15,COSUSDT,FRENZY,-3.135368528331116,False,2.4378018238254726,0.9396298976002796,720538505.997183,720538505.9971831,,,,,,,,,,,,,
frenzy_today,,,1773604200000.0,2026-03-15,REZUSDT,FRENZY,2.9093643532242655,False,2.628457202045297,0.974268555522514,72289223.686681,72289223.686681,,,,,41011448.801357426,,,,1.76265959383245,,,,
frenzy_today,,,1773680100000.0,2026-03-16,DEGOUSDT,FRENZY,2.9058883543653615,False,2.2158730808612948,0.7339775819902852,59477391.718990006,59477391.71899,,,,,,,,,,,,,
frenzy_today,,,1773700200000.0,2026-03-16,XANUSDT,WIDE,2.905403146348641,False,1.5561580794805805,0.7502157560337959,117981855.325983,117981855.32598299,60232276.87909369,26176991.225055397,,,29704337.76462975,,,,3.9718729385870746,4.507082357618558,2.300962565225684,22.5,
frenzy_today,,,1773713700000.0,2026-03-17,ANIMEUSDT,WIDE,2.9051601893188352,False,2.068607488378741,0.8692470285567742,32169513.664235,32169513.664235,9720240.073278679,35500069.8892541,,,48713072.24723137,,,,0.660387698418331,0.9061816994893505,0.2738090404780021,2.25,
frenzy_today,,,1773735300000.0,2026-03-17,ANIMEUSDT,FRENZY,2.911610213385997,False,1.9186151284679949,0.8200324229271466,196247755.113605,196247755.113605,9720240.073278679,35500069.8892541,,,52665826.91148366,,,,3.726282612887516,5.528094894624682,0.2738090404780021,8.25,
frenzy_today,,,1773767700000.0,2026-03-17,VANRYUSDT,FRENZY,-3.105902972951234,False,2.559961219389149,0.6775232358247707,75008973.22589901,75008973.225899,,,,,,,,,,,,,
frenzy_today,,,1773785400000.0,2026-03-17,VANRYUSDT,FRENZY,2.9126596689197606,False,1.8259507416406944,0.9063867524212156,118107398.131925,118107398.13192502,,,,,,,,,,,,,
frenzy_today,,,1773817800000.0,2026-03-18,ENJUSDT,FRENZY,2.94170499312756,True,1.8298234789011925,0.939433147249834,31944260.66435,31944260.66435,,,,,47217125.39927344,,,,0.6765397171942523,,,,
frenzy_today,,,1773859200000.0,2026-03-18,DEGOUSDT,FRENZY,-3.102618662434696,True,2.3765110041447937,0.4658453345492616,101700321.18426,101700321.18426001,,,,,,,,,,,,,
frenzy_today,,,1773869700000.0,2026-03-18,DEGOUSDT,FRENZY,2.905307878509046,True,1.9402641845048876,0.6260011148321247,110632294.41775,110632294.41775,,,,,,,,,,,,,
frenzy_today,,,1773894300000.0,2026-03-19,AINUSDT,WIDE,2.9033166305494142,True,2.3442295987018653,0.6043907038283166,94397355.75478,94397355.75478001,,,,,41624596.9079035,,,,2.267826303847191,,,,
frenzy_today,,,1773908400000.0,2026-03-19,XANUSDT,FRENZY,2.9048803836039263,True,1.9582390676925032,0.6044674567232121,36029661.515714,36029661.515714,18437155.8319413,29258618.800128866,,,33229726.234168436,,,,1.0842599563359185,1.231420449537943,0.6301444356580528,8.333333333333334,
frenzy_today,,,1773930000000.0,2026-03-19,XANUSDT,FRENZY,-3.1039890414876523,True,2.4031868250798865,0.5200040135443149,114189697.46837,114189697.46837,18437155.8319413,29258618.800128866,,,37360610.80706295,,,,3.0564194482276146,3.9027712910312453,0.6301444356580528,14.333333333333334,
frenzy_today,,,1773989400000.0,2026-03-20,WAXPUSDT,FRENZY,-3.1072258919814897,True,1.005979194756527,0.5172929926164995,24409778.173041,24409778.173040997,,,,,33988293.36246839,,,,0.718181931429235,,,,
frenzy_today,,,1774023000000.0,2026-03-20,WAXPUSDT,FRENZY,2.9068395789509496,True,1.4004152525561446,0.8824892985437937,107834720.905705,107834720.905705,,,,,36219754.83661851,,,,2.977234975557678,,,,
frenzy_today,,,1774072500000.0,2026-03-21,PIXELUSDT,FRENZY,-3.1095643706118157,False,1.2785046783580047,0.8623432628530951,71603455.545237,71603455.545237,,,,,35353468.74011028,,,,2.025358701620113,,,,
frenzy_today,,,1774156800000.0,2026-03-22,ORDERUSDT,FRENZY,2.905872529592425,True,0.9376234235539042,0.884385014889206,22281747.03387,22281747.033869997,,,,,35314524.50468697,,,,0.6309513534838265,,,,
frenzy_today,,,1774353300000.0,2026-03-24,ONTUSDT,WIDE,2.918809423607517,False,2.6525865276938165,0.6774528903031851,90347840.82104,90347840.82103999,,,,,57690391.34054954,,,,1.5660812610493788,,,,
frenzy_today,,,1774490700000.0,2026-03-26,SUPERUSDT,FRENZY,-3.106971999302309,False,2.0907308781655325,0.8526702886390913,35924338.852299996,35924338.852299996,,,,,87490583.09591725,,,,0.41060806296050856,,,,
frenzy_today,,,1774550400000.0,2026-03-26,STOUSDT,FRENZY,-3.1058647127845327,False,1.3663995439797043,0.8166448792269007,64156105.81199,64156105.81198999,,,,,45204587.24098209,,,,1.4192388367574036,,,,
frenzy_today,,,1774583400000.0,2026-03-27,STGUSDT,WIDE,-3.10226313010976,True,1.9773365868495456,0.9149517458716024,63256414.7217,63256414.7217,,,,,,,,,,,,,
frenzy_today,,,1774631700000.0,2026-03-27,CUSDT,FRENZY,-3.1105548593714714,True,2.3073590842688843,0.4918006507526296,276129139.06554997,276129139.06554997,,,,,41501541.96486146,,,,6.65346697959664,,,,
frenzy_today,,,1774756800000.0,2026-03-29,STOUSDT,WIDE,-3.109299857731039,False,2.063615435982359,0.9383906703403652,53596324.39924,53596324.399239995,,,,,66425591.40640513,,,,0.8068625851040889,,,,
frenzy_today,,,1774804200000.0,2026-03-29,PLAYUSDT,WIDE,-3.111820039597278,True,2.000522000324644,0.5412439582670975,195880013.27226,195880013.27226,,,,,68311933.13378134,,,,2.867434784617363,,,,
frenzy_today,,,1774804800000.0,2026-03-29,CUSDT,FRENZY,-3.10994733018891,True,2.2666388184736506,0.6255313856346502,56833872.01813,56833872.018130004,,,,,39005638.878939055,,,,1.4570680971160104,,,,
frenzy_today,,,1774805700000.0,2026-03-29,STOUSDT,FRENZY,-3.1104076184912497,True,2.2313968697689455,0.4519451618123652,248263617.45848,248263617.45848,,,,,71327680.01974766,,,,3.480606931134535,,,,
frenzy_today,,,1774924800000.0,2026-03-31,GUSDT,FRENZY,2.9203439111594967,False,1.722879539916742,0.5632905451275595,29608760.277679,29608760.277679004,,,,,45205136.45028835,,,,0.6549866365349759,,,,
frenzy_today,,,1774929600000.0,2026-03-31,GUSDT,FRENZY,2.903520753250112,False,1.7112707842453132,0.6099418592687484,45329379.620914,45329379.620914,,,,,46833949.362860434,,,,0.9678743782573338,,,,
frenzy_today,,,1774941000000.0,2026-03-31,ONTUSDT,FRENZY,-3.175069647640348,False,1.269472905180214,0.7829190385668847,372611105.20006,372611105.20006,,,,,80286627.81015821,,,,4.6410107805389185,,,,
frenzy_today,,,1774958100000.0,2026-03-31,KERNELUSDT,WIDE,2.902134397766988,False,1.9289556761952789,0.4413566737941592,89219450.00120999,89219450.00121,,,,,37429391.915929995,,,,2.383673509887776,,,,
frenzy_today,,,1774960200000.0,2026-03-31,AIOTUSDT,FRENZY,-3.1524267197520537,False,2.198737172238538,0.9883066765703296,59246611.91748,59246611.91748001,,,,,7257911.190852715,,,,8.163038973547879,,,,
frenzy_today,,,1774971300000.0,2026-03-31,ZBTUSDT,WIDE,-3.104958449001548,False,1.6030521939311622,0.9623545716898616,70861761.47410001,70861761.4741,,,,,33192495.1368502,,,,2.134872994089242,,,,
frenzy_today,,,1774998000000.0,2026-03-31,ONTUSDT,FRENZY,3.0041023620079668,False,2.0878430047649745,0.4983729921482964,293350908.56755,293350908.56755,,,,,81486427.97668609,,,,3.5999971510774778,,,,
frenzy_today,,,1775016600000.0,2026-04-01,ONTUSDT,FRENZY,2.9884833058718487,False,1.269238477017833,0.6674350145777113,202032763.74029,202032763.74029002,,,,,81886361.36552873,,,,2.4672333752680173,,,,
frenzy_today,,,1775018400000.0,2026-04-01,BLURUSDT,FRENZY,2.9162128643274845,False,1.1677178214135773,0.9403492099053824,27346645.5864,27346645.586400002,6842873.544624643,54673654.94162567,,,58141470.86605143,,,,0.4703466420621223,0.5001795767193111,0.1251585165091064,4.666666666666667,
frenzy_today,,,1775035800000.0,2026-04-01,RAYSOLUSDT,WIDE,2.9038318626775097,False,1.7662874894266842,0.534129602160393,25406070.89581,25406070.89581,,,,,,,,,,,,,
frenzy_today,,,1775074500000.0,2026-04-01,BANKUSDT,WIDE,2.908817318942926,False,2.8545434481130205,0.464838557109883,27735198.69937,27735198.699369997,,,,,53153598.5946568,,,,0.5217934332325346,,,,
frenzy_today,,,1775166000000.0,2026-04-02,BRUSDT,FRENZY,-3.102058148629404,True,2.3502403078231793,0.9890619586433342,63767133.53293,63767133.53293,8705521.623944394,28012370.41958704,,,52651420.481753185,,,,1.2111189584149789,2.2763919146357647,0.3107741863165299,21.666666666666668,
frenzy_today,,,1775191200000.0,2026-04-03,YBUSDT,WIDE,2.9551036530745436,True,2.361785191695586,0.4718246739479915,21306027.635300003,21306027.6353,,,,,26946455.34859686,,,,0.7906801603280053,,,,
frenzy_today,,,1775199000000.0,2026-04-03,ONGUSDT,FRENZY,-3.107686706309419,False,2.5034916918857935,0.9673605679338332,27390175.65752,27390175.65752,,,,,43517410.42837733,,,,0.6294072967094361,,,,
frenzy_today,,,1775267400000.0,2026-04-04,DUSDT,FRENZY,2.912701067242819,False,2.1525053149528484,0.6173594844776006,111709395.230387,111709395.23038699,,,,,,,,,,,,,
frenzy_today,,,1775276100000.0,2026-04-04,POLYXUSDT,FRENZY,-3.114613388632291,False,1.7661224846818049,0.835504643231302,29541803.98728,29541803.98728,,,,,73008032.34206337,,,,0.40463772326951997,,,,
frenzy_today,,,1775301600000.0,2026-04-04,STOUSDT,FRENZY,-3.1037141791435117,False,2.7497335802294196,0.9644292801921848,449868332.1581,449868332.1581,,,,,69146937.79549436,,,,6.505976208065913,,,,
frenzy_today,,,1775356800000.0,2026-04-05,DRIFTUSDT,FRENZY,2.918594755705152,False,2.48726333861502,0.9917522713802992,54707966.56565,54707966.56565,,,,,,,,,,,,,
frenzy_today,,,1775398200000.0,2026-04-05,MMTUSDT,FRENZY,-3.119688447390266,False,2.7812494029294275,0.6074025029623991,84249117.1106,84249117.1106,,,,,43320280.5,,,,1.9447962048768357,,,,
frenzy_today,,,1775473200000.0,2026-04-06,REDUSDT,WIDE,-3.1649830762505258,False,2.9472127574830713,0.6897295308246575,47400284.2956,47400284.2956,,,,,79866108.7841407,,,,0.5934968538871952,,,,
frenzy_today,,,1775497500000.0,2026-04-06,PLAYUSDT,WIDE,-3.1014979276751773,False,2.899784932078915,0.3965374585140915,216315615.56842,216315615.56842,,,,,105610951.96519285,,,,2.048230903549786,,,,
frenzy_today,,,1775501400000.0,2026-04-06,REDUSDT,FRENZY,2.954656284984504,False,2.5790840866434044,0.5557286896564637,415411483.2511,415411483.2511,,,,,94264657.7681823,,,,4.406863538110848,,,,
frenzy_today,,,1775610000000.0,2026-04-08,SWARMSUSDT,FRENZY,2.9116981133235034,False,1.991724275368107,0.7641654942157882,149462360.49319398,149462360.49319404,,,,,15113251.186631382,,,,9.889490927365971,,,,
frenzy_today,,,1775615700000.0,2026-04-08,NOMUSDT,FRENZY,-3.1106801043605956,False,2.4478795058178777,0.7346264468707504,225973038.958036,225973038.958036,,,,,19594967.84140969,,,,11.532197490035747,,,,
frenzy_today,,,1775636400000.0,2026-04-08,SOLVUSDT,WIDE,-3.1,False,2.5020577138569515,0.8638998625245902,34641540.667174004,34641540.667174,,,,,28237135.50117116,,,,1.2268078915347913,,,,
frenzy_today,,,1775655000000.0,2026-04-08,ORDERUSDT,FRENZY,-3.1,False,1.4502533527573178,0.6487501431366662,36356934.01674,36356934.01674,,,,,37550365.77622663,,,,0.9682178392988597,,,,
frenzy_today,,,1775680800000.0,2026-04-08,ENJUSDT,WIDE,-3.1159879072332184,False,1.9222808974834895,0.8854329826263614,214945376.19953,214945376.19952998,,,,,58930214.87600308,,,,3.647456175949864,,,,
frenzy_today,,,1775706600000.0,2026-04-09,BLURUSDT,FRENZY,2.9190529914340693,True,1.7411648536250466,0.804303409806052,45227775.96256,45227775.962560005,30777045.864941765,53539223.458779015,,,62891876.75636039,,,,0.7191354161328318,0.8447596554586159,0.5748504344415393,3.8333333333333335,
frenzy_today,,,1775770500000.0,2026-04-09,AGTUSDT,WIDE,-3.1002177164338827,False,2.9457996134437887,0.9281221188341384,143750171.25252798,143750171.252528,,,,,53787705.096453525,,,,2.6725470252867534,,,,
frenzy_today,,,1775969700000.0,2026-04-12,TRUUSDT,WIDE,-3.1057188783128673,False,2.254420168290811,0.6710853461113575,96280333.037885,96280333.037885,,,,,,,,,,,,,
frenzy_today,,,1775990400000.0,2026-04-12,AINUSDT,WIDE,2.9029600883488285,False,2.630498962789438,0.811653353255446,68450393.78038,68450393.78038,,,,,50943021.63782989,,,,1.343665757932766,,,,
frenzy_today,,,1775993100000.0,2026-04-12,SKYAIUSDT,WIDE,-3.1088616356981555,False,2.4379813509208397,0.9651705521509876,276354060.80478,276354060.80478,,,,,,,,,,,,,
frenzy_today,,,1776284400000.0,2026-04-15,ALCHUSDT,FRENZY,-3.117023655040939,False,1.8909435655824491,0.7615350839901863,45451115.69416,45451115.69415999,6483154.385422473,55070638.60831982,,,83303473.87019777,,,,0.5456088873914339,0.8253239265559097,0.11772433640242966,20.333333333333332,
frenzy_today,,,1776287400000.0,2026-04-15,BIOUSDT,WIDE,2.905781105738471,False,2.4044919436716037,0.6595769721696739,212707867.14912,212707867.14912,,,,,77748436.93568037,,,,2.735847504241001,,,,
frenzy_today,,,1776321300000.0,2026-04-16,ORDIUSDT,WIDE,-3.115826999928516,False,2.803949005720628,0.6908181624806502,269256245.3534,269256245.3534,,,,,92104380.95238097,,,,2.923381521804143,,,,
frenzy_today,,,1776375900000.0,2026-04-16,AXLUSDT,WIDE,-3.11235439655224,False,1.8394305749818232,0.5788210109421873,93298755.607217,93298755.607217,8515882.851369573,53706743.068939574,,,86220850.76068449,,,,1.082090408341922,1.7371888570389744,0.15856263785048988,21.75,
frenzy_today,,,1776384900000.0,2026-04-17,AXLUSDT,WIDE,-3.108521593798085,False,2.2120389271024217,0.9487002329514986,115947271.276966,115947271.276966,238943336.4830178,79453703.19909799,,,91831453.94786525,,,,1.2626095557932888,1.459306068924454,3.007327876011831,0.25,
frenzy_today,,,1776626700000.0,2026-04-19,PROMUSDT,WIDE,-3.122212675189083,True,2.7985331177150226,0.3411591712852722,163402088.9741,163402088.9741,,,,,50844357.29613733,,,,3.213770370276934,,,,
frenzy_today,,,1776683400000.0,2026-04-20,MERLUSDT,FRENZY,-3.103047432420601,False,2.9571365075363767,0.4950263459523524,51484759.1055,51484759.1055,,,,,64119713.64719089,,,,0.8029474271951239,,,,
frenzy_today,,,1776713100000.0,2026-04-20,GUNUSDT,WIDE,-3.1219399230964826,False,2.3922032149145873,0.6070346232438564,328821553.86484003,328821553.86484003,,,,,122187242.72142495,,,,2.6911283579294873,,,,
frenzy_today,,,1776863700000.0,2026-04-22,SPKUSDT,WIDE,2.905597622507218,False,1.4705878816038271,0.3149988868135974,39002373.28687,39002373.28687,,,,,159682563.72060755,,,,0.2442494182089376,,,,
frenzy_today,,,1776910800000.0,2026-04-23,SOONUSDT,WIDE,-3.1026249076291688,False,1.2131700886666026,0.7341879780465336,99249023.8533,99249023.8533,,,,,118390746.91717549,,,,0.8383174060277974,,,,
frenzy_today,,,1776950100000.0,2026-04-23,HIGHUSDT,FRENZY,-3.139269720043335,False,1.9953726674773185,0.6855924503627593,40972302.9797,40972302.9797,,,,,,,,,,,,,
frenzy_today,,,1776953700000.0,2026-04-23,SOONUSDT,WIDE,2.9349985448084994,False,1.1430908381026834,0.3031018506783545,93511081.4662,93511081.4662,,,,,116391312.60383527,,,,0.8034197688317734,,,,
frenzy_today,,,1777086300000.0,2026-04-25,SOONUSDT,WIDE,2.912417901759491,False,2.7304365247438693,0.6277290318631222,148586560.9819,148586560.98189998,,,,,142565725.43301636,,,,1.0422319988243771,,,,
frenzy_today,,,1777104900000.0,2026-04-25,HIGHUSDT,FRENZY,-3.112489411560658,True,2.863733600942363,0.4449331508714144,34225351.270160004,34225351.270160004,,,,,,,,,,,,,
frenzy_today,,,1777106400000.0,2026-04-25,AXSUSDT,FRENZY,2.9575395944867258,False,2.459857781301422,0.78281351140121,217555655.90300003,217555655.903,23961449.30323518,192970829.47609273,,,415282835.82089555,,,,0.5238734595735328,1.1274017761837578,0.12417135464613722,8.666666666666666,
frenzy_today,,,1777148400000.0,2026-04-25,HYPERUSDT,FRENZY,-3.1028625973854016,True,2.388838993351554,0.65411932141178,570078617.37343,570078617.37343,,,,,69838406.43729459,,,,8.162823959697352,,,,
frenzy_today,,,1777152900000.0,2026-04-25,HYPERUSDT,FRENZY,2.902591359914798,False,1.8762113641797873,0.8934653828717037,597370096.36077,597370096.36077,,,,,68755807.62209195,,,,8.688285644816261,,,,
frenzy_today,,,1777156800000.0,2026-04-25,HYPERUSDT,FRENZY,-3.1045309127006524,False,1.9979974644037488,0.8290739646752623,622521414.64985,622521414.64985,,,,,70209336.7086389,,,,8.866647141721991,,,,
frenzy_today,,,1777215000000.0,2026-04-26,ZBTUSDT,FRENZY,-3.101020126510544,False,2.548056664891294,0.7413426039108102,283287139.97959,283287139.97959,,,,,64409088.64549798,,,,4.398247917134456,,,,
frenzy_today,,,1777219500000.0,2026-04-26,ZBTUSDT,FRENZY,2.9018640867772407,False,2.6442506486441286,0.928582137400706,321340613.19138,321340613.19138,,,,,66968478.00283401,,,,4.798386088120165,,,,
frenzy_today,,,1777228500000.0,2026-04-26,AGTUSDT,FRENZY,-3.1489529131921588,False,2.7555179700279657,0.8879056667509753,81895545.175652,81895545.175652,,,,,65815816.41006767,,,,1.2443140515860054,,,,
frenzy_today,,,1777287000000.0,2026-04-27,SWARMSUSDT,FRENZY,2.9029095739528734,False,2.0042699825396517,0.5582507246792213,42524568.04184,42524568.04184,,,,,24193998.72438178,,,,1.7576494289464182,,,,
frenzy_today,,,1777305300000.0,2026-04-27,SWARMSUSDT,WIDE,-3.1026203578611065,False,1.9795120467502725,0.7013659479507701,116135774.021022,116135774.02102199,,,,,27113274.603522062,,,,4.283354766964805,,,,
frenzy_today,,,1777328700000.0,2026-04-27,DAMUSDT,FRENZY,-3.1180947853046024,False,2.980646943787748,0.7485488743977051,316228955.64651,316228955.64651,,,,,,,,,,,,,
frenzy_today,,,1777381200000.0,2026-04-28,TACUSDT,FRENZY,2.932513016945616,True,1.5253266460305286,0.747050844763036,28754021.877951,28754021.877950996,,,,,75750491.23762436,,,,0.3795885862674012,,,,
frenzy_today,,,1777403700000.0,2026-04-28,ORCAUSDT,WIDE,-3.124126158409167,False,1.0758755305834906,0.4241309282222947,526575577.7781,526575577.7781,,,,,102153252.71296605,,,,5.154760752040773,,,,
frenzy_today,,,1777414200000.0,2026-04-28,BROCCOLI714USDT,FRENZY,-3.1017010208361993,False,2.1003581154867033,0.8507574642588993,41331033.09724,41331033.09724,,,,,20298890.589714285,,,,2.036122758264581,,,,
frenzy_today,,,1777421100000.0,2026-04-29,ORCAUSDT,WIDE,2.95814808001298,False,1.157594314894843,0.4658303913550664,481167479.5829,481167479.58290005,,,,,99339450.54242927,,,,4.843669629291806,,,,
frenzy_today,,,1777422900000.0,2026-04-29,BROCCOLI714USDT,FRENZY,2.9217414968184765,False,2.4577433131335433,0.9941797266843958,55924376.20611,55924376.20611,,,,,20512154.960761905,,,,2.726401799961477,,,,
frenzy_today,,,1777461900000.0,2026-04-29,SKYAIUSDT,WIDE,2.9024767375478224,False,2.2501623883260207,0.7157438179064204,242823516.00399,242823516.00399,,,,,,,,,,,,,
frenzy_today,,,1777466700000.0,2026-04-29,ORCAUSDT,FRENZY,2.918191659183124,True,1.7055537953336035,0.5474907178169476,321631828.4685,321631828.4685,,,,,102153252.71296605,,,,3.1485226356152642,,,,
frenzy_today,,,1777474800000.0,2026-04-29,NAORISUSDT,WIDE,2.9016377494550896,True,2.243469802892423,0.8203703855892072,106007171.332,106007171.332,,,,,216821142.058393,,,,0.488915289005584,,,,
frenzy_today,,,1777505100000.0,2026-04-29,TACUSDT,FRENZY,-3.1020788635722427,False,2.8829405845298717,0.9709929091824668,165724497.814249,165724497.81424898,,,,,96701476.04041384,,,,1.7137742317913407,,,,
frenzy_today,,,1777518300000.0,2026-04-30,TACUSDT,WIDE,-3.1019228377337047,True,1.9838842201514648,0.9367435510882166,166449476.89107,166449476.89107,,,,,99225691.07689452,,,,1.6774836746874426,,,,
frenzy_today,,,1777524600000.0,2026-04-30,TACUSDT,FRENZY,-3.1012691670134305,True,2.3100793261034465,0.4969836945881728,161720291.119306,161720291.11930603,,,,,98859078.89302468,,,,1.6358668614979046,,,,
frenzy_today,,,1777545000000.0,2026-04-30,SKYAIUSDT,WIDE,2.9031372636628263,False,2.765976425410955,0.931364659025772,828706245.32694,828706245.3269401,,,,,,,,,,,,,
frenzy_today,,,1777549200000.0,2026-04-30,TACUSDT,FRENZY,2.90520325650412,False,2.324616126532406,0.5515607226813389,147124180.824967,147124180.824967,,,,,96671425.86140811,,,,1.521899356650536,,,,
frenzy_today,,,1777564500000.0,2026-04-30,TACUSDT,WIDE,2.903812622611747,False,2.0500094616535893,0.8768944467710656,98691976.668566,98691976.66856599,,,,,108889828.64513475,,,,0.9063470656216851,,,,
frenzy_today,,,1777626600000.0,2026-05-01,TACUSDT,WIDE,-3.102997252198246,False,2.094464434936044,0.9670196882574932,78869897.281613,78869897.281613,,,,,121757315.29538496,,,,0.6477631104979075,,,,
frenzy_today,,,1777664700000.0,2026-05-01,TAGUSDT,FRENZY,-3.1056309660672508,False,2.18677248659783,0.6305562943083587,55004998.6234916,55004998.6234916,,,,,104837149.22596648,,,,0.5246708731552169,,,,
frenzy_today,,,1777773000000.0,2026-05-03,BUSDT,WIDE,2.9186509748129654,False,2.232599768877303,0.909763691004862,462439347.47480005,462439347.4748001,98823984.14958556,323563281.8699944,,,326179876.32286996,,,,1.417743340539664,1.42920836011487,0.30542397634998764,1.8333333333333333,
frenzy_today,,,1777807800000.0,2026-05-03,AKTUSDT,FRENZY,2.90630680282158,False,1.843258286848144,0.6938167102374044,35656975.80392,35656975.80392,8955948.757317994,149781181.52477086,,,194295491.78757107,,,,0.1835193162531265,0.23806045219387617,0.05979355127357475,11.5,
frenzy_today,,,1778003100000.0,2026-05-05,FHEUSDT,FRENZY,2.9268798217107386,False,2.3755888616750997,0.822623866163918,47817067.40146,47817067.40145999,,,,,20209365.267953403,,,,2.36608457353606,,,,
frenzy_today,,,1778145300000.0,2026-05-07,FLOCKUSDT,FRENZY,3.0605966587112152,False,2.4599160719066755,0.9744386692723012,29785267.05351,29785267.05351,,,,,38550012.46918349,,,,0.7726396217723679,,,,
frenzy_today,,,1778150400000.0,2026-05-07,NILUSDT,WIDE,-3.107285773114442,False,2.9067660577117045,0.5833245151593777,45890280.496763,45890280.496763,,,,,33840727.429870196,,,,1.3560666091431894,,,,
frenzy_today,,,1778154900000.0,2026-05-07,KSMUSDT,FRENZY,2.9133269228718297,False,1.6525750597364095,0.7438477177330762,43988548.1178,43988548.1178,,,,,109715633.63980436,,,,0.40093236176545344,,,,
frenzy_today,,,1778156100000.0,2026-05-07,JTOUSDT,WIDE,-3.1198833054479778,False,2.2790796036912866,0.6845766600637889,143659701.98020002,143659701.9802,,,,,479680803.0082582,,,,0.29949020490137634,,,,
frenzy_today,,,1778168700000.0,2026-05-07,KSMUSDT,FRENZY,-3.101499024554476,False,2.140311553472547,0.7397266875356876,115476561.555,115476561.555,,,,,115003592.40399744,,,,1.0041126467540342,,,,
frenzy_today,,,1778205300000.0,2026-05-08,JTOUSDT,FRENZY,-3.1094606450178572,True,2.3525856145985373,0.5941566489125654,387941230.5971,387941230.5971,,,,,564910147.9424411,,,,0.686730858013596,,,,
frenzy_today,,,1778214000000.0,2026-05-08,USUALUSDT,FRENZY,-3.1,True,2.3007954734031206,0.7520630036536513,20577516.56448,20577516.564480003,,,,,36230325.226343244,,,,0.5679638931178568,,,,
frenzy_today,,,1778309100000.0,2026-05-09,STRKUSDT,WIDE,-3.1097066916075486,False,1.7972386667152715,0.5922400895092987,381835805.747104,381835805.7471039,,,,,472347068.8430132,,,,0.8083797506828795,,,,
frenzy_today,,,1778324700000.0,2026-05-09,SAHARAUSDT,FRENZY,-3.1117140689679843,False,2.4689887547790788,0.7718601381515142,125440826.83416,125440826.83416,,,,,180128571.11685658,,,,0.6963960578623674,,,,
frenzy_today,,,1778346600000.0,2026-05-09,BANANAUSDT,FRENZY,2.9155920856482456,False,2.940881392230206,0.8443368114098507,31215506.7824,31215506.782399997,4082136.1915359795,17088542.736564923,,,19418063.099916816,,,,1.6075499714764918,1.8266921447670983,0.23888146897402182,17.166666666666668,
frenzy_today,,,1778347800000.0,2026-05-09,SAHARAUSDT,WIDE,2.9015568267118055,False,1.9843514133626403,0.7041049154799501,226660868.26043,226660868.26042998,,,,,209333203.41342628,,,,1.082775520387858,,,,
frenzy_today,,,1778367300000.0,2026-05-09,MITOUSDT,WIDE,2.9095125100845567,False,1.668521467614751,0.5437093231648664,34239048.24518,34239048.245179996,,,,,37651029.091718115,,,,0.909378815696471,,,,
frenzy_today,,,1778409300000.0,2026-05-10,1000XECUSDT,FRENZY,-3.100596127789078,False,2.0122621313393765,0.784204439679703,88804529.32083,88804529.32083,,,,,193636335.73800278,,,,0.45861500622995605,,,,
frenzy_today,,,1778526300000.0,2026-05-11,SAGAUSDT,FRENZY,2.914641820260534,False,2.3732297440120136,0.8986802400284165,160415137.417429,160415137.41742903,,,,,27518294.554515943,,,,5.829399678080843,,,,
frenzy_today,,,1778551800000.0,2026-05-12,SAGAUSDT,FRENZY,2.905416475184787,True,2.9000502438439297,0.8490243625542335,226730125.54807,226730125.54807,,,,,28977758.293379586,,,,7.824281065932902,,,,
frenzy_today,,,1778561700000.0,2026-05-12,SAGAUSDT,FRENZY,2.9208226807653017,True,2.5232049587110916,0.7028487954534992,259777740.572788,259777740.572788,,,,,32488931.92600806,,,,7.9958842957478256,,,,
frenzy_today,,,1778593500000.0,2026-05-12,USELESSUSDT,FRENZY,-3.100892782519925,True,2.158481895699646,0.4336997357222283,126503069.58437,126503069.58437002,,,,,84969427.61803363,,,,1.4888068936164214,,,,
frenzy_today,,,1778620500000.0,2026-05-12,DYMUSDT,WIDE,-3.1034773391517154,False,2.846877613507558,0.6440605122671795,112372311.020531,112372311.020531,,,,,34149170.635520704,,,,3.2906307511798096,,,,
frenzy_today,,,1778727900000.0,2026-05-14,SAGAUSDT,WIDE,2.9254306285170686,True,2.699301202214933,0.8961477215840407,254211929.364151,254211929.364151,,,,,37840298.96850808,,,,6.718021165100054,,,,
frenzy_today,,,1778919000000.0,2026-05-16,ARCUSDT,FRENZY,2.902523512507417,True,1.481350513538347,0.5589280194373085,83534290.77302,83534290.77302,11148598.075442726,73842140.63089646,,,76682456.66059154,,,,1.089353346395196,1.1312549996426866,0.15097880397549057,8.166666666666666,
frenzy_today,,,1778958300000.0,2026-05-16,PHBUSDT,WIDE,-3.140156981379537,False,2.967142665464185,0.5772314994408808,33356439.9568,33356439.956800003,,,,,,,,,,,,,
frenzy_today,,,1779045900000.0,2026-05-17,FIDAUSDT,FRENZY,-3.138651504590183,False,2.311649202652293,0.6384642731297714,38637895.33463,38637895.33463,1832494.0952415054,16135661.520164749,,,19686860.381760824,,,,1.9626235258125075,2.394565310281465,0.11356795585674849,19.416666666666668,
frenzy_today,,,1779073800000.0,2026-05-18,FIDAUSDT,FRENZY,-3.111045781283127,True,2.073239628711688,0.40089895995011,159172550.50015998,159172550.50015998,65671482.41054367,23897410.773026425,,,21933079.23870615,,,,7.257191239215607,6.660660939879805,2.748058483585537,3.1666666666666665,
frenzy_today,,,1779138300000.0,2026-05-18,RONINUSDT,FRENZY,2.9247518257433893,False,2.5905868449374716,0.7478584773174959,101958417.95262,101958417.95262001,,,,,101433676.92244779,,,,1.0051732427147784,,,,
frenzy_today,,,1779175800000.0,2026-05-19,EDENUSDT,FRENZY,2.903779833537269,False,2.301693940779232,0.9772122351182084,165837010.75006,165837010.75006,,,,,41752068.198674135,,,,3.971947208960687,,,,
frenzy_today,,,1779253200000.0,2026-05-20,FIDAUSDT,FRENZY,2.9006880167154816,False,2.0752221000099595,0.8640476049547889,63393694.81086,63393694.81086001,24662143.744538043,21392812.491430175,,,24478793.94324419,,,,2.5897393048792665,2.963317461706128,1.152823816616798,5.0,
frenzy_today,,,1779275700000.0,2026-05-20,FIDAUSDT,FRENZY,2.91371542729202,False,1.5944489040455323,0.6644860139011507,140366057.12388,140366057.12388,24662143.744538043,21392812.491430175,,,26405550.562757295,,,,5.315778468253336,6.561365280049538,1.152823816616798,11.25,
frenzy_today,,,1779433200000.0,2026-05-22,GRASSUSDT,WIDE,2.918231612027068,False,1.4555377136256402,0.973393845964544,134253766.29612002,134253766.29612002,,,,,109144400.19833508,,,,1.230056384497571,,,,
frenzy_today,,,1779532800000.0,2026-05-23,COSUSDT,WIDE,-3.1567205501676785,True,2.715662065260079,0.3909625024343686,31365324.037554003,31365324.037554003,,,,,,,,,,,,,
frenzy_today,,,1779544800000.0,2026-05-23,GMTUSDT,FRENZY,2.972653739235699,False,2.17257099064305,0.7498326488340225,149938417.79658,149938417.79658,,,,,50537559.49857178,,,,2.9668709625920364,,,,
frenzy_today,,,1779555000000.0,2026-05-23,MEUSDT,FRENZY,2.920269786154296,False,2.167424227167436,0.6234384349473101,39162635.13595,39162635.13595,,,,,77687367.09200573,,,,0.50410557857585,,,,
frenzy_today,,,1779566400000.0,2026-05-23,GMTUSDT,FRENZY,-3.137843681972273,False,1.3614619761004223,0.7076408181067667,265671135.68152,265671135.68152002,,,,,50651984.16158742,,,,5.2450291943942275,,,,
frenzy_today,,,1779593400000.0,2026-05-24,GRASSUSDT,WIDE,-3.1013689793349717,False,1.4570149450320895,0.4027556345883103,143863871.73071,143863871.73070997,,,,,132544686.31284511,,,,1.0853990132139149,,,,
frenzy_today,,,1779609600000.0,2026-05-24,AGTUSDT,WIDE,2.900134983491999,False,2.150265324484794,0.8691195495734337,54021019.759962,54021019.759962,,,,,70672463.01424931,,,,0.7643856950205631,,,,
frenzy_today,,,1779616800000.0,2026-05-24,GRASSUSDT,FRENZY,2.900663311672137,False,1.5952341010539046,0.8718714512313731,217792366.17843,217792366.17843,,,,,131275849.10955572,,,,1.6590436676335818,,,,
frenzy_today,,,1779643500000.0,2026-05-24,NILUSDT,WIDE,2.9027871747349345,False,2.132481672712092,0.4414923552193156,142042202.798671,142042202.79867098,,,,,44420495.72462565,,,,3.19767261669541,,,,
frenzy_today,,,1779661500000.0,2026-05-24,SUPERUSDT,FRENZY,-3.15411656102572,False,1.551913367244639,0.5145070259212837,101181636.9461,101181636.9461,,,,,83831529.58331728,,,,1.2069639841837676,,,,
frenzy_today,,,1779713100000.0,2026-05-25,PHAUSDT,FRENZY,-3.1008546389766676,False,2.3819483054216537,0.940319555282233,31594063.18291,31594063.182910003,,,,,42527622.38277384,,,,0.7429068782295113,,,,
frenzy_today,,,1779733200000.0,2026-05-25,PHAUSDT,FRENZY,2.902981658890226,False,2.6091632537396374,0.4994979023543153,96143577.45136,96143577.45135999,,,,,43530389.77874009,,,,2.2086541825158608,,,,
frenzy_today,,,1779795600000.0,2026-05-26,PHAUSDT,FRENZY,-3.109707532994542,False,1.8619222662681167,0.8931981527519126,200226415.37222,200226415.37221998,,,,,42244790.55314234,,,,4.739671158277913,,,,
frenzy_today,,,1779801000000.0,2026-05-26,PHAUSDT,FRENZY,2.9072603572295477,False,2.196541665888226,0.5437472947013705,199269047.14889,199269047.14889002,,,,,43281840.59512453,,,,4.603987363035957,,,,
frenzy_today,,,1779813600000.0,2026-05-26,PHAUSDT,FRENZY,2.907507974620495,False,1.9391857222064703,0.4265844587285046,186953163.81912,186953163.81912,,,,,46718675.85822254,,,,4.001679422303576,,,,
frenzy_today,,,1779875400000.0,2026-05-27,ALTUSDT,WIDE,-3.1112490517280142,False,2.0737357703924375,0.706940101656883,56832127.891086005,56832127.891086,30824909.35017847,44767143.02028255,,,65926585.31237458,,,,0.8620517447066756,1.2695053572066726,0.6885610130673895,9.833333333333334,
frenzy_today,,,1779988500000.0,2026-05-28,XLMUSDT,WIDE,-3.1039100576070164,False,1.8322076396595088,0.8208704293363442,1114695927.63105,1114695927.6310499,,,,,10613322289.62068,,,,0.10502799191551632,,,,
frenzy_today,,,1780053600000.0,2026-05-29,IDUSDT,FRENZY,2.9045041843307264,True,2.2293189076023983,0.6931160195128068,45727361.02413,45727361.02413001,,,,,55156549.16049109,,,,0.8290468080422396,,,,
frenzy_today,,,1780176300000.0,2026-05-30,PORTALUSDT,FRENZY,2.9376377959822633,False,2.1740553467682098,0.5534841727058996,195729431.33072495,195729431.33072498,,,,,10352182.402090024,,,,18.90706942057056,,,,
frenzy_today,,,1780210500000.0,2026-05-31,HIVEUSDT,FRENZY,-3.109975995397983,False,2.4201082588676477,0.6673228981611191,45826120.44543,45826120.44543001,,,,,46724097.714936756,,,,0.9807812817491887,,,,
frenzy_today,,,1780230000000.0,2026-05-31,STGUSDT,WIDE,2.917997755215952,False,1.588136743931174,0.922792748541455,134102543.2498,134102543.2498,,,,,,,,,,,,,
frenzy_today,,,1780293600000.0,2026-06-01,HOMEUSDT,WIDE,-3.1004106659337825,True,2.7335775626025,0.8493476478016446,169636215.735497,169636215.735497,,,,,248297227.6013822,,,,0.6831981870044557,,,,
frenzy_today,,,1780386900000.0,2026-06-02,HOMEUSDT,FRENZY,-3.1010295106496875,True,2.6095408119764785,0.4202275513919447,336258532.79832596,336258532.798326,,,,,259478795.27916873,,,,1.2958998535373625,,,,
frenzy_today,,,1780483500000.0,2026-06-03,EPICUSDT,WIDE,-3.108116288949557,False,2.4791019425962597,0.532937122890465,97044045.47947,97044045.47947,,,,,18328903.549415518,,,,5.294590874889764,,,,
frenzy_today,,,1780623300000.0,2026-06-05,OPNUSDT,WIDE,2.916802498904538,True,2.759841331993156,0.952829038837204,647869095.1476,647869095.1475999,,,,,108974556.55248833,,,,5.945140917692557,,,,
frenzy_today,,,1780625700000.0,2026-06-05,OPNUSDT,WIDE,-3.119841613415407,True,2.840436066054812,0.5488688700822195,635764280.9017,635764280.9017,,,,,109692605.95612875,,,,5.79587179427547,,,,
frenzy_today,,,1780636500000.0,2026-06-05,HEIUSDT,WIDE,2.9002622847576167,False,2.1033865384655037,0.4342817885183703,108039935.437898,108039935.437898,,,,,8068024.895631264,,,,13.39112568881639,,,,
frenzy_today,,,1781134500000.0,2026-06-10,STGUSDT,FRENZY,-3.106667672724982,True,2.2773989318310055,0.5459308466761922,440810210.4591,440810210.4591,,,,,,,,,,,,,
frenzy_today,,,1781189700000.0,2026-06-11,STGUSDT,WIDE,2.9116466339969684,True,2.078915441819529,0.8144915823953588,293808577.1178,293808577.1178,,,,,,,,,,,,,
frenzy_today,,,1781211300000.0,2026-06-11,STGUSDT,WIDE,-3.11235915246174,False,2.1656196707038418,0.5146047789107319,281293568.9486,281293568.94860005,,,,,,,,,,,,,
frenzy_today,,,1781231700000.0,2026-06-12,STGUSDT,WIDE,2.9058663941663245,False,2.951946452008087,0.7000509900542017,330350213.8468,330350213.8468,,,,,,,,,,,,,
frenzy_today,,,1781237700000.0,2026-06-12,STGUSDT,FRENZY,-3.105117472225382,False,2.4707504024166553,0.6219575356329428,336592603.11270005,336592603.1127,,,,,,,,,,,,,
frenzy_today,,,1781281500000.0,2026-06-12,STGUSDT,WIDE,2.910507644727091,False,2.507774919171196,0.6618346249899187,343653721.3199,343653721.31990004,,,,,,,,,,,,,
frenzy_today,,,1781342400000.0,2026-06-13,RIFUSDT,WIDE,-3.1037549103139703,False,2.495257053113487,0.5156589498308445,80183032.92481,80183032.92480999,,,,,94817927.71084335,,,,0.8456526614812346,,,,
frenzy_today,,,1781357100000.0,2026-06-13,RIFUSDT,WIDE,-3.1008712540807823,False,2.852119623898653,0.4297440296184012,143868259.50032,143868259.50032,,,,,94106216.86746988,,,,1.5287859217944142,,,,
frenzy_today,,,1781443500000.0,2026-06-14,ZKCUSDT,FRENZY,-3.1026219924343943,False,2.785053582026242,0.9490879068210352,41021366.05917,41021366.05917,4977872.941655026,14266816.92500361,,,34168070.514065616,,,,1.200576018545828,2.8752991136570305,0.3489126528939297,13.416666666666666,
frenzy_today,,,1781622000000.0,2026-06-16,BRUSDT,FRENZY,2.911144300438974,False,1.711346773177735,0.6727302438741277,51123929.67436,51123929.67436,5210055.881521356,28030783.676497616,,,56484153.92069775,,,,0.905102159202679,1.8238494600928625,0.18586907671403147,15.0,
frenzy_today,,,1781627700000.0,2026-06-16,BRUSDT,FRENZY,2.905262716693692,False,2.828349250968233,0.5443605270517435,72757153.55617,72757153.55617,5210055.881521356,28030783.676497616,,,61259968.004426375,,,,1.1876786084986675,2.5956161053453943,0.18586907671403147,16.583333333333332,
frenzy_today,,,1781646600000.0,2026-06-16,BRUSDT,WIDE,-3.1046368709384917,False,1.936026503606274,0.3268403867610466,114239693.49218,114239693.49218002,5210055.881521356,28030783.676497616,,,64921537.34058093,,,,1.759657860424255,4.075508370034056,0.18586907671403147,21.833333333333332,
frenzy_today,,,1781675100000.0,2026-06-17,BRUSDT,FRENZY,-3.1246959298964803,False,2.571169762231412,0.6608874198411041,198781160.83279,198781160.83279,13238137.274908677,48006069.72162868,,,67069479.022651434,,,,2.9638095260238333,4.140750575613796,0.2757596560533336,5.75,
frenzy_today,,,1781765400000.0,2026-06-18,AGTUSDT,FRENZY,2.901928001951416,True,2.3198203661806813,0.7026837984392185,231013566.560766,231013566.56076598,,,,,91636528.9154441,,,,2.5209768341828993,,,,
frenzy_today,,,1781788200000.0,2026-06-18,AGTUSDT,FRENZY,2.9019498033771476,False,2.3686141518705934,0.8610666828578573,249923002.294904,249923002.294904,,,,,93517963.54185158,,,,2.6724598443918994,,,,
frenzy_today,,,1781955000000.0,2026-06-20,ALICEUSDT,WIDE,2.9259408631206365,False,2.8605684871484303,0.6638689640991823,22462272.7681472,22462272.7681472,,,,,13849592.594733741,,,,1.6218724568611789,,,,
frenzy_today,,,1781983500000.0,2026-06-20,BELUSDT,FRENZY,-3.1001944898636267,False,1.95093115898669,0.834004543067793,107223164.15661,107223164.15661,32874381.670984216,9223747.390692905,,,16444535.804686861,,,,6.520291325344088,11.624685674371575,3.5641025581593504,19.416666666666668,
frenzy_today,,,1781984100000.0,2026-06-20,ALICEUSDT,WIDE,2.909309692607233,False,2.2956831411119287,0.6503306583729364,72352539.6395709,72352539.63957089,,,,,15914003.64720491,,,,4.5464699671775355,,,,
frenzy_today,,,1782097800000.0,2026-06-22,BELUSDT,FRENZY,2.9052557353220334,False,2.3838025127049125,0.9917865250150396,50805497.69779,50805497.69779,35763585.54789338,13395078.697422003,,,18548898.505756512,,,,2.7390034875668166,3.792848018695698,2.669904847574833,3.1666666666666665,
frenzy_today,,,1782213600000.0,2026-06-23,RESOLVUSDT,FRENZY,2.920307460395556,False,2.501808383927001,0.6791093530694036,84949644.16482,84949644.16481999,,,,,14398388.062545454,,,,5.89994128480254,,,,
frenzy_today,,,1782410400000.0,2026-06-25,IDOLUSDT,WIDE,2.9324609091898615,True,2.0909924005178335,0.611819016191064,47071794.78086,47071794.78086,,,,,44021325.40773143,,,,1.069295264167417,,,,
frenzy_today,,,1782438000000.0,2026-06-26,GUSDT,FRENZY,2.912448731061802,True,2.9520444906990537,0.8062106966352475,41097912.828243,41097912.828243,,,,,46365386.744175315,,,,0.8863921065730344,,,,
frenzy_today,,,1782447300000.0,2026-06-26,AINUSDT,FRENZY,2.9028845055792076,False,1.8265977070495736,0.5278394137138748,25129334.99651,25129334.99651,,,,,46583499.471260905,,,,0.5394471278829797,,,,
frenzy_today,,,1782463800000.0,2026-06-26,GUSDT,FRENZY,2.9049606169569766,False,2.6488688050569524,0.934269537477804,88769159.402728,88769159.40272799,,,,,47347136.9928489,,,,1.8748580176270275,,,,
frenzy_today,,,1782478800000.0,2026-06-26,ICNTUSDT,WIDE,-3.116830272931724,True,1.9296394752941683,0.5199165583853386,26138345.9225,26138345.9225,,,,,61733495.476,,,,0.4234062192810991,,,,
frenzy_today,,,1782684600000.0,2026-06-28,POWRUSDT,FRENZY,2.909380481460079,True,1.4061951221177855,0.901343164398686,87894165.51859,87894165.51859,,,,,49794673.99842891,,,,1.7651318597118073,,,,
frenzy_today,,,1782718500000.0,2026-06-29,POWRUSDT,FRENZY,-3.109709865146536,False,1.6693319387806511,0.5617450321055202,99627789.59718,99627789.59718,,,,,54627949.72505892,,,,1.8237512134100606,,,,
frenzy_today,,,1782731400000.0,2026-06-29,GUSDT,FRENZY,2.914779991914475,False,1.950312053620384,0.7202883484303926,25713257.317402,25713257.317401998,,,,,43007354.64359861,,,,0.5978804678987449,,,,
frenzy_today,,,1782883200000.0,2026-07-01,TACUSDT,WIDE,2.900391730799458,False,1.6750595197922526,0.6839630916991404,241628467.293199,241628467.293199,,,,,354273580.37006056,,,,0.6820391942317663,,,,
frenzy_today,,,1783099800000.0,2026-07-03,TLMUSDT,FRENZY,2.9033606339698106,False,2.183803832234108,0.6341244518829388,296930770.288803,296930770.288803,141739327.99075505,10907988.11843309,,,12684783.281460617,,,,23.408422808671922,27.221405731734194,12.994085293440493,17.5,
frenzy_today,,,1783103100000.0,2026-07-03,THEUSDT,FRENZY,-3.109096986284575,False,2.3728029379188804,0.9638932555241748,206557704.33696505,206557704.33696502,,,,,17916693.55621565,,,,11.528784799989289,,,,
frenzy_today,,,1783208400000.0,2026-07-04,RPLUSDT,FRENZY,2.902318411011097,False,2.2427836954073896,0.5819680753133257,37871975.0038,37871975.003800005,,,,,50261077.37522766,,,,0.7535050377265905,,,,
frenzy_today,,,1783249200000.0,2026-07-05,HOTUSDT,FRENZY,2.921702510561365,False,2.1498151241622714,0.3055584739345133,67692342.6095013,67692342.6095013,,,,,66829388.173206635,,,,1.012912798693564,,,,
frenzy_today,,,1783473000000.0,2026-07-08,SPELLUSDT,FRENZY,-3.1070422097740233,True,2.665638689346423,0.8354570421919246,66375390.067678206,66375390.067678206,,,,,21381756.94535205,,,,3.1043000927062185,,,,
frenzy_today,,,1783524900000.0,2026-07-08,SPELLUSDT,FRENZY,-3.1365887080619035,True,1.988074970634755,0.8816137534128636,126624224.7740818,126624224.77408181,,,,,21244944.972209945,,,,5.960204883548356,,,,
frenzy_today,,,1783617900000.0,2026-07-09,SENTUSDT,FRENZY,-3.100356025440397,True,2.44084092673786,0.4275332987972852,39054692.70911,39054692.70911,,,,,156176067.73134214,,,,0.25006835731254823,,,,
frenzy_today,,,1783652400000.0,2026-07-10,SKLUSDT,FRENZY,-3.1176837304341163,False,2.129636295936538,0.3870315788411249,25305502.735844,25305502.735844,,,,,28606618.052615765,,,,0.8846030904212421,,,,
frenzy_today,,,1783776000000.0,2026-07-11,TUSDT,FRENZY,2.919039824842208,False,2.908871688030831,0.696397940671033,37996151.52596,37996151.525960006,,,,,48303329.6382279,,,,0.7866155772394071,,,,
frenzy_today,,,1783794600000.0,2026-07-11,SXTUSDT,FRENZY,-3.1055971145100933,False,2.6732536830865605,0.8325332484920545,56209531.449885994,56209531.449885994,,,,,24172970.64793033,,,,2.3253050801473836,,,,
frenzy_today,,,1783915200000.0,2026-07-13,DODOXUSDT,FRENZY,-3.1002827021793453,True,1.921489315496347,0.8054276540653765,116677267.423948,116677267.423948,,,,,,,,,,,,,
frenzy_today,,,1784052000000.0,2026-07-14,SXTUSDT,FRENZY,-3.104864719516874,False,1.476054155897194,0.3696971358946551,163062332.147432,163062332.147432,,,,,24598664.407676823,,,,6.628909986533376,,,,
frenzy_today,,,1784107200000.0,2026-07-15,DODOXUSDT,FRENZY,2.9027892115961476,False,1.6362399740290772,0.8328313694987534,140449228.6438,140449228.6438,,,,,,,,,,,,,
frenzy_today,,,1784143500000.0,2026-07-15,SKLUSDT,FRENZY,-3.1115679417598394,False,2.554446987819929,0.7567015158523743,47273314.509966,47273314.509966,,,,,31908824.94631518,,,,1.4815122333555284,,,,
frenzy_today,,,1784169900000.0,2026-07-16,BANKUSDT,FRENZY,2.9045200157144193,True,1.9373440579557877,0.3745597484216273,47128486.93795,47128486.93795,,,,,45012500.87536079,,,,1.0470088535726634,,,,
frenzy_today,,,1784193600000.0,2026-07-16,BANKUSDT,WIDE,2.9094247108635076,True,1.7699202796434728,0.5299439422815827,78386990.22919,78386990.22919,,,,,48458110.69846533,,,,1.6176237393356014,,,,
frenzy_today,,,1784238600000.0,2026-07-16,BANKUSDT,FRENZY,-3.115101307899014,True,1.2597960996348645,0.249465862966503,147905634.21405,147905634.21405,,,,,52410427.848497,,,,2.8220650028196927,,,,
frenzy_today,,,1784278800000.0,2026-07-17,BANKUSDT,WIDE,2.9104309437537403,True,1.2627256678643397,0.9810154334551736,143460617.10452998,143460617.10453,,,,,56008049.86967969,,,,2.5614285346184373,,,,
frenzy_today,,,1784521800000.0,2026-07-20,AVAAIUSDT,WIDE,-3.10161690334083,False,1.8282124852990245,0.5724810905160439,49523568.386412,49523568.386411995,,,,,11664101.298070468,,,,4.245810896258628,,,,
frenzy_today,,,1784537700000.0,2026-07-20,PROMUSDT,FRENZY,2.9568543856410847,True,2.6809225006615076,0.8505288546850059,41996552.7913,41996552.7913,,,,,33239184.549356222,,,,1.263465195090455,,,,
frenzy_today,,,1784544600000.0,2026-07-20,PROMUSDT,FRENZY,-3.131177616390733,False,2.1490521551759008,0.931139220554588,47106224.0919,47106224.0919,,,,,35403596.566523604,,,,1.3305491153529296,,,,
frenzy_today,,,1784552700000.0,2026-07-20,AVAAIUSDT,WIDE,-3.123364162957397,False,2.5304920523006897,0.8213472865040441,65268968.197927,65268968.197927,,,,,9419198.889782302,,,,6.929354498367059,,,,
frenzy_today,,,1784612700000.0,2026-07-21,LAUSDT,WIDE,2.902299348344718,False,2.5527723132688864,0.9249258685384408,27391246.300443,27391246.300443,,,,,26193444.1522145,,,,1.0457290817224292,,,,
frenzy_today,,,1784638800000.0,2026-07-21,ERAUSDT,FRENZY,2.906394477690745,False,2.955902760258436,0.5985708206236777,342035738.84951,342035738.84950995,5124030.85303688,11057786.853493568,,,43802314.864842966,,,,7.808622441642644,30.931663214456705,0.46338665421263814,13.0,
frenzy_today,,,1784662800000.0,2026-07-21,ONEUSDT,FRENZY,-3.1368289987954254,False,2.067695871832949,0.6418157360955364,95066525.059387,95066525.059387,,,,,23626309.544445474,,,,4.02375685802936,,,,
frenzy_today,,,1784694000000.0,2026-07-22,1000XECUSDT,WIDE,2.906602888591926,False,1.565411004364916,0.9440069718626138,28587017.244746,28587017.244746,,,,,167958910.94699243,,,,0.17020244465485976,,,,
frenzy_today,,,1784836800000.0,2026-07-23,LAUSDT,FRENZY,-3.111940144514612,True,2.411371285941134,0.9794209060170618,49308145.443005,49308145.443004996,,,,,28186290.1609832,,,,1.7493662756391994,,,,
frenzy_today,,,1784915100000.0,2026-07-24,ACEUSDT,FRENZY,-3.100445686516816,True,2.882813322829002,0.34599938230418,38470219.7387871,38470219.7387871,,,,,12020641.627666341,,,,3.2003466146303885,,,,
frenzy_today,,,1784922000000.0,2026-07-24,ACEUSDT,FRENZY,-3.10346351407773,False,2.3355133418950533,0.942529933702069,51784631.596704304,51784631.5967043,,,,,11651724.547862027,,,,4.444374854897016,,,,
frenzy_today,,,1784931600000.0,2026-07-24,ACEUSDT,FRENZY,-3.1085525812676305,True,1.9471316412970232,0.6053122408731406,66076845.9603732,66076845.96037319,,,,,12109226.579959778,,,,5.456735450778283,,,,
frenzy_today,,,1785006000000.0,2026-07-25,EULUSDT,FRENZY,2.903733949534605,False,2.4128682062783717,0.7126709499070075,270924355.83529,270924355.83528996,,,,,43693979.58498253,,,,6.200496233316448,,,,
frenzy_today,,,1785117600000.0,2026-07-27,SAFEUSDT,WIDE,-3.117263713191275,False,1.7269627918311652,0.8400213266458925,22393620.33281,22393620.33281,,,,,93722006.87658158,,,,0.23893662843028085,,,,
frenzy_today,,,1785432900000.0,2026-07-30,MMTUSDT,WIDE,-3.1230128116914933,False,2.0338518921970508,0.7247865803825192,55674190.8825,55674190.8825,,,,,71352712.5,,,,0.7802673357722736,,,,
frenzy_today,,,1785483000000.0,2026-07-31,GIGGLEUSDT,WIDE,2.9119510531590023,False,2.380662117151568,0.942003360342242,67190134.4301,67190134.4301,,,,,38701378.506034724,,,,1.7361173432006565,,,,
frenzy_today,,,1785490800000.0,2026-07-31,MMTUSDT,WIDE,2.9063623465133372,False,1.9562208181313916,0.9008982318361868,223844471.8705,223844471.8705,,,,,89381635.50000001,,,,2.5043675987613803,,,,
frenzy_today,,,1785491700000.0,2026-07-31,COTIUSDT,FRENZY,2.9059157992916265,False,2.2543636884403244,0.7277794533182,313153379.428369,313153379.428369,,,,,45115496.79935732,,,,6.941148865567406,,,,
frenzy_today,,,1785520200000.0,2026-07-31,GIGGLEUSDT,WIDE,2.9157405495804825,False,2.1889797200041583,0.5594275665613854,265820356.9018,265820356.90179998,,,,,42027123.56435382,,,,6.324971455511674,,,,
frenzy_today,,,1785561000000.0,2026-08-01,IDOLUSDT,FRENZY,-3.1050751817751285,False,2.916435959257341,0.5020344028399191,27462001.46714,27462001.46714,,,,,42289046.07120001,,,,0.6493880571555944,,,,
frenzy_today,,,1785574800000.0,2026-08-01,IDOLUSDT,FRENZY,2.9140230242933787,False,2.109571958150467,0.4046747003543787,72270715.41933,72270715.41933,,,,,42610499.968700685,,,,1.6960776210656074,,,,
frenzy_today,,,1785595800000.0,2026-08-01,IDOLUSDT,WIDE,-3.12122667537441,False,2.3107425455685,0.6726839328969111,97679090.98968,97679090.98968,,,,,47521601.18051657,,,,2.0554671678387715,,,,
frenzy_today,,,1785604200000.0,2026-08-01,IDOLUSDT,FRENZY,2.902788682679992,True,2.9020200344720632,0.3680673023457713,141704037.60104,141704037.60104,,,,,45057121.29967805,,,,3.144986486343781,,,,
frenzy_today,,,1785617100000.0,2026-08-01,1000RATSUSDT,FRENZY,2.910778178627328,True,1.8470585740707517,0.5462088404909956,591935917.19075,591935917.19075,,,,,,,,,,,,,
frenzy_today,,,1785679200000.0,2026-08-02,MANTRAUSDT,FRENZY,2.914598822168314,True,2.3088274670353357,0.3772422723534466,35176682.224119,35176682.224119,,,,,41997645.38985795,,,,0.8375870098806504,,,,
frenzy_today,,,1785862200000.0,2026-08-04,BICOUSDT,WIDE,2.946883879656116,False,2.252949697108798,0.539177211079062,112832662.92741,112832662.92741,115560317.60191637,16817745.981139883,,,21129414.121181767,,,,5.3400753225002,6.7091430120270115,6.871332087635912,16.833333333333332,
frenzy_today,,,1785909000000.0,2026-08-05,BICOUSDT,WIDE,2.9266845568384228,False,2.2700122850007785,0.9038355279808992,108936899.39928,108936899.39928,62161846.46886352,21123714.165608473,,,26296825.237856783,,,,4.14258749540819,5.157090204176319,2.942751733029471,5.833333333333333,
frenzy_today,,,1785988200000.0,2026-08-06,HEIUSDT,FRENZY,2.9010745509292737,False,2.8318205271203216,0.6035250384790795,722058324.68027,722058324.68027,,,,,24861292.168682232,,,,29.043475286045137,,,,
frenzy_today,,,1786122600000.0,2026-08-07,TUTUSDT,WIDE,2.9116030103533155,True,2.0153028678246825,0.8671271322921579,38182392.337000005,38182392.337,,,,,31101350.237240408,,,,1.227676356355771,,,,
frenzy_today,,,1786222800000.0,2026-08-08,COOKIEUSDT,FRENZY,-3.1003810329318413,False,2.424695519837594,0.4716171184514402,20806509.822223,20806509.822223,,,,,10746975.888666945,,,,1.936033916682011,,,,
frenzy_today,,,1786285500000.0,2026-08-09,MUBARAKUSDT,FRENZY,2.924013340692856,False,2.3450111369572975,0.98289821724426,67401382.77493,67401382.77493,,,,,19900000.000000004,,,,3.3870041595442206,,,,
frenzy_today,,,1786322400000.0,2026-08-10,MUBARAKUSDT,WIDE,2.9104866812867294,True,2.790212854642069,0.8436735170050126,155230901.17509,155230901.17509001,,,,,26850000.000000004,,,,5.781411589388827,,,,
frenzy_today,,,1786453800000.0,2026-08-11,BTRUSDT,FRENZY,2.9138742331042535,False,2.1237854954687116,0.8940580922420881,49865782.3997,49865782.39969999,1759508.81968325,5554039.026193541,,,15858068.172558704,,,,3.1445054881268133,8.978291683678625,0.3167980655852771,13.166666666666666,
frenzy_today,,,1786466100000.0,2026-08-11,COOKIEUSDT,FRENZY,2.903767851747775,True,2.746991403910918,0.547706639878124,31513332.941442,31513332.941442,,,,,13071268.318549946,,,,2.410885628957689,,,,
frenzy_today,,,1786467600000.0,2026-08-11,LUNA2USDT,FRENZY,-3.111754740668514,True,2.3829221532674767,0.4274897960126759,41692749.31553,41692749.31553,,,,,,,,,,,,,
frenzy_today,,,1786487100000.0,2026-08-11,BTRUSDT,WIDE,-3.107770776618178,False,1.9788257010627663,0.4916746809633288,90892902.1068,90892902.10679999,1759508.81968325,5554039.026193541,,,16544585.707815317,,,,5.493815542559284,16.36518967154133,0.3167980655852771,22.416666666666668,
frenzy_today,,,1786490400000.0,2026-08-11,BMTUSDT,WIDE,2.9349937705844833,True,2.188781798047307,0.6767656953144969,83942464.36545001,83942464.36545001,,,,,17738661.623305317,,,,4.7321757496724075,,,,
frenzy_today,,,1786490700000.0,2026-08-11,HOLOUSDT,FRENZY,-3.1008409020991543,True,2.216660222425447,0.7471581326009537,47662692.97711,47662692.97711,,,,,69686144.8944275,,,,0.6839622574805596,,,,
frenzy_today,,,1786582800000.0,2026-08-13,BRUSDT,FRENZY,2.903171322319255,False,2.1026222468471327,0.5642381335929261,128917152.52263,128917152.52263,10620671.671654778,66004677.64730757,,,71372074.70454891,,,,1.8062688111042602,1.953151763144604,0.1609078636578723,1.0,
frenzy_today,,,1786612200000.0,2026-08-13,AVAAIUSDT,FRENZY,2.9049355373672605,True,2.772039002898101,0.9370089740014445,40795381.751354,40795381.751354,,,,,11935847.383986969,,,,3.417887347159343,,,,
frenzy_today,,,1786629300000.0,2026-08-13,BRUSDT,WIDE,2.900363721244982,False,1.3385904310568313,0.8692929052495368,130388625.83647,130388625.83647,10620671.671654778,66004677.64730757,,,77043983.20876633,,,,1.6923920649735298,1.9754452333392882,0.1609078636578723,13.916666666666666,
frenzy_today,,,1786648800000.0,2026-08-13,BRUSDT,FRENZY,2.901274599383942,True,1.9267214906740664,0.5617887760150195,129682843.16573,129682843.16573,10620671.671654778,66004677.64730757,,,82927329.72231257,,,,1.5638130830931278,1.9647523143538899,0.1609078636578723,19.333333333333332,
frenzy_today,,,1786677900000.0,2026-08-14,BRUSDT,FRENZY,-3.103483336277456,False,1.6097077541355351,0.7298568109403825,118617768.87474,118617768.87474,7580732.364950095,76464847.85853592,,,86971501.17058592,,,,1.3638693971957905,1.5512718876285383,0.09914009609977723,3.4166666666666665,
frenzy_today,,,1786692000000.0,2026-08-14,BRUSDT,WIDE,-3.1000192599801344,False,1.9261005146216252,0.9135014476187658,110603554.83711,110603554.83711,7580732.364950095,76464847.85853592,,,86176091.5164442,,,,1.2834598656171883,1.4464627594856727,0.09914009609977723,7.333333333333333,
frenzy_today,,,1786889700000.0,2026-08-16,DOLOUSDT,FRENZY,-3.1323031261690435,False,2.475025366329213,0.89385945091897,23161820.31366,23161820.313660003,,,,,17708408.70327933,,,,1.3079560508093977,,,,
frenzy_today,,,1786958700000.0,2026-08-17,GPSUSDT,FRENZY,2.9045963712858183,True,2.743261076651166,0.7351975612978348,165689369.473001,165689369.473001,,,,,101494151.14810386,,,,1.6325016525456841,,,,
frenzy_today,,,1786969200000.0,2026-08-17,PORTALUSDT,FRENZY,2.9331632172240565,False,2.254601217922706,0.8247148203554738,379659806.042668,379659806.042668,,,,,14967749.344477031,,,,25.365190003182352,,,,
frenzy_today,,,1787202000000.0,2026-08-20,REDUSDT,FRENZY,2.965996078132617,False,1.8822449268065595,0.4930446700628564,30276536.4598,30276536.4598,,,,,59805209.07603783,,,,0.5062524975258537,,,,
frenzy_today,,,1787240100000.0,2026-08-20,AVAAIUSDT,WIDE,2.9005275578929415,False,2.2436485681122935,0.4435767174004638,40150320.723912,40150320.723912,,,,,19191068.251360655,,,,2.0921357893177897,,,,
frenzy_today,,,1787250900000.0,2026-08-20,AVAAIUSDT,FRENZY,-3.1010465584755607,False,1.9914980922084664,0.813501661298153,66045510.581635,66045510.581635,,,,,19782515.61482598,,,,3.3385799797947477,,,,
frenzy_today,,,1787283300000.0,2026-08-21,ONTUSDT,FRENZY,-3.1029865044518976,False,2.132319305183182,0.7622099195437647,61611660.089674,61611660.089674,,,,,53401105.745212324,,,,1.1537525156058739,,,,
frenzy_today,,,1787340000000.0,2026-08-21,GPSUSDT,FRENZY,-3.1,False,2.014259241683864,0.7590003760839823,48428043.193247,48428043.193247005,,,,,94502258.83204153,,,,0.5124538163613418,,,,
frenzy_today,,,1787431200000.0,2026-08-22,STXUSDT,WIDE,-3.10811597659557,False,1.6875624876399389,0.9653646962626294,102142856.5496,102142856.5496,44241063.00509808,352125807.07950056,,,417512195.42661345,,,,0.24464640235294338,0.2900748950971915,0.12563993355678596,20.666666666666668,
frenzy_today,,,1787508900000.0,2026-08-23,SPKUSDT,FRENZY,2.9321725825878677,True,1.825575743052536,0.5281542022619292,28667921.11083,28667921.11083,,,,,106374124.99600215,,,,0.2695008876633056,,,,
frenzy_today,,,1787766900000.0,2026-08-26,EDENUSDT,WIDE,-3.1076615231289892,False,2.209802632935003,0.6801363574912294,70507415.18593,70507415.18593001,,,,,48285300.357524574,,,,1.4602252582848942,,,,
frenzy_today,,,1787901900000.0,2026-08-28,HEMIUSDT,WIDE,2.908193061999699,False,2.281591796697807,0.8463604352511969,162831434.98795003,162831434.98795,,,,,30508202.522712737,,,,5.33730018563779,,,,
frenzy_today,,,1787931300000.0,2026-08-28,HEMIUSDT,FRENZY,-3.1075237131038533,False,2.812932151947687,0.730703305670903,270185658.71953,270185658.71953,,,,,33032062.91322806,,,,8.179496976294844,,,,
frenzy_today,,,1787945100000.0,2026-08-28,BTRUSDT,FRENZY,-3.101430291380501,False,1.4454708819440194,0.3981330174718308,259001125.39446,259001125.39445996,79013121.20648418,45780405.23922357,,,79431539.50479665,,,,3.2606836907500654,5.657466858169134,1.7259157229737148,19.416666666666668,
frenzy_today,,,1787995500000.0,2026-08-29,BTRUSDT,WIDE,-3.1023016935297174,False,1.6211609727698548,0.988009932872929,197616190.26675,197616190.26674998,37776768.770725615,41213869.44388041,,,88536417.45465383,,,,2.2320328283891104,4.794895333374061,0.9166033007933171,9.416666666666666,
frenzy_today,,,1788054000000.0,2026-08-30,ZKPUSDT,FRENZY,2.9127943165073735,False,2.725490070539225,0.98499173926475,60922021.72856,60922021.72856001,,,,,17456487.07111604,,,,3.489935946469045,,,,
frenzy_today,,,1788059700000.0,2026-08-30,PROMUSDT,FRENZY,-3.1104986855386527,False,2.439378637486673,0.4591419454477063,413760907.3833,413760907.38330007,,,,,141962238.1974249,,,,2.914584277037733,,,,
frenzy_today,,,1788123300000.0,2026-08-30,ZORAUSDT,FRENZY,2.9005634790388215,False,1.8901041115618624,0.4656537572073631,22431819.027179003,22431819.027179,,,,,51574261.96262645,,,,0.4349421237173366,,,,
frenzy_today,,,1788140400000.0,2026-08-31,ZORAUSDT,WIDE,-3.1070166010264786,True,2.3261771646337053,0.5736488023127301,53245931.768785,53245931.768785,,,,,54509064.4263571,,,,0.9768271080990829,,,,
frenzy_today,,,1788260100000.0,2026-09-01,USELESSUSDT,WIDE,2.907300863022423,False,1.6892163999347318,0.81414658590172,227193702.06795,227193702.06795,,,,,99415950.13720877,,,,2.2852842200309804,,,,
frenzy_today,,,1788365700000.0,2026-09-02,USELESSUSDT,WIDE,-3.1010177717795004,False,2.144713938896935,0.7522948448495842,316538718.65639997,316538718.65639997,,,,,135916687.7066653,,,,2.3289172506878053,,,,
frenzy_today,,,1788449400000.0,2026-09-03,EDGEUSDT,WIDE,2.910389923490754,False,2.183102864405945,0.90805882834175,96096532.4421,96096532.4421,,,,,,,,,,,,,
frenzy_today,,,1788459600000.0,2026-09-03,FLOCKUSDT,FRENZY,-3.1232721405939565,False,2.4269204463869865,0.5219942663271726,26500474.98394,26500474.983939998,,,,,19843983.30595578,,,,1.3354413060802366,,,,
frenzy_today,,,1788492300000.0,2026-09-04,EDGEUSDT,FRENZY,2.913618587577839,False,2.529648133094806,0.4371392122490732,183038240.675,183038240.67499998,,,,,,,,,,,,,
frenzy_today,,,1788634200000.0,2026-09-05,SUSHIUSDT,FRENZY,2.936236480896494,False,2.311000524587403,0.852422309317781,31999788.7829,31999788.782899998,,,,,72833143.45259175,,,,0.4393575131592277,,,,
frenzy_today,,,1788765300000.0,2026-09-07,SOLVUSDT,FRENZY,2.9019861623846412,False,2.7217320908275946,0.7770094594003989,22998298.137647,22998298.137647,,,,,21615593.718616303,,,,1.063967913027522,,,,
frenzy_today,,,1788782400000.0,2026-09-07,SOLVUSDT,WIDE,2.915041027108757,False,1.642326520879472,0.7568279860054519,25088452.079805,25088452.079805005,,,,,25161858.773708448,,,,0.99708262038335,,,,
frenzy_today,,,1788789600000.0,2026-09-07,CATIUSDT,FRENZY,-3.1037018706088424,False,1.6798787212499493,0.5046926823167801,59222553.37556,59222553.37556,20637736.063842714,37821575.87492737,,,34807176.567592256,,,,1.7014466330113098,1.5658404496788758,0.5456603958568489,14.0,
frenzy_today,,,1788798900000.0,2026-09-07,SOLVUSDT,WIDE,-3.1177390548564707,False,1.541037485546735,0.4993403975429563,43274142.551268,43274142.551268,,,,,26630234.148082536,,,,1.6250004528925208,,,,
frenzy_today,,,1788813600000.0,2026-09-07,SOPHUSDT,FRENZY,2.9104905197630884,False,1.627727284693998,0.7584257947616887,84944187.545577,84944187.545577,,,,,22861564.60736172,,,,3.7155894185047984,,,,
frenzy_today,,,1788837600000.0,2026-09-08,IOSTUSDT,FRENZY,2.9088590492532,True,1.767499347231722,0.9809073605913302,186851854.6437492,186851854.6437492,,,,,35559134.18923962,,,,5.254679533234855,,,,
frenzy_today,,,1788848700000.0,2026-09-08,SOLVUSDT,FRENZY,2.9171645991114894,True,2.35921392065387,0.7698852452819749,68654042.165565,68654042.165565,,,,,26175868.937898852,,,,2.622798972918295,,,,
frenzy_today,,,1788877200000.0,2026-09-08,USELESSUSDT,FRENZY,2.9074422552818793,True,2.154088838997723,0.7328606405390925,272728288.15966,272728288.15966,,,,,293219894.04465854,,,,0.9301152264863802,,,,
frenzy_today,,,1788932700000.0,2026-09-09,RAYSOLUSDT,WIDE,2.904774565783043,False,1.293491733613478,0.7984391367655135,58725028.77318,58725028.77318,,,,,,,,,,,,,
frenzy_today,,,1788933600000.0,2026-09-09,USELESSUSDT,WIDE,2.9020473479195465,False,2.084127860740857,0.8705792779276218,483840125.39105,483840125.39105,,,,,326958796.42662567,,,,1.4798198754063214,,,,
frenzy_today,,,1788978600000.0,2026-09-09,RAYSOLUSDT,FRENZY,-3.1018420566428437,True,1.542159925970838,0.5002794769066253,197001114.22169,197001114.22169,,,,,,,,,,,,,
frenzy_today,,,1789017600000.0,2026-09-10,RAYSOLUSDT,FRENZY,2.9024701682212286,False,1.4247825594169403,0.7531004679179689,221687985.91603,221687985.91603,,,,,,,,,,,,,
frenzy_today,,,1789077000000.0,2026-09-10,SAGAUSDT,FRENZY,-3.1422276006420766,True,2.6764114793624736,0.4458032938345664,82943406.07334301,82943406.073343,,,,,19819094.54080049,,,,4.185024997110333,,,,
frenzy_today,,,1789107000000.0,2026-09-11,LSKUSDT,FRENZY,2.9025546242390967,False,1.7405056605377784,0.4471436388165851,40211036.35478,40211036.35478,,,,,29226454.73345692,,,,1.3758437936281238,,,,
frenzy_today,,,1789246200000.0,2026-09-12,GRIFFAINUSDT,WIDE,-3.1123064614901983,False,1.8205451249758875,0.4022099405541277,70114921.126193,70114921.126193,,,,,16616043.437777715,,,,4.219712194949005,,,,
frenzy_today,,,1789284600000.0,2026-09-13,PUNDIXUSDT,WIDE,-3.1070601223315606,False,2.2994363420507575,0.3400202965256172,28628445.94376,28628445.943759996,,,,,33344717.9535297,,,,0.8585601468771619,,,,
frenzy_today,,,1789299600000.0,2026-09-13,PUNDIXUSDT,WIDE,-3.105132391582109,False,2.1446178457041993,0.5030796003962701,36426612.69793,36426612.69793,,,,,33099706.877221767,,,,1.1005116399685615,,,,
frenzy_today,,,1789356000000.0,2026-09-14,REZUSDT,FRENZY,-3.1145805740931607,False,2.1886666095267087,0.5995518574187323,105816905.229157,105816905.229157,,,,,44872339.69603729,,,,2.358176684031962,,,,
frenzy_today,,,1789439100000.0,2026-09-15,BRUSDT,FRENZY,2.901242631035862,False,2.9697610200406612,0.7141543094354551,533302189.70534,533302189.7053401,23979943.61859949,158358627.88746575,,,167465615.70617798,,,,3.184547391752527,3.3676863510355757,0.15142808408039715,2.4166666666666665,
frenzy_today,,,1789439400000.0,2026-09-15,HIVEUSDT,FRENZY,-3.112969374091011,False,2.548217331129771,0.5311441593987479,26046436.81131,26046436.81131,,,,,34554950.689824454,,,,0.7537686001959774,,,,
frenzy_today,,,1789886400000.0,2026-09-20,SKLUSDT,FRENZY,-3.1,False,2.958597166544865,0.7200666730403233,36775957.370796,36775957.370796,,,,,30795580.955636214,,,,1.1941959277785685,,,,
frenzy_today,,,1789919700000.0,2026-09-20,SAGAUSDT,FRENZY,-3.1088199313114893,False,2.74754859919334,0.5429817578727347,41576987.177558005,41576987.177558005,,,,,34794461.60044483,,,,1.194931183445197,,,,
frenzy_today,,,1789992600000.0,2026-09-21,ZETAUSDT,FRENZY,2.9018440423474803,False,2.650447449766046,0.7603935013436315,190438565.06251,190438565.06251,,,,,109210756.23857583,,,,1.7437711414294061,,,,
frenzy_today,,,1790009700000.0,2026-09-21,SAGAUSDT,FRENZY,2.924366019659509,False,2.7404753463011584,0.4820334062720207,195587242.443948,195587242.443948,,,,,40399648.42361679,,,,4.8413105082768935,,,,
frenzy_today,,,1790088600000.0,2026-09-22,BROCCOLI714USDT,FRENZY,2.9180051265437226,False,2.817593489856252,0.7714777475472762,28258437.14716,28258437.147160005,,,,,25087645.103238095,,,,1.1263885881227111,,,,
frenzy_today,,,1790133300000.0,2026-09-23,NILUSDT,WIDE,-3.1012602972974244,False,2.5139763658901875,0.6182901041225674,107953209.503182,107953209.503182,,,,,59711698.07774288,,,,1.807907210453638,,,,
frenzy_today,,,1790253000000.0,2026-09-24,BROCCOLI714USDT,WIDE,2.900728088106509,True,2.3800473015098187,0.98240847215295,37950497.78907,37950497.789069995,,,,,29091198.977904763,,,,1.30453536197989,,,,
frenzy_today,,,1790318100000.0,2026-09-25,PHAUSDT,FRENZY,2.906867274960835,False,2.0735790049074447,0.5637997937284571,27407783.03262,27407783.032619998,,,,,47635736.639148936,,,,0.5753617969685221,,,,
frenzy_today,,,1790330400000.0,2026-09-25,PHAUSDT,FRENZY,2.901573784465318,False,2.3584997105481844,0.8615674053227406,46564541.07694,46564541.07694,,,,,51543958.28496612,,,,0.9033947455005901,,,,
frenzy_today,,,1790337300000.0,2026-09-25,PHAUSDT,FRENZY,2.90528209360479,False,2.4492952946385023,0.9393386059825805,60970525.10417,60970525.104169995,,,,,53532351.753890656,,,,1.1389472553807378,,,,
frenzy_today,,,1790378700000.0,2026-09-25,ARKUSDT,WIDE,-3.1288686865525537,False,2.055036318208604,0.7907308294603832,143160162.4672,143160162.46719998,19674063.258477546,38598446.2219991,,,50767637.6327831,,,,2.819909870589578,3.7089617971618285,0.5097112755607337,23.416666666666668,
frenzy_today,,,1790393100000.0,2026-09-26,ARKUSDT,FRENZY,2.915357873553105,True,2.1039382909492996,0.7085190108258181,149489844.5931,149489844.5931,73178491.43137713,50639321.38649326,,,54062940.626256436,,,,2.7651075369085296,2.9520507088187915,1.445092260870929,3.4166666666666665,
frenzy_today,,,1790413800000.0,2026-09-26,2ZUSDT,FRENZY,2.9025005648086313,False,1.9565783658811748,0.9089888650378364,44270019.04767,44270019.04767001,,,,,384260472.8404596,,,,0.11520836041351148,,,,
frenzy_today,,,1790431200000.0,2026-09-26,MUBARAKUSDT,FRENZY,2.9008769938954084,True,2.576680846614128,0.8744832813961158,214859388.26427,214859388.26427,,,,,59600000.00000001,,,,3.605023293024664,,,,
frenzy_today,,,1790434500000.0,2026-09-26,2ZUSDT,FRENZY,-3.1083150978857708,True,1.3098017512773836,0.9677523967497926,108746340.57364,108746340.57364,,,,,385101535.434912,,,,0.28238355490021094,,,,
frenzy_today,,,1790460900000.0,2026-09-26,RAREUSDT,FRENZY,-3.120235278064752,False,1.7604220651749989,0.5546684966067076,405059207.28371,405059207.28371,,,,,21550000.0,,,,18.796250918037586,,,,
frenzy_today,,,1790483700000.0,2026-09-27,SOONUSDT,FRENZY,-3.128160841315407,False,2.512178300971016,0.9925884960132072,52872976.1291,52872976.1291,,,,,177222586.86424682,,,,0.2983421981623646,,,,
frenzy_today,,,1790526600000.0,2026-09-27,SOONUSDT,FRENZY,2.916331266516782,False,2.971748677616752,0.7216369897976626,200245792.3626,200245792.36260003,,,,,203033466.1819115,,,,0.9862698801742674,,,,
frenzy_today_bear,,,1768099800000.0,2026-01-11,HYPERUSDT,FRENZY,2.941110095667778,False,2.1214003212300914,0.3972380781073713,46549347.348,46549347.348000005,,,,,66163608.86537173,,,,0.7035490981563235,,,,
frenzy_today_bear,,,1768199700000.0,2026-01-12,1000WHYUSDT,FRENZY,-3.3258870000694594,False,1.736012919904382,0.5445556852417271,32365760.2808586,32365760.280858602,,,,,,,,,,,,,
frenzy_today_bear,,,1768303800000.0,2026-01-13,DASHUSDT,WIDE,2.902123963673421,False,2.3950057011377957,0.6345223916196859,396795633.55146,396795633.55146,,,,,808262266.5048673,,,,0.49092435709921955,,,,
frenzy_today_bear,,,1768325100000.0,2026-01-13,IPUSDT,WIDE,-3.103095640809604,False,2.708980263870114,0.384049519379224,952209069.7469,952209069.7469,,,,,,,,,,,,,
frenzy_today_bear,,,1768356000000.0,2026-01-14,PLAYUSDT,WIDE,-3.103521268984498,False,1.373537462968392,0.5762387420303399,125202461.90391,125202461.90391,,,,,83104060.22484791,,,,1.5065745472021446,,,,
frenzy_today_bear,,,1768383900000.0,2026-01-14,BERAUSDT,FRENZY,2.910152146616053,False,1.5449486366548546,0.4950498880976349,150137485.93294,150137485.93293998,22627435.389973525,142072905.2155624,,,264405434.31579486,,,,0.5678305603720005,1.0567636785152064,0.15926636648727416,9.75,
frenzy_today_bear,,,1768466100000.0,2026-01-15,DASHUSDT,WIDE,-3.1099875813787023,False,2.289354856155849,0.9469622624496316,2004574530.71049,2004574530.7104897,,,,,1039525454.4358441,,,,1.9283554069374693,,,,
frenzy_today_bear,,,1768484400000.0,2026-01-15,FHEUSDT,FRENZY,2.907799446509475,False,2.4451680313327517,0.52386604256529,128244239.79758,128244239.79758,,,,,39700097.42577142,,,,3.230325568781348,,,,
frenzy_today_bear,,,1768607400000.0,2026-01-16,XAIUSDT,FRENZY,2.905237313856325,False,1.3367803174585902,0.7946248530846609,90767040.15784,90767040.15784,,,,,44436594.6491243,,,,2.0426191717557436,,,,
frenzy_today_bear,,,1768653000000.0,2026-01-17,FHEUSDT,WIDE,-3.101592039716893,False,2.35859154331914,0.8655557588114547,180399169.11326,180399169.11325997,,,,,77296878.43163444,,,,2.333848051481339,,,,
frenzy_today_bear,,,1768654500000.0,2026-01-17,BERAUSDT,FRENZY,2.9052117062768237,False,1.526376354307927,0.8717857340832174,207319621.74719,207319621.74719,71981024.0623118,121176526.8724685,,,298299063.98034614,,,,0.6950059412886711,1.7108892877032387,0.5940178838271853,12.916666666666666,
frenzy_today_bear,,,1768665000000.0,2026-01-17,BTRUSDT,FRENZY,-3.1047002751466644,False,0.5538999049330542,0.7794692393749553,50125944.85249,50125944.85249001,28282247.104127295,15406495.52416639,,,34072692.990962796,,,,1.4711471401977256,3.2535591740420933,1.8357352624264356,15.833333333333334,
frenzy_today_bear,,,1768711500000.0,2026-01-18,DUSKUSDT,FRENZY,-3.1023902555631575,False,1.7375835412029708,0.5404326711769939,547749754.4435699,547749754.44357,,,,,62894432.95514917,,,,8.709033990880837,,,,
frenzy_today_bear,,,1768729500000.0,2026-01-18,DUSKUSDT,WIDE,2.9068023789050614,False,1.811342808459084,0.4840024093166385,424593342.71094,424593342.71094,,,,,61711151.21268941,,,,6.88033417570782,,,,
frenzy_today_bear,,,1769073900000.0,2026-01-22,AXSUSDT,FRENZY,2.926040057842162,False,1.1277203705699468,0.7160521022754747,724838801.074,724838801.074,762404166.7772088,404533549.1841787,,,661255970.1492537,,,,1.096154641765117,1.7917890927360158,1.884650032895285,9.416666666666666,
frenzy_today_bear,,,1769127000000.0,2026-01-23,AXSUSDT,WIDE,2.9280441888569055,False,1.4123273657514626,0.8520195325946851,643143976.217,643143976.217,661849920.7474527,460593376.72247046,,,730063432.8358209,,,,0.880942596616303,1.3963378735350878,1.436950582001636,0.16666666666666666,
frenzy_today_bear,,,1769148600000.0,2026-01-23,AXSUSDT,FRENZY,2.926370552682457,False,1.5072850107291358,0.996284468755689,652317335.197,652317335.197,661849920.7474527,460593376.72247046,,,692679850.7462686,,,,0.941729912446878,1.416254267134311,1.436950582001636,6.166666666666667,
frenzy_today_bear,,,1769166900000.0,2026-01-23,ENSOUSDT,FRENZY,-3.1111353523801664,False,2.130223013448126,0.8981273772344209,166682551.47324,166682551.47324002,,,,,24407619.256361887,,,,6.82911961721928,,,,
frenzy_today_bear,,,1769176200000.0,2026-01-23,AXSUSDT,FRENZY,2.9078068062573084,False,1.4502755327772323,0.8144069913518719,685897395.822,685897395.822,661849920.7474527,460593376.72247046,,,778282835.8208957,,,,0.8812958018000592,1.4891603537653257,1.436950582001636,13.833333333333334,
frenzy_today_bear,,,1769197800000.0,2026-01-23,KAIAUSDT,FRENZY,2.904173779613829,False,1.3351686273631993,0.5806704988688252,67436836.25756,67436836.25756,,,,,433518947.8385721,,,,0.1555568368897943,,,,
frenzy_today_bear,,,1769217300000.0,2026-01-24,ENSOUSDT,FRENZY,2.911317890191524,False,2.2323199536968494,0.5761085246729877,244219964.71305,244219964.71305,,,,,25371389.105874237,,,,9.62580187052138,,,,
frenzy_today_bear,,,1769268000000.0,2026-01-24,ORDERUSDT,FRENZY,-3.103738579023284,False,2.291940456468033,0.6369398741980095,21077445.90266,21077445.90266,,,,,56013707.64488837,,,,0.3762908543081144,,,,
frenzy_today_bear,,,1769296200000.0,2026-01-24,SOMIUSDT,FRENZY,2.9226103115675097,False,1.6191532982045338,0.9290384734853692,422772637.4693,422772637.46930003,,,,,97066135.46380526,,,,4.355511172348534,,,,
frenzy_today_bear,,,1769393400000.0,2026-01-26,TAIKOUSDT,WIDE,-3.14082073335331,False,2.9354627279721472,0.9225035229831304,57496095.6373,57496095.6373,,,,,211653522.5809323,,,,0.2716519665545117,,,,
frenzy_today_bear,,,1769484000000.0,2026-01-27,ENSOUSDT,FRENZY,-3.1048658067253196,False,2.1331716255681252,0.541079208713194,300925073.86844,300925073.86844003,,,,,43603194.81735483,,,,6.901445527763636,,,,
frenzy_today_bear,,,1769549400000.0,2026-01-27,BTRUSDT,WIDE,2.900708972690881,False,1.8384717751665536,0.5002989351262281,456016411.70581,456016411.70580995,83159315.73582466,37007675.27527494,,,65209428.011998385,,,,6.993105531026955,12.32221176590569,2.247082939343232,21.5,
frenzy_today_bear,,,1769600700000.0,2026-01-28,JTOUSDT,FRENZY,2.908357085745551,False,2.4668966053974,0.8079017429665355,113650355.5881,113650355.5881,,,,,460837580.488796,,,,0.2466169435824974,,,,
frenzy_today_bear,,,1769605500000.0,2026-01-28,SOMIUSDT,FRENZY,2.919297678872669,False,1.90348965124092,0.7898518257913515,299485159.0591,299485159.0591,,,,,94190321.43204314,,,,3.1795746580520365,,,,
frenzy_today_bear,,,1769618700000.0,2026-01-28,PLAYUSDT,WIDE,2.906574464902413,False,2.1332212862562616,0.7237670849121037,87486101.19308,87486101.19308001,,,,,119556872.67734995,,,,0.7317530078691515,,,,
frenzy_today_bear,,,1769630700000.0,2026-01-28,PLAYUSDT,WIDE,2.9028695722922673,False,1.6064444402314777,0.9681329731625958,129405883.01149,129405883.01149,,,,,126315534.01539299,,,,1.024465312363881,,,,
frenzy_today_bear,,,1769687400000.0,2026-01-29,PLAYUSDT,FRENZY,-3.102143643467535,False,1.9296241103788456,0.8463817157374907,283868521.71437997,283868521.71438,,,,,133348937.68425079,,,,2.1287647779132355,,,,
frenzy_today_bear,,,1769773500000.0,2026-01-30,ENSOUSDT,FRENZY,2.903235781526116,False,2.124430578233218,0.9164224629904916,89107025.82514,89107025.82514,,,,,40708928.91958614,,,,2.188881608778173,,,,
frenzy_today_bear,,,1769812800000.0,2026-01-30,ENSOUSDT,WIDE,2.900250229655678,False,1.4649816063266,0.26758974793889,380265520.05384,380265520.05384004,,,,,48590555.97111966,,,,7.825914160765214,,,,
frenzy_today_bear,,,1770021300000.0,2026-02-02,AUCTIONUSDT,FRENZY,2.907113579187183,False,2.847521918001148,0.4536069416794684,71497291.15881999,71497291.15882,16842741.718936596,33742235.27071576,,,43645591.92000001,,,,1.6381331541996416,2.1189257494411207,0.4991590386293729,8.583333333333334,
frenzy_today_bear,,,1770031200000.0,2026-02-02,FUSDT,FRENZY,2.9101567109417483,False,2.142449787743319,0.5480319813260637,51528200.645815,51528200.645815,,,,,32566869.347754728,,,,1.5822276343356145,,,,
frenzy_today_bear,,,1770123600000.0,2026-02-03,ANKRUSDT,FRENZY,-3.112234177894456,False,1.6046146997017527,0.5533708878968282,39664056.234419,39664056.234419,11464334.34058864,58113042.32033147,,,60660153.09376994,,,,0.653873328890307,0.6825327783698241,0.19727644402774144,13.0,
frenzy_today_bear,,,1770125700000.0,2026-02-03,CHESSUSDT,WIDE,1.9,False,2.7238837079058213,0.829585902612208,24774304.26024,24774304.260239996,,,,,,,,,,,,,
frenzy_today_bear,,,1770460800000.0,2026-02-07,LAUSDT,FRENZY,2.9305673009347513,False,2.316749352487428,0.495796162917619,428508769.09137,428508769.09137,,,,,115560515.99102288,,,,3.708089786693735,,,,
frenzy_today_bear,,,1770639000000.0,2026-02-09,GPSUSDT,WIDE,-3.1061614458472095,False,2.312401395500691,0.8998803989421531,103539985.871722,103539985.871722,,,,,86439240.15552983,,,,1.1978354470194654,,,,
frenzy_today_bear,,,1770666300000.0,2026-02-09,GPSUSDT,WIDE,2.9057653310334843,False,2.205469875760739,0.7689541257117546,373112304.606026,373112304.606026,,,,,97676209.9492014,,,,3.819889252460461,,,,
frenzy_today_bear,,,1770837900000.0,2026-02-11,TAKEUSDT,WIDE,2.9507963406620665,False,2.2806636257331023,0.5486296767544104,28764856.10216,28764856.10216,,,,,10503668.388533346,,,,2.7385533356671887,,,,
frenzy_today_bear,,,1771016100000.0,2026-02-13,COMPUSDT,FRENZY,-3.1420266634666336,False,1.898120952536451,0.3815016784313072,72534073.43059,72534073.43059,,,,,215843665.28431818,,,,0.3360491183980087,,,,
frenzy_today_bear,,,1771025700000.0,2026-02-13,NAORISUSDT,WIDE,1.9,False,2.7252696855023393,0.5180246250498811,39278763.68805,39278763.68805,,,,,61856601.99537502,,,,0.6349971130161151,,,,
frenzy_today_bear,,,1771277400000.0,2026-02-16,OGNUSDT,FRENZY,-3.1529647515110657,False,2.958592369068933,0.5857063240572588,21525190.9035,21525190.9035,,,,,38407706.088222966,,,,0.5604393778179925,,,,
frenzy_today_bear,,,1771285200000.0,2026-02-16,RPLUSDT,FRENZY,-3.127895105219379,False,2.3862490006110457,0.4678136957913237,173948212.0724,173948212.07239997,,,,,61544643.47085025,,,,2.8263745187635716,,,,
frenzy_today_bear,,,1771388100000.0,2026-02-18,ORCAUSDT,FRENZY,-3.171257741241927,False,1.5192437682114284,0.8924682258835666,561269424.7895,561269424.7895,,,,,71751955.34868814,,,,7.822357203534549,,,,
frenzy_today_bear,,,1771396500000.0,2026-02-18,CYBERUSDT,WIDE,-3.1103103475874736,False,1.2305075394386005,0.8115348187856178,120239193.82872,120239193.82872,,,,,56946590.09613473,,,,2.1114379917346673,,,,
frenzy_today_bear,,,1771397100000.0,2026-02-18,ORCAUSDT,FRENZY,2.9241879573663767,False,1.1716490309785992,0.6865935872635499,572158295.8666999,572158295.8666999,,,,,70834411.16264352,,,,8.077405973672347,,,,
frenzy_today_bear,,,1771407300000.0,2026-02-18,ORCAUSDT,WIDE,2.9088225037584805,False,1.0311202354677895,0.501069034575233,504527486.8522,504527486.85220003,,,,,73158856.43395653,,,,6.896328229346469,,,,
frenzy_today_bear,,,1771407600000.0,2026-02-18,NAORISUSDT,WIDE,2.9171491188501277,False,2.038964061508739,0.4347909314969244,36386081.914919995,36386081.91492,,,,,80481881.4383274,,,,0.45210277474442934,,,,
frenzy_today_bear,,,1771469400000.0,2026-02-19,RPLUSDT,FRENZY,2.9107763081345452,False,1.4339433251625937,0.697932018966321,35866465.175400004,35866465.1754,,,,,53099134.56763577,,,,0.6754623303646237,,,,
frenzy_today_bear,,,1771579800000.0,2026-02-20,BIOUSDT,WIDE,-3.120402347251171,False,2.7300821265448887,0.8339211945082425,82288816.40824999,82288816.40825002,,,,,81984247.97440702,,,,1.0037149628296655,,,,
frenzy_today_bear,,,1771616700000.0,2026-02-20,RPLUSDT,FRENZY,-3.138020681932606,False,1.7241612622838698,0.4333491844293571,30883058.1748,30883058.1748,,,,,58912574.30047175,,,,0.5242184464268556,,,,
frenzy_today_bear,,,1771756800000.0,2026-02-22,AGLDUSDT,FRENZY,-3.1138115370433193,False,2.8778196319671068,0.4792995184894044,172111338.3216,172111338.32159996,64885154.27624447,23132695.99388106,,,32948636.41961694,,,,5.223625528221508,7.4401763792307625,2.804911035592546,10.666666666666666,
frenzy_today_bear,,,1771993200000.0,2026-02-25,STEEMUSDT,FRENZY,2.909868491259916,False,1.797478659434056,0.6183012757438477,147800053.02315,147800053.02315,,,,,33509632.342723917,,,,4.410673668738189,,,,
frenzy_today_bear,,,1772020800000.0,2026-02-25,STEEMUSDT,FRENZY,-3.115079289865118,False,1.508216206504602,0.6472630252591935,103319095.75275,103319095.75275,,,,,32768591.72130667,,,,3.1529916400273694,,,,
frenzy_today_bear,,,1772043000000.0,2026-02-25,GRIFFAINUSDT,WIDE,2.990910887151378,False,2.4571229857778,0.591018149056356,20030349.48072,20030349.48072,,,,,10091608.125093201,,,,1.98485209021481,,,,
frenzy_today_bear,,,1772185800000.0,2026-02-27,SAHARAUSDT,FRENZY,2.9319058791929655,False,2.6152391470254894,0.9099685649308072,61322053.15598,61322053.15597999,,,,,100365919.55345117,,,,0.6109848186397788,,,,
frenzy_today_bear,,,1772240400000.0,2026-02-28,ATHUSDT,FRENZY,-3.1026215716089864,False,1.7068901701990185,0.6978728825583554,72954474.34375,72954474.34375,101922051.41425714,110072349.81471637,,,128339367.20933536,,,,0.5684496965358523,0.66278656235243,0.9259550794165969,1.0,
frenzy_today_bear,,,1772295600000.0,2026-02-28,SKYAIUSDT,FRENZY,2.902253316154725,False,1.5399840382856178,0.6616278355975429,31180582.17789,31180582.177890003,,,,,,,,,,,,,
frenzy_today_bear,,,1772384700000.0,2026-03-01,HIPPOUSDT,FRENZY,2.905050196337268,False,2.031108954913697,0.8163520366738926,26834574.1985737,26834574.198573697,,,,,,,,,,,,,
frenzy_today_bear,,,1772431500000.0,2026-03-02,SAHARAUSDT,FRENZY,-3.1251810854870596,False,1.238115385811916,0.8019052028255945,300896913.03384995,300896913.03384995,,,,,122619449.29998118,,,,2.4539085336921027,,,,
frenzy_today_bear,,,1772472300000.0,2026-03-02,FORMUSDT,FRENZY,2.9361347849335986,False,2.6995810449813264,0.5541723883764532,40909505.190500006,40909505.1905,,,,,104902953.84567635,,,,0.38997476897249556,,,,
frenzy_today_bear,,,1772486100000.0,2026-03-02,SAHARAUSDT,WIDE,2.92538140810812,False,1.223176265722272,0.5245996092560147,261626790.22354,261626790.22354,,,,,130220654.96621169,,,,2.0091036271582587,,,,
frenzy_today_bear,,,1772511000000.0,2026-03-03,SAHARAUSDT,WIDE,2.930666919970905,False,1.800969946446202,0.9121202490578206,265268983.65981,265268983.65981004,,,,,143972836.27024707,,,,1.8424932822875117,,,,
frenzy_today_bear,,,1772695800000.0,2026-03-05,BARDUSDT,WIDE,-3.100571837217224,False,1.807496752701003,0.6260326804508239,300853450.86,300853450.86,,,,,552822422.985782,,,,0.544213545527146,,,,
frenzy_today_bear,,,1772718300000.0,2026-03-05,BARDUSDT,FRENZY,2.900129897195215,False,1.7746868199608932,0.8728777406727277,481584949.7223999,481584949.72239995,,,,,507137031.9905214,,,,0.9496150336964566,,,,
frenzy_today_bear,,,1772737200000.0,2026-03-05,BARDUSDT,WIDE,2.904136069826625,False,1.4970228854240806,0.4865903875451347,519899075.6018,519899075.60179996,,,,,586429647.5118483,,,,0.8865497810481962,,,,
frenzy_today_bear,,,1772739000000.0,2026-03-05,HUMAUSDT,FRENZY,-3.1019830201649987,False,2.581025169175703,0.7323354921407806,164565780.044579,164565780.044579,,,,,63866359.3768437,,,,2.576720853517859,,,,
frenzy_today_bear,,,1772767800000.0,2026-03-06,PHAUSDT,FRENZY,-3.1178776584196752,False,1.5201834788080302,0.5848586460168829,201855814.00958,201855814.00958002,,,,,39776440.039994635,,,,5.074758168569558,,,,
frenzy_today_bear,,,1773067500000.0,2026-03-09,PHAUSDT,FRENZY,-3.1,False,1.6907378600724725,0.6167161516639155,42583760.06665,42583760.06665,,,,,33322731.927493896,,,,1.2779192342124575,,,,
frenzy_today_bear,,,1773106200000.0,2026-03-10,DOGSUSDT,FRENZY,-3.341865600346249,False,2.2183162560560796,0.7713650552249959,82303744.43289651,82303744.43289651,,,,,18982168.709292296,,,,4.3358451657110475,,,,
frenzy_today_bear,,,1773134400000.0,2026-03-10,FLOWUSDT,WIDE,2.9097337962704652,False,1.4479404953184525,0.8415966928896594,200165433.941234,200165433.941234,,,,,113113349.59751493,,,,1.7696004463971031,,,,
frenzy_today_bear,,,1773161100000.0,2026-03-10,FLOWUSDT,FRENZY,2.9118545459731595,False,1.6769680059668188,0.3727502632130846,315330535.892651,315330535.892651,,,,,121745102.87910387,,,,2.590088048188539,,,,
frenzy_today_bear,,,1773163800000.0,2026-03-10,PLAYUSDT,WIDE,2.9266491275423703,False,2.084745171702074,0.9138017602637062,43182340.69589,43182340.69589,,,,,36947348.647968605,,,,1.1687534363379604,,,,
frenzy_today_bear,,,1773189000000.0,2026-03-11,PLAYUSDT,WIDE,2.911838368832155,False,1.8966194828398772,0.6777135553475574,93902692.38667,93902692.38667,,,,,40024462.7530939,,,,2.346132488172157,,,,
frenzy_today_bear,,,1773202200000.0,2026-03-11,PIXELUSDT,FRENZY,2.9077897952260803,False,2.3584288287382247,0.6502118878727227,398842888.240479,398842888.240479,,,,,31528088.490836103,,,,12.650398655040757,,,,
frenzy_today_bear,,,1773205500000.0,2026-03-11,DEGOUSDT,FRENZY,2.9061725613288805,False,1.4390030607099369,0.92797137137894,126261774.01866,126261774.01866001,,,,,,,,,,,,,
frenzy_today_bear,,,1773213300000.0,2026-03-11,XAIUSDT,FRENZY,-3.159498886411759,False,1.7975515858842082,0.7655925587441541,32617266.27172,32617266.271720003,,,,,26298346.21480049,,,,1.2402782291064098,,,,
frenzy_today_bear,,,1773279600000.0,2026-03-12,ACXUSDT,FRENZY,2.9106451522713086,False,2.341653898845481,0.912009791846717,325384754.579005,325384754.57900506,,,,,,,,,,,,,
frenzy_today_bear,,,1773332400000.0,2026-03-12,OXTUSDT,FRENZY,6.42442656979763,False,2.4322246566313392,0.5327606522023831,24704123.1567,24704123.1567,,,,,,,,,,,,,
frenzy_today_bear,,,1773416100000.0,2026-03-13,PIXELUSDT,FRENZY,-3.1022230997673303,False,2.332097280781889,0.8873195191656932,731824931.201085,731824931.2010851,,,,,50860169.223304436,,,,14.388959816235895,,,,
frenzy_today_bear,,,1773422100000.0,2026-03-13,BANANAS31USDT,FRENZY,-3.1055971145100933,False,2.790693879764043,0.5621522674535706,66367119.241705,66367119.241705,26217087.98652999,78097081.30308953,,,97841564.57671194,,,,0.6783121215285797,0.8498028112489718,0.3356986912837784,17.25,
frenzy_today_bear,,,1773444300000.0,2026-03-13,BANANAS31USDT,FRENZY,2.901848972906353,False,1.7699531580068688,0.852627774674543,148274319.979397,148274319.979397,26217087.98652999,78097081.30308953,,,110589128.86449002,,,,1.340767591732135,1.8985897744879134,0.3356986912837784,23.416666666666668,
frenzy_today_bear,,,1773467400000.0,2026-03-14,TAGUSDT,WIDE,2.916437415500829,False,1.0838692898782127,0.652007926196564,35078165.242573895,35078165.2425739,,,,,63791803.745569,,,,0.5498851448452803,,,,
frenzy_today_bear,,,1773510600000.0,2026-03-14,CUSDT,WIDE,2.9285969869765407,False,1.6053459955760483,0.5580945408772152,27342672.64213,27342672.64213,,,,,30012464.26775832,,,,0.9110439048986585,,,,
frenzy_today_bear,,,1773525600000.0,2026-03-14,CUSDT,FRENZY,2.9058512331434208,False,2.3291744999594934,0.6277942743660884,140030411.67512,140030411.67512,,,,,33996224.92518297,,,,4.118998858940699,,,,
frenzy_today_bear,,,1773563100000.0,2026-03-15,COSUSDT,FRENZY,-3.135368528331116,False,2.4378018238254726,0.9396298976002796,720538505.997183,720538505.9971831,,,,,,,,,,,,,
frenzy_today_bear,,,1773604200000.0,2026-03-15,REZUSDT,FRENZY,2.9093643532242655,False,2.628457202045297,0.974268555522514,72289223.686681,72289223.686681,,,,,41011448.801357426,,,,1.76265959383245,,,,
frenzy_today_bear,,,1773680100000.0,2026-03-16,DEGOUSDT,FRENZY,2.9058883543653615,False,2.2158730808612948,0.7339775819902852,59477391.718990006,59477391.71899,,,,,,,,,,,,,
frenzy_today_bear,,,1773700200000.0,2026-03-16,XANUSDT,WIDE,2.905403146348641,False,1.5561580794805805,0.7502157560337959,117981855.325983,117981855.32598299,60232276.87909369,26176991.225055397,,,29704337.76462975,,,,3.9718729385870746,4.507082357618558,2.300962565225684,22.5,
frenzy_today_bear,,,1773713700000.0,2026-03-17,ANIMEUSDT,WIDE,2.9051601893188352,False,2.068607488378741,0.8692470285567742,32169513.664235,32169513.664235,9720240.073278679,35500069.8892541,,,48713072.24723137,,,,0.660387698418331,0.9061816994893505,0.2738090404780021,2.25,
frenzy_today_bear,,,1773735300000.0,2026-03-17,ANIMEUSDT,FRENZY,2.911610213385997,False,1.9186151284679949,0.8200324229271466,196247755.113605,196247755.113605,9720240.073278679,35500069.8892541,,,52665826.91148366,,,,3.726282612887516,5.528094894624682,0.2738090404780021,8.25,
frenzy_today_bear,,,1773767700000.0,2026-03-17,VANRYUSDT,FRENZY,-3.105902972951234,False,2.559961219389149,0.6775232358247707,75008973.22589901,75008973.225899,,,,,,,,,,,,,
frenzy_today_bear,,,1773785400000.0,2026-03-17,VANRYUSDT,FRENZY,2.9126596689197606,False,1.8259507416406944,0.9063867524212156,118107398.131925,118107398.13192502,,,,,,,,,,,,,
frenzy_today_bear,,,1774072500000.0,2026-03-21,PIXELUSDT,FRENZY,-3.1095643706118157,False,1.2785046783580047,0.8623432628530951,71603455.545237,71603455.545237,,,,,35353468.74011028,,,,2.025358701620113,,,,
frenzy_today_bear,,,1774353300000.0,2026-03-24,ONTUSDT,WIDE,2.918809423607517,False,2.6525865276938165,0.6774528903031851,90347840.82104,90347840.82103999,,,,,57690391.34054954,,,,1.5660812610493788,,,,
frenzy_today_bear,,,1774490700000.0,2026-03-26,SUPERUSDT,FRENZY,-3.106971999302309,False,2.0907308781655325,0.8526702886390913,35924338.852299996,35924338.852299996,,,,,87490583.09591725,,,,0.41060806296050856,,,,
frenzy_today_bear,,,1774550400000.0,2026-03-26,STOUSDT,FRENZY,-3.1058647127845327,False,1.3663995439797043,0.8166448792269007,64156105.81199,64156105.81198999,,,,,45204587.24098209,,,,1.4192388367574036,,,,
frenzy_today_bear,,,1774756800000.0,2026-03-29,STOUSDT,WIDE,-3.109299857731039,False,2.063615435982359,0.9383906703403652,53596324.39924,53596324.399239995,,,,,66425591.40640513,,,,0.8068625851040889,,,,
frenzy_today_bear,,,1774924800000.0,2026-03-31,GUSDT,FRENZY,2.9203439111594967,False,1.722879539916742,0.5632905451275595,29608760.277679,29608760.277679004,,,,,45205136.45028835,,,,0.6549866365349759,,,,
frenzy_today_bear,,,1774929600000.0,2026-03-31,GUSDT,FRENZY,2.903520753250112,False,1.7112707842453132,0.6099418592687484,45329379.620914,45329379.620914,,,,,46833949.362860434,,,,0.9678743782573338,,,,
frenzy_today_bear,,,1774941000000.0,2026-03-31,ONTUSDT,FRENZY,-3.175069647640348,False,1.269472905180214,0.7829190385668847,372611105.20006,372611105.20006,,,,,80286627.81015821,,,,4.6410107805389185,,,,
frenzy_today_bear,,,1774958100000.0,2026-03-31,KERNELUSDT,WIDE,2.902134397766988,False,1.9289556761952789,0.4413566737941592,89219450.00120999,89219450.00121,,,,,37429391.915929995,,,,2.383673509887776,,,,
frenzy_today_bear,,,1774960200000.0,2026-03-31,AIOTUSDT,FRENZY,-3.1524267197520537,False,2.198737172238538,0.9883066765703296,59246611.91748,59246611.91748001,,,,,7257911.190852715,,,,8.163038973547879,,,,
frenzy_today_bear,,,1774971300000.0,2026-03-31,ZBTUSDT,WIDE,-3.104958449001548,False,1.6030521939311622,0.9623545716898616,70861761.47410001,70861761.4741,,,,,33192495.1368502,,,,2.134872994089242,,,,
frenzy_today_bear,,,1774998000000.0,2026-03-31,ONTUSDT,FRENZY,3.0041023620079668,False,2.0878430047649745,0.4983729921482964,293350908.56755,293350908.56755,,,,,81486427.97668609,,,,3.5999971510774778,,,,
frenzy_today_bear,,,1775016600000.0,2026-04-01,ONTUSDT,FRENZY,2.9884833058718487,False,1.269238477017833,0.6674350145777113,202032763.74029,202032763.74029002,,,,,81886361.36552873,,,,2.4672333752680173,,,,
frenzy_today_bear,,,1775018400000.0,2026-04-01,BLURUSDT,FRENZY,2.9162128643274845,False,1.1677178214135773,0.9403492099053824,27346645.5864,27346645.586400002,6842873.544624643,54673654.94162567,,,58141470.86605143,,,,0.4703466420621223,0.5001795767193111,0.1251585165091064,4.666666666666667,
frenzy_today_bear,,,1775035800000.0,2026-04-01,RAYSOLUSDT,WIDE,2.9038318626775097,False,1.7662874894266842,0.534129602160393,25406070.89581,25406070.89581,,,,,,,,,,,,,
frenzy_today_bear,,,1775074500000.0,2026-04-01,BANKUSDT,WIDE,2.908817318942926,False,2.8545434481130205,0.464838557109883,27735198.69937,27735198.699369997,,,,,53153598.5946568,,,,0.5217934332325346,,,,
frenzy_today_bear,,,1775199000000.0,2026-04-03,ONGUSDT,FRENZY,-3.107686706309419,False,2.5034916918857935,0.9673605679338332,27390175.65752,27390175.65752,,,,,43517410.42837733,,,,0.6294072967094361,,,,
frenzy_today_bear,,,1775267400000.0,2026-04-04,DUSDT,FRENZY,2.912701067242819,False,2.1525053149528484,0.6173594844776006,111709395.230387,111709395.23038699,,,,,,,,,,,,,
frenzy_today_bear,,,1775276100000.0,2026-04-04,POLYXUSDT,FRENZY,-3.114613388632291,False,1.7661224846818049,0.835504643231302,29541803.98728,29541803.98728,,,,,73008032.34206337,,,,0.40463772326951997,,,,
frenzy_today_bear,,,1775301600000.0,2026-04-04,STOUSDT,FRENZY,-3.1037141791435117,False,2.7497335802294196,0.9644292801921848,449868332.1581,449868332.1581,,,,,69146937.79549436,,,,6.505976208065913,,,,
frenzy_today_bear,,,1775356800000.0,2026-04-05,DRIFTUSDT,FRENZY,2.918594755705152,False,2.48726333861502,0.9917522713802992,54707966.56565,54707966.56565,,,,,,,,,,,,,
frenzy_today_bear,,,1775398200000.0,2026-04-05,MMTUSDT,FRENZY,-3.119688447390266,False,2.7812494029294275,0.6074025029623991,84249117.1106,84249117.1106,,,,,43320280.5,,,,1.9447962048768357,,,,
frenzy_today_bear,,,1775473200000.0,2026-04-06,REDUSDT,WIDE,-3.1649830762505258,False,2.9472127574830713,0.6897295308246575,47400284.2956,47400284.2956,,,,,79866108.7841407,,,,0.5934968538871952,,,,
frenzy_today_bear,,,1775497500000.0,2026-04-06,PLAYUSDT,WIDE,-3.1014979276751773,False,2.899784932078915,0.3965374585140915,216315615.56842,216315615.56842,,,,,105610951.96519285,,,,2.048230903549786,,,,
frenzy_today_bear,,,1775501400000.0,2026-04-06,REDUSDT,FRENZY,2.954656284984504,False,2.5790840866434044,0.5557286896564637,415411483.2511,415411483.2511,,,,,94264657.7681823,,,,4.406863538110848,,,,
frenzy_today_bear,,,1775610000000.0,2026-04-08,SWARMSUSDT,FRENZY,2.9116981133235034,False,1.991724275368107,0.7641654942157882,149462360.49319398,149462360.49319404,,,,,15113251.186631382,,,,9.889490927365971,,,,
frenzy_today_bear,,,1775615700000.0,2026-04-08,NOMUSDT,FRENZY,-3.1106801043605956,False,2.4478795058178777,0.7346264468707504,225973038.958036,225973038.958036,,,,,19594967.84140969,,,,11.532197490035747,,,,
frenzy_today_bear,,,1775636400000.0,2026-04-08,SOLVUSDT,WIDE,-3.1,False,2.5020577138569515,0.8638998625245902,34641540.667174004,34641540.667174,,,,,28237135.50117116,,,,1.2268078915347913,,,,
frenzy_today_bear,,,1775655000000.0,2026-04-08,ORDERUSDT,FRENZY,-3.1,False,1.4502533527573178,0.6487501431366662,36356934.01674,36356934.01674,,,,,37550365.77622663,,,,0.9682178392988597,,,,
frenzy_today_bear,,,1775680800000.0,2026-04-08,ENJUSDT,WIDE,-3.1159879072332184,False,1.9222808974834895,0.8854329826263614,214945376.19953,214945376.19952998,,,,,58930214.87600308,,,,3.647456175949864,,,,
frenzy_today_bear,,,1775770500000.0,2026-04-09,AGTUSDT,WIDE,-3.1002177164338827,False,2.9457996134437887,0.9281221188341384,143750171.25252798,143750171.252528,,,,,53787705.096453525,,,,2.6725470252867534,,,,
frenzy_today_bear,,,1775969700000.0,2026-04-12,TRUUSDT,WIDE,-3.1057188783128673,False,2.254420168290811,0.6710853461113575,96280333.037885,96280333.037885,,,,,,,,,,,,,
frenzy_today_bear,,,1775990400000.0,2026-04-12,AINUSDT,WIDE,2.9029600883488285,False,2.630498962789438,0.811653353255446,68450393.78038,68450393.78038,,,,,50943021.63782989,,,,1.343665757932766,,,,
frenzy_today_bear,,,1775993100000.0,2026-04-12,SKYAIUSDT,WIDE,-3.1088616356981555,False,2.4379813509208397,0.9651705521509876,276354060.80478,276354060.80478,,,,,,,,,,,,,
frenzy_today_bear,,,1776284400000.0,2026-04-15,ALCHUSDT,FRENZY,-3.117023655040939,False,1.8909435655824491,0.7615350839901863,45451115.69416,45451115.69415999,6483154.385422473,55070638.60831982,,,83303473.87019777,,,,0.5456088873914339,0.8253239265559097,0.11772433640242966,20.333333333333332,
frenzy_today_bear,,,1776287400000.0,2026-04-15,BIOUSDT,WIDE,2.905781105738471,False,2.4044919436716037,0.6595769721696739,212707867.14912,212707867.14912,,,,,77748436.93568037,,,,2.735847504241001,,,,
frenzy_today_bear,,,1776321300000.0,2026-04-16,ORDIUSDT,WIDE,-3.115826999928516,False,2.803949005720628,0.6908181624806502,269256245.3534,269256245.3534,,,,,92104380.95238097,,,,2.923381521804143,,,,
frenzy_today_bear,,,1776375900000.0,2026-04-16,AXLUSDT,WIDE,-3.11235439655224,False,1.8394305749818232,0.5788210109421873,93298755.607217,93298755.607217,8515882.851369573,53706743.068939574,,,86220850.76068449,,,,1.082090408341922,1.7371888570389744,0.15856263785048988,21.75,
frenzy_today_bear,,,1776384900000.0,2026-04-17,AXLUSDT,WIDE,-3.108521593798085,False,2.2120389271024217,0.9487002329514986,115947271.276966,115947271.276966,238943336.4830178,79453703.19909799,,,91831453.94786525,,,,1.2626095557932888,1.459306068924454,3.007327876011831,0.25,
frenzy_today_bear,,,1776683400000.0,2026-04-20,MERLUSDT,FRENZY,-3.103047432420601,False,2.9571365075363767,0.4950263459523524,51484759.1055,51484759.1055,,,,,64119713.64719089,,,,0.8029474271951239,,,,
frenzy_today_bear,,,1776713100000.0,2026-04-20,GUNUSDT,WIDE,-3.1219399230964826,False,2.3922032149145873,0.6070346232438564,328821553.86484003,328821553.86484003,,,,,122187242.72142495,,,,2.6911283579294873,,,,
frenzy_today_bear,,,1776863700000.0,2026-04-22,SPKUSDT,WIDE,2.905597622507218,False,1.4705878816038271,0.3149988868135974,39002373.28687,39002373.28687,,,,,159682563.72060755,,,,0.2442494182089376,,,,
frenzy_today_bear,,,1776910800000.0,2026-04-23,SOONUSDT,WIDE,-3.1026249076291688,False,1.2131700886666026,0.7341879780465336,99249023.8533,99249023.8533,,,,,118390746.91717549,,,,0.8383174060277974,,,,
frenzy_today_bear,,,1776950100000.0,2026-04-23,HIGHUSDT,FRENZY,-3.139269720043335,False,1.9953726674773185,0.6855924503627593,40972302.9797,40972302.9797,,,,,,,,,,,,,
frenzy_today_bear,,,1776953700000.0,2026-04-23,SOONUSDT,WIDE,2.9349985448084994,False,1.1430908381026834,0.3031018506783545,93511081.4662,93511081.4662,,,,,116391312.60383527,,,,0.8034197688317734,,,,
frenzy_today_bear,,,1777086300000.0,2026-04-25,SOONUSDT,WIDE,2.912417901759491,False,2.7304365247438693,0.6277290318631222,148586560.9819,148586560.98189998,,,,,142565725.43301636,,,,1.0422319988243771,,,,
frenzy_today_bear,,,1777106400000.0,2026-04-25,AXSUSDT,FRENZY,2.9575395944867258,False,2.459857781301422,0.78281351140121,217555655.90300003,217555655.903,23961449.30323518,192970829.47609273,,,415282835.82089555,,,,0.5238734595735328,1.1274017761837578,0.12417135464613722,8.666666666666666,
frenzy_today_bear,,,1777152900000.0,2026-04-25,HYPERUSDT,FRENZY,2.902591359914798,False,1.8762113641797873,0.8934653828717037,597370096.36077,597370096.36077,,,,,68755807.62209195,,,,8.688285644816261,,,,
frenzy_today_bear,,,1777156800000.0,2026-04-25,HYPERUSDT,FRENZY,-3.1045309127006524,False,1.9979974644037488,0.8290739646752623,622521414.64985,622521414.64985,,,,,70209336.7086389,,,,8.866647141721991,,,,
frenzy_today_bear,,,1777215000000.0,2026-04-26,ZBTUSDT,FRENZY,-3.101020126510544,False,2.548056664891294,0.7413426039108102,283287139.97959,283287139.97959,,,,,64409088.64549798,,,,4.398247917134456,,,,
frenzy_today_bear,,,1777219500000.0,2026-04-26,ZBTUSDT,FRENZY,2.9018640867772407,False,2.6442506486441286,0.928582137400706,321340613.19138,321340613.19138,,,,,66968478.00283401,,,,4.798386088120165,,,,
frenzy_today_bear,,,1777228500000.0,2026-04-26,AGTUSDT,FRENZY,-3.1489529131921588,False,2.7555179700279657,0.8879056667509753,81895545.175652,81895545.175652,,,,,65815816.41006767,,,,1.2443140515860054,,,,
frenzy_today_bear,,,1777287000000.0,2026-04-27,SWARMSUSDT,FRENZY,2.9029095739528734,False,2.0042699825396517,0.5582507246792213,42524568.04184,42524568.04184,,,,,24193998.72438178,,,,1.7576494289464182,,,,
frenzy_today_bear,,,1777305300000.0,2026-04-27,SWARMSUSDT,WIDE,-3.1026203578611065,False,1.9795120467502725,0.7013659479507701,116135774.021022,116135774.02102199,,,,,27113274.603522062,,,,4.283354766964805,,,,
frenzy_today_bear,,,1777328700000.0,2026-04-27,DAMUSDT,FRENZY,-3.1180947853046024,False,2.980646943787748,0.7485488743977051,316228955.64651,316228955.64651,,,,,,,,,,,,,
frenzy_today_bear,,,1777403700000.0,2026-04-28,ORCAUSDT,WIDE,-3.124126158409167,False,1.0758755305834906,0.4241309282222947,526575577.7781,526575577.7781,,,,,102153252.71296605,,,,5.154760752040773,,,,
frenzy_today_bear,,,1777414200000.0,2026-04-28,BROCCOLI714USDT,FRENZY,-3.1017010208361993,False,2.1003581154867033,0.8507574642588993,41331033.09724,41331033.09724,,,,,20298890.589714285,,,,2.036122758264581,,,,
frenzy_today_bear,,,1777421100000.0,2026-04-29,ORCAUSDT,WIDE,2.95814808001298,False,1.157594314894843,0.4658303913550664,481167479.5829,481167479.58290005,,,,,99339450.54242927,,,,4.843669629291806,,,,
frenzy_today_bear,,,1777422900000.0,2026-04-29,BROCCOLI714USDT,FRENZY,2.9217414968184765,False,2.4577433131335433,0.9941797266843958,55924376.20611,55924376.20611,,,,,20512154.960761905,,,,2.726401799961477,,,,
frenzy_today_bear,,,1777461900000.0,2026-04-29,SKYAIUSDT,WIDE,2.9024767375478224,False,2.2501623883260207,0.7157438179064204,242823516.00399,242823516.00399,,,,,,,,,,,,,
frenzy_today_bear,,,1777505100000.0,2026-04-29,TACUSDT,FRENZY,-3.1020788635722427,False,2.8829405845298717,0.9709929091824668,165724497.814249,165724497.81424898,,,,,96701476.04041384,,,,1.7137742317913407,,,,
frenzy_today_bear,,,1777545000000.0,2026-04-30,SKYAIUSDT,WIDE,2.9031372636628263,False,2.765976425410955,0.931364659025772,828706245.32694,828706245.3269401,,,,,,,,,,,,,
frenzy_today_bear,,,1777549200000.0,2026-04-30,TACUSDT,FRENZY,2.90520325650412,False,2.324616126532406,0.5515607226813389,147124180.824967,147124180.824967,,,,,96671425.86140811,,,,1.521899356650536,,,,
frenzy_today_bear,,,1777564500000.0,2026-04-30,TACUSDT,WIDE,2.903812622611747,False,2.0500094616535893,0.8768944467710656,98691976.668566,98691976.66856599,,,,,108889828.64513475,,,,0.9063470656216851,,,,
frenzy_today_bear,,,1777626600000.0,2026-05-01,TACUSDT,WIDE,-3.102997252198246,False,2.094464434936044,0.9670196882574932,78869897.281613,78869897.281613,,,,,121757315.29538496,,,,0.6477631104979075,,,,
frenzy_today_bear,,,1777664700000.0,2026-05-01,TAGUSDT,FRENZY,-3.1056309660672508,False,2.18677248659783,0.6305562943083587,55004998.6234916,55004998.6234916,,,,,104837149.22596648,,,,0.5246708731552169,,,,
frenzy_today_bear,,,1777773000000.0,2026-05-03,BUSDT,WIDE,2.9186509748129654,False,2.232599768877303,0.909763691004862,462439347.47480005,462439347.4748001,98823984.14958556,323563281.8699944,,,326179876.32286996,,,,1.417743340539664,1.42920836011487,0.30542397634998764,1.8333333333333333,
frenzy_today_bear,,,1777807800000.0,2026-05-03,AKTUSDT,FRENZY,2.90630680282158,False,1.843258286848144,0.6938167102374044,35656975.80392,35656975.80392,8955948.757317994,149781181.52477086,,,194295491.78757107,,,,0.1835193162531265,0.23806045219387617,0.05979355127357475,11.5,
frenzy_today_bear,,,1778003100000.0,2026-05-05,FHEUSDT,FRENZY,2.9268798217107386,False,2.3755888616750997,0.822623866163918,47817067.40146,47817067.40145999,,,,,20209365.267953403,,,,2.36608457353606,,,,
frenzy_today_bear,,,1778145300000.0,2026-05-07,FLOCKUSDT,FRENZY,3.0605966587112152,False,2.4599160719066755,0.9744386692723012,29785267.05351,29785267.05351,,,,,38550012.46918349,,,,0.7726396217723679,,,,
frenzy_today_bear,,,1778150400000.0,2026-05-07,NILUSDT,WIDE,-3.107285773114442,False,2.9067660577117045,0.5833245151593777,45890280.496763,45890280.496763,,,,,33840727.429870196,,,,1.3560666091431894,,,,
frenzy_today_bear,,,1778154900000.0,2026-05-07,KSMUSDT,FRENZY,2.9133269228718297,False,1.6525750597364095,0.7438477177330762,43988548.1178,43988548.1178,,,,,109715633.63980436,,,,0.40093236176545344,,,,
frenzy_today_bear,,,1778156100000.0,2026-05-07,JTOUSDT,WIDE,-3.1198833054479778,False,2.2790796036912866,0.6845766600637889,143659701.98020002,143659701.9802,,,,,479680803.0082582,,,,0.29949020490137634,,,,
frenzy_today_bear,,,1778168700000.0,2026-05-07,KSMUSDT,FRENZY,-3.101499024554476,False,2.140311553472547,0.7397266875356876,115476561.555,115476561.555,,,,,115003592.40399744,,,,1.0041126467540342,,,,
frenzy_today_bear,,,1778309100000.0,2026-05-09,STRKUSDT,WIDE,-3.1097066916075486,False,1.7972386667152715,0.5922400895092987,381835805.747104,381835805.7471039,,,,,472347068.8430132,,,,0.8083797506828795,,,,
frenzy_today_bear,,,1778324700000.0,2026-05-09,SAHARAUSDT,FRENZY,-3.1117140689679843,False,2.4689887547790788,0.7718601381515142,125440826.83416,125440826.83416,,,,,180128571.11685658,,,,0.6963960578623674,,,,
frenzy_today_bear,,,1778346600000.0,2026-05-09,BANANAUSDT,FRENZY,2.9155920856482456,False,2.940881392230206,0.8443368114098507,31215506.7824,31215506.782399997,4082136.1915359795,17088542.736564923,,,19418063.099916816,,,,1.6075499714764918,1.8266921447670983,0.23888146897402182,17.166666666666668,
frenzy_today_bear,,,1778347800000.0,2026-05-09,SAHARAUSDT,WIDE,2.9015568267118055,False,1.9843514133626403,0.7041049154799501,226660868.26043,226660868.26042998,,,,,209333203.41342628,,,,1.082775520387858,,,,
frenzy_today_bear,,,1778367300000.0,2026-05-09,MITOUSDT,WIDE,2.9095125100845567,False,1.668521467614751,0.5437093231648664,34239048.24518,34239048.245179996,,,,,37651029.091718115,,,,0.909378815696471,,,,
frenzy_today_bear,,,1778409300000.0,2026-05-10,1000XECUSDT,FRENZY,-3.100596127789078,False,2.0122621313393765,0.784204439679703,88804529.32083,88804529.32083,,,,,193636335.73800278,,,,0.45861500622995605,,,,
frenzy_today_bear,,,1778526300000.0,2026-05-11,SAGAUSDT,FRENZY,2.914641820260534,False,2.3732297440120136,0.8986802400284165,160415137.417429,160415137.41742903,,,,,27518294.554515943,,,,5.829399678080843,,,,
frenzy_today_bear,,,1778620500000.0,2026-05-12,DYMUSDT,WIDE,-3.1034773391517154,False,2.846877613507558,0.6440605122671795,112372311.020531,112372311.020531,,,,,34149170.635520704,,,,3.2906307511798096,,,,
frenzy_today_bear,,,1778958300000.0,2026-05-16,PHBUSDT,WIDE,-3.140156981379537,False,2.967142665464185,0.5772314994408808,33356439.9568,33356439.956800003,,,,,,,,,,,,,
frenzy_today_bear,,,1779045900000.0,2026-05-17,FIDAUSDT,FRENZY,-3.138651504590183,False,2.311649202652293,0.6384642731297714,38637895.33463,38637895.33463,1832494.0952415054,16135661.520164749,,,19686860.381760824,,,,1.9626235258125075,2.394565310281465,0.11356795585674849,19.416666666666668,
frenzy_today_bear,,,1779138300000.0,2026-05-18,RONINUSDT,FRENZY,2.9247518257433893,False,2.5905868449374716,0.7478584773174959,101958417.95262,101958417.95262001,,,,,101433676.92244779,,,,1.0051732427147784,,,,
frenzy_today_bear,,,1779175800000.0,2026-05-19,EDENUSDT,FRENZY,2.903779833537269,False,2.301693940779232,0.9772122351182084,165837010.75006,165837010.75006,,,,,41752068.198674135,,,,3.971947208960687,,,,
frenzy_today_bear,,,1779253200000.0,2026-05-20,FIDAUSDT,FRENZY,2.9006880167154816,False,2.0752221000099595,0.8640476049547889,63393694.81086,63393694.81086001,24662143.744538043,21392812.491430175,,,24478793.94324419,,,,2.5897393048792665,2.963317461706128,1.152823816616798,5.0,
frenzy_today_bear,,,1779275700000.0,2026-05-20,FIDAUSDT,FRENZY,2.91371542729202,False,1.5944489040455323,0.6644860139011507,140366057.12388,140366057.12388,24662143.744538043,21392812.491430175,,,26405550.562757295,,,,5.315778468253336,6.561365280049538,1.152823816616798,11.25,
frenzy_today_bear,,,1779433200000.0,2026-05-22,GRASSUSDT,WIDE,2.918231612027068,False,1.4555377136256402,0.973393845964544,134253766.29612002,134253766.29612002,,,,,109144400.19833508,,,,1.230056384497571,,,,
frenzy_today_bear,,,1779544800000.0,2026-05-23,GMTUSDT,FRENZY,2.972653739235699,False,2.17257099064305,0.7498326488340225,149938417.79658,149938417.79658,,,,,50537559.49857178,,,,2.9668709625920364,,,,
frenzy_today_bear,,,1779555000000.0,2026-05-23,MEUSDT,FRENZY,2.920269786154296,False,2.167424227167436,0.6234384349473101,39162635.13595,39162635.13595,,,,,77687367.09200573,,,,0.50410557857585,,,,
frenzy_today_bear,,,1779566400000.0,2026-05-23,GMTUSDT,FRENZY,-3.137843681972273,False,1.3614619761004223,0.7076408181067667,265671135.68152,265671135.68152002,,,,,50651984.16158742,,,,5.2450291943942275,,,,
frenzy_today_bear,,,1779593400000.0,2026-05-24,GRASSUSDT,WIDE,-3.1013689793349717,False,1.4570149450320895,0.4027556345883103,143863871.73071,143863871.73070997,,,,,132544686.31284511,,,,1.0853990132139149,,,,
frenzy_today_bear,,,1779609600000.0,2026-05-24,AGTUSDT,WIDE,2.900134983491999,False,2.150265324484794,0.8691195495734337,54021019.759962,54021019.759962,,,,,70672463.01424931,,,,0.7643856950205631,,,,
frenzy_today_bear,,,1779616800000.0,2026-05-24,GRASSUSDT,FRENZY,2.900663311672137,False,1.5952341010539046,0.8718714512313731,217792366.17843,217792366.17843,,,,,131275849.10955572,,,,1.6590436676335818,,,,
frenzy_today_bear,,,1779643500000.0,2026-05-24,NILUSDT,WIDE,2.9027871747349345,False,2.132481672712092,0.4414923552193156,142042202.798671,142042202.79867098,,,,,44420495.72462565,,,,3.19767261669541,,,,
frenzy_today_bear,,,1779661500000.0,2026-05-24,SUPERUSDT,FRENZY,-3.15411656102572,False,1.551913367244639,0.5145070259212837,101181636.9461,101181636.9461,,,,,83831529.58331728,,,,1.2069639841837676,,,,
frenzy_today_bear,,,1779713100000.0,2026-05-25,PHAUSDT,FRENZY,-3.1008546389766676,False,2.3819483054216537,0.940319555282233,31594063.18291,31594063.182910003,,,,,42527622.38277384,,,,0.7429068782295113,,,,
frenzy_today_bear,,,1779733200000.0,2026-05-25,PHAUSDT,FRENZY,2.902981658890226,False,2.6091632537396374,0.4994979023543153,96143577.45136,96143577.45135999,,,,,43530389.77874009,,,,2.2086541825158608,,,,
frenzy_today_bear,,,1779795600000.0,2026-05-26,PHAUSDT,FRENZY,-3.109707532994542,False,1.8619222662681167,0.8931981527519126,200226415.37222,200226415.37221998,,,,,42244790.55314234,,,,4.739671158277913,,,,
frenzy_today_bear,,,1779801000000.0,2026-05-26,PHAUSDT,FRENZY,2.9072603572295477,False,2.196541665888226,0.5437472947013705,199269047.14889,199269047.14889002,,,,,43281840.59512453,,,,4.603987363035957,,,,
frenzy_today_bear,,,1779813600000.0,2026-05-26,PHAUSDT,FRENZY,2.907507974620495,False,1.9391857222064703,0.4265844587285046,186953163.81912,186953163.81912,,,,,46718675.85822254,,,,4.001679422303576,,,,
frenzy_today_bear,,,1779875400000.0,2026-05-27,ALTUSDT,WIDE,-3.1112490517280142,False,2.0737357703924375,0.706940101656883,56832127.891086005,56832127.891086,30824909.35017847,44767143.02028255,,,65926585.31237458,,,,0.8620517447066756,1.2695053572066726,0.6885610130673895,9.833333333333334,
frenzy_today_bear,,,1779988500000.0,2026-05-28,XLMUSDT,WIDE,-3.1039100576070164,False,1.8322076396595088,0.8208704293363442,1114695927.63105,1114695927.6310499,,,,,10613322289.62068,,,,0.10502799191551632,,,,
frenzy_today_bear,,,1780176300000.0,2026-05-30,PORTALUSDT,FRENZY,2.9376377959822633,False,2.1740553467682098,0.5534841727058996,195729431.33072495,195729431.33072498,,,,,10352182.402090024,,,,18.90706942057056,,,,
frenzy_today_bear,,,1780210500000.0,2026-05-31,HIVEUSDT,FRENZY,-3.109975995397983,False,2.4201082588676477,0.6673228981611191,45826120.44543,45826120.44543001,,,,,46724097.714936756,,,,0.9807812817491887,,,,
frenzy_today_bear,,,1780230000000.0,2026-05-31,STGUSDT,WIDE,2.917997755215952,False,1.588136743931174,0.922792748541455,134102543.2498,134102543.2498,,,,,,,,,,,,,
frenzy_today_bear,,,1780483500000.0,2026-06-03,EPICUSDT,WIDE,-3.108116288949557,False,2.4791019425962597,0.532937122890465,97044045.47947,97044045.47947,,,,,18328903.549415518,,,,5.294590874889764,,,,
frenzy_today_bear,,,1780636500000.0,2026-06-05,HEIUSDT,WIDE,2.9002622847576167,False,2.1033865384655037,0.4342817885183703,108039935.437898,108039935.437898,,,,,8068024.895631264,,,,13.39112568881639,,,,
frenzy_today_bear,,,1781211300000.0,2026-06-11,STGUSDT,WIDE,-3.11235915246174,False,2.1656196707038418,0.5146047789107319,281293568.9486,281293568.94860005,,,,,,,,,,,,,
frenzy_today_bear,,,1781231700000.0,2026-06-12,STGUSDT,WIDE,2.9058663941663245,False,2.951946452008087,0.7000509900542017,330350213.8468,330350213.8468,,,,,,,,,,,,,
frenzy_today_bear,,,1781237700000.0,2026-06-12,STGUSDT,FRENZY,-3.105117472225382,False,2.4707504024166553,0.6219575356329428,336592603.11270005,336592603.1127,,,,,,,,,,,,,
frenzy_today_bear,,,1781281500000.0,2026-06-12,STGUSDT,WIDE,2.910507644727091,False,2.507774919171196,0.6618346249899187,343653721.3199,343653721.31990004,,,,,,,,,,,,,
frenzy_today_bear,,,1781342400000.0,2026-06-13,RIFUSDT,WIDE,-3.1037549103139703,False,2.495257053113487,0.5156589498308445,80183032.92481,80183032.92480999,,,,,94817927.71084335,,,,0.8456526614812346,,,,
frenzy_today_bear,,,1781357100000.0,2026-06-13,RIFUSDT,WIDE,-3.1008712540807823,False,2.852119623898653,0.4297440296184012,143868259.50032,143868259.50032,,,,,94106216.86746988,,,,1.5287859217944142,,,,
frenzy_today_bear,,,1781443500000.0,2026-06-14,ZKCUSDT,FRENZY,-3.1026219924343943,False,2.785053582026242,0.9490879068210352,41021366.05917,41021366.05917,4977872.941655026,14266816.92500361,,,34168070.514065616,,,,1.200576018545828,2.8752991136570305,0.3489126528939297,13.416666666666666,
frenzy_today_bear,,,1781622000000.0,2026-06-16,BRUSDT,FRENZY,2.911144300438974,False,1.711346773177735,0.6727302438741277,51123929.67436,51123929.67436,5210055.881521356,28030783.676497616,,,56484153.92069775,,,,0.905102159202679,1.8238494600928625,0.18586907671403147,15.0,
frenzy_today_bear,,,1781627700000.0,2026-06-16,BRUSDT,FRENZY,2.905262716693692,False,2.828349250968233,0.5443605270517435,72757153.55617,72757153.55617,5210055.881521356,28030783.676497616,,,61259968.004426375,,,,1.1876786084986675,2.5956161053453943,0.18586907671403147,16.583333333333332,
frenzy_today_bear,,,1781646600000.0,2026-06-16,BRUSDT,WIDE,-3.1046368709384917,False,1.936026503606274,0.3268403867610466,114239693.49218,114239693.49218002,5210055.881521356,28030783.676497616,,,64921537.34058093,,,,1.759657860424255,4.075508370034056,0.18586907671403147,21.833333333333332,
frenzy_today_bear,,,1781675100000.0,2026-06-17,BRUSDT,FRENZY,-3.1246959298964803,False,2.571169762231412,0.6608874198411041,198781160.83279,198781160.83279,13238137.274908677,48006069.72162868,,,67069479.022651434,,,,2.9638095260238333,4.140750575613796,0.2757596560533336,5.75,
frenzy_today_bear,,,1781788200000.0,2026-06-18,AGTUSDT,FRENZY,2.9019498033771476,False,2.3686141518705934,0.8610666828578573,249923002.294904,249923002.294904,,,,,93517963.54185158,,,,2.6724598443918994,,,,
frenzy_today_bear,,,1781955000000.0,2026-06-20,ALICEUSDT,WIDE,2.9259408631206365,False,2.8605684871484303,0.6638689640991823,22462272.7681472,22462272.7681472,,,,,13849592.594733741,,,,1.6218724568611789,,,,
frenzy_today_bear,,,1781983500000.0,2026-06-20,BELUSDT,FRENZY,-3.1001944898636267,False,1.95093115898669,0.834004543067793,107223164.15661,107223164.15661,32874381.670984216,9223747.390692905,,,16444535.804686861,,,,6.520291325344088,11.624685674371575,3.5641025581593504,19.416666666666668,
frenzy_today_bear,,,1781984100000.0,2026-06-20,ALICEUSDT,WIDE,2.909309692607233,False,2.2956831411119287,0.6503306583729364,72352539.6395709,72352539.63957089,,,,,15914003.64720491,,,,4.5464699671775355,,,,
frenzy_today_bear,,,1782097800000.0,2026-06-22,BELUSDT,FRENZY,2.9052557353220334,False,2.3838025127049125,0.9917865250150396,50805497.69779,50805497.69779,35763585.54789338,13395078.697422003,,,18548898.505756512,,,,2.7390034875668166,3.792848018695698,2.669904847574833,3.1666666666666665,
frenzy_today_bear,,,1782213600000.0,2026-06-23,RESOLVUSDT,FRENZY,2.920307460395556,False,2.501808383927001,0.6791093530694036,84949644.16482,84949644.16481999,,,,,14398388.062545454,,,,5.89994128480254,,,,
frenzy_today_bear,,,1782447300000.0,2026-06-26,AINUSDT,FRENZY,2.9028845055792076,False,1.8265977070495736,0.5278394137138748,25129334.99651,25129334.99651,,,,,46583499.471260905,,,,0.5394471278829797,,,,
frenzy_today_bear,,,1782463800000.0,2026-06-26,GUSDT,FRENZY,2.9049606169569766,False,2.6488688050569524,0.934269537477804,88769159.402728,88769159.40272799,,,,,47347136.9928489,,,,1.8748580176270275,,,,
frenzy_today_bear,,,1782718500000.0,2026-06-29,POWRUSDT,FRENZY,-3.109709865146536,False,1.6693319387806511,0.5617450321055202,99627789.59718,99627789.59718,,,,,54627949.72505892,,,,1.8237512134100606,,,,
frenzy_today_bear,,,1782731400000.0,2026-06-29,GUSDT,FRENZY,2.914779991914475,False,1.950312053620384,0.7202883484303926,25713257.317402,25713257.317401998,,,,,43007354.64359861,,,,0.5978804678987449,,,,
frenzy_today_bear,,,1782883200000.0,2026-07-01,TACUSDT,WIDE,2.900391730799458,False,1.6750595197922526,0.6839630916991404,241628467.293199,241628467.293199,,,,,354273580.37006056,,,,0.6820391942317663,,,,
frenzy_today_bear,,,1783099800000.0,2026-07-03,TLMUSDT,FRENZY,2.9033606339698106,False,2.183803832234108,0.6341244518829388,296930770.288803,296930770.288803,141739327.99075505,10907988.11843309,,,12684783.281460617,,,,23.408422808671922,27.221405731734194,12.994085293440493,17.5,
frenzy_today_bear,,,1783103100000.0,2026-07-03,THEUSDT,FRENZY,-3.109096986284575,False,2.3728029379188804,0.9638932555241748,206557704.33696505,206557704.33696502,,,,,17916693.55621565,,,,11.528784799989289,,,,
frenzy_today_bear,,,1783208400000.0,2026-07-04,RPLUSDT,FRENZY,2.902318411011097,False,2.2427836954073896,0.5819680753133257,37871975.0038,37871975.003800005,,,,,50261077.37522766,,,,0.7535050377265905,,,,
frenzy_today_bear,,,1783249200000.0,2026-07-05,HOTUSDT,FRENZY,2.921702510561365,False,2.1498151241622714,0.3055584739345133,67692342.6095013,67692342.6095013,,,,,66829388.173206635,,,,1.012912798693564,,,,
frenzy_today_bear,,,1783652400000.0,2026-07-10,SKLUSDT,FRENZY,-3.1176837304341163,False,2.129636295936538,0.3870315788411249,25305502.735844,25305502.735844,,,,,28606618.052615765,,,,0.8846030904212421,,,,
frenzy_today_bear,,,1783776000000.0,2026-07-11,TUSDT,FRENZY,2.919039824842208,False,2.908871688030831,0.696397940671033,37996151.52596,37996151.525960006,,,,,48303329.6382279,,,,0.7866155772394071,,,,
frenzy_today_bear,,,1783794600000.0,2026-07-11,SXTUSDT,FRENZY,-3.1055971145100933,False,2.6732536830865605,0.8325332484920545,56209531.449885994,56209531.449885994,,,,,24172970.64793033,,,,2.3253050801473836,,,,
frenzy_today_bear,,,1784052000000.0,2026-07-14,SXTUSDT,FRENZY,-3.104864719516874,False,1.476054155897194,0.3696971358946551,163062332.147432,163062332.147432,,,,,24598664.407676823,,,,6.628909986533376,,,,
frenzy_today_bear,,,1784107200000.0,2026-07-15,DODOXUSDT,FRENZY,2.9027892115961476,False,1.6362399740290772,0.8328313694987534,140449228.6438,140449228.6438,,,,,,,,,,,,,
frenzy_today_bear,,,1784143500000.0,2026-07-15,SKLUSDT,FRENZY,-3.1115679417598394,False,2.554446987819929,0.7567015158523743,47273314.509966,47273314.509966,,,,,31908824.94631518,,,,1.4815122333555284,,,,
frenzy_today_bear,,,1784521800000.0,2026-07-20,AVAAIUSDT,WIDE,-3.10161690334083,False,1.8282124852990245,0.5724810905160439,49523568.386412,49523568.386411995,,,,,11664101.298070468,,,,4.245810896258628,,,,
frenzy_today_bear,,,1784544600000.0,2026-07-20,PROMUSDT,FRENZY,-3.131177616390733,False,2.1490521551759008,0.931139220554588,47106224.0919,47106224.0919,,,,,35403596.566523604,,,,1.3305491153529296,,,,
frenzy_today_bear,,,1784552700000.0,2026-07-20,AVAAIUSDT,WIDE,-3.123364162957397,False,2.5304920523006897,0.8213472865040441,65268968.197927,65268968.197927,,,,,9419198.889782302,,,,6.929354498367059,,,,
frenzy_today_bear,,,1784612700000.0,2026-07-21,LAUSDT,WIDE,2.902299348344718,False,2.5527723132688864,0.9249258685384408,27391246.300443,27391246.300443,,,,,26193444.1522145,,,,1.0457290817224292,,,,
frenzy_today_bear,,,1784638800000.0,2026-07-21,ERAUSDT,FRENZY,2.906394477690745,False,2.955902760258436,0.5985708206236777,342035738.84951,342035738.84950995,5124030.85303688,11057786.853493568,,,43802314.864842966,,,,7.808622441642644,30.931663214456705,0.46338665421263814,13.0,
frenzy_today_bear,,,1784662800000.0,2026-07-21,ONEUSDT,FRENZY,-3.1368289987954254,False,2.067695871832949,0.6418157360955364,95066525.059387,95066525.059387,,,,,23626309.544445474,,,,4.02375685802936,,,,
frenzy_today_bear,,,1784694000000.0,2026-07-22,1000XECUSDT,WIDE,2.906602888591926,False,1.565411004364916,0.9440069718626138,28587017.244746,28587017.244746,,,,,167958910.94699243,,,,0.17020244465485976,,,,
frenzy_today_bear,,,1784922000000.0,2026-07-24,ACEUSDT,FRENZY,-3.10346351407773,False,2.3355133418950533,0.942529933702069,51784631.596704304,51784631.5967043,,,,,11651724.547862027,,,,4.444374854897016,,,,
frenzy_today_bear,,,1785006000000.0,2026-07-25,EULUSDT,FRENZY,2.903733949534605,False,2.4128682062783717,0.7126709499070075,270924355.83529,270924355.83528996,,,,,43693979.58498253,,,,6.200496233316448,,,,
frenzy_today_bear,,,1785117600000.0,2026-07-27,SAFEUSDT,WIDE,-3.117263713191275,False,1.7269627918311652,0.8400213266458925,22393620.33281,22393620.33281,,,,,93722006.87658158,,,,0.23893662843028085,,,,
frenzy_today_bear,,,1785432900000.0,2026-07-30,MMTUSDT,WIDE,-3.1230128116914933,False,2.0338518921970508,0.7247865803825192,55674190.8825,55674190.8825,,,,,71352712.5,,,,0.7802673357722736,,,,
frenzy_today_bear,,,1785483000000.0,2026-07-31,GIGGLEUSDT,WIDE,2.9119510531590023,False,2.380662117151568,0.942003360342242,67190134.4301,67190134.4301,,,,,38701378.506034724,,,,1.7361173432006565,,,,
frenzy_today_bear,,,1785490800000.0,2026-07-31,MMTUSDT,WIDE,2.9063623465133372,False,1.9562208181313916,0.9008982318361868,223844471.8705,223844471.8705,,,,,89381635.50000001,,,,2.5043675987613803,,,,
frenzy_today_bear,,,1785491700000.0,2026-07-31,COTIUSDT,FRENZY,2.9059157992916265,False,2.2543636884403244,0.7277794533182,313153379.428369,313153379.428369,,,,,45115496.79935732,,,,6.941148865567406,,,,
frenzy_today_bear,,,1785520200000.0,2026-07-31,GIGGLEUSDT,WIDE,2.9157405495804825,False,2.1889797200041583,0.5594275665613854,265820356.9018,265820356.90179998,,,,,42027123.56435382,,,,6.324971455511674,,,,
frenzy_today_bear,,,1785561000000.0,2026-08-01,IDOLUSDT,FRENZY,-3.1050751817751285,False,2.916435959257341,0.5020344028399191,27462001.46714,27462001.46714,,,,,42289046.07120001,,,,0.6493880571555944,,,,
frenzy_today_bear,,,1785574800000.0,2026-08-01,IDOLUSDT,FRENZY,2.9140230242933787,False,2.109571958150467,0.4046747003543787,72270715.41933,72270715.41933,,,,,42610499.968700685,,,,1.6960776210656074,,,,
frenzy_today_bear,,,1785595800000.0,2026-08-01,IDOLUSDT,WIDE,-3.12122667537441,False,2.3107425455685,0.6726839328969111,97679090.98968,97679090.98968,,,,,47521601.18051657,,,,2.0554671678387715,,,,
frenzy_today_bear,,,1785862200000.0,2026-08-04,BICOUSDT,WIDE,2.946883879656116,False,2.252949697108798,0.539177211079062,112832662.92741,112832662.92741,115560317.60191637,16817745.981139883,,,21129414.121181767,,,,5.3400753225002,6.7091430120270115,6.871332087635912,16.833333333333332,
frenzy_today_bear,,,1785909000000.0,2026-08-05,BICOUSDT,WIDE,2.9266845568384228,False,2.2700122850007785,0.9038355279808992,108936899.39928,108936899.39928,62161846.46886352,21123714.165608473,,,26296825.237856783,,,,4.14258749540819,5.157090204176319,2.942751733029471,5.833333333333333,
frenzy_today_bear,,,1785988200000.0,2026-08-06,HEIUSDT,FRENZY,2.9010745509292737,False,2.8318205271203216,0.6035250384790795,722058324.68027,722058324.68027,,,,,24861292.168682232,,,,29.043475286045137,,,,
frenzy_today_bear,,,1786222800000.0,2026-08-08,COOKIEUSDT,FRENZY,-3.1003810329318413,False,2.424695519837594,0.4716171184514402,20806509.822223,20806509.822223,,,,,10746975.888666945,,,,1.936033916682011,,,,
frenzy_today_bear,,,1786285500000.0,2026-08-09,MUBARAKUSDT,FRENZY,2.924013340692856,False,2.3450111369572975,0.98289821724426,67401382.77493,67401382.77493,,,,,19900000.000000004,,,,3.3870041595442206,,,,
frenzy_today_bear,,,1786453800000.0,2026-08-11,BTRUSDT,FRENZY,2.9138742331042535,False,2.1237854954687116,0.8940580922420881,49865782.3997,49865782.39969999,1759508.81968325,5554039.026193541,,,15858068.172558704,,,,3.1445054881268133,8.978291683678625,0.3167980655852771,13.166666666666666,
frenzy_today_bear,,,1786487100000.0,2026-08-11,BTRUSDT,WIDE,-3.107770776618178,False,1.9788257010627663,0.4916746809633288,90892902.1068,90892902.10679999,1759508.81968325,5554039.026193541,,,16544585.707815317,,,,5.493815542559284,16.36518967154133,0.3167980655852771,22.416666666666668,
frenzy_today_bear,,,1786582800000.0,2026-08-13,BRUSDT,FRENZY,2.903171322319255,False,2.1026222468471327,0.5642381335929261,128917152.52263,128917152.52263,10620671.671654778,66004677.64730757,,,71372074.70454891,,,,1.8062688111042602,1.953151763144604,0.1609078636578723,1.0,
frenzy_today_bear,,,1786629300000.0,2026-08-13,BRUSDT,WIDE,2.900363721244982,False,1.3385904310568313,0.8692929052495368,130388625.83647,130388625.83647,10620671.671654778,66004677.64730757,,,77043983.20876633,,,,1.6923920649735298,1.9754452333392882,0.1609078636578723,13.916666666666666,
frenzy_today_bear,,,1786677900000.0,2026-08-14,BRUSDT,FRENZY,-3.103483336277456,False,1.6097077541355351,0.7298568109403825,118617768.87474,118617768.87474,7580732.364950095,76464847.85853592,,,86971501.17058592,,,,1.3638693971957905,1.5512718876285383,0.09914009609977723,3.4166666666666665,
frenzy_today_bear,,,1786692000000.0,2026-08-14,BRUSDT,WIDE,-3.1000192599801344,False,1.9261005146216252,0.9135014476187658,110603554.83711,110603554.83711,7580732.364950095,76464847.85853592,,,86176091.5164442,,,,1.2834598656171883,1.4464627594856727,0.09914009609977723,7.333333333333333,
frenzy_today_bear,,,1786889700000.0,2026-08-16,DOLOUSDT,FRENZY,-3.1323031261690435,False,2.475025366329213,0.89385945091897,23161820.31366,23161820.313660003,,,,,17708408.70327933,,,,1.3079560508093977,,,,
frenzy_today_bear,,,1786969200000.0,2026-08-17,PORTALUSDT,FRENZY,2.9331632172240565,False,2.254601217922706,0.8247148203554738,379659806.042668,379659806.042668,,,,,14967749.344477031,,,,25.365190003182352,,,,
frenzy_today_bear,,,1787202000000.0,2026-08-20,REDUSDT,FRENZY,2.965996078132617,False,1.8822449268065595,0.4930446700628564,30276536.4598,30276536.4598,,,,,59805209.07603783,,,,0.5062524975258537,,,,
frenzy_today_bear,,,1787240100000.0,2026-08-20,AVAAIUSDT,WIDE,2.9005275578929415,False,2.2436485681122935,0.4435767174004638,40150320.723912,40150320.723912,,,,,19191068.251360655,,,,2.0921357893177897,,,,
frenzy_today_bear,,,1787250900000.0,2026-08-20,AVAAIUSDT,FRENZY,-3.1010465584755607,False,1.9914980922084664,0.813501661298153,66045510.581635,66045510.581635,,,,,19782515.61482598,,,,3.3385799797947477,,,,
frenzy_today_bear,,,1787283300000.0,2026-08-21,ONTUSDT,FRENZY,-3.1029865044518976,False,2.132319305183182,0.7622099195437647,61611660.089674,61611660.089674,,,,,53401105.745212324,,,,1.1537525156058739,,,,
frenzy_today_bear,,,1787340000000.0,2026-08-21,GPSUSDT,FRENZY,-3.1,False,2.014259241683864,0.7590003760839823,48428043.193247,48428043.193247005,,,,,94502258.83204153,,,,0.5124538163613418,,,,
frenzy_today_bear,,,1787431200000.0,2026-08-22,STXUSDT,WIDE,-3.10811597659557,False,1.6875624876399389,0.9653646962626294,102142856.5496,102142856.5496,44241063.00509808,352125807.07950056,,,417512195.42661345,,,,0.24464640235294338,0.2900748950971915,0.12563993355678596,20.666666666666668,
frenzy_today_bear,,,1787766900000.0,2026-08-26,EDENUSDT,WIDE,-3.1076615231289892,False,2.209802632935003,0.6801363574912294,70507415.18593,70507415.18593001,,,,,48285300.357524574,,,,1.4602252582848942,,,,
frenzy_today_bear,,,1787901900000.0,2026-08-28,HEMIUSDT,WIDE,2.908193061999699,False,2.281591796697807,0.8463604352511969,162831434.98795003,162831434.98795,,,,,30508202.522712737,,,,5.33730018563779,,,,
frenzy_today_bear,,,1787931300000.0,2026-08-28,HEMIUSDT,FRENZY,-3.1075237131038533,False,2.812932151947687,0.730703305670903,270185658.71953,270185658.71953,,,,,33032062.91322806,,,,8.179496976294844,,,,
frenzy_today_bear,,,1787945100000.0,2026-08-28,BTRUSDT,FRENZY,-3.101430291380501,False,1.4454708819440194,0.3981330174718308,259001125.39446,259001125.39445996,79013121.20648418,45780405.23922357,,,79431539.50479665,,,,3.2606836907500654,5.657466858169134,1.7259157229737148,19.416666666666668,
frenzy_today_bear,,,1787995500000.0,2026-08-29,BTRUSDT,WIDE,-3.1023016935297174,False,1.6211609727698548,0.988009932872929,197616190.26675,197616190.26674998,37776768.770725615,41213869.44388041,,,88536417.45465383,,,,2.2320328283891104,4.794895333374061,0.9166033007933171,9.416666666666666,
frenzy_today_bear,,,1788054000000.0,2026-08-30,ZKPUSDT,FRENZY,2.9127943165073735,False,2.725490070539225,0.98499173926475,60922021.72856,60922021.72856001,,,,,17456487.07111604,,,,3.489935946469045,,,,
frenzy_today_bear,,,1788059700000.0,2026-08-30,PROMUSDT,FRENZY,-3.1104986855386527,False,2.439378637486673,0.4591419454477063,413760907.3833,413760907.38330007,,,,,141962238.1974249,,,,2.914584277037733,,,,
frenzy_today_bear,,,1788123300000.0,2026-08-30,ZORAUSDT,FRENZY,2.9005634790388215,False,1.8901041115618624,0.4656537572073631,22431819.027179003,22431819.027179,,,,,51574261.96262645,,,,0.4349421237173366,,,,
frenzy_today_bear,,,1788260100000.0,2026-09-01,USELESSUSDT,WIDE,2.907300863022423,False,1.6892163999347318,0.81414658590172,227193702.06795,227193702.06795,,,,,99415950.13720877,,,,2.2852842200309804,,,,
frenzy_today_bear,,,1788365700000.0,2026-09-02,USELESSUSDT,WIDE,-3.1010177717795004,False,2.144713938896935,0.7522948448495842,316538718.65639997,316538718.65639997,,,,,135916687.7066653,,,,2.3289172506878053,,,,
frenzy_today_bear,,,1788449400000.0,2026-09-03,EDGEUSDT,WIDE,2.910389923490754,False,2.183102864405945,0.90805882834175,96096532.4421,96096532.4421,,,,,,,,,,,,,
frenzy_today_bear,,,1788459600000.0,2026-09-03,FLOCKUSDT,FRENZY,-3.1232721405939565,False,2.4269204463869865,0.5219942663271726,26500474.98394,26500474.983939998,,,,,19843983.30595578,,,,1.3354413060802366,,,,
frenzy_today_bear,,,1788492300000.0,2026-09-04,EDGEUSDT,FRENZY,2.913618587577839,False,2.529648133094806,0.4371392122490732,183038240.675,183038240.67499998,,,,,,,,,,,,,
frenzy_today_bear,,,1788634200000.0,2026-09-05,SUSHIUSDT,FRENZY,2.936236480896494,False,2.311000524587403,0.852422309317781,31999788.7829,31999788.782899998,,,,,72833143.45259175,,,,0.4393575131592277,,,,
frenzy_today_bear,,,1788765300000.0,2026-09-07,SOLVUSDT,FRENZY,2.9019861623846412,False,2.7217320908275946,0.7770094594003989,22998298.137647,22998298.137647,,,,,21615593.718616303,,,,1.063967913027522,,,,
frenzy_today_bear,,,1788782400000.0,2026-09-07,SOLVUSDT,WIDE,2.915041027108757,False,1.642326520879472,0.7568279860054519,25088452.079805,25088452.079805005,,,,,25161858.773708448,,,,0.99708262038335,,,,
frenzy_today_bear,,,1788789600000.0,2026-09-07,CATIUSDT,FRENZY,-3.1037018706088424,False,1.6798787212499493,0.5046926823167801,59222553.37556,59222553.37556,20637736.063842714,37821575.87492737,,,34807176.567592256,,,,1.7014466330113098,1.5658404496788758,0.5456603958568489,14.0,
frenzy_today_bear,,,1788798900000.0,2026-09-07,SOLVUSDT,WIDE,-3.1177390548564707,False,1.541037485546735,0.4993403975429563,43274142.551268,43274142.551268,,,,,26630234.148082536,,,,1.6250004528925208,,,,
frenzy_today_bear,,,1788813600000.0,2026-09-07,SOPHUSDT,FRENZY,2.9104905197630884,False,1.627727284693998,0.7584257947616887,84944187.545577,84944187.545577,,,,,22861564.60736172,,,,3.7155894185047984,,,,
frenzy_today_bear,,,1788932700000.0,2026-09-09,RAYSOLUSDT,WIDE,2.904774565783043,False,1.293491733613478,0.7984391367655135,58725028.77318,58725028.77318,,,,,,,,,,,,,
frenzy_today_bear,,,1788933600000.0,2026-09-09,USELESSUSDT,WIDE,2.9020473479195465,False,2.084127860740857,0.8705792779276218,483840125.39105,483840125.39105,,,,,326958796.42662567,,,,1.4798198754063214,,,,
frenzy_today_bear,,,1789017600000.0,2026-09-10,RAYSOLUSDT,FRENZY,2.9024701682212286,False,1.4247825594169403,0.7531004679179689,221687985.91603,221687985.91603,,,,,,,,,,,,,
frenzy_today_bear,,,1789107000000.0,2026-09-11,LSKUSDT,FRENZY,2.9025546242390967,False,1.7405056605377784,0.4471436388165851,40211036.35478,40211036.35478,,,,,29226454.73345692,,,,1.3758437936281238,,,,
frenzy_today_bear,,,1789246200000.0,2026-09-12,GRIFFAINUSDT,WIDE,-3.1123064614901983,False,1.8205451249758875,0.4022099405541277,70114921.126193,70114921.126193,,,,,16616043.437777715,,,,4.219712194949005,,,,
frenzy_today_bear,,,1789284600000.0,2026-09-13,PUNDIXUSDT,WIDE,-3.1070601223315606,False,2.2994363420507575,0.3400202965256172,28628445.94376,28628445.943759996,,,,,33344717.9535297,,,,0.8585601468771619,,,,
frenzy_today_bear,,,1789299600000.0,2026-09-13,PUNDIXUSDT,WIDE,-3.105132391582109,False,2.1446178457041993,0.5030796003962701,36426612.69793,36426612.69793,,,,,33099706.877221767,,,,1.1005116399685615,,,,
frenzy_today_bear,,,1789356000000.0,2026-09-14,REZUSDT,FRENZY,-3.1145805740931607,False,2.1886666095267087,0.5995518574187323,105816905.229157,105816905.229157,,,,,44872339.69603729,,,,2.358176684031962,,,,
frenzy_today_bear,,,1789439100000.0,2026-09-15,BRUSDT,FRENZY,2.901242631035862,False,2.9697610200406612,0.7141543094354551,533302189.70534,533302189.7053401,23979943.61859949,158358627.88746575,,,167465615.70617798,,,,3.184547391752527,3.3676863510355757,0.15142808408039715,2.4166666666666665,
frenzy_today_bear,,,1789439400000.0,2026-09-15,HIVEUSDT,FRENZY,-3.112969374091011,False,2.548217331129771,0.5311441593987479,26046436.81131,26046436.81131,,,,,34554950.689824454,,,,0.7537686001959774,,,,
frenzy_today_bear,,,1789886400000.0,2026-09-20,SKLUSDT,FRENZY,-3.1,False,2.958597166544865,0.7200666730403233,36775957.370796,36775957.370796,,,,,30795580.955636214,,,,1.1941959277785685,,,,
frenzy_today_bear,,,1789919700000.0,2026-09-20,SAGAUSDT,FRENZY,-3.1088199313114893,False,2.74754859919334,0.5429817578727347,41576987.177558005,41576987.177558005,,,,,34794461.60044483,,,,1.194931183445197,,,,
frenzy_today_bear,,,1789992600000.0,2026-09-21,ZETAUSDT,FRENZY,2.9018440423474803,False,2.650447449766046,0.7603935013436315,190438565.06251,190438565.06251,,,,,109210756.23857583,,,,1.7437711414294061,,,,
frenzy_today_bear,,,1790009700000.0,2026-09-21,SAGAUSDT,FRENZY,2.924366019659509,False,2.7404753463011584,0.4820334062720207,195587242.443948,195587242.443948,,,,,40399648.42361679,,,,4.8413105082768935,,,,
frenzy_today_bear,,,1790088600000.0,2026-09-22,BROCCOLI714USDT,FRENZY,2.9180051265437226,False,2.817593489856252,0.7714777475472762,28258437.14716,28258437.147160005,,,,,25087645.103238095,,,,1.1263885881227111,,,,
frenzy_today_bear,,,1790133300000.0,2026-09-23,NILUSDT,WIDE,-3.1012602972974244,False,2.5139763658901875,0.6182901041225674,107953209.503182,107953209.503182,,,,,59711698.07774288,,,,1.807907210453638,,,,
frenzy_today_bear,,,1790318100000.0,2026-09-25,PHAUSDT,FRENZY,2.906867274960835,False,2.0735790049074447,0.5637997937284571,27407783.03262,27407783.032619998,,,,,47635736.639148936,,,,0.5753617969685221,,,,
frenzy_today_bear,,,1790330400000.0,2026-09-25,PHAUSDT,FRENZY,2.901573784465318,False,2.3584997105481844,0.8615674053227406,46564541.07694,46564541.07694,,,,,51543958.28496612,,,,0.9033947455005901,,,,
frenzy_today_bear,,,1790337300000.0,2026-09-25,PHAUSDT,FRENZY,2.90528209360479,False,2.4492952946385023,0.9393386059825805,60970525.10417,60970525.104169995,,,,,53532351.753890656,,,,1.1389472553807378,,,,
frenzy_today_bear,,,1790378700000.0,2026-09-25,ARKUSDT,WIDE,-3.1288686865525537,False,2.055036318208604,0.7907308294603832,143160162.4672,143160162.46719998,19674063.258477546,38598446.2219991,,,50767637.6327831,,,,2.819909870589578,3.7089617971618285,0.5097112755607337,23.416666666666668,
frenzy_today_bear,,,1790413800000.0,2026-09-26,2ZUSDT,FRENZY,2.9025005648086313,False,1.9565783658811748,0.9089888650378364,44270019.04767,44270019.04767001,,,,,384260472.8404596,,,,0.11520836041351148,,,,
frenzy_today_bear,,,1790460900000.0,2026-09-26,RAREUSDT,FRENZY,-3.120235278064752,False,1.7604220651749989,0.5546684966067076,405059207.28371,405059207.28371,,,,,21550000.0,,,,18.796250918037586,,,,
frenzy_today_bear,,,1790483700000.0,2026-09-27,SOONUSDT,FRENZY,-3.128160841315407,False,2.512178300971016,0.9925884960132072,52872976.1291,52872976.1291,,,,,177222586.86424682,,,,0.2983421981623646,,,,
frenzy_today_bear,,,1790526600000.0,2026-09-27,SOONUSDT,FRENZY,2.916331266516782,False,2.971748677616752,0.7216369897976626,200245792.3626,200245792.36260003,,,,,203033466.1819115,,,,0.9862698801742674,,,,
frenzy_gated,,,1768099800000.0,2026-01-11,HYPERUSDT,FRENZY,2.941110095667778,False,2.1214003212300914,0.3972380781073713,46549347.348,46549347.348000005,,,,,66163608.86537173,,,,0.7035490981563235,,,,
frenzy_gated,,,1768199700000.0,2026-01-12,1000WHYUSDT,FRENZY,-3.3258870000694594,False,1.736012919904382,0.5445556852417271,32365760.2808586,32365760.280858602,,,,,,,,,,,,,
frenzy_gated,,,1768236900000.0,2026-01-12,DOLOUSDT,FRENZY,2.9063209293391137,False,3.0965495167559047,0.6974177141383747,158149996.21305,158149996.21304998,,,,,43661678.20612471,,,,3.622169433488822,,,,
frenzy_gated,,,1768303800000.0,2026-01-13,DASHUSDT,WIDE,2.902123963673421,False,2.3950057011377957,0.6345223916196859,396795633.55146,396795633.55146,,,,,808262266.5048673,,,,0.49092435709921955,,,,
frenzy_gated,,,1768325100000.0,2026-01-13,IPUSDT,WIDE,-3.103095640809604,False,2.708980263870114,0.384049519379224,952209069.7469,952209069.7469,,,,,,,,,,,,,
frenzy_gated,,,1768356000000.0,2026-01-14,PLAYUSDT,WIDE,-3.103521268984498,False,1.373537462968392,0.5762387420303399,125202461.90391,125202461.90391,,,,,83104060.22484791,,,,1.5065745472021446,,,,
frenzy_gated,,,1768383900000.0,2026-01-14,BERAUSDT,FRENZY,2.910152146616053,False,1.5449486366548546,0.4950498880976349,150137485.93294,150137485.93293998,22627435.389973525,142072905.2155624,,,264405434.31579486,,,,0.5678305603720005,1.0567636785152064,0.15926636648727416,9.75,
frenzy_gated,,,1768466100000.0,2026-01-15,DASHUSDT,WIDE,-3.1099875813787023,False,2.289354856155849,0.9469622624496316,2004574530.71049,2004574530.7104897,,,,,1039525454.4358441,,,,1.9283554069374693,,,,
frenzy_gated,,,1768484400000.0,2026-01-15,FHEUSDT,FRENZY,2.907799446509475,False,2.4451680313327517,0.52386604256529,128244239.79758,128244239.79758,,,,,39700097.42577142,,,,3.230325568781348,,,,
frenzy_gated,,,1768526100000.0,2026-01-16,BTRUSDT,WIDE,2.914295789321898,True,1.4735071776668365,0.9085874225475412,28463292.069950003,28463292.06995,13794930.491854524,12768892.837937899,,,25668939.33243153,,,,1.1088612467125953,2.229111985761379,1.0803544729319166,1.25,
frenzy_gated,,,1768582200000.0,2026-01-16,XAIUSDT,FRENZY,-3.145669047426801,True,1.8963911857450624,0.9230922072944558,55114636.70804,55114636.70804,,,,,42999064.47018022,,,,1.2817636240960988,,,,
frenzy_gated,,,1768586700000.0,2026-01-16,DUSKUSDT,WIDE,-3.1016374267186495,True,1.6845271933181214,0.8364735453027805,89456066.17144,89456066.17144,,,,,44307884.568291865,,,,2.0189649549520046,,,,
frenzy_gated,,,1768607400000.0,2026-01-16,XAIUSDT,FRENZY,2.905237313856325,False,1.3367803174585902,0.7946248530846609,90767040.15784,90767040.15784,,,,,44436594.6491243,,,,2.0426191717557436,,,,
frenzy_gated,,,1768631700000.0,2026-01-17,BTRUSDT,WIDE,2.907069985267731,True,1.5786703792839418,0.8774375723217134,68753324.2661,68753324.2661,28282247.104127295,15406495.52416639,,,30484299.916607324,,,,2.2553683192391234,4.462619299648944,1.8357352624264356,6.583333333333333,
frenzy_gated,,,1768653000000.0,2026-01-17,FHEUSDT,WIDE,-3.101592039716893,False,2.35859154331914,0.8655557588114547,180399169.11326,180399169.11325997,,,,,77296878.43163444,,,,2.333848051481339,,,,
frenzy_gated,,,1768654500000.0,2026-01-17,BERAUSDT,FRENZY,2.9052117062768237,False,1.526376354307927,0.8717857340832174,207319621.74719,207319621.74719,71981024.0623118,121176526.8724685,,,298299063.98034614,,,,0.6950059412886711,1.7108892877032387,0.5940178838271853,12.916666666666666,
frenzy_gated,,,1768665000000.0,2026-01-17,BTRUSDT,FRENZY,-3.1047002751466644,False,0.5538999049330542,0.7794692393749553,50125944.85249,50125944.85249001,28282247.104127295,15406495.52416639,,,34072692.990962796,,,,1.4711471401977256,3.2535591740420933,1.8357352624264356,15.833333333333334,
frenzy_gated,,,1768686000000.0,2026-01-17,STOUSDT,FRENZY,-3.1000335226455276,True,3.2404772236547372,0.6050074477428597,98937161.85844,98937161.85844,,,,,58389831.1935053,,,,1.6944245228344619,,,,
frenzy_gated,,,1768701600000.0,2026-01-18,BERAUSDT,FRENZY,2.9011898437579133,True,1.8873018084963948,0.6908272294844573,432857971.34376,432857971.34376,288715093.96473676,116375359.97945172,,,318705487.6436666,,,,1.3581754570467994,3.7194984524231702,2.4808953889871095,2.0,
frenzy_gated,,,1768711500000.0,2026-01-18,DUSKUSDT,FRENZY,-3.1023902555631575,False,1.7375835412029708,0.5404326711769939,547749754.4435699,547749754.44357,,,,,62894432.95514917,,,,8.709033990880837,,,,
frenzy_gated,,,1768729500000.0,2026-01-18,DUSKUSDT,WIDE,2.9068023789050614,False,1.811342808459084,0.4840024093166385,424593342.71094,424593342.71094,,,,,61711151.21268941,,,,6.88033417570782,,,,
frenzy_gated,,,1768734900000.0,2026-01-18,BERAUSDT,WIDE,2.904477187864242,True,1.4830695559141855,0.4074633378795393,608394506.65501,608394506.65501,288715093.96473676,116375359.97945172,,,320356265.4615256,,,,1.8991184885318793,5.227863585233451,2.4808953889871095,11.25,
frenzy_gated,,,1768804500000.0,2026-01-19,SCRTUSDT,FRENZY,-3.1004889446639137,True,2.957477733462512,0.6711369710093498,27624415.3866,27624415.386600003,,,,,,,,,,,,,
frenzy_gated,,,1768821600000.0,2026-01-19,ARPAUSDT,FRENZY,2.918190406208067,False,3.018437951494722,0.9615370904873866,33400746.3121,33400746.3121,7042143.262618899,23536206.6334575,,,33603511.77524507,,,,0.9939659442590032,1.4191219015140584,0.2992046837576731,11.333333333333334,
frenzy_gated,,,1768870500000.0,2026-01-20,RESOLVUSDT,WIDE,-3.10633223958343,True,1.846605080224726,0.6199289839094488,170440353.44873998,170440353.44873998,,,,,58522982.99781819,,,,2.9123661289632863,,,,
frenzy_gated,,,1768881900000.0,2026-01-20,DUSKUSDT,WIDE,2.9041631209362,True,1.8427308891233256,0.9405865782193048,1204707341.31534,1204707341.31534,,,,,105347172.41873717,,,,11.43559256177121,,,,
frenzy_gated,,,1768976700000.0,2026-01-21,NAORISUSDT,FRENZY,-3.1182349403985663,False,3.926164053069477,0.5718589814884707,199964932.81508,199964932.81508002,,,,,96172156.48937745,,,,2.0792393569459664,,,,
frenzy_gated,,,1769073900000.0,2026-01-22,AXSUSDT,FRENZY,2.926040057842162,False,1.1277203705699468,0.7160521022754747,724838801.074,724838801.074,762404166.7772088,404533549.1841787,,,661255970.1492537,,,,1.096154641765117,1.7917890927360158,1.884650032895285,9.416666666666666,
frenzy_gated,,,1769127000000.0,2026-01-23,AXSUSDT,WIDE,2.9280441888569055,False,1.4123273657514626,0.8520195325946851,643143976.217,643143976.217,661849920.7474527,460593376.72247046,,,730063432.8358209,,,,0.880942596616303,1.3963378735350878,1.436950582001636,0.16666666666666666,
frenzy_gated,,,1769148600000.0,2026-01-23,AXSUSDT,FRENZY,2.926370552682457,False,1.5072850107291358,0.996284468755689,652317335.197,652317335.197,661849920.7474527,460593376.72247046,,,692679850.7462686,,,,0.941729912446878,1.416254267134311,1.436950582001636,6.166666666666667,
frenzy_gated,,,1769166900000.0,2026-01-23,ENSOUSDT,FRENZY,-3.1111353523801664,False,2.130223013448126,0.8981273772344209,166682551.47324,166682551.47324002,,,,,24407619.256361887,,,,6.82911961721928,,,,
frenzy_gated,,,1769176200000.0,2026-01-23,AXSUSDT,FRENZY,2.9078068062573084,False,1.4502755327772323,0.8144069913518719,685897395.822,685897395.822,661849920.7474527,460593376.72247046,,,778282835.8208957,,,,0.8812958018000592,1.4891603537653257,1.436950582001636,13.833333333333334,
frenzy_gated,,,1769197800000.0,2026-01-23,KAIAUSDT,FRENZY,2.904173779613829,False,1.3351686273631993,0.5806704988688252,67436836.25756,67436836.25756,,,,,433518947.8385721,,,,0.1555568368897943,,,,
frenzy_gated,,,1769217300000.0,2026-01-24,ENSOUSDT,FRENZY,2.911317890191524,False,2.2323199536968494,0.5761085246729877,244219964.71305,244219964.71305,,,,,25371389.105874237,,,,9.62580187052138,,,,
frenzy_gated,,,1769237100000.0,2026-01-24,SOMIUSDT,WIDE,2.9215927518959863,False,3.0926348623018325,0.4718270906847177,43337508.9256,43337508.92560001,,,,,82716712.87233251,,,,0.5239268754851083,,,,
frenzy_gated,,,1769268000000.0,2026-01-24,ORDERUSDT,FRENZY,-3.103738579023284,False,2.291940456468033,0.6369398741980095,21077445.90266,21077445.90266,,,,,56013707.64488837,,,,0.3762908543081144,,,,
frenzy_gated,,,1769296200000.0,2026-01-24,SOMIUSDT,FRENZY,2.9226103115675097,False,1.6191532982045338,0.9290384734853692,422772637.4693,422772637.46930003,,,,,97066135.46380526,,,,4.355511172348534,,,,
frenzy_gated,,,1769310600000.0,2026-01-25,FLUIDUSDT,FRENZY,-3.120593288989114,True,3.3141265622598377,0.4154152097932269,69639108.9365,69639108.9365,,,,,325409814.7190189,,,,0.2140043286544113,,,,
frenzy_gated,,,1769314500000.0,2026-01-25,DUSKUSDT,FRENZY,-3.101788145728511,True,3.1190576910151124,0.6276729460003908,164722633.50904998,164722633.50905,,,,,105432408.81543979,,,,1.5623529364428939,,,,
frenzy_gated,,,1769335200000.0,2026-01-25,MIRAUSDT,FRENZY,-3.1542059610477944,True,3.077314369961669,0.6146645915086812,34960853.5521,34960853.552099995,,,,,64110166.60130646,,,,0.545324640466424,,,,
frenzy_gated,,,1769382000000.0,2026-01-25,AUCTIONUSDT,FRENZY,2.900727965518303,True,2.120306522274355,0.4982029178075148,424537934.07981,424537934.07981,12435030.437285796,38374373.33638889,,,54139530.30722359,,,,7.841551850758592,11.063058420741363,0.3240451727584083,23.0,
frenzy_gated,,,1769393400000.0,2026-01-26,TAIKOUSDT,WIDE,-3.14082073335331,False,2.9354627279721472,0.9225035229831304,57496095.6373,57496095.6373,,,,,211653522.5809323,,,,0.2716519665545117,,,,
frenzy_gated,,,1769409900000.0,2026-01-26,BTRUSDT,FRENZY,-3.104263482594437,False,3.819190444886142,0.5566963223157337,37379096.90286,37379096.90286,4211759.206259454,17810236.994846366,,,48703793.65370117,,,,0.7674781387387763,2.098742252204513,0.23647968342466097,6.75,
frenzy_gated,,,1769484000000.0,2026-01-27,ENSOUSDT,FRENZY,-3.1048658067253196,False,2.1331716255681252,0.541079208713194,300925073.86844,300925073.86844003,,,,,43603194.81735483,,,,6.901445527763636,,,,
frenzy_gated,,,1769549400000.0,2026-01-27,BTRUSDT,WIDE,2.900708972690881,False,1.8384717751665536,0.5002989351262281,456016411.70581,456016411.70580995,83159315.73582466,37007675.27527494,,,65209428.011998385,,,,6.993105531026955,12.32221176590569,2.247082939343232,21.5,
frenzy_gated,,,1769600700000.0,2026-01-28,JTOUSDT,FRENZY,2.908357085745551,False,2.4668966053974,0.8079017429665355,113650355.5881,113650355.5881,,,,,460837580.488796,,,,0.2466169435824974,,,,
frenzy_gated,,,1769605500000.0,2026-01-28,SOMIUSDT,FRENZY,2.919297678872669,False,1.90348965124092,0.7898518257913515,299485159.0591,299485159.0591,,,,,94190321.43204314,,,,3.1795746580520365,,,,
frenzy_gated,,,1769618700000.0,2026-01-28,PLAYUSDT,WIDE,2.906574464902413,False,2.1332212862562616,0.7237670849121037,87486101.19308,87486101.19308001,,,,,119556872.67734995,,,,0.7317530078691515,,,,
frenzy_gated,,,1769630700000.0,2026-01-28,PLAYUSDT,WIDE,2.9028695722922673,False,1.6064444402314777,0.9681329731625958,129405883.01149,129405883.01149,,,,,126315534.01539299,,,,1.024465312363881,,,,
frenzy_gated,,,1769687400000.0,2026-01-29,PLAYUSDT,FRENZY,-3.102143643467535,False,1.9296241103788456,0.8463817157374907,283868521.71437997,283868521.71438,,,,,133348937.68425079,,,,2.1287647779132355,,,,
frenzy_gated,,,1769773500000.0,2026-01-30,ENSOUSDT,FRENZY,2.903235781526116,False,2.124430578233218,0.9164224629904916,89107025.82514,89107025.82514,,,,,40708928.91958614,,,,2.188881608778173,,,,
frenzy_gated,,,1769812800000.0,2026-01-30,ENSOUSDT,WIDE,2.900250229655678,False,1.4649816063266,0.26758974793889,380265520.05384,380265520.05384004,,,,,48590555.97111966,,,,7.825914160765214,,,,
frenzy_gated,,,1769839500000.0,2026-01-31,INITUSDT,FRENZY,2.9100949569598646,True,2.2273336124665137,0.9737985477285938,47719953.9258,47719953.925799996,,,,,35769668.622691974,,,,1.3340899081051834,,,,
frenzy_gated,,,1769846100000.0,2026-01-31,ENSOUSDT,FRENZY,-3.1028017363754254,True,1.4820490333160228,0.6117695804179891,587518793.68549,587518793.68549,,,,,47192202.78455727,,,,12.449488665906143,,,,
frenzy_gated,,,1770021300000.0,2026-02-02,AUCTIONUSDT,FRENZY,2.907113579187183,False,2.847521918001148,0.4536069416794684,71497291.15881999,71497291.15882,16842741.718936596,33742235.27071576,,,43645591.92000001,,,,1.6381331541996416,2.1189257494411207,0.4991590386293729,8.583333333333334,
frenzy_gated,,,1770031200000.0,2026-02-02,FUSDT,FRENZY,2.9101567109417483,False,2.142449787743319,0.5480319813260637,51528200.645815,51528200.645815,,,,,32566869.347754728,,,,1.5822276343356145,,,,
frenzy_gated,,,1770123600000.0,2026-02-03,ANKRUSDT,FRENZY,-3.112234177894456,False,1.6046146997017527,0.5533708878968282,39664056.234419,39664056.234419,11464334.34058864,58113042.32033147,,,60660153.09376994,,,,0.653873328890307,0.6825327783698241,0.19727644402774144,13.0,
frenzy_gated,,,1770125700000.0,2026-02-03,CHESSUSDT,WIDE,1.9,False,2.7238837079058213,0.829585902612208,24774304.26024,24774304.260239996,,,,,,,,,,,,,
frenzy_gated,,,1770315600000.0,2026-02-05,C98USDT,FRENZY,3.0048826652606677,True,3.4510114664520324,0.8478728131804991,121684453.433,121684453.433,12474786.162265072,24902416.263325762,,,31292746.73008323,,,,3.8885833347450722,4.886451665825171,0.5009468169816482,18.333333333333332,
frenzy_gated,,,1770460800000.0,2026-02-07,LAUSDT,FRENZY,2.9305673009347513,False,2.316749352487428,0.495796162917619,428508769.09137,428508769.09137,,,,,115560515.99102288,,,,3.708089786693735,,,,
frenzy_gated,,,1770639000000.0,2026-02-09,GPSUSDT,WIDE,-3.1061614458472095,False,2.312401395500691,0.8998803989421531,103539985.871722,103539985.871722,,,,,86439240.15552983,,,,1.1978354470194654,,,,
frenzy_gated,,,1770666300000.0,2026-02-09,GPSUSDT,WIDE,2.9057653310334843,False,2.205469875760739,0.7689541257117546,373112304.606026,373112304.606026,,,,,97676209.9492014,,,,3.819889252460461,,,,
frenzy_gated,,,1770837900000.0,2026-02-11,TAKEUSDT,WIDE,2.9507963406620665,False,2.2806636257331023,0.5486296767544104,28764856.10216,28764856.10216,,,,,10503668.388533346,,,,2.7385533356671887,,,,
frenzy_gated,,,1770860100000.0,2026-02-12,TAKEUSDT,FRENZY,2.913552621866234,False,3.5547886879913526,0.9754396165275836,71494421.65957001,71494421.65957001,,,,,12675408.526399823,,,,5.640403740097556,,,,
frenzy_gated,,,1770918300000.0,2026-02-12,TAKEUSDT,FRENZY,2.9238312006093516,True,2.621140067526808,0.3084849491137186,453306028.16395,453306028.16394997,,,,,14760279.058751643,,,,30.711209886995764,,,,
frenzy_gated,,,1770926700000.0,2026-02-12,TNSRUSDT,FRENZY,2.9002146606482717,True,3.3700671515951743,0.9034764403070694,148222548.461891,148222548.461891,,,,,40955902.28221785,,,,3.619076621497018,,,,
frenzy_gated,,,1771016100000.0,2026-02-13,COMPUSDT,FRENZY,-3.1420266634666336,False,1.898120952536451,0.3815016784313072,72534073.43059,72534073.43059,,,,,215843665.28431818,,,,0.3360491183980087,,,,
frenzy_gated,,,1771025700000.0,2026-02-13,NAORISUSDT,WIDE,1.9,False,2.7252696855023393,0.5180246250498811,39278763.68805,39278763.68805,,,,,61856601.99537502,,,,0.6349971130161151,,,,
frenzy_gated,,,1771041900000.0,2026-02-14,TAKEUSDT,WIDE,2.910923867680727,False,3.1117859017726808,0.9198162475626104,196672041.21825,196672041.21825004,,,,,19655192.482534174,,,,10.006111178662588,,,,
frenzy_gated,,,1771274100000.0,2026-02-16,RPLUSDT,WIDE,2.920480291128104,False,3.3012219191570824,0.9059789711014088,81434167.0933,81434167.0933,,,,,64108049.96721888,,,,1.2702642980864445,,,,
frenzy_gated,,,1771277400000.0,2026-02-16,OGNUSDT,FRENZY,-3.1529647515110657,False,2.958592369068933,0.5857063240572588,21525190.9035,21525190.9035,,,,,38407706.088222966,,,,0.5604393778179925,,,,
frenzy_gated,,,1771285200000.0,2026-02-16,RPLUSDT,FRENZY,-3.127895105219379,False,2.3862490006110457,0.4678136957913237,173948212.0724,173948212.07239997,,,,,61544643.47085025,,,,2.8263745187635716,,,,
frenzy_gated,,,1771380300000.0,2026-02-18,CYBERUSDT,WIDE,-3.1019574597563757,True,2.006904778712065,0.8689728465676104,50980985.29004,50980985.290039994,,,,,56658312.10549894,,,,0.8997971064706685,,,,
frenzy_gated,,,1771388100000.0,2026-02-18,ORCAUSDT,FRENZY,-3.171257741241927,False,1.5192437682114284,0.8924682258835666,561269424.7895,561269424.7895,,,,,71751955.34868814,,,,7.822357203534549,,,,
frenzy_gated,,,1771396500000.0,2026-02-18,CYBERUSDT,WIDE,-3.1103103475874736,False,1.2305075394386005,0.8115348187856178,120239193.82872,120239193.82872,,,,,56946590.09613473,,,,2.1114379917346673,,,,
frenzy_gated,,,1771397100000.0,2026-02-18,ORCAUSDT,FRENZY,2.9241879573663767,False,1.1716490309785992,0.6865935872635499,572158295.8666999,572158295.8666999,,,,,70834411.16264352,,,,8.077405973672347,,,,
frenzy_gated,,,1771407300000.0,2026-02-18,ORCAUSDT,WIDE,2.9088225037584805,False,1.0311202354677895,0.501069034575233,504527486.8522,504527486.85220003,,,,,73158856.43395653,,,,6.896328229346469,,,,
frenzy_gated,,,1771407600000.0,2026-02-18,NAORISUSDT,WIDE,2.9171491188501277,False,2.038964061508739,0.4347909314969244,36386081.914919995,36386081.91492,,,,,80481881.4383274,,,,0.45210277474442934,,,,
frenzy_gated,,,1771440900000.0,2026-02-18,NAORISUSDT,WIDE,2.9036148688923027,True,2.18147452516453,0.9549570983554656,151244312.18462002,151244312.18461996,,,,,92351113.03576879,,,,1.6377096844089043,,,,
frenzy_gated,,,1771453800000.0,2026-02-18,ORCAUSDT,WIDE,2.9638469297646366,True,0.9225626423724624,0.6107879794628945,337898811.8306,337898811.8306,,,,,79275817.6742539,,,,4.262318847583935,,,,
frenzy_gated,,,1771469400000.0,2026-02-19,RPLUSDT,FRENZY,2.9107763081345452,False,1.4339433251625937,0.697932018966321,35866465.175400004,35866465.1754,,,,,53099134.56763577,,,,0.6754623303646237,,,,
frenzy_gated,,,1771579800000.0,2026-02-20,BIOUSDT,WIDE,-3.120402347251171,False,2.7300821265448887,0.8339211945082425,82288816.40824999,82288816.40825002,,,,,81984247.97440702,,,,1.0037149628296655,,,,
frenzy_gated,,,1771616700000.0,2026-02-20,RPLUSDT,FRENZY,-3.138020681932606,False,1.7241612622838698,0.4333491844293571,30883058.1748,30883058.1748,,,,,58912574.30047175,,,,0.5242184464268556,,,,
frenzy_gated,,,1771756800000.0,2026-02-22,AGLDUSDT,FRENZY,-3.1138115370433193,False,2.8778196319671068,0.4792995184894044,172111338.3216,172111338.32159996,64885154.27624447,23132695.99388106,,,32948636.41961694,,,,5.223625528221508,7.4401763792307625,2.804911035592546,10.666666666666666,
frenzy_gated,,,1771777800000.0,2026-02-22,BELUSDT,WIDE,-3.1056839709186588,True,2.2069674996664164,0.601444298423795,32126016.723,32126016.723,1534475.7394048038,9994822.859578323,,,12684379.848126074,,,,2.5327226957608127,3.2142657428103116,0.15352705705376982,16.5,
frenzy_gated,,,1771816500000.0,2026-02-23,PROMPTUSDT,FRENZY,-3.101260084972156,True,4.825602465238977,0.5843347780157436,51942956.58436,51942956.584359996,,,,,,,,,,,,,
frenzy_gated,,,1771902000000.0,2026-02-24,STEEMUSDT,WIDE,2.9087950933458298,True,1.3789627337971602,0.5436924284485022,20248804.72661,20248804.72661,,,,,30814939.173933923,,,,0.6571100014936353,,,,
frenzy_gated,,,1771993200000.0,2026-02-25,STEEMUSDT,FRENZY,2.909868491259916,False,1.797478659434056,0.6183012757438477,147800053.02315,147800053.02315,,,,,33509632.342723917,,,,4.410673668738189,,,,
frenzy_gated,,,1772020800000.0,2026-02-25,STEEMUSDT,FRENZY,-3.115079289865118,False,1.508216206504602,0.6472630252591935,103319095.75275,103319095.75275,,,,,32768591.72130667,,,,3.1529916400273694,,,,
frenzy_gated,,,1772043000000.0,2026-02-25,GRIFFAINUSDT,WIDE,2.990910887151378,False,2.4571229857778,0.591018149056356,20030349.48072,20030349.48072,,,,,10091608.125093201,,,,1.98485209021481,,,,
frenzy_gated,,,1772185800000.0,2026-02-27,SAHARAUSDT,FRENZY,2.9319058791929655,False,2.6152391470254894,0.9099685649308072,61322053.15598,61322053.15597999,,,,,100365919.55345117,,,,0.6109848186397788,,,,
frenzy_gated,,,1772211600000.0,2026-02-27,SAHARAUSDT,FRENZY,-3.110960398388428,True,2.4708528986441047,0.6434220240005125,432957202.8011899,432957202.80118996,,,,,116718513.32224964,,,,3.709413275388737,,,,
frenzy_gated,,,1772240400000.0,2026-02-28,ATHUSDT,FRENZY,-3.1026215716089864,False,1.7068901701990185,0.6978728825583554,72954474.34375,72954474.34375,101922051.41425714,110072349.81471637,,,128339367.20933536,,,,0.5684496965358523,0.66278656235243,0.9259550794165969,1.0,
frenzy_gated,,,1772269200000.0,2026-02-28,LAYERUSDT,FRENZY,-3.17804641919459,True,2.5028596252484583,0.903852429570486,82599739.74125001,82599739.74125,,,,,49459992.77168267,,,,1.6700313751064844,,,,
frenzy_gated,,,1772295600000.0,2026-02-28,SKYAIUSDT,FRENZY,2.902253316154725,False,1.5399840382856178,0.6616278355975429,31180582.17789,31180582.177890003,,,,,,,,,,,,,
frenzy_gated,,,1772384700000.0,2026-03-01,HIPPOUSDT,FRENZY,2.905050196337268,False,2.031108954913697,0.8163520366738926,26834574.1985737,26834574.198573697,,,,,,,,,,,,,
frenzy_gated,,,1772431500000.0,2026-03-02,SAHARAUSDT,FRENZY,-3.1251810854870596,False,1.238115385811916,0.8019052028255945,300896913.03384995,300896913.03384995,,,,,122619449.29998118,,,,2.4539085336921027,,,,
frenzy_gated,,,1772472300000.0,2026-03-02,FORMUSDT,FRENZY,2.9361347849335986,False,2.6995810449813264,0.5541723883764532,40909505.190500006,40909505.1905,,,,,104902953.84567635,,,,0.38997476897249556,,,,
frenzy_gated,,,1772486100000.0,2026-03-02,SAHARAUSDT,WIDE,2.92538140810812,False,1.223176265722272,0.5245996092560147,261626790.22354,261626790.22354,,,,,130220654.96621169,,,,2.0091036271582587,,,,
frenzy_gated,,,1772511000000.0,2026-03-03,SAHARAUSDT,WIDE,2.930666919970905,False,1.800969946446202,0.9121202490578206,265268983.65981,265268983.65981004,,,,,143972836.27024707,,,,1.8424932822875117,,,,
frenzy_gated,,,1772599200000.0,2026-03-04,FORMUSDT,WIDE,2.917501199560181,True,1.3775746486762728,0.814081608518357,140619080.07682,140619080.07682002,,,,,136442653.8903859,,,,1.0306093883939647,,,,
frenzy_gated,,,1772653800000.0,2026-03-04,SIGNUSDT,FRENZY,-3.1163957258375605,False,3.3592730945456712,0.3991013592320304,37093282.56068,37093282.56068,,,,,97234708.47784026,,,,0.3814819125943443,,,,
frenzy_gated,,,1772680800000.0,2026-03-05,BARDUSDT,WIDE,-3.1072192721503953,False,3.017084298435523,0.6201515720442806,196559109.1084,196559109.10840002,,,,,503998898.10426545,,,,0.38999908501334973,,,,
frenzy_gated,,,1772695800000.0,2026-03-05,BARDUSDT,WIDE,-3.100571837217224,False,1.807496752701003,0.6260326804508239,300853450.86,300853450.86,,,,,552822422.985782,,,,0.544213545527146,,,,
frenzy_gated,,,1772718300000.0,2026-03-05,BARDUSDT,FRENZY,2.900129897195215,False,1.7746868199608932,0.8728777406727277,481584949.7223999,481584949.72239995,,,,,507137031.9905214,,,,0.9496150336964566,,,,
frenzy_gated,,,1772737200000.0,2026-03-05,BARDUSDT,WIDE,2.904136069826625,False,1.4970228854240806,0.4865903875451347,519899075.6018,519899075.60179996,,,,,586429647.5118483,,,,0.8865497810481962,,,,
frenzy_gated,,,1772739000000.0,2026-03-05,HUMAUSDT,FRENZY,-3.1019830201649987,False,2.581025169175703,0.7323354921407806,164565780.044579,164565780.044579,,,,,63866359.3768437,,,,2.576720853517859,,,,
frenzy_gated,,,1772757000000.0,2026-03-06,BARDUSDT,FRENZY,-3.10345975784818,True,1.557517648320394,0.7287382254990424,567260725.4813,567260725.4813,,,,,589677251.1848341,,,,0.9619850932717978,,,,
frenzy_gated,,,1772757000000.0,2026-03-06,PHAUSDT,FRENZY,2.912416269432995,True,1.0479420458484003,0.7287382254990424,223073919.24001,223073919.24001002,,,,,40247826.422713816,,,,5.54250847976522,,,,
frenzy_gated,,,1772767800000.0,2026-03-06,PHAUSDT,FRENZY,-3.1178776584196752,False,1.5201834788080302,0.5848586460168829,201855814.00958,201855814.00958002,,,,,39776440.039994635,,,,5.074758168569558,,,,
frenzy_gated,,,1772780400000.0,2026-03-06,HUMAUSDT,WIDE,-3.1038107848780014,True,2.030157837759057,0.7812002650495492,252927020.459454,252927020.45945403,,,,,71721674.44668767,,,,3.5265074666858256,,,,
frenzy_gated,,,1772859900000.0,2026-03-07,BANANAS31USDT,WIDE,-3.121244476837425,True,1.565047431202796,0.7723453083650044,108424843.830028,108424843.83002801,37241981.47824042,62864795.76617187,,,74020054.89742848,,,,1.4648036127543427,1.7247307099082698,0.5924139420855429,5.083333333333333,
frenzy_gated,,,1772910300000.0,2026-03-07,BANANAUSDT,FRENZY,-3.1083211464405167,True,2.2130236795776934,0.5994931796814371,47685220.1371,47685220.1371,4393559.648807096,38364160.93073086,,,21238883.340915017,,,,2.2451848984564187,1.2429626761080208,0.11452250074594285,19.083333333333332,
frenzy_gated,,,1772916300000.0,2026-03-07,BANANAUSDT,FRENZY,-3.1171158952341336,True,1.5631178073314722,0.5388029656907164,72044848.6241,72044848.6241,4393559.648807096,38364160.93073086,,,21021831.92145828,,,,3.4271441658021904,1.8779206133083934,0.11452250074594285,20.75,
frenzy_gated,,,1772937000000.0,2026-03-08,SIGNUSDT,FRENZY,-3.1177028053714237,True,1.8104582430037663,0.9196471797408968,305723224.10025,305723224.10025,,,,,144345771.12777054,,,,2.117992246753339,,,,
frenzy_gated,,,1772979000000.0,2026-03-08,BANANAS31USDT,FRENZY,-3.111567276829795,True,3.3392601723717075,0.8649394366022612,159208011.290068,159208011.290068,53511801.06652752,70670541.98108797,,,71073683.90638544,,,,2.2400416376301604,2.252820012795054,0.7572009435111978,14.166666666666666,
frenzy_gated,,,1772990100000.0,2026-03-08,BABYUSDT,FRENZY,2.910216420029578,True,2.242203517078053,0.9682065995942506,30973331.452990003,30973331.452990003,23616915.04107366,40588455.10308471,,,67773394.91639727,,,,0.4570131316455011,0.7631069321146948,0.5818628716242709,17.25,
frenzy_gated,,,1773011700000.0,2026-03-08,SIGNUSDT,FRENZY,2.907424626511147,True,1.7705847566981168,0.6979548117420876,307477305.66871,307477305.66871,,,,,153354829.39334792,,,,2.005005690952485,,,,
frenzy_gated,,,1773067500000.0,2026-03-09,PHAUSDT,FRENZY,-3.1,False,1.6907378600724725,0.6167161516639155,42583760.06665,42583760.06665,,,,,33322731.927493896,,,,1.2779192342124575,,,,
frenzy_gated,,,1773106200000.0,2026-03-10,DOGSUSDT,FRENZY,-3.341865600346249,False,2.2183162560560796,0.7713650552249959,82303744.43289651,82303744.43289651,,,,,18982168.709292296,,,,4.3358451657110475,,,,
frenzy_gated,,,1773134400000.0,2026-03-10,FLOWUSDT,WIDE,2.9097337962704652,False,1.4479404953184525,0.8415966928896594,200165433.941234,200165433.941234,,,,,113113349.59751493,,,,1.7696004463971031,,,,
frenzy_gated,,,1773161100000.0,2026-03-10,FLOWUSDT,FRENZY,2.9118545459731595,False,1.6769680059668188,0.3727502632130846,315330535.892651,315330535.892651,,,,,121745102.87910387,,,,2.590088048188539,,,,
frenzy_gated,,,1773163800000.0,2026-03-10,PLAYUSDT,WIDE,2.9266491275423703,False,2.084745171702074,0.9138017602637062,43182340.69589,43182340.69589,,,,,36947348.647968605,,,,1.1687534363379604,,,,
frenzy_gated,,,1773189000000.0,2026-03-11,PLAYUSDT,WIDE,2.911838368832155,False,1.8966194828398772,0.6777135553475574,93902692.38667,93902692.38667,,,,,40024462.7530939,,,,2.346132488172157,,,,
frenzy_gated,,,1773202200000.0,2026-03-11,PIXELUSDT,FRENZY,2.9077897952260803,False,2.3584288287382247,0.6502118878727227,398842888.240479,398842888.240479,,,,,31528088.490836103,,,,12.650398655040757,,,,
frenzy_gated,,,1773205500000.0,2026-03-11,DEGOUSDT,FRENZY,2.9061725613288805,False,1.4390030607099369,0.92797137137894,126261774.01866,126261774.01866001,,,,,,,,,,,,,
frenzy_gated,,,1773213300000.0,2026-03-11,XAIUSDT,FRENZY,-3.159498886411759,False,1.7975515858842082,0.7655925587441541,32617266.27172,32617266.271720003,,,,,26298346.21480049,,,,1.2402782291064098,,,,
frenzy_gated,,,1773249000000.0,2026-03-11,ACXUSDT,FRENZY,-3.1007069781346694,False,4.767375172379298,0.6931448954661688,163073520.822159,163073520.822159,,,,,,,,,,,,,
frenzy_gated,,,1773262500000.0,2026-03-11,OGNUSDT,WIDE,3.012841455161986,False,3.4240761888096363,0.8370453064602229,53179638.8867,53179638.886700004,,,,,39972464.48440983,,,,1.3304068081026446,,,,
frenzy_gated,,,1773279600000.0,2026-03-12,ACXUSDT,FRENZY,2.9106451522713086,False,2.341653898845481,0.912009791846717,325384754.579005,325384754.57900506,,,,,,,,,,,,,
frenzy_gated,,,1773332400000.0,2026-03-12,OXTUSDT,FRENZY,6.42442656979763,False,2.4322246566313392,0.5327606522023831,24704123.1567,24704123.1567,,,,,,,,,,,,,
frenzy_gated,,,1773416100000.0,2026-03-13,PIXELUSDT,FRENZY,-3.1022230997673303,False,2.332097280781889,0.8873195191656932,731824931.201085,731824931.2010851,,,,,50860169.223304436,,,,14.388959816235895,,,,
frenzy_gated,,,1773422100000.0,2026-03-13,BANANAS31USDT,FRENZY,-3.1055971145100933,False,2.790693879764043,0.5621522674535706,66367119.241705,66367119.241705,26217087.98652999,78097081.30308953,,,97841564.57671194,,,,0.6783121215285797,0.8498028112489718,0.3356986912837784,17.25,
frenzy_gated,,,1773444300000.0,2026-03-13,BANANAS31USDT,FRENZY,2.901848972906353,False,1.7699531580068688,0.852627774674543,148274319.979397,148274319.979397,26217087.98652999,78097081.30308953,,,110589128.86449002,,,,1.340767591732135,1.8985897744879134,0.3356986912837784,23.416666666666668,
frenzy_gated,,,1773467400000.0,2026-03-14,TAGUSDT,WIDE,2.916437415500829,False,1.0838692898782127,0.652007926196564,35078165.242573895,35078165.2425739,,,,,63791803.745569,,,,0.5498851448452803,,,,
frenzy_gated,,,1773510600000.0,2026-03-14,CUSDT,WIDE,2.9285969869765407,False,1.6053459955760483,0.5580945408772152,27342672.64213,27342672.64213,,,,,30012464.26775832,,,,0.9110439048986585,,,,
frenzy_gated,,,1773525600000.0,2026-03-14,CUSDT,FRENZY,2.9058512331434208,False,2.3291744999594934,0.6277942743660884,140030411.67512,140030411.67512,,,,,33996224.92518297,,,,4.118998858940699,,,,
frenzy_gated,,,1773542400000.0,2026-03-15,XANUSDT,WIDE,-3.104941257736825,False,3.096791133861643,0.648590977718584,55230917.200066,55230917.20006601,3559669.235906522,18922232.66143638,,,27277349.2511787,,,,2.024790484276231,2.918837231751565,0.18812099500082508,2.6666666666666665,
frenzy_gated,,,1773563100000.0,2026-03-15,COSUSDT,FRENZY,-3.135368528331116,False,2.4378018238254726,0.9396298976002796,720538505.997183,720538505.9971831,,,,,,,,,,,,,
frenzy_gated,,,1773604200000.0,2026-03-15,REZUSDT,FRENZY,2.9093643532242655,False,2.628457202045297,0.974268555522514,72289223.686681,72289223.686681,,,,,41011448.801357426,,,,1.76265959383245,,,,
frenzy_gated,,,1773680100000.0,2026-03-16,DEGOUSDT,FRENZY,2.9058883543653615,False,2.2158730808612948,0.7339775819902852,59477391.718990006,59477391.71899,,,,,,,,,,,,,
frenzy_gated,,,1773700200000.0,2026-03-16,XANUSDT,WIDE,2.905403146348641,False,1.5561580794805805,0.7502157560337959,117981855.325983,117981855.32598299,60232276.87909369,26176991.225055397,,,29704337.76462975,,,,3.9718729385870746,4.507082357618558,2.300962565225684,22.5,
frenzy_gated,,,1773713700000.0,2026-03-17,ANIMEUSDT,WIDE,2.9051601893188352,False,2.068607488378741,0.8692470285567742,32169513.664235,32169513.664235,9720240.073278679,35500069.8892541,,,48713072.24723137,,,,0.660387698418331,0.9061816994893505,0.2738090404780021,2.25,
frenzy_gated,,,1773735300000.0,2026-03-17,ANIMEUSDT,FRENZY,2.911610213385997,False,1.9186151284679949,0.8200324229271466,196247755.113605,196247755.113605,9720240.073278679,35500069.8892541,,,52665826.91148366,,,,3.726282612887516,5.528094894624682,0.2738090404780021,8.25,
frenzy_gated,,,1773767700000.0,2026-03-17,VANRYUSDT,FRENZY,-3.105902972951234,False,2.559961219389149,0.6775232358247707,75008973.22589901,75008973.225899,,,,,,,,,,,,,
frenzy_gated,,,1773785400000.0,2026-03-17,VANRYUSDT,FRENZY,2.9126596689197606,False,1.8259507416406944,0.9063867524212156,118107398.131925,118107398.13192502,,,,,,,,,,,,,
frenzy_gated,,,1773817800000.0,2026-03-18,ENJUSDT,FRENZY,2.94170499312756,True,1.8298234789011925,0.939433147249834,31944260.66435,31944260.66435,,,,,47217125.39927344,,,,0.6765397171942523,,,,
frenzy_gated,,,1773848100000.0,2026-03-18,COSUSDT,FRENZY,-3.105288130164373,True,3.4014349352006548,0.5910787171358174,33544800.645178,33544800.645177998,,,,,,,,,,,,,
frenzy_gated,,,1773859200000.0,2026-03-18,DEGOUSDT,FRENZY,-3.102618662434696,True,2.3765110041447937,0.4658453345492616,101700321.18426,101700321.18426001,,,,,,,,,,,,,
frenzy_gated,,,1773869700000.0,2026-03-18,DEGOUSDT,FRENZY,2.905307878509046,True,1.9402641845048876,0.6260011148321247,110632294.41775,110632294.41775,,,,,,,,,,,,,
frenzy_gated,,,1773894300000.0,2026-03-19,AINUSDT,WIDE,2.9033166305494142,True,2.3442295987018653,0.6043907038283166,94397355.75478,94397355.75478001,,,,,41624596.9079035,,,,2.267826303847191,,,,
frenzy_gated,,,1773908400000.0,2026-03-19,XANUSDT,FRENZY,2.9048803836039263,True,1.9582390676925032,0.6044674567232121,36029661.515714,36029661.515714,18437155.8319413,29258618.800128866,,,33229726.234168436,,,,1.0842599563359185,1.231420449537943,0.6301444356580528,8.333333333333334,
frenzy_gated,,,1773911700000.0,2026-03-19,DEGOUSDT,FRENZY,2.9061037449057427,True,4.575044669398207,0.9528927837758638,205263803.27439,205263803.27438998,,,,,,,,,,,,,
frenzy_gated,,,1773930000000.0,2026-03-19,XANUSDT,FRENZY,-3.1039890414876523,True,2.4031868250798865,0.5200040135443149,114189697.46837,114189697.46837,18437155.8319413,29258618.800128866,,,37360610.80706295,,,,3.0564194482276146,3.9027712910312453,0.6301444356580528,14.333333333333334,
frenzy_gated,,,1773989400000.0,2026-03-20,WAXPUSDT,FRENZY,-3.1072258919814897,True,1.005979194756527,0.5172929926164995,24409778.173041,24409778.173040997,,,,,33988293.36246839,,,,0.718181931429235,,,,
frenzy_gated,,,1774023000000.0,2026-03-20,WAXPUSDT,FRENZY,2.9068395789509496,True,1.4004152525561446,0.8824892985437937,107834720.905705,107834720.905705,,,,,36219754.83661851,,,,2.977234975557678,,,,
frenzy_gated,,,1774072500000.0,2026-03-21,PIXELUSDT,FRENZY,-3.1095643706118157,False,1.2785046783580047,0.8623432628530951,71603455.545237,71603455.545237,,,,,35353468.74011028,,,,2.025358701620113,,,,
frenzy_gated,,,1774156800000.0,2026-03-22,ORDERUSDT,FRENZY,2.905872529592425,True,0.9376234235539042,0.884385014889206,22281747.03387,22281747.033869997,,,,,35314524.50468697,,,,0.6309513534838265,,,,
frenzy_gated,,,1774275600000.0,2026-03-23,LIGHTUSDT,FRENZY,2.9124129020362557,False,3.003882275044246,0.4636808765192267,51573983.40710001,51573983.40710001,4432365.5548760025,12112530.101273593,,,14293435.18585667,,,,3.6082287243399946,4.257903425286611,0.36593226335181234,14.333333333333334,
frenzy_gated,,,1774277700000.0,2026-03-23,A2ZUSDT,WIDE,2.5221148752265363,False,3.25182718262791,0.3634114485149172,27134653.3971838,27134653.3971838,,,,,,,,,,,,,
frenzy_gated,,,1774353300000.0,2026-03-24,ONTUSDT,WIDE,2.918809423607517,False,2.6525865276938165,0.6774528903031851,90347840.82104,90347840.82103999,,,,,57690391.34054954,,,,1.5660812610493788,,,,
frenzy_gated,,,1774401600000.0,2026-03-25,ONTUSDT,FRENZY,-3.179531544466384,False,3.050588893751341,0.7117119880275393,647841966.48579,647841966.48579,,,,,66688892.589508735,,,,9.714390827771913,,,,
frenzy_gated,,,1774490700000.0,2026-03-26,SUPERUSDT,FRENZY,-3.106971999302309,False,2.0907308781655325,0.8526702886390913,35924338.852299996,35924338.852299996,,,,,87490583.09591725,,,,0.41060806296050856,,,,
frenzy_gated,,,1774550400000.0,2026-03-26,STOUSDT,FRENZY,-3.1058647127845327,False,1.3663995439797043,0.8166448792269007,64156105.81199,64156105.81198999,,,,,45204587.24098209,,,,1.4192388367574036,,,,
frenzy_gated,,,1774583400000.0,2026-03-27,STGUSDT,WIDE,-3.10226313010976,True,1.9773365868495456,0.9149517458716024,63256414.7217,63256414.7217,,,,,,,,,,,,,
frenzy_gated,,,1774631700000.0,2026-03-27,CUSDT,FRENZY,-3.1105548593714714,True,2.3073590842688843,0.4918006507526296,276129139.06554997,276129139.06554997,,,,,41501541.96486146,,,,6.65346697959664,,,,
frenzy_gated,,,1774752300000.0,2026-03-29,PLAYUSDT,FRENZY,2.9146301141351096,False,3.733186684400733,0.5401774794613198,53192066.90447,53192066.904470004,,,,,64102880.62569926,,,,0.8297921463945095,,,,
frenzy_gated,,,1774756800000.0,2026-03-29,STOUSDT,WIDE,-3.109299857731039,False,2.063615435982359,0.9383906703403652,53596324.39924,53596324.399239995,,,,,66425591.40640513,,,,0.8068625851040889,,,,
frenzy_gated,,,1774804200000.0,2026-03-29,PLAYUSDT,WIDE,-3.111820039597278,True,2.000522000324644,0.5412439582670975,195880013.27226,195880013.27226,,,,,68311933.13378134,,,,2.867434784617363,,,,
frenzy_gated,,,1774804800000.0,2026-03-29,CUSDT,FRENZY,-3.10994733018891,True,2.2666388184736506,0.6255313856346502,56833872.01813,56833872.018130004,,,,,39005638.878939055,,,,1.4570680971160104,,,,
frenzy_gated,,,1774805700000.0,2026-03-29,STOUSDT,FRENZY,-3.1104076184912497,True,2.2313968697689455,0.4519451618123652,248263617.45848,248263617.45848,,,,,71327680.01974766,,,,3.480606931134535,,,,
frenzy_gated,,,1774836300000.0,2026-03-30,NOMUSDT,FRENZY,-3.1246422836994623,False,4.960944371620952,0.8723408602872039,349392481.159084,349392481.15908396,,,,,11736644.933920706,,,,29.769366213787897,,,,
frenzy_gated,,,1774924800000.0,2026-03-31,GUSDT,FRENZY,2.9203439111594967,False,1.722879539916742,0.5632905451275595,29608760.277679,29608760.277679004,,,,,45205136.45028835,,,,0.6549866365349759,,,,
frenzy_gated,,,1774929600000.0,2026-03-31,GUSDT,FRENZY,2.903520753250112,False,1.7112707842453132,0.6099418592687484,45329379.620914,45329379.620914,,,,,46833949.362860434,,,,0.9678743782573338,,,,
frenzy_gated,,,1774941000000.0,2026-03-31,ONTUSDT,FRENZY,-3.175069647640348,False,1.269472905180214,0.7829190385668847,372611105.20006,372611105.20006,,,,,80286627.81015821,,,,4.6410107805389185,,,,
frenzy_gated,,,1774958100000.0,2026-03-31,KERNELUSDT,WIDE,2.902134397766988,False,1.9289556761952789,0.4413566737941592,89219450.00120999,89219450.00121,,,,,37429391.915929995,,,,2.383673509887776,,,,
frenzy_gated,,,1774960200000.0,2026-03-31,AIOTUSDT,FRENZY,-3.1524267197520537,False,2.198737172238538,0.9883066765703296,59246611.91748,59246611.91748001,,,,,7257911.190852715,,,,8.163038973547879,,,,
frenzy_gated,,,1774971300000.0,2026-03-31,ZBTUSDT,WIDE,-3.104958449001548,False,1.6030521939311622,0.9623545716898616,70861761.47410001,70861761.4741,,,,,33192495.1368502,,,,2.134872994089242,,,,
frenzy_gated,,,1774986300000.0,2026-03-31,STOUSDT,FRENZY,-3.105530605856431,False,3.427931482969499,0.5927473771154624,100822608.28208,100822608.28208001,,,,,70223564.73393874,,,,1.4357375428614902,,,,
frenzy_gated,,,1774998000000.0,2026-03-31,ONTUSDT,FRENZY,3.0041023620079668,False,2.0878430047649745,0.4983729921482964,293350908.56755,293350908.56755,,,,,81486427.97668609,,,,3.5999971510774778,,,,
frenzy_gated,,,1775016600000.0,2026-04-01,ONTUSDT,FRENZY,2.9884833058718487,False,1.269238477017833,0.6674350145777113,202032763.74029,202032763.74029002,,,,,81886361.36552873,,,,2.4672333752680173,,,,
frenzy_gated,,,1775018400000.0,2026-04-01,BLURUSDT,FRENZY,2.9162128643274845,False,1.1677178214135773,0.9403492099053824,27346645.5864,27346645.586400002,6842873.544624643,54673654.94162567,,,58141470.86605143,,,,0.4703466420621223,0.5001795767193111,0.1251585165091064,4.666666666666667,
frenzy_gated,,,1775035800000.0,2026-04-01,RAYSOLUSDT,WIDE,2.9038318626775097,False,1.7662874894266842,0.534129602160393,25406070.89581,25406070.89581,,,,,,,,,,,,,
frenzy_gated,,,1775061300000.0,2026-04-01,DUSDT,FRENZY,2.9105397577832384,False,4.960989594460206,0.965196931383534,61170516.071352005,61170516.071352,,,,,,,,,,,,,
frenzy_gated,,,1775074500000.0,2026-04-01,BANKUSDT,WIDE,2.908817318942926,False,2.8545434481130205,0.464838557109883,27735198.69937,27735198.699369997,,,,,53153598.5946568,,,,0.5217934332325346,,,,
frenzy_gated,,,1775114400000.0,2026-04-02,SOLVUSDT,FRENZY,2.9090011623130754,True,3.902934735311359,0.7004580834255204,22706862.372087,22706862.372087,,,,,26497249.20851658,,,,0.8569516855654852,,,,
frenzy_gated,,,1775166000000.0,2026-04-02,BRUSDT,FRENZY,-3.102058148629404,True,2.3502403078231793,0.9890619586433342,63767133.53293,63767133.53293,8705521.623944394,28012370.41958704,,,52651420.481753185,,,,1.2111189584149789,2.2763919146357647,0.3107741863165299,21.666666666666668,
frenzy_gated,,,1775171400000.0,2026-04-02,AIOTUSDT,WIDE,-3.1172475484325877,False,3.626603584240137,0.9413461777411294,27243470.95861,27243470.958610002,,,,,12255936.92763833,,,,2.2228795007237125,,,,
frenzy_gated,,,1775191200000.0,2026-04-03,YBUSDT,WIDE,2.9551036530745436,True,2.361785191695586,0.4718246739479915,21306027.635300003,21306027.6353,,,,,26946455.34859686,,,,0.7906801603280053,,,,
frenzy_gated,,,1775199000000.0,2026-04-03,ONGUSDT,FRENZY,-3.107686706309419,False,2.5034916918857935,0.9673605679338332,27390175.65752,27390175.65752,,,,,43517410.42837733,,,,0.6294072967094361,,,,
frenzy_gated,,,1775222400000.0,2026-04-03,AIOTUSDT,FRENZY,-3.11718094821669,True,7.557801889813747,0.8238908989912397,501995818.8596301,501995818.85963005,,,,,22125855.259587202,,,,22.688199528111515,,,,
frenzy_gated,,,1775244000000.0,2026-04-03,DUSDT,FRENZY,-3.1272487220348686,True,3.7483441801516832,0.6578622244944972,89788520.257957,89788520.25795701,,,,,,,,,,,,,
frenzy_gated,,,1775267400000.0,2026-04-04,ONGUSDT,FRENZY,2.9056238964477523,False,3.871897724639956,0.6173594844776006,303927493.93995,303927493.93995,,,,,50631947.1377194,,,,6.002682320576457,,,,
frenzy_gated,,,1775267400000.0,2026-04-04,DUSDT,FRENZY,2.912701067242819,False,2.1525053149528484,0.6173594844776006,111709395.230387,111709395.23038699,,,,,,,,,,,,,
frenzy_gated,,,1775276100000.0,2026-04-04,POLYXUSDT,FRENZY,-3.114613388632291,False,1.7661224846818049,0.835504643231302,29541803.98728,29541803.98728,,,,,73008032.34206337,,,,0.40463772326951997,,,,
frenzy_gated,,,1775301600000.0,2026-04-04,STOUSDT,FRENZY,-3.1037141791435117,False,2.7497335802294196,0.9644292801921848,449868332.1581,449868332.1581,,,,,69146937.79549436,,,,6.505976208065913,,,,
frenzy_gated,,,1775344800000.0,2026-04-04,DRIFTUSDT,FRENZY,2.9004102037903947,False,3.418459661640419,0.6392258214859764,47517708.291669995,47517708.291669995,,,,,,,,,,,,,
frenzy_gated,,,1775356800000.0,2026-04-05,DRIFTUSDT,FRENZY,2.918594755705152,False,2.48726333861502,0.9917522713802992,54707966.56565,54707966.56565,,,,,,,,,,,,,
frenzy_gated,,,1775367000000.0,2026-04-05,AIOTUSDT,FRENZY,-3.120520300355177,False,4.063334621341961,0.9312617099777972,111802357.55017,111802357.55017,,,,,17416884.639019478,,,,6.419193780482212,,,,
frenzy_gated,,,1775382900000.0,2026-04-05,KOMAUSDT,WIDE,-3.107382929588985,False,4.711588748685299,0.6391129541447501,47502037.695002995,47502037.695003,,,,,4740920.686571077,,,,10.019580759820593,,,,
frenzy_gated,,,1775398200000.0,2026-04-05,MMTUSDT,FRENZY,-3.119688447390266,False,2.7812494029294275,0.6074025029623991,84249117.1106,84249117.1106,,,,,43320280.5,,,,1.9447962048768357,,,,
frenzy_gated,,,1775473200000.0,2026-04-06,REDUSDT,WIDE,-3.1649830762505258,False,2.9472127574830713,0.6897295308246575,47400284.2956,47400284.2956,,,,,79866108.7841407,,,,0.5934968538871952,,,,
frenzy_gated,,,1775497500000.0,2026-04-06,PLAYUSDT,WIDE,-3.1014979276751773,False,2.899784932078915,0.3965374585140915,216315615.56842,216315615.56842,,,,,105610951.96519285,,,,2.048230903549786,,,,
frenzy_gated,,,1775501400000.0,2026-04-06,BANKUSDT,WIDE,-3.11371819182321,False,4.048777140264081,0.5557286896564637,57730454.34004,57730454.34004,,,,,38492866.60223161,,,,1.4997702025313204,,,,
frenzy_gated,,,1775501400000.0,2026-04-06,REDUSDT,FRENZY,2.954656284984504,False,2.5790840866434044,0.5557286896564637,415411483.2511,415411483.2511,,,,,94264657.7681823,,,,4.406863538110848,,,,
frenzy_gated,,,1775610000000.0,2026-04-08,SWARMSUSDT,FRENZY,2.9116981133235034,False,1.991724275368107,0.7641654942157882,149462360.49319398,149462360.49319404,,,,,15113251.186631382,,,,9.889490927365971,,,,
frenzy_gated,,,1775615700000.0,2026-04-08,NOMUSDT,FRENZY,-3.1106801043605956,False,2.4478795058178777,0.7346264468707504,225973038.958036,225973038.958036,,,,,19594967.84140969,,,,11.532197490035747,,,,
frenzy_gated,,,1775631600000.0,2026-04-08,DRIFTUSDT,FRENZY,2.913447108059454,False,3.1038434385312006,0.8077915963211643,65787495.741129994,65787495.74113,,,,,,,,,,,,,
frenzy_gated,,,1775636400000.0,2026-04-08,SOLVUSDT,WIDE,-3.1,False,2.5020577138569515,0.8638998625245902,34641540.667174004,34641540.667174,,,,,28237135.50117116,,,,1.2268078915347913,,,,
frenzy_gated,,,1775655000000.0,2026-04-08,ORDERUSDT,FRENZY,-3.1,False,1.4502533527573178,0.6487501431366662,36356934.01674,36356934.01674,,,,,37550365.77622663,,,,0.9682178392988597,,,,
frenzy_gated,,,1775668800000.0,2026-04-08,ENJUSDT,WIDE,2.922112033602754,False,3.0196143216328717,0.538631130714445,129699028.70552,129699028.70552,,,,,54350356.36088041,,,,2.386351026740886,,,,
frenzy_gated,,,1775680800000.0,2026-04-08,ENJUSDT,WIDE,-3.1159879072332184,False,1.9222808974834895,0.8854329826263614,214945376.19953,214945376.19952998,,,,,58930214.87600308,,,,3.647456175949864,,,,
frenzy_gated,,,1775706600000.0,2026-04-09,BLURUSDT,FRENZY,2.9190529914340693,True,1.7411648536250466,0.804303409806052,45227775.96256,45227775.962560005,30777045.864941765,53539223.458779015,,,62891876.75636039,,,,0.7191354161328318,0.8447596554586159,0.5748504344415393,3.8333333333333335,
frenzy_gated,,,1775770500000.0,2026-04-09,AGTUSDT,WIDE,-3.1002177164338827,False,2.9457996134437887,0.9281221188341384,143750171.25252798,143750171.252528,,,,,53787705.096453525,,,,2.6725470252867534,,,,
frenzy_gated,,,1775782200000.0,2026-04-10,AGTUSDT,FRENZY,2.9038536265912476,False,4.530790448100939,0.5126107132268679,159657765.870632,159657765.870632,,,,,53278651.4863835,,,,2.996655534936652,,,,
frenzy_gated,,,1775831400000.0,2026-04-10,ILVUSDT,WIDE,-3.1000000899369593,False,3.3962194283475995,0.9707518332916648,38880501.4643,38880501.4643,,,,,51387816.69438987,,,,0.7566093281512128,,,,
frenzy_gated,,,1775969700000.0,2026-04-12,TRUUSDT,WIDE,-3.1057188783128673,False,2.254420168290811,0.6710853461113575,96280333.037885,96280333.037885,,,,,,,,,,,,,
frenzy_gated,,,1775990400000.0,2026-04-12,AINUSDT,WIDE,2.9029600883488285,False,2.630498962789438,0.811653353255446,68450393.78038,68450393.78038,,,,,50943021.63782989,,,,1.343665757932766,,,,
frenzy_gated,,,1775993100000.0,2026-04-12,SKYAIUSDT,WIDE,-3.1088616356981555,False,2.4379813509208397,0.9651705521509876,276354060.80478,276354060.80478,,,,,,,,,,,,,
frenzy_gated,,,1776077700000.0,2026-04-13,ENJUSDT,FRENZY,-3.113838940974044,True,3.7893984286604088,0.7072373235929607,381551116.07171,381551116.07171,,,,,85294798.62898794,,,,4.47332219789118,,,,
frenzy_gated,,,1776141900000.0,2026-04-14,MYXUSDT,FRENZY,2.9068310978377823,False,4.83284653290353,0.495992030622879,74228520.1019,74228520.1019,,,,,173930117.03355893,,,,0.4267720931135692,,,,
frenzy_gated,,,1776252300000.0,2026-04-15,BIOUSDT,WIDE,2.91371542729202,True,3.4119457208777173,0.8270638056556087,90394012.01751,90394012.01751001,,,,,66369394.2635982,,,,1.3619833813533635,,,,
frenzy_gated,,,1776280800000.0,2026-04-15,PLAYUSDT,WIDE,2.9002216162785213,False,4.414617000403031,0.7984078780187379,86652658.08399001,86652658.08399001,,,,,223079782.92835063,,,,0.3884379702477178,,,,
frenzy_gated,,,1776284400000.0,2026-04-15,ALCHUSDT,FRENZY,-3.117023655040939,False,1.8909435655824491,0.7615350839901863,45451115.69416,45451115.69415999,6483154.385422473,55070638.60831982,,,83303473.87019777,,,,0.5456088873914339,0.8253239265559097,0.11772433640242966,20.333333333333332,
frenzy_gated,,,1776287400000.0,2026-04-15,BIOUSDT,WIDE,2.905781105738471,False,2.4044919436716037,0.6595769721696739,212707867.14912,212707867.14912,,,,,77748436.93568037,,,,2.735847504241001,,,,
frenzy_gated,,,1776318900000.0,2026-04-16,1000SATSUSDT,WIDE,-3.14858096435071,False,3.2344325092539568,0.6653907291456909,36632389.375177905,36632389.375177905,,,,,35423719.17679275,,,,1.0341203641648389,,,,
frenzy_gated,,,1776319200000.0,2026-04-16,1000SATSUSDT,FRENZY,-3.16619137846693,False,3.1488300267158778,0.5294617736571234,37331994.7770721,37331994.7770721,,,,,35214111.371012904,,,,1.060143031404239,,,,
frenzy_gated,,,1776321300000.0,2026-04-16,ORDIUSDT,WIDE,-3.115826999928516,False,2.803949005720628,0.6908181624806502,269256245.3534,269256245.3534,,,,,92104380.95238097,,,,2.923381521804143,,,,
frenzy_gated,,,1776337200000.0,2026-04-16,MBOXUSDT,WIDE,2.871082024432806,False,3.254565509883747,0.5493464764480018,28283712.74493,28283712.74493,,,,,,,,,,,,,
frenzy_gated,,,1776375900000.0,2026-04-16,AXLUSDT,WIDE,-3.11235439655224,False,1.8394305749818232,0.5788210109421873,93298755.607217,93298755.607217,8515882.851369573,53706743.068939574,,,86220850.76068449,,,,1.082090408341922,1.7371888570389744,0.15856263785048988,21.75,
frenzy_gated,,,1776384900000.0,2026-04-17,AXLUSDT,WIDE,-3.108521593798085,False,2.2120389271024217,0.9487002329514986,115947271.276966,115947271.276966,238943336.4830178,79453703.19909799,,,91831453.94786525,,,,1.2626095557932888,1.459306068924454,3.007327876011831,0.25,
frenzy_gated,,,1776395700000.0,2026-04-17,TSTUSDT,FRENZY,-3.1049379159225996,False,5.46813488294746,0.5378015044901957,60401448.271523,60401448.271523,,,,,14860581.44621946,,,,4.064541383533089,,,,
frenzy_gated,,,1776402300000.0,2026-04-17,SOONUSDT,WIDE,-3.1379453213166806,False,8.150915749072077,0.4316963358025165,26638637.3122,26638637.3122,,,,,131780897.92469636,,,,0.20214338900181217,,,,
frenzy_gated,,,1776411300000.0,2026-04-17,MOVRUSDT,WIDE,-3.104253721701432,False,6.357131167994616,0.8343130380019351,147097057.408,147097057.408,,,,,52005008.61145261,,,,2.8285171243218694,,,,
frenzy_gated,,,1776413100000.0,2026-04-17,KSMUSDT,FRENZY,-3.1011028778457392,False,5.875917312082888,0.8491926715386247,32382205.2539,32382205.2539,,,,,108821626.22283648,,,,0.2975714145972257,,,,
frenzy_gated,,,1776413100000.0,2026-04-17,SOONUSDT,FRENZY,-3.1026224711803927,False,4.847942436090789,0.8491926715386247,151261177.7766,151261177.7766,,,,,149775806.74475837,,,,1.0099172961516605,,,,
frenzy_gated,,,1776480000000.0,2026-04-18,HIGHUSDT,FRENZY,2.916502593228133,False,7.127772065902733,0.5373980389773415,83269376.6423,83269376.6423,,,,,,,,,,,,,
frenzy_gated,,,1776490800000.0,2026-04-18,YBUSDT,WIDE,-3.117342002127131,False,3.37394530814575,0.6481501026628683,35026958.140700005,35026958.1407,,,,,36498800.78957593,,,,0.9596742189596462,,,,
frenzy_gated,,,1776498300000.0,2026-04-18,PORTALUSDT,FRENZY,2.929682401563484,False,6.90391127622955,0.5287876424287415,58309355.799353,58309355.799353,,,,,15475724.453885848,,,,3.7677949082837237,,,,
frenzy_gated,,,1776509700000.0,2026-04-18,ALICEUSDT,FRENZY,-3.1298833930186163,False,7.167441910989962,0.9249894452624476,116242994.2881089,116242994.2881089,,,,,22878885.596076075,,,,5.0807979173620925,,,,
frenzy_gated,,,1776525000000.0,2026-04-18,PROMUSDT,WIDE,2.9223743676703564,False,4.567494244136366,0.6509260183457141,35875067.379200004,35875067.379200004,,,,,47733015.02145923,,,,0.7515776525549817,,,,
frenzy_gated,,,1776529800000.0,2026-04-18,HIGHUSDT,FRENZY,-3.12040157082618,False,4.96084691001279,0.5969199963655525,1137192567.17854,1137192567.17854,,,,,,,,,,,,,
frenzy_gated,,,1776543600000.0,2026-04-18,MOVEUSDT,FRENZY,-3.1,False,3.5775051451669135,0.8903889207306923,27289023.23067,27289023.230669998,,,,,94253003.9137341,,,,0.2895294802025251,,,,
frenzy_gated,,,1776552600000.0,2026-04-18,PROMUSDT,WIDE,-3.1066718971245564,False,3.307703804847023,0.7773269847437457,156194868.4971,156194868.49709997,,,,,51424110.51502146,,,,3.0373859058091828,,,,
frenzy_gated,,,1776626700000.0,2026-04-19,PROMUSDT,WIDE,-3.122212675189083,True,2.7985331177150226,0.3411591712852722,163402088.9741,163402088.9741,,,,,50844357.29613733,,,,3.213770370276934,,,,
frenzy_gated,,,1776651000000.0,2026-04-20,GUNUSDT,FRENZY,2.9037640130578537,False,3.59098915911352,0.6002096445186176,76781646.75306001,76781646.75306,,,,,90131815.47156599,,,,0.8518817284589415,,,,
frenzy_gated,,,1776671700000.0,2026-04-20,SUPERUSDT,FRENZY,-3.1549596769942276,False,3.2006401788963657,0.602614425446117,47228878.4955,47228878.4955,,,,,96703557.11871362,,,,0.4883882237912062,,,,
frenzy_gated,,,1776683400000.0,2026-04-20,MERLUSDT,FRENZY,-3.103047432420601,False,2.9571365075363767,0.4950263459523524,51484759.1055,51484759.1055,,,,,64119713.64719089,,,,0.8029474271951239,,,,
frenzy_gated,,,1776713100000.0,2026-04-20,GUNUSDT,WIDE,-3.1219399230964826,False,2.3922032149145873,0.6070346232438564,328821553.86484003,328821553.86484003,,,,,122187242.72142495,,,,2.6911283579294873,,,,
frenzy_gated,,,1776863700000.0,2026-04-22,SPKUSDT,WIDE,2.905597622507218,False,1.4705878816038271,0.3149988868135974,39002373.28687,39002373.28687,,,,,159682563.72060755,,,,0.2442494182089376,,,,
frenzy_gated,,,1776910800000.0,2026-04-23,SOONUSDT,WIDE,-3.1026249076291688,False,1.2131700886666026,0.7341879780465336,99249023.8533,99249023.8533,,,,,118390746.91717549,,,,0.8383174060277974,,,,
frenzy_gated,,,1776950100000.0,2026-04-23,HIGHUSDT,FRENZY,-3.139269720043335,False,1.9953726674773185,0.6855924503627593,40972302.9797,40972302.9797,,,,,,,,,,,,,
frenzy_gated,,,1776953700000.0,2026-04-23,SOONUSDT,WIDE,2.9349985448084994,False,1.1430908381026834,0.3031018506783545,93511081.4662,93511081.4662,,,,,116391312.60383527,,,,0.8034197688317734,,,,
frenzy_gated,,,1777049400000.0,2026-04-24,APEUSDT,WIDE,-3.1113474868689748,False,5.040795706955178,0.533412435496764,263497486.0042,263497486.00419998,12141763.940841176,101992851.98989156,,,178118904.47561792,,,,1.4793347555102958,2.5834897334797056,0.11904524389654814,16.833333333333332,
frenzy_gated,,,1777082400000.0,2026-04-25,APEUSDT,FRENZY,-3.128342497021207,False,4.267386205177576,0.9442812004208464,1290494840.3916,1290494840.3916,752221247.0475632,181056504.4313779,,,207038209.752839,,,,6.233124030255985,7.127580665740234,4.1546215056452835,2.0,
frenzy_gated,,,1777086300000.0,2026-04-25,SOONUSDT,WIDE,2.912417901759491,False,2.7304365247438693,0.6277290318631222,148586560.9819,148586560.98189998,,,,,142565725.43301636,,,,1.0422319988243771,,,,
frenzy_gated,,,1777104900000.0,2026-04-25,HIGHUSDT,FRENZY,-3.112489411560658,True,2.863733600942363,0.4449331508714144,34225351.270160004,34225351.270160004,,,,,,,,,,,,,
frenzy_gated,,,1777106400000.0,2026-04-25,AXSUSDT,FRENZY,2.9575395944867258,False,2.459857781301422,0.78281351140121,217555655.90300003,217555655.903,23961449.30323518,192970829.47609273,,,415282835.82089555,,,,0.5238734595735328,1.1274017761837578,0.12417135464613722,8.666666666666666,
frenzy_gated,,,1777124400000.0,2026-04-25,HYPERUSDT,FRENZY,2.903513992420971,True,4.407084342974626,0.9846129086993566,182563295.90294,182563295.90294003,,,,,66939974.549580775,,,,2.7272686781157938,,,,
frenzy_gated,,,1777129200000.0,2026-04-25,HYPERUSDT,FRENZY,2.9003122153220997,False,3.899378510866024,0.6624425470279022,293097252.32281005,293097252.32281,,,,,71878522.92968836,,,,4.0776749490180535,,,,
frenzy_gated,,,1777133400000.0,2026-04-25,ORCAUSDT,FRENZY,-3.1042354158200767,True,3.655864864037897,0.6779933386499574,72913482.0874,72913482.0874,,,,,73342365.27116546,,,,0.9941523131660703,,,,
frenzy_gated,,,1777148400000.0,2026-04-25,HYPERUSDT,FRENZY,-3.1028625973854016,True,2.388838993351554,0.65411932141178,570078617.37343,570078617.37343,,,,,69838406.43729459,,,,8.162823959697352,,,,
frenzy_gated,,,1777152900000.0,2026-04-25,HYPERUSDT,FRENZY,2.902591359914798,False,1.8762113641797873,0.8934653828717037,597370096.36077,597370096.36077,,,,,68755807.62209195,,,,8.688285644816261,,,,
frenzy_gated,,,1777156800000.0,2026-04-25,HYPERUSDT,FRENZY,-3.1045309127006524,False,1.9979974644037488,0.8290739646752623,622521414.64985,622521414.64985,,,,,70209336.7086389,,,,8.866647141721991,,,,
frenzy_gated,,,1777197000000.0,2026-04-26,ZBTUSDT,WIDE,-3.1010794107538695,False,3.7943468442781354,0.7883659044441342,225862202.36187,225862202.36187002,,,,,60908162.27069635,,,,3.7082419488879417,,,,
frenzy_gated,,,1777215000000.0,2026-04-26,ZBTUSDT,FRENZY,-3.101020126510544,False,2.548056664891294,0.7413426039108102,283287139.97959,283287139.97959,,,,,64409088.64549798,,,,4.398247917134456,,,,
frenzy_gated,,,1777219500000.0,2026-04-26,ZBTUSDT,FRENZY,2.9018640867772407,False,2.6442506486441286,0.928582137400706,321340613.19138,321340613.19138,,,,,66968478.00283401,,,,4.798386088120165,,,,
frenzy_gated,,,1777228500000.0,2026-04-26,AGTUSDT,FRENZY,-3.1489529131921588,False,2.7555179700279657,0.8879056667509753,81895545.175652,81895545.175652,,,,,65815816.41006767,,,,1.2443140515860054,,,,
frenzy_gated,,,1777287000000.0,2026-04-27,SWARMSUSDT,FRENZY,2.9029095739528734,False,2.0042699825396517,0.5582507246792213,42524568.04184,42524568.04184,,,,,24193998.72438178,,,,1.7576494289464182,,,,
frenzy_gated,,,1777305300000.0,2026-04-27,SWARMSUSDT,WIDE,-3.1026203578611065,False,1.9795120467502725,0.7013659479507701,116135774.021022,116135774.02102199,,,,,27113274.603522062,,,,4.283354766964805,,,,
frenzy_gated,,,1777308600000.0,2026-04-27,ORCAUSDT,WIDE,2.9474755784166597,False,3.244693141040752,0.4947581287402657,426930839.639,426930839.639,,,,,106985652.09280099,,,,3.990542949335614,,,,
frenzy_gated,,,1777328700000.0,2026-04-27,DAMUSDT,FRENZY,-3.1180947853046024,False,2.980646943787748,0.7485488743977051,316228955.64651,316228955.64651,,,,,,,,,,,,,
frenzy_gated,,,1777338600000.0,2026-04-28,ZKJUSDT,FRENZY,-3.1168264119658327,False,4.948211038771816,0.7073582304572991,34479387.768711,34479387.768711,,,,,,,,,,,,,
frenzy_gated,,,1777345200000.0,2026-04-28,DAMUSDT,FRENZY,-3.1094650358062235,True,3.550671064571039,0.5788491076503997,367373976.32195,367373976.32194996,,,,,,,,,,,,,
frenzy_gated,,,1777363500000.0,2026-04-28,APEUSDT,WIDE,2.9350031182676664,True,3.380667507152189,0.914654753462008,127215370.2612,127215370.2612,63266159.017727375,143995606.69476706,,,180220307.28122914,,,,0.7058880998503886,0.8834670250104452,0.4393617310272184,8.083333333333334,
frenzy_gated,,,1777381200000.0,2026-04-28,TACUSDT,FRENZY,2.932513016945616,True,1.5253266460305286,0.747050844763036,28754021.877951,28754021.877950996,,,,,75750491.23762436,,,,0.3795885862674012,,,,
frenzy_gated,,,1777403700000.0,2026-04-28,ORCAUSDT,WIDE,-3.124126158409167,False,1.0758755305834906,0.4241309282222947,526575577.7781,526575577.7781,,,,,102153252.71296605,,,,5.154760752040773,,,,
frenzy_gated,,,1777414200000.0,2026-04-28,BROCCOLI714USDT,FRENZY,-3.1017010208361993,False,2.1003581154867033,0.8507574642588993,41331033.09724,41331033.09724,,,,,20298890.589714285,,,,2.036122758264581,,,,
frenzy_gated,,,1777421100000.0,2026-04-29,ORCAUSDT,WIDE,2.95814808001298,False,1.157594314894843,0.4658303913550664,481167479.5829,481167479.58290005,,,,,99339450.54242927,,,,4.843669629291806,,,,
frenzy_gated,,,1777422900000.0,2026-04-29,BROCCOLI714USDT,FRENZY,2.9217414968184765,False,2.4577433131335433,0.9941797266843958,55924376.20611,55924376.20611,,,,,20512154.960761905,,,,2.726401799961477,,,,
frenzy_gated,,,1777461900000.0,2026-04-29,SKYAIUSDT,WIDE,2.9024767375478224,False,2.2501623883260207,0.7157438179064204,242823516.00399,242823516.00399,,,,,,,,,,,,,
frenzy_gated,,,1777466700000.0,2026-04-29,ORCAUSDT,FRENZY,2.918191659183124,True,1.7055537953336035,0.5474907178169476,321631828.4685,321631828.4685,,,,,102153252.71296605,,,,3.1485226356152642,,,,
frenzy_gated,,,1777474800000.0,2026-04-29,NAORISUSDT,WIDE,2.9016377494550896,True,2.243469802892423,0.8203703855892072,106007171.332,106007171.332,,,,,216821142.058393,,,,0.488915289005584,,,,
frenzy_gated,,,1777505100000.0,2026-04-29,TACUSDT,FRENZY,-3.1020788635722427,False,2.8829405845298717,0.9709929091824668,165724497.814249,165724497.81424898,,,,,96701476.04041384,,,,1.7137742317913407,,,,
frenzy_gated,,,1777518300000.0,2026-04-30,TACUSDT,WIDE,-3.1019228377337047,True,1.9838842201514648,0.9367435510882166,166449476.89107,166449476.89107,,,,,99225691.07689452,,,,1.6774836746874426,,,,
frenzy_gated,,,1777520400000.0,2026-04-30,NAORISUSDT,FRENZY,2.932430384520669,True,5.73376143426802,0.7772952982113975,233297342.79407,233297342.79407,,,,,224149423.46458933,,,,1.0408117013556621,,,,
frenzy_gated,,,1777524600000.0,2026-04-30,TACUSDT,FRENZY,-3.1012691670134305,True,2.3100793261034465,0.4969836945881728,161720291.119306,161720291.11930603,,,,,98859078.89302468,,,,1.6358668614979046,,,,
frenzy_gated,,,1777545000000.0,2026-04-30,SKYAIUSDT,WIDE,2.9031372636628263,False,2.765976425410955,0.931364659025772,828706245.32694,828706245.3269401,,,,,,,,,,,,,
frenzy_gated,,,1777549200000.0,2026-04-30,TACUSDT,FRENZY,2.90520325650412,False,2.324616126532406,0.5515607226813389,147124180.824967,147124180.824967,,,,,96671425.86140811,,,,1.521899356650536,,,,
frenzy_gated,,,1777564500000.0,2026-04-30,TACUSDT,WIDE,2.903812622611747,False,2.0500094616535893,0.8768944467710656,98691976.668566,98691976.66856599,,,,,108889828.64513475,,,,0.9063470656216851,,,,
frenzy_gated,,,1777621200000.0,2026-05-01,BUSDT,FRENZY,2.9440433490166797,False,3.682125418586177,0.6473056735211336,20712439.1922,20712439.1922,3287466.237703228,129715087.44836949,,,207787180.56374124,,,,0.0996810252490346,0.1596764077304745,0.025343746069721753,7.666666666666667,
frenzy_gated,,,1777626600000.0,2026-05-01,TACUSDT,WIDE,-3.102997252198246,False,2.094464434936044,0.9670196882574932,78869897.281613,78869897.281613,,,,,121757315.29538496,,,,0.6477631104979075,,,,
frenzy_gated,,,1777664700000.0,2026-05-01,TAGUSDT,FRENZY,-3.1056309660672508,False,2.18677248659783,0.6305562943083587,55004998.6234916,55004998.6234916,,,,,104837149.22596648,,,,0.5246708731552169,,,,
frenzy_gated,,,1777754100000.0,2026-05-02,TAGUSDT,FRENZY,-3.106607866584475,False,5.565615838610255,0.3737907773193155,246353933.4449408,246353933.4449408,,,,,142960732.70275015,,,,1.7232279716778598,,,,
frenzy_gated,,,1777773000000.0,2026-05-03,BUSDT,WIDE,2.9186509748129654,False,2.232599768877303,0.909763691004862,462439347.47480005,462439347.4748001,98823984.14958556,323563281.8699944,,,326179876.32286996,,,,1.417743340539664,1.42920836011487,0.30542397634998764,1.8333333333333333,
frenzy_gated,,,1777807800000.0,2026-05-03,AKTUSDT,FRENZY,2.90630680282158,False,1.843258286848144,0.6938167102374044,35656975.80392,35656975.80392,8955948.757317994,149781181.52477086,,,194295491.78757107,,,,0.1835193162531265,0.23806045219387617,0.05979355127357475,11.5,
frenzy_gated,,,1777902000000.0,2026-05-04,BUSDT,FRENZY,-3.115349333360483,True,5.749689583266774,0.9278323940388556,293577807.84889996,293577807.84889996,151220801.9494708,421997155.3092856,,,429473503.6194747,,,,0.6835760655190918,0.6956866987260473,0.35834554817944136,13.666666666666666,
frenzy_gated,,,1778003100000.0,2026-05-05,FHEUSDT,FRENZY,2.9268798217107386,False,2.3755888616750997,0.822623866163918,47817067.40146,47817067.40145999,,,,,20209365.267953403,,,,2.36608457353606,,,,
frenzy_gated,,,1778055000000.0,2026-05-06,IOUSDT,FRENZY,-3.146164079558232,False,4.687983646022813,0.3953407158168318,132877822.47502,132877822.47502,,,,,81088041.89631571,,,,1.6386857959269256,,,,
frenzy_gated,,,1778130900000.0,2026-05-07,FHEUSDT,WIDE,-3.1166328495465176,False,3.8089048300063633,0.4952405010535838,157955506.15961,157955506.15961,,,,,29680131.703152146,,,,5.3219274004378665,,,,
frenzy_gated,,,1778145300000.0,2026-05-07,FLOCKUSDT,FRENZY,3.0605966587112152,False,2.4599160719066755,0.9744386692723012,29785267.05351,29785267.05351,,,,,38550012.46918349,,,,0.7726396217723679,,,,
frenzy_gated,,,1778150400000.0,2026-05-07,NILUSDT,WIDE,-3.107285773114442,False,2.9067660577117045,0.5833245151593777,45890280.496763,45890280.496763,,,,,33840727.429870196,,,,1.3560666091431894,,,,
frenzy_gated,,,1778154900000.0,2026-05-07,KSMUSDT,FRENZY,2.9133269228718297,False,1.6525750597364095,0.7438477177330762,43988548.1178,43988548.1178,,,,,109715633.63980436,,,,0.40093236176545344,,,,
frenzy_gated,,,1778156100000.0,2026-05-07,JTOUSDT,WIDE,-3.1198833054479778,False,2.2790796036912866,0.6845766600637889,143659701.98020002,143659701.9802,,,,,479680803.0082582,,,,0.29949020490137634,,,,
frenzy_gated,,,1778168700000.0,2026-05-07,KSMUSDT,FRENZY,-3.101499024554476,False,2.140311553472547,0.7397266875356876,115476561.555,115476561.555,,,,,115003592.40399744,,,,1.0041126467540342,,,,
frenzy_gated,,,1778205300000.0,2026-05-08,JTOUSDT,FRENZY,-3.1094606450178572,True,2.3525856145985373,0.5941566489125654,387941230.5971,387941230.5971,,,,,564910147.9424411,,,,0.686730858013596,,,,
frenzy_gated,,,1778214000000.0,2026-05-08,USUALUSDT,FRENZY,-3.1,True,2.3007954734031206,0.7520630036536513,20577516.56448,20577516.564480003,,,,,36230325.226343244,,,,0.5679638931178568,,,,
frenzy_gated,,,1778309100000.0,2026-05-09,STRKUSDT,WIDE,-3.1097066916075486,False,1.7972386667152715,0.5922400895092987,381835805.747104,381835805.7471039,,,,,472347068.8430132,,,,0.8083797506828795,,,,
frenzy_gated,,,1778324700000.0,2026-05-09,SAHARAUSDT,FRENZY,-3.1117140689679843,False,2.4689887547790788,0.7718601381515142,125440826.83416,125440826.83416,,,,,180128571.11685658,,,,0.6963960578623674,,,,
frenzy_gated,,,1778346600000.0,2026-05-09,BANANAUSDT,FRENZY,2.9155920856482456,False,2.940881392230206,0.8443368114098507,31215506.7824,31215506.782399997,4082136.1915359795,17088542.736564923,,,19418063.099916816,,,,1.6075499714764918,1.8266921447670983,0.23888146897402182,17.166666666666668,
frenzy_gated,,,1778347800000.0,2026-05-09,SAHARAUSDT,WIDE,2.9015568267118055,False,1.9843514133626403,0.7041049154799501,226660868.26043,226660868.26042998,,,,,209333203.41342628,,,,1.082775520387858,,,,
frenzy_gated,,,1778367300000.0,2026-05-09,MITOUSDT,WIDE,2.9095125100845567,False,1.668521467614751,0.5437093231648664,34239048.24518,34239048.245179996,,,,,37651029.091718115,,,,0.909378815696471,,,,
frenzy_gated,,,1778409300000.0,2026-05-10,1000XECUSDT,FRENZY,-3.100596127789078,False,2.0122621313393765,0.784204439679703,88804529.32083,88804529.32083,,,,,193636335.73800278,,,,0.45861500622995605,,,,
frenzy_gated,,,1778526300000.0,2026-05-11,SAGAUSDT,FRENZY,2.914641820260534,False,2.3732297440120136,0.8986802400284165,160415137.417429,160415137.41742903,,,,,27518294.554515943,,,,5.829399678080843,,,,
frenzy_gated,,,1778551800000.0,2026-05-12,SAGAUSDT,FRENZY,2.905416475184787,True,2.9000502438439297,0.8490243625542335,226730125.54807,226730125.54807,,,,,28977758.293379586,,,,7.824281065932902,,,,
frenzy_gated,,,1778561700000.0,2026-05-12,SAGAUSDT,FRENZY,2.9208226807653017,True,2.5232049587110916,0.7028487954534992,259777740.572788,259777740.572788,,,,,32488931.92600806,,,,7.9958842957478256,,,,
frenzy_gated,,,1778593500000.0,2026-05-12,USELESSUSDT,FRENZY,-3.100892782519925,True,2.158481895699646,0.4336997357222283,126503069.58437,126503069.58437002,,,,,84969427.61803363,,,,1.4888068936164214,,,,
frenzy_gated,,,1778605200000.0,2026-05-12,VICUSDT,FRENZY,-3.102225461039042,True,4.183037462087567,0.5611463918707275,41953731.20623,41953731.20623,,,,,,,,,,,,,
frenzy_gated,,,1778620500000.0,2026-05-12,DYMUSDT,WIDE,-3.1034773391517154,False,2.846877613507558,0.6440605122671795,112372311.020531,112372311.020531,,,,,34149170.635520704,,,,3.2906307511798096,,,,
frenzy_gated,,,1778727900000.0,2026-05-14,SAGAUSDT,WIDE,2.9254306285170686,True,2.699301202214933,0.8961477215840407,254211929.364151,254211929.364151,,,,,37840298.96850808,,,,6.718021165100054,,,,
frenzy_gated,,,1778919000000.0,2026-05-16,ARCUSDT,FRENZY,2.902523512507417,True,1.481350513538347,0.5589280194373085,83534290.77302,83534290.77302,11148598.075442726,73842140.63089646,,,76682456.66059154,,,,1.089353346395196,1.1312549996426866,0.15097880397549057,8.166666666666666,
frenzy_gated,,,1778958300000.0,2026-05-16,PHBUSDT,WIDE,-3.140156981379537,False,2.967142665464185,0.5772314994408808,33356439.9568,33356439.956800003,,,,,,,,,,,,,
frenzy_gated,,,1779045900000.0,2026-05-17,FIDAUSDT,FRENZY,-3.138651504590183,False,2.311649202652293,0.6384642731297714,38637895.33463,38637895.33463,1832494.0952415054,16135661.520164749,,,19686860.381760824,,,,1.9626235258125075,2.394565310281465,0.11356795585674849,19.416666666666668,
frenzy_gated,,,1779073800000.0,2026-05-18,FIDAUSDT,FRENZY,-3.111045781283127,True,2.073239628711688,0.40089895995011,159172550.50015998,159172550.50015998,65671482.41054367,23897410.773026425,,,21933079.23870615,,,,7.257191239215607,6.660660939879805,2.748058483585537,3.1666666666666665,
frenzy_gated,,,1779138300000.0,2026-05-18,RONINUSDT,FRENZY,2.9247518257433893,False,2.5905868449374716,0.7478584773174959,101958417.95262,101958417.95262001,,,,,101433676.92244779,,,,1.0051732427147784,,,,
frenzy_gated,,,1779175800000.0,2026-05-19,EDENUSDT,FRENZY,2.903779833537269,False,2.301693940779232,0.9772122351182084,165837010.75006,165837010.75006,,,,,41752068.198674135,,,,3.971947208960687,,,,
frenzy_gated,,,1779253200000.0,2026-05-20,FIDAUSDT,FRENZY,2.9006880167154816,False,2.0752221000099595,0.8640476049547889,63393694.81086,63393694.81086001,24662143.744538043,21392812.491430175,,,24478793.94324419,,,,2.5897393048792665,2.963317461706128,1.152823816616798,5.0,
frenzy_gated,,,1779275700000.0,2026-05-20,FIDAUSDT,FRENZY,2.91371542729202,False,1.5944489040455323,0.6644860139011507,140366057.12388,140366057.12388,24662143.744538043,21392812.491430175,,,26405550.562757295,,,,5.315778468253336,6.561365280049538,1.152823816616798,11.25,
frenzy_gated,,,1779433200000.0,2026-05-22,GRASSUSDT,WIDE,2.918231612027068,False,1.4555377136256402,0.973393845964544,134253766.29612002,134253766.29612002,,,,,109144400.19833508,,,,1.230056384497571,,,,
frenzy_gated,,,1779441900000.0,2026-05-22,ALTUSDT,FRENZY,-3.106535430037148,False,3.1201292850953344,0.7685440050745148,74068929.18792099,74068929.187921,116467256.45974937,44965990.469583824,,,74307604.25618729,,,,0.996788012873576,1.647221120104608,2.5901187818498266,9.416666666666666,
frenzy_gated,,,1779532800000.0,2026-05-23,COSUSDT,WIDE,-3.1567205501676785,True,2.715662065260079,0.3909625024343686,31365324.037554003,31365324.037554003,,,,,,,,,,,,,
frenzy_gated,,,1779544800000.0,2026-05-23,GMTUSDT,FRENZY,2.972653739235699,False,2.17257099064305,0.7498326488340225,149938417.79658,149938417.79658,,,,,50537559.49857178,,,,2.9668709625920364,,,,
frenzy_gated,,,1779555000000.0,2026-05-23,MEUSDT,FRENZY,2.920269786154296,False,2.167424227167436,0.6234384349473101,39162635.13595,39162635.13595,,,,,77687367.09200573,,,,0.50410557857585,,,,
frenzy_gated,,,1779566400000.0,2026-05-23,GMTUSDT,FRENZY,-3.137843681972273,False,1.3614619761004223,0.7076408181067667,265671135.68152,265671135.68152002,,,,,50651984.16158742,,,,5.2450291943942275,,,,
frenzy_gated,,,1779593400000.0,2026-05-24,GRASSUSDT,WIDE,-3.1013689793349717,False,1.4570149450320895,0.4027556345883103,143863871.73071,143863871.73070997,,,,,132544686.31284511,,,,1.0853990132139149,,,,
frenzy_gated,,,1779609600000.0,2026-05-24,AGTUSDT,WIDE,2.900134983491999,False,2.150265324484794,0.8691195495734337,54021019.759962,54021019.759962,,,,,70672463.01424931,,,,0.7643856950205631,,,,
frenzy_gated,,,1779616800000.0,2026-05-24,GRASSUSDT,FRENZY,2.900663311672137,False,1.5952341010539046,0.8718714512313731,217792366.17843,217792366.17843,,,,,131275849.10955572,,,,1.6590436676335818,,,,
frenzy_gated,,,1779643500000.0,2026-05-24,NILUSDT,WIDE,2.9027871747349345,False,2.132481672712092,0.4414923552193156,142042202.798671,142042202.79867098,,,,,44420495.72462565,,,,3.19767261669541,,,,
frenzy_gated,,,1779661500000.0,2026-05-24,SUPERUSDT,FRENZY,-3.15411656102572,False,1.551913367244639,0.5145070259212837,101181636.9461,101181636.9461,,,,,83831529.58331728,,,,1.2069639841837676,,,,
frenzy_gated,,,1779713100000.0,2026-05-25,PHAUSDT,FRENZY,-3.1008546389766676,False,2.3819483054216537,0.940319555282233,31594063.18291,31594063.182910003,,,,,42527622.38277384,,,,0.7429068782295113,,,,
frenzy_gated,,,1779733200000.0,2026-05-25,PHAUSDT,FRENZY,2.902981658890226,False,2.6091632537396374,0.4994979023543153,96143577.45136,96143577.45135999,,,,,43530389.77874009,,,,2.2086541825158608,,,,
frenzy_gated,,,1779795600000.0,2026-05-26,PHAUSDT,FRENZY,-3.109707532994542,False,1.8619222662681167,0.8931981527519126,200226415.37222,200226415.37221998,,,,,42244790.55314234,,,,4.739671158277913,,,,
frenzy_gated,,,1779801000000.0,2026-05-26,PHAUSDT,FRENZY,2.9072603572295477,False,2.196541665888226,0.5437472947013705,199269047.14889,199269047.14889002,,,,,43281840.59512453,,,,4.603987363035957,,,,
frenzy_gated,,,1779813600000.0,2026-05-26,PHAUSDT,FRENZY,2.907507974620495,False,1.9391857222064703,0.4265844587285046,186953163.81912,186953163.81912,,,,,46718675.85822254,,,,4.001679422303576,,,,
frenzy_gated,,,1779875400000.0,2026-05-27,ALTUSDT,WIDE,-3.1112490517280142,False,2.0737357703924375,0.706940101656883,56832127.891086005,56832127.891086,30824909.35017847,44767143.02028255,,,65926585.31237458,,,,0.8620517447066756,1.2695053572066726,0.6885610130673895,9.833333333333334,
frenzy_gated,,,1779988500000.0,2026-05-28,XLMUSDT,WIDE,-3.1039100576070164,False,1.8322076396595088,0.8208704293363442,1114695927.63105,1114695927.6310499,,,,,10613322289.62068,,,,0.10502799191551632,,,,
frenzy_gated,,,1780053600000.0,2026-05-29,IDUSDT,FRENZY,2.9045041843307264,True,2.2293189076023983,0.6931160195128068,45727361.02413,45727361.02413001,,,,,55156549.16049109,,,,0.8290468080422396,,,,
frenzy_gated,,,1780132200000.0,2026-05-30,NFPUSDT,WIDE,-3.1471543278509526,True,3.698155943868749,0.6879566525213934,43537857.92757,43537857.92757,,,,,,,,,,,,,
frenzy_gated,,,1780140000000.0,2026-05-30,PORTALUSDT,FRENZY,-3.177551424656898,False,4.88264124983606,0.9508998707788732,40576336.953878,40576336.953878,,,,,10501071.658296058,,,,3.864018671067907,,,,
frenzy_gated,,,1780149300000.0,2026-05-30,PORTALUSDT,FRENZY,2.9713984311786414,False,5.023226421851908,0.824724486778679,99366440.39079,99366440.39079,,,,,10536104.42446218,,,,9.431041719754234,,,,
frenzy_gated,,,1780161300000.0,2026-05-30,PORTALUSDT,FRENZY,-3.159498886411759,False,3.5230530516019405,0.4254567093260114,159932303.57320002,159932303.57320002,,,,,10930223.04383109,,,,14.63211710610647,,,,
frenzy_gated,,,1780167300000.0,2026-05-30,TAUSDT,FRENZY,2.9076038219430624,False,5.926489160609468,0.3970392517730503,38361938.76766,38361938.76766,,,,,34391788.26960278,,,,1.1154389084665957,,,,
frenzy_gated,,,1780176300000.0,2026-05-30,PORTALUSDT,FRENZY,2.9376377959822633,False,2.1740553467682098,0.5534841727058996,195729431.33072495,195729431.33072498,,,,,10352182.402090024,,,,18.90706942057056,,,,
frenzy_gated,,,1780210500000.0,2026-05-31,HIVEUSDT,FRENZY,-3.109975995397983,False,2.4201082588676477,0.6673228981611191,45826120.44543,45826120.44543001,,,,,46724097.714936756,,,,0.9807812817491887,,,,
frenzy_gated,,,1780230000000.0,2026-05-31,STGUSDT,WIDE,2.917997755215952,False,1.588136743931174,0.922792748541455,134102543.2498,134102543.2498,,,,,,,,,,,,,
frenzy_gated,,,1780293600000.0,2026-06-01,HOMEUSDT,WIDE,-3.1004106659337825,True,2.7335775626025,0.8493476478016446,169636215.735497,169636215.735497,,,,,248297227.6013822,,,,0.6831981870044557,,,,
frenzy_gated,,,1780314600000.0,2026-06-01,HOMEUSDT,FRENZY,-3.102124512017822,True,3.3900404828705724,0.7081010495984431,212463124.782192,212463124.782192,,,,,244560812.6595476,,,,0.8687537568742106,,,,
frenzy_gated,,,1780386900000.0,2026-06-02,HOMEUSDT,FRENZY,-3.1010295106496875,True,2.6095408119764785,0.4202275513919447,336258532.79832596,336258532.798326,,,,,259478795.27916873,,,,1.2958998535373625,,,,
frenzy_gated,,,1780424400000.0,2026-06-02,PORTALUSDT,FRENZY,2.909882046731217,True,5.997755318768861,0.3253762834454073,217461167.80446,217461167.80446002,,,,,22920187.26418747,,,,9.487757028243857,,,,
frenzy_gated,,,1780483500000.0,2026-06-03,EPICUSDT,WIDE,-3.108116288949557,False,2.4791019425962597,0.532937122890465,97044045.47947,97044045.47947,,,,,18328903.549415518,,,,5.294590874889764,,,,
frenzy_gated,,,1780506000000.0,2026-06-03,OPNUSDT,WIDE,-3.136859364353904,True,4.430906352116227,0.7771094042935283,79971310.0613,79971310.0613,,,,,87390836.24306138,,,,0.9150994944009306,,,,
frenzy_gated,,,1780604400000.0,2026-06-04,HOMEUSDT,FRENZY,-3.1002584019470745,True,3.55541731242048,0.7427294438216179,175018622.05112898,175018622.05112904,,,,,268080852.78970352,,,,0.652857599600456,,,,
frenzy_gated,,,1780623300000.0,2026-06-05,OPNUSDT,WIDE,2.916802498904538,True,2.759841331993156,0.952829038837204,647869095.1476,647869095.1475999,,,,,108974556.55248833,,,,5.945140917692557,,,,
frenzy_gated,,,1780625700000.0,2026-06-05,OPNUSDT,WIDE,-3.119841613415407,True,2.840436066054812,0.5488688700822195,635764280.9017,635764280.9017,,,,,109692605.95612875,,,,5.79587179427547,,,,
frenzy_gated,,,1780636500000.0,2026-06-05,HEIUSDT,WIDE,2.9002622847576167,False,2.1033865384655037,0.4342817885183703,108039935.437898,108039935.437898,,,,,8068024.895631264,,,,13.39112568881639,,,,
frenzy_gated,,,1780684500000.0,2026-06-05,OPNUSDT,FRENZY,-3.135856462661145,True,4.828065497926766,0.640359552484011,541674978.3178,541674978.3178,,,,,105468785.93471448,,,,5.135879526034353,,,,
frenzy_gated,,,1780742700000.0,2026-06-06,HEIUSDT,WIDE,2.958393676695571,True,3.201102106182124,0.9147166980389672,48506848.071553,48506848.071553,,,,,10225215.52594314,,,,4.743846029306936,,,,
frenzy_gated,,,1780765500000.0,2026-06-06,PORTALUSDT,WIDE,-3.141477117605672,True,4.626562870469879,0.6447693164958512,51156370.032842,51156370.03284201,,,,,17376252.018398143,,,,2.9440393692884492,,,,
frenzy_gated,,,1781102700000.0,2026-06-10,HMSTRUSDT,FRENZY,-3.133654104533422,False,3.2002248435495635,0.5313287677923924,35670381.116612405,35670381.116612405,,,,,15426806.066176469,,,,2.3122337160133433,,,,
frenzy_gated,,,1781134500000.0,2026-06-10,STGUSDT,FRENZY,-3.106667672724982,True,2.2773989318310055,0.5459308466761922,440810210.4591,440810210.4591,,,,,,,,,,,,,
frenzy_gated,,,1781189700000.0,2026-06-11,STGUSDT,WIDE,2.9116466339969684,True,2.078915441819529,0.8144915823953588,293808577.1178,293808577.1178,,,,,,,,,,,,,
frenzy_gated,,,1781211300000.0,2026-06-11,STGUSDT,WIDE,-3.11235915246174,False,2.1656196707038418,0.5146047789107319,281293568.9486,281293568.94860005,,,,,,,,,,,,,
frenzy_gated,,,1781211600000.0,2026-06-11,STGUSDT,FRENZY,2.907657842000956,False,2.2137072250087995,0.4708947483059525,282167275.1738,282167275.1738,,,,,,,,,,,,,
frenzy_gated,,,1781231700000.0,2026-06-12,STGUSDT,WIDE,2.9058663941663245,False,2.951946452008087,0.7000509900542017,330350213.8468,330350213.8468,,,,,,,,,,,,,
frenzy_gated,,,1781237700000.0,2026-06-12,STGUSDT,FRENZY,-3.105117472225382,False,2.4707504024166553,0.6219575356329428,336592603.11270005,336592603.1127,,,,,,,,,,,,,
frenzy_gated,,,1781281500000.0,2026-06-12,STGUSDT,WIDE,2.910507644727091,False,2.507774919171196,0.6618346249899187,343653721.3199,343653721.31990004,,,,,,,,,,,,,
frenzy_gated,,,1781317500000.0,2026-06-13,STGUSDT,FRENZY,-3.1042812508302084,False,3.155235798153927,0.8986973054839962,269032377.421,269032377.421,,,,,,,,,,,,,
frenzy_gated,,,1781342400000.0,2026-06-13,RIFUSDT,WIDE,-3.1037549103139703,False,2.495257053113487,0.5156589498308445,80183032.92481,80183032.92480999,,,,,94817927.71084335,,,,0.8456526614812346,,,,
frenzy_gated,,,1781357100000.0,2026-06-13,RIFUSDT,WIDE,-3.1008712540807823,False,2.852119623898653,0.4297440296184012,143868259.50032,143868259.50032,,,,,94106216.86746988,,,,1.5287859217944142,,,,
frenzy_gated,,,1781392500000.0,2026-06-13,RIFUSDT,FRENZY,-3.1041997215240467,False,3.3018854967524174,0.3659228599206094,282459314.8202,282459314.82019997,,,,,123396626.50602409,,,,2.2890359551799464,,,,
frenzy_gated,,,1781443500000.0,2026-06-14,ZKCUSDT,FRENZY,-3.1026219924343943,False,2.785053582026242,0.9490879068210352,41021366.05917,41021366.05917,4977872.941655026,14266816.92500361,,,34168070.514065616,,,,1.200576018545828,2.8752991136570305,0.3489126528939297,13.416666666666666,
frenzy_gated,,,1781457300000.0,2026-06-14,EVAAUSDT,FRENZY,-3.1331353469408505,False,3.1104095929873226,0.6386828423112051,35016889.57452,35016889.57452,,,,,16517553.583038516,,,,2.1199803832014212,,,,
frenzy_gated,,,1781490600000.0,2026-06-15,EVAAUSDT,WIDE,-3.100196349972971,False,3.3988328172812583,0.6366163583388257,186751922.36474,186751922.36473998,,,,,20885308.409384202,,,,8.941784277450672,,,,
frenzy_gated,,,1781622000000.0,2026-06-16,BRUSDT,FRENZY,2.911144300438974,False,1.711346773177735,0.6727302438741277,51123929.67436,51123929.67436,5210055.881521356,28030783.676497616,,,56484153.92069775,,,,0.905102159202679,1.8238494600928625,0.18586907671403147,15.0,
frenzy_gated,,,1781627700000.0,2026-06-16,BRUSDT,FRENZY,2.905262716693692,False,2.828349250968233,0.5443605270517435,72757153.55617,72757153.55617,5210055.881521356,28030783.676497616,,,61259968.004426375,,,,1.1876786084986675,2.5956161053453943,0.18586907671403147,16.583333333333332,
frenzy_gated,,,1781646600000.0,2026-06-16,BRUSDT,WIDE,-3.1046368709384917,False,1.936026503606274,0.3268403867610466,114239693.49218,114239693.49218002,5210055.881521356,28030783.676497616,,,64921537.34058093,,,,1.759657860424255,4.075508370034056,0.18586907671403147,21.833333333333332,
frenzy_gated,,,1781675100000.0,2026-06-17,BRUSDT,FRENZY,-3.1246959298964803,False,2.571169762231412,0.6608874198411041,198781160.83279,198781160.83279,13238137.274908677,48006069.72162868,,,67069479.022651434,,,,2.9638095260238333,4.140750575613796,0.2757596560533336,5.75,
frenzy_gated,,,1781765400000.0,2026-06-18,AGTUSDT,FRENZY,2.901928001951416,True,2.3198203661806813,0.7026837984392185,231013566.560766,231013566.56076598,,,,,91636528.9154441,,,,2.5209768341828993,,,,
frenzy_gated,,,1781788200000.0,2026-06-18,AGTUSDT,FRENZY,2.9019498033771476,False,2.3686141518705934,0.8610666828578573,249923002.294904,249923002.294904,,,,,93517963.54185158,,,,2.6724598443918994,,,,
frenzy_gated,,,1781955000000.0,2026-06-20,ALICEUSDT,WIDE,2.9259408631206365,False,2.8605684871484303,0.6638689640991823,22462272.7681472,22462272.7681472,,,,,13849592.594733741,,,,1.6218724568611789,,,,
frenzy_gated,,,1781983500000.0,2026-06-20,BELUSDT,FRENZY,-3.1001944898636267,False,1.95093115898669,0.834004543067793,107223164.15661,107223164.15661,32874381.670984216,9223747.390692905,,,16444535.804686861,,,,6.520291325344088,11.624685674371575,3.5641025581593504,19.416666666666668,
frenzy_gated,,,1781984100000.0,2026-06-20,ALICEUSDT,WIDE,2.909309692607233,False,2.2956831411119287,0.6503306583729364,72352539.6395709,72352539.63957089,,,,,15914003.64720491,,,,4.5464699671775355,,,,
frenzy_gated,,,1782028800000.0,2026-06-21,TNSRUSDT,WIDE,-3.116234029833663,False,3.944732896980624,0.7976181147246307,99397709.879015,99397709.879015,,,,,33410859.26214332,,,,2.9750120791307837,,,,
frenzy_gated,,,1782034200000.0,2026-06-21,TNSRUSDT,FRENZY,-3.104755183947082,False,4.45003327535019,0.7550985407274766,178151150.15140498,178151150.151405,,,,,33912056.01572098,,,,5.25332790405918,,,,
frenzy_gated,,,1782037800000.0,2026-06-21,BICOUSDT,FRENZY,2.9129064654346517,False,3.0387123097657267,0.7322045348891961,663851936.34606,663851936.34606,312365097.04483414,48281217.01543631,,,51354271.40711066,,,,12.926907892108487,13.749693511947214,6.469702222811944,10.5,
frenzy_gated,,,1782042000000.0,2026-06-21,TNSRUSDT,FRENZY,2.917788897389585,False,3.2176923291968342,0.6638748473891647,237438731.487022,237438731.487022,,,,,34291340.045455426,,,,6.92416018657426,,,,
frenzy_gated,,,1782054000000.0,2026-06-21,RESOLVUSDT,FRENZY,-3.118864532005415,False,3.260201881530495,0.7734367588444769,73954731.717,73954731.71700001,,,,,11153168.971636362,,,,6.630826799546782,,,,
frenzy_gated,,,1782097800000.0,2026-06-22,BELUSDT,FRENZY,2.9052557353220334,False,2.3838025127049125,0.9917865250150396,50805497.69779,50805497.69779,35763585.54789338,13395078.697422003,,,18548898.505756512,,,,2.7390034875668166,3.792848018695698,2.669904847574833,3.1666666666666665,
frenzy_gated,,,1782213600000.0,2026-06-23,RESOLVUSDT,FRENZY,2.920307460395556,False,2.501808383927001,0.6791093530694036,84949644.16482,84949644.16481999,,,,,14398388.062545454,,,,5.89994128480254,,,,
frenzy_gated,,,1782391500000.0,2026-06-25,IDOLUSDT,FRENZY,2.930814913450954,True,3.6452353931276447,0.7394792201117044,36132346.67764,36132346.67764,,,,,39949576.039389536,,,,0.9044488142255672,,,,
frenzy_gated,,,1782410400000.0,2026-06-25,IDOLUSDT,WIDE,2.9324609091898615,True,2.0909924005178335,0.611819016191064,47071794.78086,47071794.78086,,,,,44021325.40773143,,,,1.069295264167417,,,,
frenzy_gated,,,1782438000000.0,2026-06-26,GUSDT,FRENZY,2.912448731061802,True,2.9520444906990537,0.8062106966352475,41097912.828243,41097912.828243,,,,,46365386.744175315,,,,0.8863921065730344,,,,
frenzy_gated,,,1782447300000.0,2026-06-26,AINUSDT,FRENZY,2.9028845055792076,False,1.8265977070495736,0.5278394137138748,25129334.99651,25129334.99651,,,,,46583499.471260905,,,,0.5394471278829797,,,,
frenzy_gated,,,1782463800000.0,2026-06-26,GUSDT,FRENZY,2.9049606169569766,False,2.6488688050569524,0.934269537477804,88769159.402728,88769159.40272799,,,,,47347136.9928489,,,,1.8748580176270275,,,,
frenzy_gated,,,1782478800000.0,2026-06-26,ICNTUSDT,WIDE,-3.116830272931724,True,1.9296394752941683,0.5199165583853386,26138345.9225,26138345.9225,,,,,61733495.476,,,,0.4234062192810991,,,,
frenzy_gated,,,1782645600000.0,2026-06-28,ACTUSDT,FRENZY,2.951834240634367,True,3.3628997319186524,0.9406015686319552,71766955.97438,71766955.97437999,6673985.574221933,7371655.454098431,,,10474766.49001798,,,,6.851413446091703,9.735527714399565,0.905357774217647,11.333333333333334,
frenzy_gated,,,1782684600000.0,2026-06-28,POWRUSDT,FRENZY,2.909380481460079,True,1.4061951221177855,0.901343164398686,87894165.51859,87894165.51859,,,,,49794673.99842891,,,,1.7651318597118073,,,,
frenzy_gated,,,1782718500000.0,2026-06-29,POWRUSDT,FRENZY,-3.109709865146536,False,1.6693319387806511,0.5617450321055202,99627789.59718,99627789.59718,,,,,54627949.72505892,,,,1.8237512134100606,,,,
frenzy_gated,,,1782731400000.0,2026-06-29,GUSDT,FRENZY,2.914779991914475,False,1.950312053620384,0.7202883484303926,25713257.317402,25713257.317401998,,,,,43007354.64359861,,,,0.5978804678987449,,,,
frenzy_gated,,,1782883200000.0,2026-07-01,TACUSDT,WIDE,2.900391730799458,False,1.6750595197922526,0.6839630916991404,241628467.293199,241628467.293199,,,,,354273580.37006056,,,,0.6820391942317663,,,,
frenzy_gated,,,1782894000000.0,2026-07-01,NFPUSDT,FRENZY,2.910250417148387,True,6.331138441295728,0.8516016022357206,57759659.91477139,57759659.91477141,,,,,,,,,,,,,
frenzy_gated,,,1782903600000.0,2026-07-01,NFPUSDT,FRENZY,-3.100149440058396,True,5.818345376579175,0.6025020068122694,141724064.2176514,141724064.2176514,,,,,,,,,,,,,
frenzy_gated,,,1782932700000.0,2026-07-01,NOMUSDT,WIDE,-3.1257807179706485,False,4.6917484023621485,0.9035220902858332,43032349.595575,43032349.595575,,,,,6344760.528634362,,,,6.782344172229496,,,,
frenzy_gated,,,1782942000000.0,2026-07-01,TLMUSDT,FRENZY,-3.101305315309376,False,6.937857869087131,0.6998696441231322,42883044.586438,42883044.586438,3274711.2465393194,5721725.919489893,,,10509030.0952908,,,,4.080590139869741,7.494774337296662,0.5723292748757299,21.666666666666668,
frenzy_gated,,,1782944100000.0,2026-07-01,TAIKOUSDT,FRENZY,2.914657340444894,False,5.092859417936784,0.7377975406406411,413189352.5809,413189352.58089995,,,,,174609808.2754774,,,,2.366358205542622,,,,
frenzy_gated,,,1783099800000.0,2026-07-03,TLMUSDT,FRENZY,2.9033606339698106,False,2.183803832234108,0.6341244518829388,296930770.288803,296930770.288803,141739327.99075505,10907988.11843309,,,12684783.281460617,,,,23.408422808671922,27.221405731734194,12.994085293440493,17.5,
frenzy_gated,,,1783103100000.0,2026-07-03,THEUSDT,FRENZY,-3.109096986284575,False,2.3728029379188804,0.9638932555241748,206557704.33696505,206557704.33696502,,,,,17916693.55621565,,,,11.528784799989289,,,,
frenzy_gated,,,1783174500000.0,2026-07-04,HMSTRUSDT,FRENZY,-3.1255788822167494,False,4.5058680313925255,0.5485977687587199,353159994.5587801,353159994.5587801,,,,,23823838.465073526,,,,14.823807468159398,,,,
frenzy_gated,,,1783195500000.0,2026-07-04,RPLUSDT,FRENZY,2.9349958298990244,False,3.0147018769919898,0.7215766568634526,24884047.7417,24884047.7417,,,,,49368462.61309929,,,,0.5040474510360251,,,,
frenzy_gated,,,1783208400000.0,2026-07-04,RPLUSDT,FRENZY,2.902318411011097,False,2.2427836954073896,0.5819680753133257,37871975.0038,37871975.003800005,,,,,50261077.37522766,,,,0.7535050377265905,,,,
frenzy_gated,,,1783249200000.0,2026-07-05,HOTUSDT,FRENZY,2.921702510561365,False,2.1498151241622714,0.3055584739345133,67692342.6095013,67692342.6095013,,,,,66829388.173206635,,,,1.012912798693564,,,,
frenzy_gated,,,1783473000000.0,2026-07-08,SPELLUSDT,FRENZY,-3.1070422097740233,True,2.665638689346423,0.8354570421919246,66375390.067678206,66375390.067678206,,,,,21381756.94535205,,,,3.1043000927062185,,,,
frenzy_gated,,,1783521300000.0,2026-07-08,EDGEUSDT,FRENZY,-3.103211635193047,True,3.5442832243749764,0.947097017817743,332927126.6283,332927126.62829995,,,,,,,,,,,,,
frenzy_gated,,,1783524900000.0,2026-07-08,SPELLUSDT,FRENZY,-3.1365887080619035,True,1.988074970634755,0.8816137534128636,126624224.7740818,126624224.77408181,,,,,21244944.972209945,,,,5.960204883548356,,,,
frenzy_gated,,,1783527900000.0,2026-07-08,EVAAUSDT,FRENZY,-3.1031306793541367,True,5.356252272756663,0.9819207095777552,1156606853.51698,1156606853.5169802,,,,,78242058.53907451,,,,14.78241849860538,,,,
frenzy_gated,,,1783617900000.0,2026-07-09,SENTUSDT,FRENZY,-3.100356025440397,True,2.44084092673786,0.4275332987972852,39054692.70911,39054692.70911,,,,,156176067.73134214,,,,0.25006835731254823,,,,
frenzy_gated,,,1783621200000.0,2026-07-09,TACUSDT,FRENZY,-3.102068283298219,False,4.534369385466002,0.6305997629800983,53184215.283832006,53184215.283832,,,,,21449817.774284463,,,,2.4794716600153563,,,,
frenzy_gated,,,1783629300000.0,2026-07-09,TACUSDT,WIDE,2.915313327501036,False,4.30990943642895,0.6274927651349139,70647477.424393,70647477.424393,,,,,26961020.603933904,,,,2.620356197275587,,,,
frenzy_gated,,,1783640700000.0,2026-07-09,TACUSDT,WIDE,-3.100214926957977,False,3.7129707764081794,0.8306784700846614,99878858.147806,99878858.14780599,,,,,29076553.205936745,,,,3.4350308800498777,,,,
frenzy_gated,,,1783652400000.0,2026-07-10,SKLUSDT,FRENZY,-3.1176837304341163,False,2.129636295936538,0.3870315788411249,25305502.735844,25305502.735844,,,,,28606618.052615765,,,,0.8846030904212421,,,,
frenzy_gated,,,1783776000000.0,2026-07-11,TUSDT,FRENZY,2.919039824842208,False,2.908871688030831,0.696397940671033,37996151.52596,37996151.525960006,,,,,48303329.6382279,,,,0.7866155772394071,,,,
frenzy_gated,,,1783794600000.0,2026-07-11,SXTUSDT,FRENZY,-3.1055971145100933,False,2.6732536830865605,0.8325332484920545,56209531.449885994,56209531.449885994,,,,,24172970.64793033,,,,2.3253050801473836,,,,
frenzy_gated,,,1783865400000.0,2026-07-12,EVAAUSDT,WIDE,-3.103050882564383,False,4.922773674350521,0.5930098368869966,701976232.2108101,701976232.21081,,,,,37504822.19972543,,,,18.716959341189707,,,,
frenzy_gated,,,1783895700000.0,2026-07-12,DODOXUSDT,WIDE,2.9007317044931216,True,3.3798995782398125,0.8130920046676359,51242005.828696,51242005.828696,,,,,,,,,,,,,
frenzy_gated,,,1783905600000.0,2026-07-13,DODOXUSDT,FRENZY,2.9002936080224653,True,3.035897531885138,0.7949038459736281,94874990.35945,94874990.35945,,,,,,,,,,,,,
frenzy_gated,,,1783915200000.0,2026-07-13,DODOXUSDT,FRENZY,-3.1002827021793453,True,1.921489315496347,0.8054276540653765,116677267.423948,116677267.423948,,,,,,,,,,,,,
frenzy_gated,,,1784052000000.0,2026-07-14,SXTUSDT,FRENZY,-3.104864719516874,False,1.476054155897194,0.3696971358946551,163062332.147432,163062332.147432,,,,,24598664.407676823,,,,6.628909986533376,,,,
frenzy_gated,,,1784083500000.0,2026-07-15,DODOXUSDT,FRENZY,2.900206614111124,False,3.0546586180341464,0.8334736158634307,96127934.808051,96127934.80805099,,,,,,,,,,,,,
frenzy_gated,,,1784107200000.0,2026-07-15,DODOXUSDT,FRENZY,2.9027892115961476,False,1.6362399740290772,0.8328313694987534,140449228.6438,140449228.6438,,,,,,,,,,,,,
frenzy_gated,,,1784143500000.0,2026-07-15,SKLUSDT,FRENZY,-3.1115679417598394,False,2.554446987819929,0.7567015158523743,47273314.509966,47273314.509966,,,,,31908824.94631518,,,,1.4815122333555284,,,,
frenzy_gated,,,1784169900000.0,2026-07-16,BANKUSDT,FRENZY,2.9045200157144193,True,1.9373440579557877,0.3745597484216273,47128486.93795,47128486.93795,,,,,45012500.87536079,,,,1.0470088535726634,,,,
frenzy_gated,,,1784193600000.0,2026-07-16,BANKUSDT,WIDE,2.9094247108635076,True,1.7699202796434728,0.5299439422815827,78386990.22919,78386990.22919,,,,,48458110.69846533,,,,1.6176237393356014,,,,
frenzy_gated,,,1784238600000.0,2026-07-16,BANKUSDT,FRENZY,-3.115101307899014,True,1.2597960996348645,0.249465862966503,147905634.21405,147905634.21405,,,,,52410427.848497,,,,2.8220650028196927,,,,
frenzy_gated,,,1784278800000.0,2026-07-17,BANKUSDT,WIDE,2.9104309437537403,True,1.2627256678643397,0.9810154334551736,143460617.10452998,143460617.10453,,,,,56008049.86967969,,,,2.5614285346184373,,,,
frenzy_gated,,,1784310000000.0,2026-07-17,BANKUSDT,FRENZY,-3.1105291313818104,False,4.608369251903393,0.4822634151087961,402864035.99151,402864035.99151003,,,,,59825245.06586413,,,,6.734013969319809,,,,
frenzy_gated,,,1784521800000.0,2026-07-20,AVAAIUSDT,WIDE,-3.10161690334083,False,1.8282124852990245,0.5724810905160439,49523568.386412,49523568.386411995,,,,,11664101.298070468,,,,4.245810896258628,,,,
frenzy_gated,,,1784537700000.0,2026-07-20,PROMUSDT,FRENZY,2.9568543856410847,True,2.6809225006615076,0.8505288546850059,41996552.7913,41996552.7913,,,,,33239184.549356222,,,,1.263465195090455,,,,
frenzy_gated,,,1784544600000.0,2026-07-20,PROMUSDT,FRENZY,-3.131177616390733,False,2.1490521551759008,0.931139220554588,47106224.0919,47106224.0919,,,,,35403596.566523604,,,,1.3305491153529296,,,,
frenzy_gated,,,1784552700000.0,2026-07-20,AVAAIUSDT,WIDE,-3.123364162957397,False,2.5304920523006897,0.8213472865040441,65268968.197927,65268968.197927,,,,,9419198.889782302,,,,6.929354498367059,,,,
frenzy_gated,,,1784602200000.0,2026-07-21,ERAUSDT,FRENZY,2.901838975919181,False,3.737112381323135,0.6830930892175284,54298020.987330005,54298020.987330005,5124030.85303688,11057786.853493568,,,41780998.28620192,,,,1.2995864918158695,4.910387739132016,0.46338665421263814,2.8333333333333335,
frenzy_gated,,,1784612700000.0,2026-07-21,LAUSDT,WIDE,2.902299348344718,False,2.5527723132688864,0.9249258685384408,27391246.300443,27391246.300443,,,,,26193444.1522145,,,,1.0457290817224292,,,,
frenzy_gated,,,1784638800000.0,2026-07-21,ERAUSDT,FRENZY,2.906394477690745,False,2.955902760258436,0.5985708206236777,342035738.84951,342035738.84950995,5124030.85303688,11057786.853493568,,,43802314.864842966,,,,7.808622441642644,30.931663214456705,0.46338665421263814,13.0,
frenzy_gated,,,1784662800000.0,2026-07-21,ONEUSDT,FRENZY,-3.1368289987954254,False,2.067695871832949,0.6418157360955364,95066525.059387,95066525.059387,,,,,23626309.544445474,,,,4.02375685802936,,,,
frenzy_gated,,,1784694000000.0,2026-07-22,1000XECUSDT,WIDE,2.906602888591926,False,1.565411004364916,0.9440069718626138,28587017.244746,28587017.244746,,,,,167958910.94699243,,,,0.17020244465485976,,,,
frenzy_gated,,,1784823300000.0,2026-07-23,RIFUSDT,FRENZY,2.906826197813707,True,3.104528768137627,0.8339332736108758,294206600.51798,294206600.51798,,,,,110124722.89156626,,,,2.6715763072354695,,,,
frenzy_gated,,,1784836800000.0,2026-07-23,LAUSDT,FRENZY,-3.111940144514612,True,2.411371285941134,0.9794209060170618,49308145.443005,49308145.443004996,,,,,28186290.1609832,,,,1.7493662756391994,,,,
frenzy_gated,,,1784915100000.0,2026-07-24,ACEUSDT,FRENZY,-3.100445686516816,True,2.882813322829002,0.34599938230418,38470219.7387871,38470219.7387871,,,,,12020641.627666341,,,,3.2003466146303885,,,,
frenzy_gated,,,1784922000000.0,2026-07-24,ACEUSDT,FRENZY,-3.10346351407773,False,2.3355133418950533,0.942529933702069,51784631.596704304,51784631.5967043,,,,,11651724.547862027,,,,4.444374854897016,,,,
frenzy_gated,,,1784931600000.0,2026-07-24,ACEUSDT,FRENZY,-3.1085525812676305,True,1.9471316412970232,0.6053122408731406,66076845.9603732,66076845.96037319,,,,,12109226.579959778,,,,5.456735450778283,,,,
frenzy_gated,,,1784976300000.0,2026-07-25,DEXEUSDT,WIDE,-3.103167820232654,False,5.256592525134749,0.6188067339011465,1270599267.57091,1270599267.57091,,,,,514735921.9266657,,,,2.4684487976184646,,,,
frenzy_gated,,,1785006000000.0,2026-07-25,EULUSDT,FRENZY,2.903733949534605,False,2.4128682062783717,0.7126709499070075,270924355.83529,270924355.83528996,,,,,43693979.58498253,,,,6.200496233316448,,,,
frenzy_gated,,,1785117600000.0,2026-07-27,SAFEUSDT,WIDE,-3.117263713191275,False,1.7269627918311652,0.8400213266458925,22393620.33281,22393620.33281,,,,,93722006.87658158,,,,0.23893662843028085,,,,
frenzy_gated,,,1785202800000.0,2026-07-28,COTIUSDT,FRENZY,2.9074999020652483,True,3.461607070921169,0.6293458977026644,125427753.1824922,125427753.1824922,,,,,34702825.549384385,,,,3.6143383484437117,,,,
frenzy_gated,,,1785311100000.0,2026-07-29,COTIUSDT,FRENZY,-3.1027602338396174,False,3.0225465010573314,0.9010332132587656,418713978.651643,418713978.6516429,,,,,40741931.72968101,,,,10.277224492686598,,,,
frenzy_gated,,,1785432900000.0,2026-07-30,MMTUSDT,WIDE,-3.1230128116914933,False,2.0338518921970508,0.7247865803825192,55674190.8825,55674190.8825,,,,,71352712.5,,,,0.7802673357722736,,,,
frenzy_gated,,,1785483000000.0,2026-07-31,GIGGLEUSDT,WIDE,2.9119510531590023,False,2.380662117151568,0.942003360342242,67190134.4301,67190134.4301,,,,,38701378.506034724,,,,1.7361173432006565,,,,
frenzy_gated,,,1785490800000.0,2026-07-31,MMTUSDT,WIDE,2.9063623465133372,False,1.9562208181313916,0.9008982318361868,223844471.8705,223844471.8705,,,,,89381635.50000001,,,,2.5043675987613803,,,,
frenzy_gated,,,1785491700000.0,2026-07-31,COTIUSDT,FRENZY,2.9059157992916265,False,2.2543636884403244,0.7277794533182,313153379.428369,313153379.428369,,,,,45115496.79935732,,,,6.941148865567406,,,,
frenzy_gated,,,1785493800000.0,2026-07-31,GIGGLEUSDT,FRENZY,2.9148188080311734,False,3.504601301407717,0.937258177490148,183840392.9227,183840392.9227,,,,,39889144.59829154,,,,4.608782534047469,,,,
frenzy_gated,,,1785513600000.0,2026-07-31,1000RATSUSDT,FRENZY,-3.110932499404305,False,5.2624611836212,0.5985279183563381,99676109.34361,99676109.34360999,,,,,,,,,,,,,
frenzy_gated,,,1785520200000.0,2026-07-31,GIGGLEUSDT,WIDE,2.9157405495804825,False,2.1889797200041583,0.5594275665613854,265820356.9018,265820356.90179998,,,,,42027123.56435382,,,,6.324971455511674,,,,
frenzy_gated,,,1785561000000.0,2026-08-01,IDOLUSDT,FRENZY,-3.1050751817751285,False,2.916435959257341,0.5020344028399191,27462001.46714,27462001.46714,,,,,42289046.07120001,,,,0.6493880571555944,,,,
frenzy_gated,,,1785574800000.0,2026-08-01,IDOLUSDT,FRENZY,2.9140230242933787,False,2.109571958150467,0.4046747003543787,72270715.41933,72270715.41933,,,,,42610499.968700685,,,,1.6960776210656074,,,,
frenzy_gated,,,1785595800000.0,2026-08-01,IDOLUSDT,WIDE,-3.12122667537441,False,2.3107425455685,0.6726839328969111,97679090.98968,97679090.98968,,,,,47521601.18051657,,,,2.0554671678387715,,,,
frenzy_gated,,,1785604200000.0,2026-08-01,IDOLUSDT,FRENZY,2.902788682679992,True,2.9020200344720632,0.3680673023457713,141704037.60104,141704037.60104,,,,,45057121.29967805,,,,3.144986486343781,,,,
frenzy_gated,,,1785617100000.0,2026-08-01,1000RATSUSDT,FRENZY,2.910778178627328,True,1.8470585740707517,0.5462088404909956,591935917.19075,591935917.19075,,,,,,,,,,,,,
frenzy_gated,,,1785679200000.0,2026-08-02,MANTRAUSDT,FRENZY,2.914598822168314,True,2.3088274670353357,0.3772422723534466,35176682.224119,35176682.224119,,,,,41997645.38985795,,,,0.8375870098806504,,,,
frenzy_gated,,,1785862200000.0,2026-08-04,BICOUSDT,WIDE,2.946883879656116,False,2.252949697108798,0.539177211079062,112832662.92741,112832662.92741,115560317.60191637,16817745.981139883,,,21129414.121181767,,,,5.3400753225002,6.7091430120270115,6.871332087635912,16.833333333333332,
frenzy_gated,,,1785909000000.0,2026-08-05,BICOUSDT,WIDE,2.9266845568384228,False,2.2700122850007785,0.9038355279808992,108936899.39928,108936899.39928,62161846.46886352,21123714.165608473,,,26296825.237856783,,,,4.14258749540819,5.157090204176319,2.942751733029471,5.833333333333333,
frenzy_gated,,,1785909300000.0,2026-08-05,HFTUSDT,WIDE,-3.1206247146710706,False,4.4317084982158015,0.7368610358223115,55535211.90186,55535211.901860006,,,,,,,,,,,,,
frenzy_gated,,,1785947400000.0,2026-08-05,HFTUSDT,FRENZY,-3.1379750302195295,False,3.3894185259982237,0.969243450641764,129708431.87366,129708431.87366,,,,,,,,,,,,,
frenzy_gated,,,1785951900000.0,2026-08-05,HFTUSDT,FRENZY,-3.1422276006420766,False,3.6966089897518697,0.6117729709544049,136081007.63478,136081007.63478,,,,,,,,,,,,,
frenzy_gated,,,1785988200000.0,2026-08-06,HEIUSDT,FRENZY,2.9010745509292737,False,2.8318205271203216,0.6035250384790795,722058324.68027,722058324.68027,,,,,24861292.168682232,,,,29.043475286045137,,,,
frenzy_gated,,,1786031700000.0,2026-08-06,ACEUSDT,WIDE,2.9035459668308463,False,3.536729527977469,0.687420702938966,52142932.778892405,52142932.7788924,,,,,13642082.653189244,,,,3.822212055481311,,,,
frenzy_gated,,,1786041000000.0,2026-08-06,ZBTUSDT,FRENZY,2.900029248764825,False,3.2378084810485106,0.7503923338987597,178206257.72,178206257.71999997,,,,,58342142.3709838,,,,3.0545031512012155,,,,
frenzy_gated,,,1786080000000.0,2026-08-07,ACEUSDT,WIDE,2.91067224085846,True,3.289578979059927,0.6335671688981929,282103967.6643794,282103967.6643794,,,,,16086578.805084078,,,,17.536604338470152,,,,
frenzy_gated,,,1786122600000.0,2026-08-07,TUTUSDT,WIDE,2.9116030103533155,True,2.0153028678246825,0.8671271322921579,38182392.337000005,38182392.337,,,,,31101350.237240408,,,,1.227676356355771,,,,
frenzy_gated,,,1786222800000.0,2026-08-08,COOKIEUSDT,FRENZY,-3.1003810329318413,False,2.424695519837594,0.4716171184514402,20806509.822223,20806509.822223,,,,,10746975.888666945,,,,1.936033916682011,,,,
frenzy_gated,,,1786269000000.0,2026-08-09,MUBARAKUSDT,FRENZY,2.900624855471824,False,4.648161094689883,0.8323598712408778,45332300.70313,45332300.70312999,,,,,19220000.0,,,,2.358600452816337,,,,
frenzy_gated,,,1786285500000.0,2026-08-09,MUBARAKUSDT,FRENZY,2.924013340692856,False,2.3450111369572975,0.98289821724426,67401382.77493,67401382.77493,,,,,19900000.000000004,,,,3.3870041595442206,,,,
frenzy_gated,,,1786303800000.0,2026-08-09,TSTUSDT,FRENZY,-3.106314960535704,False,3.832252966212668,0.7491690023858169,81235452.92497501,81235452.92497501,,,,,22113235.11741103,,,,3.673612318308579,,,,
frenzy_gated,,,1786322400000.0,2026-08-10,MUBARAKUSDT,WIDE,2.9104866812867294,True,2.790212854642069,0.8436735170050126,155230901.17509,155230901.17509001,,,,,26850000.000000004,,,,5.781411589388827,,,,
frenzy_gated,,,1786325100000.0,2026-08-10,XANUSDT,FRENZY,2.9014096943739367,True,3.950153834378909,0.7542577818946195,69705429.095975,69705429.095975,27475526.579450235,55876122.8097249,,,50766594.78136267,,,,1.3730570150741155,1.2474993895575588,0.491722138148574,1.4166666666666667,
frenzy_gated,,,1786453800000.0,2026-08-11,BTRUSDT,FRENZY,2.9138742331042535,False,2.1237854954687116,0.8940580922420881,49865782.3997,49865782.39969999,1759508.81968325,5554039.026193541,,,15858068.172558704,,,,3.1445054881268133,8.978291683678625,0.3167980655852771,13.166666666666666,
frenzy_gated,,,1786466100000.0,2026-08-11,COOKIEUSDT,FRENZY,2.903767851747775,True,2.746991403910918,0.547706639878124,31513332.941442,31513332.941442,,,,,13071268.318549946,,,,2.410885628957689,,,,
frenzy_gated,,,1786467600000.0,2026-08-11,LUNA2USDT,FRENZY,-3.111754740668514,True,2.3829221532674767,0.4274897960126759,41692749.31553,41692749.31553,,,,,,,,,,,,,
frenzy_gated,,,1786487100000.0,2026-08-11,BTRUSDT,WIDE,-3.107770776618178,False,1.9788257010627663,0.4916746809633288,90892902.1068,90892902.10679999,1759508.81968325,5554039.026193541,,,16544585.707815317,,,,5.493815542559284,16.36518967154133,0.3167980655852771,22.416666666666668,
frenzy_gated,,,1786490400000.0,2026-08-11,BMTUSDT,WIDE,2.9349937705844833,True,2.188781798047307,0.6767656953144969,83942464.36545001,83942464.36545001,,,,,17738661.623305317,,,,4.7321757496724075,,,,
frenzy_gated,,,1786490700000.0,2026-08-11,HOLOUSDT,FRENZY,-3.1008409020991543,True,2.216660222425447,0.7471581326009537,47662692.97711,47662692.97711,,,,,69686144.8944275,,,,0.6839622574805596,,,,
frenzy_gated,,,1786503900000.0,2026-08-12,PROMUSDT,FRENZY,-3.124609502687746,False,4.966142479700811,0.9041635250442466,104105675.509,104105675.509,,,,,60120408.79828326,,,,1.7316195546556687,,,,
frenzy_gated,,,1786527000000.0,2026-08-12,PROMUSDT,FRENZY,2.9147451479460087,False,3.2705275675778687,0.8952415683812147,207442364.0918,207442364.0918,,,,,56352012.87553648,,,,3.6811881866575673,,,,
frenzy_gated,,,1786534500000.0,2026-08-12,BRUSDT,FRENZY,-3.1017555400383188,False,4.030416845420815,0.3924601106481778,47476933.02488,47476933.02488,1640001.043120943,37101530.685710974,,,75124260.33041582,,,,0.63197870855652,1.2796489025495903,0.044203056122225214,11.583333333333334,
frenzy_gated,,,1786582800000.0,2026-08-13,BRUSDT,FRENZY,2.903171322319255,False,2.1026222468471327,0.5642381335929261,128917152.52263,128917152.52263,10620671.671654778,66004677.64730757,,,71372074.70454891,,,,1.8062688111042602,1.953151763144604,0.1609078636578723,1.0,
frenzy_gated,,,1786612200000.0,2026-08-13,AVAAIUSDT,FRENZY,2.9049355373672605,True,2.772039002898101,0.9370089740014445,40795381.751354,40795381.751354,,,,,11935847.383986969,,,,3.417887347159343,,,,
frenzy_gated,,,1786629300000.0,2026-08-13,BRUSDT,WIDE,2.900363721244982,False,1.3385904310568313,0.8692929052495368,130388625.83647,130388625.83647,10620671.671654778,66004677.64730757,,,77043983.20876633,,,,1.6923920649735298,1.9754452333392882,0.1609078636578723,13.916666666666666,
frenzy_gated,,,1786648800000.0,2026-08-13,BRUSDT,FRENZY,2.901274599383942,True,1.9267214906740664,0.5617887760150195,129682843.16573,129682843.16573,10620671.671654778,66004677.64730757,,,82927329.72231257,,,,1.5638130830931278,1.9647523143538899,0.1609078636578723,19.333333333333332,
frenzy_gated,,,1786653300000.0,2026-08-13,EDENUSDT,FRENZY,2.900610574483766,False,3.1640086109955448,0.623769052705191,40533408.06529,40533408.06529,,,,,41799215.23487201,,,,0.9697169632858086,,,,
frenzy_gated,,,1786677900000.0,2026-08-14,BRUSDT,FRENZY,-3.103483336277456,False,1.6097077541355351,0.7298568109403825,118617768.87474,118617768.87474,7580732.364950095,76464847.85853592,,,86971501.17058592,,,,1.3638693971957905,1.5512718876285383,0.09914009609977723,3.4166666666666665,
frenzy_gated,,,1786692000000.0,2026-08-14,BRUSDT,WIDE,-3.1000192599801344,False,1.9261005146216252,0.9135014476187658,110603554.83711,110603554.83711,7580732.364950095,76464847.85853592,,,86176091.5164442,,,,1.2834598656171883,1.4464627594856727,0.09914009609977723,7.333333333333333,
frenzy_gated,,,1786701600000.0,2026-08-14,ACEUSDT,WIDE,-3.1036890967241813,False,3.0714884074592055,0.5525058449596068,112954442.413094,112954442.41309401,,,,,20478822.578924473,,,,5.515670736331281,,,,
frenzy_gated,,,1786794000000.0,2026-08-15,COWUSDT,FRENZY,2.937030404483522,True,3.6129515829837464,0.741004967626781,111578381.9039,111578381.9039,,,,,88285277.33019724,,,,1.263839059898785,,,,
frenzy_gated,,,1786807500000.0,2026-08-15,HEMIUSDT,FRENZY,2.900021949876398,False,3.2256110419919706,0.7163842195572716,47615070.008293,47615070.008293,,,,,16073536.453082124,,,,2.9623269370296383,,,,
frenzy_gated,,,1786889700000.0,2026-08-16,DOLOUSDT,FRENZY,-3.1323031261690435,False,2.475025366329213,0.89385945091897,23161820.31366,23161820.313660003,,,,,17708408.70327933,,,,1.3079560508093977,,,,
frenzy_gated,,,1786958700000.0,2026-08-17,GPSUSDT,FRENZY,2.9045963712858183,True,2.743261076651166,0.7351975612978348,165689369.473001,165689369.473001,,,,,101494151.14810386,,,,1.6325016525456841,,,,
frenzy_gated,,,1786969200000.0,2026-08-17,PORTALUSDT,FRENZY,2.9331632172240565,False,2.254601217922706,0.8247148203554738,379659806.042668,379659806.042668,,,,,14967749.344477031,,,,25.365190003182352,,,,
frenzy_gated,,,1787157600000.0,2026-08-19,TREEUSDT,FRENZY,2.9076640076954665,False,3.3335625335114383,0.7655561767174481,33999905.79756,33999905.79756,,,,,19283996.905249998,,,,1.763115082657146,,,,
frenzy_gated,,,1787163900000.0,2026-08-19,TREEUSDT,FRENZY,-3.111851169796042,False,3.1526813639211353,0.3595681220648085,53618054.88716,53618054.887159996,,,,,20035321.459999997,,,,2.676176421436864,,,,
frenzy_gated,,,1787202000000.0,2026-08-20,REDUSDT,FRENZY,2.965996078132617,False,1.8822449268065595,0.4930446700628564,30276536.4598,30276536.4598,,,,,59805209.07603783,,,,0.5062524975258537,,,,
frenzy_gated,,,1787240100000.0,2026-08-20,AVAAIUSDT,WIDE,2.9005275578929415,False,2.2436485681122935,0.4435767174004638,40150320.723912,40150320.723912,,,,,19191068.251360655,,,,2.0921357893177897,,,,
frenzy_gated,,,1787250900000.0,2026-08-20,AVAAIUSDT,FRENZY,-3.1010465584755607,False,1.9914980922084664,0.813501661298153,66045510.581635,66045510.581635,,,,,19782515.61482598,,,,3.3385799797947477,,,,
frenzy_gated,,,1787283300000.0,2026-08-21,ONTUSDT,FRENZY,-3.1029865044518976,False,2.132319305183182,0.7622099195437647,61611660.089674,61611660.089674,,,,,53401105.745212324,,,,1.1537525156058739,,,,
frenzy_gated,,,1787314500000.0,2026-08-21,HEMIUSDT,FRENZY,2.9024345513987817,False,3.983025785159533,0.3319498198072672,175106587.667665,175106587.667665,,,,,37124196.193753906,,,,4.7167778866853,,,,
frenzy_gated,,,1787340000000.0,2026-08-21,GPSUSDT,FRENZY,-3.1,False,2.014259241683864,0.7590003760839823,48428043.193247,48428043.193247005,,,,,94502258.83204153,,,,0.5124538163613418,,,,
frenzy_gated,,,1787431200000.0,2026-08-22,STXUSDT,WIDE,-3.10811597659557,False,1.6875624876399389,0.9653646962626294,102142856.5496,102142856.5496,44241063.00509808,352125807.07950056,,,417512195.42661345,,,,0.24464640235294338,0.2900748950971915,0.12563993355678596,20.666666666666668,
frenzy_gated,,,1787508900000.0,2026-08-23,SPKUSDT,FRENZY,2.9321725825878677,True,1.825575743052536,0.5281542022619292,28667921.11083,28667921.11083,,,,,106374124.99600215,,,,0.2695008876633056,,,,
frenzy_gated,,,1787766900000.0,2026-08-26,EDENUSDT,WIDE,-3.1076615231289892,False,2.209802632935003,0.6801363574912294,70507415.18593,70507415.18593001,,,,,48285300.357524574,,,,1.4602252582848942,,,,
frenzy_gated,,,1787901900000.0,2026-08-28,HEMIUSDT,WIDE,2.908193061999699,False,2.281591796697807,0.8463604352511969,162831434.98795003,162831434.98795,,,,,30508202.522712737,,,,5.33730018563779,,,,
frenzy_gated,,,1787931300000.0,2026-08-28,HEMIUSDT,FRENZY,-3.1075237131038533,False,2.812932151947687,0.730703305670903,270185658.71953,270185658.71953,,,,,33032062.91322806,,,,8.179496976294844,,,,
frenzy_gated,,,1787945100000.0,2026-08-28,BTRUSDT,FRENZY,-3.101430291380501,False,1.4454708819440194,0.3981330174718308,259001125.39446,259001125.39445996,79013121.20648418,45780405.23922357,,,79431539.50479665,,,,3.2606836907500654,5.657466858169134,1.7259157229737148,19.416666666666668,
frenzy_gated,,,1787995500000.0,2026-08-29,BTRUSDT,WIDE,-3.1023016935297174,False,1.6211609727698548,0.988009932872929,197616190.26675,197616190.26674998,37776768.770725615,41213869.44388041,,,88536417.45465383,,,,2.2320328283891104,4.794895333374061,0.9166033007933171,9.416666666666666,
frenzy_gated,,,1788054000000.0,2026-08-30,ZKPUSDT,FRENZY,2.9127943165073735,False,2.725490070539225,0.98499173926475,60922021.72856,60922021.72856001,,,,,17456487.07111604,,,,3.489935946469045,,,,
frenzy_gated,,,1788059700000.0,2026-08-30,PROMUSDT,FRENZY,-3.1104986855386527,False,2.439378637486673,0.4591419454477063,413760907.3833,413760907.38330007,,,,,141962238.1974249,,,,2.914584277037733,,,,
frenzy_gated,,,1788123300000.0,2026-08-30,ZORAUSDT,FRENZY,2.9005634790388215,False,1.8901041115618624,0.4656537572073631,22431819.027179003,22431819.027179,,,,,51574261.96262645,,,,0.4349421237173366,,,,
frenzy_gated,,,1788140400000.0,2026-08-31,ZORAUSDT,WIDE,-3.1070166010264786,True,2.3261771646337053,0.5736488023127301,53245931.768785,53245931.768785,,,,,54509064.4263571,,,,0.9768271080990829,,,,
frenzy_gated,,,1788153000000.0,2026-08-31,FLOCKUSDT,FRENZY,-3.1012460386276905,True,3.030530540553017,0.7680371640611832,33156681.62421,33156681.62421,,,,,20555809.939917587,,,,1.6130077929852145,,,,
frenzy_gated,,,1788177000000.0,2026-08-31,AXLUSDT,FRENZY,-3.1127508539781066,False,3.036525551089713,0.63354123020887,30596487.472739,30596487.472739,4558685.472240141,49051068.0450573,,,59954730.71735712,,,,0.5103264931166007,0.6237680175411002,0.09293753742635383,11.833333333333334,
frenzy_gated,,,1788260100000.0,2026-09-01,USELESSUSDT,WIDE,2.907300863022423,False,1.6892163999347318,0.81414658590172,227193702.06795,227193702.06795,,,,,99415950.13720877,,,,2.2852842200309804,,,,
frenzy_gated,,,1788365700000.0,2026-09-02,USELESSUSDT,WIDE,-3.1010177717795004,False,2.144713938896935,0.7522948448495842,316538718.65639997,316538718.65639997,,,,,135916687.7066653,,,,2.3289172506878053,,,,
frenzy_gated,,,1788449400000.0,2026-09-03,EDGEUSDT,WIDE,2.910389923490754,False,2.183102864405945,0.90805882834175,96096532.4421,96096532.4421,,,,,,,,,,,,,
frenzy_gated,,,1788459600000.0,2026-09-03,FLOCKUSDT,FRENZY,-3.1232721405939565,False,2.4269204463869865,0.5219942663271726,26500474.98394,26500474.983939998,,,,,19843983.30595578,,,,1.3354413060802366,,,,
frenzy_gated,,,1788492300000.0,2026-09-04,EDGEUSDT,FRENZY,2.913618587577839,False,2.529648133094806,0.4371392122490732,183038240.675,183038240.67499998,,,,,,,,,,,,,
frenzy_gated,,,1788588900000.0,2026-09-05,NOMUSDT,FRENZY,2.9234556085339105,True,4.818314003170164,0.9095210956226516,34806935.784138,34806935.784137994,,,,,5525519.471365639,,,,6.299305606380465,,,,
frenzy_gated,,,1788634200000.0,2026-09-05,SUSHIUSDT,FRENZY,2.936236480896494,False,2.311000524587403,0.852422309317781,31999788.7829,31999788.782899998,,,,,72833143.45259175,,,,0.4393575131592277,,,,
frenzy_gated,,,1788765300000.0,2026-09-07,SOLVUSDT,FRENZY,2.9019861623846412,False,2.7217320908275946,0.7770094594003989,22998298.137647,22998298.137647,,,,,21615593.718616303,,,,1.063967913027522,,,,
frenzy_gated,,,1788782400000.0,2026-09-07,SOLVUSDT,WIDE,2.915041027108757,False,1.642326520879472,0.7568279860054519,25088452.079805,25088452.079805005,,,,,25161858.773708448,,,,0.99708262038335,,,,
frenzy_gated,,,1788789600000.0,2026-09-07,CATIUSDT,FRENZY,-3.1037018706088424,False,1.6798787212499493,0.5046926823167801,59222553.37556,59222553.37556,20637736.063842714,37821575.87492737,,,34807176.567592256,,,,1.7014466330113098,1.5658404496788758,0.5456603958568489,14.0,
frenzy_gated,,,1788798900000.0,2026-09-07,SOLVUSDT,WIDE,-3.1177390548564707,False,1.541037485546735,0.4993403975429563,43274142.551268,43274142.551268,,,,,26630234.148082536,,,,1.6250004528925208,,,,
frenzy_gated,,,1788813600000.0,2026-09-07,SOPHUSDT,FRENZY,2.9104905197630884,False,1.627727284693998,0.7584257947616887,84944187.545577,84944187.545577,,,,,22861564.60736172,,,,3.7155894185047984,,,,
frenzy_gated,,,1788837600000.0,2026-09-08,IOSTUSDT,FRENZY,2.9088590492532,True,1.767499347231722,0.9809073605913302,186851854.6437492,186851854.6437492,,,,,35559134.18923962,,,,5.254679533234855,,,,
frenzy_gated,,,1788848700000.0,2026-09-08,SOLVUSDT,FRENZY,2.9171645991114894,True,2.35921392065387,0.7698852452819749,68654042.165565,68654042.165565,,,,,26175868.937898852,,,,2.622798972918295,,,,
frenzy_gated,,,1788860700000.0,2026-09-08,FORMUSDT,FRENZY,-3.1162795020144283,False,3.730188427578985,0.9555166148043448,119754070.64594,119754070.64594,,,,,135907434.73811203,,,,0.8811443676845282,,,,
frenzy_gated,,,1788877200000.0,2026-09-08,USELESSUSDT,FRENZY,2.9074422552818793,True,2.154088838997723,0.7328606405390925,272728288.15966,272728288.15966,,,,,293219894.04465854,,,,0.9301152264863802,,,,
frenzy_gated,,,1788932700000.0,2026-09-09,RAYSOLUSDT,WIDE,2.904774565783043,False,1.293491733613478,0.7984391367655135,58725028.77318,58725028.77318,,,,,,,,,,,,,
frenzy_gated,,,1788933600000.0,2026-09-09,USELESSUSDT,WIDE,2.9020473479195465,False,2.084127860740857,0.8705792779276218,483840125.39105,483840125.39105,,,,,326958796.42662567,,,,1.4798198754063214,,,,
frenzy_gated,,,1788978600000.0,2026-09-09,RAYSOLUSDT,FRENZY,-3.1018420566428437,True,1.542159925970838,0.5002794769066253,197001114.22169,197001114.22169,,,,,,,,,,,,,
frenzy_gated,,,1789017600000.0,2026-09-10,RAYSOLUSDT,FRENZY,2.9024701682212286,False,1.4247825594169403,0.7531004679179689,221687985.91603,221687985.91603,,,,,,,,,,,,,
frenzy_gated,,,1789077000000.0,2026-09-10,SAGAUSDT,FRENZY,-3.1422276006420766,True,2.6764114793624736,0.4458032938345664,82943406.07334301,82943406.073343,,,,,19819094.54080049,,,,4.185024997110333,,,,
frenzy_gated,,,1789107000000.0,2026-09-11,LSKUSDT,FRENZY,2.9025546242390967,False,1.7405056605377784,0.4471436388165851,40211036.35478,40211036.35478,,,,,29226454.73345692,,,,1.3758437936281238,,,,
frenzy_gated,,,1789246200000.0,2026-09-12,GRIFFAINUSDT,WIDE,-3.1123064614901983,False,1.8205451249758875,0.4022099405541277,70114921.126193,70114921.126193,,,,,16616043.437777715,,,,4.219712194949005,,,,
frenzy_gated,,,1789265400000.0,2026-09-13,POWRUSDT,FRENZY,2.905775547164359,False,3.9010219141971345,0.467416292407333,38507273.23291,38507273.23291001,,,,,78784383.34642577,,,,0.488767844556049,,,,
frenzy_gated,,,1789267200000.0,2026-09-13,PUNDIXUSDT,FRENZY,2.9020004793750345,False,3.4359812346777563,0.7957487109558214,28656117.849299997,28656117.849299997,,,,,30414901.293679,,,,0.9421736264274998,,,,
frenzy_gated,,,1789284600000.0,2026-09-13,PUNDIXUSDT,WIDE,-3.1070601223315606,False,2.2994363420507575,0.3400202965256172,28628445.94376,28628445.943759996,,,,,33344717.9535297,,,,0.8585601468771619,,,,
frenzy_gated,,,1789286700000.0,2026-09-13,ARKUSDT,FRENZY,-3.122372001832373,False,3.9017977510518422,0.495577490655779,52126323.744600005,52126323.7446,7576738.225014414,26598360.835532583,,,33352460.60060889,,,,1.5628928962335202,1.9597569965651707,0.28485733658040674,8.083333333333334,
frenzy_gated,,,1789299600000.0,2026-09-13,PUNDIXUSDT,WIDE,-3.105132391582109,False,2.1446178457041993,0.5030796003962701,36426612.69793,36426612.69793,,,,,33099706.877221767,,,,1.1005116399685615,,,,
frenzy_gated,,,1789356000000.0,2026-09-14,REZUSDT,FRENZY,-3.1145805740931607,False,2.1886666095267087,0.5995518574187323,105816905.229157,105816905.229157,,,,,44872339.69603729,,,,2.358176684031962,,,,
frenzy_gated,,,1789439100000.0,2026-09-15,BRUSDT,FRENZY,2.901242631035862,False,2.9697610200406612,0.7141543094354551,533302189.70534,533302189.7053401,23979943.61859949,158358627.88746575,,,167465615.70617798,,,,3.184547391752527,3.3676863510355757,0.15142808408039715,2.4166666666666665,
frenzy_gated,,,1789439400000.0,2026-09-15,HIVEUSDT,FRENZY,-3.112969374091011,False,2.548217331129771,0.5311441593987479,26046436.81131,26046436.81131,,,,,34554950.689824454,,,,0.7537686001959774,,,,
frenzy_gated,,,1789610400000.0,2026-09-17,BRUSDT,FRENZY,2.9022402896915502,False,3.2913992899833473,0.6848318006950407,630887925.76131,630887925.7613101,53730986.650808714,194351481.88336772,,,190666742.0314177,,,,3.3088514496007573,3.246118422394702,0.2764629635448482,2.0,
frenzy_gated,,,1789625100000.0,2026-09-17,AVAUSDT,FRENZY,-3.12747352589494,False,3.8253413366070097,0.5887405653569802,33647806.69277,33647806.69277,,,,,16730306.309325553,,,,2.011188920911421,,,,
frenzy_gated,,,1789722600000.0,2026-09-18,DRIFTUSDT,FRENZY,-3.157365020408952,False,3.207140414823475,0.7697420644938058,58619525.148389995,58619525.14839,,,,,,,,,,,,,
frenzy_gated,,,1789818300000.0,2026-09-19,B2USDT,FRENZY,-3.115367580965177,False,4.287586968020722,0.8248585208746255,119472596.4671,119472596.46710001,2410210.0793692158,17210155.064223997,,,77242085.75183448,,,,1.5467292901818432,6.941982569085411,0.14004580844129028,11.75,
frenzy_gated,,,1789857900000.0,2026-09-19,CELRUSDT,FRENZY,2.6310161662817664,False,4.07266364599632,0.965046191357002,20453980.817369,20453980.817369,4902912.856095259,18070566.844484027,,,33489208.881856423,,,,0.6107633324372267,1.131894809576076,0.27132036854681485,22.75,
frenzy_gated,,,1789886400000.0,2026-09-20,SKLUSDT,FRENZY,-3.1,False,2.958597166544865,0.7200666730403233,36775957.370796,36775957.370796,,,,,30795580.955636214,,,,1.1941959277785685,,,,
frenzy_gated,,,1789914600000.0,2026-09-20,EPICUSDT,FRENZY,-3.1,False,3.1234483984354924,0.9576043727050304,44203519.98015001,44203519.98015,,,,,18928636.05526036,,,,2.3352723276575245,,,,
frenzy_gated,,,1789919700000.0,2026-09-20,SAGAUSDT,FRENZY,-3.1088199313114893,False,2.74754859919334,0.5429817578727347,41576987.177558005,41576987.177558005,,,,,34794461.60044483,,,,1.194931183445197,,,,
frenzy_gated,,,1789926300000.0,2026-09-20,SAGAUSDT,FRENZY,-3.1247897058488614,False,3.879364017317533,0.4754315958897712,73597191.989641,73597191.989641,,,,,39098822.04767311,,,,1.8823378336028664,,,,
frenzy_gated,,,1789989900000.0,2026-09-21,PHAUSDT,FRENZY,-3.1140712923644274,False,3.905493593678601,0.6490414574476319,73639524.66243,73639524.66243,,,,,51406827.70090236,,,,1.4324852934104975,,,,
frenzy_gated,,,1789992600000.0,2026-09-21,ZETAUSDT,FRENZY,2.9018440423474803,False,2.650447449766046,0.7603935013436315,190438565.06251,190438565.06251,,,,,109210756.23857583,,,,1.7437711414294061,,,,
frenzy_gated,,,1790009700000.0,2026-09-21,SAGAUSDT,FRENZY,2.924366019659509,False,2.7404753463011584,0.4820334062720207,195587242.443948,195587242.443948,,,,,40399648.42361679,,,,4.8413105082768935,,,,
frenzy_gated,,,1790088600000.0,2026-09-22,BROCCOLI714USDT,FRENZY,2.9180051265437226,False,2.817593489856252,0.7714777475472762,28258437.14716,28258437.147160005,,,,,25087645.103238095,,,,1.1263885881227111,,,,
frenzy_gated,,,1790133300000.0,2026-09-23,NILUSDT,WIDE,-3.1012602972974244,False,2.5139763658901875,0.6182901041225674,107953209.503182,107953209.503182,,,,,59711698.07774288,,,,1.807907210453638,,,,
frenzy_gated,,,1790150400000.0,2026-09-23,TAKEUSDT,WIDE,2.90192442671331,True,6.896216856361007,0.6340439636552774,79934160.96795,79934160.96795,,,,,63320388.54144608,,,,1.262376350006593,,,,
frenzy_gated,,,1790253000000.0,2026-09-24,BROCCOLI714USDT,WIDE,2.900728088106509,True,2.3800473015098187,0.98240847215295,37950497.78907,37950497.789069995,,,,,29091198.977904763,,,,1.30453536197989,,,,
frenzy_gated,,,1790292000000.0,2026-09-24,SAGAUSDT,WIDE,2.9055395690090315,True,4.572219836824195,0.7494960120194216,144305340.142546,144305340.142546,,,,,75289292.4418136,,,,1.9166781286206216,,,,
frenzy_gated,,,1790318100000.0,2026-09-25,PHAUSDT,FRENZY,2.906867274960835,False,2.0735790049074447,0.5637997937284571,27407783.03262,27407783.032619998,,,,,47635736.639148936,,,,0.5753617969685221,,,,
frenzy_gated,,,1790330400000.0,2026-09-25,PHAUSDT,FRENZY,2.901573784465318,False,2.3584997105481844,0.8615674053227406,46564541.07694,46564541.07694,,,,,51543958.28496612,,,,0.9033947455005901,,,,
frenzy_gated,,,1790337300000.0,2026-09-25,PHAUSDT,FRENZY,2.90528209360479,False,2.4492952946385023,0.9393386059825805,60970525.10417,60970525.104169995,,,,,53532351.753890656,,,,1.1389472553807378,,,,
frenzy_gated,,,1790378700000.0,2026-09-25,ARKUSDT,WIDE,-3.1288686865525537,False,2.055036318208604,0.7907308294603832,143160162.4672,143160162.46719998,19674063.258477546,38598446.2219991,,,50767637.6327831,,,,2.819909870589578,3.7089617971618285,0.5097112755607337,23.416666666666668,
frenzy_gated,,,1790393100000.0,2026-09-26,ARKUSDT,FRENZY,2.915357873553105,True,2.1039382909492996,0.7085190108258181,149489844.5931,149489844.5931,73178491.43137713,50639321.38649326,,,54062940.626256436,,,,2.7651075369085296,2.9520507088187915,1.445092260870929,3.4166666666666665,
frenzy_gated,,,1790413800000.0,2026-09-26,2ZUSDT,FRENZY,2.9025005648086313,False,1.9565783658811748,0.9089888650378364,44270019.04767,44270019.04767001,,,,,384260472.8404596,,,,0.11520836041351148,,,,
frenzy_gated,,,1790431200000.0,2026-09-26,MUBARAKUSDT,FRENZY,2.9008769938954084,True,2.576680846614128,0.8744832813961158,214859388.26427,214859388.26427,,,,,59600000.00000001,,,,3.605023293024664,,,,
frenzy_gated,,,1790434500000.0,2026-09-26,2ZUSDT,FRENZY,-3.1083150978857708,True,1.3098017512773836,0.9677523967497926,108746340.57364,108746340.57364,,,,,385101535.434912,,,,0.28238355490021094,,,,
frenzy_gated,,,1790460900000.0,2026-09-26,RAREUSDT,FRENZY,-3.120235278064752,False,1.7604220651749989,0.5546684966067076,405059207.28371,405059207.28371,,,,,21550000.0,,,,18.796250918037586,,,,
frenzy_gated,,,1790483700000.0,2026-09-27,SOONUSDT,FRENZY,-3.128160841315407,False,2.512178300971016,0.9925884960132072,52872976.1291,52872976.1291,,,,,177222586.86424682,,,,0.2983421981623646,,,,
frenzy_gated,,,1790526600000.0,2026-09-27,SOONUSDT,FRENZY,2.916331266516782,False,2.971748677616752,0.7216369897976626,200245792.3626,200245792.36260003,,,,,203033466.1819115,,,,0.9862698801742674,,,,
willyA,,,1769089800000.0,2026-01-22,0GUSDT,,-3.050826478292416,False,,,30361283.2089,30361283.2089,,,,,504499939.6110815,,,,0.06018094517970703,,,,stop
willyA,,,1769188200000.0,2026-01-23,0GUSDT,,1.0,False,,,273590562.68479997,273590562.68479997,,,,,598838303.735593,,,,0.45686884252080057,,,,tp
willyA,,,1770877500000.0,2026-02-12,0GUSDT,,1.0,True,,,77574711.3192,77574711.3192,,,,,428488455.14133185,,,,0.18104271045905518,,,,tp
willyA,,,1776010800000.0,2026-04-12,0GUSDT,,-3.05745101505787,False,,,26984492.2537,26984492.2537,,,,,403732145.57489955,,,,0.06683761139523603,,,,stop
willyA,,,1777266900000.0,2026-04-27,0GUSDT,,-1.5603109278684513,False,,,35124391.9718,35124391.9718,,,,,325497400.29457223,,,,0.10790990017128474,,,,time
willyA,,,1784117100000.0,2026-07-15,0GUSDT,,-3.0572139519577197,False,,,23619154.9663,23619154.9663,,,,,125043398.56248938,,,,0.18888766010703498,,,,stop
willyA,,,1788168900000.0,2026-08-31,0GUSDT,,1.0,False,,,33699718.7703,33699718.7703,,,,,119695554.99109983,,,,0.2815452818845762,,,,tp
willyA,,,1790642100000.0,2026-09-29,0GUSDT,,1.0,False,,,24420243.741100002,24420243.741100002,,,,,185251704.83813298,,,,0.13182196494460136,,,,tp
willyA,,,1777818600000.0,2026-05-03,1000000BOBUSDT,,-3.0882745962833065,False,,,21054357.51701,21054357.51701,,,,,,,,,,,,,stop
willyA,,,1791179100000.0,2026-10-05,1000000BOBUSDT,,1.0,False,,,21044185.32923,21044185.32923,,,,,,,,,,,,,tp
willyA,,,1786200600000.0,2026-08-08,1000CATUSDT,,-3.0824410180136748,False,,,22615774.676625,22615774.676625,,,,,18025579.49680782,,,,1.2546489659669506,,,,stop
willyA,,,1788623400000.0,2026-09-05,1000CATUSDT,,1.0,False,,,21040303.123648,21040303.123648,,,,,21452760.49126527,,,,0.9807736926077552,,,,tp
willyA,,,1790050200000.0,2026-09-22,1000FLOKIUSDT,,-3.0521601990667375,False,,,25132310.7808,25132310.7808,,,,,281556832.8814402,,,,0.08926194588707735,,,,stop
willyA,,,1772167200000.0,2026-02-27,1000LUNCUSDT,,1.0,False,,,24705639.50144,24705639.50144,,,,,246437326.00998285,,,,0.10025120748323331,,,,tp
willyA,,,1772308200000.0,2026-02-28,1000LUNCUSDT,,1.0,False,,,63053242.26568,63053242.26568,,,,,253014146.32736078,,,,0.24920836712465458,,,,tp
willyA,,,1776992700000.0,2026-04-24,1000LUNCUSDT,,1.0,False,,,20051629.17842,20051629.17842,,,,,300488840.88725656,,,,0.06673002937218349,,,,tp
willyA,,,1777554900000.0,2026-04-30,1000LUNCUSDT,,1.0,False,,,77491618.52547,77491618.52547,,,,,413676471.22330606,,,,0.1873242108653537,,,,tp
willyA,,,1777750200000.0,2026-05-02,1000LUNCUSDT,,1.0,False,,,64839567.13212,64839567.13212,,,,,470546623.3794559,,,,0.1377962648343826,,,,tp
willyA,,,1778117400000.0,2026-05-07,1000LUNCUSDT,,-3.059719388131702,False,,,126957224.09329002,126957224.09329002,,,,,520508350.83247787,,,,0.24391006194279166,,,,stop
willyA,,,1790003100000.0,2026-09-21,1000PEPEUSDT,,-3.0511795353436217,False,,,579240103.6179109,579240103.6179109,,,,,2034721541.634431,,,,0.28467782532671504,,,,stop
willyA,,,1768339500000.0,2026-01-13,1000RATSUSDT,,1.0,False,,,20133730.71876,20133730.71876,,,,,,,,,,,,,tp
willyA,,,1772615100000.0,2026-03-04,1000RATSUSDT,,1.0,False,,,36788970.41398,36788970.41398,,,,,,,,,,,,,tp
willyA,,,1776350400000.0,2026-04-16,1000RATSUSDT,,1.0,False,,,20306278.57467,20306278.57467,,,,,,,,,,,,,tp
willyA,,,1776951600000.0,2026-04-23,1000RATSUSDT,,1.0,False,,,20708753.176540002,20708753.176540002,,,,,,,,,,,,,tp
willyA,,,1782377100000.0,2026-06-25,1000RATSUSDT,,-3.0763444858154783,False,,,20309183.871179998,20309183.871179998,,,,,,,,,,,,,stop
willyA,,,1785507900000.0,2026-07-31,1000RATSUSDT,,1.0,False,,,23789392.241070002,23789392.241070002,,,,,,,,,,,,,tp
willyA,,,1787064300000.0,2026-08-18,1000RATSUSDT,,1.0,False,,,20290651.50407,20290651.50407,,,,,,,,,,,,,tp
willyA,,,1768325100000.0,2026-01-13,1000SATSUSDT,,-3.4145939310942826,False,,,20856803.877786104,20856803.877786104,,,,,45275286.048445165,,,,0.4606664186609234,,,,stop
willyA,,,1776307200000.0,2026-04-16,1000SATSUSDT,,1.0,False,,,20166001.803155698,20166001.803155698,,,,,31231563.061195973,,,,0.6456930049783896,,,,tp
willyA,,,1784995500000.0,2026-07-25,1000SHIBUSDT,,1.0,False,,,57228598.716516,57228598.716516,,,,,2814141921.867799,,,,0.020336074123273894,,,,tp
willyA,,,1787353500000.0,2026-08-21,1000SHIBUSDT,,-3.0581194425441645,False,,,133777438.29735598,133777438.29735598,,,,,3601142758.525613,,,,0.037148607336002254,,,,stop
willyA,,,1768053900000.0,2026-01-10,1000WHYUSDT,,-3.3611261137739863,True,,,20341314.807143,20341314.807143,,,,,,,,,,,,,stop
willyA,,,1778390100000.0,2026-05-10,1000XECUSDT,,1.0,False,,,20576526.41767,20576526.41767,,,,,191625574.20385948,,,,0.10737881153472663,,,,tp
willyA,,,1783923000000.0,2026-07-13,1000XECUSDT,,1.0,True,,,22065135.718812,22065135.718812,,,,,138642007.77918267,,,,0.1591518766372418,,,,tp
willyA,,,1784088000000.0,2026-07-15,1000XECUSDT,,1.0,False,,,38752058.658866,38752058.658866,,,,,128165940.18629593,,,,0.3023584784111742,,,,tp
willyA,,,1784687100000.0,2026-07-22,1000XECUSDT,,1.0,False,,,24261003.111752003,24261003.111752003,,,,,156417139.74100974,,,,0.15510450550318564,,,,tp
willyA,,,1786694100000.0,2026-08-14,2ZUSDT,,-3.065415091048988,False,,,20132196.13024,20132196.13024,,,,,289378098.90379345,,,,0.06957055909380738,,,,stop
willyA,,,1790406000000.0,2026-09-26,2ZUSDT,,1.0,True,,,20186029.9284,20186029.9284,,,,,368543115.6066296,,,,0.05477250577635503,,,,tp
willyA,,,1770366000000.0,2026-02-06,AAVEUSDT,,-0.5054470502021501,True,,,419081955.114,419081955.114,731635149.3623524,1561360526.7410295,,,1569637833.2629354,,,,0.2669927713470182,0.2684081914051807,0.46858821958914737,8.333333333333334,time
willyA,,,1787491500000.0,2026-08-23,AAVEUSDT,,1.0,False,,,251671989.43,251671989.43,691422622.2664788,1952140064.2871823,,,2146485849.283923,,,,0.11724838042326666,0.1289210718196582,0.35418699452743907,13.416666666666666,tp
willyA,,,1778315700000.0,2026-05-09,ACEUSDT,,1.0,False,,,20324623.914017998,20324623.914017998,,,,,18557986.841219958,,,,1.0951955127413975,,,,tp
willyA,,,1782019200000.0,2026-06-21,ACEUSDT,,1.0,False,,,20660998.4403775,20660998.4403775,,,,,12137259.792710865,,,,1.7022786685991214,,,,tp
willyA,,,1784419800000.0,2026-07-19,ACEUSDT,,1.0,False,,,20027817.1281043,20027817.1281043,,,,,6972420.6754504945,,,,2.8724338447651516,,,,tp
willyA,,,1784502300000.0,2026-07-19,ACEUSDT,,-3.050664047788646,False,,,20380552.784854103,20380552.784854103,,,,,10294917.050709391,,,,1.9796713936077555,,,,stop
willyA,,,1784697600000.0,2026-07-22,ACEUSDT,,1.0,False,,,60734012.6727824,60734012.6727824,,,,,10601039.733951267,,,,5.729061884210611,,,,tp
willyA,,,1784909400000.0,2026-07-24,ACEUSDT,,1.0,True,,,20143279.2225816,20143279.2225816,,,,,10488906.882946916,,,,1.920436461813858,,,,tp
willyA,,,1786026900000.0,2026-08-06,ACEUSDT,,1.0,False,,,20776530.041658096,20776530.041658096,,,,,10484421.568906741,,,,1.981657252630348,,,,tp
willyA,,,1786191000000.0,2026-08-08,ACEUSDT,,-3.05144717490035,False,,,198516673.6546561,198516673.6546561,,,,,13729546.276972635,,,,14.459084783275813,,,,stop
willyA,,,1786694400000.0,2026-08-14,ACEUSDT,,-3.0561591347658497,False,,,53473733.0407958,53473733.0407958,,,,,16683125.57242722,,,,3.2052586794151865,,,,stop
willyA,,,1786859400000.0,2026-08-16,ACEUSDT,,1.0,False,,,723306852.5661187,723306852.5661187,,,,,16234594.168409817,,,,44.553429858663776,,,,tp
willyA,,,1786957200000.0,2026-08-17,ACEUSDT,,1.0,True,,,202865536.2055628,202865536.2055628,,,,,17748387.65696855,,,,11.430082558846506,,,,tp
willyA,,,1787055600000.0,2026-08-18,ACEUSDT,,1.0,False,,,427626370.22359586,427626370.22359586,,,,,22378353.074938167,,,,19.10892945479981,,,,tp
willyA,,,1787220000000.0,2026-08-20,ACEUSDT,,-3.0500061208996216,False,,,215455568.1805629,215455568.1805629,,,,,23619663.73555632,,,,9.121872800255945,,,,stop
willyA,,,1785323100000.0,2026-07-29,ACHUSDT,,1.0,False,,,20015394.151621,20015394.151621,,,,,49914521.91866318,,,,0.40099340597184374,,,,tp
willyA,,,1776384600000.0,2026-04-17,ACTUSDT,,-3.0919106930607216,False,,,20025546.78114,20025546.78114,51409783.79601776,16006329.224399269,,,15435510.870697936,,,,1.297368577489429,1.2511017673317648,3.2118409583660936,0.16666666666666666,stop
willyA,,,1782623100000.0,2026-06-28,ACTUSDT,,1.0,True,,,20985480.46437,20985480.46437,6673985.574221933,7371655.454098431,,,9658916.279962866,,,,2.172653728027828,2.846779884795439,0.905357774217647,5.083333333333333,tp
willyA,,,1786347000000.0,2026-08-10,ACTUSDT,,-3.0554031446185776,False,,,20268511.204118002,20268511.204118002,10423848.152240738,10501474.597904816,,,12173047.789339606,,,,1.6650317615501269,1.9300633463572667,0.9926080432856957,7.5,stop
willyA,,,1774280100000.0,2026-03-23,AEROUSDT,,1.0,False,,,20285519.64215,20285519.64215,9176862.216130288,383309884.9421126,,,349136812.8963898,,,,0.05810192134671846,0.05292198411531577,0.02394110503441928,15.583333333333334,tp
willyA,,,1781623800000.0,2026-06-16,AEROUSDT,,1.0,False,,,36734987.59581,36734987.59581,42368206.87947999,406621255.58577436,,,491127844.38872015,,,,0.07479719998676114,0.0903420248970752,0.10419575046180207,15.5,tp
willyA,,,1788808200000.0,2026-09-07,AEROUSDT,,1.0,False,,,43152791.74586,43152791.74586,36535159.551848546,546677913.6991184,,,627580218.6242574,,,,0.06876059898837615,0.07893640965640057,0.06683123396120377,19.166666666666668,tp
willyA,,,1785601800000.0,2026-08-01,AEVOUSDT,,-3.051397007549665,True,,,21080564.540095,21080564.540095,4596461.395891534,17750776.528184325,,,25303647.84546805,,,,0.8331037749511909,1.1875854843095854,0.25894424328949023,16.5,stop
willyA,,,1771684200000.0,2026-02-21,AGLDUSDT,,-3.085497001905517,False,,,21302483.6757,21302483.6757,3163963.3988906345,24745080.09529002,,,24936358.945215296,,,,0.8542740230240169,0.8608775398449697,0.12786232199316516,14.5,stop
willyA,,,1772710200000.0,2026-03-05,AGLDUSDT,,-3.064365346555224,False,,,20879421.710100003,20879421.710100003,9388729.513271984,22141008.681022003,,,24732342.62063563,,,,0.8442152864516396,0.9430203479391,0.42404253792283014,11.5,stop
willyA,,,1783469700000.0,2026-07-08,AGLDUSDT,,1.0,True,,,23650668.477199998,23650668.477199998,33336060.077167515,15090157.833898438,,,17183738.611187782,,,,1.3763400975967945,1.5672909944037352,2.209126004121812,0.25,tp
willyA,,,1783868700000.0,2026-07-12,AGLDUSDT,,1.0,False,,,21964816.868899997,21964816.868899997,11226143.042419916,14075598.908102304,,,17406301.87436561,,,,1.2618887703681474,1.5604889718942219,0.7975605951628699,15.083333333333334,tp
willyA,,,1775715300000.0,2026-04-09,AGTUSDT,,1.0,False,,,20108223.113472,20108223.113472,,,,,42409669.0011045,,,,0.4741424205161401,,,,tp
willyA,,,1777160400000.0,2026-04-25,AGTUSDT,,1.0,False,,,20003633.934691,20003633.934691,,,,,55404294.26356781,,,,0.3610484385836638,,,,tp
willyA,,,1777350600000.0,2026-04-28,AGTUSDT,,1.0,True,,,68368285.495835,68368285.495835,,,,,64732357.71295917,,,,1.0561686289722139,,,,tp
willyA,,,1778207700000.0,2026-05-08,AGTUSDT,,1.0,True,,,20014889.600002,20014889.600002,,,,,57839496.66849742,,,,0.34604190480279906,,,,tp
willyA,,,1779440700000.0,2026-05-22,AGTUSDT,,1.0,False,,,20131198.306436002,20131198.306436002,,,,,49388518.83105105,,,,0.4076088690835433,,,,tp
willyA,,,1779593700000.0,2026-05-24,AGTUSDT,,1.0,False,,,20854915.467320997,20854915.467320997,,,,,62744296.992550544,,,,0.3323794586430229,,,,tp
willyA,,,1779721500000.0,2026-05-25,AGTUSDT,,1.0,False,,,114731597.429393,114731597.429393,,,,,67594064.49389338,,,,1.6973620137868486,,,,tp
willyA,,,1781699700000.0,2026-06-17,AGTUSDT,,1.0,True,,,20536481.855552997,20536481.855552997,,,,,74916869.46577914,,,,0.2741235986233213,,,,tp
willyA,,,1781947800000.0,2026-06-20,AGTUSDT,,1.0,False,,,32012872.969973996,32012872.969973996,,,,,86969057.63932903,,,,0.36809497353340503,,,,tp
willyA,,,1790054100000.0,2026-09-22,AGTUSDT,,1.0,False,,,20544620.068505004,20544620.068505004,,,,,88248570.7673429,,,,0.23280399772896615,,,,tp
willyA,,,1790776200000.0,2026-09-30,AGTUSDT,,1.0,False,,,20023108.051604997,20023108.051604997,,,,,77386467.38490267,,,,0.258741724855001,,,,tp
willyA,,,1773120600000.0,2026-03-10,AINUSDT,,1.0,False,,,20123499.00012,20123499.00012,,,,,24885066.689683113,,,,0.8086576279284327,,,,tp
willyA,,,1773685500000.0,2026-03-16,AINUSDT,,1.0,False,,,20002834.82237,20002834.82237,,,,,26752201.307016812,,,,0.7477079957948535,,,,tp
willyA,,,1773738600000.0,2026-03-17,AINUSDT,,-3.0739308625463853,False,,,21012918.069250003,21012918.069250003,,,,,31120347.651956856,,,,0.6752147599459322,,,,stop
willyA,,,1775945700000.0,2026-04-11,AINUSDT,,1.0,False,,,20108426.751110002,20108426.751110002,,,,,43155388.568766,,,,0.46595401913872725,,,,tp
willyA,,,1777269000000.0,2026-04-27,AINUSDT,,1.0,False,,,20396959.917949997,20396959.917949997,,,,,38123180.489254616,,,,0.5350277614875043,,,,tp
willyA,,,1778700300000.0,2026-05-13,AINUSDT,,-3.0516268713681,False,,,20575068.802380003,20575068.802380003,,,,,57255920.20544315,,,,0.3593526875221541,,,,stop
willyA,,,1781285700000.0,2026-06-12,AINUSDT,,1.0,False,,,20167046.041729998,20167046.041729998,,,,,51029263.421540454,,,,0.3952055093395115,,,,tp
willyA,,,1782444900000.0,2026-06-26,AINUSDT,,1.0,True,,,20165144.40686,20165144.40686,,,,,45466668.37220911,,,,0.4435148896721378,,,,tp
willyA,,,1782562800000.0,2026-06-27,AINUSDT,,1.0,False,,,29984435.877580002,29984435.877580002,,,,,35324634.607846834,,,,0.848825082281797,,,,tp
willyA,,,1789367400000.0,2026-09-14,AINUSDT,,1.0,False,,,20617613.43282,20617613.43282,,,,,42900975.306819834,,,,0.4805861238670367,,,,tp
willyA,,,1789610700000.0,2026-09-17,AINUSDT,,1.0,False,,,212189137.61468995,212189137.61468995,,,,,9909180.948343752,,,,21.41338812166467,,,,tp
willyA,,,1791039000000.0,2026-10-03,AINUSDT,,1.0,False,,,24249189.226709995,24249189.226709995,,,,,14790465.906361647,,,,1.639514899681421,,,,tp
willyA,,,1772681100000.0,2026-03-05,AIOTUSDT,,1.0,False,,,20188833.3895,20188833.3895,,,,,15467076.491440654,,,,1.3052779173021045,,,,tp
willyA,,,1774940100000.0,2026-03-31,AIOTUSDT,,-3.065004532797881,False,,,20556170.206970003,20556170.206970003,,,,,7126522.501662767,,,,2.884460156012111,,,,stop
willyA,,,1775167200000.0,2026-04-02,AIOTUSDT,,1.0,True,,,20043975.74944,20043975.74944,,,,,10006562.568706425,,,,2.003083037937886,,,,tp
willyA,,,1775356200000.0,2026-04-05,AIOTUSDT,,-3.0858470700216007,False,,,121498220.11535,121498220.11535,,,,,13769534.627106527,,,,8.823698360594568,,,,stop
willyA,,,1775499900000.0,2026-04-06,AIOTUSDT,,1.0,False,,,43026409.05042,43026409.05042,,,,,17395862.448749084,,,,2.473370272798057,,,,tp
willyA,,,1775711100000.0,2026-04-09,AIOTUSDT,,-3.0706668371404273,True,,,24481792.303230003,24481792.303230003,,,,,20696346.321200572,,,,1.1829040702779388,,,,stop
willyA,,,1775912700000.0,2026-04-11,AIOTUSDT,,1.0,False,,,20058649.234799996,20058649.234799996,,,,,20244369.230387155,,,,0.9908260912714243,,,,tp
willyA,,,1776055800000.0,2026-04-13,AIOTUSDT,,1.0,True,,,260446047.08279997,260446047.08279997,,,,,29210333.380709186,,,,8.916229872775135,,,,tp
willyA,,,1777395600000.0,2026-04-28,AIOTUSDT,,1.0,True,,,135636918.17012,135636918.17012,,,,,66792754.03660186,,,,2.0307130635127297,,,,tp
willyA,,,1783938000000.0,2026-07-13,AIOTUSDT,,1.0,False,,,20011473.581210002,20011473.581210002,,,,,19193259.71686757,,,,1.0426302710645532,,,,tp
willyA,,,1772588700000.0,2026-03-04,AIXBTUSDT,,-3.050016455320596,False,,,60380268.897929996,60380268.897929996,,,,,30535364.61834212,,,,1.9773881744205701,,,,stop
willyA,,,1776360300000.0,2026-04-16,AIXBTUSDT,,1.0,False,,,27598937.05103,27598937.05103,,,,,32302620.183231372,,,,0.8543869473893915,,,,tp
willyA,,,1768045500000.0,2026-01-10,AKTUSDT,,1.0,False,,,21418416.5836,21418416.5836,5265212.902708847,118560494.53266305,,,154474893.79749468,,,,0.13865305912867615,0.1806539072565971,0.04440950523581274,11.75,tp
willyA,,,1769497500000.0,2026-01-27,AKTUSDT,,1.0,False,,,20069528.331210002,20069528.331210002,11327737.058259094,146076418.41521084,,,148669612.99711907,,,,0.13499415197642917,0.13739061067450278,0.07754665113749493,7.083333333333333,tp
willyA,,,1772601000000.0,2026-03-04,AKTUSDT,,-3.0526866091749745,True,,,20022275.117420003,20022275.117420003,26779308.271620184,93335373.07637073,,,108455949.1195172,,,,0.18461205014540683,0.21451968806121316,0.286914889703267,5.166666666666667,stop
willyA,,,1772887500000.0,2026-03-07,AKTUSDT,,1.0,False,,,20161996.73038,20161996.73038,6128304.381995991,97941949.68084243,,,119854859.85775472,,,,0.1682201018324039,0.2058565997111625,0.0625707819985811,12.75,tp
willyA,,,1773818700000.0,2026-03-18,AKTUSDT,,1.0,True,,,20219071.58769,20219071.58769,30717426.083203167,143188170.14782444,,,159796401.197839,,,,0.1265302061631375,0.14120629914340171,0.21452488743651899,7.416666666666667,tp
willyA,,,1774102200000.0,2026-03-21,AKTUSDT,,-3.065079037473943,False,,,23837166.37206,23837166.37206,19940987.77680451,142614639.3955548,,,188097145.09967005,,,,0.12672795410812332,0.1671438954169735,0.13982426952324542,14.166666666666666,stop
willyA,,,1777793400000.0,2026-05-03,AKTUSDT,,1.0,False,,,20147031.57686,20147031.57686,8955948.757317994,149781181.52477086,,,184075778.71190986,,,,0.1094496609920166,0.13450976532407763,0.05979355127357475,7.5,tp
willyA,,,1778292900000.0,2026-05-09,AKTUSDT,,-3.0525149379140566,False,,,20110736.754589997,20110736.754589997,25766020.586875133,194442580.58332354,,,234448683.99016905,,,,0.08577884256937558,0.10342763757947576,0.13251223322369837,2.25,stop
willyA,,,1768330800000.0,2026-01-13,ALCHUSDT,,1.0,False,,,26209742.036229998,26209742.036229998,29747327.413654126,137022814.23353425,,,116786535.1244601,,,,0.22442434830606217,0.19128013231110214,0.21709762407123237,19.0,tp
willyA,,,1768996800000.0,2026-01-21,ALCHUSDT,,1.0,True,,,41457645.44054,41457645.44054,28469502.578795776,77655844.77608061,,,88715221.50875199,,,,0.46731152484864275,0.5338638136006693,0.3666112017825205,12.0,tp
willyA,,,1769084700000.0,2026-01-22,ALCHUSDT,,1.0,False,,,54013063.0502,54013063.0502,45957573.31554247,96461456.70858286,,,108234952.77108434,,,,0.49903530853325173,0.5599445093741164,0.4764345769148362,12.416666666666666,tp
willyA,,,1770193800000.0,2026-02-04,ALCHUSDT,,1.0,True,,,20004561.71594,20004561.71594,30751182.233414307,84416101.38461423,,,83099256.97817686,,,,0.24073093362547757,0.2369756644505032,0.36428100479678216,8.5,tp
willyA,,,1770705300000.0,2026-02-10,ALCHUSDT,,1.0,True,,,29806346.47593,29806346.47593,21125418.512716006,82697662.88462135,,,56534042.94112298,,,,0.5272282845041107,0.36042549978123817,0.255453634066901,6.583333333333333,tp
willyA,,,1776269400000.0,2026-04-15,ALCHUSDT,,1.0,True,,,20831953.5094,20831953.5094,6483154.385422473,55070638.60831982,,,76104828.42646056,,,,0.273727093801016,0.37827695548554624,0.11772433640242966,16.166666666666668,tp
willyA,,,1789269000000.0,2026-09-13,ALCHUSDT,,1.0,False,,,20104606.777450003,20104606.777450003,5110468.158095379,44404087.89882054,,,39124552.89634007,,,,0.513861636469479,0.45276477299253387,0.11509003787534443,3.1666666666666665,tp
willyA,,,1772214900000.0,2026-02-27,ALICEUSDT,,1.0,True,,,20045714.175,20045714.175,,,,,13328479.125177916,,,,1.5039761091070785,,,,tp
willyA,,,1772385600000.0,2026-03-01,ALICEUSDT,,1.0,False,,,20271199.660099998,20271199.660099998,,,,,14130192.155263804,,,,1.4346018396181919,,,,tp
willyA,,,1774037400000.0,2026-03-20,ALICEUSDT,,-3.3484806756650483,False,,,20046506.0177,20046506.0177,,,,,12626980.223852763,,,,1.5875930477685805,,,,stop
willyA,,,1776496800000.0,2026-04-18,ALICEUSDT,,1.0,False,,,20469905.345053997,20469905.345053997,,,,,18048564.589808594,,,,1.1341569709434207,,,,tp
willyA,,,1776660300000.0,2026-04-20,ALICEUSDT,,1.0,False,,,34559099.093624696,34559099.093624696,,,,,17086508.953705523,,,,2.0225956740057143,,,,tp
willyA,,,1777104600000.0,2026-04-25,ALICEUSDT,,1.0,True,,,20086689.3955544,20086689.3955544,,,,,17707836.55202209,,,,1.1343389880826897,,,,tp
willyA,,,1781954100000.0,2026-06-20,ALICEUSDT,,1.0,False,,,20091089.8465278,20091089.8465278,,,,,13118029.454780368,,,,1.5315630991517835,,,,tp
willyA,,,1782286800000.0,2026-06-24,ALICEUSDT,,1.0,True,,,20055647.441379998,20055647.441379998,,,,,13458757.492566874,,,,1.490155941397749,,,,tp
willyA,,,1783299000000.0,2026-07-06,ALICEUSDT,,1.0,False,,,20006164.10648,20006164.10648,,,,,14380727.477165645,,,,1.39117886339524,,,,tp
willyA,,,1784538600000.0,2026-07-20,ALICEUSDT,,1.0,True,,,20317953.682499997,20317953.682499997,,,,,13619100.09858405,,,,1.4918719691774947,,,,tp
willyA,,,1786725000000.0,2026-08-14,ALICEUSDT,,1.0,False,,,20049487.675119996,20049487.675119996,,,,,14220384.871148467,,,,1.4099117468893625,,,,tp
willyA,,,1786885200000.0,2026-08-16,ALICEUSDT,,1.0,False,,,20192689.03698,20192689.03698,,,,,13568993.034203682,,,,1.4881494143360388,,,,tp
willyA,,,1790702100000.0,2026-09-29,ALICEUSDT,,-3.089416863333487,True,,,20050212.07575,20050212.07575,,,,,17206765.908218406,,,,1.1652516331481844,,,,stop
willyA,,,1790867100000.0,2026-10-01,ALICEUSDT,,1.0,False,,,20536292.13,20536292.13,,,,,24161626.4442135,,,,0.8499548727572628,,,,tp
willyA,,,1787071200000.0,2026-08-18,ALPINEUSDT,,1.0,False,,,21351131.7214,21351131.7214,,,,,16792000.0,,,,1.2715061768342069,,,,tp
willyA,,,1775613300000.0,2026-04-08,ALTUSDT,,0.3036752411741907,False,,,20016205.888203,20016205.888203,42287817.09047409,39409547.3612095,,,51384634.019398,,,,0.3895367996714108,0.5079024558375108,1.0730348334854933,1.9166666666666667,time
willyA,,,1779434700000.0,2026-05-22,ALTUSDT,,1.0,False,,,26117472.670387,26117472.670387,116467256.45974937,44965990.469583824,,,67808665.64347826,,,,0.385164232661743,0.5808272518327722,2.5901187818498266,7.416666666666667,tp
willyA,,,1779868500000.0,2026-05-27,ALTUSDT,,1.0,False,,,21030180.034429997,21030180.034429997,30824909.35017847,44767143.02028255,,,61094632.13578595,,,,0.34422304053962294,0.4697681963957785,0.6885610130673895,7.916666666666667,tp
willyA,,,1773710400000.0,2026-03-17,ANIMEUSDT,,1.0,False,,,20825677.048132002,20825677.048132002,9720240.073278679,35500069.8892541,,,46660215.95520625,,,,0.4463262036361903,0.5866376351680354,0.2738090404780021,1.3333333333333333,tp
willyA,,,1788166800000.0,2026-08-31,ANIMEUSDT,,1.0,False,,,20092031.120684,20092031.120684,10128556.955831056,15005134.95356486,,,22484814.21029866,,,,0.8935822610213653,1.3390103576449752,0.6750060554053701,9.0,tp
willyA,,,1770106500000.0,2026-02-03,ANKRUSDT,,1.0,False,,,20294220.398313005,20294220.398313005,11464334.34058864,58113042.32033147,,,56433871.99659792,,,,0.3596106324148098,0.3492197205310116,0.19727644402774144,8.25,tp
willyA,,,1772764500000.0,2026-03-06,ANKRUSDT,,-0.0705570021864042,False,,,20112554.559675,20112554.559675,6667433.365226505,55977202.819842674,,,47961280.03402084,,,,0.41934982855771086,0.3592990279347354,0.11910979879943284,2.5833333333333335,time
willyA,,,1773793200000.0,2026-03-18,ANKRUSDT,,1.0,True,,,20535329.94768,20535329.94768,32336005.462728724,49961078.54390621,,,55642696.151392736,,,,0.36905706171763214,0.41102655399309246,0.6472239272078879,0.3333333333333333,tp
willyA,,,1774051500000.0,2026-03-21,ANKRUSDT,,1.0,False,,,27645324.430102,27645324.430102,36052744.885915615,55833037.73523227,,,56193514.7778014,,,,0.49196645804086564,0.4951427604781209,0.6457242225809484,0.08333333333333333,tp
willyA,,,1783815000000.0,2026-07-12,ANKRUSDT,,1.0,True,,,20167807.903343,20167807.903343,34047489.305563934,38652188.33198166,,,38276887.09334467,,,,0.5268925828310015,0.5217766127527563,0.8808683485946979,0.16666666666666666,tp
willyA,,,1788399000000.0,2026-09-03,ANKRUSDT,,-1.3283533976634998,False,,,20071856.547289,20071856.547289,25463594.093285855,39929552.46119584,,,47570699.553476505,,,,0.4219373844760316,0.5026817309509076,0.6377129850887202,1.5,time
willyA,,,1777042200000.0,2026-04-24,APEUSDT,,1.0,False,,,29979401.4174,29979401.4174,12141763.940841176,101992851.98989156,,,119579826.31930527,,,,0.25070617963056907,0.293936298794461,0.11904524389654814,14.833333333333334,tp
willyA,,,1777356600000.0,2026-04-28,APEUSDT,,1.0,False,,,52017469.2277,52017469.2277,63266159.017727375,143995606.69476706,,,157204943.21977288,,,,0.33088952651431236,0.3612434463918292,0.4393617310272184,6.166666666666667,tp
willyA,,,1777647000000.0,2026-05-01,APEUSDT,,1.0,False,,,73050861.7308,73050861.7308,145368680.11535275,159612637.46897322,,,174516499.66599867,,,,0.41859000077705905,0.4576759264754347,0.9107592131832962,14.833333333333334,tp
willyA,,,1768127100000.0,2026-01-11,API3USDT,,1.0,True,,,21744883.91321,21744883.91321,,,,,96170005.1277617,,,,0.22610879436183823,,,,tp
willyA,,,1770423900000.0,2026-02-07,API3USDT,,-3.063139573883859,False,,,21196598.417439997,21196598.417439997,,,,,74849030.38389431,,,,0.28319135610340507,,,,stop
willyA,,,1770545700000.0,2026-02-08,API3USDT,,1.0,False,,,56921159.15665,56921159.15665,,,,,64094535.186811276,,,,0.8880813159927972,,,,tp
willyA,,,1776514800000.0,2026-04-18,API3USDT,,1.0,False,,,21438608.486169998,21438608.486169998,,,,,78646946.51992713,,,,0.27259301771796063,,,,tp
willyA,,,1777057200000.0,2026-04-24,API3USDT,,1.0,False,,,20051542.96315,20051542.96315,,,,,61217895.737241864,,,,0.32754381250238984,,,,tp
willyA,,,1791264300000.0,2026-10-06,API3USDT,,1.0,False,,,22186962.566539995,22186962.566539995,,,,,61481117.64765999,,,,0.360874418283846,,,,tp
willyA,,,1788213000000.0,2026-08-31,ARBUSDT,,1.0,False,,,79313395.31041698,79313395.31041698,56515560.76568568,562336266.5078655,,,1002312575.8057196,,,,0.07913040026127585,0.14104264660530766,0.1005013621416416,21.833333333333332,tp
willyA,,,1788367200000.0,2026-09-02,ARBUSDT,,-3.054801046647841,False,,,276834697.425251,276834697.425251,451978878.81395364,736330400.1661441,,,1170797041.577641,,,,0.23644977531905798,0.375965323939887,0.6138261828005064,16.666666666666668,stop
willyA,,,1788461400000.0,2026-09-03,ARBUSDT,,1.0,False,,,346678092.42783594,346678092.42783594,350440175.54845124,828277630.9120567,,,1349859007.442867,,,,0.25682540955486355,0.4185530062499598,0.4230950619329953,18.833333333333332,tp
willyA,,,1788638700000.0,2026-09-05,ARBUSDT,,1.0,True,,,139077969.314507,139077969.314507,293597073.8176183,879990776.3380611,,,1447417557.4105775,,,,0.09608697131138631,0.15804480348448358,0.33363653541844485,20.083333333333332,tp
willyA,,,1789701600000.0,2026-09-18,ARBUSDT,,1.0,False,,,299546797.073238,299546797.073238,408254099.2589493,1202867840.7477238,,,2088584058.6020436,,,,0.14342099176689796,0.2490271889612033,0.3394006269260398,3.3333333333333335,tp
willyA,,,1768324200000.0,2026-01-13,ARCUSDT,,1.0,False,,,20404789.47332,20404789.47332,10574769.336811118,48680758.52215674,,,62469072.068845585,,,,0.32663826750671754,0.41915512602444127,0.21722688096567105,17.166666666666668,tp
willyA,,,1770146700000.0,2026-02-03,ARCUSDT,,-3.063545594150356,False,,,85867132.56349,85867132.56349,12273522.673961444,46408574.87708254,,,68104554.38066064,,,,1.2608133676868067,1.8502428223861032,0.2644667005282756,19.416666666666668,stop
willyA,,,1770243000000.0,2026-02-04,ARCUSDT,,1.0,True,,,511456036.68405,511456036.68405,24354669.223563652,70186833.52400392,,,55666596.07476084,,,,9.18784464559606,7.287065265725827,0.3469976917427732,22.166666666666668,tp
willyA,,,1770373800000.0,2026-02-06,ARCUSDT,,1.0,False,,,206175434.67617,206175434.67617,26831656.331536125,67595354.96801704,,,85390024.90521906,,,,2.4145142820255634,3.050142051531833,0.39694526856514933,10.5,tp
willyA,,,1770463800000.0,2026-02-07,ARCUSDT,,1.0,False,,,266411694.3625,266411694.3625,46703027.81102218,79383939.87231864,,,74787338.71502541,,,,3.562256645842856,3.3559898235209458,0.5883183410415188,11.5,tp
willyA,,,1771006500000.0,2026-02-13,ARCUSDT,,-3.0600134854751366,False,,,164414640.86411,164414640.86411,17044785.291428823,74415868.71399736,,,88362367.78826489,,,,1.860686228532067,2.209402963445943,0.22904772309972052,18.25,stop
willyA,,,1772442000000.0,2026-03-02,ARCUSDT,,1.0,True,,,344852731.93646,344852731.93646,147765589.3999795,42655905.06221927,,,57960686.21939352,,,,5.94976965302169,8.084525024927892,3.464129742047294,9.0,tp
willyA,,,1778865300000.0,2026-05-15,ARCUSDT,,1.0,False,,,20293993.84319,20293993.84319,5842440.75992125,60154865.73532974,,,71645432.6473763,,,,0.283255932629687,0.3373624659471407,0.09712332807169592,17.25,tp
willyA,,,1779012300000.0,2026-05-17,ARCUSDT,,-3.0563348407084896,False,,,154405869.14496002,154405869.14496002,18894937.969682343,61679099.30232932,,,67555967.60694413,,,,2.2855992536932965,2.503374253053155,0.306342637674814,10.083333333333334,stop
willyA,,,1776592500000.0,2026-04-19,ARKMUSDT,,-3.0813392108892375,True,,,35148987.0796,35148987.0796,68512462.8074467,82186385.71852705,,,103187454.10359387,,,,0.34063237032975513,0.42767408217680586,0.8336230168593742,9.916666666666666,stop
willyA,,,1770464700000.0,2026-02-07,ARKUSDT,,-2.0188105421616243,False,,,20024011.313199997,20024011.313199997,2888106.6529850718,38218336.21484058,,,40222668.05366844,,,,0.4978290173710578,0.5239372849889907,0.0755686128446269,11.75,time
willyA,,,1782538500000.0,2026-06-27,ARKUSDT,,1.0,False,,,20228816.9022,20228816.9022,1276357.4321189267,21038624.716648854,,,24984388.150515996,,,,0.8096582866201676,0.9615085194324505,0.06066734158287851,5.583333333333333,tp
willyA,,,1789271400000.0,2026-09-13,ARKUSDT,,-3.075327622585404,False,,,20317349.3528,20317349.3528,7576738.225014414,26598360.835532583,,,30935905.072061777,,,,0.656756261226978,0.7638571970065983,0.28485733658040674,3.8333333333333335,stop
willyA,,,1790296800000.0,2026-09-25,ARKUSDT,,-3.056243976710675,False,,,25600291.2613,25600291.2613,19674063.258477546,38598446.2219991,,,41101415.51859467,,,,0.6228566811699755,0.6632466787408963,0.5097112755607337,0.6666666666666666,stop
willyA,,,1790753700000.0,2026-09-30,ARKUSDT,,-3.076980768006769,False,,,21273935.671900004,21273935.671900004,1825068.9507127237,50147449.48177523,,,58496621.01747511,,,,0.36367802621530376,0.4242276704347936,0.03639405332819562,7.583333333333333,stop
willyA,,,1790876400000.0,2026-10-01,ARKUSDT,,-3.084237362584423,False,,,127121161.15990001,127121161.15990001,133422017.85538395,52507324.92600098,,,49309715.70233733,,,,2.578014481512704,2.4210176644697277,2.541017239850187,17.666666666666668,stop
willyA,,,1768818900000.0,2026-01-19,ARPAUSDT,,1.0,False,,,20801109.73888,20801109.73888,7042143.262618899,23536206.6334575,,,31259080.7211582,,,,0.6654421454179376,0.8837919407671468,0.2992046837576731,10.583333333333334,tp
willyA,,,1769017500000.0,2026-01-21,ARPAUSDT,,-3.057490945939127,True,,,49173780.24789,49173780.24789,99916316.77359025,26444021.836523302,,,34645481.13261701,,,,1.4193418200677062,1.8595424157445435,3.7784084959266786,17.75,stop
willyA,,,1769681700000.0,2026-01-29,ARPAUSDT,,1.0,False,,,20050427.05883,20050427.05883,9001362.694003837,22827233.820793137,,,27812566.69292794,,,,0.7209125026180463,0.8783555299007028,0.39432560093218877,10.25,tp
willyA,,,1783070100000.0,2026-07-03,ARPAUSDT,,1.0,False,,,22409684.72774,22409684.72774,2949647.8413424096,13298812.553042613,,,22422379.055753864,,,,0.9994338545440562,1.6850891490017226,0.2217978356772586,9.25,tp
willyA,,,1783326600000.0,2026-07-06,ARPAUSDT,,-3.148304774490511,False,,,20085575.44349,20085575.44349,15648573.598275512,15450575.828517225,,,19516887.578466725,,,,1.0291382456724665,1.2999887943605264,1.012814912010777,8.5,stop
willyA,,,1772023500000.0,2026-02-25,ARUSDT,,-3.0777817067456232,False,,,21752260.6182,21752260.6182,21570975.592074152,178577752.26257962,,,108768493.0410654,,,,0.19998677935151188,0.12180834590310897,0.12079318570633772,12.75,stop
willyA,,,1776345600000.0,2026-04-16,ARUSDT,,-3.076346368017972,False,,,30597360.3178,30597360.3178,28862121.56843353,127456502.35542716,,,149984641.13047636,,,,0.2040032905181431,0.24006119540669438,0.22644683507749314,13.333333333333334,stop
willyA,,,1778034900000.0,2026-05-06,ARUSDT,,1.0,False,,,20252837.075600002,20252837.075600002,26247248.47503835,146754840.85282984,,,158609745.6028611,,,,0.12768973935757116,0.138004558881367,0.17885098932688617,2.5833333333333335,tp
willyA,,,1788423000000.0,2026-09-03,ARUSDT,,0.0967606038002012,False,,,20054921.890300002,20054921.890300002,12902655.354671298,149870303.38829577,,,170000150.7457814,,,,0.1179700241577443,0.1338151817731371,0.08609214142472298,8.166666666666666,time
willyA,,,1789785600000.0,2026-09-19,ARUSDT,,1.0,False,,,57829036.6037,57829036.6037,69800296.35984726,239633500.72077572,,,259806582.04603153,,,,0.2225849558863527,0.24132283854202502,0.29127937517041713,2.6666666666666665,tp
willyA,,,1789923900000.0,2026-09-20,ARUSDT,,1.0,False,,,81575817.48910001,81575817.48910001,208691186.803647,290126302.5913689,,,314520031.02734226,,,,0.25936604807853514,0.2811734639723315,0.719311503092431,17.083333333333332,tp
willyA,,,1790519100000.0,2026-09-27,ARXUSDT,,1.0,False,,,20078834.6847,20078834.6847,6185856.688440875,47374088.056924954,,,63131723.28095416,,,,0.3180466751294506,0.4238358036691528,0.13057468633502595,14.416666666666666,tp
willyA,,,1768482300000.0,2026-01-15,ASRUSDT,,-0.7413612257979251,False,,,20028136.354500003,20028136.354500003,5598021.678215702,13272494.580573611,,,17623249.122906934,,,,1.1364610586175714,1.5089956325025997,0.42177615098892485,13.083333333333334,time
willyA,,,1780748700000.0,2026-06-06,ASRUSDT,,1.0,False,,,20139660.6122,20139660.6122,3802843.747627715,7009084.155927585,,,10337771.915935755,,,,1.9481625998301004,2.8733655017065076,0.5425592934865319,12.416666666666666,tp
willyA,,,1781698800000.0,2026-06-17,ASTERUSDT,,1.0,True,,,141998969.28190002,141998969.28190002,109561492.14422263,1770057099.4552138,,,2020698473.9044716,,,,0.07027222077696932,0.080222818419589,0.06189715132802402,12.333333333333334,tp
willyA,,,1781152500000.0,2026-06-11,ASTRUSDT,,1.0,False,,,20122392.673210997,20122392.673210997,2937847.412597549,46954241.163998865,,,59754423.37380228,,,,0.3367515162406055,0.42855325044927783,0.06256830777727655,4.583333333333333,tp
willyA,,,1789439100000.0,2026-09-15,ASTRUSDT,,1.0,False,,,20731903.756195,20731903.756195,2958883.492958379,60303765.54903647,,,65386651.79195154,,,,0.3170663000479082,0.34379119724019047,0.049066313952689074,2.4166666666666665,tp
willyA,,,1772199300000.0,2026-02-27,ATHUSDT,,1.0,True,,,20201993.404753003,20201993.404753003,9777104.458607685,113051680.28325263,,,123115432.57045154,,,,0.16408985439898138,0.17869697605676108,0.08648349528384724,13.583333333333334,tp
willyA,,,1790991900000.0,2026-10-03,ATHUSDT,,1.0,False,,,20070051.076472998,20070051.076472998,27716639.541419793,134271370.607802,,,135802130.97916943,,,,0.14778892593041507,0.14947379315205114,0.20642255617080357,1.75,tp
willyA,,,1791093300000.0,2026-10-04,ATHUSDT,,1.0,False,,,42289271.78315599,42289271.78315599,35317901.748821855,147029118.573442,,,154217004.82203022,,,,0.27421925248748497,0.2876251465932051,0.24021025284988246,5.916666666666667,tp
willyA,,,1769340000000.0,2026-01-25,AUCTIONUSDT,,1.0,True,,,21097693.64122,21097693.64122,12435030.437285796,38374373.33638889,,,46249926.99420148,,,,0.4561670690607813,0.5497860109995306,0.3240451727584083,11.333333333333334,tp
willyA,,,1770014400000.0,2026-02-02,AUCTIONUSDT,,-3.050354191878861,True,,,22198594.54512,22198594.54512,16842741.718936596,33742235.27071576,,,37379868.12383292,,,,0.5938649775750938,0.6578874922487942,0.4991590386293729,6.666666666666667,stop
willyA,,,1770396600000.0,2026-02-06,AUCTIONUSDT,,1.0,False,,,26296145.2245,26296145.2245,24504363.340122856,32456850.725928053,,,39126304.585356265,,,,0.6720835382532347,0.8101878227974043,0.7549827784291968,16.833333333333332,tp
willyA,,,1784342100000.0,2026-07-18,AVAAIUSDT,,-3.0548925091780905,False,,,21074037.589042,21074037.589042,,,,,8030496.465429586,,,,2.6242509015181614,,,,stop
willyA,,,1786556100000.0,2026-08-12,AVAAIUSDT,,-3.0734379450855926,True,,,20180718.827079,20180718.827079,,,,,11147583.921530645,,,,1.810322215928924,,,,stop
willyA,,,1787224800000.0,2026-08-20,AVAAIUSDT,,-3.0560306754781092,False,,,20160564.608566,20160564.608566,,,,,18299900.940193295,,,,1.101676160677242,,,,stop
willyA,,,1789397100000.0,2026-09-14,AVAAIUSDT,,-3.067551353545199,False,,,20021036.487751,20021036.487751,,,,,11032691.274911536,,,,1.814701054245854,,,,stop
willyA,,,1789623600000.0,2026-09-17,AVAUSDT,,1.0,False,,,20191272.2119,20191272.2119,,,,,14615382.698854094,,,,1.3815082798675589,,,,tp
willyA,,,1789804500000.0,2026-09-19,AVAUSDT,,-3.0861789826535686,False,,,49200599.15759,49200599.15759,,,,,16275107.518992292,,,,3.023058317751523,,,,stop
willyA,,,1789864800000.0,2026-09-20,AVAXUSDT,,-3.0534884031536964,False,,,411505303.012,411505303.012,984061544.3270391,4468630921.743114,,,4796131491.940061,,,,0.0857994205754238,0.09208755661823172,0.22021544440801086,0.6666666666666666,stop
willyA,,,1769303400000.0,2026-01-25,AVNTUSDT,,-3.0559919963629874,True,,,38960286.39709,38960286.39709,27561827.025065716,74378200.80418803,,,159483040.4741854,,,,0.24429109378182615,0.5238132406517725,0.370563239323662,1.1666666666666667,stop
willyA,,,1773247800000.0,2026-03-11,AVNTUSDT,,1.0,False,,,20770621.2528,20770621.2528,14559192.834485797,48056329.233990036,,,76750914.16759478,,,,0.2706237636133541,0.4322140617870794,0.30296098488080403,16.833333333333332,tp
willyA,,,1775482800000.0,2026-04-06,AVNTUSDT,,1.0,False,,,21674368.246600002,21674368.246600002,18538542.593506493,41528489.635182686,,,67468072.92787321,,,,0.32125370276650705,0.5219156400101199,0.446405413641645,13.666666666666666,tp
willyA,,,1779356100000.0,2026-05-21,AVNTUSDT,,1.0,False,,,20815207.9157,20815207.9157,14429060.107429992,47245999.0383821,,,78329954.1722897,,,,0.2657375219435998,0.440570806827261,0.3054027939108239,9.583333333333334,tp
willyA,,,1786630500000.0,2026-08-13,AVNTUSDT,,1.0,False,,,20119965.62317,20119965.62317,4176366.5021637585,30642504.62379028,,,51763802.33572571,,,,0.3886879385845241,0.6566031683829535,0.13629324865700776,14.25,tp
willyA,,,1769479500000.0,2026-01-27,AXLUSDT,,1.0,False,,,36721399.067870006,36721399.067870006,33658440.32468317,92203772.46980657,,,110212739.66800538,,,,0.33318651889505824,0.3982635209410217,0.36504406948972834,2.0833333333333335,tp
willyA,,,1772017500000.0,2026-02-25,AXLUSDT,,-3.051901524231408,False,,,21945002.053813998,21945002.053813998,5464698.300895679,57710386.649331495,,,80347836.28857988,,,,0.2731249908833341,0.3802608737861957,0.09469176379117156,11.083333333333334,stop
willyA,,,1776321300000.0,2026-04-16,AXLUSDT,,1.0,False,,,20555492.522885,20555492.522885,8515882.851369573,53706743.068939574,,,76386675.46377742,,,,0.2690978812480511,0.38273578601665265,0.15856263785048988,6.583333333333333,tp
willyA,,,1776919500000.0,2026-04-23,AXLUSDT,,0.0135291089334034,False,,,20165603.349336002,20165603.349336002,16493731.846590722,65351334.966400184,,,72812883.67862442,,,,0.2769510329839606,0.30857217162746514,0.2523855381848103,4.75,time
willyA,,,1777732200000.0,2026-05-02,AXLUSDT,,1.0,False,,,28092289.865432,28092289.865432,47712375.93460513,79652377.14772816,,,94168163.96123452,,,,0.2983204586742982,0.352686145365509,0.5990075581311886,14.5,tp
willyA,,,1777859100000.0,2026-05-04,AXLUSDT,,1.0,True,,,33058039.978669,33058039.978669,34571972.09703067,83475648.65328164,,,99603826.29179943,,,,0.33189528163127135,0.3960201629097422,0.41415637559914376,1.75,tp
willyA,,,1788169200000.0,2026-08-31,AXLUSDT,,1.0,False,,,20289795.995527,20289795.995527,4558685.472240141,49051068.0450573,,,58480229.21159469,,,,0.34695137603024656,0.4136463649861653,0.09293753742635383,9.666666666666666,tp
willyA,,,1768547400000.0,2026-01-16,AXSUSDT,,1.0,False,,,63026775.994,63026775.994,66704500.06550565,184829148.81169534,,,327241791.04477614,,,,0.1926000215094047,0.34100019612280924,0.36089816186658125,7.166666666666667,tp
willyA,,,1768628100000.0,2026-01-17,AXSUSDT,,1.0,True,,,206513232.688,206513232.688,210054786.25672072,220685471.7077626,,,390631343.2835821,,,,0.5286652907881997,0.9357808245821916,0.951828793400957,5.583333333333333,tp
willyA,,,1768878000000.0,2026-01-20,AXSUSDT,,1.0,True,,,376474278.726,376474278.726,266849244.18783414,286766624.1140826,,,510908955.2238806,,,,0.7368715597498752,1.3128246004536064,0.9305449858825802,3.0,tp
willyA,,,1769409000000.0,2026-01-26,AXSUSDT,,-3.0894224849712755,False,,,364178188.33800006,364178188.33800006,350690975.92549604,341049385.04968363,,,556419402.9850746,,,,0.6545030356315032,1.067816581123426,1.0282703658134666,6.5,stop
willyA,,,1769669700000.0,2026-01-29,AXSUSDT,,1.0,False,,,325968255.094,325968255.094,278651425.08882993,386024219.0825191,,,622517910.4477612,,,,0.5236287175408967,0.8444243624629129,0.7218495921087883,6.916666666666667,tp
willyA,,,1777095000000.0,2026-04-25,AXSUSDT,,1.0,True,,,42249006.023,42249006.023,23961449.30323518,192970829.47609273,,,354060447.76119405,,,,0.11932709877691852,0.21893985810033664,0.12417135464613722,5.5,tp
willyA,,,1781921100000.0,2026-06-20,AXSUSDT,,1.0,False,,,21874690.436,21874690.436,15165635.383515071,165368767.71004137,,,297443283.58208954,,,,0.07354239158660626,0.13227824539610297,0.09170797843826586,2.0833333333333335,tp
willyA,,,1790319600000.0,2026-09-25,AXSUSDT,,-1.650677255970383,False,,,21922576.4857,21922576.4857,19018982.590085424,188061425.03112066,,,326889626.8656717,,,,0.06706415463806875,0.11657136216038043,0.10113175834405241,7.0,time
willyA,,,1779778800000.0,2026-05-26,AZTECUSDT,,-3.0847321650324706,False,,,21045869.94416,21045869.94416,16930128.695340216,69655894.16575724,,,,,,,,0.30214054670058527,0.24305378458070315,7.0,stop
willyA,,,1779852300000.0,2026-05-27,AZTECUSDT,,-3.0764477737150004,True,,,52447826.28734001,52447826.28734001,42680382.955559485,78083747.69770275,,,,,,,,0.6716868469273414,0.5465975214303803,3.4166666666666665,stop
willyA,,,1788523500000.0,2026-09-04,AZTECUSDT,,1.0,False,,,20128536.60867,20128536.60867,3129829.0582430144,42061498.56833979,,,,,,,,0.47855015379364063,0.07441078337134843,12.083333333333334,tp
willyA,,,1790573700000.0,2026-09-28,AZTECUSDT,,1.0,False,,,20042501.667659998,20042501.667659998,12405516.625098778,52982727.36345299,,,,,,,,0.3782836910257877,0.23414265822895314,5.583333333333333,tp
willyA,,,1790615700000.0,2026-09-28,AZTECUSDT,,-3.0898353806786445,False,,,40407307.984,40407307.984,12405516.625098778,52982727.36345299,,,,,,,,0.7626505843463354,0.23414265822895314,17.25,stop
willyA,,,1769365200000.0,2026-01-25,B2USDT,,-0.403476269110785,True,,,20022473.4732,20022473.4732,24022668.784983374,31253399.706489775,,,80608457.25027263,,,,0.24839172161593853,0.6406494544989398,0.7686417801131268,18.333333333333332,time
willyA,,,1789806300000.0,2026-09-19,B2USDT,,1.0,False,,,26531725.1776,26531725.1776,2410210.0793692158,17210155.064223997,,,75969320.63735649,,,,0.349242627879359,1.5416319654640085,0.14004580844129028,8.416666666666666,tp
willyA,,,1789928700000.0,2026-09-20,B2USDT,,-0.2752522751881913,False,,,83389300.4124,83389300.4124,79857056.13401075,21616119.745356083,,,45948665.21977784,,,,1.8148361875919405,3.857736790633528,3.694328911698729,18.416666666666668,time
willyA,,,1790151900000.0,2026-09-23,B2USDT,,1.0,True,,,29930860.9113,29930860.9113,6696724.057330484,22219646.762632437,,,45607416.60212794,,,,0.6562717895734417,1.3470448576903473,0.3013875120909933,8.416666666666666,tp
willyA,,,1772972700000.0,2026-03-08,BABYUSDT,,-3.0913086156359166,True,,,20000835.79349,20000835.79349,23616915.04107366,40588455.10308471,,,60335448.32629447,,,,0.3314939450739698,0.4927715465565956,0.5818628716242709,12.416666666666666,stop
willyA,,,1777767600000.0,2026-05-03,BABYUSDT,,1.0,False,,,36000357.17432,36000357.17432,47378326.9975391,76649735.13852252,,,101684559.30416861,,,,0.3540395653054096,0.469673601732082,0.6181146863967149,0.3333333333333333,tp
willyA,,,1780653000000.0,2026-06-05,BABYUSDT,,-3.053707387483277,False,,,20105103.444709994,20105103.444709994,9149771.415435512,47434697.59359293,,,87102269.27883549,,,,0.23082180993871332,0.42384803666220944,0.19289195208596385,9.833333333333334,stop
willyA,,,1770469500000.0,2026-02-07,BANANAS31USDT,,1.0,False,,,20032839.036884002,20032839.036884002,8544030.286894891,32850294.50993505,,,36929854.08841375,,,,0.5424564903214453,0.6098222051198168,0.26008991439364065,13.083333333333334,tp
willyA,,,1770552900000.0,2026-02-08,BANANAS31USDT,,1.0,False,,,82735690.47357,82735690.47357,38454772.838485345,39082457.79369334,,,45608620.34094193,,,,1.8140362469877183,2.1169520839838505,0.9839394707845297,12.25,tp
willyA,,,1772617500000.0,2026-03-04,BANANAS31USDT,,-3.056125521293766,False,,,34475890.157341,34475890.157341,20693626.191293396,57801177.21453789,,,66654127.41982086,,,,0.5172356385403516,0.5964565397929263,0.3580139227006717,9.75,stop
willyA,,,1772708400000.0,2026-03-05,BANANAS31USDT,,-3.0609318773106837,False,,,23376427.344000995,23376427.344000995,32706251.817794748,51068949.26939561,,,57534407.685639985,,,,0.4063034327515206,0.4577424771496116,0.6404332238218736,11.0,stop
willyA,,,1772820300000.0,2026-03-06,BANANAS31USDT,,1.0,True,,,20316573.464917,20316573.464917,20203625.20845736,53229594.86732043,,,61282512.27968795,,,,0.3315231818857876,0.38167815320702503,0.3795562460848465,18.083333333333332,tp
willyA,,,1772966100000.0,2026-03-08,BANANAS31USDT,,1.0,False,,,158601886.54200298,158601886.54200298,53511801.06652752,70670541.98108797,,,61643292.40104016,,,,2.5728977211367567,2.2442432461384856,0.7572009435111978,10.583333333333334,tp
willyA,,,1773077100000.0,2026-03-09,BANANAS31USDT,,-0.9930347875550292,False,,,97121102.664413,97121102.664413,88990774.6984683,65473340.83281821,,,67305535.97226235,,,,1.442988325721648,1.48336867233345,1.3591909862320952,17.416666666666668,time
willyA,,,1773413400000.0,2026-03-13,BANANAS31USDT,,1.0,False,,,33332899.368016,33332899.368016,26217087.98652999,78097081.30308953,,,90275203.69835308,,,,0.36923649022598776,0.42681363774214887,0.3356986912837784,14.833333333333334,tp
willyA,,,1774164000000.0,2026-03-22,BANANAS31USDT,,-3.0516755618572295,True,,,20169302.541047998,20169302.541047998,10734035.853488566,92179127.21773003,,,110779540.5952037,,,,0.1820670354171991,0.21880552734468253,0.11644757525349998,7.333333333333333,stop
willyA,,,1774285200000.0,2026-03-23,BANANAS31USDT,,-3.0507448551694,True,,,205903562.30009598,205903562.30009598,115688995.85016577,136428961.81641474,,,162751921.4099971,,,,1.2651375204437265,1.5092364521337451,0.8479797420568395,17.0,stop
willyA,,,1781240400000.0,2026-06-12,BANANAS31USDT,,-3.05271659216381,False,,,20001021.266315,20001021.266315,22269925.01983795,89035207.37363793,,,90215073.6781277,,,,0.22170376247405502,0.22464171035599811,0.2501249300895295,5.0,stop
willyA,,,1781440500000.0,2026-06-14,BANANAS31USDT,,-3.051602199940266,False,,,26113664.865074,26113664.865074,17852542.422386963,76815310.96279092,,,99014099.9711066,,,,0.2637368301352459,0.33995390421218724,0.23240864612309745,12.583333333333334,stop
willyA,,,1786305900000.0,2026-08-09,BANANAS31USDT,,1.0,False,,,20105813.466801997,20105813.466801997,5569740.11119791,77906480.4656746,,,99976180.29471251,,,,0.20110603753347578,0.25807626460112737,0.07149264192023055,20.083333333333332,tp
willyA,,,1786446300000.0,2026-08-11,BANANAS31USDT,,1.0,False,,,20517095.24467,20517095.24467,18085095.209987897,91017007.39606757,,,111240537.41693152,,,,0.18443901585778535,0.22542045527148863,0.19870017403768508,11.083333333333334,tp
willyA,,,1772906100000.0,2026-03-07,BANANAUSDT,,-3.0687170039066,True,,,20529292.6626,20529292.6626,4393559.648807096,38364160.93073086,,,21363486.933566112,,,,0.960952335470319,0.535116425448925,0.11452250074594285,17.916666666666668,stop
willyA,,,1778342400000.0,2026-05-09,BANANAUSDT,,1.0,False,,,21330813.4706,21330813.4706,4082136.1915359795,17088542.736564923,,,19675309.226680357,,,,1.0841412058558515,1.2482523407310648,0.23888146897402182,16.0,tp
willyA,,,1771034700000.0,2026-02-14,BANKUSDT,,1.0,False,,,20006414.605639998,20006414.605639998,,,,,36195793.38682859,,,,0.5527276164892742,,,,tp
willyA,,,1775069100000.0,2026-04-01,BANKUSDT,,-3.0659341675365477,False,,,20107947.0007,20107947.0007,,,,,46186372.849408664,,,,0.43536536342141985,,,,stop
willyA,,,1775203200000.0,2026-04-03,BANKUSDT,,1.0,False,,,42475257.455070004,42475257.455070004,,,,,25284695.613664202,,,,1.6798801181579492,,,,tp
willyA,,,1775496600000.0,2026-04-06,BANKUSDT,,1.0,False,,,20256024.02299,20256024.02299,,,,,31331403.04832805,,,,0.6465086798617188,,,,tp
willyA,,,1780761000000.0,2026-06-06,BANKUSDT,,1.0,True,,,20129637.64413,20129637.64413,,,,,26509238.320404787,,,,0.7593442482515894,,,,tp
willyA,,,1780848900000.0,2026-06-07,BANKUSDT,,-3.064288323745516,False,,,29921554.078169998,29921554.078169998,,,,,34396982.376237236,,,,0.8698889266181955,,,,stop
willyA,,,1783814700000.0,2026-07-12,BANKUSDT,,1.0,True,,,20018742.00181,20018742.00181,,,,,35030366.534896165,,,,0.5714682426136749,,,,tp
willyA,,,1784137200000.0,2026-07-15,BANKUSDT,,1.0,False,,,20573722.30347,20573722.30347,,,,,42656311.80514959,,,,0.4823136701890453,,,,tp
willyA,,,1785384000000.0,2026-07-30,BANKUSDT,,-3.051415808744333,False,,,653380167.96232,653380167.96232,,,,,141219332.01459345,,,,4.6267048472853585,,,,stop
willyA,,,1785474600000.0,2026-07-31,BANKUSDT,,1.0,False,,,1073736430.6961099,1073736430.6961099,,,,,55839147.42737064,,,,19.229097867095966,,,,tp
willyA,,,1768916100000.0,2026-01-20,BANUSDT,,1.0,True,,,20359980.343200002,20359980.343200002,14765414.599984853,78164191.97068211,,,,,,,,0.26047707818481175,0.18890254255456354,13.583333333333334,tp
willyA,,,1775067900000.0,2026-04-01,BANUSDT,,1.0,False,,,21437168.62105,21437168.62105,9224115.805570701,59876038.37534608,,,,,,,,0.3580258347532348,0.15405354221579104,18.416666666666668,tp
willyA,,,1776063300000.0,2026-04-13,BANUSDT,,1.0,False,,,25666526.01162,25666526.01162,8485179.292402187,73262228.21150503,,,,,,,,0.35033777484247136,0.11581929050677828,6.916666666666667,tp
willyA,,,1779547200000.0,2026-05-23,BANUSDT,,1.0,False,,,20439807.898099996,20439807.898099996,7751594.531826077,81062998.98453803,,,,,,,,0.2521471960591871,0.09562432464785342,14.666666666666666,tp
willyA,,,1772105100000.0,2026-02-26,BARDUSDT,,-0.6010423230972494,False,,,135013053.2914,135013053.2914,,,,,299545826.421801,,,,0.45072587024224925,,,,time
willyA,,,1772256300000.0,2026-02-28,BARDUSDT,,1.0,True,,,30471404.2262,30471404.2262,,,,,350704706.7535545,,,,0.08688621406958394,,,,tp
willyA,,,1772522700000.0,2026-03-03,BARDUSDT,,-3.050402895905761,False,,,35183282.1637,35183282.1637,,,,,411022559.2417062,,,,0.0855993944191518,,,,stop
willyA,,,1772658300000.0,2026-03-04,BARDUSDT,,-3.0559442837046853,False,,,135269878.53649998,135269878.53649998,,,,,343041821.6824645,,,,0.3943247440590847,,,,stop
willyA,,,1773049800000.0,2026-03-09,BARDUSDT,,1.0,False,,,44825457.955699995,44825457.955699995,,,,,442586347.74881524,,,,0.10128070642870386,,,,tp
willyA,,,1773839400000.0,2026-03-18,BARDUSDT,,1.0,True,,,69215332.12189999,69215332.12189999,,,,,416423068.7203792,,,,0.16621397160966814,,,,tp
willyA,,,1776942000000.0,2026-04-23,BBUSDT,,1.0,False,,,20039536.220009997,20039536.220009997,11865512.965958621,10901527.242423669,,,37584203.60532085,,,,0.5331903911134882,1.8382319994601721,1.088426667392397,11.0,tp
willyA,,,1779107100000.0,2026-05-18,BCHUSDT,,0.1739528489941367,False,,,342031490.45703995,342031490.45703995,88218470.21263945,8130324552.348011,,,7553503782.149245,,,,0.04528117021207337,0.042068614635840385,0.010850547188446769,12.416666666666666,time
willyA,,,1787293200000.0,2026-08-21,BCHUSDT,,1.0,False,,,146034274.81142,146034274.81142,326367397.9440936,4477145097.624643,,,5010299563.241419,,,,0.02914681506926563,0.03261772214818294,0.07289631915598366,6.333333333333333,tp
willyA,,,1790082000000.0,2026-09-22,BCHUSDT,,1.0,False,,,346049068.21188,346049068.21188,324351470.6457298,5366557298.367394,,,6235894059.361436,,,,0.055493096084976774,0.06448250693552728,0.06043939393778642,13.0,tp
willyA,,,1769392200000.0,2026-01-26,BEAMXUSDT,,1.0,False,,,28940557.971297,28940557.971297,,,,,177702705.60245472,,,,0.16285941102124235,,,,tp
willyA,,,1771763400000.0,2026-02-22,BELUSDT,,1.0,False,,,20323430.4553,20323430.4553,1534475.7394048038,9994822.859578323,,,11590552.788437985,,,,1.7534479007397636,2.0333957630698256,0.15352705705376982,12.5,tp
willyA,,,1775469300000.0,2026-04-06,BELUSDT,,1.0,False,,,20420106.9333,20420106.9333,4303178.071260706,7870917.166591287,,,12865011.839634197,,,,1.5872590859489348,2.5943745183820144,0.5467187597305528,9.916666666666666,tp
willyA,,,1781870400000.0,2026-06-19,BELUSDT,,1.0,False,,,20062252.74457,20062252.74457,7673331.6104718875,8197570.654222756,,,11408917.285865927,,,,1.758471224033183,2.4473412417903924,0.9360494632051972,12.0,tp
willyA,,,1782082800000.0,2026-06-21,BELUSDT,,1.0,False,,,46676666.74581,46676666.74581,65663242.85099736,12063428.055350259,,,17530334.77586348,,,,2.662622667655865,3.869270536670412,5.443166117435003,23.0,tp
willyA,,,1782282300000.0,2026-06-24,BELUSDT,,1.0,False,,,52185712.56318,52185712.56318,26207065.98264496,11312883.30825504,,,16159538.6625296,,,,3.2294060896792267,4.6129453598358925,2.3165682230207043,6.416666666666667,tp
willyA,,,1782390900000.0,2026-06-25,BELUSDT,,1.0,True,,,20760797.74732,20760797.74732,15974561.975657849,11275388.249973971,,,17748096.67673716,,,,1.1697478397518342,1.841249036135667,1.4167638063988373,12.583333333333334,tp
willyA,,,1782488100000.0,2026-06-26,BELUSDT,,-3.054436297780376,False,,,20623224.12886,20623224.12886,27177876.7541727,12525012.831058878,,,18560940.638523724,,,,1.111108781095714,1.6465631139091208,2.1698881367034137,15.583333333333334,stop
willyA,,,1782574800000.0,2026-06-27,BELUSDT,,1.0,False,,,56911495.18716,56911495.18716,40434690.073696725,15505016.909047613,,,13877554.503143627,,,,4.100974359298539,3.6705213235820815,2.607845596743719,15.666666666666666,tp
willyA,,,1768609200000.0,2026-01-17,BERAUSDT,,1.0,False,,,73567651.57818002,73567651.57818002,71981024.0623118,121176526.8724685,,,257872568.9089487,,,,0.28528684493058953,0.6071114057890589,0.5940178838271853,0.3333333333333333,tp
willyA,,,1768832100000.0,2026-01-19,BERAUSDT,,1.0,True,,,291937175.12565,291937175.12565,297763851.3509686,126536324.28993818,,,328434539.8893462,,,,0.8888747670205679,2.3071412636953297,2.3531887228578676,14.25,tp
willyA,,,1770402600000.0,2026-02-06,BERAUSDT,,-3.05914421803201,False,,,105420901.02527002,105420901.02527002,34308905.91404295,146113600.7961823,,,187521335.5223205,,,,0.5621808352187309,0.7214995760204719,0.23480980365340076,18.5,stop
willyA,,,1770652500000.0,2026-02-09,BERAUSDT,,1.0,False,,,202805235.91441,202805235.91441,144748347.5897814,113381957.4175463,,,164656306.59835896,,,,1.2316882365708988,1.788690551244841,1.2766435761619779,15.916666666666666,tp
willyA,,,1770825600000.0,2026-02-11,BERAUSDT,,1.0,True,,,180114250.77566,180114250.77566,168776980.0020131,107210344.18561748,,,221414965.18687177,,,,0.813469182734083,1.6800081386160008,1.5742602197956093,16.0,tp
willyA,,,1775298300000.0,2026-04-04,BERAUSDT,,1.0,False,,,25153981.22411,25153981.22411,31353499.780304983,100974458.35440843,,,160055202.46773076,,,,0.15715816066135915,0.24911231646148074,0.31050921481804733,10.416666666666666,tp
willyA,,,1787312100000.0,2026-08-21,BERAUSDT,,1.0,False,,,20864740.320430003,20864740.320430003,13708752.4626173,54024134.81640156,,,68805824.36565384,,,,0.30324090311815466,0.3862114662518488,0.2537523739936945,11.583333333333334,tp
willyA,,,1790746800000.0,2026-09-30,BERAUSDT,,-3.07196177660251,False,,,29349856.934309997,29349856.934309997,30070067.54315749,78793656.40517335,,,90863025.84683333,,,,0.32301210157566934,0.3724900997535504,0.381630564122205,5.666666666666667,stop
willyA,,,1781868900000.0,2026-06-19,BICOUSDT,,1.0,True,,,20059196.91069,20059196.91069,2217636.4629997895,15195451.116784306,,,25937005.508262392,,,,0.7733813721981135,1.3200790655391197,0.14594081123068958,11.583333333333334,tp
willyA,,,1782199500000.0,2026-06-23,BICOUSDT,,1.0,False,,,147297484.94437,147297484.94437,65637699.592345186,24440951.13559291,,,33123405.10766149,,,,4.446930636074607,6.026667461801982,2.685562408279529,7.416666666666667,tp
willyA,,,1785717000000.0,2026-08-03,BICOUSDT,,1.0,False,,,20225509.18486,20225509.18486,21423931.333088648,16040829.251043845,,,16091937.906860288,,,,1.2568721866766273,1.2608767831341288,1.3355875184379573,0.5,tp
willyA,,,1786005900000.0,2026-08-06,BICOUSDT,,-3.0805671750973858,False,,,113926462.38260001,113926462.38260001,111861592.80656214,27150287.130349267,,,30364787.180771157,,,,3.75192691799089,4.196142082609881,4.1200887588964195,8.75,stop
willyA,,,1786537200000.0,2026-08-12,BICOUSDT,,1.0,False,,,48327250.86131,48327250.86131,87037337.2843185,38272873.89086645,,,33593169.754631944,,,,1.4386034784540231,1.2627024299014804,2.274125991492093,12.333333333333334,tp
willyA,,,1786755900000.0,2026-08-15,BICOUSDT,,1.0,False,,,32785610.68949,32785610.68949,31418519.18977231,25151225.53647808,,,27476234.35152729,,,,1.1932352253964376,1.3035392904389247,1.2491844242024892,1.0833333333333333,tp
willyA,,,1786881300000.0,2026-08-16,BICOUSDT,,-3.0673580731933976,False,,,39586971.207839996,39586971.207839996,37120787.71660733,20621089.010815732,,,25177386.079118676,,,,1.5723225232134868,1.919732327767786,1.8001371167709683,11.916666666666666,stop
willyA,,,1787803500000.0,2026-08-27,BICOUSDT,,-3.0711432825810387,False,,,142421680.37432998,142421680.37432998,105643439.98331591,24808089.821472775,,,31274331.497245867,,,,4.553948032010601,5.740936984638621,4.258427018910407,4.083333333333333,stop
willyA,,,1771571700000.0,2026-02-20,BIOUSDT,,1.0,False,,,21773717.88332,21773717.88332,,,,,69803158.24173754,,,,0.311930268368585,,,,tp
willyA,,,1776245100000.0,2026-04-15,BIOUSDT,,-3.0861726032328436,False,,,33378250.10345,33378250.10345,,,,,58348923.65772531,,,,0.572045686725033,,,,stop
willyA,,,1776476400000.0,2026-04-18,BIOUSDT,,1.0,False,,,112238333.38855001,112238333.38855001,,,,,76019022.96128903,,,,1.476450617442227,,,,tp
willyA,,,1776753900000.0,2026-04-21,BIOUSDT,,1.0,False,,,37009696.647860005,37009696.647860005,,,,,76796006.05123296,,,,0.48192215390953674,,,,tp
willyA,,,1776909000000.0,2026-04-23,BIOUSDT,,1.0,False,,,32975697.49859,32975697.49859,,,,,80330025.91194572,,,,0.41050276187806195,,,,tp
willyA,,,1777517700000.0,2026-04-30,BIOUSDT,,1.0,True,,,86753926.82395999,86753926.82395999,,,,,97398589.92006896,,,,0.8907102956537193,,,,tp
willyA,,,1777704900000.0,2026-05-02,BIOUSDT,,1.0,False,,,129249339.59088999,129249339.59088999,,,,,112963315.68959105,,,,1.1441709089528753,,,,tp
willyA,,,1777807800000.0,2026-05-03,BIOUSDT,,-3.058755323740362,False,,,529962120.40822995,529962120.40822995,,,,,147977682.67835492,,,,3.581365181668363,,,,stop
willyA,,,1768392000000.0,2026-01-14,BLURUSDT,,1.0,False,,,31505944.61165,31505944.61165,9072329.939036332,97595239.41869392,,,114942336.38882549,,,,0.2741021768086572,0.3228225556831329,0.09295873439190078,12.0,tp
willyA,,,1775012400000.0,2026-04-01,BLURUSDT,,-0.0247315936997048,False,,,20079545.618789997,20079545.618789997,6842873.544624643,54673654.94162567,,,58170614.4604705,,,,0.34518366025572816,0.367261812663314,0.1251585165091064,3.0,time
willyA,,,1775704500000.0,2026-04-09,BLURUSDT,,1.0,False,,,35559775.27088,35559775.27088,30777045.864941765,53539223.458779015,,,61318122.65773043,,,,0.5799227655642675,0.6641817526221355,0.5748504344415393,3.25,tp
willyA,,,1776577200000.0,2026-04-19,BLURUSDT,,1.0,True,,,42008263.98626,42008263.98626,40068627.52991905,71878432.36713248,,,93376076.51871116,,,,0.4498825132992407,0.5844348937897667,0.5574499360985097,5.666666666666667,tp
willyA,,,1776733800000.0,2026-04-21,BLURUSDT,,-3.0618579210513404,False,,,71797381.89133,71797381.89133,69556933.32233925,95713603.90444691,,,103080893.4602626,,,,0.6965149358062918,0.7501272438033676,0.7267194054439694,1.1666666666666667,stop
willyA,,,1783356300000.0,2026-07-06,BLURUSDT,,1.0,False,,,20806803.26983,20806803.26983,5755619.646538009,42867488.51316206,,,56247137.22881166,,,,0.36991755127356174,0.4853749074532665,0.13426538027229656,16.75,tp
willyA,,,1786334400000.0,2026-08-10,BMTUSDT,,1.0,True,,,525211521.58304995,525211521.58304995,,,,,29442677.74370153,,,,17.838442758332498,,,,tp
willyA,,,1786458300000.0,2026-08-11,BMTUSDT,,-3.0554133968973813,True,,,92112378.81876001,92112378.81876001,,,,,16072094.958567493,,,,5.731199265324027,,,,stop
willyA,,,1786584300000.0,2026-08-13,BMTUSDT,,1.0,False,,,34455867.09991,34455867.09991,,,,,13903275.326374436,,,,2.4782553960179015,,,,tp
willyA,,,1786787400000.0,2026-08-15,BMTUSDT,,-3.0688414969432127,True,,,20370795.258539997,20370795.258539997,,,,,15014319.769532984,,,,1.3567577866482075,,,,stop
willyA,,,1787006400000.0,2026-08-17,BMTUSDT,,1.0,False,,,20399360.53459,20399360.53459,,,,,13241214.596547082,,,,1.5405958710094125,,,,tp
willyA,,,1787685300000.0,2026-08-25,BMTUSDT,,1.0,False,,,20876672.776080005,20876672.776080005,,,,,14610995.416879538,,,,1.428833024748058,,,,tp
willyA,,,1787866500000.0,2026-08-27,BMTUSDT,,1.0,False,,,45455745.06032,45455745.06032,,,,,20143387.952333406,,,,2.256608727781287,,,,tp
willyA,,,1776360300000.0,2026-04-16,BOMEUSDT,,1.0,False,,,33402354.0782912,33402354.0782912,12478309.914634028,30721510.51102839,,,36816951.011987545,,,,0.9072547606512946,1.087262752471121,0.4061750124608805,17.416666666666668,tp
willyA,,,1776600600000.0,2026-04-19,BOMEUSDT,,1.0,False,,,34778108.341954604,34778108.341954604,18120895.343497586,33997420.54660394,,,41158116.0956391,,,,0.844987857586599,1.0229631478741303,0.5330079474311092,12.166666666666666,tp
willyA,,,1776828000000.0,2026-04-22,BOMEUSDT,,1.0,False,,,24337771.9479817,24337771.9479817,27219920.620467845,37857307.26962707,,,43591380.60112532,,,,0.5583161536148596,0.6428817500051807,0.7190136484510719,3.3333333333333335,tp
willyA,,,1786323300000.0,2026-08-10,BOMEUSDT,,-3.0523414619275475,True,,,43962623.0458398,43962623.0458398,78021690.69828011,58470267.31976389,,,59559678.91837865,,,,0.73812726737642,0.7518799735499024,1.3343823155723376,0.9166666666666666,stop
willyA,,,1786813500000.0,2026-08-15,BOMEUSDT,,1.0,False,,,24466337.8896022,24466337.8896022,42381773.511571676,54626833.28640876,,,64115137.18291109,,,,0.3816000240286989,0.4478813143226712,0.7758416690450245,17.083333333333332,tp
willyA,,,1787208600000.0,2026-08-20,BOMEUSDT,,1.0,False,,,37962010.410279304,37962010.410279304,50203318.74422018,60494184.85338722,,,69126832.5422222,,,,0.5491646154493245,0.6275315636086914,0.8298866885452242,6.833333333333333,tp
willyA,,,1781157600000.0,2026-06-11,BRETTUSDT,,1.0,False,,,20107867.502180003,20107867.502180003,5544162.47176811,52312602.02165624,,,54653156.31133284,,,,0.3679177719880462,0.3843790353585509,0.10598139372751812,6.0,tp
willyA,,,1782977400000.0,2026-07-02,BREVUSDT,,1.0,False,,,21403817.371859998,21403817.371859998,9043592.292571573,17862489.68632156,,,37431113.37599601,,,,0.5718188811766933,1.198254988398972,0.5062895739274701,7.5,tp
willyA,,,1777398900000.0,2026-04-28,BROCCOLI714USDT,,-3.0556835616863105,False,,,20559311.65869,20559311.65869,,,,,19155018.05409524,,,,1.0733120480820708,,,,stop
willyA,,,1786282500000.0,2026-08-09,BROCCOLI714USDT,,-3.0787311145423475,False,,,20997600.40295,20997600.40295,,,,,20366747.43504762,,,,1.0309746546381182,,,,stop
willyA,,,1788069300000.0,2026-08-30,BROCCOLI714USDT,,1.0,False,,,20117262.52591,20117262.52591,,,,,18631550.96152381,,,,1.0797417009165984,,,,tp
willyA,,,1790083800000.0,2026-09-22,BROCCOLI714USDT,,1.0,False,,,20019945.50552,20019945.50552,,,,,23497856.155428573,,,,0.8519902995871779,,,,tp
willyA,,,1790247900000.0,2026-09-24,BROCCOLI714USDT,,1.0,True,,,20237211.89834,20237211.89834,,,,,27385084.00952381,,,,0.7389866648319221,,,,tp
willyA,,,1784723700000.0,2026-07-22,BROCCOLIF3BUSDT,,1.0,False,,,20197412.284164,20197412.284164,,,,,,,,,,,,,tp
willyA,,,1785173400000.0,2026-07-27,BROCCOLIF3BUSDT,,1.0,False,,,20216449.193689,20216449.193689,,,,,,,,,,,,,tp
willyA,,,1775021700000.0,2026-04-01,BRUSDT,,1.0,False,,,20096411.87554,20096411.87554,7313485.189610544,26087704.43318609,,,34105286.520625696,,,,0.5892462408543727,0.7703403696177811,0.2803422282072117,5.583333333333333,tp
willyA,,,1775139600000.0,2026-04-02,BRUSDT,,1.0,True,,,21279053.19982,21279053.19982,8705521.623944394,28012370.41958704,,,44878556.51976056,,,,0.4741474514772012,0.7596305803860528,0.3107741863165299,14.333333333333334,tp
willyA,,,1775389800000.0,2026-04-05,BRUSDT,,1.0,False,,,39968924.40459,39968924.40459,13465087.140079256,42253346.37213945,,,52715187.50043965,,,,0.7582051074798256,0.9459351231632692,0.3186750469770536,11.833333333333334,tp
willyA,,,1776244200000.0,2026-04-15,BRUSDT,,1.0,False,,,85093608.05303001,85093608.05303001,14923645.142147785,43867729.98378118,,,62347363.48097456,,,,1.3648308974443886,1.9397768720763737,0.34019643021568174,9.166666666666666,tp
willyA,,,1777558800000.0,2026-04-30,BRUSDT,,1.0,False,,,21213905.15527,21213905.15527,1592508.8274338364,21975507.651914753,,,43428695.884362966,,,,0.4884766793770643,0.9653431215920787,0.07246744205679723,14.333333333333334,tp
willyA,,,1777780200000.0,2026-05-03,BRUSDT,,1.0,False,,,42668689.910179995,42668689.910179995,7051310.2803338375,42235551.65856488,,,65841124.87321737,,,,0.6480552996678315,1.010255299969008,0.16695201088734715,3.8333333333333335,tp
willyA,,,1781601900000.0,2026-06-16,BRUSDT,,1.0,False,,,20111097.96746,20111097.96746,5210055.881521356,28030783.676497616,,,56500934.71508892,,,,0.3559427480071265,0.7174647059305064,0.18586907671403147,9.416666666666666,tp
willyA,,,1786528500000.0,2026-08-12,BRUSDT,,1.0,False,,,23526894.398850005,23526894.398850005,1640001.043120943,37101530.685710974,,,66290850.16290088,,,,0.3549040982433596,0.6341219341635139,0.044203056122225214,9.916666666666666,tp
willyA,,,1786804500000.0,2026-08-15,BRUSDT,,-3.064742901264432,False,,,37319315.60683,37319315.60683,4486268.5519716265,59031085.75994086,,,74775219.80707936,,,,0.49908667207016066,0.6321976823972852,0.07599840819827944,14.583333333333334,stop
willyA,,,1787660100000.0,2026-08-25,BRUSDT,,1.0,False,,,20058313.070749998,20058313.070749998,2142362.1371399425,63666841.14172629,,,86021708.20804538,,,,0.2331773396342994,0.3150511743797523,0.0336495748606549,12.25,tp
willyA,,,1788425100000.0,2026-09-03,BRUSDT,,1.0,False,,,23822160.66196,23822160.66196,2271363.9373822026,68476966.6706328,,,98983193.79578958,,,,0.2406687413128643,0.34788574640787107,0.033169751053770104,8.75,tp
willyA,,,1789356300000.0,2026-09-14,BRUSDT,,1.0,False,,,29553651.196250003,29553651.196250003,3200183.002812092,92247529.8886752,,,117589738.6167253,,,,0.2513284878757819,0.3203733610202409,0.03469125955647907,3.4166666666666665,tp
willyA,,,1789549800000.0,2026-09-16,BRUSDT,,1.0,True,,,127656065.00046998,127656065.00046998,12991626.828696687,74837055.07955602,,,76396244.54526694,,,,1.6709730401057887,1.7057868573898902,0.1735988517304142,9.166666666666666,tp
willyA,,,1790085000000.0,2026-09-22,BRUSDT,,1.0,False,,,103338399.53709,103338399.53709,18255312.930647727,325502976.65258753,,,353077982.46697354,,,,0.2926786847909899,0.3174729785877936,0.05608339781829952,13.833333333333334,tp
willyA,,,1790186700000.0,2026-09-23,BRUSDT,,1.0,True,,,135672928.48368,135672928.48368,22182213.26236288,339827632.29637045,,,359374136.52254266,,,,0.37752557765149464,0.39924042540883475,0.06527489572424566,18.083333333333332,tp
willyA,,,1790308200000.0,2026-09-25,BRUSDT,,-3.054948992435717,False,,,80379826.39918001,80379826.39918001,19217027.664869454,289063375.92660797,,,332269797.42191553,,,,0.24191132333678184,0.2780699081698545,0.06648032668707425,3.8333333333333335,stop
willyA,,,1770996900000.0,2026-02-13,BSVUSDT,,-3.0574851985203195,False,,,20004744.706,20004744.706,16798236.981399454,307876377.0492333,,,348565756.94384456,,,,0.05739159486404412,0.06497654967143189,0.05456163003604919,15.583333333333334,stop
willyA,,,1773189600000.0,2026-03-11,BSVUSDT,,1.0,False,,,20207676.531000003,20207676.531000003,37997055.44804969,314921546.7606818,,,326051705.7456262,,,,0.06197690787965177,0.06416733544864878,0.12065562308737411,0.6666666666666666,tp
willyA,,,1790124900000.0,2026-09-23,BSVUSDT,,1.0,False,,,20294483.722999997,20294483.722999997,12944225.021866541,422547232.12469923,,,467568598.99157006,,,,0.04340429140615983,0.04802891175254659,0.03063379437318508,0.9166666666666666,tp
willyA,,,1768503600000.0,2026-01-15,BTRUSDT,,1.0,False,,,20013597.17547,20013597.17547,1633824.9773226283,9841100.729576107,,,23774929.96211365,,,,0.8417941591147695,2.0336746595146433,0.16602055219416528,19.0,tp
willyA,,,1768801200000.0,2026-01-19,BTRUSDT,,1.0,True,,,26392167.8981,26392167.8981,4279668.605309065,17856771.224130772,,,30956585.02951435,,,,0.8525542424313733,1.4779921614516127,0.23966642970290897,5.666666666666667,tp
willyA,,,1769406600000.0,2026-01-26,BTRUSDT,,1.0,False,,,20970686.54795,20970686.54795,4211759.206259454,17810236.994846366,,,48810909.86487597,,,,0.4296311338183101,1.1774512913005117,0.23647968342466097,5.833333333333333,tp
willyA,,,1769668200000.0,2026-01-29,BTRUSDT,,1.0,False,,,49999758.946260005,49999758.946260005,14360548.16386747,34235015.27607178,,,66592200.91989113,,,,0.7508350565918156,1.4604859540169925,0.4194696000005769,6.5,tp
willyA,,,1769872500000.0,2026-01-31,BTRUSDT,,1.0,True,,,20378991.7659,20378991.7659,7290151.232058436,35648500.59834009,,,62463357.87097195,,,,0.3262551431832414,0.5716647663674503,0.2045009217694247,15.25,tp
willyA,,,1770197400000.0,2026-02-04,BTRUSDT,,1.0,True,,,25689732.39599,25689732.39599,5376345.054121439,35000598.30882495,,,59376463.421662085,,,,0.4326585134172493,0.7339798071255447,0.1536072328445272,9.5,tp
willyA,,,1770893400000.0,2026-02-12,BTRUSDT,,-3.0524397307644375,False,,,20052248.81607,20052248.81607,3311078.9537014216,24397679.064922012,,,63885082.128382795,,,,0.3138799880662783,0.8218916546410476,0.13571286616610823,10.833333333333334,stop
willyA,,,1770987900000.0,2026-02-13,BTRUSDT,,1.0,False,,,183511789.79412,183511789.79412,44387998.463700384,37849867.62527787,,,74114680.29557526,,,,2.4760518302482093,4.8484129881490645,1.1727385390921699,13.083333333333334,tp
willyA,,,1771081500000.0,2026-02-14,BTRUSDT,,1.0,False,,,76312324.97257,76312324.97257,13464323.610993464,37359893.46493985,,,90079864.67930874,,,,0.8471629619365855,2.0426269428253274,0.36039512863249923,15.083333333333334,tp
willyA,,,1771179000000.0,2026-02-15,BTRUSDT,,1.0,False,,,135864999.15644,135864999.15644,52802638.19873509,52467612.581913106,,,107067521.98789252,,,,1.2689655708273884,2.5895022180459577,1.0063853794814646,18.166666666666668,tp
willyA,,,1773342300000.0,2026-03-12,BTRUSDT,,1.0,False,,,20881717.51445,20881717.51445,4286661.155683884,39070952.354032494,,,48134130.166998886,,,,0.43382351445849243,0.5344563225701563,0.10971478547134672,19.083333333333332,tp
willyA,,,1773939600000.0,2026-03-19,BTRUSDT,,1.0,True,,,21742603.02988,21742603.02988,7595516.852929681,34554670.34175973,,,48538250.41824923,,,,0.44794781110827386,0.6292232805243639,0.21981158488293864,17.0,tp
willyA,,,1774018200000.0,2026-03-20,BTRUSDT,,1.0,True,,,37060025.147080004,37060025.147080004,27654481.034025684,31072783.23431771,,,67580591.41391307,,,,0.5483826698126575,1.192684442446398,0.8899904725458662,14.833333333333334,tp
willyA,,,1774167900000.0,2026-03-22,BTRUSDT,,-0.7924736071769177,True,,,25901817.33449,25901817.33449,9951497.707221378,40374923.15855914,,,86666752.67778476,,,,0.29886682648407803,0.641532300452169,0.24647719249248265,8.416666666666666,time
willyA,,,1776564900000.0,2026-04-19,BTRUSDT,,1.0,True,,,20126389.32474,20126389.32474,23460583.834923465,10442301.208424544,,,20201143.64382747,,,,0.9962995006418703,1.927390229703642,2.246687139803643,2.25,tp
willyA,,,1782022500000.0,2026-06-21,BTRUSDT,,1.0,False,,,21005066.451899998,21005066.451899998,1660769.9741728457,5193248.36748078,,,12756566.967179555,,,,1.6466080965154972,4.044687441376785,0.31979405887311285,6.25,tp
willyA,,,1786428900000.0,2026-08-11,BTRUSDT,,-3.051220013569371,True,,,20332831.29384,20332831.29384,1759508.81968325,5554039.026193541,,,15142337.125163518,,,,1.3427802541822242,3.6609089705613935,0.3167980655852771,6.25,stop
willyA,,,1787718900000.0,2026-08-26,BTRUSDT,,1.0,False,,,21980881.78784,21980881.78784,5297542.823673378,8852192.45923709,,,23526615.10893573,,,,0.9342985247160083,2.48310030414029,0.598444153588809,4.583333333333333,tp
willyA,,,1789019400000.0,2026-09-10,BTRUSDT,,-3.0513117998269874,False,,,71680218.6862,71680218.6862,26048355.967355095,15915129.998272458,,,29018755.390988603,,,,2.4701341501523992,4.503904064495902,1.6367039395960052,5.833333333333333,stop
willyA,,,1789386000000.0,2026-09-14,BTWUSDT,,1.0,False,,,226096596.82448003,226096596.82448003,42424597.316515945,1983779506.2008944,,,1761492015.4828026,,,,0.1283551641660492,0.11397264470055654,0.021385742308510203,11.666666666666666,tp
willyA,,,1790025000000.0,2026-09-21,BTWUSDT,,1.0,False,,,153800213.33677,153800213.33677,21689704.046417527,2026654861.959448,,,2587673886.844155,,,,0.059435701739193984,0.07588870518785326,0.010702218938969749,21.166666666666668,tp
willyA,,,1790389200000.0,2026-09-26,BTWUSDT,,1.0,False,,,282085889.92482,282085889.92482,21366097.882342964,3555609364.663107,,,2713175778.491232,,,,0.10396889584562227,0.07933545589352096,0.006009124088457731,2.3333333333333335,tp
willyA,,,1790581500000.0,2026-09-28,BTWUSDT,,-3.053785022273962,False,,,146503918.36933002,146503918.36933002,25219833.342225168,3290001183.420906,,,4219782207.9847493,,,,0.034718360130556646,0.04453005035609042,0.007665600082247348,7.75,stop
willyA,,,1790677500000.0,2026-09-29,BTWUSDT,,1.0,False,,,279062230.07797,279062230.07797,48338783.87573278,3017717819.8486905,,,3643932830.729672,,,,0.07658270419383383,0.09247459396053218,0.016018324694837275,10.416666666666666,tp
willyA,,,1790858700000.0,2026-10-01,BTWUSDT,,1.0,False,,,236402046.14837,236402046.14837,48733082.706010066,3589370691.915202,,,4088151154.1874666,,,,0.05782615104782144,0.06586169733899273,0.013577054834647703,12.75,tp
willyA,,,1768184400000.0,2026-01-12,BUSDT,,1.0,False,,,20723541.630999997,20723541.630999997,5687189.282047689,249352954.80470854,,,273383133.6194747,,,,0.07580402403260673,0.0831092683350415,0.022807787806251804,2.3333333333333335,tp
willyA,,,1768300500000.0,2026-01-13,BUSDT,,1.0,False,,,74713896.47150001,74713896.47150001,23228177.11331502,270063629.5815388,,,229485841.86418962,,,,0.32557083201549275,0.2766529376327665,0.08601001604439248,10.583333333333334,tp
willyA,,,1773663900000.0,2026-03-16,BUSDT,,1.0,False,,,20083261.386099998,20083261.386099998,4164049.157341775,205978083.6720903,,,226286039.27610508,,,,0.08875165896379146,0.09750193335166585,0.020215981637982376,12.416666666666666,tp
willyA,,,1777146000000.0,2026-04-25,BUSDT,,1.0,True,,,20256173.682400003,20256173.682400003,3229168.8550239922,100467777.66532886,,,132891801.23638692,,,,0.15242606010259788,0.20161860999728623,0.03214133854717849,19.666666666666668,tp
willyA,,,1777621200000.0,2026-05-01,BUSDT,,1.0,False,,,20712439.1922,20712439.1922,3287466.237703228,129715087.44836949,,,207787180.56374124,,,,0.0996810252490346,0.1596764077304745,0.025343746069721753,7.666666666666667,tp
willyA,,,1778436900000.0,2026-05-10,BUSDT,,1.0,False,,,25436507.7773,25436507.7773,40210997.65717071,360494664.39970547,,,415674354.9583601,,,,0.06119335358046826,0.07056001180948625,0.11154394677138962,18.25,tp
willyA,,,1778657700000.0,2026-05-13,BUSDT,,1.0,True,,,177825401.50426,177825401.50426,44534356.67526482,630188880.1597763,,,662359135.7335042,,,,0.26847278449225903,0.28217794236416016,0.07066826800240224,7.583333333333333,tp
willyA,,,1778760600000.0,2026-05-14,BUSDT,,1.0,True,,,203100193.36159998,203100193.36159998,51675437.783540055,644901089.349622,,,465471282.73542607,,,,0.43633238159837706,0.3149323155376044,0.0801292456113764,12.166666666666666,tp
willyA,,,1778936100000.0,2026-05-16,BUSDT,,-3.063139573883859,True,,,54127604.1047,54127604.1047,15451073.674595896,437072866.64862394,,,400775274.1575913,,,,0.13505724428352872,0.12384114465795656,0.035351253426164936,12.916666666666666,stop
willyA,,,1783700400000.0,2026-07-10,BUSDT,,1.0,False,,,21662810.3664,21662810.3664,4966406.824771726,159051012.85848102,,,227585959.0775144,,,,0.09518517949967983,0.13620039242173793,0.03122524487907971,16.333333333333332,tp
willyA,,,1783839900000.0,2026-07-12,BUSDT,,1.0,True,,,289108449.28129995,289108449.28129995,73836421.97844198,117518630.66139017,,,136091603.8244715,,,,2.1243665381016954,2.4601073689695765,0.6282954588808051,7.083333333333333,tp
willyA,,,1783938900000.0,2026-07-13,BUSDT,,1.0,False,,,35819292.5554,35819292.5554,27733335.435947962,108495656.96012944,,,112893035.06085844,,,,0.31728522965203754,0.33014494366869507,0.2556170100535873,10.583333333333334,tp
willyA,,,1784371800000.0,2026-07-18,BUSDT,,1.0,False,,,21067960.919,21067960.919,4714157.494686983,114622123.75970665,,,153590524.22805893,,,,0.1371696660642764,0.1838036168581799,0.04112781494582776,10.833333333333334,tp
willyA,,,1784469600000.0,2026-07-19,BUSDT,,-3.057659309805853,False,,,163095235.0521,163095235.0521,46885405.405314244,166207049.2703326,,,204187402.65214607,,,,0.798752679811248,0.9812774835249539,0.282090354236757,14.0,stop
willyA,,,1784557200000.0,2026-07-20,BUSDT,,1.0,True,,,114960072.2704,114960072.2704,52587980.73896623,251638320.64695996,,,240085187.93721977,,,,0.47883034042258815,0.4568464452267788,0.20898240221824316,14.333333333333334,tp
willyA,,,1788591000000.0,2026-09-05,BUSDT,,1.0,False,,,20604223.338299997,20604223.338299997,3642054.8667991483,133726235.20466803,,,192488124.43946192,,,,0.1070415299556835,0.15407764457561546,0.027235155923031728,6.833333333333333,tp
willyA,,,1769896200000.0,2026-01-31,C98USDT,,-3.4525236349763495,True,,,20875003.5883,20875003.5883,5560484.644326191,23797911.867109075,,,24372235.43400713,,,,0.8565075470743498,0.8771779517828703,0.2336543086375279,21.833333333333332,stop
willyA,,,1770053400000.0,2026-02-02,C98USDT,,-3.066540493164231,False,,,27306311.441500004,27306311.441500004,33493801.208028503,20180144.02131798,,,24071343.638525564,,,,1.1343908280133128,1.3531276790023923,1.6597404445006034,17.5,stop
willyA,,,1770283200000.0,2026-02-05,C98USDT,,1.0,False,,,24448015.568,24448015.568,12474786.162265072,24902416.263325762,,,28885612.366230674,,,,0.8463734560317462,0.9817527467808429,0.5009468169816482,9.333333333333334,tp
willyA,,,1770461400000.0,2026-02-07,C98USDT,,-0.1749877542859977,False,,,50457259.359500006,50457259.359500006,33189514.711786862,29302198.65143846,,,27080261.593341257,,,,1.8632485947590292,1.721961548336682,1.1326629481490316,10.833333333333334,time
willyA,,,1770903000000.0,2026-02-12,C98USDT,,1.0,False,,,20051055.554700002,20051055.554700002,11730853.99624305,30103188.350349847,,,32496313.91200951,,,,0.6170255373884059,0.666077470643304,0.38968809083329936,13.5,tp
willyA,,,1786098900000.0,2026-08-07,C98USDT,,1.0,False,,,20574486.29696,20574486.29696,9201592.844233511,13618511.691523306,,,17772675.386444706,,,,1.157647109936653,1.510773479731002,0.6756680210482136,10.583333333333334,tp
willyA,,,1773581100000.0,2026-03-15,CAKEUSDT,,1.0,False,,,30867228.167499997,30867228.167499997,,,,,466067363.92350024,,,,0.06622911312143819,,,,tp
willyA,,,1790865300000.0,2026-10-01,CAPUSDT,,1.0,False,,,42833709.96232,42833709.96232,29314947.35656763,108015748.03011988,,,129091548.4974212,,,,0.3318087857872095,0.39655060251377366,0.271395124240525,14.583333333333334,tp
willyA,,,1790956500000.0,2026-10-02,CAPUSDT,,1.0,False,,,90122204.30767,90122204.30767,59317849.40359611,109193270.09381917,,,125618163.44494475,,,,0.7174297238246782,0.8253457766237493,0.5432372283807422,15.916666666666666,tp
willyA,,,1788761400000.0,2026-09-07,CATIUSDT,,-3.0524587316407765,False,,,20761612.16403,20761612.16403,20637736.063842714,37821575.87492737,,,35576854.827677414,,,,0.5835707587023199,0.5489356718685342,0.5456603958568489,6.166666666666667,stop
willyA,,,1788878100000.0,2026-09-08,CATIUSDT,,1.0,True,,,21516194.13456,21516194.13456,25643971.882520866,41108216.76840845,,,33865843.44374709,,,,0.6353361365500761,0.5234037335108911,0.6238162075234601,14.583333333333334,tp
willyA,,,1782680100000.0,2026-06-28,CELOUSDT,,-3.059377452223981,True,,,21444409.186825,21444409.186825,28270985.87514992,37333634.08050959,,,50433809.343835495,,,,0.42519907708391536,0.5743991903006377,0.7572524500075143,20.916666666666668,stop
willyA,,,1782913800000.0,2026-07-01,CELOUSDT,,-0.7845275400839723,False,,,20041792.502926998,20041792.502926998,31803433.465942886,35224103.94800297,,,45962048.04897806,,,,0.4360509018564636,0.568979484403982,0.9028883605638456,13.833333333333334,time
willyA,,,1790679000000.0,2026-09-29,CELOUSDT,,1.0,False,,,23112333.825548,23112333.825548,7039346.242410955,59589357.30060563,,,76396007.56489615,,,,0.30253326793176666,0.38786009570392027,0.1181309307784632,10.833333333333334,tp
willyA,,,1789986300000.0,2026-09-21,CELRUSDT,,0.0226846820096394,False,,,148616829.6489,148616829.6489,115954759.06614783,25651031.057436246,,,34378645.145462304,,,,4.322940273535363,5.793795552160306,4.520471664726027,10.416666666666666,time
willyA,,,1788752700000.0,2026-09-07,CFGUSDT,,-3.1151288955955687,False,,,20090410.391999997,20090410.391999997,6908231.088982797,41445394.811852105,,,92571252.78480813,,,,0.21702645030312298,0.4847440948072416,0.16668271880009347,3.75,stop
willyA,,,1770339000000.0,2026-02-06,CFXUSDT,,1.0,True,,,20927385.916449998,20927385.916449998,,,,,231146933.11085314,,,,0.09053715588955563,,,,tp
willyA,,,1778034000000.0,2026-05-06,CFXUSDT,,-1.7765066553624798,False,,,31966458.874240004,31966458.874240004,,,,,344591345.5860001,,,,0.09276628471292264,,,,time
willyA,,,1785475800000.0,2026-07-31,CFXUSDT,,1.0,False,,,20594100.011269994,20594100.011269994,,,,,241345365.00157535,,,,0.08533041440897599,,,,tp
willyA,,,1779048000000.0,2026-05-17,CGPTUSDT,,-2.3315240476764405,False,,,86182112.97969,86182112.97969,23098386.917846054,30798613.35425253,,,35297162.04643817,,,,2.441615925560979,2.7982465310500864,0.749981392089418,20.0,time
willyA,,,1786840800000.0,2026-08-16,CHIPUSDT,,-3.0589289270523885,False,,,21249447.78724,21249447.78724,20756510.747748293,55125713.87819293,,,61243107.373007804,,,,0.34696880512312883,0.38547251894448525,0.37653046622874337,0.6666666666666666,stop
willyA,,,1788423000000.0,2026-09-03,CHIPUSDT,,1.0,False,,,41257838.286919996,41257838.286919996,25696620.80859284,85262351.67983145,,,109829164.07323352,,,,0.37565466909508194,0.483892802322029,0.301382970353506,8.166666666666666,tp
willyA,,,1775186400000.0,2026-04-03,CHRUSDT,,1.0,True,,,20453251.790599998,20453251.790599998,11591558.366915282,16391829.818176404,,,20113436.221811827,,,,1.0168949534550273,1.2477711163106395,0.7071546310261075,3.3333333333333335,tp
willyA,,,1770354300000.0,2026-02-06,COMPUSDT,,1.0,False,,,26912417.7701,26912417.7701,,,,,160504276.87886363,,,,0.16767414734008265,,,,tp
willyA,,,1770989100000.0,2026-02-13,COMPUSDT,,1.0,False,,,20153511.45482,20153511.45482,,,,,173236346.31272727,,,,0.1163353527350361,,,,tp
willyA,,,1771134300000.0,2026-02-15,COMPUSDT,,1.0,False,,,54597146.81589001,54597146.81589001,,,,,228074472.14204544,,,,0.23938298005524594,,,,tp
willyA,,,1773237900000.0,2026-03-11,COMPUSDT,,1.0,False,,,33037309.72911,33037309.72911,,,,,186369425.8075,,,,0.1772678623973122,,,,tp
willyA,,,1775818200000.0,2026-04-10,COMPUSDT,,1.0,False,,,22638345.073019996,22638345.073019996,,,,,205216898.67022726,,,,0.11031423445005191,,,,tp
willyA,,,1772629200000.0,2026-03-04,COOKIEUSDT,,1.0,False,,,20939113.88748,20939113.88748,,,,,20720367.777441375,,,,1.0105570573065201,,,,tp
willyA,,,1786056900000.0,2026-08-06,COOKIEUSDT,,1.0,False,,,20099304.74871,20099304.74871,,,,,9435246.497544855,,,,2.13023631697805,,,,tp
willyA,,,1786222800000.0,2026-08-08,COOKIEUSDT,,-3.0513829877105643,False,,,20806509.822223,20806509.822223,,,,,10746975.888666945,,,,1.936033916682011,,,,stop
willyA,,,1786450200000.0,2026-08-11,COOKIEUSDT,,1.0,False,,,20064415.010247998,20064415.010247998,,,,,12701293.362079613,,,,1.5797143202873636,,,,tp
willyA,,,1790073000000.0,2026-09-22,COOKIEUSDT,,-3.0610915338451656,False,,,20180294.758316,20180294.758316,,,,,11885224.199721605,,,,1.6979313489760417,,,,stop
willyA,,,1773471600000.0,2026-03-14,COSUSDT,,1.0,False,,,20993612.670941994,20993612.670941994,,,,,,,,,,,,,tp
willyA,,,1773712200000.0,2026-03-17,COSUSDT,,1.0,False,,,47123453.997778,47123453.997778,,,,,,,,,,,,,tp
willyA,,,1773998400000.0,2026-03-20,COSUSDT,,1.0,False,,,68221086.227248,68221086.227248,,,,,,,,,,,,,tp
willyA,,,1774473300000.0,2026-03-25,COSUSDT,,1.0,False,,,20106371.300425,20106371.300425,,,,,,,,,,,,,tp
willyA,,,1778643300000.0,2026-05-13,COSUSDT,,1.0,False,,,20095383.354261998,20095383.354261998,,,,,,,,,,,,,tp
willyA,,,1779528900000.0,2026-05-23,COSUSDT,,1.0,True,,,20718128.233052,20718128.233052,,,,,,,,,,,,,tp
willyA,,,1786334100000.0,2026-08-10,COTIUSDT,,-1.0487815219020131,True,,,20004813.4360174,20004813.4360174,,,,,34401933.998378165,,,,0.5815025817141706,,,,time
willyA,,,1786554900000.0,2026-08-12,COTIUSDT,,1.0,True,,,23507613.4436469,23507613.4436469,,,,,36271108.78493198,,,,0.6481084871993936,,,,tp
willyA,,,1789674000000.0,2026-09-17,COTIUSDT,,-3.0515859486722903,False,,,51634114.029325,51634114.029325,,,,,72429763.15181112,,,,0.712885308227518,,,,stop
willyA,,,1771069500000.0,2026-02-14,COWUSDT,,1.0,False,,,21329642.983699996,21329642.983699996,,,,,147353429.59093627,,,,0.14475158836080448,,,,tp
willyA,,,1771798800000.0,2026-02-22,COWUSDT,,1.0,False,,,20046781.8418,20046781.8418,,,,,127068561.6926142,,,,0.15776350636827277,,,,tp
willyA,,,1786786200000.0,2026-08-15,COWUSDT,,1.0,True,,,21079863.7199,21079863.7199,,,,,85115766.72108442,,,,0.24766109185124935,,,,tp
willyA,,,1775891400000.0,2026-04-11,CROSSUSDT,,1.0,False,,,20392599.449099995,20392599.449099995,,,,,,,,,,,,,tp
willyA,,,1786714200000.0,2026-08-14,CROSSUSDT,,1.0,False,,,20056387.01959,20056387.01959,,,,,,,,,,,,,tp
willyA,,,1789669200000.0,2026-09-17,CROSSUSDT,,1.0,False,,,21224707.493350003,21224707.493350003,,,,,,,,,,,,,tp
willyA,,,1789797000000.0,2026-09-19,CROSSUSDT,,1.0,False,,,29156223.76531,29156223.76531,,,,,,,,,,,,,tp
willyA,,,1787279100000.0,2026-08-21,CRVUSDT,,1.0,False,,,49110005.26642,49110005.26642,,,,,553224233.4521335,,,,0.08877052431339151,,,,tp
willyA,,,1775143800000.0,2026-04-02,CTSIUSDT,,1.0,False,,,21485861.235499997,21485861.235499997,3009523.712927467,20398672.910970964,,,32288337.23012523,,,,0.665437215994311,1.053297012471057,0.14753526987085827,15.5,tp
willyA,,,1775982900000.0,2026-04-12,CTSIUSDT,,-3.2637943712077218,False,,,20248857.534100004,20248857.534100004,4906960.407131557,27035919.243544925,,,34221770.597198606,,,,0.591695203980988,0.7489613114943227,0.1814978201010546,8.583333333333334,stop
willyA,,,1776271800000.0,2026-04-15,CTSIUSDT,,1.0,True,,,20021309.140699998,20021309.140699998,8018092.119891912,28837638.06129019,,,35768517.29085729,,,,0.5597466894669855,0.6942770104176919,0.278042608858972,16.833333333333332,tp
willyA,,,1773496500000.0,2026-03-14,CUSDT,,-1.4829101631701858,False,,,20031782.77024,20031782.77024,,,,,26570142.90410519,,,,0.753920776509825,,,,time
willyA,,,1773929400000.0,2026-03-19,CUSDT,,1.0,True,,,20056310.292489998,20056310.292489998,,,,,25315588.442927264,,,,0.7922513963167774,,,,tp
willyA,,,1774372500000.0,2026-03-24,CUSDT,,1.0,False,,,21540619.690599997,21540619.690599997,,,,,27604600.09139226,,,,0.7803271780530829,,,,tp
willyA,,,1774584900000.0,2026-03-27,CUSDT,,1.0,True,,,27015538.56733,27015538.56733,,,,,29836386.44864563,,,,0.9054561152648002,,,,tp
willyA,,,1774746300000.0,2026-03-29,CUSDT,,1.0,True,,,120512791.46569,120512791.46569,,,,,37381320.997624464,,,,3.223877280135403,,,,tp
willyA,,,1775235900000.0,2026-04-03,CUSDT,,-3.052717948326948,False,,,20693455.22205,20693455.22205,,,,,36892705.04958674,,,,0.5609091335058338,,,,stop
willyA,,,1789875000000.0,2026-09-20,CUSDT,,1.0,False,,,20266826.61977,20266826.61977,,,,,35528101.95146339,,,,0.570444957838093,,,,tp
willyA,,,1789412400000.0,2026-09-14,CVCUSDT,,-1.83952833859226,False,,,198489227.13498,198489227.13498,188672896.77962646,31411844.136680618,,,32480688.88056907,,,,6.1109919147596115,6.318929454485538,6.00642534576017,19.0,time
willyA,,,1790233500000.0,2026-09-24,CVCUSDT,,1.0,True,,,20023763.97664,20023763.97664,3912438.6545061897,27622225.214554798,,,30687338.075627107,,,,0.6525089901018014,0.7249149487814982,0.14164096571208296,7.083333333333333,tp
willyA,,,1770078900000.0,2026-02-03,CYBERUSDT,,1.0,False,,,20593524.689110003,20593524.689110003,,,,,54593618.38878316,,,,0.3772148704717686,,,,tp
willyA,,,1770392400000.0,2026-02-06,CYBERUSDT,,1.0,False,,,20175220.498829998,20175220.498829998,,,,,46872443.017970525,,,,0.4304281833804775,,,,tp
willyA,,,1771375200000.0,2026-02-18,CYBERUSDT,,1.0,True,,,22589494.39031,22589494.39031,,,,,52061446.849414736,,,,0.4339006262282537,,,,tp
willyA,,,1771719000000.0,2026-02-22,CYBERUSDT,,1.0,True,,,21163116.2083,21163116.2083,,,,,47869729.03962946,,,,0.44209809900490327,,,,tp
willyA,,,1777440000000.0,2026-04-29,DAMUSDT,,-3.067489094105484,False,,,192156137.14927003,192156137.14927003,,,,,,,,,,,,,stop
willyA,,,1768296600000.0,2026-01-13,DASHUSDT,,1.0,False,,,168912832.0862,168912832.0862,,,,,651811947.2753923,,,,0.25914350418439613,,,,tp
willyA,,,1768575900000.0,2026-01-16,DASHUSDT,,1.0,True,,,1187671729.04582,1187671729.04582,,,,,1148718763.6593788,,,,1.0339099234893248,,,,tp
willyA,,,1768751400000.0,2026-01-18,DASHUSDT,,1.0,True,,,651928406.19433,651928406.19433,,,,,1153998157.147781,,,,0.5649301969473112,,,,tp
willyA,,,1768900800000.0,2026-01-20,DASHUSDT,,1.0,True,,,449539006.28067,449539006.28067,,,,,952737376.1143081,,,,0.4718393731062514,,,,tp
willyA,,,1775837700000.0,2026-04-10,DASHUSDT,,-3.0613427260655897,False,,,276715124.07095003,276715124.07095003,,,,,584725020.2642348,,,,0.47323975284297504,,,,stop
willyA,,,1777861200000.0,2026-05-04,DASHUSDT,,1.0,False,,,101334131.97818,101334131.97818,,,,,565667697.4280518,,,,0.17914074365377539,,,,tp
willyA,,,1778054700000.0,2026-05-06,DASHUSDT,,1.0,False,,,188766371.68441,188766371.68441,,,,,706279836.1923206,,,,0.2672685273051017,,,,tp
willyA,,,1779334800000.0,2026-05-21,DASHUSDT,,-3.068464783625928,False,,,180530276.38262,180530276.38262,,,,,692244375.4548615,,,,0.26078980600455837,,,,stop
willyA,,,1787364300000.0,2026-08-22,DASHUSDT,,1.0,False,,,81582687.12619,81582687.12619,,,,,534763930.6666742,,,,0.152558320499446,,,,tp
willyA,,,1788555600000.0,2026-09-04,DASHUSDT,,1.0,False,,,262854117.36175,262854117.36175,,,,,741819167.967905,,,,0.3543371871635466,,,,tp
willyA,,,1768003500000.0,2026-01-10,DEEPUSDT,,-1.9949459364868296,False,,,106054791.74791,106054791.74791,,,,,311142921.36004376,,,,0.34085555051142263,,,,time
willyA,,,1768111200000.0,2026-01-11,DEEPUSDT,,1.0,False,,,20075773.00998,20075773.00998,,,,,324217638.1008974,,,,0.06192066886790523,,,,tp
willyA,,,1770971700000.0,2026-02-13,DEEPUSDT,,1.0,False,,,24729296.77394,24729296.77394,,,,,167262142.09019956,,,,0.14784754317330348,,,,tp
willyA,,,1778292300000.0,2026-05-09,DEEPUSDT,,1.0,False,,,20125368.43582,20125368.43582,,,,,230986662.4217474,,,,0.0871278377063783,,,,tp
willyA,,,1778434800000.0,2026-05-10,DEEPUSDT,,1.0,False,,,20671327.938249998,20671327.938249998,,,,,248007352.23303887,,,,0.08334965779089601,,,,tp
willyA,,,1772883900000.0,2026-03-07,DEGOUSDT,,1.0,False,,,20459390.87545,20459390.87545,,,,,,,,,,,,,tp
willyA,,,1773666600000.0,2026-03-16,DEGOUSDT,,-3.0585929186965273,False,,,31847352.54709,31847352.54709,,,,,,,,,,,,,stop
willyA,,,1773830100000.0,2026-03-18,DEGOUSDT,,1.0,False,,,120075751.40082002,120075751.40082002,,,,,,,,,,,,,tp
willyA,,,1774012800000.0,2026-03-20,DEGOUSDT,,1.0,True,,,127245152.24899,127245152.24899,,,,,,,,,,,,,tp
willyA,,,1771964100000.0,2026-02-24,DENTUSDT,,-3.3824224254552155,False,,,20680806.217437,20680806.217437,,,,,,,,,,,,,stop
willyA,,,1772293500000.0,2026-02-28,DENTUSDT,,-3.1479258059823585,False,,,91295628.725955,91295628.725955,,,,,,,,,,,,,stop
willyA,,,1773039300000.0,2026-03-09,DENTUSDT,,1.0,False,,,20082142.150657,20082142.150657,,,,,,,,,,,,,tp
willyA,,,1773297000000.0,2026-03-12,DENTUSDT,,1.0,False,,,21734732.406358,21734732.406358,,,,,,,,,,,,,tp
willyA,,,1771927500000.0,2026-02-24,DEXEUSDT,,1.0,True,,,31133030.624649998,31133030.624649998,,,,,324114468.7737297,,,,0.09605566435352364,,,,tp
willyA,,,1772032200000.0,2026-02-25,DEXEUSDT,,-3.073348011408665,False,,,30004843.63295,30004843.63295,,,,,341224000.8265033,,,,0.08793298115101254,,,,stop
willyA,,,1773108000000.0,2026-03-10,DEXEUSDT,,1.0,False,,,38080113.139919996,38080113.139919996,,,,,474717016.44729674,,,,0.0802164485800514,,,,tp
willyA,,,1776954000000.0,2026-04-23,DEXEUSDT,,-3.0518688497029474,False,,,41385839.08118,41385839.08118,,,,,1426954306.0059042,,,,0.029002918248321793,,,,stop
willyA,,,1779649800000.0,2026-05-24,DEXEUSDT,,-0.4672076556876002,False,,,20001487.53318,20001487.53318,,,,,1488432624.568413,,,,0.013437952919756541,,,,time
willyA,,,1780449300000.0,2026-06-03,DEXEUSDT,,-3.0637676301687495,True,,,22817443.27511,22817443.27511,,,,,2306983570.4604325,,,,0.009890596347227582,,,,stop
willyA,,,1781340300000.0,2026-06-13,DEXEUSDT,,1.0,False,,,24621706.19542,24621706.19542,,,,,1680987358.1792896,,,,0.014647169162585644,,,,tp
willyA,,,1782173400000.0,2026-06-23,DEXEUSDT,,1.0,False,,,63603855.65562,63603855.65562,,,,,2181706996.7858863,,,,0.029153252819614124,,,,tp
willyA,,,1783868400000.0,2026-07-12,DEXEUSDT,,-0.1118279318622338,False,,,218218536.85118,218218536.85118,,,,,4571241642.80038,,,,0.04773725694306056,,,,time
willyA,,,1784620800000.0,2026-07-21,DEXEUSDT,,1.0,False,,,89650445.3791,89650445.3791,,,,,3615234456.3487883,,,,0.024797961643030643,,,,tp
willyA,,,1784896200000.0,2026-07-24,DEXEUSDT,,1.0,True,,,623206335.21217,623206335.21217,,,,,281678962.72193503,,,,2.212470285994984,,,,tp
willyA,,,1785110700000.0,2026-07-27,DEXEUSDT,,-3.052896619032634,False,,,614463743.4388299,614463743.4388299,,,,,342963953.2386498,,,,1.7916277720628508,,,,stop
willyA,,,1787935200000.0,2026-08-28,DEXEUSDT,,1.0,False,,,31427211.50923,31427211.50923,,,,,232090318.97576043,,,,0.13540940289074385,,,,tp
willyA,,,1783890900000.0,2026-07-12,DODOXUSDT,,1.0,False,,,21487355.77277,21487355.77277,,,,,,,,,,,,,tp
willyA,,,1784698200000.0,2026-07-22,DODOXUSDT,,1.0,False,,,20295747.54018,20295747.54018,,,,,,,,,,,,,tp
willyA,,,1785960600000.0,2026-08-05,DODOXUSDT,,1.0,False,,,20118604.864465997,20118604.864465997,,,,,,,,,,,,,tp
willyA,,,1786175100000.0,2026-08-08,DODOXUSDT,,1.0,False,,,21003447.653897002,21003447.653897002,,,,,,,,,,,,,tp
willyA,,,1786393800000.0,2026-08-10,DODOXUSDT,,1.0,True,,,20213975.384296004,20213975.384296004,,,,,,,,,,,,,tp
willyA,,,1773072900000.0,2026-03-09,DOGSUSDT,,1.0,False,,,20787618.680464502,20787618.680464502,,,,,19418540.403758787,,,,1.0705036654784161,,,,tp
willyA,,,1777943100000.0,2026-05-05,DOGSUSDT,,1.0,False,,,22527622.684403807,22527622.684403807,,,,,24529543.87519755,,,,0.9183873454402902,,,,tp
willyA,,,1778084400000.0,2026-05-06,DOGSUSDT,,1.0,False,,,400673002.04477495,400673002.04477495,,,,,31200576.15435401,,,,12.841846255100691,,,,tp
willyA,,,1778546100000.0,2026-05-12,DOGSUSDT,,-3.0592603559015425,True,,,54662609.67237748,54662609.67237748,,,,,39262543.209622405,,,,1.3922330344352438,,,,stop
willyA,,,1778764800000.0,2026-05-14,DOGSUSDT,,1.0,False,,,27293466.68631156,27293466.68631156,,,,,36546129.41156851,,,,0.7468223619235569,,,,tp
willyA,,,1783155600000.0,2026-07-04,DOGSUSDT,,1.0,False,,,20236810.14419844,20236810.14419844,,,,,26285939.94542517,,,,0.7698720375308653,,,,tp
willyA,,,1788196200000.0,2026-08-31,DOGSUSDT,,-3.060884085855668,False,,,20153073.22691555,20153073.22691555,,,,,25135009.601269804,,,,0.8017929392753218,,,,stop
willyA,,,1768227000000.0,2026-01-12,DOLOUSDT,,-3.060978637823257,False,,,22045515.97083,22045515.97083,,,,,38351198.08749422,,,,0.5748325233682525,,,,stop
willyA,,,1768365600000.0,2026-01-14,DOLOUSDT,,1.0,False,,,218124465.73228997,218124465.73228997,,,,,41483019.69591733,,,,5.258162673093861,,,,tp
willyA,,,1768640700000.0,2026-01-17,DOLOUSDT,,-1.25907914844529,True,,,42909553.987289995,42909553.987289995,,,,,44553566.53374085,,,,0.9631003155447538,,,,time
willyA,,,1786887000000.0,2026-08-16,DOLOUSDT,,1.0,False,,,20063862.90749,20063862.90749,,,,,17204593.922793876,,,,1.166192180851648,,,,tp
willyA,,,1788882600000.0,2026-09-08,DOTUSDT,,-0.3508932394935258,False,,,215439980.26703,215439980.26703,,,,,2032650122.2258432,,,,0.10598970177470264,,,,time
willyA,,,1775242500000.0,2026-04-03,DRIFTUSDT,,-3.0518417960499407,True,,,47845545.8079,47845545.8079,,,,,,,,,,,,,stop
willyA,,,1775334000000.0,2026-04-04,DRIFTUSDT,,1.0,False,,,37744296.309310004,37744296.309310004,,,,,,,,,,,,,tp
willyA,,,1775522400000.0,2026-04-07,DRIFTUSDT,,1.0,True,,,32887259.97748,32887259.97748,,,,,,,,,,,,,tp
willyA,,,1775617800000.0,2026-04-08,DRIFTUSDT,,-3.0502357439346968,False,,,54596949.24572001,54596949.24572001,,,,,,,,,,,,,stop
willyA,,,1775941500000.0,2026-04-11,DRIFTUSDT,,1.0,False,,,20069759.60598,20069759.60598,,,,,,,,,,,,,tp
willyA,,,1779712800000.0,2026-05-25,DRIFTUSDT,,1.0,False,,,20232921.52846,20232921.52846,,,,,,,,,,,,,tp
willyA,,,1782079200000.0,2026-06-21,DRIFTUSDT,,1.0,False,,,20066928.42577,20066928.42577,,,,,,,,,,,,,tp
willyA,,,1789693800000.0,2026-09-18,DRIFTUSDT,,1.0,False,,,20440311.637409996,20440311.637409996,,,,,,,,,,,,,tp
willyA,,,1790103900000.0,2026-09-22,DRIFTUSDT,,-3.056376133325382,False,,,20815169.884430002,20815169.884430002,,,,,,,,,,,,,stop
willyA,,,1774850700000.0,2026-03-30,DUSDT,,1.0,False,,,20083121.519047998,20083121.519047998,,,,,,,,,,,,,tp
willyA,,,1775055000000.0,2026-04-01,DUSDT,,1.0,False,,,24725314.409810003,24725314.409810003,,,,,,,,,,,,,tp
willyA,,,1775585100000.0,2026-04-07,DUSDT,,-1.5238747121930452,False,,,46602364.000486,46602364.000486,,,,,,,,,,,,,time
willyA,,,1776260100000.0,2026-04-15,DUSDT,,1.0,False,,,38751506.899361,38751506.899361,,,,,,,,,,,,,tp
willyA,,,1777041300000.0,2026-04-24,DUSDT,,1.0,False,,,20119058.386792,20119058.386792,,,,,,,,,,,,,tp
willyA,,,1777191300000.0,2026-04-26,DUSDT,,-3.0732115781173337,False,,,67995860.65164301,67995860.65164301,,,,,,,,,,,,,stop
willyA,,,1778134200000.0,2026-05-07,DUSDT,,1.0,False,,,23215187.205485,23215187.205485,,,,,,,,,,,,,tp
willyA,,,1768565100000.0,2026-01-16,DUSKUSDT,,1.0,True,,,20997215.05218,20997215.05218,,,,,39860550.222691,,,,0.5267668141777715,,,,tp
willyA,,,1769087700000.0,2026-01-22,DUSKUSDT,,1.0,False,,,231537344.49776,231537344.49776,,,,,96407378.57633995,,,,2.4016558474766296,,,,tp
willyA,,,1769303100000.0,2026-01-25,DUSKUSDT,,1.0,True,,,104367869.52868,104367869.52868,,,,,75975712.89615557,,,,1.3737004307064697,,,,tp
willyA,,,1770562200000.0,2026-02-08,DUSKUSDT,,1.0,False,,,132679204.29376,132679204.29376,,,,,60367424.48820121,,,,2.1978609393828306,,,,tp
willyA,,,1778172600000.0,2026-05-07,DYDXUSDT,,1.0,False,,,34373861.3245396,34373861.3245396,,,,,148821756.770664,,,,0.230973360820556,,,,tp
willyA,,,1782877800000.0,2026-07-01,DYDXUSDT,,1.0,False,,,34289918.0982,34289918.0982,,,,,171352540.6642307,,,,0.20011327503682536,,,,tp
willyA,,,1775742600000.0,2026-04-09,DYMUSDT,,1.0,True,,,20018724.239167,20018724.239167,,,,,20870056.228606842,,,,0.9592079685787857,,,,tp
willyA,,,1777084200000.0,2026-04-25,DYMUSDT,,1.0,False,,,20148866.520911,20148866.520911,,,,,21655326.072230257,,,,0.930434686307907,,,,tp
willyA,,,1778301000000.0,2026-05-09,DYMUSDT,,1.0,False,,,21341262.538925,21341262.538925,,,,,26457553.192850355,,,,0.8066226828825602,,,,tp
willyA,,,1778600400000.0,2026-05-12,DYMUSDT,,1.0,True,,,53267856.038912,53267856.038912,,,,,29155659.83504362,,,,1.8270159667210393,,,,tp
willyA,,,1782072600000.0,2026-06-21,DYMUSDT,,-3.0576067716677353,False,,,20021193.656226,20021193.656226,,,,,19581408.280096628,,,,1.0224593333553231,,,,stop
willyA,,,1779020700000.0,2026-05-17,EDENUSDT,,1.0,False,,,20757168.35606,20757168.35606,,,,,30699455.855711676,,,,0.6761412467250001,,,,tp
willyA,,,1779165900000.0,2026-05-19,EDENUSDT,,1.0,True,,,184863963.15965998,184863963.15965998,,,,,37010423.41534349,,,,4.994916191178199,,,,tp
willyA,,,1779767400000.0,2026-05-26,EDENUSDT,,-3.053139200759429,False,,,78828480.1783,78828480.1783,,,,,49760329.06142998,,,,1.584163160998893,,,,stop
willyA,,,1780116000000.0,2026-05-30,EDENUSDT,,1.0,True,,,25978667.11972,25978667.11972,,,,,37030629.287999734,,,,0.7015453860552873,,,,tp
willyA,,,1780828500000.0,2026-06-07,EDENUSDT,,1.0,False,,,72329710.47321,72329710.47321,,,,,38788540.20909248,,,,1.8647185504613315,,,,tp
willyA,,,1786648200000.0,2026-08-13,EDENUSDT,,-3.051918484202813,True,,,20237378.03075,20237378.03075,,,,,40910156.837997526,,,,0.4946785736092177,,,,stop
willyA,,,1786986300000.0,2026-08-17,EDENUSDT,,1.0,False,,,20212656.427050002,20212656.427050002,,,,,34383659.97003249,,,,0.5878564540443512,,,,tp
willyA,,,1787150400000.0,2026-08-19,EDENUSDT,,-3.0628250957350485,False,,,32052943.57637,32052943.57637,,,,,41280597.836695224,,,,0.7764651011879833,,,,stop
willyA,,,1787727900000.0,2026-08-26,EDENUSDT,,1.0,True,,,20148105.636510003,20148105.636510003,,,,,37859070.06690551,,,,0.5321870188809117,,,,tp
willyA,,,1787909100000.0,2026-08-28,EDENUSDT,,-3.051003899475639,False,,,29731795.81726,29731795.81726,,,,,50130770.06012768,,,,0.593084761746113,,,,stop
willyA,,,1783386000000.0,2026-07-07,EDGEUSDT,,-3.0799029195090517,False,,,29954381.756500002,29954381.756500002,,,,,,,,,,,,,stop
willyA,,,1788409500000.0,2026-09-03,EDGEUSDT,,1.0,False,,,20012076.709400002,20012076.709400002,,,,,,,,,,,,,tp
willyA,,,1776708900000.0,2026-04-20,EDUUSDT,,1.0,False,,,21685722.79039,21685722.79039,,,,,50001922.87656501,,,,0.43369777686197153,,,,tp
willyA,,,1768003500000.0,2026-01-10,EGLDUSDT,,-3.062006015469558,False,,,23473141.801900003,23473141.801900003,,,,,211067605.5287486,,,,0.1112114847898951,,,,stop
willyA,,,1768695000000.0,2026-01-18,EGLDUSDT,,-3.0604573093091987,True,,,23232050.932899997,23232050.932899997,,,,,224045872.5353707,,,,0.10369327794348138,,,,stop
willyA,,,1789031700000.0,2026-09-10,EGLDUSDT,,-3.0589359663978506,True,,,26266895.754699998,26266895.754699998,,,,,176107010.6735896,,,,0.14915303856576784,,,,stop
willyA,,,1780420500000.0,2026-06-02,ENAUSDT,,1.0,True,,,182670189.68292,182670189.68292,,,,,1262746492.1348054,,,,0.14466101535083015,,,,tp
willyA,,,1787302500000.0,2026-08-21,ENAUSDT,,1.0,False,,,545028524.7267799,545028524.7267799,,,,,1916723879.7006373,,,,0.28435422050040143,,,,tp
willyA,,,1787475900000.0,2026-08-23,ENAUSDT,,1.0,False,,,612115963.39295,612115963.39295,,,,,2239084425.817703,,,,0.27337779510900234,,,,tp
willyA,,,1787839500000.0,2026-08-27,ENAUSDT,,1.0,False,,,405205004.87244004,405205004.87244004,,,,,2139143266.0768733,,,,0.18942396766887626,,,,tp
willyA,,,1773808200000.0,2026-03-18,ENJUSDT,,1.0,False,,,20073997.666950002,20073997.666950002,,,,,43792363.94327463,,,,0.4583903644240892,,,,tp
willyA,,,1775662500000.0,2026-04-08,ENJUSDT,,1.0,False,,,21027848.49141,21027848.49141,,,,,46143087.78289511,,,,0.4557096089959732,,,,tp
willyA,,,1775924100000.0,2026-04-11,ENJUSDT,,-3.0807624377431604,False,,,39703478.92891,39703478.92891,,,,,64077489.490344465,,,,0.6196166429849399,,,,stop
willyA,,,1776579600000.0,2026-04-19,ENJUSDT,,1.0,True,,,100662818.23914999,100662818.23914999,,,,,133991258.85836737,,,,0.7512640682445823,,,,tp
willyA,,,1779202500000.0,2026-05-19,ENJUSDT,,1.0,True,,,38992367.13674,38992367.13674,,,,,97656363.64768183,,,,0.3992813748156145,,,,tp
willyA,,,1781274000000.0,2026-06-12,ENJUSDT,,1.0,False,,,20679179.270340003,20679179.270340003,,,,,67583310.3890888,,,,0.3059805616399433,,,,tp
willyA,,,1790943000000.0,2026-10-02,ENJUSDT,,1.0,False,,,24822590.28097,24822590.28097,,,,,76722762.55864774,,,,0.3235361899539962,,,,tp
willyA,,,1769127900000.0,2026-01-23,ENSOUSDT,,1.0,False,,,22340693.07887,22340693.07887,,,,,19633115.247274622,,,,1.1379087219472839,,,,tp
willyA,,,1769462100000.0,2026-01-26,ENSOUSDT,,-3.051681688346912,True,,,401157495.17002,401157495.17002,,,,,42414742.426238365,,,,9.457973153265177,,,,stop
willyA,,,1769732700000.0,2026-01-30,ENSOUSDT,,1.0,False,,,66081356.34201,66081356.34201,,,,,35931468.56126724,,,,1.839094225423427,,,,tp
willyA,,,1769942700000.0,2026-02-01,ENSOUSDT,,-3.052139679294556,False,,,272272915.58476996,272272915.58476996,,,,,36747420.94919795,,,,7.409306790840586,,,,stop
willyA,,,1770138000000.0,2026-02-03,ENSOUSDT,,1.0,False,,,51695848.827989995,51695848.827989995,,,,,37714147.147941925,,,,1.37072830058179,,,,tp
willyA,,,1770251700000.0,2026-02-05,ENSOUSDT,,1.0,True,,,123009827.25886999,123009827.25886999,,,,,38062996.35727462,,,,3.2317431371994516,,,,tp
willyA,,,1770423900000.0,2026-02-07,ENSOUSDT,,1.0,False,,,122734921.33484,122734921.33484,,,,,46597976.58899903,,,,2.6339109617866017,,,,tp
willyA,,,1770487200000.0,2026-02-07,ENSOUSDT,,1.0,False,,,94834450.46178,94834450.46178,,,,,39972797.96090952,,,,2.3724746652591384,,,,tp
willyA,,,1771558500000.0,2026-02-20,ENSOUSDT,,1.0,False,,,369460537.96525997,369460537.96525997,,,,,57060496.519748144,,,,6.474891746471096,,,,tp
willyA,,,1777130700000.0,2026-04-25,ENSOUSDT,,1.0,False,,,20674686.633220002,20674686.633220002,,,,,24780119.25954764,,,,0.8343255501183338,,,,tp
willyA,,,1777594800000.0,2026-05-01,ENSOUSDT,,1.0,False,,,80360140.00570999,80360140.00570999,,,,,31955178.84472088,,,,2.514776725118714,,,,tp
willyA,,,1781247300000.0,2026-06-12,ENSOUSDT,,1.0,False,,,20224632.68033,20224632.68033,,,,,18361885.07767244,,,,1.1014464252868357,,,,tp
willyA,,,1786814700000.0,2026-08-15,ENSOUSDT,,1.0,False,,,20084409.37352,20084409.37352,,,,,25947877.20604267,,,,0.7740289972099452,,,,tp
willyA,,,1789908900000.0,2026-09-20,ENSOUSDT,,-3.053791194423798,False,,,20105603.834299996,20105603.834299996,,,,,30104504.225718636,,,,0.6678603202880032,,,,stop
willyA,,,1771029900000.0,2026-02-14,ENSUSDT,,1.0,False,,,28039731.242799997,28039731.242799997,,,,,709442387.1461362,,,,0.03952361988912874,,,,tp
willyA,,,1787358600000.0,2026-08-22,ENSUSDT,,1.0,False,,,37294041.1458,37294041.1458,,,,,624877735.2716143,,,,0.05968214106650716,,,,tp
willyA,,,1780116600000.0,2026-05-30,EPICUSDT,,1.0,True,,,20095697.92087,20095697.92087,,,,,8160405.219978746,,,,2.462585788224171,,,,tp
willyA,,,1780315200000.0,2026-06-01,EPICUSDT,,1.0,True,,,20080604.699520003,20080604.699520003,,,,,10606505.215727951,,,,1.8932347923369988,,,,tp
willyA,,,1780690200000.0,2026-06-05,EPICUSDT,,-3.051451535070297,True,,,85267131.4835,85267131.4835,,,,,20872712.773645062,,,,4.085100600395488,,,,stop
willyA,,,1780839600000.0,2026-06-07,EPICUSDT,,1.0,True,,,30700894.2368,30700894.2368,,,,,20289826.68650372,,,,1.5131176185561732,,,,tp
willyA,,,1780934400000.0,2026-06-08,EPICUSDT,,1.0,False,,,69606306.85385999,69606306.85385999,,,,,15670538.678002127,,,,4.441857952947809,,,,tp
willyA,,,1781023200000.0,2026-06-09,EPICUSDT,,-3.052939843471318,True,,,28022248.658479996,28022248.658479996,,,,,17200193.49628055,,,,1.6291821754528317,,,,stop
willyA,,,1781241900000.0,2026-06-12,EPICUSDT,,1.0,False,,,45902827.018759996,45902827.018759996,,,,,20225810.295430392,,,,2.2695173319770925,,,,tp
willyA,,,1781329800000.0,2026-06-13,EPICUSDT,,1.0,True,,,27893851.069480002,27893851.069480002,,,,,19319472.96918172,,,,1.4438204972763007,,,,tp
willyA,,,1783407900000.0,2026-07-07,EPICUSDT,,-3.0678610708707517,False,,,104890890.21827,104890890.21827,,,,,16752078.75876727,,,,6.261365632809894,,,,stop
willyA,,,1785069300000.0,2026-07-26,EPICUSDT,,-3.0624077037342974,False,,,48376741.0936,48376741.0936,,,,,24824882.60148778,,,,1.9487198336519314,,,,stop
willyA,,,1785395400000.0,2026-07-30,EPICUSDT,,1.0,False,,,22240952.237760004,22240952.237760004,,,,,31627466.473963868,,,,0.7032163722651967,,,,tp
willyA,,,1785596700000.0,2026-08-01,EPICUSDT,,1.0,False,,,43146547.202300005,43146547.202300005,,,,,30633527.770456962,,,,1.4084746466553102,,,,tp
willyA,,,1786108200000.0,2026-08-07,EPICUSDT,,-3.05868632503085,False,,,82405702.48325,82405702.48325,,,,,37388941.67056323,,,,2.2040127053965004,,,,stop
willyA,,,1790073600000.0,2026-09-22,EPICUSDT,,1.0,False,,,20934124.6122,20934124.6122,,,,,21061392.663124338,,,,0.9939572822671329,,,,tp
willyA,,,1769759700000.0,2026-01-30,EPTUSDT,,-3.1045857579378207,True,,,20054895.191759,20054895.191759,,,,,,,,,,,,,stop
willyA,,,1769327700000.0,2026-01-25,ERAUSDT,,1.0,True,,,20298641.5061,20298641.5061,25537254.81282339,44556437.500049375,,,108074199.31042717,,,,0.18782134529440417,0.45557146497804063,0.5731439999617359,7.916666666666667,tp
willyA,,,1779693600000.0,2026-05-25,ERAUSDT,,1.0,False,,,20277159.2598,20277159.2598,3336782.654817045,22186351.37479399,,,69186290.50359097,,,,0.293080596057503,0.9139474498198458,0.15039799011783336,7.333333333333333,tp
willyA,,,1784597700000.0,2026-07-21,ERAUSDT,,1.0,False,,,21093233.250979997,21093233.250979997,5124030.85303688,11057786.853493568,,,35849523.84401635,,,,0.5883825219759696,1.907545653614752,0.46338665421263814,1.5833333333333333,tp
willyA,,,1784950800000.0,2026-07-25,ERAUSDT,,1.0,True,,,33464350.494220003,33464350.494220003,17658465.795536444,16661048.903517928,,,37896480.80209048,,,,0.8830463881061487,2.008538039111938,1.0598651920292914,3.6666666666666665,tp
willyA,,,1785494700000.0,2026-07-31,ERAUSDT,,1.0,False,,,20316882.780879997,20316882.780879997,6292134.499356209,11252067.296893569,,,31460745.5643877,,,,0.6457851654945486,1.805613337069981,0.5591980863012896,10.75,tp
willyA,,,1790259600000.0,2026-09-24,ETCUSDT,,1.0,False,,,142338466.57643,142338466.57643,,,,,1608790772.1396358,,,,0.0884754369812333,,,,tp
willyA,,,1773888900000.0,2026-03-19,ETHFIUSDT,,1.0,False,,,25972620.59883,25972620.59883,,,,,583422089.1743484,,,,0.044517718956418206,,,,tp
willyA,,,1789053900000.0,2026-09-10,ETHFIUSDT,,1.0,True,,,86812614.60744,86812614.60744,,,,,686298164.4044528,,,,0.12649402127247877,,,,tp
willyA,,,1771029000000.0,2026-02-14,EULUSDT,,1.0,False,,,20189279.586400002,20189279.586400002,,,,,28498985.02937621,,,,0.7084210039616947,,,,tp
willyA,,,1771140600000.0,2026-02-15,EULUSDT,,1.0,False,,,31564889.9301,31564889.9301,,,,,33159533.333052393,,,,0.9519099564238167,,,,tp
willyA,,,1771657500000.0,2026-02-21,EULUSDT,,1.0,False,,,23818592.495699998,23818592.495699998,,,,,29865007.80803992,,,,0.7975418137773875,,,,tp
willyA,,,1784958300000.0,2026-07-25,EULUSDT,,-3.0521397662461243,False,,,20137550.58231,20137550.58231,,,,,33566661.69061492,,,,0.5999271172069031,,,,stop
willyA,,,1785217500000.0,2026-07-28,EULUSDT,,-3.052824803635494,False,,,157079633.09206998,157079633.09206998,,,,,42033324.44229331,,,,3.737026161414413,,,,stop
willyA,,,1785591600000.0,2026-08-01,EULUSDT,,1.0,False,,,30366154.5979,30366154.5979,,,,,41334242.19674188,,,,0.7346488766713999,,,,tp
willyA,,,1778133300000.0,2026-05-07,EVAAUSDT,,1.0,False,,,21343983.654459998,21343983.654459998,,,,,22965847.774615116,,,,0.9293793054768996,,,,tp
willyA,,,1781453700000.0,2026-06-14,EVAAUSDT,,1.0,False,,,20737807.646179996,20737807.646179996,,,,,15839655.988539435,,,,1.3092334619630976,,,,tp
willyA,,,1781674500000.0,2026-06-17,EVAAUSDT,,1.0,False,,,172969099.79272997,172969099.79272997,,,,,20568405.062362272,,,,8.40945611817237,,,,tp
willyA,,,1781761500000.0,2026-06-18,EVAAUSDT,,1.0,True,,,60373367.50081,60373367.50081,,,,,19617695.021296497,,,,3.0774954669888652,,,,tp
willyA,,,1781957100000.0,2026-06-20,EVAAUSDT,,1.0,False,,,24921271.53256,24921271.53256,,,,,22511160.36367061,,,,1.107062946998455,,,,tp
willyA,,,1782297300000.0,2026-06-24,EVAAUSDT,,-3.059122697845888,True,,,20077397.149779998,20077397.149779998,,,,,24991273.514276993,,,,0.8033763120678984,,,,stop
willyA,,,1782392700000.0,2026-06-25,EVAAUSDT,,-3.052062131881332,True,,,25535232.57808,25535232.57808,,,,,25751841.547129616,,,,0.9915886027547509,,,,stop
willyA,,,1782792300000.0,2026-06-30,EVAAUSDT,,-3.0576890912516848,False,,,20201998.27758,20201998.27758,,,,,26393915.28500882,,,,0.7654036189566125,,,,stop
willyA,,,1783416300000.0,2026-07-07,EVAAUSDT,,1.0,False,,,30417159.592669997,30417159.592669997,,,,,35407748.7468238,,,,0.8590537571355344,,,,tp
willyA,,,1783610700000.0,2026-07-09,EVAAUSDT,,1.0,False,,,460219286.66537,460219286.66537,,,,,49478257.35459736,,,,9.301444943121222,,,,tp
willyA,,,1783703700000.0,2026-07-10,EVAAUSDT,,1.0,False,,,404943458.92791,404943458.92791,,,,,58751124.856586784,,,,6.89252265239838,,,,tp
willyA,,,1783926300000.0,2026-07-13,EVAAUSDT,,-3.055145835428345,True,,,510639749.51904005,510639749.51904005,,,,,26843091.333396427,,,,19.0231349726749,,,,stop
willyA,,,1784117700000.0,2026-07-15,EVAAUSDT,,1.0,False,,,395735440.95937,395735440.95937,,,,,33511840.027249146,,,,11.808824601621088,,,,tp
willyA,,,1789876200000.0,2026-09-20,EVAAUSDT,,1.0,False,,,29798668.200829998,29798668.200829998,,,,,18953575.833189674,,,,1.5721924170450963,,,,tp
willyA,,,1775068500000.0,2026-04-01,FARTCOINUSDT,,1.0,False,,,94473817.08682999,94473817.08682999,,,,,165009881.71378982,,,,0.5725342997984517,,,,tp
willyA,,,1775687700000.0,2026-04-08,FARTCOINUSDT,,1.0,False,,,181652591.74622,181652591.74622,,,,,245561153.66150504,,,,0.7397448213515884,,,,tp
willyA,,,1773678300000.0,2026-03-16,FETUSDT,,1.0,False,,,121879539.82819998,121879539.82819998,,,,,652607048.6678703,,,,0.18675792741893574,,,,tp
willyA,,,1775845500000.0,2026-04-10,FFUSDT,,1.0,False,,,30843052.98194,30843052.98194,,,,,356727808.9652818,,,,0.08646102772700229,,,,tp
willyA,,,1778667900000.0,2026-05-13,FFUSDT,,-3.0589266596004845,False,,,45021683.34237,45021683.34237,,,,,294199861.2472131,,,,0.15303094689272728,,,,stop
willyA,,,1778835000000.0,2026-05-15,FFUSDT,,1.0,False,,,37738719.15332,37738719.15332,,,,,292121184.16489667,,,,0.12918857378045281,,,,tp
willyA,,,1779887700000.0,2026-05-27,FFUSDT,,1.0,True,,,45335287.18483,45335287.18483,,,,,355822578.6229827,,,,0.12740981013705066,,,,tp
willyA,,,1787462700000.0,2026-08-23,FFUSDT,,0.0715142848375439,True,,,20011638.962360002,20011638.962360002,,,,,285214611.9236516,,,,0.07016344228435557,,,,time
willyA,,,1787735400000.0,2026-08-26,FFUSDT,,1.0,True,,,38698232.96403,38698232.96403,,,,,336779214.3849864,,,,0.11490683305589171,,,,tp
willyA,,,1788273000000.0,2026-09-01,FFUSDT,,1.0,False,,,20543208.878310002,20543208.878310002,,,,,340299554.6050386,,,,0.06036801576820469,,,,tp
willyA,,,1788428700000.0,2026-09-03,FFUSDT,,1.0,False,,,55949340.95024,55949340.95024,,,,,352536927.750934,,,,0.1587049087514826,,,,tp
willyA,,,1788600600000.0,2026-09-05,FFUSDT,,1.0,False,,,27794482.91665,27794482.91665,,,,,387639748.80231094,,,,0.0717018391496912,,,,tp
willyA,,,1788865500000.0,2026-09-08,FFUSDT,,-3.056096128445311,False,,,21849952.72227,21849952.72227,,,,,452380481.8015552,,,,0.048299945734296454,,,,stop
willyA,,,1789075800000.0,2026-09-10,FFUSDT,,1.0,False,,,41784228.65707,41784228.65707,,,,,569121668.9084266,,,,0.0734187976662565,,,,tp
willyA,,,1789447200000.0,2026-09-15,FFUSDT,,1.0,False,,,30405248.408490002,30405248.408490002,,,,,504246827.7103232,,,,0.06029834346515122,,,,tp
willyA,,,1789941600000.0,2026-09-20,FFUSDT,,1.0,False,,,35547730.076340005,35547730.076340005,,,,,609588817.9141686,,,,0.058314275183022145,,,,tp
willyA,,,1768417200000.0,2026-01-14,FHEUSDT,,1.0,False,,,20092058.57204,20092058.57204,,,,,34231474.73400954,,,,0.586946917366613,,,,tp
willyA,,,1768638600000.0,2026-01-17,FHEUSDT,,1.0,True,,,155946072.14027,155946072.14027,,,,,60184062.3374351,,,,2.5911523098245555,,,,tp
willyA,,,1768923300000.0,2026-01-20,FHEUSDT,,-3.0514035082328457,True,,,246017301.37172,246017301.37172,,,,,137609476.77250835,,,,1.7877933056778352,,,,stop
willyA,,,1772919900000.0,2026-03-07,FHEUSDT,,-3.0804505958322776,True,,,64926207.40816001,64926207.40816001,,,,,13998739.283612706,,,,4.638003901120178,,,,stop
willyA,,,1777781700000.0,2026-05-03,FHEUSDT,,1.0,False,,,20045826.56024,20045826.56024,,,,,12923710.891215071,,,,1.5510890586283703,,,,tp
willyA,,,1777995900000.0,2026-05-05,FHEUSDT,,1.0,False,,,30400647.84154,30400647.84154,,,,,18439073.947863813,,,,1.64870795179288,,,,tp
willyA,,,1778218500000.0,2026-05-08,FHEUSDT,,-3.062066693614733,True,,,63432725.01466,63432725.01466,,,,,22768400.245508645,,,,2.785998327975322,,,,stop
willyA,,,1778435400000.0,2026-05-10,FHEUSDT,,1.0,False,,,20430819.87977,20430819.87977,,,,,25134631.217905622,,,,0.8128553668698875,,,,tp
willyA,,,1769832300000.0,2026-01-31,FIDAUSDT,,1.0,False,,,20022499.25503,20022499.25503,24978899.966715585,29292049.731687255,,,26185920.274522636,,,,0.7646284356296126,0.6835472231692363,0.8527535695016305,4.083333333333333,tp
willyA,,,1775143800000.0,2026-04-02,FIDAUSDT,,-3.073288098006603,False,,,24950489.654430002,24950489.654430002,22076356.742260214,15181062.232014226,,,18968070.34753832,,,,1.3153941965250084,1.6435272626584554,1.4542036917354182,15.5,stop
willyA,,,1775284200000.0,2026-04-04,FIDAUSDT,,1.0,False,,,55002186.85084,55002186.85084,54945194.74985961,18388272.388048876,,,21453885.882557813,,,,2.563740067973291,2.9911557589601334,2.988056386720171,6.5,tp
willyA,,,1779041700000.0,2026-05-17,FIDAUSDT,,1.0,True,,,21345923.59874,21345923.59874,1832494.0952415054,16135661.520164749,,,19926457.05983499,,,,1.0712352695033869,1.3229035309190134,0.11356795585674849,18.25,tp
willyA,,,1779243600000.0,2026-05-20,FIDAUSDT,,-3.089550280301227,True,,,53702476.38745999,53702476.38745999,24662143.744538043,21392812.491430175,,,22891465.95100282,,,,2.3459605646228794,2.5103046366144173,1.152823816616798,2.3333333333333335,stop
willyA,,,1779568800000.0,2026-05-23,FIDAUSDT,,1.0,False,,,112998276.0966,112998276.0966,93705356.32049245,33692590.27363279,,,35320543.6261003,,,,3.199222449484026,3.3538019837266835,2.781185879728118,20.666666666666668,tp
willyA,,,1780771200000.0,2026-06-06,FIDAUSDT,,1.0,True,,,20057573.1604,20057573.1604,7085917.253959417,18306203.691873606,,,21543734.636835624,,,,0.9310165344362079,1.0956708172816765,0.38707737405461956,18.666666666666668,tp
willyA,,,1785929100000.0,2026-08-05,FIDAUSDT,,1.0,False,,,20352581.699710004,20352581.699710004,2024101.6949074124,16744590.994542187,,,22042894.382823475,,,,0.9233171173550323,1.2154720116092308,0.120880927791378,11.416666666666666,tp
willyA,,,1772412000000.0,2026-03-02,FIOUSDT,,1.0,False,,,170901775.11276,170901775.11276,,,,,,,,,,,,,tp
willyA,,,1778138100000.0,2026-05-07,FLOCKUSDT,,1.0,False,,,20024406.64827,20024406.64827,,,,,34719707.24834137,,,,0.576744685807413,,,,tp
willyA,,,1788141900000.0,2026-08-31,FLOCKUSDT,,1.0,True,,,20485458.28172,20485458.28172,,,,,20584864.088242557,,,,0.9951709272358357,,,,tp
willyA,,,1788335700000.0,2026-09-02,FLOCKUSDT,,1.0,False,,,21292270.18519,21292270.18519,,,,,19810086.799576644,,,,1.074819631060124,,,,tp
willyA,,,1788429300000.0,2026-09-03,FLOCKUSDT,,-3.0747323384563248,True,,,22308569.5462,22308569.5462,,,,,19107944.881723158,,,,1.1675022973055702,,,,stop
willyA,,,1788633300000.0,2026-09-05,FLOCKUSDT,,-3.064955924640826,False,,,131192761.13081,131192761.13081,,,,,27829031.737268876,,,,4.714240954172888,,,,stop
willyA,,,1789319100000.0,2026-09-13,FLOCKUSDT,,-3.055896756920677,False,,,193479491.61355,193479491.61355,,,,,37949560.070467405,,,,5.098332925448509,,,,stop
willyA,,,1790086800000.0,2026-09-22,FLOCKUSDT,,-3.05839986648027,False,,,42346901.5506,42346901.5506,,,,,46874025.96428792,,,,0.9034193389503812,,,,stop
willyA,,,1790234100000.0,2026-09-24,FLOCKUSDT,,-3.0610119258238906,True,,,42327800.53067,42327800.53067,,,,,38545170.11112933,,,,1.0981350039093094,,,,stop
willyA,,,1770394500000.0,2026-02-06,FLOWUSDT,,1.0,False,,,35679771.525803804,35679771.525803804,,,,,79299985.36451888,,,,0.44993415019932614,,,,tp
willyA,,,1772794800000.0,2026-03-06,FLOWUSDT,,-3.07045840655598,True,,,20638260.491978005,20638260.491978005,,,,,71840655.26487803,,,,0.2872782885384925,,,,stop
willyA,,,1773060600000.0,2026-03-09,FLOWUSDT,,1.0,False,,,21600087.42609,21600087.42609,,,,,82239539.13954818,,,,0.2626484492992827,,,,tp
willyA,,,1773641700000.0,2026-03-16,FLOWUSDT,,-3.059549190592274,False,,,47512925.587336995,47512925.587336995,,,,,68374360.63998799,,,,0.6948938921346137,,,,stop
willyA,,,1769300700000.0,2026-01-25,FLUIDUSDT,,1.0,True,,,20632136.6397,20632136.6397,,,,,308225628.21273375,,,,0.06693842027133427,,,,tp
willyA,,,1776894900000.0,2026-04-22,FLUIDUSDT,,-3.0958781938041953,False,,,20090186.2182,20090186.2182,,,,,166393220.56085846,,,,0.12073921131210989,,,,stop
willyA,,,1782931200000.0,2026-07-01,FLUIDUSDT,,-1.658152597896294,False,,,20016116.0929,20016116.0929,,,,,84831203.63102707,,,,0.2359522821338243,,,,time
willyA,,,1779236100000.0,2026-05-20,FOGOUSDT,,-3.0585920539752216,True,,,20433102.335570004,20433102.335570004,,,,,92795428.07013148,,,,0.22019514064989704,,,,stop
willyA,,,1779669900000.0,2026-05-25,FOGOUSDT,,-2.44540083974573,False,,,31324676.54783,31324676.54783,,,,,78773708.03916085,,,,0.3976539549497598,,,,time
willyA,,,1768057500000.0,2026-01-10,FORMUSDT,,1.0,True,,,25831865.681889996,25831865.681889996,,,,,168326423.39012864,,,,0.15346292733862535,,,,tp
willyA,,,1772384100000.0,2026-03-01,FORMUSDT,,-3.071170631789026,False,,,20129237.157390002,20129237.157390002,,,,,81812070.41900416,,,,0.2460423878077797,,,,stop
willyA,,,1772463000000.0,2026-03-02,FORMUSDT,,1.0,False,,,22929620.458229996,22929620.458229996,,,,,92401763.64613692,,,,0.24815132908113732,,,,tp
willyA,,,1788843000000.0,2026-09-08,FORMUSDT,,1.0,True,,,20780717.044830002,20780717.044830002,,,,,117060074.59018259,,,,0.1775218161920837,,,,tp
willyA,,,1790007900000.0,2026-09-21,FORMUSDT,,1.0,False,,,22666812.726150002,22666812.726150002,,,,,130287633.63923651,,,,0.1739751662764395,,,,tp
willyA,,,1776045900000.0,2026-04-13,FUNUSDT,,-3.072525257742335,False,,,20115153.772749998,20115153.772749998,,,,,,,,,,,,,stop
willyA,,,1770022800000.0,2026-02-02,FUSDT,,1.0,False,,,44463796.444007,44463796.444007,,,,,31178841.20125373,,,,1.4260888067327875,,,,tp
willyA,,,1770510000000.0,2026-02-08,FUSDT,,1.0,True,,,20241716.325651,20241716.325651,,,,,33866850.93272394,,,,0.5976852222210122,,,,tp
willyA,,,1773727500000.0,2026-03-17,FUSDT,,1.0,False,,,20205814.503569,20205814.503569,,,,,34048123.265289366,,,,0.5934487004212646,,,,tp
willyA,,,1789745400000.0,2026-09-18,FUSDT,,-3.068772296855286,False,,,20956746.70257,20956746.70257,,,,,25968556.442373123,,,,0.8070046846491125,,,,stop
willyA,,,1778251800000.0,2026-05-08,GALAUSDT,,1.0,False,,,61556165.6516843,61556165.6516843,,,,,222714085.18666327,,,,0.2763909862283396,,,,tp
willyA,,,1787302800000.0,2026-08-21,GALAUSDT,,-3.05205263681763,False,,,43458811.584787,43458811.584787,,,,,96748697.01481467,,,,0.44919273257119274,,,,stop
willyA,,,1769946300000.0,2026-02-01,GASUSDT,,-3.0656662892452764,True,,,20123429.6462,20123429.6462,,,,,123628757.6299601,,,,0.16277304756578176,,,,stop
willyA,,,1775216400000.0,2026-04-03,GASUSDT,,-3.0906337120368095,False,,,20260498.928799998,20260498.928799998,,,,,125126893.25982791,,,,0.16191961936375068,,,,stop
willyA,,,1772622300000.0,2026-03-04,GIGGLEUSDT,,1.0,False,,,41240794.4656,41240794.4656,,,,,30515690.520231467,,,,1.351461945069142,,,,tp
willyA,,,1776046200000.0,2026-04-13,GIGGLEUSDT,,1.0,False,,,37809611.2891,37809611.2891,,,,,34791648.45235602,,,,1.0867438874268003,,,,tp
willyA,,,1776159600000.0,2026-04-14,GIGGLEUSDT,,1.0,False,,,151972938.18379998,151972938.18379998,,,,,41492628.822838254,,,,3.6626490655167037,,,,tp
willyA,,,1776253800000.0,2026-04-15,GIGGLEUSDT,,-3.0607589136585274,False,,,241255002.8062,241255002.8062,,,,,43838466.85504547,,,,5.503271900541691,,,,stop
willyA,,,1783288200000.0,2026-07-05,GIGGLEUSDT,,-2.246628366492946,False,,,31596073.987999998,31596073.987999998,,,,,30090074.337172776,,,,1.0500497151968393,,,,time
willyA,,,1785419700000.0,2026-07-30,GIGGLEUSDT,,1.0,False,,,20094837.8782,20094837.8782,,,,,28912206.295684766,,,,0.6950295550844632,,,,tp
willyA,,,1785669900000.0,2026-08-02,GIGGLEUSDT,,1.0,True,,,331990060.8036,331990060.8036,,,,,43333666.26583633,,,,7.661250233639623,,,,tp
willyA,,,1786890300000.0,2026-08-16,GIGGLEUSDT,,-3.07692836541013,False,,,25439592.2681,25439592.2681,,,,,36048700.89999449,,,,0.705700666958123,,,,stop
willyA,,,1768003500000.0,2026-01-10,GMTUSDT,,1.0,False,,,254298958.20719996,254298958.20719996,,,,,72201962.36286518,,,,3.5220505078403614,,,,tp
willyA,,,1779516300000.0,2026-05-23,GMTUSDT,,1.0,True,,,21967208.427679997,21967208.427679997,,,,,42527833.087477386,,,,0.5165372141697102,,,,tp
willyA,,,1779169800000.0,2026-05-19,GOATUSDT,,1.0,False,,,29966512.271970004,29966512.271970004,,,,,19136877.72699182,,,,1.5659039420889127,,,,tp
willyA,,,1780473000000.0,2026-06-03,GOATUSDT,,-3.071627433836259,False,,,20087415.70741,20087415.70741,,,,,16170461.920667931,,,,1.2422289360661798,,,,stop
willyA,,,1768003500000.0,2026-01-10,GPSUSDT,,1.0,False,,,171885638.78808498,171885638.78808498,,,,,48752677.71885934,,,,3.5256656009602785,,,,tp
willyA,,,1769382900000.0,2026-01-25,GPSUSDT,,1.0,True,,,20593299.03205,20593299.03205,,,,,53911169.70016471,,,,0.38198575817558417,,,,tp
willyA,,,1770624300000.0,2026-02-09,GPSUSDT,,-3.054260976027116,False,,,33602890.796792,33602890.796792,,,,,79493347.13102055,,,,0.4227132459450711,,,,stop
willyA,,,1771916100000.0,2026-02-24,GPSUSDT,,-3.050970623177644,True,,,22867286.869594,22867286.869594,,,,,92806856.37194373,,,,0.2463965246053412,,,,stop
willyA,,,1781562300000.0,2026-06-15,GPSUSDT,,-0.6219961407704687,False,,,20022486.196719,20022486.196719,,,,,60324785.208131656,,,,0.3319114378549003,,,,time
willyA,,,1786679100000.0,2026-08-14,GPSUSDT,,-0.4576323908872124,False,,,20023846.424723,20023846.424723,,,,,72054604.55415726,,,,0.2778982210591801,,,,time
willyA,,,1786938000000.0,2026-08-17,GPSUSDT,,1.0,False,,,23620834.832085,23620834.832085,,,,,85118403.35522105,,,,0.27750561454388617,,,,tp
willyA,,,1787307000000.0,2026-08-21,GPSUSDT,,1.0,False,,,39417427.82559,39417427.82559,,,,,80755041.98504682,,,,0.48811104367810015,,,,tp
willyA,,,1772315700000.0,2026-02-28,GRASSUSDT,,-3.06245968001773,False,,,20629230.73305,20629230.73305,,,,,66638353.88814065,,,,0.30956993276992245,,,,stop
willyA,,,1772443500000.0,2026-03-02,GRASSUSDT,,-0.5813463927472439,False,,,83163974.81818,83163974.81818,,,,,72274919.15659927,,,,1.1506616097070579,,,,time
willyA,,,1774224600000.0,2026-03-23,GRASSUSDT,,1.0,True,,,20085402.03976,20085402.03976,,,,,87915777.75868574,,,,0.22846185919996187,,,,tp
willyA,,,1779384900000.0,2026-05-21,GRASSUSDT,,1.0,False,,,20791641.250570003,20791641.250570003,,,,,96675634.60447207,,,,0.21506599191859055,,,,tp
willyA,,,1779560700000.0,2026-05-23,GRASSUSDT,,1.0,False,,,51824125.44657,51824125.44657,,,,,119978317.85719062,,,,0.4319457579681681,,,,tp
willyA,,,1779743100000.0,2026-05-25,GRASSUSDT,,-3.064439008010959,False,,,79954693.41841,79954693.41841,,,,,144379033.30506343,,,,0.55378327162969,,,,stop
willyA,,,1790448900000.0,2026-09-26,GRASSUSDT,,1.0,True,,,40067648.19252,40067648.19252,,,,,143085795.3863262,,,,0.2800253378355194,,,,tp
willyA,,,1790545200000.0,2026-09-27,GRASSUSDT,,-3.062802096420085,False,,,60143173.76044,60143173.76044,,,,,166461680.78538832,,,,0.3613034151564283,,,,stop
willyA,,,1790655300000.0,2026-09-29,GRASSUSDT,,1.0,True,,,56768787.7297,56768787.7297,,,,,163509194.2161957,,,,0.34719018708292926,,,,tp
willyA,,,1772043000000.0,2026-02-25,GRIFFAINUSDT,,1.0,False,,,20030349.48072,20030349.48072,,,,,10091608.125093201,,,,1.98485209021481,,,,tp
willyA,,,1775714700000.0,2026-04-09,GRIFFAINUSDT,,1.0,False,,,21107685.459769003,21107685.459769003,,,,,15133399.619796826,,,,1.3947748681768033,,,,tp
willyA,,,1776401700000.0,2026-04-17,GRIFFAINUSDT,,1.0,False,,,20707356.664988,20707356.664988,,,,,18585211.106719855,,,,1.1141846356268097,,,,tp
willyA,,,1776606600000.0,2026-04-19,GRIFFAINUSDT,,1.0,False,,,20123903.223287,20123903.223287,,,,,21005792.657997184,,,,0.9580168456830676,,,,tp
willyA,,,1789206300000.0,2026-09-12,GRIFFAINUSDT,,1.0,False,,,20481320.078567002,20481320.078567002,,,,,14605746.948445033,,,,1.4022781683717653,,,,tp
willyA,,,1791308100000.0,2026-10-06,GRIFFAINUSDT,,1.0,False,,,20945854.446124,20945854.446124,,,,,27110914.631090347,,,,0.7725985910524628,,,,tp
willyA,,,1790540100000.0,2026-09-27,GRTUSDT,,-3.0588892103312544,False,,,20040397.46884,20040397.46884,,,,,362908781.1662932,,,,0.05522158324313741,,,,stop
willyA,,,1776572400000.0,2026-04-19,GTCUSDT,,1.0,True,,,22049871.1429738,22049871.1429738,,,,,14374740.646797715,,,,1.5339317546494924,,,,tp
willyA,,,1778504400000.0,2026-05-11,GTCUSDT,,1.0,False,,,20397927.4926706,20397927.4926706,,,,,12294146.307718914,,,,1.659157698478316,,,,tp
willyA,,,1768003500000.0,2026-01-10,GUNUSDT,,1.0,False,,,312684517.8203,312684517.8203,,,,,110803072.2962414,,,,2.8219841863618313,,,,tp
willyA,,,1768225500000.0,2026-01-12,GUNUSDT,,-3.077712538786441,False,,,53691564.10153,53691564.10153,,,,,107935630.87335683,,,,0.4974405918331774,,,,stop
willyA,,,1768361400000.0,2026-01-14,GUNUSDT,,1.0,False,,,50546996.23336,50546996.23336,,,,,127151768.17000124,,,,0.3975327827590957,,,,tp
willyA,,,1769088000000.0,2026-01-22,GUNUSDT,,-3.078395787108594,False,,,189003574.96472996,189003574.96472996,,,,,126595398.93869527,,,,1.49297349310662,,,,stop
willyA,,,1769175600000.0,2026-01-23,GUNUSDT,,1.0,False,,,201856243.6497,201856243.6497,,,,,153386717.30773625,,,,1.3159955907050311,,,,tp
willyA,,,1773766200000.0,2026-03-17,GUNUSDT,,0.1652194731216317,False,,,20033303.9695,20033303.9695,,,,,75623417.8244336,,,,0.26490873522814157,,,,time
willyA,,,1776624900000.0,2026-04-19,GUNUSDT,,1.0,True,,,20449215.21591,20449215.21591,,,,,80673538.53936464,,,,0.2534810742921833,,,,tp
willyA,,,1780234800000.0,2026-05-31,GUNUSDT,,1.0,False,,,23376542.441,23376542.441,,,,,40186977.55356149,,,,0.581694465821511,,,,tp
willyA,,,1769313600000.0,2026-01-25,GUSDT,,1.0,True,,,20106112.889032997,20106112.889032997,,,,,67885798.44521338,,,,0.296175538176213,,,,tp
willyA,,,1770171600000.0,2026-02-04,GUSDT,,1.0,False,,,20209301.880353004,20209301.880353004,,,,,51006387.919723175,,,,0.39621119441273867,,,,tp
willyA,,,1773624600000.0,2026-03-16,GUSDT,,1.0,False,,,20696376.678552,20696376.678552,,,,,47179793.20046136,,,,0.438670355985147,,,,tp
willyA,,,1774262100000.0,2026-03-23,GUSDT,,1.0,False,,,20138387.562307,20138387.562307,,,,,44814667.60138408,,,,0.44937045481254523,,,,tp
willyA,,,1774922100000.0,2026-03-31,GUSDT,,1.0,False,,,20936724.687531997,20936724.687531997,,,,,46443480.51395617,,,,0.4508000790604088,,,,tp
willyA,,,1782431100000.0,2026-06-25,GUSDT,,1.0,False,,,20326813.960959002,20326813.960959002,,,,,43844073.605536334,,,,0.46361599845485774,,,,tp
willyA,,,1782723900000.0,2026-06-29,GUSDT,,1.0,True,,,20049339.849229,20049339.849229,,,,,41534729.270588234,,,,0.4827126648307404,,,,tp
willyA,,,1784428200000.0,2026-07-19,GUSDT,,-1.2002711213501538,False,,,20008016.349368997,20008016.349368997,,,,,39158447.418685116,,,,0.5109501951249945,,,,time
willyA,,,1784458200000.0,2026-07-19,GUSDT,,-3.052289850349092,False,,,22562830.953493003,22562830.953493003,,,,,53148388.46228373,,,,0.42452521339390203,,,,stop
willyA,,,1789709700000.0,2026-09-18,GUSDT,,1.0,False,,,20001305.987274,20001305.987274,,,,,54509451.30703575,,,,0.36693280720461685,,,,tp
willyA,,,1780101000000.0,2026-05-30,HBARUSDT,,1.0,True,,,134793752.05532002,134793752.05532002,,,,,5255278454.853751,,,,0.025649212161312808,,,,tp
willyA,,,1790585400000.0,2026-09-28,HBARUSDT,,1.0,False,,,130307934.87963,130307934.87963,,,,,5474812261.551505,,,,0.023801352202477546,,,,tp
willyA,,,1780060200000.0,2026-05-29,HEIUSDT,,-3.0554081181891664,True,,,20418167.811506,20418167.811506,,,,,7495742.671840575,,,,2.7239686186415377,,,,stop
willyA,,,1781850300000.0,2026-06-19,HEIUSDT,,1.0,True,,,42164370.713567,42164370.713567,,,,,9702410.151471531,,,,4.345762553356094,,,,tp
willyA,,,1782236700000.0,2026-06-23,HEIUSDT,,-3.0570514557722013,False,,,20938127.998818003,20938127.998818003,,,,,9283506.160569988,,,,2.2554116555390364,,,,stop
willyA,,,1782481500000.0,2026-06-26,HEIUSDT,,1.0,True,,,238841110.834546,238841110.834546,,,,,16465070.839234408,,,,14.505926707913977,,,,tp
willyA,,,1785868800000.0,2026-08-04,HEIUSDT,,1.0,False,,,21085648.510092,21085648.510092,,,,,9783222.338692693,,,,2.155286650973694,,,,tp
willyA,,,1786118400000.0,2026-08-07,HEIUSDT,,1.0,True,,,408322427.606826,408322427.606826,,,,,16878202.531048723,,,,24.192293394731234,,,,tp
willyA,,,1786264500000.0,2026-08-09,HEIUSDT,,-3.0522733395712804,False,,,77032622.268336,77032622.268336,,,,,14899128.558285534,,,,5.170277037813563,,,,stop
willyA,,,1786435500000.0,2026-08-11,HEIUSDT,,1.0,False,,,33646613.35458,33646613.35458,,,,,14069566.71803563,,,,2.3914463059796116,,,,tp
willyA,,,1789567800000.0,2026-09-16,HEIUSDT,,-3.0619465841151756,True,,,20220255.183612,20220255.183612,,,,,10896451.448371988,,,,1.8556734070184895,,,,stop
willyA,,,1789806300000.0,2026-09-19,HEIUSDT,,-3.058235364444843,False,,,20452890.110096,20452890.110096,,,,,15535730.686191028,,,,1.3165064793685952,,,,stop
willyA,,,1774774200000.0,2026-03-29,HEMIUSDT,,1.0,True,,,20062125.882537,20062125.882537,,,,,15869307.98991355,,,,1.2642092456261094,,,,tp
willyA,,,1775122800000.0,2026-04-02,HEMIUSDT,,1.0,True,,,20036569.861752,20036569.861752,,,,,19275637.04844123,,,,1.0394764028497985,,,,tp
willyA,,,1775255700000.0,2026-04-03,HEMIUSDT,,1.0,False,,,20427997.566282,20427997.566282,,,,,22109622.142286614,,,,0.9239415054141357,,,,tp
willyA,,,1776186600000.0,2026-04-14,HEMIUSDT,,1.0,False,,,20975454.260725997,20975454.260725997,,,,,22951749.38547554,,,,0.9138934862193907,,,,tp
willyA,,,1784562000000.0,2026-07-20,HEMIUSDT,,-3.062608700604445,False,,,20016457.892239,20016457.892239,,,,,15140641.004040495,,,,1.3220350371491751,,,,stop
willyA,,,1786785600000.0,2026-08-15,HEMIUSDT,,-3.0522057439505574,True,,,20579851.030576006,20579851.030576006,,,,,13554718.740669724,,,,1.5182794585643449,,,,stop
willyA,,,1786977900000.0,2026-08-17,HEMIUSDT,,-3.0573881333906634,False,,,88984006.343562,88984006.343562,,,,,18055308.947532717,,,,4.928412280406966,,,,stop
willyA,,,1787116800000.0,2026-08-19,HEMIUSDT,,1.0,False,,,50228843.492576,50228843.492576,,,,,20826260.565091506,,,,2.4118032776737857,,,,tp
willyA,,,1787282400000.0,2026-08-21,HEMIUSDT,,1.0,False,,,106891429.65362,106891429.65362,,,,,26174020.693246353,,,,4.083875034193774,,,,tp
willyA,,,1787627100000.0,2026-08-25,HEMIUSDT,,1.0,False,,,35571911.852519006,35571911.852519006,,,,,20034560.102931853,,,,1.7755274720163894,,,,tp
willyA,,,1787830800000.0,2026-08-27,HEMIUSDT,,1.0,False,,,31963491.686800998,31963491.686800998,,,,,23045038.930379704,,,,1.387000984609504,,,,tp
willyA,,,1788001500000.0,2026-08-29,HEMIUSDT,,1.0,False,,,212413281.473396,212413281.473396,,,,,29078603.280532725,,,,7.304796568946641,,,,tp
willyA,,,1788131100000.0,2026-08-30,HEMIUSDT,,-3.05664242742985,False,,,61797647.05744299,61797647.05744299,,,,,37444406.25328982,,,,1.6503839489246415,,,,stop
willyA,,,1788315900000.0,2026-09-02,HEMIUSDT,,1.0,True,,,101677900.831603,101677900.831603,,,,,51394975.22503937,,,,1.9783626781877706,,,,tp
willyA,,,1791391200000.0,2026-10-07,HEMIUSDT,,1.0,False,,,20187841.754481,20187841.754481,,,,,15518841.861760074,,,,1.3008600728270705,,,,tp
willyA,,,1785810300000.0,2026-08-04,HFTUSDT,,1.0,False,,,21473945.61136,21473945.61136,,,,,,,,,,,,,tp
willyA,,,1785902100000.0,2026-08-05,HFTUSDT,,1.0,False,,,42305093.00325,42305093.00325,,,,,,,,,,,,,tp
willyA,,,1776793800000.0,2026-04-21,HIGHUSDT,,1.0,False,,,89745641.37057,89745641.37057,,,,,,,,,,,,,tp
willyA,,,1776942900000.0,2026-04-23,HIGHUSDT,,-3.0543049292647546,False,,,36730735.59002,36730735.59002,,,,,,,,,,,,,stop
willyA,,,1777093500000.0,2026-04-25,HIGHUSDT,,1.0,False,,,28682861.778729998,28682861.778729998,,,,,,,,,,,,,tp
willyA,,,1777192500000.0,2026-04-26,HIGHUSDT,,1.0,False,,,22314754.35043,22314754.35043,,,,,,,,,,,,,tp
willyA,,,1778170800000.0,2026-05-07,HIGHUSDT,,1.0,False,,,23107168.772070006,23107168.772070006,,,,,,,,,,,,,tp
willyA,,,1780752900000.0,2026-06-06,HIGHUSDT,,1.0,False,,,20004929.351970002,20004929.351970002,,,,,,,,,,,,,tp
willyA,,,1772383200000.0,2026-03-01,HIPPOUSDT,,1.0,False,,,21330608.5889228,21330608.5889228,,,,,,,,,,,,,tp
willyA,,,1774422900000.0,2026-03-25,HIPPOUSDT,,1.0,False,,,20138568.570093296,20138568.570093296,,,,,,,,,,,,,tp
willyA,,,1780206300000.0,2026-05-31,HIVEUSDT,,1.0,False,,,20105493.329809997,20105493.329809997,,,,,42854509.51887584,,,,0.46915700484109535,,,,tp
willyA,,,1780366800000.0,2026-06-02,HIVEUSDT,,-3.0594333873368336,True,,,29708300.89939,29708300.89939,,,,,40323940.40895186,,,,0.7367410178196473,,,,stop
willyA,,,1788480300000.0,2026-09-04,HIVEUSDT,,1.0,False,,,20029695.064770002,20029695.064770002,,,,,27476435.6970301,,,,0.728977196519525,,,,tp
willyA,,,1789434000000.0,2026-09-15,HIVEUSDT,,1.0,False,,,20543747.40577,20543747.40577,,,,,34891180.15198219,,,,0.5887948563586463,,,,tp
willyA,,,1777953900000.0,2026-05-05,HMSTRUSDT,,1.0,False,,,20472374.5896978,20472374.5896978,,,,,11196043.198529411,,,,1.828536584459305,,,,tp
willyA,,,1778061900000.0,2026-05-06,HMSTRUSDT,,1.0,False,,,28074979.229378797,28074979.229378797,,,,,12028007.23805147,,,,2.334133882174727,,,,tp
willyA,,,1779728100000.0,2026-05-25,HMSTRUSDT,,1.0,False,,,20130757.8900605,20130757.8900605,,,,,10692995.174632352,,,,1.8826117061960272,,,,tp
willyA,,,1781097000000.0,2026-06-10,HMSTRUSDT,,1.0,False,,,20046475.821357597,20046475.821357597,,,,,14730278.033088233,,,,1.3609027457816973,,,,tp
willyA,,,1782110100000.0,2026-06-22,HMSTRUSDT,,1.0,False,,,25428414.6857359,25428414.6857359,,,,,13730631.318933822,,,,1.8519479618297991,,,,tp
willyA,,,1783133100000.0,2026-07-04,HMSTRUSDT,,1.0,False,,,57459843.385582194,57459843.385582194,,,,,18922344.898897056,,,,3.0366132576376095,,,,tp
willyA,,,1783326600000.0,2026-07-06,HMSTRUSDT,,1.0,False,,,82040614.00932911,82040614.00932911,,,,,17838856.847426467,,,,4.5989838200402815,,,,tp
willyA,,,1769658600000.0,2026-01-29,HOLOUSDT,,1.0,False,,,20623319.154090002,20623319.154090002,,,,,61578460.68215744,,,,0.33491124860264126,,,,tp
willyA,,,1771986300000.0,2026-02-25,HOLOUSDT,,-3.05501536526918,False,,,20457420.44992,20457420.44992,,,,,53598582.32939117,,,,0.38167838701774814,,,,stop
willyA,,,1772194200000.0,2026-02-27,HOLOUSDT,,-3.0634974099956787,True,,,20247682.06819,20247682.06819,,,,,49932151.734876916,,,,0.4055038960807947,,,,stop
willyA,,,1776082800000.0,2026-04-13,HOLOUSDT,,1.0,False,,,21094475.93556,21094475.93556,,,,,50746914.089213416,,,,0.4156799741256339,,,,tp
willyA,,,1786480800000.0,2026-08-11,HOLOUSDT,,1.0,False,,,20488032.20499,20488032.20499,,,,,68424062.03182782,,,,0.2994273008150244,,,,tp
willyA,,,1779271200000.0,2026-05-20,HOMEUSDT,,1.0,False,,,52478412.99669799,52478412.99669799,,,,,120362379.99296537,,,,0.43600345057787254,,,,tp
willyA,,,1780214700000.0,2026-05-31,HOMEUSDT,,1.0,False,,,21657597.363980003,21657597.363980003,,,,,164745454.07241702,,,,0.13146097102296972,,,,tp
willyA,,,1780484700000.0,2026-06-03,HOMEUSDT,,1.0,False,,,147273862.96687502,147273862.96687502,,,,,226343714.03202516,,,,0.6506646919562227,,,,tp
willyA,,,1780585500000.0,2026-06-04,HOMEUSDT,,1.0,False,,,56464361.752418004,56464361.752418004,,,,,233938323.36565045,,,,0.24136430893438113,,,,tp
willyA,,,1780719600000.0,2026-06-06,HOMEUSDT,,-3.0538401376926245,True,,,209665889.595724,209665889.595724,,,,,311644683.2967233,,,,0.6727722333581311,,,,stop
willyA,,,1780818300000.0,2026-06-07,HOMEUSDT,,-3.0560259372345673,False,,,166967146.90295,166967146.90295,,,,,310703660.2743353,,,,0.5373839070821587,,,,stop
willyA,,,1780896600000.0,2026-06-08,HOMEUSDT,,1.0,False,,,269262349.462806,269262349.462806,,,,,175417762.23220536,,,,1.5349776786365337,,,,tp
willyA,,,1780984800000.0,2026-06-09,HOMEUSDT,,-1.8912895828453835,False,,,139103694.548716,139103694.548716,,,,,145637151.28839767,,,,0.9551388043374743,,,,time
willyA,,,1781170500000.0,2026-06-11,HOMEUSDT,,1.0,False,,,115257596.915839,115257596.915839,,,,,195566725.7703949,,,,0.5893517747551655,,,,tp
willyA,,,1784147100000.0,2026-07-15,HOMEUSDT,,1.0,False,,,21039425.55819,21039425.55819,,,,,90781044.51272224,,,,0.23176011766687143,,,,tp
willyA,,,1784279100000.0,2026-07-17,HOMEUSDT,,-3.1302501435494774,True,,,117051959.68419299,117051959.68419299,,,,,43120996.14354306,,,,2.7145003629912745,,,,stop
willyA,,,1785654600000.0,2026-08-02,HOMEUSDT,,1.0,False,,,85560437.02555901,85560437.02555901,,,,,42108012.53709012,,,,2.031927699038148,,,,tp
willyA,,,1785818100000.0,2026-08-04,HOMEUSDT,,1.0,False,,,117299767.986808,117299767.986808,,,,,48540181.6665891,,,,2.416549834784551,,,,tp
willyA,,,1772126400000.0,2026-02-26,HOTUSDT,,1.0,False,,,20069033.289768003,20069033.289768003,,,,,88265229.66272575,,,,0.22737190359618042,,,,tp
willyA,,,1770339300000.0,2026-02-06,HUMAUSDT,,1.0,True,,,20121437.622633,20121437.622633,,,,,48169851.151888095,,,,0.4177184928221292,,,,tp
willyA,,,1771230000000.0,2026-02-16,HUMAUSDT,,1.0,False,,,20043212.984182,20043212.984182,,,,,52014542.43775778,,,,0.385338638865589,,,,tp
willyA,,,1772713500000.0,2026-03-05,HUMAUSDT,,-3.055682948297493,False,,,36331238.164546005,36331238.164546005,,,,,57105492.69875328,,,,0.6362126732047123,,,,stop
willyA,,,1772968500000.0,2026-03-08,HUMAUSDT,,1.0,False,,,36678989.729263,36678989.729263,,,,,54425859.37829865,,,,0.6739257799186558,,,,tp
willyA,,,1773120600000.0,2026-03-10,HUMAUSDT,,1.0,False,,,76870021.499494,76870021.499494,,,,,54831864.42685238,,,,1.4019224460631152,,,,tp
willyA,,,1773216000000.0,2026-03-11,HUMAUSDT,,-3.0506313269319114,False,,,91909004.105427,91909004.105427,,,,,70009392.28539585,,,,1.312809626039269,,,,stop
willyA,,,1773401400000.0,2026-03-13,HUMAUSDT,,1.0,False,,,81702925.988413,81702925.988413,,,,,57306729.983688615,,,,1.4257125823034809,,,,tp
willyA,,,1787947200000.0,2026-08-28,HUMAUSDT,,-3.0507010178077594,False,,,25060218.5089,25060218.5089,,,,,86175454.17520055,,,,0.2908046003210018,,,,stop
willyA,,,1788030300000.0,2026-08-29,HUMAUSDT,,1.0,False,,,29022211.621776,29022211.621776,,,,,76148894.71526489,,,,0.38112452886276993,,,,tp
willyA,,,1770036000000.0,2026-02-02,HUSDT,,1.0,False,,,56037327.256969996,56037327.256969996,,,,,449610444.5022143,,,,0.12463528804143253,,,,tp
willyA,,,1771000800000.0,2026-02-13,HUSDT,,1.0,False,,,78851037.64234,78851037.64234,,,,,884121738.8758525,,,,0.08918572429018419,,,,tp
willyA,,,1772127300000.0,2026-02-26,HUSDT,,1.0,False,,,89012462.03524,89012462.03524,,,,,410493475.25719833,,,,0.21684257460966572,,,,tp
willyA,,,1772740500000.0,2026-03-05,HUSDT,,1.0,False,,,61199968.50713,61199968.50713,,,,,646134097.9891748,,,,0.09471713178052295,,,,tp
willyA,,,1779927900000.0,2026-05-28,HUSDT,,1.0,True,,,52716622.576560006,52716622.576560006,,,,,877041567.4425045,,,,0.06010732504992234,,,,tp
willyA,,,1780268100000.0,2026-05-31,HUSDT,,1.0,False,,,172333402.66195,172333402.66195,,,,,1788349599.9436429,,,,0.09636449308758244,,,,tp
willyA,,,1780371900000.0,2026-06-02,HUSDT,,-3.054180478569672,True,,,703482470.8838501,703482470.8838501,,,,,3090631740.048717,,,,0.2276176943917496,,,,stop
willyA,,,1781190300000.0,2026-06-11,HUSDT,,1.0,True,,,261473286.95729,261473286.95729,,,,,704222797.3180237,,,,0.371293414460722,,,,tp
willyA,,,1781419500000.0,2026-06-14,HUSDT,,-3.0531142283865815,False,,,266348898.66421002,266348898.66421002,,,,,2052897662.9476864,,,,0.1297429012032527,,,,stop
willyA,,,1786797300000.0,2026-08-15,HUSDT,,1.0,True,,,36001347.11671,36001347.11671,,,,,532499302.3324033,,,,0.06760825217802219,,,,tp
willyA,,,1786890900000.0,2026-08-16,HUSDT,,1.0,False,,,118243101.33232,118243101.33232,,,,,451488059.02597505,,,,0.26189640892699056,,,,tp
willyA,,,1790273100000.0,2026-09-24,HUSDT,,1.0,False,,,20069005.978940003,20069005.978940003,,,,,252656504.35355854,,,,0.07943197833077018,,,,tp
willyA,,,1768095300000.0,2026-01-11,HYPERUSDT,,1.0,False,,,20159403.189600002,20159403.189600002,,,,,64610877.4969536,,,,0.31201252746568126,,,,tp
willyA,,,1773742800000.0,2026-03-17,HYPERUSDT,,1.0,False,,,20980728.3194,20980728.3194,,,,,48609118.11686697,,,,0.43162124992594464,,,,tp
willyA,,,1777118100000.0,2026-04-25,HYPERUSDT,,1.0,False,,,23561475.244019996,23561475.244019996,,,,,54949437.87124092,,,,0.42878464560874874,,,,tp
willyA,,,1777251900000.0,2026-04-27,HYPERUSDT,,1.0,False,,,154076145.89181,154076145.89181,,,,,55234105.288784236,,,,2.7895110292136205,,,,tp
willyA,,,1779093300000.0,2026-05-18,HYPERUSDT,,1.0,False,,,20099934.769190002,20099934.769190002,,,,,52089824.26773757,,,,0.38587065807475046,,,,tp
willyA,,,1785643800000.0,2026-08-02,HYPERUSDT,,-1.193509908895034,False,,,20274873.82558,20274873.82558,,,,,28764348.5999455,,,,0.7048612192670484,,,,time
willyA,,,1787167200000.0,2026-08-19,HYPEUSDT,,1.0,False,,,843261433.3474699,843261433.3474699,,,,,17994395175.599815,,,,0.04686244939707239,,,,tp
willyA,,,1782475800000.0,2026-06-26,ICNTUSDT,,1.0,True,,,20436520.6174,20436520.6174,,,,,59582943.3795,,,,0.34299280059452975,,,,tp
willyA,,,1785737700000.0,2026-08-03,ICNTUSDT,,-3.0682505405079703,False,,,20093592.223899998,20093592.223899998,,,,,43036342.5429,,,,0.4668982315091033,,,,stop
willyA,,,1773209100000.0,2026-03-11,ICPUSDT,,1.0,False,,,52829199.518,52829199.518,,,,,1408722507.1507852,,,,0.037501494616459144,,,,tp
willyA,,,1778012700000.0,2026-05-05,ICPUSDT,,1.0,False,,,62752104.994,62752104.994,,,,,1522626348.3948438,,,,0.041213069155248375,,,,tp
willyA,,,1778271300000.0,2026-05-08,ICPUSDT,,1.0,False,,,105552160.62799999,105552160.62799999,,,,,1962607852.8081684,,,,0.05378158478117381,,,,tp
willyA,,,1773203100000.0,2026-03-11,ICXUSDT,,1.0,False,,,20282357.6089,20282357.6089,,,,,,,,,,,,,tp
willyA,,,1782116400000.0,2026-06-22,IDOLUSDT,,-3.0680348609819204,False,,,20026570.89452,20026570.89452,,,,,34663445.28048954,,,,0.5777432315936591,,,,stop
willyA,,,1782344400000.0,2026-06-24,IDOLUSDT,,-1.0171107394140886,False,,,20010877.35357,20010877.35357,,,,,36002836.52007569,,,,0.5558139104515183,,,,time
willyA,,,1782530400000.0,2026-06-27,IDOLUSDT,,1.0,False,,,27112912.658689998,27112912.658689998,,,,,50718281.605662175,,,,0.5345786923440072,,,,tp
willyA,,,1785557700000.0,2026-08-01,IDOLUSDT,,1.0,False,,,20702524.75699,20702524.75699,,,,,39324526.79424933,,,,0.5264532454594586,,,,tp
willyA,,,1785774900000.0,2026-08-03,IDOLUSDT,,-3.101305488200538,False,,,30013547.03366,30013547.03366,,,,,34324132.833127715,,,,0.8744153036458541,,,,stop
willyA,,,1789481100000.0,2026-09-15,IDOLUSDT,,1.0,False,,,20089681.440109998,20089681.440109998,,,,,20305171.192126017,,,,0.9893874447067168,,,,tp
willyA,,,1768031100000.0,2026-01-10,IDUSDT,,1.0,False,,,23086621.63987,23086621.63987,,,,,130907767.15406841,,,,0.17635792086117255,,,,tp
willyA,,,1780041900000.0,2026-05-29,IDUSDT,,1.0,True,,,20072121.33822,20072121.33822,,,,,49086541.504423566,,,,0.4089129264976052,,,,tp
willyA,,,1781184300000.0,2026-06-11,IDUSDT,,1.0,True,,,92649262.00515,92649262.00515,,,,,54181012.21576595,,,,1.7099950373055286,,,,tp
willyA,,,1781666100000.0,2026-06-17,IDUSDT,,1.0,False,,,20215812.89473,20215812.89473,,,,,47971642.139023416,,,,0.42141173396032394,,,,tp
willyA,,,1781769900000.0,2026-06-18,IDUSDT,,0.0476576197648249,False,,,76596356.28114,76596356.28114,,,,,48699423.66921518,,,,1.5728390709797981,,,,time
willyA,,,1782103200000.0,2026-06-22,IDUSDT,,1.0,True,,,57830117.97463,57830117.97463,,,,,55125579.733674414,,,,1.0490614022387046,,,,tp
willyA,,,1782347100000.0,2026-06-25,IDUSDT,,1.0,False,,,85879951.28788999,85879951.28788999,,,,,62062731.34060872,,,,1.383760421638054,,,,tp
willyA,,,1775828100000.0,2026-04-10,ILVUSDT,,1.0,False,,,20801667.054,20801667.054,,,,,48850716.22922699,,,,0.4258211272970964,,,,tp
willyA,,,1769796900000.0,2026-01-30,INITUSDT,,1.0,False,,,20089742.122199997,20089742.122199997,,,,,33260073.754847687,,,,0.6040197706799101,,,,tp
willyA,,,1771177200000.0,2026-02-15,INITUSDT,,1.0,False,,,20648385.500960004,20648385.500960004,,,,,27075034.251439046,,,,0.7626356188215176,,,,tp
willyA,,,1771588500000.0,2026-02-20,INITUSDT,,1.0,False,,,23500898.8859,23500898.8859,,,,,35150211.6616418,,,,0.6685848470023784,,,,tp
willyA,,,1771473900000.0,2026-02-19,INJUSDT,,1.0,False,,,96677605.36919999,96677605.36919999,,,,,337856308.6974275,,,,0.28615006699721307,,,,tp
willyA,,,1778664000000.0,2026-05-13,INJUSDT,,1.0,False,,,190432053.6964,190432053.6964,,,,,578966966.1086158,,,,0.32891695872796034,,,,tp
willyA,,,1788674400000.0,2026-09-06,IOSTUSDT,,1.0,False,,,20026762.78152354,20026762.78152354,,,,,28609788.112738024,,,,0.6999968927629688,,,,tp
willyA,,,1788762000000.0,2026-09-07,IOSTUSDT,,1.0,False,,,25923068.47628814,25923068.47628814,,,,,30589564.957070492,,,,0.8474480925985273,,,,tp
willyA,,,1789114800000.0,2026-09-11,IOSTUSDT,,1.0,False,,,218924600.648854,218924600.648854,,,,,36093417.77384691,,,,6.065499311275684,,,,tp
willyA,,,1789536300000.0,2026-09-16,IOSTUSDT,,-3.0557825320726857,False,,,25870514.0958731,25870514.0958731,,,,,30044302.94264251,,,,0.8610788589524749,,,,stop
willyA,,,1768486800000.0,2026-01-15,IOUSDT,,1.0,False,,,20210881.94723,20210881.94723,,,,,75610789.70118621,,,,0.26730155877360084,,,,tp
willyA,,,1778049600000.0,2026-05-06,IOUSDT,,1.0,False,,,21935669.89477,21935669.89477,,,,,70916002.10536093,,,,0.30931904286115647,,,,tp
willyA,,,1778199000000.0,2026-05-08,IOUSDT,,-3.0585979223249056,False,,,79428477.90485,79428477.90485,,,,,68568608.30744828,,,,1.1583796122667123,,,,stop
willyA,,,1779781500000.0,2026-05-26,IOUSDT,,1.0,False,,,20255203.283379998,20255203.283379998,,,,,70215902.20072031,,,,0.28847031297095843,,,,tp
willyA,,,1780045800000.0,2026-05-29,IOUSDT,,1.0,False,,,23256954.518349998,23256954.518349998,,,,,85123911.93483219,,,,0.27321294322275375,,,,tp
willyA,,,1768178400000.0,2026-01-12,IPUSDT,,-3.0519742813386026,False,,,82360643.4394,82360643.4394,,,,,,,,,,,,,stop
willyA,,,1768317900000.0,2026-01-13,IPUSDT,,1.0,False,,,719001403.2214,719001403.2214,,,,,,,,,,,,,tp
willyA,,,1768435800000.0,2026-01-15,IPUSDT,,1.0,False,,,632130846.3252,632130846.3252,,,,,,,,,,,,,tp
willyA,,,1776385500000.0,2026-04-17,IPUSDT,,1.0,False,,,42554464.800510004,42554464.800510004,,,,,,,,,,,,,tp
willyA,,,1782408900000.0,2026-06-25,IPUSDT,,1.0,True,,,50938314.5309,50938314.5309,,,,,,,,,,,,,tp
willyA,,,1790846700000.0,2026-10-01,JASMYUSDT,,1.0,True,,,20188023.088372,20188023.088372,,,,,304405566.4238043,,,,0.06631949384350454,,,,tp
willyA,,,1775768700000.0,2026-04-09,JOEUSDT,,1.0,False,,,63041422.83115,63041422.83115,,,,,22842308.012093198,,,,2.7598534612953536,,,,tp
willyA,,,1780555500000.0,2026-06-04,JSTUSDT,,1.0,False,,,27457118.131864004,27457118.131864004,,,,,635921118.7468041,,,,0.04317692449965044,,,,tp
willyA,,,1769593500000.0,2026-01-28,JTOUSDT,,1.0,False,,,43538243.2073,43538243.2073,,,,,410782250.9242759,,,,0.10598861832354557,,,,tp
willyA,,,1771327500000.0,2026-02-17,JTOUSDT,,1.0,False,,,21824060.6769,21824060.6769,,,,,308352425.94668657,,,,0.07077635471781023,,,,tp
willyA,,,1774281900000.0,2026-03-23,JTOUSDT,,1.0,False,,,20377115.698200002,20377115.698200002,,,,,311251383.25737303,,,,0.06546835385900988,,,,tp
willyA,,,1774411200000.0,2026-03-25,JTOUSDT,,1.0,False,,,60358711.0591,60358711.0591,,,,,353382896.1726834,,,,0.17080258188162345,,,,tp
willyA,,,1778076000000.0,2026-05-06,JTOUSDT,,-3.062144584204389,False,,,28560092.428400002,28560092.428400002,,,,,416193637.9042241,,,,0.06862212640302866,,,,stop
willyA,,,1779308400000.0,2026-05-20,JTOUSDT,,1.0,False,,,65467044.256799996,65467044.256799996,,,,,513308707.8122215,,,,0.1275393213877625,,,,tp
willyA,,,1780390500000.0,2026-06-02,JTOUSDT,,-3.0624782221029196,True,,,83499863.6503,83499863.6503,,,,,668499555.844305,,,,0.12490638613041545,,,,stop
willyA,,,1781534100000.0,2026-06-15,JTOUSDT,,1.0,False,,,65461555.678,65461555.678,,,,,718844781.1398938,,,,0.09106493835038441,,,,tp
willyA,,,1788692700000.0,2026-09-06,JUPUSDT,,1.0,False,,,50082193.3707,50082193.3707,,,,,890168847.5469648,,,,0.05626145366546058,,,,tp
willyA,,,1769181000000.0,2026-01-23,KAIAUSDT,,1.0,False,,,20034399.1475,20034399.1475,,,,,420121154.13857436,,,,0.04768719439652824,,,,tp
willyA,,,1769440800000.0,2026-01-26,KAIAUSDT,,-1.1328661819486596,False,,,93443931.62691,93443931.62691,,,,,487433740.8438768,,,,0.19170591569047687,,,,time
willyA,,,1770729000000.0,2026-02-10,KAITOUSDT,,1.0,True,,,22441681.53915,22441681.53915,,,,,163254961.49188197,,,,0.13746400926544544,,,,tp
willyA,,,1783509900000.0,2026-07-08,KAITOUSDT,,1.0,True,,,45782861.67001,45782861.67001,,,,,327185327.67078716,,,,0.13992944609079955,,,,tp
willyA,,,1774032300000.0,2026-03-20,KASUSDT,,1.0,True,,,20236131.3278,20236131.3278,,,,,1064542657.0382504,,,,0.01900922541150259,,,,tp
willyA,,,1781034900000.0,2026-06-09,KATUSDT,,-0.984146369300658,False,,,20158045.083265997,20158045.083265997,,,,,19459138.362166412,,,,1.035916632488643,,,,time
willyA,,,1781166000000.0,2026-06-11,KATUSDT,,-3.0637112953600427,False,,,70063326.092782,70063326.092782,,,,,21550954.752235863,,,,3.25105439170917,,,,stop
willyA,,,1783670100000.0,2026-07-10,KATUSDT,,1.0,False,,,20197417.799317002,20197417.799317002,,,,,19298481.617474556,,,,1.046580668866118,,,,tp
willyA,,,1788925500000.0,2026-09-09,KATUSDT,,1.0,True,,,20623141.723957,20623141.723957,,,,,20141109.84983796,,,,1.0239327364635231,,,,tp
willyA,,,1789089600000.0,2026-09-11,KATUSDT,,1.0,True,,,31831636.212208997,31831636.212208997,,,,,16924696.24692553,,,,1.880780354802019,,,,tp
willyA,,,1772437500000.0,2026-03-02,KAVAUSDT,,1.0,True,,,20191322.155550003,20191322.155550003,,,,,64970813.16,,,,0.31077527236462255,,,,tp
willyA,,,1772586900000.0,2026-03-04,KAVAUSDT,,0.332451159061249,True,,,32494911.93776,32494911.93776,,,,,63996250.9626,,,,0.5077627431136603,,,,time
willyA,,,1772859900000.0,2026-03-07,KAVAUSDT,,1.0,True,,,20517507.079010002,20517507.079010002,,,,,68435923.1952,,,,0.2998060977490996,,,,tp
willyA,,,1777693500000.0,2026-05-02,KAVAUSDT,,1.0,False,,,20162310.293299995,20162310.293299995,,,,,66161944.73459999,,,,0.30474180246935717,,,,tp
willyA,,,1789266600000.0,2026-09-13,KAVAUSDT,,-1.2257145713664586,False,,,25947769.086898997,25947769.086898997,,,,,88360305.89760001,,,,0.2936586606769972,,,,time
willyA,,,1773075900000.0,2026-03-09,KERNELUSDT,,-2.3910128259572656,False,,,20026766.5564,20026766.5564,,,,,36758292.63421,,,,0.5448230894642153,,,,time
willyA,,,1774942200000.0,2026-03-31,KERNELUSDT,,1.0,False,,,20437638.393719997,20437638.393719997,,,,,33972450.267069995,,,,0.6015944753190354,,,,tp
willyA,,,1775268600000.0,2026-04-04,KERNELUSDT,,1.0,False,,,31819148.910900004,31819148.910900004,,,,,46941834.06031,,,,0.6778420474585495,,,,tp
willyA,,,1775533800000.0,2026-04-07,KERNELUSDT,,1.0,True,,,20116367.77899,20116367.77899,,,,,40773183.104499996,,,,0.49337251220814854,,,,tp
willyA,,,1769580300000.0,2026-01-28,KITEUSDT,,1.0,False,,,29913149.57119,29913149.57119,,,,,374407821.07244253,,,,0.07989456386222828,,,,tp
willyA,,,1786091400000.0,2026-08-07,KMNOUSDT,,1.0,False,,,20218707.963980004,20218707.963980004,,,,,169765164.51032925,,,,0.11909809661068488,,,,tp
willyA,,,1790408700000.0,2026-09-26,KMNOUSDT,,-0.357365444170825,False,,,20065816.447690003,20065816.447690003,,,,,372262273.82634634,,,,0.053902363625088545,,,,time
willyA,,,1772417100000.0,2026-03-02,KNCUSDT,,1.0,False,,,20621936.9749,20621936.9749,,,,,34310488.806039,,,,0.6010388569943756,,,,tp
willyA,,,1774630800000.0,2026-03-27,KNCUSDT,,1.0,True,,,115227422.28430001,115227422.28430001,,,,,34373366.91625165,,,,3.352229723816224,,,,tp
willyA,,,1775379300000.0,2026-04-05,KOMAUSDT,,1.0,False,,,20223413.020891,20223413.020891,,,,,4293401.290767639,,,,4.710347729288346,,,,tp
willyA,,,1785394500000.0,2026-07-30,KOMAUSDT,,1.0,False,,,20304911.978601,20304911.978601,,,,,4171561.5244080164,,,,4.8674607481625145,,,,tp
willyA,,,1785683100000.0,2026-08-02,KOMAUSDT,,1.0,True,,,201291066.838298,201291066.838298,,,,,6253667.753975783,,,,32.187681654550126,,,,tp
willyA,,,1776410700000.0,2026-04-17,KSMUSDT,,1.0,False,,,20805826.5516,20805826.5516,,,,,107699361.59302571,,,,0.19318430716628615,,,,tp
willyA,,,1778128200000.0,2026-05-07,KSMUSDT,,-3.0671888780083463,False,,,20095009.938300006,20095009.938300006,,,,,108631411.87880076,,,,0.18498341861486486,,,,stop
willyA,,,1770430800000.0,2026-02-07,LAUSDT,,1.0,False,,,22427221.931290004,22427221.931290004,,,,,103816228.42394654,,,,0.21602809379383,,,,tp
willyA,,,1771805700000.0,2026-02-23,LAUSDT,,1.0,False,,,20865428.15842,20865428.15842,,,,,97064286.09444275,,,,0.21496504016027182,,,,tp
willyA,,,1771968900000.0,2026-02-24,LAUSDT,,1.0,True,,,47882477.20914,47882477.20914,,,,,114537494.42594655,,,,0.41805067806942553,,,,tp
willyA,,,1772858700000.0,2026-03-07,LAUSDT,,-3.085544540648126,True,,,20490095.76762,20490095.76762,,,,,114332890.11293128,,,,0.17921436034181498,,,,stop
willyA,,,1780215600000.0,2026-05-31,LAUSDT,,1.0,False,,,22210506.76049,22210506.76049,,,,,52051337.231083974,,,,0.42670386472273664,,,,tp
willyA,,,1784610900000.0,2026-07-21,LAUSDT,,1.0,False,,,21293432.671401,21293432.671401,,,,,25276816.829906106,,,,0.842409580869685,,,,tp
willyA,,,1784707800000.0,2026-07-22,LAUSDT,,1.0,False,,,69305877.048257,69305877.048257,,,,,22637421.192009162,,,,3.061562377640499,,,,tp
willyA,,,1784821200000.0,2026-07-23,LAUSDT,,1.0,True,,,20753114.319816,20753114.319816,,,,,25043567.9130687,,,,0.8286804177365727,,,,tp
willyA,,,1785076200000.0,2026-07-26,LAUSDT,,-3.059724563599568,False,,,26144534.583411,26144534.583411,,,,,31173513.131006103,,,,0.8386778376097389,,,,stop
willyA,,,1785170700000.0,2026-07-27,LAUSDT,,1.0,False,,,41011688.336334005,41011688.336334005,,,,,32327481.45641221,,,,1.268632336596678,,,,tp
willyA,,,1788390000000.0,2026-09-02,LAUSDT,,1.0,True,,,55528768.545137,55528768.545137,,,,,25886537.6826916,,,,2.1450828699376414,,,,tp
willyA,,,1780938000000.0,2026-06-08,LAYERUSDT,,1.0,False,,,20358680.295005,20358680.295005,,,,,39277053.083395064,,,,0.5183352287601212,,,,tp
willyA,,,1782126300000.0,2026-06-22,LAYERUSDT,,1.0,True,,,22701170.166259997,22701170.166259997,,,,,43340366.54738973,,,,0.5237881442797171,,,,tp
willyA,,,1777215600000.0,2026-04-26,LDOUSDT,,-3.061441514976308,False,,,52018419.9375,52018419.9375,,,,,406440640.50518715,,,,0.1279852818675895,,,,stop
willyA,,,1783519800000.0,2026-07-08,LDOUSDT,,1.0,True,,,95251951.016,95251951.016,,,,,337231551.646369,,,,0.2824526665757658,,,,tp
willyA,,,1769958300000.0,2026-02-01,LIGHTUSDT,,-3.065767415182789,True,,,37160524.76669999,37160524.76669999,2603978.5567409736,12995158.179154193,,,18546349.931784905,,,,2.0036570486041536,2.859566944426269,0.20038067415893948,15.083333333333334,stop
willyA,,,1773808800000.0,2026-03-18,LIGHTUSDT,,1.0,False,,,20144033.0854,20144033.0854,1506158.0596023295,8758394.332621021,,,9685027.056476736,,,,2.0799150036373866,2.2999687294705002,0.17196737237470322,4.666666666666667,tp
willyA,,,1774398000000.0,2026-03-25,LIGHTUSDT,,1.0,False,,,111388519.9412,111388519.9412,8621023.46099461,9232739.622701498,,,9784738.615249773,,,,11.383903476746742,12.064514379601636,0.933744891905887,0.3333333333333333,tp
willyA,,,1787911200000.0,2026-08-28,LIGHTUSDT,,1.0,False,,,20163043.6358,20163043.6358,2489070.7555066654,7959676.019422812,,,9780403.33008573,,,,2.061575883458301,2.533148784774547,0.3127100587301489,10.0,tp
willyA,,,1769269200000.0,2026-01-24,LINEAUSDT,,1.0,False,,,45791967.145845994,45791967.145845994,,,,,197928062.64818978,,,,0.2313566178194732,,,,tp
willyA,,,1769420100000.0,2026-01-26,LINEAUSDT,,1.0,False,,,60304276.340752,60304276.340752,,,,,187420992.17185667,,,,0.3217583881183153,,,,tp
willyA,,,1779353100000.0,2026-05-21,LITUSDT,,1.0,False,,,178353458.07951,178353458.07951,,,,,346797359.3849918,,,,0.5142872436970133,,,,tp
willyA,,,1780430700000.0,2026-06-02,LITUSDT,,1.0,True,,,117388946.39712,117388946.39712,,,,,392602204.1037618,,,,0.2990022602269828,,,,tp
willyA,,,1787167800000.0,2026-08-19,LITUSDT,,1.0,False,,,59631981.817200005,59631981.817200005,,,,,661385835.6271026,,,,0.09016216950074094,,,,tp
willyA,,,1787546100000.0,2026-08-24,LITUSDT,,-2.7535760738571375,False,,,188653604.49089,188653604.49089,,,,,939049486.3346957,,,,0.20089846939509443,,,,time
willyA,,,1769215200000.0,2026-01-24,LPTUSDT,,1.0,False,,,20321114.164399996,20321114.164399996,,,,,162855136.76013198,,,,0.12478030824616114,,,,tp
willyA,,,1770942600000.0,2026-02-13,LPTUSDT,,1.0,False,,,23452277.4379,23452277.4379,,,,,131594553.07613859,,,,0.17821617148797086,,,,tp
willyA,,,1775831400000.0,2026-04-10,LPTUSDT,,1.0,False,,,21342531.5493,21342531.5493,,,,,125192385.53765677,,,,0.17047787257700553,,,,tp
willyA,,,1779439500000.0,2026-05-22,LPTUSDT,,-0.0421723655499016,False,,,28165265.7452,28165265.7452,,,,,113988592.34531352,,,,0.24708846004411578,,,,time
willyA,,,1785063000000.0,2026-07-26,LPTUSDT,,1.0,False,,,20810593.668899998,20810593.668899998,,,,,79526924.8920792,,,,0.2616798486442258,,,,tp
willyA,,,1789042200000.0,2026-09-10,LSKUSDT,,1.0,True,,,29053122.4893,29053122.4893,,,,,23121054.63610302,,,,1.2565656258574895,,,,tp
willyA,,,1790039100000.0,2026-09-22,LSKUSDT,,1.0,False,,,100048772.35510999,100048772.35510999,,,,,76050444.24253738,,,,1.3155580266702716,,,,tp
willyA,,,1790199000000.0,2026-09-23,LSKUSDT,,1.0,True,,,86007636.84892,86007636.84892,,,,,74617455.59948844,,,,1.1526476768461353,,,,tp
willyA,,,1790259600000.0,2026-09-24,LTCUSDT,,1.0,False,,,507645684.18093,507645684.18093,,,,,5694380993.536597,,,,0.08914852812924405,,,,tp
willyA,,,1777296300000.0,2026-04-27,LUMIAUSDT,,1.0,False,,,20655946.211220004,20655946.211220004,,,,,29650107.11852164,,,,0.696656714549162,,,,tp
willyA,,,1777602600000.0,2026-05-01,LUMIAUSDT,,-3.0514950971509287,False,,,20793578.036902,20793578.036902,,,,,28811299.457684427,,,,0.7217160776604966,,,,stop
willyA,,,1781237100000.0,2026-06-12,LUMIAUSDT,,1.0,False,,,20052423.55107,20052423.55107,,,,,19766126.257234093,,,,1.0144842388493358,,,,tp
willyA,,,1782177600000.0,2026-06-23,LUMIAUSDT,,1.0,False,,,20010979.673600998,20010979.673600998,,,,,25410182.180810552,,,,0.7875181504488794,,,,tp
willyA,,,1783952700000.0,2026-07-13,LUMIAUSDT,,1.0,True,,,20068832.615087,20068832.615087,,,,,14375364.550715704,,,,1.3960572995756018,,,,tp
willyA,,,1784257500000.0,2026-07-17,LUMIAUSDT,,1.0,True,,,20336732.667149004,20336732.667149004,,,,,16717418.325832307,,,,1.2164995976516308,,,,tp
willyA,,,1786457700000.0,2026-08-11,LUNA2USDT,,1.0,True,,,20456173.90261,20456173.90261,,,,,,,,,,,,,tp
willyA,,,1789922100000.0,2026-09-20,LUNA2USDT,,-3.0669942831472214,False,,,23392884.8676,23392884.8676,,,,,,,,,,,,,stop
willyA,,,1770483900000.0,2026-02-07,MAGICUSDT,,-3.1349208626013354,False,,,20978255.34532,20978255.34532,,,,,25089049.332,,,,0.8361518632179954,,,,stop
willyA,,,1771307400000.0,2026-02-17,MAGICUSDT,,1.0,False,,,20008407.970814,20008407.970814,,,,,24701248.166249998,,,,0.8100160702871706,,,,tp
willyA,,,1782670200000.0,2026-06-28,MAGICUSDT,,-3.0673580731933976,True,,,20345254.952118,20345254.952118,,,,,17016040.7163,,,,1.1956515203110016,,,,stop
willyA,,,1790942100000.0,2026-10-02,MAGICUSDT,,-2.9255722097053223,False,,,20001122.403428003,20001122.403428003,,,,,20684976.9627,,,,0.9669395542230891,,,,time
willyA,,,1768695000000.0,2026-01-18,MANAUSDT,,1.0,True,,,76161155.5177,76161155.5177,,,,,343325961.26883376,,,,0.2218333715173485,,,,tp
willyA,,,1783079400000.0,2026-07-03,MANAUSDT,,1.0,False,,,20025909.2473,20025909.2473,,,,,142670567.7704498,,,,0.14036468460348978,,,,tp
willyA,,,1790929800000.0,2026-10-02,MANAUSDT,,-3.055399595614442,False,,,20652479.299899995,20652479.299899995,,,,,204620678.8316688,,,,0.10093055803460489,,,,stop
willyA,,,1769837700000.0,2026-01-31,MANTAUSDT,,-2.327318626847334,True,,,20234527.795461003,20234527.795461003,,,,,61943666.35695223,,,,0.32666015729290115,,,,time
willyA,,,1770861600000.0,2026-02-12,MANTAUSDT,,1.0,False,,,20011467.140533,20011467.140533,,,,,55801705.530357644,,,,0.3586174822138047,,,,tp
willyA,,,1782655800000.0,2026-06-28,MANTAUSDT,,1.0,True,,,23570298.080488004,23570298.080488004,,,,,80732895.77983373,,,,0.2919540771182845,,,,tp
willyA,,,1784212200000.0,2026-07-16,MANTRAUSDT,,1.0,False,,,20624642.989306,20624642.989306,,,,,55814329.80894144,,,,0.3695223620870556,,,,tp
willyA,,,1785672300000.0,2026-08-02,MANTRAUSDT,,1.0,True,,,20302519.664893,20302519.664893,,,,,39580226.46298108,,,,0.5129460207581609,,,,tp
willyA,,,1787910300000.0,2026-08-28,MANTRAUSDT,,1.0,False,,,20040127.525539003,20040127.525539003,,,,,30391363.359714344,,,,0.6594020573655293,,,,tp
willyA,,,1775424000000.0,2026-04-05,MASKUSDT,,1.0,False,,,21849818.652500004,21849818.652500004,,,,,44074580.645161286,,,,0.49574648998727977,,,,tp
willyA,,,1777203000000.0,2026-04-26,MASKUSDT,,1.0,False,,,22229908.091300003,22229908.091300003,,,,,65650881.720430106,,,,0.3386079136905515,,,,tp
willyA,,,1782363300000.0,2026-06-25,MAVIAUSDT,,1.0,False,,,20191386.03355,20191386.03355,,,,,6872189.9269897295,,,,2.93812980259039,,,,tp
willyA,,,1773007500000.0,2026-03-08,MBOXUSDT,,-3.072523127381625,True,,,20683170.57562,20683170.57562,,,,,,,,,,,,,stop
willyA,,,1773495300000.0,2026-03-14,MBOXUSDT,,1.0,False,,,20474416.594189998,20474416.594189998,,,,,,,,,,,,,tp
willyA,,,1779173400000.0,2026-05-19,MBOXUSDT,,-3.0703165559770302,False,,,20504930.174780004,20504930.174780004,,,,,,,,,,,,,stop
willyA,,,1777658400000.0,2026-05-01,MEGAUSDT,,1.0,False,,,193563555.39049,193563555.39049,,,,,220815144.56120285,,,,0.876586412472449,,,,tp
willyA,,,1778253600000.0,2026-05-08,MEGAUSDT,,1.0,False,,,45806984.21763,45806984.21763,,,,,158103097.94647703,,,,0.28972856833670096,,,,tp
willyA,,,1781396400000.0,2026-06-14,MEGAUSDT,,-3.0644084215270246,False,,,69611459.72587,69611459.72587,,,,,92799644.44684523,,,,0.7501263624532828,,,,stop
willyA,,,1790870700000.0,2026-10-01,MEGAUSDT,,1.0,False,,,20738210.98702,20738210.98702,,,,,71113660.51526323,,,,0.29162063711470637,,,,tp
willyA,,,1768312200000.0,2026-01-13,MELANIAUSDT,,1.0,False,,,42675511.821614,42675511.821614,,,,,188884093.02212334,,,,0.22593491669314664,,,,tp
willyA,,,1787373000000.0,2026-08-22,MELANIAUSDT,,1.0,False,,,20253422.459367003,20253422.459367003,,,,,128773683.35516767,,,,0.15727920435036805,,,,tp
willyA,,,1768888200000.0,2026-01-20,MEMEUSDT,,-3.0668554790807807,True,,,24349126.269874,24349126.269874,,,,,83032994.56973797,,,,0.29324639435259187,,,,stop
willyA,,,1780224600000.0,2026-05-31,MEMEUSDT,,-3.0517903431665756,False,,,32452972.564542,32452972.564542,,,,,39746514.95548272,,,,0.8164985685132469,,,,stop
willyA,,,1780588500000.0,2026-06-04,MEMEUSDT,,1.0,False,,,35203857.2112279,35203857.2112279,,,,,38340940.75273481,,,,0.9181792757319565,,,,tp
willyA,,,1768915500000.0,2026-01-20,MERLUSDT,,1.0,True,,,58471078.571100004,58471078.571100004,,,,,232196170.7119042,,,,0.25181758334700355,,,,tp
willyA,,,1776666900000.0,2026-04-20,MERLUSDT,,1.0,True,,,24157495.47878,24157495.47878,,,,,59853458.70338784,,,,0.40361068519859206,,,,tp
willyA,,,1776412200000.0,2026-04-17,METISUSDT,,1.0,False,,,23394045.939000003,23394045.939000003,,,,,47985046.006662786,,,,0.48752784223134243,,,,tp
willyA,,,1768551600000.0,2026-01-16,METUSDT,,1.0,False,,,21867407.959199995,21867407.959199995,,,,,168101128.91185653,,,,0.13008483703084542,,,,tp
willyA,,,1776816900000.0,2026-04-22,METUSDT,,1.0,False,,,27616998.6166,27616998.6166,,,,,108016562.65990512,,,,0.25567374054989445,,,,tp
willyA,,,1781860500000.0,2026-06-19,METUSDT,,1.0,True,,,20129585.024600003,20129585.024600003,,,,,68958768.41710323,,,,0.291907548331554,,,,tp
willyA,,,1782018900000.0,2026-06-21,METUSDT,,1.0,False,,,31336120.4494,31336120.4494,,,,,100498926.4308275,,,,0.31180552432038533,,,,tp
willyA,,,1787194800000.0,2026-08-20,METUSDT,,1.0,False,,,20278802.4363,20278802.4363,,,,,123051835.11806042,,,,0.16479886233995433,,,,tp
willyA,,,1789125300000.0,2026-09-11,METUSDT,,1.0,True,,,45467199.3259,45467199.3259,,,,,151257101.87226903,,,,0.3005954680018618,,,,tp
willyA,,,1789266000000.0,2026-09-13,METUSDT,,-3.0760291164463367,False,,,38066398.5144,38066398.5144,,,,,140178480.0609967,,,,0.27155665047756217,,,,stop
willyA,,,1790155200000.0,2026-09-23,METUSDT,,1.0,True,,,50343486.0407,50343486.0407,,,,,218689733.61128885,,,,0.2302050727730241,,,,tp
willyA,,,1791391500000.0,2026-10-07,METUSDT,,1.0,False,,,53375634.8115,53375634.8115,,,,,201167423.60366425,,,,0.2653294149487122,,,,tp
willyA,,,1768502700000.0,2026-01-15,MEUSDT,,-0.6318603697024349,False,,,32664366.236769997,32664366.236769997,,,,,160211872.13502315,,,,0.20388230785569478,,,,time
willyA,,,1768731900000.0,2026-01-18,MEUSDT,,1.0,False,,,23027738.24157,23027738.24157,,,,,189821019.59273097,,,,0.12131289933526322,,,,tp
willyA,,,1773660900000.0,2026-03-16,MEUSDT,,1.0,False,,,23568535.75221,23568535.75221,,,,,94544059.95159188,,,,0.24928626678690843,,,,tp
willyA,,,1779548100000.0,2026-05-23,MEUSDT,,-3.0509622470911753,False,,,22554075.77412,22554075.77412,,,,,74022868.64426962,,,,0.3046906474606884,,,,stop
willyA,,,1782973800000.0,2026-07-02,MEUSDT,,1.0,False,,,20117815.741025,20117815.741025,,,,,51229688.29935095,,,,0.39269838269306595,,,,tp
willyA,,,1790738400000.0,2026-09-30,MEWUSDT,,-0.3534980592121693,False,,,20212805.3603405,20212805.3603405,4443601.899881474,44460134.28077013,,,49709655.6359994,,,,0.40661728796412183,0.45462762736375556,0.09994575976356009,3.3333333333333335,time
willyA,,,1769053500000.0,2026-01-22,MINAUSDT,,1.0,False,,,20182272.120699998,20182272.120699998,,,,,117219795.41436478,,,,0.17217460625448888,,,,tp
willyA,,,1775030700000.0,2026-04-01,MINAUSDT,,-3.057484898326583,False,,,20165367.92097,20165367.92097,,,,,78120739.34215863,,,,0.25813078691752167,,,,stop
willyA,,,1775808000000.0,2026-04-10,MINAUSDT,,-0.5493260880801863,False,,,20002743.142660003,20002743.142660003,,,,,76005882.74722399,,,,0.26317361787881577,,,,time
willyA,,,1789137300000.0,2026-09-11,MINAUSDT,,1.0,False,,,20103440.99219,20103440.99219,,,,,135080017.2679286,,,,0.1488261654002843,,,,tp
willyA,,,1790089500000.0,2026-09-22,MINAUSDT,,1.0,False,,,20188011.633720003,20188011.633720003,,,,,196591395.05962497,,,,0.10269020995347788,,,,tp
willyA,,,1772133000000.0,2026-02-26,MIRAUSDT,,1.0,False,,,20024690.8984,20024690.8984,,,,,41072262.82542991,,,,0.48754778823634,,,,tp
willyA,,,1772374200000.0,2026-03-01,MIRAUSDT,,1.0,False,,,20534114.873,20534114.873,,,,,35636757.40330903,,,,0.5762060403142435,,,,tp
willyA,,,1777183800000.0,2026-04-26,MIRAUSDT,,1.0,False,,,20783981.33734,20783981.33734,,,,,37396997.2386846,,,,0.5557660473296079,,,,tp
willyA,,,1783125000000.0,2026-07-04,MIRAUSDT,,1.0,False,,,31862289.045460004,31862289.045460004,,,,,17832777.39151444,,,,1.786726113713581,,,,tp
willyA,,,1783222200000.0,2026-07-05,MIRAUSDT,,-3.0526040207639755,False,,,69880881.1559,69880881.1559,,,,,19798198.55739391,,,,3.529658567334755,,,,stop
willyA,,,1784688000000.0,2026-07-22,MIRAUSDT,,1.0,False,,,20306613.90089,20306613.90089,,,,,17084045.518798452,,,,1.1886302854055024,,,,tp
willyA,,,1778355300000.0,2026-05-09,MITOUSDT,,-3.061354904890216,False,,,20987964.90245,20987964.90245,,,,,36390170.59836697,,,,0.5767481865938778,,,,stop
willyA,,,1779358200000.0,2026-05-21,MITOUSDT,,1.0,False,,,20111686.34368,20111686.34368,,,,,21873769.81723797,,,,0.9194430823639129,,,,tp
willyA,,,1781427600000.0,2026-06-14,MITOUSDT,,1.0,False,,,20317376.86667,20317376.86667,,,,,11423283.50343235,,,,1.7785934193583872,,,,tp
willyA,,,1781717100000.0,2026-06-17,MITOUSDT,,1.0,False,,,20077675.2581,20077675.2581,,,,,13477491.161139283,,,,1.4897190447426558,,,,tp
willyA,,,1789911900000.0,2026-09-20,MITOUSDT,,1.0,False,,,21221262.59708,21221262.59708,,,,,7772932.884104856,,,,2.730148698501708,,,,tp
willyA,,,1772913300000.0,2026-03-07,MLNUSDT,,1.0,True,,,20657987.84257,20657987.84257,,,,,,,,,,,,,tp
willyA,,,1773284100000.0,2026-03-12,MMTUSDT,,1.0,False,,,20161755.1595,20161755.1595,,,,,41144376.00000001,,,,0.49002457005302485,,,,tp
willyA,,,1775392500000.0,2026-04-05,MMTUSDT,,-3.1151327188456963,False,,,21743432.0318,21743432.0318,,,,,40324879.5,,,,0.539206373370564,,,,stop
willyA,,,1782040200000.0,2026-06-21,MMTUSDT,,1.0,False,,,20064023.5804,20064023.5804,,,,,48604620.0,,,,0.4128007498134951,,,,tp
willyA,,,1782144900000.0,2026-06-22,MMTUSDT,,1.0,True,,,30247744.6825,30247744.6825,,,,,54567163.5,,,,0.5543213673274404,,,,tp
willyA,,,1782290400000.0,2026-06-24,MMTUSDT,,-3.0671915352993446,True,,,48410163.4417,48410163.4417,,,,,53832442.5,,,,0.8992748832026337,,,,stop
willyA,,,1783708500000.0,2026-07-10,MMTUSDT,,1.0,False,,,20140629.8858,20140629.8858,,,,,55895313.00000001,,,,0.3603277055770311,,,,tp
willyA,,,1785423000000.0,2026-07-30,MMTUSDT,,1.0,False,,,24867322.897600003,24867322.897600003,,,,,61688305.49999999,,,,0.403112432673321,,,,tp
willyA,,,1786167600000.0,2026-08-08,MMTUSDT,,1.0,False,,,37677240.3883,37677240.3883,,,,,60529707.0,,,,0.6224586613032838,,,,tp
willyA,,,1786439400000.0,2026-08-11,MMTUSDT,,-3.088205989025143,False,,,43206271.0105,43206271.0105,,,,,67763883.0,,,,0.637600283479918,,,,stop
willyA,,,1770741000000.0,2026-02-10,MONUSDT,,-3.0926245999170305,False,,,38006136.48477,38006136.48477,,,,,790716247.3316519,,,,0.04806545535522429,,,,stop
willyA,,,1770903000000.0,2026-02-12,MOODENGUSDT,,1.0,False,,,22516449.435280003,22516449.435280003,,,,,49049945.390664965,,,,0.459051467966879,,,,tp
willyA,,,1771038900000.0,2026-02-14,MOODENGUSDT,,1.0,False,,,73544834.31063999,73544834.31063999,,,,,59315752.14313544,,,,1.2398870730521667,,,,tp
willyA,,,1776309300000.0,2026-04-16,MOODENGUSDT,,-3.052743265455786,False,,,20029221.63639,20029221.63639,,,,,60039114.97414929,,,,0.3336028794730547,,,,stop
willyA,,,1771037700000.0,2026-02-14,MORPHOUSDT,,-1.82315470715259,False,,,20004542.26664,20004542.26664,,,,,797780982.5720898,,,,0.02507523080099535,,,,time
willyA,,,1781086500000.0,2026-06-10,MORPHOUSDT,,-3.0522900362795853,True,,,40163977.57102001,40163977.57102001,,,,,1278126970.804409,,,,0.031424090476505774,,,,stop
willyA,,,1782910200000.0,2026-07-01,MORPHOUSDT,,1.0,True,,,20885491.26714,20885491.26714,,,,,1306909607.4008694,,,,0.0159808231180397,,,,tp
willyA,,,1768435800000.0,2026-01-15,MOVEUSDT,,1.0,False,,,22706692.918899998,22706692.918899998,,,,,187111998.7046983,,,,0.12135348388178938,,,,tp
willyA,,,1770886500000.0,2026-02-12,MOVEUSDT,,-3.086211924106945,True,,,20013360.658260003,20013360.658260003,,,,,114398684.1395704,,,,0.1749439760499605,,,,stop
willyA,,,1778484000000.0,2026-05-11,MOVEUSDT,,1.0,False,,,23223129.712899998,23223129.712899998,,,,,97760510.7387681,,,,0.2375512314471838,,,,tp
willyA,,,1780916100000.0,2026-06-08,MOVEUSDT,,1.0,False,,,21866661.71859,21866661.71859,,,,,68711159.34169166,,,,0.3182403255612372,,,,tp
willyA,,,1787376900000.0,2026-08-22,MOVEUSDT,,1.0,False,,,20218989.723557,20218989.723557,,,,,40448748.57843694,,,,0.49986687930156776,,,,tp
willyA,,,1776405000000.0,2026-04-17,MOVRUSDT,,1.0,False,,,20535727.89768,20535727.89768,,,,,29097742.16766095,,,,0.7057498750024419,,,,tp
willyA,,,1776589800000.0,2026-04-19,MOVRUSDT,,1.0,True,,,62578251.50549,62578251.50549,,,,,24874684.841863476,,,,2.5157404768470615,,,,tp
willyA,,,1776951300000.0,2026-04-23,MOVRUSDT,,-3.069980802057652,False,,,20408202.27584,20408202.27584,,,,,28709271.018997088,,,,0.7108575575581761,,,,stop
willyA,,,1777448400000.0,2026-04-29,MOVRUSDT,,1.0,False,,,20463092.66132,20463092.66132,,,,,31027566.583604008,,,,0.659513294611166,,,,tp
willyA,,,1786800900000.0,2026-08-15,MOVRUSDT,,1.0,False,,,21892212.747309998,21892212.747309998,,,,,11629071.80516338,,,,1.8825417121932053,,,,tp
willyA,,,1787986500000.0,2026-08-29,MOVRUSDT,,1.0,True,,,81690546.57222301,81690546.57222301,,,,,10469924.022859916,,,,7.802401086565745,,,,tp
willyA,,,1788071400000.0,2026-08-30,MOVRUSDT,,-3.053244259805636,False,,,31702921.299985997,31702921.299985997,,,,,11501252.26592559,,,,2.7564756051748622,,,,stop
willyA,,,1790716800000.0,2026-09-29,MOVRUSDT,,-3.0571873784292087,False,,,20847216.5944,20847216.5944,,,,,15382204.354351344,,,,1.3552814742382944,,,,stop
willyA,,,1791032400000.0,2026-10-03,MOVRUSDT,,1.0,False,,,190668624.24295998,190668624.24295998,,,,,24536339.002704624,,,,7.770866885314175,,,,tp
willyA,,,1791178200000.0,2026-10-05,MOVRUSDT,,1.0,False,,,53938731.062118,53938731.062118,,,,,22632830.374251697,,,,2.383207498584956,,,,tp
willyA,,,1791369600000.0,2026-10-07,MOVRUSDT,,-3.0538012050426095,False,,,66451329.231305,66451329.231305,,,,,25978694.783711422,,,,2.5579163920494508,,,,stop
willyA,,,1768287900000.0,2026-01-13,MTLUSDT,,-2.175695590867148,False,,,20125421.2517,20125421.2517,,,,,39747608.854207665,,,,0.5063303638092819,,,,time
willyA,,,1779516900000.0,2026-05-23,MTLUSDT,,1.0,True,,,20139980.6153,20139980.6153,,,,,31509762.459553227,,,,0.6391663739500486,,,,tp
willyA,,,1789229700000.0,2026-09-12,MTLUSDT,,1.0,False,,,20600460.1428,20600460.1428,,,,,27315949.74954733,,,,0.7541550021756569,,,,tp
willyA,,,1771068000000.0,2026-02-14,MUBARAKUSDT,,1.0,False,,,20050805.8433,20050805.8433,,,,,18390000.0,,,,1.0903102688036976,,,,tp
willyA,,,1777902000000.0,2026-05-04,MUBARAKUSDT,,1.0,True,,,20825331.46383,20825331.46383,,,,,17860000.000000004,,,,1.166031996854983,,,,tp
willyA,,,1786257900000.0,2026-08-09,MUBARAKUSDT,,1.0,False,,,20117922.14826,20117922.14826,,,,,18030000.000000004,,,,1.115802670452579,,,,tp
willyA,,,1787153400000.0,2026-08-19,MUBARAKUSDT,,1.0,False,,,29866109.260309998,29866109.260309998,,,,,22280000.000000004,,,,1.3404896436404845,,,,tp
willyA,,,1787367900000.0,2026-08-22,MUBARAKUSDT,,1.0,False,,,24882546.41799,24882546.41799,,,,,25560000.0,,,,0.9734955562593897,,,,tp
willyA,,,1788363300000.0,2026-09-02,MUBARAKUSDT,,1.0,False,,,20499639.43948,20499639.43948,,,,,26530000.000000004,,,,0.7726965487930643,,,,tp
willyA,,,1788458400000.0,2026-09-03,MUBARAKUSDT,,1.0,False,,,118618131.21782,118618131.21782,,,,,32990000.000000004,,,,3.595578393992725,,,,tp
willyA,,,1789990200000.0,2026-09-21,MUBARAKUSDT,,1.0,False,,,20287997.031449996,20287997.031449996,,,,,44240000.0,,,,0.45858944465302887,,,,tp
willyA,,,1790346600000.0,2026-09-25,MUBARAKUSDT,,1.0,False,,,67603843.42188999,67603843.42188999,,,,,50420000.00000001,,,,1.34081403058092,,,,tp
willyA,,,1791277500000.0,2026-10-06,MUBARAKUSDT,,1.0,False,,,88919357.94462,88919357.94462,,,,,75530000.0,,,,1.177272050107507,,,,tp
willyA,,,1771560600000.0,2026-02-20,MYXUSDT,,1.0,False,,,84854281.34,84854281.34,,,,,479890654.46310014,,,,0.17682003296133086,,,,tp
willyA,,,1776272400000.0,2026-04-15,MYXUSDT,,1.0,True,,,99342656.1856,99342656.1856,,,,,155178087.2583201,,,,0.640184822102024,,,,tp
willyA,,,1776766200000.0,2026-04-21,MYXUSDT,,1.0,False,,,20094976.082599998,20094976.082599998,,,,,100010825.4679402,,,,0.20092800942875638,,,,tp
willyA,,,1779522300000.0,2026-05-23,MYXUSDT,,-3.0812357464692504,True,,,20072017.5275,20072017.5275,,,,,80653891.50640339,,,,0.24886607642368272,,,,stop
willyA,,,1780366800000.0,2026-06-02,MYXUSDT,,1.0,True,,,34019804.6705,34019804.6705,,,,,119972663.61577503,,,,0.28356296880639387,,,,tp
willyA,,,1780463100000.0,2026-06-03,MYXUSDT,,1.0,True,,,38407414.1387,38407414.1387,,,,,165784073.9914122,,,,0.23167131325708373,,,,tp
willyA,,,1786635000000.0,2026-08-13,MYXUSDT,,1.0,False,,,20002576.93658,20002576.93658,,,,,33552018.866663806,,,,0.5961661209142294,,,,tp
willyA,,,1789736100000.0,2026-09-18,MYXUSDT,,1.0,False,,,20236475.370059997,20236475.370059997,,,,,36157139.56232064,,,,0.559681313705148,,,,tp
willyA,,,1768945200000.0,2026-01-20,NAORISUSDT,,-3.0807624377431604,True,,,20343251.10924,20343251.10924,,,,,58275527.454311825,,,,0.34908737849158317,,,,stop
willyA,,,1769069400000.0,2026-01-22,NAORISUSDT,,-3.076061501525755,False,,,195798891.38961,195798891.38961,,,,,68040416.28020063,,,,2.8776850891576093,,,,stop
willyA,,,1770987300000.0,2026-02-13,NAORISUSDT,,1.0,False,,,20000994.217439998,20000994.217439998,,,,,46683183.06365366,,,,0.42844109816094056,,,,tp
willyA,,,1771401600000.0,2026-02-18,NAORISUSDT,,1.0,False,,,20245183.71791,20245183.71791,,,,,72286020.1175436,,,,0.2800705265691693,,,,tp
willyA,,,1771781100000.0,2026-02-22,NAORISUSDT,,1.0,True,,,28006581.205080003,28006581.205080003,,,,,85318177.98347458,,,,0.32826042312465514,,,,tp
willyA,,,1773021900000.0,2026-03-09,NAORISUSDT,,1.0,True,,,58032652.10442001,58032652.10442001,,,,,72359856.70601913,,,,0.8020006498933911,,,,tp
willyA,,,1773106800000.0,2026-03-10,NAORISUSDT,,1.0,False,,,71615962.11948,71615962.11948,,,,,90099097.08726513,,,,0.7948577115053288,,,,tp
willyA,,,1776699300000.0,2026-04-20,NAORISUSDT,,1.0,False,,,20285780.642299995,20285780.642299995,,,,,121867289.27886179,,,,0.16645796228289964,,,,tp
willyA,,,1776800100000.0,2026-04-21,NAORISUSDT,,-3.060657715732777,False,,,39839664.71239,39839664.71239,,,,,137299136.2702475,,,,0.2901668997682048,,,,stop
willyA,,,1777215900000.0,2026-04-26,NAORISUSDT,,1.0,False,,,20126618.67391,20126618.67391,,,,,154263092.47250047,,,,0.13046943602208574,,,,tp
willyA,,,1777439400000.0,2026-04-29,NAORISUSDT,,1.0,False,,,39992309.36955,39992309.36955,,,,,195334694.81201386,,,,0.2047373581433538,,,,tp
willyA,,,1777610100000.0,2026-05-01,NAORISUSDT,,-3.057047438408526,False,,,113921508.58857,113921508.58857,,,,,252151949.64393398,,,,0.4517970562965687,,,,stop
willyA,,,1777706100000.0,2026-05-02,NAORISUSDT,,1.0,False,,,96993109.32376,96993109.32376,,,,,175472652.51209638,,,,0.552753423027407,,,,tp
willyA,,,1777813200000.0,2026-05-03,NAORISUSDT,,1.0,False,,,39200973.06103,39200973.06103,,,,,218925484.82994562,,,,0.17906080277259667,,,,tp
willyA,,,1777936500000.0,2026-05-04,NAORISUSDT,,1.0,True,,,26707018.006980002,26707018.006980002,,,,,282295736.889069,,,,0.09460652258264458,,,,tp
willyA,,,1778842800000.0,2026-05-15,NAORISUSDT,,1.0,False,,,44228004.147369996,44228004.147369996,,,,,111511707.74516875,,,,0.3966220681369323,,,,tp
willyA,,,1781256300000.0,2026-06-12,NAORISUSDT,,1.0,False,,,20335108.202910002,20335108.202910002,,,,,93034101.47916745,,,,0.21857692910017,,,,tp
willyA,,,1788737400000.0,2026-09-06,NAORISUSDT,,-3.0692344578215387,False,,,20004249.91676,20004249.91676,,,,,73319732.356201,,,,0.27283582841758897,,,,stop
willyA,,,1770342300000.0,2026-02-06,NEARUSDT,,1.0,False,,,290757599.893,290757599.893,,,,,1265055930.7850976,,,,0.22983774299414172,,,,tp
willyA,,,1779561300000.0,2026-05-23,NEARUSDT,,-3.0766743840460116,False,,,824913866.208,824913866.208,,,,,3210588468.1607256,,,,0.25693541056059876,,,,stop
willyA,,,1789922700000.0,2026-09-20,NEARUSDT,,-3.0505048102226913,False,,,677740466.708,677740466.708,,,,,5631666433.308114,,,,0.12034456847435944,,,,stop
willyA,,,1776303600000.0,2026-04-16,NEIROUSDT,,-3.070095143940503,False,,,40369229.50230503,40369229.50230503,,,,,37753169.90727135,,,,1.069293773250278,,,,stop
willyA,,,1776638700000.0,2026-04-19,NEIROUSDT,,-1.416241421506241,True,,,50049436.04788696,50049436.04788696,,,,,38014729.47082603,,,,1.3165800926269073,,,,time
willyA,,,1776847500000.0,2026-04-22,NEIROUSDT,,1.0,False,,,23971243.45716793,23971243.45716793,,,,,40499545.32459549,,,,0.5918891993735576,,,,tp
willyA,,,1787228400000.0,2026-08-20,NEIROUSDT,,1.0,False,,,21760404.30047486,21760404.30047486,,,,,36647869.81612093,,,,0.5937699628834289,,,,tp
willyA,,,1773572100000.0,2026-03-15,NEOUSDT,,1.0,False,,,20361613.446879998,20361613.446879998,,,,,300097055.1638324,,,,0.06785009414958755,,,,tp
willyA,,,1772191800000.0,2026-02-27,NEWTUSDT,,1.0,True,,,20572841.55179,20572841.55179,,,,,43498889.14461843,,,,0.47295096395203506,,,,tp
willyA,,,1776771000000.0,2026-04-21,NEWTUSDT,,-3.0545478235327423,False,,,21560134.6982,21560134.6982,,,,,48923042.12297571,,,,0.4406948906407993,,,,stop
willyA,,,1777628100000.0,2026-05-01,NFPUSDT,,-3.103897634255441,False,,,20078873.749059,20078873.749059,,,,,,,,,,,,,stop
willyA,,,1780128300000.0,2026-05-30,NFPUSDT,,1.0,True,,,21302704.337481,21302704.337481,,,,,,,,,,,,,tp
willyA,,,1780675500000.0,2026-06-05,NFPUSDT,,1.0,True,,,20493093.44051,20493093.44051,,,,,,,,,,,,,tp
willyA,,,1782509700000.0,2026-06-26,NFPUSDT,,1.0,True,,,20004330.2291906,20004330.2291906,,,,,,,,,,,,,tp
willyA,,,1782557400000.0,2026-06-27,NFPUSDT,,-3.075389722104553,False,,,21132033.276903402,21132033.276903402,,,,,,,,,,,,,stop
willyA,,,1770804900000.0,2026-02-11,NILUSDT,,1.0,True,,,20144553.268389,20144553.268389,,,,,34164883.035309084,,,,0.5896274618464169,,,,tp
willyA,,,1778771400000.0,2026-05-14,NILUSDT,,1.0,False,,,20079376.186576,20079376.186576,,,,,30403560.234268185,,,,0.6604284508741288,,,,tp
willyA,,,1779304500000.0,2026-05-20,NILUSDT,,1.0,True,,,41552816.095338,41552816.095338,,,,,35746538.83426091,,,,1.1624290756651416,,,,tp
willyA,,,1779596400000.0,2026-05-24,NILUSDT,,-3.0542562722083484,False,,,37297924.683525994,37297924.683525994,,,,,35981272.20371665,,,,1.0365927161317365,,,,stop
willyA,,,1779635700000.0,2026-05-24,NILUSDT,,1.0,False,,,79354356.81249,79354356.81249,,,,,38943383.770658225,,,,2.037685201671646,,,,tp
willyA,,,1785133800000.0,2026-07-27,NILUSDT,,1.0,False,,,20088799.465036,20088799.465036,,,,,23132414.67088898,,,,0.8684263943407854,,,,tp
willyA,,,1786347600000.0,2026-08-10,NILUSDT,,1.0,False,,,45956523.460447006,45956523.460447006,,,,,23970748.13323093,,,,1.9171918709010562,,,,tp
willyA,,,1786557000000.0,2026-08-12,NILUSDT,,-3.07084280285083,True,,,24271548.207098,24271548.207098,,,,,24127237.04620143,,,,1.0059812551524332,,,,stop
willyA,,,1786778700000.0,2026-08-15,NILUSDT,,1.0,False,,,20067596.541308,20067596.541308,,,,,29213126.71774261,,,,0.6869376474213537,,,,tp
willyA,,,1788009900000.0,2026-08-29,NILUSDT,,1.0,True,,,59779369.53334901,59779369.53334901,,,,,31549282.632802192,,,,1.8947933057341733,,,,tp
willyA,,,1790069700000.0,2026-09-22,NILUSDT,,1.0,False,,,49204396.384684,49204396.384684,,,,,46236884.89303322,,,,1.0641806103182765,,,,tp
willyA,,,1790467200000.0,2026-09-27,NILUSDT,,-2.551646653464516,False,,,52251906.365215,52251906.365215,,,,,57738819.99636482,,,,0.9049701114173226,,,,time
willyA,,,1775151000000.0,2026-04-02,NMRUSDT,,1.0,False,,,21930861.2905,21930861.2905,,,,,67617395.5917148,,,,0.32433756282070114,,,,tp
willyA,,,1790596200000.0,2026-09-28,NMRUSDT,,-3.057410315223267,False,,,21396083.1149,21396083.1149,,,,,87355776.63109542,,,,0.24493037484236374,,,,stop
willyA,,,1769282100000.0,2026-01-24,NOMUSDT,,1.0,False,,,20018223.00539,20018223.00539,,,,,23377421.233480178,,,,0.8563058690460147,,,,tp
willyA,,,1769586000000.0,2026-01-28,NOMUSDT,,1.0,False,,,72812891.609173,72812891.609173,,,,,33678941.76211454,,,,2.1619708874309187,,,,tp
willyA,,,1769773800000.0,2026-01-30,NOMUSDT,,-3.0545200905675403,False,,,40972567.269719005,40972567.269719005,,,,,29367758.325991195,,,,1.3951547412952274,,,,stop
willyA,,,1774699200000.0,2026-03-28,NOMUSDT,,-3.08742383773342,True,,,21754972.917342003,21754972.917342003,,,,,6824103.700440529,,,,3.1879604813065217,,,,stop
willyA,,,1775859600000.0,2026-04-10,NOMUSDT,,-3.0509641208789446,False,,,169290852.006661,169290852.006661,,,,,17634018.502202645,,,,9.600242394296856,,,,stop
willyA,,,1779603300000.0,2026-05-24,NOMUSDT,,-0.8138728683738038,False,,,20351333.809514,20351333.809514,,,,,6824103.700440529,,,,2.9822720613404843,,,,time
willyA,,,1780311900000.0,2026-06-01,NOMUSDT,,-3.073060954702304,True,,,20231938.067029,20231938.067029,,,,,7901899.559471367,,,,2.5603891715857885,,,,stop
willyA,,,1782917100000.0,2026-07-01,NOMUSDT,,1.0,False,,,20206319.516125996,20206319.516125996,,,,,4683037.533039647,,,,4.314789145627572,,,,tp
willyA,,,1783057500000.0,2026-07-03,NOMUSDT,,1.0,False,,,37563813.966021,37563813.966021,,,,,5961285.991189428,,,,6.301293717754693,,,,tp
willyA,,,1788583800000.0,2026-09-05,NOMUSDT,,1.0,True,,,20185267.538248997,20185267.538248997,,,,,4633650.660792952,,,,4.356234212700599,,,,tp
willyA,,,1788684000000.0,2026-09-06,NOMUSDT,,1.0,False,,,30674132.539862,30674132.539862,,,,,5423840.616740088,,,,5.655426607704817,,,,tp
willyA,,,1790202600000.0,2026-09-23,NOMUSDT,,1.0,False,,,20004700.682628,20004700.682628,,,,,5542950.1321585905,,,,3.6090349372920607,,,,tp
willyA,,,1768349100000.0,2026-01-14,NOTUSDT,,1.0,False,,,20433649.6220526,20433649.6220526,,,,,70651752.17648734,,,,0.28921645950138014,,,,tp
willyA,,,1777947000000.0,2026-05-05,NOTUSDT,,1.0,False,,,20840104.0688069,20840104.0688069,,,,,49669236.87808845,,,,0.4195776979613814,,,,tp
willyA,,,1778122500000.0,2026-05-07,NOTUSDT,,1.0,False,,,76403460.0374065,76403460.0374065,,,,,62897777.120769724,,,,1.2147243278678128,,,,tp
willyA,,,1773836400000.0,2026-03-18,NXPCUSDT,,1.0,True,,,20656089.4657,20656089.4657,,,,,110394641.93840435,,,,0.1871113407589586,,,,tp
willyA,,,1771275900000.0,2026-02-16,OGNUSDT,,1.0,False,,,20195742.4702,20195742.4702,,,,,38834458.37809212,,,,0.5200469715213828,,,,tp
willyA,,,1773256800000.0,2026-03-11,OGNUSDT,,1.0,False,,,22693979.553999998,22693979.553999998,,,,,39403461.43125097,,,,0.5759387304994823,,,,tp
willyA,,,1783170000000.0,2026-07-04,OGNUSDT,,1.0,False,,,20270029.19781,20270029.19781,,,,,31024891.473486777,,,,0.6533473038941118,,,,tp
willyA,,,1770726600000.0,2026-02-10,OGUSDT,,0.0224809732805543,True,,,24644892.479500003,24644892.479500003,,,,,22746322.69503546,,,,1.0834671085044845,,,,time
willyA,,,1770816600000.0,2026-02-11,OGUSDT,,1.0,False,,,45979781.3528,45979781.3528,,,,,24575852.836879432,,,,1.8709332961093028,,,,tp
willyA,,,1776196200000.0,2026-04-14,OGUSDT,,1.0,False,,,20329216.5664,20329216.5664,,,,,17518377.659574468,,,,1.1604508683079622,,,,tp
willyA,,,1787482200000.0,2026-08-23,OGUSDT,,-1.6533371687463316,False,,,20001321.6562,20001321.6562,,,,,14235248.226950355,,,,1.4050560508199106,,,,time
willyA,,,1770977400000.0,2026-02-13,OMUSDT,,1.0,False,,,20982582.453453,20982582.453453,,,,,,,,,,,,,tp
willyA,,,1771115700000.0,2026-02-15,OMUSDT,,1.0,False,,,133843598.69704598,133843598.69704598,,,,,,,,,,,,,tp
willyA,,,1771266300000.0,2026-02-16,OMUSDT,,-3.0517916479363567,True,,,39853942.738212995,39853942.738212995,,,,,,,,,,,,,stop
willyA,,,1771542900000.0,2026-02-19,OMUSDT,,1.0,True,,,86590581.92174299,86590581.92174299,,,,,,,,,,,,,tp
willyA,,,1778258400000.0,2026-05-08,ONDOUSDT,,1.0,True,,,231926568.22008002,231926568.22008002,,,,,2163157862.496113,,,,0.10721666330558748,,,,tp
willyA,,,1790256000000.0,2026-09-24,ONDOUSDT,,1.0,False,,,352079954.11968,352079954.11968,,,,,2340130209.5968766,,,,0.15045314687011846,,,,tp
willyA,,,1784643900000.0,2026-07-21,ONEUSDT,,-3.100793925342564,False,,,22132391.479551993,22132391.479551993,,,,,25003628.038067855,,,,0.8851672023698152,,,,stop
willyA,,,1786754400000.0,2026-08-15,ONEUSDT,,1.0,False,,,20316581.870591,20316581.870591,,,,,12138565.185551101,,,,1.6737218575696604,,,,tp
willyA,,,1790542200000.0,2026-09-27,ONEUSDT,,1.0,False,,,47068362.5758107,47068362.5758107,,,,,36376343.599692665,,,,1.2939278090667796,,,,tp
willyA,,,1790674800000.0,2026-09-29,ONEUSDT,,1.0,False,,,84638465.2865071,84638465.2865071,,,,,36526183.74350434,,,,2.3171997896319745,,,,tp
willyA,,,1791018900000.0,2026-10-03,ONEUSDT,,1.0,False,,,40850618.5183118,40850618.5183118,,,,,38504376.34917955,,,,1.0609344285401532,,,,tp
willyA,,,1769477100000.0,2026-01-27,ONGUSDT,,1.0,False,,,20512343.348339997,20512343.348339997,,,,,44994376.66518782,,,,0.4558868211682641,,,,tp
willyA,,,1775197200000.0,2026-04-03,ONGUSDT,,1.0,True,,,20326263.303510003,20326263.303510003,,,,,41885990.206018016,,,,0.48527594079868747,,,,tp
willyA,,,1775446800000.0,2026-04-06,ONGUSDT,,1.0,False,,,38285988.38483,38285988.38483,,,,,45250191.07875305,,,,0.8460956179874995,,,,tp
willyA,,,1775727300000.0,2026-04-09,ONGUSDT,,1.0,False,,,20035507.68559,20035507.68559,,,,,41557775.48672679,,,,0.4821121306646737,,,,tp
willyA,,,1775812200000.0,2026-04-10,ONGUSDT,,1.0,False,,,50545852.89329,50545852.89329,,,,,46413422.65741752,,,,1.08903524022295,,,,tp
willyA,,,1782806700000.0,2026-06-30,ONGUSDT,,-3.0691674412489807,False,,,20545315.97222,20545315.97222,,,,,25002238.91071368,,,,0.8217390468745641,,,,stop
willyA,,,1787233500000.0,2026-08-20,ONGUSDT,,1.0,False,,,20271043.810730003,20271043.810730003,,,,,35524416.676226385,,,,0.570622847814297,,,,tp
willyA,,,1788243900000.0,2026-09-01,ONGUSDT,,1.0,False,,,57822738.103599995,57822738.103599995,,,,,51867579.02210988,,,,1.1148146721664332,,,,tp
willyA,,,1774348800000.0,2026-03-24,ONTUSDT,,1.0,False,,,22275132.81604,22275132.81604,,,,,50691557.0358035,,,,0.4394249085761373,,,,tp
willyA,,,1774569900000.0,2026-03-27,ONTUSDT,,-3.1668965082990037,True,,,142551490.51836,142551490.51836,,,,,57190474.604496256,,,,2.4925740082449455,,,,stop
willyA,,,1774675200000.0,2026-03-28,ONTUSDT,,1.0,False,,,45545794.143920004,45545794.143920004,,,,,55490757.70191507,,,,0.8207816225646555,,,,tp
willyA,,,1774830000000.0,2026-03-30,ONTUSDT,,1.0,True,,,102738510.48441,102738510.48441,,,,,66788875.9367194,,,,1.538257816792004,,,,tp
willyA,,,1775396700000.0,2026-04-05,ONTUSDT,,1.0,False,,,74269598.39359,74269598.39359,,,,,89185145.71190675,,,,0.832757493422748,,,,tp
willyA,,,1775882100000.0,2026-04-11,ONTUSDT,,1.0,False,,,60078137.019039996,60078137.019039996,,,,,89385112.40632807,,,,0.6721268833442416,,,,tp
willyA,,,1779159000000.0,2026-05-19,ONTUSDT,,1.0,True,,,20025883.980679996,20025883.980679996,,,,,64689225.64529558,,,,0.30957062448831996,,,,tp
willyA,,,1769239500000.0,2026-01-24,OPENUSDT,,1.0,False,,,20608343.6454,20608343.6454,,,,,69312952.5918,,,,0.29732312468013444,,,,tp
willyA,,,1780502700000.0,2026-06-03,OPNUSDT,,1.0,True,,,25207564.466299996,25207564.466299996,,,,,75352949.1820307,,,,0.3345265811084035,,,,tp
willyA,,,1780829100000.0,2026-06-07,OPNUSDT,,1.0,False,,,142883906.723,142883906.723,,,,,58035287.09423215,,,,2.4620177460481716,,,,tp
willyA,,,1781032500000.0,2026-06-09,OPNUSDT,,1.0,False,,,62856015.423999995,62856015.423999995,,,,,39703908.2012942,,,,1.5831191001482097,,,,tp
willyA,,,1787066100000.0,2026-08-18,OPNUSDT,,-3.061071644883932,False,,,24254784.401019998,24254784.401019998,,,,,26153893.572597202,,,,0.9273871339154259,,,,stop
willyA,,,1790867400000.0,2026-10-01,OPNUSDT,,1.0,False,,,20114491.23511,20114491.23511,,,,,25870897.631162442,,,,0.7774949103768769,,,,tp
willyA,,,1770339000000.0,2026-02-06,OPUSDT,,1.0,True,,,152291657.63892,152291657.63892,,,,,747665113.7519475,,,,0.20368966645332304,,,,tp
willyA,,,1771290900000.0,2026-02-17,ORCAUSDT,,1.0,False,,,20730411.846099995,20730411.846099995,,,,,59334524.03088448,,,,0.34938195232356656,,,,tp
willyA,,,1772711400000.0,2026-03-05,ORCAUSDT,,1.0,False,,,20538097.542099997,20538097.542099997,,,,,62882361.55025695,,,,0.32661142227754125,,,,tp
willyA,,,1777126500000.0,2026-04-25,ORCAUSDT,,1.0,False,,,21239272.407999992,21239272.407999992,,,,,67470082.48047997,,,,0.3147954119389851,,,,tp
willyA,,,1778115900000.0,2026-05-07,ORCAUSDT,,1.0,False,,,57983736.294300005,57983736.294300005,,,,,99033602.4804144,,,,0.585495577683012,,,,tp
willyA,,,1778340900000.0,2026-05-09,ORCAUSDT,,1.0,False,,,34490384.4133,34490384.4133,,,,,108637231.62768127,,,,0.3174821734366774,,,,tp
willyA,,,1781291700000.0,2026-06-12,ORCAUSDT,,1.0,False,,,21096753.358999997,21096753.358999997,,,,,78908799.99983607,,,,0.26735615494144915,,,,tp
willyA,,,1769267400000.0,2026-01-24,ORDERUSDT,,-3.0729602799820883,False,,,20024927.4009,20024927.4009,,,,,58949720.26198913,,,,0.3396950369213559,,,,stop
willyA,,,1774159800000.0,2026-03-22,ORDERUSDT,,1.0,True,,,24519520.032080002,24519520.032080002,,,,,36079417.57126633,,,,0.6795985545954978,,,,tp
willyA,,,1775459400000.0,2026-04-06,ORDERUSDT,,1.0,False,,,20053404.70204,20053404.70204,,,,,36032347.2287076,,,,0.5565389502592023,,,,tp
willyA,,,1775624100000.0,2026-04-08,ORDERUSDT,,1.0,False,,,20181482.474349998,20181482.474349998,,,,,36867845.80912504,,,,0.547400642251654,,,,tp
willyA,,,1776272100000.0,2026-04-15,ORDIUSDT,,1.0,True,,,35676159.036,35676159.036,,,,,64047904.76190476,,,,0.5570230465559262,,,,tp
willyA,,,1777734000000.0,2026-05-02,ORDIUSDT,,1.0,False,,,61958174.316300005,61958174.316300005,,,,,108795142.85714284,,,,0.5694939377730888,,,,tp
willyA,,,1782748500000.0,2026-06-29,ORDIUSDT,,1.0,True,,,38254867.993499994,38254867.993499994,,,,,83874761.9047619,,,,0.4560951008950419,,,,tp
willyA,,,1787221800000.0,2026-08-20,ORDIUSDT,,1.0,False,,,23981184.8045,23981184.8045,,,,,89599714.28571427,,,,0.2676480053053422,,,,tp
willyA,,,1768267500000.0,2026-01-13,PARTIUSDT,,-3.0510827501897526,False,,,21255329.94596,21255329.94596,,,,,65245952.13346521,,,,0.3257723927835511,,,,stop
willyA,,,1770303900000.0,2026-02-05,PARTIUSDT,,1.0,True,,,20120755.137149997,20120755.137149997,,,,,58354340.06763317,,,,0.3448030620144084,,,,tp
willyA,,,1774536300000.0,2026-03-26,PARTIUSDT,,1.0,False,,,20325841.23847,20325841.23847,,,,,71086074.31170188,,,,0.2859328136386348,,,,tp
willyA,,,1775739600000.0,2026-04-09,PARTIUSDT,,1.0,True,,,20213614.70639,20213614.70639,,,,,56606321.84685361,,,,0.3570911171560876,,,,tp
willyA,,,1775832300000.0,2026-04-10,PARTIUSDT,,1.0,False,,,88276404.74706,88276404.74706,,,,,34176770.04075886,,,,2.5829358550203096,,,,tp
willyA,,,1777806300000.0,2026-05-03,PARTIUSDT,,1.0,False,,,20023626.934049997,20023626.934049997,,,,,30600364.945370816,,,,0.6543590891741684,,,,tp
willyA,,,1783766100000.0,2026-07-11,PARTIUSDT,,-3.0765588223537517,False,,,36583921.43642,36583921.43642,,,,,23929766.67756838,,,,1.528803934002146,,,,stop
willyA,,,1791353400000.0,2026-10-07,PARTIUSDT,,1.0,False,,,28405642.701070003,28405642.701070003,,,,,23119382.751459856,,,,1.228650565909955,,,,tp
willyA,,,1777657500000.0,2026-05-01,PENDLEUSDT,,1.0,False,,,96323668.7388,96323668.7388,,,,,444151227.8645364,,,,0.21687133277086915,,,,tp
willyA,,,1777906500000.0,2026-05-04,PENDLEUSDT,,-3.0507676740307783,False,,,64842315.5447,64842315.5447,,,,,513471261.07390887,,,,0.12628226827940545,,,,stop
willyA,,,1787492700000.0,2026-08-23,PENDLEUSDT,,1.0,False,,,23636853.048100002,23636853.048100002,,,,,541758808.2580026,,,,0.04362984539947413,,,,tp
willyA,,,1776356400000.0,2026-04-16,PEOPLEUSDT,,1.0,False,,,20463716.61575,20463716.61575,,,,,43981280.550057575,,,,0.4652824192433208,,,,tp
willyA,,,1786299300000.0,2026-08-09,PEOPLEUSDT,,1.0,False,,,20079288.498475,20079288.498475,,,,,47350814.140586175,,,,0.4240537119142009,,,,tp
willyA,,,1787244900000.0,2026-08-20,PEOPLEUSDT,,1.0,False,,,26560050.862004,26560050.862004,,,,,51439857.159468256,,,,0.5163321270443154,,,,tp
willyA,,,1772462400000.0,2026-03-02,PHAUSDT,,1.0,True,,,20126081.02127,20126081.02127,,,,,22695111.662552428,,,,0.8868024674440619,,,,tp
willyA,,,1773018900000.0,2026-03-09,PHAUSDT,,1.0,True,,,33247474.93027,33247474.93027,,,,,32465665.777095385,,,,1.0240811064384883,,,,tp
willyA,,,1773975000000.0,2026-03-20,PHAUSDT,,1.0,False,,,20616282.346440002,20616282.346440002,,,,,35722517.14860971,,,,0.5771228903236,,,,tp
willyA,,,1779696300000.0,2026-05-25,PHAUSDT,,1.0,False,,,22693824.94354,22693824.94354,,,,,35233989.44288256,,,,0.6440889976517906,,,,tp
willyA,,,1789983900000.0,2026-09-21,PHAUSDT,,-3.052214184162731,False,,,20559675.0257,20559675.0257,,,,,46572974.61265479,,,,0.4414507597312355,,,,stop
willyA,,,1790315400000.0,2026-09-25,PHAUSDT,,1.0,False,,,20827045.75076,20827045.75076,,,,,45887321.692335986,,,,0.45387364053192264,,,,tp
willyA,,,1790662500000.0,2026-09-29,PHAUSDT,,1.0,False,,,32297248.375019997,32297248.375019997,,,,,57277730.83113212,,,,0.5638709478599927,,,,tp
willyA,,,1776549300000.0,2026-04-18,PHBUSDT,,1.0,False,,,20348156.1853,20348156.1853,,,,,,,,,,,,,tp
willyA,,,1778724000000.0,2026-05-14,PHBUSDT,,-3.1360339349078377,False,,,28334545.283299997,28334545.283299997,,,,,,,,,,,,,stop
willyA,,,1778966400000.0,2026-05-16,PHBUSDT,,1.0,False,,,42597960.352199994,42597960.352199994,,,,,,,,,,,,,tp
willyA,,,1770574500000.0,2026-02-08,PIPPINUSDT,,1.0,True,,,366391987.33122003,366391987.33122003,,,,,233986610.35745725,,,,1.5658673236536458,,,,tp
willyA,,,1770739800000.0,2026-02-10,PIPPINUSDT,,-3.050846617538487,False,,,670314593.32851,670314593.32851,,,,,396384483.98748755,,,,1.6910717255765981,,,,stop
willyA,,,1770999000000.0,2026-02-13,PIPPINUSDT,,1.0,False,,,579374282.96882,579374282.96882,,,,,617554159.0901811,,,,0.9381756635278595,,,,tp
willyA,,,1780905000000.0,2026-06-08,PIPPINUSDT,,1.0,False,,,77196100.36717999,77196100.36717999,,,,,20320995.708372347,,,,3.798834539164576,,,,tp
willyA,,,1773158700000.0,2026-03-10,PIXELUSDT,,1.0,False,,,20593800.224912997,20593800.224912997,,,,,21425607.014343835,,,,0.9611769790758335,,,,tp
willyA,,,1774051500000.0,2026-03-21,PIXELUSDT,,-0.196049164419536,False,,,64418382.774408996,64418382.774408996,,,,,32999121.077602442,,,,1.9521241981845332,,,,time
willyA,,,1774621200000.0,2026-03-27,PIXELUSDT,,-3.056279214250483,True,,,55402682.462141,55402682.462141,,,,,35026572.60971776,,,,1.581732905456188,,,,stop
willyA,,,1786865700000.0,2026-08-16,PIXELUSDT,,1.0,False,,,21528746.00829,21528746.00829,,,,,20431008.14953255,,,,1.0537290108605124,,,,tp
willyA,,,1768230900000.0,2026-01-12,PLAYUSDT,,1.0,False,,,21535134.414509997,21535134.414509997,,,,,66465664.670706175,,,,0.3240038976696085,,,,tp
willyA,,,1769601300000.0,2026-01-28,PLAYUSDT,,1.0,False,,,20872581.935020003,20872581.935020003,,,,,110677200.54541697,,,,0.18858971705247307,,,,tp
willyA,,,1769781000000.0,2026-01-30,PLAYUSDT,,-3.054142171785505,False,,,41346970.4884,41346970.4884,,,,,118941449.8563249,,,,0.34762457106706696,,,,stop
willyA,,,1770189300000.0,2026-02-04,PLAYUSDT,,1.0,False,,,25160328.575859997,25160328.575859997,,,,,104204271.23142129,,,,0.24145198923739764,,,,tp
willyA,,,1773153300000.0,2026-03-10,PLAYUSDT,,1.0,False,,,20010066.12537,20010066.12537,,,,,31232708.167021655,,,,0.6406766271551967,,,,tp
willyA,,,1773368400000.0,2026-03-13,PLAYUSDT,,-3.061549166323678,False,,,52166731.47856,52166731.47856,,,,,46475412.68062441,,,,1.122458703853711,,,,stop
willyA,,,1774011600000.0,2026-03-20,PLAYUSDT,,1.0,True,,,20020944.971350003,20020944.971350003,,,,,33210852.94888791,,,,0.6028434440441078,,,,tp
willyA,,,1774736400000.0,2026-03-28,PLAYUSDT,,1.0,True,,,20100886.46178,20100886.46178,,,,,57410157.44705176,,,,0.350127701362231,,,,tp
willyA,,,1775636100000.0,2026-04-08,PLAYUSDT,,1.0,False,,,88281443.97011,88281443.97011,,,,,95632310.51000085,,,,0.9231340694302045,,,,tp
willyA,,,1777082400000.0,2026-04-25,PLAYUSDT,,-3.05788031735265,False,,,44266978.56227,44266978.56227,,,,,190275548.62906858,,,,0.2326467004363549,,,,stop
willyA,,,1778088300000.0,2026-05-06,PLAYUSDT,,1.0,False,,,20955530.000129998,20955530.000129998,,,,,159064819.8485121,,,,0.13174207860724532,,,,tp
willyA,,,1778234400000.0,2026-05-08,PLAYUSDT,,1.0,False,,,101216374.13172999,101216374.13172999,,,,,104940580.67800485,,,,0.9645112832212921,,,,tp
willyA,,,1778410200000.0,2026-05-10,PLAYUSDT,,1.0,False,,,203039597.23267,203039597.23267,,,,,122546069.23661451,,,,1.6568430019622817,,,,tp
willyA,,,1778552400000.0,2026-05-12,PLAYUSDT,,-3.0552600596029085,True,,,51523633.01034,51523633.01034,,,,,117128150.47294748,,,,0.43989111756904387,,,,stop
willyA,,,1778764800000.0,2026-05-14,PLAYUSDT,,1.0,False,,,38300303.96955,38300303.96955,,,,,128359616.95665479,,,,0.29838281601045497,,,,tp
willyA,,,1779175500000.0,2026-05-19,PLAYUSDT,,1.0,False,,,33294887.156659998,33294887.156659998,,,,,128810194.37919098,,,,0.25848021825544826,,,,tp
willyA,,,1779865500000.0,2026-05-27,PLAYUSDT,,-3.053835718825397,False,,,149445913.67166,149445913.67166,,,,,146866260.36033687,,,,1.0175646421784958,,,,stop
willyA,,,1780220700000.0,2026-05-31,PLAYUSDT,,1.0,False,,,58976989.26207,58976989.26207,,,,,128700297.44686508,,,,0.45825060572543824,,,,tp
willyA,,,1772986800000.0,2026-03-08,PLUMEUSDT,,-3.0906303350185333,True,,,60109026.95063999,60109026.95063999,,,,,95456013.78827266,,,,0.6297039292250934,,,,stop
willyA,,,1776149400000.0,2026-04-14,PLUMEUSDT,,1.0,False,,,20490627.27116,20490627.27116,,,,,86336436.45982543,,,,0.23733464237541027,,,,tp
willyA,,,1786789200000.0,2026-08-15,PLUMEUSDT,,1.0,True,,,20035398.70995,20035398.70995,,,,,92660230.95765379,,,,0.21622435539909546,,,,tp
willyA,,,1776306300000.0,2026-04-16,PNUTUSDT,,1.0,False,,,20519299.14745,20519299.14745,,,,,56160147.24106618,,,,0.36537117788120044,,,,tp
willyA,,,1768003500000.0,2026-01-10,POLUSDT,,1.0,False,,,170689814.59594,170689814.59594,,,,,1652507196.1461332,,,,0.1032914198461655,,,,tp
willyA,,,1787296200000.0,2026-08-21,POLUSDT,,1.0,False,,,38504933.81796,38504933.81796,,,,,956793244.6559284,,,,0.04024373503160208,,,,tp
willyA,,,1787388900000.0,2026-08-22,POLUSDT,,-3.05137876244274,False,,,102284135.87650001,102284135.87650001,,,,,1264246360.8216884,,,,0.08090522468264898,,,,stop
willyA,,,1773740100000.0,2026-03-17,POLYXUSDT,,1.0,False,,,22244417.927,22244417.927,,,,,68707977.3559102,,,,0.323753060169025,,,,tp
willyA,,,1775270400000.0,2026-04-04,POLYXUSDT,,1.0,False,,,20024184.322840005,20024184.322840005,,,,,69623729.80666505,,,,0.2876057398597324,,,,tp
willyA,,,1778810700000.0,2026-05-15,POLYXUSDT,,1.0,False,,,20057250.16305,20057250.16305,,,,,82776058.48344833,,,,0.2423073836870427,,,,tp
willyA,,,1782229500000.0,2026-06-23,POPCATUSDT,,1.0,False,,,20002085.19895,20002085.19895,,,,,50263869.35348011,,,,0.3979416120610524,,,,tp
willyA,,,1773222300000.0,2026-03-11,PORTALUSDT,,1.0,False,,,20006638.092476003,20006638.092476003,,,,,13277418.376961486,,,,1.5068168769307462,,,,tp
willyA,,,1776705300000.0,2026-04-20,PORTALUSDT,,1.0,False,,,20021748.231231,20021748.231231,,,,,11963689.645731788,,,,1.6735429306605287,,,,tp
willyA,,,1780136700000.0,2026-05-30,PORTALUSDT,,1.0,False,,,22201078.851496,22201078.851496,,,,,9467605.056395361,,,,2.3449519407761086,,,,tp
willyA,,,1780417200000.0,2026-06-02,PORTALUSDT,,-3.0973507842098775,True,,,188211800.696293,188211800.696293,,,,,17420042.9761058,,,,10.804324705424301,,,,stop
willyA,,,1780576800000.0,2026-06-04,PORTALUSDT,,-3.1037623793161924,False,,,54884113.728549,54884113.728549,,,,,15887359.45633782,,,,3.4545774506697216,,,,stop
willyA,,,1780912500000.0,2026-06-08,PORTALUSDT,,-3.064155743792156,False,,,44479835.195931,44479835.195931,,,,,15204220.516098376,,,,2.925492638628552,,,,stop
willyA,,,1782568800000.0,2026-06-27,PORTALUSDT,,-3.075599303066849,False,,,37111122.388515,37111122.388515,,,,,12410357.414349886,,,,2.9903346978229686,,,,stop
willyA,,,1787142300000.0,2026-08-19,PORTALUSDT,,1.0,False,,,24627919.133077,24627919.133077,,,,,9800416.334973551,,,,2.5129462148654182,,,,tp
willyA,,,1787395200000.0,2026-08-22,PORTALUSDT,,-3.07575606513452,False,,,20457936.607954003,20457936.607954003,,,,,11718460.28256891,,,,1.745787084194412,,,,stop
willyA,,,1787544000000.0,2026-08-24,PORTALUSDT,,1.0,False,,,24440206.704226002,24440206.704226002,,,,,13627746.038622737,,,,1.79341518655832,,,,tp
willyA,,,1787714400000.0,2026-08-26,PORTALUSDT,,-3.0841825408342167,False,,,20218422.112316,20218422.112316,,,,,14074413.807240836,,,,1.436537420969836,,,,stop
willyA,,,1782616800000.0,2026-06-28,POWRUSDT,,1.0,False,,,20408101.4443,20408101.4443,,,,,51525106.04870385,,,,0.3960807266463332,,,,tp
willyA,,,1789261800000.0,2026-09-13,POWRUSDT,,1.0,False,,,21216662.59356,21216662.59356,,,,,71942215.23959152,,,,0.29491255618000434,,,,tp
willyA,,,1789366800000.0,2026-09-14,POWRUSDT,,-3.063976551839935,False,,,53182430.700619996,53182430.700619996,,,,,65806142.96936372,,,,0.8081681785449614,,,,stop
willyA,,,1771809300000.0,2026-02-23,PROMPTUSDT,,1.0,True,,,20699860.461049996,20699860.461049996,,,,,,,,,,,,,tp
willyA,,,1768527000000.0,2026-01-16,PROMUSDT,,-3.0525276909905403,True,,,24406661.5765,24406661.5765,,,,,97843018.24034335,,,,0.2494471451866605,,,,stop
willyA,,,1776522600000.0,2026-04-18,PROMUSDT,,-3.0765957224072533,False,,,20302588.8085,20302588.8085,,,,,41413704.93562231,,,,0.49023840876010527,,,,stop
willyA,,,1784497200000.0,2026-07-19,PROMUSDT,,1.0,False,,,20305928.5104,20305928.5104,,,,,31635200.643776823,,,,0.6418776583417851,,,,tp
willyA,,,1784719500000.0,2026-07-22,PROMUSDT,,1.0,False,,,26637616.177,26637616.177,,,,,31847776.824034333,,,,0.8364042590532593,,,,tp
willyA,,,1784856000000.0,2026-07-24,PROMUSDT,,1.0,True,,,27400388.4706,27400388.4706,,,,,36002674.89270386,,,,0.7610653528455699,,,,tp
willyA,,,1784954100000.0,2026-07-25,PROMUSDT,,1.0,False,,,29806078.382099997,29806078.382099997,,,,,36543777.89699571,,,,0.8156266291381542,,,,tp
willyA,,,1786410900000.0,2026-08-11,PROMUSDT,,1.0,True,,,20653782.733599998,20653782.733599998,,,,,50825032.1888412,,,,0.40637028338438713,,,,tp
willyA,,,1786496700000.0,2026-08-12,PROMUSDT,,1.0,False,,,93287920.93220001,93287920.93220001,,,,,39423218.88412017,,,,2.366319229447212,,,,tp
willyA,,,1786647000000.0,2026-08-13,PROMUSDT,,1.0,True,,,102993565.4935,102993565.4935,,,,,46554183.47639484,,,,2.2123374915537415,,,,tp
willyA,,,1786748700000.0,2026-08-14,PROMUSDT,,-0.805553631999638,False,,,48197162.5275,48197162.5275,,,,,45955105.15021459,,,,1.0487879936289286,,,,time
willyA,,,1787515500000.0,2026-08-23,PROMUSDT,,1.0,False,,,26209344.4009,26209344.4009,,,,,55540358.36909871,,,,0.4718972864151023,,,,tp
willyA,,,1787619600000.0,2026-08-25,PROMUSDT,,1.0,False,,,335325597.94210005,335325597.94210005,,,,,73338782.1888412,,,,4.572282057788536,,,,tp
willyA,,,1787724900000.0,2026-08-26,PROMUSDT,,1.0,False,,,230017051.1546,230017051.1546,,,,,79561466.73819742,,,,2.891060969394735,,,,tp
willyA,,,1787912700000.0,2026-08-28,PROMUSDT,,-3.0544892875978875,False,,,137641244.5967,137641244.5967,,,,,103698525.75107294,,,,1.3273211320969611,,,,stop
willyA,,,1788019800000.0,2026-08-29,PROMUSDT,,1.0,False,,,71389931.6478,71389931.6478,,,,,116085919.52789699,,,,0.6149749421646615,,,,tp
willyA,,,1788157800000.0,2026-08-31,PROMUSDT,,1.0,False,,,292608150.311,292608150.311,,,,,122385904.50643776,,,,2.3908647935482485,,,,tp
willyA,,,1770390300000.0,2026-02-06,PROVEUSDT,,1.0,False,,,20101112.67121,20101112.67121,,,,,189340334.029896,,,,0.10616392315034219,,,,tp
willyA,,,1779346500000.0,2026-05-21,PROVEUSDT,,1.0,False,,,21054461.32669,21054461.32669,,,,,149722927.18124926,,,,0.1406228272654743,,,,tp
willyA,,,1777035900000.0,2026-04-24,PUMPBTCUSDT,,-3.0679656823457897,False,,,20971342.60947,20971342.60947,,,,,,,,,,,,,stop
willyA,,,1787760900000.0,2026-08-26,PUMPBTCUSDT,,1.0,True,,,20023374.567160003,20023374.567160003,,,,,,,,,,,,,tp
willyA,,,1768017900000.0,2026-01-10,PUMPUSDT,,1.0,True,,,295884867.567004,295884867.567004,,,,,1333853130.1290967,,,,0.22182717188538356,,,,tp
willyA,,,1777410300000.0,2026-04-28,PUMPUSDT,,-3.0673805896047996,False,,,95954858.471833,95954858.471833,,,,,1182523604.6032393,,,,0.08114413792528717,,,,stop
willyA,,,1787469600000.0,2026-08-23,PUMPUSDT,,-3.0663067188920463,True,,,764878977.2239771,764878977.2239771,,,,,3226967550.245056,,,,0.23702716724433504,,,,stop
willyA,,,1780197900000.0,2026-05-31,PUNDIXUSDT,,1.0,False,,,20126476.047700003,20126476.047700003,,,,,42683508.55680382,,,,0.47152815521046965,,,,tp
willyA,,,1782519600000.0,2026-06-27,PUNDIXUSDT,,1.0,False,,,20590940.9424,20590940.9424,,,,,24862176.5853528,,,,0.8282034709113466,,,,tp
willyA,,,1770340800000.0,2026-02-06,PYTHUSDT,,1.0,True,,,32005000.676200002,32005000.676200002,,,,,319880306.7758046,,,,0.10005305108898573,,,,tp
willyA,,,1771071600000.0,2026-02-14,PYTHUSDT,,1.0,False,,,25720252.788670003,25720252.788670003,,,,,452615982.4767822,,,,0.05682577236430084,,,,tp
willyA,,,1782828300000.0,2026-06-30,PYTHUSDT,,1.0,False,,,35789017.85796,35789017.85796,,,,,324552982.71038556,,,,0.11027172685051638,,,,tp
willyA,,,1790085900000.0,2026-09-22,PYTHUSDT,,1.0,False,,,34600954.65852,34600954.65852,,,,,540129658.8786796,,,,0.06406046046490448,,,,tp
willyA,,,1778418300000.0,2026-05-10,QTUMUSDT,,-3.094319307698838,False,,,23647518.0052,23647518.0052,,,,,120379499.02202268,,,,0.19644140569877128,,,,stop
willyA,,,1768686600000.0,2026-01-17,RAREUSDT,,1.0,True,,,21138031.190040004,21138031.190040004,,,,,31270000.0,,,,0.6759843680857053,,,,tp
willyA,,,1786536300000.0,2026-08-12,RAREUSDT,,-3.0790724410843335,False,,,20611798.582589995,20611798.582589995,,,,,15580000.0,,,,1.3229652492034656,,,,stop
willyA,,,1790351700000.0,2026-09-25,RAREUSDT,,1.0,False,,,21383219.55152,21383219.55152,,,,,16500000.0,,,,1.2959527000921214,,,,tp
willyA,,,1790549400000.0,2026-09-27,RAREUSDT,,1.0,False,,,121955466.24256,121955466.24256,,,,,21910000.0,,,,5.566201106460976,,,,tp
willyA,,,1770255900000.0,2026-02-05,RAYSOLUSDT,,-1.099079214685077,True,,,20269400.938899998,20269400.938899998,,,,,,,,,,,,,time
willyA,,,1770339000000.0,2026-02-06,RAYSOLUSDT,,1.0,True,,,35730720.42489,35730720.42489,,,,,,,,,,,,,tp
willyA,,,1775033700000.0,2026-04-01,RAYSOLUSDT,,1.0,False,,,21097904.44319,21097904.44319,,,,,,,,,,,,,tp
willyA,,,1777168500000.0,2026-04-26,RAYSOLUSDT,,1.0,False,,,20505271.51231,20505271.51231,,,,,,,,,,,,,tp
willyA,,,1788666000000.0,2026-09-06,RAYSOLUSDT,,1.0,False,,,21175292.891949996,21175292.891949996,,,,,,,,,,,,,tp
willyA,,,1788901200000.0,2026-09-08,RAYSOLUSDT,,-3.0507382657823308,True,,,68446616.49624,68446616.49624,,,,,,,,,,,,,stop
willyA,,,1789702500000.0,2026-09-18,RAYSOLUSDT,,1.0,False,,,38511652.32751,38511652.32751,,,,,,,,,,,,,tp
willyA,,,1774082400000.0,2026-03-21,RDNTUSDT,,1.0,False,,,20457917.327457,20457917.327457,,,,,,,,,,,,,tp
willyA,,,1775469000000.0,2026-04-06,REDUSDT,,1.0,False,,,20508948.8088,20508948.8088,,,,,69781731.78033629,,,,0.29390140206550724,,,,tp
willyA,,,1776235500000.0,2026-04-15,REDUSDT,,1.0,True,,,32807658.722,32807658.722,,,,,88979797.09239173,,,,0.3687090754762492,,,,tp
willyA,,,1776989100000.0,2026-04-24,REDUSDT,,1.0,False,,,26005351.878299996,26005351.878299996,,,,,77169751.29649247,,,,0.3369889294885157,,,,tp
willyA,,,1787030100000.0,2026-08-18,REDUSDT,,-3.131441028919328,False,,,21096223.493699998,21096223.493699998,,,,,58295248.88295483,,,,0.3618858122736037,,,,stop
willyA,,,1787159700000.0,2026-08-19,REDUSDT,,1.0,False,,,25365897.8514,25365897.8514,,,,,54304639.801235445,,,,0.4671036939798083,,,,tp
willyA,,,1787327100000.0,2026-08-21,REDUSDT,,-3.0599865998428384,False,,,23444381.8721,23444381.8721,,,,,74689102.40785609,,,,0.3138929390806821,,,,stop
willyA,,,1789972800000.0,2026-09-21,RENDERUSDT,,0.0531097335392539,False,,,45716055.4204,45716055.4204,,,,,916026922.7233238,,,,0.04990689060152007,,,,time
willyA,,,1768796100000.0,2026-01-19,RESOLVUSDT,,1.0,True,,,21331281.646950003,21331281.646950003,,,,,47681355.05890909,,,,0.44737154849302735,,,,tp
willyA,,,1769414400000.0,2026-01-26,RESOLVUSDT,,1.0,False,,,33848843.82031,33848843.82031,,,,,64125529.236363634,,,,0.5278528570975964,,,,tp
willyA,,,1769532300000.0,2026-01-27,RESOLVUSDT,,1.0,False,,,96123558.53904,96123558.53904,,,,,67381133.02836363,,,,1.4265648886992957,,,,tp
willyA,,,1770825900000.0,2026-02-11,RESOLVUSDT,,1.0,True,,,58964672.79952,58964672.79952,,,,,34383745.312,,,,1.7148996499500364,,,,tp
willyA,,,1772859300000.0,2026-03-07,RESOLVUSDT,,1.0,True,,,33685557.145330004,33685557.145330004,,,,,43589782.82909091,,,,0.7727856153219688,,,,tp
willyA,,,1773042000000.0,2026-03-09,RESOLVUSDT,,1.0,False,,,202993457.54674,202993457.54674,,,,,59369336.136727266,,,,3.4191633384487767,,,,tp
willyA,,,1779794400000.0,2026-05-26,RESOLVUSDT,,-1.1168454286045226,False,,,20043497.34573,20043497.34573,,,,,12134523.224727271,,,,1.6517746082422193,,,,time
willyA,,,1782003000000.0,2026-06-21,RESOLVUSDT,,1.0,False,,,20436159.32555,20436159.32555,,,,,9714887.870545454,,,,2.1035918888482845,,,,tp
willyA,,,1782176700000.0,2026-06-23,RESOLVUSDT,,1.0,False,,,82654946.72938,82654946.72938,,,,,12165677.328,,,,6.794109731904933,,,,tp
willyA,,,1782345600000.0,2026-06-25,RESOLVUSDT,,-3.07045840655598,False,,,30490456.091810003,30490456.091810003,,,,,10976629.05309091,,,,2.77776136410697,,,,stop
willyA,,,1782393900000.0,2026-06-25,RESOLVUSDT,,-3.0627796919802814,True,,,32963976.5522,32963976.5522,,,,,13204147.43709091,,,,2.496486555398726,,,,stop
willyA,,,1791007500000.0,2026-10-03,RESOLVUSDT,,1.0,False,,,20045887.087399997,20045887.087399997,,,,,13401456.757818181,,,,1.4957991097277965,,,,tp
willyA,,,1773597900000.0,2026-03-15,REZUSDT,,1.0,False,,,21778087.739745,21778087.739745,,,,,38076049.91290832,,,,0.5719628950365967,,,,tp
willyA,,,1773877500000.0,2026-03-18,REZUSDT,,1.0,True,,,20080989.324530996,20080989.324530996,,,,,35140651.02445921,,,,0.5714461382788234,,,,tp
willyA,,,1785218100000.0,2026-07-28,REZUSDT,,1.0,False,,,20039593.865385,20039593.865385,,,,,27474959.659719504,,,,0.729376643808677,,,,tp
willyA,,,1789017900000.0,2026-09-10,REZUSDT,,-3.0661050224965942,False,,,21295667.722411,21295667.722411,,,,,35935265.373243205,,,,0.5926119509963991,,,,stop
willyA,,,1789234500000.0,2026-09-12,REZUSDT,,1.0,False,,,20931479.623197,20931479.623197,,,,,37356222.796951056,,,,0.5603210939438285,,,,tp
willyA,,,1778591100000.0,2026-05-12,RIFUSDT,,1.0,False,,,31728281.00847,31728281.00847,,,,,79711614.45783131,,,,0.39803836899144424,,,,tp
willyA,,,1779582900000.0,2026-05-24,RIFUSDT,,1.0,False,,,23780039.332949996,23780039.332949996,,,,,51704289.1566265,,,,0.4599239196754784,,,,tp
willyA,,,1780403700000.0,2026-06-02,RIFUSDT,,1.0,True,,,34205807.56552,34205807.56552,,,,,86167132.53012048,,,,0.3969704754137323,,,,tp
willyA,,,1781334000000.0,2026-06-13,RIFUSDT,,1.0,False,,,48362628.26309,48362628.26309,,,,,79400867.46987951,,,,0.609094457078019,,,,tp
willyA,,,1781472900000.0,2026-06-14,RIFUSDT,,1.0,False,,,182624402.3068,182624402.3068,,,,,116921060.24096385,,,,1.5619461706079936,,,,tp
willyA,,,1782989400000.0,2026-07-02,RIFUSDT,,1.0,False,,,104231731.48484999,104231731.48484999,,,,,106796722.89156626,,,,0.9759824895627127,,,,tp
willyA,,,1783089000000.0,2026-07-03,RIFUSDT,,1.0,False,,,87902118.59922,87902118.59922,,,,,121702554.21686746,,,,0.7222701213204047,,,,tp
willyA,,,1784717100000.0,2026-07-22,RIFUSDT,,1.0,False,,,106379465.3645,106379465.3645,,,,,57949301.20481928,,,,1.835733359208361,,,,tp
willyA,,,1784814900000.0,2026-07-23,RIFUSDT,,1.0,True,,,191999242.77877,191999242.77877,,,,,88613012.04819278,,,,2.1667161327768647,,,,tp
willyA,,,1784913600000.0,2026-07-24,RIFUSDT,,1.0,True,,,532266244.25938004,532266244.25938004,,,,,100631903.61445782,,,,5.28923954672074,,,,tp
willyA,,,1785474300000.0,2026-07-31,RLCUSDT,,1.0,False,,,20043000.672480002,20043000.672480002,,,,,28998056.026254695,,,,0.6911842867788506,,,,tp
willyA,,,1791198000000.0,2026-10-05,RLCUSDT,,1.0,False,,,21809677.09082,21809677.09082,,,,,41597513.95475749,,,,0.5243024165949137,,,,tp
willyA,,,1779129300000.0,2026-05-18,RONINUSDT,,1.0,True,,,20800293.924269997,20800293.924269997,,,,,91836363.28215094,,,,0.22649300539444037,,,,tp
willyA,,,1779855600000.0,2026-05-27,RONINUSDT,,-3.1151338847007866,True,,,20415174.90228,20415174.90228,,,,,84390171.66467923,,,,0.24191412933011716,,,,stop
willyA,,,1768400400000.0,2026-01-14,ROSEUSDT,,1.0,False,,,20350853.41277,20350853.41277,,,,,131341318.20818351,,,,0.15494631613573978,,,,tp
willyA,,,1768784400000.0,2026-01-19,ROSEUSDT,,-0.8350664847566124,True,,,21409771.11147,21409771.11147,,,,,124337660.65830116,,,,0.172190557535961,,,,time
willyA,,,1768963500000.0,2026-01-21,ROSEUSDT,,1.0,False,,,103115635.86453,103115635.86453,,,,,163176125.25310335,,,,0.6319284497323784,,,,tp
willyA,,,1769322300000.0,2026-01-25,ROSEUSDT,,1.0,True,,,31214713.528529998,31214713.528529998,,,,,167723954.83094907,,,,0.18610766458489292,,,,tp
willyA,,,1771268400000.0,2026-02-16,RPLUSDT,,1.0,True,,,20218686.197199997,20218686.197199997,,,,,54495275.60583653,,,,0.37101722988688846,,,,tp
willyA,,,1771407300000.0,2026-02-18,RPLUSDT,,0.4105787765221371,False,,,157574916.932,157574916.932,,,,,54724151.185869455,,,,2.8794401286700646,,,,time
willyA,,,1771585800000.0,2026-02-20,RPLUSDT,,1.0,False,,,20516086.379600003,20516086.379600003,,,,,56806918.96416896,,,,0.3611547106179188,,,,tp
willyA,,,1783038000000.0,2026-07-03,RPLUSDT,,1.0,False,,,20434680.4016,20434680.4016,,,,,44150099.38834888,,,,0.46284562627717823,,,,tp
willyA,,,1783194000000.0,2026-07-04,RPLUSDT,,1.0,False,,,20503316.1365,20503316.1365,,,,,49826213.773165114,,,,0.4114965714601912,,,,tp
willyA,,,1776828000000.0,2026-04-22,RUNEUSDT,,1.0,False,,,30618045.6705,30618045.6705,,,,,169869616.9493758,,,,0.18024439108274865,,,,tp
willyA,,,1778935800000.0,2026-05-16,RUNEUSDT,,1.0,True,,,34619169.6981,34619169.6981,,,,,156917369.15607685,,,,0.22062038054988206,,,,tp
willyA,,,1787812500000.0,2026-08-27,RUNEUSDT,,1.0,False,,,20834675.637,20834675.637,,,,,208726360.32927272,,,,0.09981813319665331,,,,tp
willyA,,,1768288800000.0,2026-01-13,SAFEUSDT,,-3.0629820368051326,False,,,20029662.626399998,20029662.626399998,,,,,165431134.75091767,,,,0.12107553186138614,,,,stop
willyA,,,1768785600000.0,2026-01-19,SAFEUSDT,,1.0,True,,,26809038.3273,26809038.3273,,,,,168860192.65020365,,,,0.1587647029565773,,,,tp
willyA,,,1785115200000.0,2026-07-27,SAFEUSDT,,1.0,False,,,20329886.96838,20329886.96838,,,,,87541339.10201493,,,,0.23223184814078393,,,,tp
willyA,,,1778481900000.0,2026-05-11,SAGAUSDT,,1.0,False,,,20108529.303002,20108529.303002,,,,,23065872.568562362,,,,0.8717870630400051,,,,tp
willyA,,,1778720700000.0,2026-05-14,SAGAUSDT,,1.0,False,,,289191736.356188,289191736.356188,,,,,32076474.782416157,,,,9.015695718368608,,,,tp
willyA,,,1779706200000.0,2026-05-25,SAGAUSDT,,1.0,False,,,34566530.352862,34566530.352862,,,,,25614646.199476406,,,,1.3494830295008557,,,,tp
willyA,,,1782058800000.0,2026-06-21,SAGAUSDT,,1.0,False,,,28425303.964353003,28425303.964353003,,,,,18211569.26321155,,,,1.5608377045120327,,,,tp
willyA,,,1786249800000.0,2026-08-09,SAGAUSDT,,1.0,False,,,20168072.143708006,20168072.143708006,,,,,20834373.663488243,,,,0.9680191240426913,,,,tp
willyA,,,1789057800000.0,2026-09-10,SAGAUSDT,,1.0,True,,,20679242.674727,20679242.674727,,,,,18645178.055192776,,,,1.1090933330597896,,,,tp
willyA,,,1789287600000.0,2026-09-13,SAGAUSDT,,1.0,False,,,20010763.288009,20010763.288009,,,,,19956580.255331125,,,,1.0027150459640197,,,,tp
willyA,,,1789466700000.0,2026-09-15,SAGAUSDT,,1.0,False,,,20106662.924746998,20106662.924746998,,,,,21891956.08295465,,,,0.9184498109057645,,,,tp
willyA,,,1789627500000.0,2026-09-17,SAGAUSDT,,-3.0603003807734437,False,,,43319301.035763994,43319301.035763994,,,,,24038848.394471455,,,,1.8020539222555574,,,,stop
willyA,,,1789751100000.0,2026-09-18,SAGAUSDT,,1.0,False,,,20456041.375257,20456041.375257,,,,,26132861.585014943,,,,0.7827708155385045,,,,tp
willyA,,,1789903500000.0,2026-09-20,SAGAUSDT,,1.0,False,,,28518375.111070998,28518375.111070998,,,,,30405494.55965924,,,,0.9379349201215759,,,,tp
willyA,,,1790140200000.0,2026-09-23,SAGAUSDT,,1.0,False,,,46346518.884267,46346518.884267,,,,,46554778.10491128,,,,0.9955265768816475,,,,tp
willyA,,,1790233200000.0,2026-09-24,SAGAUSDT,,-3.061749658371808,False,,,138816295.100772,138816295.100772,,,,,48278637.44864154,,,,2.8753150966293064,,,,stop
willyA,,,1769647200000.0,2026-01-29,SAHARAUSDT,,1.0,False,,,20984389.497829996,20984389.497829996,,,,,134921400.57559106,,,,0.15553047484170818,,,,tp
willyA,,,1772178600000.0,2026-02-27,SAHARAUSDT,,1.0,True,,,20194268.9445,20194268.9445,,,,,94965062.89586635,,,,0.2126494557966435,,,,tp
willyA,,,1772324700000.0,2026-03-01,SAHARAUSDT,,-3.089279023543261,False,,,372121417.56644,372121417.56644,,,,,107267014.1714762,,,,3.469113225912764,,,,stop
willyA,,,1772800800000.0,2026-03-06,SAHARAUSDT,,0.1115625083916672,True,,,65883262.45595999,65883262.45595999,,,,,122419417.57192248,,,,0.5381765716803301,,,,time
willyA,,,1773030600000.0,2026-03-09,SAHARAUSDT,,1.0,False,,,53070100.66113,53070100.66113,,,,,119668981.3111154,,,,0.4434741574607238,,,,tp
willyA,,,1773462000000.0,2026-03-14,SAHARAUSDT,,-3.073101344515276,False,,,41763545.24076,41763545.24076,,,,,126170012.47302306,,,,0.33101007459826987,,,,stop
willyA,,,1777119600000.0,2026-04-25,SAHARAUSDT,,1.0,False,,,20226478.88367,20226478.88367,,,,,124719782.44459751,,,,0.16217538619148023,,,,tp
willyA,,,1778268000000.0,2026-05-08,SAHARAUSDT,,-3.065073229053254,False,,,60709063.28558,60709063.28558,,,,,155524668.56563684,,,,0.39035005729627165,,,,stop
willyA,,,1778571900000.0,2026-05-12,SAHARAUSDT,,1.0,True,,,64588667.28592,64588667.28592,,,,,216534345.62353936,,,,0.2982837069099979,,,,tp
willyA,,,1780974000000.0,2026-06-09,SAHARAUSDT,,-3.105770057996142,True,,,112512757.11203,112512757.11203,,,,,78462445.33102384,,,,1.4339695460337987,,,,stop
willyA,,,1768656300000.0,2026-01-17,SANDUSDT,,1.0,False,,,100807696.26843,100807696.26843,,,,,453552682.6547685,,,,0.22226237463391207,,,,tp
willyA,,,1790924700000.0,2026-10-02,SANDUSDT,,1.0,False,,,24384844.867220003,24384844.867220003,,,,,152428377.02175122,,,,0.15997575611357676,,,,tp
willyA,,,1791350700000.0,2026-10-07,SANDUSDT,,1.0,False,,,153777699.67824,153777699.67824,,,,,223495398.7730061,,,,0.6880575641488926,,,,tp
willyA,,,1768802100000.0,2026-01-19,SCRTUSDT,,1.0,True,,,20777665.327999998,20777665.327999998,,,,,,,,,,,,,tp
willyA,,,1769134800000.0,2026-01-23,SCRTUSDT,,-3.0595967140956732,False,,,40689814.7238,40689814.7238,,,,,,,,,,,,,stop
willyA,,,1783336800000.0,2026-07-06,SCRTUSDT,,1.0,False,,,20594356.08777,20594356.08777,,,,,,,,,,,,,tp
willyA,,,1786684800000.0,2026-08-14,SCRTUSDT,,1.0,False,,,20283334.09051,20283334.09051,,,,,,,,,,,,,tp
willyA,,,1790910600000.0,2026-10-02,SCRUSDT,,1.0,False,,,20366853.22499,20366853.22499,,,,,15350643.077490797,,,,1.3267752446706713,,,,tp
willyA,,,1789988100000.0,2026-09-21,SEIUSDT,,1.0,False,,,80741669.48043,80741669.48043,,,,,472980324.9883586,,,,0.17070830479559015,,,,tp
willyA,,,1772844000000.0,2026-03-07,SENTUSDT,,-3.065004532797881,True,,,92138399.17055999,92138399.17055999,,,,,244177886.7660462,,,,0.37734129159222524,,,,stop
willyA,,,1774791600000.0,2026-03-29,SENTUSDT,,1.0,True,,,38374061.42519,38374061.42519,,,,,172834848.2893519,,,,0.22202733884399267,,,,tp
willyA,,,1781021700000.0,2026-06-09,SENTUSDT,,1.0,True,,,21989607.0557,21989607.0557,,,,,148118288.00491345,,,,0.14845977057856996,,,,tp
willyA,,,1781136900000.0,2026-06-11,SENTUSDT,,1.0,True,,,29735781.43792,29735781.43792,,,,,143863056.01455224,,,,0.20669504917865866,,,,tp
willyA,,,1781625600000.0,2026-06-16,SENTUSDT,,1.0,False,,,20136738.652039997,20136738.652039997,,,,,166859416.1326745,,,,0.12068086487866364,,,,tp
willyA,,,1783615200000.0,2026-07-09,SENTUSDT,,1.0,True,,,21389378.96672,21389378.96672,,,,,155089625.5210371,,,,0.13791624613742226,,,,tp
willyA,,,1768845000000.0,2026-01-19,SHELLUSDT,,-3.055333810277576,False,,,20242144.116469998,20242144.116469998,,,,,26029295.26694033,,,,0.7776677742858232,,,,stop
willyA,,,1769254200000.0,2026-01-24,SHELLUSDT,,1.0,False,,,20150923.57852,20150923.57852,,,,,26206064.674525663,,,,0.7689412290166661,,,,tp
willyA,,,1772237400000.0,2026-02-28,SIGNUSDT,,1.0,False,,,21377855.62163,21377855.62163,,,,,80306860.14443047,,,,0.2662021100461692,,,,tp
willyA,,,1772647500000.0,2026-03-04,SIGNUSDT,,1.0,False,,,20071093.544699997,20071093.544699997,,,,,76261391.30542915,,,,0.26318813755068626,,,,tp
willyA,,,1773321900000.0,2026-03-12,SIGNUSDT,,1.0,False,,,57084946.8521,57084946.8521,,,,,148764226.4554741,,,,0.3837276488590879,,,,tp
willyA,,,1776345900000.0,2026-04-16,SIGNUSDT,,1.0,False,,,86181731.74293998,86181731.74293998,,,,,64641427.618935995,,,,1.3332275433485938,,,,tp
willyA,,,1769118600000.0,2026-01-22,SKLUSDT,,-1.995841021336191,False,,,20091276.61451,20091276.61451,,,,,68670893.35761285,,,,0.29257339801714816,,,,time
willyA,,,1774957500000.0,2026-03-31,SKLUSDT,,1.0,False,,,20145398.94136,20145398.94136,,,,,43841799.85763806,,,,0.4595020963276054,,,,tp
willyA,,,1783647300000.0,2026-07-10,SKLUSDT,,1.0,False,,,20017471.939999003,20017471.939999003,,,,,25054243.969999727,,,,0.7989653155756039,,,,tp
willyA,,,1784137800000.0,2026-07-15,SKLUSDT,,1.0,False,,,21082632.64984,21082632.64984,,,,,31789995.531579785,,,,0.663184511268546,,,,tp
willyA,,,1784465100000.0,2026-07-19,SKLUSDT,,-0.3972494182710327,False,,,20050825.426517,20050825.426517,,,,,25254377.721133027,,,,0.7939544441729933,,,,time
willyA,,,1772286600000.0,2026-02-28,SKYAIUSDT,,1.0,False,,,22686028.925690003,22686028.925690003,,,,,,,,,,,,,tp
willyA,,,1775295300000.0,2026-04-04,SKYAIUSDT,,-3.0532576052668277,False,,,20128104.69937,20128104.69937,,,,,,,,,,,,,stop
willyA,,,1775906100000.0,2026-04-11,SKYAIUSDT,,1.0,False,,,20475175.841350004,20475175.841350004,,,,,,,,,,,,,tp
willyA,,,1776354300000.0,2026-04-16,SKYAIUSDT,,1.0,False,,,20067675.50667,20067675.50667,,,,,,,,,,,,,tp
willyA,,,1776443400000.0,2026-04-17,SKYAIUSDT,,1.0,False,,,146761136.4045,146761136.4045,,,,,,,,,,,,,tp
willyA,,,1776616800000.0,2026-04-19,SKYAIUSDT,,1.0,True,,,37611927.83463,37611927.83463,,,,,,,,,,,,,tp
willyA,,,1776675300000.0,2026-04-20,SKYAIUSDT,,1.0,False,,,133947928.44532,133947928.44532,,,,,,,,,,,,,tp
willyA,,,1776866400000.0,2026-04-22,SKYAIUSDT,,1.0,False,,,22003331.536059998,22003331.536059998,,,,,,,,,,,,,tp
willyA,,,1776971700000.0,2026-04-23,SKYAIUSDT,,1.0,False,,,28095078.76623,28095078.76623,,,,,,,,,,,,,tp
willyA,,,1777427100000.0,2026-04-29,SKYAIUSDT,,1.0,False,,,67430222.35890001,67430222.35890001,,,,,,,,,,,,,tp
willyA,,,1777708800000.0,2026-05-02,SKYAIUSDT,,1.0,False,,,507708269.11167,507708269.11167,,,,,,,,,,,,,tp
willyA,,,1777797000000.0,2026-05-03,SKYAIUSDT,,1.0,False,,,503516938.77519,503516938.77519,,,,,,,,,,,,,tp
willyA,,,1778051400000.0,2026-05-06,SKYAIUSDT,,1.0,False,,,508847156.93086004,508847156.93086004,,,,,,,,,,,,,tp
willyA,,,1780394400000.0,2026-06-02,SKYAIUSDT,,-3.0598684819951245,True,,,246675523.76224002,246675523.76224002,,,,,,,,,,,,,stop
willyA,,,1783570500000.0,2026-07-09,SKYAIUSDT,,1.0,True,,,62640592.25079,62640592.25079,,,,,,,,,,,,,tp
willyA,,,1785807300000.0,2026-08-04,SKYAIUSDT,,1.0,True,,,95021318.78898,95021318.78898,,,,,,,,,,,,,tp
willyA,,,1785990300000.0,2026-08-06,SKYAIUSDT,,-3.0723295790763756,False,,,101163164.69601001,101163164.69601001,,,,,,,,,,,,,stop
willyA,,,1786080600000.0,2026-08-07,SKYAIUSDT,,-3.057107994166523,True,,,181377833.22561002,181377833.22561002,,,,,,,,,,,,,stop
willyA,,,1786170300000.0,2026-08-08,SKYAIUSDT,,1.0,False,,,164069039.18929,164069039.18929,,,,,,,,,,,,,tp
willyA,,,1786466400000.0,2026-08-11,SKYAIUSDT,,1.0,True,,,45975450.316489995,45975450.316489995,,,,,,,,,,,,,tp
willyA,,,1774925100000.0,2026-03-31,SKYUSDT,,1.0,False,,,25004339.41572,25004339.41572,,,,,1837135857.2514348,,,,0.01361050099644201,,,,tp
willyA,,,1768650000000.0,2026-01-17,SLPUSDT,,1.0,False,,,20074339.3212538,20074339.3212538,,,,,36718883.27516672,,,,0.5467034269756846,,,,tp
willyA,,,1770366600000.0,2026-02-06,SNXUSDT,,0.9275642258580088,True,,,36805380.2865,36805380.2865,,,,,94086729.80079775,,,,0.3911856684191816,,,,time
willyA,,,1771515600000.0,2026-02-19,SNXUSDT,,1.0,True,,,34683721.5143,34683721.5143,,,,,112765712.92301492,,,,0.3075732916970831,,,,tp
willyA,,,1771689300000.0,2026-02-21,SNXUSDT,,1.0,False,,,71636768.7686,71636768.7686,,,,,144243258.55489945,,,,0.496638591545232,,,,tp
willyA,,,1773250500000.0,2026-03-11,SOLVUSDT,,1.0,False,,,20082456.036317002,20082456.036317002,,,,,26524954.404259484,,,,0.7571155723868871,,,,tp
willyA,,,1775113500000.0,2026-04-02,SOLVUSDT,,-3.0657936774548684,True,,,20637429.541069,20637429.541069,,,,,27284076.767615147,,,,0.7563909791356624,,,,stop
willyA,,,1775324100000.0,2026-04-04,SOLVUSDT,,1.0,False,,,22801006.295252003,22801006.295252003,,,,,26768760.126797073,,,,0.8517767049071086,,,,tp
willyA,,,1775571600000.0,2026-04-07,SOLVUSDT,,1.0,True,,,20127493.043950997,20127493.043950997,,,,,23793222.104008824,,,,0.8459338947859356,,,,tp
willyA,,,1777462800000.0,2026-04-29,SOLVUSDT,,1.0,False,,,20069606.408152997,20069606.408152997,,,,,26524954.404259484,,,,0.7566311369391134,,,,tp
willyA,,,1778585100000.0,2026-05-12,SOLVUSDT,,1.0,True,,,20308953.606031,20308953.606031,,,,,29472787.231304828,,,,0.6890747538278169,,,,tp
willyA,,,1788762900000.0,2026-09-07,SOLVUSDT,,1.0,False,,,20022252.409268,20022252.409268,,,,,22092123.085394315,,,,0.9063072992973337,,,,tp
willyA,,,1769233800000.0,2026-01-24,SOMIUSDT,,1.0,False,,,20489262.9127,20489262.9127,,,,,68426585.41553529,,,,0.29943424457430556,,,,tp
willyA,,,1769769900000.0,2026-01-30,SOMIUSDT,,1.0,True,,,120677400.0284,120677400.0284,,,,,83220721.5170743,,,,1.4500883653555052,,,,tp
willyA,,,1770004800000.0,2026-02-02,SOMIUSDT,,1.0,True,,,43235666.751200005,43235666.751200005,,,,,64127688.151561,,,,0.6742121538673862,,,,tp
willyA,,,1777164900000.0,2026-04-26,SOMIUSDT,,1.0,False,,,21310710.724900004,21310710.724900004,,,,,68871298.92560159,,,,0.3094280354421797,,,,tp
willyA,,,1775874300000.0,2026-04-11,SOONUSDT,,-3.0858971462677394,False,,,20735251.1365,20735251.1365,,,,,86036264.39221555,,,,0.24100594421410165,,,,stop
willyA,,,1776402300000.0,2026-04-17,SOONUSDT,,-3.0758552683607205,False,,,26638637.3122,26638637.3122,,,,,131780897.92469636,,,,0.20214338900181217,,,,stop
willyA,,,1776648300000.0,2026-04-20,SOONUSDT,,-1.0591433897028812,True,,,29809927.109300002,29809927.109300002,,,,,109362998.04785147,,,,0.27257781554467586,,,,time
willyA,,,1776862800000.0,2026-04-22,SOONUSDT,,-3.070149506841628,False,,,61286635.5287,61286635.5287,,,,,110090065.07088429,,,,0.5566954246892218,,,,stop
willyA,,,1785110700000.0,2026-07-27,SOONUSDT,,1.0,False,,,20109510.3029,20109510.3029,,,,,122934915.81113052,,,,0.16357850957326875,,,,tp
willyA,,,1785240000000.0,2026-07-28,SOONUSDT,,1.0,True,,,57156807.8141,57156807.8141,,,,,157107065.8936725,,,,0.36380800245345296,,,,tp
willyA,,,1785390000000.0,2026-07-30,SOONUSDT,,1.0,False,,,49289906.6478,49289906.6478,,,,,128569685.2396348,,,,0.3833711388180731,,,,tp
willyA,,,1790477400000.0,2026-09-27,SOONUSDT,,-3.0662448376913938,False,,,21081712.967299998,21081712.967299998,,,,,167346593.13471785,,,,0.12597634987602488,,,,stop
willyA,,,1769922900000.0,2026-02-01,SOPHUSDT,,1.0,False,,,20216851.630862,20216851.630862,,,,,60124081.99308521,,,,0.3362521465722689,,,,tp
willyA,,,1788784200000.0,2026-09-07,SOPHUSDT,,1.0,False,,,28781257.396542,28781257.396542,,,,,22436659.434265707,,,,1.2827781907937106,,,,tp
willyA,,,1789003200000.0,2026-09-10,SOPHUSDT,,1.0,False,,,148608121.672933,148608121.672933,,,,,18104292.963482875,,,,8.208446580746449,,,,tp
willyA,,,1789121100000.0,2026-09-11,SOPHUSDT,,1.0,True,,,49202388.518832,49202388.518832,,,,,18833296.93693191,,,,2.6125212533736772,,,,tp
willyA,,,1777289400000.0,2026-04-27,SPELLUSDT,,1.0,False,,,20023809.651579995,20023809.651579995,,,,,35649291.287314564,,,,0.5616888563141019,,,,tp
willyA,,,1783443000000.0,2026-07-07,SPELLUSDT,,-3.128711536953914,False,,,21607699.471479997,21607699.471479997,,,,,21049499.29629265,,,,1.0265184538278143,,,,stop
willyA,,,1790430900000.0,2026-09-26,SPELLUSDT,,-3.1075282322038196,True,,,20084447.3698159,20084447.3698159,,,,,22691242.973997924,,,,0.8851188713121987,,,,stop
willyA,,,1776711900000.0,2026-04-20,SPKUSDT,,1.0,False,,,76592538.62174,76592538.62174,,,,,135407318.39974898,,,,0.565645487458985,,,,tp
willyA,,,1776824100000.0,2026-04-22,SPKUSDT,,1.0,False,,,20271739.88583,20271739.88583,,,,,146331178.79413533,,,,0.1385332917624419,,,,tp
willyA,,,1787507700000.0,2026-08-23,SPKUSDT,,1.0,False,,,21011182.65693,21011182.65693,,,,,106179923.0334353,,,,0.1978828205621672,,,,tp
willyA,,,1781577000000.0,2026-06-16,SPXUSDT,,1.0,False,,,20699307.5287,20699307.5287,,,,,339716950.301318,,,,0.0609310412987647,,,,tp
willyA,,,1781664600000.0,2026-06-17,SPXUSDT,,1.0,False,,,83210986.58160001,83210986.58160001,,,,,409039334.0161235,,,,0.20343028081089143,,,,tp
willyA,,,1787672700000.0,2026-08-25,SPXUSDT,,1.0,False,,,20114246.330399998,20114246.330399998,,,,,483206830.5712109,,,,0.04162657698075675,,,,tp
willyA,,,1787345100000.0,2026-08-21,SSVUSDT,,1.0,False,,,20009485.243710004,20009485.243710004,,,,,45782374.963015385,,,,0.4370565148678803,,,,tp
willyA,,,1771386300000.0,2026-02-18,STEEMUSDT,,1.0,False,,,20312081.810039997,20312081.810039997,,,,,35255568.958335765,,,,0.5761382502164227,,,,tp
willyA,,,1771902000000.0,2026-02-24,STEEMUSDT,,1.0,True,,,20248804.72661,20248804.72661,,,,,30814939.173933923,,,,0.6571100014936353,,,,tp
willyA,,,1772326500000.0,2026-03-01,STEEMUSDT,,1.0,False,,,20865261.99694,20865261.99694,,,,,36866770.91550812,,,,0.5659639148966791,,,,tp
willyA,,,1777971600000.0,2026-05-05,STEEMUSDT,,1.0,False,,,20158487.248330005,20158487.248330005,,,,,35306094.45525058,,,,0.570963386332076,,,,tp
willyA,,,1789269600000.0,2026-09-13,STEEMUSDT,,1.0,False,,,20434630.316460002,20434630.316460002,,,,,35772051.81568718,,,,0.5712456870449564,,,,tp
willyA,,,1789431300000.0,2026-09-15,STEEMUSDT,,1.0,False,,,45915961.16773,45915961.16773,,,,,32622629.17466388,,,,1.4074880636349902,,,,tp
willyA,,,1770771300000.0,2026-02-11,STGUSDT,,1.0,False,,,51532647.6383,51532647.6383,,,,,,,,,,,,,tp
willyA,,,1774570500000.0,2026-03-27,STGUSDT,,-3.086192375024381,True,,,20772548.9665,20772548.9665,,,,,,,,,,,,,stop
willyA,,,1780145100000.0,2026-05-30,STGUSDT,,-3.09469016126334,False,,,21715164.1135,21715164.1135,,,,,,,,,,,,,stop
willyA,,,1780407600000.0,2026-06-02,STGUSDT,,1.0,True,,,92036401.42469999,92036401.42469999,,,,,,,,,,,,,tp
willyA,,,1780908000000.0,2026-06-08,STGUSDT,,1.0,False,,,20233426.8666,20233426.8666,,,,,,,,,,,,,tp
willyA,,,1781013000000.0,2026-06-09,STGUSDT,,1.0,True,,,26887196.268,26887196.268,,,,,,,,,,,,,tp
willyA,,,1781432700000.0,2026-06-14,STGUSDT,,1.0,False,,,227025675.28109998,227025675.28109998,,,,,,,,,,,,,tp
willyA,,,1786070700000.0,2026-08-07,STGUSDT,,1.0,False,,,20043801.449599996,20043801.449599996,,,,,,,,,,,,,tp
willyA,,,1778038200000.0,2026-05-06,STORJUSDT,,1.0,False,,,23096121.347000003,23096121.347000003,,,,,,,,,,,,,tp
willyA,,,1778862600000.0,2026-05-15,STORJUSDT,,1.0,False,,,20031436.257799998,20031436.257799998,,,,,,,,,,,,,tp
willyA,,,1779192600000.0,2026-05-19,STORJUSDT,,1.0,True,,,26924581.4899,26924581.4899,,,,,,,,,,,,,tp
willyA,,,1786521600000.0,2026-08-12,STORJUSDT,,1.0,True,,,20609154.6407647,20609154.6407647,,,,,,,,,,,,,tp
willyA,,,1786692900000.0,2026-08-14,STORJUSDT,,-3.0671654151337364,False,,,27541453.1149007,27541453.1149007,,,,,,,,,,,,,stop
willyA,,,1787533800000.0,2026-08-24,STORJUSDT,,-3.0506071032595656,False,,,20829976.519399304,20829976.519399304,,,,,,,,,,,,,stop
willyA,,,1768680000000.0,2026-01-17,STOUSDT,,1.0,True,,,24192617.27266,24192617.27266,,,,,50074606.11573268,,,,0.4831314542294332,,,,tp
willyA,,,1768818000000.0,2026-01-19,STOUSDT,,1.0,False,,,120363954.13062999,120363954.13062999,,,,,50500675.499883,,,,2.383412755160252,,,,tp
willyA,,,1768908900000.0,2026-01-20,STOUSDT,,-3.0579815242436954,False,,,28994717.407149997,28994717.407149997,,,,,43656077.00611314,,,,0.6641622288482284,,,,stop
willyA,,,1774005900000.0,2026-03-20,STOUSDT,,-3.057057909335063,True,,,28870727.2813,28870727.2813,,,,,45974260.96718915,,,,0.6279758863748658,,,,stop
willyA,,,1774204500000.0,2026-03-22,STOUSDT,,1.0,True,,,20324485.84324,20324485.84324,,,,,41580706.780090556,,,,0.4887960647405748,,,,tp
willyA,,,1774508100000.0,2026-03-26,STOUSDT,,-3.05972836783938,False,,,21223320.72436,21223320.72436,,,,,42913891.62727063,,,,0.49455595658150814,,,,stop
willyA,,,1774747500000.0,2026-03-29,STOUSDT,,1.0,True,,,37657343.98926,37657343.98926,,,,,59732178.82314021,,,,0.6304364704451659,,,,tp
willyA,,,1774979100000.0,2026-03-31,STOUSDT,,-3.0553451540871563,False,,,67839916.23386,67839916.23386,,,,,59164086.310939774,,,,1.1466401403940216,,,,stop
willyA,,,1775498700000.0,2026-04-06,STOUSDT,,1.0,False,,,275165511.89497,275165511.89497,,,,,66847079.399328046,,,,4.116343067902769,,,,tp
willyA,,,1780511700000.0,2026-06-03,STOUSDT,,1.0,True,,,20053868.34208,20053868.34208,,,,,34190922.73025736,,,,0.5865260934982977,,,,tp
willyA,,,1782063300000.0,2026-06-21,STOUSDT,,1.0,False,,,20472379.21112,20472379.21112,,,,,27227208.064574502,,,,0.751908868605472,,,,tp
willyA,,,1785861300000.0,2026-08-04,STOUSDT,,-3.0647917630313644,False,,,20170066.878960002,20170066.878960002,,,,,20575028.0023564,,,,0.980317833669533,,,,stop
willyA,,,1778232000000.0,2026-05-08,STRKUSDT,,1.0,False,,,82217439.77195999,82217439.77195999,,,,,409597093.62258756,,,,0.20072759561061992,,,,tp
willyA,,,1789720200000.0,2026-09-18,STRKUSDT,,1.0,False,,,20940307.484302,20940307.484302,,,,,261632951.5753786,,,,0.08003696536775462,,,,tp
willyA,,,1789821300000.0,2026-09-19,STRKUSDT,,1.0,False,,,190355403.474675,190355403.474675,,,,,351339956.72343343,,,,0.5417983347237625,,,,tp
willyA,,,1791049200000.0,2026-10-03,STRKUSDT,,-3.0553407830206476,False,,,52038231.207008004,52038231.207008004,,,,,397990594.6259695,,,,0.13075241452857295,,,,stop
willyA,,,1778010600000.0,2026-05-05,STXUSDT,,1.0,False,,,22252214.978499997,22252214.978499997,13420189.274236979,412498258.9286312,,,470497825.1122412,,,,0.04729504323041567,0.05394499127413284,0.032533929498497316,19.833333333333332,tp
willyA,,,1787422200000.0,2026-08-22,STXUSDT,,-3.058594926064499,False,,,81394361.12740001,81394361.12740001,44241063.00509808,352125807.07950056,,,396937019.6380363,,,,0.2050561099129098,0.23115136548064297,0.12563993355678596,18.166666666666668,stop
willyA,,,1787632800000.0,2026-08-25,STXUSDT,,1.0,False,,,41713218.8055,41713218.8055,35793564.41967291,428733505.62241083,,,464489145.45717007,,,,0.08980450719562902,0.097294049236817,0.08348674398029576,4.666666666666667,tp
willyA,,,1778433600000.0,2026-05-10,SUIUSDT,,1.0,False,,,682066919.3297899,682066919.3297899,,,,,5488347228.362683,,,,0.12427546781388105,,,,tp
willyA,,,1774487400000.0,2026-03-26,SUPERUSDT,,1.0,False,,,20382451.5685,20382451.5685,,,,,85922417.30480298,,,,0.23721925206311253,,,,tp
willyA,,,1775479500000.0,2026-04-06,SUPERUSDT,,1.0,False,,,22892944.272,22892944.272,,,,,77428185.93626733,,,,0.29566680395745853,,,,tp
willyA,,,1776666000000.0,2026-04-20,SUPERUSDT,,1.0,True,,,21010110.957100004,21010110.957100004,,,,,87947964.78499226,,,,0.23889252023584337,,,,tp
willyA,,,1779585300000.0,2026-05-24,SUPERUSDT,,1.0,False,,,20414711.208800003,20414711.208800003,,,,,83374147.89424229,,,,0.24485660992536293,,,,tp
willyA,,,1790149800000.0,2026-09-23,SUPERUSDT,,1.0,True,,,20023753.07702,20023753.07702,,,,,125146164.1550488,,,,0.16000293107035815,,,,tp
willyA,,,1773570300000.0,2026-03-15,SUSDT,,-3.0570457049059736,False,,,22220769.0778,22220769.0778,,,,,142787298.01657045,,,,0.1556214690414639,,,,stop
willyA,,,1782591900000.0,2026-06-27,SUSDT,,1.0,False,,,20010123.42295,20010123.42295,,,,,66497341.70223449,,,,0.3009161405662267,,,,tp
willyA,,,1789757100000.0,2026-09-18,SUSDT,,1.0,False,,,20298789.098789997,20298789.098789997,,,,,94344186.79387397,,,,0.2151567551601182,,,,tp
willyA,,,1789934700000.0,2026-09-20,SUSDT,,1.0,False,,,24925177.726230003,24925177.726230003,,,,,117251394.42631184,,,,0.21257894499407898,,,,tp
willyA,,,1790071500000.0,2026-09-22,SUSDT,,1.0,False,,,20071806.21291,20071806.21291,,,,,132185853.87898572,,,,0.1518453421747039,,,,tp
willyA,,,1780577400000.0,2026-06-04,SUSHIUSDT,,1.0,False,,,35922874.859500006,35922874.859500006,,,,,57611705.74365105,,,,0.6235343042843129,,,,tp
willyA,,,1788631800000.0,2026-09-05,SUSHIUSDT,,1.0,False,,,21809146.1773,21809146.1773,,,,,70449408.86798406,,,,0.30957174130684906,,,,tp
willyA,,,1775576700000.0,2026-04-07,SWARMSUSDT,,1.0,True,,,21929270.659307,21929270.659307,,,,,13361685.659147212,,,,1.6412054001805187,,,,tp
willyA,,,1775925900000.0,2026-04-11,SWARMSUSDT,,1.0,False,,,20317684.95234,20317684.95234,,,,,16786836.05707002,,,,1.2103343884020903,,,,tp
willyA,,,1777283100000.0,2026-04-27,SWARMSUSDT,,1.0,False,,,20284088.777023003,20284088.777023003,,,,,23463180.002583306,,,,0.8645072311080474,,,,tp
willyA,,,1777443900000.0,2026-04-29,SWARMSUSDT,,1.0,False,,,91231693.005758,91231693.005758,,,,,20654876.596930895,,,,4.416956575732537,,,,tp
willyA,,,1777557600000.0,2026-04-30,SWARMSUSDT,,1.0,False,,,79087912.962319,79087912.962319,,,,,26714373.55017379,,,,2.9605003768394376,,,,tp
willyA,,,1777998000000.0,2026-05-05,SWARMSUSDT,,1.0,False,,,85245285.61825901,85245285.61825901,,,,,28284983.963231795,,,,3.013800033582166,,,,tp
willyA,,,1768978200000.0,2026-01-21,SXTUSDT,,1.0,False,,,20145096.87435,20145096.87435,,,,,82490540.76948069,,,,0.24421099299912882,,,,tp
willyA,,,1773123900000.0,2026-03-10,SXTUSDT,,1.0,False,,,20237378.748239998,20237378.748239998,,,,,58928886.16025608,,,,0.3434203506444157,,,,tp
willyA,,,1783790400000.0,2026-07-11,SXTUSDT,,1.0,False,,,20291777.88996,20291777.88996,,,,,20985217.377270535,,,,0.96695581109102,,,,tp
willyA,,,1784009400000.0,2026-07-14,SXTUSDT,,1.0,False,,,30411301.155724004,30411301.155724004,,,,,21264888.2775691,,,,1.430118078156227,,,,tp
willyA,,,1776992400000.0,2026-04-24,TACUSDT,,1.0,False,,,47675651.624929994,47675651.624929994,,,,,48777450.56208818,,,,0.977411715363112,,,,tp
willyA,,,1777362900000.0,2026-04-28,TACUSDT,,1.0,True,,,20049668.159201004,20049668.159201004,,,,,62203870.54184482,,,,0.3223218745803527,,,,tp
willyA,,,1777971900000.0,2026-05-05,TACUSDT,,1.0,False,,,28016595.790124997,28016595.790124997,,,,,151002149.50375375,,,,0.18553772831842064,,,,tp
willyA,,,1778794200000.0,2026-05-14,TACUSDT,,-3.058186524206112,True,,,20402398.78749,20402398.78749,,,,,143159052.78326026,,,,0.14251560338540933,,,,stop
willyA,,,1781708700000.0,2026-06-17,TACUSDT,,-3.0518483653860713,False,,,20805803.772043996,20805803.772043996,,,,,131108931.00196569,,,,0.15869097256030604,,,,stop
willyA,,,1782720600000.0,2026-06-29,TACUSDT,,1.0,False,,,21876473.562003005,21876473.562003005,,,,,217509205.679218,,,,0.10057723071393296,,,,tp
willyA,,,1783001700000.0,2026-07-02,TACUSDT,,-3.0518802998765344,False,,,138887095.350593,138887095.350593,,,,,198241030.90074894,,,,0.7005971201800701,,,,stop
willyA,,,1783154700000.0,2026-07-04,TACUSDT,,1.0,False,,,20781528.60352,20781528.60352,,,,,204190966.3438819,,,,0.10177496573732567,,,,tp
willyA,,,1783413000000.0,2026-07-07,TACUSDT,,1.0,False,,,22673615.447578996,22673615.447578996,,,,,238345999.80178574,,,,0.09512899510138588,,,,tp
willyA,,,1783548900000.0,2026-07-08,TACUSDT,,-3.074005500538361,False,,,86508550.539979,86508550.539979,,,,,17675515.291165765,,,,4.89425904223658,,,,stop
willyA,,,1783613700000.0,2026-07-09,TACUSDT,,-3.0803902739982942,False,,,41000852.536368,41000852.536368,,,,,18757321.73537176,,,,2.1858585737776375,,,,stop
willyA,,,1787936400000.0,2026-08-28,TACUSDT,,-3.073135623078908,False,,,52642023.861777,52642023.861777,,,,,14297875.170922594,,,,3.6818074876492424,,,,stop
willyA,,,1788542100000.0,2026-09-04,TACUSDT,,1.0,False,,,20118778.189900998,20118778.189900998,,,,,16665829.276573498,,,,1.2071873445974377,,,,tp
willyA,,,1773427500000.0,2026-03-13,TAGUSDT,,1.0,False,,,20480832.588258598,20480832.588258598,,,,,63358950.11540398,,,,0.32325082014386547,,,,tp
willyA,,,1775175300000.0,2026-04-03,TAGUSDT,,1.0,True,,,23433814.109487697,23433814.109487697,,,,,103343804.20189719,,,,0.22675586882505627,,,,tp
willyA,,,1777653600000.0,2026-05-01,TAGUSDT,,1.0,False,,,38182428.749968804,38182428.749968804,,,,,94903158.4136794,,,,0.40233043228691073,,,,tp
willyA,,,1778057100000.0,2026-05-06,TAGUSDT,,1.0,False,,,42560174.1588395,42560174.1588395,,,,,159528205.39731604,,,,0.2667877699297152,,,,tp
willyA,,,1778092800000.0,2026-05-06,TAGUSDT,,-3.053653320995435,False,,,29182430.584818196,29182430.584818196,,,,,165804583.03470877,,,,0.17600496952915518,,,,stop
willyA,,,1784461800000.0,2026-07-19,TAGUSDT,,1.0,False,,,20282967.852730002,20282967.852730002,,,,,134076411.94361322,,,,0.15127916654914772,,,,tp
willyA,,,1785162900000.0,2026-07-27,TAGUSDT,,1.0,False,,,20129756.267574802,20129756.267574802,,,,,149659142.6295537,,,,0.1345040196936135,,,,tp
willyA,,,1785538800000.0,2026-07-31,TAGUSDT,,-3.117201554974029,False,,,20030896.397856005,20030896.397856005,,,,,154636959.37645137,,,,0.12953498619364587,,,,stop
willyA,,,1769388300000.0,2026-01-26,TAIKOUSDT,,1.0,False,,,21192126.164,21192126.164,,,,,195740377.70323685,,,,0.10826650286804652,,,,tp
willyA,,,1782794100000.0,2026-06-30,TAIKOUSDT,,1.0,False,,,20622056.9747,20622056.9747,,,,,75652655.97592893,,,,0.2725886713251878,,,,tp
willyA,,,1782881700000.0,2026-07-01,TAIKOUSDT,,1.0,False,,,52054777.645500004,52054777.645500004,,,,,75652655.97592893,,,,0.688076009678533,,,,tp
willyA,,,1783073400000.0,2026-07-03,TAIKOUSDT,,-3.0585890565090685,False,,,206582990.62160003,206582990.62160003,,,,,108609387.71716696,,,,1.9020730616728008,,,,stop
willyA,,,1770834900000.0,2026-02-11,TAKEUSDT,,1.0,False,,,20234946.796120003,20234946.796120003,,,,,9646303.151497362,,,,2.0976892886658867,,,,tp
willyA,,,1785587100000.0,2026-08-01,TAKEUSDT,,-3.0692245536936653,False,,,20029278.089220002,20029278.089220002,,,,,11553657.533449661,,,,1.7335876566560922,,,,stop
willyA,,,1785723900000.0,2026-08-03,TAKEUSDT,,-0.8380189145965765,False,,,20024117.63674,20024117.63674,,,,,14816933.149304682,,,,1.3514347021049815,,,,time
willyA,,,1786005300000.0,2026-08-06,TAKEUSDT,,-3.0693672495649955,False,,,20146159.13259,20146159.13259,,,,,24202627.484258067,,,,0.832395538281681,,,,stop
willyA,,,1768645500000.0,2026-01-17,TANSSIUSDT,,1.0,False,,,20031126.569649998,20031126.569649998,,,,,,,,,,,,,tp
willyA,,,1771219800000.0,2026-02-16,TAOUSDT,,-3.053304482254708,False,,,186486003.8391,186486003.8391,92760224.16392064,1822643684.5500345,,,2378578645.696717,,,,0.0784022862462367,0.10231621540725815,0.05089322995504787,5.5,stop
willyA,,,1774638900000.0,2026-03-27,TAUSDT,,-0.3304811456898247,True,,,20129120.60032,20129120.60032,,,,,25614134.92350584,,,,0.7858598645019124,,,,time
willyA,,,1774701900000.0,2026-03-28,TAUSDT,,1.0,False,,,33282302.34406,33282302.34406,,,,,17683097.82371123,,,,1.8821533803557782,,,,tp
willyA,,,1774890900000.0,2026-03-30,TAUSDT,,1.0,True,,,21677681.18841,21677681.18841,,,,,17291737.483439393,,,,1.2536438983746487,,,,tp
willyA,,,1778980500000.0,2026-05-17,TAUSDT,,1.0,True,,,20234522.880260002,20234522.880260002,,,,,25658063.124964923,,,,0.7886223828240607,,,,tp
willyA,,,1780164000000.0,2026-05-30,TAUSDT,,1.0,False,,,20143595.423630003,20143595.423630003,,,,,31843952.584975924,,,,0.6325720831883732,,,,tp
willyA,,,1780339500000.0,2026-06-01,TAUSDT,,-3.053012129604686,True,,,20384537.38671,20384537.38671,,,,,36424465.95530039,,,,0.5596386069661426,,,,stop
willyA,,,1783102800000.0,2026-07-03,TAUSDT,,1.0,False,,,20485250.71509,20485250.71509,,,,,38696752.01259301,,,,0.5293790731693327,,,,tp
willyA,,,1775286600000.0,2026-04-04,THETAUSDT,,-1.654634261903547,False,,,20080203.0108,20080203.0108,,,,,169756819.2325474,,,,0.118288049349537,,,,time
willyA,,,1776491700000.0,2026-04-18,THETAUSDT,,1.0,False,,,21736708.25733,21736708.25733,,,,,258038372.6306056,,,,0.08423827834493108,,,,tp
willyA,,,1789129200000.0,2026-09-11,THETAUSDT,,1.0,True,,,20229119.214670002,20229119.214670002,,,,,190876329.17244568,,,,0.10598024020251441,,,,tp
willyA,,,1770343500000.0,2026-02-06,THEUSDT,,-1.034992245437076,False,,,24019203.404310003,24019203.404310003,,,,,60516293.56544797,,,,0.39690473406692356,,,,time
willyA,,,1773678900000.0,2026-03-16,THEUSDT,,-0.5371859454506843,False,,,74882072.65329,74882072.65329,,,,,47911833.89703978,,,,1.5629139309133515,,,,time
willyA,,,1773885300000.0,2026-03-19,THEUSDT,,1.0,True,,,27841734.207510002,27841734.207510002,,,,,40319383.781817526,,,,0.6905297550719399,,,,tp
willyA,,,1774871700000.0,2026-03-30,THEUSDT,,-1.960075788440856,False,,,20427977.756139997,20427977.756139997,,,,,29178827.89379533,,,,0.7000958993450132,,,,time
willyA,,,1783593600000.0,2026-07-09,THEUSDT,,1.0,False,,,20206115.629952002,20206115.629952002,,,,,15058359.395190805,,,,1.341853723879458,,,,tp
willyA,,,1786295700000.0,2026-08-09,THEUSDT,,-3.0551292785628,False,,,20081004.698533002,20081004.698533002,,,,,18566766.082420956,,,,1.0815564007964602,,,,stop
willyA,,,1776355200000.0,2026-04-16,TIAUSDT,,1.0,False,,,58511366.3652,58511366.3652,27493576.80570826,299874724.0321919,,,436716148.60556597,,,,0.13398031318976114,0.19511936710917568,0.09168354183381189,16.0,tp
willyA,,,1788741300000.0,2026-09-07,TIAUSDT,,1.0,False,,,64762178.53230001,64762178.53230001,86892461.74799076,427450487.3532114,,,518614204.7423493,,,,0.12487544294023772,0.1515080236153425,0.20328076424952038,0.5833333333333334,tp
willyA,,,1782937500000.0,2026-07-01,TLMUSDT,,-3.1079475401299224,False,,,20049487.238133997,20049487.238133997,3274711.2465393194,5721725.919489893,,,11646678.820085475,,,,1.7214767873187433,3.504097805495979,0.5723292748757299,20.416666666666668,stop
willyA,,,1783753800000.0,2026-07-11,TLMUSDT,,-3.063855176196299,False,,,27487119.722834997,27487119.722834997,18052821.0523305,13511731.044151383,,,14313043.018822994,,,,1.9204245866296117,2.034315191222884,1.3360849911340376,7.166666666666667,stop
willyA,,,1783852500000.0,2026-07-12,TLMUSDT,,1.0,True,,,20171902.256333,20171902.256333,15863848.022208458,12400621.154573973,,,14867646.772160396,,,,1.3567649652603262,1.6266848252914,1.279278499396546,10.583333333333334,tp
willyA,,,1771240200000.0,2026-02-16,TNSRUSDT,,-1.9566135677714191,False,,,20103765.297682002,20103765.297682002,,,,,38470237.30163675,,,,0.5225797059699102,,,,time
willyA,,,1775719800000.0,2026-04-09,TNSRUSDT,,1.0,False,,,20346613.66011,20346613.66011,,,,,33817235.00828737,,,,0.6016640229493567,,,,tp
willyA,,,1782022800000.0,2026-06-21,TNSRUSDT,,1.0,False,,,21417615.851707,21417615.851707,,,,,29475787.453648437,,,,0.7266172578217578,,,,tp
willyA,,,1782395400000.0,2026-06-25,TNSRUSDT,,1.0,True,,,20586379.089793,20586379.089793,,,,,25635536.652587164,,,,0.8030406918637845,,,,tp
willyA,,,1788100200000.0,2026-08-30,TNSRUSDT,,-3.0655375249844115,False,,,20567012.331088,20567012.331088,,,,,28202476.782397076,,,,0.7292626278811496,,,,stop
willyA,,,1777935900000.0,2026-05-04,TONUSDT,,1.0,False,,,138583442.97677,138583442.97677,,,,,,,,,,,,,tp
willyA,,,1778029500000.0,2026-05-06,TONUSDT,,-3.0531466420914795,False,,,729203457.15408,729203457.15408,,,,,,,,,,,,,stop
willyA,,,1770902100000.0,2026-02-12,TOSHIUSDT,,-3.079349494644838,False,,,21488332.709031396,21488332.709031396,,,,,,,,,,,,,stop
willyA,,,1771036200000.0,2026-02-14,TOSHIUSDT,,1.0,False,,,20104249.4880791,20104249.4880791,,,,,,,,,,,,,tp
willyA,,,1784354400000.0,2026-07-18,TOSHIUSDT,,-3.054636268085102,False,,,20065190.214721397,20065190.214721397,,,,,,,,,,,,,stop
willyA,,,1773483000000.0,2026-03-14,TOWNSUSDT,,1.0,False,,,20184705.597216997,20184705.597216997,,,,,19319669.389520526,,,,1.044774897036576,,,,tp
willyA,,,1776310500000.0,2026-04-16,TRBUSDT,,1.0,False,,,20816313.7896,20816313.7896,,,,,52682165.79828438,,,,0.3951301825612851,,,,tp
willyA,,,1777606500000.0,2026-05-01,TRBUSDT,,1.0,False,,,20159346.249199998,20159346.249199998,,,,,59830594.612555236,,,,0.3369404295535721,,,,tp
willyA,,,1783281600000.0,2026-07-05,TRBUSDT,,1.0,False,,,20309723.9125,20309723.9125,,,,,49574891.51559657,,,,0.4096776269517491,,,,tp
willyA,,,1787364600000.0,2026-08-22,TRBUSDT,,1.0,False,,,24181784.5273,24181784.5273,,,,,54912158.63504029,,,,0.4403721348493707,,,,tp
willyA,,,1769303700000.0,2026-01-25,TREEUSDT,,-3.1003850199086176,True,,,20269371.097099997,20269371.097099997,,,,,54368576.871,,,,0.37281408239161773,,,,stop
willyA,,,1775488800000.0,2026-04-06,TREEUSDT,,1.0,False,,,21810531.91111,21810531.91111,,,,,32265974.514899995,,,,0.6759607369378596,,,,tp
willyA,,,1777039800000.0,2026-04-24,TREEUSDT,,1.0,False,,,21906209.02365,21906209.02365,,,,,39615294.705,,,,0.5529735216354489,,,,tp
willyA,,,1787153400000.0,2026-08-19,TREEUSDT,,-3.072169705748943,False,,,20356813.828319997,20356813.828319997,,,,,18710258.154349998,,,,1.08800283033974,,,,stop
willyA,,,1776244800000.0,2026-04-15,TRUSTUSDT,,-3.057857703173265,False,,,21607413.607159995,21607413.607159995,,,,,16386822.71294954,,,,1.31858469366883,,,,stop
willyA,,,1775414700000.0,2026-04-05,TRUUSDT,,1.0,False,,,20347281.94059,20347281.94059,,,,,,,,,,,,,tp
willyA,,,1775605800000.0,2026-04-07,TRUUSDT,,-3.0569621932892073,False,,,118679007.85132599,118679007.85132599,,,,,,,,,,,,,stop
willyA,,,1775922600000.0,2026-04-11,TRUUSDT,,1.0,False,,,20312692.257475,20312692.257475,,,,,,,,,,,,,tp
willyA,,,1776102600000.0,2026-04-13,TSTUSDT,,1.0,False,,,20563893.619312,20563893.619312,,,,,10481054.76251686,,,,1.9620061229766825,,,,tp
willyA,,,1778066700000.0,2026-05-06,TSTUSDT,,1.0,False,,,97017141.85787599,97017141.85787599,,,,,18828590.104634076,,,,5.152650374708524,,,,tp
willyA,,,1778172000000.0,2026-05-07,TSTUSDT,,1.0,False,,,31245110.96132,31245110.96132,,,,,20903990.806200337,,,,1.494695977002266,,,,tp
willyA,,,1778319300000.0,2026-05-09,TSTUSDT,,1.0,False,,,37667602.796697006,37667602.796697006,,,,,23176245.232847404,,,,1.6252677005381002,,,,tp
willyA,,,1786112400000.0,2026-08-07,TSTUSDT,,1.0,False,,,21292000.344618,21292000.344618,,,,,14689037.485791896,,,,1.4495163733643461,,,,tp
willyA,,,1786206900000.0,2026-08-08,TSTUSDT,,1.0,False,,,38438337.473728,38438337.473728,,,,,15195232.778856836,,,,2.529631367491284,,,,tp
willyA,,,1786518000000.0,2026-08-12,TSTUSDT,,1.0,True,,,34056439.288341,34056439.288341,,,,,13985988.467646144,,,,2.435039852000731,,,,tp
willyA,,,1773337800000.0,2026-03-12,TURBOUSDT,,-3.0557239548703414,False,,,20645386.2596057,20645386.2596057,,,,,78498642.47567001,,,,0.26300309927021426,,,,stop
willyA,,,1787949900000.0,2026-08-28,TURBOUSDT,,1.0,False,,,20629579.9051904,20629579.9051904,,,,,75457398.95279472,,,,0.2733937319797629,,,,tp
willyA,,,1769535000000.0,2026-01-27,TURTLEUSDT,,1.0,False,,,20342543.159020003,20342543.159020003,,,,,20147232.097607005,,,,1.0096941882868464,,,,tp
willyA,,,1783773900000.0,2026-07-11,TUSDT,,-3.0669096540582625,False,,,22690677.451162998,22690677.451162998,,,,,49141735.03579029,,,,0.4617394447843002,,,,stop
willyA,,,1784265900000.0,2026-07-17,TUSDT,,1.0,True,,,20258197.936344,20258197.936344,,,,,49365309.80847359,,,,0.41037315505445626,,,,tp
willyA,,,1788332100000.0,2026-09-02,TUSDT,,1.0,False,,,20509112.24188,20509112.24188,,,,,48582798.104082026,,,,0.42214761278142154,,,,tp
willyA,,,1789380300000.0,2026-09-14,TUSDT,,1.0,False,,,20410234.444514003,20410234.444514003,,,,,56597953.70477848,,,,0.36061788648713633,,,,tp
willyA,,,1777902600000.0,2026-05-04,TUTUSDT,,-3.0797107611272785,True,,,20507388.25798,20507388.25798,,,,,11764930.239555363,,,,1.7430947604798586,,,,stop
willyA,,,1785954900000.0,2026-08-05,TUTUSDT,,-3.079542975270337,False,,,20104022.211740002,20104022.211740002,,,,,23987477.991964716,,,,0.838104873654263,,,,stop
willyA,,,1786103700000.0,2026-08-07,TUTUSDT,,1.0,False,,,26680366.10157,26680366.10157,,,,,28929747.13078783,,,,0.9222467787551458,,,,tp
willyA,,,1786449300000.0,2026-08-11,TUTUSDT,,1.0,False,,,494201782.97915,494201782.97915,,,,,84085137.90731716,,,,5.877397543474138,,,,tp
willyA,,,1786938600000.0,2026-08-17,TUTUSDT,,1.0,False,,,60185395.32458,60185395.32458,,,,,30019708.843221884,,,,2.004862726647304,,,,tp
willyA,,,1787430900000.0,2026-08-22,TUTUSDT,,1.0,False,,,147596361.62016,147596361.62016,,,,,55613008.28938333,,,,2.6539898876201695,,,,tp
willyA,,,1771253100000.0,2026-02-16,UMAUSDT,,1.0,True,,,20591438.7498,20591438.7498,,,,,75621553.130883,,,,0.27229589842146057,,,,tp
willyA,,,1770818700000.0,2026-02-11,UNIUSDT,,1.0,False,,,122088392.647,122088392.647,,,,,3625612568.3805394,,,,0.03367386623483973,,,,tp
willyA,,,1771156500000.0,2026-02-15,USELESSUSDT,,-3.0572251188799733,False,,,67713936.95953,67713936.95953,,,,,50026648.35946855,,,,1.3535573375407584,,,,stop
willyA,,,1778578800000.0,2026-05-12,USELESSUSDT,,-3.058944505957077,True,,,71963544.02365,71963544.02365,,,,,84028582.66405374,,,,0.8564174444231702,,,,stop
willyA,,,1779341700000.0,2026-05-21,USELESSUSDT,,1.0,False,,,20309119.42944,20309119.42944,,,,,78869110.33577691,,,,0.2575041019605276,,,,tp
willyA,,,1780417200000.0,2026-06-02,USELESSUSDT,,1.0,True,,,46139596.21992999,46139596.21992999,,,,,100407378.15323061,,,,0.45952396196937695,,,,tp
willyA,,,1788193200000.0,2026-08-31,USELESSUSDT,,1.0,False,,,22798617.04908,22798617.04908,,,,,78950043.23504399,,,,0.2887726987204518,,,,tp
willyA,,,1788768600000.0,2026-09-07,USELESSUSDT,,1.0,False,,,204307964.88553998,204307964.88553998,,,,,203758690.51730153,,,,1.00269571014048,,,,tp
willyA,,,1788861000000.0,2026-09-08,USELESSUSDT,,1.0,False,,,199734822.27719998,199734822.27719998,,,,,259592274.3991836,,,,0.7694174363989783,,,,tp
willyA,,,1789038600000.0,2026-09-10,USELESSUSDT,,1.0,True,,,299508227.89795,299508227.89795,,,,,259541691.33714166,,,,1.1539888884706861,,,,tp
willyA,,,1789131000000.0,2026-09-11,USELESSUSDT,,1.0,False,,,169579729.43445998,169579729.43445998,,,,,241463304.963356,,,,0.7023002085563066,,,,tp
willyA,,,1772526000000.0,2026-03-03,USUALUSDT,,1.0,False,,,20270479.62673,20270479.62673,,,,,29376474.746127408,,,,0.6900242388478618,,,,tp
willyA,,,1772562000000.0,2026-03-03,USUALUSDT,,1.0,False,,,28625900.07812,28625900.07812,,,,,31456400.469892327,,,,0.9100182999487985,,,,tp
willyA,,,1787379600000.0,2026-08-22,USUALUSDT,,1.0,False,,,20797590.907617,20797590.907617,,,,,24192507.48984855,,,,0.8596707437765144,,,,tp
willyA,,,1770645300000.0,2026-02-09,VANAUSDT,,1.0,False,,,22345551.954430003,22345551.954430003,,,,,114785541.83831878,,,,0.19467218254634228,,,,tp
willyA,,,1771622700000.0,2026-02-20,VANAUSDT,,-3.056963658911908,False,,,21912954.69917,21912954.69917,,,,,120003066.46733326,,,,0.18260328960122912,,,,stop
willyA,,,1768731000000.0,2026-01-18,VANRYUSDT,,1.0,False,,,22435880.986736,22435880.986736,,,,,,,,,,,,,tp
willyA,,,1783176600000.0,2026-07-04,VANRYUSDT,,1.0,False,,,22537919.318194,22537919.318194,,,,,,,,,,,,,tp
willyA,,,1783749300000.0,2026-07-11,VANRYUSDT,,-3.0582872102931353,False,,,59499435.841445,59499435.841445,,,,,,,,,,,,,stop
willyA,,,1784043000000.0,2026-07-14,VANRYUSDT,,1.0,False,,,23405612.17364,23405612.17364,,,,,,,,,,,,,tp
willyA,,,1784469300000.0,2026-07-19,VANRYUSDT,,-3.056572350648838,False,,,30409246.258399002,30409246.258399002,,,,,,,,,,,,,stop
willyA,,,1778601600000.0,2026-05-12,VICUSDT,,1.0,True,,,20515302.98085,20515302.98085,,,,,,,,,,,,,tp
willyA,,,1778751000000.0,2026-05-14,VICUSDT,,1.0,False,,,28267680.47945,28267680.47945,,,,,,,,,,,,,tp
willyA,,,1778856900000.0,2026-05-15,VICUSDT,,-3.0645015746833466,False,,,20017933.81171,20017933.81171,,,,,,,,,,,,,stop
willyA,,,1780298100000.0,2026-06-01,VICUSDT,,1.0,True,,,22091004.05203,22091004.05203,,,,,,,,,,,,,tp
willyA,,,1780479000000.0,2026-06-03,VICUSDT,,1.0,True,,,20347942.848009996,20347942.848009996,,,,,,,,,,,,,tp
willyA,,,1785763800000.0,2026-08-03,VICUSDT,,1.0,False,,,20510391.04706,20510391.04706,,,,,,,,,,,,,tp
willyA,,,1787583900000.0,2026-08-24,VIRTUALUSDT,,1.0,False,,,71155943.73589,71155943.73589,,,,,827247911.0873058,,,,0.08601525949139613,,,,tp
willyA,,,1771727100000.0,2026-02-22,VTHOUSDT,,1.0,False,,,20116339.1065665,20116339.1065665,,,,,67376829.09620136,,,,0.29856464568619245,,,,tp
willyA,,,1780120200000.0,2026-05-30,VTHOUSDT,,1.0,True,,,20296604.073026296,20296604.073026296,,,,,62078928.56597276,,,,0.32694836302557334,,,,tp
willyA,,,1789002600000.0,2026-09-10,VTHOUSDT,,-3.0623613258546163,False,,,22212888.6629738,22212888.6629738,,,,,64198088.7780642,,,,0.3460054510308678,,,,stop
willyA,,,1789190100000.0,2026-09-12,VTHOUSDT,,1.0,False,,,190617392.6003725,190617392.6003725,,,,,65714742.65534533,,,,2.900679282883373,,,,tp
willyA,,,1768003500000.0,2026-01-10,WALUSDT,,-1.3502326621855287,False,,,71696878.93329999,71696878.93329999,,,,,379754121.6322092,,,,0.1887981587273942,,,,time
willyA,,,1778415000000.0,2026-05-10,WALUSDT,,-3.056493892917149,False,,,20865453.7147,20865453.7147,,,,,227380076.6980968,,,,0.09176465246075205,,,,stop
willyA,,,1773980700000.0,2026-03-20,WAXPUSDT,,1.0,False,,,20083668.74906,20083668.74906,,,,,33093864.589771856,,,,0.6068698533101254,,,,tp
willyA,,,1785753900000.0,2026-08-03,WAXPUSDT,,1.0,False,,,20274788.275475,20274788.275475,,,,,20428937.58669254,,,,0.9924543647674583,,,,tp
willyA,,,1769271000000.0,2026-01-24,WCTUSDT,,1.0,False,,,20271747.801039997,20271747.801039997,,,,,41896870.298884675,,,,0.48384873754113433,,,,tp
willyA,,,1778043900000.0,2026-05-06,WIFUSDT,,1.0,False,,,100657976.49029,100657976.49029,,,,,242155727.89798188,,,,0.4156745634887329,,,,tp
willyA,,,1787625900000.0,2026-08-25,WIFUSDT,,-3.093353834530492,False,,,35410307.84634,35410307.84634,,,,,229147362.34974322,,,,0.15453072417344227,,,,stop
willyA,,,1790003700000.0,2026-09-21,WIFUSDT,,-3.084237362584423,False,,,61261280.88633,61261280.88633,,,,,248059524.56987488,,,,0.24696201846131313,,,,stop
willyA,,,1780483200000.0,2026-06-03,WLDUSDT,,-3.054234183805253,False,,,671100818.5851,671100818.5851,,,,,2909893774.331274,,,,0.23062725674215598,,,,stop
willyA,,,1780585800000.0,2026-06-04,WLDUSDT,,1.0,False,,,1313240659.9934998,1313240659.9934998,,,,,3296960757.536184,,,,0.39831855959816864,,,,tp
willyA,,,1790501100000.0,2026-09-27,WUSDT,,-3.0504480967515386,False,,,33327051.3873087,33327051.3873087,,,,,104899058.45503445,,,,0.3177059153642882,,,,stop
willyA,,,1768548600000.0,2026-01-16,XAIUSDT,,1.0,False,,,20551237.2997,20551237.2997,,,,,39066996.62777436,,,,0.5260511191968432,,,,tp
willyA,,,1773193200000.0,2026-03-11,XAIUSDT,,1.0,False,,,20188796.13763,20188796.13763,,,,,23634687.353815876,,,,0.8542019547540354,,,,tp
willyA,,,1773386700000.0,2026-03-13,XAIUSDT,,-3.106061420214616,False,,,22200296.13296,22200296.13296,,,,,27249652.950866427,,,,0.8147001421628792,,,,stop
willyA,,,1774053600000.0,2026-03-21,XAIUSDT,,1.0,False,,,20044448.14573,20044448.14573,,,,,23655827.503506232,,,,0.8473365872641336,,,,tp
willyA,,,1786087500000.0,2026-08-07,XAIUSDT,,1.0,False,,,20175741.495858002,20175741.495858002,,,,,15563378.202038683,,,,1.2963600340455093,,,,tp
willyA,,,1790272200000.0,2026-09-24,XAIUSDT,,1.0,False,,,23058686.290593,23058686.290593,,,,,25363951.59848684,,,,0.9091125332366834,,,,tp
willyA,,,1773537300000.0,2026-03-15,XANUSDT,,1.0,False,,,20703481.776169,20703481.776169,3559669.235906522,18922232.66143638,,,23321608.179254875,,,,0.8877381704142187,1.0941352506653623,0.18812099500082508,1.25,tp
willyA,,,1773657600000.0,2026-03-16,XANUSDT,,1.0,False,,,313652276.36717,313652276.36717,60232276.87909369,26176991.225055397,,,26836988.4487381,,,,11.687312716413164,11.981983478183567,2.300962565225684,10.666666666666666,tp
willyA,,,1776768300000.0,2026-04-21,XANUSDT,,1.0,False,,,20652208.003618002,20652208.003618002,3073250.4456634386,18526373.252707146,,,24144782.63381714,,,,0.8553486820250995,1.1147464062131114,0.16588516293734734,10.75,tp
willyA,,,1779678000000.0,2026-05-25,XANUSDT,,1.0,False,,,21383091.025585998,21383091.025585998,5527918.411172468,24343847.851343475,,,29914509.96579458,,,,0.7148066623867902,0.8783776154107831,0.22707660863347848,3.0,tp
willyA,,,1786279200000.0,2026-08-09,XANUSDT,,1.0,False,,,21146546.940683,21146546.940683,2416151.5099975113,36092961.12397711,,,47629024.063973375,,,,0.443984468635759,0.5858911622143139,0.06694245733117266,12.666666666666666,tp
willyA,,,1788693000000.0,2026-09-06,XANUSDT,,1.0,False,,,20022790.312641002,20022790.312641002,8485126.580679664,41936463.69443525,,,43240428.33965055,,,,0.4630571685220919,0.4774553824694075,0.20233290633434114,11.166666666666666,tp
willyA,,,1788891900000.0,2026-09-08,XANUSDT,,1.0,False,,,51398107.742736004,51398107.742736004,19352418.960215986,50735599.71021145,,,30885305.371175002,,,,1.6641605813846163,1.0130580506845022,0.38143668490669214,18.416666666666668,tp
willyA,,,1779973500000.0,2026-05-28,XLMUSDT,,1.0,False,,,643885833.65811,643885833.65811,,,,,9591895791.964115,,,,0.06712810977341349,,,,tp
willyA,,,1780083900000.0,2026-05-29,XLMUSDT,,1.0,True,,,960135002.29984,960135002.29984,,,,,11791968356.034184,,,,0.08142279332088946,,,,tp
willyA,,,1780226700000.0,2026-05-31,XLMUSDT,,1.0,False,,,752097688.8822,752097688.8822,,,,,12903020021.867477,,,,0.05828850049117009,,,,tp
willyA,,,1768867500000.0,2026-01-20,XMRUSDT,,-2.3011165629681902,True,,,365797232.4367,365797232.4367,,,,,11754916077.072325,,,,0.031118659634684975,,,,time
willyA,,,1775161200000.0,2026-04-02,XPLUSDT,,1.0,False,,,181785222.43850002,181785222.43850002,,,,,623804999.954132,,,,0.2914135386088066,,,,tp
willyA,,,1781700900000.0,2026-06-17,XPLUSDT,,1.0,True,,,90287518.37037,90287518.37037,,,,,486713499.9642122,,,,0.18550444640842878,,,,tp
willyA,,,1790325300000.0,2026-09-25,XPLUSDT,,1.0,False,,,324171277.77738,324171277.77738,,,,,559194999.9588827,,,,0.5797106157980957,,,,tp
willyA,,,1789795800000.0,2026-09-19,XTZUSDT,,-3.078893405436105,False,,,20180820.19275,20180820.19275,,,,,374559508.93639237,,,,0.05387880887086784,,,,stop
willyA,,,1790517000000.0,2026-09-27,XVGUSDT,,-1.845323968260264,False,,,20012394.012730002,20012394.012730002,,,,,58367031.21835651,,,,0.34287154229006045,,,,time
willyA,,,1770581100000.0,2026-02-08,YALAUSDT,,-3.144245087436463,False,,,20058218.78048,20058218.78048,,,,,,,,,,,,,stop
willyA,,,1770641700000.0,2026-02-09,YALAUSDT,,1.0,False,,,38419160.794709995,38419160.794709995,,,,,,,,,,,,,tp
willyA,,,1775191200000.0,2026-04-03,YBUSDT,,1.0,True,,,21306027.6353,21306027.6353,,,,,26946455.34859686,,,,0.7906801603280053,,,,tp
willyA,,,1784507700000.0,2026-07-20,YBUSDT,,1.0,False,,,20036608.969370004,20036608.969370004,,,,,17897674.194446072,,,,1.1195090910520473,,,,tp
willyA,,,1771635300000.0,2026-02-21,YGGUSDT,,-3.0537180639464685,False,,,21799234.38637,21799234.38637,,,,,49564892.30706706,,,,0.4398119994151954,,,,stop
willyA,,,1771755000000.0,2026-02-22,YGGUSDT,,-3.0573631732976043,False,,,130248048.32867,130248048.32867,,,,,46964668.060048565,,,,2.7733198957594274,,,,stop
willyA,,,1776147900000.0,2026-04-14,ZAMAUSDT,,-3.0805416232715306,False,,,20197795.58571,20197795.58571,,,,,73406571.3770589,,,,0.2751496930971256,,,,stop
willyA,,,1780133700000.0,2026-05-30,ZAMAUSDT,,1.0,True,,,23009974.67847,23009974.67847,,,,,87644695.38808456,,,,0.2625369918462657,,,,tp
willyA,,,1784829300000.0,2026-07-23,ZAMAUSDT,,1.0,True,,,135997225.92789,135997225.92789,,,,,147908383.06265822,,,,0.9194693573945548,,,,tp
willyA,,,1784954700000.0,2026-07-25,ZAMAUSDT,,1.0,False,,,79517340.37531,79517340.37531,,,,,156288244.95823503,,,,0.5087864438976806,,,,tp
willyA,,,1785081000000.0,2026-07-26,ZAMAUSDT,,1.0,False,,,64646990.97879,64646990.97879,,,,,139834169.62527874,,,,0.4623118308781614,,,,tp
willyA,,,1785356400000.0,2026-07-29,ZAMAUSDT,,-3.058752105960864,False,,,47577136.07825,47577136.07825,,,,,152824229.09866527,,,,0.31131932651551997,,,,stop
willyA,,,1787384700000.0,2026-08-22,ZAMAUSDT,,1.0,False,,,50557239.10688001,50557239.10688001,,,,,165101108.83625808,,,,0.306219864077479,,,,tp
willyA,,,1789806600000.0,2026-09-19,ZAMAUSDT,,1.0,False,,,52794559.52645,52794559.52645,,,,,185961616.10822588,,,,0.2839003049732835,,,,tp
willyA,,,1789908300000.0,2026-09-20,ZAMAUSDT,,1.0,False,,,247745449.04208001,247745449.04208001,,,,,231579648.49417746,,,,1.0698066546564822,,,,tp
willyA,,,1774948200000.0,2026-03-31,ZBTUSDT,,-3.0561424814269973,False,,,21178460.02976,21178460.02976,,,,,30056248.592757083,,,,0.7046275241037085,,,,stop
willyA,,,1776185100000.0,2026-04-14,ZBTUSDT,,-1.5001615462545237,False,,,20045598.37776,20045598.37776,,,,,36776303.2913583,,,,0.5450683343279453,,,,time
willyA,,,1777060200000.0,2026-04-24,ZBTUSDT,,1.0,False,,,37431953.09269,37431953.09269,,,,,48213988.89085223,,,,0.776371214118566,,,,tp
willyA,,,1777153200000.0,2026-04-25,ZBTUSDT,,-3.0507762951499746,False,,,114073986.73215999,114073986.73215999,,,,,57831590.607991904,,,,1.9725203047829674,,,,stop
willyA,,,1777349100000.0,2026-04-28,ZBTUSDT,,1.0,True,,,299967585.26589,299967585.26589,,,,,68380783.52903238,,,,4.386723429960889,,,,tp
willyA,,,1777511700000.0,2026-04-30,ZBTUSDT,,1.0,False,,,112791056.59979999,112791056.59979999,,,,,64992576.374631576,,,,1.735445229154287,,,,tp
willyA,,,1777646100000.0,2026-05-01,ZBTUSDT,,1.0,False,,,87110492.08109,87110492.08109,,,,,68662581.5800344,,,,1.2686748746775909,,,,tp
willyA,,,1782902100000.0,2026-07-01,ZBTUSDT,,1.0,True,,,55705302.81974,55705302.81974,,,,,46324284.313544534,,,,1.2025075755666363,,,,tp
willyA,,,1784001900000.0,2026-07-14,ZBTUSDT,,1.0,False,,,39511747.03197999,39511747.03197999,,,,,48233880.51798178,,,,0.819169981922766,,,,tp
willyA,,,1784089800000.0,2026-07-15,ZBTUSDT,,1.0,False,,,85161741.39365,85161741.39365,,,,,30586691.98287854,,,,2.784274332161217,,,,tp
willyA,,,1786019700000.0,2026-08-06,ZBTUSDT,,1.0,False,,,47145082.58936,47145082.58936,,,,,50395437.332726724,,,,0.935502995600438,,,,tp
willyA,,,1778015100000.0,2026-05-05,ZECUSDT,,0.0862571213292874,False,,,1223430188.84308,1223430188.84308,,,,,8745582458.462467,,,,0.13989121875573365,,,,time
willyA,,,1780645200000.0,2026-06-05,ZECUSDT,,1.0,True,,,4652700400.84895,4652700400.84895,,,,,5280476168.673531,,,,0.8811137958449912,,,,tp
willyA,,,1787364000000.0,2026-08-22,ZECUSDT,,1.0,False,,,2298465471.29683,2298465471.29683,,,,,13645558454.012844,,,,0.16844055734640193,,,,tp
willyA,,,1788450600000.0,2026-09-03,ZECUSDT,,1.0,False,,,1338346078.58784,1338346078.58784,,,,,15643480439.077906,,,,0.0855529614269603,,,,tp
willyA,,,1768408800000.0,2026-01-14,ZENUSDT,,1.0,False,,,199052466.5906,199052466.5906,,,,,232156363.44042328,,,,0.8574068943911654,,,,tp
willyA,,,1787364300000.0,2026-08-22,ZENUSDT,,1.0,False,,,25732455.2398,25732455.2398,,,,,104228207.90614705,,,,0.24688571123635697,,,,tp
willyA,,,1787510100000.0,2026-08-23,ZENUSDT,,-1.5369156704695452,False,,,32487482.366499998,32487482.366499998,,,,,107837523.93964612,,,,0.30126324473735505,,,,time
willyA,,,1788491100000.0,2026-09-04,ZENUSDT,,1.0,False,,,20115190.193800002,20115190.193800002,,,,,113343572.37850443,,,,0.17747093877212963,,,,tp
willyA,,,1788555600000.0,2026-09-04,ZENUSDT,,1.0,False,,,59351061.0651,59351061.0651,,,,,123416510.49240237,,,,0.4809004956330677,,,,tp
willyA,,,1788670500000.0,2026-09-06,ZENUSDT,,1.0,False,,,101453624.64609998,101453624.64609998,,,,,136306924.89775625,,,,0.7443027910885693,,,,tp
willyA,,,1773289200000.0,2026-03-12,ZEREBROUSDT,,1.0,False,,,20208155.708602,20208155.708602,,,,,8397796.310848072,,,,2.4063641175123034,,,,tp
willyA,,,1776404100000.0,2026-04-17,ZEREBROUSDT,,1.0,False,,,20010746.262066,20010746.262066,,,,,13770585.35022449,,,,1.4531514640181786,,,,tp
willyA,,,1776434400000.0,2026-04-17,ZEREBROUSDT,,1.0,False,,,20094538.816615,20094538.816615,,,,,14166717.254821965,,,,1.4184329689911306,,,,tp
willyA,,,1777462800000.0,2026-04-29,ZEREBROUSDT,,1.0,False,,,20487508.741076,20487508.741076,,,,,23465813.681938548,,,,0.8730789828458015,,,,tp
willyA,,,1777610100000.0,2026-05-01,ZEREBROUSDT,,1.0,False,,,58379332.911378,58379332.911378,,,,,31582516.3938172,,,,1.8484699630459693,,,,tp
willyA,,,1777893300000.0,2026-05-04,ZEREBROUSDT,,-3.078304887075271,True,,,24962468.99822,24962468.99822,,,,,31905623.982668173,,,,0.782384604412694,,,,stop
willyA,,,1777953600000.0,2026-05-05,ZEREBROUSDT,,1.0,False,,,55768813.624418,55768813.624418,,,,,35705889.40076368,,,,1.5618939777264085,,,,tp
willyA,,,1778100900000.0,2026-05-06,ZEREBROUSDT,,-3.059671883512864,False,,,37472269.972534,37472269.972534,,,,,40948635.13812577,,,,0.9151042481912894,,,,stop
willyA,,,1781806800000.0,2026-06-18,ZEREBROUSDT,,1.0,True,,,42556204.802311,42556204.802311,,,,,38172710.806666166,,,,1.1148331858810336,,,,tp
willyA,,,1781935200000.0,2026-06-20,ZEREBROUSDT,,1.0,False,,,67482143.892868,67482143.892868,,,,,45717222.98968179,,,,1.4760770554261022,,,,tp
willyA,,,1784509500000.0,2026-07-20,ZEREBROUSDT,,1.0,False,,,20163014.860244,20163014.860244,,,,,46209386.87115139,,,,0.43634023789291626,,,,tp
willyA,,,1790225700000.0,2026-09-24,ZESTUSDT,,1.0,True,,,20524273.92821,20524273.92821,,,,,45297672.884867415,,,,0.4530977558245943,,,,tp
willyA,,,1769431200000.0,2026-01-26,ZETAUSDT,,-3.0559655745674026,True,,,21212862.89336,21212862.89336,,,,,164677888.42833504,,,,0.12881427552789804,,,,stop
willyA,,,1776405900000.0,2026-04-17,ZETAUSDT,,-3.0523466702601683,False,,,20497079.475179996,20497079.475179996,,,,,106857504.73844261,,,,0.19181693906619973,,,,stop
willyA,,,1789964100000.0,2026-09-21,ZETAUSDT,,1.0,False,,,21377978.22981,21377978.22981,,,,,106476344.28419569,,,,0.2007767863700326,,,,tp
willyA,,,1768189200000.0,2026-01-12,ZILUSDT,,-3.1991388724478194,False,,,20218469.40949,20218469.40949,,,,,123286602.13408744,,,,0.16399567397842824,,,,stop
willyA,,,1770037500000.0,2026-02-02,ZILUSDT,,1.0,False,,,21167987.07339,21167987.07339,,,,,98050082.90529774,,,,0.2158895377358857,,,,tp
willyA,,,1770253800000.0,2026-02-05,ZILUSDT,,1.0,True,,,282715896.22606003,282715896.22606003,,,,,115632903.6794545,,,,2.4449433269424383,,,,tp
willyA,,,1770537000000.0,2026-02-08,ZILUSDT,,-3.2042318648564256,False,,,52262984.488639995,52262984.488639995,,,,,88948387.44573423,,,,0.5875652835249506,,,,stop
willyA,,,1789875000000.0,2026-09-20,ZILUSDT,,1.0,False,,,20747628.913554,20747628.913554,,,,,79805320.64317273,,,,0.2599780158308147,,,,tp
willyA,,,1769479800000.0,2026-01-27,ZKCUSDT,,-3.060583546889754,False,,,114908716.021,114908716.021,128524815.08604822,32368441.354692325,,,79159296.57019025,,,,1.4516136575204515,3.5500231463676,3.970682853637513,2.1666666666666665,stop
willyA,,,1770962400000.0,2026-02-13,ZKCUSDT,,1.0,True,,,20187629.250600003,20187629.250600003,13497035.160555849,22113584.8100437,,,59723348.237619475,,,,0.3380190469275114,0.9129062259245749,0.6103503921456314,6.0,tp
willyA,,,1781440200000.0,2026-06-14,ZKCUSDT,,1.0,False,,,20309453.04493,20309453.04493,4977872.941655026,14266816.92500361,,,34527390.567272805,,,,0.5882127989185651,1.423544799915126,0.3489126528939297,12.5,tp
willyA,,,1788070500000.0,2026-08-30,ZKCUSDT,,1.0,False,,,20003317.58131,20003317.58131,6302867.388108482,11559790.433465246,,,24662421.83376629,,,,0.8110848851803627,1.7304221643500557,0.5452406273613637,6.25,tp
willyA,,,1788221400000.0,2026-09-01,ZKCUSDT,,1.0,False,,,105317850.33675,105317850.33675,33980372.95715907,15253270.058363354,,,30890636.089357603,,,,3.4093778461568798,6.904607991189687,2.2277434823575857,0.16666666666666666,tp
willyA,,,1777311000000.0,2026-04-27,ZKJUSDT,,1.0,False,,,20208949.631681997,20208949.631681997,,,,,,,,,,,,,tp
willyA,,,1777396800000.0,2026-04-28,ZKPUSDT,,1.0,True,,,30633489.17581,30633489.17581,,,,,31199728.66789803,,,,0.981851140498198,,,,tp
willyA,,,1783048500000.0,2026-07-03,ZKPUSDT,,1.0,False,,,20886035.351210006,20886035.351210006,,,,,18082416.886415023,,,,1.1550466667374142,,,,tp
willyA,,,1788017100000.0,2026-08-29,ZKPUSDT,,1.0,False,,,20355017.11092,20355017.11092,,,,,15681507.353335839,,,,1.2980268192515303,,,,tp
willyA,,,1769910300000.0,2026-02-01,ZKUSDT,,1.0,False,,,28240766.17795,28240766.17795,,,,,307014750.46950763,,,,0.09198504676000849,,,,tp
willyA,,,1770379800000.0,2026-02-06,ZKUSDT,,-3.053141790112161,False,,,114045441.98208001,114045441.98208001,,,,,296200140.8639281,,,,0.38502831784429015,,,,stop
willyA,,,1775289900000.0,2026-04-04,ZKUSDT,,1.0,False,,,20163076.12318,20163076.12318,,,,,183968525.6238028,,,,0.10960068334956093,,,,tp
willyA,,,1777814100000.0,2026-05-03,ZKUSDT,,-0.5870936233082812,False,,,20176518.0163,20176518.0163,,,,,204035634.55860037,,,,0.09888722653740747,,,,time
willyA,,,1788150900000.0,2026-08-31,ZKUSDT,,1.0,True,,,42806107.898033,42806107.898033,,,,,119585549.77191938,,,,0.357953849605369,,,,tp
willyA,,,1769911200000.0,2026-02-01,ZORAUSDT,,1.0,True,,,20486968.56934,20486968.56934,,,,,174849009.0058188,,,,0.1171694863232437,,,,tp
willyA,,,1770181500000.0,2026-02-04,ZORAUSDT,,1.0,False,,,24379804.62465,24379804.62465,,,,,181240356.59349886,,,,0.13451642384113754,,,,tp
willyA,,,1770354900000.0,2026-02-06,ZORAUSDT,,1.0,False,,,20844088.21418,20844088.21418,,,,,143414013.7276373,,,,0.145342060182248,,,,tp
willyA,,,1780249800000.0,2026-05-31,ZORAUSDT,,1.0,False,,,20166221.638260003,20166221.638260003,,,,,71609180.11502762,,,,0.2816150332382873,,,,tp
willyA,,,1780411800000.0,2026-06-02,ZORAUSDT,,-3.1271943728603686,True,,,20049494.30229,20049494.30229,,,,,79565755.68336402,,,,0.251986474961389,,,,stop
willyA,,,1780537500000.0,2026-06-04,ZORAUSDT,,-3.0913086156359166,True,,,25394978.0925,25394978.0925,,,,,80674458.83632892,,,,0.31478337083141683,,,,stop
willyA,,,1787317500000.0,2026-08-21,ZORAUSDT,,1.0,False,,,20421751.763602998,20421751.763602998,,,,,45776396.650945246,,,,0.4461196873865629,,,,tp
willyA,,,1787508900000.0,2026-08-23,ZORAUSDT,,1.0,True,,,20108236.869172,20108236.869172,,,,,48398153.51854462,,,,0.4154752900121937,,,,tp
willyA,,,1788122100000.0,2026-08-30,ZORAUSDT,,1.0,False,,,20202356.753616,20202356.753616,,,,,48606850.58263214,,,,0.41562776669251156,,,,tp
willyA,,,1788317100000.0,2026-09-02,ZORAUSDT,,1.0,True,,,50305061.372373,50305061.372373,,,,,52148178.8888671,,,,0.9646561480042867,,,,tp
willyA,,,1769115000000.0,2026-01-22,ZROUSDT,,1.0,False,,,51333252.30844,51333252.30844,,,,,1582126163.9822752,,,,0.032445738827320915,,,,tp
willyA,,,1770734400000.0,2026-02-10,ZROUSDT,,-3.0551654179736305,False,,,180811808.67105,180811808.67105,,,,,1328763924.9501665,,,,0.13607519385193356,,,,stop
willyA,,,1787664600000.0,2026-08-25,ZROUSDT,,1.0,False,,,63406029.36995,63406029.36995,,,,,858160034.8636491,,,,0.07388601984946132,,,,tp
willyA,,,1790095500000.0,2026-09-22,ZROUSDT,,1.0,False,,,44986687.0877,44986687.0877,,,,,1039355115.5386717,,,,0.043283269033976446,,,,tp
willyB,,,1768017900000.0,2026-01-10,GMTUSDT,WIDE,1.0,True,1.511662368315683,1.2134341767758725,334583186.09269005,334583186.09269,,,,,83720711.77310571,,,,3.996420706496799,,,,tp
willyB,,,1768036500000.0,2026-01-10,GMTUSDT,WIDE,-3.0790974878956696,False,1.332846193928797,1.029682866917973,495809909.02602,495809909.02602005,,,,,84102127.31649116,,,,5.8953313649273085,,,,stop
willyB,,,1768048200000.0,2026-01-10,AKTUSDT,FRENZY,-1.4800151486496316,False,1.4329936255053162,2.194308962238672,32743309.24604,32743309.24604,5265212.902708847,118560494.53266305,,,150604706.5972443,,,,0.2174122574641975,0.2761738585445873,0.04440950523581274,12.5,time
willyB,,,1768064400000.0,2026-01-10,1000WHYUSDT,WIDE,1.0,False,1.441030247725902,0.5685689634441038,29604189.682954103,29604189.6829541,,,,,,,,,,,,,tp
willyB,,,1768093500000.0,2026-01-11,AKTUSDT,FRENZY,-3.0599313342408325,False,1.4010672332514509,1.8657521893292817,62299003.68215,62299003.68215001,51695855.21613592,132677273.9969723,,,152600271.8723734,,,,0.4082496244453189,0.4695529370280224,0.3896360971157398,1.0833333333333333,stop
willyB,,,1768116600000.0,2026-01-11,HYPERUSDT,FRENZY,1.0,True,1.2857788844109037,1.1797939970840254,126965188.9606,126965188.96059999,,,,,68233917.35659586,,,,1.8607342781899778,,,,tp
willyB,,,1768117800000.0,2026-01-11,1000WHYUSDT,WIDE,1.0,True,1.927462828358184,1.108299025049795,58692028.280673295,58692028.280673295,,,,,,,,,,,,,tp
willyB,,,1768118700000.0,2026-01-11,AKTUSDT,FRENZY,-0.4484352131200063,True,1.0139100115446835,2.1306583313649488,82457431.36845,82457431.36845,51695855.21613592,132677273.9969723,,,154595837.1475025,,,,0.5333742026298933,0.6214887364231774,0.3896360971157398,8.083333333333334,time
willyB,,,1768135500000.0,2026-01-11,1000WHYUSDT,FRENZY,1.0,False,1.3945688527803777,2.1013744006799526,57389959.042484105,57389959.04248409,,,,,,,,,,,,,tp
willyB,,,1768236600000.0,2026-01-12,PLAYUSDT,WIDE,-3.0544418265029334,False,3.380918861423788,1.2054336638188128,68425859.80925,68425859.80925,,,,,68641623.93075906,,,,0.9968566576786309,,,,stop
willyB,,,1768236900000.0,2026-01-12,DOLOUSDT,WIDE,1.0,False,3.0965495167559047,0.6974177141383747,158149996.21305,158149996.21304998,,,,,43661678.20612471,,,,3.622169433488822,,,,tp
willyB,,,1768242300000.0,2026-01-12,PLAYUSDT,WIDE,-1.6137644049525155,False,3.2201429491046256,0.5814906789476181,100989258.33903,100989258.33903,,,,,73411150.79370324,,,,1.375666465477779,,,,time
willyB,,,1768254600000.0,2026-01-12,PLAYUSDT,WIDE,1.0,False,2.00163447116663,1.4323932644081,135432090.86647,135432090.86647,,,,,68773500.24955013,,,,1.9692481897103369,,,,tp
willyB,,,1768264500000.0,2026-01-13,PLAYUSDT,FRENZY,-3.0616151540888965,False,1.735759538288581,1.3833299215146442,147339273.36654,147339273.36654,,,,,69938407.7322047,,,,2.1067004260477944,,,,stop
willyB,,,1768284000000.0,2026-01-13,PLAYUSDT,WIDE,1.0,False,1.411189953874845,0.679881698383148,170160056.63452002,170160056.63452002,,,,,70608779.01939271,,,,2.4098994345701055,,,,tp
willyB,,,1768298400000.0,2026-01-13,PLAYUSDT,FRENZY,1.0,False,1.2511134443191674,1.2822259466054078,193805531.51887003,193805531.51887,,,,,70213150.06301948,,,,2.7602455002363624,,,,tp
willyB,,,1768352400000.0,2026-01-14,AXSUSDT,WIDE,1.0,False,1.7864602742016962,0.6807929179570172,86642295.26799999,86642295.26799999,130633956.14826298,183631169.68624592,,,318302238.80597013,,,,0.27220133792654594,0.47182782430694037,0.711393149493441,1.0,tp
willyB,,,1768371000000.0,2026-01-14,AXSUSDT,FRENZY,-3.112860357863904,False,1.5293142407678548,1.1966202755416422,134081798.771,134081798.771,130633956.14826298,183631169.68624592,,,350538805.9701493,,,,0.38250201258007926,0.730169061168066,0.711393149493441,6.166666666666667,stop
willyB,,,1768372500000.0,2026-01-14,PLAYUSDT,FRENZY,-3.0638115804564476,False,2.1176093934536655,1.3636725993613608,123142339.58899,123142339.58899,,,,,74927728.45980072,,,,1.64348155376226,,,,stop
willyB,,,1768376700000.0,2026-01-14,BERAUSDT,WIDE,1.0,False,1.5837151937909588,1.343004889836946,113883971.79167,113883971.79167,22627435.389973525,142072905.2155624,,,259417977.9299231,,,,0.4389979935100474,0.8015882523052351,0.15926636648727416,7.75,tp
willyB,,,1768384500000.0,2026-01-14,DASHUSDT,WIDE,1.0,False,2.5168681392650756,1.307103689358157,1600525118.33648,1600525118.33648,,,,,917713107.11808,,,,1.744036459676002,,,,tp
willyB,,,1768392000000.0,2026-01-14,AXSUSDT,FRENZY,-3.076950459949761,False,1.66175046162992,1.5886006092377656,244680457.088,244680457.088,130633956.14826298,183631169.68624592,,,355414925.3731343,,,,0.6884360774413761,1.3324560177123717,0.711393149493441,12.0,stop
willyB,,,1768400700000.0,2026-01-14,DASHUSDT,WIDE,1.0,False,2.237999527814851,1.092708265451279,1510933319.9171698,1510933319.91717,,,,,1056393760.4597628,,,,1.4302747483661613,,,,tp
willyB,,,1768406100000.0,2026-01-14,BLURUSDT,FRENZY,-3.0531146705607344,False,1.4106227346000682,1.5361038343517337,78937509.59608,78937509.59608,9072329.939036332,97595239.41869392,,,117419541.91444673,,,,0.6722689282299774,0.808825410606656,0.09295873439190078,15.916666666666666,stop
willyB,,,1768446300000.0,2026-01-15,DOLOUSDT,WIDE,1.0,False,2.207248440115359,2.121720800980323,96666847.91929,96666847.91929,,,,,48842800.47571162,,,,1.9791422067897224,,,,tp
willyB,,,1768488300000.0,2026-01-15,FHEUSDT,WIDE,1.0,False,3.244504712699666,2.3948398855271327,168916308.74539,168916308.74539,,,,,47231138.71816574,,,,3.576375953019792,,,,tp
willyB,,,1768526100000.0,2026-01-16,BTRUSDT,WIDE,1.0,True,1.4735071776668365,0.9085874225475412,28463292.069950003,28463292.06995,13794930.491854524,12768892.837937899,,,25668939.33243153,,,,1.1088612467125953,2.229111985761379,1.0803544729319166,1.25,tp
willyB,,,1768539900000.0,2026-01-16,FHEUSDT,WIDE,-3.05168481989712,True,3.694144596182989,2.527953830185171,316022264.57834,316022264.57834005,,,,,55650246.94341028,,,,5.67872169371858,,,,stop
willyB,,,1768543500000.0,2026-01-16,BTRUSDT,WIDE,1.0,False,1.507099487275747,1.0552657797997718,43590670.39245,43590670.392450005,13794930.491854524,12768892.837937899,,,27811263.555927332,,,,1.5673746827356807,3.413817544379176,1.0803544729319166,6.083333333333333,tp
willyB,,,1768571700000.0,2026-01-16,DUSKUSDT,WIDE,-3.0525921972217636,True,2.026200270743294,0.6061375393540123,42148603.21954,42148603.21954,,,,,43355242.48749799,,,,0.9721685498978366,,,,stop
willyB,,,1768582200000.0,2026-01-16,XAIUSDT,FRENZY,-3.080376165227609,True,1.8963911857450624,0.9230922072944558,55114636.70804,55114636.70804,,,,,42999064.47018022,,,,1.2817636240960988,,,,stop
willyB,,,1768586700000.0,2026-01-16,DUSKUSDT,WIDE,1.0,True,1.6845271933181214,0.8364735453027805,89456066.17144,89456066.17144,,,,,44307884.568291865,,,,2.0189649549520046,,,,tp
willyB,,,1768631700000.0,2026-01-17,BTRUSDT,WIDE,1.0,True,1.5786703792839418,0.8774375723217134,68753324.2661,68753324.2661,28282247.104127295,15406495.52416639,,,30484299.916607324,,,,2.2553683192391234,4.462619299648944,1.8357352624264356,6.583333333333333,tp
willyB,,,1768635300000.0,2026-01-17,AXSUSDT,WIDE,1.0,True,1.4068119612972136,1.010933302125062,281766032.279,281766032.279,210054786.25672072,220685471.7077626,,,410948507.46268654,,,,0.6856480244172292,1.2767765367541812,0.951828793400957,7.583333333333333,tp
willyB,,,1768642800000.0,2026-01-17,BTRUSDT,FRENZY,1.0,True,1.648519227848453,2.300307614983388,58793306.72818,58793306.72818,28282247.104127295,15406495.52416639,,,32095912.002918944,,,,1.83180047112645,3.8161375918331153,1.8357352624264356,9.666666666666666,tp
willyB,,,1768655400000.0,2026-01-17,SLPUSDT,WIDE,1.0,False,1.743942065242266,2.408932693132102,25936194.200598203,25936194.2005982,,,,,39115174.033567876,,,,0.663072448005479,,,,tp
willyB,,,1768662300000.0,2026-01-17,SLPUSDT,WIDE,1.0,False,2.0588198198325465,1.2006918498487775,33301458.8128378,33301458.812837806,,,,,41158748.24634701,,,,0.8090979495663703,,,,tp
willyB,,,1768667700000.0,2026-01-17,FHEUSDT,FRENZY,1.0,False,2.3062284870070395,1.2008756484137648,216536046.4926,216536046.4926,,,,,81947544.73787639,,,,2.6423738158992873,,,,tp
willyB,,,1768669800000.0,2026-01-17,TANSSIUSDT,WIDE,1.0,True,7.194944209178909,0.8136823979721567,51958574.17972,51958574.17972,,,,,,,,,,,,,tp
willyB,,,1768683600000.0,2026-01-17,DUSKUSDT,WIDE,1.0,True,2.1494882857761555,0.4130655336896658,670390700.0376,670390700.0376,,,,,57910610.70089069,,,,11.576301681572305,,,,tp
willyB,,,1768686000000.0,2026-01-17,STOUSDT,WIDE,-3.052637389575234,True,3.2404772236547372,0.6050074477428597,98937161.85844,98937161.85844,,,,,58389831.1935053,,,,1.6944245228344619,,,,stop
willyB,,,1768689000000.0,2026-01-17,RAREUSDT,WIDE,1.0,True,3.2263982431103164,1.6875051469541669,29900085.65902,29900085.65902,,,,,30450000.0,,,,0.9819404157313628,,,,tp
willyB,,,1768698900000.0,2026-01-18,AXSUSDT,WIDE,-3.068328394491308,True,2.3607177561973733,2.031212931240353,1513648268.102,1513648268.1019998,1051330207.7398932,321191524.38433224,,,565088059.7014925,,,,2.6786060015169735,4.712603394511725,3.2732190233073823,1.25,stop
willyB,,,1768701600000.0,2026-01-18,BERAUSDT,FRENZY,1.0,True,1.8873018084963948,0.6908272294844573,432857971.34376,432857971.34376,288715093.96473676,116375359.97945172,,,318705487.6436666,,,,1.3581754570467994,3.7194984524231702,2.4808953889871095,2.0,tp
willyB,,,1768719900000.0,2026-01-18,RAREUSDT,FRENZY,1.0,False,2.0559954895793457,3.523172269294496,67888767.35014999,67888767.35015,,,,,30860000.0,,,,2.1998952478985743,,,,tp
willyB,,,1768722000000.0,2026-01-18,BERAUSDT,WIDE,-3.0503414892549303,True,1.6071655192894336,1.9040510255346603,581494140.7626201,581494140.76262,288715093.96473676,116375359.97945172,,,360185670.68391025,,,,1.6144288573681889,4.996711854341794,2.4808953889871095,7.666666666666667,stop
willyB,,,1768734900000.0,2026-01-18,BERAUSDT,WIDE,1.0,True,1.4830695559141855,0.4074633378795393,608394506.65501,608394506.65501,288715093.96473676,116375359.97945172,,,320356265.4615256,,,,1.8991184885318793,5.227863585233451,2.4808953889871095,11.25,tp
willyB,,,1768741800000.0,2026-01-18,MEUSDT,WIDE,-3.0783946755430764,True,2.13086698326089,2.194652428763832,120306294.92766,120306294.92765999,,,,,217158178.01284245,,,,0.5540030590998293,,,,stop
willyB,,,1768761300000.0,2026-01-18,FHEUSDT,WIDE,1.0,False,3.058675076655614,2.698362161254426,307427262.08855,307427262.08855,,,,,95490565.46384226,,,,3.2194516871403183,,,,tp
willyB,,,1768781100000.0,2026-01-19,DUSKUSDT,WIDE,-3.053966450552363,True,2.385098738103882,22.586915230480415,491640636.08894,491640636.08893996,,,,,83807433.58141886,,,,5.8663129877531865,,,,stop
willyB,,,1768804500000.0,2026-01-19,SCRTUSDT,WIDE,1.0,True,2.957477733462512,0.6711369710093498,27624415.3866,27624415.386600003,,,,,,,,,,,,,tp
willyB,,,1768821600000.0,2026-01-19,ARPAUSDT,WIDE,1.0,False,3.018437951494722,0.9615370904873866,33400746.3121,33400746.3121,7042143.262618899,23536206.6334575,,,33603511.77524507,,,,0.9939659442590032,1.4191219015140584,0.2992046837576731,11.333333333333334,tp
willyB,,,1768831200000.0,2026-01-19,ROSEUSDT,WIDE,1.0,False,2.7195228161092175,1.173130517961047,97497260.68679,97497260.68678999,,,,,163267081.84466028,,,,0.5971642267701784,,,,tp
willyB,,,1768844400000.0,2026-01-19,TANSSIUSDT,WIDE,1.0,False,5.03464501410235,0.3977989282790874,28741453.56104,28741453.56104,,,,,,,,,,,,,tp
willyB,,,1768870500000.0,2026-01-20,RESOLVUSDT,WIDE,1.0,True,1.846605080224726,0.6199289839094488,170440353.44873998,170440353.44873998,,,,,58522982.99781819,,,,2.9123661289632863,,,,tp
willyB,,,1768881900000.0,2026-01-20,DUSKUSDT,WIDE,1.0,True,1.8427308891233256,0.9405865782193048,1204707341.31534,1204707341.31534,,,,,105347172.41873717,,,,11.43559256177121,,,,tp
willyB,,,1768886700000.0,2026-01-20,AXSUSDT,FRENZY,1.0,True,1.7204939282019402,2.399937893822604,416573383.463,416573383.463,266849244.18783414,286766624.1140826,,,545041791.0447761,,,,0.7642962251839104,1.4526564405810252,0.9305449858825802,5.416666666666667,tp
willyB,,,1768914300000.0,2026-01-20,AXSUSDT,FRENZY,-3.0555595876989567,True,2.0189503661516297,1.0073994800078123,577820974.216,577820974.2160001,266849244.18783414,286766624.1140826,,,599762686.5671642,,,,0.9634160096274896,2.014951970094432,0.9305449858825802,13.083333333333334,stop
willyB,,,1768956000000.0,2026-01-21,NAORISUSDT,WIDE,1.0,True,5.184295545369085,1.4816267978920383,62212327.57069,62212327.57068999,,,,,92314194.74153103,,,,0.6739194090884641,,,,tp
willyB,,,1768962900000.0,2026-01-21,AXSUSDT,WIDE,1.0,False,2.084350295633972,0.8680005797663264,846816509.501,846816509.5009999,863876507.2779872,359639147.93670154,,,641751492.5373136,,,,1.3195396027096318,2.3546282832647694,2.4020647146846046,2.5833333333333335,tp
willyB,,,1768976700000.0,2026-01-21,NAORISUSDT,WIDE,1.0,False,3.926164053069477,0.5718589814884707,199964932.81508,199964932.81508002,,,,,96172156.48937745,,,,2.0792393569459664,,,,tp
willyB,,,1768982100000.0,2026-01-21,SXTUSDT,WIDE,1.0,True,2.6286539789473244,0.7061996462188763,28619226.60171,28619226.60171,,,,,90237177.21137913,,,,0.31715560577288365,,,,tp
willyB,,,1768983900000.0,2026-01-21,AXSUSDT,FRENZY,1.0,True,1.3365370605436266,1.0983341459671088,886173345.552,886173345.552,863876507.2779872,359639147.93670154,,,640397014.9253732,,,,1.383787439507768,2.464062521102323,2.4020647146846046,8.416666666666666,tp
willyB,,,1768994400000.0,2026-01-21,SXTUSDT,WIDE,1.0,True,2.785333968346735,1.072937931819531,83261648.18173,83261648.18173,,,,,100137032.0892046,,,,0.8314770913877139,,,,tp
willyB,,,1769042700000.0,2026-01-22,AXSUSDT,WIDE,1.0,False,1.4024160690046468,1.0891239630580205,799966478.755,799966478.7549999,762404166.7772088,404533549.1841787,,,680489552.238806,,,,1.1755749608838455,1.9775034242976615,1.884650032895285,0.75,tp
willyB,,,1769060400000.0,2026-01-22,AXSUSDT,FRENZY,-0.368939126682881,False,1.3537420429713811,1.11623197375922,738551802.71,738551802.71,762404166.7772088,404533549.1841787,,,701348507.4626865,,,,1.0530453759456997,1.8256873977434867,1.884650032895285,5.666666666666667,time
willyB,,,1769147700000.0,2026-01-23,ENSOUSDT,WIDE,1.0,False,1.687567167752202,1.0286319837416105,37259088.14042,37259088.140420005,,,,,21936111.298716713,,,,1.6985274934577719,,,,tp
willyB,,,1769205000000.0,2026-01-23,KAIAUSDT,WIDE,1.0,False,1.1142431331410427,0.2698327304740402,80380776.16404,80380776.16404,,,,,437467089.9434023,,,,0.18374130994502771,,,,tp
willyB,,,1769237100000.0,2026-01-24,SOMIUSDT,WIDE,1.0,False,3.0926348623018325,0.4718270906847177,43337508.9256,43337508.92560001,,,,,82716712.87233251,,,,0.5239268754851083,,,,tp
willyB,,,1769246700000.0,2026-01-24,SOMIUSDT,WIDE,-3.0672798992102552,False,2.3812263657123003,0.4072429457064033,123211700.6457,123211700.64570001,,,,,81945876.1215509,,,,1.5035741452436144,,,,stop
willyB,,,1769256300000.0,2026-01-24,SOMIUSDT,WIDE,-3.062790230223526,False,2.6095729281441606,1.139629942215458,193241986.4254,193241986.4254,,,,,88201512.82981691,,,,2.1909146478956276,,,,stop
willyB,,,1769258100000.0,2026-01-24,SHELLUSDT,WIDE,1.0,False,1.828218648454022,2.100278748116219,28602012.79309,28602012.793089997,,,,,27880954.811396692,,,,1.0258620261239606,,,,tp
willyB,,,1769258400000.0,2026-01-24,LPTUSDT,FRENZY,1.0,False,1.9461102491092168,1.06322582949434,116134285.5351,116134285.53509998,,,,,176859878.25056103,,,,0.6566457394625713,,,,tp
willyB,,,1769301300000.0,2026-01-25,NOMUSDT,WIDE,-3.0552503250946756,True,2.9408634893933328,2.4918310639204875,32449726.43071,32449726.43071,,,,,29292225.46255507,,,,1.1077931402716819,,,,stop
willyB,,,1769310600000.0,2026-01-25,FLUIDUSDT,WIDE,-3.053157400964461,True,3.3141265622598377,0.4154152097932269,69639108.9365,69639108.9365,,,,,325409814.7190189,,,,0.2140043286544113,,,,stop
willyB,,,1769314500000.0,2026-01-25,DUSKUSDT,WIDE,1.0,True,3.1190576910151124,0.6276729460003908,164722633.50904998,164722633.50905,,,,,105432408.81543979,,,,1.5623529364428939,,,,tp
willyB,,,1769324400000.0,2026-01-25,GUSDT,WIDE,1.0,True,1.847400877472622,0.6944192190215852,31796598.483468,31796598.483467996,,,,,71199205.53448673,,,,0.44658642248566516,,,,tp
willyB,,,1769334300000.0,2026-01-25,ZKCUSDT,WIDE,-3.101089286275531,True,4.4426410470300315,1.14646955312309,78818735.7572,78818735.7572,26174978.201536577,26096282.21507429,,,90973304.38018428,,,,0.8663941174194418,3.0203051571718156,1.0030156014490381,9.75,stop
willyB,,,1769335200000.0,2026-01-25,MIRAUSDT,WIDE,-3.082246816832794,True,3.077314369961669,0.6146645915086812,34960853.5521,34960853.552099995,,,,,64110166.60130646,,,,0.545324640466424,,,,stop
willyB,,,1769346300000.0,2026-01-25,ZKCUSDT,WIDE,1.0,False,3.468901115596313,1.306462492943116,179503178.8464,179503178.84640002,26174978.201536577,26096282.21507429,,,96363105.17829213,,,,1.8627791052839278,6.878496230497982,1.0030156014490381,13.083333333333334,tp
willyB,,,1769347800000.0,2026-01-25,AUCTIONUSDT,WIDE,1.0,False,2.3977286810321097,1.894853095803492,66034994.14549,66034994.14548999,12435030.437285796,38374373.33638889,,,50026212.85179361,,,,1.3200078595020492,1.7208097072134239,0.3240451727584083,13.5,tp
willyB,,,1769372100000.0,2026-01-25,NOMUSDT,WIDE,-3.050683494798438,True,3.0492676448345684,1.3112950202566642,1026041457.324707,1026041457.324707,,,,,43989177.621145375,,,,23.32486108654812,,,,stop
willyB,,,1769376600000.0,2026-01-25,NOMUSDT,WIDE,-3.0606975315135827,True,2.920286454153378,0.8445023664971796,1076365799.830234,1076365799.830234,,,,,49232901.40969163,,,,21.86273343659467,,,,stop
willyB,,,1769382000000.0,2026-01-25,AUCTIONUSDT,FRENZY,1.0,True,2.120306522274355,0.4982029178075148,424537934.07981,424537934.07981,12435030.437285796,38374373.33638889,,,54139530.30722359,,,,7.841551850758592,11.063058420741363,0.3240451727584083,23.0,tp
willyB,,,1769386800000.0,2026-01-26,AUCTIONUSDT,WIDE,-3.0600880045225027,False,2.662647404072225,1.649773879904161,477173094.16915,477173094.16915005,510299834.13841224,57001399.501938574,,,54461242.286977895,,,,8.761700507210902,8.371252255884029,8.952408863593908,0.3333333333333333,stop
willyB,,,1769393100000.0,2026-01-26,BEAMXUSDT,WIDE,1.0,False,2.719758845103792,1.1606591024740407,31334168.738507997,31334168.738508005,,,,,170850151.283775,,,,0.18340146908306362,,,,tp
willyB,,,1769405700000.0,2026-01-26,AUCTIONUSDT,WIDE,1.0,False,2.271615488422882,0.7367719591470471,599407721.34619,599407721.34619,510299834.13841224,57001399.501938574,,,55878306.95970516,,,,10.727020089897024,10.515666748248954,8.952408863593908,5.583333333333333,tp
willyB,,,1769409900000.0,2026-01-26,BTRUSDT,WIDE,1.0,False,3.819190444886142,0.5566963223157337,37379096.90286,37379096.90286,4211759.206259454,17810236.994846366,,,48703793.65370117,,,,0.7674781387387763,2.098742252204513,0.23647968342466097,6.75,tp
willyB,,,1769414100000.0,2026-01-26,BTRUSDT,WIDE,1.0,False,3.6115656340888065,0.6735843835349359,62510083.85253,62510083.85253,4211759.206259454,17810236.994846366,,,53713910.98546749,,,,1.163759679861002,3.509783944515626,0.23647968342466097,7.916666666666667,tp
willyB,,,1769431500000.0,2026-01-26,BTRUSDT,WIDE,1.0,True,2.642263954032524,0.7076319751798001,126203449.0315,126203449.03150001,4211759.206259454,17810236.994846366,,,54960354.170046866,,,,2.2962633872596165,7.086006158593998,0.23647968342466097,12.75,tp
willyB,,,1769471400000.0,2026-01-26,ENSOUSDT,WIDE,1.0,False,1.7714998190391549,0.852650030562591,372938042.48578,372938042.48578,,,,,42982361.478711896,,,,8.676536831753346,,,,tp
willyB,,,1769474400000.0,2026-01-27,AXSUSDT,WIDE,1.0,False,1.9949709161120683,1.0592587639535924,694222540.091,694222540.0910001,760454372.5802903,421426984.0216783,,,708391791.0447762,,,,0.9799980023302098,1.6473139272336892,1.8044747996990442,0.6666666666666666,tp
willyB,,,1769479800000.0,2026-01-27,BTRUSDT,WIDE,1.0,False,3.10466858303883,0.4340296797969734,299354100.06143,299354100.06143,83159315.73582466,37007675.27527494,,,59653991.78697859,,,,5.018173823646345,8.088973377407209,2.247082939343232,2.1666666666666665,tp
willyB,,,1769500200000.0,2026-01-27,AXLUSDT,WIDE,1.0,False,2.0528346880597184,1.262555202036965,88439840.95121,88439840.95121,33658440.32468317,92203772.46980657,,,127456909.82014227,,,,0.6938803166969115,0.9591781180121549,0.36504406948972834,7.833333333333333,tp
willyB,,,1769560800000.0,2026-01-28,BTRUSDT,FRENZY,1.0,False,1.7814816937544915,1.7277980415430845,415569521.22385,415569521.22385,80784986.24283744,36784360.28710937,,,61499311.97039884,,,,6.757303584532361,11.297451361944203,2.1961775497057525,0.6666666666666666,tp
willyB,,,1769585400000.0,2026-01-28,SOMIUSDT,WIDE,1.0,False,2.0769924531830988,1.0404229761358477,107101509.6699,107101509.6699,,,,,93923493.32600336,,,,1.1403058582814467,,,,tp
willyB,,,1769588100000.0,2026-01-28,NOMUSDT,WIDE,-3.0527962887293576,False,2.68029214570996,1.5549010666062664,87388818.47584401,87388818.475844,,,,,33524970.92511013,,,,2.6066784269867913,,,,stop
willyB,,,1769604000000.0,2026-01-28,PLAYUSDT,WIDE,1.0,False,2.812632267952967,1.582981667318915,32661983.88332,32661983.883320004,,,,,111303613.05967462,,,,0.29344944863387784,,,,tp
willyB,,,1769611800000.0,2026-01-28,PLAYUSDT,WIDE,1.0,False,2.7596719044392173,1.1225117480298568,65800287.4298,65800287.42979999,,,,,114007077.59489183,,,,0.5771596712934971,,,,tp
willyB,,,1769631600000.0,2026-01-28,BTRUSDT,FRENZY,1.0,False,2.127998973546369,1.2398022425598565,77082733.74010001,77082733.7401,80784986.24283744,36784360.28710937,,,69323664.30484828,,,,1.111925264093535,2.095530087745272,2.1961775497057525,20.333333333333332,tp
willyB,,,1769648700000.0,2026-01-29,SOMIUSDT,FRENZY,1.0,False,2.4465377666523054,1.01869021426189,516700896.956,516700896.956,,,,,93330541.9792483,,,,5.536246613363571,,,,tp
willyB,,,1769652300000.0,2026-01-29,SAHARAUSDT,WIDE,-3.0596183533352956,False,2.708590461057277,2.918133336968545,38800355.69884,38800355.69883999,,,,,140322257.23317587,,,,0.27650891928259663,,,,stop
willyB,,,1769655000000.0,2026-01-29,PLAYUSDT,FRENZY,1.0,False,2.3766811980940763,1.6648057135454,222088248.74804,222088248.74804,,,,,128139823.09200297,,,,1.733171182767929,,,,tp
willyB,,,1769692500000.0,2026-01-29,ARPAUSDT,WIDE,1.0,False,2.214116097098576,0.9116337581796996,40065655.23685,40065655.23684999,9001362.694003837,22827233.820793137,,,28373627.116128214,,,,1.4120737920770012,1.7551690910685167,0.39432560093218877,13.25,tp
willyB,,,1769778600000.0,2026-01-30,NOMUSDT,FRENZY,1.0,False,2.2660167083712395,1.1295581841367652,54881189.425097,54881189.425097,,,,,30059174.537444934,,,,1.8257716743595571,,,,tp
willyB,,,1769794500000.0,2026-01-30,ENSOUSDT,WIDE,1.0,False,1.864030102902187,0.8568079458164441,322718778.61833,322718778.61833,,,,,45459782.134820335,,,,7.09899527589554,,,,tp
willyB,,,1769839500000.0,2026-01-31,INITUSDT,FRENZY,1.0,True,2.2273336124665137,0.9737985477285938,47719953.9258,47719953.925799996,,,,,35769668.622691974,,,,1.3340899081051834,,,,tp
willyB,,,1769846100000.0,2026-01-31,ENSOUSDT,FRENZY,-3.055463123747963,True,1.4820490333160228,0.6117695804179891,587518793.68549,587518793.68549,,,,,47192202.78455727,,,,12.449488665906143,,,,stop
willyB,,,1769903700000.0,2026-01-31,C98USDT,WIDE,1.0,False,6.15689211518722,0.8260497187616985,53928754.4146,53928754.4146,5560484.644326191,23797911.867109075,,,27381153.388822827,,,,1.9695574415288906,2.2661128722446673,0.2336543086375279,23.916666666666668,tp
willyB,,,1769928600000.0,2026-02-01,ZORAUSDT,WIDE,1.0,True,3.6746747483016775,1.1450997658234598,172138418.93188,172138418.93188,,,,,250827783.90017873,,,,0.6862813052655501,,,,tp
willyB,,,1769938500000.0,2026-02-01,ZORAUSDT,WIDE,1.0,False,2.4507078646532356,1.4409779528048068,218129247.12732,218129247.12732,,,,,245023396.80524477,,,,0.8902384424157608,,,,tp
willyB,,,1769941200000.0,2026-02-01,ZKUSDT,WIDE,1.0,False,2.872200635236416,1.1710292367909725,152809349.18619,152809349.18619,,,,,368057213.57655656,,,,0.4151782482437486,,,,tp
willyB,,,1769958000000.0,2026-02-01,AVAAIUSDT,WIDE,1.0,True,3.0657813317415674,1.1365048849606687,23035277.33028,23035277.33028,,,,,9990664.923400829,,,,2.30568010306553,,,,tp
willyB,,,1770032700000.0,2026-02-02,AVAAIUSDT,WIDE,1.0,False,1.8266465517060688,1.138909213736364,95312016.61515,95312016.61515,,,,,11169563.384362128,,,,8.533190898812657,,,,tp
willyB,,,1770035400000.0,2026-02-02,FUSDT,FRENZY,-3.063265032755473,False,2.296259625848631,1.780275267676747,62503382.932856,62503382.93285599,,,,,34074019.312798716,,,,1.8343413601746354,,,,stop
willyB,,,1770038400000.0,2026-02-02,ZILUSDT,FRENZY,-3.0546409536950354,False,2.0604035815958737,1.2130756816980814,30008233.91989,30008233.919890005,,,,,100532363.48517868,,,,0.2984932700235787,,,,stop
willyB,,,1770056700000.0,2026-02-02,ZILUSDT,FRENZY,1.0,False,1.7616632295289674,1.0730155013729212,137086434.50303,137086434.50303003,,,,,110875199.23468268,,,,1.2364030499991947,,,,tp
willyB,,,1770084000000.0,2026-02-03,AUCTIONUSDT,FRENZY,1.0,False,2.0745944869776696,1.1415861015629496,209514485.64072,209514485.64072,136336701.45103472,37158568.72450868,,,41362968.82555283,,,,5.065267111854121,5.638389551385775,3.6690514767085505,2.0,tp
willyB,,,1770102300000.0,2026-02-03,C98USDT,FRENZY,-3.1479266969529225,False,2.460495820898004,1.659615813636636,50299749.34909999,50299749.34909999,21277298.766944848,25127570.58229091,,,26979964.328180734,,,,1.8643371331874448,2.00177526849928,0.8467710277546844,7.083333333333333,stop
willyB,,,1770135600000.0,2026-02-03,ZILUSDT,FRENZY,1.0,False,2.2291328467306726,1.873297628204172,796656538.31339,796656538.31339,,,,,131560870.73369063,,,,6.055421599679175,,,,tp
willyB,,,1770302100000.0,2026-02-05,C98USDT,FRENZY,-3.154078543982956,True,1.964145033184787,1.7370488566834976,50978326.5553,50978326.5553,12474786.162265072,24902416.263325762,,,30189476.813317478,,,,1.6886124549469481,2.0471237014207615,0.5009468169816482,14.583333333333334,stop
willyB,,,1770315600000.0,2026-02-05,C98USDT,WIDE,1.0,True,3.4510114664520324,0.8478728131804991,121684453.433,121684453.433,12474786.162265072,24902416.263325762,,,31292746.73008323,,,,3.8885833347450722,4.886451665825171,0.5009468169816482,18.333333333333332,tp
willyB,,,1770390300000.0,2026-02-06,PROVEUSDT,WIDE,1.0,False,2.523961243987655,1.8822411756724375,20101112.67121,20101112.67121,,,,,189340334.029896,,,,0.10616392315034219,,,,tp
willyB,,,1770466500000.0,2026-02-07,LAUSDT,WIDE,1.0,False,2.2568678158865794,2.8402773601970672,494864702.55505,494864702.55505,,,,,121657724.51887786,,,,4.0676800796012005,,,,tp
willyB,,,1770492000000.0,2026-02-07,LAUSDT,WIDE,1.0,False,1.51324679199454,0.3205671298542138,730847198.9905801,730847198.99058,,,,,115192228.2275954,,,,6.344587740299467,,,,tp
willyB,,,1770649800000.0,2026-02-09,GPSUSDT,WIDE,-3.055886261004685,False,2.3861264159458058,1.9610977075225664,193089284.637475,193089284.637475,,,,,91354593.02434054,,,,2.113624266116847,,,,stop
willyB,,,1770685800000.0,2026-02-10,GPSUSDT,WIDE,-3.0534159813809953,True,2.2003646634339953,1.7790211255630946,503671403.129403,503671403.12940294,,,,,106882639.58717446,,,,4.712378035149515,,,,stop
willyB,,,1770769500000.0,2026-02-11,SONICUSDT,WIDE,1.0,False,1.9432191802770344,1.2720125169472452,35564382.089162,35564382.089162,,,,,41813018.81613014,,,,0.8505576276507064,,,,tp
willyB,,,1770776700000.0,2026-02-11,SONICUSDT,FRENZY,-3.0584223593577193,False,2.227884576793083,1.1158044170957329,41698585.241467,41698585.241467,,,,,44498994.13797168,,,,0.9370680405084697,,,,stop
willyB,,,1770788400000.0,2026-02-11,SONICUSDT,FRENZY,1.0,True,1.6579764050192871,1.088432266082609,46139411.998836,46139411.998836,,,,,45372938.34716788,,,,1.0168927488408068,,,,tp
willyB,,,1770849600000.0,2026-02-11,SONICUSDT,WIDE,1.0,False,3.1821822204814083,1.1736572577895563,57526875.62678599,57526875.626786,,,,,50744888.99085094,,,,1.1336486643444588,,,,tp
willyB,,,1770860100000.0,2026-02-12,TAKEUSDT,WIDE,1.0,False,3.5547886879913526,0.9754396165275836,71494421.65957001,71494421.65957001,,,,,12675408.526399823,,,,5.640403740097556,,,,tp
willyB,,,1770890400000.0,2026-02-12,MEUSDT,WIDE,1.0,False,2.6299231042846807,1.4765828602294098,107259039.38475,107259039.38475,,,,,136905662.0074214,,,,0.7834521802241874,,,,tp
willyB,,,1770912600000.0,2026-02-12,MEUSDT,FRENZY,1.0,True,1.917250270579059,1.1013718957609009,294375399.86874,294375399.86874,,,,,139544100.88979143,,,,2.1095510164290685,,,,tp
willyB,,,1770918300000.0,2026-02-12,TAKEUSDT,WIDE,1.0,True,2.621140067526808,0.3084849491137186,453306028.16395,453306028.16394997,,,,,14760279.058751643,,,,30.711209886995764,,,,tp
willyB,,,1770926700000.0,2026-02-12,TNSRUSDT,WIDE,1.0,True,3.3700671515951743,0.9034764403070694,148222548.461891,148222548.461891,,,,,40955902.28221785,,,,3.619076621497018,,,,tp
willyB,,,1770989700000.0,2026-02-13,OMUSDT,FRENZY,1.0,False,2.1433202082484346,2.82474391020052,117548105.775617,117548105.775617,,,,,,,,,,,,,tp
willyB,,,1771032000000.0,2026-02-14,TAKEUSDT,WIDE,1.0,False,2.7262781019598217,1.440825370307902,186260533.26273,186260533.26273,,,,,20512557.719570156,,,,9.080317326055676,,,,tp
willyB,,,1771041900000.0,2026-02-14,TAKEUSDT,WIDE,1.0,False,3.1117859017726808,0.9198162475626104,196672041.21825,196672041.21825004,,,,,19655192.482534174,,,,10.006111178662588,,,,tp
willyB,,,1771050600000.0,2026-02-14,NAORISUSDT,FRENZY,1.0,False,2.288722663494454,1.1028403058149294,127865625.09665,127865625.09665,,,,,64625474.06320738,,,,1.9785638240980665,,,,tp
willyB,,,1771055400000.0,2026-02-14,TAKEUSDT,WIDE,1.0,False,2.2343981137162277,1.0231553551199748,216013379.52949,216013379.52949,,,,,19617423.088832147,,,,11.011302481030885,,,,tp
willyB,,,1771069200000.0,2026-02-14,TAKEUSDT,WIDE,1.0,False,2.085671448070959,1.4962713334516522,249388791.87199,249388791.87199,,,,,21845817.317251664,,,,11.41585999050937,,,,tp
willyB,,,1771083900000.0,2026-02-14,TAKEUSDT,WIDE,1.0,False,2.5689833385384437,1.292691296723992,279731740.39204,279731740.39204,,,,,20138640.721920103,,,,13.890298965786863,,,,tp
willyB,,,1771091700000.0,2026-02-14,TAKEUSDT,WIDE,-3.071232024345209,False,4.4660973507577175,0.6279079643160823,261106383.05275,261106383.05275002,,,,,17045327.377724197,,,,15.318355421790178,,,,stop
willyB,,,1771148100000.0,2026-02-15,EULUSDT,WIDE,1.0,False,2.219326332144094,0.6564720480587812,51235266.1243,51235266.124299996,,,,,35355883.68306071,,,,1.449129841685932,,,,tp
willyB,,,1771183500000.0,2026-02-15,INITUSDT,WIDE,1.0,False,4.577378291565229,1.0478754944049329,142610704.19489002,142610704.19489005,,,,,32656500.30561931,,,,4.366992876157968,,,,tp
willyB,,,1771229100000.0,2026-02-16,INITUSDT,WIDE,1.0,False,2.903817513341457,0.8719819893483688,538690186.96873,538690186.96873,,,,,38291970.299993694,,,,14.067967324439785,,,,tp
willyB,,,1771274100000.0,2026-02-16,RPLUSDT,WIDE,1.0,False,3.3012219191570824,0.9059789711014088,81434167.0933,81434167.0933,,,,,64108049.96721888,,,,1.2702642980864445,,,,tp
willyB,,,1771294200000.0,2026-02-17,ORCAUSDT,WIDE,1.0,False,2.195568638385654,1.506296174934877,31074676.009900004,31074676.009899996,,,,,61047273.17816774,,,,0.5090264379083388,,,,tp
willyB,,,1771297200000.0,2026-02-17,RPLUSDT,FRENZY,-3.072526908292432,False,1.8440722854265876,1.3902062233260448,225285412.2795,225285412.2795,,,,,61659081.2608667,,,,3.653726388273034,,,,stop
willyB,,,1771302300000.0,2026-02-17,INITUSDT,WIDE,1.0,False,1.48517840056089,1.5329133462158195,869464671.39805,869464671.3980501,,,,,41042994.54752933,,,,21.184240598993753,,,,tp
willyB,,,1771302300000.0,2026-02-17,RPLUSDT,FRENZY,-1.700618532305691,False,1.966486467392695,1.5329133462158195,252398424.3427,252398424.34269997,,,,,63032334.74106418,,,,4.004269005416801,,,,time
willyB,,,1771316700000.0,2026-02-17,ORCAUSDT,WIDE,-3.1075280566041292,False,2.0808811208084466,0.9955233292447188,110606154.5809,110606154.5809,,,,,70528563.10062867,,,,1.5682462497228173,,,,stop
willyB,,,1771321200000.0,2026-02-17,INITUSDT,WIDE,1.0,False,1.9385054723556443,1.07614148939694,737341774.99098,737341774.9909799,,,,,39063908.97453313,,,,18.875268613585853,,,,tp
willyB,,,1771361100000.0,2026-02-17,ORCAUSDT,WIDE,1.0,False,1.2563838154393092,0.6814901695963298,456807955.0727,456807955.0727,,,,,71751955.34868814,,,,6.366487893643891,,,,tp
willyB,,,1771378500000.0,2026-02-18,ORCAUSDT,WIDE,1.0,True,2.3820556015140446,2.047005604605713,543536622.6774,543536622.6774,,,,,73648213.33318032,,,,7.380173911598796,,,,tp
willyB,,,1771380300000.0,2026-02-18,CYBERUSDT,WIDE,1.0,True,2.006904778712065,0.8689728465676104,50980985.29004,50980985.290039994,,,,,56658312.10549894,,,,0.8997971064706685,,,,tp
willyB,,,1771440900000.0,2026-02-18,NAORISUSDT,WIDE,1.0,True,2.18147452516453,0.9549570983554656,151244312.18462002,151244312.18461996,,,,,92351113.03576879,,,,1.6377096844089043,,,,tp
willyB,,,1771453800000.0,2026-02-18,ORCAUSDT,WIDE,1.0,True,0.9225626423724624,0.6107879794628945,337898811.8306,337898811.8306,,,,,79275817.6742539,,,,4.262318847583935,,,,tp
willyB,,,1771473900000.0,2026-02-19,RPLUSDT,WIDE,1.0,False,1.9240308323791289,1.1065119600016202,38389810.8518,38389810.851799995,,,,,56921356.754185416,,,,0.6744359769494989,,,,tp
willyB,,,1771545900000.0,2026-02-20,ORCAUSDT,FRENZY,-3.088948672373508,False,1.228980518861862,1.6805122859231747,219498440.8114,219498440.8114,,,,,74810435.96883683,,,,2.9340617785309346,,,,stop
willyB,,,1771587000000.0,2026-02-20,RPLUSDT,FRENZY,1.0,False,1.6618790027491517,1.156885443308733,23456142.7074,23456142.7074,,,,,58981236.97448163,,,,0.3976882125674705,,,,tp
willyB,,,1771632900000.0,2026-02-21,VANAUSDT,FRENZY,-3.0742023203766218,False,1.7510135610393038,1.662648624888344,62281924.6212,62281924.6212,,,,,117089383.8822992,,,,0.531917775601306,,,,stop
willyB,,,1771643100000.0,2026-02-21,YGGUSDT,WIDE,-2.482475440961622,False,1.8497045799291791,3.9021471026782417,46225266.62707,46225266.62707,,,,,51311761.10622236,,,,0.9008707873303623,,,,time
willyB,,,1771777800000.0,2026-02-22,BELUSDT,WIDE,1.0,True,2.2069674996664164,0.601444298423795,32126016.723,32126016.723,1534475.7394048038,9994822.859578323,,,12684379.848126074,,,,2.5327226957608127,3.2142657428103116,0.15352705705376982,16.5,tp
willyB,,,1771808400000.0,2026-02-23,YGGUSDT,FRENZY,-3.069251958211698,True,1.832451960137339,2.940685119143898,73386014.93366,73386014.93366,,,,,48832010.56949042,,,,1.5028259962638235,,,,stop
willyB,,,1771816500000.0,2026-02-23,PROMPTUSDT,WIDE,-3.050164215637889,True,4.825602465238977,0.5843347780157436,51942956.58436,51942956.584359996,,,,,,,,,,,,,stop
willyB,,,1771902000000.0,2026-02-24,STEEMUSDT,WIDE,1.0,True,1.3789627337971602,0.5436924284485022,20248804.72661,20248804.72661,,,,,30814939.173933923,,,,0.6571100014936353,,,,tp
willyB,,,1771985400000.0,2026-02-25,DENTUSDT,WIDE,-3.3824224254552155,False,2.877482473259366,1.4318305621806993,52868988.782403,52868988.782403,,,,,,,,,,,,,stop
willyB,,,1772005200000.0,2026-02-25,DENTUSDT,WIDE,1.0,True,2.198661273172118,3.755191852377574,79535841.308619,79535841.308619,,,,,,,,,,,,,tp
willyB,,,1772006400000.0,2026-02-25,HOLOUSDT,FRENZY,-3.051050665822945,True,1.9233180685953324,3.3997115889582505,46870444.94823,46870444.94823,,,,,55395852.22866284,,,,0.8461002595421461,,,,stop
willyB,,,1772029500000.0,2026-02-25,DENTUSDT,WIDE,-3.414592356560224,False,2.6120125031845545,0.4795976744685698,205976954.817458,205976954.81745803,,,,,,,,,,,,,stop
willyB,,,1772064000000.0,2026-02-26,DENTUSDT,FRENZY,1.0,True,2.0752811015590886,4.253785667422205,242617289.461609,242617289.461609,,,,,,,,,,,,,tp
willyB,,,1772065200000.0,2026-02-26,STEEMUSDT,WIDE,1.0,False,1.652552981468384,1.480396830440826,83652859.4561,83652859.45610002,,,,,34963643.86505019,,,,2.392566969820894,,,,tp
willyB,,,1772085300000.0,2026-02-26,DENTUSDT,WIDE,1.0,False,2.908175641090238,6.037432504759645,247503922.029037,247503922.029037,,,,,,,,,,,,,tp
willyB,,,1772103900000.0,2026-02-26,STEEMUSDT,FRENZY,1.0,False,1.3828034645134868,2.5706770347839054,67578388.58211,67578388.58211,,,,,36827473.3067966,,,,1.8349993229005543,,,,tp
willyB,,,1772129100000.0,2026-02-26,HOTUSDT,WIDE,-3.150136515940653,False,2.8697894938260795,0.6821998173663373,24732770.050388,24732770.050388,,,,,89153209.84041916,,,,0.2774187277682847,,,,stop
willyB,,,1772150700000.0,2026-02-27,STEEMUSDT,FRENZY,-3.0514757205968452,False,1.5217883660042235,2.8100351377746655,73847202.87619,73847202.87619,,,,,39477254.92277343,,,,1.870626592974919,,,,stop
willyB,,,1772192100000.0,2026-02-27,NEWTUSDT,WIDE,-3.061021987314498,True,2.3799006921735177,1.3928923358421874,22055365.824490003,22055365.82449,,,,,43584427.73518621,,,,0.5060377517974028,,,,stop
willyB,,,1772211600000.0,2026-02-27,SAHARAUSDT,FRENZY,1.0,True,2.4708528986441047,0.6434220240005125,432957202.8011899,432957202.80118996,,,,,116718513.32224964,,,,3.709413275388737,,,,tp
willyB,,,1772232000000.0,2026-02-27,ALICEUSDT,WIDE,1.0,True,2.92131878931191,2.0695679040812656,60226040.1227,60226040.1227,,,,,14330620.412785277,,,,4.202612195977813,,,,tp
willyB,,,1772245800000.0,2026-02-28,SIGNUSDT,WIDE,1.0,False,2.729581519011809,0.6548521869749141,47431663.38357,47431663.38357,,,,,82057027.51449487,,,,0.578032921984549,,,,tp
willyB,,,1772269200000.0,2026-02-28,LAYERUSDT,WIDE,1.0,True,2.5028596252484583,0.903852429570486,82599739.74125001,82599739.74125,,,,,49459992.77168267,,,,1.6700313751064844,,,,tp
willyB,,,1772312100000.0,2026-02-28,BARDUSDT,FRENZY,1.0,False,2.259450390395341,1.1069345062215696,162232979.03379998,162232979.0338,,,,,375079979.26540285,,,,0.4325290284795648,,,,tp
willyB,,,1772320200000.0,2026-02-28,FIOUSDT,WIDE,1.0,False,4.30183743546354,0.4914741204668683,42835467.921440005,42835467.921440005,,,,,,,,,,,,,tp
willyB,,,1772331000000.0,2026-03-01,GRASSUSDT,WIDE,1.0,False,2.6020787190382335,2.61478158660166,53583782.49519,53583782.49519,,,,,69102826.14837581,,,,0.7754209991373766,,,,tp
willyB,,,1772331300000.0,2026-03-01,STEEMUSDT,WIDE,-1.921838025147975,False,2.0417766667161947,3.239083548069514,27927907.56336,27927907.56336,,,,,36995891.62984598,,,,0.7548921335046161,,,,time
willyB,,,1772331900000.0,2026-03-01,SAHARAUSDT,WIDE,1.0,False,2.513611655592595,4.827226235506528,330830644.88407,330830644.88407,,,,,108467204.53982839,,,,3.050052283430899,,,,tp
willyB,,,1772358000000.0,2026-03-01,SAHARAUSDT,WIDE,1.0,False,1.6080616729010135,0.7422656174834608,212319959.11633,212319959.11633003,,,,,110567537.68444471,,,,1.9202739209249882,,,,tp
willyB,,,1772404500000.0,2026-03-01,HIPPOUSDT,FRENZY,-3.0563382340022245,False,1.5622621122771867,1.056579399579272,51635009.2678401,51635009.267840095,,,,,,,,,,,,,stop
willyB,,,1772413500000.0,2026-03-02,SAHARAUSDT,FRENZY,1.0,False,1.6931259291620897,2.558660954112746,291483793.62407,291483793.62407,,,,,119518957.51507138,,,,2.438808032502407,,,,tp
willyB,,,1772417700000.0,2026-03-02,KNCUSDT,FRENZY,1.0,False,2.0083232879762916,1.1374493513194952,22144409.1264,22144409.126399998,,,,,33681707.703912444,,,,0.6574609969620905,,,,tp
willyB,,,1772440500000.0,2026-03-02,HIPPOUSDT,FRENZY,1.0,True,2.3823884945074556,1.0723497535239932,83638739.2987328,83638739.29873279,,,,,,,,,,,,,tp
willyB,,,1772442300000.0,2026-03-02,KAVAUSDT,WIDE,-3.0678610708707517,True,2.0002012574683845,1.43964393263124,40707250.59502,40707250.595019996,,,,,67461360.99780001,,,,0.6034157922836378,,,,stop
willyB,,,1772446500000.0,2026-03-02,SAHARAUSDT,WIDE,1.0,False,1.7644466922270987,0.9637857247842307,307081659.99321,307081659.99320996,,,,,131470853.26657853,,,,2.3357394613584197,,,,tp
willyB,,,1772466000000.0,2026-03-02,GRASSUSDT,WIDE,1.0,False,2.366824509110202,1.4148761549731292,83053403.96384001,83053403.96384001,,,,,79643935.22185686,,,,1.0428088935144364,,,,tp
willyB,,,1772497200000.0,2026-03-03,SAHARAUSDT,WIDE,-3.0540383005374356,False,1.5251696454110957,1.5068590434515854,269534197.58779,269534197.58779,,,,,137121749.5842367,,,,1.965656056789223,,,,stop
willyB,,,1772517300000.0,2026-03-03,PHAUSDT,WIDE,1.0,False,2.039082106515271,1.220286165175872,35353719.09695,35353719.09695,,,,,25780549.80398704,,,,1.3713330152284977,,,,tp
willyB,,,1772527500000.0,2026-03-03,SAHARAUSDT,FRENZY,1.0,False,1.4491587194341455,3.049813332752531,281155222.50944,281155222.50944,,,,,142722637.96988022,,,,1.969941324716645,,,,tp
willyB,,,1772549400000.0,2026-03-03,FORMUSDT,WIDE,1.0,False,1.4029812944511566,2.562622038160147,124272467.55988,124272467.55987999,,,,,116104326.10397926,,,,1.070351740800645,,,,tp
willyB,,,1772587800000.0,2026-03-04,PHAUSDT,WIDE,1.0,True,2.6926641225448824,0.9847053659301552,437928120.80194,437928120.80193996,,,,,31814295.502792526,,,,13.765136517434449,,,,tp
willyB,,,1772599200000.0,2026-03-04,FORMUSDT,WIDE,1.0,True,1.3775746486762728,0.814081608518357,140619080.07682,140619080.07682002,,,,,136442653.8903859,,,,1.0306093883939647,,,,tp
willyB,,,1772612100000.0,2026-03-04,PHAUSDT,FRENZY,1.0,False,2.1356748277985056,1.5158371751745252,445791310.89161,445791310.89161,,,,,31951426.086856287,,,,13.952156929702527,,,,tp
willyB,,,1772653800000.0,2026-03-04,SIGNUSDT,WIDE,-3.070803273169091,False,3.3592730945456712,0.3991013592320304,37093282.56068,37093282.56068,,,,,97234708.47784026,,,,0.3814819125943443,,,,stop
willyB,,,1772680800000.0,2026-03-05,BARDUSDT,WIDE,1.0,False,3.017084298435523,0.6201515720442806,196559109.1084,196559109.10840002,,,,,503998898.10426545,,,,0.38999908501334973,,,,tp
willyB,,,1772693400000.0,2026-03-05,SIGNUSDT,WIDE,1.0,False,2.0245811521430435,1.3017725612724846,65456734.33321,65456734.33321001,,,,,97091252.1360317,,,,0.6741774659729437,,,,tp
willyB,,,1772726400000.0,2026-03-05,HUMAUSDT,WIDE,1.0,False,2.3005449338815573,1.513468966974511,81094179.00047399,81094179.00047398,,,,,66168231.47820922,,,,1.2255757361020028,,,,tp
willyB,,,1772757000000.0,2026-03-06,BARDUSDT,FRENZY,-3.050249230797257,True,1.557517648320394,0.7287382254990424,567260725.4813,567260725.4813,,,,,589677251.1848341,,,,0.9619850932717978,,,,stop
willyB,,,1772757000000.0,2026-03-06,PHAUSDT,FRENZY,1.0,True,1.0479420458484003,0.7287382254990424,223073919.24001,223073919.24001002,,,,,40247826.422713816,,,,5.54250847976522,,,,tp
willyB,,,1772763000000.0,2026-03-06,PHAUSDT,FRENZY,1.0,False,1.2762463461285545,1.0338478626027117,205391386.95553,205391386.95553,,,,,40462092.96031345,,,,5.0761434203857085,,,,tp
willyB,,,1772763900000.0,2026-03-06,SIGNUSDT,WIDE,1.0,False,2.019987512645555,1.448295235667196,72083534.73936,72083534.73936,,,,,116744770.96380407,,,,0.6174455107861664,,,,tp
willyB,,,1772773500000.0,2026-03-06,AGLDUSDT,WIDE,1.0,True,2.159207163133321,1.074222103324352,49540751.546,49540751.546000004,41220706.00573619,23221419.111096505,,,24973452.8224116,,,,1.983736566116372,2.133407579829031,1.7751157157332649,5.083333333333333,tp
willyB,,,1772779800000.0,2026-03-06,AGLDUSDT,WIDE,-3.075327622585404,True,2.4555673498107184,2.5653974421626127,61874413.5008,61874413.5008,41220706.00573619,23221419.111096505,,,28784848.70433183,,,,2.1495479839533957,2.664540578023197,1.7751157157332649,6.833333333333333,stop
willyB,,,1772780400000.0,2026-03-06,HUMAUSDT,WIDE,-3.0533380935812744,True,2.030157837759057,0.7812002650495492,252927020.459454,252927020.45945403,,,,,71721674.44668767,,,,3.5265074666858256,,,,stop
willyB,,,1772784900000.0,2026-03-06,PHAUSDT,FRENZY,1.0,False,1.513186875895416,1.4907720900496333,161815960.0093,161815960.0093,,,,,36870985.790143706,,,,4.388707178329807,,,,tp
willyB,,,1772795700000.0,2026-03-06,HUMAUSDT,FRENZY,1.0,True,2.1035652967419916,1.0786860678187895,312592288.92064697,312592288.92064697,,,,,69147955.48672532,,,,4.520629521441988,,,,tp
willyB,,,1772819100000.0,2026-03-06,SIGNUSDT,FRENZY,1.0,True,1.4710212340041275,1.0272147387545054,503178777.61921,503178777.61920995,,,,,141333187.94979084,,,,3.5602308623928174,,,,tp
willyB,,,1772859900000.0,2026-03-07,BANANAS31USDT,WIDE,1.0,True,1.565047431202796,0.7723453083650044,108424843.830028,108424843.83002801,37241981.47824042,62864795.76617187,,,74020054.89742848,,,,1.4648036127543427,1.7247307099082698,0.5924139420855429,5.083333333333333,tp
willyB,,,1772865900000.0,2026-03-07,SIGNUSDT,WIDE,1.0,True,2.0748717365054308,0.7944617580811281,599179861.86521,599179861.86521,,,,,142423456.14753586,,,,4.207030766368442,,,,tp
willyB,,,1772881800000.0,2026-03-07,BANANAS31USDT,WIDE,1.0,True,1.6582103580981378,1.8468687096415253,178455203.812455,178455203.812455,37241981.47824042,62864795.76617187,,,70843185.49552152,,,,2.5190172147712975,2.838714444825786,0.5924139420855429,11.166666666666666,tp
willyB,,,1772891400000.0,2026-03-07,DEGOUSDT,WIDE,1.0,True,2.7776282847265397,0.5654996743526314,49276345.17095,49276345.17095,,,,,,,,,,,,,tp
willyB,,,1772904300000.0,2026-03-07,DEGOUSDT,FRENZY,1.0,True,1.87161877420259,1.1512732755780275,90728702.30139,90728702.30138999,,,,,,,,,,,,,tp
willyB,,,1772910300000.0,2026-03-07,BANANAUSDT,FRENZY,-3.054403529683096,True,2.2130236795776934,0.5994931796814371,47685220.1371,47685220.1371,4393559.648807096,38364160.93073086,,,21238883.340915017,,,,2.2451848984564187,1.2429626761080208,0.11452250074594285,19.083333333333332,stop
willyB,,,1772916300000.0,2026-03-07,BANANAUSDT,FRENZY,-3.062823693469989,True,1.5631178073314722,0.5388029656907164,72044848.6241,72044848.6241,4393559.648807096,38364160.93073086,,,21021831.92145828,,,,3.4271441658021904,1.8779206133083934,0.11452250074594285,20.75,stop
willyB,,,1772920800000.0,2026-03-07,MLNUSDT,WIDE,1.0,True,1.409408728177491,0.7751356430572568,32558434.5835,32558434.5835,,,,,,,,,,,,,tp
willyB,,,1772933400000.0,2026-03-08,AKTUSDT,WIDE,1.0,True,1.5853489338892512,0.5797224131037159,42373515.76577,42373515.76577,35741930.615439735,107102004.84993598,,,128139479.33329076,,,,0.33068275278032383,0.3956369988138026,0.333718595328994,1.5,tp
willyB,,,1772937000000.0,2026-03-08,SIGNUSDT,FRENZY,1.0,True,1.8104582430037663,0.9196471797408968,305723224.10025,305723224.10025,,,,,144345771.12777054,,,,2.117992246753339,,,,tp
willyB,,,1772962200000.0,2026-03-08,SIGNUSDT,WIDE,1.0,False,1.3389747893625374,3.1108679546751117,237033712.45757,237033712.45757002,,,,,140730671.3141949,,,,1.684307409636164,,,,tp
willyB,,,1772971800000.0,2026-03-08,SIGNUSDT,WIDE,1.0,True,2.051907911942892,1.5373226554510313,252814039.42383,252814039.42382997,,,,,158232345.01483887,,,,1.5977393206181791,,,,tp
willyB,,,1772979000000.0,2026-03-08,BANANAS31USDT,WIDE,1.0,True,3.3392601723717075,0.8649394366022612,159208011.290068,159208011.290068,53511801.06652752,70670541.98108797,,,71073683.90638544,,,,2.2400416376301604,2.252820012795054,0.7572009435111978,14.166666666666666,tp
willyB,,,1772990100000.0,2026-03-08,BABYUSDT,FRENZY,1.0,True,2.242203517078053,0.9682065995942506,30973331.452990003,30973331.452990003,23616915.04107366,40588455.10308471,,,67773394.91639727,,,,0.4570131316455011,0.7631069321146948,0.5818628716242709,17.25,tp
willyB,,,1772998800000.0,2026-03-08,SIGNUSDT,WIDE,1.0,False,1.058898539890088,1.0983360114829313,273644981.43095,273644981.43095,,,,,160039894.92162672,,,,1.709854793174895,,,,tp
willyB,,,1773011700000.0,2026-03-08,SIGNUSDT,FRENZY,1.0,True,1.7705847566981168,0.6979548117420876,307477305.66871,307477305.66871,,,,,153354829.39334792,,,,2.005005690952485,,,,tp
willyB,,,1773014700000.0,2026-03-09,MBOXUSDT,FRENZY,1.0,True,1.8199677938675272,1.5164343369237592,25620759.92905,25620759.92905,,,,,,,,,,,,,tp
willyB,,,1773026400000.0,2026-03-09,SIGNUSDT,FRENZY,-3.053977278718571,False,1.361471899220443,2.2346748607926123,292658071.66029,292658071.66029,,,,,161474458.33971226,,,,1.81241092039827,,,,stop
willyB,,,1773044400000.0,2026-03-09,PHAUSDT,FRENZY,1.0,False,1.9944240611051824,1.2493875176949478,38725071.02933,38725071.02933,,,,,32705644.299206965,,,,1.1840485597854127,,,,tp
willyB,,,1773045600000.0,2026-03-09,DENTUSDT,WIDE,1.0,False,3.0243233820887347,1.031362589059062,59155636.167443,59155636.16744299,,,,,,,,,,,,,tp
willyB,,,1773057300000.0,2026-03-09,SIGNUSDT,FRENZY,1.0,True,1.0163055304574136,1.2188666015049354,270978194.20585,270978194.20585,,,,,157314224.42726412,,,,1.7225282404843156,,,,tp
willyB,,,1773083700000.0,2026-03-09,BABYUSDT,FRENZY,1.0,True,1.079719719312464,1.0879470091679917,134757503.83975002,134757503.83975002,73122679.28170656,45893345.7322139,,,74281598.18273723,,,,1.8141438409582733,2.936319017272252,1.5933176828809754,19.25,tp
willyB,,,1773143400000.0,2026-03-10,SIGNUSDT,WIDE,-3.05773906173256,False,1.5490954756494768,0.6683163056267483,186915079.17326,186915079.17326,,,,,160068586.18998843,,,,1.1677186862349553,,,,stop
willyB,,,1773167400000.0,2026-03-10,PIXELUSDT,WIDE,1.0,False,2.930772808671666,0.6590814079203079,54610699.553109,54610699.553109,,,,,27619245.399759572,,,,1.9772697900567693,,,,tp
willyB,,,1773169800000.0,2026-03-10,AINUSDT,FRENZY,1.0,False,1.515074175088201,1.016025843894824,78150993.93007,78150993.93007,,,,,25217097.556968782,,,,3.0991272391089613,,,,tp
willyB,,,1773188100000.0,2026-03-11,DEGOUSDT,WIDE,1.0,False,1.0953190352880309,1.72767322905261,166474469.32238,166474469.32238,,,,,,,,,,,,,tp
willyB,,,1773201900000.0,2026-03-11,PLAYUSDT,WIDE,-3.0761258270033327,False,2.9540494030662185,0.993678334365418,135677156.74208,135677156.74208,,,,,39881596.741070226,,,,3.401999113098677,,,,stop
willyB,,,1773215100000.0,2026-03-11,PLAYUSDT,WIDE,1.0,False,2.9670368409807475,1.2287678667259072,169114327.5024,169114327.50239998,,,,,42178442.626681596,,,,4.009496723224679,,,,tp
willyB,,,1773216300000.0,2026-03-11,ICXUSDT,FRENZY,-3.261792454605687,False,1.526390505889463,2.254965252528422,36303454.220199995,36303454.2202,,,,,,,,,,,,,stop
willyB,,,1773217800000.0,2026-03-11,DEGOUSDT,FRENZY,1.0,False,1.6566393254893834,1.735876027446256,108550862.22487,108550862.22487,,,,,,,,,,,,,tp
willyB,,,1773231900000.0,2026-03-11,PLAYUSDT,WIDE,1.0,False,3.1031693595809156,1.4118955224054657,234853865.74282,234853865.74281996,,,,,44585185.44461888,,,,5.2675314322633415,,,,tp
willyB,,,1773249000000.0,2026-03-11,ACXUSDT,WIDE,-3.0517967397383923,False,4.767375172379298,0.6931448954661688,163073520.822159,163073520.822159,,,,,,,,,,,,,stop
willyB,,,1773262500000.0,2026-03-11,OGNUSDT,WIDE,1.0,False,3.4240761888096363,0.8370453064602229,53179638.8867,53179638.886700004,,,,,39972464.48440983,,,,1.3304068081026446,,,,tp
willyB,,,1773267000000.0,2026-03-11,ACXUSDT,FRENZY,1.0,False,1.99559832130786,1.0002867103236273,262752135.032412,262752135.032412,,,,,,,,,,,,,tp
willyB,,,1773309600000.0,2026-03-12,OGNUSDT,WIDE,1.0,False,2.6220190075990004,0.3888052811724028,144830784.6505,144830784.6505,,,,,43813235.093232125,,,,3.3056400501425687,,,,tp
willyB,,,1773344400000.0,2026-03-12,TURBOUSDT,FRENZY,1.0,False,2.0110249872457624,1.5533555222490112,76501965.15115741,76501965.15115741,,,,,83392279.78066029,,,,0.9173746700818601,,,,tp
willyB,,,1773381600000.0,2026-03-13,PIXELUSDT,WIDE,-3.0524962968395504,False,2.6827471397946634,1.4410705347061057,455315741.666514,455315741.666514,,,,,45671562.55792528,,,,9.969348893833809,,,,stop
willyB,,,1773436200000.0,2026-03-13,BANANAS31USDT,FRENZY,1.0,False,1.660201957157411,1.155508798656076,112992707.493052,112992707.493052,26217087.98652999,78097081.30308953,,,106690699.21987863,,,,1.0590680192299198,1.4468236918423993,0.3356986912837784,21.166666666666668,tp
willyB,,,1773476700000.0,2026-03-14,COSUSDT,WIDE,1.0,False,3.64566370400838,1.3826780432744796,74875640.57893601,74875640.578936,,,,,,,,,,,,,tp
willyB,,,1773498000000.0,2026-03-14,TOWNSUSDT,FRENZY,-3.069103854658243,False,2.3456248652546363,1.7423851048307617,45238896.642329,45238896.64232901,,,,,18990009.97925064,,,,2.382247123185249,,,,stop
willyB,,,1773498000000.0,2026-03-14,BANANAS31USDT,FRENZY,-3.0512392264264427,False,1.5851181537763233,1.7423851048307617,357595015.255556,357595015.255556,91262501.11606407,110290252.45458876,,,113455326.4952326,,,,3.1518574429432555,3.242308429775272,0.8274756751839042,14.333333333333334,stop
willyB,,,1773540300000.0,2026-03-15,CUSDT,WIDE,1.0,False,1.4857317015867086,1.7555532657657886,171141421.56578,171141421.56577998,,,,,34471635.03678724,,,,4.964702758750557,,,,tp
willyB,,,1773542400000.0,2026-03-15,XANUSDT,WIDE,-3.052140118368289,False,3.096791133861643,0.648590977718584,55230917.200066,55230917.20006601,3559669.235906522,18922232.66143638,,,27277349.2511787,,,,2.024790484276231,2.918837231751565,0.18812099500082508,2.6666666666666665,stop
willyB,,,1773628500000.0,2026-03-16,GUSDT,WIDE,1.0,False,2.168982116838743,0.9113075397203346,40785392.845896,40785392.845896006,,,,,50102731.44083045,,,,0.814035316498904,,,,tp
willyB,,,1773640800000.0,2026-03-16,GUSDT,WIDE,1.0,False,1.5579874424087927,0.9702836686858256,99223172.205384,99223172.20538399,,,,,52523638.30403691,,,,1.8891146045714393,,,,tp
willyB,,,1773705900000.0,2026-03-17,GUSDT,FRENZY,-3.0645866379405513,False,1.9232431327866648,2.071202713655604,644428083.7298039,644428083.729804,,,,,59418202.55040369,,,,10.845634099805427,,,,stop
willyB,,,1773750900000.0,2026-03-17,POLYXUSDT,WIDE,1.0,False,2.533850181853438,0.8540533948763109,140432943.83557,140432943.83557,,,,,74096317.86325027,,,,1.8952756072811665,,,,tp
willyB,,,1773760800000.0,2026-03-17,HYPERUSDT,WIDE,-3.112592244378702,False,2.288349247606175,1.2017238467690017,55353139.7991,55353139.7991,,,,,49859929.49698155,,,,1.1101728453597393,,,,stop
willyB,,,1773789900000.0,2026-03-17,VANRYUSDT,WIDE,-3.058597104603959,False,1.7789244023044035,1.3534368346675911,116833259.048318,116833259.048318,,,,,,,,,,,,,stop
willyB,,,1773801600000.0,2026-03-18,ANKRUSDT,WIDE,-0.7675243308692336,False,1.9338984272846311,0.7625029127494333,65863929.795283,65863929.795283005,32336005.462728724,49961078.54390621,,,57435360.408250056,,,,1.1467487855412197,1.3183048027556337,0.6472239272078879,2.6666666666666665,time
willyB,,,1773814800000.0,2026-03-18,ANKRUSDT,WIDE,-1.4596706663540782,True,1.465321990082036,0.5605057429084206,113115204.804545,113115204.80454502,32336005.462728724,49961078.54390621,,,58436848.8199022,,,,1.9356828283666911,2.2640665113972354,0.6472239272078879,6.333333333333333,time
willyB,,,1773816300000.0,2026-03-18,AINUSDT,WIDE,1.0,True,1.5193216687909157,0.7681950325489034,38375475.92651,38375475.92651,,,,,34143122.17101211,,,,1.1239591896224184,,,,tp
willyB,,,1773817800000.0,2026-03-18,ENJUSDT,FRENZY,1.0,True,1.8298234789011925,0.939433147249834,31944260.66435,31944260.66435,,,,,47217125.39927344,,,,0.6765397171942523,,,,tp
willyB,,,1773822900000.0,2026-03-18,AINUSDT,WIDE,1.0,True,1.673711028881779,1.6239045172464988,42885172.70962,42885172.70962,,,,,36872674.625451446,,,,1.163061078298302,,,,tp
willyB,,,1773826800000.0,2026-03-18,ANKRUSDT,WIDE,-3.0642517106192964,False,1.3961620188121062,0.9237404379300362,163944303.84861198,163944303.848612,32336005.462728724,49961078.54390621,,,57906059.96172656,,,,2.831211516669796,3.281440445776934,0.6472239272078879,9.666666666666666,stop
willyB,,,1773848100000.0,2026-03-18,COSUSDT,WIDE,-3.089255890602664,True,3.4014349352006548,0.5910787171358174,33544800.645178,33544800.645177998,,,,,,,,,,,,,stop
willyB,,,1773859200000.0,2026-03-18,DEGOUSDT,FRENZY,1.0,True,2.3765110041447937,0.4658453345492616,101700321.18426,101700321.18426001,,,,,,,,,,,,,tp
willyB,,,1773869700000.0,2026-03-18,DEGOUSDT,FRENZY,1.0,True,1.9402641845048876,0.6260011148321247,110632294.41775,110632294.41775,,,,,,,,,,,,,tp
willyB,,,1773894300000.0,2026-03-19,AINUSDT,WIDE,1.0,True,2.3442295987018653,0.6043907038283166,94397355.75478,94397355.75478001,,,,,41624596.9079035,,,,2.267826303847191,,,,tp
willyB,,,1773904800000.0,2026-03-19,ENJUSDT,FRENZY,-3.0836183211862584,True,2.0284363289495477,2.3767834315865426,426687018.42357,426687018.42357004,,,,,52769697.2273425,,,,8.085834121528427,,,,stop
willyB,,,1773908400000.0,2026-03-19,XANUSDT,FRENZY,1.0,True,1.9582390676925032,0.6044674567232121,36029661.515714,36029661.515714,18437155.8319413,29258618.800128866,,,33229726.234168436,,,,1.0842599563359185,1.231420449537943,0.6301444356580528,8.333333333333334,tp
willyB,,,1773911700000.0,2026-03-19,DEGOUSDT,WIDE,1.0,True,4.575044669398207,0.9528927837758638,205263803.27439,205263803.27438998,,,,,,,,,,,,,tp
willyB,,,1773930000000.0,2026-03-19,XANUSDT,FRENZY,-3.054473056256261,True,2.4031868250798865,0.5200040135443149,114189697.46837,114189697.46837,18437155.8319413,29258618.800128866,,,37360610.80706295,,,,3.0564194482276146,3.9027712910312453,0.6301444356580528,14.333333333333334,stop
willyB,,,1773946200000.0,2026-03-19,XANUSDT,WIDE,-3.051887461621798,False,1.6195317056049527,0.399937090712689,160435192.177098,160435192.17709798,18437155.8319413,29258618.800128866,,,34725952.14246094,,,,4.620037242432493,5.483348112672747,0.6301444356580528,18.833333333333332,stop
willyB,,,1773974700000.0,2026-03-20,ENJUSDT,WIDE,-0.5269817228940753,False,1.4146878672521213,0.9696999193568788,154014055.94402,154014055.94401997,,,,,51898308.21782801,,,,2.9676122639218003,,,,time
willyB,,,1773989400000.0,2026-03-20,WAXPUSDT,FRENZY,1.0,True,1.005979194756527,0.5172929926164995,24409778.173041,24409778.173040997,,,,,33988293.36246839,,,,0.718181931429235,,,,tp
willyB,,,1774005900000.0,2026-03-20,WAXPUSDT,WIDE,1.0,True,1.3428813930128998,0.7286588167829088,39571240.925199,39571240.925199,,,,,34822786.18647908,,,,1.1363605632614098,,,,tp
willyB,,,1774020900000.0,2026-03-20,ENJUSDT,FRENZY,-3.0713863893059563,True,1.1729126602099045,1.1962741364702143,88283334.10237,88283334.10237,,,,,51898308.21782801,,,,1.7010830821657317,,,,stop
willyB,,,1774023000000.0,2026-03-20,WAXPUSDT,FRENZY,1.0,True,1.4004152525561446,0.8824892985437937,107834720.905705,107834720.905705,,,,,36219754.83661851,,,,2.977234975557678,,,,tp
willyB,,,1774028100000.0,2026-03-20,STOUSDT,FRENZY,-3.0546342135114353,True,1.2200290222369732,1.3490924950441057,47365947.84731,47365947.84731,,,,,48842211.8755559,,,,0.9697748326384716,,,,stop
willyB,,,1774054800000.0,2026-03-21,ANKRUSDT,WIDE,1.0,False,1.601586933356829,0.8862846841337182,46034465.742013,46034465.74201301,36052744.885915615,55833037.73523227,,,59638634.91388476,,,,0.7718899972892488,0.8245022590444496,0.6457242225809484,1.0,tp
willyB,,,1774085700000.0,2026-03-21,RDNTUSDT,WIDE,1.0,False,2.792845765628796,1.0465519488011323,34739103.479392,34739103.479392,,,,,,,,,,,,,tp
willyB,,,1774091700000.0,2026-03-21,RDNTUSDT,WIDE,-3.0655385204649983,False,2.027443675462284,0.5428052744554849,53966275.86778001,53966275.86778001,,,,,,,,,,,,,stop
willyB,,,1774107600000.0,2026-03-21,RDNTUSDT,WIDE,-3.062328419590858,False,3.095205298373883,3.652478502421538,120995159.186312,120995159.18631199,,,,,,,,,,,,,stop
willyB,,,1774156800000.0,2026-03-22,ORDERUSDT,FRENZY,1.0,True,0.9376234235539042,0.884385014889206,22281747.03387,22281747.033869997,,,,,35314524.50468697,,,,0.6309513534838265,,,,tp
willyB,,,1774189200000.0,2026-03-22,RDNTUSDT,WIDE,-3.0609132565154114,False,2.833400804265311,0.7193589491483364,275131285.160781,275131285.160781,,,,,,,,,,,,,stop
willyB,,,1774275600000.0,2026-03-23,LIGHTUSDT,WIDE,1.0,False,3.003882275044246,0.4636808765192267,51573983.40710001,51573983.40710001,4432365.5548760025,12112530.101273593,,,14293435.18585667,,,,3.6082287243399946,4.257903425286611,0.36593226335181234,14.333333333333334,tp
willyB,,,1774277700000.0,2026-03-23,A2ZUSDT,WIDE,1.0,False,3.25182718262791,0.3634114485149172,27134653.3971838,27134653.3971838,,,,,,,,,,,,,tp
willyB,,,1774335300000.0,2026-03-24,A2ZUSDT,WIDE,1.0,False,3.742848476002305,1.3247039364186428,50528966.7960516,50528966.7960516,,,,,,,,,,,,,tp
willyB,,,1774377300000.0,2026-03-24,CUSDT,WIDE,1.0,False,2.7317648215656423,1.301176159143432,57491001.06922,57491001.06922,,,,,29312554.936785366,,,,1.9613097934725745,,,,tp
willyB,,,1774391700000.0,2026-03-24,ONTUSDT,FRENZY,-1.6769667751470418,False,1.107654919863933,1.2847976462793314,521954413.78368,521954413.78367996,,,,,59990008.32639467,,,,8.700689137161332,,,,time
willyB,,,1774401600000.0,2026-03-25,ONTUSDT,WIDE,-3.163473328801307,False,3.050588893751341,0.7117119880275393,647841966.48579,647841966.48579,,,,,66688892.589508735,,,,9.714390827771913,,,,stop
willyB,,,1774438500000.0,2026-03-25,CUSDT,WIDE,-3.0532858308879236,False,2.5012333762233228,1.9117111581762416,194556276.97602,194556276.97602,,,,,29431407.464686435,,,,6.610498570598782,,,,stop
willyB,,,1774583400000.0,2026-03-27,STGUSDT,WIDE,1.0,True,1.9773365868495456,0.9149517458716024,63256414.7217,63256414.7217,,,,,,,,,,,,,tp
willyB,,,1774598700000.0,2026-03-27,CUSDT,WIDE,1.0,True,2.7821759050070027,1.8896623363535023,103043675.84206,103043675.84206001,,,,,38715110.47740311,,,,2.661588061390232,,,,tp
willyB,,,1774609500000.0,2026-03-27,STGUSDT,WIDE,-3.0771987172539856,True,2.3573020552455124,2.7930055712344206,191661196.598,191661196.598,,,,,,,,,,,,,stop
willyB,,,1774631700000.0,2026-03-27,CUSDT,FRENZY,-3.052060364779567,True,2.3073590842688843,0.4918006507526296,276129139.06554997,276129139.06554997,,,,,41501541.96486146,,,,6.65346697959664,,,,stop
willyB,,,1774679100000.0,2026-03-28,ONTUSDT,WIDE,1.0,False,2.511648952295217,1.3393637397946618,75609737.12766,75609737.12766,,,,,61589741.881765194,,,,1.2276352330361966,,,,tp
willyB,,,1774704000000.0,2026-03-28,NOMUSDT,WIDE,1.0,False,3.3332848934598545,1.063119644455257,54345008.607727,54345008.607727,,,,,7181432.246696035,,,,7.567433172224041,,,,tp
willyB,,,1774752300000.0,2026-03-29,PLAYUSDT,WIDE,1.0,False,3.733186684400733,0.5401774794613198,53192066.90447,53192066.904470004,,,,,64102880.62569926,,,,0.8297921463945095,,,,tp
willyB,,,1774760700000.0,2026-03-29,NOMUSDT,WIDE,1.0,False,2.0630108939590164,0.8869376520379869,371853676.213042,371853676.213042,,,,,8360906.960352424,,,,44.47527977244324,,,,tp
willyB,,,1774768200000.0,2026-03-29,STOUSDT,WIDE,-3.0538489796311947,True,1.8178128499450392,1.6198872505876516,79679538.34535,79679538.34535,,,,,68239822.3324646,,,,1.1676398856543186,,,,stop
willyB,,,1774781700000.0,2026-03-29,NOMUSDT,WIDE,-3.0547832785541003,True,1.8836146088130592,0.7510238124547604,467448190.690859,467448190.69085896,,,,,8087826.607929516,,,,57.796514855123206,,,,stop
willyB,,,1774804200000.0,2026-03-29,PLAYUSDT,WIDE,-3.063687127848351,True,2.000522000324644,0.5412439582670975,195880013.27226,195880013.27226,,,,,68311933.13378134,,,,2.867434784617363,,,,stop
willyB,,,1774804800000.0,2026-03-29,CUSDT,FRENZY,-3.060107886930756,True,2.2666388184736506,0.6255313856346502,56833872.01813,56833872.018130004,,,,,39005638.878939055,,,,1.4570680971160104,,,,stop
willyB,,,1774805700000.0,2026-03-29,STOUSDT,FRENZY,1.0,True,2.2313968697689455,0.4519451618123652,248263617.45848,248263617.45848,,,,,71327680.01974766,,,,3.480606931134535,,,,tp
willyB,,,1774823400000.0,2026-03-29,PLAYUSDT,WIDE,-3.059622870244465,True,2.224813360850592,1.1983867097956555,223082784.9783,223082784.97829998,,,,,71784676.1952799,,,,3.1076658251050033,,,,stop
willyB,,,1774836300000.0,2026-03-30,NOMUSDT,WIDE,1.0,False,4.960944371620952,0.8723408602872039,349392481.159084,349392481.15908396,,,,,11736644.933920706,,,,29.769366213787897,,,,tp
willyB,,,1774871100000.0,2026-03-30,NOMUSDT,FRENZY,1.0,False,1.5035086173742167,1.5211525125085097,377065149.538633,377065149.538633,,,,,9496805.022026433,,,,39.70442150429394,,,,tp
willyB,,,1774886700000.0,2026-03-30,ONTUSDT,WIDE,1.0,True,1.575026798678007,1.279171670251879,274477676.23624,274477676.23624,,,,,81386444.62947544,,,,3.372523243715126,,,,tp
willyB,,,1774905000000.0,2026-03-30,NOMUSDT,WIDE,-3.0765703641880955,True,1.345411203884882,1.94279036270776,398512381.272765,398512381.272765,,,,,10493257.797356829,,,,37.977946312645365,,,,stop
willyB,,,1774941300000.0,2026-03-31,AIOTUSDT,FRENZY,1.0,False,2.4719118552857196,1.0163570926425944,22778220.049280003,22778220.04928,,,,,7068711.47841919,,,,3.2224005915111986,,,,tp
willyB,,,1774951800000.0,2026-03-31,KERNELUSDT,WIDE,1.0,False,1.9861432659205691,1.1205600703536651,65516685.00791,65516685.00791,,,,,36215950.772819996,,,,1.8090560543030159,,,,tp
willyB,,,1774952400000.0,2026-03-31,AIOTUSDT,WIDE,1.0,False,2.801484961174551,1.1645504210928102,46574997.86527,46574997.86527,,,,,7631055.068152166,,,,6.103349726782667,,,,tp
willyB,,,1774955700000.0,2026-03-31,ZBTUSDT,FRENZY,-3.058497598045011,False,2.4259333647111423,2.353377937765667,47511134.59804,47511134.59804001,,,,,32171391.610866398,,,,1.4768131628472163,,,,stop
willyB,,,1774966500000.0,2026-03-31,NOMUSDT,FRENZY,1.0,False,2.0965338758050023,1.2753379800389006,178309855.208826,178309855.208826,,,,,9894805.11013216,,,,18.020552524701966,,,,tp
willyB,,,1774986300000.0,2026-03-31,STOUSDT,WIDE,1.0,False,3.427931482969499,0.5927473771154624,100822608.28208,100822608.28208001,,,,,70223564.73393874,,,,1.4357375428614902,,,,tp
willyB,,,1775003100000.0,2026-04-01,ONTUSDT,FRENZY,-1.296790031045274,False,1.9476787080006368,1.5863422074492737,253053859.30123,253053859.30123,,,,,79986677.76852623,,,,3.1637000855760458,,,,time
willyB,,,1775005500000.0,2026-04-01,NOMUSDT,WIDE,1.0,False,2.051623701954027,2.7672785553372345,182195807.316486,182195807.316486,,,,,13964864.405286344,,,,13.046729422415051,,,,tp
willyB,,,1775022900000.0,2026-04-01,STOUSDT,WIDE,1.0,False,1.8257241928238073,1.5896360218477004,280966977.09935004,280966977.09935,,,,,97973051.39843945,,,,2.8677985740865197,,,,tp
willyB,,,1775026800000.0,2026-04-01,BLURUSDT,FRENZY,1.0,False,1.116780354334958,1.1110260290369196,36187068.48558,36187068.485580005,6842873.544624643,54673654.94162567,,,59773512.15351954,,,,0.6054030820982846,0.6618739596651523,0.1251585165091064,7.0,tp
willyB,,,1775050500000.0,2026-04-01,KERNELUSDT,WIDE,1.0,False,2.3407658492835264,3.1055673176826084,415364904.32727,415364904.32727003,,,,,44893420.55506,,,,9.25224452028202,,,,tp
willyB,,,1775061300000.0,2026-04-01,DUSDT,WIDE,1.0,False,4.960989594460206,0.965196931383534,61170516.071352005,61170516.071352,,,,,,,,,,,,,tp
willyB,,,1775114400000.0,2026-04-02,SOLVUSDT,WIDE,1.0,True,3.902934735311359,0.7004580834255204,22706862.372087,22706862.372087,,,,,26497249.20851658,,,,0.8569516855654852,,,,tp
willyB,,,1775133600000.0,2026-04-02,SOLVUSDT,WIDE,1.0,True,5.755255855181442,0.6053841520508585,87364828.701216,87364828.701216,,,,,34520673.895662546,,,,2.53079731193177,,,,tp
willyB,,,1775135100000.0,2026-04-02,HEMIUSDT,WIDE,-3.051366926180947,True,3.9341410061565623,2.127807193759839,33976230.744659,33976230.744659,,,,,23793876.62866447,,,,1.4279401072344744,,,,stop
willyB,,,1775166000000.0,2026-04-02,BRUSDT,FRENZY,-3.0539005904110224,True,2.3502403078231793,0.9890619586433342,63767133.53293,63767133.53293,8705521.623944394,28012370.41958704,,,52651420.481753185,,,,1.2111189584149789,2.2763919146357647,0.3107741863165299,21.666666666666668,stop
willyB,,,1775171400000.0,2026-04-02,AIOTUSDT,WIDE,1.0,False,3.626603584240137,0.9413461777411294,27243470.95861,27243470.958610002,,,,,12255936.92763833,,,,2.2228795007237125,,,,tp
willyB,,,1775191200000.0,2026-04-03,YBUSDT,WIDE,1.0,True,2.361785191695586,0.4718246739479915,21306027.635300003,21306027.6353,,,,,26946455.34859686,,,,0.7906801603280053,,,,tp
willyB,,,1775221800000.0,2026-04-03,BRUSDT,WIDE,1.0,True,2.9221684774284284,1.0922770741680925,94668416.03422,94668416.03422,24158327.764979668,37201120.67751332,,,53567651.85551139,,,,1.7672683560886735,2.5447732302173223,0.6493978494465751,13.166666666666666,tp
willyB,,,1775222400000.0,2026-04-03,AIOTUSDT,WIDE,-3.053562240542022,True,7.557801889813747,0.8238908989912397,501995818.8596301,501995818.85963005,,,,,22125855.259587202,,,,22.688199528111515,,,,stop
willyB,,,1775224800000.0,2026-04-03,CTSIUSDT,WIDE,1.0,True,3.7937382533122648,0.8547861487988291,474835694.9781,474835694.9781,112275171.73053338,34202099.87826307,,,48819192.51860253,,,,9.726414356344876,13.883232218729319,3.282698200699927,14.0,tp
willyB,,,1775232300000.0,2026-04-03,BRUSDT,WIDE,-3.053936074772482,False,2.602507667632856,1.2203545970654848,75869594.43482001,75869594.43482,24158327.764979668,37201120.67751332,,,57343330.593525946,,,,1.3230761738032994,2.039443786990006,0.6493978494465751,16.083333333333332,stop
willyB,,,1775244000000.0,2026-04-03,DUSDT,WIDE,-3.0611630636738147,True,3.7483441801516832,0.6578622244944972,89788520.257957,89788520.25795701,,,,,,,,,,,,,stop
willyB,,,1775250900000.0,2026-04-03,AIOTUSDT,WIDE,1.0,False,4.35576448801379,1.321704552963496,632008725.98675,632008725.98675,,,,,20102469.44606201,,,,31.439357621337308,,,,tp
willyB,,,1775261100000.0,2026-04-04,STOUSDT,WIDE,1.0,False,4.611285325151745,1.7348530805470106,618130262.33697,618130262.33697,,,,,60620968.721260265,,,,10.196641119002551,,,,tp
willyB,,,1775267400000.0,2026-04-04,ONGUSDT,WIDE,1.0,False,3.871897724639956,0.6173594844776006,303927493.93995,303927493.93995,,,,,50631947.1377194,,,,6.002682320576457,,,,tp
willyB,,,1775268600000.0,2026-04-04,GASUSDT,WIDE,1.0,False,1.7021470077899437,1.2087619315185407,57642675.6019,57642675.6019,,,,,122586576.32222597,,,,0.4702201279394806,,,,tp
willyB,,,1775278200000.0,2026-04-04,STOUSDT,WIDE,1.0,False,4.5292984662021265,1.1457420841677686,574569841.03733,574569841.03733,,,,,65358127.250415586,,,,8.79110013106559,,,,tp
willyB,,,1775278500000.0,2026-04-04,DUSDT,FRENZY,-3.050047094668999,False,2.463527415955625,1.0657557518366052,122236203.715649,122236203.71564901,,,,,,,,,,,,,stop
willyB,,,1775292000000.0,2026-04-04,CTSIUSDT,WIDE,1.0,False,1.9239290037929668,0.6627664091684594,276545424.7998,276545424.79980004,109388520.61863275,36722699.30236397,,,42052175.73384573,,,,6.576245342217149,7.530639905384021,2.978771242221593,8.666666666666666,tp
willyB,,,1775344800000.0,2026-04-04,DRIFTUSDT,WIDE,1.0,False,3.418459661640419,0.6392258214859764,47517708.291669995,47517708.291669995,,,,,,,,,,,,,tp
willyB,,,1775367000000.0,2026-04-05,AIOTUSDT,WIDE,-3.074274561074912,False,4.063334621341961,0.9312617099777972,111802357.55017,111802357.55017,,,,,17416884.639019478,,,,6.419193780482212,,,,stop
willyB,,,1775382900000.0,2026-04-05,KOMAUSDT,WIDE,1.0,False,4.711588748685299,0.6391129541447501,47502037.695002995,47502037.695003,,,,,4740920.686571077,,,,10.019580759820593,,,,tp
willyB,,,1775391000000.0,2026-04-05,KOMAUSDT,WIDE,-3.055467094061996,False,5.776297802652847,1.4462570106140118,116760843.770556,116760843.77055599,,,,,5022505.924379981,,,,23.247527335663598,,,,stop
willyB,,,1775454900000.0,2026-04-06,TRUUSDT,WIDE,1.0,False,2.855739701094779,1.1818346449388923,68893455.556333,68893455.556333,,,,,,,,,,,,,tp
willyB,,,1775482200000.0,2026-04-06,SUPERUSDT,WIDE,-3.0693024391546015,False,2.9887161114657967,0.8295374900471598,42102441.6884,42102441.68840001,,,,,87490583.09591725,,,,0.4812225521716144,,,,stop
willyB,,,1775486700000.0,2026-04-06,PLAYUSDT,FRENZY,1.0,False,2.238135381051531,1.3901754271943545,151600494.46698,151600494.46697998,,,,,93687134.80783238,,,,1.618157015666424,,,,tp
willyB,,,1775490000000.0,2026-04-06,TREEUSDT,WIDE,-3.069630044397746,False,3.1521938211169385,0.9179998167482404,32499944.05899,32499944.05899,,,,,36159201.75314999,,,,0.8988014802112931,,,,stop
willyB,,,1775492700000.0,2026-04-06,TRUUSDT,WIDE,-3.053411969433199,False,3.892855893627898,0.5428662254977947,533032480.984961,533032480.98496103,,,,,,,,,,,,,stop
willyB,,,1775501400000.0,2026-04-06,BANKUSDT,WIDE,-3.0537384841503408,False,4.048777140264081,0.5557286896564637,57730454.34004,57730454.34004,,,,,38492866.60223161,,,,1.4997702025313204,,,,stop
willyB,,,1775520300000.0,2026-04-07,REDUSDT,FRENZY,1.0,True,1.9285486452337215,1.5434924797308809,507562619.9219,507562619.9219,,,,,96098180.85978307,,,,5.281708929147005,,,,tp
willyB,,,1775550000000.0,2026-04-07,REDUSDT,WIDE,-3.072526198809748,False,4.171588427798912,1.907792745478946,833242110.3129,833242110.3129,,,,,120149689.64960532,,,,6.935033396614663,,,,stop
willyB,,,1775577000000.0,2026-04-07,REDUSDT,FRENZY,1.0,True,1.8099119311988308,1.5979739483851148,789106974.4920001,789106974.492,,,,,102407657.38087995,,,,7.705546583856632,,,,tp
willyB,,,1775582700000.0,2026-04-07,SWARMSUSDT,WIDE,1.0,False,3.51407554325968,1.5566695005907971,81925036.940355,81925036.940355,,,,,14759338.973886292,,,,5.550725346528393,,,,tp
willyB,,,1775622000000.0,2026-04-08,NOMUSDT,WIDE,1.0,False,2.653165993065559,1.0166296714058685,248452111.207464,248452111.20746398,,,,,21064953.568281937,,,,11.7945719843202,,,,tp
willyB,,,1775631600000.0,2026-04-08,DRIFTUSDT,WIDE,1.0,False,3.1038434385312006,0.8077915963211643,65787495.741129994,65787495.74113,,,,,,,,,,,,,tp
willyB,,,1775631900000.0,2026-04-08,NOMUSDT,WIDE,1.0,False,2.4799776455690066,1.1028693560792635,287873806.979792,287873806.979792,,,,,21814471.982378855,,,,13.196460001980737,,,,tp
willyB,,,1775661900000.0,2026-04-08,SWARMSUSDT,FRENZY,1.0,False,1.7030412675899596,1.23155741861279,200841286.81467,200841286.81467,,,,,15466163.647363065,,,,12.985850363022173,,,,tp
willyB,,,1775668800000.0,2026-04-08,ENJUSDT,WIDE,1.0,False,3.0196143216328717,0.538631130714445,129699028.70552,129699028.70552,,,,,54350356.36088041,,,,2.386351026740886,,,,tp
willyB,,,1775704500000.0,2026-04-09,ENJUSDT,WIDE,1.0,False,3.087252547276232,1.0591144076912724,418618803.66275,418618803.66275,,,,,76297200.48423369,,,,5.486686287385535,,,,tp
willyB,,,1775706600000.0,2026-04-09,BLURUSDT,FRENZY,1.0,True,1.7411648536250466,0.804303409806052,45227775.96256,45227775.962560005,30777045.864941765,53539223.458779015,,,62891876.75636039,,,,0.7191354161328318,0.8447596554586159,0.5748504344415393,3.8333333333333335,tp
willyB,,,1775732700000.0,2026-04-09,SWARMSUSDT,FRENZY,1.0,False,2.078519461422648,1.7156374954586024,146067200.660463,146067200.66046298,,,,,16871814.978209376,,,,8.657468141341912,,,,tp
willyB,,,1775733600000.0,2026-04-09,NOMUSDT,WIDE,1.0,False,3.77612442045497,1.1508649580610888,106966218.618262,106966218.618262,,,,,21919055.947136562,,,,4.880055914645162,,,,tp
willyB,,,1775735100000.0,2026-04-09,ONGUSDT,WIDE,1.0,False,1.8515721322567824,1.2126526280962602,28529573.734339997,28529573.734340005,,,,,44728908.87752581,,,,0.637832991018361,,,,tp
willyB,,,1775740500000.0,2026-04-09,AGTUSDT,WIDE,1.0,True,5.664999097761921,0.6599244390601641,104473540.279534,104473540.27953398,,,,,51562315.32810685,,,,2.026160765177761,,,,tp
willyB,,,1775741400000.0,2026-04-09,ENJUSDT,WIDE,1.0,True,2.1492109347558506,0.894146887765757,777127027.05053,777127027.0505301,,,,,64320667.81858107,,,,12.082073358480153,,,,tp
willyB,,,1775750700000.0,2026-04-09,BLURUSDT,WIDE,1.0,False,1.15699974184546,2.3564253698575373,169768476.71054,169768476.71054,30777045.864941765,53539223.458779015,,,68021149.37411731,,,,2.4958189956010726,3.1709178008763677,0.5748504344415393,16.083333333333332,tp
willyB,,,1775782200000.0,2026-04-10,AGTUSDT,WIDE,1.0,False,4.530790448100939,0.5126107132268679,159657765.870632,159657765.870632,,,,,53278651.4863835,,,,2.996655534936652,,,,tp
willyB,,,1775831400000.0,2026-04-10,ILVUSDT,WIDE,-3.0660142903689276,False,3.3962194283475995,0.9707518332916648,38880501.4643,38880501.4643,,,,,51387816.69438987,,,,0.7566093281512128,,,,stop
willyB,,,1775880300000.0,2026-04-11,SOONUSDT,WIDE,1.0,False,3.226626487203901,1.3599447782609104,48425125.709800005,48425125.7098,,,,,94639890.83143713,,,,0.5116777426978426,,,,tp
willyB,,,1775909700000.0,2026-04-11,SKYAIUSDT,WIDE,1.0,False,4.154757439190659,0.57212663605497,35128315.59753,35128315.59753,,,,,,,,,,,,,tp
willyB,,,1775916600000.0,2026-04-11,AIOTUSDT,WIDE,1.0,False,3.3874036606214464,1.4880990860926735,29457772.32859,29457772.32859,,,,,24753629.043386165,,,,1.190038530389172,,,,tp
willyB,,,1775936400000.0,2026-04-11,TRUUSDT,WIDE,1.0,False,3.2324923337876212,1.0959439613021078,40941116.080643006,40941116.08064299,,,,,,,,,,,,,tp
willyB,,,1776077700000.0,2026-04-13,ENJUSDT,WIDE,-3.050667748465145,True,3.7893984286604088,0.7072373235929607,381551116.07171,381551116.07171,,,,,85294798.62898794,,,,4.47332219789118,,,,stop
willyB,,,1776092400000.0,2026-04-13,ENJUSDT,WIDE,-3.053324862301003,False,4.1820500670906675,1.5966799983706177,262022514.47903,262022514.47903,,,,,88618235.78155482,,,,2.956756159363397,,,,stop
willyB,,,1776141900000.0,2026-04-14,MYXUSDT,WIDE,1.0,False,4.83284653290353,0.495992030622879,74228520.1019,74228520.1019,,,,,173930117.03355893,,,,0.4267720931135692,,,,tp
willyB,,,1776161700000.0,2026-04-14,ZAMAUSDT,WIDE,1.0,False,2.6362192978600745,1.3390690826910117,75587252.08196001,75587252.08196001,,,,,86880574.24259122,,,,0.8700132652312176,,,,tp
willyB,,,1776252300000.0,2026-04-15,BIOUSDT,WIDE,1.0,True,3.4119457208777173,0.8270638056556087,90394012.01751,90394012.01751001,,,,,66369394.2635982,,,,1.3619833813533635,,,,tp
willyB,,,1776258300000.0,2026-04-15,ENJUSDT,WIDE,1.0,False,2.654374828411013,1.50791816101722,521120924.27431,521120924.27431005,,,,,143252300.1920446,,,,3.6377839907330864,,,,tp
willyB,,,1776273000000.0,2026-04-15,CTSIUSDT,WIDE,-3.069296909849632,True,3.69602753860072,1.393271416260991,27301828.2722,27301828.272199996,8018092.119891912,28837638.06129019,,,43308907.42244343,,,,0.6303975301406868,0.9467428717349856,0.278042608858972,17.166666666666668,stop
willyB,,,1776275700000.0,2026-04-15,ALCHUSDT,WIDE,1.0,False,3.1218553288669377,0.686845736191747,34890973.78728,34890973.78727999,6483154.385422473,55070638.60831982,,,83439618.46487838,,,,0.41815835725526945,0.633567626397723,0.11772433640242966,17.916666666666668,tp
willyB,,,1776280800000.0,2026-04-15,PLAYUSDT,WIDE,1.0,False,4.414617000403031,0.7984078780187379,86652658.08399001,86652658.08399001,,,,,223079782.92835063,,,,0.3884379702477178,,,,tp
willyB,,,1776299100000.0,2026-04-16,BIOUSDT,WIDE,1.0,False,2.81015490408646,1.3455554963209009,286696371.44743997,286696371.44744,,,,,88601136.22425213,,,,3.2358091968685696,,,,tp
willyB,,,1776305700000.0,2026-04-16,ORDIUSDT,WIDE,-3.051499518026239,False,2.649158587711322,1.6838801060029769,137495624.8627,137495624.8627,,,,,82738190.47619048,,,,1.6618157113584329,,,,stop
willyB,,,1776318900000.0,2026-04-16,1000SATSUSDT,WIDE,-3.132533577598566,False,3.2344325092539568,0.6653907291456909,36632389.375177905,36632389.375177905,,,,,35423719.17679275,,,,1.0341203641648389,,,,stop
willyB,,,1776319200000.0,2026-04-16,1000SATSUSDT,WIDE,1.0,False,3.1488300267158778,0.5294617736571234,37331994.7770721,37331994.7770721,,,,,35214111.371012904,,,,1.060143031404239,,,,tp
willyB,,,1776326700000.0,2026-04-16,1000SATSUSDT,WIDE,1.0,False,3.698250705426477,2.200698772192463,50615917.097582,50615917.097582,,,,,36052542.59413227,,,,1.4039486109870096,,,,tp
willyB,,,1776342000000.0,2026-04-16,1000SATSUSDT,WIDE,1.0,False,3.0962765792562235,1.8451029380294184,81625567.6309053,81625567.6309053,,,,,38777444.069270164,,,,2.1049754461664185,,,,tp
willyB,,,1776343500000.0,2026-04-16,BIOUSDT,FRENZY,1.0,False,2.103918678909533,3.800060693392739,727030193.61987,727030193.61987,,,,,96922374.47784527,,,,7.501159536553205,,,,tp
willyB,,,1776348300000.0,2026-04-16,ENJUSDT,WIDE,-3.0587982627245753,False,4.31667020065577,1.119043216458873,785961800.64491,785961800.64491,,,,,188949561.03983927,,,,4.159638140038828,,,,stop
willyB,,,1776357600000.0,2026-04-16,PNUTUSDT,WIDE,1.0,False,2.9119131691595856,1.6481104382990792,78521450.0025,78521450.0025,,,,,63494119.957699165,,,,1.2366727825318673,,,,tp
willyB,,,1776384300000.0,2026-04-17,TRBUSDT,WIDE,1.0,False,3.5501904066151475,1.0055493030419234,73151033.0135,73151033.0135,,,,,61406871.275084496,,,,1.1912515895135767,,,,tp
willyB,,,1776387000000.0,2026-04-17,1000SATSUSDT,WIDE,1.0,False,2.683116025530605,3.003798439391186,167462200.735811,167462200.735811,,,,,45484893.854225,,,,3.6817102678641462,,,,tp
willyB,,,1776395700000.0,2026-04-17,TSTUSDT,WIDE,-3.0575041056886616,False,5.46813488294746,0.5378015044901957,60401448.271523,60401448.271523,,,,,14860581.44621946,,,,4.064541383533089,,,,stop
willyB,,,1776402300000.0,2026-04-17,SOONUSDT,WIDE,-3.0758552683607205,False,8.150915749072077,0.4316963358025165,26638637.3122,26638637.3122,,,,,131780897.92469636,,,,0.20214338900181217,,,,stop
willyB,,,1776408000000.0,2026-04-17,ZETAUSDT,WIDE,1.0,False,2.0801641296359428,1.0705287840448467,23006454.04439,23006454.04439,,,,,106990082.28774592,,,,0.21503352042028515,,,,tp
willyB,,,1776411300000.0,2026-04-17,MOVRUSDT,WIDE,1.0,False,6.357131167994616,0.8343130380019351,147097057.408,147097057.408,,,,,52005008.61145261,,,,2.8285171243218694,,,,tp
willyB,,,1776413100000.0,2026-04-17,KSMUSDT,WIDE,1.0,False,5.875917312082888,0.8491926715386247,32382205.2539,32382205.2539,,,,,108821626.22283648,,,,0.2975714145972257,,,,tp
willyB,,,1776413100000.0,2026-04-17,SOONUSDT,WIDE,-3.086591164272894,False,4.847942436090789,0.8491926715386247,151261177.7766,151261177.7766,,,,,149775806.74475837,,,,1.0099172961516605,,,,stop
willyB,,,1776430500000.0,2026-04-17,TSTUSDT,WIDE,1.0,False,3.7336493729419646,1.7192949570210323,96225817.963899,96225817.963899,,,,,14487496.767256781,,,,6.641990642674665,,,,tp
willyB,,,1776445500000.0,2026-04-17,MOVRUSDT,WIDE,-3.055429038218242,False,4.709293835175274,0.4168197281559626,629176523.3311801,629176523.33118,,,,,45639094.30431575,,,,13.785911682118622,,,,stop
willyB,,,1776480000000.0,2026-04-18,HIGHUSDT,WIDE,1.0,False,7.127772065902733,0.5373980389773415,83269376.6423,83269376.6423,,,,,,,,,,,,,tp
willyB,,,1776490800000.0,2026-04-18,YBUSDT,WIDE,1.0,False,3.37394530814575,0.6481501026628683,35026958.140700005,35026958.1407,,,,,36498800.78957593,,,,0.9596742189596462,,,,tp
willyB,,,1776498300000.0,2026-04-18,PORTALUSDT,WIDE,1.0,False,6.90391127622955,0.5287876424287415,58309355.799353,58309355.799353,,,,,15475724.453885848,,,,3.7677949082837237,,,,tp
willyB,,,1776499200000.0,2026-04-18,ALICEUSDT,WIDE,-3.065437645498818,False,5.146700262849788,1.0275062467898095,36778529.7940879,36778529.794087894,,,,,22488050.493909206,,,,1.6354699045188112,,,,stop
willyB,,,1776509700000.0,2026-04-18,ALICEUSDT,WIDE,1.0,False,7.167441910989962,0.9249894452624476,116242994.2881089,116242994.2881089,,,,,22878885.596076075,,,,5.0807979173620925,,,,tp
willyB,,,1776520500000.0,2026-04-18,HIGHUSDT,WIDE,-3.061283803466967,False,5.960254930446481,0.8922936016003759,994458780.10769,994458780.10769,,,,,,,,,,,,,stop
willyB,,,1776522900000.0,2026-04-18,API3USDT,WIDE,1.0,False,3.299108163704123,1.03365643374106,68932086.24964,68932086.24964,,,,,77688066.703404,,,,0.887293109156746,,,,tp
willyB,,,1776525000000.0,2026-04-18,PROMUSDT,WIDE,1.0,False,4.567494244136366,0.6509260183457141,35875067.379200004,35875067.379200004,,,,,47733015.02145923,,,,0.7515776525549817,,,,tp
willyB,,,1776529800000.0,2026-04-18,HIGHUSDT,WIDE,1.0,False,4.96084691001279,0.5969199963655525,1137192567.17854,1137192567.17854,,,,,,,,,,,,,tp
willyB,,,1776551400000.0,2026-04-18,PHBUSDT,WIDE,1.0,False,4.430548734925005,1.0344890966086566,26429475.1011,26429475.1011,,,,,,,,,,,,,tp
willyB,,,1776552600000.0,2026-04-18,PROMUSDT,WIDE,-3.052776384442339,False,3.307703804847023,0.7773269847437457,156194868.4971,156194868.49709997,,,,,51424110.51502146,,,,3.0373859058091828,,,,stop
willyB,,,1776572400000.0,2026-04-19,GTCUSDT,WIDE,1.0,True,4.46046514259491,0.7282555443082663,22049871.142973803,22049871.1429738,,,,,14374740.646797715,,,,1.5339317546494924,,,,tp
willyB,,,1776603600000.0,2026-04-19,BOMEUSDT,FRENZY,1.0,False,2.1965140286034037,1.5374929670864468,47544304.9477453,47544304.9477453,18120895.343497586,33997420.54660394,,,40349332.154895104,,,,1.1783170230731395,1.3984680067880793,0.5330079474311092,13.0,tp
willyB,,,1776610800000.0,2026-04-19,BLURUSDT,WIDE,1.0,False,1.9815462150907377,1.15003437505956,145461950.26053,145461950.26053,40068627.52991905,71878432.36713248,,,103022606.27142446,,,,1.411942053545941,2.023721796234453,0.5574499360985097,15.0,tp
willyB,,,1776626700000.0,2026-04-19,PROMUSDT,WIDE,1.0,True,2.7985331177150226,0.3411591712852722,163402088.9741,163402088.9741,,,,,50844357.29613733,,,,3.213770370276934,,,,tp
willyB,,,1776651000000.0,2026-04-20,GUNUSDT,WIDE,1.0,False,3.59098915911352,0.6002096445186176,76781646.75306001,76781646.75306,,,,,90131815.47156599,,,,0.8518817284589415,,,,tp
willyB,,,1776661200000.0,2026-04-20,HIGHUSDT,WIDE,1.0,False,3.6432082390035294,1.080286201110629,422071849.68939,422071849.68939,,,,,,,,,,,,,tp
willyB,,,1776671700000.0,2026-04-20,SUPERUSDT,WIDE,1.0,False,3.2006401788963657,0.602614425446117,47228878.4955,47228878.4955,,,,,96703557.11871362,,,,0.4883882237912062,,,,tp
willyB,,,1776693900000.0,2026-04-20,GUNUSDT,WIDE,1.0,False,2.398564850199978,1.392828086842293,175577214.31845,175577214.31845,,,,,103827058.08832818,,,,1.69105450497386,,,,tp
willyB,,,1776721200000.0,2026-04-20,EDUUSDT,WIDE,1.0,True,3.1446987056126794,0.4828545728919588,95960681.54635,95960681.54634999,,,,,54926614.662966564,,,,1.7470707440313087,,,,tp
willyB,,,1776738000000.0,2026-04-21,PORTALUSDT,WIDE,1.0,False,2.619867055654906,1.0840139426431323,36053609.003424,36053609.003423996,,,,,13837942.635619491,,,,2.605416856594012,,,,tp
willyB,,,1776852600000.0,2026-04-22,SPKUSDT,WIDE,-3.055552841621549,False,1.3597906749015578,1.8387286652367856,31001992.18577,31001992.18577,,,,,153225348.46525913,,,,0.2023293958623243,,,,stop
willyB,,,1776954600000.0,2026-04-23,MOVRUSDT,WIDE,1.0,False,4.469448713363394,1.057561540208045,78572523.72725,78572523.72725001,,,,,36328318.063759305,,,,2.1628450727982647,,,,tp
willyB,,,1776985500000.0,2026-04-23,SPKUSDT,WIDE,1.0,False,1.3191526561126876,0.977482577417975,958899706.02858,958899706.02858,,,,,251054587.10831907,,,,3.819486897544145,,,,tp
willyB,,,1776991200000.0,2026-04-24,SOONUSDT,WIDE,1.0,False,1.2539344881033947,2.300334856723742,109903790.2777,109903790.2777,,,,,118148391.24283122,,,,0.9302182545322516,,,,tp
willyB,,,1776994500000.0,2026-04-24,SPKUSDT,WIDE,1.0,False,1.6122316365927405,1.2548996041851543,964205687.11343,964205687.11343,,,,,251928495.93987,,,,3.8272990259250608,,,,tp
willyB,,,1777049400000.0,2026-04-24,APEUSDT,WIDE,1.0,False,5.040795706955178,0.533412435496764,263497486.0042,263497486.00419998,12141763.940841176,101992851.98989156,,,178118904.47561792,,,,1.4793347555102958,2.5834897334797056,0.11904524389654814,16.833333333333332,tp
willyB,,,1777064400000.0,2026-04-24,API3USDT,FRENZY,-1.9212261616333204,False,2.3617977715013976,1.895683983473477,34548076.145679995,34548076.14568,,,,,65504652.56405119,,,,0.5274140811890957,,,,time
willyB,,,1777072200000.0,2026-04-24,API3USDT,WIDE,-3.058857630519622,False,2.125889139654065,0.5291845877077344,44173860.27086,44173860.27086,,,,,69904218.7810397,,,,0.631919804571815,,,,stop
willyB,,,1777082400000.0,2026-04-25,APEUSDT,WIDE,1.0,False,4.267386205177576,0.9442812004208464,1290494840.3916,1290494840.3916,752221247.0475632,181056504.4313779,,,207038209.752839,,,,6.233124030255985,7.127580665740234,4.1546215056452835,2.0,tp
willyB,,,1777104900000.0,2026-04-25,HIGHUSDT,WIDE,1.0,True,2.863733600942363,0.4449331508714144,34225351.270160004,34225351.270160004,,,,,,,,,,,,,tp
willyB,,,1777124400000.0,2026-04-25,HYPERUSDT,WIDE,1.0,True,4.407084342974626,0.9846129086993566,182563295.90294,182563295.90294003,,,,,66939974.549580775,,,,2.7272686781157938,,,,tp
willyB,,,1777129200000.0,2026-04-25,HYPERUSDT,WIDE,1.0,False,3.899378510866024,0.6624425470279022,293097252.32281005,293097252.32281,,,,,71878522.92968836,,,,4.0776749490180535,,,,tp
willyB,,,1777133400000.0,2026-04-25,ORCAUSDT,WIDE,1.0,True,3.655864864037897,0.6779933386499574,72913482.0874,72913482.0874,,,,,73342365.27116546,,,,0.9941523131660703,,,,tp
willyB,,,1777147500000.0,2026-04-25,BUSDT,WIDE,1.0,True,2.059594265372051,1.2167704258711023,22553980.9531,22553980.953100003,3229168.8550239922,100467777.66532886,,,139291406.41255608,,,,0.16191940001165017,0.22448969686808667,0.03214133854717849,20.083333333333332,tp
willyB,,,1777148400000.0,2026-04-25,HYPERUSDT,FRENZY,-3.0559803044208396,True,2.388838993351554,0.65411932141178,570078617.37343,570078617.37343,,,,,69838406.43729459,,,,8.162823959697352,,,,stop
willyB,,,1777165200000.0,2026-04-26,ORCAUSDT,WIDE,1.0,False,2.6376843408279385,2.605276934927863,151639192.5704,151639192.57039997,,,,,77991255.81379145,,,,1.944310179239159,,,,tp
willyB,,,1777174800000.0,2026-04-26,RAYSOLUSDT,WIDE,1.0,False,2.884833263002263,1.5051472900996858,41275886.22006,41275886.22006,,,,,,,,,,,,,tp
willyB,,,1777180500000.0,2026-04-26,ENSOUSDT,WIDE,1.0,False,2.262967940522965,3.5462045648212506,69460576.7151,69460576.71509999,,,,,31600416.936924923,,,,2.198090514240515,,,,tp
willyB,,,1777197000000.0,2026-04-26,ZBTUSDT,WIDE,-3.052232728774755,False,3.7943468442781354,0.7883659044441342,225862202.36187,225862202.36187002,,,,,60908162.27069635,,,,3.7082419488879417,,,,stop
willyB,,,1777235700000.0,2026-04-26,AGTUSDT,WIDE,1.0,False,3.214571729643957,1.2849147964081504,84684828.609226,84684828.60922599,,,,,73530730.24376415,,,,1.151693017714968,,,,tp
willyB,,,1777242000000.0,2026-04-26,AGTUSDT,WIDE,-3.065452856061361,False,3.720671038208826,1.6868566763745385,95558904.355734,95558904.35573399,,,,,93057063.65165304,,,,1.0268850166328725,,,,stop
willyB,,,1777303800000.0,2026-04-27,DAMUSDT,WIDE,1.0,False,6.532041267930808,2.094635646558715,201945773.68101,201945773.68101,,,,,,,,,,,,,tp
willyB,,,1777308300000.0,2026-04-27,DAMUSDT,WIDE,-3.0555864067020084,False,6.0034432037083825,0.4529383455652001,239313618.25716,239313618.25716,,,,,,,,,,,,,stop
willyB,,,1777308600000.0,2026-04-27,ORCAUSDT,WIDE,1.0,False,3.244693141040752,0.4947581287402657,426930839.639,426930839.639,,,,,106985652.09280099,,,,3.990542949335614,,,,tp
willyB,,,1777320600000.0,2026-04-27,SPELLUSDT,WIDE,1.0,False,1.3888588711028795,1.099495919471841,30433170.609163698,30433170.6091637,,,,,35805647.82804841,,,,0.8499544752077864,,,,tp
willyB,,,1777333200000.0,2026-04-27,DAMUSDT,WIDE,1.0,False,3.359813596199477,0.8378159239429471,327024216.87512,327024216.87512004,,,,,,,,,,,,,tp
willyB,,,1777338600000.0,2026-04-28,ZKJUSDT,WIDE,1.0,False,4.948211038771816,0.7073582304572991,34479387.768711,34479387.768711,,,,,,,,,,,,,tp
willyB,,,1777341000000.0,2026-04-28,DAMUSDT,WIDE,1.0,False,3.886101045530469,1.007968575533375,351134379.22174,351134379.22174,,,,,,,,,,,,,tp
willyB,,,1777345200000.0,2026-04-28,DAMUSDT,WIDE,-3.0598842108383635,True,3.550671064571039,0.5788491076503997,367373976.32195,367373976.32194996,,,,,,,,,,,,,stop
willyB,,,1777363500000.0,2026-04-28,APEUSDT,WIDE,1.0,True,3.380667507152189,0.914654753462008,127215370.2612,127215370.2612,63266159.017727375,143995606.69476706,,,180220307.28122914,,,,0.7058880998503886,0.8834670250104452,0.4393617310272184,8.083333333333334,tp
willyB,,,1777379100000.0,2026-04-28,ORCAUSDT,WIDE,1.0,True,1.8390584524297615,2.2932859627181625,739480684.1309,739480684.1308999,,,,,104905885.27109988,,,,7.048991409966363,,,,tp
willyB,,,1777381200000.0,2026-04-28,TACUSDT,FRENZY,1.0,True,1.5253266460305286,0.747050844763036,28754021.877951,28754021.877950996,,,,,75750491.23762436,,,,0.3795885862674012,,,,tp
willyB,,,1777405500000.0,2026-04-28,ZKPUSDT,WIDE,-3.0564840220288643,False,1.8567112262423364,1.164376286551562,53624327.26343,53624327.26343,,,,,33159161.133181795,,,,1.6171798510840212,,,,stop
willyB,,,1777429800000.0,2026-04-29,TACUSDT,WIDE,1.0,False,1.8478444704036057,1.5991664066783386,45400727.349294,45400727.34929401,,,,,84224641.71723802,,,,0.5390432826264189,,,,tp
willyB,,,1777448400000.0,2026-04-29,DAMUSDT,WIDE,1.0,False,6.323041716270376,1.307824043824754,188016610.40255,188016610.40254998,,,,,,,,,,,,,tp
willyB,,,1777456800000.0,2026-04-29,NAORISUSDT,WIDE,-3.068368517357593,False,2.608758193590839,1.4377062417112696,58728315.011319995,58728315.01132001,,,,,213184690.07597315,,,,0.2754809221543576,,,,stop
willyB,,,1777466700000.0,2026-04-29,ORCAUSDT,FRENZY,1.0,True,1.7055537953336035,0.5474907178169476,321631828.4685,321631828.4685,,,,,102153252.71296605,,,,3.1485226356152642,,,,tp
willyB,,,1777474800000.0,2026-04-29,NAORISUSDT,WIDE,1.0,True,2.243469802892423,0.8203703855892072,106007171.332,106007171.332,,,,,216821142.058393,,,,0.488915289005584,,,,tp
willyB,,,1777485600000.0,2026-04-29,SKYAIUSDT,WIDE,1.0,True,4.051332937865633,0.6825538687794827,603528430.2116799,603528430.21168,,,,,,,,,,,,,tp
willyB,,,1777512900000.0,2026-04-30,ZEREBROUSDT,WIDE,-3.063672626683493,False,2.202544576670358,1.2282498756464946,84279532.460544,84279532.460544,,,,,30263077.044918016,,,,2.784896338711757,,,,stop
willyB,,,1777513500000.0,2026-04-30,NAORISUSDT,WIDE,1.0,False,2.306588309704334,1.54065762048128,154384582.29502,154384582.29501998,,,,,245229769.47435308,,,,0.6295507377670394,,,,tp
willyB,,,1777518300000.0,2026-04-30,TACUSDT,WIDE,-3.055750988762344,True,1.9838842201514648,0.9367435510882166,166449476.89107,166449476.89107,,,,,99225691.07689452,,,,1.6774836746874426,,,,stop
willyB,,,1777520400000.0,2026-04-30,NAORISUSDT,WIDE,1.0,True,5.73376143426802,0.7772952982113975,233297342.79407,233297342.79407,,,,,224149423.46458933,,,,1.0408117013556621,,,,tp
willyB,,,1777524600000.0,2026-04-30,TACUSDT,FRENZY,-3.0547891458501604,True,2.3100793261034465,0.4969836945881728,161720291.119306,161720291.11930603,,,,,98859078.89302468,,,,1.6358668614979046,,,,stop
willyB,,,1777617900000.0,2026-05-01,ZEREBROUSDT,WIDE,1.0,False,3.061323419553425,1.9302296946590227,75406138.459117,75406138.459117,,,,,36149036.9607048,,,,2.0859791795030653,,,,tp
willyB,,,1777621200000.0,2026-05-01,BUSDT,WIDE,1.0,False,3.682125418586177,0.6473056735211336,20712439.1922,20712439.1922,3287466.237703228,129715087.44836949,,,207787180.56374124,,,,0.0996810252490346,0.1596764077304745,0.025343746069721753,7.666666666666667,tp
willyB,,,1777627200000.0,2026-05-01,BRUSDT,WIDE,1.0,False,3.867426018180574,1.0572749771388383,422108274.50044,422108274.50044,12066292.27132679,41470245.23184627,,,64246949.40605566,,,,6.570090539748706,10.17858158640186,0.2909626457202793,9.333333333333334,tp
willyB,,,1777634400000.0,2026-05-01,ZEREBROUSDT,WIDE,1.0,False,3.5881168289092047,1.171706890715812,184631158.485418,184631158.48541796,,,,,38748902.66789886,,,,4.76480998875805,,,,tp
willyB,,,1777636800000.0,2026-05-01,TACUSDT,WIDE,1.0,False,2.897892915775864,1.1565842897095069,81064123.497106,81064123.497106,,,,,109785323.97950526,,,,0.7383876146527478,,,,tp
willyB,,,1777641300000.0,2026-05-01,NFPUSDT,WIDE,1.0,False,2.91669625933949,1.472503232846025,60330687.475915,60330687.475915,,,,,,,,,,,,,tp
willyB,,,1777715400000.0,2026-05-02,TACUSDT,FRENZY,1.0,False,2.331908201599257,1.0516729939000022,33535597.418079,33535597.418079004,,,,,134702932.41105005,,,,0.24895966864139318,,,,tp
willyB,,,1777722600000.0,2026-05-02,TAGUSDT,WIDE,1.0,False,2.1619497579764513,2.2398858551474503,75410035.07086919,75410035.0708692,,,,,114359929.08959682,,,,0.6594095997715091,,,,tp
willyB,,,1777731300000.0,2026-05-02,BIOUSDT,WIDE,1.0,False,2.559180967284614,1.5191968132583706,307208429.18065,307208429.18065,,,,,154043163.57404628,,,,1.9943009611911757,,,,tp
willyB,,,1777754100000.0,2026-05-02,TAGUSDT,WIDE,-3.0602042789324697,False,5.565615838610255,0.3737907773193155,246353933.4449408,246353933.4449408,,,,,142960732.70275015,,,,1.7232279716778598,,,,stop
willyB,,,1777784700000.0,2026-05-03,BABYUSDT,WIDE,1.0,False,2.206498089558277,1.088868401740062,63498277.44444,63498277.44444,47378326.9975391,76649735.13852252,,,110199050.7954705,,,,0.5762143774023321,0.8284213550077504,0.6181146863967149,5.083333333333333,tp
willyB,,,1777806300000.0,2026-05-03,TSTUSDT,WIDE,1.0,False,5.505162798576337,1.6430464827621138,62918635.160136,62918635.16013599,,,,,14534366.70179983,,,,4.328956083951329,,,,tp
willyB,,,1777814100000.0,2026-05-03,TSTUSDT,WIDE,-3.050342194044546,False,3.7629205752885766,1.133988531893355,95454088.741166,95454088.741166,,,,,14665602.51852037,,,,6.508705566008786,,,,stop
willyB,,,1777820700000.0,2026-05-03,TSTUSDT,WIDE,1.0,False,2.9845067338537703,1.0373401427113018,117219295.053166,117219295.053166,,,,,15002128.64853947,,,,7.813510855646333,,,,tp
willyB,,,1777840200000.0,2026-05-03,TAGUSDT,WIDE,1.0,False,3.243898474893396,1.4678125314453363,121777776.0259498,121777776.02594979,,,,,160036808.41275993,,,,0.7609360448620412,,,,tp
willyB,,,1777854000000.0,2026-05-04,BUSDT,WIDE,-3.050083653919315,True,1.8091368420606733,1.5140098931005963,432360063.5559,432360063.55590004,151220801.9494708,421997155.3092856,,,452172103.22869956,,,,0.9561847368925831,1.0245568201496984,0.35834554817944136,0.3333333333333333,stop
willyB,,,1777856400000.0,2026-05-04,PARTIUSDT,WIDE,1.0,True,2.61277805013101,1.7503155864503603,74248996.63178,74248996.63178,,,,,34900087.92521937,,,,2.127473053674643,,,,tp
willyB,,,1777857600000.0,2026-05-04,TAGUSDT,WIDE,1.0,True,2.697364957167278,1.6714615661460928,117086412.117023,117086412.11702299,,,,,175998286.02509487,,,,0.6652701839399057,,,,tp
willyB,,,1777864200000.0,2026-05-04,TSTUSDT,WIDE,-3.05189308113583,False,3.081848975237008,1.1502948874075734,194174483.311285,194174483.31128502,,,,,15634872.764870647,,,,12.419319698435134,,,,stop
willyB,,,1777902000000.0,2026-05-04,BUSDT,WIDE,1.0,True,5.749689583266774,0.9278323940388556,293577807.84889996,293577807.84889996,151220801.9494708,421997155.3092856,,,429473503.6194747,,,,0.6835760655190918,0.6956866987260473,0.35834554817944136,13.666666666666666,tp
willyB,,,1777965000000.0,2026-05-05,DOGSUSDT,WIDE,1.0,False,3.435710455003279,1.02705828316886,314410298.36251646,314410298.36251646,,,,,34680640.41772426,,,,9.065873483750046,,,,tp
willyB,,,1777979400000.0,2026-05-05,STEEMUSDT,WIDE,1.0,False,1.2214742981249247,0.4896845075626967,24211771.09874,24211771.09874,,,,,36428883.27557975,,,,0.6646311641117602,,,,tp
willyB,,,1778044500000.0,2026-05-06,STORJUSDT,WIDE,-3.1172527868210715,False,3.1558442842852275,0.4162221100731472,90031434.756,90031434.75600001,,,,,,,,,,,,,stop
willyB,,,1778055000000.0,2026-05-06,IOUSDT,WIDE,-3.0791661085970685,False,4.687983646022813,0.3953407158168318,132877822.47502,132877822.47502,,,,,81088041.89631571,,,,1.6386857959269256,,,,stop
willyB,,,1778070300000.0,2026-05-06,FHEUSDT,WIDE,1.0,False,2.912651422643627,0.7206825093301122,223313099.98334,223313099.98334002,,,,,25672145.414104436,,,,8.698653594438213,,,,tp
willyB,,,1778074500000.0,2026-05-06,TONUSDT,WIDE,1.0,False,1.8422331895158268,1.3340947598438608,983774457.98445,983774457.9844501,,,,,,,,,,,,,tp
willyB,,,1778114700000.0,2026-05-07,DOGSUSDT,WIDE,1.0,False,1.7310366031057265,4.567714459872523,239367503.29600367,239367503.29600367,,,,,34429726.69340604,,,,6.95234979433767,,,,tp
willyB,,,1778118900000.0,2026-05-07,FHEUSDT,WIDE,1.0,False,2.487845646135485,1.3626915987128263,149463672.25709,149463672.25709,,,,,29201042.963061895,,,,5.118436093058571,,,,tp
willyB,,,1778123100000.0,2026-05-07,HMSTRUSDT,FRENZY,1.0,False,2.4609396385557014,1.349012066822874,28063340.128664497,28063340.1286645,,,,,13601644.646139706,,,,2.0632313855243365,,,,tp
willyB,,,1778130900000.0,2026-05-07,FHEUSDT,WIDE,-3.061066560219687,False,3.8089048300063633,0.4952405010535838,157955506.15961,157955506.15961,,,,,29680131.703152146,,,,5.3219274004378665,,,,stop
willyB,,,1778134500000.0,2026-05-07,TONUSDT,WIDE,1.0,False,1.7605174949957685,1.100088710326918,1424116939.01345,1424116939.01345,,,,,,,,,,,,,tp
willyB,,,1778140800000.0,2026-05-07,EVAAUSDT,WIDE,-3.0625135966235546,False,5.067189302620466,0.6714455285990815,54129602.11355,54129602.11355,,,,,24238972.525259726,,,,2.2331640525249528,,,,stop
willyB,,,1778160000000.0,2026-05-07,NILUSDT,WIDE,1.0,False,2.4601265833089028,1.1697243898596534,81187551.320402,81187551.32040201,,,,,32778838.377570387,,,,2.4768282019400756,,,,tp
willyB,,,1778167800000.0,2026-05-07,JTOUSDT,FRENZY,1.0,False,2.197866765366856,1.2694978064631297,135655226.6779,135655226.6779,,,,,506737737.90799874,,,,0.26770302768042314,,,,tp
willyB,,,1778179200000.0,2026-05-07,TSTUSDT,WIDE,1.0,False,3.6813437339429136,1.6299910714368395,62376431.100888,62376431.10088801,,,,,26780543.199207958,,,,2.329169749728333,,,,tp
willyB,,,1778179800000.0,2026-05-07,TONUSDT,FRENZY,1.0,False,1.6892599628476472,1.586299537503628,1468206996.03318,1468206996.03318,,,,,,,,,,,,,tp
willyB,,,1778180100000.0,2026-05-07,NOTUSDT,WIDE,1.0,False,2.925146594278223,0.8121355168002237,123615855.9801808,123615855.9801808,,,,,71696896.43945312,,,,1.7241451460116186,,,,tp
willyB,,,1778205300000.0,2026-05-08,JTOUSDT,FRENZY,-3.0590867089006197,True,2.3525856145985373,0.5941566489125654,387941230.5971,387941230.5971,,,,,564910147.9424411,,,,0.686730858013596,,,,stop
willyB,,,1778234100000.0,2026-05-08,JTOUSDT,FRENZY,-3.0564630365148044,False,1.9015478285899428,1.522709326811675,477772446.9851,477772446.9851,,,,,566939418.0599216,,,,0.8427222235138405,,,,stop
willyB,,,1778322900000.0,2026-05-09,DYMUSDT,FRENZY,-3.0699316382024096,False,2.06833315380623,1.072730656206095,138960345.947235,138960345.947235,,,,,28158971.18736775,,,,4.934851668500349,,,,stop
willyB,,,1778329200000.0,2026-05-09,DYMUSDT,WIDE,-3.079542975270337,False,2.629591716156175,0.6331181363887224,209842392.485749,209842392.485749,,,,,29125457.148750413,,,,7.204775925542923,,,,stop
willyB,,,1778339400000.0,2026-05-09,SAHARAUSDT,WIDE,1.0,False,1.815097344050914,3.4530036740568484,181800823.9724,181800823.9724,,,,,198681513.8943007,,,,0.9150364339840833,,,,tp
willyB,,,1778378700000.0,2026-05-10,LAYERUSDT,WIDE,1.0,False,3.201127403323076,2.0878073915741084,55840600.982446,55840600.98244599,,,,,57852904.80532214,,,,0.9652168922261095,,,,tp
willyB,,,1778391900000.0,2026-05-10,LAYERUSDT,WIDE,1.0,False,2.7971716750057403,0.3785331562325676,162687984.666477,162687984.666477,,,,,75378409.72162925,,,,2.1582835889915963,,,,tp
willyB,,,1778399400000.0,2026-05-10,1000XECUSDT,WIDE,-3.0944079349805738,False,2.7884237972072428,0.5171235273078019,60528587.13635,60528587.13635,,,,,200070772.64726147,,,,0.3025358793563819,,,,stop
willyB,,,1778401200000.0,2026-05-10,LAYERUSDT,WIDE,1.0,False,2.99595357212697,1.8398771210679623,354140494.70975596,354140494.70975596,,,,,67429306.19740666,,,,5.252026376676203,,,,tp
willyB,,,1778507400000.0,2026-05-11,GTCUSDT,WIDE,-3.0557283490330196,False,2.2111720419744167,1.0375576911017352,28737828.849396,28737828.849395998,,,,,12566185.27699314,,,,2.2869174865669684,,,,stop
willyB,,,1778511300000.0,2026-05-11,SAGAUSDT,FRENZY,1.0,False,1.991765507379473,1.2940269703259173,115262441.676937,115262441.67693698,,,,,27370233.015790645,,,,4.211233481660127,,,,tp
willyB,,,1778511900000.0,2026-05-11,BUSDT,WIDE,1.0,False,4.430425388136955,1.198604287642414,303158279.4203,303158279.4203,18918194.58757666,407203620.99469733,,,562365304.8558617,,,,0.539077138654565,0.7444881719856999,0.04645880736856958,15.083333333333334,tp
willyB,,,1778513700000.0,2026-05-11,GTCUSDT,WIDE,1.0,False,2.321659451048672,1.6443189995013354,39037991.0529295,39037991.052929506,,,,,12945024.730500953,,,,3.015675278004571,,,,tp
willyB,,,1778550000000.0,2026-05-12,BUSDT,WIDE,-3.0649709496104944,True,2.1626608701094705,1.467795244777228,557865753.7621,557865753.7621,144671966.8431509,625647397.5226228,,,632860955.6245997,,,,0.8814981376304318,0.8916615908115051,0.2312356247560667,1.6666666666666667,stop
willyB,,,1778551800000.0,2026-05-12,SAGAUSDT,WIDE,1.0,True,2.9000502438439297,0.8490243625542335,226730125.54807,226730125.54807,,,,,28977758.293379586,,,,7.824281065932902,,,,tp
willyB,,,1778561700000.0,2026-05-12,SAGAUSDT,WIDE,1.0,True,2.5232049587110916,0.7028487954534992,259777740.572788,259777740.572788,,,,,32488931.92600806,,,,7.9958842957478256,,,,tp
willyB,,,1778593500000.0,2026-05-12,USELESSUSDT,FRENZY,-3.0612076469540157,True,2.158481895699646,0.4336997357222283,126503069.58437,126503069.58437002,,,,,84969427.61803363,,,,1.4888068936164214,,,,stop
willyB,,,1778605200000.0,2026-05-12,VICUSDT,WIDE,1.0,True,4.183037462087567,0.5611463918707275,41953731.20623,41953731.20623,,,,,,,,,,,,,tp
willyB,,,1778611500000.0,2026-05-12,DYMUSDT,WIDE,-3.053054356659094,False,2.508639965024597,1.8538383585968647,80583240.92092,80583240.92091998,,,,,31612144.986891214,,,,2.5491228435886235,,,,stop
willyB,,,1778644500000.0,2026-05-13,COSUSDT,WIDE,1.0,False,2.6659806849111782,0.6907208080320583,22544588.369841997,22544588.369842,,,,,,,,,,,,,tp
willyB,,,1778686200000.0,2026-05-13,COSUSDT,WIDE,-3.0876601496064233,True,4.0964291151792995,2.4643406099520644,266745295.315552,266745295.315552,,,,,,,,,,,,,stop
willyB,,,1778727900000.0,2026-05-14,SAGAUSDT,WIDE,1.0,True,2.699301202214933,0.8961477215840407,254211929.364151,254211929.364151,,,,,37840298.96850808,,,,6.718021165100054,,,,tp
willyB,,,1778812500000.0,2026-05-15,POLYXUSDT,FRENZY,1.0,False,1.7968395697777968,1.168039103144354,23986861.46778,23986861.46778,,,,,81767403.61015312,,,,0.29335481388333495,,,,tp
willyB,,,1778867700000.0,2026-05-15,STORJUSDT,WIDE,1.0,False,2.6874069374670055,0.2580666639034091,34374304.2013,34374304.2013,,,,,,,,,,,,,tp
willyB,,,1778895000000.0,2026-05-16,STORJUSDT,WIDE,1.0,True,2.3385973643670557,1.518266059045097,272755092.9087,272755092.9087,,,,,,,,,,,,,tp
willyB,,,1778919000000.0,2026-05-16,ARCUSDT,FRENZY,1.0,True,1.481350513538347,0.5589280194373085,83534290.77302,83534290.77302,11148598.075442726,73842140.63089646,,,76682456.66059154,,,,1.089353346395196,1.1312549996426866,0.15097880397549057,8.166666666666666,tp
willyB,,,1779027000000.0,2026-05-17,EDENUSDT,WIDE,1.0,True,2.9538879521303363,1.242572572219813,68272496.94476,68272496.94476,,,,,37657011.34034313,,,,1.8130089063020658,,,,tp
willyB,,,1779060000000.0,2026-05-17,FIDAUSDT,FRENZY,1.0,True,2.496651975346962,3.431648402247319,87778908.08447,87778908.08447,1832494.0952415054,16135661.520164749,,,22901449.14592258,,,,3.832897539590779,5.440056360550984,0.11356795585674849,23.333333333333332,tp
willyB,,,1779073800000.0,2026-05-18,FIDAUSDT,FRENZY,1.0,True,2.073239628711688,0.40089895995011,159172550.50015998,159172550.50015998,65671482.41054367,23897410.773026425,,,21933079.23870615,,,,7.257191239215607,6.660660939879805,2.748058483585537,3.1666666666666665,tp
willyB,,,1779084600000.0,2026-05-18,FIDAUSDT,FRENZY,1.0,True,2.498021127810745,7.499867868585947,208212907.87026,208212907.87026,65671482.41054367,23897410.773026425,,,23260844.163033836,,,,8.95121889863104,8.712781055982637,2.748058483585537,6.166666666666667,tp
willyB,,,1779102000000.0,2026-05-18,FIDAUSDT,WIDE,-3.054113911817606,True,2.1045987958634744,0.7851460523730162,311357571.05812997,311357571.05813,65671482.41054367,23897410.773026425,,,23520407.230947517,,,,13.237762764942868,13.028924933138226,2.748058483585537,11.0,stop
willyB,,,1779175500000.0,2026-05-19,MBOXUSDT,FRENZY,-3.062349408358382,False,2.004886927673021,1.2089156903207356,26138057.55805,26138057.558050003,,,,,,,,,,,,,stop
willyB,,,1779188400000.0,2026-05-19,RONINUSDT,WIDE,-3.1103339423580385,True,1.8292892370945453,0.7469777144200488,418075639.13155,418075639.13155,,,,,101599147.84728049,,,,4.114952221449569,,,,stop
willyB,,,1779191700000.0,2026-05-19,EDENUSDT,WIDE,1.0,True,2.1659538832972136,0.5366721334536529,222513005.14369,222513005.14369005,,,,,45301566.49528669,,,,4.911817015573644,,,,tp
willyB,,,1779235800000.0,2026-05-20,PROMPTUSDT,WIDE,1.0,True,5.301514192978753,1.6526896336306272,106179133.14334,106179133.14333999,,,,,,,,,,,,,tp
willyB,,,1779354300000.0,2026-05-21,PROVEUSDT,WIDE,1.0,False,2.369576750318122,0.789896488227702,130294541.97476,130294541.97476,,,,,174985455.44447726,,,,0.7446021250383427,,,,tp
willyB,,,1779360600000.0,2026-05-21,FIDAUSDT,FRENZY,1.0,False,2.2097389567522137,1.1048253674385764,514336815.4533,514336815.45329994,173558568.76607668,34230907.37641632,,,33204106.30311181,,,,15.490156872708768,15.025509250965891,5.070229861497957,10.833333333333334,tp
willyB,,,1779361500000.0,2026-05-21,MITOUSDT,WIDE,1.0,False,2.961464090652293,1.2881499697031065,28369879.81004,28369879.81004,,,,,23550192.158585005,,,,1.2046559798323355,,,,tp
willyB,,,1779380100000.0,2026-05-21,PROVEUSDT,WIDE,-3.0537883602632028,False,1.9240896186522467,1.344970344123689,475470600.72266,475470600.72266,,,,,174831101.9113007,,,,2.719599633730425,,,,stop
willyB,,,1779408300000.0,2026-05-22,FIDAUSDT,FRENZY,1.0,False,1.8110789180443023,1.7325295273437693,525760733.50104,525760733.50104,200269913.2639458,40413885.10856187,,,39054258.52608942,,,,13.462315080180462,13.009408328071261,4.9554729204076855,0.08333333333333333,tp
willyB,,,1779441900000.0,2026-05-22,ALTUSDT,WIDE,1.0,False,3.1201292850953344,0.7685440050745148,74068929.18792099,74068929.187921,116467256.45974937,44965990.469583824,,,74307604.25618729,,,,0.996788012873576,1.647221120104608,2.5901187818498266,9.416666666666666,tp
willyB,,,1779450600000.0,2026-05-22,ALTUSDT,WIDE,1.0,False,2.323696115961878,1.7091282926296656,110182868.503818,110182868.503818,116467256.45974937,44965990.469583824,,,81551693.04080269,,,,1.3510800866965484,2.4503600911081587,2.5901187818498266,11.833333333333334,tp
willyB,,,1779518100000.0,2026-05-23,GMTUSDT,WIDE,1.0,True,2.4620215649712343,0.835510559895521,30653693.70386,30653693.70386,,,,,47219244.271118395,,,,0.6491779819231309,,,,tp
willyB,,,1779532800000.0,2026-05-23,COSUSDT,WIDE,1.0,True,2.715662065260079,0.3909625024343686,31365324.037554003,31365324.037554003,,,,,,,,,,,,,tp
willyB,,,1779541200000.0,2026-05-23,COSUSDT,WIDE,-3.079717263398955,True,2.8038707012067143,0.6786459533651683,53614299.077378996,53614299.077379,,,,,,,,,,,,,stop
willyB,,,1779570300000.0,2026-05-23,GRASSUSDT,WIDE,1.0,False,1.7127288195125914,2.33631841531478,66341087.56666,66341087.56666,,,,,132373881.30470999,,,,0.5011644813371467,,,,tp
willyB,,,1779587100000.0,2026-05-24,GRASSUSDT,WIDE,0.3926900280520519,False,1.4639142311238151,0.7389866315139481,123445965.72696,123445965.72695999,,,,,133423112.06896852,,,,0.9252217536580081,,,,time
willyB,,,1779614700000.0,2026-05-24,AGTUSDT,WIDE,-3.0536579397505244,False,2.314911378914705,1.641764109395598,71652755.756349,71652755.75634901,,,,,74676100.86642171,,,,0.9595138863037216,,,,stop
willyB,,,1779632700000.0,2026-05-24,AGTUSDT,WIDE,1.0,False,2.606689036270525,2.525957279705928,129130345.860955,129130345.86095501,,,,,73520411.58950597,,,,1.7563876897471913,,,,tp
willyB,,,1779682800000.0,2026-05-25,XANUSDT,WIDE,1.0,False,2.4362059094110835,1.0893478356519464,48423096.26717501,48423096.267175004,5527918.411172468,24343847.851343475,,,30975379.171674214,,,,1.563276949696101,1.9891307472373418,0.22707660863347848,4.333333333333333,tp
willyB,,,1779705900000.0,2026-05-25,NILUSDT,FRENZY,-3.0594939183072696,False,1.9404505342301157,1.1577635364066097,360858692.453325,360858692.453325,,,,,48081218.51018552,,,,7.505190251717117,,,,stop
willyB,,,1779780000000.0,2026-05-26,DRIFTUSDT,FRENZY,1.0,False,1.7831447494525074,1.5664928825166693,78658132.42212,78658132.42211999,,,,,,,,,,,,,tp
willyB,,,1779802800000.0,2026-05-26,DRIFTUSDT,WIDE,-3.0704941001677017,False,4.138116130299165,0.8935618248586431,213742628.72476,213742628.72476,,,,,,,,,,,,,stop
willyB,,,1779844800000.0,2026-05-27,DRIFTUSDT,WIDE,1.0,False,2.054815153122668,1.0198170007206693,250392850.84837,250392850.84837002,,,,,,,,,,,,,tp
willyB,,,1779882000000.0,2026-05-27,ALTUSDT,WIDE,-3.053783213700138,False,2.023391682143758,0.7206448504665797,93059611.118933,93059611.11893299,30824909.35017847,44767143.02028255,,,66003404.91772576,,,,1.4099213704949496,2.0787480469050856,0.6885610130673895,11.666666666666666,stop
willyB,,,1780053600000.0,2026-05-29,IDUSDT,FRENZY,1.0,True,2.2293189076023983,0.6931160195128068,45727361.02413,45727361.02413001,,,,,55156549.16049109,,,,0.8290468080422396,,,,tp
willyB,,,1780062300000.0,2026-05-29,HEIUSDT,WIDE,1.0,True,4.807402431413255,1.4357661500023675,50473101.826058,50473101.826058,,,,,8451470.47785413,,,,5.972108872451906,,,,tp
willyB,,,1780066200000.0,2026-05-29,IDUSDT,WIDE,-3.0571313269528484,True,2.73521158123965,1.0206156828476018,121679705.13052,121679705.13052002,,,,,61149133.24951692,,,,1.9898843804377437,,,,stop
willyB,,,1780107600000.0,2026-05-30,HEIUSDT,WIDE,1.0,False,4.312340467111808,1.4715840247942118,325247716.327932,325247716.327932,,,,,10308501.555630257,,,,31.551405853966184,,,,tp
willyB,,,1780111200000.0,2026-05-30,IDUSDT,WIDE,1.0,False,2.8862511278499765,1.4688226856054518,251755785.76488,251755785.76488,,,,,67962407.14918455,,,,3.7043388591615045,,,,tp
willyB,,,1780114200000.0,2026-05-30,XLMUSDT,FRENZY,-3.053301129274459,True,1.9718852516915657,1.7567722584649232,1374056532.14659,1374056532.1465898,,,,,14128731819.055353,,,,0.0972526444513163,,,,stop
willyB,,,1780132200000.0,2026-05-30,NFPUSDT,WIDE,-3.0707752564536657,True,3.698155943868749,0.6879566525213934,43537857.92757,43537857.92757,,,,,,,,,,,,,stop
willyB,,,1780140000000.0,2026-05-30,PORTALUSDT,WIDE,-3.078538616908037,False,4.88264124983606,0.9508998707788732,40576336.953878,40576336.953878,,,,,10501071.658296058,,,,3.864018671067907,,,,stop
willyB,,,1780149300000.0,2026-05-30,PORTALUSDT,WIDE,1.0,False,5.023226421851908,0.824724486778679,99366440.39079,99366440.39079,,,,,10536104.42446218,,,,9.431041719754234,,,,tp
willyB,,,1780152000000.0,2026-05-30,STGUSDT,WIDE,1.0,False,2.839295880854666,1.0227159619390085,37997892.082399994,37997892.082399994,,,,,,,,,,,,,tp
willyB,,,1780161300000.0,2026-05-30,PORTALUSDT,WIDE,1.0,False,3.5230530516019405,0.4254567093260114,159932303.57320002,159932303.57320002,,,,,10930223.04383109,,,,14.63211710610647,,,,tp
willyB,,,1780167300000.0,2026-05-30,TAUSDT,WIDE,1.0,False,5.926489160609468,0.3970392517730503,38361938.76766,38361938.76766,,,,,34391788.26960278,,,,1.1154389084665957,,,,tp
willyB,,,1780189800000.0,2026-05-31,STGUSDT,WIDE,1.0,False,1.6625612259074751,1.0854959757633702,80950260.8355,80950260.8355,,,,,,,,,,,,,tp
willyB,,,1780191900000.0,2026-05-31,IDUSDT,WIDE,1.0,False,2.7052316875954134,1.0950441765020975,268636316.48758,268636316.48758,,,,,64989342.17478414,,,,4.133544170444163,,,,tp
willyB,,,1780223100000.0,2026-05-31,PORTALUSDT,WIDE,1.0,False,3.391457978022733,1.256186420533844,429171297.792468,429171297.792468,,,,,12848266.991426451,,,,33.403049460199625,,,,tp
willyB,,,1780237500000.0,2026-05-31,PORTALUSDT,FRENZY,1.0,False,2.199345353765465,1.9982269710360496,373356949.271596,373356949.271596,,,,,12165128.051187007,,,,30.690753743045548,,,,tp
willyB,,,1780293600000.0,2026-06-01,HOMEUSDT,WIDE,1.0,True,2.7335775626025,0.8493476478016446,169636215.735497,169636215.735497,,,,,248297227.6013822,,,,0.6831981870044557,,,,tp
willyB,,,1780305300000.0,2026-06-01,VICUSDT,WIDE,1.0,True,4.508504690195785,0.5888485110166052,53760109.03745,53760109.03745,,,,,,,,,,,,,tp
willyB,,,1780314600000.0,2026-06-01,HOMEUSDT,WIDE,1.0,True,3.3900404828705724,0.7081010495984431,212463124.782192,212463124.782192,,,,,244560812.6595476,,,,0.8687537568742106,,,,tp
willyB,,,1780315500000.0,2026-06-01,VICUSDT,WIDE,1.0,True,3.458345376278185,2.2330002381337093,84456665.88343,84456665.88343,,,,,,,,,,,,,tp
willyB,,,1780333200000.0,2026-06-01,EPICUSDT,WIDE,-3.073394655338872,True,3.6530542605477128,1.2508896265803062,40030924.9079,40030924.907900006,,,,,11246669.126461212,,,,3.559358282686122,,,,stop
willyB,,,1780381500000.0,2026-06-02,EPICUSDT,WIDE,1.0,True,2.937094234185352,2.3563062491675404,80076475.1628,80076475.1628,,,,,13126729.453772582,,,,6.100260955693443,,,,tp
willyB,,,1780386900000.0,2026-06-02,HOMEUSDT,WIDE,-3.0551751222357355,True,2.6095408119764785,0.4202275513919447,336258532.79832596,336258532.798326,,,,,259478795.27916873,,,,1.2958998535373625,,,,stop
willyB,,,1780424400000.0,2026-06-02,PORTALUSDT,WIDE,1.0,True,5.997755318768861,0.3253762834454073,217461167.80446,217461167.80446002,,,,,22920187.26418747,,,,9.487757028243857,,,,tp
willyB,,,1780475400000.0,2026-06-03,PORTALUSDT,WIDE,-3.0836183211862584,False,2.3555554164227783,0.3575803492990349,177155818.729672,177155818.729672,,,,,22797572.582606032,,,,7.770819375078442,,,,stop
willyB,,,1780506000000.0,2026-06-03,OPNUSDT,WIDE,-3.0725229853294773,True,4.430906352116227,0.7771094042935283,79971310.0613,79971310.0613,,,,,87390836.24306138,,,,0.9150994944009306,,,,stop
willyB,,,1780553700000.0,2026-06-04,HEIUSDT,WIDE,1.0,False,4.082635011319008,0.7340885745025365,36462083.132295,36462083.132295,,,,,7592222.5280127805,,,,4.802557221915192,,,,tp
willyB,,,1780567500000.0,2026-06-04,EPICUSDT,WIDE,1.0,True,2.5464318467280886,1.089458287205191,105067295.60731,105067295.60731,,,,,19909097.623804465,,,,5.27735096751374,,,,tp
willyB,,,1780580700000.0,2026-06-04,OPNUSDT,WIDE,1.0,False,3.747773238966305,0.7989801666160921,819730285.3348,819730285.3348,,,,,96936669.49145764,,,,8.4563487649742,,,,tp
willyB,,,1780593600000.0,2026-06-04,EPICUSDT,WIDE,-3.057230402260706,True,2.0256720641170327,1.3940464305551832,124679177.66143,124679177.66143,,,,,21438752.442082893,,,,5.8155985521197024,,,,stop
willyB,,,1780602600000.0,2026-06-04,OPNUSDT,WIDE,1.0,False,2.2526570866323175,0.5024586658564937,701501089.5035001,701501089.5035,,,,,104328354.52893263,,,,6.723973484207093,,,,tp
willyB,,,1780604400000.0,2026-06-04,HOMEUSDT,WIDE,1.0,True,3.55541731242048,0.7427294438216179,175018622.05112898,175018622.05112904,,,,,268080852.78970352,,,,0.652857599600456,,,,tp
willyB,,,1780614300000.0,2026-06-04,HOMEUSDT,WIDE,1.0,False,2.7649765562884485,2.5037016704559214,214893864.583576,214893864.58357602,,,,,300252769.29628533,,,,0.7157098503611858,,,,tp
willyB,,,1780623300000.0,2026-06-05,OPNUSDT,WIDE,1.0,True,2.759841331993156,0.952829038837204,647869095.1476,647869095.1475999,,,,,108974556.55248833,,,,5.945140917692557,,,,tp
willyB,,,1780625700000.0,2026-06-05,OPNUSDT,WIDE,1.0,True,2.840436066054812,0.5488688700822195,635764280.9017,635764280.9017,,,,,109692605.95612875,,,,5.79587179427547,,,,tp
willyB,,,1780630200000.0,2026-06-05,OPNUSDT,WIDE,1.0,True,2.922368766977602,1.034990147368834,617974101.872,617974101.872,,,,,113747473.17668645,,,,5.432860041753079,,,,tp
willyB,,,1780684500000.0,2026-06-05,OPNUSDT,WIDE,1.0,True,4.828065497926766,0.640359552484011,541674978.3178,541674978.3178,,,,,105468785.93471448,,,,5.135879526034353,,,,tp
willyB,,,1780742700000.0,2026-06-06,HEIUSDT,WIDE,1.0,True,3.201102106182124,0.9147166980389672,48506848.071553,48506848.071553,,,,,10225215.52594314,,,,4.743846029306936,,,,tp
willyB,,,1780752600000.0,2026-06-06,HEIUSDT,WIDE,1.0,False,3.5720280665322326,0.4405483899868752,65561406.537039,65561406.537039,,,,,10151000.251964519,,,,6.458615398453066,,,,tp
willyB,,,1780765500000.0,2026-06-06,PORTALUSDT,WIDE,-3.075431313824388,True,4.626562870469879,0.6447693164958512,51156370.032842,51156370.03284201,,,,,17376252.018398143,,,,2.9440393692884492,,,,stop
willyB,,,1780771500000.0,2026-06-06,HEIUSDT,WIDE,-3.053367832447777,True,4.452243139733943,0.4662842129756017,173342548.69874102,173342548.69874102,,,,,12265310.94619986,,,,14.132747996286831,,,,stop
willyB,,,1780936500000.0,2026-06-08,PIPPINUSDT,WIDE,-3.069652605196908,False,3.134531166609844,1.557104306140121,193709199.6806,193709199.6806,,,,,25443767.644702546,,,,7.613227820091758,,,,stop
willyB,,,1781058900000.0,2026-06-10,STGUSDT,WIDE,-3.075330406418823,True,2.8717422167247,1.495695465897391,64183426.0557,64183426.05570001,,,,,,,,,,,,,stop
willyB,,,1781070300000.0,2026-06-10,STGUSDT,WIDE,1.0,True,2.2096636199617214,0.5668516504201361,94226104.5477,94226104.5477,,,,,,,,,,,,,tp
willyB,,,1781102700000.0,2026-06-10,HMSTRUSDT,WIDE,-3.075574189813983,False,3.2002248435495635,0.5313287677923924,35670381.116612405,35670381.116612405,,,,,15426806.066176469,,,,2.3122337160133433,,,,stop
willyB,,,1781106600000.0,2026-06-10,HMSTRUSDT,WIDE,1.0,False,4.0122481178590155,0.927403450011424,54338140.0114009,54338140.0114009,,,,,16200726.102941174,,,,3.3540558408388894,,,,tp
willyB,,,1781106900000.0,2026-06-10,OPNUSDT,WIDE,-3.1178418602308895,False,2.6020345099172695,0.8485307997909538,62999901.044300005,62999901.0443,,,,,46166352.83405804,,,,1.3646280716769863,,,,stop
willyB,,,1781134500000.0,2026-06-10,STGUSDT,FRENZY,1.0,True,2.2773989318310055,0.5459308466761922,440810210.4591,440810210.4591,,,,,,,,,,,,,tp
willyB,,,1781153400000.0,2026-06-11,HMSTRUSDT,WIDE,1.0,False,2.4611920445707933,6.2594436717354816,124254372.35064147,124254372.3506415,,,,,20547576.97610294,,,,6.047154489074343,,,,tp
willyB,,,1781157900000.0,2026-06-11,STGUSDT,WIDE,1.0,False,2.458131195150424,1.1227576068990237,432285203.7305,432285203.7305,,,,,,,,,,,,,tp
willyB,,,1781172900000.0,2026-06-11,HMSTRUSDT,WIDE,1.0,False,3.3138013100080475,1.6796055635518463,171917572.6021403,171917572.6021403,,,,,18632124.88511029,,,,9.226943983159261,,,,tp
willyB,,,1781189700000.0,2026-06-11,STGUSDT,WIDE,1.0,True,2.078915441819529,0.8144915823953588,293808577.1178,293808577.1178,,,,,,,,,,,,,tp
willyB,,,1781211600000.0,2026-06-11,STGUSDT,FRENZY,1.0,False,2.2137072250087995,0.4708947483059525,282167275.1738,282167275.1738,,,,,,,,,,,,,tp
willyB,,,1781245500000.0,2026-06-12,HMSTRUSDT,WIDE,1.0,False,3.0126591247130814,2.589416770237332,108507364.2301954,108507364.2301954,,,,,19328652.91819853,,,,5.613808923436787,,,,tp
willyB,,,1781251800000.0,2026-06-12,HMSTRUSDT,WIDE,1.0,False,2.7907888278295645,2.180885412305382,112969889.969886,112969889.969886,,,,,21321497.012867644,,,,5.298403292306729,,,,tp
willyB,,,1781276400000.0,2026-06-12,STGUSDT,WIDE,-3.0555129083712536,False,1.8850714839763505,1.3266533635452709,350441041.02129996,350441041.02129996,,,,,,,,,,,,,stop
willyB,,,1781317500000.0,2026-06-13,STGUSDT,WIDE,1.0,False,3.155235798153927,0.8986973054839962,269032377.421,269032377.421,,,,,,,,,,,,,tp
willyB,,,1781377800000.0,2026-06-13,RIFUSDT,WIDE,-3.0501656890332947,False,2.4827202488259865,1.4618199559342189,217837885.99063,217837885.99062997,,,,,119527325.30120482,,,,1.8224944416825681,,,,stop
willyB,,,1781392500000.0,2026-06-13,RIFUSDT,WIDE,1.0,False,3.3018854967524174,0.3659228599206094,282459314.8202,282459314.82019997,,,,,123396626.50602409,,,,2.2890359551799464,,,,tp
willyB,,,1781457300000.0,2026-06-14,EVAAUSDT,WIDE,-3.0506040383725437,False,3.1104095929873226,0.6386828423112051,35016889.57452,35016889.57452,,,,,16517553.583038516,,,,2.1199803832014212,,,,stop
willyB,,,1781464500000.0,2026-06-14,EVAAUSDT,WIDE,1.0,False,3.91107497979916,1.4789226974079916,74223348.16744,74223348.16744,,,,,18294968.00763976,,,,4.057036237311004,,,,tp
willyB,,,1781483100000.0,2026-06-15,EVAAUSDT,WIDE,1.0,False,5.231127232751366,0.8790320094004266,172224517.62848002,172224517.62848,,,,,19386217.793906566,,,,8.883863756168736,,,,tp
willyB,,,1781490600000.0,2026-06-15,EVAAUSDT,WIDE,-3.057834156582388,False,3.3988328172812583,0.6366163583388257,186751922.36474,186751922.36473998,,,,,20885308.409384202,,,,8.941784277450672,,,,stop
willyB,,,1781700300000.0,2026-06-17,AGTUSDT,WIDE,1.0,True,2.2116093301197104,1.065633191380008,21784291.932379,21784291.932379,,,,,74889353.05442402,,,,0.29088636827384257,,,,tp
willyB,,,1781706900000.0,2026-06-17,BRUSDT,WIDE,1.0,False,2.7362884305905526,1.018520600205009,224557973.09284,224557973.09284,13238137.274908677,48006069.72162868,,,63548868.35938275,,,,3.5336266229465414,4.677699599133556,0.2757596560533336,14.583333333333334,tp
willyB,,,1781715900000.0,2026-06-17,TACUSDT,WIDE,-0.9203337875518456,False,2.716375496660881,1.2294740011214702,34099768.64636,34099768.646359995,,,,,134546671.4802203,,,,0.253441934097738,,,,time
willyB,,,1781723700000.0,2026-06-17,AGTUSDT,WIDE,1.0,True,3.2194952436413296,1.0317026988425306,151362944.09380102,151362944.09380102,,,,,96076989.7978793,,,,1.5754338724831911,,,,tp
willyB,,,1781765400000.0,2026-06-18,AGTUSDT,FRENZY,1.0,True,2.3198203661806813,0.7026837984392185,231013566.560766,231013566.56076598,,,,,91636528.9154441,,,,2.5209768341828993,,,,tp
willyB,,,1781775000000.0,2026-06-18,AGTUSDT,FRENZY,1.0,False,2.027287107185872,1.1952918187016213,243351762.190092,243351762.190092,,,,,97342744.72021557,,,,2.49994761180752,,,,tp
willyB,,,1781883900000.0,2026-06-19,BELUSDT,WIDE,-3.050030682939668,False,2.4101402473807423,0.7801793999033089,27908007.70074,27908007.700740002,7673331.6104718875,8197570.654222756,,,11900637.7071936,,,,2.345085060766987,3.4044241736866216,0.9360494632051972,15.75,stop
willyB,,,1781887500000.0,2026-06-19,BICOUSDT,WIDE,-3.0711089245817265,False,3.289232708201375,0.7324744844979736,60919060.32469,60919060.32469,2217636.4629997895,15195451.116784306,,,30664636.955433145,,,,1.9866225846152203,4.009032693830403,0.14594081123068958,16.75,stop
willyB,,,1781918100000.0,2026-06-20,METUSDT,WIDE,-3.0813392108892375,False,2.9192367338365615,0.6096348495146966,60460206.6444,60460206.6444,,,,,83485328.64923072,,,,0.7242015767635972,,,,stop
willyB,,,1781935200000.0,2026-06-20,BICOUSDT,WIDE,1.0,False,3.30207047234322,1.0282173416522522,350854602.91903,350854602.91903,83295737.23776712,27367886.6369116,,,37311306.96044066,,,,9.403439104693488,12.81993774578946,3.0435575221005386,6.0,tp
willyB,,,1781938500000.0,2026-06-20,BELUSDT,WIDE,1.0,False,2.170395173589882,1.0049168252305984,41676043.40406,41676043.40406,32874381.670984216,9223747.390692905,,,14427478.566179473,,,,2.8886574471686215,4.518341801740217,3.5641025581593504,6.916666666666667,tp
willyB,,,1781971200000.0,2026-06-20,ALICEUSDT,WIDE,1.0,False,2.287830681100062,0.3890214172803147,59712703.1682464,59712703.168246396,,,,,13659185.750088347,,,,4.371615135833421,,,,tp
willyB,,,1782028800000.0,2026-06-21,TNSRUSDT,WIDE,1.0,False,3.944732896980624,0.7976181147246307,99397709.879015,99397709.879015,,,,,33410859.26214332,,,,2.9750120791307837,,,,tp
willyB,,,1782034200000.0,2026-06-21,TNSRUSDT,WIDE,1.0,False,4.45003327535019,0.7550985407274766,178151150.15140498,178151150.151405,,,,,33912056.01572098,,,,5.25332790405918,,,,tp
willyB,,,1782037800000.0,2026-06-21,BICOUSDT,WIDE,1.0,False,3.0387123097657267,0.7322045348891961,663851936.34606,663851936.34606,312365097.04483414,48281217.01543631,,,51354271.40711066,,,,12.926907892108487,13.749693511947214,6.469702222811944,10.5,tp
willyB,,,1782042000000.0,2026-06-21,TNSRUSDT,WIDE,1.0,False,3.2176923291968342,0.6638748473891647,237438731.487022,237438731.487022,,,,,34291340.045455426,,,,6.92416018657426,,,,tp
willyB,,,1782054000000.0,2026-06-21,RESOLVUSDT,WIDE,-3.0563599406814896,False,3.260201881530495,0.7734367588444769,73954731.717,73954731.71700001,,,,,11153168.971636362,,,,6.630826799546782,,,,stop
willyB,,,1782135600000.0,2026-06-22,BELUSDT,WIDE,1.0,False,2.6682932398033263,1.247077196949414,81881216.24870999,81881216.24870999,35763585.54789338,13395078.697422003,,,20902131.950681802,,,,3.917361943839376,6.11278351537186,2.669904847574833,13.666666666666666,tp
willyB,,,1782286200000.0,2026-06-24,GUSDT,WIDE,-3.0683329129786148,True,2.571565966909415,1.727838591246263,76681647.559317,76681647.55931701,,,,,38377509.72087658,,,,1.9980881541566975,,,,stop
willyB,,,1782386400000.0,2026-06-25,IDOLUSDT,WIDE,1.0,True,3.278420428456444,1.5023891324456446,29355569.15002,29355569.150020003,,,,,36574310.115632445,,,,0.8026281030923114,,,,tp
willyB,,,1782391500000.0,2026-06-25,IDOLUSDT,WIDE,1.0,True,3.6452353931276447,0.7394792201117044,36132346.67764,36132346.67764,,,,,39949576.039389536,,,,0.9044488142255672,,,,tp
willyB,,,1782410400000.0,2026-06-25,IDOLUSDT,WIDE,1.0,True,2.0909924005178335,0.611819016191064,47071794.78086,47071794.78086,,,,,44021325.40773143,,,,1.069295264167417,,,,tp
willyB,,,1782438000000.0,2026-06-26,GUSDT,WIDE,1.0,True,2.9520444906990537,0.8062106966352475,41097912.828243,41097912.828243,,,,,46365386.744175315,,,,0.8863921065730344,,,,tp
willyB,,,1782446700000.0,2026-06-26,GUSDT,WIDE,1.0,False,2.674562958455789,1.1197511335235568,57323312.786451,57323312.786451004,,,,,46443480.51395617,,,,1.234259623785635,,,,tp
willyB,,,1782459300000.0,2026-06-26,GUSDT,FRENZY,1.0,False,2.3355832737919653,1.941801382065379,77553644.856994,77553644.856994,,,,,46097636.67635524,,,,1.6823778928513577,,,,tp
willyB,,,1782460200000.0,2026-06-26,AINUSDT,WIDE,1.0,False,2.8346300177815325,1.2519360408354596,64032374.88699,64032374.886989996,,,,,47937495.47551675,,,,1.335747190207161,,,,tp
willyB,,,1782469800000.0,2026-06-26,AINUSDT,WIDE,1.0,True,2.335400527630398,0.5187506594823152,84498438.73926,84498438.73926,,,,,48239341.71850372,,,,1.7516499133081653,,,,tp
willyB,,,1782478800000.0,2026-06-26,ICNTUSDT,WIDE,1.0,True,1.9296394752941683,0.5199165583853386,26138345.9225,26138345.9225,,,,,61733495.476,,,,0.4234062192810991,,,,tp
willyB,,,1782522900000.0,2026-06-27,PUNDIXUSDT,WIDE,1.0,False,2.8328895020944036,0.7819589191946813,35174467.641899996,35174467.6419,,,,,30226629.62451606,,,,1.1636913568878642,,,,tp
willyB,,,1782645600000.0,2026-06-28,ACTUSDT,WIDE,1.0,True,3.3628997319186524,0.9406015686319552,71766955.97438,71766955.97437999,6673985.574221933,7371655.454098431,,,10474766.49001798,,,,6.851413446091703,9.735527714399565,0.905357774217647,11.333333333333334,tp
willyB,,,1782662700000.0,2026-06-28,MANTAUSDT,WIDE,-3.0535821890830857,True,4.441243231501229,1.2554234860029658,165837409.61555,165837409.61555,,,,,105160990.26194371,,,,1.576986002152209,,,,stop
willyB,,,1782684600000.0,2026-06-28,POWRUSDT,FRENZY,1.0,True,1.4061951221177855,0.901343164398686,87894165.51859,87894165.51859,,,,,49794673.99842891,,,,1.7651318597118073,,,,tp
willyB,,,1782694800000.0,2026-06-29,POWRUSDT,WIDE,-3.063839079904333,True,2.5075125852224724,1.41185735007372,106267564.16021,106267564.16020998,,,,,54896465.04320503,,,,1.9357815494417443,,,,stop
willyB,,,1782715200000.0,2026-06-29,ACTUSDT,WIDE,1.0,False,2.968141722989606,1.954325605206434,352895901.57857996,352895901.57858,144022386.4932474,10423120.399901535,,,12087711.732885566,,,,29.194599389601517,33.85703014443868,13.817588300582994,6.666666666666667,tp
willyB,,,1782867000000.0,2026-07-01,TACUSDT,FRENZY,-3.0520182592824225,True,1.170598715779893,1.7667476078344275,287734456.344651,287734456.344651,,,,,377923071.2475639,,,,0.761357213241333,,,,stop
willyB,,,1782894000000.0,2026-07-01,NFPUSDT,WIDE,1.0,True,6.331138441295728,0.8516016022357206,57759659.91477139,57759659.91477141,,,,,,,,,,,,,tp
willyB,,,1782897600000.0,2026-07-01,TACUSDT,FRENZY,-3.0530788303039498,False,1.6589955997821704,1.0681567595828874,205324293.631254,205324293.63125402,,,,,368667616.1138015,,,,0.5569360710214207,,,,stop
willyB,,,1782900300000.0,2026-07-01,TAIKOUSDT,WIDE,1.0,False,3.298410607463418,0.8211324433922206,60610397.0147,60610397.014699996,,,,,91217972.55028674,,,,0.6644567437769638,,,,tp
willyB,,,1782903600000.0,2026-07-01,NFPUSDT,WIDE,-3.058711506144234,True,5.818345376579175,0.6025020068122694,141724064.2176514,141724064.2176514,,,,,,,,,,,,,stop
willyB,,,1782907500000.0,2026-07-01,TACUSDT,FRENZY,-3.05428460942843,True,1.989595752005418,1.9986301577579784,172234706.563976,172234706.563976,,,,,349225150.29709923,,,,0.49319101564549206,,,,stop
willyB,,,1782932700000.0,2026-07-01,NOMUSDT,WIDE,-3.0638854505851505,False,4.6917484023621485,0.9035220902858332,43032349.595575,43032349.595575,,,,,6344760.528634362,,,,6.782344172229496,,,,stop
willyB,,,1782942000000.0,2026-07-01,TLMUSDT,WIDE,1.0,False,6.937857869087131,0.6998696441231322,42883044.586438,42883044.586438,3274711.2465393194,5721725.919489893,,,10509030.0952908,,,,4.080590139869741,7.494774337296662,0.5723292748757299,21.666666666666668,tp
willyB,,,1782944100000.0,2026-07-01,TAIKOUSDT,WIDE,1.0,False,5.092859417936784,0.7377975406406411,413189352.5809,413189352.58089995,,,,,174609808.2754774,,,,2.366358205542622,,,,tp
willyB,,,1782981900000.0,2026-07-02,BREVUSDT,WIDE,1.0,False,3.777872751172152,1.5908420825189504,50648662.51353,50648662.51352999,9043592.292571573,17862489.68632156,,,43925722.213217385,,,,1.1530524704335916,2.8354760956035645,0.5062895739274701,8.75,tp
willyB,,,1782990300000.0,2026-07-02,BREVUSDT,WIDE,1.0,False,3.513628915164664,1.4108746260153833,100688085.62319,100688085.62319,9043592.292571573,17862489.68632156,,,42997920.95075719,,,,2.341696607575555,5.636844997049502,0.5062895739274701,11.083333333333334,tp
willyB,,,1782995400000.0,2026-07-02,TLMUSDT,WIDE,1.0,False,5.690905731683397,1.1631557267617365,164706568.750759,164706568.750759,86595251.75809504,10170585.872462982,,,11177398.721107675,,,,14.735679817856285,16.1944032345968,8.514283527417335,12.5,tp
willyB,,,1783002600000.0,2026-07-02,TLMUSDT,WIDE,1.0,False,5.361849454692277,1.3019365188903729,215882565.241,215882565.241,86595251.75809504,10170585.872462982,,,12187061.964362945,,,,17.714077919048705,21.226168083935594,8.514283527417335,14.5,tp
willyB,,,1783055100000.0,2026-07-03,ZKPUSDT,WIDE,1.0,False,3.053984612816352,1.6330588158148078,53826894.582540005,53826894.582540005,,,,,18064273.993217953,,,,2.9797430332793207,,,,tp
willyB,,,1783081500000.0,2026-07-03,ARPAUSDT,WIDE,-3.1271943728603686,False,3.692064774207889,0.6957448583746827,123646758.80858,123646758.80858,2949647.8413424096,13298812.553042613,,,24546393.51501205,,,,5.037267846820768,9.297578886491717,0.2217978356772586,12.416666666666666,stop
willyB,,,1783090500000.0,2026-07-03,THEUSDT,WIDE,-3.0521472210536733,False,3.1201834296166884,0.7439251837023706,137736595.90723398,137736595.907234,,,,,19199470.25868948,,,,7.173978971888344,,,,stop
willyB,,,1783128600000.0,2026-07-04,TAIKOUSDT,FRENZY,1.0,False,1.863516969970328,3.784958516985288,59173188.3822,59173188.3822,,,,,103913705.6221093,,,,0.5694454646568774,,,,tp
willyB,,,1783162500000.0,2026-07-04,HMSTRUSDT,WIDE,1.0,False,3.3495702074106535,0.6836904093911799,222679369.6674892,222679369.6674892,,,,,23520719.784007348,,,,9.467370544454917,,,,tp
willyB,,,1783164600000.0,2026-07-04,TACUSDT,WIDE,1.0,False,3.219220370751942,4.116337951994928,31907632.879495,31907632.879495002,,,,,249488606.17710748,,,,0.12789214452881406,,,,tp
willyB,,,1783170600000.0,2026-07-04,OGNUSDT,WIDE,1.0,False,4.719619818963035,2.656869613904463,23932320.069179997,23932320.06918,,,,,30640814.412604544,,,,0.781060181590183,,,,tp
willyB,,,1783174500000.0,2026-07-04,HMSTRUSDT,WIDE,-3.055195552391669,False,4.5058680313925255,0.5485977687587199,353159994.5587801,353159994.5587801,,,,,23823838.465073526,,,,14.823807468159398,,,,stop
willyB,,,1783191600000.0,2026-07-04,VANRYUSDT,WIDE,1.0,False,4.345300154210867,0.4590005502778397,151414029.08509898,151414029.08509898,,,,,,,,,,,,,tp
willyB,,,1783195500000.0,2026-07-04,RPLUSDT,WIDE,1.0,False,3.0147018769919898,0.7215766568634526,24884047.7417,24884047.7417,,,,,49368462.61309929,,,,0.5040474510360251,,,,tp
willyB,,,1783213200000.0,2026-07-05,TLMUSDT,WIDE,-3.0519639612239065,False,1.9503808917709524,1.3700797112028074,382976639.934516,382976639.934516,111336426.19540162,16457870.774237104,,,17569562.49354775,,,,21.79773344243264,23.270120733601924,6.7649350102861385,1.0,stop
willyB,,,1783224900000.0,2026-07-05,VANRYUSDT,WIDE,1.0,False,3.6517702972783983,1.5711948893930718,269591382.873116,269591382.873116,,,,,,,,,,,,,tp
willyB,,,1783237500000.0,2026-07-05,HOTUSDT,WIDE,-3.062698513516153,False,2.610544205110868,0.7113043275734624,46315934.9022357,46315934.9022357,,,,,70683222.14439607,,,,0.6552606615416972,,,,stop
willyB,,,1783253700000.0,2026-07-05,VANRYUSDT,WIDE,1.0,False,2.873019537239378,1.218248576023411,429106867.977756,429106867.977756,,,,,,,,,,,,,tp
willyB,,,1783266000000.0,2026-07-05,HOTUSDT,WIDE,1.0,False,1.6596799991479168,1.6662177342188556,86710957.5669135,86710957.5669135,,,,,69546607.51694849,,,,1.2468035561013104,,,,tp
willyB,,,1783322400000.0,2026-07-06,VANRYUSDT,WIDE,1.0,False,2.034914222250875,1.187440076545273,422448223.416366,422448223.41636604,,,,,,,,,,,,,tp
willyB,,,1783347000000.0,2026-07-06,SCRTUSDT,FRENZY,1.0,False,2.339165544398621,1.4113626044727403,27069350.10451,27069350.104509998,,,,,,,,,,,,,tp
willyB,,,1783374600000.0,2026-07-06,BLURUSDT,WIDE,-1.0730232175638332,False,2.174911937549833,0.5249163596346268,87422055.56087,87422055.56087,5755619.646538009,42867488.51316206,,,61580415.007502094,,,,1.4196405716041332,2.0393556654019487,0.13426538027229656,21.833333333333332,time
willyB,,,1783418700000.0,2026-07-07,TACUSDT,WIDE,1.0,False,4.037065412230071,1.1281461479793191,96148978.721155,96148978.72115499,,,,,305153557.76730716,,,,0.3150839184856326,,,,tp
willyB,,,1783422300000.0,2026-07-07,BLURUSDT,WIDE,1.0,False,2.862110828801834,1.4486449908818593,242980861.69978,242980861.69978,97232426.94798201,60848104.398793906,,,69507472.68949006,,,,3.4957516407659592,3.9932363399080053,1.5979532626148547,11.083333333333334,tp
willyB,,,1783431000000.0,2026-07-07,EVAAUSDT,WIDE,1.0,False,3.4098508931176092,0.8872205578599517,121912185.50579,121912185.50578998,,,,,48546837.082480736,,,,2.5112281835923116,,,,tp
willyB,,,1783467300000.0,2026-07-07,SPELLUSDT,WIDE,-3.142404911852396,False,2.409296969300096,1.149106823817651,57492139.0792067,57492139.079206705,,,,,21088588.43147611,,,,2.7262203568540366,,,,stop
willyB,,,1783473000000.0,2026-07-08,SPELLUSDT,WIDE,-3.091009356499246,True,2.665638689346423,0.8354570421919246,66375390.067678206,66375390.067678206,,,,,21381756.94535205,,,,3.1043000927062185,,,,stop
willyB,,,1783494900000.0,2026-07-08,VANRYUSDT,WIDE,1.0,True,2.6577992918220317,1.012718362853667,202880718.395229,202880718.395229,,,,,,,,,,,,,tp
willyB,,,1783505100000.0,2026-07-08,EVAAUSDT,WIDE,1.0,True,3.0291227622407435,1.7823015370759172,951327453.19742,951327453.1974199,,,,,88462880.40085126,,,,10.753973292376148,,,,tp
willyB,,,1783521300000.0,2026-07-08,EDGEUSDT,WIDE,-3.0669592427458077,True,3.5442832243749764,0.947097017817743,332927126.6283,332927126.62829995,,,,,,,,,,,,,stop
willyB,,,1783524900000.0,2026-07-08,SPELLUSDT,FRENZY,-3.1205455171309167,True,1.988074970634755,0.8816137534128636,126624224.7740818,126624224.77408181,,,,,21244944.972209945,,,,5.960204883548356,,,,stop
willyB,,,1783527900000.0,2026-07-08,EVAAUSDT,WIDE,-3.0519312781493486,True,5.356252272756663,0.9819207095777552,1156606853.51698,1156606853.5169802,,,,,78242058.53907451,,,,14.78241849860538,,,,stop
willyB,,,1783597500000.0,2026-07-09,THEUSDT,WIDE,1.0,True,2.5390713527453608,0.9457125091932476,33550631.778835997,33550631.778836,,,,,16363466.833297636,,,,2.050337628366417,,,,tp
willyB,,,1783617900000.0,2026-07-09,SENTUSDT,FRENZY,-3.0843255115113695,True,2.44084092673786,0.4275332987972852,39054692.70911,39054692.70911,,,,,156176067.73134214,,,,0.25006835731254823,,,,stop
willyB,,,1783621200000.0,2026-07-09,TACUSDT,WIDE,1.0,False,4.534369385466002,0.6305997629800983,53184215.283832006,53184215.283832,,,,,21449817.774284463,,,,2.4794716600153563,,,,tp
willyB,,,1783629300000.0,2026-07-09,TACUSDT,WIDE,1.0,False,4.30990943642895,0.6274927651349139,70647477.424393,70647477.424393,,,,,26961020.603933904,,,,2.620356197275587,,,,tp
willyB,,,1783640700000.0,2026-07-09,TACUSDT,WIDE,-3.0635468873733624,False,3.7129707764081794,0.8306784700846614,99878858.147806,99878858.14780599,,,,,29076553.205936745,,,,3.4350308800498777,,,,stop
willyB,,,1783660500000.0,2026-07-10,TACUSDT,WIDE,-3.0695212022645286,False,3.1572425232142898,3.9797014194430567,158996074.46982202,158996074.469822,,,,,29166703.742953908,,,,5.451287052217283,,,,stop
willyB,,,1783701000000.0,2026-07-10,BUSDT,WIDE,1.0,False,2.4860369507514863,1.1382501750141056,25219847.2134,25219847.213400003,4966406.824771726,159051012.85848102,,,231185736.98910955,,,,0.10908911398192368,0.15856451813884323,0.03122524487907971,16.5,tp
willyB,,,1783736100000.0,2026-07-11,BUSDT,WIDE,1.0,False,1.8458903585031736,1.7675427758923643,87125404.41,87125404.41,31753480.3505309,224813419.95251924,,,232685644.4522742,,,,0.3744339476338866,0.3875453895430306,0.14124370492311916,2.25,tp
willyB,,,1783747800000.0,2026-07-11,SKLUSDT,WIDE,1.0,False,2.473908722612638,0.6116940658483411,563592271.638497,563592271.638497,,,,,34329192.499083504,,,,16.417288919730442,,,,tp
willyB,,,1783803900000.0,2026-07-11,SXTUSDT,WIDE,-3.051527618221487,False,2.287261330745981,0.6948008332152965,121480611.214139,121480611.21413898,,,,,23997248.223848928,,,,5.062272560626731,,,,stop
willyB,,,1783812900000.0,2026-07-11,TUSDT,WIDE,-3.066364240595125,False,1.8516158753537464,1.0010375610476343,289243136.89228,289243136.89228,,,,,52618322.75101567,,,,5.49700411890641,,,,stop
willyB,,,1783821000000.0,2026-07-12,TUSDT,WIDE,1.0,True,2.439074402431095,0.8873538859684492,347952241.911272,347952241.911272,,,,,54954679.1255562,,,,6.331621755379512,,,,tp
willyB,,,1783827000000.0,2026-07-12,EVAAUSDT,WIDE,1.0,False,9.555522811721929,1.0838420549084786,496770014.0915199,496770014.0915201,,,,,25947494.917899676,,,,19.145201325343635,,,,tp
willyB,,,1783840200000.0,2026-07-12,EVAAUSDT,WIDE,1.0,True,6.582355292206893,1.0713747960355955,627670370.2517401,627670370.25174,,,,,35578600.9860878,,,,17.641794585941593,,,,tp
willyB,,,1783865400000.0,2026-07-12,EVAAUSDT,WIDE,1.0,False,4.922773674350521,0.5930098368869966,701976232.2108101,701976232.21081,,,,,37504822.19972543,,,,18.716959341189707,,,,tp
willyB,,,1783874400000.0,2026-07-12,SXTUSDT,WIDE,-3.0588819430067566,False,2.1300360991942777,0.9870513651335268,308078783.24663097,308078783.246631,,,,,24462541.403106727,,,,12.593899307923307,,,,stop
willyB,,,1783895700000.0,2026-07-12,DODOXUSDT,WIDE,1.0,True,3.3798995782398125,0.8130920046676359,51242005.828696,51242005.828696,,,,,,,,,,,,,tp
willyB,,,1783905600000.0,2026-07-13,DODOXUSDT,WIDE,1.0,True,3.035897531885138,0.7949038459736281,94874990.35945,94874990.35945,,,,,,,,,,,,,tp
willyB,,,1783915200000.0,2026-07-13,DODOXUSDT,FRENZY,-3.0541274888531684,True,1.921489315496347,0.8054276540653765,116677267.423948,116677267.423948,,,,,,,,,,,,,stop
willyB,,,1783952700000.0,2026-07-13,DODOXUSDT,WIDE,1.0,True,2.354734119120173,1.8085062319634375,303469474.127631,303469474.12763095,,,,,,,,,,,,,tp
willyB,,,1783999200000.0,2026-07-14,AIOTUSDT,WIDE,-3.060012135549088,False,3.980040819330191,1.2569986452385005,34533551.933520004,34533551.933520004,,,,,21269201.006068747,,,,1.6236412417968373,,,,stop
willyB,,,1784016300000.0,2026-07-14,SXTUSDT,WIDE,1.0,True,2.24684940255939,1.2816774589877449,49684997.26464901,49684997.264649004,,,,,23603728.992455367,,,,2.1049638928039798,,,,tp
willyB,,,1784028000000.0,2026-07-14,SXTUSDT,WIDE,-3.057913796601523,False,2.071126094207467,0.7785031543913249,119436107.157411,119436107.157411,,,,,24573914.770482264,,,,4.86028002753861,,,,stop
willyB,,,1784075400000.0,2026-07-15,DODOXUSDT,WIDE,1.0,False,3.0649665962817183,1.258520150999049,68969722.834871,68969722.834871,,,,,,,,,,,,,tp
willyB,,,1784083500000.0,2026-07-15,DODOXUSDT,WIDE,1.0,False,3.0546586180341464,0.8334736158634307,96127934.808051,96127934.80805099,,,,,,,,,,,,,tp
willyB,,,1784109900000.0,2026-07-15,1000XECUSDT,WIDE,1.0,False,1.8686909636926743,1.230112160338409,59055295.695544995,59055295.695545,,,,,137455658.47403812,,,,0.42963160884860224,,,,tp
willyB,,,1784169900000.0,2026-07-16,BANKUSDT,FRENZY,1.0,True,1.9373440579557877,0.3745597484216273,47128486.93795,47128486.93795,,,,,45012500.87536079,,,,1.0470088535726634,,,,tp
willyB,,,1784184300000.0,2026-07-16,FLOCKUSDT,WIDE,1.0,False,1.929282834994369,0.8114061989144113,34754420.663480006,34754420.66348,,,,,18647920.86657777,,,,1.8637155805272387,,,,tp
willyB,,,1784189100000.0,2026-07-16,BANKUSDT,FRENZY,1.0,True,1.4567703897857962,1.2627280271676322,71298127.91769001,71298127.91769001,,,,,46541067.97825765,,,,1.531940091082525,,,,tp
willyB,,,1784193600000.0,2026-07-16,BANKUSDT,WIDE,1.0,True,1.7699202796434728,0.5299439422815827,78386990.22919,78386990.22919,,,,,48458110.69846533,,,,1.6176237393356014,,,,tp
willyB,,,1784238600000.0,2026-07-16,BANKUSDT,FRENZY,-0.6569813103575893,True,1.2597960996348645,0.249465862966503,147905634.21405,147905634.21405,,,,,52410427.848497,,,,2.8220650028196927,,,,time
willyB,,,1784273100000.0,2026-07-17,TUSDT,FRENZY,-3.0718796328122173,True,1.5170059058845289,1.1599192762783292,35008908.111299,35008908.111299,,,,,50326681.3310118,,,,0.69563315492703,,,,stop
willyB,,,1784278800000.0,2026-07-17,BANKUSDT,WIDE,1.0,True,1.2627256678643397,0.9810154334551736,143460617.10452998,143460617.10453,,,,,56008049.86967969,,,,2.5614285346184373,,,,tp
willyB,,,1784310000000.0,2026-07-17,BANKUSDT,WIDE,1.0,False,4.608369251903393,0.4822634151087961,402864035.99151,402864035.99151003,,,,,59825245.06586413,,,,6.734013969319809,,,,tp
willyB,,,1784335500000.0,2026-07-18,BANKUSDT,WIDE,-3.054152584281526,False,2.7578597792324087,1.6258587602489605,438101972.26999,438101972.26998997,,,,,63726891.4832031,,,,6.874679779186519,,,,stop
willyB,,,1784353500000.0,2026-07-18,BANKUSDT,WIDE,1.0,False,3.995502201990863,0.7386748161079401,496300389.03255,496300389.03255,,,,,59386098.715860605,,,,8.357181221941424,,,,tp
willyB,,,1784367900000.0,2026-07-18,AVAAIUSDT,WIDE,1.0,False,1.7237424563570396,0.6651094017970764,36216695.247524,36216695.24752399,,,,,8159376.042941457,,,,4.438659899595444,,,,tp
willyB,,,1784375400000.0,2026-07-18,BUSDT,WIDE,1.0,False,3.342754890478882,1.10280339172155,47436605.603,47436605.603,4714157.494686983,114622123.75970665,,,178788969.60922486,,,,0.2653217684887449,0.4138520910888539,0.04112781494582776,11.833333333333334,tp
willyB,,,1784382300000.0,2026-07-18,AVAAIUSDT,WIDE,1.0,False,2.3927425023335016,1.2423430177283716,64719798.30767,64719798.30767,,,,,9010580.694415208,,,,7.182644548956048,,,,tp
willyB,,,1784472000000.0,2026-07-19,AVAAIUSDT,WIDE,1.0,False,3.925003495632006,0.7510309942780532,48309674.696435004,48309674.696435004,,,,,9391225.02799678,,,,5.144129179357959,,,,tp
willyB,,,1784489400000.0,2026-07-19,AVAAIUSDT,WIDE,1.0,False,4.700581934131731,1.0679102571192107,41827229.245641,41827229.24564101,,,,,8941645.106443742,,,,4.677800197583157,,,,tp
willyB,,,1784511000000.0,2026-07-20,ACEUSDT,WIDE,1.0,False,3.3902659239874544,2.0840246177422097,44147286.6869945,44147286.68699451,,,,,10725507.198566096,,,,4.116102471396094,,,,tp
willyB,,,1784520600000.0,2026-07-20,ACEUSDT,WIDE,-3.0574144970955603,False,3.116600899989564,0.8998900692746329,72991037.7288919,72991037.7288919,,,,,10999111.355016708,,,,6.636084986593084,,,,stop
willyB,,,1784531100000.0,2026-07-20,ACEUSDT,WIDE,1.0,True,3.7492023076524585,0.8213827503517669,125004560.6249506,125004560.62495059,,,,,13716090.334852112,,,,9.113716633034874,,,,tp
willyB,,,1784537700000.0,2026-07-20,PROMUSDT,WIDE,1.0,True,2.6809225006615076,0.8505288546850059,41996552.7913,41996552.7913,,,,,33239184.549356222,,,,1.263465195090455,,,,tp
willyB,,,1784563500000.0,2026-07-20,HEMIUSDT,WIDE,1.0,False,2.809103998916547,1.3498478590019645,22528808.652526,22528808.652526,,,,,14800260.232092872,,,,1.5221900357991374,,,,tp
willyB,,,1784574900000.0,2026-07-20,ACEUSDT,WIDE,1.0,False,2.4167218133080586,0.6363090406145478,474105407.9488802,474105407.94888026,,,,,15057199.232864143,,,,31.486958538350766,,,,tp
willyB,,,1784602200000.0,2026-07-21,ERAUSDT,WIDE,1.0,False,3.737112381323135,0.6830930892175284,54298020.987330005,54298020.987330005,5124030.85303688,11057786.853493568,,,41780998.28620192,,,,1.2995864918158695,4.910387739132016,0.46338665421263814,2.8333333333333335,tp
willyB,,,1784703000000.0,2026-07-22,DODOXUSDT,WIDE,-3.052018134563254,False,2.9808118695426264,1.042156736041414,32194172.507372003,32194172.507372,,,,,,,,,,,,,stop
willyB,,,1784718000000.0,2026-07-22,ERAUSDT,WIDE,-3.0571252863796623,False,3.068370879191371,1.2225404640321302,432832555.70384,432832555.70384,130901043.35289083,16035988.293765396,,,44618533.61012931,,,,9.700734665237368,26.991324000412263,8.162954534195041,11.0,stop
willyB,,,1784726700000.0,2026-07-22,BROCCOLIF3BUSDT,WIDE,1.0,False,2.30406797322941,0.7907702209765731,23712810.986116,23712810.986116003,,,,,,,,,,,,,tp
willyB,,,1784730900000.0,2026-07-22,BROCCOLIF3BUSDT,WIDE,1.0,False,2.9632432934208857,0.9328079202416696,34331744.134084,34331744.134084,,,,,,,,,,,,,tp
willyB,,,1784732400000.0,2026-07-22,ERAUSDT,WIDE,1.0,False,1.4111865157373729,0.7285377497621026,354585628.10649,354585628.10649,130901043.35289083,16035988.293765396,,,43618558.81223924,,,,8.12923759431947,22.111866235544007,8.162954534195041,15.0,tp
willyB,,,1784738700000.0,2026-07-22,MIRAUSDT,WIDE,-3.057100047131149,False,2.208557305445606,0.6000875319001369,75152033.48856,75152033.48856,,,,,18556311.556975562,,,,4.049944583966061,,,,stop
willyB,,,1784753700000.0,2026-07-22,BROCCOLIF3BUSDT,WIDE,1.0,False,1.4447529543168367,0.3899515523263456,65597199.723603,65597199.723602995,,,,,,,,,,,,,tp
willyB,,,1784779200000.0,2026-07-23,ERAUSDT,WIDE,1.0,True,2.1896003894468534,1.0126860690185924,267754919.80337,267754919.80337,105886951.37146255,17392165.090472624,,,46635576.79219817,,,,5.7414304318878635,15.395145941320747,6.088198382469765,4.0,tp
willyB,,,1784823300000.0,2026-07-23,RIFUSDT,WIDE,1.0,True,3.104528768137627,0.8339332736108758,294206600.51798,294206600.51798,,,,,110124722.89156626,,,,2.6715763072354695,,,,tp
willyB,,,1784836800000.0,2026-07-23,LAUSDT,FRENZY,-3.052315606710469,True,2.411371285941134,0.9794209060170618,49308145.443005,49308145.443004996,,,,,28186290.1609832,,,,1.7493662756391994,,,,stop
willyB,,,1784863200000.0,2026-07-24,PROMUSDT,WIDE,1.0,False,2.8497819458884583,1.2755251275995518,39609575.0109,39609575.0109,,,,,37548683.47639485,,,,1.0548858533429206,,,,tp
willyB,,,1784899800000.0,2026-07-24,LAUSDT,WIDE,1.0,True,1.9535170677210727,1.5726006014744385,99597170.690167,99597170.690167,,,,,30195504.514793128,,,,3.298410551192254,,,,tp
willyB,,,1784915100000.0,2026-07-24,ACEUSDT,WIDE,-3.056436604428518,True,2.882813322829002,0.34599938230418,38470219.7387871,38470219.7387871,,,,,12020641.627666341,,,,3.2003466146303885,,,,stop
willyB,,,1784931600000.0,2026-07-24,ACEUSDT,FRENZY,-3.0554760007631394,True,1.9471316412970232,0.6053122408731406,66076845.9603732,66076845.96037319,,,,,12109226.579959778,,,,5.456735450778283,,,,stop
willyB,,,1784963100000.0,2026-07-25,EULUSDT,WIDE,-3.0810192993392422,True,3.1531871495880117,1.2226998090647685,41377030.16692,41377030.16692,,,,,40787833.0852764,,,,1.0144454126899005,,,,stop
willyB,,,1784972400000.0,2026-07-25,EULUSDT,WIDE,1.0,True,2.901727215906651,0.7682417041441303,74738431.59415999,74738431.59416,,,,,44891258.37334072,,,,1.6648771788171666,,,,tp
willyB,,,1784974200000.0,2026-07-25,PROMUSDT,WIDE,-3.0880071263151105,True,3.216708856643405,1.0157918004378204,46278284.7587,46278284.7587,,,,,39906346.566523604,,,,1.1596723012855716,,,,stop
willyB,,,1784976300000.0,2026-07-25,DEXEUSDT,WIDE,1.0,False,5.256592525134749,0.6188067339011465,1270599267.57091,1270599267.57091,,,,,514735921.9266657,,,,2.4684487976184646,,,,tp
willyB,,,1784982900000.0,2026-07-25,PROMUSDT,WIDE,1.0,False,2.5978734675982587,1.1743130721120103,55415130.0581,55415130.0581,,,,,39403893.776824035,,,,1.4063363984270307,,,,tp
willyB,,,1785142200000.0,2026-07-27,NILUSDT,FRENZY,1.0,False,2.4462052139813903,1.6239164004555888,30194343.466973,30194343.466973003,,,,,23573936.961055737,,,,1.2808358449780455,,,,tp
willyB,,,1785148800000.0,2026-07-27,NILUSDT,FRENZY,-3.063772035458416,False,2.3239441849103315,2.3049015926653795,38922038.770514,38922038.770514,,,,,25887737.31711953,,,,1.5034932676319648,,,,stop
willyB,,,1785178500000.0,2026-07-27,LAUSDT,WIDE,-3.057670523158777,False,3.0062384136192537,1.266755796560706,84508106.485823,84508106.485823,,,,,42614986.31481984,,,,1.983060744441313,,,,stop
willyB,,,1785193500000.0,2026-07-27,COTIUSDT,WIDE,-3.0567322968178363,False,4.059525767852176,3.8637927079066143,73956518.6012422,73956518.6012422,,,,,37617522.49296992,,,,1.9660124776974193,,,,stop
willyB,,,1785202800000.0,2026-07-28,COTIUSDT,WIDE,1.0,True,3.461607070921169,0.6293458977026644,125427753.1824922,125427753.1824922,,,,,34702825.549384385,,,,3.6143383484437117,,,,tp
willyB,,,1785245700000.0,2026-07-28,EULUSDT,WIDE,-3.0589973596938864,True,1.905803530303058,2.0353437444373785,128883730.01338,128883730.01338,,,,,44725192.8590718,,,,2.8816808106225524,,,,stop
willyB,,,1785247200000.0,2026-07-28,SOONUSDT,FRENZY,1.0,True,2.039302390282737,1.6359576410703132,76683351.1747,76683351.1747,,,,,166377170.4373408,,,,0.46090068110383975,,,,tp
willyB,,,1785251100000.0,2026-07-28,COTIUSDT,WIDE,-3.0574644226776178,True,2.6292834688125737,0.9033522851016804,455713361.8046724,455713361.80467236,,,,,36286305.327912085,,,,12.558825090801664,,,,stop
willyB,,,1785257400000.0,2026-07-28,COTIUSDT,WIDE,1.0,False,3.709894404726041,1.2614709845712344,535105480.0581288,535105480.05812883,,,,,38501961.29441246,,,,13.898135629152618,,,,tp
willyB,,,1785261000000.0,2026-07-28,SOONUSDT,WIDE,-3.0672798992102552,False,1.943830401451106,1.703427696064317,105107719.0323,105107719.0323,,,,,168437193.6692671,,,,0.6240172775538106,,,,stop
willyB,,,1785267300000.0,2026-07-28,COTIUSDT,WIDE,1.0,False,2.652998745103672,0.6887556957798417,591462929.9348985,591462929.9348984,,,,,37641836.96173811,,,,15.712913547128535,,,,tp
willyB,,,1785290700000.0,2026-07-29,EULUSDT,FRENZY,-3.0535297128686008,False,2.1871293890346486,1.8129078676203132,91946056.43501,91946056.43501,,,,,44577876.67705904,,,,2.0625938983389913,,,,stop
willyB,,,1785297300000.0,2026-07-29,EULUSDT,WIDE,-3.0515931878577747,False,3.1119555557080116,1.40986799265956,109600561.86504,109600561.86504,,,,,47109036.5316418,,,,2.326529471504356,,,,stop
willyB,,,1785311100000.0,2026-07-29,COTIUSDT,WIDE,-3.0570169522461206,False,3.0225465010573314,0.9010332132587656,418713978.651643,418713978.6516429,,,,,40741931.72968101,,,,10.277224492686598,,,,stop
willyB,,,1785326400000.0,2026-07-29,ACHUSDT,WIDE,1.0,False,2.3543484047987966,0.949868346399416,26379256.470436,26379256.470436,,,,,51339772.23639001,,,,0.5138171698342321,,,,tp
willyB,,,1785403800000.0,2026-07-30,KOMAUSDT,WIDE,1.0,False,2.7226946199462683,1.6008144564713165,42616201.081207,42616201.08120701,,,,,4091882.185137915,,,,10.414816251551155,,,,tp
willyB,,,1785493800000.0,2026-07-31,GIGGLEUSDT,WIDE,1.0,False,3.504601301407717,0.937258177490148,183840392.9227,183840392.9227,,,,,39889144.59829154,,,,4.608782534047469,,,,tp
willyB,,,1785495000000.0,2026-07-31,ERAUSDT,FRENZY,1.0,False,2.229273180382322,1.0442250246061733,23140619.95978,23140619.95978,6292134.499356209,11252067.296893569,,,30324022.076187868,,,,0.7631118293490269,2.0565660824094594,0.5591980863012896,10.833333333333334,tp
willyB,,,1785499500000.0,2026-07-31,COTIUSDT,WIDE,1.0,False,2.669046515557218,1.1023768195712844,295143732.0172282,295143732.0172282,,,,,50957047.920912474,,,,5.79201001744261,,,,tp
willyB,,,1785513600000.0,2026-07-31,1000RATSUSDT,WIDE,1.0,False,5.2624611836212,0.5985279183563381,99676109.34361,99676109.34360999,,,,,,,,,,,,,tp
willyB,,,1785542700000.0,2026-08-01,GIGGLEUSDT,FRENZY,1.0,True,1.974296271556565,1.2610501708133497,363002770.6148,363002770.6148,,,,,46768289.882612295,,,,7.761728545686222,,,,tp
willyB,,,1785582000000.0,2026-08-01,1000SATSUSDT,WIDE,-3.053978826842034,True,3.193541584701897,3.581444183660748,60614291.205135666,60614291.20513566,,,,,26138093.380745888,,,,2.319002014499879,,,,stop
willyB,,,1785583500000.0,2026-08-01,IDOLUSDT,WIDE,1.0,True,2.2090957893617813,1.1388730302477728,82552691.99108,82552691.99108,,,,,43896315.55870339,,,,1.8806291812961087,,,,tp
willyB,,,1785588300000.0,2026-08-01,1000SATSUSDT,WIDE,1.0,False,2.6846506238239516,0.6450068573223299,71633759.49337038,71633759.49337038,,,,,24293544.689883314,,,,2.9486746544320144,,,,tp
willyB,,,1785604200000.0,2026-08-01,IDOLUSDT,WIDE,1.0,True,2.9020200344720632,0.3680673023457713,141704037.60104,141704037.60104,,,,,45057121.29967805,,,,3.144986486343781,,,,tp
willyB,,,1785617100000.0,2026-08-01,1000RATSUSDT,FRENZY,1.0,True,1.8470585740707517,0.5462088404909956,591935917.19075,591935917.19075,,,,,,,,,,,,,tp
willyB,,,1785635700000.0,2026-08-02,EULUSDT,WIDE,1.0,False,1.644134191251342,1.1354592592776935,88230042.90768,88230042.90768,,,,,43431488.93339617,,,,2.0314763567738634,,,,tp
willyB,,,1785642900000.0,2026-08-02,EULUSDT,WIDE,1.0,False,1.5042034642375006,1.0004696288656525,96731288.67063,96731288.67063,,,,,42863652.01363792,,,,2.256720650864117,,,,tp
willyB,,,1785663000000.0,2026-08-02,HYPERUSDT,WIDE,1.0,True,1.7090286615771606,1.5908659905719142,43828209.69212,43828209.69212,,,,,32227802.180055894,,,,1.359950313932453,,,,tp
willyB,,,1785679200000.0,2026-08-02,MANTRAUSDT,FRENZY,1.0,True,2.3088274670353357,0.3772422723534466,35176682.224119,35176682.224119,,,,,41997645.38985795,,,,0.8375870098806504,,,,tp
willyB,,,1785691500000.0,2026-08-02,KOMAUSDT,WIDE,1.0,False,3.137110360982186,0.6965905356125405,197369394.999661,197369394.999661,,,,,8260736.159182385,,,,23.892470500982064,,,,tp
willyB,,,1785711600000.0,2026-08-02,1000RATSUSDT,FRENZY,1.0,False,1.5638465675440545,1.503105848996627,479912543.99611,479912543.99611,,,,,,,,,,,,,tp
willyB,,,1785722700000.0,2026-08-03,BICOUSDT,WIDE,1.0,False,3.018762911862041,1.222928933059987,35963487.95781,35963487.95781001,21423931.333088648,16040829.251043845,,,18030966.449674513,,,,1.9945402293430148,2.2419968067093357,1.3355875184379573,2.0833333333333335,tp
willyB,,,1785724800000.0,2026-08-03,1000RATSUSDT,WIDE,1.0,False,3.181691497363944,0.8915427485001647,425796031.02076,425796031.02076006,,,,,,,,,,,,,tp
willyB,,,1785756300000.0,2026-08-03,WAXPUSDT,WIDE,1.0,False,1.6063127924222962,0.876181993586616,22199667.826607,22199667.826607,,,,,20244519.283043772,,,,1.0965766841004125,,,,tp
willyB,,,1785810300000.0,2026-08-04,HFTUSDT,WIDE,1.0,False,3.0176403327575945,0.8462071467635242,21473945.61136,21473945.61136,,,,,,,,,,,,,tp
willyB,,,1785847500000.0,2026-08-04,HOMEUSDT,WIDE,1.0,False,2.5690715063059084,1.8593515138710652,338813546.808647,338813546.80864704,,,,,55941050.96619335,,,,6.056617474230167,,,,tp
willyB,,,1785909300000.0,2026-08-05,HFTUSDT,WIDE,-3.1045871091828587,False,4.4317084982158015,0.7368610358223115,55535211.90186,55535211.901860006,,,,,,,,,,,,,stop
willyB,,,1785924900000.0,2026-08-05,HEIUSDT,WIDE,-3.052860391930205,False,3.502711561217454,1.301960586028572,353676882.536094,353676882.536094,,,,,14137185.078771709,,,,25.017489731189315,,,,stop
willyB,,,1785928200000.0,2026-08-05,HFTUSDT,WIDE,1.0,False,3.4874429725978477,0.6990846189875886,95486350.6556,95486350.65559998,,,,,,,,,,,,,tp
willyB,,,1785947400000.0,2026-08-05,HFTUSDT,WIDE,1.0,False,3.3894185259982237,0.969243450641764,129708431.87366,129708431.87366,,,,,,,,,,,,,tp
willyB,,,1785951900000.0,2026-08-05,HFTUSDT,WIDE,-3.072521444133584,False,3.6966089897518697,0.6117729709544049,136081007.63478,136081007.63478,,,,,,,,,,,,,stop
willyB,,,1785981600000.0,2026-08-06,HFTUSDT,WIDE,-3.0860609350953068,False,2.550396467682077,2.517499429802871,150299538.40574,150299538.40574,,,,,,,,,,,,,stop
willyB,,,1785993000000.0,2026-08-06,HFTUSDT,WIDE,-3.057655722031742,False,4.4670660359731365,1.1475843301334103,153852814.95508,153852814.95508,,,,,,,,,,,,,stop
willyB,,,1786010700000.0,2026-08-06,TAKEUSDT,WIDE,1.0,False,5.788744595623824,1.4466368696098089,30818879.04223,30818879.04223,,,,,23953349.4858247,,,,1.2866208569481372,,,,tp
willyB,,,1786023300000.0,2026-08-06,BICOUSDT,FRENZY,1.0,False,2.2392982451241323,1.2253863878888211,113589148.51488,113589148.51488,111861592.80656214,27150287.130349267,,,32743595.39308963,,,,3.46904935610255,4.183718130476316,4.1200887588964195,13.583333333333334,tp
willyB,,,1786031700000.0,2026-08-06,ACEUSDT,WIDE,1.0,False,3.536729527977469,0.687420702938966,52142932.778892405,52142932.7788924,,,,,13642082.653189244,,,,3.822212055481311,,,,tp
willyB,,,1786041000000.0,2026-08-06,ZBTUSDT,WIDE,1.0,False,3.2378084810485106,0.7503923338987597,178206257.72,178206257.71999997,,,,,58342142.3709838,,,,3.0545031512012155,,,,tp
willyB,,,1786041600000.0,2026-08-06,BICOUSDT,WIDE,1.0,False,3.506252773208872,0.5323794475123357,192567360.13106,192567360.13106,111861592.80656214,27150287.130349267,,,38120901.35202804,,,,5.0514902140637705,7.092645437101231,4.1200887588964195,18.666666666666668,tp
willyB,,,1786069500000.0,2026-08-07,ACEUSDT,WIDE,-3.054732810168596,False,4.1184394441414085,1.2388538295353484,221571551.19292963,221571551.1929296,,,,,14518961.548043264,,,,15.2608401406498,,,,stop
willyB,,,1786073100000.0,2026-08-07,TAKEUSDT,WIDE,-3.06091996135293,True,2.570590693275038,1.291318709247232,66384793.40959,66384793.40959,,,,,24780499.20789906,,,,2.6789126745448737,,,,stop
willyB,,,1786078800000.0,2026-08-07,TAKEUSDT,WIDE,1.0,True,3.3643072002280525,1.0186391003774111,79923848.48742,79923848.48742,,,,,25826711.41344517,,,,3.0946196442885987,,,,tp
willyB,,,1786080000000.0,2026-08-07,ACEUSDT,WIDE,1.0,True,3.289578979059927,0.6335671688981929,282103967.6643794,282103967.6643794,,,,,16086578.805084078,,,,17.536604338470152,,,,tp
willyB,,,1786087500000.0,2026-08-07,TAKEUSDT,WIDE,1.0,False,2.930065951418195,0.9616794727849012,92588013.84611,92588013.84611002,,,,,28153306.06548995,,,,3.2887083893711333,,,,tp
willyB,,,1786087800000.0,2026-08-07,ACEUSDT,WIDE,1.0,False,4.592001133931876,0.7310353486896248,362213240.9768275,362213240.9768275,,,,,14854238.772546269,,,,24.384503744902304,,,,tp
willyB,,,1786109400000.0,2026-08-07,C98USDT,WIDE,-3.102144184200532,False,2.775864306304774,0.6063195066730749,37101073.70953,37101073.70953001,9201592.844233511,13618511.691523306,,,18244072.532699168,,,,2.0335960429357596,2.7243119182122646,0.6756680210482136,13.5,stop
willyB,,,1786122600000.0,2026-08-07,TUTUSDT,WIDE,1.0,True,2.0153028678246825,0.8671271322921579,38182392.337000005,38182392.337,,,,,31101350.237240408,,,,1.227676356355771,,,,tp
willyB,,,1786124700000.0,2026-08-07,C98USDT,WIDE,-3.0860609350953068,True,2.1005454276075763,0.8105755079143555,55204973.40349,55204973.40349,9201592.844233511,13618511.691523306,,,18234042.806183115,,,,3.027577262502101,4.053671550456702,0.6756680210482136,17.75,stop
willyB,,,1786161900000.0,2026-08-08,TUTUSDT,WIDE,1.0,False,2.8876299320483843,1.7238382262241534,85706535.33188999,85706535.33188999,,,,,35186626.57926423,,,,2.43577016793072,,,,tp
willyB,,,1786234800000.0,2026-08-09,COOKIEUSDT,WIDE,1.0,False,2.6570498777327183,1.83715220044222,29698928.942721,29698928.942721,,,,,11660406.881675038,,,,2.54698907543222,,,,tp
willyB,,,1786242300000.0,2026-08-09,TSTUSDT,WIDE,-3.0944079349805738,False,2.9720888181534177,1.4778511877789111,43955067.96957,43955067.969569996,,,,,18635485.974316712,,,,2.3586757023749496,,,,stop
willyB,,,1786245000000.0,2026-08-09,IOTXUSDT,WIDE,1.0,False,4.683253991404564,1.3265061206176962,45521869.485601,45521869.485601,,,,,35707255.655654,,,,1.27486329178011,,,,tp
willyB,,,1786250700000.0,2026-08-09,SAGAUSDT,WIDE,1.0,False,2.2794825118929536,1.0773424503965463,24196656.94814,24196656.948140003,,,,,21627560.478088047,,,,1.1187880839660505,,,,tp
willyB,,,1786269000000.0,2026-08-09,MUBARAKUSDT,WIDE,1.0,False,4.648161094689883,0.8323598712408778,45332300.70313,45332300.70312999,,,,,19220000.0,,,,2.358600452816337,,,,tp
willyB,,,1786271100000.0,2026-08-09,COOKIEUSDT,WIDE,-3.0508267650740257,False,2.6371009533344867,0.8503722782743255,48310248.061242,48310248.061242,,,,,11873717.801553868,,,,4.068670728802383,,,,stop
willyB,,,1786284300000.0,2026-08-09,BROCCOLI714USDT,WIDE,1.0,False,3.0384725461254476,1.7374834030331776,23848279.67603,23848279.676030003,,,,,19465220.77561905,,,,1.22517386013422,,,,tp
willyB,,,1786303800000.0,2026-08-09,TSTUSDT,WIDE,-3.090282361709111,False,3.832252966212668,0.7491690023858169,81235452.92497501,81235452.92497501,,,,,22113235.11741103,,,,3.673612318308579,,,,stop
willyB,,,1786314000000.0,2026-08-09,MUBARAKUSDT,WIDE,-3.079820230661116,False,2.570499215486235,1.580704129264236,140899543.22587,140899543.22586998,,,,,25720000.0,,,,5.478209301161352,,,,stop
willyB,,,1786320600000.0,2026-08-10,XANUSDT,WIDE,1.0,True,2.6007817831150852,1.291666009496078,61472776.10370501,61472776.103705,27475526.579450235,55876122.8097249,,,53916675.748821296,,,,1.1401440324341379,1.1001618045875945,0.491722138148574,0.16666666666666666,tp
willyB,,,1786322400000.0,2026-08-10,MUBARAKUSDT,WIDE,1.0,True,2.790212854642069,0.8436735170050126,155230901.17509,155230901.17509001,,,,,26850000.000000004,,,,5.781411589388827,,,,tp
willyB,,,1786325100000.0,2026-08-10,XANUSDT,WIDE,1.0,True,3.950153834378909,0.7542577818946195,69705429.095975,69705429.095975,27475526.579450235,55876122.8097249,,,50766594.78136267,,,,1.3730570150741155,1.2474993895575588,0.491722138148574,1.4166666666666667,tp
willyB,,,1786334400000.0,2026-08-10,MUBARAKUSDT,WIDE,1.0,True,3.983728074193883,0.5206120907735778,208074344.22587,208074344.22587,,,,,23940000.0,,,,8.691493075433167,,,,tp
willyB,,,1786350600000.0,2026-08-10,TSTUSDT,WIDE,1.0,False,3.583020389232235,1.4541507092999406,68293604.734507,68293604.734507,,,,,18560494.079047833,,,,3.6795143730360493,,,,tp
willyB,,,1786460100000.0,2026-08-11,LUNA2USDT,WIDE,-3.06206346184789,True,2.719499532801065,7.5441507050597,27891299.77523,27891299.77523,,,,,,,,,,,,,stop
willyB,,,1786466100000.0,2026-08-11,COOKIEUSDT,WIDE,1.0,True,2.746991403910918,0.547706639878124,31513332.941442,31513332.941442,,,,,13071268.318549946,,,,2.410885628957689,,,,tp
willyB,,,1786467600000.0,2026-08-11,LUNA2USDT,FRENZY,-3.05570806069944,True,2.3829221532674767,0.4274897960126759,41692749.31553,41692749.31553,,,,,,,,,,,,,stop
willyB,,,1786471200000.0,2026-08-11,BMTUSDT,WIDE,1.0,True,2.4148856662626303,0.3252232864591765,81409298.6317,81409298.63170001,,,,,17198359.188618623,,,,4.73355031947317,,,,tp
willyB,,,1786490400000.0,2026-08-11,BMTUSDT,WIDE,1.0,True,2.188781798047307,0.6767656953144969,83942464.36545001,83942464.36545001,,,,,17738661.623305317,,,,4.7321757496724075,,,,tp
willyB,,,1786490700000.0,2026-08-11,HOLOUSDT,FRENZY,-3.050446773183195,True,2.216660222425447,0.7471581326009537,47662692.97711,47662692.97711,,,,,69686144.8944275,,,,0.6839622574805596,,,,stop
willyB,,,1786503900000.0,2026-08-12,PROMUSDT,WIDE,-3.0766860477769593,False,4.966142479700811,0.9041635250442466,104105675.509,104105675.509,,,,,60120408.79828326,,,,1.7316195546556687,,,,stop
willyB,,,1786504800000.0,2026-08-12,BTRUSDT,WIDE,-3.0697811213460864,False,2.8307599778414914,1.29714244719501,116849207.97222,116849207.97222,16440383.065305969,7883445.874596447,,,15414996.571790256,,,,7.580229254546597,14.822098081342064,2.085431082654265,3.3333333333333335,stop
willyB,,,1786527000000.0,2026-08-12,PROMUSDT,WIDE,1.0,False,3.2705275675778687,0.8952415683812147,207442364.0918,207442364.0918,,,,,56352012.87553648,,,,3.6811881866575673,,,,tp
willyB,,,1786534500000.0,2026-08-12,BRUSDT,WIDE,-3.0544717849876264,False,4.030416845420815,0.3924601106481778,47476933.02488,47476933.02488,1640001.043120943,37101530.685710974,,,75124260.33041582,,,,0.63197870855652,1.2796489025495903,0.044203056122225214,11.583333333333334,stop
willyB,,,1786545600000.0,2026-08-12,BRUSDT,WIDE,-3.053123857614042,True,3.284506710730291,3.389099344430775,77608140.35711,77608140.35711,1640001.043120943,37101530.685710974,,,72046662.63907418,,,,1.0771927180846206,2.0917773181525217,0.044203056122225214,14.666666666666666,stop
willyB,,,1786569000000.0,2026-08-12,BRUSDT,WIDE,1.0,False,1.54523580248203,1.0538135465403229,109746083.76703,109746083.76703,1640001.043120943,37101530.685710974,,,75245082.05003229,,,,1.4585150388175157,2.9579934234168093,0.044203056122225214,21.166666666666668,tp
willyB,,,1786597500000.0,2026-08-13,TSTUSDT,WIDE,1.0,False,2.546705121928166,1.3921600712424549,20061729.800031997,20061729.800032,,,,,16591956.828239731,,,,1.2091237946018922,,,,tp
willyB,,,1786612200000.0,2026-08-13,AVAAIUSDT,WIDE,1.0,True,2.772039002898101,0.9370089740014445,40795381.751354,40795381.751354,,,,,11935847.383986969,,,,3.417887347159343,,,,tp
willyB,,,1786626300000.0,2026-08-13,AVAAIUSDT,WIDE,-3.065012458129583,True,3.9509768466015815,1.089747794208942,87042728.84533599,87042728.84533599,,,,,12839003.493062405,,,,6.779554884642706,,,,stop
willyB,,,1786634700000.0,2026-08-13,AVNTUSDT,FRENZY,-3.0575008567287605,False,1.886013572271875,1.136323558744634,28265035.04371,28265035.043709997,4176366.5021637585,30642504.62379028,,,54433815.434573464,,,,0.5192550773458653,0.9224126875635859,0.13629324865700776,15.416666666666666,stop
willyB,,,1786635900000.0,2026-08-13,AVAAIUSDT,WIDE,1.0,False,2.6067698959121066,1.620550436938743,98522785.711906,98522785.71190602,,,,,13828079.320479088,,,,7.1248351581261105,,,,tp
willyB,,,1786648800000.0,2026-08-13,BRUSDT,FRENZY,1.0,True,1.9267214906740664,0.5617887760150195,129682843.16573,129682843.16573,10620671.671654778,66004677.64730757,,,82927329.72231257,,,,1.5638130830931278,1.9647523143538899,0.1609078636578723,19.333333333333332,tp
willyB,,,1786653300000.0,2026-08-13,EDENUSDT,WIDE,1.0,False,3.1640086109955448,0.623769052705191,40533408.06529,40533408.06529,,,,,41799215.23487201,,,,0.9697169632858086,,,,tp
willyB,,,1786669500000.0,2026-08-14,BRUSDT,WIDE,-3.0570766146360935,False,1.483982961514681,1.4037983371651916,121536242.02539,121536242.02539001,7580732.364950095,76464847.85853592,,,90763960.70299166,,,,1.3390363431042303,1.5894394016220186,0.09914009609977723,1.0833333333333333,stop
willyB,,,1786688100000.0,2026-08-14,AVAAIUSDT,WIDE,-3.0544053003627543,False,2.27256430813742,1.0128440704742714,132440808.82259,132440808.82259,,,,,15916128.289469862,,,,8.321169973869402,,,,stop
willyB,,,1786701600000.0,2026-08-14,ACEUSDT,WIDE,1.0,False,3.0714884074592055,0.5525058449596068,112954442.413094,112954442.41309401,,,,,20478822.578924473,,,,5.515670736331281,,,,tp
willyB,,,1786721700000.0,2026-08-14,CROSSUSDT,WIDE,1.0,False,3.2020483065345413,1.6445525947418025,35988926.358619995,35988926.358619995,,,,,,,,,,,,,tp
willyB,,,1786746600000.0,2026-08-14,ACEUSDT,WIDE,-3.0502566785849323,False,3.1269183624916868,1.31389395774934,841820700.9191499,841820700.9191499,,,,,42120462.82276406,,,,19.986026850212735,,,,stop
willyB,,,1786752300000.0,2026-08-15,ALICEUSDT,WIDE,1.0,False,2.6357408194911347,1.7505467280778664,59889823.609,59889823.609,,,,,16936187.76056442,,,,3.5362045140082983,,,,tp
willyB,,,1786794000000.0,2026-08-15,COWUSDT,WIDE,1.0,True,3.6129515829837464,0.741004967626781,111578381.9039,111578381.9039,,,,,88285277.33019724,,,,1.263839059898785,,,,tp
willyB,,,1786807500000.0,2026-08-15,HEMIUSDT,WIDE,1.0,False,3.2256110419919706,0.7163842195572716,47615070.008293,47615070.008293,,,,,16073536.453082124,,,,2.9623269370296383,,,,tp
willyB,,,1786849200000.0,2026-08-16,HEMIUSDT,WIDE,1.0,False,2.94390162923155,0.7625115867814739,223753650.690983,223753650.690983,,,,,18698250.405656002,,,,11.966555471056273,,,,tp
willyB,,,1786880400000.0,2026-08-16,CHIPUSDT,FRENZY,1.0,False,2.01311730225025,1.538738429813272,63229817.82179,63229817.821789995,20756510.747748293,55125713.87819293,,,64795590.50301555,,,,0.9758351969775986,1.1470113196448408,0.37653046622874337,11.666666666666666,tp
willyB,,,1786904100000.0,2026-08-16,PORTALUSDT,WIDE,1.0,False,2.971909582799554,1.06471635976118,112874044.93857,112874044.93857001,,,,,13732844.337121114,,,,8.21927651458637,,,,tp
willyB,,,1786945200000.0,2026-08-17,GPSUSDT,WIDE,-3.0667497200469724,False,2.8128223975320603,1.0156579079530368,73964343.092178,73964343.092178,,,,,100409882.13292502,,,,0.7366241401843518,,,,stop
willyB,,,1786949400000.0,2026-08-17,GPSUSDT,WIDE,1.0,False,2.7289650717422576,1.7024038657676115,95337574.309108,95337574.30910799,,,,,99187615.24308705,,,,0.9611842574847328,,,,tp
willyB,,,1786958700000.0,2026-08-17,GPSUSDT,WIDE,1.0,True,2.743261076651166,0.7351975612978348,165689369.473001,165689369.473001,,,,,101494151.14810386,,,,1.6325016525456841,,,,tp
willyB,,,1787038500000.0,2026-08-18,EDENUSDT,WIDE,1.0,False,2.2626373794426393,0.8759587130538888,44722830.64193001,44722830.64193,,,,,38552805.02810303,,,,1.16004089998975,,,,tp
willyB,,,1787052000000.0,2026-08-18,EDENUSDT,FRENZY,-3.051684254388724,False,2.01841811871166,1.03542061013938,67310105.05420001,67310105.05420001,,,,,38471981.537478074,,,,1.7495876834061388,,,,stop
willyB,,,1787088300000.0,2026-08-18,GPSUSDT,WIDE,0.3881173079444868,False,0.9410092300942878,2.6298429495673723,462870491.851993,462870491.85199296,,,,,117850184.95889246,,,,3.9276178651178837,,,,time
willyB,,,1787097300000.0,2026-08-18,GPSUSDT,WIDE,1.0,False,0.7015800402647638,1.015598997889355,439938187.239134,439938187.239134,,,,,121385559.08111195,,,,3.6243041640987923,,,,tp
willyB,,,1787124000000.0,2026-08-19,HEMIUSDT,WIDE,1.0,False,2.6623058550380048,1.25026357881786,82718431.39619,82718431.39619,,,,,21784369.40464777,,,,3.7971460114214617,,,,tp
willyB,,,1787138700000.0,2026-08-19,HEMIUSDT,FRENZY,1.0,False,2.318785397799603,1.102581750798943,123513592.262307,123513592.26230699,,,,,22061716.7003088,,,,5.5985485599394975,,,,tp
willyB,,,1787157600000.0,2026-08-19,TREEUSDT,WIDE,1.0,False,3.3335625335114383,0.7655561767174481,33999905.79756,33999905.79756,,,,,19283996.905249998,,,,1.763115082657146,,,,tp
willyB,,,1787163900000.0,2026-08-19,TREEUSDT,WIDE,-3.050538350077074,False,3.1526813639211353,0.3595681220648085,53618054.88716,53618054.887159996,,,,,20035321.459999997,,,,2.676176421436864,,,,stop
willyB,,,1787215800000.0,2026-08-20,BOMEUSDT,WIDE,-3.0521056894316096,False,3.0154057976429693,1.5626929711021411,126369590.3000752,126369590.30007519,50203318.74422018,60494184.85338722,,,80318466.73080797,,,,1.5733566070628593,2.088954345055522,0.8298866885452242,8.833333333333334,stop
willyB,,,1787248200000.0,2026-08-20,ONGUSDT,WIDE,1.0,False,1.913603944707637,0.6896184560737391,71457224.06233999,71457224.06233999,,,,,39897395.14207708,,,,1.791024797681062,,,,tp
willyB,,,1787274600000.0,2026-08-21,ONGUSDT,WIDE,1.0,False,5.040108250088785,0.907371783162284,410863079.66644,410863079.66644,,,,,57263815.14222145,,,,7.174916282577628,,,,tp
willyB,,,1787291100000.0,2026-08-21,NEIROUSDT,FRENZY,1.0,False,2.357781160854104,3.804702625375133,111815194.92541462,111815194.92541462,,,,,43477949.38700844,,,,2.5717679076839324,,,,tp
willyB,,,1787298900000.0,2026-08-21,BOMEUSDT,WIDE,1.0,False,2.500462135782152,1.2313913119353688,562662916.4475174,562662916.4475174,215965675.2263195,80628902.90790895,,,98201578.30948085,,,,5.729672843691915,6.978427042349418,2.6785143718622426,7.916666666666667,tp
willyB,,,1787303400000.0,2026-08-21,PEOPLEUSDT,WIDE,-3.0575622975227907,False,2.6749415472866716,2.242576713455268,120322165.46861,120322165.46861,,,,,61290042.572983466,,,,1.9631600895909278,,,,stop
willyB,,,1787314500000.0,2026-08-21,HEMIUSDT,WIDE,1.0,False,3.983025785159533,0.3319498198072672,175106587.667665,175106587.667665,,,,,37124196.193753906,,,,4.7167778866853,,,,tp
willyB,,,1787508900000.0,2026-08-23,SPKUSDT,FRENZY,1.0,True,1.825575743052536,0.5281542022619292,28667921.11083,28667921.11083,,,,,106374124.99600215,,,,0.2695008876633056,,,,tp
willyB,,,1787525100000.0,2026-08-23,SPKUSDT,WIDE,-3.083214571881136,False,1.5676642970402388,0.6828471537996719,88305321.51152,88305321.51152,,,,,111763229.45723273,,,,0.7901106825596058,,,,stop
willyB,,,1787557500000.0,2026-08-24,SPKUSDT,FRENZY,-3.078902614192473,False,1.4823089540248218,1.093248209424851,179146994.07287,179146994.07287,,,,,110258164.24733952,,,,1.624795726427966,,,,stop
willyB,,,1787590800000.0,2026-08-24,STORJUSDT,WIDE,1.0,False,3.12011484491946,1.746165025611809,62010545.566076495,62010545.5660765,,,,,,,,,,,,,tp
willyB,,,1787626800000.0,2026-08-25,TACUSDT,WIDE,-3.0524896908986894,False,2.9181265617440086,0.9540949357699376,43818218.513534,43818218.513534,,,,,16010735.374248756,,,,2.736802369740622,,,,stop
willyB,,,1787628900000.0,2026-08-25,PROMUSDT,WIDE,1.0,False,2.541711573095379,1.6275039005191312,390793487.9013,390793487.90129995,,,,,86750406.65236051,,,,4.504802951153271,,,,tp
willyB,,,1787636400000.0,2026-08-25,TACUSDT,WIDE,1.0,False,3.0205841062644256,0.7061528556287948,71407805.986401,71407805.98640099,,,,,15974675.15944189,,,,4.470063101357973,,,,tp
willyB,,,1787640000000.0,2026-08-25,STXUSDT,FRENZY,1.0,False,1.6672925200221125,1.2137542326778603,62746581.485800005,62746581.485800005,35793564.41967291,428733505.62241083,,,509463202.26936954,,,,0.12316214636562481,0.1463533422579327,0.08348674398029576,6.666666666666667,tp
willyB,,,1787668200000.0,2026-08-25,TACUSDT,WIDE,1.0,False,2.0629731404218172,1.019219474672013,150957241.654818,150957241.654818,,,,,14844788.428826736,,,,10.169039618084268,,,,tp
willyB,,,1787688600000.0,2026-08-25,BMTUSDT,WIDE,1.0,False,3.357245373037987,1.2187998665885758,49416044.0871,49416044.0871,,,,,17046161.319692794,,,,2.8989543839416494,,,,tp
willyB,,,1787711700000.0,2026-08-26,BMTUSDT,WIDE,1.0,False,2.598894606020751,1.4809359116928935,145579986.93813998,145579986.93813998,,,,,19481327.222506054,,,,7.47279614347614,,,,tp
willyB,,,1787719800000.0,2026-08-26,TACUSDT,WIDE,1.0,False,3.230984246090444,1.7687298300465597,146952849.649283,146952849.649283,,,,,17819756.15039323,,,,8.246625173153124,,,,tp
willyB,,,1787722800000.0,2026-08-26,PORTALUSDT,WIDE,1.0,False,2.777033952057109,1.0088784032816558,30089646.000761,30089646.000760995,,,,,18628673.408837125,,,,1.615232890737511,,,,tp
willyB,,,1787723400000.0,2026-08-26,BTRUSDT,WIDE,1.0,False,4.368487396718929,1.2886992689789352,78235186.14258,78235186.14257999,5297542.823673378,8852192.45923709,,,33726999.763989605,,,,2.319660411244521,8.837944554734923,0.598444153588809,5.833333333333333,tp
willyB,,,1787734200000.0,2026-08-26,BTRUSDT,WIDE,-3.0514435545647074,False,5.847501521932977,0.8867924401693847,327034879.65093,327034879.65093005,5297542.823673378,8852192.45923709,,,44983939.7747221,,,,7.270036401629306,36.94394141980901,0.598444153588809,8.833333333333334,stop
willyB,,,1787735100000.0,2026-08-26,BMTUSDT,WIDE,-3.0525239575628067,True,3.0595877912966594,1.2396782976515202,282755791.12575,282755791.12575,,,,,19245420.525671016,,,,14.692107701600424,,,,stop
willyB,,,1787814000000.0,2026-08-27,MOVRUSDT,WIDE,1.0,False,4.816993464538561,0.6051615710526437,86104746.047126,86104746.04712601,,,,,13073933.851645421,,,,6.585986056238864,,,,tp
willyB,,,1787820000000.0,2026-08-27,RUNEUSDT,FRENZY,-3.053954999840029,False,1.8300396911562524,1.4352161959195255,35185067.2807,35185067.2807,,,,,212381378.19971055,,,,0.16566926714080413,,,,stop
willyB,,,1787847600000.0,2026-08-27,MOVRUSDT,WIDE,1.0,False,2.92751010051295,1.241606179699347,195004412.999302,195004412.99930203,,,,,12908520.330278873,,,,15.106643364994351,,,,tp
willyB,,,1787858400000.0,2026-08-27,MOVRUSDT,WIDE,1.0,False,2.1339495284637526,0.7224262004083962,239593591.864878,239593591.864878,,,,,12682956.437506307,,,,18.89098910379813,,,,tp
willyB,,,1787886900000.0,2026-08-28,MOVRUSDT,WIDE,1.0,False,3.22343863727695,0.8680068003640616,323358433.96482396,323358433.96482396,,,,,13017542.87845228,,,,24.840205020570643,,,,tp
willyB,,,1787975700000.0,2026-08-29,BTRUSDT,WIDE,1.0,True,1.233059438673183,1.6179667463462175,191025944.62201,191025944.62201,37776768.770725615,41213869.44388041,,,83122179.87163717,,,,2.298134443983604,4.634991744274918,0.9166033007933171,3.9166666666666665,tp
willyB,,,1788041700000.0,2026-08-29,BTRUSDT,WIDE,1.0,False,1.444247126375068,2.1766688983231615,429457646.46908,429457646.46908,37776768.770725615,41213869.44388041,,,93088856.4295824,,,,4.613416287844783,10.420221451272818,0.9166033007933171,22.25,tp
willyB,,,1788077700000.0,2026-08-30,ZKCUSDT,WIDE,1.0,False,2.763065737934645,1.0712095951363614,41556460.54249,41556460.542490005,6302867.388108482,11559790.433465246,,,28146737.50122996,,,,1.4764219313401443,3.594914698642399,0.5452406273613637,8.25,tp
willyB,,,1788079500000.0,2026-08-30,ZKPUSDT,FRENZY,1.0,False,1.564141455824385,1.1702003676215234,100004596.95591,100004596.95591,,,,,16779152.391758688,,,,5.9600505806853885,,,,tp
willyB,,,1788102600000.0,2026-08-30,ZKPUSDT,WIDE,-3.0610680387077855,False,1.4288824405456753,1.279446183672256,128553941.58408,128553941.58408001,,,,,17598606.401159775,,,,7.304779631619474,,,,stop
willyB,,,1788113700000.0,2026-08-30,TNSRUSDT,WIDE,-3.0596857594165123,False,2.468981024488365,1.0218151416963157,40523102.873769,40523102.87376899,,,,,29800888.05056367,,,,1.359795144527665,,,,stop
willyB,,,1788118800000.0,2026-08-30,ZKCUSDT,WIDE,-3.0569687261073493,False,1.663196330208671,1.2851208232568945,346480887.82897,346480887.82897,6302867.388108482,11559790.433465246,,,35469244.646134086,,,,9.76848791920169,29.972938508116744,0.5452406273613637,19.666666666666668,stop
willyB,,,1788140400000.0,2026-08-31,ZORAUSDT,WIDE,1.0,True,2.3261771646337053,0.5736488023127301,53245931.768785,53245931.768785,,,,,54509064.4263571,,,,0.9768271080990829,,,,tp
willyB,,,1788153000000.0,2026-08-31,FLOCKUSDT,WIDE,1.0,True,3.030530540553017,0.7680371640611832,33156681.62421,33156681.62421,,,,,20555809.939917587,,,,1.6130077929852145,,,,tp
willyB,,,1788176100000.0,2026-08-31,0GUSDT,WIDE,1.0,False,2.651481567722058,1.088071780272287,72472757.9943,72472757.9943,,,,,134837763.75503418,,,,0.5374811623690564,,,,tp
willyB,,,1788177000000.0,2026-08-31,AXLUSDT,WIDE,1.0,False,3.036525551089713,0.63354123020887,30596487.472739,30596487.472739,4558685.472240141,49051068.0450573,,,59954730.71735712,,,,0.5103264931166007,0.6237680175411002,0.09293753742635383,11.833333333333334,tp
willyB,,,1788189600000.0,2026-08-31,ZORAUSDT,WIDE,1.0,False,2.8690831490784108,1.615334718368934,311533172.412503,311533172.412503,,,,,63691735.246207625,,,,4.891265267121962,,,,tp
willyB,,,1788197400000.0,2026-08-31,DOGSUSDT,WIDE,1.0,False,3.037112869872745,0.6901492699288668,21625206.888494913,21625206.888494913,,,,,24900459.815494064,,,,0.8684661668391699,,,,tp
willyB,,,1788200400000.0,2026-08-31,USELESSUSDT,WIDE,1.0,False,2.290981239885853,1.5322293044078543,65709307.36663,65709307.36663,,,,,88682224.37191129,,,,0.7409524042953799,,,,tp
willyB,,,1788222600000.0,2026-09-01,0GUSDT,WIDE,1.0,False,2.077239889479842,1.1557951858756883,229896196.0723,229896196.07229996,,,,,141387369.92673594,,,,1.6260023522003946,,,,tp
willyB,,,1788225900000.0,2026-09-01,FLOCKUSDT,WIDE,1.0,False,2.5152792731694547,0.8662168151137006,116408780.22147,116408780.22147001,,,,,20337903.8274803,,,,5.723735406014657,,,,tp
willyB,,,1788238500000.0,2026-09-01,0GUSDT,FRENZY,-3.0660333326442064,False,1.7932584176532005,1.3589439512165202,300018265.2452,300018265.2452,,,,,147696623.57837522,,,,2.0313143115691825,,,,stop
willyB,,,1788343800000.0,2026-09-02,TUSDT,WIDE,1.0,True,2.2762455949983806,2.6692647202243305,54495510.41245299,54495510.412452996,,,,,52014670.864770755,,,,1.047694996554568,,,,tp
willyB,,,1788414900000.0,2026-09-03,USELESSUSDT,WIDE,1.0,True,1.8267778667544432,1.67573693997347,232799559.62398,232799559.62398,,,,,147672191.3252098,,,,1.5764617395789786,,,,tp
willyB,,,1788421800000.0,2026-09-03,EDGEUSDT,WIDE,1.0,False,1.9781074466106945,1.1389596496199752,39944967.4005,39944967.4005,,,,,,,,,,,,,tp
willyB,,,1788438300000.0,2026-09-03,USELESSUSDT,FRENZY,1.0,False,1.677619510180714,1.2906968642511245,266854644.91938,266854644.91938,,,,,161592649.99914888,,,,1.6514033585115757,,,,tp
willyB,,,1788445800000.0,2026-09-03,USELESSUSDT,WIDE,1.0,False,2.0689680090284837,1.528159843758282,285985899.46796,285985899.46796,,,,,169220575.75507188,,,,1.6900184755422003,,,,tp
willyB,,,1788480600000.0,2026-09-04,USELESSUSDT,FRENZY,1.0,False,1.75447860105344,2.0942465426139587,414714182.38568,414714182.38567996,,,,,209616209.101757,,,,1.9784451983117362,,,,tp
willyB,,,1788513600000.0,2026-09-04,EDGEUSDT,WIDE,1.0,False,2.52629475586491,2.0002863772749895,182385057.2881,182385057.2881,,,,,,,,,,,,,tp
willyB,,,1788535200000.0,2026-09-04,FLOCKUSDT,WIDE,1.0,False,3.4987672178910545,0.683876485213327,52921186.24520001,52921186.2452,,,,,25882403.79949576,,,,2.0446781780844874,,,,tp
willyB,,,1788588900000.0,2026-09-05,NOMUSDT,WIDE,1.0,True,4.818314003170164,0.9095210956226516,34806935.784138,34806935.784137994,,,,,5525519.471365639,,,,6.299305606380465,,,,tp
willyB,,,1788606000000.0,2026-09-05,FLOCKUSDT,WIDE,1.0,True,1.6269860609432067,0.9716086291926164,232541570.00039,232541570.00039,,,,,26284319.517991208,,,,8.847159609409667,,,,tp
willyB,,,1788643500000.0,2026-09-05,FLOCKUSDT,FRENZY,1.0,True,2.253398686213349,1.905058450853793,142425571.14403,142425571.14403,,,,,30380954.43181224,,,,4.687988702385682,,,,tp
willyB,,,1788644400000.0,2026-09-05,SUSHIUSDT,WIDE,-1.7768732270446663,True,2.070655149392685,0.6953714936891785,84589714.7747,84589714.77470002,,,,,75389196.19994217,,,,1.1220402794898734,,,,time
willyB,,,1788653100000.0,2026-09-06,FLOCKUSDT,WIDE,1.0,False,1.7876752956388118,1.241813248206954,137915244.84719,137915244.84719002,,,,,31935351.36719823,,,,4.318576090221039,,,,tp
willyB,,,1788669300000.0,2026-09-06,ARBUSDT,FRENZY,1.0,False,1.8984667907385504,1.1171052204593903,602997514.965693,602997514.965693,499029395.36119866,1186317266.0423987,,,1794586221.1872497,,,,0.33600921919859955,0.508293634617084,0.42065424625065134,4.583333333333333,tp
willyB,,,1788690000000.0,2026-09-06,RAYSOLUSDT,WIDE,1.0,False,1.4349436915737177,0.5559999559509343,99306886.08374,99306886.08374,,,,,,,,,,,,,tp
willyB,,,1788742800000.0,2026-09-07,ORCAUSDT,FRENZY,1.0,False,1.5598770594152334,1.8110962300154556,29657243.6015,29657243.601499997,,,,,91754418.60446054,,,,0.3232241460691708,,,,tp
willyB,,,1788772200000.0,2026-09-07,IOSTUSDT,WIDE,1.0,False,2.024884769175535,0.7703339952904871,32710138.6954531,32710138.695453104,,,,,32814526.73406521,,,,0.9968188467425393,,,,tp
willyB,,,1788782700000.0,2026-09-07,IOSTUSDT,WIDE,1.0,False,1.9364373836258764,0.8956595186370204,43344015.6206233,43344015.6206233,,,,,32898694.696023893,,,,1.3174995549553465,,,,tp
willyB,,,1788801900000.0,2026-09-07,IOSTUSDT,WIDE,1.0,False,1.5779167182665716,0.6183212332129445,78734024.7657618,78734024.76576181,,,,,33674503.73668653,,,,2.338090128407309,,,,tp
willyB,,,1788837600000.0,2026-09-08,IOSTUSDT,FRENZY,1.0,True,1.767499347231722,0.9809073605913302,186851854.6437492,186851854.6437492,,,,,35559134.18923962,,,,5.254679533234855,,,,tp
willyB,,,1788848700000.0,2026-09-08,SOLVUSDT,FRENZY,1.0,True,2.35921392065387,0.7698852452819749,68654042.165565,68654042.165565,,,,,26175868.937898852,,,,2.622798972918295,,,,tp
willyB,,,1788860700000.0,2026-09-08,FORMUSDT,WIDE,1.0,False,3.730188427578985,0.9555166148043448,119754070.64594,119754070.64594,,,,,135907434.73811203,,,,0.8811443676845282,,,,tp
willyB,,,1788877200000.0,2026-09-08,USELESSUSDT,FRENZY,1.0,True,2.154088838997723,0.7328606405390925,272728288.15966,272728288.15966,,,,,293219894.04465854,,,,0.9301152264863802,,,,tp
willyB,,,1788933300000.0,2026-09-09,IOSTUSDT,WIDE,1.0,False,2.8761264886981515,1.207074665128886,93406213.4442735,93406213.4442735,,,,,38849003.65884201,,,,2.404339999669832,,,,tp
willyB,,,1788960000000.0,2026-09-09,RAYSOLUSDT,WIDE,1.0,False,1.174260839914291,3.3777696049681016,132732358.85207,132732358.85207,,,,,,,,,,,,,tp
willyB,,,1788966000000.0,2026-09-09,RAYSOLUSDT,WIDE,-3.0636642463511983,True,1.4232857294366563,1.1652985563452436,152117653.00184,152117653.00184,,,,,,,,,,,,,stop
willyB,,,1788978000000.0,2026-09-09,KATUSDT,WIDE,1.0,True,1.9796544609982352,1.4427763763341288,115537437.985677,115537437.985677,,,,,19491925.452919852,,,,5.927451254866652,,,,tp
willyB,,,1788978600000.0,2026-09-09,RAYSOLUSDT,FRENZY,-3.056923215692024,True,1.542159925970838,0.5002794769066253,197001114.22169,197001114.22169,,,,,,,,,,,,,stop
willyB,,,1789006200000.0,2026-09-10,VTHOUSDT,WIDE,1.0,True,3.915421604606271,1.7425835883510183,53153186.0091621,53153186.0091621,,,,,68228648.39714009,,,,0.7790449797535502,,,,tp
willyB,,,1789040700000.0,2026-09-10,REZUSDT,WIDE,-3.0540712626536055,True,2.1950169168099136,2.95622483623017,60792000.897852,60792000.897851996,,,,,33719693.60075136,,,,1.8028633835657804,,,,stop
willyB,,,1789051500000.0,2026-09-10,VTHOUSDT,WIDE,1.0,True,3.0938603012084105,0.5237011936489337,538124052.9587288,538124052.9587288,,,,,67366441.055946,,,,7.988013683427797,,,,tp
willyB,,,1789057500000.0,2026-09-10,SOPHUSDT,FRENZY,1.0,True,1.851823808603523,1.0595559091936158,72353649.94057499,72353649.94057499,,,,,18366734.39392453,,,,3.9393856517306967,,,,tp
willyB,,,1789077000000.0,2026-09-10,SAGAUSDT,WIDE,1.0,True,2.6764114793624736,0.4458032938345664,82943406.07334301,82943406.073343,,,,,19819094.54080049,,,,4.185024997110333,,,,tp
willyB,,,1789173000000.0,2026-09-12,LSKUSDT,WIDE,1.0,False,1.6410146791102105,1.3924474011535444,105556446.02894,105556446.02894,,,,,32250929.248255637,,,,3.2729737867831905,,,,tp
willyB,,,1789227000000.0,2026-09-12,GRIFFAINUSDT,WIDE,1.0,False,3.2364030767230023,1.3730074406335575,43203399.55347,43203399.55347,,,,,14422171.969628723,,,,2.9956236581044045,,,,tp
willyB,,,1789265400000.0,2026-09-13,POWRUSDT,WIDE,1.0,False,3.9010219141971345,0.467416292407333,38507273.23291,38507273.23291001,,,,,78784383.34642577,,,,0.488767844556049,,,,tp
willyB,,,1789267200000.0,2026-09-13,PUNDIXUSDT,WIDE,1.0,False,3.4359812346777563,0.7957487109558214,28656117.849299997,28656117.849299997,,,,,30414901.293679,,,,0.9421736264274998,,,,tp
willyB,,,1789270500000.0,2026-09-13,MTLUSDT,WIDE,-3.063080067449879,False,3.002391163549052,1.622226811656181,42206784.957600005,42206784.9576,,,,,30217918.36584605,,,,1.3967469382439137,,,,stop
willyB,,,1789272300000.0,2026-09-13,VTHOUSDT,WIDE,1.0,False,3.3614839493074617,1.479360120152547,246142790.2077275,246142790.2077275,,,,,77827197.59308366,,,,3.162683455399166,,,,tp
willyB,,,1789277400000.0,2026-09-13,ARKUSDT,WIDE,-3.05741754330157,False,3.663629401597842,1.541977140201662,26320958.6376,26320958.6376,7576738.225014414,26598360.835532583,,,32573570.802151553,,,,0.8080464618837996,0.9895707032607061,0.28485733658040674,5.5,stop
willyB,,,1789280700000.0,2026-09-13,STEEMUSDT,WIDE,1.0,False,5.944451052075338,0.7405530699307082,71835522.16036,71835522.16036001,,,,,41088456.879945785,,,,1.7483139454531589,,,,tp
willyB,,,1789286700000.0,2026-09-13,ARKUSDT,WIDE,-3.106333785007624,False,3.9017977510518422,0.495577490655779,52126323.744600005,52126323.7446,7576738.225014414,26598360.835532583,,,33352460.60060889,,,,1.5628928962335202,1.9597569965651707,0.28485733658040674,8.083333333333334,stop
willyB,,,1789288200000.0,2026-09-13,STEEMUSDT,WIDE,-3.0597803437728484,False,3.657253915015748,0.439802196663356,98875294.74129,98875294.74129,,,,,40847057.283575006,,,,2.420622226342085,,,,stop
willyB,,,1789291800000.0,2026-09-13,ARKUSDT,WIDE,-3.056337157569626,False,2.7691742553460084,1.4791623270977796,62345937.0716,62345937.07159999,7576738.225014414,26598360.835532583,,,33911663.532834664,,,,1.8384806457882579,2.3439766629646006,0.28485733658040674,9.5,stop
willyB,,,1789317300000.0,2026-09-13,REZUSDT,WIDE,1.0,False,3.833143351167597,0.6640678984399592,97236560.404222,97236560.404222,,,,,41002100.39725409,,,,2.371501934343196,,,,tp
willyB,,,1789350000000.0,2026-09-14,MTLUSDT,WIDE,1.0,True,2.995712803233259,1.3335192416459396,46055132.2603,46055132.2603,,,,,29880915.558792006,,,,1.5412891940906068,,,,tp
willyB,,,1789351500000.0,2026-09-14,LSKUSDT,WIDE,1.0,True,5.021319032876742,0.7443376957215186,2995236874.58473,2995236874.58473,,,,,191256217.55892974,,,,15.660860142556357,,,,tp
willyB,,,1789364100000.0,2026-09-14,ARKUSDT,WIDE,1.0,False,2.9903846415509467,0.5874275500060152,143766719.35909998,143766719.3591,71117782.19700155,28055541.33146963,,,35509386.19633689,,,,4.048696267634467,5.124360911825939,2.534892531809016,5.583333333333333,tp
willyB,,,1789380000000.0,2026-09-14,BRUSDT,WIDE,1.0,False,2.300771177755302,1.3959939418191314,143968188.20367002,143968188.20367,3200183.002812092,92247529.8886752,,,157689124.893879,,,,0.9129874257375525,1.5606725554322327,0.03469125955647907,10.0,tp
willyB,,,1789380300000.0,2026-09-14,REZUSDT,FRENZY,-3.0585920453567934,False,2.227050017033936,1.1050353077578443,119381933.46142,119381933.46142,,,,,45582818.40789122,,,,2.6190116721863954,,,,stop
willyB,,,1789399500000.0,2026-09-14,AINUSDT,WIDE,1.0,False,3.32034964124138,0.8267063635026575,71895333.8718,71895333.8718,,,,,47152695.243750624,,,,1.5247343444557104,,,,tp
willyB,,,1789404000000.0,2026-09-14,AINUSDT,WIDE,1.0,False,3.865421288250796,0.6564266252985111,82361130.075,82361130.075,,,,,47001772.122257136,,,,1.7522983997447803,,,,tp
willyB,,,1789422900000.0,2026-09-14,ARKUSDT,WIDE,1.0,True,1.728945953986018,0.7686234046398615,102776899.2049,102776899.2049,71117782.19700155,28055541.33146963,,,34810382.53105467,,,,2.9524783048049463,3.663336878466007,2.534892531809016,21.916666666666668,tp
willyB,,,1789449000000.0,2026-09-15,AINUSDT,WIDE,1.0,False,4.1059697992864645,1.3037530386832603,222838943.98099,222838943.98099002,,,,,58890202.006758325,,,,3.7839731634035947,,,,tp
willyB,,,1789494000000.0,2026-09-15,SAGAUSDT,WIDE,-3.0641451585775843,False,2.067912864330074,1.1100113242516043,58890871.703068,58890871.703067996,,,,,25625222.023671072,,,,2.298160447104344,,,,stop
willyB,,,1789563300000.0,2026-09-16,IOSTUSDT,WIDE,-3.06032337934529,False,1.5924405920198983,3.1703155790944746,48365227.5025626,48365227.5025626,,,,,32514449.652299475,,,,1.487499496985708,,,,stop
willyB,,,1789610400000.0,2026-09-17,BRUSDT,WIDE,1.0,False,3.2913992899833473,0.6848318006950407,630887925.76131,630887925.7613101,53730986.650808714,194351481.88336772,,,190666742.0314177,,,,3.3088514496007573,3.246118422394702,0.2764629635448482,2.0,tp
willyB,,,1789614300000.0,2026-09-17,IOSTUSDT,FRENZY,1.0,False,1.5956795239948809,1.088373719226256,78383340.2691434,78383340.2691434,,,,,32642531.33354095,,,,2.4012641503878323,,,,tp
willyB,,,1789617300000.0,2026-09-17,ONEUSDT,WIDE,1.0,False,3.5540506702938006,1.01910881072932,84018654.5012359,84018654.5012359,,,,,16983396.502128292,,,,4.947105515125141,,,,tp
willyB,,,1789625100000.0,2026-09-17,AVAUSDT,WIDE,-3.069483584486425,False,3.8253413366070097,0.5887405653569802,33647806.69277,33647806.69277,,,,,16730306.309325553,,,,2.011188920911421,,,,stop
willyB,,,1789639800000.0,2026-09-17,BRUSDT,WIDE,1.0,False,3.8175405834913168,0.5129749190340717,857119569.99394,857119569.9939401,53730986.650808714,194351481.88336772,,,216606494.00129724,,,,3.957035424749578,4.410151966365279,0.2764629635448482,10.166666666666666,tp
willyB,,,1789655700000.0,2026-09-17,BRUSDT,WIDE,1.0,False,2.614910185760117,3.6130998892359174,647998156.93873,647998156.93873,53730986.650808714,194351481.88336772,,,222224703.96346286,,,,2.9159591412720287,3.33415598717997,0.2764629635448482,14.583333333333334,tp
willyB,,,1789656900000.0,2026-09-17,ONEUSDT,WIDE,1.0,False,4.378709715281904,0.990313394477339,282741992.46868265,282741992.4686827,,,,,19399001.244789086,,,,14.575079866270547,,,,tp
willyB,,,1789707600000.0,2026-09-18,ONEUSDT,WIDE,1.0,False,3.264984879619562,1.504608244715674,688142330.9502803,688142330.9502803,,,,,26147861.863538757,,,,26.3173461196016,,,,tp
willyB,,,1789715700000.0,2026-09-18,GUSDT,WIDE,1.0,False,3.325354914564023,0.8014678010346892,46436359.305351,46436359.305351004,,,,,69079517.49757785,,,,0.6722160343256481,,,,tp
willyB,,,1789722600000.0,2026-09-18,DRIFTUSDT,WIDE,1.0,False,3.207140414823475,0.7697420644938058,58619525.148389995,58619525.14839,,,,,,,,,,,,,tp
willyB,,,1789729800000.0,2026-09-18,GUSDT,WIDE,1.0,False,3.937259640683424,1.6331077873589013,279149009.768936,279149009.76893604,,,,,92518804.68465973,,,,3.0172137515220285,,,,tp
willyB,,,1789741800000.0,2026-09-18,MYXUSDT,WIDE,1.0,False,5.10840141930791,1.0921481133880473,72472842.90630999,72472842.90631,,,,,41871467.77554932,,,,1.7308407552082574,,,,tp
willyB,,,1789748400000.0,2026-09-18,ONEUSDT,WIDE,1.0,False,3.133852611818576,0.7590222900100249,721339666.4646735,721339666.4646735,,,,,26626139.494291145,,,,27.091410176805184,,,,tp
willyB,,,1789771800000.0,2026-09-18,ONEUSDT,WIDE,-3.0542680548395413,False,2.284628524398316,3.1448228510756553,540849190.4790729,540849190.4790729,,,,,31869030.990893267,,,,16.9709957806255,,,,stop
willyB,,,1789772400000.0,2026-09-18,FUSDT,WIDE,1.0,False,3.1801828368878695,2.5295554767808937,121213339.686688,121213339.68668799,,,,,26968143.876233913,,,,4.494686035604738,,,,tp
willyB,,,1789791300000.0,2026-09-19,GUSDT,WIDE,1.0,False,2.89304957804699,1.1805505688779137,775327376.009925,775327376.009925,,,,,92674992.22422145,,,,8.36609054289498,,,,tp
willyB,,,1789807200000.0,2026-09-19,GUSDT,WIDE,1.0,False,3.21881758216733,1.0282583743305769,762061286.437223,762061286.437223,,,,,98610118.7275663,,,,7.728023211721273,,,,tp
willyB,,,1789811100000.0,2026-09-19,ONEUSDT,WIDE,-3.0531791615233934,False,2.9676278986458535,2.0348392876159505,356910620.95692986,356910620.9569299,,,,,38713244.428432174,,,,9.219341499954574,,,,stop
willyB,,,1789813200000.0,2026-09-19,MYXUSDT,WIDE,-3.053017152457342,False,2.7190738293357657,1.925408516803812,200899990.98558,200899990.98558,,,,,38951796.90301751,,,,5.157656564234568,,,,stop
willyB,,,1789818300000.0,2026-09-19,B2USDT,WIDE,1.0,False,4.287586968020722,0.8248585208746255,119472596.4671,119472596.46710001,2410210.0793692158,17210155.064223997,,,77242085.75183448,,,,1.5467292901818432,6.941982569085411,0.14004580844129028,11.75,tp
willyB,,,1789820400000.0,2026-09-19,BRUSDT,WIDE,1.0,False,2.8577698906749305,1.9325209335068376,438622713.8933,438622713.89330006,21950516.83950793,244152805.37670594,,,342408753.39306396,,,,1.2809915329173505,1.7965090067941036,0.08990483154858797,12.333333333333334,tp
willyB,,,1789829100000.0,2026-09-19,XTZUSDT,WIDE,-3.061118563861824,False,2.1292706177612404,1.0063645906659504,67426555.77659,67426555.77659,,,,,419524240.1236493,,,,0.16072147763551614,,,,stop
willyB,,,1789829400000.0,2026-09-19,ONEUSDT,WIDE,1.0,False,2.107587729586555,1.6254829968911082,339157905.1062415,339157905.1062415,,,,,40095103.532473095,,,,8.458835998055397,,,,tp
willyB,,,1789872300000.0,2026-09-20,AVAUSDT,FRENZY,1.0,False,1.8970562461248313,1.586211565316172,28712452.90634,28712452.906340003,,,,,17297554.032663923,,,,1.6599140463513338,,,,tp
willyB,,,1789887900000.0,2026-09-20,CUSDT,WIDE,-3.053060084476837,False,3.073086099241628,1.028254664228764,31734867.34221,31734867.34221,,,,,41114170.76281354,,,,0.7718717598680885,,,,stop
willyB,,,1789891800000.0,2026-09-20,ZILUSDT,WIDE,-3.051327367756522,False,3.0031835873657746,1.2736535508899676,49627760.332588,49627760.332588,,,,,85183595.23291479,,,,0.5825976257152847,,,,stop
willyB,,,1789926300000.0,2026-09-20,SAGAUSDT,WIDE,-3.054418889757497,False,3.879364017317533,0.4754315958897712,73597191.989641,73597191.989641,,,,,39098822.04767311,,,,1.8823378336028664,,,,stop
willyB,,,1789981500000.0,2026-09-21,ZETAUSDT,WIDE,1.0,False,3.469224923906647,1.7112357812321295,138881353.34001,138881353.34001002,,,,,114082981.1754713,,,,1.2173713546843266,,,,tp
willyB,,,1789989900000.0,2026-09-21,PHAUSDT,WIDE,-3.0648238817234703,False,3.905493593678601,0.6490414574476319,73639524.66243,73639524.66243,,,,,51406827.70090236,,,,1.4324852934104975,,,,stop
willyB,,,1790001900000.0,2026-09-21,CELRUSDT,WIDE,1.0,False,2.3980198784638875,2.653296987454747,110259399.060768,110259399.06076801,115954759.06614783,25651031.057436246,,,36940608.29606622,,,,2.9847748628576176,4.298439264054602,4.520471664726027,14.75,tp
willyB,,,1790040900000.0,2026-09-22,KERNELUSDT,WIDE,1.0,False,3.431401476235644,1.4531599037827816,38628394.63023,38628394.63023,,,,,25852929.306259997,,,,1.4941592951664695,,,,tp
willyB,,,1790053800000.0,2026-09-22,MUBARAKUSDT,WIDE,1.0,False,2.6309756919265403,1.145763842527654,130364096.99942,130364096.99941999,,,,,56260000.0,,,,2.3171720049665834,,,,tp
willyB,,,1790055900000.0,2026-09-22,AGTUSDT,WIDE,1.0,False,5.986472868334002,1.021415244205413,25148097.009756997,25148097.009757,,,,,81403863.44275263,,,,0.30893001813657694,,,,tp
willyB,,,1790063700000.0,2026-09-22,AGTUSDT,WIDE,1.0,False,3.4215551129224218,0.6107197752003033,36585123.880613,36585123.880613,,,,,80894809.83268261,,,,0.45225551498647704,,,,tp
willyB,,,1790071500000.0,2026-09-22,MUBARAKUSDT,WIDE,1.0,False,2.365127839049703,1.1279034783144677,282862899.77248,282862899.77248,,,,,61510000.000000015,,,,4.598648996463663,,,,tp
willyB,,,1790137500000.0,2026-09-23,MUBARAKUSDT,WIDE,1.0,False,2.485273858543542,1.035530595852714,900838668.10021,900838668.1002101,,,,,79490000.00000001,,,,11.332729501826769,,,,tp
willyB,,,1790147700000.0,2026-09-23,MUBARAKUSDT,WIDE,1.0,True,2.9460052173265963,0.81611385970656,934210478.52205,934210478.5220499,,,,,77940000.0,,,,11.986277630511289,,,,tp
willyB,,,1790150400000.0,2026-09-23,TAKEUSDT,WIDE,1.0,True,6.896216856361007,0.6340439636552774,79934160.96795,79934160.96795,,,,,63320388.54144608,,,,1.262376350006593,,,,tp
willyB,,,1790202900000.0,2026-09-23,NILUSDT,WIDE,1.0,False,2.4247783374248444,1.5661080429677643,273037083.115544,273037083.115544,,,,,65233521.14970189,,,,4.185533423666672,,,,tp
willyB,,,1790230500000.0,2026-09-24,LSKUSDT,FRENZY,1.0,True,2.418587056618596,1.2088634104716949,177506963.11618,177506963.11618,,,,,82596596.9073745,,,,2.1490832523674057,,,,tp
willyB,,,1790253000000.0,2026-09-24,BROCCOLI714USDT,WIDE,1.0,True,2.3800473015098187,0.98240847215295,37950497.78907,37950497.789069995,,,,,29091198.977904763,,,,1.30453536197989,,,,tp
willyB,,,1790280300000.0,2026-09-24,LSKUSDT,WIDE,1.0,False,1.9622936519751573,1.118093523137413,443354308.73462,443354308.73462003,,,,,95232951.30516955,,,,4.6554716897716615,,,,tp
willyB,,,1790292000000.0,2026-09-24,SAGAUSDT,WIDE,1.0,True,4.572219836824195,0.7494960120194216,144305340.142546,144305340.142546,,,,,75289292.4418136,,,,1.9166781286206216,,,,tp
willyB,,,1790324700000.0,2026-09-25,BROCCOLI714USDT,WIDE,1.0,False,1.921221529015959,1.5409660910020575,200115791.34789,200115791.34789,,,,,31553433.08,,,,6.34212419423649,,,,tp
willyB,,,1790328000000.0,2026-09-25,ARKUSDT,FRENZY,-3.0781737085063083,False,2.235618857122696,1.4162941789996597,60300532.8535,60300532.8535,19674063.258477546,38598446.2219991,,,46034384.24215778,,,,1.309902018810484,1.5622528561559517,0.5097112755607337,9.333333333333334,stop
willyB,,,1790393100000.0,2026-09-26,ARKUSDT,FRENZY,1.0,True,2.1039382909492996,0.7085190108258181,149489844.5931,149489844.5931,73178491.43137713,50639321.38649326,,,54062940.626256436,,,,2.7651075369085296,2.9520507088187915,1.445092260870929,3.4166666666666665,tp
willyB,,,1790406900000.0,2026-09-26,RAREUSDT,WIDE,1.0,True,3.5951143457272052,1.445285975284863,111514769.46718,111514769.46718001,,,,,21630000.0,,,,5.155560308237633,,,,tp
willyB,,,1790431200000.0,2026-09-26,MUBARAKUSDT,WIDE,1.0,True,2.576680846614128,0.8744832813961158,214859388.26427,214859388.26427,,,,,59600000.00000001,,,,3.605023293024664,,,,tp
willyB,,,1790431500000.0,2026-09-26,SPELLUSDT,FRENZY,-3.081456014924981,True,2.068269004867884,1.4369906003029491,20985440.657148,20985440.657148,,,,,22104905.946246043,,,,0.9493567042619263,,,,stop
willyB,,,1790434500000.0,2026-09-26,2ZUSDT,FRENZY,-3.051380407602448,True,1.3098017512773836,0.9677523967497926,108746340.57364,108746340.57364,,,,,385101535.434912,,,,0.28238355490021094,,,,stop
willyB,,,1790495100000.0,2026-09-27,SOONUSDT,WIDE,1.0,False,1.9014912803606687,0.863680490064807,89035037.08,89035037.07999998,,,,,181403222.24668548,,,,0.4908128751920601,,,,tp
willyB,,,1790544300000.0,2026-09-27,ONEUSDT,WIDE,-3.0521584394175334,False,1.8649344247518096,1.117174933971072,57924861.4831697,57924861.4831697,,,,,40562786.405582234,,,,1.4280296453006518,,,,stop
