subset,design,N,days,WR,mean,med,lo,hi,worst,cvar5,H1,H2,lomo_min,lomo_max,dt5,dt10,toppair,mpos,mn,t,p_maxt,obs_1s,null_mean,p_timing_cell,p_timing_adj,L_N,L_ci,L_halves,L_dt10,L_lomo,L_pair,L_maxt,L_tim,pass_all,observe
S3 strong (ADX up & +DI>-DI),TP0.5/T15/noSL,893,245,0.8163493840985442,-0.0992059961982619,0.5053779057551346,-0.2117778111062018,0.0008982094214649,-19.80164640659543,-5.764525816190692,-0.0176830836412349,-0.1712694990704017,-0.1355167932720082,-0.0520065047823363,-0.1047322194202695,-0.1088090116493261,,2,9,-1.809227025203989,1.0,-0.1095234081149101,-0.18983194231987,0.05,1.0,True,False,False,False,False,False,False,False,False,False
S3 strong (ADX up & +DI>-DI),TP0.5/T15/SL3,893,245,0.77491601343785,-0.1622952852428456,0.5048577276691515,-0.2516372597202647,-0.0800732144743901,-3.3985572733041134,-3.0476923613674787,-0.1546243030617551,-0.1690761745548223,-0.1896130620844879,-0.1423810408868727,-0.1681767409482123,-0.1724895491840685,,1,9,-3.488717746134838,1.0,-0.171102687716484,-0.1941034346818924,0.24,1.0,True,False,False,False,False,False,False,False,False,False
S3 strong (ADX up & +DI>-DI),TP0.5/T15/SL5,893,245,0.8085106382978723,-0.1266906301076144,0.5053508132035547,-0.2324805204370291,-0.0332180988563284,-5.111700149136621,-5.013257100970515,-0.0664716149737875,-0.1799222067765458,-0.1616188226239263,-0.1037478252635358,-0.1323716091511836,-0.1366049098158627,,2,9,-2.4518677219409457,1.0,-0.136847972869873,-0.1958544552326202,0.1,1.0,True,False,False,False,False,False,False,False,False,False
S3 strong (ADX up & +DI>-DI),TP0.5/T30/noSL,893,245,0.8689809630459127,-0.0638059640443086,0.5062834153341869,-0.1792085758787599,0.0487392893719679,-21.918624541464748,-6.473595293793766,-0.0588652866418684,-0.0681733560941449,-0.0950250985954017,-0.0180348788527513,-0.0691733500353422,-0.0732303732871848,,5,9,-1.0693011955993932,1.0,-0.068092942237854,-0.1836269795894622,0.04,1.0,True,False,False,False,False,False,False,False,False,False
S3 strong (ADX up & +DI>-DI),TP0.5/T30/SL3,893,245,0.8040313549832027,-0.1452197812670774,0.5053486489549521,-0.2405840518466543,-0.0565639215601968,-3.3985572733041134,-3.050066835395675,-0.129239313667734,-0.1593459751998303,-0.1649343274908705,-0.1270197379902071,-0.1510050911167247,-0.1552650132866216,,1,9,-3.110482480984355,1.0,-0.1540688276290893,-0.1928929388523101,0.17,1.0,True,False,False,False,False,False,False,False,False,False
S3 strong (ADX up & +DI>-DI),TP0.5/T30/SL5,893,245,0.851063829787234,-0.1239930293734621,0.5061358015009634,-0.2371088694132203,-0.0191203734987552,-5.515441430530798,-5.0265243318717925,-0.084259216593937,-0.1591163786448144,-0.1523071189373181,-0.0970700298995531,-0.1296993064981058,-0.1340990588352416,,3,9,-2.2060682979320836,1.0,-0.1282871961593628,-0.1921575218439102,0.12,1.0,True,False,False,False,False,False,False,False,False,False
S3 strong (ADX up & +DI>-DI),TP0.5/T60/noSL,893,245,0.908174692049272,-0.0063746030377725,0.5069170460478403,-0.1274680601062425,0.1107437579145315,-16.262723687691228,-7.134328462455106,-0.0074464978044807,-0.0054270842461044,-0.0472602894392829,0.0209805572671414,-0.0115349827287399,-0.015461023481578,,4,9,-0.1052889434604735,1.0,-0.0114634679630398,-0.1830070465803146,0.0,0.97,True,False,False,False,False,False,False,False,False,False
S3 strong (ADX up & +DI>-DI),TP0.5/T60/SL3,893,245,0.812989921612542,-0.1382912770256438,0.5053711070221136,-0.2260038606111763,-0.0516837326612474,-3.3985572733041134,-3.050066835395675,-0.1139137900983977,-0.1598401526005723,-0.1678982168312375,-0.1199937048502208,-0.1440375750270847,-0.1482580435384899,,1,9,-2.946587955912882,1.0,-0.1464627087116241,-0.1984323263168335,0.13,1.0,True,False,False,False,False,False,False,False,False,False
S3 strong (ADX up & +DI>-DI),TP0.5/T60/SL5,893,245,0.8734602463605823,-0.1286851583781594,0.5064080996687328,-0.2419019461150905,-0.0170400053711174,-5.515441430530798,-5.031426867016104,-0.096592467828562,-0.1570540135264322,-0.1632558547033918,-0.1024787192341909,-0.1344178551480999,-0.1388443263337634,,2,9,-2.2196192993465744,1.0,-0.137267529964447,-0.1991950422525406,0.13,1.0,True,False,False,False,False,False,False,False,False,False
S3 strong (ADX up & +DI>-DI),TP0.5/T120/noSL,893,245,0.9260918253079508,0.0121564723272809,0.50709922449126,-0.1181015461436253,0.1350251396869876,-15.005278102070127,-7.783372311920351,-0.0124582019600183,0.0339150135221721,-0.0251724055009808,0.0414934220723428,0.0068901325096566,0.0028574232070385,0.5976140225157722,3,9,0.1891880276431627,0.999,-0.0019690250046551,-0.1820715069770813,0.0,0.97,True,False,False,True,False,False,False,False,False,False
S3 strong (ADX up & +DI>-DI),TP0.5/T120/SL3,893,245,0.8152295632698768,-0.1357512362952787,0.5053874994466869,-0.22721313902422,-0.0401893107651473,-3.3985572733041134,-3.050066835395675,-0.1071627106350616,-0.1610225279653861,-0.1660645991120595,-0.1164311075011808,-0.1414832322655802,-0.1456892367749384,,1,9,-2.8953512089170226,1.0,-0.1438340246677398,-0.1979459375143051,0.12,1.0,True,False,False,False,False,False,False,False,False,False
S3 strong (ADX up & +DI>-DI),TP0.5/T120/SL5,893,245,0.8790593505039194,-0.1312573333782725,0.5065458001568559,-0.2493284960795355,-0.0155274702225049,-5.515441430530798,-5.032358844995808,-0.1000239185810213,-0.15886661776656,-0.1660199368635615,-0.1029841513790032,-0.1370045131155559,-0.1414456312885775,,3,9,-2.287922038997341,1.0,-0.1397920995950698,-0.1994038522243499,0.18,1.0,True,False,False,False,False,False,False,False,False,False
S3 strong (ADX up & +DI>-DI),TP1/T15/noSL,893,245,0.7077267637178052,-0.0873663210429362,1.003788736050694,-0.2217888155149285,0.0394856110619599,-20.120069396355,-6.859736768518049,-0.0185674547335736,-0.1481821965358115,-0.1238193361621835,-0.0341596691565145,-0.0955700629188864,-0.1027197565287284,,3,9,-1.22891291654906,1.0,-0.1030265465378761,-0.1857421696186065,0.08,1.0,True,False,False,False,False,False,False,False,False,False
S3 strong (ADX up & +DI>-DI),TP1/T15/SL3,893,245,0.6528555431131019,-0.166036656472459,1.002845862594805,-0.2738321803652205,-0.061072705453061,-3.3985572733041134,-3.0584074361269695,-0.1531904700799506,-0.1773922516168914,-0.187844979429023,-0.1415078692691564,-0.1746833619488007,-0.1822160069658811,,1,9,-2.9200865997461483,1.0,-0.1755024343729019,-0.1945022940635681,0.34,1.0,True,False,False,False,False,False,False,False,False,False
S3 strong (ADX up & +DI>-DI),TP1/T15/SL5,893,245,0.6976483762597985,-0.1038857941489154,1.003670371677902,-0.2235418827797138,0.0197638835319845,-5.111700149136621,-5.019145492611442,-0.0403675840805837,-0.1600337477747191,-0.1327958989965871,-0.0658082042439374,-0.1121825510761379,-0.1194263131353415,,2,9,-1.6232020192471897,1.0,-0.11751689016819,-0.1943799406290054,0.05,1.0,True,False,False,False,False,False,False,False,False,False
S3 strong (ADX up & +DI>-DI),TP1/T30/noSL,893,245,0.7737961926091825,-0.0539317209321121,1.0052161155553754,-0.2259858659287614,0.1061733036519485,-27.812378556378743,-8.029931345529832,-0.0205658346520694,-0.0834260381290275,-0.0998049264094775,-0.003563794918927,-0.0620566539926714,-0.069262109223779,,5,9,-0.657856890310771,1.0,-0.0688255429267883,-0.1779190599918365,0.07,1.0,True,False,False,False,False,False,False,False,False,False
S3 strong (ADX up & +DI>-DI),TP1/T30/SL3,893,245,0.683090705487122,-0.170538443157262,1.0036958644907403,-0.2885086561991111,-0.0559355069993774,-3.3985572733041134,-3.0652221868894007,-0.1410016427704181,-0.1966479776764341,-0.1912136724494596,-0.1360638913092156,-0.1792104965316037,-0.1867997078273747,,1,9,-2.8627784874125504,1.0,-0.1796884685754776,-0.189869225025177,0.41,1.0,True,False,False,False,False,False,False,False,False,False
S3 strong (ADX up & +DI>-DI),TP1/T30/SL5,893,245,0.7513997760358343,-0.0984186175156556,1.0047494947601057,-0.2341398424778132,0.03237401484237,-5.515441430530798,-5.034410237407901,-0.0171770750848914,-0.170233398693905,-0.1315426195504394,-0.0406195940793924,-0.10679403985878,-0.1142528211706696,,3,9,-1.3706255855004112,1.0,-0.1096613332629203,-0.1889944970607757,0.1,1.0,True,False,False,False,False,False,False,False,False,False
S3 strong (ADX up & +DI>-DI),TP1/T60/noSL,893,245,0.832026875699888,0.0028196584892439,1.0060030733312977,-0.1764295473713331,0.1678640402523823,-29.91027758542,-9.289426853409775,0.0284235321743456,-0.0198133015826076,-0.0493492594665066,0.0492835798268696,-0.004985728516015,-0.0118680188236987,3.648361263014547,6,9,0.031192628818334,1.0,-0.0108554335311055,-0.1684624850749969,0.04,0.97,True,False,False,False,False,False,False,False,False,False
S3 strong (ADX up & +DI>-DI),TP1/T60/SL3,893,245,0.7010078387458006,-0.1672683618535146,1.004026848778651,-0.2856534823513784,-0.0526328010645276,-3.3985572733041134,-3.0652221868894007,-0.1311520167082133,-0.1991939918448252,-0.186177488792804,-0.1318385961721546,-0.1759220026079026,-0.1834925927602779,,0,9,-2.7475620522115576,1.0,-0.1751185357570648,-0.1945294141769409,0.34,1.0,True,False,False,False,False,False,False,False,False,False
S3 strong (ADX up & +DI>-DI),TP1/T60/SL5,893,245,0.7872340425531915,-0.1220693743982831,1.005388237104722,-0.264580960301282,0.0140038822618313,-5.515441430530798,-5.048662724350784,-0.0422342245426587,-0.1926409520132758,-0.159144498118927,-0.0687994511218335,-0.1305779654175485,-0.1381714235446067,,3,9,-1.6457060842761564,1.0,-0.1361382901668548,-0.1891549080610275,0.22,1.0,True,False,False,False,False,False,False,False,False,False
S3 strong (ADX up & +DI>-DI),TP1/T120/noSL,893,245,0.8678611422172452,0.0005323975259795,1.0064797413879014,-0.2369865237013207,0.205280445517662,-38.67273797936422,-10.920403153357306,0.0533372543582813,-0.0461453134713503,-0.0521360743306624,0.0323227238000908,-0.0077299632460035,-0.0148729323804018,26.018148956697743,4,9,0.0045830832952375,1.0,-0.026603041216731,-0.1482143104076385,0.12,0.99,True,False,False,False,False,False,False,False,False,False
S3 strong (ADX up & +DI>-DI),TP1/T120/SL3,893,245,0.7066069428891377,-0.1608009633751193,1.0040312569163723,-0.2759498631709303,-0.0479944910898511,-3.3985572733041134,-3.0652221868894007,-0.118116657884368,-0.1985324486085049,-0.1814314272523161,-0.1264195278980976,-0.1694181885975345,-0.1769519508110062,,0,9,-2.6148061556732913,1.0,-0.1713964790105819,-0.1937597692012787,0.32,1.0,True,False,False,False,False,False,False,False,False,False
S3 strong (ADX up & +DI>-DI),TP1/T120/SL5,893,245,0.8017917133258678,-0.1334472619219888,1.005636807753453,-0.2832877281315337,0.0110608563599785,-5.515441430530798,-5.049588115592536,-0.0318086245460245,-0.223292386522261,-0.1731277482487546,-0.0744053670590274,-0.1420199176232572,-0.1496781659666557,,2,9,-1.699436929858022,1.0,-0.1502243131399154,-0.1808506399393081,0.36,1.0,True,False,False,False,False,False,False,False,False,False
S3 strong (ADX up & +DI>-DI),TP1.5/T15/noSL,893,245,0.6382978723404256,-0.0505680087427982,1.5019512601609732,-0.2080178949408979,0.1015457132814111,-20.120069396355,-7.340653181281266,-0.0063580548622299,-0.0896481156541023,-0.0790752807606518,0.0185903524962205,-0.0608222422273061,-0.0704648193138031,,4,9,-0.6433310769176477,1.0,-0.0735795944929122,-0.1875916123390197,0.04,1.0,True,False,False,False,False,False,False,False,False,False
S3 strong (ADX up & +DI>-DI),TP1.5/T15/SL3,893,245,0.5789473684210527,-0.1527443692274559,1.500404395290579,-0.2812087134203324,-0.036950861720951,-3.3985572733041134,-3.063488059941489,-0.1893981877410346,-0.120343630921149,-0.1800915211518992,-0.1327971799235584,-0.1635739200570348,-0.1736413352687018,,2,9,-2.355814072594116,1.0,-0.1662999540567398,-0.1979924440383911,0.32,1.0,True,False,False,False,False,False,False,False,False,False
S3 strong (ADX up & +DI>-DI),TP1.5/T15/SL5,893,245,0.6237402015677491,-0.1035134863678491,1.5015803786214934,-0.2535859163476723,0.0390919167265015,-5.111700149136621,-5.021868622983739,-0.0686882521094249,-0.1342978179169624,-0.1440975489163797,-0.0692519330325458,-0.1140658362804259,-0.1240099059719802,,2,9,-1.3991315826722786,1.0,-0.123503990471363,-0.1983216255903244,0.07,1.0,True,False,False,False,False,False,False,False,False,False
S3 strong (ADX up & +DI>-DI),TP1.5/T30/noSL,893,245,0.7021276595744681,0.0134780671313826,1.5039892796117962,-0.16179145812564,0.1871138152302774,-27.812378556378743,-8.75824801632705,0.060794274247532,-0.0283478627877451,-0.0341413853824269,0.0934040930854091,0.0032583602061492,-0.006156970745852,1.1276965984939082,6,9,0.1494087762295803,0.9995,-0.0086351530626416,-0.1755245327949524,0.03,0.97,True,False,False,False,False,False,False,False,False,False
S3 strong (ADX up & +DI>-DI),TP1.5/T30/SL3,893,245,0.5991041433370661,-0.1654708734977355,1.5019512601609732,-0.2961529690756604,-0.0323286799367097,-3.3985572733041134,-3.069795564681553,-0.1687945392060527,-0.1625328652028305,-0.1925776389933554,-0.1403915470937971,-0.1766230682514567,-0.1868842357118861,,2,9,-2.375222260223087,1.0,-0.1781431436538696,-0.1945709437131881,0.39,1.0,True,False,False,False,False,False,False,False,False,False
S3 strong (ADX up & +DI>-DI),TP1.5/T30/SL5,893,245,0.6707726763717805,-0.0923664924252404,1.5032643496407885,-0.2463559704239661,0.0687324369140746,-5.547150977630976,-5.04876195670212,-0.0043813993740522,-0.1701423447215439,-0.1456632186679689,-0.0372720830934032,-0.1031821709695991,-0.1132002229361856,,3,9,-1.1109300672256286,1.0,-0.1090994626283645,-0.1916851550340652,0.13,1.0,True,False,False,False,False,False,False,False,False,False
S3 strong (ADX up & +DI>-DI),TP1.5/T60/noSL,893,245,0.7648376259798432,0.0653141643091026,1.505329196681472,-0.1487931173049249,0.2727347465024209,-29.91027758542,-10.30380711116929,0.1009697498555004,0.0337958302501559,0.0130397384018828,0.1344146082674723,0.0553155470136754,0.0460805858503805,0.2327086416723019,5,9,0.6105818789993172,0.9925,0.0447432585060596,-0.162666916847229,0.01,0.96,True,False,True,True,True,True,False,False,False,True
S3 strong (ADX up & +DI>-DI),TP1.5/T60/SL3,893,245,0.6147816349384099,-0.1834447456256563,1.502373392767288,-0.321585879761302,-0.0351350500215919,-3.3985572733041134,-3.0703997645223025,-0.1941667171413239,-0.1739668847288953,-0.2134449483854525,-0.1623119829418953,-0.1946981446143323,-0.2050616624505423,,2,9,-2.552446100105924,1.0,-0.195104032754898,-0.1971087306737899,0.48,1.0,True,False,False,False,False,False,False,False,False,False
S3 strong (ADX up & +DI>-DI),TP1.5/T60/SL5,893,245,0.7066069428891377,-0.1322039898761561,1.5046126047804989,-0.2913475234629667,0.0345452588312164,-5.547150977630976,-5.063150506975422,-0.075163423249354,-0.1826259253542785,-0.1882022497787277,-0.0780969600722771,-0.1432439786539095,-0.1535142046980528,,2,9,-1.5093153345839585,1.0,-0.1520868092775344,-0.1883860230445861,0.34,1.0,True,False,False,False,False,False,False,False,False,False
S3 strong (ADX up & +DI>-DI),TP1.5/T120/noSL,893,245,0.8208286674132139,0.0767898285593076,1.5060686181308085,-0.1935397466062551,0.3375347369116551,-38.67273797936422,-12.58905199132815,0.1295025753103566,0.0301935397646038,0.029412656282221,0.1562348449894187,0.0666230895297625,0.0573687658044419,0.217516973703872,5,9,0.5847273515469411,0.993,0.0473662428557872,-0.1329263150691986,0.03,0.96,True,False,True,True,True,True,False,False,False,True
S3 strong (ADX up & +DI>-DI),TP1.5/T120/SL3,893,245,0.6237402015677491,-0.1791620038893125,1.5025218815292631,-0.31855080730032,-0.0357578694020401,-3.3985572733041134,-3.0703997645223025,-0.1974140248817576,-0.1630278334339654,-0.2148383263375735,-0.1514782548814358,-0.1903912883411845,-0.2007304185427788,,2,9,-2.4283988074648897,1.0,-0.1912511736154556,-0.1945061832666397,0.46,1.0,True,False,False,False,False,False,False,False,False,False
S3 strong (ADX up & +DI>-DI),TP1.5/T120/SL5,893,245,0.7301231802911534,-0.1538523978606832,1.5049158487807204,-0.3248331639487979,0.0371631074065733,-5.547150977630976,-5.064308497287003,-0.0956395890797824,-0.2053105558336735,-0.2239290715669866,-0.0934443175223702,-0.1650142808275387,-0.1754077815159267,,2,9,-1.648674491242436,1.0,-0.1734520047903061,-0.1746673434972763,0.49,1.0,True,False,False,False,False,False,False,False,False,False
S3 strong (ADX up & +DI>-DI),TP2/T15/noSL,893,245,0.574468085106383,-0.0657429920757117,1.1079188399226072,-0.2316319924995323,0.1083379872037122,-20.120069396355,-7.651654427065107,-0.0491980994875358,-0.0803681186462721,-0.1045061090571878,0.0143639676587557,-0.0786819009031065,-0.0910429136428096,,5,9,-0.7534561071278354,1.0,-0.1004140898585319,-0.1827468276023864,0.12,1.0,True,False,False,False,False,False,False,False,False,False
S3 strong (ADX up & +DI>-DI),TP2/T15/SL3,893,245,0.5195968645016797,-0.1646703152249442,0.1982401323401563,-0.3030445002061695,-0.0255570492670716,-3.3985572733041134,-3.0639324121632683,-0.237302461567842,-0.1004659495758426,-0.2059523711048861,-0.1058846082631993,-0.1781662472682698,-0.1910204639698682,,3,9,-2.268723335480193,1.0,-0.1858370900154113,-0.1960753798484802,0.48,1.0,True,False,False,False,False,False,False,False,False,False
S3 strong (ADX up & +DI>-DI),TP2/T15/SL5,893,245,0.561030235162374,-0.1222236118328584,0.7946735400519391,-0.2870809890858152,0.0273173192144632,-5.111700149136621,-5.022999143805529,-0.097074834393652,-0.144454282185237,-0.1715039180432421,-0.0615436773438178,-0.135480542167895,-0.1481631780178179,,4,9,-1.478275336099756,1.0,-0.1515962034463882,-0.1965186446905136,0.22,1.0,True,False,False,False,False,False,False,False,False,False
S3 strong (ADX up & +DI>-DI),TP2/T30/noSL,893,245,0.6427771556550952,0.0049231632695304,2.002224651572716,-0.1978857548348798,0.1938967988445359,-27.812378556378743,-9.430803117827043,0.0617446227691409,-0.0453050889041759,-0.0445703125044099,0.1056760549086059,-0.0082283005148459,-0.0203288451842243,4.110793554366313,6,9,0.0485545824189927,1.0,-0.0296447947621345,-0.1659952998161316,0.08,0.99,True,False,False,False,False,False,False,False,False,False
S3 strong (ADX up & +DI>-DI),TP2/T30/SL3,893,245,0.5375139977603584,-0.1675793866749242,2.0,-0.3074367926874988,-0.0208359319257439,-3.3985572733041134,-3.0701889451130473,-0.1907504942687062,-0.1470969097091126,-0.2072571549970205,-0.1054008291852857,-0.1816009391369167,-0.1945553617538813,,3,9,-2.162643715097585,1.0,-0.1880100220441818,-0.1908734440803527,0.49,1.0,True,False,False,False,False,False,False,False,False,False
S3 strong (ADX up & +DI>-DI),TP2/T30/SL5,893,245,0.6080627099664053,-0.1215362798083425,2.00158219848159,-0.3013501010388457,0.0647063881032702,-5.547150977630976,-5.051561983268349,0.0037505787276223,-0.2322856336618642,-0.1903943187230622,-0.0449979569808976,-0.1353997900064457,-0.1482204450353463,,5,9,-1.308024455720671,1.0,-0.1484057307243347,-0.1872131675481796,0.3,1.0,True,False,False,False,False,False,False,False,False,False
S3 strong (ADX up & +DI>-DI),TP2/T60/noSL,893,245,0.7133258678611423,0.0602194834381815,2.003952242965258,-0.1916090210673174,0.284305146289163,-29.91027758542,-12.089338079345216,0.1032278649733502,0.0222015259208066,0.0049652328996736,0.1283033542273443,0.0473793728079078,0.0355937073759174,0.3360724250691099,5,9,0.4847296058691792,0.9965,0.0283360052853822,-0.1462493687868118,0.05,0.97,True,False,True,True,True,True,False,False,False,True
S3 strong (ADX up & +DI>-DI),TP2/T60/SL3,893,245,0.555431131019037,-0.1669478194095469,2.0010298372000315,-0.314202745109171,-0.0050432925550892,-3.3985572733041134,-3.07107699269652,-0.1922920572275671,-0.1445443686801156,-0.2073270253247071,-0.1130577893441269,-0.1809658157495498,-0.1939166419713424,,4,9,-2.0723817166762326,1.0,-0.185011625289917,-0.1883525997400283,0.47,1.0,True,False,False,False,False,False,False,False,False,False
S3 strong (ADX up & +DI>-DI),TP2/T60/SL5,893,245,0.6472564389697648,-0.1435545155785213,2.002798414976971,-0.335007020605426,0.0458226166585294,-5.547150977630976,-5.066790233218013,-0.0341045164310288,-0.2403046203101654,-0.2197002835957221,-0.0467340109870169,-0.1575420023293846,-0.1704880379490153,,5,9,-1.441226331771288,1.0,-0.172379121184349,-0.1761986017227172,0.48,1.0,True,False,False,False,False,False,False,False,False,False
S3 strong (ADX up & +DI>-DI),TP2/T120/noSL,893,245,0.77491601343785,0.0789798394201629,2.005125874215642,-0.2021067872566088,0.3438417075308351,-38.67273797936422,-14.555916286830715,0.0702522765060055,0.0866947104349983,0.0213595136783069,0.1665365503091748,0.0659102621972131,0.0540238883863175,0.2701352954922125,5,9,0.5288403555966766,0.9955,0.04011857137084,-0.1164367944002151,0.08,0.96,True,False,True,True,True,True,False,False,False,True
S3 strong (ADX up & +DI>-DI),TP2/T120/SL3,893,245,0.5643896976483762,-0.1633943083987536,2.001357598398813,-0.3222059607374728,0.004377057565225,-3.3985572733041134,-3.07107699269652,-0.1968502595413383,-0.1338203769035152,-0.2134696337668786,-0.1083422616306259,-0.1773922962308129,-0.190322887347743,,3,9,-1.996197529926521,1.0,-0.1817012727260589,-0.1873753368854522,0.44,1.0,True,False,False,False,False,False,False,False,False,False
S3 strong (ADX up & +DI>-DI),TP2/T120/SL5,893,245,0.6763717805151176,-0.1436423407993878,2.0034573025503835,-0.3478624697885097,0.0470829429144582,-5.547150977630976,-5.067676436484147,-0.0490159729679442,-0.2272888558233854,-0.2318665806963027,-0.0372130591246606,-0.1576303220616296,-0.1705768577929945,,4,9,-1.3946731039129734,1.0,-0.170801505446434,-0.1605369448661804,0.53,1.0,True,False,False,False,False,False,False,False,False,False
S3 strong (ADX up & +DI>-DI),TP3/T15/noSL,893,245,0.5173572228443449,-0.0703576931720532,0.1048815250529035,-0.2577217518315102,0.11644543701422,-20.120069396355,-8.220575053582726,-0.0783070737677743,-0.0633307090589581,-0.123914070394531,0.0145073196006213,-0.088877291357155,-0.1068002497176592,,4,9,-0.7045261930409601,1.0,-0.114340603351593,-0.1927491128444671,0.13,1.0,True,False,False,False,False,False,False,False,False,False
S3 strong (ADX up & +DI>-DI),TP3/T15/SL3,893,245,0.4624860022396416,-0.1620602150327413,-0.3242968100208286,-0.3171279302164723,0.0041231163155351,-3.3985572733041134,-3.0703170517959246,-0.256283314764923,-0.0787701753960659,-0.210890615620605,-0.1083550424557768,-0.1810781190733193,-0.199461566483535,,3,9,-1.9524824236442968,1.0,-0.1871653199195861,-0.2058954685926437,0.38,1.0,True,False,False,False,False,False,False,False,False,False
S3 strong (ADX up & +DI>-DI),TP3/T15/SL5,893,245,0.5027995520716685,-0.1352792892036689,0.0126614473283228,-0.3158578590463584,0.0428817250799061,-5.20929842461748,-5.028228711615087,-0.1459819300346494,-0.1258185159796587,-0.1787835359204315,-0.0679613662669619,-0.1541644369159759,-0.1724570846624303,,3,9,-1.4336443021228416,1.0,-0.1715629696846008,-0.2071281671524047,0.26,1.0,True,False,False,False,False,False,False,False,False,False
S3 strong (ADX up & +DI>-DI),TP3/T30/noSL,893,245,0.5599104143337066,-0.0198952843311838,0.9154321799457424,-0.2464501139699114,0.2131159867683225,-27.812378556378743,-10.173561225175929,-0.0181551830098126,-0.0214334751616784,-0.1062120950631941,0.0655622382697842,-0.0383969443293418,-0.0562764936985591,,5,9,-0.1734344610665972,1.0,-0.0522322803735733,-0.1743535548448562,0.12,1.0,True,False,False,False,False,False,False,False,False,False
S3 strong (ADX up & +DI>-DI),TP3/T30/SL3,893,245,0.4613661814109742,-0.1778377523635268,-0.5885434508543717,-0.3417998864436668,-0.0020105912671959,-3.3985572733041134,-3.0774336565104035,-0.2075598923181081,-0.1515643839226627,-0.2370826228677167,-0.1401313528071762,-0.1972023398477808,-0.2157992061009339,,2,9,-1.975326403754073,1.0,-0.1949902325868606,-0.2012117505073547,0.46,1.0,True,False,False,False,False,False,False,False,False,False
S3 strong (ADX up & +DI>-DI),TP3/T30/SL5,893,245,0.5307950727883539,-0.1413696924795179,0.5321465051127308,-0.3426896848388218,0.0551903486732359,-5.547150977630976,-5.0573589061008475,-0.0585292822523863,-0.214597818819535,-0.1993397174029878,-0.0636287691652592,-0.1605553300010335,-0.1791266029584256,,5,9,-1.3549867787091632,1.0,-0.1640286594629287,-0.198679432272911,0.33,1.0,True,False,False,False,False,False,False,False,False,False
S3 strong (ADX up & +DI>-DI),TP3/T60/noSL,893,245,0.6215005599104143,0.038056973213486,3.001677152372141,-0.2444071493424457,0.3321094493511977,-29.91027758542,-13.52863518560783,0.041342985281811,0.0351522494653252,-0.0409493102523221,0.1161109103300286,0.0198816209717731,0.0022313029196363,0.795210755231531,4,9,0.2582586035651181,0.9985,0.0174259264022111,-0.1466079205274582,0.09,0.97,True,False,True,True,False,False,False,False,False,True
S3 strong (ADX up & +DI>-DI),TP3/T60/SL3,893,245,0.463605823068309,-0.1615863021237736,-1.2659117999655898,-0.3414211181586865,0.0249492755126814,-3.3985572733041134,-3.07939813574255,-0.1841832513735427,-0.141611361753197,-0.209529152262309,-0.128611811857381,-0.1808593836945154,-0.1993756229647068,,3,9,-1.6873395047162918,1.0,-0.1791994273662567,-0.1972254812717437,0.42,1.0,True,False,False,False,False,False,False,False,False,False
S3 strong (ADX up & +DI>-DI),TP3/T60/SL5,893,245,0.555431131019037,-0.1502310560972466,3.000089945970809,-0.375340539429689,0.0660945412688078,-5.547150977630976,-5.074782377378008,-0.0849892736297417,-0.2079025895442605,-0.2163956352294225,-0.0672848698258543,-0.1694665886841776,-0.1881890936539582,,4,9,-1.2807140898656115,1.0,-0.1689718216657638,-0.1841546893119812,0.43,1.0,True,False,False,False,False,False,False,False,False,False
S3 strong (ADX up & +DI>-DI),TP3/T120/noSL,893,245,0.6987681970884658,0.1466860540563593,3.0037982895640316,-0.1799458333076785,0.4635334415331597,-38.67273797936422,-15.643041827391691,0.0602229248353553,0.2231165417010866,0.0582859792752162,0.2408357729713597,0.1286984464005972,0.1113223089512861,0.2128158421557902,6,9,0.8596264557350427,0.973,0.1102168187499046,-0.116147793829441,0.05,0.85,True,False,True,True,True,True,False,False,False,True
S3 strong (ADX up & +DI>-DI),TP3/T120/SL3,893,245,0.4792833146696528,-0.1137215429994586,-3.0,-0.2877315773694778,0.0774568238753288,-3.3985572733041134,-3.081118552554516,-0.1402158701169762,-0.0903014521508514,-0.1544299986759924,-0.0774948891827744,-0.1327251157913472,-0.1510724553978372,,3,9,-1.1593143389827971,1.0,-0.1305686086416244,-0.1933469027280807,0.29,1.0,True,False,False,False,False,False,False,False,False,False
S3 strong (ADX up & +DI>-DI),TP3/T120/SL5,893,245,0.5912653975363942,-0.128669791314675,3.001677152372141,-0.3601005506532765,0.1011037960186068,-5.547150977630976,-5.076142615802914,-0.083724552702973,-0.1683998651085634,-0.2094423374491943,-0.0353952480893666,-0.1477839203836861,-0.1664345978531431,,3,9,-1.0558863236972822,1.0,-0.1444538980722427,-0.1655868589878082,0.43,1.0,True,False,False,False,False,False,False,False,False,False
S3 strong (ADX up & +DI>-DI),TR0.5z0.3/T15/noSL,893,245,0.8006718924972005,-0.1201757540214069,0.3306436250811741,-0.232082201698632,-0.0161980318137654,-19.80164640659543,-5.764525816190692,-0.0203819079481709,-0.2083901453815037,-0.1697990485275848,-0.0695365482518845,-0.1420459538222683,-0.1524391500660234,,2,9,-2.1060767432040164,1.0,-0.0368162393569946,-0.148588940501213,0.0,0.99,True,False,False,False,False,False,False,False,False,False
S3 strong (ADX up & +DI>-DI),TR0.5z0.3/T15/SL3,893,245,0.761478163493841,-0.1766803155439908,0.3154651587383274,-0.2712596590191904,-0.0813620480022989,-3.3985572733041134,-3.0476923613674787,-0.1516073815686571,-0.1988439428344228,-0.2161582354109461,-0.1573246839850017,-0.1988686716597316,-0.2095836273476398,,1,9,-3.5392729981804036,1.0,-0.1038846969604492,-0.1564650684595108,0.09,1.0,True,False,False,False,False,False,False,False,False,False
S3 strong (ADX up & +DI>-DI),TR0.5z0.3/T15/SL5,893,245,0.7928331466965286,-0.1464943936374275,0.3281909645667115,-0.2493171741224534,-0.046096894095203,-5.111700149136621,-5.013257100970515,-0.0684353836723989,-0.2154959235432228,-0.194592996341883,-0.1200586162356675,-0.1685127839766674,-0.1790558490208437,,2,9,-2.6811783449731426,1.0,-0.0663390159606933,-0.1561944335699081,0.03,1.0,True,False,False,False,False,False,False,False,False,False
S3 strong (ADX up & +DI>-DI),TR0.5z0.3/T30/noSL,893,245,0.8521836506159015,-0.0910570948227008,0.3505348005596222,-0.2113178159604517,0.02050283450169,-21.918624541464748,-6.473595293793766,-0.0690876719373765,-0.1104773230694326,-0.1239597006926005,-0.0423565362497417,-0.112763338209155,-0.1229907212274677,,3,9,-1.4733374893278754,1.0,0.0094565916806459,-0.1353908777236938,0.01,0.97,True,False,False,False,False,False,False,False,False,False
S3 strong (ADX up & +DI>-DI),TR0.5z0.3/T30/SL3,893,245,0.7905935050391937,-0.1615788884451808,0.3291571508066817,-0.2576370564909709,-0.0675200718350929,-3.3985572733041134,-3.050066835395675,-0.129420665953491,-0.1900056716182145,-0.1939035815958523,-0.1423459285141739,-0.1836822140029328,-0.1943111761593755,,1,9,-3.2447920015285137,1.0,-0.0833712592720985,-0.1519321948289871,0.07,1.0,True,False,False,False,False,False,False,False,False,False
S3 strong (ADX up & +DI>-DI),TR0.5z0.3/T30/SL5,893,245,0.8353863381858903,-0.1473967461713424,0.3470560362109477,-0.2625578665462957,-0.0352589688184047,-5.515441430530798,-5.0265243318717925,-0.0931005349262086,-0.1953927641285385,-0.1861370845245397,-0.1196824438516868,-0.1694202173243993,-0.179968420722753,,2,9,-2.5049909035942055,1.0,-0.0526316463947296,-0.1470697671175003,0.02,1.0,True,False,False,False,False,False,False,False,False,False
S3 strong (ADX up & +DI>-DI),TR0.5z0.3/T60/noSL,893,245,0.8902575587905935,-0.0358442425323767,0.3655597953728952,-0.1620458671503536,0.0877202906051281,-16.262723687691228,-7.134328462455106,-0.0189625677407873,-0.0507670732025791,-0.091659281408789,-0.004967246610705,-0.0572396027415205,-0.0671525818217379,,3,9,-0.5699809194916265,1.0,0.0689298436045646,-0.1271015107631683,0.0,0.91,True,False,False,False,False,False,False,False,False,False
S3 strong (ADX up & +DI>-DI),TR0.5z0.3/T60/SL3,893,245,0.7984322508398656,-0.1554473853245217,0.3347357820304943,-0.2522027999768061,-0.0625650311944457,-3.3985572733041134,-3.050066835395675,-0.1159079665764193,-0.1903988968339202,-0.1974060366032486,-0.1362162706901217,-0.1775161866529907,-0.1881102335922764,,1,9,-3.090252868792968,1.0,-0.0751394405961036,-0.1550651043653488,0.05,1.0,True,False,False,False,False,False,False,False,False,False
S3 strong (ADX up & +DI>-DI),TR0.5z0.3/T60/SL5,893,245,0.8566629339305711,-0.1535429210455181,0.3557373446149383,-0.274511396108198,-0.039660031184701,-5.515441430530798,-5.031426867016104,-0.1066690910662391,-0.194977804508214,-0.2021122486006829,-0.1265005294888752,-0.1756009990390827,-0.1861842012013928,,2,9,-2.5251972573508863,1.0,-0.0618752911686897,-0.1491982489824295,0.07,1.0,True,False,False,False,False,False,False,False,False,False
S3 strong (ADX up & +DI>-DI),TR0.5z0.3/T120/noSL,893,245,0.9059350503919372,-0.0198388376344702,0.3676250651103454,-0.1504034162851074,0.1174509702741764,-15.005278102070127,-7.783372311920351,-0.0244311240315385,-0.0157794114733486,-0.0587090365284153,0.0106049426341208,-0.0412560938613675,-0.0513006358875311,,3,9,-0.2988269190070772,1.0,0.0865920707583427,-0.118246205151081,0.0,0.89,True,False,False,False,False,False,False,False,False,False
S3 strong (ADX up & +DI>-DI),TR0.5z0.3/T120/SL3,893,245,0.8006718924972005,-0.1528546470961918,0.3347433463805073,-0.2460545457490925,-0.0587395835598294,-3.3985572733041134,-3.050066835395675,-0.1090445747844854,-0.191581272198734,-0.1959296725722483,-0.1325944052482826,-0.1749088496733752,-0.1854881325301036,,1,9,-3.045692816809468,1.0,-0.0724363029003143,-0.1531096994876861,0.04,1.0,True,False,False,False,False,False,False,False,False,False
S3 strong (ADX up & +DI>-DI),TR0.5z0.3/T120/SL5,893,245,0.8622620380739082,-0.1567535871916873,0.3560858987201167,-0.2744538898724407,-0.0404379066003549,-5.515441430530798,-5.032358844995808,-0.1099882294901005,-0.1980925848224148,-0.2039497621486724,-0.1278254544594466,-0.1788297432603992,-0.1894312282325695,,2,9,-2.6135590838034553,1.0,-0.0634776577353477,-0.1456964761018753,0.09,1.0,True,False,False,False,False,False,False,False,False,False
S3 strong (ADX up & +DI>-DI),TR0.5z0.5/T15/noSL,893,245,0.7737961926091825,-0.1063756413143896,0.2396421384558435,-0.2221158135550085,-0.0031171799205395,-19.80164640659543,-5.764525816190692,0.0099298281437186,-0.2091857503923377,-0.1611624191215215,-0.0554442943457856,-0.131640432940634,-0.1462529182208406,,2,9,-1.86156124654824,1.0,-0.0319126099348068,-0.161464512348175,0.0,0.99,True,False,False,False,False,False,False,False,False,False
S3 strong (ADX up & +DI>-DI),TR0.5z0.5/T15/SL3,893,245,0.7357222844344905,-0.165075123039722,0.2151150812912185,-0.2638639347195002,-0.0683994941403974,-3.3985572733041134,-3.0476923613674787,-0.1208192571049664,-0.2041958146571536,-0.2104053353525165,-0.1455499951806639,-0.1906704297657711,-0.2056171732386456,,1,9,-3.284416758953276,1.0,-0.0994351729750633,-0.1685921549797058,0.06,1.0,True,False,False,False,False,False,False,False,False,False
S3 strong (ADX up & +DI>-DI),TR0.5z0.5/T15/SL5,893,245,0.7659574468085106,-0.1323477601739666,0.2353089208323235,-0.2401953799406893,-0.022956557547353,-5.111700149136621,-5.013257100970515,-0.0375591207010737,-0.2161377178514816,-0.1855676194037792,-0.1058289309453199,-0.157758791208204,-0.1725191720618397,,2,9,-2.416166716308543,1.0,-0.0598317682743072,-0.1689183861017227,0.01,1.0,True,False,False,False,False,False,False,False,False,False
S3 strong (ADX up & +DI>-DI),TR0.5z0.5/T30/noSL,893,245,0.8241881298992161,-0.0760490640919167,0.2716240225865819,-0.2017442706803157,0.0409593653733027,-21.918624541464748,-6.473595293793766,-0.0400387278991439,-0.1078809857475534,-0.1134504551331582,-0.0261246355501775,-0.1011430979635299,-0.1155828916526997,,3,9,-1.218135406150319,1.0,0.0121214697137475,-0.1497181951999664,0.01,0.97,True,False,False,False,False,False,False,False,False,False
S3 strong (ADX up & +DI>-DI),TR0.5z0.5/T30/SL3,893,245,0.7648376259798432,-0.1487902002138183,0.2353089208323235,-0.2430045152805256,-0.050623095731261,-3.3985572733041134,-3.050066835395675,-0.0973119312529354,-0.1942952523121513,-0.1863054637646078,-0.1237006776470715,-0.1742938125545864,-0.1891478232006705,,1,9,-2.964859122135652,1.0,-0.0788194835186004,-0.1647619009017944,0.01,1.0,True,False,False,False,False,False,False,False,False,False
S3 strong (ADX up & +DI>-DI),TR0.5z0.5/T30/SL5,893,245,0.8073908174692049,-0.1328896030115859,0.2608575423457062,-0.2487540036638346,-0.0143749012022017,-5.515441430530798,-5.0265243318717925,-0.0625151987749894,-0.1950982008494211,-0.1761897643431472,-0.1000689096860239,-0.1583036849627018,-0.1730671512849359,,3,9,-2.2523565254706663,1.0,-0.0483001582324504,-0.1608077883720398,0.0,1.0,True,False,False,False,False,False,False,False,False,False
S3 strong (ADX up & +DI>-DI),TR0.5z0.5/T60/noSL,893,245,0.8611422172452408,-0.0226976136250702,0.3003454813495189,-0.1441498542242321,0.109284683831589,-16.262723687691228,-7.134328462455106,0.0073748561191691,-0.0492806617745138,-0.0818192229028746,0.0091223075679788,-0.0474912451854963,-0.0616272344987996,,3,9,-0.3576279262946617,1.0,0.0704086273908615,-0.1422915309667587,0.0,0.91,True,False,False,False,False,False,False,False,False,False
S3 strong (ADX up & +DI>-DI),TR0.5z0.5/T60/SL3,893,245,0.7726763717805151,-0.1423782622429169,0.2429005880403746,-0.2452837766329401,-0.0500212419719211,-3.3985572733041134,-3.050066835395675,-0.0827271684768174,-0.1951078155931187,-0.1888492121111787,-0.1172556189146234,-0.1678457713293443,-0.1826632698507101,,1,9,-2.8110584885357457,1.0,-0.0693045482039451,-0.1676404178142547,0.01,1.0,True,False,False,False,False,False,False,False,False,False
S3 strong (ADX up & +DI>-DI),TR0.5z0.5/T60/SL5,893,245,0.8275475923852184,-0.1398427170457778,0.2758131324696724,-0.2673094765291041,-0.0222034163448448,-5.515441430530798,-5.031426867016104,-0.0772661088412752,-0.1951583264079857,-0.1922038981905972,-0.1080204952817935,-0.1652959494137528,-0.1800990095324256,,2,9,-2.290593405145103,1.0,-0.0571430511772632,-0.1629592776298523,0.04,1.0,True,False,False,False,False,False,False,False,False,False
S3 strong (ADX up & +DI>-DI),TR0.5z0.5/T120/noSL,893,245,0.8756998880179171,-0.0074577910285419,0.3085055011730077,-0.1348588021816359,0.1218666442907185,-15.005278102070127,-7.783372311920351,0.0009595547311291,-0.0148984405502763,-0.0498277898828416,0.026337704091865,-0.0321656127770505,-0.0462148204798869,,3,9,-0.1113687674220224,1.0,0.0849645212292671,-0.1355130821466446,0.0,0.89,True,False,False,False,False,False,False,False,False,False
S3 strong (ADX up & +DI>-DI),TR0.5z0.5/T120/SL3,893,245,0.77491601343785,-0.1399160605604593,0.2432376166546919,-0.2391126367011213,-0.0431011608443119,-3.3985572733041134,-3.050066835395675,-0.0761419846454178,-0.1962901909579325,-0.1876192279560132,-0.1137805659859629,-0.1653697058986746,-0.1801731836644874,,1,9,-2.772912901889928,1.0,-0.0667294636368751,-0.1660673171281814,0.01,1.0,True,False,False,False,False,False,False,False,False,False
S3 strong (ADX up & +DI>-DI),TR0.5z0.5/T120/SL5,893,245,0.832026875699888,-0.1436757002803858,0.2783876504879336,-0.2639571490731452,-0.0288170317346711,-5.515441430530798,-5.032358844995808,-0.080863455225671,-0.1991996046641947,-0.1948395001879288,-0.1098193835555851,-0.1691505147611682,-0.183975401410687,,2,9,-2.378843548911129,1.0,-0.0595607720315456,-0.1605219393968582,0.04,1.0,True,False,False,False,False,False,False,False,False,False
S3 strong (ADX up & +DI>-DI),TR0.5z1/T15/noSL,893,245,0.5061590145576708,-0.0846638668268829,0.0087594870756392,-0.2086374320734816,0.0389905165557583,-19.80164640659543,-5.764525816190692,0.0133950787992765,-0.1713446647538045,-0.1369639448401003,-0.0269680422686659,-0.1149207790682505,-0.1377758727891929,,3,9,-1.3622410159606988,1.0,-0.0253088157624006,-0.1813458055257797,0.0,0.99,True,False,False,False,False,False,False,False,False,False
S3 strong (ADX up & +DI>-DI),TR0.5z1/T15/SL3,893,245,0.477043673012318,-0.1549757068720683,-0.0537968850753621,-0.2588787561739729,-0.0489871933434998,-3.3985572733041134,-3.0476923613674787,-0.1348058620829935,-0.1728051688269677,-0.1955794171846867,-0.1277679543349212,-0.1856285191136901,-0.2085237446957332,,1,9,-2.7152428581625903,1.0,-0.1052676737308502,-0.1864331811666488,0.01,1.0,True,False,False,False,False,False,False,False,False,False
S3 strong (ADX up & +DI>-DI),TR0.5z1/T15/SL5,893,245,0.4994400895856662,-0.1102525788245257,-2.6044874877728663e-05,-0.228338290624176,0.0105676710540404,-5.111700149136621,-5.013257100970515,-0.0349352632514444,-0.1768305434344857,-0.1609390165699621,-0.0760242111732496,-0.1406535716514656,-0.1636543776746912,,3,9,-1.8378307565403196,1.0,-0.0515751056373119,-0.1879437863826751,0.0,1.0,True,False,False,False,False,False,False,False,False,False
S3 strong (ADX up & +DI>-DI),TR0.5z1/T30/noSL,893,245,0.5397536394176932,-0.055534693330041,0.0644572436661285,-0.1823442551430486,0.0711662786708315,-21.918624541464748,-6.473595293793766,-0.0326038388306514,-0.0758047946702187,-0.0990882362474098,0.0008661381354833,-0.0856275899548723,-0.1083168105777774,,3,9,-0.8385539568634284,1.0,0.0109148658812046,-0.1727709919214248,0.01,0.97,True,False,False,False,False,False,False,False,False,False
S3 strong (ADX up & +DI>-DI),TR0.5z1/T30/SL3,893,245,0.4949608062709966,-0.142233102204745,-0.0161557065422966,-0.2502166222053146,-0.0298936617981965,-3.3985572733041134,-3.050066835395675,-0.1131234977514919,-0.1679650099387387,-0.1751996357236785,-0.1093732502167531,-0.1728141655462131,-0.1956368296697766,,2,9,-2.5006891797357227,1.0,-0.0929085239768028,-0.1839513182640075,0.01,1.0,True,False,False,False,False,False,False,False,False,False
S3 strong (ADX up & +DI>-DI),TR0.5z1/T30/SL5,893,245,0.5251959686450168,-0.1165405050015589,0.04906478500475,-0.23696651990191,0.0065791331710902,-5.515441430530798,-5.0265243318717925,-0.0629976959905995,-0.1638705408150441,-0.1577535660916128,-0.0722167134561153,-0.1469769028182342,-0.1700135147937066,,3,9,-1.8321522553769256,1.0,-0.0512605607509613,-0.1822029948234558,0.01,1.0,True,False,False,False,False,False,False,False,False,False
S3 strong (ADX up & +DI>-DI),TR0.5z1/T60/noSL,893,245,0.5621500559910414,-0.0049598380749337,0.1027123244164775,-0.1300834695161352,0.1279971543813918,-16.262723687691228,-7.134328462455106,0.009330682506543,-0.0175921758885175,-0.0628197629791345,0.0335583674794878,-0.0347679663706256,-0.0571691936550016,,3,9,-0.0733303998452291,1.0,0.0657064467668533,-0.1697914898395538,0.0,0.91,True,False,False,False,False,False,False,False,False,False
S3 strong (ADX up & +DI>-DI),TR0.5z1/T60/SL3,893,245,0.4983202687569988,-0.1365017431383521,-0.0121552496475039,-0.245671634290545,-0.0233463251570502,-3.3985572733041134,-3.050066835395675,-0.0987944627421839,-0.1698337061889734,-0.1786740492997038,-0.1036936284638089,-0.1670505353139058,-0.1898405627996874,,2,9,-2.3918168515577496,1.0,-0.0859090015292167,-0.1893196851015091,0.02,1.0,True,False,False,False,False,False,False,False,False,False
S3 strong (ADX up & +DI>-DI),TR0.5z1/T60/SL5,893,245,0.5352743561030235,-0.1288783837261525,0.0596417304442832,-0.2630898730982595,0.0037144311594165,-5.515441430530798,-5.031426867016104,-0.0832996576661354,-0.1691684390408089,-0.1797356697061763,-0.0862244638737094,-0.1593842515806914,-0.1824911203441732,,3,9,-1.9621045578549612,1.0,-0.0667891502380371,-0.1873666644096374,0.02,1.0,True,False,False,False,False,False,False,False,False,False
S3 strong (ADX up & +DI>-DI),TR0.5z1/T120/noSL,893,245,0.5755879059350504,0.010792921138634,0.1478372638397131,-0.1268024908302884,0.1462140795076303,-15.005278102070127,-7.783372311920351,0.0032417469912581,0.0174679041929599,-0.0377545487879043,0.0546376820934398,-0.0189265091885131,-0.0412380339973393,1.1335938339754357,3,9,0.1512902760833294,0.9995,0.0776740238070488,-0.1654397249221801,0.0,0.91,True,False,True,False,False,False,False,False,False,True
S3 strong (ADX up & +DI>-DI),TR0.5z1/T120/SL3,893,245,0.5005599104143337,-0.1328549443166022,5.2353487946132926e-05,-0.2432656634164104,-0.0213507860511137,-3.3985572733041134,-3.050066835395675,-0.0896845885876626,-0.1710160815537872,-0.1771976852687035,-0.0988862767374305,-0.1633832027150064,-0.1861524638780308,,2,9,-2.337889006474294,1.0,-0.082117736339569,-0.1881681382656097,0.01,1.0,True,False,False,False,False,False,False,False,False,False
S3 strong (ADX up & +DI>-DI),TR0.5z1/T120/SL5,893,245,0.5386338185890257,-0.1314891871471118,0.0643361172721692,-0.2562216571234089,-0.0016289842400021,-5.515441430530798,-5.032358844995808,-0.0843723137274094,-0.1731389128071441,-0.1820827293550599,-0.08735001133641,-0.1620097554713633,-0.1851314911877933,,3,9,-2.00995938040517,1.0,-0.0691674128174781,-0.1857052445411682,0.04,1.0,True,False,False,False,False,False,False,False,False,False
S3 strong (ADX up & +DI>-DI),TR1z0.3/T15/noSL,893,245,0.7021276595744681,-0.125309413744359,0.7574233028855084,-0.2672424433708392,0.0063773379725093,-20.120069396355,-6.859736768518049,-0.0409046567608711,-0.1999203698120414,-0.155043851238173,-0.068416229969735,-0.148471827795837,-0.1614557749676851,,3,9,-1.7530737400784455,1.0,-0.0238765608519315,-0.1381765753030777,0.03,0.99,True,False,False,False,False,False,False,False,False,False
S3 strong (ADX up & +DI>-DI),TR1z0.3/T15/SL3,893,245,0.6483762597984323,-0.1956260958838859,0.7350855082366006,-0.305131862098417,-0.0866140809984735,-3.3985572733041134,-3.0584074361269695,-0.16615355473017,-0.2216788274100611,-0.2308839421319373,-0.1720047419675426,-0.2191844371996633,-0.2325687955232884,,1,9,-3.356629859538333,1.0,-0.1019864529371261,-0.1522257477045059,0.16,1.0,True,False,False,False,False,False,False,False,False,False
S3 strong (ADX up & +DI>-DI),TR1z0.3/T15/SL5,893,245,0.6920492721164614,-0.1396606070378858,0.7558888326150606,-0.2676452613041034,-0.0171004957169708,-5.111700149136621,-5.019145492611442,-0.0602629682368245,-0.2098454396489506,-0.1852867968039275,-0.1028965919221296,-0.1629038273579086,-0.1759694959315804,,2,9,-2.1515177507548473,1.0,-0.0384450294077396,-0.1488955318927765,0.02,0.99,True,False,False,False,False,False,False,False,False,False
S3 strong (ADX up & +DI>-DI),TR1z0.3/T30/noSL,893,245,0.7681970884658454,-0.0984058018720056,0.7821660149051737,-0.2721001497366865,0.0532052729534429,-27.812378556378743,-8.029931345529832,-0.0513678174475734,-0.1399857923231388,-0.1471126259494608,-0.0462789512123119,-0.1214167316224004,-0.1342474789291668,,3,9,-1.1912808086266509,1.0,0.0182350650429725,-0.1175742894411087,0.04,0.97,True,False,False,False,False,False,False,False,False,False
S3 strong (ADX up & +DI>-DI),TR1z0.3/T30/SL3,893,245,0.6786114221724524,-0.2025040578490054,0.7570746446903267,-0.3204287725052009,-0.0808455486561559,-3.3985572733041134,-3.0652221868894007,-0.1590336141715411,-0.2409304627031353,-0.2337673101405132,-0.1691153075716557,-0.2261011264280999,-0.2395246506023956,,1,9,-3.301971816805287,1.0,-0.0996107831597328,-0.1398682743310928,0.23,1.0,True,False,False,False,False,False,False,False,False,False
S3 strong (ADX up & +DI>-DI),TR1z0.3/T30/SL5,893,245,0.7458006718924972,-0.1392335214066092,0.7761838805275159,-0.2830001570569319,-0.0033683033664815,-5.515441430530798,-5.034410237407901,-0.0447924285877911,-0.2227162595734547,-0.1829527699053367,-0.0828832750905242,-0.1624743369651944,-0.1755375735434373,,3,9,-1.906581796078375,1.0,-0.0245882235467433,-0.1329128593206405,0.06,0.99,True,False,False,False,False,False,False,False,False,False
S3 strong (ADX up & +DI>-DI),TR1z0.3/T60/noSL,893,245,0.8253079507278835,-0.0500962057046893,0.8070072635112404,-0.2281101226298132,0.1203794235145288,-29.91027758542,-9.289426853409775,-0.0094003134222277,-0.0860700007813801,-0.1031638420564859,-0.0040745249401822,-0.0728351219631513,-0.0853907752174869,,4,9,-0.5527058204132503,1.0,0.0859478414058685,-0.0936491265892982,0.01,0.89,True,False,False,False,False,False,False,False,False,False
S3 strong (ADX up & +DI>-DI),TR1z0.3/T60/SL3,893,245,0.696528555431131,-0.2006037406199893,0.7647235488820416,-0.3183220845543188,-0.0847843887350725,-3.3985572733041134,-3.0652221868894007,-0.1510713812549579,-0.2443886743203019,-0.23344011459031,-0.1664305657327497,-0.224190109214686,-0.2376028122269579,,1,9,-3.1918054899361814,1.0,-0.0944288447499275,-0.1385856568813324,0.22,1.0,True,False,False,False,False,False,False,False,False,False
S3 strong (ADX up & +DI>-DI),TR1z0.3/T60/SL5,893,245,0.7816349384098544,-0.1670898088732798,0.7925317373239218,-0.313805096331931,-0.0254066890307733,-5.515441430530798,-5.048662724350784,-0.0741789597286812,-0.2492198632859102,-0.2161048396315231,-0.1151554688254343,-0.1904874728973306,-0.2037093342543514,,2,9,-2.2187233059491125,1.0,-0.0491457991302013,-0.1228807941079139,0.16,1.0,True,False,False,False,False,False,False,False,False,False
S3 strong (ADX up & +DI>-DI),TR1z0.3/T120/noSL,893,245,0.8611422172452408,-0.0552013004107842,0.8232557621212568,-0.2815711563132016,0.1572320985325484,-38.67273797936422,-10.920403153357306,0.0094302376134415,-0.1123333983689078,-0.1085561885360812,-0.0205980459652825,-0.0783821767541703,-0.0912225299664887,,3,9,-0.4763301440469503,1.0,0.0793120414018631,-0.0582233890891075,0.08,0.9,True,False,False,False,False,False,False,False,False,False
S3 strong (ADX up & +DI>-DI),TR1z0.3/T120/SL3,893,245,0.7021276595744681,-0.1947546211301926,0.7669431756430547,-0.3157381456715875,-0.0775880512243473,-3.3985572733041134,-3.0652221868894007,-0.1388345564253328,-0.2441860707321679,-0.2264822052767951,-0.1613495798794851,-0.2183080554935278,-0.2316874512933355,,1,9,-3.0730860059383067,1.0,-0.090884618461132,-0.1339497119188308,0.23,1.0,True,False,False,False,False,False,False,False,False,False
S3 strong (ADX up & +DI>-DI),TR1z0.3/T120/SL5,893,245,0.7961926091825308,-0.1797037386975614,0.7988517962240329,-0.3263534416316652,-0.0207294220473634,-5.515441430530798,-5.049588115592536,-0.0653017785105356,-0.2808312098333501,-0.2351227013496582,-0.1211576150470293,-0.2031724271012535,-0.2164661171910257,,2,9,-2.261851521270191,1.0,-0.061684213578701,-0.1063106805086135,0.3,1.0,True,False,False,False,False,False,False,False,False,False
S3 strong (ADX up & +DI>-DI),TR1z0.5/T15/noSL,893,245,0.7021276595744681,-0.1165399248550176,0.6190096235873201,-0.2547841286248044,0.0164432572162686,-20.120069396355,-6.859736768518049,-0.0236225534858548,-0.1986757446940033,-0.152100071110107,-0.0562108325120348,-0.1427972924497505,-0.1591221522435621,,3,9,-1.6190976891744275,1.0,-0.0358813442289829,-0.1540325582027435,0.01,0.99,True,False,False,False,False,False,False,False,False,False
S3 strong (ADX up & +DI>-DI),TR1z0.5/T15/SL3,893,245,0.6483762597984323,-0.1919134666000781,0.5787287685857359,-0.3040094694881014,-0.082641167925444,-3.3985572733041134,-3.0584074361269695,-0.1588789523435791,-0.2211148621137343,-0.2252653218958503,-0.1669090174072673,-0.2185952347676999,-0.2352849176515482,,1,9,-3.3032939210135375,1.0,-0.1155913993716239,-0.1669704020023346,0.11,1.0,True,False,False,False,False,False,False,False,False,False
S3 strong (ADX up & +DI>-DI),TR1z0.5/T15/SL5,893,245,0.6920492721164614,-0.1300212004456814,0.6146700165355248,-0.2535616944566046,-0.008297958565803,-5.111700149136621,-5.019145492611442,-0.0430163995062173,-0.2069305076052498,-0.1739461222341616,-0.091131378328831,-0.1563544761236952,-0.1727561036619798,,2,9,-1.9880365029378897,1.0,-0.0490902438759803,-0.1644090414047241,0.01,1.0,True,False,False,False,False,False,False,False,False,False
S3 strong (ADX up & +DI>-DI),TR1z0.5/T30/noSL,893,245,0.7681970884658454,-0.0868687644346902,0.6958807886039211,-0.2575101358920261,0.0704167741388918,-27.812378556378743,-8.029931345529832,-0.028828208880814,-0.1381746563694456,-0.1408897368144681,-0.0305478202788146,-0.1129590646847138,-0.1298149127518673,,3,9,-1.0360348803195631,1.0,0.0024240426719188,-0.1365535855293274,0.04,0.97,True,False,False,False,False,False,False,False,False,False
S3 strong (ADX up & +DI>-DI),TR1z0.5/T30/SL3,893,245,0.6786114221724524,-0.1969305885646082,0.6171314398224506,-0.312441150170109,-0.0754124940786116,-3.3985572733041134,-3.0652221868894007,-0.1504614966977335,-0.2380076971979848,-0.2253201088055597,-0.1639117884949702,-0.223640606292841,-0.24112319015619,,1,9,-3.1770064473909545,1.0,-0.116776019334793,-0.1566805690526962,0.22,1.0,True,False,False,False,False,False,False,False,False,False
S3 strong (ADX up & +DI>-DI),TR1z0.5/T30/SL5,893,245,0.7458006718924972,-0.1277096266138674,0.680101839442028,-0.2704009055225079,0.0128909515557085,-5.515441430530798,-5.034410237407901,-0.0249076988293587,-0.2185830606681061,-0.1690868849968934,-0.0707424014519388,-0.1540298866734587,-0.1711182988515336,,3,9,-1.7143659788861825,1.0,-0.0377116948366165,-0.1510679572820663,0.04,0.99,True,False,False,False,False,False,False,False,False,False
S3 strong (ADX up & +DI>-DI),TR1z0.5/T60/noSL,893,245,0.8253079507278835,-0.040629190306456,0.7452644542873101,-0.223069753635297,0.1286980562073796,-29.91027758542,-9.289426853409775,0.0124102767452627,-0.0875142888184184,-0.0986807238361553,0.0063771032454615,-0.0664591325940462,-0.0830516741374699,,5,9,-0.4417878770089817,1.0,0.0655591785907745,-0.1154505088925361,0.02,0.91,True,False,False,False,False,False,False,False,False,False
S3 strong (ADX up & +DI>-DI),TR1z0.5/T60/SL3,893,245,0.696528555431131,-0.1961973821495085,0.6347732813172704,-0.3133478404466461,-0.0804064385308838,-3.3985572733041134,-3.0652221868894007,-0.1441441373892491,-0.2422106934460247,-0.2264182515589071,-0.1625396788435041,-0.2229032714632419,-0.2403816801576803,,1,9,-3.0938562561322938,1.0,-0.1118004992604255,-0.1561219841241836,0.19,1.0,True,False,False,False,False,False,False,False,False,False
S3 strong (ADX up & +DI>-DI),TR1z0.5/T60/SL5,893,245,0.7816349384098544,-0.1565483976500608,0.7082076668706985,-0.312837773374971,-0.0094982862563743,-5.515441430530798,-5.048662724350784,-0.0549406869251913,-0.2463661841347028,-0.2032192569256973,-0.1046971579376347,-0.1830310381771984,-0.2002836697862118,,3,9,-2.0379018691644437,1.0,-0.0634603351354599,-0.1424543708562851,0.12,1.0,True,False,False,False,False,False,False,False,False,False
S3 strong (ADX up & +DI>-DI),TR1z0.5/T120/noSL,893,245,0.8611422172452408,-0.0479921118752931,0.7655924459573318,-0.2728910486689709,0.1508294755073963,-38.67273797936422,-10.920403153357306,0.029945373670207,-0.1168862182963154,-0.1060021538550887,-0.0077396028130466,-0.0738635120545997,-0.0904979810015373,,3,9,-0.4101519259598767,1.0,0.0540352575480937,-0.0826932936906814,0.08,0.94,True,False,False,False,False,False,False,False,False,False
S3 strong (ADX up & +DI>-DI),TR1z0.5/T120/SL3,893,245,0.7021276595744681,-0.1909955068952037,0.6476429771247196,-0.3104988833292272,-0.0638502032720376,-3.3985572733041134,-3.0652221868894007,-0.1327639541213605,-0.2424702339252465,-0.2202863954463907,-0.1581866389629023,-0.2176721063707934,-0.235120893518842,,1,9,-2.989900016272404,1.0,-0.108938068151474,-0.1517204791307449,0.2,1.0,True,False,False,False,False,False,False,False,False,False
S3 strong (ADX up & +DI>-DI),TR1z0.5/T120/SL5,893,245,0.7961926091825308,-0.1704960800736171,0.7291123781578048,-0.3268229988384494,-0.0220909556812278,-5.515441430530798,-5.049588115592536,-0.0473389502964464,-0.279362825593943,-0.223328788539129,-0.1121993558861217,-0.1970572548486349,-0.2143893101081094,,2,9,-2.1114941348289906,1.0,-0.0780195668339729,-0.1271523833274841,0.29,1.0,True,False,False,False,False,False,False,False,False,False
S3 strong (ADX up & +DI>-DI),TR1z1/T15/noSL,893,245,0.6931690929451287,-0.086966554322432,0.3578243190120579,-0.2406106998754733,0.0607644404534438,-20.120069396355,-6.859736768518049,-0.0298872554220242,-0.1374227278230035,-0.1220689191172718,-0.0201093441565373,-0.1204907309412579,-0.1448324987785374,,4,9,-1.1080438821560972,1.0,-0.0222072508186101,-0.1814010292291641,0.0,0.98,True,False,False,False,False,False,False,False,False,False
S3 strong (ADX up & +DI>-DI),TR1z1/T15/SL3,893,245,0.6394176931690929,-0.1663483977923483,0.2845039000211504,-0.2902060057008999,-0.0405633556304069,-3.3985572733041134,-3.0584074361269695,-0.1656934873708465,-0.166927316498275,-0.1989424004576826,-0.1383604263562531,-0.2003195442505319,-0.2251133438732546,,2,9,-2.609993072617759,1.0,-0.106944590806961,-0.1913027316331863,0.03,1.0,True,False,False,False,False,False,False,False,False,False
S3 strong (ADX up & +DI>-DI),TR1z1/T15/SL5,893,245,0.683090705487122,-0.0971376089783796,0.3532650046368836,-0.2288609748189184,0.0356640679743692,-5.111700149136621,-5.019145492611442,-0.0459394695507926,-0.1423950360251284,-0.1370041924484284,-0.0523301282114046,-0.1307190550490972,-0.1551187409164323,,3,9,-1.354686329028099,1.0,-0.0311470404267311,-0.1906813979148864,0.0,0.99,True,False,False,False,False,False,False,False,False,False
S3 strong (ADX up & +DI>-DI),TR1z1/T30/noSL,893,245,0.7592385218365062,-0.0607087221523117,0.4718441867150437,-0.2395609988229335,0.1117874147435609,-27.812378556378743,-8.029931345529832,-0.0512156898209149,-0.0691002422933565,-0.1138623261767128,0.0041112102645822,-0.0943252868971631,-0.1196839581407252,,3,9,-0.6725519673922804,1.0,0.0088893789798021,-0.1709733754396438,0.02,0.97,True,False,False,False,False,False,False,False,False,False
S3 strong (ADX up & +DI>-DI),TR1z1/T30/SL3,893,245,0.6696528555431132,-0.1740512605101939,0.3515736257312398,-0.2951545704209344,-0.039682698543914,-3.3985572733041134,-3.0652221868894007,-0.1696997653767648,-0.1778978353222336,-0.1994433944998373,-0.143358054041964,-0.2083060152232768,-0.2343101039545291,,2,9,-2.5780481357649943,1.0,-0.1137077808380127,-0.1857873201370239,0.11,1.0,True,False,False,False,False,False,False,False,False,False
S3 strong (ADX up & +DI>-DI),TR1z1/T30/SL5,893,245,0.7368421052631579,-0.1005641299900444,0.448704991572725,-0.2551659837801632,0.0515370689607945,-5.515441430530798,-5.034410237407901,-0.0436818494865167,-0.1508461458781838,-0.1415993156271142,-0.0427523598118508,-0.1344051058150633,-0.1599907296006293,,4,9,-1.252451723975307,1.0,-0.0284236632287502,-0.1836104393005371,0.0,0.99,True,False,False,False,False,False,False,False,False,False
S3 strong (ADX up & +DI>-DI),TR1z1/T60/noSL,893,245,0.8152295632698768,-0.0154277223365527,0.5168296167868749,-0.2022471860193753,0.1700031372675897,-29.91027758542,-9.289426853409775,-0.0100395253167248,-0.0201907066220123,-0.0727930363644792,0.0377949848856504,-0.0487893264968561,-0.0742479563558505,,5,9,-0.1560156435329063,1.0,0.065154805779457,-0.1560157984495163,0.0,0.91,True,False,False,False,False,False,False,False,False,False
S3 strong (ADX up & +DI>-DI),TR1z1/T60/SL3,893,245,0.6875699888017918,-0.1673144432241762,0.3676250651103454,-0.3018719114712859,-0.0329749851377776,-3.3985572733041134,-3.0652221868894007,-0.1600026552961552,-0.1737778169411399,-0.1935881921313393,-0.1352337724664051,-0.2015312654074954,-0.2278547986578299,,2,9,-2.412514838532718,1.0,-0.104626215994358,-0.1874267011880874,0.07,1.0,True,False,False,False,False,False,False,False,False,False
S3 strong (ADX up & +DI>-DI),TR1z1/T60/SL5,893,245,0.7726763717805151,-0.130443025720322,0.4864717892636218,-0.286452420977167,0.0311712629555734,-5.515441430530798,-5.048662724350784,-0.0780660479728643,-0.1767425060498258,-0.1749272174509266,-0.0765936292387368,-0.1644522385708495,-0.1905658113068203,,3,9,-1.562136892031642,1.0,-0.0579001568257808,-0.1786984801292419,0.05,1.0,True,False,False,False,False,False,False,False,False,False
S3 strong (ADX up & +DI>-DI),TR1z1/T120/noSL,893,245,0.851063829787234,-0.0224610752496534,0.5564907964748635,-0.2667049652860311,0.1988183628183791,-38.67273797936422,-10.920403153357306,0.0069814126344972,-0.0484872406999891,-0.0796001249899923,0.0234718582906241,-0.0558622816223055,-0.0813609621898246,,4,9,-0.1837809905979952,1.0,0.0500430725514888,-0.1275607943534851,0.03,0.94,True,False,False,False,False,False,False,False,False,False
S3 strong (ADX up & +DI>-DI),TR1z1/T120/SL3,893,245,0.6931690929451287,-0.1625903098073588,0.3744840667373696,-0.2858729094346605,-0.0225180509703264,-3.3985572733041134,-3.0652221868894007,-0.146807886999789,-0.17654143882924,-0.1851793392401703,-0.1307630085925462,-0.196780532140358,-0.2230771642963146,,1,9,-2.3255156920827,1.0,-0.103636048734188,-0.184596762061119,0.07,1.0,True,False,False,False,False,False,False,False,False,False
S3 strong (ADX up & +DI>-DI),TR1z1/T120/SL5,893,245,0.7872340425531915,-0.1428474972101989,0.4986483289574752,-0.312243665914459,0.0259663006747283,-5.515441430530798,-5.049588115592536,-0.0647848646514216,-0.2118522293665864,-0.1917554261421234,-0.0822910584884723,-0.1769265550578538,-0.2031107637875221,,3,9,-1.6297109574535231,1.0,-0.0736730843782424,-0.1654345095157623,0.08,1.0,True,False,False,False,False,False,False,False,False,False
S3 strong (ADX up & +DI>-DI),TR1.5z0.3/T15/noSL,893,245,0.6360582306830908,-0.115818965137542,1.1961325225134725,-0.2708620478606501,0.0337918787331612,-20.120069396355,-7.340653181281266,-0.0716552259038107,-0.1548582198610302,-0.1484010506839908,-0.0431617730941936,-0.1420318447790864,-0.15601708527826,,3,9,-1.4866114870277596,1.0,-0.0082807457074522,-0.1371173709630966,0.03,0.97,True,False,False,False,False,False,False,False,False,False
S3 strong (ADX up & +DI>-DI),TR1.5z0.3/T15/SL3,893,245,0.5778275475923852,-0.2094532321181998,1.089320858641042,-0.3317202578972566,-0.08531662930026,-3.3985572733041134,-3.063488059941489,-0.2449460213753023,-0.1780788044837568,-0.2435139224451462,-0.1856348917672696,-0.2361933317314821,-0.250413799759603,,1,9,-3.2250788916612763,1.0,-0.116148255765438,-0.1531396359205246,0.28,1.0,True,False,False,False,False,False,False,False,False,False
S3 strong (ADX up & +DI>-DI),TR1.5z0.3/T15/SL5,893,245,0.6215005599104143,-0.1656911836807911,1.189532615710688,-0.3101707031046562,-0.0274057516844585,-5.111700149136621,-5.021868622983739,-0.1284538113831771,-0.1986077638341672,-0.2157243632382202,-0.1281141759940058,-0.1921848753636826,-0.2064541081085223,,2,9,-2.251568054333735,1.0,-0.064492367208004,-0.1501850485801696,0.07,1.0,True,False,False,False,False,False,False,False,False,False
S3 strong (ADX up & +DI>-DI),TR1.5z0.3/T30/noSL,893,245,0.6987681970884658,-0.0554340489165131,1.231922305170531,-0.2339034309834859,0.1271323233992264,-27.812378556378743,-8.75824801632705,-0.0074969888052909,-0.0978087919262221,-0.1052845760041837,0.0272051627929674,-0.0826416634707382,-0.097244813341322,,5,9,-0.6127670343671965,1.0,0.0716814324259758,-0.1076260209083557,0.03,0.91,True,False,False,False,False,False,False,False,False,False
S3 strong (ADX up & +DI>-DI),TR1.5z0.3/T30/SL3,893,245,0.5979843225083986,-0.22245684403533,1.1968025407744567,-0.3559693753624153,-0.0843957075320274,-3.3985572733041134,-3.069795564681553,-0.2202643588138734,-0.2243949269631577,-0.2575729105882058,-0.1946218191553556,-0.250314698780498,-0.2652711116168898,,1,9,-3.1531515665272036,1.0,-0.1214730665087699,-0.1382246613502502,0.41,1.0,True,False,False,False,False,False,False,False,False,False
S3 strong (ADX up & +DI>-DI),TR1.5z0.3/T30/SL5,893,245,0.6674132138857782,-0.1583704995373962,1.2228714337192206,-0.3125100320437459,0.0028712138375465,-5.547150977630976,-5.04876195670212,-0.0668485702217012,-0.2392727957046455,-0.2215113729537667,-0.1021102930202694,-0.1858675077482291,-0.2007048351266045,,3,9,-1.8966166486165648,1.0,-0.0405237525701522,-0.1287151873111724,0.16,1.0,True,False,False,False,False,False,False,False,False,False
S3 strong (ADX up & +DI>-DI),TR1.5z0.3/T60/noSL,893,245,0.761478163493841,-0.0117593316593678,1.264790916828297,-0.2264390018406205,0.1927471709957256,-29.91027758542,-10.30380711116929,0.0284800154171645,-0.0473295561848258,-0.0666603038345566,0.0609018642836973,-0.0390969733013854,-0.0547376146643102,,5,9,-0.1098366691951885,1.0,0.1487510204315185,-0.0743873789906501,0.02,0.79,True,False,False,False,False,False,False,False,False,False
S3 strong (ADX up & +DI>-DI),TR1.5z0.3/T60/SL3,893,245,0.6136618141097424,-0.2412127388558349,1.2101079312771392,-0.387393180342495,-0.0942996555019195,-3.3985572733041134,-3.0703997645223025,-0.245487580487325,-0.2374339231520492,-0.2790667586905534,-0.2175531640006949,-0.2691762011168843,-0.2843688398989724,,1,9,-3.3072187425048405,1.0,-0.1307661682367324,-0.130616694688797,0.5,1.0,True,False,False,False,False,False,False,False,False,False
S3 strong (ADX up & +DI>-DI),TR1.5z0.3/T60/SL5,893,245,0.7032474804031354,-0.2024924362908862,1.2444605407346612,-0.3697450936515476,-0.0330569543367382,-5.547150977630976,-5.063150506975422,-0.1415203067901243,-0.2563897406386061,-0.2664270309309834,-0.1465603853337718,-0.2306174502682731,-0.2460585151263852,,2,9,-2.3031585124847256,1.0,-0.072319209575653,-0.1097672879695892,0.37,1.0,True,False,False,False,False,False,False,False,False,False
S3 strong (ADX up & +DI>-DI),TR1.5z0.3/T120/noSL,893,245,0.8163493840985442,-0.0082429413266346,1.2833678516023252,-0.2756964340262722,0.2347169036243012,-38.67273797936422,-12.58905199132815,0.0497401962896385,-0.0594980777427073,-0.058948787565366,0.0785499944453293,-0.0361470940147247,-0.0527726490129131,,5,9,-0.0628814033819711,1.0,0.1753242015838623,-0.0226373523473739,0.02,0.73,True,False,False,False,False,False,False,False,False,False
S3 strong (ADX up & +DI>-DI),TR1.5z0.3/T120/SL3,893,245,0.6226203807390818,-0.2348006916676952,1.2160729020455745,-0.383196879023966,-0.0839436347472739,-3.3985572733041134,-3.0703997645223025,-0.2489093294180707,-0.2223291321372999,-0.2788784041024615,-0.2055326365300301,-0.2639805073644626,-0.27949406575385,,1,9,-3.1456146655360473,1.0,-0.1187606081366539,-0.1209970414638519,0.46,1.0,True,False,False,False,False,False,False,False,False,False
S3 strong (ADX up & +DI>-DI),TR1.5z0.3/T120/SL5,893,245,0.7267637178051511,-0.2215707063972335,1.2558956540814417,-0.4051090778814705,-0.044036945364745,-5.547150977630976,-5.064308497287003,-0.160066456512391,-0.2759383872026111,-0.299573577282018,-0.1589951372950138,-0.2506760289336942,-0.2669211591222025,,2,9,-2.3729581905099204,1.0,-0.0830058306455612,-0.0833493247628212,0.52,1.0,True,False,False,False,False,False,False,False,False,False
S3 strong (ADX up & +DI>-DI),TR1.5z0.5/T15/noSL,893,245,0.6360582306830908,-0.1025268974857045,1.0385898965163969,-0.2606482414436504,0.0553290082698964,-20.120069396355,-7.340653181281266,-0.052790358491647,-0.1464923190859368,-0.1367536481042923,-0.0225292408832601,-0.1316285802690641,-0.150634400953185,,3,9,-1.2978935647188043,1.0,-0.0111517282202839,-0.1529970616102218,0.03,0.97,True,False,False,False,False,False,False,False,False,False
S3 strong (ADX up & +DI>-DI),TR1.5z0.5/T15/SL3,893,245,0.5778275475923852,-0.1978362728397399,0.9961362093300576,-0.3280199160429852,-0.0752548291746091,-3.3985572733041134,-3.063488059941489,-0.2305195364078888,-0.1689453710780218,-0.2321318943427008,-0.1717185851994484,-0.227474607511354,-0.2470231576815582,,2,9,-3.011163397513998,1.0,-0.1186742186546325,-0.1677404195070266,0.16,1.0,True,False,False,False,False,False,False,False,False,False
S3 strong (ADX up & +DI>-DI),TR1.5z0.5/T15/SL5,893,245,0.6215005599104143,-0.1512966138156687,1.032895355998177,-0.3002571886394395,-0.0174546372128665,-5.111700149136621,-5.021868622983739,-0.1086678956755969,-0.1889789617074199,-0.2008049196162661,-0.1062322345489815,-0.1806729008576431,-0.1999564357013822,,2,9,-2.022336369978853,1.0,-0.0670540332794189,-0.165612906217575,0.05,1.0,True,False,False,False,False,False,False,False,False,False
S3 strong (ADX up & +DI>-DI),TR1.5z0.5/T30/noSL,893,245,0.6987681970884658,-0.0419935237294784,1.1178711739463512,-0.2246858915204912,0.1327881167358354,-27.812378556378743,-8.75824801632705,0.0115929767141156,-0.0893621812945965,-0.0946021983312259,0.049026113376739,-0.0707543654443908,-0.0896739658482445,,6,9,-0.4534926200291783,1.0,0.0646697953343391,-0.1274305880069732,0.03,0.91,True,False,False,False,False,False,False,False,False,False
S3 strong (ADX up & +DI>-DI),TR1.5z0.5/T30/SL3,893,245,0.5979843225083986,-0.214121765542515,1.0334914903754169,-0.3488111310521836,-0.074991832344299,-3.3985572733041134,-3.069795564681553,-0.2089444208773246,-0.2186983634638542,-0.2485894728649064,-0.184553370307491,-0.2438517978081762,-0.2637515648732065,,1,9,-2.993758661586781,1.0,-0.1288795471191406,-0.1554932743310928,0.36,1.0,True,False,False,False,False,False,False,False,False,False
S3 strong (ADX up & +DI>-DI),TR1.5z0.5/T30/SL5,893,245,0.6674132138857782,-0.145353878156312,1.086068444817402,-0.3068537179434099,0.0279629923517727,-5.547150977630976,-5.04876195670212,-0.0491863925371576,-0.2303626892837924,-0.2079980690321086,-0.087643487349308,-0.174696703848853,-0.1942048792153594,,3,9,-1.7062097889824002,1.0,-0.0464111156761646,-0.1475228071212768,0.11,1.0,True,False,False,False,False,False,False,False,False,False
S3 strong (ADX up & +DI>-DI),TR1.5z0.5/T60/noSL,893,245,0.761478163493841,-0.0019812167254241,1.156962664212481,-0.2249829245437429,0.1925175829838448,-29.91027758542,-10.30380711116929,0.0440924967352342,-0.0427088241938119,-0.0605962991186076,0.0798077227247128,-0.0305167639189173,-0.0492085183345181,,5,9,-0.0181697073892441,1.0,0.1347581297159195,-0.0980659648776054,0.01,0.81,True,False,False,False,False,False,False,False,False,False
S3 strong (ADX up & +DI>-DI),TR1.5z0.5/T60/SL3,893,245,0.6136618141097424,-0.2332091999646033,1.0612537661929058,-0.375699667965712,-0.0913603711296999,-3.3985572733041134,-3.0703997645223025,-0.2340119790096823,-0.2324995703867803,-0.2702797234954124,-0.2022705722791578,-0.263046706523182,-0.2830551650305397,,2,9,-3.1570347325563657,1.0,-0.1394103765487671,-0.1492922157049179,0.45,1.0,True,False,False,False,False,False,False,False,False,False
S3 strong (ADX up & +DI>-DI),TR1.5z0.5/T60/SL5,893,245,0.7032474804031354,-0.1915422467845606,1.1278356323785057,-0.3638658498390501,-0.0121112881229854,-5.547150977630976,-5.063150506975422,-0.1251554315821146,-0.2502259505183683,-0.2546405119873129,-0.1272658244293349,-0.2211451421202786,-0.2409163324260344,,2,9,-2.1366789355462643,1.0,-0.0832808092236518,-0.1313567459583282,0.31,1.0,True,False,False,False,False,False,False,False,False,False
S3 strong (ADX up & +DI>-DI),TR1.5z0.5/T120/noSL,893,245,0.8163493840985442,0.0028474553986188,1.1812060235134827,-0.2578330703784983,0.2577086826308202,-38.67273797936422,-12.58905199132815,0.0729871119804475,-0.0591536334363731,-0.0508654774925715,0.0992548021830655,-0.0256609880033212,-0.0456286022777531,5.840637806191683,5,9,0.0216088965404335,1.0,0.1600332558155059,-0.0502241812646389,0.01,0.75,True,False,False,False,False,False,False,False,False,False
S3 strong (ADX up & +DI>-DI),TR1.5z0.5/T120/SL3,893,245,0.6226203807390818,-0.2268289080060535,1.069208344367302,-0.3705269780162772,-0.0772936890416336,-3.3985572733041134,-3.0703997645223025,-0.2378845839115004,-0.2170560636930108,-0.2701375005690056,-0.1950401145139484,-0.2566304894972979,-0.2771760908907669,,2,9,-3.0054265422957904,1.0,-0.1284394711256027,-0.1406006813049316,0.44,1.0,True,False,False,False,False,False,False,False,False,False
S3 strong (ADX up & +DI>-DI),TR1.5z0.5/T120/SL5,893,245,0.7267637178051511,-0.2124076466619895,1.1448117875273458,-0.3928212226796938,-0.0335296254456424,-5.547150977630976,-5.064308497287003,-0.1451942102314139,-0.2718220556586376,-0.2895430530580188,-0.1417258389357241,-0.2421280273573778,-0.2625915083536784,,2,9,-2.2455997236372176,1.0,-0.0966668501496315,-0.1070214211940765,0.48,1.0,True,False,False,False,False,False,False,False,False,False
S3 strong (ADX up & +DI>-DI),TR1.5z1/T15/noSL,893,245,0.6360582306830908,-0.0865342721706072,0.6425760979814412,-0.2516715002228782,0.078724191753221,-20.120069396355,-7.340653181281266,-0.0321625253735704,-0.1345970610059625,-0.1364330277590948,0.0037516257772534,-0.1200560147683081,-0.145216170806898,,3,9,-1.0219105107794666,1.0,-0.0158633440732955,-0.1818483024835586,0.03,0.97,True,False,False,False,False,False,False,False,False,False
S3 strong (ADX up & +DI>-DI),TR1.5z1/T15/SL3,893,245,0.5778275475923852,-0.1917146930087615,0.5412407642934061,-0.3231927511447403,-0.0605970967895564,-3.3985572733041134,-3.063488059941489,-0.2123062710759935,-0.1735124330716936,-0.2368712405229465,-0.1587313205799337,-0.2258286677057761,-0.2515642571450476,,2,9,-2.739176250048433,1.0,-0.1309659630060196,-0.1934821307659149,0.15,1.0,True,False,False,False,False,False,False,False,False,False
S3 strong (ADX up & +DI>-DI),TR1.5z1/T15/SL5,893,245,0.6215005599104143,-0.1368303340300208,0.6212122084030782,-0.2902622339687208,0.0208616754750669,-5.111700149136621,-5.021868622983739,-0.0926338138349693,-0.1758985660167857,-0.1832699179306628,-0.0819923519681005,-0.1706352751742274,-0.1960818369908802,,3,9,-1.7023281369484262,1.0,-0.0691755637526512,-0.1933089792728424,0.04,1.0,True,False,False,False,False,False,False,False,False,False
S3 strong (ADX up & +DI>-DI),TR1.5z1/T30/noSL,893,245,0.6987681970884658,-0.0303724518074927,0.7967386148128432,-0.2217852498496068,0.1557034837834305,-27.812378556378743,-8.75824801632705,0.0161486642063984,-0.0714955480307425,-0.0973283505515642,0.0681512751235837,-0.0638182042193217,-0.0896463602483707,,6,9,-0.3084384994163424,1.0,0.0529995560646057,-0.1673152297735214,0.0,0.94,True,False,False,False,False,False,False,False,False,False
S3 strong (ADX up & +DI>-DI),TR1.5z1/T30/SL3,893,245,0.5979843225083986,-0.2083314658203574,0.6408362911362055,-0.3553586663232854,-0.0622931395704406,-3.3985572733041134,-3.069795564681553,-0.2020958987888823,-0.213843496592906,-0.2464648034812436,-0.1763096361128396,-0.242779239707484,-0.2696207651334082,,2,9,-2.763948545032352,1.0,-0.1448127627372741,-0.1893332302570343,0.24,1.0,True,False,False,False,False,False,False,False,False,False
S3 strong (ADX up & +DI>-DI),TR1.5z1/T30/SL5,893,245,0.6674132138857782,-0.1325872320509119,0.7578676704666623,-0.3057589272315446,0.0283758925967402,-5.547150977630976,-5.04876195670212,-0.0469355891541527,-0.2083003931769501,-0.1889006659160454,-0.0663265253284898,-0.1666085181352827,-0.19301872577201,,4,9,-1.4617700928452662,1.0,-0.0525949597358703,-0.1851520538330078,0.04,1.0,True,False,False,False,False,False,False,False,False,False
S3 strong (ADX up & +DI>-DI),TR1.5z1/T60/noSL,893,245,0.761478163493841,0.0223044317953106,0.914679547300469,-0.2107407620722723,0.2472117620924958,-29.91027758542,-10.30380711116929,0.0605547893715285,-0.0115075931507553,-0.0287938289852577,0.1138389147909228,-0.0115732172452882,-0.038954046576136,1.0016989917884755,5,9,0.1933198031532385,0.999,0.1208040714263916,-0.1464544832706451,0.0,0.82,True,False,False,False,False,False,False,False,False,False
S3 strong (ADX up & +DI>-DI),TR1.5z1/T60/SL3,893,245,0.6136618141097424,-0.2195092121129873,0.6758011760807716,-0.3673722281668483,-0.077350014781377,-3.3985572733041134,-3.0703997645223025,-0.2193072399718933,-0.2196877486680895,-0.2549190210616747,-0.1802710516244147,-0.2540199237607708,-0.2818092065545093,,2,9,-2.781003843652346,1.0,-0.1512514501810073,-0.1867778599262237,0.31,1.0,True,False,False,False,False,False,False,False,False,False
S3 strong (ADX up & +DI>-DI),TR1.5z1/T60/SL5,893,245,0.7032474804031354,-0.1671871270794605,0.8278768619515389,-0.3466006652855371,0.0156847689782666,-5.547150977630976,-5.063150506975422,-0.1134844281158587,-0.2146585002139524,-0.2225040101156825,-0.094836756401784,-0.2021317330957054,-0.2305916027201572,,3,9,-1.7439676190283466,1.0,-0.0852924734354019,-0.1749882698059082,0.16,1.0,True,False,False,False,False,False,False,False,False,False
S3 strong (ADX up & +DI>-DI),TR1.5z1/T120/noSL,893,245,0.8163493840985442,0.023167807847972,0.9879252188983236,-0.2473245192269676,0.2863697030357737,-38.67273797936422,-12.58905199132815,0.0857883128863816,-0.0321866048336598,-0.0243335897171708,0.1271553607238001,-0.0107049798409788,-0.0380808927652336,0.9643694814972816,6,9,0.1699434934770396,0.9995,0.1283024400472641,-0.1063716188073158,0.01,0.81,True,False,False,False,False,False,False,False,False,False
S3 strong (ADX up & +DI>-DI),TR1.5z1/T120/SL3,893,245,0.6226203807390818,-0.2124126812302798,0.6968583714055412,-0.3641063298571314,-0.0578186494825642,-3.3985572733041134,-3.0703997645223025,-0.2191607718940884,-0.206447596867124,-0.2510866466057823,-0.1722289170073362,-0.2468834349339037,-0.2746323072586341,,1,9,-2.6250751712561256,1.0,-0.144403800368309,-0.1813795268535614,0.33,1.0,True,False,False,False,False,False,False,False,False,False
S3 strong (ADX up & +DI>-DI),TR1.5z1/T120/SL5,893,245,0.7267637178051511,-0.1906824769602244,0.8782050631644736,-0.3835540523041015,0.0004627874252911,-5.547150977630976,-5.064308497287003,-0.1318315762442992,-0.242704686664808,-0.2617724259965038,-0.1122771584119524,-0.2257593766131854,-0.2543530381035345,,3,9,-1.8794576748166496,1.0,-0.1078490614891052,-0.1556839048862457,0.3,1.0,True,False,False,False,False,False,False,False,False,False
S3 strong (ADX up & +DI>-DI),TR2z0.3/T15/noSL,893,245,0.5733482642777156,-0.1257859600246547,0.9708635074906504,-0.2885909637120841,0.0365574311914557,-20.120069396355,-7.651654427065107,-0.0987295708664066,-0.1497028947447095,-0.1635672400564483,-0.0382189067860363,-0.1551608131901692,-0.1716281844914491,,5,9,-1.4608508745446551,1.0,-0.0057002413086593,-0.1322967261075973,0.04,0.97,True,False,False,False,False,False,False,False,False,False
S3 strong (ADX up & +DI>-DI),TR2z0.3/T15/SL3,893,245,0.5184770436730123,-0.2181047564085068,0.1915665710414917,-0.3557110670474258,-0.0844052870261714,-3.3985572733041134,-3.0639324121632683,-0.2728620239246114,-0.1697011802708531,-0.2596447701017367,-0.1584910354781527,-0.2479994226167233,-0.2649641918044108,,2,9,-3.064510151887106,1.0,-0.1129059568047523,-0.1508965939283371,0.19,1.0,True,False,False,False,False,False,False,False,False,False
S3 strong (ADX up & +DI>-DI),TR2z0.3/T15/SL5,893,245,0.5599104143337066,-0.180390852707292,0.7549588869267612,-0.3282733134779111,-0.0149601820259931,-5.111700149136621,-5.022999143805529,-0.1409807303716932,-0.2152280705524731,-0.2389825312002831,-0.1193696082714847,-0.2100731658541278,-0.2268231770760021,,2,9,-2.2090169711872525,1.0,-0.0685696303844451,-0.1482652276754379,0.06,1.0,True,False,False,False,False,False,False,False,False,False
S3 strong (ADX up & +DI>-DI),TR2z0.3/T30/noSL,893,245,0.6416573348264277,-0.0682070185115011,1.6974591784984183,-0.2720392475563229,0.1180781621231229,-27.812378556378743,-9.430803117827043,-0.0018692998209376,-0.1268473225860709,-0.123732981275063,0.0392733404750305,-0.0975512510399135,-0.1148255158373134,,6,9,-0.6756812005528582,1.0,0.0820174366235733,-0.0943805798888206,0.01,0.9,True,False,False,False,False,False,False,False,False,False
S3 strong (ADX up & +DI>-DI),TR2z0.3/T30/SL3,893,245,0.5363941769316909,-0.2272305795166889,1.2978013799937584,-0.3674715580375843,-0.0724756874826834,-3.3985572733041134,-3.0701889451130473,-0.2309002636439735,-0.2239867026193635,-0.2728465370936661,-0.1641539833846002,-0.257470214978689,-0.2751085872078662,,2,9,-2.9486510221577276,1.0,-0.1040771678090095,-0.1313986331224441,0.31,1.0,True,False,False,False,False,False,False,False,False,False
S3 strong (ADX up & +DI>-DI),TR2z0.3/T30/SL5,893,245,0.606942889137738,-0.1915032792543946,1.6521631760957791,-0.3718709328953545,-0.0103279587002502,-5.547150977630976,-5.051561983268349,-0.0541883958040857,-0.3128850011229167,-0.2698841119659267,-0.1077045428389238,-0.2215417474851881,-0.2389766742585696,,4,9,-2.073620514839688,1.0,-0.0520402453839778,-0.1206981688737869,0.21,1.0,True,False,False,False,False,False,False,False,False,False
S3 strong (ADX up & +DI>-DI),TR2z0.3/T60/noSL,893,245,0.7122060470324748,-0.0284516135725123,1.738718069659241,-0.2774776430767285,0.2001321174802769,-29.91027758542,-12.089338079345216,0.0291392445127607,-0.0793599881246841,-0.0903835336007553,0.043728588588099,-0.0575719981001422,-0.075301590366732,,5,9,-0.2296637070466728,1.0,0.1626497209072113,-0.050025887787342,0.03,0.73,True,False,False,False,False,False,False,False,False,False
S3 strong (ADX up & +DI>-DI),TR2z0.3/T60/SL3,893,245,0.5543113101903695,-0.2307235665172251,1.5966298447402951,-0.3918454520511614,-0.0660830544014817,-3.3985572733041134,-3.07107699269652,-0.2368064988193375,-0.2253464596932059,-0.2803590427449389,-0.1762001302344447,-0.2609828696988229,-0.2786411323850788,,3,9,-2.875649775052043,1.0,-0.0929659977555275,-0.1160944551229476,0.42,1.0,True,False,False,False,False,False,False,False,False,False
S3 strong (ADX up & +DI>-DI),TR2z0.3/T60/SL5,893,245,0.6461366181410975,-0.2203372339416822,1.7112628779376151,-0.4101531824374703,-0.0240592182282428,-5.547150977630976,-5.066790233218013,-0.0995346949482627,-0.3271226006890298,-0.3049481126441342,-0.1165359558264216,-0.2505380555209402,-0.2685188950656819,,2,9,-2.228239902333794,1.0,-0.0659216567873954,-0.090649776160717,0.39,1.0,True,False,False,False,False,False,False,False,False,False
S3 strong (ADX up & +DI>-DI),TR2z0.3/T120/noSL,893,245,0.7737961926091825,-0.021256916192866,1.7650157781120126,-0.3168906578418969,0.2758941182873536,-38.67273797936422,-14.555916286830715,-0.0186596747501194,-0.0235527899576568,-0.0859022883423206,0.0749831375997694,-0.0507057898267695,-0.0689931154412479,,3,9,-0.1428699746599044,1.0,0.196887731552124,0.005940075032413,0.05,0.71,True,False,False,False,False,False,False,False,False,False
S3 strong (ADX up & +DI>-DI),TR2z0.3/T120/SL3,893,245,0.5632698768197089,-0.2257551175386995,1.641270210498337,-0.3775334756395499,-0.0692397739939101,-3.3985572733041134,-3.07107699269652,-0.2412042841671409,-0.2120985757300141,-0.284125109771781,-0.1706831923939793,-0.2563554450090096,-0.2748759649434424,,3,9,-2.768021942532775,1.0,-0.0840536579489708,-0.1060501113533973,0.39,1.0,True,False,False,False,False,False,False,False,False,False
S3 strong (ADX up & +DI>-DI),TR2z0.3/T120/SL5,893,245,0.6752519596864501,-0.2216978373726452,1.73130561081989,-0.4262897794021665,-0.0318699873440076,-5.547150977630976,-5.067676436484147,-0.1172604617817549,-0.3140169520827359,-0.316766545934763,-0.1085587406340951,-0.252275319796975,-0.2711167306142346,,3,9,-2.1627668671339677,1.0,-0.0547118559479713,-0.0593910217285156,0.47,1.0,True,False,False,False,False,False,False,False,False,False
S3 strong (ADX up & +DI>-DI),TR2z0.5/T15/noSL,893,245,0.5733482642777156,-0.115805776565512,0.9708635074906504,-0.2750207414123696,0.0470099749863301,-20.120069396355,-7.651654427065107,-0.0925611175374195,-0.1363532705165051,-0.1536490744568056,-0.0252171677298903,-0.1461787850495025,-0.1685740841974108,,5,9,-1.334504134512317,1.0,-0.0121707068756222,-0.1476266831159591,0.02,0.97,True,False,False,False,False,False,False,False,False,False
S3 strong (ADX up & +DI>-DI),TR2z0.5/T15/SL3,893,245,0.5184770436730123,-0.2082589702114586,0.1915665710414917,-0.3412169706096048,-0.0679551364119166,-3.3985572733041134,-3.0639324121632683,-0.2676177695518738,-0.1557877952670832,-0.248310268366474,-0.1473286793870269,-0.2391525484794919,-0.2620743128789855,,3,9,-2.8953729646210906,1.0,-0.1163022369146347,-0.1650906950235366,0.16,1.0,True,False,False,False,False,False,False,False,False,False
S3 strong (ADX up & +DI>-DI),TR2z0.5/T15/SL5,893,245,0.5599104143337066,-0.1710993907277125,0.7549588869267612,-0.3448788302344782,-0.0111439542143855,-5.111700149136621,-5.022999143805529,-0.1355036156574562,-0.2025648543446691,-0.2270049392724157,-0.1094786467862517,-0.2017837371292832,-0.2244939001055028,,2,9,-2.076882895056919,1.0,-0.075188934803009,-0.1630866676568985,0.05,1.0,True,False,False,False,False,False,False,False,False,False
S3 strong (ADX up & +DI>-DI),TR2z0.5/T30/noSL,893,245,0.6416573348264277,-0.0626876444519496,1.5428054709029095,-0.2707427430698236,0.1352069093003758,-27.812378556378743,-9.430803117827043,0.002429057951339,-0.1202486113443082,-0.1191967364686018,0.0484354008725339,-0.0927615643542199,-0.1148543877337517,,6,9,-0.6181354884674682,1.0,0.0638398677110672,-0.1153828352689743,0.01,0.91,True,False,False,False,False,False,False,False,False,False
S3 strong (ADX up & +DI>-DI),TR2z0.5/T30/SL3,893,245,0.5363941769316909,-0.2195999795556328,1.2978013799937584,-0.3753077129845133,-0.064074304168826,-3.3985572733041134,-3.0701889451130473,-0.2276243990760726,-0.2125066635660458,-0.262173770554312,-0.1564177545557329,-0.2505574148582615,-0.2735437594750756,,3,9,-2.8214292819418345,1.0,-0.1134635135531425,-0.1496928334236145,0.3,1.0,True,False,False,False,False,False,False,False,False,False
S3 strong (ADX up & +DI>-DI),TR2z0.5/T30/SL5,893,245,0.606942889137738,-0.1841936763480515,1.5219414307138923,-0.3629596130359555,-0.0098097495715121,-5.547150977630976,-5.051561983268349,-0.0495669132398358,-0.3031991905724025,-0.2597671256719226,-0.0972512604094241,-0.2149517518353221,-0.2377364788812247,,4,9,-1.9785038540607915,1.0,-0.0660630390048027,-0.1405437886714935,0.19,1.0,True,False,False,False,False,False,False,False,False,False
S3 strong (ADX up & +DI>-DI),TR2z0.5/T60/noSL,893,245,0.7122060470324748,-0.0198158736317247,1.6271419831638505,-0.2649224810512559,0.219145459250121,-29.91027758542,-12.089338079345216,0.0303552455937772,-0.064165449487179,-0.0818827637074195,0.0555147299070259,-0.0496483984280252,-0.0719358693061847,,5,9,-0.1587821457844676,1.0,0.1413038372993469,-0.0762915536761283,0.02,0.81,True,False,False,False,False,False,False,False,False,False
S3 strong (ADX up & +DI>-DI),TR2z0.5/T60/SL3,893,245,0.5543113101903695,-0.223077712760266,1.5049136104436047,-0.3858427810138225,-0.0565313328481106,-3.3985572733041134,-3.07107699269652,-0.2351413915541402,-0.2124138279192675,-0.2694469685283753,-0.1685536774032605,-0.2540547298940021,-0.2770608781067151,,3,9,-2.7478705995114314,1.0,-0.1055956408381462,-0.1370855867862701,0.36,1.0,True,False,False,False,False,False,False,False,False,False
S3 strong (ADX up & +DI>-DI),TR2z0.5/T60/SL5,893,245,0.6461366181410975,-0.2118948430124126,1.5849055558547778,-0.4216402250129882,-0.0189556016989477,-5.547150977630976,-5.066790233218013,-0.0990633834535817,-0.3116340446055565,-0.2926178001205533,-0.1042429888030469,-0.2428088935372082,-0.2657513620423514,,2,9,-2.123416252809177,1.0,-0.0832868963479995,-0.1148865148425102,0.35,1.0,True,False,False,False,False,False,False,False,False,False
S3 strong (ADX up & +DI>-DI),TR2z0.5/T120/noSL,893,245,0.7737961926091825,-0.0099269705414515,1.6761473387668435,-0.3137992846548308,0.2618647697350508,-38.67273797936422,-14.555916286830715,-0.0096297579568978,-0.0101896964337046,-0.0732115053249667,0.092962759376463,-0.0397038145771086,-0.0619350592655357,,3,9,-0.0664296663969242,1.0,0.1725610196590423,-0.0254990309476852,0.05,0.73,True,False,False,False,False,False,False,False,False,False
S3 strong (ADX up & +DI>-DI),TR2z0.5/T120/SL3,893,245,0.5632698768197089,-0.2168196735093789,1.5194064952681845,-0.3754589324687108,-0.0518063740895062,-3.3985572733041134,-3.07107699269652,-0.2378936243104544,-0.1981910123582172,-0.2727583628274179,-0.1612200673676085,-0.2477614539356213,-0.2708337034007644,,3,9,-2.6215048858259062,1.0,-0.0959595143795013,-0.1290100514888763,0.34,1.0,True,False,False,False,False,False,False,False,False,False
S3 strong (ADX up & +DI>-DI),TR2z0.5/T120/SL5,893,245,0.6752519596864501,-0.2130718896483943,1.6117972007793535,-0.4073079400432632,-0.0149059661650113,-5.547150977630976,-5.067676436484147,-0.1163039663542475,-0.2986114674126295,-0.3048236916347799,-0.0961591204843864,-0.2439925676880318,-0.2670434757814445,,3,9,-2.054035747604097,1.0,-0.0742242187261581,-0.0869498923420906,0.43,1.0,True,False,False,False,False,False,False,False,False,False
S3 strong (ADX up & +DI>-DI),TR2z1/T15/noSL,893,245,0.5733482642777156,-0.106223836230402,0.8973107799513671,-0.2820124946350375,0.0793070709526612,-20.120069396355,-7.651654427065107,-0.0747802661288119,-0.1340188908138751,-0.1588912247524914,-0.0117952929945283,-0.1401062197077302,-0.1677316861820889,,4,9,-1.1805723385921325,1.0,-0.036954429000616,-0.174935832619667,0.03,0.99,True,False,False,False,False,False,False,False,False,False
S3 strong (ADX up & +DI>-DI),TR2z1/T15/SL3,893,245,0.5184770436730123,-0.2056788277458277,0.1915665710414917,-0.3357643878587197,-0.0612979627616467,-3.3985572733041134,-3.0639324121632683,-0.2540760594511944,-0.1628973085801133,-0.2473858056549588,-0.1542158708430524,-0.2401212055447521,-0.2678700275478555,,3,9,-2.739057126531693,1.0,-0.1444346308708191,-0.1897808313369751,0.18,1.0,True,False,False,False,False,False,False,False,False,False
S3 strong (ADX up & +DI>-DI),TR2z1/T15/SL5,893,245,0.5599104143337066,-0.1620458683297072,0.7549588869267612,-0.3278677066906507,-0.0012554578511327,-5.111700149136621,-5.022999143805529,-0.1181674910863767,-0.2008328726861534,-0.2149627252088491,-0.097402662773505,-0.196242565050838,-0.2241859043753839,,3,9,-1.8774407004169835,1.0,-0.0985830053687095,-0.1892852634191513,0.07,1.0,True,False,False,False,False,False,False,False,False,False
S3 strong (ADX up & +DI>-DI),TR2z1/T30/noSL,893,245,0.6416573348264277,-0.0626878561154809,1.1789877961234674,-0.2867094867416435,0.1390692400136085,-27.812378556378743,-9.430803117827043,0.0044111138012381,-0.1220010805777284,-0.1266820164024414,0.050546873348159,-0.0965424282625568,-0.1258055139718703,,6,9,-0.6008385479828157,1.0,0.0227684676647186,-0.1545171737670898,0.02,0.97,True,False,False,False,False,False,False,False,False,False
S3 strong (ADX up & +DI>-DI),TR2z1/T30/SL3,893,245,0.5363941769316909,-0.2221544744849516,1.0032329254262131,-0.3715374403645095,-0.0706825726141552,-3.3985572733041134,-3.0701889451130473,-0.218399404361697,-0.2254738297204867,-0.2594397890591818,-0.1734438135109735,-0.2569069442579818,-0.2867440560439308,,3,9,-2.7744277302687217,1.0,-0.1522634774446487,-0.1827525496482849,0.32,1.0,True,False,False,False,False,False,False,False,False,False
S3 strong (ADX up & +DI>-DI),TR2z1/T30/SL5,893,245,0.606942889137738,-0.1808091464112024,1.1320561754224925,-0.3599767554990029,0.0068159322250406,-5.547150977630976,-5.051561983268349,-0.0422085762920662,-0.3033273718962618,-0.2516627608768654,-0.0927599704235938,-0.2153288159135472,-0.2452645312245084,,4,9,-1.8754527359718396,1.0,-0.1021312475204467,-0.1774374395608902,0.19,1.0,True,False,False,False,False,False,False,False,False,False
S3 strong (ADX up & +DI>-DI),TR2z1/T60/noSL,893,245,0.7122060470324748,-0.0077778813803618,1.278060917410674,-0.2617338181376303,0.2253123938382288,-29.91027758542,-12.089338079345216,0.0383082221879022,-0.0485164412856417,-0.0636172451801827,0.0700858672879158,-0.0420405796910012,-0.0715825692203293,,5,9,-0.0604545933180131,1.0,0.0960805043578147,-0.1268146187067031,0.01,0.88,True,False,False,False,False,False,False,False,False,False
S3 strong (ADX up & +DI>-DI),TR2z1/T60/SL3,893,245,0.5543113101903695,-0.2194649776242886,1.0891839430763786,-0.3800536600797499,-0.0530916819482743,-3.3985572733041134,-3.07107699269652,-0.227228595413995,-0.2126022015612358,-0.2606885634262532,-0.1710796457496415,-0.254202303833914,-0.2844986438475643,,3,9,-2.6092908300508006,1.0,-0.1432987600564956,-0.1761388182640075,0.34,1.0,True,False,False,False,False,False,False,False,False,False
S3 strong (ADX up & +DI>-DI),TR2z1/T60/SL5,893,245,0.6461366181410975,-0.1999563383394824,1.2198704814440755,-0.4054234642482578,6.81126716850934e-05,-5.547150977630976,-5.066790233218013,-0.0901912859147605,-0.2969849395334876,-0.2745789480683163,-0.0912053754011052,-0.2353011225564234,-0.2659374526455784,,3,9,-1.9346055945714635,1.0,-0.117958165705204,-0.1608805209398269,0.32,1.0,True,False,False,False,False,False,False,False,False,False
S3 strong (ADX up & +DI>-DI),TR2z1/T120/noSL,893,245,0.7737961926091825,0.0099359512386386,1.3861933729113276,-0.2838723019712322,0.3006073111040417,-38.67273797936422,-14.555916286830715,0.0091253881226852,0.0106524616723611,-0.0515979709090557,0.1123345284699043,-0.0253406996525316,-0.0553021305003901,2.386372968259298,4,9,0.0648648558533103,1.0,0.1223433166742324,-0.0856300517916679,0.06,0.82,True,False,True,False,False,False,False,False,False,True
S3 strong (ADX up & +DI>-DI),TR2z1/T120/SL3,893,245,0.5632698768197089,-0.2079488428336779,1.119686014070555,-0.368510517504402,-0.0484239729729959,-3.3985572733041134,-3.07107699269652,-0.2185050009240054,-0.1986175554078398,-0.2640604091318065,-0.1615364232169081,-0.2439506854471002,-0.274635993808569,,3,9,-2.4162911357693373,1.0,-0.1314762532711029,-0.1726721972227096,0.31,1.0,True,False,False,False,False,False,False,False,False,False
S3 strong (ADX up & +DI>-DI),TR2z1/T120/SL5,893,245,0.6752519596864501,-0.1991564364820043,1.260404336728406,-0.3980801390764222,0.0006555008216643,-5.547150977630976,-5.067676436484147,-0.1005349666788032,-0.2863344867932726,-0.2903436671617975,-0.082178543970575,-0.2356104093761057,-0.2667624954319121,,3,9,-1.8448156636888,1.0,-0.1124712005257606,-0.1403879970312118,0.42,1.0,True,False,False,False,False,False,False,False,False,False
S3 strong (ADX up & +DI>-DI),TR3z0.3/T15/noSL,893,245,0.5173572228443449,-0.1221548204314541,0.1048815250529035,-0.3133435931448258,0.0625417379159575,-20.120069396355,-8.220575053582726,-0.1277160661435126,-0.1172388669433685,-0.1741019115444347,-0.031473077233219,-0.1520958491367145,-0.1733310766624914,,4,9,-1.2429086635240236,1.0,-0.0335436463356018,-0.150792121887207,0.06,0.99,True,False,False,False,False,False,False,False,False,False
S3 strong (ADX up & +DI>-DI),TR3z0.3/T15/SL3,893,245,0.4624860022396416,-0.2064393578922938,-0.3242968100208286,-0.3587804247606638,-0.0463232382257029,-3.3985572733041134,-3.0703170517959246,-0.2938506592966124,-0.1291707180433287,-0.2543499468233733,-0.1468958304963516,-0.2368549616958697,-0.2585701388963871,,3,9,-2.5414419341148946,1.0,-0.1196370348334312,-0.1694099754095077,0.19,1.0,True,False,False,False,False,False,False,False,False,False
S3 strong (ADX up & +DI>-DI),TR3z0.3/T15/SL5,893,245,0.5027995520716685,-0.1862640368424102,0.0126614473283228,-0.3659556078098172,-0.0080272746143147,-5.20929842461748,-5.028228711615087,-0.1949604117476741,-0.1785767349746769,-0.2376893649394046,-0.1132532288443703,-0.2165660408653,-0.2381663317643984,,3,9,-2.001595278886418,1.0,-0.0979236364364624,-0.1673911213874817,0.14,1.0,True,False,False,False,False,False,False,False,False,False
S3 strong (ADX up & +DI>-DI),TR3z0.3/T30/noSL,893,245,0.5599104143337066,-0.0982002375726864,0.879639459341687,-0.3327574549217851,0.1114953632278139,-27.812378556378743,-10.173561225175929,-0.0936820050504903,-0.1021942026081299,-0.1816199251530461,-0.0059271420139601,-0.1280063868699583,-0.1492130150774296,,4,9,-0.8598301621599731,1.0,0.0468902327120304,-0.1091684624552726,0.03,0.96,True,False,False,False,False,False,False,False,False,False
S3 strong (ADX up & +DI>-DI),TR3z0.3/T30/SL3,893,245,0.4613661814109742,-0.240494639614466,-0.5885434508543717,-0.4068360176431327,-0.064782093948735,-3.3985572733041134,-3.0774336565104035,-0.2632969019464299,-0.2203382094096287,-0.2978232106886753,-0.1953642985040673,-0.2711019961304418,-0.2930110976482558,,1,9,-2.719140722576292,1.0,-0.1119200885295867,-0.1485929787158966,0.3,1.0,True,False,False,False,False,False,False,False,False,False
S3 strong (ADX up & +DI>-DI),TR3z0.3/T30/SL5,893,245,0.5307950727883539,-0.2152082875236576,0.5123188412097259,-0.4071281098511128,-0.0146808878194182,-5.547150977630976,-5.0573589061008475,-0.132715377606926,-0.2881292353192493,-0.2728006265602964,-0.1326447713224837,-0.2456732659310137,-0.2675461845068941,,5,9,-2.0767804942381676,1.0,-0.0753258764743805,-0.1386114507913589,0.19,1.0,True,False,False,False,False,False,False,False,False,False
S3 strong (ADX up & +DI>-DI),TR3z0.3/T60/noSL,893,245,0.6215005599104143,-0.0619275230631291,2.574972211824124,-0.3533023356569529,0.2216077259034473,-29.91027758542,-13.52863518560783,-0.0553158095500294,-0.0677720546285061,-0.1406532400168348,0.0101722999893393,-0.0917944833716143,-0.1132932465109706,,4,9,-0.4230214014466484,1.0,0.1535039842128753,-0.0505517423152923,0.05,0.78,True,False,False,False,False,False,False,False,False,False
S3 strong (ADX up & +DI>-DI),TR3z0.3/T60/SL3,893,245,0.463605823068309,-0.2294432953138382,-1.2659117999655898,-0.4207795178834498,-0.0429534562733811,-3.3985572733041134,-3.07939813574255,-0.2486065409979025,-0.2125036329897391,-0.2764585553993083,-0.1920655606191417,-0.2602534750606717,-0.2826484549298338,,2,9,-2.435111598970968,1.0,-0.0752571374177932,-0.1289507150650024,0.32,1.0,True,False,False,False,False,False,False,False,False,False
S3 strong (ADX up & +DI>-DI),TR3z0.3/T60/SL5,893,245,0.555431131019037,-0.2368611457387857,2.2345416331386105,-0.4689980019897155,-0.0326613497378499,-5.547150977630976,-5.074782377378008,-0.1748404295235157,-0.2916853653467986,-0.3092677596027756,-0.1495335420873282,-0.2677130926614353,-0.2902079974162495,,3,9,-2.0415670596036013,1.0,-0.0558275319635868,-0.1001584231853485,0.35,1.0,True,False,False,False,False,False,False,False,False,False
S3 strong (ADX up & +DI>-DI),TR3z0.3/T120/noSL,893,245,0.6987681970884658,0.0296237114519123,2.7098275956550135,-0.3062112125121213,0.3574574757628729,-38.67273797936422,-15.643041827391691,-0.0540707684975949,0.1036068065971519,-0.0587359885349194,0.1250763552638705,-0.0009989042991946,-0.0224240344801493,1.0351140469666802,4,9,0.1745150395038612,0.999,0.2668646275997162,0.0123108569532632,0.05,0.6,True,False,False,False,False,False,False,False,False,False
S3 strong (ADX up & +DI>-DI),TR3z0.3/T120/SL3,893,245,0.4792833146696528,-0.1816837615369265,-3.0,-0.3565153076888614,-0.0016731790891512,-3.3985572733041134,-3.081118552554516,-0.2045199195968832,-0.1614973686527033,-0.2235291319873076,-0.1435328585892039,-0.2134961716179257,-0.2361245705832447,,2,9,-1.8796995724509629,1.0,-0.0214651487767696,-0.1124017536640167,0.19,0.97,True,False,False,False,False,False,False,False,False,False
S3 strong (ADX up & +DI>-DI),TR3z0.3/T120/SL5,893,245,0.5912653975363942,-0.2203973113667324,2.587783526682809,-0.4550530375262163,0.0046372841486287,-5.547150977630976,-5.076142615802914,-0.1819220274884932,-0.2544081635713362,-0.3051024806620323,-0.1231112669883703,-0.2524277031472238,-0.2752765524609533,,3,9,-1.82865346995915,1.0,-0.017211977392435,-0.0604651533067226,0.36,0.97,True,False,False,False,False,False,False,False,False,False
S3 strong (ADX up & +DI>-DI),TR3z0.5/T15/noSL,893,245,0.5173572228443449,-0.1156023122602934,0.1048815250529035,-0.3035620935383192,0.0555339135874392,-20.120069396355,-8.220575053582726,-0.1171302731407428,-0.1142516464187147,-0.1663555843140325,-0.024357145107183,-0.1474598856140928,-0.1732263577319893,,4,9,-1.173378076651231,1.0,-0.0456899367272853,-0.1617712378501892,0.05,1.0,True,False,False,False,False,False,False,False,False,False
S3 strong (ADX up & +DI>-DI),TR3z0.5/T15/SL3,893,245,0.4624860022396416,-0.1998539414148684,-0.3242968100208286,-0.3507019474940706,-0.0435866738347813,-3.3985572733041134,-3.0703170517959246,-0.2829929142516905,-0.1263618958059477,-0.2464829806915811,-0.1407233348202655,-0.232185904572466,-0.2584321389721202,,3,9,-2.4663339395299686,1.0,-0.1308694630861282,-0.1794309616088867,0.19,1.0,True,False,False,False,False,False,False,False,False,False
S3 strong (ADX up & +DI>-DI),TR3z0.5/T15/SL5,893,245,0.5027995520716685,-0.1792221696516746,0.0126614473283228,-0.3612926001877005,-0.0019562904420549,-5.20929842461748,-5.028228711615087,-0.1839380517947295,-0.1750534890231092,-0.2266077138168201,-0.1071764730305948,-0.2114379629232184,-0.2375667118095697,,3,9,-1.9307135322276423,1.0,-0.1109885275363922,-0.1779509335756302,0.14,1.0,True,False,False,False,False,False,False,False,False,False
S3 strong (ADX up & +DI>-DI),TR3z0.5/T30/noSL,893,245,0.5599104143337066,-0.0907665734816484,0.879639459341687,-0.3220516107020421,0.1322674463371674,-27.812378556378743,-10.173561225175929,-0.0792687450142893,-0.1009302657344404,-0.1708613278702912,0.0027160840522893,-0.1224843059639465,-0.1483788018797595,,4,9,-0.795241952838375,1.0,0.0256189350038766,-0.1265329718589782,0.06,0.97,True,False,False,False,False,False,False,False,False,False
S3 strong (ADX up & +DI>-DI),TR3z0.5/T30/SL3,893,245,0.4613661814109742,-0.2319132437741741,-0.5885434508543717,-0.3956614654461707,-0.0632464387040643,-3.3985572733041134,-3.0774336565104035,-0.2468941713366377,-0.2186706094942749,-0.2859837375029148,-0.1867364598349597,-0.264425721021633,-0.2911239622095736,,2,9,-2.6243085054748976,1.0,-0.1297242790460586,-0.1633006930351257,0.31,1.0,True,False,False,False,False,False,False,False,False,False
S3 strong (ADX up & +DI>-DI),TR3z0.5/T30/SL5,893,245,0.5307950727883539,-0.2064552341244085,0.5123188412097259,-0.3986094306601916,-0.0085234889472704,-5.547150977630976,-5.0573589061008475,-0.1168116338369629,-0.285697150834197,-0.2619476793937625,-0.1227696904075611,-0.2388243667229383,-0.2653776398797423,,5,9,-1.988918676183127,1.0,-0.0955214127898216,-0.1549716293811798,0.22,1.0,True,False,False,False,False,False,False,False,False,False
S3 strong (ADX up & +DI>-DI),TR3z0.5/T60/noSL,893,245,0.6215005599104143,-0.0532629746594209,2.4930014404090497,-0.3343775236098833,0.2240505645503875,-29.91027758542,-13.52863518560783,-0.039005366103893,-0.0658662193530204,-0.1308890659364978,0.0184670016780958,-0.0854425860718224,-0.1117675734426857,,4,9,-0.3637701512530396,1.0,0.1207841262221336,-0.0759306624531745,0.05,0.82,True,False,False,False,False,False,False,False,False,False
S3 strong (ADX up & +DI>-DI),TR3z0.5/T60/SL3,893,245,0.463605823068309,-0.2209189140581435,-1.2659117999655898,-0.3931096383053015,-0.0301070588479543,-3.3985572733041134,-3.07939813574255,-0.2330783696994265,-0.2101703657170093,-0.2639083459656396,-0.1826131391533682,-0.2540425341383305,-0.2813222211018695,,2,9,-2.3447895929114297,1.0,-0.099103957414627,-0.1491221040487289,0.33,1.0,True,False,False,False,False,False,False,False,False,False
S3 strong (ADX up & +DI>-DI),TR3z0.5/T60/SL5,893,245,0.555431131019037,-0.2285850218995251,2.208992892221341,-0.4574321146889645,-0.0029176509443706,-5.547150977630976,-5.074782377378008,-0.1594985987282397,-0.2896550879517796,-0.2971815003124153,-0.1400906054859361,-0.2617518070013413,-0.289075147831602,,3,9,-1.9619343370454791,1.0,-0.0862890258431434,-0.1233171373605728,0.4,1.0,True,False,False,False,False,False,False,False,False,False
S3 strong (ADX up & +DI>-DI),TR3z0.5/T120/noSL,893,245,0.6987681970884658,0.0412592079617069,2.5754610959015225,-0.29180205909293,0.3637401421126868,-38.67273797936422,-15.643041827391691,-0.0349073963736473,0.1085879151695412,-0.0492393667737312,0.1387260302689351,0.0096118160460462,-0.0170950653279852,0.782932672005634,4,9,0.2427355378914188,0.9985,0.2305654436349868,-0.0188780631870031,0.04,0.66,True,False,False,False,False,False,False,False,False,False
S3 strong (ADX up & +DI>-DI),TR3z0.5/T120/SL3,893,245,0.4792833146696528,-0.1762844621719626,-3.0,-0.3527756506162439,0.0084368026462521,-3.3985572733041134,-3.081118552554516,-0.1893742571502204,-0.1647135252608023,-0.2160402971955003,-0.1372909553966809,-0.2091567621401779,-0.2367997210552824,,3,9,-1.8227858181649512,1.0,-0.0502627529203891,-0.1353023201227188,0.23,1.0,True,False,False,False,False,False,False,False,False,False
S3 strong (ADX up & +DI>-DI),TR3z0.5/T120/SL5,893,245,0.5912653975363942,-0.2119455174153661,2.4975581037374197,-0.4360530754144306,0.0218711716573126,-5.547150977630976,-5.076142615802914,-0.1634291547245075,-0.2548323443509563,-0.2946063139178207,-0.1127542746435014,-0.2450186116135558,-0.2728646387589739,,3,9,-1.7485745142489495,1.0,-0.0506033524870872,-0.0874852389097213,0.37,1.0,True,False,False,False,False,False,False,False,False,False
S3 strong (ADX up & +DI>-DI),TR3z1/T15/noSL,893,245,0.5173572228443449,-0.107312796156132,0.1048815250529035,-0.2984776774758042,0.0930322027273586,-20.120069396355,-8.220575053582726,-0.0979174632733087,-0.1156179532825095,-0.1630426276747204,-0.0127332339854465,-0.1414169956506135,-0.1715824793716094,,4,9,-1.0599424718083752,1.0,-0.0722560510039329,-0.1848975718021392,0.07,1.0,True,False,False,False,False,False,False,False,False,False
S3 strong (ADX up & +DI>-DI),TR3z1/T15/SL3,893,245,0.4624860022396416,-0.1949558804665475,-0.3242968100208286,-0.3529842106866179,-0.0295692903744233,-3.3985572733041134,-3.0703170517959246,-0.2606581767117645,-0.136877268384805,-0.2412349251293323,-0.1296431797153464,-0.22955356579611,-0.2602181240932414,,2,9,-2.3225483982910515,1.0,-0.1588766723871231,-0.1999998986721038,0.25,1.0,True,False,False,False,False,False,False,False,False,False
S3 strong (ADX up & +DI>-DI),TR3z1/T15/SL5,893,245,0.5027995520716685,-0.1712230983577497,0.0126614473283228,-0.3464076798776849,0.0130603716657018,-5.20929842461748,-5.028228711615087,-0.16130807917622,-0.1799876406300302,-0.219150782797782,-0.0917113772359856,-0.2056871531574208,-0.2362165675551256,,3,9,-1.7902778352745357,1.0,-0.1365963220596313,-0.2000340223312378,0.14,1.0,True,False,False,False,False,False,False,False,False,False
S3 strong (ADX up & +DI>-DI),TR3z1/T30/noSL,893,245,0.5599104143337066,-0.078055821376929,0.879639459341687,-0.3135579964508501,0.1463336832082153,-27.812378556378743,-10.173561225175929,-0.0625080461253126,-0.0917995298799402,-0.1582527471944409,0.0198387277734935,-0.1121276406554714,-0.1425862362270711,,5,9,-0.671515544439157,1.0,-0.0081890169531106,-0.1606275737285614,0.07,0.97,True,False,False,False,False,False,False,False,False,False
S3 strong (ADX up & +DI>-DI),TR3z1/T30/SL3,893,245,0.4613661814109742,-0.2220090588770921,-0.5885434508543717,-0.4051853120175052,-0.034195471384062,-3.3985572733041134,-3.0774336565104035,-0.2186429814463415,-0.2249845577030088,-0.2714005893491472,-0.1717963677050027,-0.2568914256640814,-0.28816974821761,,2,9,-2.448493251774948,1.0,-0.1578664034605026,-0.1915683150291443,0.32,1.0,True,False,False,False,False,False,False,False,False,False
S3 strong (ADX up & +DI>-DI),TR3z1/T30/SL5,893,245,0.5307950727883539,-0.1935464237322237,0.5123188412097259,-0.396751190573849,-0.0028089905385667,-5.547150977630976,-5.0573589061008475,-0.0930801314256053,-0.2823552348640233,-0.2521052600650044,-0.1047735312582498,-0.2282685279339379,-0.2593847729238751,,5,9,-1.8243508784932392,1.0,-0.1241252645850181,-0.1867671757936477,0.22,1.0,True,False,False,False,False,False,False,False,False,False
S3 strong (ADX up & +DI>-DI),TR3z1/T60/noSL,893,245,0.6215005599104143,-0.0348614253329914,2.11414350985344,-0.3352440102467358,0.2566003704462753,-29.91027758542,-13.52863518560783,-0.0268865926608889,-0.041910908222466,-0.1175256311892809,0.0358536405527396,-0.0692766210757965,-0.0997388133116148,,4,9,-0.2346394143318218,1.0,0.076545275747776,-0.1240235418081283,0.05,0.91,True,False,False,False,False,False,False,False,False,False
S3 strong (ADX up & +DI>-DI),TR3z1/T60/SL3,893,245,0.463605823068309,-0.2110962310170395,-1.2659117999655898,-0.4043612024600457,-0.029161562070896,-3.3985572733041134,-3.07939813574255,-0.213187769060808,-0.2092473819867885,-0.2513529495837843,-0.1656996152266465,-0.2459171517012133,-0.2772368573110413,,2,9,-2.1797719153863966,1.0,-0.138181522488594,-0.1856583207845688,0.36,1.0,True,False,False,False,False,False,False,False,False,False
S3 strong (ADX up & +DI>-DI),TR3z1/T60/SL5,893,245,0.555431131019037,-0.2108242821851757,2.006132485571778,-0.4371076133008196,0.0216259271145826,-5.547150977630976,-5.074782377378008,-0.1390014895296894,-0.2743132064945613,-0.2838850048844507,-0.1169517600456345,-0.2462302597796262,-0.2776944544996109,,3,9,-1.76776115561036,1.0,-0.1216352358460426,-0.1666294038295745,0.35,1.0,True,False,False,False,False,False,False,False,False,False
S3 strong (ADX up & +DI>-DI),TR3z1/T120/noSL,893,245,0.6987681970884658,0.068347384381563,2.295205086709774,-0.2671660221493216,0.3883459934265042,-38.67273797936422,-15.643041827391691,-0.0002108242038683,0.1289505265699508,-0.0289136679368245,0.1694200931649946,0.0316792902593853,0.0003335147891655,0.4940564299916641,5,9,0.3948360211352115,0.997,0.1786267310380935,-0.0771368071436882,0.03,0.72,True,False,False,True,False,True,False,False,False,False
S3 strong (ADX up & +DI>-DI),TR3z1/T120/SL3,893,245,0.4792833146696528,-0.1575576263941702,-3.0,-0.3497825449188517,0.0449624494370032,-3.3985572733041134,-3.081118552554516,-0.1510088317424355,-0.163346539809944,-0.2036153189557543,-0.1168806795585589,-0.1952932413130739,-0.2274922945648381,,2,9,-1.570761958593658,1.0,-0.0859820842742919,-0.1765965074300766,0.18,1.0,True,False,False,False,False,False,False,False,False,False
S3 strong (ADX up & +DI>-DI),TR3z1/T120/SL5,893,245,0.5912653975363942,-0.1885316691575384,2.11414350985344,-0.4456468490219804,0.0393496072293854,-5.547150977630976,-5.076142615802914,-0.1285603454801906,-0.2415442949398352,-0.2762715088792789,-0.0822231354262818,-0.2266461543469405,-0.2594547013041725,,3,9,-1.5160973649421758,1.0,-0.0915520563721656,-0.1385470479726791,0.35,1.0,True,False,False,False,False,False,False,False,False,False
S3 strong (ADX up & +DI>-DI),LOCK2(live),893,245,0.5016797312430011,-0.0617789242750853,1.6704623617250791,-0.2680223207258569,0.1483195102903023,-3.5716470968015877,-3.184142855604237,-0.054537746430253,-0.0681798810619729,-0.1261061529535739,0.0158684066705761,-0.1275153188038999,-0.1799206324266966,,3,9,-0.5647377883327169,1.0,,,,,True,False,False,False,False,False,False,False,False,False
S0 all ON,TP0.5/T15/noSL,1443,255,0.7941787941787942,-0.1411465691470688,0.5050722686023925,-0.2195674670799195,-0.0607032780148192,-19.80164640659543,-5.817991802654043,-0.0929356706725697,-0.1831669631481886,-0.1691286425100527,-0.1245696825874742,-0.1447332381684584,-0.1477209706987724,,1,9,-3.525761813635153,1.0,-0.1560273915529251,-0.1970705986022949,0.12,1.0,True,False,False,False,False,False,False,False,False,False
S0 all ON,TP0.5/T15/SL3,1443,255,0.7560637560637561,-0.1868376676911008,0.5043896872445344,-0.2548337826211977,-0.1150875486939428,-3.4307384638850067,-3.0459089032640048,-0.1768517549054138,-0.1955413426482755,-0.2063362256220098,-0.1703523794844791,-0.1905832070134087,-0.1937309184999157,,0,9,-5.255825185550535,1.0,-0.1967198997735977,-0.2002151310443878,0.38,1.0,True,False,False,False,False,False,False,False,False,False
S0 all ON,TP0.5/T15/SL5,1443,255,0.7872487872487872,-0.1623668773988382,0.5049568182482491,-0.2378496474086947,-0.0856522504033671,-5.111700149136621,-5.015175680202105,-0.1121148437085099,-0.2061663153234823,-0.1897049204124265,-0.1319418990687932,-0.166027330524024,-0.1690893620506937,,1,9,-4.2110178618283785,1.0,-0.1751108914613723,-0.2011314183473587,0.15,1.0,True,False,False,False,False,False,False,False,False,False
S0 all ON,TP0.5/T30/noSL,1443,255,0.8516978516978517,-0.1188919472173466,0.5060196587753487,-0.2179678353062418,-0.0266284456862919,-31.05387013457568,-6.767547895717679,-0.1060204118971304,-0.1301107173018931,-0.1369821694472105,-0.0891701529308132,-0.1224012357730557,-0.1254490722199716,,2,9,-2.501465403710297,1.0,-0.1312243044376373,-0.192327007651329,0.12,1.0,True,False,False,False,False,False,False,False,False,False
S0 all ON,TP0.5/T30/SL3,1443,255,0.7900207900207901,-0.1742347919541303,0.5050722686023925,-0.2468437855164153,-0.1028591565763157,-3.4307384638850067,-3.049536095387314,-0.1641457021230088,-0.1830283955423451,-0.1965962986506595,-0.1516370074023255,-0.177936510428952,-0.1810400952700144,,1,9,-4.7562287844363835,1.0,-0.1832907348871231,-0.1994713842868805,0.25,1.0,True,False,False,False,False,False,False,False,False,False
S0 all ON,TP0.5/T30/SL5,1443,255,0.8364518364518364,-0.1585262240148673,0.5057320244894705,-0.242515447376322,-0.0743023202301772,-5.515441430530798,-5.024949071636079,-0.1315419283432321,-0.1820456101255532,-0.1811308773510093,-0.1228595485147203,-0.1621733229905956,-0.1653599315492265,,1,9,-3.7500976873116354,1.0,-0.1678222268819809,-0.1983048766851425,0.2,1.0,True,False,False,False,False,False,False,False,False,False
S0 all ON,TP0.5/T60/noSL,1443,255,0.8953568953568953,-0.0896243428049837,0.5066830737689112,-0.1968835165310461,0.0152241134191043,-30.5445417789412,-7.802629598821388,-0.1073536124711264,-0.0741715941465558,-0.1215031467843494,-0.040057950239345,-0.0931004664937285,-0.0960804096923746,,5,9,-1.7248433209302163,1.0,-0.100825048983097,-0.1954843699932098,0.06,1.0,True,False,False,False,False,False,False,False,False,False
S0 all ON,TP0.5/T60/SL3,1443,255,0.8024948024948025,-0.1690030289697414,0.5052543407910961,-0.2407248944171481,-0.1018420072600403,-3.4307384638850067,-3.049959296408197,-0.146239662791249,-0.1888434726428244,-0.1891716246920162,-0.1432167076685629,-0.172686556335438,-0.1757718231231385,,0,9,-4.611794979735438,1.0,-0.1777639687061309,-0.2048499882221222,0.15,1.0,True,False,False,False,False,False,False,False,False,False
S0 all ON,TP0.5/T60/SL5,1443,255,0.8620928620928621,-0.1685364115023564,0.506170076338154,-0.2590961897834418,-0.0833044244084078,-5.515441430530798,-5.029736586244432,-0.1409586680283533,-0.1925730439466237,-0.1897373815604606,-0.1302572918779982,-0.1722183164151066,-0.1754399737993638,,2,9,-3.81940537210497,1.0,-0.1802218109369278,-0.2068991810083389,0.23,1.0,True,False,False,False,False,False,False,False,False,False
S0 all ON,TP0.5/T120/noSL,1443,255,0.9106029106029108,-0.1161679721510885,0.5069015109652644,-0.2361871124460987,-0.0060582064445581,-37.317926834292734,-9.246607378061952,-0.1786058518652009,-0.0617474077310062,-0.1463407338620025,-0.0627500638875346,-0.119866255864887,-0.1229889659671096,,3,9,-1.878080033391463,1.0,-0.1345745474100113,-0.1938120722770691,0.14,1.0,True,False,False,False,False,False,False,False,False,False
S0 all ON,TP0.5/T120/SL3,1443,255,0.8038808038808039,-0.1728840052489798,0.5052830788997222,-0.2451728767195982,-0.1033705213986069,-3.4307384638850067,-3.050215833010695,-0.1501261758885731,-0.192719623057272,-0.1932122699528629,-0.1471633034775052,-0.1765810269689156,-0.1796798822794126,,0,9,-4.743721128725967,1.0,-0.182235911488533,-0.2059016972780227,0.21,1.0,True,False,False,False,False,False,False,False,False,False
S0 all ON,TP0.5/T120/SL5,1443,255,0.8676368676368676,-0.1772694618748433,0.5062064796024459,-0.2667225192333203,-0.0929993330723931,-5.515441430530798,-5.031300811104033,-0.1499949493626545,-0.2010417996286576,-0.199221588590342,-0.1374945108240952,-0.1809817320531445,-0.1842339666029218,,1,9,-4.018955598702805,1.0,-0.1894025802612304,-0.2058911174535751,0.39,1.0,True,False,False,False,False,False,False,False,False,False
S0 all ON,TP1/T15/noSL,1443,255,0.6805266805266805,-0.1582757601047192,1.003114066430101,-0.2674935261007191,-0.056512700725125,-20.120069396355,-6.8251823895676225,-0.1101435199301458,-0.2002275958989,-0.1787238692881322,-0.1286040849835766,-0.1637003387087623,-0.1685800852650225,,2,9,-3.0048901612725523,1.0,-0.1786574721336364,-0.1945564448833465,0.38,1.0,True,False,False,False,False,False,False,False,False,False
S0 all ON,TP1/T15/SL3,1443,255,0.6354816354816355,-0.1975831657328824,1.0024002635435916,-0.2816498872050304,-0.1118714106609556,-3.4307384638850067,-3.05365235977729,-0.205731241347823,-0.1904813410723893,-0.2231232293459243,-0.175228407350184,-0.2031444182090678,-0.208161792397918,,1,9,-4.581377645588348,1.0,-0.2075933814048767,-0.2005166113376617,0.6,1.0,True,False,False,False,False,False,False,False,False,False
S0 all ON,TP1/T15/SL5,1443,255,0.6722106722106722,-0.1714591708249359,1.0029431180844883,-0.2609564860886333,-0.0715032953815278,-5.111700149136621,-5.019979506317835,-0.1287499082310141,-0.2086843646811167,-0.2003499654125901,-0.1285127998357626,-0.1769295888264763,-0.1818554946643755,,1,9,-3.5485947493757117,1.0,-0.1870450228452682,-0.2000379115343094,0.4,1.0,True,False,False,False,False,False,False,False,False,False
S0 all ON,TP1/T30/noSL,1443,255,0.7532917532917532,-0.1331517858908559,1.0045792221967678,-0.2692465300477146,-0.000400458952439,-31.05387013457568,-8.550353708503982,-0.0585321364159276,-0.1981899239546067,-0.1610131471726169,-0.0714368816339322,-0.1384890117954164,-0.1434145164317917,,2,9,-1.9472787193447816,1.0,-0.1531877070665359,-0.187410220503807,0.25,1.0,True,False,False,False,False,False,False,False,False,False
S0 all ON,TP1/T30/SL3,1443,255,0.6729036729036729,-0.1826306117524613,1.0033162850772173,-0.2753367944800443,-0.0927894125287487,-3.4307384638850067,-3.059881443072154,-0.1852201037372736,-0.1803736226295119,-0.2121451171283023,-0.151747160989686,-0.1881398734289931,-0.1931354407421258,,1,9,-4.012558223705683,1.0,-0.1904347538948059,-0.1975040286779403,0.42,1.0,True,False,False,False,False,False,False,False,False,False
S0 all ON,TP1/T30/SL5,1443,255,0.7338877338877339,-0.1454308793238378,1.004439635870381,-0.2587643602788266,-0.0291734606466385,-5.515441430530798,-5.030944218469551,-0.0887185920906036,-0.1948610440718707,-0.1707926687777305,-0.0884566005995149,-0.1508108002681512,-0.1557792978859387,,4,9,-2.6053226824196356,1.0,-0.1575395464897155,-0.1949468106031417,0.22,1.0,True,False,False,False,False,False,False,False,False,False
S0 all ON,TP1/T60/noSL,1443,255,0.8156618156618156,-0.0803866572579116,1.0056852888643788,-0.2242129396262812,0.0592035437792995,-30.5445417789412,-9.5868753123874,-0.0805582738191286,-0.0802370770644773,-0.1099375109887486,-0.0305471319111146,-0.0855404160949027,-0.0902811733631674,,5,9,-1.078726300848244,1.0,-0.0914877578616142,-0.1862343400716781,0.1,1.0,True,False,False,False,False,False,False,False,False,False
S0 all ON,TP1/T60/SL3,1443,255,0.693000693000693,-0.1854150107523005,1.0039715298943557,-0.278110570019245,-0.0904794420369072,-3.4307384638850067,-3.0618526697788666,-0.1744976017608019,-0.1949305734530619,-0.2127041061148377,-0.1519189538132799,-0.190933953927441,-0.1959392703002332,,1,9,-3.974533765747047,1.0,-0.1918425858020782,-0.2029729485511779,0.4,1.0,True,False,False,False,False,False,False,False,False,False
S0 all ON,TP1/T60/SL5,1443,255,0.7733887733887734,-0.1698542188802712,1.005095058377027,-0.2901656908725596,-0.0536634819372917,-5.515441430530798,-5.041907959585065,-0.1016660564048219,-0.2292867029055656,-0.1986966604670015,-0.1145731995418332,-0.1753190610330562,-0.1803730724706795,,3,9,-2.8720651275107665,1.0,-0.1824265271425247,-0.1993254274129867,0.38,1.0,True,False,False,False,False,False,False,False,False,False
S0 all ON,TP1/T120/noSL,1443,255,0.8516978516978517,-0.1072387192592044,1.0063517524260503,-0.2981336725605994,0.0573576620699558,-38.67273797936422,-11.570190009728384,-0.1326791863889122,-0.0850649268971245,-0.1356603260442458,-0.0569683953263032,-0.1127240147348574,-0.1176677896831186,,4,9,-1.129384798154475,1.0,-0.1263893097639084,-0.1703302413225174,0.28,1.0,True,False,False,False,False,False,False,False,False,False
S0 all ON,TP1/T120/SL3,1443,255,0.6999306999306999,-0.1842781698725543,1.004092436433314,-0.2771732146105354,-0.0980928524088481,-3.4307384638850067,-3.0620062893081084,-0.1690810023745379,-0.1975239501042884,-0.211109957476529,-0.1517875405338219,-0.1897931601934536,-0.1947944961275369,,1,9,-3.909406017597018,1.0,-0.1923567950725555,-0.205673485994339,0.38,1.0,True,False,False,False,False,False,False,False,False,False
S0 all ON,TP1/T120/SL5,1443,255,0.7907137907137907,-0.1791917221098821,1.0054047856340689,-0.3063129406365689,-0.057562798623938,-5.515441430530798,-5.0434092615915,-0.0922484571362809,-0.2549710659001026,-0.2042674170812393,-0.1171177954452641,-0.1846890312419077,-0.1897757362252701,,1,9,-2.8498188353871647,1.0,-0.1918410658836364,-0.193871721625328,0.48,1.0,True,False,False,False,False,False,False,False,False,False
S0 all ON,TP1.5/T15/noSL,1443,255,0.6063756063756064,-0.1376664233084372,1.500767534928073,-0.2648436515188592,-0.0187977722973873,-20.120069396355,-7.235293117717696,-0.1065879897811272,-0.1647542408575323,-0.163931620312718,-0.1177614338302737,-0.1443606618711736,-0.1506617635764166,,2,9,-2.281762519003495,1.0,-0.1622309535741806,-0.1967871040105819,0.22,1.0,True,False,False,False,False,False,False,False,False,False
S0 all ON,TP1.5/T15/SL3,1443,255,0.5550935550935551,-0.2081177282884543,0.956130102669174,-0.3065961685663361,-0.1163210381887253,-3.4307384638850067,-3.0588929739902304,-0.2526868208422326,-0.1692715153232936,-0.2316898373662958,-0.1862437181273124,-0.2150569296640558,-0.2215858394989007,,0,9,-4.320271566614749,1.0,-0.2195723503828048,-0.2025503516197204,0.63,1.0,True,False,False,False,False,False,False,False,False,False
S0 all ON,TP1.5/T15/SL5,1443,255,0.5945945945945946,-0.1756905628165642,1.5004620791211356,-0.2836789745960897,-0.0668051104131377,-5.111700149136621,-5.021640015584086,-0.1545632221539559,-0.1941050542890321,-0.2117606458005375,-0.1412309126057491,-0.182517013269106,-0.1889512494872519,,1,9,-3.152950962517996,1.0,-0.1945616155862808,-0.2026605457067489,0.47,1.0,True,False,False,False,False,False,False,False,False,False
S0 all ON,TP1.5/T30/noSL,1443,255,0.6756756756756757,-0.0884147021401667,1.5032931684366715,-0.2410166136756437,0.0524809101050125,-31.05387013457568,-9.067907815939474,-0.0276808441988531,-0.1413500491395996,-0.1159965367451099,-0.0401823750898932,-0.0950968764944426,-0.1014036300520987,,4,9,-1.183641476433465,1.0,-0.1129274070262909,-0.1867589950561523,0.13,1.0,True,False,False,False,False,False,False,False,False,False
S0 all ON,TP1.5/T30/SL3,1443,255,0.5828135828135829,-0.2056520310537541,1.5013632812264768,-0.3106963751147872,-0.0987325845669317,-3.4307384638850067,-3.0649062941500342,-0.2452856036400592,-0.1711075942470134,-0.2317856461870728,-0.1733810632499214,-0.2127340258293778,-0.2193390097424181,,1,9,-3.856313683737885,1.0,-0.2145682871341705,-0.1997458040714264,0.61,1.0,True,False,False,False,False,False,False,False,False,False
S0 all ON,TP1.5/T30/SL5,1443,255,0.6514206514206514,-0.1430868510833346,1.5027952091972063,-0.2853908343541729,-0.008564004408477,-5.547150977630976,-5.04030439423497,-0.0976195710434612,-0.1827159200675044,-0.1803028850448173,-0.0894612853541729,-0.1499591233129345,-0.1564573013186663,,3,9,-2.179393938138569,1.0,-0.1567913889884948,-0.1957024037837982,0.25,1.0,True,False,False,False,False,False,False,False,False,False
S0 all ON,TP1.5/T60/noSL,1443,255,0.7456687456687456,-0.0509258029146385,1.504916974166616,-0.2264599666346287,0.1104156980851539,-30.5445417789412,-10.458163699806969,-0.0425379935127756,-0.0582365784244335,-0.0748963672324787,-0.0118214878650931,-0.0575135151825605,-0.0637458614725954,,4,9,-0.5899407413609888,1.0,-0.069950632750988,-0.1844200491905212,0.06,1.0,True,False,False,False,False,False,False,False,False,False
S0 all ON,TP1.5/T60/SL3,1443,255,0.6008316008316008,-0.232748772076945,1.502185355556597,-0.3470595425376893,-0.124478475687451,-3.4307384638850067,-3.06701368108282,-0.2625217902632074,-0.2067987484437825,-0.252339884602639,-0.208307662952134,-0.2399249836155143,-0.2466248417706555,,0,9,-4.201194251383545,1.0,-0.2399221211671829,-0.2037696987390518,0.74,1.0,True,False,False,False,False,False,False,False,False,False
S0 all ON,TP1.5/T60/SL5,1443,255,0.6943866943866944,-0.1785383716976494,1.5042554309884228,-0.3222536740467087,-0.0460674183142129,-5.547150977630976,-5.052092838067333,-0.1339690975228772,-0.2173847429628206,-0.2079934425245773,-0.1394731582006047,-0.1855339106887733,-0.1921598535619845,,2,9,-2.594026247626865,1.0,-0.1919772773981094,-0.1982965320348739,0.48,1.0,True,False,False,False,False,False,False,False,False,False
S0 all ON,TP1.5/T120/noSL,1443,255,0.799029799029799,-0.081369040055403,1.5057795742479354,-0.2954217490474647,0.1238145261908052,-38.67273797936422,-13.049936498821529,-0.1171750354251396,-0.0501607016786675,-0.1290236587280236,-0.0480605443505378,-0.0881971753831566,-0.0945923052244322,,4,9,-0.7524900869931854,1.0,-0.1054997742176055,-0.1613609939813614,0.32,1.0,True,False,False,False,False,False,False,False,False,False
S0 all ON,TP1.5/T120/SL3,1443,255,0.6098406098406098,-0.2356358621874143,1.502373392767288,-0.3487231921677797,-0.1208805425677663,-3.4307384638850067,-3.0693874950655986,-0.2650069031979221,-0.2100361999837032,-0.255264438235833,-0.2156333253664241,-0.2428221122868684,-0.2495320790556571,,0,9,-4.217390530745509,1.0,-0.2430091202259063,-0.2062137424945831,0.76,1.0,True,False,False,False,False,False,False,False,False,False
S0 all ON,TP1.5/T120/SL5,1443,255,0.7193347193347194,-0.2006220835016039,1.5047031621669107,-0.338461299672421,-0.0564054848682547,-5.547150977630976,-5.053762418617611,-0.1423841056223638,-0.2513820330928482,-0.2409639691590112,-0.1519577642259797,-0.2076944086951061,-0.2143976736130006,,2,9,-2.7639055332404956,1.0,-0.2125860154628753,-0.189645916223526,0.62,1.0,True,False,False,False,False,False,False,False,False,False
S0 all ON,TP2/T15/noSL,1443,255,0.5467775467775468,-0.1495990341818921,0.4046210344301539,-0.2781774703593474,-0.0250012646059966,-20.120069396355,-7.423023924280355,-0.110482080146529,-0.1836931886718583,-0.1818538029950827,-0.1088162097614187,-0.1581248817978399,-0.166125408232018,,2,9,-2.2901100476442693,1.0,-0.1836740225553512,-0.1948943585157394,0.39,1.0,True,False,False,False,False,False,False,False,False,False
S0 all ON,TP2/T15/SL3,1443,255,0.5003465003465003,-0.2207382651563819,0.0040874575537154,-0.3224202407052055,-0.1134528268408117,-3.4307384638850067,-3.0600605978401356,-0.2636080077513319,-0.1833731976806278,-0.2431468464133474,-0.1813548062232635,-0.2295114675392786,-0.2377502316712142,,0,9,-4.074395910668712,1.0,-0.2416761070489883,-0.2022234946489334,0.84,1.0,True,False,False,False,False,False,False,False,False,False
S0 all ON,TP2/T15/SL5,1443,255,0.5363825363825364,-0.1938793415846527,0.3410458695268583,-0.3225560293151988,-0.0741062941556019,-5.111700149136621,-5.023025919997711,-0.1525995028348459,-0.2298586562926556,-0.2366593742881237,-0.1410091198400971,-0.2025591541081208,-0.2107147198734583,,1,9,-3.129793987466901,1.0,-0.2255624830722808,-0.2025962322950363,0.71,1.0,True,False,False,False,False,False,False,False,False,False
S0 all ON,TP2/T30/noSL,1443,255,0.6188496188496189,-0.0790888831876435,2.001416970450022,-0.2366220296979082,0.0811946824547765,-31.05387013457568,-9.52112725350213,0.0012753342309753,-0.1491339598482296,-0.1129611882441288,-0.0257223979976179,-0.0876728022095682,-0.0955104438441832,,5,9,-0.992505848010674,1.0,-0.1127294301986694,-0.1838497966527938,0.16,1.0,True,False,False,False,False,False,False,False,False,False
S0 all ON,TP2/T30/SL3,1443,255,0.5239085239085239,-0.2044759115673479,0.7587337299122434,-0.3219153450705231,-0.0885597969872134,-3.4307384638850067,-3.065801003229939,-0.2285790314315495,-0.1834677448374601,-0.2267107487355243,-0.1592517172334051,-0.2134718109282028,-0.2217034895850634,,1,9,-3.4330674257710063,1.0,-0.2222825437784195,-0.1985138058662414,0.69,1.0,True,False,False,False,False,False,False,False,False,False
S0 all ON,TP2/T30/SL5,1443,255,0.5911295911295912,-0.1622131649947847,2.000879393105605,-0.3025844960152067,-0.0316917189121525,-5.547150977630976,-5.042522505657922,-0.0817762036647257,-0.2323216449089216,-0.2025470485711485,-0.0977431960727523,-0.1710861114221585,-0.1792147974015485,,4,9,-2.26011686475523,1.0,-0.1885456442832946,-0.1948877125978469,0.42,1.0,True,False,False,False,False,False,False,False,False,False
S0 all ON,TP2/T60/noSL,1443,255,0.6923076923076923,-0.0593256287492031,2.00361330331902,-0.2644489470210329,0.1366470803202302,-30.5445417789412,-11.747533582141555,-0.0586793223917385,-0.0598889463525964,-0.08347824785289,-0.0028067016539001,-0.0678872896223857,-0.0757186163032471,,6,9,-0.5989097239429991,1.0,-0.0837970748543739,-0.180601879954338,0.08,1.0,True,False,False,False,False,False,False,False,False,False
S0 all ON,TP2/T60/SL3,1443,255,0.5405405405405406,-0.2300530936061639,2.000354072563028,-0.3509208283988936,-0.1144328026701075,-3.4307384638850067,-3.069095840778437,-0.254636129098854,-0.2086266346553368,-0.2554640862737483,-0.1955464083579777,-0.2391379261451788,-0.2474591585885606,,1,9,-3.685813077695303,1.0,-0.2435439974069595,-0.1998568028211593,0.81,1.0,True,False,False,False,False,False,False,False,False,False
S0 all ON,TP2/T60/SL5,1443,255,0.6340956340956341,-0.1998226897345466,2.00254173982133,-0.3583843835753043,-0.0470462935871766,-5.547150977630976,-5.055616900752635,-0.1263465695573728,-0.2638641330018109,-0.2296745320816064,-0.1464448786458631,-0.2088728661188049,-0.2171961173512936,,3,9,-2.5511184662564586,1.0,-0.2234325408935547,-0.1946270912885666,0.64,1.0,True,False,False,False,False,False,False,False,False,False
S0 all ON,TP2/T120/noSL,1443,255,0.7491337491337491,-0.0800663117446919,2.004912293451612,-0.3271219465601008,0.1383271573642544,-38.67273797936422,-14.305371994760874,-0.1689221193616787,-0.0026200047166567,-0.126431391229602,-0.0155805718524998,-0.0888574262050591,-0.0968793558217801,,3,9,-0.6711210145383629,1.0,-0.1044522449374198,-0.1575969457626342,0.28,1.0,True,False,False,False,False,False,False,False,False,False
S0 all ON,TP2/T120/SL3,1443,255,0.5502425502425502,-0.2300041861854199,2.0008951179250514,-0.3592052171479601,-0.1022677694074494,-3.4307384638850067,-3.071383945416645,-0.2559980951357949,-0.2073480165166106,-0.2462918049743171,-0.1961260238543942,-0.2390888486708161,-0.2474099098738826,,0,9,-3.667699100738255,1.0,-0.2434009462594986,-0.2030875980854034,0.78,1.0,True,False,False,False,False,False,False,False,False,False
S0 all ON,TP2/T120/SL5,1443,255,0.6638946638946639,-0.2004326801371894,2.0032466181614264,-0.3658884543280548,-0.0475459184268061,-5.547150977630976,-5.056876611412842,-0.1215129449662693,-0.2692187528153456,-0.2419610349481819,-0.1436887816809586,-0.2094849774894679,-0.2178184890790462,,3,9,-2.456731244820419,1.0,-0.2217508554458618,-0.1834168434143066,0.76,1.0,True,False,False,False,False,False,False,False,False,False
S0 all ON,TP3/T15/noSL,1443,255,0.4913374913374913,-0.1764264175370309,-0.055226823497033,-0.3226329531461681,-0.0384375122704615,-20.120069396355,-7.802361577065834,-0.1481138808044728,-0.2011034923545134,-0.2175142540028766,-0.129133275778574,-0.1882315265844545,-0.1996899003939409,,2,9,-2.416219320640175,1.0,-0.2224198132753372,-0.2052753567695617,0.63,1.0,True,False,False,False,False,False,False,False,False,False
S0 all ON,TP3/T15/SL3,1443,255,0.4442134442134442,-0.2500534843158338,-0.4115744536135045,-0.3722240252785423,-0.1351374970878632,-3.4307384638850067,-3.0642613057610424,-0.2877693320679835,-0.2171805275201858,-0.2706409709886956,-0.2178415518383102,-0.2621034600699705,-0.27379557828762,,0,9,-4.128225051549128,1.0,-0.2791662216186523,-0.2120726704597473,0.92,1.0,True,False,False,False,False,False,False,False,False,False
S0 all ON,TP3/T15/SL5,1443,255,0.4809424809424809,-0.2291051597823505,-0.1084325485124924,-0.3661724189934215,-0.1046986218817827,-5.20929842461748,-5.0262426805124045,-0.1946819172431517,-0.2591082972484226,-0.2758721949120434,-0.1726041610790717,-0.2410934355274284,-0.2527362542390185,,1,9,-3.3268074967690677,1.0,-0.2715048789978027,-0.2131790667772293,0.85,1.0,True,False,False,False,False,False,False,False,False,False
S0 all ON,TP3/T30/noSL,1443,255,0.5377685377685377,-0.1200459329145022,0.5321465051127308,-0.3004799909773148,0.0483476399620854,-31.05387013457568,-10.06172577058312,-0.0700093828038157,-0.1636575563572795,-0.1723798823429605,-0.0612546371987091,-0.1319136964025128,-0.1433249536317507,,4,9,-1.3425591515124646,1.0,-0.1573124527931213,-0.1954004615545272,0.28,1.0,True,False,False,False,False,False,False,False,False,False
S0 all ON,TP3/T30/SL3,1443,255,0.4490644490644491,-0.2363959510830048,-0.5603697316031928,-0.3717476143778433,-0.0988190073195476,-3.4307384638850067,-3.070911368569431,-0.22357552886961,-0.2475701712223062,-0.2634648247960955,-0.2003232909692074,-0.2486576259133691,-0.2604001386746672,,1,9,-3.52103105620183,1.0,-0.2572729587554931,-0.2114989310503006,0.81,1.0,True,False,False,False,False,False,False,False,False,False
S0 all ON,TP3/T30/SL5,1443,255,0.5142065142065142,-0.2031901668968325,0.1557275625593725,-0.3608683428242277,-0.0443860896671582,-5.547150977630976,-5.04622915657884,-0.1250910771764846,-0.2712609688320773,-0.2433221843586805,-0.1359427868885084,-0.2153470271650319,-0.2270493985979073,,5,9,-2.556544945193641,1.0,-0.2318784892559051,-0.2067779302597046,0.66,1.0,True,False,False,False,False,False,False,False,False,False
S0 all ON,TP3/T60/noSL,1443,255,0.6008316008316008,-0.1351856332600379,3.0007488913118787,-0.3703269673582546,0.085180053241931,-30.5445417789412,-13.289903134516738,-0.1536263710097635,-0.1191127723419891,-0.1832791110575986,-0.0522086506594737,-0.1471859198807029,-0.1587470319296475,,5,9,-1.1106420738489775,1.0,-0.1602767258882522,-0.1867345571517944,0.39,1.0,True,False,False,False,False,False,False,False,False,False
S0 all ON,TP3/T60/SL3,1443,255,0.4525294525294525,-0.234711287696247,-1.47770066955749,-0.3755505403382387,-0.0940205352404627,-3.4307384638850067,-3.074885099260119,-0.2073412288327206,-0.2585669032037565,-0.2621989254779495,-0.2017040301562576,-0.2470576301390134,-0.2588500243427148,,1,9,-3.259944102895288,1.0,-0.2516504824161529,-0.210855945944786,0.77,1.0,True,False,False,False,False,False,False,False,False,False
S0 all ON,TP3/T60/SL5,1443,255,0.544005544005544,-0.2080136038196764,1.7275751487233717,-0.3772412117149059,-0.0341787552159926,-5.547150977630976,-5.060963090998762,-0.134280479667793,-0.2722790505512791,-0.2440901433330599,-0.1508291689993018,-0.2202671170417309,-0.2320832228002395,,4,9,-2.346991626022993,1.0,-0.2302896529436111,-0.2038142830133438,0.64,1.0,True,False,False,False,False,False,False,False,False,False
S0 all ON,TP3/T120/noSL,1443,255,0.668052668052668,-0.0872298088962199,3.0030335229644947,-0.3560177317304516,0.1645704367114301,-38.67273797936422,-15.785128969830298,-0.2384996539783871,0.0446162817590543,-0.1408408785299029,0.0470693538901766,-0.0991754009145788,-0.1108497592171624,,4,9,-0.6155914936058067,1.0,-0.1152021512389183,-0.1628980487585067,0.34,1.0,True,False,False,False,False,False,False,False,False,False
S0 all ON,TP3/T120/SL3,1443,255,0.4656964656964657,-0.197703313059446,-3.000160724965438,-0.3412600189746576,-0.0589824502285803,-3.4307384638850067,-3.078150886710155,-0.1706202302611231,-0.2213088015684901,-0.2229662843974618,-0.1703344368337252,-0.2099209768699556,-0.2216246339955041,,1,9,-2.6918422601264296,1.0,-0.2124907374382019,-0.2127466648817062,0.48,1.0,True,False,False,False,False,False,False,False,False,False
S0 all ON,TP3/T120/SL5,1443,255,0.5772695772695773,-0.2060028505513135,3.0010267124672265,-0.3837821665543134,-0.0245475191026841,-5.547150977630976,-5.062722899987319,-0.1286106036543956,-0.2734575715820902,-0.2598110796744252,-0.1534525130458884,-0.2182493722807799,-0.2300786559355004,,3,9,-2.164088989034163,1.0,-0.2238593995571136,-0.1927601099014282,0.6,1.0,True,False,False,False,False,False,False,False,False,False
S0 all ON,TR0.5z0.3/T15/noSL,1443,255,0.781011781011781,-0.1681216016332543,0.3095027673896146,-0.2505872428576511,-0.0869484832042086,-19.80164640659543,-5.817991802654043,-0.1133737079877426,-0.215839610102494,-0.2070960281894022,-0.1518164179276632,-0.1841028402645492,-0.1910024283378213,,1,9,-4.128625052515801,1.0,-0.0991530045866966,-0.1573966741561889,0.05,1.0,True,False,False,False,False,False,False,False,False,False
S0 all ON,TR0.5z0.3/T15/SL3,1443,255,0.7449757449757449,-0.2088277212117252,0.2973180470597704,-0.2830281619517801,-0.1382339517992435,-3.4307384638850067,-3.0459089032640048,-0.1929106115530895,-0.2227009996690575,-0.2320033486575165,-0.1926019106975098,-0.2249504971155462,-0.231992610160385,,0,9,-5.5992803068748955,1.0,-0.1446366608142852,-0.1638622134923935,0.22,1.0,True,False,False,False,False,False,False,False,False,False
S0 all ON,TR0.5z0.3/T15/SL5,1443,255,0.7747747747747747,-0.1872832614488717,0.3088472470876637,-0.2686401772316279,-0.1083783213888519,-5.111700149136621,-5.015175680202105,-0.1300739497207921,-0.2371466304258748,-0.2253766108109664,-0.1586469604848819,-0.2033311261574114,-0.2102978052491513,,1,9,-4.701461294384348,1.0,-0.1191702336072921,-0.1629064977169037,0.06,1.0,True,False,False,False,False,False,False,False,False,False
S0 all ON,TR0.5z0.3/T30/noSL,1443,255,0.8371448371448371,-0.1522469904522437,0.3350985593747925,-0.2532499672997499,-0.0563057771347177,-31.05387013457568,-6.767547895717679,-0.1346145456244831,-0.1676153470336381,-0.180752077079792,-0.1237150441408011,-0.168173032243549,-0.1750505512285469,,1,9,-3.151011798838141,1.0,-0.0699749365448951,-0.1457604467868805,0.07,1.0,True,False,False,False,False,False,False,False,False,False
S0 all ON,TR0.5z0.3/T30/SL3,1443,255,0.7789327789327789,-0.1992010862709338,0.3108307583845184,-0.2738809800925784,-0.1274612539312155,-3.4307384638850067,-3.049536095387314,-0.1859309465392112,-0.2107672780993612,-0.219160441798711,-0.1786475711160381,-0.2152903898696755,-0.2222987970274038,,0,9,-5.2296771449567645,1.0,-0.1284491568803787,-0.1592087596654892,0.17,1.0,True,False,False,False,False,False,False,False,False,False
S0 all ON,TR0.5z0.3/T30/SL5,1443,255,0.8232848232848233,-0.1880063210241256,0.3306436250811741,-0.276044857623105,-0.1024482419664195,-5.515441430530798,-5.024949071636079,-0.1569913024675268,-0.2150388663808499,-0.2153418606826537,-0.1537880711541512,-0.2040566998480175,-0.2110594235350548,,2,9,-4.333138572880267,1.0,-0.1082329154014587,-0.1544368714094162,0.1,1.0,True,False,False,False,False,False,False,False,False,False
S0 all ON,TR0.5z0.3/T60/noSL,1443,255,0.8794178794178794,-0.1263632654810588,0.350959298722532,-0.2345407751257129,-0.0248004738523477,-30.5445417789412,-7.802629598821388,-0.1388532118409184,-0.1154770865526207,-0.170458910604933,-0.0800898270501271,-0.1421993082286534,-0.1489862001235784,,1,9,-2.387067719068981,1.0,-0.0371591486036777,-0.1413574367761612,0.04,0.99,True,False,False,False,False,False,False,False,False,False
S0 all ON,TR0.5z0.3/T60/SL3,1443,255,0.7907137907137907,-0.1944584691958666,0.3211626365000843,-0.2710602159078848,-0.1161171126482035,-3.4307384638850067,-3.049959296408197,-0.1700008650256455,-0.2157756027917012,-0.218145140123062,-0.1708691758599415,-0.2105312824709814,-0.2175230842295517,,1,9,-5.091892567652405,1.0,-0.1223485320806503,-0.1618233174085617,0.09,1.0,True,False,False,False,False,False,False,False,False,False
S0 all ON,TR0.5z0.3/T60/SL5,1443,255,0.8482328482328483,-0.1992077453050357,0.3427226264240314,-0.293001649247996,-0.1064200278240265,-5.515441430530798,-5.029736586244432,-0.1688788044461429,-0.2256423085439149,-0.2318539716816282,-0.1624031525403523,-0.2152970720575816,-0.2223390154662154,,2,9,-4.400527497869586,1.0,-0.1204321682453155,-0.1579492539167404,0.16,1.0,True,False,False,False,False,False,False,False,False,False
S0 all ON,TR0.5z0.3/T120/noSL,1443,255,0.8925848925848926,-0.154723683618947,0.3560858987201167,-0.2902543945089926,-0.0391978580173107,-37.317926834292734,-9.246607378061952,-0.2110346034377613,-0.1056433488352333,-0.1899163030336422,-0.1042188206558796,-0.1706583369998445,-0.1776300920178677,,3,9,-2.4710835148864327,1.0,-0.0622359402477741,-0.1314982026815414,0.12,1.0,True,False,False,False,False,False,False,False,False,False
S0 all ON,TR0.5z0.3/T120/SL3,1443,255,0.7920997920997921,-0.198306833648575,0.3213401422217167,-0.2758151472121441,-0.1254557356079437,-3.4307384638850067,-3.050215833010695,-0.1738173500490372,-0.2196517532061488,-0.219113362903542,-0.1747789205602834,-0.2143930278849301,-0.2213983039819999,,0,9,-5.222711147377996,1.0,-0.1267743408679962,-0.1614279001951217,0.17,1.0,True,False,False,False,False,False,False,False,False,False
S0 all ON,TR0.5z0.3/T120/SL5,1443,255,0.8537768537768538,-0.2083754850416144,0.3432975029621822,-0.2972484979338038,-0.1186265616741297,-5.515441430530798,-5.031300811104033,-0.1781179584402047,-0.2347478039471231,-0.2386842551769905,-0.1700541218117353,-0.2244966884969995,-0.2315707310558058,,2,9,-4.620490216868113,1.0,-0.1288585215806961,-0.1531687378883361,0.29,1.0,True,False,False,False,False,False,False,False,False,False
S0 all ON,TR0.5z0.5/T15/noSL,1443,255,0.7567567567567568,-0.1623866458520472,0.2234065564887157,-0.2422233645216221,-0.0796603880536608,-19.80164640659543,-5.817991802654043,-0.0956187930928613,-0.2205811945604426,-0.2027725114704428,-0.143053794659677,-0.1797266576578729,-0.1896846545918957,,1,9,-3.9434821420549007,1.0,-0.1064192131161689,-0.1695030778646469,0.05,1.0,True,False,False,False,False,False,False,False,False,False
S0 all ON,TR0.5z0.5/T15/SL3,1443,255,0.7214137214137214,-0.2042010164966241,0.1982401323401563,-0.2740182490177595,-0.1290679660997258,-3.4307384638850067,-3.0459089032640048,-0.1734673057351274,-0.2309883752926368,-0.2294419524118074,-0.1846064072627249,-0.2216864190209637,-0.2317908212633015,,1,9,-5.413282176648854,1.0,-0.1509498208761215,-0.1751805245876312,0.19,1.0,True,False,False,False,False,False,False,False,False,False
S0 all ON,TR0.5z0.5/T15/SL5,1443,255,0.7505197505197505,-0.1814993672628349,0.2173633209241256,-0.2651186836483716,-0.1040364930153517,-5.111700149136621,-5.015175680202105,-0.1119670455960245,-0.2421034141630897,-0.2209985205849212,-0.1484552155457288,-0.1989058349845535,-0.2089307515882437,,1,9,-4.489932273160026,1.0,-0.125585451722145,-0.1748439371585846,0.07,1.0,True,False,False,False,False,False,False,False,False,False
S0 all ON,TR0.5z0.5/T30/noSL,1443,255,0.8121968121968122,-0.1454146861848577,0.2518905345775048,-0.2441534282619424,-0.0521517423603083,-31.05387013457568,-6.767547895717679,-0.1143850863545736,-0.1724599405116422,-0.1757106022850345,-0.1135724698802732,-0.1626956856135374,-0.1725942583603853,,1,9,-2.9739500818768616,1.0,-0.078270174562931,-0.1601154208183288,0.05,1.0,True,False,False,False,False,False,False,False,False,False
S0 all ON,TR0.5z0.5/T30/SL3,1443,255,0.7553707553707554,-0.1926735748133053,0.2210068377866316,-0.2722540904996033,-0.1171003222920068,-3.4307384638850067,-3.049536095387314,-0.1623938793171341,-0.2190652160239758,-0.2125494139330596,-0.1677294032964876,-0.2101188958297056,-0.2201829368606295,,0,9,-4.990819790216618,1.0,-0.1333402544260025,-0.1719794422388076,0.1,1.0,True,False,False,False,False,False,False,False,False,False
S0 all ON,TR0.5z0.5/T30/SL5,1443,255,0.7983367983367984,-0.1813524938854033,0.2469875496841535,-0.2696324049124682,-0.092261097081918,-5.515441430530798,-5.024949071636079,-0.1356723742840604,-0.2211670728375465,-0.2104994140924261,-0.14335215634934,-0.1987584509208304,-0.2087828532744727,,2,9,-4.118883679779278,1.0,-0.115212544798851,-0.1681955903768539,0.08,1.0,True,False,False,False,False,False,False,False,False,False
S0 all ON,TR0.5z0.5/T60/noSL,1443,255,0.8537768537768538,-0.1207944761013161,0.2760953607982909,-0.2291454399181062,-0.0158054313746847,-30.5445417789412,-7.802629598821388,-0.1194632740791224,-0.1219547455681308,-0.1667811730781157,-0.0747167944013983,-0.1379898697925706,-0.1478022394137348,,2,9,-2.235953654324078,1.0,-0.0471010990440845,-0.1569089740514755,0.05,1.0,True,False,False,False,False,False,False,False,False,False
S0 all ON,TR0.5z0.5/T60/SL3,1443,255,0.7671517671517671,-0.1881028477437996,0.2303992981483884,-0.264720204472066,-0.1131450190221991,-3.4307384638850067,-3.049959296408197,-0.1458407595770259,-0.2249382864572521,-0.2136101012607044,-0.1599817612382904,-0.2055322761069679,-0.215580313579892,,1,9,-4.8698356358985135,1.0,-0.126710906624794,-0.1748966574668884,0.07,1.0,True,False,False,False,False,False,False,False,False,False
S0 all ON,TR0.5z0.5/T60/SL5,1443,255,0.8225918225918226,-0.1936431357462279,0.26044688100635,-0.2923038214736851,-0.1040682490275207,-5.515441430530798,-5.029736586244432,-0.1490496484223164,-0.2325106110791311,-0.2275380812016465,-0.1528892779481771,-0.2110918279758859,-0.2211592637456311,,2,9,-4.213747852584117,1.0,-0.1279985755681991,-0.172278955578804,0.14,1.0,True,False,False,False,False,False,False,False,False,False
S0 all ON,TR0.5z0.5/T120/noSL,1443,255,0.8662508662508662,-0.1498531927483026,0.2850630080657902,-0.2763773510740167,-0.0312447303576977,-37.317926834292734,-9.246607378061952,-0.1925320064374967,-0.1126545380153085,-0.1870787463370641,-0.0995159766774066,-0.1671496250927107,-0.1770637384518376,,3,9,-2.3631375455202113,1.0,-0.0748035609722137,-0.1491584777832031,0.11,1.0,True,False,False,False,False,False,False,False,False,False
S0 all ON,TR0.5z0.5/T120/SL3,1443,255,0.7685377685377686,-0.1920319946881671,0.2310070815615196,-0.267312888578627,-0.117661534465713,-3.4307384638850067,-3.050215833010695,-0.1498307105758103,-0.2288144368716997,-0.2147298838411569,-0.163982789521611,-0.2094750848974563,-0.2195368795538783,,1,9,-5.001723356042713,1.0,-0.1312160044908523,-0.1748521476984024,0.12,1.0,True,False,False,False,False,False,False,False,False,False
S0 all ON,TR0.5z0.5/T120/SL5,1443,255,0.8274428274428275,-0.2034455331547155,0.2632761186943901,-0.2952433923299437,-0.1109563607332175,-5.515441430530798,-5.031300811104033,-0.1587741615838372,-0.2423808920336131,-0.2351375766493003,-0.1612574054189058,-0.2209283088245977,-0.2310300658813237,,2,9,-4.425707958044763,1.0,-0.1373552978038787,-0.1686803996562957,0.24,1.0,True,False,False,False,False,False,False,False,False,False
S0 all ON,TR0.5z1/T15/noSL,1443,255,0.4823284823284823,-0.1574334982240674,-0.0336769156420211,-0.2454543301987665,-0.070865567592075,-19.80164640659543,-5.817991802654043,-0.0953627382836954,-0.2115340827635356,-0.2034438754984018,-0.131160631093923,-0.1775895984147808,-0.1934594483101187,,1,9,-3.4474557880866965,1.0,-0.1165633723139762,-0.1904565989971161,0.05,1.0,True,False,False,False,False,False,False,False,False,False
S0 all ON,TR0.5z1/T15/SL3,1443,255,0.458073458073458,-0.2050068105537486,-0.0813531912807739,-0.2904295017688414,-0.1221095017325918,-3.4307384638850067,-3.0459089032640048,-0.1860749832285226,-0.2215077028527781,-0.2323970279351746,-0.1810963852225239,-0.2253283255995722,-0.2413647446755967,,1,9,-4.86320827119952,1.0,-0.1683297157287597,-0.1944026947021484,0.24,1.0,True,False,False,False,False,False,False,False,False,False
S0 all ON,TR0.5z1/T15/SL5,1443,255,0.4774774774774775,-0.1757574032261376,-0.044888174471168,-0.2609887451287695,-0.0885451668864952,-5.111700149136621,-5.015175680202105,-0.1122356094673409,-0.2311227020664895,-0.2207902384940398,-0.1358256548577615,-0.1959772165774979,-0.2119112242473045,,1,9,-4.017129271380025,1.0,-0.1336423754692077,-0.195169523358345,0.04,1.0,True,False,False,False,False,False,False,False,False,False
S0 all ON,TR0.5z1/T30/noSL,1443,255,0.5183645183645184,-0.1371911519074628,0.0343811754976787,-0.2407620185197793,-0.038742278872525,-31.05387013457568,-6.767547895717679,-0.1139723611105355,-0.1574285415514772,-0.1721671783564025,-0.0997325878634953,-0.1572768684183549,-0.1730758434707186,,2,9,-2.617375103203498,1.0,-0.0899722501635551,-0.1851036697626114,0.04,1.0,True,False,False,False,False,False,False,False,False,False
S0 all ON,TR0.5z1/T30/SL3,1443,255,0.4795564795564795,-0.1920739008339263,-0.0424323268855873,-0.2709645056872383,-0.1028496266579237,-3.4307384638850067,-3.049536095387314,-0.1763811864089231,-0.2057515974533843,-0.2133693595820859,-0.1634808056956326,-0.2123504474871218,-0.2283415843645684,,0,9,-4.462518352732613,1.0,-0.1524231433868408,-0.1937272995710373,0.09,1.0,True,False,False,False,False,False,False,False,False,False
S0 all ON,TR0.5z1/T30/SL5,1443,255,0.5072765072765073,-0.1754642248364676,0.0132484810530865,-0.2716071391721356,-0.0803205659295805,-5.515441430530798,-5.024949071636079,-0.1394400227748707,-0.2068627511469643,-0.2095601537840927,-0.131660372791506,-0.1956830187914799,-0.2116159999512167,,2,9,-3.724496789646044,1.0,-0.1269792318344116,-0.1918262690305709,0.04,1.0,True,False,False,False,False,False,False,False,False,False
S0 all ON,TR0.5z1/T60/noSL,1443,255,0.5446985446985447,-0.113654656114598,0.0782721143351773,-0.2310005150571479,-0.0042760687627917,-30.5445417789412,-7.802629598821388,-0.12034819131671,-0.1078206020862981,-0.1645045072540285,-0.0647439216480148,-0.1336585350184218,-0.1493751013708555,,3,9,-1.9638443023777987,1.0,-0.0612597055733203,-0.1869665086269378,0.04,1.0,True,False,False,False,False,False,False,False,False,False
S0 all ON,TR0.5z1/T60/SL3,1443,255,0.4844074844074844,-0.1898075435868122,-0.0264770773147336,-0.2739519553155677,-0.1085187297369145,-3.4307384638850067,-3.049959296408197,-0.161648746731047,-0.2143506194455336,-0.2167146301069243,-0.1582627688390615,-0.210076209999232,-0.2260594116446902,,1,9,-4.414766832170156,1.0,-0.1489174365997314,-0.1995617300271988,0.06,1.0,True,False,False,False,False,False,False,False,False,False
S0 all ON,TR0.5z1/T60/SL5,1443,255,0.5211365211365211,-0.1902445089683893,0.042078260127766,-0.2863234343339143,-0.0955883710874511,-5.515441430530798,-5.029736586244432,-0.1544185293452728,-0.221470265527059,-0.2289422948545381,-0.1441543849494016,-0.2105146947319274,-0.2264994263310934,,2,9,-3.925443033584438,1.0,-0.1427028626203537,-0.1996457278728485,0.08,1.0,True,False,False,False,False,False,False,False,False,False
S0 all ON,TR0.5z1/T120/noSL,1443,255,0.5557865557865558,-0.1393819818783226,0.0960255852038307,-0.2816197741265932,-0.012071596071653,-37.317926834292734,-9.246607378061952,-0.1946969431838371,-0.0911697198844111,-0.1855343273791815,-0.0927816790215805,-0.1600468299145266,-0.1765733714256822,,3,9,-2.03765008707382,1.0,-0.0885123834013938,-0.1822223663330078,0.08,1.0,True,False,False,False,False,False,False,False,False,False
S0 all ON,TR0.5z1/T120/SL3,1443,255,0.4857934857934858,-0.1930036030430383,-0.0247540069570049,-0.279206118159289,-0.1071996307022571,-3.4307384638850067,-3.050215833010695,-0.1640645232575278,-0.2182267698599812,-0.2176828528874043,-0.1614354140014832,-0.2132833823186577,-0.229277774376954,,1,9,-4.534251153264066,1.0,-0.1526695340871811,-0.2003443837165832,0.07,1.0,True,False,False,False,False,False,False,False,False,False
S0 all ON,TR0.5z1/T120/SL5,1443,255,0.5246015246015246,-0.1962381076318482,0.0475817894298526,-0.294439802278775,-0.1017223413078166,-5.515441430530798,-5.031300811104033,-0.163309596937552,-0.2249384438011958,-0.2329603608393997,-0.1486546012067438,-0.2171006473431339,-0.2338262600944451,,2,9,-3.9965314010305297,1.0,-0.1489190310239792,-0.1975578665733337,0.12,1.0,True,False,False,False,False,False,False,False,False,False
S0 all ON,TR1z0.3/T15/noSL,1443,255,0.6756756756756757,-0.1938019815408903,0.7471620659680336,-0.2936106492120657,-0.0962458561807802,-20.120069396355,-6.8251823895676225,-0.1424098487389857,-0.2385951245277643,-0.2296536974292314,-0.1649674455748398,-0.2106152617001098,-0.2194035513308508,,1,9,-3.614042820967073,1.0,-0.1042078509926796,-0.1483717411756515,0.16,1.0,True,False,False,False,False,False,False,False,False,False
S0 all ON,TR1z0.3/T15/SL3,1443,255,0.632016632016632,-0.2252600666426917,0.7265399864344171,-0.3089127494286643,-0.1407737058115657,-3.4307384638850067,-3.05365235977729,-0.2278820022017188,-0.2229747998519444,-0.2470535929542996,-0.2038900950626981,-0.2421827281826546,-0.2510811624975638,,0,9,-5.1243110125305975,1.0,-0.137793943285942,-0.158894345164299,0.28,1.0,True,False,False,False,False,False,False,False,False,False
S0 all ON,TR1z0.3/T15/SL5,1443,255,0.668052668052668,-0.2033900704350197,0.744580875418023,-0.2988023035605089,-0.1048258286327941,-5.111700149136621,-5.019979506317835,-0.1551816260082338,-0.2454083254996112,-0.2472704818109968,-0.1614692476052662,-0.2202366888727306,-0.2290585494287075,,1,9,-4.134256985284496,1.0,-0.112800195813179,-0.1556034535169601,0.11,1.0,True,False,False,False,False,False,False,False,False,False
S0 all ON,TR1z0.3/T30/noSL,1443,255,0.7484407484407485,-0.1762440249592462,0.7789564935827067,-0.3160049338594533,-0.0394820636432508,-31.05387013457568,-8.550353708503982,-0.1018138775041272,-0.2411169939473655,-0.2046023282639225,-0.1164275852250852,-0.1929962551998926,-0.2017986113116438,,2,9,-2.529578242627225,1.0,-0.0684048756957054,-0.12851382791996,0.11,1.0,True,False,False,False,False,False,False,False,False,False
S0 all ON,TR1z0.3/T30/SL3,1443,255,0.6694386694386695,-0.214227748632182,0.7519451468054785,-0.3020375621755859,-0.1253223263010816,-3.4307384638850067,-3.059881443072154,-0.2151403861158513,-0.2134322980627583,-0.2405770419113,-0.1858913684422023,-0.2311120502346954,-0.2400473993507551,,1,9,-4.619711985996919,1.0,-0.1126585081219673,-0.1474841237068176,0.19,1.0,True,False,False,False,False,False,False,False,False,False
S0 all ON,TR1z0.3/T30/SL5,1443,255,0.7297297297297297,-0.1833410483837484,0.7730822407622031,-0.2966102948654641,-0.0713366064929735,-5.515441430530798,-5.030944218469551,-0.1242713805173176,-0.2348258950844506,-0.2232606262017266,-0.1283191228547002,-0.2001179553400572,-0.2089451603706505,,2,9,-3.227548852013805,1.0,-0.0749257057905197,-0.1397013962268829,0.09,1.0,True,False,False,False,False,False,False,False,False,False
S0 all ON,TR1z0.3/T60/noSL,1443,255,0.8087318087318087,-0.1340784702097964,0.8043002688990843,-0.2777060031808368,0.0158182078707797,-30.5445417789412,-9.5868753123874,-0.1296556207928711,-0.1379334051101514,-0.163241913863388,-0.082807282498164,-0.1506840886467243,-0.1593388098437749,,3,9,-1.749339590511762,1.0,0.0036328558344393,-0.1137427017092704,0.05,0.97,True,False,False,False,False,False,False,False,False,False
S0 all ON,TR1z0.3/T60/SL3,1443,255,0.6888426888426888,-0.218051468479547,0.7637622561334392,-0.3124211856200449,-0.1237730433950323,-3.4307384638850067,-3.0618526697788666,-0.2055677930018902,-0.2289321817363374,-0.242523841725118,-0.1873334411045853,-0.2349490653527398,-0.2438978025187578,,0,9,-4.588483699456415,1.0,-0.1109097972512245,-0.1472001671791076,0.2,1.0,True,False,False,False,False,False,False,False,False,False
S0 all ON,TR1z0.3/T60/SL5,1443,255,0.7685377685377686,-0.2119867294681684,0.7903904560622634,-0.3336070874915533,-0.0969669230528142,-5.515441430530798,-5.041907959585065,-0.1410334368349956,-0.273829288027821,-0.2497701262598926,-0.1586884449452953,-0.2288632389317249,-0.2377907415324218,,2,9,-3.530307489932707,1.0,-0.0960467383265495,-0.1342337280511856,0.23,1.0,True,False,False,False,False,False,False,False,False,False
S0 all ON,TR1z0.3/T120/noSL,1443,255,0.8447678447678447,-0.1647952458106449,0.818274637099027,-0.363794344656857,0.0194737083760899,-38.67273797936422,-11.570190009728384,-0.1859498629205518,-0.1463569803140723,-0.1925804412783184,-0.1133361017020466,-0.1815076680570332,-0.1905310418024844,,3,9,-1.7015912104603637,1.0,-0.0204142220318317,-0.0827289745211601,0.22,0.97,True,False,False,False,False,False,False,False,False,False
S0 all ON,TR1z0.3/T120/SL3,1443,255,0.6957726957726957,-0.2181052481181483,0.7661607685218521,-0.3127147962846765,-0.1221700928482625,-3.4307384638850067,-3.0620062893081084,-0.2016977819616723,-0.2324059190093958,-0.2422667089685022,-0.1883252695739651,-0.2350030319859118,-0.2439519574514175,,0,9,-4.54750152985004,1.0,-0.1120248585939407,-0.1459990888833999,0.21,1.0,True,False,False,False,False,False,False,False,False,False
S0 all ON,TR1z0.3/T120/SL5,1443,255,0.7858627858627859,-0.2231241729045336,0.7966080426829794,-0.3485554200047245,-0.1034173272533828,-5.515441430530798,-5.0434092615915,-0.133288515952294,-0.3014245120380032,-0.2607376141043872,-0.1626489647248004,-0.2400394078320551,-0.2490059061372192,,1,9,-3.504112196581326,1.0,-0.1036329567432403,-0.1205057054758071,0.4,1.0,True,False,False,False,False,False,False,False,False,False
S0 all ON,TR1z0.5/T15/noSL,1443,255,0.6756756756756757,-0.1888980857857372,0.5966744884583943,-0.2993666421310931,-0.0781581935315682,-20.120069396355,-6.8251823895676225,-0.136521892376388,-0.2345489314032243,-0.2215288703401761,-0.1599066657572796,-0.206385837945045,-0.2181992885344382,,2,9,-3.4947836333118665,1.0,-0.1238242760300636,-0.1631427258253097,0.19,1.0,True,False,False,False,False,False,False,False,False,False
S0 all ON,TR1z0.5/T15/SL3,1443,255,0.632016632016632,-0.2227342782753105,0.5689316093909675,-0.3091734771145795,-0.1359458050871,-3.4307384638850067,-3.05365235977729,-0.227182914995419,-0.2188568672819085,-0.2427481711625346,-0.2019779078714023,-0.2403396806171273,-0.2522716023951879,,0,9,-5.022329509770944,1.0,-0.1567170023918151,-0.1726273298263549,0.36,1.0,True,False,False,False,False,False,False,False,False,False
S0 all ON,TR1z0.5/T15/SL5,1443,255,0.668052668052668,-0.1977346412414137,0.593934067067893,-0.2961286476398629,-0.1033478694304287,-5.111700149136621,-5.019979506317835,-0.1493158258571055,-0.239936254650305,-0.238307584589262,-0.156018271167248,-0.2152531185587734,-0.2270975087176492,,1,9,-3.975675778506904,1.0,-0.131241962313652,-0.1700431853532791,0.13,1.0,True,False,False,False,False,False,False,False,False,False
S0 all ON,TR1z0.5/T30/noSL,1443,255,0.7484407484407485,-0.1663025455911664,0.6767644236298067,-0.3061182960616002,-0.0278908212110838,-31.05387013457568,-8.550353708503982,-0.090755703708874,-0.2321488202278726,-0.1909618593737648,-0.106673800040283,-0.183711731894443,-0.1957155801082279,,2,9,-2.362132508413759,1.0,-0.0893064141273498,-0.1468920856714248,0.12,1.0,True,False,False,False,False,False,False,False,False,False
S0 all ON,TR1z0.5/T30/SL3,1443,255,0.6694386694386695,-0.2066350720449051,0.6057906874573429,-0.2999997269450647,-0.111490072331697,-3.4307384638850067,-3.059881443072154,-0.2101011875691526,-0.203614021938168,-0.2313432991025472,-0.17918587581087,-0.2241844966181878,-0.236329561736103,,0,9,-4.363122626359358,1.0,-0.1318020224571228,-0.1637164950370788,0.2,1.0,True,False,False,False,False,False,False,False,False,False
S0 all ON,TR1z0.5/T30/SL5,1443,255,0.7297297297297297,-0.1730932668741906,0.6648411410949975,-0.2889676130434795,-0.0658655762559258,-5.515441430530798,-5.030944218469551,-0.1143641673457996,-0.2242812758016597,-0.2092785854490089,-0.1188217379410854,-0.1905260648648214,-0.2025536895369816,,2,9,-2.990729944586537,1.0,-0.0936508253216743,-0.1573053002357483,0.1,1.0,True,False,False,False,False,False,False,False,False,False
S0 all ON,TR1z0.5/T60/noSL,1443,255,0.8087318087318087,-0.1245564787887894,0.7146972808527177,-0.2628476117995416,0.029427736974485,-30.5445417789412,-9.5868753123874,-0.1151181646724177,-0.1327828693026698,-0.1530661278988558,-0.0734931394026473,-0.1418205118695266,-0.1538825185084774,,3,9,-1.6030915850096998,1.0,-0.0204290747642517,-0.1351928561925888,0.05,0.97,True,False,False,False,False,False,False,False,False,False
S0 all ON,TR1z0.5/T60/SL3,1443,255,0.6888426888426888,-0.2100714384043687,0.6258570622923689,-0.3043856082893709,-0.1164274238108469,-3.4307384638850067,-3.0618526697788666,-0.1983335600880936,-0.2203021183376201,-0.2328957731523365,-0.1799492163265327,-0.2276328114003202,-0.2399942329015556,,0,9,-4.328693433476684,1.0,-0.1298267394304275,-0.1646159887313842,0.2,1.0,True,False,False,False,False,False,False,False,False,False
S0 all ON,TR1z0.5/T60/SL5,1443,255,0.7685377685377686,-0.2016958815661593,0.693834535397976,-0.3197226599276997,-0.0872449010528579,-5.515441430530798,-5.041907959585065,-0.1286676442373129,-0.2653469522341032,-0.2361539868141197,-0.1493331331796047,-0.2192281323199752,-0.2315602283533797,,2,9,-3.2963874257660177,1.0,-0.115316055715084,-0.1537875384092331,0.24,1.0,True,False,False,False,False,False,False,False,False,False
S0 all ON,TR1z0.5/T120/noSL,1443,255,0.8447678447678447,-0.1556671859514493,0.7449834283471248,-0.354915786067593,0.0265324115875385,-38.67273797936422,-11.570190009728384,-0.1718960055235538,-0.1415222225889924,-0.1820868581108345,-0.1041219364628412,-0.1730393925619592,-0.1852103276052799,,3,9,-1.598299723740902,1.0,-0.0461731813848018,-0.1075253412127494,0.23,1.0,True,False,False,False,False,False,False,False,False,False
S0 all ON,TR1z0.5/T120/SL3,1443,255,0.6957726957726957,-0.2111171038266602,0.6400629759815604,-0.3070807260339351,-0.114693370354815,-3.4307384638850067,-3.0620062893081084,-0.1959899474391628,-0.2243018627013661,-0.2337524856765495,-0.1820618679641702,-0.228682112655095,-0.2410471953609878,,0,9,-4.31585519888952,1.0,-0.1321081817150116,-0.1643244922161102,0.21,1.0,True,False,False,False,False,False,False,False,False,False
S0 all ON,TR1z0.5/T120/SL5,1443,255,0.7858627858627859,-0.2139256910736248,0.7082076668706985,-0.343417770541093,-0.0910902465239045,-5.515441430530798,-5.0434092615915,-0.121884091112228,-0.2941487198337528,-0.2480907269044424,-0.1545280180652944,-0.2315004655044482,-0.2438753819606877,,2,9,-3.3071035585628494,1.0,-0.1233204826712608,-0.1421760022640228,0.37,1.0,True,False,False,False,False,False,False,False,False,False
S0 all ON,TR1z1/T15/noSL,1443,255,0.6652806652806653,-0.1729814780071438,0.2877983304499411,-0.292102049872374,-0.0587724112971472,-20.120069396355,-6.8251823895676225,-0.1319284512088569,-0.2087631044772461,-0.2095357776137531,-0.1386835060181568,-0.1952275110977259,-0.2130997534133767,,1,9,-3.012307847143142,1.0,-0.129306361079216,-0.1897560954093933,0.09,1.0,True,False,False,False,False,False,False,False,False,False
S0 all ON,TR1z1/T15/SL3,1443,255,0.6216216216216216,-0.21054742758637,0.2130504006105273,-0.3027679064737627,-0.1164081588208831,-3.4307384638850067,-3.05365235977729,-0.2299507327444294,-0.1936355974096957,-0.2323342466763834,-0.1868585176847598,-0.2329240794167965,-0.2509278519778035,,0,9,-4.480136108773638,1.0,-0.1676567494869232,-0.1966366618871688,0.17,1.0,True,False,False,False,False,False,False,False,False,False
S0 all ON,TR1z1/T15/SL5,1443,255,0.6576576576576577,-0.1792115130580668,0.2835373125175135,-0.2833705635171328,-0.0724215347349456,-5.111700149136621,-5.019979506317835,-0.1426388374238333,-0.2110880863735077,-0.2234078388921593,-0.132486408899162,-0.201479208301121,-0.219373263935695,,1,9,-3.433657426889011,1.0,-0.1333380341529846,-0.1958826631307602,0.04,1.0,True,False,False,False,False,False,False,False,False,False
S0 all ON,TR1z1/T30/noSL,1443,255,0.7373527373527373,-0.1521078491042121,0.3991514109205742,-0.3006772383415205,-0.0081639170145081,-31.05387013457568,-8.550353708503982,-0.1028006328094343,-0.1950837885984931,-0.178383211998624,-0.0895776588329848,-0.1742813035129344,-0.1926894660751851,,1,9,-2.053934154684632,1.0,-0.099498800933361,-0.1814489513635635,0.05,1.0,True,False,False,False,False,False,False,False,False,False
S0 all ON,TR1z1/T30/SL3,1443,255,0.6583506583506583,-0.1948010746501409,0.2878325123152581,-0.2990548194036944,-0.0921398899187953,-3.4307384638850067,-3.059881443072154,-0.2244134833718573,-0.1689910374763492,-0.221014302104288,-0.1670439882134092,-0.2171229756010952,-0.2356806206200388,,1,9,-3.843568152790646,1.0,-0.1447181105613708,-0.1936237961053848,0.09,1.0,True,False,False,False,False,False,False,False,False,False
S0 all ON,TR1z1/T30/SL5,1443,255,0.7186417186417187,-0.1569589430801607,0.3700338588735321,-0.2748138212237622,-0.0367894622374137,-5.515441430530798,-5.030944218469551,-0.1234001721299031,-0.1862086111457547,-0.1945369688280333,-0.0995247859782312,-0.1791492649922764,-0.1975744127655507,,2,9,-2.577866695298885,1.0,-0.0999342054128646,-0.1902558654546737,0.02,1.0,True,False,False,False,False,False,False,False,False,False
S0 all ON,TR1z1/T60/noSL,1443,255,0.796950796950797,-0.1151196250395331,0.4986483289574752,-0.2810481246435417,0.0384281822697141,-30.5445417789412,-9.5868753123874,-0.1330057150733802,-0.0995301924808491,-0.1454382253375174,-0.0606710273866825,-0.137164469489755,-0.1554431246060074,,4,9,-1.4101382196958854,1.0,-0.042343184351921,-0.1763858646154403,0.01,1.0,True,False,False,False,False,False,False,False,False,False
S0 all ON,TR1z1/T60/SL3,1443,255,0.6777546777546778,-0.1980108331801297,0.3211559351537842,-0.310059574175946,-0.0914784640314594,-3.4307384638850067,-3.0618526697788666,-0.2143207362182769,-0.1837951978472698,-0.2219231758311607,-0.1667748520621475,-0.2203438946266682,-0.2389127780232307,,0,9,-3.771187387790637,1.0,-0.1440673768520355,-0.197620540857315,0.09,1.0,True,False,False,False,False,False,False,False,False,False
S0 all ON,TR1z1/T60/SL5,1443,255,0.7574497574497574,-0.190314162742219,0.4494318269521637,-0.3275252664605245,-0.0564322984502862,-5.515441430530798,-5.041907959585065,-0.1454454379771597,-0.2294215337436715,-0.2250507776295621,-0.1334690493523516,-0.2126204624695714,-0.2311623973938481,,2,9,-2.9397370340207676,1.0,-0.1298553347587585,-0.1913092285394668,0.1,1.0,True,False,False,False,False,False,False,False,False,False
S0 all ON,TR1z1/T120/noSL,1443,255,0.832986832986833,-0.1439967375114283,0.5342465164172929,-0.3370075754215044,0.0458921367081553,-38.67273797936422,-11.570190009728384,-0.1886970211336411,-0.1050361790235852,-0.1680298529260422,-0.0881536848933509,-0.1665582370462822,-0.1851901153270818,,3,9,-1.4286736404138547,1.0,-0.0727347135543823,-0.1529832780361175,0.17,1.0,True,False,False,False,False,False,False,False,False,False
S0 all ON,TR1z1/T120/SL3,1443,255,0.6846846846846847,-0.2011897993768459,0.3235630162432791,-0.305801377369167,-0.0946843210160126,-3.4307384638850067,-3.0620062893081084,-0.2134810879454172,-0.1904767696517098,-0.2251754938164592,-0.1708908370638981,-0.2235339142524408,-0.2421139282129453,,0,9,-3.816186066903892,1.0,-0.1494788080453872,-0.1991627663373947,0.14,1.0,True,False,False,False,False,False,False,False,False,False
S0 all ON,TR1z1/T120/SL5,1443,255,0.7747747747747747,-0.1997728330796737,0.4804477931311015,-0.3381933662214208,-0.0645431471571059,-5.515441430530798,-5.0434092615915,-0.1351099886387396,-0.2561326663667136,-0.2360720126046055,-0.135489578086625,-0.2225282689690765,-0.2413554369634934,,1,9,-2.9186654838535233,1.0,-0.1394723504781723,-0.1818605661392212,0.21,1.0,True,False,False,False,False,False,False,False,False,False
S0 all ON,TR1.5z0.3/T15/noSL,1443,255,0.6029106029106029,-0.1947017671418968,1.135715510599701,-0.31623581626186,-0.0822747457503681,-20.120069396355,-7.235293117717696,-0.160932629683205,-0.2241347896739862,-0.230117412310825,-0.1674721920012674,-0.213617426798029,-0.2237200138762287,,1,9,-3.224422606140009,1.0,-0.0969704017043113,-0.1479105055332183,0.15,1.0,True,False,False,False,False,False,False,False,False,False
S0 all ON,TR1.5z0.3/T15/SL3,1443,255,0.5537075537075538,-0.2528687904064233,0.7489690411235608,-0.3461245853541855,-0.1576050111874415,-3.4307384638850067,-3.0588929739902304,-0.2933244557249758,-0.217607821412821,-0.2738751988230483,-0.2282032319588118,-0.2719866997957422,-0.2819344762943825,,0,9,-5.301795460656853,1.0,-0.1625362038612365,-0.1586780697107315,0.58,1.0,True,False,False,False,False,False,False,False,False,False
S0 all ON,TR1.5z0.3/T15/SL5,1443,255,0.5925155925155925,-0.2276125634154418,1.0960588707008347,-0.3431440833258456,-0.1212081592399286,-5.111700149136621,-5.021640015584086,-0.2003516556239505,-0.2513730433582201,-0.2722443092920744,-0.1896066022807247,-0.2466426556038184,-0.2565896571695334,,1,9,-4.116455927726537,1.0,-0.1337080895900726,-0.1557804346084594,0.33,1.0,True,False,False,False,False,False,False,False,False,False
S0 all ON,TR1.5z0.3/T30/noSL,1443,255,0.6715176715176715,-0.1550993340613805,1.2227272296556635,-0.3155484674630863,-0.0071309459604292,-31.05387013457568,-9.067907815939474,-0.0908721188171521,-0.2110794749746379,-0.1863535101989168,-0.1034148588964126,-0.1742867744852291,-0.185880062587998,,3,9,-2.058456660067382,1.0,-0.0328580774366855,-0.1205481141805648,0.09,0.99,True,False,False,False,False,False,False,False,False,False
S0 all ON,TR1.5z0.3/T30/SL3,1443,255,0.5814275814275814,-0.2546059437736619,1.1808847756505716,-0.3693949922574777,-0.1524141988201768,-3.4307384638850067,-3.0649062941500342,-0.2868691797721713,-0.2264854579228211,-0.2783551874544844,-0.2205127024061568,-0.2741393738001265,-0.2857400602564097,,0,9,-4.791100400086788,1.0,-0.1477964967489242,-0.1436632573604583,0.51,1.0,True,False,False,False,False,False,False,False,False,False
S0 all ON,TR1.5z0.3/T30/SL5,1443,255,0.6486486486486487,-0.2036517363045957,1.2137052588649513,-0.3329772782698537,-0.0770322011375761,-5.547150977630976,-5.04030439423497,-0.1515790958569626,-0.2490380065780191,-0.2497690332483596,-0.1459608284873421,-0.2230079959295683,-0.2344302756242655,,3,9,-3.1148332681899324,1.0,-0.0847584828734397,-0.1337187737226486,0.21,1.0,True,False,False,False,False,False,False,False,False,False
S0 all ON,TR1.5z0.3/T60/noSL,1443,255,0.7408177408177408,-0.1286779768574302,1.2554169151138177,-0.2962249816261489,0.036589304803232,-30.5445417789412,-10.458163699806969,-0.1150252052511957,-0.1405776688410742,-0.1528376300203555,-0.0847621175785122,-0.147773548862628,-0.1599382314553684,,3,9,-1.4799361456860671,1.0,0.0283671841025352,-0.0986869260668754,0.04,0.97,True,False,False,False,False,False,False,False,False,False
S0 all ON,TR1.5z0.3/T60/SL3,1443,255,0.5987525987525988,-0.2832375529192335,1.2058139176252438,-0.3902590701269258,-0.1741050273855535,-3.4307384638850067,-3.06701368108282,-0.3029615004216788,-0.2660462523723551,-0.3005375135769351,-0.2581515650695271,-0.3028705365240899,-0.3151381107736092,,0,9,-5.123108389319365,1.0,-0.1655171662569046,-0.1377306431531906,0.68,1.0,True,False,False,False,False,False,False,False,False,False
S0 all ON,TR1.5z0.3/T60/SL5,1443,255,0.6909216909216909,-0.2464072042653172,1.240240665538607,-0.3861890332987975,-0.1041003761665519,-5.547150977630976,-5.052092838067333,-0.1951640956637776,-0.2910704584549858,-0.2837929728763518,-0.2052443125738222,-0.2659121268526008,-0.2782859588750266,,2,9,-3.6041994579016223,1.0,-0.1115801855921745,-0.1210396587848663,0.45,1.0,True,False,False,False,False,False,False,False,False,False
S0 all ON,TR1.5z0.3/T120/noSL,1443,255,0.7934857934857935,-0.1676383849526277,1.2772473914824514,-0.3943874986743702,0.0329568665563943,-38.67273797936422,-13.049936498821529,-0.1953478953141723,-0.1434869051044331,-0.216798992164,-0.1304794038153602,-0.1868694243016893,-0.1997114286160773,,4,9,-1.545801991249665,1.0,0.0142138013616204,-0.0536293983459472,0.25,0.97,True,False,False,False,False,False,False,False,False,False
S0 all ON,TR1.5z0.3/T120/SL3,1443,255,0.6077616077616078,-0.2850520086315993,1.2122029253839108,-0.3940686377369942,-0.1776318003584622,-3.4307384638850067,-3.0693874950655986,-0.3050837763317001,-0.2675924134377371,-0.3066190390591726,-0.2637335895233769,-0.3046913011923402,-0.3177413499081537,,0,9,-5.1289574059692935,1.0,-0.1614736467599868,-0.1333243399858474,0.69,1.0,True,False,False,False,False,False,False,False,False,False
S0 all ON,TR1.5z0.3/T120/SL5,1443,255,0.7158697158697158,-0.2674287450332807,1.2532546474736352,-0.4064329047869835,-0.1253012993669534,-5.547150977630976,-5.053762418617611,-0.2031108207208228,-0.3234879475468627,-0.3164588933923332,-0.2180070091172765,-0.2870067605995907,-0.3000205777486889,,2,9,-3.713202935992829,1.0,-0.1219794452190399,-0.0992635339498519,0.62,1.0,True,False,False,False,False,False,False,False,False,False
S0 all ON,TR1.5z0.5/T15/noSL,1443,255,0.6029106029106029,-0.1820063649537293,1.0064797413879014,-0.3073397936488961,-0.0598635109596501,-20.120069396355,-7.235293117717696,-0.1431139918995294,-0.2159047757091407,-0.2179525791821689,-0.1552781844228042,-0.2010608479610291,-0.2139744658481262,,1,9,-2.984064809604414,1.0,-0.1080676689743995,-0.1638676524162292,0.12,1.0,True,False,False,False,False,False,False,False,False,False
S0 all ON,TR1.5z0.5/T15/SL3,1443,255,0.5537075537075538,-0.2404005635116609,0.7402311808625286,-0.3329759686949422,-0.1442746613925137,-3.4307384638850067,-3.0588929739902304,-0.2769252185981875,-0.208565844681381,-0.2624019264805738,-0.2153709283625981,-0.2596580861523333,-0.2727761605578925,,0,9,-5.013791068261714,1.0,-0.1724936813116073,-0.1734044253826141,0.56,1.0,True,False,False,False,False,False,False,False,False,False
S0 all ON,TR1.5z0.5/T15/SL5,1443,255,0.5925155925155925,-0.2141354311406107,0.997967204881546,-0.3318116123159145,-0.1036729014998708,-5.111700149136621,-5.021640015584086,-0.1819587332632222,-0.2421804907691517,-0.2592077323341638,-0.1768043018503961,-0.2333016285644155,-0.2463277404522223,,1,9,-3.834875858643304,1.0,-0.1441658437252044,-0.1713119894266128,0.26,1.0,True,False,False,False,False,False,False,False,False,False
S0 all ON,TR1.5z0.5/T30/noSL,1443,255,0.6715176715176715,-0.1397007523388802,1.0967307020865582,-0.3001077210644048,0.003991224100696,-31.05387013457568,-9.067907815939474,-0.0690817537093373,-0.2012519418058748,-0.1708056186203361,-0.0874629616877153,-0.1586081365540561,-0.1719538696254283,,3,9,-1.82516040103631,1.0,-0.047692060470581,-0.1407254487276077,0.08,1.0,True,False,False,False,False,False,False,False,False,False
S0 all ON,TR1.5z0.5/T30/SL3,1443,255,0.5814275814275814,-0.2407939544683497,1.022329025522574,-0.3494487067637097,-0.1387149811957873,-3.4307384638850067,-3.0649062941500342,-0.2671577822401724,-0.217815365282014,-0.2604831776443955,-0.2078169229085259,-0.2600528449496225,-0.2737525372268412,,0,9,-4.503663642795159,1.0,-0.1608105450868606,-0.161354050040245,0.45,1.0,True,False,False,False,False,False,False,False,False,False
S0 all ON,TR1.5z0.5/T30/SL5,1443,255,0.6486486486486487,-0.1886343152057097,1.0751175162603943,-0.3237693311398739,-0.0553626152670464,-5.547150977630976,-5.04030439423497,-0.1306460867402422,-0.2391765843740549,-0.2346461917315064,-0.1332775289279944,-0.2077118439371122,-0.2212289088555994,,3,9,-2.8459646186873857,1.0,-0.0985428392887115,-0.1529927402734756,0.18,1.0,True,False,False,False,False,False,False,False,False,False
S0 all ON,TR1.5z0.5/T60/noSL,1443,255,0.7408177408177408,-0.1125782329730762,1.1537827240474263,-0.2805542634202014,0.0540039613828752,-30.5445417789412,-10.458163699806969,-0.088818638453928,-0.1332869846162247,-0.1374199115945596,-0.0710387725630527,-0.1313913107926823,-0.144813898849859,,4,9,-1.275152490752615,1.0,0.0111410645768046,-0.1231158822774887,0.03,0.97,True,False,False,False,False,False,False,False,False,False
S0 all ON,TR1.5z0.5/T60/SL3,1443,255,0.5987525987525988,-0.267654469340841,1.0513219270841714,-0.3710502555600459,-0.1598717380582564,-3.4307384638850067,-3.06701368108282,-0.277957918254386,-0.2586740313772843,-0.2846565176904697,-0.2434172355430706,-0.2870067552145772,-0.3009723141176081,,0,9,-4.804062971663718,1.0,-0.1777718365192413,-0.1574229896068573,0.64,1.0,True,False,False,False,False,False,False,False,False,False
S0 all ON,TR1.5z0.5/T60/SL5,1443,255,0.6909216909216909,-0.2294241887223364,1.1250492003572767,-0.3706227701577875,-0.0904092796520508,-5.547150977630976,-5.052092838067333,-0.1679238782105422,-0.2830275722034333,-0.2661143696867707,-0.1865783941947696,-0.248643545943018,-0.2624752485680603,,2,9,-3.3110541856750544,1.0,-0.1261225640773773,-0.143497958779335,0.37,1.0,True,False,False,False,False,False,False,False,False,False
S0 all ON,TR1.5z0.5/T120/noSL,1443,255,0.7934857934857935,-0.1516767891684386,1.177969890847931,-0.3692824735264281,0.0442612947667167,-38.67273797936422,-13.049936498821529,-0.1655411969968067,-0.1395926360417675,-0.1995589981304701,-0.1149378730977202,-0.1706258146799618,-0.1843448114917045,,4,9,-1.392420137253652,1.0,-0.0051374449394643,-0.0826463252305984,0.19,0.97,True,False,False,False,False,False,False,False,False,False
S0 all ON,TR1.5z0.5/T120/SL3,1443,255,0.6077616077616078,-0.2703426057490906,1.0674752114671962,-0.3803728064569038,-0.1585071802557542,-3.4307384638850067,-3.0693874950655986,-0.2821951829680024,-0.2600119547878601,-0.2916073680984846,-0.2495424790562092,-0.2897042384114507,-0.3037418986415385,,0,9,-4.823141026373017,1.0,-0.1755037456750869,-0.1545697152614593,0.61,1.0,True,False,False,False,False,False,False,False,False,False
S0 all ON,TR1.5z0.5/T120/SL5,1443,255,0.7158697158697158,-0.2526135444531843,1.1448117875273458,-0.3959566965919854,-0.1140272846964639,-5.547150977630976,-5.053762418617611,-0.1784515495793283,-0.3172527929035492,-0.300736304341719,-0.2015909808054283,-0.2719135322570747,-0.2858891174482427,,2,9,-3.469309119580005,1.0,-0.1384171992540359,-0.1245864331722259,0.58,1.0,True,False,False,False,False,False,False,False,False,False
S0 all ON,TR1.5z1/T15/noSL,1443,255,0.6029106029106029,-0.1752098359902838,0.5864748814420131,-0.3056853015754566,-0.050745092225525,-20.120069396355,-7.235293117717696,-0.121065168435774,-0.2224020754152262,-0.2114758820041115,-0.1446203578084759,-0.1974636171962455,-0.2153917486458788,,1,9,-2.6976846112986617,1.0,-0.1294075846672058,-0.1915939748287201,0.1,1.0,True,False,False,False,False,False,False,False,False,False
S0 all ON,TR1.5z1/T15/SL3,1443,255,0.5537075537075538,-0.239957531771101,0.5031172877042924,-0.3379028553286939,-0.1343185177317964,-3.4307384638850067,-3.0588929739902304,-0.2595691602044204,-0.2228641280004258,-0.2613191480307144,-0.219240743001236,-0.2624364440472327,-0.2805912776142806,,0,9,-4.7006953364313,1.0,-0.1982555389404297,-0.1984416544437408,0.51,1.0,True,False,False,False,False,False,False,False,False,False
S0 all ON,TR1.5z1/T15/SL5,1443,255,0.5925155925155925,-0.2075795973402088,0.5717349784821093,-0.3330009432870118,-0.0878046944817394,-5.111700149136621,-5.021640015584086,-0.1627741684084714,-0.2466317999888826,-0.2529994456045388,-0.1642641063333128,-0.2299459298721436,-0.2479873980722165,,1,9,-3.490600029973127,1.0,-0.1628045737743377,-0.1981439441442489,0.21,1.0,True,False,False,False,False,False,False,False,False,False
S0 all ON,TR1.5z1/T30/noSL,1443,255,0.6715176715176715,-0.1401195200976654,0.7429780967072488,-0.3032131449681607,0.0233792302598352,-31.05387013457568,-9.067907815939474,-0.0676736618805153,-0.2032629918511347,-0.1749061487282667,-0.0808128143423207,-0.1622512904695081,-0.1806174781083693,,3,9,-1.7319961279234106,1.0,-0.0795727297663688,-0.1804316341876983,0.06,1.0,True,False,False,False,False,False,False,False,False,False
S0 all ON,TR1.5z1/T30/SL3,1443,255,0.5814275814275814,-0.2422060474020638,0.6143168158059722,-0.3565378325256017,-0.1270609417477532,-3.4307384638850067,-3.0649062941500342,-0.2628487320520286,-0.2242139798472307,-0.2691766014358758,-0.216172547870602,-0.2646927778827536,-0.2834164026723936,,0,9,-4.247403604695596,1.0,-0.1920144110918045,-0.1956680864095688,0.47,1.0,True,False,False,False,False,False,False,False,False,False
S0 all ON,TR1.5z1/T30/SL5,1443,255,0.6486486486486487,-0.1870728002309483,0.7118058420056985,-0.3234425106941402,-0.0533596326603065,-5.547150977630976,-5.04030439423497,-0.1302148137276353,-0.2366299557824739,-0.230798123160578,-0.1304442390107631,-0.2093678295740473,-0.2278984154651923,,3,9,-2.669856214921842,1.0,-0.1252198964357376,-0.1907189190387725,0.12,1.0,True,False,False,False,False,False,False,False,False,False
S0 all ON,TR1.5z1/T60/noSL,1443,255,0.7408177408177408,-0.1119302935351585,0.8612505187993071,-0.288264317641757,0.0588318887750797,-30.5445417789412,-10.458163699806969,-0.0938833092208173,-0.1276599607974635,-0.1377656971817329,-0.0728560201443486,-0.1344278341424512,-0.1533748903581215,,3,9,-1.2246961355906414,1.0,-0.0328139066696167,-0.1718764752149582,0.0,0.99,True,False,False,False,False,False,False,False,False,False
S0 all ON,TR1.5z1/T60/SL3,1443,255,0.5987525987525988,-0.2664134253591243,0.6684650007820827,-0.3876101917674687,-0.14423477220495,-3.4307384638850067,-3.06701368108282,-0.2769483034385695,-0.2572312748151721,-0.2920343941389117,-0.2472549530618593,-0.2892756942092446,-0.3083357562205496,,0,9,-4.426933088351239,1.0,-0.209325760602951,-0.196302592754364,0.56,1.0,True,False,False,False,False,False,False,False,False,False
S0 all ON,TR1.5z1/T60/SL5,1443,255,0.6909216909216909,-0.2253676093350529,0.7868624041216479,-0.3742832128988905,-0.0762392506980964,-5.547150977630976,-5.052092838067333,-0.172347552078865,-0.2715796436750767,-0.2590621119775864,-0.1790589464297144,-0.2482595773269072,-0.2676038133862078,,2,9,-3.0785011990126483,1.0,-0.1569117754697799,-0.1881012767553329,0.32,1.0,True,False,False,False,False,False,False,False,False,False
S0 all ON,TR1.5z1/T120/noSL,1443,255,0.7934857934857935,-0.1513374908343052,0.939539232553012,-0.3676097392349459,0.0577426985983256,-38.67273797936422,-13.049936498821529,-0.1728676038918439,-0.1325719448230652,-0.1975035644799186,-0.1117515605368449,-0.1740969321025028,-0.1935757824672566,,4,9,-1.3625470977383014,1.0,-0.0630313009023666,-0.1390103101730346,0.19,1.0,True,False,False,False,False,False,False,False,False,False
S0 all ON,TR1.5z1/T120/SL3,1443,255,0.6077616077616078,-0.2697133434481236,0.686009602851946,-0.3903557951869281,-0.1493543758273332,-3.4307384638850067,-3.0693874950655986,-0.2809451079529785,-0.2599237899497286,-0.2899061220079937,-0.2518153887136241,-0.2925870862832543,-0.311658702349249,,0,9,-4.44936412953068,1.0,-0.2113721221685409,-0.1970380991697311,0.6,1.0,True,False,False,False,False,False,False,False,False,False
S0 all ON,TR1.5z1/T120/SL5,1443,255,0.7158697158697158,-0.247967462384698,0.8345144335400136,-0.4005360678982386,-0.1027083852261834,-5.547150977630976,-5.053762418617611,-0.1831958989732335,-0.3044220546188151,-0.2939650014161998,-0.1922211765037564,-0.2710628910365895,-0.2908800734283291,,2,9,-3.2041241193757695,1.0,-0.1759133040904998,-0.1740902662277221,0.51,1.0,True,False,False,False,False,False,False,False,False,False
S0 all ON,TR2z0.3/T15/noSL,1443,255,0.546084546084546,-0.1987562291863152,0.3749760618524402,-0.3253455683569853,-0.0766117050951687,-20.120069396355,-7.423023924280355,-0.1500373915306703,-0.2412193406060213,-0.2387874745605793,-0.1550041616833731,-0.2184699326554417,-0.2303338548877095,,2,9,-3.062145674872436,1.0,-0.098082348704338,-0.1466151773929596,0.18,1.0,True,False,False,False,False,False,False,False,False,False
S0 all ON,TR2z0.3/T15/SL3,1443,255,0.4996534996534996,-0.2650531247269322,-0.006949815073408,-0.3715039639303897,-0.1584161786230862,-3.4307384638850067,-3.0600605978401356,-0.2936740817933352,-0.2401072321865655,-0.2882113771921576,-0.2243180792466241,-0.2849973459135158,-0.2970933945004872,,0,9,-4.976657184129027,1.0,-0.1746296435594558,-0.1586345136165619,0.65,1.0,True,False,False,False,False,False,False,False,False,False
S0 all ON,TR2z0.3/T15/SL5,1443,255,0.5356895356895357,-0.2422107221110457,0.3309652840198364,-0.3623382853623881,-0.118734093494653,-5.111700149136621,-5.023025919997711,-0.1883198265456965,-0.2891817750551634,-0.2926721414550133,-0.1883326958806203,-0.2620755190882555,-0.2740915892145666,,1,9,-3.945360637422675,1.0,-0.151483952999115,-0.15622478723526,0.48,1.0,True,False,False,False,False,False,False,False,False,False
S0 all ON,TR2z0.3/T30/noSL,1443,255,0.6181566181566182,-0.1442431615282214,1.6533186522163192,-0.3032248749734652,0.0153831179123965,-31.05387013457568,-9.52112725350213,-0.053456789479751,-0.223372139500429,-0.1793104501068685,-0.0876162830123834,-0.1637673202558384,-0.1766314424272898,,5,9,-1.8167404384488517,1.0,-0.0066920537501573,-0.1151310130953788,0.06,0.97,True,False,False,False,False,False,False,False,False,False
S0 all ON,TR2z0.3/T30/SL3,1443,255,0.5232155232155232,-0.2579866033646629,0.7156602553482618,-0.3703055497256954,-0.1395191308817785,-3.4307384638850067,-3.065801003229939,-0.2650919310160098,-0.251793632960376,-0.279221569040547,-0.2113619820929096,-0.2779062538928238,-0.2911686277517735,,0,9,-4.38284181282873,1.0,-0.1408259123563766,-0.1403550952672958,0.49,1.0,True,False,False,False,False,False,False,False,False,False
S0 all ON,TR2z0.3/T30/SL5,1443,255,0.5904365904365905,-0.2246245680755024,1.5849055558547778,-0.368593637771099,-0.0804190028692507,-5.547150977630976,-5.042522505657922,-0.1322506007981065,-0.3051372866363456,-0.2733387904037783,-0.1577087846865298,-0.2444282170901406,-0.2575737799344265,,4,9,-3.153807084419706,1.0,-0.0965033993124961,-0.1305185109376907,0.28,1.0,True,False,False,False,False,False,False,False,False,False
S0 all ON,TR2z0.3/T60/noSL,1443,255,0.6909216909216909,-0.140007404087138,1.726696957823172,-0.3445569574421239,0.0490675740142186,-30.5445417789412,-11.747533582141555,-0.1236749848059127,-0.1542426644723305,-0.1670923038819816,-0.0800621751378345,-0.1595168348681588,-0.1725707901815904,,3,9,-1.4265793918617675,1.0,0.0424357503652572,-0.0877871438860893,0.05,0.96,True,False,False,False,False,False,False,False,False,False
S0 all ON,TR2z0.3/T60/SL3,1443,255,0.5391545391545391,-0.2888070092343602,1.5049147603088966,-0.4078840292296559,-0.1675400701596383,-3.4307384638850067,-3.069095840778437,-0.2951050403971045,-0.2833176746800616,-0.3096528797293736,-0.2532268177190737,-0.3088338238997593,-0.3223615079714922,,0,9,-4.6801618981911055,1.0,-0.1545908153057098,-0.1283909976482391,0.67,1.0,True,False,False,False,False,False,False,False,False,False
S0 all ON,TR2z0.3/T60/SL5,1443,255,0.6327096327096328,-0.2699906462200973,1.7046989026567885,-0.4218511259437568,-0.1231218530452748,-5.547150977630976,-5.055616900752635,-0.1828810444352697,-0.3459149683983128,-0.3078161682514108,-0.2138009276629489,-0.2899520354229992,-0.3034138374693423,,2,9,-3.4756688252013377,1.0,-0.120615653693676,-0.1110763102769851,0.57,1.0,True,False,False,False,False,False,False,False,False,False
S0 all ON,TR2z0.3/T120/noSL,1443,255,0.7477477477477478,-0.1722698731062222,1.7521104084098362,-0.4147750460869392,0.0492542293956901,-38.67273797936422,-14.305371994760874,-0.2466408677807348,-0.1074484614054797,-0.2202422020567706,-0.1042567419929568,-0.1918914821522609,-0.2054217228788096,,3,9,-1.4550577274044667,1.0,0.0416076146066188,-0.0378746464848518,0.23,0.96,True,False,False,False,False,False,False,False,False,False
S0 all ON,TR2z0.3/T120/SL3,1443,255,0.5488565488565489,-0.2889511969879965,1.608883533425344,-0.4115920464530589,-0.171669242645969,-3.4307384638850067,-3.071383945416645,-0.2965704396438396,-0.282310300665394,-0.3108465808561843,-0.2545493765429234,-0.308978513001635,-0.3229172918679233,,0,9,-4.671445566859241,1.0,-0.1487427800893783,-0.121822215616703,0.7,1.0,True,False,False,False,False,False,False,False,False,False
S0 all ON,TR2z0.3/T120/SL5,1443,255,0.6625086625086625,-0.2745041695451903,1.7243774286386695,-0.4354536501709965,-0.1105065908648679,-5.547150977630976,-5.056876611412842,-0.1826142375026563,-0.3545950052554146,-0.3240779705669321,-0.2158041279520779,-0.2944812525009609,-0.3083694477646648,,2,9,-3.3780214056922695,1.0,-0.1098696663975715,-0.0829028412699699,0.67,1.0,True,False,False,False,False,False,False,False,False,False
S0 all ON,TR2z0.5/T15/noSL,1443,255,0.546084546084546,-0.1929823648557057,0.3749760618524402,-0.3291915402474741,-0.0674543156500241,-20.120069396355,-7.423023924280355,-0.1449329995355439,-0.2348619673137454,-0.2332518957515541,-0.1472219067312798,-0.2123689210684748,-0.2274753563154359,,2,9,-2.9343288772855525,1.0,-0.1145920976996421,-0.1615884006023407,0.17,1.0,True,False,False,False,False,False,False,False,False,False
S0 all ON,TR2z0.5/T15/SL3,1443,255,0.4996534996534996,-0.259367207739683,-0.006949815073408,-0.3621624404001644,-0.1529679068664789,-3.4307384638850067,-3.0600605978401356,-0.2895480562810163,-0.2330617210733069,-0.2823881073295148,-0.216372824987735,-0.2789845874673478,-0.2943234570004179,,0,9,-4.801989702969055,1.0,-0.1886175274848938,-0.1724316179752349,0.65,1.0,True,False,False,False,False,False,False,False,False,False
S0 all ON,TR2z0.5/T15/SL5,1443,255,0.5356895356895357,-0.2367441438473203,0.3309652840198364,-0.3655954405550906,-0.1103747784278928,-5.111700149136621,-5.023025919997711,-0.1833284565889418,-0.2833010074499536,-0.2874792317298472,-0.1808516400963368,-0.2562828620176402,-0.2715425210641449,,1,9,-3.807737267149629,1.0,-0.1676380187273025,-0.1707362681627273,0.51,1.0,True,False,False,False,False,False,False,False,False,False
S0 all ON,TR2z0.5/T30/noSL,1443,255,0.6181566181566182,-0.1398644798955686,1.5215823264196584,-0.3009052690764813,0.0096088528083979,-31.05387013457568,-9.52112725350213,-0.0508788421930506,-0.2174239462199423,-0.1763426378758923,-0.0876119628406731,-0.1590663424888656,-0.1741074369080842,,5,9,-1.74984677238994,1.0,-0.0333691984415054,-0.1358396857976913,0.06,0.99,True,False,False,False,False,False,False,False,False,False
S0 all ON,TR2z0.5/T30/SL3,1443,255,0.5232155232155232,-0.2520631044242085,0.7156602553482618,-0.3710950536591985,-0.1338682601265619,-3.4307384638850067,-3.065801003229939,-0.261521080457245,-0.2438195766755697,-0.2722513475574188,-0.204514636453241,-0.2716550874087734,-0.2870890246225486,,0,9,-4.2288105463829275,1.0,-0.1608850061893463,-0.1584874987602234,0.51,1.0,True,False,False,False,False,False,False,False,False,False
S0 all ON,TR2z0.5/T30/SL5,1443,255,0.5904365904365905,-0.2187896190813559,1.5015803786214934,-0.3573361323224642,-0.0658612362340858,-5.547150977630976,-5.042522505657922,-0.1288265265526132,-0.2972010304682757,-0.267232622257166,-0.1508954853991584,-0.2382659084451182,-0.2535833446855381,,4,9,-3.041723578953169,1.0,-0.1194508224725723,-0.1502177268266677,0.29,1.0,True,False,False,False,False,False,False,False,False,False
S0 all ON,TR2z0.5/T60/noSL,1443,255,0.6909216909216909,-0.1281564242925079,1.598343156536576,-0.3315130671903892,0.0651838044591666,-30.5445417789412,-11.747533582141555,-0.1155016850113951,-0.139186235961649,-0.1571139939969599,-0.0719059364075924,-0.1473626310554504,-0.1628476923626559,,4,9,-1.288886674569934,1.0,0.0157921463251113,-0.1140463054180145,0.05,0.97,True,False,False,False,False,False,False,False,False,False
S0 all ON,TR2z0.5/T60/SL3,1443,255,0.5391545391545391,-0.2797908041628228,1.467249025408647,-0.4031738265442088,-0.1519067017907156,-3.4307384638850067,-3.069095840778437,-0.2868870507684735,-0.2736057487555631,-0.3006632981633889,-0.2427970654815098,-0.2994791977862563,-0.3150102184277268,,0,9,-4.463450276111588,1.0,-0.1741592586040496,-0.1497702598571777,0.63,1.0,True,False,False,False,False,False,False,False,False,False
S0 all ON,TR2z0.5/T60/SL5,1443,255,0.6327096327096328,-0.2590455404136488,1.5604973868581298,-0.4245499815211035,-0.0997472415145034,-5.547150977630976,-5.055616900752635,-0.1751648125917599,-0.3321555911222212,-0.2952761151539026,-0.2063707512716457,-0.2786618016874677,-0.2941201866133109,,2,9,-3.2847237830800213,1.0,-0.1430787295103073,-0.1355499625205993,0.58,1.0,True,False,False,False,False,False,False,False,False,False
S0 all ON,TR2z0.5/T120/noSL,1443,255,0.7477477477477478,-0.159727692396268,1.6516431451904636,-0.4050258086117432,0.0690766464616653,-38.67273797936422,-14.305371994760874,-0.2363641792728121,-0.0929316882704086,-0.2097116089959163,-0.089892305755837,-0.1790436740830767,-0.1946392763638605,,3,9,-1.3388654596618963,1.0,0.0126286623999476,-0.0697500333189964,0.23,0.97,True,False,False,False,False,False,False,False,False,False
S0 all ON,TR2z0.5/T120/SL3,1443,255,0.5488565488565489,-0.2796092796665231,1.5049147603088966,-0.4099465116785503,-0.1573422170898164,-3.4307384638850067,-3.071383945416645,-0.2898960534417829,-0.2706433756756354,-0.2997964921838305,-0.2435758394336483,-0.2992970421199415,-0.3148274271868611,,0,9,-4.442064531414666,1.0,-0.1680123805999755,-0.1453435271978378,0.63,1.0,True,False,False,False,False,False,False,False,False,False
S0 all ON,TR2z0.5/T120/SL5,1443,255,0.6625086625086625,-0.2636329026852484,1.5947101289476753,-0.429131259213204,-0.1062461109257564,-5.547150977630976,-5.056876611412842,-0.1773641684569908,-0.3388243286273873,-0.3116868343328935,-0.2087095196343701,-0.2832651144537531,-0.2987395611826886,,2,9,-3.190904968408432,1.0,-0.1332028210163116,-0.111165627837181,0.61,1.0,True,False,False,False,False,False,False,False,False,False
S0 all ON,TR2z1/T15/noSL,1443,255,0.546084546084546,-0.1976181665527375,0.3749760618524402,-0.3349622057989504,-0.0648924461311375,-20.120069396355,-7.423023924280355,-0.143069473104496,-0.245162553060154,-0.2377928758555147,-0.1586548630259856,-0.2199498626772059,-0.238590865657005,,1,9,-2.9157508591343233,1.0,-0.1550168544054031,-0.1860424429178238,0.28,1.0,True,False,False,False,False,False,False,False,False,False
S0 all ON,TR2z1/T15/SL3,1443,255,0.4996534996534996,-0.2666030123872486,-0.006949815073408,-0.370595058220305,-0.1584204289873229,-3.4307384638850067,-3.0600605978401356,-0.286397316313651,-0.2493503895097617,-0.2899557851704167,-0.2323062903685016,-0.2891745723706685,-0.3080571130674721,,0,9,-4.78006739242119,1.0,-0.2289372235536575,-0.1944737434387207,0.81,1.0,True,False,False,False,False,False,False,False,False,False
S0 all ON,TR2z1/T15/SL5,1443,255,0.5356895356895357,-0.241008325643404,0.3309652840198364,-0.369938794841954,-0.1164142973115814,-5.111700149136621,-5.023025919997711,-0.1809939133120572,-0.2933166072084691,-0.2916058010787319,-0.1921044945904968,-0.2634908915839038,-0.2822838172046893,,1,9,-3.7259799116729377,1.0,-0.2057840824127197,-0.1942494809627533,0.6,1.0,True,False,False,False,False,False,False,False,False,False
S0 all ON,TR2z1/T30/noSL,1443,255,0.6181566181566182,-0.1477703057669306,1.1151138359332582,-0.3193234428945584,0.0162115611710659,-31.05387013457568,-9.52112725350213,-0.0593703377527254,-0.2248193051256153,-0.1856429631132728,-0.0977389151167842,-0.1700618578594022,-0.1890370459517066,,5,9,-1.7860238469507237,1.0,-0.0874910205602645,-0.1723294109106063,0.13,1.0,True,False,False,False,False,False,False,False,False,False
S0 all ON,TR2z1/T30/SL3,1443,255,0.5232155232155232,-0.2600863110710621,0.7156602553482618,-0.3864436974292873,-0.1375174518766053,-3.4307384638850067,-3.065801003229939,-0.2579346336233928,-0.2619617030877076,-0.2904720025462095,-0.2247046084153324,-0.2827683916937983,-0.3020689115264984,,0,9,-4.234751819097117,1.0,-0.2101022899150848,-0.1895878911018371,0.66,1.0,True,False,False,False,False,False,False,False,False,False
S0 all ON,TR2z1/T30/SL5,1443,255,0.5904365904365905,-0.2250990823162213,1.0785024682263624,-0.37530765543098,-0.0765089236736977,-5.547150977630976,-5.042522505657922,-0.1334788307630925,-0.3049548657710884,-0.2731631324857025,-0.1651189703870171,-0.2476595105441213,-0.2669054510882218,,3,9,-3.032142832224616,1.0,-0.1701757609844207,-0.1846522539854049,0.38,1.0,True,False,False,False,False,False,False,False,False,False
S0 all ON,TR2z1/T60/noSL,1443,255,0.6909216909216909,-0.1288832704350208,1.252743775359956,-0.3281769120879743,0.0678141322701168,-30.5445417789412,-11.747533582141555,-0.1229426719533186,-0.1340610683334694,-0.1603481820811524,-0.0793199929988108,-0.1514397574154007,-0.1707832790410457,,4,9,-1.2656699813606582,1.0,-0.0422247312963008,-0.1623132526874542,0.06,1.0,True,False,False,False,False,False,False,False,False,False
S0 all ON,TR2z1/T60/SL3,1443,255,0.5391545391545391,-0.2843932369822916,1.026369813332885,-0.4138790340872008,-0.1577851548954809,-3.4307384638850067,-3.069095840778437,-0.2865042727365062,-0.2825532680758945,-0.3134131179209282,-0.2571743376997303,-0.3073180225626732,-0.3269270146330555,,0,9,-4.376571931365106,1.0,-0.22432242333889,-0.187807485461235,0.71,1.0,True,False,False,False,False,False,False,False,False,False
S0 all ON,TR2z1/T60/SL5,1443,255,0.6327096327096328,-0.2603606480377037,1.1843484615002633,-0.4183042225937765,-0.1030880798176724,-5.547150977630976,-5.055616900752635,-0.1814164776483122,-0.3291680183381851,-0.2954637448430769,-0.2117566418046051,-0.2833742886258817,-0.3031781540450036,,2,9,-3.216967273527493,1.0,-0.1929764598608017,-0.1797852665185928,0.57,1.0,True,False,False,False,False,False,False,False,False,False
S0 all ON,TR2z1/T120/noSL,1443,255,0.7477477477477478,-0.1524919268301758,1.3618612387126483,-0.394680962470461,0.0713361547972108,-38.67273797936422,-14.305371994760874,-0.2404156325653666,-0.0758580354500874,-0.1962947523011723,-0.0883890025290418,-0.1756600461033544,-0.1957991884070384,,3,9,-1.2526840329433249,1.0,-0.0512606315314769,-0.1275323033332824,0.25,1.0,True,False,False,False,False,False,False,False,False,False
S0 all ON,TR2z1/T120/SL3,1443,255,0.5488565488565489,-0.2827339228097795,1.0753486949311344,-0.4108216923162219,-0.1499455616213839,-3.4307384638850067,-3.071383945416645,-0.287750532910639,-0.2783614688697307,-0.3058784186435394,-0.2553794532271143,-0.3062033156284609,-0.3260868357126303,,0,9,-4.303403561268874,1.0,-0.2202623337507248,-0.1886479407548904,0.69,1.0,True,False,False,False,False,False,False,False,False,False
S0 all ON,TR2z1/T120/SL5,1443,255,0.6625086625086625,-0.2619820571268312,1.2442699515487834,-0.4352902564474121,-0.0982262778572491,-5.547150977630976,-5.056876611412842,-0.1840577059914045,-0.3299005577273588,-0.3116742710589112,-0.2119104931158068,-0.2855308792174527,-0.3060533810225816,,2,9,-3.073144185075695,1.0,-0.1879390180110931,-0.1625783592462539,0.61,1.0,True,False,False,False,False,False,False,False,False,False
S0 all ON,TR3z0.3/T15/noSL,1443,255,0.4913374913374913,-0.2245130915353927,-0.055226823497033,-0.3696404799212394,-0.0847529450102752,-20.120069396355,-7.802361577065834,-0.1966955943959725,-0.2487586921549652,-0.2727413680815346,-0.1706968869241183,-0.2443163529403643,-0.2585443536999934,,2,9,-3.1102976214849027,1.0,-0.1543055027723312,-0.1653921753168106,0.42,1.0,True,False,False,False,False,False,False,False,False,False
S0 all ON,TR3z0.3/T15/SL3,1443,255,0.4442134442134442,-0.2919975940306381,-0.4115744536135045,-0.3984229504292501,-0.181794130076569,-3.4307384638850067,-3.0642613057610424,-0.327878562648848,-0.260723909320603,-0.316291300554279,-0.2532751514404734,-0.3120355025235624,-0.3264060053729039,,0,9,-4.933752211686983,1.0,-0.2238346636295318,-0.1767164468765258,0.83,1.0,True,False,False,False,False,False,False,False,False,False
S0 all ON,TR3z0.3/T15/SL5,1443,255,0.4809424809424809,-0.2758170597737447,-0.1084325485124924,-0.4057212276461719,-0.1442566192533207,-5.20929842461748,-5.0262426805124045,-0.2429952023113225,-0.3044244374841827,-0.3293697556268742,-0.2129590031047659,-0.2957987077164021,-0.3102063398604557,,1,9,-4.056308853087653,1.0,-0.2101192623376846,-0.1751023828983307,0.77,1.0,True,False,False,False,False,False,False,False,False,False
S0 all ON,TR3z0.3/T30/noSL,1443,255,0.5377685377685377,-0.1949722904268255,0.5123188412097259,-0.362719158561087,-0.0290694622659335,-31.05387013457568,-10.06172577058312,-0.1438460705181027,-0.2395336649776189,-0.2469121572708187,-0.1286704023272888,-0.2146728369461626,-0.2292083152559718,,4,9,-2.1903173133520975,1.0,-0.0758216306567192,-0.1332659870386123,0.22,1.0,True,False,False,False,False,False,False,False,False,False
S0 all ON,TR3z0.3/T30/SL3,1443,255,0.4490644490644491,-0.2980485230721083,-0.5603697316031928,-0.4317781044636004,-0.1731039759269156,-3.4307384638850067,-3.070911368569431,-0.2829073149769108,-0.3112455293496344,-0.3248362783978951,-0.2644821915834017,-0.318107470956693,-0.3329366304907818,,1,9,-4.540133381454164,1.0,-0.1910474896430969,-0.1599569618701934,0.7,1.0,True,False,False,False,False,False,False,False,False,False
S0 all ON,TR3z0.3/T30/SL5,1443,255,0.5142065142065142,-0.2737621892325113,0.1557275625593725,-0.4268624718399042,-0.1158505609081928,-5.547150977630976,-5.04622915657884,-0.1979611543528299,-0.3398300172988483,-0.3168525262865447,-0.1990101694103331,-0.2937366922845523,-0.3085480388963098,,4,9,-3.4744760929975227,1.0,-0.1590724885463714,-0.1488217860460281,0.56,1.0,True,False,False,False,False,False,False,False,False,False
S0 all ON,TR3z0.3/T60/noSL,1443,255,0.6008316008316008,-0.2354437584554,2.401788173080678,-0.4703443900657482,-0.0029610015071047,-30.5445417789412,-13.289903134516738,-0.2510145520438111,-0.2218723274678354,-0.2778721399342788,-0.1466553700560866,-0.2552850263517486,-0.2703783466059901,,5,9,-1.9517836814636769,1.0,-0.0450463369488716,-0.0946494415402412,0.29,1.0,True,False,False,False,False,False,False,False,False,False
S0 all ON,TR3z0.3/T60/SL3,1443,255,0.4525294525294525,-0.3054248398293804,-1.47770066955749,-0.439542511013215,-0.1676882832838373,-3.4307384638850067,-3.074885099260119,-0.2767755868033629,-0.3303953949960261,-0.3316106507986021,-0.2753331762878742,-0.3255094355469183,-0.3407052697810436,,1,9,-4.337983658441248,1.0,-0.1684086322784423,-0.1424773037433624,0.65,1.0,True,False,False,False,False,False,False,False,False,False
S0 all ON,TR3z0.3/T60/SL5,1443,255,0.544005544005544,-0.2968706726095028,1.6088552788978263,-0.4601314016031576,-0.1212198482098973,-5.547150977630976,-5.060963090998762,-0.2242132797129745,-0.3601985170018077,-0.3402783638861619,-0.2370614064707414,-0.3169255250474164,-0.332091408442395,,2,9,-3.3999506684176786,1.0,-0.1331131309270858,-0.121822640299797,0.58,1.0,True,False,False,False,False,False,False,False,False,False
S0 all ON,TR3z0.3/T120/noSL,1443,255,0.668052668052668,-0.2015077854004606,2.693228775853453,-0.4840869513284285,0.0661015993555045,-38.67273797936422,-15.785128969830298,-0.3465369812280295,-0.075101015496276,-0.2552490588129702,-0.0631472325889588,-0.2215837893156007,-0.2373986413277134,,4,9,-1.4307781926422385,1.0,0.0286891050636768,-0.0376989617943763,0.31,0.97,True,False,False,False,False,False,False,False,False,False
S0 all ON,TR3z0.3/T120/SL3,1443,255,0.4656964656964657,-0.2683461815645138,-3.000160724965438,-0.4070006257487826,-0.1281757227095077,-3.4307384638850067,-3.078150886710155,-0.2392764780780976,-0.2936831993892501,-0.2938428339682455,-0.2432499345191584,-0.2886545860226445,-0.3044929248568009,,1,9,-3.7389740783458647,1.0,-0.1168010309338569,-0.1303115487098693,0.42,1.0,True,False,False,False,False,False,False,False,False,False
S0 all ON,TR3z0.3/T120/SL5,1443,255,0.5772695772695773,-0.2974357139166367,2.5012614713624717,-0.4894114124102356,-0.1173800470706698,-5.547150977630976,-5.062722899987319,-0.2224205333680205,-0.3628185950173759,-0.3578537834141321,-0.2414013713643562,-0.3178452641757135,-0.3339959901405828,,2,9,-3.1702630271246353,1.0,-0.104853942990303,-0.0883989632129669,0.54,1.0,True,False,False,False,False,False,False,False,False,False
S0 all ON,TR3z0.5/T15/noSL,1443,255,0.4913374913374913,-0.2220893580162392,-0.055226823497033,-0.3623604274968536,-0.0788544459222772,-20.120069396355,-7.802361577065834,-0.1917534455396269,-0.2485299976845706,-0.2681361665471066,-0.1677501535475802,-0.2422006740494282,-0.2592877837338486,,1,9,-3.071802524176623,1.0,-0.1697821915149688,-0.1761537194252014,0.47,1.0,True,False,False,False,False,False,False,False,False,False
S0 all ON,TR3z0.5/T15/SL3,1443,255,0.4442134442134442,-0.2893326558532768,-0.4115744536135045,-0.4030515234076704,-0.1670328063762392,-3.4307384638850067,-3.0642613057610424,-0.3222609673460488,-0.2606324933070475,-0.3118889585854656,-0.2498461609382709,-0.3096777802934097,-0.3270003299856596,,0,9,-4.9028291000439905,1.0,-0.2373048812150955,-0.1865285038948059,0.86,1.0,True,False,False,False,False,False,False,False,False,False
S0 all ON,TR3z0.5/T15/SL5,1443,255,0.4809424809424809,-0.2731196658100852,-0.1084325485124924,-0.4131320842637526,-0.1457772433088137,-5.20929842461748,-5.0262426805124045,-0.2377808487643174,-0.3039208137410267,-0.3242629101283067,-0.2098841169016754,-0.2934084168495117,-0.3106741997467726,,1,9,-4.028477175250281,1.0,-0.2258588224649429,-0.1854542791843414,0.8,1.0,True,False,False,False,False,False,False,False,False,False
S0 all ON,TR3z0.5/T30/noSL,1443,255,0.5377685377685377,-0.1924205184850413,0.5123188412097259,-0.3685287972824296,-0.0208582679756406,-31.05387013457568,-10.06172577058312,-0.1372862461533711,-0.2404752928130339,-0.2431065758367195,-0.1246753263965602,-0.2124286744364113,-0.2294350812160051,,4,9,-2.164825578381915,1.0,-0.0998039916157722,-0.1503853350877761,0.22,1.0,True,False,False,False,False,False,False,False,False,False
S0 all ON,TR3z0.5/T30/SL3,1443,255,0.4490644490644491,-0.2940919837895172,-0.5603697316031928,-0.4245223929275554,-0.1671049530093707,-3.4307384638850067,-3.070911368569431,-0.2735303019521827,-0.3120134496710849,-0.3216929461314526,-0.2611681629390419,-0.3144536566578012,-0.3318160473251179,,1,9,-4.493760412720726,1.0,-0.2107521593570709,-0.1746385246515274,0.73,1.0,True,False,False,False,False,False,False,False,False,False
S0 all ON,TR3z0.5/T30/SL5,1443,255,0.5142065142065142,-0.2699412895123491,0.1557275625593725,-0.4236780260522951,-0.1060994536775383,-5.547150977630976,-5.04622915657884,-0.1904719956362436,-0.3392063549919119,-0.3117578637326735,-0.1940714748903847,-0.2902189891738279,-0.307496820638479,,5,9,-3.431104073677752,1.0,-0.181373730301857,-0.1650431454181671,0.6,1.0,True,False,False,False,False,False,False,False,False,False
S0 all ON,TR3z0.5/T60/noSL,1443,255,0.6008316008316008,-0.2300938122156139,2.3888819291699073,-0.4747229794700298,-0.008747686529136,-30.5445417789412,-13.289903134516738,-0.2389701968227071,-0.2223571968382252,-0.2767698876530124,-0.1396707471296695,-0.2505803554158872,-0.2681229256403606,,5,9,-1.8982932730945803,1.0,-0.077909454703331,-0.1194757744669914,0.33,1.0,True,False,False,False,False,False,False,False,False,False
S0 all ON,TR3z0.5/T60/SL3,1443,255,0.4525294525294525,-0.3007524471288356,-1.47770066955749,-0.4361978183469125,-0.1599726472569408,-3.4307384638850067,-3.074885099260119,-0.2632297722905415,-0.3334570353147417,-0.3295364440762195,-0.2704888263128342,-0.3214846740388215,-0.3392746424441147,,1,9,-4.261337011251236,1.0,-0.1934940367937088,-0.1624772399663925,0.69,1.0,True,False,False,False,False,False,False,False,False,False
S0 all ON,TR3z0.5/T60/SL5,1443,255,0.544005544005544,-0.2929667423968056,1.6088552788978263,-0.4667360917360993,-0.1184863537989213,-5.547150977630976,-5.060963090998762,-0.2140945077661656,-0.3617114138258459,-0.3342184296749396,-0.2311825208388681,-0.3136718980107829,-0.3314346062066272,,2,9,-3.3361092322862675,1.0,-0.1645667999982834,-0.1446832865476608,0.61,1.0,True,False,False,False,False,False,False,False,False,False
S0 all ON,TR3z0.5/T120/noSL,1443,255,0.668052668052668,-0.192059051568716,2.5498020012420644,-0.4716029252414247,0.0722844799453885,-38.67273797936422,-15.785128969830298,-0.3288504440749768,-0.0728323125749323,-0.2473354454818099,-0.0499231398187835,-0.212413345948938,-0.2299816366132908,,4,9,-1.3552365447433885,1.0,-0.0006409232737496,-0.0689063370227813,0.31,0.97,True,False,False,False,False,False,False,False,False,False
S0 all ON,TR3z0.5/T120/SL3,1443,255,0.4656964656964657,-0.2631646968744223,-3.000160724965438,-0.3974873382433618,-0.1230509398782767,-3.4307384638850067,-3.078150886710155,-0.2228715520568624,-0.29828401375821,-0.2898332483623724,-0.2376350877761238,-0.2837662292424941,-0.3015834832121283,,1,9,-3.653972750396601,1.0,-0.1408431380987167,-0.1535956710577011,0.39,1.0,True,False,False,False,False,False,False,False,False,False
S0 all ON,TR3z0.5/T120/SL5,1443,255,0.5772695772695773,-0.2910944248211358,2.457118058176279,-0.4713962682433242,-0.1013709050722596,-5.547150977630976,-5.062722899987319,-0.2068385460739026,-0.3645314553245609,-0.3502539795959911,-0.2319909011934759,-0.3117930702905526,-0.3297081150523989,,2,9,-3.0827661135031104,1.0,-0.1352823972702026,-0.1157513707876205,0.56,1.0,True,False,False,False,False,False,False,False,False,False
S0 all ON,TR3z1/T15/noSL,1443,255,0.4913374913374913,-0.2154237692759388,-0.055226823497033,-0.3592606432215848,-0.0661512739704968,-20.120069396355,-7.802361577065834,-0.1810334500498458,-0.2453982109360354,-0.262277503380543,-0.1542463474694653,-0.2389653355516264,-0.2588943299878931,,1,9,-2.9322265102173475,1.0,-0.1969372481107711,-0.1964818984270095,0.54,1.0,True,False,False,False,False,False,False,False,False,False
S0 all ON,TR3z1/T15/SL3,1443,255,0.4442134442134442,-0.2846065024493382,-0.4115744536135045,-0.3991240230084725,-0.1671208442838756,-3.4307384638850067,-3.0642613057610424,-0.3111263173598527,-0.2614919556012633,-0.3084172498731394,-0.2396549225057352,-0.3081292510422214,-0.3280110900460812,,0,9,-4.685701800111783,1.0,-0.2666171193122864,-0.2047393023967743,0.92,1.0,True,False,False,False,False,False,False,False,False,False
S0 all ON,TR3z1/T15/SL5,1443,255,0.4809424809424809,-0.2662836725971342,-0.1084325485124924,-0.3927390674799829,-0.1276189021599418,-5.20929842461748,-5.0262426805124045,-0.2249302116187318,-0.3023271560958196,-0.3186071718264091,-0.1967931305356069,-0.2900020813739388,-0.3101091523832073,,1,9,-3.8316612570912714,1.0,-0.2513565421104431,-0.2049368321895599,0.82,1.0,True,False,False,False,False,False,False,False,False,False
S0 all ON,TR3z1/T30/noSL,1443,255,0.5377685377685377,-0.1784968464622637,0.5123188412097259,-0.3624874182710974,-0.0020970286655663,-31.05387013457568,-10.06172577058312,-0.1237221315982641,-0.2262382321803022,-0.2276498695722772,-0.1042204176170527,-0.2019100159270558,-0.2221750881199773,,5,9,-1.9925857429056717,1.0,-0.128836527466774,-0.1818651407957077,0.2,1.0,True,False,False,False,False,False,False,False,False,False
S0 all ON,TR3z1/T30/SL3,1443,255,0.4490644490644491,-0.2825619904288359,-0.5603697316031928,-0.4119428281336671,-0.1496847387290031,-3.4307384638850067,-3.070911368569431,-0.2543083202348881,-0.3071877574461288,-0.3094658839984925,-0.2464826249715538,-0.3061440707860632,-0.3264997097653083,,1,9,-4.225587564491607,1.0,-0.2363294959068298,-0.2013768404722213,0.71,1.0,True,False,False,False,False,False,False,False,False,False
S0 all ON,TR3z1/T30/SL5,1443,255,0.5142065142065142,-0.2558222265813561,0.1557275625593725,-0.4108151762500744,-0.0946899411174438,-5.547150977630976,-5.04622915657884,-0.1724308506110731,-0.3285057605009803,-0.3023085996778977,-0.1752922693119909,-0.2795042603720141,-0.3000400731247578,,5,9,-3.184438160642268,1.0,-0.2060858160257339,-0.1946457028388977,0.55,1.0,True,False,False,False,False,False,False,False,False,False
S0 all ON,TR3z1/T60/noSL,1443,255,0.6008316008316008,-0.2027112104917774,2.0656423093831324,-0.438906283704526,0.0187052963788953,-30.5445417789412,-13.289903134516738,-0.2204586410524081,-0.1872426328825119,-0.2487812457849624,-0.101814193715165,-0.2269235063143135,-0.2480451157285003,,5,9,-1.6540166829427918,1.0,-0.1096555963158607,-0.1651966422796249,0.26,1.0,True,False,False,False,False,False,False,False,False,False
S0 all ON,TR3z1/T60/SL3,1443,255,0.4525294525294525,-0.2849572486623871,-1.47770066955749,-0.4409255731576547,-0.1451931266362671,-3.4307384638850067,-3.074885099260119,-0.245765207588868,-0.319116848664209,-0.3135663545645011,-0.2538997029687003,-0.3085476574557536,-0.3292629166959262,,1,9,-3.952060939899307,1.0,-0.2228592038154602,-0.1982632428407669,0.67,1.0,True,False,False,False,False,False,False,False,False,False
S0 all ON,TR3z1/T60/SL5,1443,255,0.544005544005544,-0.2656496828473144,1.6088552788978263,-0.4488449902515313,-0.0924836400777748,-5.547150977630976,-5.060963090998762,-0.192029334505635,-0.3298168347093229,-0.3115730149759107,-0.1956137688438447,-0.2900808189770671,-0.3114227958464627,,3,9,-2.9576416989661465,1.0,-0.1884095966815948,-0.186418354511261,0.51,1.0,True,False,False,False,False,False,False,False,False,False
S0 all ON,TR3z1/T120/noSL,1443,255,0.668052668052668,-0.1557374925240743,2.231150810824435,-0.4371349084234782,0.1305560231052561,-38.67273797936422,-15.785128969830298,-0.2973090850469262,-0.0323443535158299,-0.2114437737211532,-0.0099754578757957,-0.1805179363020581,-0.202388643877992,,4,9,-1.085122944666043,1.0,-0.0403760410845279,-0.1260506212711334,0.24,1.0,True,False,False,False,False,False,False,False,False,False
S0 all ON,TR3z1/T120/SL3,1443,255,0.4656964656964657,-0.2396591924410135,-3.000160724965438,-0.3872073840611968,-0.094086625776234,-3.4307384638850067,-3.078150886710155,-0.1946027279485904,-0.2789301965122306,-0.2687952165878699,-0.2120776439937627,-0.2642915919251037,-0.2854726578328652,,2,9,-3.2320141483362055,1.0,-0.1694651246070861,-0.1956915408372879,0.34,1.0,True,False,False,False,False,False,False,False,False,False
S0 all ON,TR3z1/T120/SL5,1443,255,0.5772695772695773,-0.2556407982579266,2.0856014106935397,-0.4512357516041643,-0.0633990740389878,-5.547150977630976,-5.062722899987319,-0.1764141232292491,-0.3246943982829218,-0.3180328585690815,-0.1923949885173891,-0.2807686109710073,-0.302989111549973,,2,9,-2.6356796338351525,1.0,-0.1632287055253982,-0.1662583500146865,0.5,1.0,True,False,False,False,False,False,False,False,False,False
S0 all ON,LOCK2(live),1443,255,0.4864864864864865,-0.1920527122440478,-3.100006261244802,-0.348941300963282,-0.0320483560177304,-3.5716470968015877,-3.1852439492616136,-0.122115188092015,-0.2530099317384267,-0.2422088820060371,-0.140944304366087,-0.2343907516056003,-0.2706439046000152,,2,9,-2.4401034365240823,1.0,,,,,True,False,False,False,False,False,False,False,False,False
S4 neither,TP0.5/T15/noSL,82,69,0.7439024390243902,-0.0015495266330387,0.5037803409319377,-0.2707468434819259,0.2299506040406491,-4.28452475570541,-3.2503231974032105,-0.107927406192275,0.073801471388087,-0.0895442866612034,0.0853964895502745,-0.0392267202799449,-0.0787204838034685,,4,9,-0.0120114536070784,1.0,-0.0283766109496355,-0.1808293461799621,0.13,0.99,True,False,False,False,False,False,False,False,False,False
S4 neither,TP0.5/T15/SL3,82,69,0.7195121951219512,-0.1649686035773613,0.5035859351621887,-0.4732778677793008,0.1173899465096528,-3.4307384638850067,-3.0980819105808046,-0.2781416078850312,-0.0848043921927617,-0.280978062510267,-0.0704789291731413,-0.2132574255972754,-0.2648035042679553,,3,9,-1.130880648310648,1.0,-0.1732122153043747,-0.1858310550451278,0.5,1.0,True,False,False,False,False,False,False,False,False,False
S4 neither,TP0.5/T15/SL5,82,69,0.7317073170731707,-0.140144618533462,0.503691768284177,-0.4748379051875298,0.1450338072249267,-5.009840718993252,-4.612598194121972,-0.1314542534612335,-0.1463002937929573,-0.2518985371731279,-0.0540251750692538,-0.1868214934726035,-0.2365648940233951,,3,9,-0.9011427982927892,1.0,-0.1647773534059524,-0.1869254857301712,0.47,1.0,True,False,False,False,False,False,False,False,False,False
S4 neither,TP0.5/T30/noSL,82,69,0.8658536585365854,-0.0074228719315522,0.5060364068414493,-0.3697376242834161,0.3039411548422997,-8.106939824683577,-5.093246380933954,-0.1524251575298563,0.0952870803672465,-0.0964244911537478,0.1049300386043546,-0.0485483867795923,-0.0890029639845896,,4,9,-0.0427534177190275,1.0,-0.0310691092163324,-0.1639334857463836,0.23,0.99,True,False,False,False,False,False,False,False,False,False
S4 neither,TP0.5/T30/SL3,82,69,0.8170731707317073,-0.1326767317129605,0.5039438020238665,-0.4448512463295301,0.1698839119035,-3.4307384638850067,-3.108822392224103,-0.2015979938919717,-0.083857504336161,-0.2431504411833976,-0.0491696000238971,-0.1793815142691382,-0.2287390705042382,,4,9,-0.8450796968077495,1.0,-0.139494389295578,-0.1827709376811981,0.41,1.0,True,False,False,False,False,False,False,False,False,False
S4 neither,TP0.5/T30/SL5,82,69,0.8414634146341463,-0.1485067247392435,0.5048046119784169,-0.5486091638157818,0.1966385759660768,-5.026925883919829,-5.010495823407356,-0.0885198388019187,-0.1909974356115152,-0.2616941472999005,-0.0146706603908515,-0.1987935287306402,-0.2496817963489047,,3,9,-0.773458298504954,1.0,-0.1674427241086959,-0.1626097559928894,0.53,1.0,True,False,False,False,False,False,False,False,False,False
S4 neither,TP0.5/T60/noSL,82,69,0.9146341463414634,0.1185652997712551,0.5075926900972818,-0.2286832462867667,0.3959899194917181,-7.871347668448347,-5.361765969882699,0.0215800134167267,0.1872632109390462,0.0511616528409694,0.2411781171720814,0.0854549477063591,0.054112245337187,0.3123319452169069,6,9,0.7535718291585283,0.983,0.0971508175134658,-0.1926269382238388,0.08,0.88,True,False,True,True,True,True,False,False,False,True
S4 neither,TP0.5/T60/SL3,82,69,0.8170731707317073,-0.1350131496718868,0.504298100570745,-0.4578494186681281,0.1639371036566161,-3.4307384638850067,-3.108822392224103,-0.2172803717555685,-0.0767405340292788,-0.2458873879352826,-0.0442893918134637,-0.1818696476799426,-0.2313999909574596,,4,9,-0.854968417802416,1.0,-0.1402439028024673,-0.1968308687210083,0.33,1.0,True,False,False,False,False,False,False,False,False,False
S4 neither,TP0.5/T60/SL5,82,69,0.8780487804878049,-0.0617026096165517,0.5064718821831695,-0.4621020047902464,0.2846251794415397,-5.026925883919829,-5.010495823407356,0.0394455735854644,-0.1333492393846464,-0.1600093267276043,0.1004240155956214,-0.1065186700832534,-0.1511928736878153,,5,9,-0.3178829583574011,1.0,-0.0777081400156021,-0.1875403523445129,0.28,1.0,True,False,False,False,False,False,False,False,False,False
S4 neither,TP0.5/T120/noSL,82,69,0.9146341463414634,0.0352861921791712,0.5075926900972818,-0.3817969934255606,0.3638583433951068,-8.426598144871365,-6.353350017516249,-0.1142218551754767,0.141187725722047,-0.0463938731954716,0.1534993318137295,-0.003231894144951,-0.0407334049760196,1.0494680334094226,5,9,0.1921084342537178,0.999,0.0148902749642729,-0.1744669526815414,0.23,0.97,True,False,False,False,False,False,False,False,False,False
S4 neither,TP0.5/T120/SL3,82,69,0.8170731707317073,-0.1350131496718868,0.504298100570745,-0.4567969447511238,0.1694953521543648,-3.4307384638850067,-3.108822392224103,-0.2172803717555685,-0.0767405340292788,-0.2458873879352826,-0.0442893918134637,-0.1818696476799426,-0.2313999909574596,,4,9,-0.854968417802416,1.0,-0.1402439028024673,-0.1926668584346771,0.36,1.0,True,False,False,False,False,False,False,False,False,False
S4 neither,TP0.5/T120/SL5,82,69,0.8780487804878049,-0.0845192752797605,0.5064718821831695,-0.4830782557956666,0.2576590939296939,-5.026925883919829,-5.010495823407356,0.0394455735854644,-0.1723277098926282,-0.1867374207902204,0.0751406833742278,-0.1308169374129044,-0.1771785206931365,,5,9,-0.4304188709143792,1.0,-0.1008960828185081,-0.1778015941381454,0.33,1.0,True,False,False,False,False,False,False,False,False,False
S4 neither,TP1/T15/noSL,82,69,0.6463414634146342,0.0850418152341511,1.002382678998849,-0.2305374508574809,0.3815282221189713,-4.28452475570541,-3.4520557429081835,-0.0082195808756163,0.151101970811903,0.0120847878057038,0.1913836603041091,0.020914367816139,-0.048685818096843,0.5095404114720478,6,9,0.55053436987419,0.9955,0.0470350794494152,-0.1707034707069397,0.1,0.96,True,False,False,False,True,False,False,False,False,False
S4 neither,TP1/T15/SL3,82,69,0.6341463414634146,-0.0979028917009499,1.0022108252259256,-0.4662686967018674,0.2307403672799858,-3.4307384638850067,-3.1009433227633685,-0.291348498566593,0.0391210798288805,-0.1958260223219844,0.0597323735552715,-0.1739098655433192,-0.2570395121062636,,4,9,-0.5643133695631671,1.0,-0.1104776114225387,-0.1719749867916107,0.38,1.0,True,False,False,False,False,False,False,False,False,False
S4 neither,TP1/T15/SL5,82,69,0.6463414634146342,-0.0666106193053151,1.002382678998849,-0.4374864516534816,0.2893435974888543,-5.009963890456714,-5.005449460377006,-0.1226419809314342,-0.0269217381534807,-0.1582645222249293,0.0331379350480499,-0.1405856274077081,-0.2214010907667906,,5,9,-0.3608208071461368,1.0,-0.0967136621475219,-0.1808816194534301,0.3,1.0,True,False,False,False,False,False,False,False,False,False
S4 neither,TP1/T30/noSL,82,69,0.7926829268292683,0.0989907100704426,1.0050080814505549,-0.3480229193681297,0.498465953024623,-9.210498092549456,-6.215079115750407,0.1114934553610708,0.0901345988229144,-0.0061310762341805,0.2206547909094451,0.0336314738407434,-0.0356728806145711,0.374407444860617,5,9,0.4573945567033146,0.9965,0.0754164606332779,-0.1537084132432937,0.12,0.91,True,False,True,False,False,True,False,False,False,True
S4 neither,TP1/T30/SL3,82,69,0.7439024390243902,0.0039685321977271,1.0045687190169197,-0.4006316093801535,0.3642808667635965,-3.4307384638850067,-3.1119401886111473,-0.140568787070371,0.1063491333459634,-0.1118010191871941,0.1274448869894724,-0.0654666039133737,-0.1414084863273297,9.33918561720098,5,9,0.0213770144445567,1.0,-0.0016107559204101,-0.1814536601305008,0.13,0.97,True,False,False,False,False,False,False,False,False,False
S4 neither,TP1/T30/SL5,82,69,0.7682926829268293,-0.0206794599314296,1.0050080814505549,-0.48279636589846,0.4012285165042016,-5.026925883919829,-5.014793597625386,-0.0013886803396332,-0.0343437621422854,-0.146316132522088,0.1247827674558222,-0.0938094864209907,-0.171963907561148,,5,9,-0.0925551985432215,1.0,-0.0380353331565856,-0.1605516225099563,0.29,0.99,True,False,False,False,False,False,False,False,False,False
S4 neither,TP1/T60/noSL,82,69,0.8536585365853658,0.3527024216026987,1.0060909364587711,-0.0747732724895819,0.7236543941833771,-7.871347668448347,-5.772181215040068,0.2253352571125391,0.4429208297832285,0.2609159533939487,0.4774294734990565,0.3038060600266085,0.2529891867556622,0.2100201979754253,7,9,1.7871102101000889,0.6565,0.330872893333435,-0.2023476958274841,0.0,0.48,True,False,True,True,True,True,False,False,False,True
S4 neither,TP1/T60/SL3,82,69,0.7439024390243902,0.0289715522454586,1.0051293733274194,-0.3646139966298538,0.4096585422554743,-3.4307384638850067,-3.1119401886111473,-0.1362615818995761,0.146011688931525,-0.08251176713128,0.1473409705726191,-0.0388400111352701,-0.1131355500300384,1.2792845377562492,5,9,0.1543323073619977,0.9995,0.0243250448256731,-0.203569546341896,0.09,0.97,True,False,False,False,False,False,False,False,False,False
S4 neither,TP1/T60/SL5,82,69,0.8048780487804879,0.0337709482736543,1.005966352709199,-0.46728643937831,0.5001922797068844,-5.052232119620435,-5.024063583660178,0.0592629646743908,0.0157141033231327,-0.050262158738974,0.1895837134373744,-0.0358352492328933,-0.1102383245357495,1.0974775870100866,7,9,0.1393202390153355,0.9995,0.019787648692727,-0.1972023248672485,0.17,0.97,True,False,True,False,False,False,False,False,False,True
S4 neither,TP1/T120/noSL,82,69,0.8780487804878049,0.4048359467693222,1.0060909364587711,-0.0185380366237399,0.7663631461324528,-8.426598144871365,-6.353350017516249,0.226782702705669,0.5309569946477433,0.3004774293730589,0.5390555332177959,0.3593248790352205,0.3123634793065389,0.1829744443460176,7,9,2.003820597510128,0.526,0.3868166208267212,-0.1599580943584442,0.01,0.29,True,False,True,True,True,True,False,False,False,True
S4 neither,TP1/T120/SL3,82,69,0.7439024390243902,0.0130254883584645,1.0051293733274194,-0.3676866126855949,0.3853265751412802,-3.4307384638850067,-3.1119401886111473,-0.1763455404067164,0.1471633004004678,-0.1011914419703302,0.1286612957335688,-0.0558215337162248,-0.1312963450124483,2.845410306503203,5,9,0.0690928883734769,1.0,0.0096533009782433,-0.1996140927076339,0.11,0.97,True,False,False,False,False,False,False,False,False,False
S4 neither,TP1/T120/SL5,82,69,0.8170731707317073,0.0438301848417715,1.005966352709199,-0.4807528635830674,0.474983881449139,-5.052232119620435,-5.024063583660178,0.1369261009231991,-0.0221127557159062,-0.0365998429326613,0.1999834438167847,-0.0251228154850282,-0.098781971777616,0.8456012438964329,7,9,0.1779408363728872,0.999,0.0307084284722805,-0.1754746586084365,0.18,0.97,True,False,False,False,False,False,False,False,False,False
S4 neither,TP1.5/T15/noSL,82,69,0.524390243902439,-0.0272161771091471,0.3889884365699604,-0.409727623608083,0.3452381925087182,-8.012170529829787,-4.553527403661933,-0.1082249109951648,0.0301650093934487,-0.1352081259202288,0.0715707220703466,-0.1300243543480668,-0.2447705084681075,,5,9,-0.1393882997364676,1.0,-0.0718906447291374,-0.1613364070653915,0.27,1.0,True,False,False,False,False,False,False,False,False,False
S4 neither,TP1.5/T15/SL3,82,69,0.5,-0.2102340140428542,0.012843873102898,-0.6277173429471323,0.2029977776740998,-3.4307384638850067,-3.1009433227633685,-0.4063059721939014,-0.0713497103525291,-0.326858530249431,-0.0342162449356218,-0.3249264664073392,-0.453207489420385,,4,9,-1.0614175130576695,1.0,-0.2275392413139343,-0.1637707650661468,0.64,1.0,True,False,False,False,False,False,False,False,False,False
S4 neither,TP1.5/T15/SL5,82,69,0.524390243902439,-0.1421528961694743,0.3889884365699604,-0.5391748845373309,0.2698818797140684,-5.009963890456714,-5.005659212751252,-0.2226473110509827,-0.0851360189617392,-0.2643151254126512,-0.0272217936267801,-0.2524244967239997,-0.375670660731258,,5,9,-0.703110812857167,1.0,-0.177189901471138,-0.1709412932395935,0.54,1.0,True,False,False,False,False,False,False,False,False,False
S4 neither,TP1.5/T30/noSL,82,69,0.6829268292682927,0.0568755715516198,1.504450644296608,-0.4468044299685619,0.5275116767782384,-9.210498092549456,-6.877468708812117,-0.0769405167605407,0.1516619674394002,-0.0590704809101735,0.1595374114148119,-0.042286163796468,-0.1514090429235304,0.9759448331289612,5,9,0.2290951955750998,0.9985,0.0259021557867527,-0.13463094830513,0.23,0.97,True,False,False,False,False,False,False,False,False,False
S4 neither,TP1.5/T30/SL3,82,69,0.6341463414634146,-0.0684798116515499,1.5038274448148994,-0.4842967230189894,0.3723588710315456,-3.4307384638850067,-3.1119401886111473,-0.3939039471167259,0.1620289509696163,-0.2105523705945061,0.0715305938744928,-0.1740953652484644,-0.2922216266425516,,3,9,-0.3170402366174619,1.0,-0.078626774251461,-0.1658550053834915,0.31,1.0,True,False,False,False,False,False,False,False,False,False
S4 neither,TP1.5/T30/SL5,82,69,0.6707317073170732,-0.0154011900361641,1.504450644296608,-0.5180163625108309,0.4427442813623713,-5.026925883919829,-5.014793597625386,-0.1410394322347751,0.0735925648545186,-0.1402580761183692,0.1161824080957193,-0.1192562215912509,-0.2337242436207288,,4,9,-0.0628819963822834,1.0,-0.0387470498681068,-0.1419241279363632,0.32,1.0,True,False,False,False,False,False,False,False,False,False
S4 neither,TP1.5/T60/noSL,82,69,0.7682926829268293,0.3179904550385312,1.5064530412448942,-0.2801224820787247,0.811860490505958,-10.57266299769942,-6.9248900982679285,0.1828707979520417,0.4137002121414612,0.2221237134821762,0.4198751253259639,0.2351142414068562,0.1450687071375198,0.3474079973996625,5,9,1.1705563742269796,0.9215,0.2945040166378021,-0.1916796118021011,0.02,0.52,True,False,True,True,True,True,False,False,False,True
S4 neither,TP1.5/T60/SL3,82,69,0.6341463414634146,-0.0982168953165208,1.5047784852136885,-0.5496868933230955,0.3744262823874587,-3.4307384638850067,-3.1119401886111473,-0.4578612844977256,0.1565312136868325,-0.2453872400306149,0.0132698765707689,-0.2057634283721996,-0.3261341895452457,,3,9,-0.4273015658754272,1.0,-0.1009563356637954,-0.1893573999404907,0.32,1.0,True,False,False,False,False,False,False,False,False,False
S4 neither,TP1.5/T60/SL5,82,69,0.7195121951219512,0.0242427432722684,1.5061045126728247,-0.5965657982786671,0.5717844399656479,-5.052232119620435,-5.024063583660178,0.0017881345532817,0.0401480911148839,-0.0490343106990742,0.1518044508724488,-0.0777079970974754,-0.1894772979296126,2.289650950953041,5,9,0.085336974026322,0.9995,0.0094156265258789,-0.1770557761192321,0.25,0.97,True,False,True,False,False,False,False,False,False,True
S4 neither,TP1.5/T120/noSL,82,69,0.8048780487804879,0.4014166013916715,1.5073174235436206,-0.1948252631243308,0.9355057219718892,-14.230516568003424,-8.47758557787987,0.1711610246380437,0.5645143015921579,0.2887724548778166,0.5012094785635043,0.3238016146399911,0.2398063149808594,0.2752064234367652,7,9,1.3485936084800456,0.8705,0.3803845047950744,-0.1317875534296035,0.03,0.29,True,False,True,True,True,True,False,False,False,True
S4 neither,TP1.5/T120/SL3,82,69,0.6219512195121951,-0.1348928422212328,1.5047784852136885,-0.6066153123250136,0.3318303998977627,-3.4307384638850067,-3.1119401886111473,-0.547940843224068,0.1576828251557753,-0.2883504921189919,0.0026309800498179,-0.2448209302707242,-0.3679040179645012,,3,9,-0.5784817425962215,1.0,-0.136069655418396,-0.1913265734910965,0.42,1.0,True,False,False,False,False,False,False,False,False,False
S4 neither,TP1.5/T120/SL5,82,69,0.7439024390243902,0.0425259196446367,1.506243492060667,-0.5540580591447659,0.6099343928278042,-5.052232119620435,-5.024063583660178,-0.0221880141723562,0.0883649560983401,-0.0658868633776276,0.1713171956295427,-0.058393656830877,-0.1689302947865968,1.3052609009023586,4,9,0.1435418923387223,0.9995,0.0291012898087501,-0.1416561752557754,0.27,0.97,True,False,False,False,False,False,False,False,False,False
S4 neither,TP2/T15/noSL,82,69,0.5,0.0715988314016925,0.012843873102898,-0.3543701769557162,0.4855020068424927,-8.012170529829787,-4.553527403661933,0.0610243162745918,0.0790891129500554,-0.0588405377182794,0.1676997873582018,-0.0577089492641922,-0.2016982731381196,0.7062812612804565,6,9,0.3437774104049498,0.998,0.0234046094119548,-0.1587089598178863,0.17,0.97,True,False,True,False,False,False,False,False,False,True
S4 neither,TP2/T15/SL3,82,69,0.4756097560975609,-0.1748806872576997,-0.1139411624414541,-0.6143984774896376,0.2881772600734905,-3.4307384638850067,-3.1066141585442635,-0.2520088884319048,-0.1202482114259711,-0.3217766667256485,4.352733069189644e-05,-0.3201936314728956,-0.48223157821955,,4,9,-0.7818717687139681,1.0,-0.1914783716201782,-0.1607749313116073,0.53,1.0,True,False,False,False,False,False,False,False,False,False
S4 neither,TP2/T15/SL5,82,69,0.5,-0.0433378876586347,0.012843873102898,-0.4836642679471682,0.3653421462748328,-5.009963890456714,-5.005659212751252,-0.053398083781226,-0.0362119154051324,-0.1879475372107017,0.0741163361001384,-0.1801090916401251,-0.3325984254012701,,5,9,-0.198594971401081,1.0,-0.0818946585059166,-0.1700453907251358,0.33,1.0,True,False,False,False,False,False,False,False,False,False
S4 neither,TP2/T30/noSL,82,69,0.6463414634146342,0.2271900834501057,2.002495199989075,-0.2903118062599673,0.7477501402852289,-9.210498092549456,-6.877468708812117,0.0656788651597491,0.3415938630724417,0.1181911782265376,0.3280971773561005,0.1063470376519976,-0.0269229389479038,0.3225462129571479,7,9,0.8586981321659017,0.973,0.1937659978866577,-0.1392244398593902,0.06,0.72,True,False,True,False,True,True,False,False,False,True
S4 neither,TP2/T30/SL3,82,69,0.5853658536585366,0.0145284420275417,2.000384883568519,-0.4483898087219639,0.4933304739106138,-3.4307384638850067,-3.11683328510674,-0.2798531719516403,0.2230487519294623,-0.0882381533781114,0.139920210091765,-0.1188852218883918,-0.2676121313486705,3.4806838099178115,6,9,0.061081581745735,1.0,0.0036390933673828,-0.1637937575578689,0.21,0.97,True,False,False,False,False,False,False,False,False,False
S4 neither,TP2/T30/SL5,82,69,0.6341463414634146,0.1487952500909395,2.002137987280529,-0.3949529890713406,0.6158172327733256,-5.026925883919829,-5.014793597625386,0.0015799496855147,0.253072754544782,0.0301312284258304,0.2779626891011519,0.0228616306980804,-0.1162059436069541,0.4924841417549535,6,9,0.5654699503890644,0.995,0.1230191737413406,-0.1453435122966766,0.12,0.82,True,False,True,False,True,True,False,False,False,True
S4 neither,TP2/T60/noSL,82,69,0.7073170731707317,0.3143153112291535,2.0037710867786065,-0.3166610015671314,0.903409683907806,-10.57266299769942,-7.865342314934696,0.0251634224909758,0.519131232418696,0.1549001812827918,0.3893915353780983,0.1990533008705741,0.072067123891193,0.4678852462033335,6,9,0.9744958723248024,0.9545,0.2837365269660949,-0.2095005959272384,0.05,0.54,True,False,True,True,True,True,False,False,False,True
S4 neither,TP2/T60/SL3,82,69,0.573170731707317,-0.0522134366078493,2.0020108106891046,-0.5450979455195726,0.4291216834429895,-3.4307384638850067,-3.11683328510674,-0.3900283999796309,0.1870721624471625,-0.1188907818607769,0.0518962115625334,-0.1899609887468602,-0.343733965428833,,5,9,-0.2086090379579462,1.0,-0.0532383397221565,-0.1836548298597335,0.26,1.0,True,False,False,False,False,False,False,False,False,False
S4 neither,TP2/T60/SL5,82,69,0.6585365853658537,0.0376942975480966,2.0031792737012735,-0.6086436779828079,0.6359466601182586,-5.0593571197399925,-5.039583318400031,-0.0662305153212365,0.1113077066638742,-0.0715355235593732,0.13966598897762,-0.0955301162962655,-0.2429734750233438,1.9440420913733203,5,9,0.1194442459985896,0.9995,0.0266457647085189,-0.1907498985528946,0.2,0.97,True,False,False,False,False,False,False,False,False,False
S4 neither,TP2/T120/noSL,82,69,0.7439024390243902,0.4027373949652149,2.004938922704215,-0.4057159490471811,1.0748315614386483,-14.230516568003424,-10.179604532311783,0.0321613320250455,0.6652287728811683,0.2272387402534257,0.5755647196467962,0.2932170783557307,0.1727700525905965,0.3651597756216106,5,9,1.0763079458208138,0.9395,0.3808818459510803,-0.1496407389640808,0.08,0.29,True,False,True,True,True,True,False,False,False,True
S4 neither,TP2/T120/SL3,82,69,0.573170731707317,-0.0690076461170381,2.002589703113801,-0.6093294602697621,0.4615017678730762,-3.4307384638850067,-3.11683328510674,-0.4321578861638289,0.1882237739161053,-0.1672762792947447,0.0762552060026499,-0.2078457313410613,-0.3629213743679405,,5,9,-0.2671963740133484,1.0,-0.0689964890480041,-0.1968642175197601,0.29,1.0,True,False,False,False,False,False,False,False,False,False
S4 neither,TP2/T120/SL5,82,69,0.6829268292682927,0.0813828002876543,2.003705386378908,-0.6122237844433274,0.6866551894283227,-5.0593571197399925,-5.039583318400031,-0.0289349945730648,0.1595245716473304,-0.0160179637783364,0.1997697747923863,-0.0490046977943989,-0.1932171246810698,0.9004273726049996,5,9,0.2483803506490061,0.9985,0.070614106953144,-0.1456976234912872,0.25,0.91,True,False,False,False,False,False,False,False,False,False
S4 neither,TP3/T15/noSL,82,69,0.4634146341463415,-0.0236123147383012,-0.1841836913795179,-0.4519081558423384,0.3998230003711605,-8.012170529829787,-4.553527403661933,0.0845994171269544,-0.1002622914761905,-0.1715309816365442,0.1243740670361021,-0.2215724463754874,-0.4457876624131527,,5,9,-0.1081004069582566,1.0,-0.0818003788590431,-0.1677365452051162,0.33,1.0,True,False,False,False,False,False,False,False,False,False
S4 neither,TP3/T15/SL3,82,69,0.4268292682926829,-0.3388558034836293,-0.299550379247586,-0.8128758595058524,0.1182105735788717,-3.4307384638850067,-3.1066141585442635,-0.2574586523841045,-0.3965121188457925,-0.5117088304664712,-0.1659070862261276,-0.5572862915328497,-0.8047160192853196,,3,9,-1.4615000327855936,1.0,-0.362844169139862,-0.170470505952835,0.84,1.0,True,False,False,False,False,False,False,False,False,False
S4 neither,TP3/T15/SL5,82,69,0.4634146341463415,-0.1741956972069358,-0.1841836913795179,-0.6313326792525022,0.2715808967603496,-5.009963890456714,-5.005659212751252,-0.0298229829288634,-0.2764597031539037,-0.3406794386561064,-0.0326870329522789,-0.3819339705628645,-0.6172854035579866,,4,9,-0.7541226203001726,1.0,-0.2213070094585418,-0.1800930649042129,0.57,1.0,True,False,False,False,False,False,False,False,False,False
S4 neither,TP3/T30/noSL,82,69,0.5853658536585366,0.1853150514921051,0.7769640960574988,-0.3917292885561761,0.7556331647595036,-9.210498092549456,-7.0691810121734715,0.2153235140113429,0.164059057207645,0.0276337214324655,0.3591707083589285,0.0003180993623667,-0.2090700447889774,0.3994655259732137,5,9,0.6179641548573287,0.9925,0.1442784518003463,-0.1508844047784805,0.14,0.8,True,False,True,False,True,True,False,False,False,True
S4 neither,TP3/T30/SL3,82,69,0.5121951219512195,-0.0967024044798301,0.1503431596691541,-0.5856456717281461,0.4321846011147069,-3.4307384638850067,-3.11683328510674,-0.1320002632627273,-0.0716997545086112,-0.256702141583806,0.0356900732842533,-0.3000121784259279,-0.530183799134244,,4,9,-0.3597154402008897,1.0,-0.1094425097107887,-0.1855441480875015,0.3,1.0,True,False,False,False,False,False,False,False,False,False
S4 neither,TP3/T30/SL5,82,69,0.573170731707317,0.1021117641224697,0.6666354642966623,-0.5039910889203357,0.6397222643939262,-5.026925883919829,-5.014793597625386,0.1512245985371085,0.0673235064121006,-0.0658275054758919,0.3037079332275141,-0.0882879988754267,-0.3037743699807997,0.7249602937645971,6,9,0.343469061464978,0.998,0.0693142339587211,-0.1592664271593094,0.19,0.91,True,False,True,False,False,False,False,False,False,True
S4 neither,TP3/T60/noSL,82,69,0.5975609756097561,0.1358255321051695,1.715088975115643,-0.6491460855732818,0.8910121026808759,-11.588354866327744,-9.064783408536089,0.1786355810323515,0.1055017474484155,0.0856886359604016,0.2332971873481665,-0.0530992229951558,-0.2668560221620623,1.3248429973905405,7,9,0.3437974778183429,0.998,0.0958448871970176,-0.2145735919475555,0.19,0.88,True,False,True,False,True,False,False,False,False,True
S4 neither,TP3/T60/SL3,82,69,0.4634146341463415,-0.2261825078984267,-0.3878771304442128,-0.7602819736702521,0.3587483793256459,-3.4307384638850067,-3.1205672021180217,-0.2791415026582098,-0.1886698866102469,-0.3663234677669118,-0.089176973269619,-0.437981788880229,-0.6780851580667692,,5,9,-0.7767352310769239,1.0,-0.2240231186151504,-0.218313992023468,0.51,1.0,True,False,False,False,False,False,False,False,False,False
S4 neither,TP3/T60/SL5,82,69,0.5487804878048781,-0.1050398133617869,1.1283834832092956,-0.827097430901228,0.5476759235206188,-5.0593571197399925,-5.040497799357063,0.0576381472851321,-0.2202700354866878,-0.224373057542041,0.0889166959161304,-0.3096051753106158,-0.5411748878327626,,6,9,-0.302954035769594,1.0,-0.1154055371880531,-0.2088374495506286,0.39,1.0,True,False,False,False,False,False,False,False,False,False
S4 neither,TP3/T120/noSL,82,69,0.6707317073170732,0.5750977068908583,3.002508599161936,-0.264318556304465,1.3851350165556962,-14.230516568003424,-10.179604532311783,0.2305966779712565,0.8191192690422429,0.3873782525596026,0.8360075100061996,0.4146971189844088,0.2334261768994167,0.3831090619859966,6,9,1.3747491016738065,0.863,0.5533709526062012,-0.1303837448358535,0.05,0.15,True,False,True,True,True,True,False,False,False,True
S4 neither,TP3/T120/SL3,82,69,0.4756097560975609,-0.1466192848687622,-1.7249085914425295,-0.7600434986469337,0.4716655783881347,-3.4307384638850067,-3.1205672021180217,-0.3689581439228072,0.0108707402945197,-0.3113153392426525,0.0856040498034798,-0.3532521227966902,-0.5875426964975126,,5,9,-0.4638674412490638,1.0,-0.1418463140726089,-0.2341771125793457,0.35,1.0,True,False,False,False,False,False,False,False,False,False
S4 neither,TP3/T120/SL5,82,69,0.5975609756097561,0.0306397072698725,3.001626987440799,-0.7111230424202246,0.7675109420624961,-5.0593571197399925,-5.040497799357063,0.126805436989267,-0.0374776846146984,-0.103628694684016,0.2196003920616615,-0.1651152961963811,-0.3866509893355948,3.999446627061898,6,9,0.0804029058970801,0.9995,0.0241485219448804,-0.1563764959573745,0.29,0.97,True,False,False,False,False,False,False,False,False,False
S4 neither,TR0.5z0.3/T15/noSL,82,69,0.7317073170731707,-0.0449293169098794,0.2848203990752708,-0.3154495995229425,0.1828749669065708,-4.28452475570541,-3.2503231974032105,-0.1647475513450229,0.0399419324816804,-0.1246292450974672,0.0450697993797545,-0.1236463643154604,-0.1864060076216648,,3,9,-0.3482343926887597,1.0,0.0338254682719707,-0.1327355057001114,0.12,0.97,True,False,False,False,False,False,False,False,False,False
S4 neither,TR0.5z0.3/T15/SL3,82,69,0.7073170731707317,-0.2004476838151355,0.2848203990752708,-0.5089643127071385,0.0744396587319982,-3.4307384638850067,-3.0980819105808046,-0.325286798102925,-0.1120199778612846,-0.3068079034721958,-0.1000203195177455,-0.2892633264743047,-0.3635241477082065,,3,9,-1.3981104760903986,1.0,-0.1041353121399879,-0.1409844607114792,0.43,1.0,True,False,False,False,False,False,False,False,False,False
S4 neither,TR0.5z0.3/T15/SL5,82,69,0.7195121951219512,-0.1796352654515417,0.2848203990752708,-0.512304373356932,0.1017348516104702,-5.009840718993252,-4.612598194121972,-0.1882743986139814,-0.1735158794614801,-0.2824276419605572,-0.0943973873381975,-0.2670994523728151,-0.3398211156830023,,2,9,-1.1666430942461767,1.0,-0.0990212261676788,-0.1411418169736862,0.4,1.0,True,False,False,False,False,False,False,False,False,False
S4 neither,TR0.5z0.3/T30/noSL,82,69,0.8536585365853658,-0.0703872162278399,0.38150067159909,-0.4376973504454815,0.2307223780846392,-8.106939824683577,-5.093246380933954,-0.2542990374219946,0.0598836571180195,-0.1556067978067223,0.0402115400411948,-0.150757373978743,-0.2163867862731498,,4,9,-0.407666442490419,1.0,0.0447765663266181,-0.1084742918610572,0.2,0.96,True,False,False,False,False,False,False,False,False,False
S4 neither,TR0.5z0.3/T30/SL3,82,69,0.8048780487804879,-0.1785574382561274,0.38150067159909,-0.4990206237460681,0.1197422204206684,-3.4307384638850067,-3.108822392224103,-0.2801802574548187,-0.1065746079903877,-0.2811650443887863,-0.085441987838478,-0.2659516363984779,-0.3395806502498107,,3,9,-1.157878083450253,1.0,-0.0582644641399383,-0.132529079914093,0.33,1.0,True,False,False,False,False,False,False,False,False,False
S4 neither,TR0.5z0.3/T30/SL5,82,69,0.8292682926829268,-0.2040449307360189,0.38150067159909,-0.5901867066692846,0.1469083891554882,-5.026925883919829,-5.010495823407356,-0.190393718694057,-0.2137145392657419,-0.311021821293802,-0.0711601948923895,-0.2930941608575832,-0.3686080722407983,,3,9,-1.0756286812859046,1.0,-0.0846690908074379,-0.1100114807486534,0.48,1.0,True,False,False,False,False,False,False,False,False,False
S4 neither,TR0.5z0.3/T60/noSL,82,69,0.902439024390244,0.0441480575268634,0.3961373145328197,-0.3163696059952156,0.3254387101761973,-7.871347668448347,-5.361765969882699,-0.0911770964374127,0.1400033749182256,-0.0251638471416434,0.1692374043340378,-0.0287847447854225,-0.085943835608071,0.8901092358554217,5,9,0.2780800315085895,0.9985,0.1777413636445999,-0.1332581788301468,0.09,0.73,True,False,False,False,False,False,False,False,False,False
S4 neither,TR0.5z0.3/T60/SL3,82,69,0.8048780487804879,-0.1795051431561709,0.3888628082829095,-0.4925052283421405,0.1177931302540701,-3.4307384638850067,-3.108822392224103,-0.2958626353184155,-0.097085252874581,-0.2822752129859802,-0.0789350014733534,-0.2669608805777451,-0.3406599808304159,,3,9,-1.1558725246992636,1.0,-0.057431511580944,-0.1449151188135147,0.28,1.0,True,False,False,False,False,False,False,False,False,False
S4 neither,TR0.5z0.3/T60/SL5,82,69,0.8658536585365854,-0.1237584236174906,0.3961373145328197,-0.5223725801901256,0.2283274214579365,-5.026925883919829,-5.010495823407356,-0.073311536268675,-0.1594916354895683,-0.2169719129549546,0.0367122668191995,-0.2075942441859037,-0.2771706613558077,,4,9,-0.6463262425098069,1.0,0.0023892216850072,-0.1324047446250915,0.25,0.97,True,False,False,False,False,False,False,False,False,False
S4 neither,TR0.5z0.3/T120/noSL,82,69,0.902439024390244,-0.0391310500652205,0.3961373145328197,-0.4479271317663422,0.3035034541649378,-8.426598144871365,-6.353350017516249,-0.2269789650296162,0.0939278897012263,-0.1200094974548501,0.0815586189756858,-0.1174715866367327,-0.1807894859212777,,5,9,-0.2132946905881841,1.0,0.0954808816313743,-0.1092542931437492,0.21,0.88,True,False,False,False,False,False,False,False,False,False
S4 neither,TR0.5z0.3/T120/SL3,82,69,0.8048780487804879,-0.1795051431561709,0.3888628082829095,-0.4935201399866911,0.1134019510827249,-3.4307384638850067,-3.108822392224103,-0.2958626353184155,-0.097085252874581,-0.2822752129859802,-0.0789350014733534,-0.2669608805777451,-0.3406599808304159,,3,9,-1.1558725246992636,1.0,-0.057431511580944,-0.1401678174734115,0.29,1.0,True,False,False,False,False,False,False,False,False,False
S4 neither,TR0.5z0.3/T120/SL5,82,69,0.8658536585365854,-0.1465750892806995,0.3961373145328197,-0.5424355402091604,0.1997730056814854,-5.026925883919829,-5.010495823407356,-0.073311536268675,-0.1984701059975501,-0.2437000070175707,0.0114289345978059,-0.2318925115155547,-0.3031563083611289,,4,9,-0.756814105306864,1.0,-0.0207987129688262,-0.1199206262826919,0.31,0.97,True,False,False,False,False,False,False,False,False,False
S4 neither,TR0.5z0.5/T15/noSL,82,69,0.7073170731707317,-0.0494906090484637,0.2075248351967719,-0.320348537224944,0.1974859387529108,-4.28452475570541,-3.2503231974032105,-0.1550174952802186,0.0252576020323625,-0.1101515401855127,0.0431570352526667,-0.1576496860179333,-0.2369480911357701,,3,9,-0.3750256878665951,1.0,0.0090370643883943,-0.1459832042455673,0.09,0.97,True,False,False,False,False,False,False,False,False,False
S4 neither,TR0.5z0.5/T15/SL3,82,69,0.6829268292682927,-0.2005985451643856,0.2075248351967719,-0.5186271550622863,0.0744676510215894,-3.4307384638850067,-3.0980819105808046,-0.3102795534652147,-0.1229078309512982,-0.2871636939213068,-0.105400885243513,-0.3185698257777463,-0.4090432406011255,,3,9,-1.3973122366479735,1.0,-0.1240456774830818,-0.1531234979629516,0.44,1.0,True,False,False,False,False,False,False,False,False,False
S4 neither,TR0.5z0.5/T15/SL5,82,69,0.6951219512195121,-0.1819742293798014,0.2075248351967719,-0.5085393304321922,0.0966766648741257,-5.009840718993252,-4.612598194121972,-0.178544342549177,-0.1844037325514937,-0.2653466382879369,-0.0938475715565474,-0.298736138838319,-0.3878322142909047,,2,9,-1.2058398032257622,1.0,-0.1213705912232399,-0.1540473848581314,0.41,1.0,True,False,False,False,False,False,False,False,False,False
S4 neither,TR0.5z0.5/T30/noSL,82,69,0.8292682926829268,-0.0639927058622516,0.2588113650350511,-0.4513688756895722,0.2455759851834432,-8.106939824683577,-5.093246380933954,-0.213668182849443,0.0420274236703422,-0.1659747532220287,0.051172595502909,-0.173093477430019,-0.2568980774044919,,4,9,-0.3647766962939603,1.0,0.0155826425179839,-0.1249894201755523,0.2,0.97,True,False,False,False,False,False,False,False,False,False
S4 neither,TR0.5z0.5/T30/SL3,82,69,0.7804878048780488,-0.1710085010537891,0.2517948963391538,-0.4789673691990737,0.1479243040024999,-3.4307384638850067,-3.108822392224103,-0.2478888757037984,-0.1165515690100326,-0.2525010708203224,-0.0901979418588497,-0.2870583502313968,-0.3787771774837432,,4,9,-1.1103997958650456,1.0,-0.0833481475710868,-0.1468961834907531,0.32,1.0,True,False,False,False,False,False,False,False,False,False
S4 neither,TR0.5z0.5/T30/SL5,82,69,0.8048780487804879,-0.1930381633393872,0.2588113650350511,-0.6037296999791616,0.1605348135422138,-5.026925883919829,-5.010495823407356,-0.1497628641215054,-0.2236915002853867,-0.2783072466405945,-0.0550882600178975,-0.3105185100680078,-0.4038665150867854,,3,9,-1.0256503809610522,1.0,-0.1089849025011062,-0.1260953396558761,0.49,1.0,True,False,False,False,False,False,False,False,False,False
S4 neither,TR0.5z0.5/T60/noSL,82,69,0.8780487804878049,0.0424321435157462,0.2708666957319984,-0.3138080593945469,0.3379170777042822,-7.871347668448347,-5.361765969882699,-0.0585097472357263,0.1139326494647059,-0.0447686747637534,0.171211232783727,-0.0597579235469564,-0.1356919989462167,1.2481477223147932,6,9,0.2578923788631102,0.9985,0.136352464556694,-0.1507271826267242,0.08,0.81,True,False,False,False,False,False,False,False,False,False
S4 neither,TR0.5z0.5/T60/SL3,82,69,0.7804878048780488,-0.1745021260063689,0.2588113650350511,-0.4907879236466927,0.132934839478005,-3.4307384638850067,-3.108822392224103,-0.2635712535673952,-0.1114114939839752,-0.2565936029076301,-0.0866733189838389,-0.2907788339471311,-0.3827560281241812,,4,9,-1.1316454872109838,1.0,-0.0849542245268821,-0.1603240817785263,0.3,1.0,True,False,False,False,False,False,False,False,False,False
S4 neither,TR0.5z0.5/T60/SL5,82,69,0.8414634146341463,-0.1208620805975644,0.2708666957319984,-0.5196867680550965,0.2206158702593581,-5.026925883919829,-5.010495823407356,-0.0406441870669885,-0.1776830885150556,-0.1937581211430306,0.0437969746816665,-0.2336556687065861,-0.3216659764085983,,4,9,-0.6285380425079329,1.0,-0.0316827185451984,-0.1495863646268844,0.27,0.99,True,False,False,False,False,False,False,False,False,False
S4 neither,TR0.5z0.5/T120/noSL,82,69,0.8780487804878049,-0.0408469640763377,0.2708666957319984,-0.448970799146161,0.3035475646988438,-8.426598144871365,-6.353350017516249,-0.1943116158279297,0.0678571642477066,-0.1396143250769601,0.083532447425375,-0.1484447653982665,-0.2305376492594233,,5,9,-0.2150144684704136,1.0,0.0540919303894043,-0.1303415298461914,0.24,0.94,True,False,False,False,False,False,False,False,False,False
S4 neither,TR0.5z0.5/T120/SL3,82,69,0.7804878048780488,-0.1745021260063689,0.2588113650350511,-0.482151629035914,0.1200834427562137,-3.4307384638850067,-3.108822392224103,-0.2635712535673952,-0.1114114939839752,-0.2565936029076301,-0.0866733189838389,-0.2907788339471311,-0.3827560281241812,,4,9,-1.1316454872109838,1.0,-0.0849542245268821,-0.156533658504486,0.32,1.0,True,False,False,False,False,False,False,False,False,False
S4 neither,TR0.5z0.5/T120/SL5,82,69,0.8414634146341463,-0.1436787462607732,0.2708666957319984,-0.5514285640666547,0.2003911006047922,-5.026925883919829,-5.010495823407356,-0.0406441870669885,-0.2166615590230374,-0.2204862152056467,0.0185136424602729,-0.2579539360362371,-0.3476516234139195,,4,9,-0.7382262792717276,1.0,-0.0548706389963626,-0.1392245441675186,0.36,1.0,True,False,False,False,False,False,False,False,False,False
S4 neither,TR0.5z1/T15/noSL,82,69,0.4268292682926829,-0.0901410493489141,-0.1422931252803115,-0.3753363380810245,0.1863340364780384,-4.28452475570541,-3.2503231974032105,-0.1339710255543691,-0.0590948162033834,-0.1562736970220281,0.0251790519758241,-0.2356648860661167,-0.3574984741696738,,5,9,-0.6231623486936883,1.0,-0.0704399347305297,-0.1827118843793869,0.22,1.0,True,False,False,False,False,False,False,False,False,False
S4 neither,TR0.5z1/T15/SL3,82,69,0.4268292682926829,-0.2289378446364353,-0.1422931252803115,-0.5740532363650143,0.0815817765341707,-3.4307384638850067,-3.0980819105808046,-0.2742809402316056,-0.1968198185898563,-0.3136602616208779,-0.1072910648215525,-0.383474460268412,-0.5155726021360175,,4,9,-1.4439736902705442,1.0,-0.1913275271654129,-0.1882613003253936,0.51,1.0,True,False,False,False,False,False,False,False,False,False
S4 neither,TR0.5z1/T15/SL5,82,69,0.4268292682926829,-0.2165131981111661,-0.1422931252803115,-0.5505982963180046,0.1030321505066899,-5.009840718993252,-4.612598194121972,-0.1574978728233276,-0.2583157201900519,-0.2739463133151993,-0.105053383635214,-0.3702430185142294,-0.5014223102600166,,4,9,-1.3046486423796706,1.0,-0.194750040769577,-0.1901377886533737,0.51,1.0,True,False,False,False,False,False,False,False,False,False
S4 neither,TR0.5z1/T30/noSL,82,69,0.524390243902439,-0.0487222156539351,0.0259772153374928,-0.4513605684619194,0.3323534314354397,-8.106939824683577,-5.093246380933954,-0.2226478603207669,0.0744751159850707,-0.1651216096599908,0.0553967113906558,-0.2174274877154318,-0.3425179521887225,,4,9,-0.2501499255352383,1.0,-0.0153351705521345,-0.1761215329170227,0.21,0.97,True,False,False,False,False,False,False,False,False,False
S4 neither,TR0.5z1/T30/SL3,82,69,0.5,-0.1618825752952053,-0.0051282448592414,-0.5309970190197728,0.2147238751754752,-3.4307384638850067,-3.108822392224103,-0.2555328729148069,-0.0955469478146542,-0.2403465004744665,-0.0336054624168827,-0.3379359226580832,-0.4713950284468359,,5,9,-0.9116916247444268,1.0,-0.1201910823583602,-0.1924490481615066,0.34,1.0,True,False,False,False,False,False,False,False,False,False
S4 neither,TR0.5z1/T30/SL5,82,69,0.5121951219512195,-0.1844660562253244,0.0129496921459483,-0.5964611590101078,0.2053154451599676,-5.026925883919829,-5.010495823407356,-0.1587425415928294,-0.2026868790900084,-0.2551667157947003,-0.0582866767481075,-0.3619858633888593,-0.4971151039505825,,4,9,-0.8806050314715838,1.0,-0.1467311680316925,-0.1761976480484008,0.45,1.0,True,False,False,False,False,False,False,False,False,False
S4 neither,TR0.5z1/T60/noSL,82,69,0.573170731707317,0.0867093755781476,0.1178518506490657,-0.2896144453078374,0.4383497434699971,-7.871347668448347,-5.361765969882699,-0.0112579250386298,0.1561028801816983,-0.0108800752012298,0.2037497599613467,-0.0732016373124346,-0.1884513982562755,0.5047187233123178,5,9,0.4726437619122619,0.9965,0.1244743764400482,-0.211991861462593,0.05,0.82,True,False,False,False,False,False,False,False,False,False
S4 neither,TR0.5z1/T60/SL3,82,69,0.5,-0.1665335150189361,-0.0051282448592414,-0.5149838512376126,0.1829974276456444,-3.4307384638850067,-3.108822392224103,-0.2712152507784037,-0.0923839521893131,-0.2454315279057455,-0.0314365511309346,-0.3428888714547836,-0.4766919320210848,,5,9,-0.9350428825836052,1.0,-0.1230343058705329,-0.2128932923078537,0.3,1.0,True,False,False,False,False,False,False,False,False,False
S4 neither,TR0.5z1/T60/SL5,82,69,0.5487804878048781,-0.0867379437828846,0.0774377632076452,-0.4936470644868309,0.3336166162879272,-5.026925883919829,-5.010495823407356,0.0066076351301079,-0.1528577288462543,-0.1474099973595341,0.0689129692413293,-0.2579117696189885,-0.3859886230841178,,5,9,-0.4049324379873192,1.0,-0.0442916825413703,-0.2082019448280334,0.2,1.0,True,False,False,False,False,False,False,False,False,False
S4 neither,TR0.5z1/T120/noSL,82,69,0.573170731707317,0.0034302679860637,0.1178518506490657,-0.448942250790262,0.3929105388388787,-8.426598144871365,-6.353350017516249,-0.1470597936308333,0.110027394964699,-0.1057257255144366,0.1160709746029947,-0.1618884791637448,-0.2832970485694822,12.75814178915812,5,9,0.0163786519043679,1.0,0.0422138236463069,-0.1965909004211425,0.21,0.96,True,False,False,False,False,False,False,False,False,False
S4 neither,TR0.5z1/T120/SL3,82,69,0.5,-0.1665335150189361,-0.0051282448592414,-0.5301800271717928,0.1755953332951623,-3.4307384638850067,-3.108822392224103,-0.2712152507784037,-0.0923839521893131,-0.2454315279057455,-0.0314365511309346,-0.3428888714547836,-0.4766919320210848,,5,9,-0.9350428825836052,1.0,-0.1230343058705329,-0.2135290503501892,0.3,1.0,True,False,False,False,False,False,False,False,False,False
S4 neither,TR0.5z1/T120/SL5,82,69,0.5487804878048781,-0.1095546094460934,0.0774377632076452,-0.5564908851539104,0.2883696965259497,-5.026925883919829,-5.010495823407356,0.0066076351301079,-0.1918361993542361,-0.1665968733185912,0.0436296370199357,-0.2822100369486395,-0.411974270089439,,5,9,-0.5065970858757796,1.0,-0.0674796253442764,-0.2013186514377594,0.28,1.0,True,False,False,False,False,False,False,False,False,False
S4 neither,TR1z0.3/T15/noSL,82,69,0.6341463414634146,0.0687436709751282,0.709320979793894,-0.2524188371001936,0.3700940471130419,-4.28452475570541,-3.4520557429081835,-0.0396162943409978,0.1454986464073842,-0.019907919337421,0.1730575053356431,-0.0434934780813035,-0.1384797290694969,0.6397319659695396,5,9,0.439830628131806,0.9965,0.1551337540149688,-0.1160978227853775,0.07,0.77,True,False,False,False,False,False,False,False,False,False
S4 neither,TR1z0.3/T15/SL3,82,69,0.6219512195121951,-0.1116481590468863,0.6993833982372313,-0.4778075160088171,0.2263594379316915,-3.4307384638850067,-3.1009433227633685,-0.3165882735945307,0.0335177554243617,-0.2110853471198382,0.0433831088868218,-0.2355990632995527,-0.3439259799279023,,4,9,-0.6368925976191457,1.0,-0.0024424151051789,-0.1215997338294982,0.23,0.97,True,False,False,False,False,False,False,False,False,False
S4 neither,TR1z0.3/T15/SL5,82,69,0.6341463414634146,-0.0829087635643379,0.709320979793894,-0.4705564876112392,0.2809073537725357,-5.009963890456714,-5.005449460377006,-0.1540386943968157,-0.0325250625579995,-0.1902572293680542,0.0148117800795838,-0.2049934733051507,-0.3111950017394445,,4,9,-0.4486951905769399,1.0,0.0113850450143218,-0.1284827589988708,0.24,0.97,True,False,False,False,False,False,False,False,False,False
S4 neither,TR1z0.3/T30/noSL,82,69,0.7804878048780488,0.068463131056335,0.7880337295560715,-0.3853596341072766,0.4676085838155986,-9.210498092549456,-6.215079115750407,0.0268432734468892,0.0979438635296924,-0.0387426392048139,0.1906204969791066,-0.0559068571501441,-0.154841757457393,0.5290368597324748,4,9,0.3169732930780959,0.998,0.1972337514162063,-0.0870602428913116,0.09,0.7,True,False,True,False,False,False,False,False,False,True
S4 neither,TR1z0.3/T30/SL3,82,69,0.7317073170731707,-0.0176932642176586,0.7765113906280665,-0.4032283540607615,0.3534093392179646,-3.4307384638850067,-3.1119401886111473,-0.196689614651745,0.1090958173398191,-0.1314952644922189,0.1020418140862007,-0.1476578235458257,-0.2529643187416636,,5,9,-0.0942539340615511,1.0,0.1218003332614898,-0.1206519678235054,0.07,0.82,True,False,False,False,False,False,False,False,False,False
S4 neither,TR1z0.3/T30/SL5,82,69,0.7560975609756098,-0.0505399838746958,0.7819432964949704,-0.5231807963549362,0.3623008720829536,-5.026925883919829,-5.014793597625386,-0.0772829096058952,-0.0315970781484296,-0.1756146015026299,0.0954876426580377,-0.1826374470766966,-0.2903730827955116,,5,9,-0.2256431476445714,1.0,0.0842062085866928,-0.096500813961029,0.19,0.89,True,False,False,False,False,False,False,False,False,False
S4 neither,TR1z0.3/T60/noSL,82,69,0.8414634146341463,0.310844949922072,0.8545916509232656,-0.1012369105632818,0.6915635813612021,-7.871347668448347,-5.772181215040068,0.1346482031878171,0.4356509788588359,0.22813014895877,0.4334731994739776,0.2022140408627186,0.1212042029174741,0.2219078133210963,6,9,1.547934079910237,0.785,0.4795789420604706,-0.1261159479618072,0.0,0.23,True,False,True,True,True,True,False,False,False,True
S4 neither,TR1z0.3/T60/SL3,82,69,0.7317073170731707,0.0028979422292729,0.8135196572902639,-0.3842279186786617,0.3493845552143756,-3.4307384638850067,-3.1119401886111473,-0.20078983305095,0.1471767830527642,-0.1073741369400989,0.1208533788995531,-0.1257295257711712,-0.2295132225104359,12.498358143800086,5,9,0.0152649892340399,1.0,0.1487804800271988,-0.1395367980003357,0.05,0.79,True,False,False,False,False,False,False,False,False,False
S4 neither,TR1z0.3/T60/SL5,82,69,0.7926829268292683,-0.002912322257449,0.8430221240629767,-0.5278489472151239,0.4374009565586883,-5.052232119620435,-5.024063583660178,-0.0226681366024116,0.0110813795702327,-0.1051532269000524,0.1527282478260407,-0.1319170801596285,-0.2361304681758693,,5,9,-0.0119336418555968,1.0,0.1474295109510421,-0.125922217965126,0.12,0.79,True,False,False,False,False,False,False,False,False,False
S4 neither,TR1z0.3/T120/noSL,82,69,0.8658536585365854,0.3604685090751058,0.8634696822246504,-0.0888209724126307,0.7194668386432672,-8.426598144871365,-6.353350017516249,0.1386010268471866,0.5176246423198818,0.2583422909609254,0.4923179455019823,0.2550599090516636,0.1777199230639847,0.1913590823678318,7,9,1.749922749821098,0.68,0.538813591003418,-0.0734860673546791,0.01,0.16,True,False,True,True,True,True,False,False,False,True
S4 neither,TR1z0.3/T120/SL3,82,69,0.7317073170731707,-0.013048121657721,0.8135196572902639,-0.3932575819806384,0.3510790157040825,-3.4307384638850067,-3.1119401886111473,-0.2408737915580902,0.148328394521707,-0.1260538117791491,0.1021737040605029,-0.1427110483521259,-0.2476740174928458,,5,9,-0.068317220343218,1.0,0.1341087222099304,-0.1340322792530059,0.09,0.81,True,False,False,False,False,False,False,False,False,False
S4 neither,TR1z0.3/T120/SL5,82,69,0.8048780487804879,0.0081857296064259,0.8500189143256578,-0.5303590106444345,0.4954502235913989,-5.052232119620435,-5.024063583660178,0.0575003777126362,-0.0267454794688062,-0.0735000461076014,0.1642790978575069,-0.1200983755773201,-0.2234910202197895,4.42471491277494,6,9,0.0330660963456732,1.0,0.1651098877191543,-0.0991270095109939,0.16,0.73,True,False,False,False,False,False,False,False,False,False
S4 neither,TR1z0.5/T15/noSL,82,69,0.6341463414634146,0.0960397305391418,0.5548052342505119,-0.2438907547625385,0.3934112301288737,-4.28452475570541,-3.4520557429081835,-0.0155234168423622,0.1750636266010405,0.0123420191381305,0.1922796208313991,-0.043360584833751,-0.1529903743030236,0.6006476519465423,6,9,0.5944698765225648,0.9925,0.1293177157640457,-0.1363687366247177,0.07,0.81,True,False,False,False,True,False,False,False,False,False
S4 neither,TR1z0.5/T15/SL3,82,69,0.6219512195121951,-0.0839874610051588,0.5476946602737911,-0.4663902307982487,0.2758413270032892,-3.4307384638850067,-3.1009433227633685,-0.291615973884938,0.063082735618018,-0.1789478835476516,0.0843995192421288,-0.2350778537510581,-0.3580213424506993,,4,9,-0.46367745160909,1.0,-0.0258194524794816,-0.140718325972557,0.25,0.99,True,False,False,False,False,False,False,False,False,False
S4 neither,TR1z0.5/T15/SL5,82,69,0.6341463414634146,-0.0556127040003243,0.5548052342505119,-0.4438810518408128,0.2971527194521607,-5.009963890456714,-5.005449460377006,-0.1299458168981801,-0.0029600823643432,-0.1580072908925027,0.0555609355522383,-0.204860580057598,-0.3257056469729711,,5,9,-0.2928778265892607,1.0,-0.0144310081377625,-0.148279920220375,0.24,0.97,True,False,False,False,False,False,False,False,False,False
S4 neither,TR1z0.5/T30/noSL,82,69,0.7804878048780488,0.1086570838714666,0.7079236183197071,-0.3668256029387796,0.5264054973944625,-9.210498092549456,-6.215079115750407,0.0487431007292178,0.1510961552638929,-0.000125926819856,0.2248684785670368,-0.0349773143115832,-0.1511941016358529,0.3827203038388011,5,9,0.4887859326963892,0.9965,0.1696573048830032,-0.1125195622444152,0.09,0.73,True,False,True,False,False,True,False,False,False,True
S4 neither,TR1z0.5/T30/SL3,82,69,0.7317073170731707,0.021002157584712,0.6835261544517981,-0.365754391575567,0.4195336404760761,-3.4307384638850067,-3.1119401886111473,-0.1684900505017862,0.1552258049793151,-0.0971656607721726,0.1554620232873859,-0.1283241189286466,-0.248664877377484,1.980047620621446,5,9,0.1083584458206345,0.9995,0.0916607528924942,-0.1434337198734283,0.06,0.88,True,False,False,False,False,False,False,False,False,False
S4 neither,TR1z0.5/T30/SL5,82,69,0.7560975609756098,-0.012209200550039,0.6979379024637091,-0.4848028911711595,0.4381988002070109,-5.026925883919829,-5.014793597625386,-0.0499627676668935,0.0145329094910663,-0.1417121457136199,0.127671031026793,-0.1636920587604594,-0.2864889241420616,,4,9,-0.0531848488419721,1.0,0.0548344254493713,-0.1213838160037994,0.2,0.94,True,False,False,False,False,False,False,False,False,False
S4 neither,TR1z0.5/T60/noSL,82,69,0.8414634146341463,0.3858571166909812,0.8357165191636775,-0.0512971724089076,0.7801455399525816,-7.871347668448347,-5.772181215040068,0.2470937241690977,0.4841478530606489,0.2994076090929951,0.5090379945878837,0.2412977584432319,0.1348569022020785,0.2142954850470368,6,9,1.832591179110523,0.631,0.4824486374855041,-0.1537398844957351,0.0,0.23,True,False,True,True,True,True,False,False,False,True
S4 neither,TR1z0.5/T60/SL3,82,69,0.7317073170731707,0.0684985923219713,0.7042609355213516,-0.3434286755623569,0.4670556870653136,-3.4307384638850067,-3.1119401886111473,-0.1043519397646604,0.1909343858833356,-0.0415269800799545,0.1726468099460472,-0.096668462313376,-0.2218933295754614,0.6070967408798423,5,9,0.3422139082188915,0.998,0.1453370451927185,-0.1631404310464859,0.04,0.8,True,False,False,False,False,False,False,False,False,False
S4 neither,TR1z0.5/T60/SL5,82,69,0.7926829268292683,0.0727043659565031,0.791410324033738,-0.4569344482721704,0.5551002574781425,-5.052232119620435,-5.024063583660178,0.0951976990355419,0.0567715883588507,-0.0186253219958027,0.2262284497207718,-0.0921895864947838,-0.2217892861344105,0.5719776468225449,5,9,0.2864774217419241,0.9985,0.1533818542957306,-0.1526567786931991,0.11,0.79,True,False,True,False,False,False,False,False,False,True
S4 neither,TR1z0.5/T120/noSL,82,69,0.8658536585365854,0.4389027318262786,0.8632139293000343,-0.0067311223504357,0.8351866680841236,-8.426598144871365,-6.353350017516249,0.2510465478284671,0.5719675288247285,0.3352143673560596,0.5716747485962345,0.2977878940418603,0.1952699638839449,0.1883958152551971,7,9,2.0297428692171477,0.511,0.5427622199058533,-0.1080549359321594,0.01,0.15,True,False,True,True,True,True,False,False,False,True
S4 neither,TR1z0.5/T120/SL3,82,69,0.7317073170731707,0.0525525284349773,0.7042609355213516,-0.3432541522141063,0.4591020236196094,-3.4307384638850067,-3.1119401886111473,-0.1444358982718006,0.1920859973522784,-0.0602066549190047,0.153967135106997,-0.1136499848943308,-0.2400541245578714,0.7913086846997066,5,9,0.2607253040051223,0.9985,0.1306653022766113,-0.1607998609542846,0.07,0.81,True,False,False,False,False,False,False,False,False,False
S4 neither,TR1z0.5/T120/SL5,82,69,0.8048780487804879,0.0838024178203781,0.8231479682291112,-0.448585759413554,0.5725147771849324,-5.052232119620435,-5.024063583660178,0.1753662133505897,0.0189447293198116,0.0049064558039741,0.237779299752238,-0.0803708819124753,-0.2091498381783306,0.4962299804124932,6,9,0.3264294703259508,0.998,0.1686232537031173,-0.1304267197847366,0.15,0.73,True,False,True,False,True,True,False,False,False,True
S4 neither,TR1z1/T15/noSL,82,69,0.6341463414634146,0.0386239316703322,0.2159439194188274,-0.2975434614634104,0.3525540309046849,-4.28452475570541,-3.4520557429081835,-0.044331920126511,0.0973843266930962,-0.0771767565857409,0.14652060712462,-0.1153363269976426,-0.2376093817941483,1.0631009229351516,5,9,0.2391630692549615,0.9985,0.0427520349621772,-0.1701805293560028,0.1,0.96,True,False,False,False,False,False,False,False,False,False
S4 neither,TR1z1/T15/SL3,82,69,0.6219512195121951,-0.1443207752647687,0.1992875953398711,-0.5206458506288417,0.2302967502208067,-3.4307384638850067,-3.1009433227633685,-0.3274608378174876,-0.0145965642899262,-0.2687450148891117,0.0325624469902484,-0.3101605603571009,-0.4459630758035689,,4,9,-0.7910081469479111,1.0,-0.1150400787591934,-0.1731448024511337,0.36,1.0,True,False,False,False,False,False,False,False,False,False
S4 neither,TR1z1/T15/SL5,82,69,0.6341463414634146,-0.1130285028691339,0.2159439194188274,-0.5217913868134239,0.2515491415494058,-5.009963890456714,-5.005449460377006,-0.1587543201823288,-0.0806393822722875,-0.2475260666163742,0.0037238633003579,-0.2768363222214897,-0.4103246544640959,,4,9,-0.5918085349823046,1.0,-0.100996658205986,-0.1822419911623001,0.35,1.0,True,False,False,False,False,False,False,False,False,False
S4 neither,TR1z1/T30/noSL,82,69,0.7804878048780488,0.0886867648423949,0.5528907723083467,-0.3695966616224997,0.5481727876299326,-9.210498092549456,-6.215079115750407,0.0140805226363354,0.1415328530716871,-0.0394613861318984,0.1808387673375445,-0.0903521016562835,-0.2317698171772284,0.4934653487336423,4,9,0.3804004850904232,0.997,0.1473951488733291,-0.1654195040464401,0.06,0.79,True,False,True,False,False,True,False,False,False,True
S4 neither,TR1z1/T30/SL3,82,69,0.7317073170731707,0.004733051262359,0.3865045490059406,-0.4167380216243028,0.4264157919428095,-3.4307384638850067,-3.1119401886111473,-0.2092121333579117,0.1562775570350509,-0.101314689201105,0.1405260413258601,-0.1797573550791789,-0.3273837687544916,9.246433836255996,5,9,0.0231133837999118,1.0,0.0737444460391998,-0.1911931782960891,0.03,0.91,True,False,False,False,False,False,False,False,False,False
S4 neither,TR1z1/T30/SL5,82,69,0.7560975609756098,-0.0199149408667977,0.5393282349801201,-0.5139818935277548,0.4118794770682318,-5.026925883919829,-5.014793597625386,-0.0700320266271739,0.0155846615468021,-0.1614523432298957,0.097231798910945,-0.2060058661777615,-0.3554550931238091,,5,9,-0.0839834878528151,1.0,0.0447673201560974,-0.1741990149021148,0.18,0.96,True,False,False,False,False,False,False,False,False,False
S4 neither,TR1z1/T60/noSL,82,69,0.8414634146341463,0.3462435720652557,0.6939099702258824,-0.1177663764556865,0.7502755485254705,-7.871347668448347,-5.772181215040068,0.1795043758417837,0.4643505027235483,0.2568595463509427,0.4500774329099042,0.1746857426496111,0.0436450996600046,0.1856660935471472,6,9,1.607010595385013,0.755,0.4145005047321319,-0.218977466225624,0.0,0.26,True,False,True,True,True,True,False,False,False,True
S4 neither,TR1z1/T60/SL3,82,69,0.7317073170731707,0.0395162629822926,0.4641963026584386,-0.364244061194121,0.4581060782597039,-3.4307384638850067,-3.1119401886111473,-0.1612219122432677,0.1817058037670647,-0.0622431363102207,0.1506614559808596,-0.1519589241660118,-0.3056832245733699,1.1074894749187605,5,9,0.1883941770352458,0.999,0.1104081645607948,-0.2218101173639297,0.02,0.85,True,False,False,False,False,False,False,False,False,False
S4 neither,TR1z1/T60/SL5,82,69,0.7926829268292683,0.0396719804121686,0.6218108822932624,-0.5364487536608054,0.5515402489190007,-5.052232119620435,-5.024063583660178,0.04220166984083,0.0378801170668669,-0.0807545101497158,0.1677245566770696,-0.1517930952147152,-0.3055058797226777,1.1031424417518407,5,9,0.1550099822235011,0.9995,0.1098241955041885,-0.2160004675388336,0.09,0.85,True,False,True,False,False,False,False,False,False,True
S4 neither,TR1z1/T120/noSL,82,69,0.8658536585365854,0.3900891995721028,0.7284360072431508,-0.0623681778649596,0.8161618706956677,-8.426598144871365,-6.353350017516249,0.1759413639528196,0.5417772498024285,0.3008519791941038,0.5025196060326753,0.2213784888257341,0.0935803976539139,0.1647974143136557,7,9,1.772217897912912,0.666,0.4626191258430481,-0.1741815209388733,0.02,0.24,True,False,True,True,True,True,False,False,False,True
S4 neither,TR1z1/T120/SL3,82,69,0.7317073170731707,0.0235701990952985,0.4641963026584386,-0.4255547951683801,0.4327103078671793,-3.4307384638850067,-3.1119401886111473,-0.201305870750408,0.1828574152360075,-0.0801551532791729,0.1319817811418094,-0.1689404467469665,-0.3238440195557798,1.856744831219533,5,9,0.1115744724661621,0.9995,0.095736414194107,-0.2274948358535766,0.02,0.88,True,False,False,False,False,False,False,False,False,False
S4 neither,TR1z1/T120/SL5,82,69,0.8048780487804879,0.0476537102194175,0.6648362461344606,-0.4768272109907671,0.5754765324855762,-5.052232119620435,-5.024063583660178,0.1148543486075442,5.325802782796263e-05,-0.052601855503064,0.1758221849701123,-0.1432930712641384,-0.2964155763310886,0.9183722555810224,5,9,0.1845746549008715,0.999,0.1189680248498916,-0.1928108185529709,0.14,0.82,True,False,True,False,False,False,False,False,False,True
S4 neither,TR1.5z0.3/T15/noSL,82,69,0.5121951219512195,-0.0766017333063258,0.2151997337807811,-0.454882235597968,0.2837190107639871,-8.012170529829787,-4.553527403661933,-0.1468700489142369,-0.0268283430840554,-0.2040874434941128,0.0209308316812577,-0.2146860145727804,-0.3384105203446086,,3,9,-0.3931961425554586,1.0,-0.0031744444277137,-0.1077134683728218,0.25,0.97,True,False,False,False,False,False,False,False,False,False
S4 neither,TR1.5z0.3/T15/SL3,82,69,0.4878048780487805,-0.2544879836500927,-0.0842071940406517,-0.6494969716605997,0.1278620302978039,-3.4307384638850067,-3.1009433227633685,-0.4405533437510254,-0.122691686911932,-0.3899735998729711,-0.0838665738960062,-0.4041233201336751,-0.541003194347232,,4,9,-1.2940857326969704,1.0,-0.1579522043466568,-0.1137089356780052,0.54,1.0,True,False,False,False,False,False,False,False,False,False
S4 neither,TR1.5z0.3/T15/SL5,82,69,0.5121951219512195,-0.191538452366653,0.2151997337807811,-0.599309081869196,0.2057862789065939,-5.009963890456714,-5.005659212751252,-0.2612924489700548,-0.1421293714392434,-0.3331944429865351,-0.0807473517881483,-0.3370861569487133,-0.469310672607759,,3,9,-0.9491794599028136,1.0,-0.1084737554192543,-0.1194462105631828,0.5,1.0,True,False,False,False,False,False,False,False,False,False
S4 neither,TR1.5z0.3/T30/noSL,82,69,0.6707317073170732,-0.0254844873723004,1.2233747930592411,-0.5059087128954685,0.4482880896288344,-9.210498092549456,-6.877468708812117,-0.1559981428531903,0.0669626852599966,-0.1649896508620412,0.0749994686733043,-0.1685340600141161,-0.2929544635991396,,5,9,-0.103757778037072,1.0,0.1062009260058403,-0.0647205561399459,0.26,0.85,True,False,False,False,False,False,False,False,False,False
S4 neither,TR1.5z0.3/T30/SL3,82,69,0.6219512195121951,-0.1369076522913,1.175351458812003,-0.5444576883829912,0.2964212251503207,-3.4307384638850067,-3.1119401886111473,-0.4549471454529901,0.0883703220315637,-0.2576990499558372,0.0024773942603394,-0.2871924953824014,-0.4198530680902225,,3,9,-0.6453920960064236,1.0,0.007273624651134,-0.1008489355444908,0.31,0.97,True,False,False,False,False,False,False,False,False,False
S4 neither,TR1.5z0.3/T30/SL5,82,69,0.6585365853658537,-0.0946065500391577,1.2077702024773664,-0.6114875123659985,0.3511334696980135,-5.026925883919829,-5.014793597625386,-0.2200970583274247,-0.0057174400016352,-0.2426336116659083,0.0351402128071305,-0.2421445683086913,-0.3716768127475048,,4,9,-0.3905604920174271,1.0,0.0445977784693241,-0.0745908319950103,0.31,0.96,True,False,False,False,False,False,False,False,False,False
S4 neither,TR1.5z0.3/T60/noSL,82,69,0.7560975609756098,0.2087922939579619,1.2522740582078598,-0.355593466743645,0.700143508578209,-10.57266299769942,-6.9248900982679285,0.0523084398420457,0.3196350239567359,0.1157433720570416,0.3069767911506153,0.0804460773264948,-0.0306915658645995,0.5034118168038858,5,9,0.7823533553983311,0.9795,0.3894457519054413,-0.1017945781350135,0.03,0.28,True,False,True,False,True,False,False,False,False,True
S4 neither,TR1.5z0.3/T60/SL3,82,69,0.6219512195121951,-0.1693728936022965,1.2233747930592411,-0.6344387090170477,0.25944281984647,-3.4307384638850067,-3.1119401886111473,-0.5273005364850212,0.0841591867729668,-0.2773693613718656,-0.0549010816553705,-0.3222752912441699,-0.4613796961415605,,4,9,-0.7488056353012768,1.0,-0.0122989472001791,-0.1145700514316558,0.29,0.97,True,False,False,False,False,False,False,False,False,False
S4 neither,TR1.5z0.3/T60/SL5,82,69,0.7073170731707317,-0.0717616635508131,1.246487685050414,-0.6407764923644487,0.4462765651531407,-5.052232119620435,-5.024063583660178,-0.1196012190807851,-0.037875311717083,-0.1702800084280821,0.0536207495157109,-0.218325669630902,-0.350211350805149,,4,9,-0.2564360746206275,1.0,0.0957099720835685,-0.0926918312907219,0.24,0.88,True,False,False,False,False,False,False,False,False,False
S4 neither,TR1.5z0.3/T120/noSL,82,69,0.7926829268292683,0.287715625620366,1.260709846403464,-0.3246244497488095,0.7992054805501229,-14.230516568003424,-8.47758557787987,0.0386033941617837,0.4641701229035284,0.180060893000686,0.38232233945506,0.1629978891153976,0.0552207497477493,0.365320819157444,6,9,0.9802174234124292,0.9535,0.4793000519275665,-0.0213991906493902,0.07,0.23,True,False,True,True,True,True,False,False,False,True
S4 neither,TR1.5z0.3/T120/SL3,82,69,0.6097560975609756,-0.2060488405070086,1.2233747930592411,-0.6568869442261811,0.2751250600436802,-3.4307384638850067,-3.1119401886111473,-0.6173800952113637,0.0853107982419095,-0.3203326134602425,-0.0694007316845452,-0.3613327931426946,-0.503149524560816,,4,9,-0.8986134338946687,1.0,-0.0474122688174247,-0.1120175942778587,0.4,1.0,True,False,False,False,False,False,False,False,False,False
S4 neither,TR1.5z0.3/T120/SL5,82,69,0.7317073170731707,-0.0543057952327494,1.2522740582078598,-0.6394260759053463,0.4931417116817144,-5.052232119620435,-5.024063583660178,-0.1455726401726871,0.010341553266373,-0.1880618660443474,0.0722167475099268,-0.201232714909998,-0.3343036462238544,,4,9,-0.1855984399960065,1.0,0.1229788735508918,-0.0428064092993736,0.3,0.82,True,False,False,False,False,False,False,False,False,False
S4 neither,TR1.5z0.5/T15/noSL,82,69,0.5121951219512195,-0.0393363384765771,0.2151997337807811,-0.4407692307342444,0.339681978065834,-8.012170529829787,-4.553527403661933,-0.0705505208752108,-0.0172262926108782,-0.1619962715195153,0.0541082998737457,-0.2009339719830635,-0.3400844536270052,,4,9,-0.1969072296679311,1.0,-0.0230982098728418,-0.1281640380620956,0.27,0.98,True,False,False,False,False,False,False,False,False,False
S4 neither,TR1.5z0.5/T15/SL3,82,69,0.4878048780487805,-0.2165649952879729,-0.0842071940406517,-0.6277853209458009,0.1894643826260789,-3.4307384638850067,-3.1009433227633685,-0.3686315820739475,-0.1088511629812409,-0.3471437611907787,-0.0365954285517256,-0.3896709831328616,-0.541928201662206,,4,9,-1.065409238755148,1.0,-0.1733625531196594,-0.1327424347400665,0.56,1.0,True,False,False,False,False,False,False,False,False,False
S4 neither,TR1.5z0.5/T15/SL5,82,69,0.5121951219512195,-0.1542730575369043,0.2151997337807811,-0.5840211281333715,0.2427808955214415,-5.009963890456714,-5.005659212751252,-0.1849729209310287,-0.1325273209660662,-0.2911032710119376,-0.0363825882433059,-0.3233341143589963,-0.4709846058901556,,4,9,-0.7429986076021995,1.0,-0.1283974945545196,-0.1394148021936416,0.51,1.0,True,False,False,False,False,False,False,False,False,False
S4 neither,TR1.5z0.5/T30/noSL,82,69,0.6707317073170732,0.0281557219100469,1.0715663557917767,-0.4663937660551201,0.4845327320002214,-9.210498092549456,-6.877468708812117,-0.0462886377562036,0.0808871433403077,-0.1045048516941136,0.1265647213940856,-0.1536269688251838,-0.2962453786747816,1.4769741044603353,4,9,0.111933562342333,0.9995,0.0953539088368415,-0.0905598178505897,0.21,0.88,True,False,False,False,False,False,False,False,False,False
S4 neither,TR1.5z0.5/T30/SL3,82,69,0.6219512195121951,-0.0810746158928342,1.039675472902858,-0.5215119545522461,0.3454801774264913,-3.4307384638850067,-3.1119401886111473,-0.3360189434705072,0.0995109494746841,-0.1947510751232287,0.044968653784238,-0.2699501857061743,-0.420646596728063,,3,9,-0.3784081680830276,1.0,-0.0006824528099969,-0.1249033957719802,0.3,0.97,True,False,False,False,False,False,False,False,False,False
S4 neither,TR1.5z0.5/T30/SL5,82,69,0.6585365853658537,-0.0450769577878569,1.0430847492570965,-0.5397153096535138,0.4178389547551801,-5.026925883919829,-5.014793597625386,-0.110387553230438,0.0011847139839712,-0.1867662179301153,0.0821504574664818,-0.23161501733464,-0.3796492638862833,,4,9,-0.1833500766924429,1.0,0.0296892765909433,-0.0998390391469001,0.31,0.97,True,False,False,False,False,False,False,False,False,False
S4 neither,TR1.5z0.5/T60/noSL,82,69,0.7560975609756098,0.2888233826322018,1.2174888695047916,-0.2932962287503671,0.7925590314046107,-10.57266299769942,-6.9248900982679285,0.2294617804509409,0.3308711841772617,0.1966204884109457,0.3852164635682943,0.1077650091509355,-0.0232403284671155,0.3662722059574368,5,9,1.0566997628301886,0.94,0.3915493786334991,-0.1340843737125396,0.01,0.28,True,False,True,False,True,True,False,False,False,True
S4 neither,TR1.5z0.5/T60/SL3,82,69,0.6219512195121951,-0.0991007403408193,1.101157538738963,-0.5642745198890324,0.3602246131938452,-3.4307384638850067,-3.1119401886111473,-0.3620626818179177,0.0871639682054586,-0.2059911224895227,0.0015648166822348,-0.3053489919372169,-0.4627761796450501,,3,9,-0.4283769529949981,1.0,-0.008676023222506,-0.1429152637720108,0.27,0.97,True,False,False,False,False,False,False,False,False,False
S4 neither,TR1.5z0.5/T60/SL5,82,69,0.7073170731707317,0.0090467785700616,1.1698571841069052,-0.6010685413629601,0.5604212601924208,-5.052232119620435,-5.024063583660178,0.0633894880127925,-0.0294459739518727,-0.0792774682634525,0.1377474921954307,-0.1901789068632917,-0.341874794204553,4.596693931599417,5,9,0.0315583996078988,1.0,0.1010692194104194,-0.1236824765801429,0.22,0.87,True,False,False,False,False,False,False,False,False,False
S4 neither,TR1.5z0.5/T120/noSL,82,69,0.7926829268292683,0.3664594339508016,1.2314634206493604,-0.2661303988415164,0.881446716232498,-14.230516568003424,-8.47758557787987,0.2187656618686529,0.4710758558423237,0.2779799550523854,0.4668956111601132,0.1904423625032107,0.0639593050302921,0.2886758197170271,6,9,1.2456793243596282,0.9045,0.4759582877159118,-0.0644170939922332,0.03,0.23,True,False,True,True,True,True,False,False,False,True
S4 neither,TR1.5z0.5/T120/SL3,82,69,0.6097560975609756,-0.1357766872455314,1.101157538738963,-0.6040073439068295,0.3110813767735998,-3.4307384638850067,-3.1119401886111473,-0.4521422405442601,0.0883155796744014,-0.2489543745778997,0.0023220406618136,-0.3444064938357414,-0.5045460080643055,,3,9,-0.5788450054871227,1.0,-0.0437893457710742,-0.1445720940828323,0.33,1.0,True,False,False,False,False,False,False,False,False,False
S4 neither,TR1.5z0.5/T120/SL5,82,69,0.7317073170731707,0.0277502508067975,1.199089858185666,-0.5452721218191582,0.581956098922417,-5.052232119620435,-5.024063583660178,0.0404269940188644,0.0187708910315834,-0.0956579077792916,0.1577259702076346,-0.1702609234423521,-0.3217928202170459,1.4985548218302718,6,9,0.0927964138853918,0.9995,0.1253316402435302,-0.0812019184231758,0.23,0.82,True,False,True,False,False,False,False,False,False,True
S4 neither,TR1.5z1/T15/noSL,82,69,0.5121951219512195,-0.1172563228016874,0.2151997337807811,-0.5247302406497185,0.2643534790042056,-8.012170529829787,-4.553527403661933,-0.087761749513124,-0.1381483122144199,-0.2467816236604151,-0.0212993565117862,-0.2868254764327476,-0.4340957358896636,,4,9,-0.6008298523773742,1.0,-0.1233289539813995,-0.1608621776103973,0.43,1.0,True,False,False,False,False,False,False,False,False,False
S4 neither,TR1.5z1/T15/SL3,82,69,0.4878048780487805,-0.2822203506589527,-0.0842071940406517,-0.6686656771879642,0.1176547078662627,-3.4307384638850067,-3.1009433227633685,-0.3708906672041006,-0.2194122097728062,-0.418152406835258,-0.1063518628757201,-0.4625014541508742,-0.6219714342826601,,4,9,-1.414000432072918,1.0,-0.2613981068134308,-0.1641669422388076,0.69,1.0,True,False,False,False,False,False,False,False,False,False
S4 neither,TR1.5z1/T15/SL5,82,69,0.5121951219512195,-0.2321930418620146,0.2151997337807811,-0.6353918253146227,0.1546608266585492,-5.009963890456714,-5.005659212751252,-0.2021841495689419,-0.2534493405696078,-0.3758886231528375,-0.1132436896383697,-0.4092256188086804,-0.564995888152814,,3,9,-1.131510875179127,1.0,-0.2286282032728195,-0.1719760298728943,0.61,1.0,True,False,False,False,False,False,False,False,False,False
S4 neither,TR1.5z1/T30/noSL,82,69,0.6707317073170732,-0.0104504911305088,0.720350564425333,-0.5138983266020082,0.4758626789978113,-9.210498092549456,-6.877468708812117,-0.0165147159724579,-0.0061549985341282,-0.1451295292414043,0.063615609072789,-0.2213320495483598,-0.3909538274127776,,4,9,-0.040638891263306,1.0,0.0534188337624073,-0.1419782042503357,0.2,0.94,True,False,False,False,False,False,False,False,False,False
S4 neither,TR1.5z1/T30/SL3,82,69,0.6219512195121951,-0.1068483603025753,0.652974700520649,-0.5568744776585209,0.2939615185530397,-3.4307384638850067,-3.1119401886111473,-0.3049093414264459,0.0334448346601662,-0.2209611988660426,-0.0013056612250939,-0.3239895206147163,-0.5007402895254089,,4,9,-0.4903887196557384,1.0,-0.0295190867036581,-0.1711799204349517,0.24,0.99,True,False,False,False,False,False,False,False,False,False
S4 neither,TR1.5z1/T30/SL5,82,69,0.6585365853658537,-0.0774694805369347,0.6939099702258824,-0.6009217392429931,0.4212993985729591,-5.026925883919829,-5.014793597625386,-0.0806136314466923,-0.0752423736425229,-0.2204111337801292,0.0260867857384447,-0.2927029213837743,-0.4672810097923181,,4,9,-0.3102483688638596,1.0,-0.0061482335440814,-0.1506239473819732,0.29,0.97,True,False,False,False,False,False,False,False,False,False
S4 neither,TR1.5z1/T60/noSL,82,69,0.7560975609756098,0.2621931237561749,0.9299769309463426,-0.3323032430858483,0.7925657646257258,-10.57266299769942,-6.9248900982679285,0.1902664711842315,0.3131411693279681,0.1442057333285652,0.379231228503782,0.0270191603290534,-0.1413037878942553,0.3818314324649955,5,9,0.9405054228153392,0.963,0.3430355787277221,-0.204213410615921,0.01,0.43,True,False,True,False,True,True,False,False,False,True
S4 neither,TR1.5z1/T60/SL3,82,69,0.6219512195121951,-0.0892855442271639,0.712485768636141,-0.5897323685896164,0.3872557466399351,-3.4307384638850067,-3.1119401886111473,-0.3540744733824005,0.0982732805911286,-0.17370851461709,0.0128542578451373,-0.3472827977830734,-0.5415989375419468,,4,9,-0.3656359090069212,1.0,-0.0032231109216809,-0.2045024335384369,0.14,0.97,True,False,False,False,False,False,False,False,False,False
S4 neither,TR1.5z1/T60/SL5,82,69,0.7073170731707317,-0.0063724018562007,0.8670535947735494,-0.5939844355889754,0.5423582917183035,-5.052232119620435,-5.024063583660178,0.0387874978786852,-0.0383606641684114,-0.107521166745426,0.1073691398524309,-0.2589856851282814,-0.4471700809527941,,5,9,-0.0217655773724126,1.0,0.0769457146525383,-0.1921381950378418,0.11,0.91,True,False,False,False,False,False,False,False,False,False
S4 neither,TR1.5z1/T120/noSL,82,69,0.7926829268292683,0.3287577815683165,0.949377109438855,-0.2924014119117602,0.8785941177399724,-14.230516568003424,-8.47758557787987,0.1675411264066493,0.4429529123078307,0.2204249062058771,0.4307734095199313,0.0979061985186069,-0.0654940387193162,0.3045207798541137,6,9,1.100988799933344,0.934,0.4135183095932007,-0.1407742351293563,0.03,0.26,True,False,True,False,True,True,False,False,False,True
S4 neither,TR1.5z1/T120/SL3,82,69,0.6097560975609756,-0.125961491131876,0.712485768636141,-0.6021022509374323,0.3682018069203945,-3.4307384638850067,-3.1119401886111473,-0.4441540321087429,0.0994248920600714,-0.2149061536059447,0.0136114818247161,-0.3863402996815981,-0.5833687659612022,,4,9,-0.5107311458000233,1.0,-0.0383364297449588,-0.2169289588928222,0.18,0.99,True,False,False,False,False,False,False,False,False,False
S4 neither,TR1.5z1/T120/SL5,82,69,0.7317073170731707,0.007343342445901,0.8930057857483034,-0.6095178364189662,0.5834132861752479,-5.052232119620435,-5.024063583660178,0.0037957776894629,0.0098562008150446,-0.1158395307549101,0.1218206760992294,-0.24437930807929,-0.4315493721642894,9.45517156012198,5,9,0.0240626132626331,1.0,0.0933794528245925,-0.1530365943908691,0.18,0.88,True,False,True,False,False,False,False,False,False,True
S4 neither,TR2z0.3/T15/noSL,82,69,0.5,0.0123055989109213,0.012843873102898,-0.4253022121923014,0.4030746419077343,-8.012170529829787,-4.553527403661933,-0.0077521896887412,0.0265131991690156,-0.1317103887082424,0.1103733943605351,-0.134305403405382,-0.281542255203067,3.924236431086652,6,9,0.0602194078603848,1.0,0.0571421422064304,-0.1092835962772369,0.21,0.93,True,False,False,False,False,False,False,False,False,False
S4 neither,TR2z0.3/T15/SL3,82,69,0.4756097560975609,-0.2277760613588461,-0.1139411624414541,-0.6721270220160485,0.1955099366849481,-3.4307384638850067,-3.1066141585442635,-0.3102310172494261,-0.1693704676030188,-0.3874598822642523,-0.0625036437026633,-0.3899767818744851,-0.5549685905103022,,4,9,-1.0399790669465665,1.0,-0.1523908823728561,-0.1143562197685241,0.54,1.0,True,False,False,False,False,False,False,False,False,False
S4 neither,TR2z0.3/T15/SL5,82,69,0.5,-0.1026311201494058,0.012843873102898,-0.5448418612971141,0.306917436971966,-5.009963890456714,-5.005659212751252,-0.1221745897445591,-0.0887878291861722,-0.2608173882006648,0.00920094270976,-0.256705545781315,-0.4124424074662175,,4,9,-0.4784899491522765,1.0,-0.0481571219861507,-0.1223119571805,0.39,1.0,True,False,False,False,False,False,False,False,False,False
S4 neither,TR2z0.3/T30/noSL,82,69,0.6463414634146342,0.1343989831644932,1.65256138423764,-0.3555106673854333,0.6181470648507933,-9.210498092549456,-6.877468708812117,-0.0050081612944184,0.2331457104895556,0.0076935853300405,0.2372219512339517,-0.0134487312626276,-0.1576756856894397,0.4754610852037008,7,9,0.5173890944208638,0.996,0.2752256989479065,-0.0714898034930229,0.05,0.55,True,False,False,False,True,True,False,False,False,False
S4 neither,TR2z0.3/T30/SL3,82,69,0.5853658536585366,-0.056035280223861,1.458503503113008,-0.5493961563885397,0.3985502673061002,-3.4307384638850067,-3.11683328510674,-0.3263693580125518,0.1354513582097949,-0.1737680065649483,0.0509900876006134,-0.2162488559099659,-0.3745591523261765,,6,9,-0.2420455234491076,1.0,0.0878147706389427,-0.1011218726634979,0.18,0.89,True,False,False,False,False,False,False,False,False,False
S4 neither,TR2z0.3/T30/SL5,82,69,0.6341463414634146,0.0587763746458704,1.648938757534636,-0.4711979428901802,0.5332663315797014,-5.026925883919829,-5.014793597625386,-0.0691070767686528,0.149360486064491,-0.0772523584853988,0.1901593878023079,-0.0939818987759662,-0.2438014342800934,1.0871967992356182,5,9,0.2280799117259787,0.9985,0.2071219682693481,-0.079692356288433,0.11,0.69,True,False,False,False,False,False,False,False,False,False
S4 neither,TR2z0.3/T60/noSL,82,69,0.7073170731707317,0.2175918632379244,1.721603623493963,-0.4455981177697481,0.789034427964682,-10.57266299769942,-7.865342314934696,-0.0475042068434761,0.4053682462122497,0.0771742598581144,0.3070382182297544,0.0640245184624036,-0.0794066035321693,0.6158371179449836,6,9,0.6898079220699027,0.9875,0.3862994015216827,-0.1108389347791671,0.06,0.29,True,False,False,False,True,False,False,False,False,False
S4 neither,TR2z0.3/T60/SL3,82,69,0.573170731707317,-0.1203396612252131,1.648938757534636,-0.6171065075681458,0.3425189683535051,-3.4307384638850067,-3.11683328510674,-0.4427191552823927,0.1080124803986223,-0.1847039759790311,-0.0311794800684166,-0.2919546968546493,-0.456812393653669,,4,9,-0.493225377034772,1.0,0.0350087098777294,-0.1009758934378624,0.26,0.97,True,False,False,False,False,False,False,False,False,False
S4 neither,TR2z0.3/T60/SL5,82,69,0.6585365853658537,-0.0509444079827343,1.6791143239431996,-0.6874089537622109,0.5595572100959411,-5.0593571197399925,-5.039583318400031,-0.1347285971666296,0.0084027260225247,-0.1675854786858563,0.056830621467626,-0.2188462964710237,-0.3808210965434482,,4,9,-0.1634332835905425,1.0,0.1153675988316536,-0.0970890745520591,0.22,0.82,True,False,False,False,False,False,False,False,False,False
S4 neither,TR2z0.3/T120/noSL,82,69,0.7439024390243902,0.3031254753298811,1.743979273559039,-0.4884576392804556,0.9476265232843086,-14.230516568003424,-10.179604532311783,-0.0395418930672332,0.5458481946111703,0.1462231705674066,0.4890483012840342,0.1551122612096822,0.0169257665324508,0.4420649429048929,5,9,0.8232723836474812,0.9765,0.4845602810382843,-0.0244355741888284,0.13,0.23,True,False,False,True,True,True,False,False,False,False
S4 neither,TR2z0.3/T120/SL3,82,69,0.573170731707317,-0.1354863918860482,1.656441716847802,-0.6381803350534818,0.3377937884134214,-3.4307384638850067,-3.11683328510674,-0.4808753101264436,0.1091640918675651,-0.2334624950108595,-0.0048905818345144,-0.3089646132912499,-0.4762659111083062,,4,9,-0.5374735914706524,1.0,0.0221921522170305,-0.1051311045885086,0.32,0.97,True,False,False,False,False,False,False,False,False,False
S4 neither,TR2z0.3/T120/SL5,82,69,0.6829268292682927,-0.0068560303134951,1.721603623493963,-0.6505718665711328,0.6082305509943685,-5.0593571197399925,-5.039583318400031,-0.0964686721762848,0.0566195910059808,-0.1116187443262731,0.1049383190131445,-0.1719816308373622,-0.3318020687555301,,5,9,-0.0211498059230704,1.0,0.1631012260913849,-0.0318044126033782,0.3,0.73,True,False,False,False,False,False,False,False,False,False
S4 neither,TR2z0.5/T15/noSL,82,69,0.5,0.0500128678603018,0.012843873102898,-0.4024256109086572,0.4681902821234818,-8.012170529829787,-4.553527403661933,0.0565593839482527,0.0453757522980032,-0.0914676664790776,0.1503952478542021,-0.1320024755236303,-0.2912632455980939,1.066349782017972,6,9,0.2377776621879256,0.9985,0.0292470157146453,-0.1278616040945053,0.24,0.97,True,False,True,False,False,False,False,False,False,True
S4 neither,TR2z0.5/T15/SL3,82,69,0.4756097560975609,-0.1857642706745035,-0.1139411624414541,-0.6249587565801344,0.2789262550873315,-3.4307384638850067,-3.1066141585442635,-0.2415216772504839,-0.1462694410165173,-0.3423819438396504,-0.0151879259255647,-0.383089817859397,-0.5597872089293999,,4,9,-0.8219521591078254,1.0,-0.1754079908132553,-0.1319498419761657,0.54,1.0,True,False,False,False,False,False,False,False,False,False
S4 neither,TR2z0.5/T15/SL5,82,69,0.5,-0.0649238512000254,0.012843873102898,-0.5122515192618995,0.3473287552427341,-5.009963890456714,-5.005659212751252,-0.0578630161075651,-0.0699252760571847,-0.2205746659715,0.0536102786874205,-0.2544026178995632,-0.4221633978612443,,4,9,-0.2935124387355042,1.0,-0.0760522484779357,-0.1405390501022339,0.43,1.0,True,False,False,False,False,False,False,False,False,False
S4 neither,TR2z0.5/T30/noSL,82,69,0.6463414634146342,0.1891754918772616,1.544483156831923,-0.3669787303251876,0.6863024106661355,-9.210498092549456,-6.877468708812117,0.0708247718445507,0.2730072519004318,0.0671099741427369,0.2943486662999801,0.0034356976391908,-0.1644460327592704,0.3249380169369089,7,9,0.7220878913554604,0.986,0.2400991320610046,-0.0964516997337341,0.06,0.65,True,False,True,False,True,True,False,False,False,True
S4 neither,TR2z0.5/T30/SL3,82,69,0.5853658536585366,0.0110816118178917,1.4219071234562688,-0.4590027017957204,0.4637706730692353,-3.4307384638850067,-3.11683328510674,-0.2325219971171972,0.1836341681469131,-0.100489817300516,0.1155047425324206,-0.1862227200863718,-0.3672751739379971,4.81258607658687,6,9,0.0474663058987487,1.0,0.0648832991719245,-0.1256311982870102,0.18,0.91,True,False,False,False,False,False,False,False,False,False
S4 neither,TR2z0.5/T30/SL5,82,69,0.6341463414634146,0.1159428121793577,1.5125408163000356,-0.3939516126488525,0.6007691073064467,-5.026925883919829,-5.014793597625386,0.0067258563703163,0.1933048225440953,-0.0151513920932647,0.2499344023723763,-0.0745523508702652,-0.247849917970772,0.5301778353329072,5,9,0.4426708661942653,0.9965,0.174434408545494,-0.1042820960283279,0.13,0.73,True,False,True,False,False,False,False,False,False,True
S4 neither,TR2z0.5/T60/noSL,82,69,0.7073170731707317,0.2974577628824332,1.6396155558484629,-0.3316021338437016,0.9032946507473204,-10.57266299769942,-7.865342314934696,0.0691356310824728,0.4591859395740719,0.1605641246563371,0.3891383661805507,0.1074082449009845,-0.0665731912315142,0.5047617516365797,6,9,0.917232360743374,0.9685,0.3683916926383972,-0.1431076973676681,0.05,0.32,True,False,True,False,True,False,False,False,False,True
S4 neither,TR2z0.5/T60/SL3,82,69,0.573170731707317,-0.0279091862848012,1.5807226512809538,-0.5109646343693044,0.468400245239259,-3.4307384638850067,-3.11683328510674,-0.3025621417024174,0.1666366571360102,-0.0829913511298036,0.0617830434371494,-0.2390864282381481,-0.4371299944497534,,4,9,-0.1114410052600992,1.0,0.0369697213172912,-0.1304107159376144,0.2,0.96,True,False,False,False,False,False,False,False,False,False
S4 neither,TR2z0.5/T60/SL5,82,69,0.6585365853658537,0.0311858965246881,1.633893995963799,-0.6038486828924783,0.6382474357262059,-5.0593571197399925,-5.039583318400031,-0.0243429833951654,0.0705188531345844,-0.0885863362549185,0.1408297431249284,-0.1761540023890815,-0.369827261250057,2.3441348292865443,5,9,0.0978603586700719,0.9995,0.1070431247353553,-0.1283209919929504,0.19,0.85,True,False,False,False,False,False,False,False,False,False
S4 neither,TR2z0.5/T120/noSL,82,69,0.7439024390243902,0.3779795752847726,1.6900818064254155,-0.3846484744857966,1.009445336676828,-14.230516568003424,-10.179604532311783,0.0695425987013505,0.5964557670313633,0.2267121225500986,0.5652774838841361,0.193158746420359,0.0251322062267057,0.3972312559939641,5,9,1.0140750447079767,0.9475,0.458767831325531,-0.0694539323449134,0.12,0.24,True,False,True,True,True,True,False,False,False,True
S4 neither,TR2z0.5/T120/SL3,82,69,0.573170731707317,-0.0474362253685818,1.5942590899290634,-0.5856767425706553,0.4561442135291881,-3.4307384638850067,-3.11683328510674,-0.3512825698018074,0.167788268604953,-0.1585633621356053,0.0818034241470896,-0.2598814568728236,-0.4593691222951702,,4,9,-0.1839648346914756,1.0,0.0192751307040452,-0.1408503055572509,0.26,0.97,True,False,False,False,False,False,False,False,False,False
S4 neither,TR2z0.5/T120/SL5,82,69,0.6829268292682927,0.072141569689654,1.6436122693412003,-0.6153032587137297,0.69861663786701,-5.0593571197399925,-5.039583318400031,0.0063615954378142,0.1187357181180405,-0.0361385302426012,0.1854660654089547,-0.1325388699276893,-0.3231833001455126,1.0133401108477922,5,9,0.2184560646661059,0.999,0.149331048130989,-0.0731747150421142,0.26,0.79,True,False,True,False,False,False,False,False,False,True
S4 neither,TR2z1/T15/noSL,82,69,0.5,-0.0620836947209762,0.012843873102898,-0.4695234540558975,0.3099578794185893,-8.012170529829787,-4.553527403661933,-0.0402625129571813,-0.0775403651369975,-0.1962549524846999,0.039837880010083,-0.2283616330044007,-0.384500555328855,,5,9,-0.3087539696656134,1.0,-0.0957937687635421,-0.154142364859581,0.37,1.0,True,False,False,False,False,False,False,False,False,False
S4 neither,TR2z1/T15/SL3,82,69,0.4756097560975609,-0.285596204301651,-0.1139411624414541,-0.7047993712822863,0.1300440909233115,-3.4307384638850067,-3.1066141585442635,-0.3233914306481579,-0.2588245856395418,-0.4333925233488521,-0.1249797804924984,-0.4663879419084958,-0.6390564690179568,,4,9,-1.333751025032228,1.0,-0.2882536649703979,-0.1567803174257278,0.75,1.0,True,False,False,False,False,False,False,False,False,False
S4 neither,TR2z1/T15/SL5,82,69,0.5,-0.1770204137813034,0.012843873102898,-0.5923191664006089,0.2355418294613757,-5.009963890456714,-5.005659212751252,-0.1546849130129992,-0.1928413934921855,-0.3253619519771223,-0.0632862429505827,-0.3507617753803336,-0.5154007075920055,,4,9,-0.8355876932581944,1.0,-0.2010930478572845,-0.1662703156471252,0.59,1.0,True,False,False,False,False,False,False,False,False,False
S4 neither,TR2z1/T30/noSL,82,69,0.6463414634146342,0.0976461097352691,1.135712468511664,-0.4167681375729565,0.5756553989989837,-9.210498092549456,-6.877468708812117,0.0011970537619166,0.165964191049727,-0.0145744516434139,0.1833983289510835,-0.1069042832458719,-0.2805170099203804,0.5036720655239667,7,9,0.3765139034911448,0.997,0.1387883573770523,-0.1393428742885589,0.12,0.81,True,False,True,False,False,False,False,False,False,True
S4 neither,TR2z1/T30/SL3,82,69,0.5853658536585366,-0.0619694510784921,1.0840368107530765,-0.5153366580987663,0.3793821601593312,-3.4307384638850067,-3.11683328510674,-0.2871975716920713,0.0975671343561264,-0.1614177748929695,0.0238761639647356,-0.2768844908657215,-0.4623013986249417,,5,9,-0.2708292832209556,1.0,-0.0059396466240286,-0.1640754640102386,0.22,0.97,True,False,False,False,False,False,False,False,False,False
S4 neither,TR2z1/T30/SL5,82,69,0.6341463414634146,0.0306271203288433,1.135712468511664,-0.5268558276914949,0.5335931074278565,-5.026925883919829,-5.014793597625386,-0.0629018617123177,0.0968768159413323,-0.0898560561821388,0.1458695056167392,-0.1782751550812863,-0.3568441922999208,1.605819197256548,4,9,0.1189653804203074,0.9995,0.0792211666703224,-0.1459795981645584,0.19,0.9,True,False,False,False,False,False,False,False,False,False
S4 neither,TR2z1/T60/noSL,82,69,0.7073170731707317,0.2476138280283189,1.4110582199693535,-0.4188492160648347,0.8338005035481181,-10.57266299769942,-7.865342314934696,-0.0145835155395317,0.4333369463888798,0.0804988030172606,0.3443780917016226,-0.0019246684534647,-0.194312318350583,0.5147100431428904,5,9,0.7730150983617561,0.981,0.3042988777160644,-0.2025756686925888,0.05,0.51,True,False,False,False,True,False,False,False,False,False
S4 neither,TR2z1/T60/SL3,82,69,0.573170731707317,-0.0758519327746414,1.1376082974309711,-0.5407030159531647,0.4041311998380905,-3.4307384638850067,-3.11683328510674,-0.3685578876775981,0.1314814519482863,-0.1656083353279639,0.0279440679698887,-0.3329768738985689,-0.5360180937552133,,4,9,-0.299554692784965,1.0,-0.0088398745283484,-0.1820439100265503,0.19,0.97,True,False,False,False,False,False,False,False,False,False
S4 neither,TR2z1/T60/SL5,82,69,0.6585365853658537,-0.0449897390351142,1.3760266895677675,-0.6812948460521965,0.5544260986187972,-5.0593571197399925,-5.039583318400031,-0.130160634630078,0.0153396453446519,-0.1982297326592885,0.051313978618628,-0.3001106416045269,-0.5008694842185295,,4,9,-0.1430313360575285,1.0,0.0203651338815689,-0.1859068870544433,0.21,0.97,True,False,False,False,False,False,False,False,False,False
S4 neither,TR2z1/T120/noSL,82,69,0.7439024390243902,0.3479135314347393,1.4472254659628438,-0.4199191321926531,1.0199703821205568,-14.230516568003424,-10.179604532311783,-0.0129284226475671,0.6035099155763732,0.1946121366991048,0.5436855960099887,0.1027157707694606,-0.0887394721382942,0.3663247117226277,6,9,0.936514785853607,0.964,0.4145189225673675,-0.1345201283693313,0.1,0.26,True,False,False,False,True,True,False,False,False,False
S4 neither,TR2z1/T120/SL3,82,69,0.573170731707317,-0.0929900506232803,1.227086752443053,-0.6273857710577667,0.429430679147325,-3.4307384638850067,-3.11683328510674,-0.4115167998569408,0.1326330634172291,-0.1925038657168485,0.0506478944508098,-0.3512278565425742,-0.5610606555236264,,4,9,-0.3567135199588762,1.0,-0.0242295432835817,-0.2020350694656372,0.24,0.99,True,False,False,False,False,False,False,False,False,False
S4 neither,TR2z1/T120/SL5,82,69,0.6829268292682927,-0.0035165505130147,1.3990265788013891,-0.6519719479398401,0.6149603938088831,-5.0593571197399925,-5.039583318400031,-0.0982079305240116,0.063556510328108,-0.1452006080266295,0.0965237638659644,-0.2559443888926808,-0.4591602803980461,,5,9,-0.0107602005152988,1.0,0.0632270723581314,-0.1333175003528595,0.26,0.93,True,False,False,False,False,False,False,False,False,False
S4 neither,TR3z0.3/T15/noSL,82,69,0.4634146341463415,-0.0569851465847577,-0.1841836913795179,-0.4778723967508071,0.3591645333529257,-8.012170529829787,-4.553527403661933,0.0438755089509383,-0.1284281109225424,-0.2014009195886351,0.087393361476515,-0.2556150749534481,-0.4685856760369772,,4,9,-0.2654468143795626,1.0,-0.0745241791009903,-0.1369244158267974,0.37,1.0,True,False,False,False,False,False,False,False,False,False
S4 neither,TR3z0.3/T15/SL3,82,69,0.4268292682926829,-0.3623820378681795,-0.299550379247586,-0.8228245657052362,0.0787572918832215,-3.4307384638850067,-3.1066141585442635,-0.2744348843284642,-0.4246779382921444,-0.5305182068860099,-0.193466389362315,-0.5808429332033257,-0.8163988022208741,,3,9,-1.5881036062801228,1.0,-0.3644278049468994,-0.141759991645813,0.86,1.0,True,False,False,False,False,False,False,False,False,False
S4 neither,TR3z0.3/T15/SL5,82,69,0.4634146341463415,-0.2075685290533924,-0.1841836913795179,-0.6571821350440757,0.237089870224877,-5.009963890456714,-5.005659212751252,-0.0705468911048795,-0.3046255226002556,-0.3705493766081973,-0.0696677385118659,-0.4159765991408252,-0.640083417181811,,4,9,-0.9142097907315192,1.0,-0.214030846953392,-0.150209292769432,0.64,1.0,True,False,False,False,False,False,False,False,False,False
S4 neither,TR3z0.3/T30/noSL,82,69,0.5853658536585366,0.1101340696449915,0.7769640960574988,-0.4586072313108145,0.6903572043162127,-9.210498092549456,-7.0691810121734715,0.1558086646244418,0.0777812315345475,-0.0449411854980568,0.2760087506768359,-0.085220939114477,-0.2955665960854884,0.6077773062674285,5,9,0.3757196390003278,0.997,0.1821609288454055,-0.0968754291534423,0.17,0.72,True,False,True,False,False,False,False,False,False,True
S4 neither,TR3z0.3/T30/SL3,82,69,0.5121951219512195,-0.1611360627354639,0.1503431596691541,-0.6959786463078506,0.318059248921866,-3.4307384638850067,-3.11683328510674,-0.167767436417972,-0.156438839710354,-0.317204712425269,-0.0380717308328241,-0.37087583927496,-0.5987572859598329,,4,9,-0.6158775315399959,1.0,-0.0911316946148872,-0.1349586248397827,0.35,1.0,True,False,False,False,False,False,False,False,False,False
S4 neither,TR3z0.3/T30/SL5,82,69,0.573170731707317,0.0294162405858916,0.6666354642966623,-0.5411145275745576,0.6069279047167587,-5.026925883919829,-5.014793597625386,0.0917097491502074,-0.0147083279804988,-0.1356105277288266,0.2233001320516905,-0.1711801856449471,-0.3874952347361301,2.2755113108915115,6,9,0.1011995558425079,0.9995,0.1083647087216377,-0.1062386780977249,0.21,0.85,True,False,False,False,False,False,False,False,False,False
S4 neither,TR3z0.3/T60/noSL,82,69,0.5975609756097561,0.0378047214620897,1.715088975115643,-0.7594954373261695,0.7625439231482686,-11.588354866327744,-9.064783408536089,0.09935212041821,-0.0057913527984955,-0.0171665340533426,0.1301788328474177,-0.1660656049060863,-0.3851443210307258,4.749751130756541,6,9,0.0971555111584707,0.9995,0.1712715923786163,-0.1317072659730911,0.18,0.73,True,False,False,False,False,False,False,False,False,False
S4 neither,TR3z0.3/T60/SL3,82,69,0.4634146341463415,-0.294185546870312,-0.3878771304442128,-0.8326484381548105,0.2899280784291296,-3.4307384638850067,-3.1205672021180217,-0.3156405091365777,-0.2789882819317071,-0.4322012517153343,-0.1592222362147637,-0.5168723659937414,-0.7580579961981684,,4,9,-1.0359969111801843,1.0,-0.2029817700386047,-0.1479584872722625,0.61,1.0,True,False,False,False,False,False,False,False,False,False
S4 neither,TR3z0.3/T60/SL5,82,69,0.5487804878048781,-0.1973412301044766,1.1283834832092956,-0.8717190112582394,0.4485920771152248,-5.0593571197399925,-5.040497799357063,-0.0162249986723364,-0.3256318940355759,-0.31051838379631,-0.0097779981717712,-0.4164807741068453,-0.6512443417248878,,6,9,-0.5817875158714791,1.0,-0.0449454188346862,-0.1304743289947509,0.4,1.0,True,False,False,False,False,False,False,False,False,False
S4 neither,TR3z0.3/T120/noSL,82,69,0.6707317073170732,0.476166375370754,2.6986930289339086,-0.3478385210839354,1.275534773076154,-14.230516568003424,-10.179604532311783,0.1686713006146622,0.693975386656319,0.3223037050705188,0.7285237204482692,0.2875442340292297,0.0872249380903353,0.4510125703589092,6,9,1.153324601703681,0.926,0.7499150633811951,-0.0124823031947016,0.02,0.06,True,False,True,True,True,True,False,True,False,True
S4 neither,TR3z0.3/T120/SL3,82,69,0.4756097560975609,-0.2078234189618815,-1.7249085914425295,-0.7815665853043255,0.3908673670367695,-3.4307384638850067,-3.1205672021180217,-0.3951091383058061,-0.0751627010932683,-0.3734416809014639,0.017624817923198,-0.4343406295176181,-0.6791212959616976,,5,9,-0.6695371315540513,1.0,-0.0184501204639673,-0.1504143178462982,0.27,0.97,True,False,False,False,False,False,False,False,False,False
S4 neither,TR3z0.3/T120/SL5,82,69,0.5975609756097561,-0.0519561897219285,2.5138872923226265,-0.8072010727916686,0.6638318449533291,-5.0593571197399925,-5.040497799357063,0.0703003742893457,-0.1385545892299144,-0.1826176869413303,0.1286196729750736,-0.2745263574854004,-0.5125425958195317,,6,9,-0.1393138084332007,1.0,0.2048631459474563,-0.0549288094043731,0.25,0.69,True,False,False,False,False,False,False,False,False,False
S4 neither,TR3z0.5/T15/noSL,82,69,0.4634146341463415,-0.066731686007802,-0.1841836913795179,-0.4760202124631476,0.3664338372429492,-8.012170529829787,-4.553527403661933,0.0188998038307849,-0.1273873246434679,-0.213108353771893,0.0765931421158443,-0.2696260826175959,-0.4757551057639058,,4,9,-0.3128737698701649,1.0,-0.1050865799188613,-0.1493990272283554,0.4,1.0,True,False,False,False,False,False,False,False,False,False
S4 neither,TR3z0.5/T15/SL3,82,69,0.4268292682926829,-0.3721285772912238,-0.299550379247586,-0.8125647174648293,0.0712332799340979,-3.4307384638850067,-3.1066141585442635,-0.2994105894486176,-0.4236371520130699,-0.5422256410692678,-0.2048837641150241,-0.5948539408674736,-0.8235682319478026,,3,9,-1.641380950387727,1.0,-0.3925512433052063,-0.153564304113388,0.89,1.0,True,False,False,False,False,False,False,False,False,False
S4 neither,TR3z0.5/T15/SL5,82,69,0.4634146341463415,-0.2173150684764367,-0.1841836913795179,-0.6972304339760687,0.2232008339670935,-5.009963890456714,-5.005659212751252,-0.0955225962250329,-0.303584736321181,-0.3822568107914552,-0.0804679578725367,-0.4299876068049731,-0.6472528469087396,,3,9,-0.9631134957822592,1.0,-0.2445932477712631,-0.1623793095350265,0.67,1.0,True,False,False,False,False,False,False,False,False,False
S4 neither,TR3z0.5/T30/noSL,82,69,0.5853658536585366,0.0982248398844219,0.7769640960574988,-0.4671619097002287,0.6555540937891051,-9.210498092549456,-7.0691810121734715,0.1508282195350723,0.0609641126318779,-0.0628032729363849,0.2655510189419005,-0.1103499847493709,-0.3193066912699792,0.711249793055124,5,9,0.3352226178351931,0.998,0.123777262866497,-0.11527731269598,0.24,0.82,True,False,True,False,False,False,False,False,False,True
S4 neither,TR3z0.5/T30/SL3,82,69,0.5121951219512195,-0.1692258426718634,0.1503431596691541,-0.6854309670292512,0.3511104499960867,-3.4307384638850067,-3.11683328510674,-0.1727478815073415,-0.1667310651633997,-0.3307764589652143,-0.0542754758752589,-0.3929240047667913,-0.6178612151363745,,4,9,-0.6520818509523947,1.0,-0.1397593468427658,-0.1520912945270538,0.41,1.0,True,False,False,False,False,False,False,False,False,False
S4 neither,TR3z0.5/T30/SL5,82,69,0.573170731707317,0.0188454030158254,0.6666354642966623,-0.5667630672960958,0.5906320037105581,-5.026925883919829,-5.014793597625386,0.086729304060838,-0.0292390268910584,-0.1519692157202879,0.2143254835548804,-0.1948839305055387,-0.4097110499258808,3.707132024823275,6,9,0.065064026472575,1.0,0.0524199865758419,-0.1246065199375152,0.27,0.94,True,False,False,False,False,False,False,False,False,False
S4 neither,TR3z0.5/T60/noSL,82,69,0.5975609756097561,0.0433522957986223,1.715088975115643,-0.7356464313210843,0.8007398157526564,-11.588354866327744,-9.064783408536089,0.1033638056773292,0.0008441429678715,-0.006818586144249,0.1270287285779366,-0.1849594044394766,-0.4145262871051101,4.004526148184464,5,9,0.1125140293140247,0.9995,0.124543972313404,-0.1598494201898574,0.18,0.82,True,False,True,False,False,False,False,False,False,True
S4 neither,TR3z0.5/T60/SL3,82,69,0.4634146341463415,-0.3058159708722283,-0.3878771304442128,-0.8291843453380124,0.2536054305243672,-3.4307384638850067,-3.1205672021180217,-0.3116288238774584,-0.3016985333268571,-0.4372040209479038,-0.1727880487130974,-0.5429182352497726,-0.7867359534438879,,4,9,-1.092300948260391,1.0,-0.2577094435691833,-0.1717373132705688,0.62,1.0,True,False,False,False,False,False,False,False,False,False
S4 neither,TR3z0.5/T60/SL5,82,69,0.5487804878048781,-0.2035338232960759,1.1283834832092956,-0.9169085639839928,0.4349318177924083,-5.0593571197399925,-5.040497799357063,-0.0122133134132171,-0.3390525177964343,-0.3091511226510794,-0.0114450192031269,-0.4385537613526026,-0.6809110899344534,,6,9,-0.603734228128524,1.0,-0.1041257083415985,-0.1571001261472702,0.43,1.0,True,False,False,False,False,False,False,False,False,False
S4 neither,TR3z0.5/T120/noSL,82,69,0.6707317073170732,0.4908000561088682,2.573964768023919,-0.3749286670126371,1.2414457605982423,-14.230516568003424,-10.179604532311783,0.1655150781745976,0.7212102488123097,0.3360460379769833,0.7298628995729247,0.2852666701001313,0.0711532307878617,0.4298736126953321,6,9,1.1945013151030897,0.914,0.817312479019165,-0.0516448765993118,0.01,0.02,True,False,True,True,True,True,False,True,False,True
S4 neither,TR3z0.5/T120/SL3,82,69,0.4756097560975609,-0.2101308574924565,-1.7249085914425295,-0.8279342276896128,0.4000553338275835,-3.4307384638850067,-3.1205672021180217,-0.3976940641658615,-0.0772735860987947,-0.3735347319303346,-0.0037155478379964,-0.4531665446178217,-0.7061956672296865,,5,9,-0.681825082127648,1.0,-0.0297257844358682,-0.1808649897575378,0.28,0.99,True,False,False,False,False,False,False,False,False,False
S4 neither,TR3z0.5/T120/SL5,82,69,0.5975609756097561,-0.0490626765119463,2.480760438581632,-0.7921127138824742,0.6648762339468453,-5.0593571197399925,-5.040497799357063,0.0671441518492811,-0.1313758466011491,-0.1766181945026912,0.1162060844239175,-0.2830277047107144,-0.5337196552045304,,6,9,-0.1316396180089708,1.0,0.1842568069696426,-0.0900639593601226,0.25,0.72,True,False,False,False,False,False,False,False,False,False
S4 neither,TR3z1/T15/noSL,82,69,0.4634146341463415,-0.1152888915692615,-0.1841836913795179,-0.5480282352309108,0.2869656954815457,-8.012170529829787,-4.553527403661933,-0.0373581016347758,-0.1704898677728555,-0.2576834277007411,0.0227865089261189,-0.3140744056194969,-0.494860464578866,,4,9,-0.5585718364405053,1.0,-0.1260732114315033,-0.1625321060419082,0.45,1.0,True,False,False,False,False,False,False,False,False,False
S4 neither,TR3z1/T15/SL3,82,69,0.4268292682926829,-0.4206857828526834,-0.299550379247586,-0.8391746977853131,0.0373788333327317,-3.4307384638850067,-3.1066141585442635,-0.3556684949141784,-0.4667396951424576,-0.5868007149981159,-0.2617650620584481,-0.6393022638693748,-0.8411582387408855,,3,9,-1.921702805299111,1.0,-0.4311448931694031,-0.165572851896286,0.95,1.0,True,False,False,False,False,False,False,False,False,False
S4 neither,TR3z1/T15/SL5,82,69,0.4634146341463415,-0.2658722740378962,-0.1841836913795179,-0.7099044562057277,0.1607731963042062,-5.009963890456714,-5.005659212751252,-0.1517805016905937,-0.3466872794505687,-0.4268318847203033,-0.1342745910622621,-0.4744359298068742,-0.6663582057236999,,3,9,-1.2166812187123244,1.0,-0.2655799388885498,-0.1753472834825515,0.67,1.0,True,False,False,False,False,False,False,False,False,False
S4 neither,TR3z1/T30/noSL,82,69,0.5853658536585366,0.0343526653743778,0.7769640960574988,-0.522906310437119,0.5977846284793253,-9.210498092549456,-7.0691810121734715,0.1026400972663955,-0.0140175988824679,-0.1176629249524878,0.1839645130667504,-0.191404016261364,-0.3986987913607661,2.1944993710275,5,9,0.119154694406803,0.9995,0.0978510454297065,-0.1447104215621948,0.25,0.88,True,False,False,False,False,False,False,False,False,False
S4 neither,TR3z1/T30/SL3,82,69,0.5121951219512195,-0.2222682461330193,0.1503431596691541,-0.6835627919393488,0.2730133589872199,-3.4307384638850067,-3.11683328510674,-0.2209360037760184,-0.2232119178025617,-0.3734711626798264,-0.1225145103603192,-0.4593799267581163,-0.6805488916689763,,4,9,-0.8800719311815467,1.0,-0.1649998277425766,-0.1803134530782699,0.46,1.0,True,False,False,False,False,False,False,False,False,False
S4 neither,TR3z1/T30/SL5,82,69,0.573170731707317,-0.0389086997228367,0.6666354642966623,-0.5932267645063731,0.4830792972697916,-5.026925883919829,-5.014793597625386,0.0385411817921611,-0.0937690324626267,-0.1999565131438795,0.1395184626155861,-0.2694226128583976,-0.4821353460548159,,6,9,-0.1369496587602418,1.0,0.0325914770364761,-0.1535983979701995,0.25,0.97,True,False,False,False,False,False,False,False,False,False
S4 neither,TR3z1/T60/noSL,82,69,0.5975609756097561,0.0278245765631859,1.715088975115643,-0.7781028808856905,0.7507780165993779,-11.588354866327744,-9.064783408536089,0.1363070639824826,-0.0490171853588157,-0.0269379576873764,0.1019605049152066,-0.2631091624405535,-0.5079163403271605,5.77205339239573,5,9,0.0719601557558119,1.0,0.1042248010635376,-0.2059677839279174,0.17,0.85,True,False,False,False,False,False,False,False,False,False
S4 neither,TR3z1/T60/SL3,82,69,0.4634146341463415,-0.3269097743777457,-0.3878771304442128,-0.820114590384008,0.2342135151002987,-3.4307384638850067,-3.1205672021180217,-0.3467682781035123,-0.312843334238661,-0.4397846432554889,-0.1953177053474765,-0.6165503360357709,-0.8625287831618889,,5,9,-1.163047521266298,1.0,-0.252980500459671,-0.2095358818769455,0.54,1.0,True,False,False,False,False,False,False,False,False,False
S4 neither,TR3z1/T60/SL5,82,69,0.5487804878048781,-0.208683847378724,1.1283834832092956,-0.945610958749426,0.4589077014870874,-5.0593571197399925,-5.040497799357063,0.0207299448919361,-0.3711852835704415,-0.3070418424496268,-0.0250136347235778,-0.5104395197295497,-0.7637468246095322,,5,9,-0.6104648776638579,1.0,-0.112277552485466,-0.2008813470602035,0.37,1.0,True,False,False,False,False,False,False,False,False,False
S4 neither,TR3z1/T120/noSL,82,69,0.6707317073170732,0.4690242683055474,2.246873084602931,-0.3974139706794297,1.2344350907373915,-14.230516568003424,-10.179604532311783,0.1484442680082348,0.6961017685161438,0.2832222464329448,0.7158354834450705,0.1985549002813703,-0.0359187286953835,0.4093166429934798,6,9,1.1468528731690275,0.926,0.7408049702644348,-0.1087514609098434,0.01,0.07,True,False,True,False,True,True,False,True,False,True
S4 neither,TR3z1/T120/SL3,82,69,0.4756097560975609,-0.2244066610671765,-1.7249085914425295,-0.8041078065385855,0.3744723964333619,-3.4307384638850067,-3.1205672021180217,-0.4536012717371728,-0.0620604785092624,-0.3695703307221494,-0.0161315971920984,-0.5225832960519073,-0.7879567019685335,,5,9,-0.7238871937234065,1.0,-0.0567949935793876,-0.2282076478004455,0.3,1.0,True,False,False,False,False,False,False,False,False,False
S4 neither,TR3z1/T120/SL5,82,69,0.5975609756097561,-0.0595212215698067,2.1527689126870655,-0.8235744443912365,0.6548689211257179,-5.0593571197399925,-5.040497799357063,0.0500733416829182,-0.1371507038738201,-0.1659358005719552,0.1154360097978882,-0.3621128225565082,-0.6292010514532441,,6,9,-0.1579051016989188,1.0,0.1321117132902145,-0.1403831243515014,0.23,0.81,True,False,False,False,False,False,False,False,False,False
S4 neither,LOCK2(live),82,69,0.4878048780487805,-0.1378806221454145,-3.100456520060983,-0.8434683579428945,0.5848841204706771,-3.4307384638850067,-3.2152564036393043,-0.3880597235099258,0.0393295746544475,-0.2787670759960646,0.1251563959418429,-0.6171887627195453,-0.9532148649596444,,5,9,-0.3745796921218727,1.0,,,,,True,False,False,False,False,False,False,False,False,False
S1 ADX up,TP0.5/T15/noSL,948,245,0.8185654008438819,-0.096253838372108,0.5053497310792534,-0.2022205444560558,0.0038488536329871,-19.80164640659543,-5.739730336881375,-0.0211856810751228,-0.1626660252451862,-0.1271912007983248,-0.0544635550395252,-0.1014420943975713,-0.1052623043262958,,2,9,-1.8403218989374297,1.0,-0.1067134290933609,-0.1922692060470581,0.04,1.0,True,False,False,False,False,False,False,False,False,False
S1 ADX up,TP0.5/T15/SL3,948,245,0.7774261603375527,-0.1558451395779086,0.5048218151427322,-0.2387327320203289,-0.0716992550499325,-3.3985572733041134,-3.0463429003553575,-0.1533796496947445,-0.1580263383811054,-0.176388990529994,-0.1382686931055615,-0.1613493622057356,-0.1653728939525892,,1,9,-3.4035302704575865,1.0,-0.1644335389137268,-0.1956998407840728,0.17,1.0,True,False,False,False,False,False,False,False,False,False
S1 ADX up,TP0.5/T15/SL5,948,245,0.8111814345991561,-0.1232925859192757,0.5052995210220415,-0.223836274597137,-0.0263237468460421,-5.111700149136621,-5.012839098205634,-0.0635752192404968,-0.1761240534581556,-0.1528584979194202,-0.1005808601714711,-0.1286242075202808,-0.1325893114421967,,2,9,-2.455250294035474,1.0,-0.1333691030740738,-0.1972722113132476,0.06,1.0,True,False,False,False,False,False,False,False,False,False
S1 ADX up,TP0.5/T30/noSL,948,245,0.870253164556962,-0.0598694260823101,0.5062056994360478,-0.1766984747509982,0.0469827696387853,-21.918624541464748,-6.441563764758314,-0.0536217837136622,-0.0653966643607361,-0.0943019211498975,-0.0191240611542318,-0.0649028895714169,-0.0686992640160411,,5,9,-1.0572620402069548,1.0,-0.0647305473685264,-0.1854944676160812,0.02,1.0,True,False,False,False,False,False,False,False,False,False
S1 ADX up,TP0.5/T30/SL3,948,245,0.8059071729957806,-0.1407040078795765,0.505279862961995,-0.2348191515616122,-0.0471342782944342,-3.3985572733041134,-3.0486574363841545,-0.1314882376593452,-0.1488571246748108,-0.1560180982874992,-0.1200749063615386,-0.1461279487910815,-0.1501120911838221,,0,9,-3.04146460317438,1.0,-0.1492479592561721,-0.1941597610712051,0.16,1.0,True,False,False,False,False,False,False,False,False,False
S1 ADX up,TP0.5/T30/SL5,948,245,0.8533755274261603,-0.118332015865058,0.5060813280859957,-0.2292215503107383,-0.0171480493484951,-5.515441430530798,-5.025269295112605,-0.0843344900558223,-0.1484093498314792,-0.1504258900328628,-0.0843982873698386,-0.1236754612724192,-0.1277851223465796,,3,9,-2.200394153815652,1.0,-0.1228715777397155,-0.1937129646539688,0.09,1.0,True,False,False,False,False,False,False,False,False,False
S1 ADX up,TP0.5/T60/noSL,948,245,0.9092827004219408,-0.0021682341407527,0.5068127577200223,-0.1177487297315585,0.1102233557115679,-16.262723687691228,-7.084732636988065,-0.0078809325221543,0.002885743552535,-0.0394796182297707,0.0259434587936604,-0.0070053341631217,-0.0106770247195481,,4,9,-0.0371985053749123,1.0,-0.0074745067395269,-0.1848543286323547,0.0,0.97,True,False,False,False,False,False,False,False,False,False
S1 ADX up,TP0.5/T60/SL3,948,245,0.8143459915611815,-0.1341774738209264,0.5053418954804725,-0.2234038074484958,-0.0402093205863542,-3.3985572733041134,-3.0486574363841545,-0.1170581379390039,-0.1493228107343569,-0.155243987197854,-0.113449407177276,-0.1395668095677514,-0.1435159778708155,,1,9,-2.894424693492486,1.0,-0.1420926004648208,-0.1993715614080429,0.08,1.0,True,False,False,False,False,False,False,False,False,False
S1 ADX up,TP0.5/T60/SL5,948,245,0.8744725738396625,-0.1258561135374917,0.5062435213349716,-0.2423099969906356,-0.021311072687166,-5.515441430530798,-5.030443835907189,-0.0967473609788827,-0.1516083896579311,-0.1641402098664387,-0.0929936231465308,-0.1312394534181958,-0.1353894342799136,,3,9,-2.227799257029799,1.0,-0.1342545747756958,-0.2006580680608749,0.08,1.0,True,False,False,False,False,False,False,False,False,False
S1 ADX up,TP0.5/T120/noSL,948,245,0.9261603375527426,0.023226865301149,0.5069573759942005,-0.0941078116238254,0.1357441224382131,-15.005278102070127,-7.616048732749944,0.002616770917027,0.0414604478079766,-0.0157274148706794,0.0497411724703125,0.0183263798364819,0.0145910908411965,0.2946326454916427,4,9,0.3848815300915318,0.997,0.0094357021152973,-0.1840526908636093,0.0,0.97,True,False,True,True,False,True,False,False,False,True
S1 ADX up,TP0.5/T120/SL3,948,245,0.8164556962025317,-0.1317847983228082,0.5053521923931616,-0.2252976304250646,-0.0421325405290243,-3.3985572733041134,-3.0486574363841545,-0.1107015035679077,-0.1504370173405632,-0.1535125996480726,-0.1100899032638107,-0.1371614475611595,-0.1410977941051266,,1,9,-2.848482857539175,1.0,-0.1396197229623794,-0.1988646537065506,0.08,1.0,True,False,False,False,False,False,False,False,False,False
S1 ADX up,TP0.5/T120/SL5,948,245,0.879746835443038,-0.1255502290321631,0.5063950486229554,-0.2342052913330048,-0.0188295932595234,-5.515441430530798,-5.031346261289571,-0.0941649948645635,-0.1533164898762622,-0.1638099382137605,-0.0903978777033342,-0.1309319470438038,-0.1350802887457434,,3,9,-2.241236500925958,1.0,-0.1338531672954559,-0.2005321830511093,0.12,1.0,True,False,False,False,False,False,False,False,False,False
S1 ADX up,TP1/T15/noSL,948,245,0.7109704641350211,-0.085402394902833,1.0036880429768038,-0.2273315173348342,0.0369643452591058,-20.120069396355,-6.925074444220932,-0.0100864634825339,-0.1520337855231771,-0.1178813543465892,-0.0403890599316285,-0.0931172444841091,-0.0998346382637644,,3,9,-1.2438802374562266,1.0,-0.1011213958263397,-0.1895505487918853,0.08,1.0,True,False,False,False,False,False,False,False,False,False
S1 ADX up,TP1/T15/SL3,948,245,0.6582278481012658,-0.151046979112307,1.0027507328875598,-0.2551706643535754,-0.0529861929513103,-3.3985572733041134,-3.056606890351248,-0.1365558056512095,-0.1638672021544311,-0.1706189718920593,-0.1204731273934412,-0.1591098911761358,-0.1661178423448125,,1,9,-2.785127594505702,1.0,-0.1601368188858032,-0.1966271996498108,0.17,1.0,True,False,False,False,False,False,False,False,False,False
S1 ADX up,TP1/T15/SL5,948,245,0.7014767932489452,-0.0950698068705437,1.0035566863689351,-0.2178139739348444,0.019198079080886,-5.111700149136621,-5.018674524067831,-0.0270644501154533,-0.1552335916737548,-0.121624312847194,-0.0448358559939385,-0.1028359152639499,-0.1096051143249476,,2,9,-1.5612732338683348,1.0,-0.1084008291363716,-0.1965186893939972,0.05,1.0,True,False,False,False,False,False,False,False,False,False
S1 ADX up,TP1/T30/noSL,948,245,0.7763713080168776,-0.0569739743476848,1.0050706407733547,-0.2390928814490728,0.1162234356923487,-27.812378556378743,-8.279345495748336,2.0005545695335953e-05,-0.1073960837961028,-0.1080466860790882,0.0247709403840463,-0.0646411554981139,-0.0714378926799852,,4,9,-0.6798715645384665,1.0,-0.0722528845071792,-0.1811733692884445,0.08,1.0,True,False,False,False,False,False,False,False,False,False
S1 ADX up,TP1/T30/SL3,948,245,0.6877637130801688,-0.1551585799325357,1.0036880429768038,-0.2652866454229872,-0.0475979100296777,-3.3985572733041134,-3.063210814973543,-0.1279847588951326,-0.1791990379079718,-0.1736412558712773,-0.1161892841303636,-0.1632432926369808,-0.1703023945076554,,1,9,-2.7287956058524165,1.0,-0.163642019033432,-0.1918206661939621,0.28,1.0,True,False,False,False,False,False,False,False,False,False
S1 ADX up,TP1/T30/SL5,948,245,0.7552742616033755,-0.0825384007397467,1.0046574756787177,-0.2182395154984196,0.0415947521693777,-5.515441430530798,-5.033014906909238,-0.0035916965075561,-0.1523819064720027,-0.1204411058634955,-0.0137675420455903,-0.0903411302803776,-0.0972748609312375,,4,9,-1.2136098284310344,1.0,-0.0934001728892326,-0.1915197968482971,0.06,1.0,True,False,False,False,False,False,False,False,False,False
S1 ADX up,TP1/T60/noSL,948,245,0.8354430379746836,0.0268313041955012,1.005898624447711,-0.1479995650728361,0.184328222069558,-29.91027758542,-9.135697706743487,0.0528705361063307,0.0037946079722027,-0.025616774826578,0.079287411253886,0.0196084776502852,0.0132608323295462,0.475506232976089,6,9,0.3137385721599454,0.998,0.0138755813241004,-0.1723450273275375,0.01,0.97,True,False,True,True,False,True,False,False,False,True
S1 ADX up,TP1/T60/SL3,948,245,0.7046413502109705,-0.1542117547282263,1.0040250966687605,-0.2617247318737725,-0.0426947610331467,-3.3985572733041134,-3.063210814973543,-0.1187106166028544,-0.1856193222546487,-0.1712899222464834,-0.1146069895599772,-0.1622914471505699,-0.1693454752180121,,0,9,-2.6518234026192062,1.0,-0.1615069806575775,-0.1960700750350952,0.26,1.0,True,False,False,False,False,False,False,False,False,False
S1 ADX up,TP1/T60/SL5,948,245,0.790084388185654,-0.1091531857698835,1.005288886746626,-0.2424755299537987,0.0306262205145053,-5.515441430530798,-5.0469515680276675,-0.0197118009365681,-0.1882812498868326,-0.146681544492627,-0.0452230014328606,-0.117097032940579,-0.1241733856738493,,3,9,-1.5236274634787397,1.0,-0.1223914921283721,-0.1912663578987121,0.16,1.0,True,False,False,False,False,False,False,False,False,False
S1 ADX up,TP1/T120/noSL,948,245,0.869198312236287,0.0340761876341467,1.006387846655489,-0.1819354284033716,0.234441721223086,-38.67273797936422,-10.638791422329763,0.0915452140089712,-0.0167661915642565,-0.0183338677710083,0.0729665982719321,0.0264735816797671,0.019931765026201,0.4441114202263316,5,9,0.3140154596014843,0.998,0.0085511831566691,-0.1523492485284805,0.05,0.97,True,False,False,True,False,True,False,False,False,False
S1 ADX up,TP1/T120/SL3,948,245,0.709915611814346,-0.1481195745159826,1.0040292794749508,-0.2608891144428715,-0.0351656104928608,-3.3985572733041134,-3.063210814973543,-0.1064368742496158,-0.1849959196820526,-0.1673225488035375,-0.1094968467932299,-0.1561669648163103,-0.1631883463894333,,0,9,-2.5281322904831756,1.0,-0.1580055207014084,-0.1948982179164886,0.27,1.0,True,False,False,False,False,False,False,False,False,False
S1 ADX up,TP1/T120/SL5,948,245,0.8037974683544303,-0.1158932608706675,1.0054883621160595,-0.2626987934449635,0.029842120527529,-5.515441430530798,-5.047853982901255,-0.004082009510181,-0.2148117635653325,-0.1516980254768533,-0.04603088135092,-0.1238728454491082,-0.1309853165859421,,3,9,-1.5312397011836814,1.0,-0.1315905153751373,-0.1826552599668502,0.24,1.0,True,False,False,False,False,False,False,False,False,False
S1 ADX up,TP1.5/T15/noSL,948,245,0.640295358649789,-0.0569308692619036,1.5016590929453968,-0.2064934426199505,0.0915800063661021,-20.120069396355,-7.419606186648721,0.0103763619449347,-0.1164770280830628,-0.0888089745233247,0.0030717750806142,-0.0666207670740334,-0.0757288568305478,,4,9,-0.7515947321990059,1.0,-0.0797733142971992,-0.1917873173952102,0.05,1.0,True,False,False,False,False,False,False,False,False,False
S1 ADX up,TP1.5/T15/SL3,948,245,0.5833333333333334,-0.1407010413298283,1.5003810016793864,-0.2599152801768483,-0.0246954803473425,-3.3985572733041134,-3.0617425536555323,-0.1628371899038591,-0.1211173711201986,-0.1631623768542314,-0.1211060974039847,-0.1508351076046724,-0.1602443118366983,,2,9,-2.280396287108623,1.0,-0.1536231637001037,-0.2006538957357406,0.19,1.0,True,False,False,False,False,False,False,False,False,False
S1 ADX up,TP1.5/T15/SL5,948,245,0.6265822784810127,-0.0989676716559285,1.5014556805447845,-0.2335037551313981,0.0333792263503667,-5.111700149136621,-5.02121806775611,-0.0447636436771475,-0.1469215333866592,-0.1373046893956809,-0.0612002465966255,-0.1088804581339862,-0.1182138127682189,,3,9,-1.4073937108104826,1.0,-0.1183462664484977,-0.2003964185714721,0.06,1.0,True,False,False,False,False,False,False,False,False,False
S1 ADX up,TP1.5/T30/noSL,948,245,0.70042194092827,-0.0037026177298097,1.5037719777882057,-0.197007700847568,0.1825335383447713,-27.812378556378743,-8.987092189213143,0.076714026357974,-0.0748465672706919,-0.0562805650614695,0.0732055331291423,-0.0134173612864516,-0.0223695103675603,,6,9,-0.0405242541957022,1.0,-0.0262537859380245,-0.1798684448003769,0.03,0.99,True,False,False,False,False,False,False,False,False,False
S1 ADX up,TP1.5/T30/SL3,948,245,0.6002109704641351,-0.1590001186578423,1.5019168489063277,-0.2985336164708964,-0.0230756091544601,-3.3985572733041134,-3.0677905592941443,-0.155222221896403,-0.1623423931286982,-0.1777602861180008,-0.1330673111021112,-0.1694675578594383,-0.179088915338755,,0,9,-2.39436049884367,1.0,-0.17088083922863,-0.1976917833089828,0.36,1.0,True,False,False,False,False,False,False,False,False,False
S1 ADX up,TP1.5/T30/SL5,948,245,0.6708860759493671,-0.0854299672004378,1.5030474788322217,-0.2439100208735561,0.0706199063713496,-5.547150977630976,-5.046574781987453,0.0085439029427193,-0.1685678841262926,-0.1302693141040243,-0.0226634322880815,-0.0955780477107945,-0.1049681535425662,,3,9,-1.0797991013662778,1.0,-0.1018031984567642,-0.194185733795166,0.09,1.0,True,False,False,False,False,False,False,False,False,False
S1 ADX up,TP1.5/T60/noSL,948,245,0.7658227848101266,0.0737786746334151,1.505248340465272,-0.1330913257533489,0.2820171970149151,-29.91027758542,-10.174724988018648,0.1348871660003709,0.0197164904220924,0.0165947010465164,0.1460293809968638,0.0644081024099605,0.0557631046165618,0.222067152747501,7,9,0.7115951969947562,0.9865,0.0533730126917362,-0.1672624200582504,0.0,0.94,True,False,True,True,True,True,False,False,False,True
S1 ADX up,TP1.5/T60/SL3,948,245,0.6160337552742616,-0.1777473788432654,1.5023516059585864,-0.320046854456109,-0.043327907410262,-3.3985572733041134,-3.068368726862142,-0.1796758007860756,-0.1760413196692087,-0.1999732439927113,-0.1563671514748041,-0.18831422027278,-0.1980360397052594,,2,9,-2.5861844642637557,1.0,-0.188579574227333,-0.199587270617485,0.41,1.0,True,False,False,False,False,False,False,False,False,False
S1 ADX up,TP1.5/T60/SL5,948,245,0.7088607594936709,-0.1213501439969388,1.5044374881285862,-0.2895157736346891,0.0458366009089053,-5.547150977630976,-5.061099735032255,-0.0381319144352207,-0.1949726333706259,-0.1790129739432458,-0.0664456891731382,-0.1316886814362273,-0.1412951133241698,,3,9,-1.4284650763677211,1.0,-0.1400248110294342,-0.1899089217185974,0.3,1.0,True,False,False,False,False,False,False,False,False,False
S1 ADX up,TP1.5/T120/noSL,948,245,0.820675105485232,0.1015274638394694,1.505996851654591,-0.1602062574172902,0.3490270506881229,-38.67273797936422,-12.315028607906386,0.1840873499019762,0.0284874055933152,0.0501522645514593,0.1823406174894295,0.0920848592988171,0.0835088902150082,0.201934536740412,5,9,0.7820665444253744,0.9795,0.0734132379293441,-0.1352540552616119,0.03,0.91,True,False,True,True,True,True,False,False,False,True
S1 ADX up,TP1.5/T120/SL3,948,245,0.6255274261603375,-0.1719594460241954,1.5024694912552663,-0.3085971758353941,-0.0392690761210976,-3.3985572733041134,-3.068368726862142,-0.1789974861822966,-0.1657329492640462,-0.1993168464932628,-0.1532718291892695,-0.1824955985204168,-0.1921864018454744,,3,9,-2.4407028422198978,1.0,-0.1831490099430084,-0.1954351216554641,0.42,1.0,True,False,False,False,False,False,False,False,False,False
S1 ADX up,TP1.5/T120/SL5,948,245,0.7320675105485233,-0.1344236883725012,1.5049139077433007,-0.303991546429126,0.0505631236252966,-5.547150977630976,-5.06214580818845,-0.0444805364526889,-0.2139956617409236,-0.1991825134379448,-0.0728162978497878,-0.1448315447109179,-0.1545080345054418,,2,9,-1.488939879800722,1.0,-0.1526437848806381,-0.1742063760757446,0.43,1.0,True,False,False,False,False,False,False,False,False,False
S1 ADX up,TP2/T15/noSL,948,245,0.5770042194092827,-0.0703808777525818,1.0202210164150696,-0.243268927329854,0.0927064270014678,-20.120069396355,-7.701531786329945,-0.0239210637957337,-0.1114834964619206,-0.1020478740904311,0.003908142786294,-0.082589722362456,-0.0942467728490811,,6,9,-0.8291750094214518,1.0,-0.1044401153922081,-0.1875,0.13,1.0,True,False,False,False,False,False,False,False,False,False
S1 ADX up,TP2/T15/SL3,948,245,0.5242616033755274,-0.1522574519087195,0.2277591552130377,-0.2882205349253272,-0.0143223654451073,-3.3985572733041134,-3.062186461043621,-0.2030258916018317,-0.1073430271305189,-0.1890500417950293,-0.100061008391949,-0.1649004246954552,-0.1769302159903884,,4,9,-2.168726255540862,1.0,-0.1724547296762466,-0.1993763297796249,0.29,1.0,True,False,False,False,False,False,False,False,False,False
S1 ADX up,TP2/T15/SL5,948,245,0.5643459915611815,-0.1157477243701949,0.7819106402400924,-0.274636382102718,0.0421687229903804,-5.111700149136621,-5.022344381069288,-0.065452079033744,-0.1602438718348483,-0.1619888063923843,-0.0601414450903951,-0.1281971142961751,-0.1400972745479054,,5,9,-1.4492302739921072,1.0,-0.1441961973905563,-0.1989076435565948,0.15,1.0,True,False,False,False,False,False,False,False,False,False
S1 ADX up,TP2/T30/noSL,948,245,0.6424050632911392,-0.0050424119927302,2.0022185477682988,-0.2033443869812999,0.1936032281105617,-27.812378556378743,-9.606858216581127,0.0957690843521195,-0.0942295210850924,-0.057352390136425,0.0920091551404373,-0.0174796630180085,-0.0289200017766194,,6,9,-0.0497703204554776,1.0,-0.0394488722085952,-0.1714522391557693,0.08,1.0,True,False,False,False,False,False,False,False,False,False
S1 ADX up,TP2/T30/SL3,948,245,0.540084388185654,-0.1556345938610524,2.0,-0.2965397952202218,-0.0157328083713497,-3.3985572733041134,-3.0681710836659657,-0.1588580559637792,-0.1527828232135108,-0.1899965675321468,-0.102461107660698,-0.1687750123363228,-0.1809014787934408,,3,9,-2.0769926035652233,1.0,-0.1748183369636535,-0.194911703467369,0.39,1.0,True,False,False,False,False,False,False,False,False,False
S1 ADX up,TP2/T30/SL5,948,245,0.609704641350211,-0.1089994315754208,2.001591148319627,-0.2834857651966744,0.0710434899777315,-5.547150977630976,-5.049333597353328,0.0343609896875334,-0.2358292277225673,-0.1703398269238778,-0.032369978667404,-0.1219878863100455,-0.1339853051501706,,5,9,-1.2178833523979002,1.0,-0.135055586695671,-0.1903285533189773,0.22,1.0,True,False,False,False,False,False,False,False,False,False
S1 ADX up,TP2/T60/noSL,948,245,0.7151898734177216,0.0725446127431376,2.0039666724518304,-0.1719160536206139,0.3045865894420683,-29.91027758542,-11.920868752110252,0.1338922059341727,0.0182708970969933,0.0099286390236213,0.1447098969685097,0.0605187457302444,0.0494941767410804,0.306264635657453,6,9,0.6002871275303767,0.9925,0.0413183458149433,-0.1526679098606109,0.03,0.96,True,False,True,True,True,True,False,False,False,True
S1 ADX up,TP2/T60/SL3,948,245,0.5580168776371308,-0.1542981521490321,2.00104096803866,-0.3030997169417926,0.0004694919590037,-3.3985572733041134,-3.0690241147717887,-0.1587951865817072,-0.1503196624421923,-0.188538639979811,-0.1087505549946583,-0.1674314845070597,-0.1795507893019748,,3,9,-1.9747102334485584,1.0,-0.1710034310817718,-0.1922309696674347,0.42,1.0,True,False,False,False,False,False,False,False,False,False
S1 ADX up,TP2/T60/SL5,948,245,0.6497890295358649,-0.1336638833783182,2.002818608114766,-0.3365550150920955,0.0624465757214462,-5.547150977630976,-5.064526547851421,0.0082870869124693,-0.2592467497389553,-0.2033708036422288,-0.0349253959043573,-0.146783114633637,-0.1589127042004335,,5,9,-1.3596496845307804,1.0,-0.1608193516731262,-0.1790738105773925,0.38,1.0,True,False,False,False,False,False,False,False,False,False
S1 ADX up,TP2/T120/noSL,948,245,0.7753164556962026,0.1081231240914018,2.005123414957234,-0.1884686056984447,0.4051350035511293,-38.67273797936422,-14.283148985364935,0.1222650989694283,0.0956118341893703,0.0466448846363916,0.2001934073079986,0.0959703476856509,0.0849411710890852,0.2445762705447033,5,9,0.7289579372234667,0.985,0.0711930468678474,-0.1212724298238754,0.04,0.91,True,False,True,True,True,True,False,False,False,True
S1 ADX up,TP2/T120/SL3,948,245,0.5675105485232067,-0.1486666174623491,2.0014099992326964,-0.3065387086358358,0.0121555913407519,-3.3985572733041134,-3.0690241147717887,-0.1582209780853772,-0.1402139524976424,-0.1909215919401194,-0.1016047588118098,-0.1617700901454736,-0.1738592169320648,,3,9,-1.868971770950444,1.0,-0.1655444055795669,-0.1890589147806167,0.36,1.0,True,False,False,False,False,False,False,False,False,False
S1 ADX up,TP2/T120/SL5,948,245,0.6782700421940928,-0.1248454613016054,2.0034391172360846,-0.31859106868049,0.0548428007423613,-5.547150977630976,-5.065291393319435,0.008308241979036,-0.2426454572457118,-0.2097029331610395,-0.0159256317583571,-0.1379179352818625,-0.1500002690951846,,6,9,-1.2241994875093574,1.0,-0.1501503437757492,-0.1605947166681289,0.48,1.0,True,False,False,False,False,False,False,False,False,False
S1 ADX up,TP3/T15/noSL,948,245,0.5189873417721519,-0.0771283637188922,0.1115349115314314,-0.2774424009667012,0.1082030168357866,-20.120069396355,-8.234894873690212,-0.0621830896348141,-0.0903503258807505,-0.1266878985347701,0.0001352573398946,-0.0946037153001271,-0.1115062785752231,,4,9,-0.7897521044055393,1.0,-0.1205388158559799,-0.1981678158044815,0.11,1.0,True,False,False,False,False,False,False,False,False,False
S1 ADX up,TP3/T15/SL3,948,245,0.4662447257383966,-0.1511351172972445,-0.3036930593546692,-0.3022744710909656,0.0009083053104055,-3.3985572733041134,-3.0682347844538884,-0.2328297658011573,-0.0788605276665462,-0.1966229596322877,-0.1001393353387544,-0.1689858843167098,-0.1862269534952144,,3,9,-1.876903217684093,1.0,-0.1752338707447052,-0.2093405872583389,0.29,1.0,True,False,False,False,False,False,False,False,False,False
S1 ADX up,TP3/T15/SL5,948,245,0.5052742616033755,-0.1309764538083154,0.0458622462131254,-0.3019531427416355,0.0499875599169027,-5.20929842461748,-5.027301040235238,-0.1223554820641906,-0.1386033572399963,-0.1720845159240401,-0.0678514133780308,-0.1487373201832377,-0.1659284421197575,,3,9,-1.426939802878734,1.0,-0.1663279086351394,-0.2098473012447357,0.2,1.0,True,False,False,False,False,False,False,False,False,False
S1 ADX up,TP3/T30/noSL,948,245,0.5590717299578059,-0.0312310298382207,0.929009746916444,-0.2646070359444913,0.1789757130669304,-27.812378556378743,-10.297040252641052,0.0001071502489231,-0.0589556623208827,-0.1178922011156567,0.0499634493905343,-0.0487136945316453,-0.065599862808863,,4,9,-0.2740216547936499,1.0,-0.0638432279229164,-0.1808313131332397,0.14,1.0,True,False,False,False,False,False,False,False,False,False
S1 ADX up,TP3/T30/SL3,948,245,0.4641350210970464,-0.1648174625142764,-0.5236263510562931,-0.3192426294803736,0.0012476910322801,-3.3985572733041134,-3.074998331632085,-0.1846724572123586,-0.1472519105448,-0.2199176376565361,-0.1318579769501077,-0.1829835836561334,-0.2004142223774297,,1,9,-1.89875162603117,1.0,-0.1808019876480102,-0.2060856968164444,0.38,1.0,True,False,False,False,False,False,False,False,False,False
S1 ADX up,TP3/T30/SL5,948,245,0.5316455696202531,-0.1350839438762754,0.5595147890326682,-0.3264559922715977,0.0540208060178915,-5.547150977630976,-5.054839151977851,-0.0488472090590062,-0.2113768802454299,-0.1952931702509182,-0.0594268126957919,-0.1531172602878234,-0.1705599507705645,,5,9,-1.3352810149402077,1.0,-0.1572976559400558,-0.202586829662323,0.22,1.0,True,False,False,False,False,False,False,False,False,False
S1 ADX up,TP3/T60/noSL,948,245,0.6223628691983122,-0.0056284860608862,3.0014564992658213,-0.2951385722962753,0.2757015182742966,-29.91027758542,-14.029565147127396,-0.0009684054951818,-0.0097512213526127,-0.1022156665773254,0.0805767313057409,-0.0229754002570821,-0.0398192338884051,,4,9,-0.0378747243484003,1.0,-0.0278788339346647,-0.1546344608068466,0.13,0.99,True,False,False,False,False,False,False,False,False,False
S1 ADX up,TP3/T60/SL3,948,245,0.4662447257383966,-0.1456965944711312,-1.1600827942933143,-0.3236037574364751,0.0367573863321663,-3.3985572733041134,-3.076862853710687,-0.1566043705939991,-0.1360465738455324,-0.1896332650232189,-0.1165121629608765,-0.1637613324314233,-0.1811007237099558,,2,9,-1.5702935076040143,1.0,-0.1620814949274063,-0.2029944062232971,0.33,1.0,True,False,False,False,False,False,False,False,False,False
S1 ADX up,TP3/T60/SL5,948,245,0.5569620253164557,-0.1468918729061297,3.0001023026240428,-0.3602786880720451,0.0710415665928312,-5.547150977630976,-5.071973018564268,-0.0652043504635228,-0.2191601581684757,-0.2170606578198263,-0.0644714873649597,-0.16498779763703,-0.1825886269899945,,4,9,-1.2859832502680557,1.0,-0.1648942530155182,-0.189212754368782,0.4,1.0,True,False,False,False,False,False,False,False,False,False
S1 ADX up,TP3/T120/noSL,948,245,0.6972573839662447,0.1380032308111869,3.0036929147188487,-0.1939227061624051,0.4712938813511829,-38.67273797936422,-15.75435950213492,0.0616325103170105,0.2055677847275061,0.0338060801715444,0.2337884036839941,0.1210187030120961,0.1046204854378062,0.282017614071396,6,9,0.8020820442173641,0.9785,0.1023529171943664,-0.1257975995540619,0.04,0.85,True,False,True,True,True,True,False,False,False,True
S1 ADX up,TP3/T120/SL3,948,245,0.4820675105485232,-0.0977462924167739,-3.0,-0.272536495334681,0.0998528917698514,-3.3985572733041134,-3.07849980320785,-0.1050167294272346,-0.0913141960556306,-0.1345174673792569,-0.0651964867399383,-0.1155567869939568,-0.1327368074934706,,4,9,-1.025135772340476,1.0,-0.113131895661354,-0.197581484913826,0.21,1.0,True,False,False,False,False,False,False,False,False,False
S1 ADX up,TP3/T120/SL5,948,245,0.5917721518987342,-0.1130224896603855,3.001624362567102,-0.3375518028159551,0.1155331477107827,-5.547150977630976,-5.073402094364177,-0.0403107452393721,-0.1773499772694332,-0.1922579773758441,-0.0191997498268415,-0.1309388312351581,-0.1484061262882367,,4,9,-0.9501627705547154,1.0,-0.1276476234197616,-0.1698770970106125,0.4,1.0,True,False,False,False,False,False,False,False,False,False
S1 ADX up,TR0.5z0.3/T15/noSL,948,245,0.8016877637130801,-0.1206289755043247,0.3286740576866966,-0.233707654233564,-0.0209345125288921,-19.80164640659543,-5.739730336881375,-0.0268668957252028,-0.2035795232214405,-0.1651911318118375,-0.0754929889417663,-0.1412260100012277,-0.1510054263808977,,2,9,-2.224632281780115,1.0,-0.0379707887768745,-0.1508834213018417,0.0,0.99,True,False,False,False,False,False,False,False,False,False
S1 ADX up,TR0.5z0.3/T15/SL3,948,245,0.7626582278481012,-0.1744998695700624,0.3119726225620857,-0.2750271379953237,-0.0823885879456452,-3.3985572733041134,-3.0463429003553575,-0.15470652326202,-0.1920108817113722,-0.2067712956677233,-0.1572261295212551,-0.19538253977251,-0.2054506370145003,,1,9,-3.574814142112713,1.0,-0.1016179174184799,-0.1579095125198364,0.06,1.0,True,False,False,False,False,False,False,False,False,False
S1 ADX up,TR0.5z0.3/T15/SL5,948,245,0.7943037974683544,-0.1465693761064024,0.3247239759494271,-0.2509789803031386,-0.0494256010530576,-5.111700149136621,-5.012839098205634,-0.0685643253515027,-0.2155798086828046,-0.1896232772082053,-0.1220844404805235,-0.1673039524940905,-0.1772223770960039,,2,9,-2.777335313954135,1.0,-0.0666944161057472,-0.1574205756187439,0.03,1.0,True,False,False,False,False,False,False,False,False,False
S1 ADX up,TR0.5z0.3/T30/noSL,948,245,0.8523206751054853,-0.0905528552731134,0.3466907971989243,-0.2100582422063449,0.028012567610043,-21.918624541464748,-6.441563764758314,-0.0666037527993093,-0.1117404310203157,-0.1252406851312468,-0.0469744564358875,-0.1109904193552166,-0.1206086652090551,,3,9,-1.5488680395809626,1.0,0.0082060731947422,-0.1367054730653762,0.01,0.97,True,False,False,False,False,False,False,False,False,False
S1 ADX up,TR0.5z0.3/T30/SL3,948,245,0.7911392405063291,-0.1613200398978266,0.3256115188722832,-0.2558996941039895,-0.0679879980466993,-3.3985572733041134,-3.0486574363841545,-0.1360432918624768,-0.1836821728515655,-0.1852310088888315,-0.1387784254139196,-0.1821328276523833,-0.1921302974310467,,1,9,-3.2893881214622622,1.0,-0.0832486152648925,-0.1525999307632446,0.04,1.0,True,False,False,False,False,False,False,False,False,False
S1 ADX up,TR0.5z0.3/T30/SL5,948,245,0.8364978902953587,-0.1453912460214761,0.342246507500056,-0.2544805919626838,-0.0428752483932207,-5.515441430530798,-5.025269295112605,-0.0960160837311412,-0.1890730496381739,-0.177451509726516,-0.1097556981638906,-0.1661195756960946,-0.1760316869888503,,3,9,-2.5934642683758735,1.0,-0.0517166890203952,-0.1480223536491394,0.02,1.0,True,False,False,False,False,False,False,False,False,False
S1 ADX up,TR0.5z0.3/T60/noSL,948,245,0.890295358649789,-0.0350854690709231,0.361374877961519,-0.1669368087724718,0.0838219423545754,-16.262723687691228,-7.084732636988065,-0.0220167609329729,-0.0466472486363064,-0.0876681889454522,-0.0047021190186832,-0.0552289324838738,-0.0645499422669694,,3,9,-0.5806342284587807,1.0,0.068045899271965,-0.1279877871274948,0.0,0.91,True,False,False,False,False,False,False,False,False,False
S1 ADX up,TR0.5z0.3/T60/SL3,948,245,0.7985232067510548,-0.1555442674434505,0.3304227756626767,-0.2481803257483458,-0.0578124493562665,-3.3985572733041134,-3.0486574363841545,-0.123320098516425,-0.184052727030978,-0.1885381906040005,-0.1329982017651104,-0.1763264307417274,-0.1862929495773702,,1,9,-3.1478469942887384,1.0,-0.075504682958126,-0.1551578640937805,0.04,1.0,True,False,False,False,False,False,False,False,False,False
S1 ADX up,TR0.5z0.3/T60/SL5,948,245,0.8565400843881856,-0.1542850303620999,0.3499665324199776,-0.2695993699893479,-0.0403768940951561,-5.515441430530798,-5.030443835907189,-0.1095920844415384,-0.1938245153216422,-0.1947528659889208,-0.1198931514719892,-0.1750605168996062,-0.1850202877936599,,2,9,-2.61282959173396,1.0,-0.0633473694324493,-0.1497412323951721,0.05,1.0,True,False,False,False,False,False,False,False,False,False
S1 ADX up,TR0.5z0.3/T120/noSL,948,245,0.9050632911392406,-0.0120695085817242,0.3653637845782555,-0.1369903693483186,0.1097991173474638,-15.005278102070127,-7.616048732749944,-0.0119492171447004,-0.0121759294355523,-0.0509361749167719,0.0156633836242332,-0.0321964193815346,-0.041603703215973,,3,9,-0.1936671325805209,1.0,0.0926398336887359,-0.1179774552583694,0.0,0.88,True,False,False,False,False,False,False,False,False,False
S1 ADX up,TR0.5z0.3/T120/SL3,948,245,0.8006329113924051,-0.1531019517916588,0.3315146971695672,-0.2505215308026846,-0.0590070297875596,-3.3985572733041134,-3.0486574363841545,-0.1168577138853682,-0.1851669336371843,-0.1871441386838626,-0.1295828084624734,-0.1738711653781022,-0.1838245964452822,,1,9,-3.1093431640953657,1.0,-0.07296172529459,-0.1528434306383133,0.02,1.0,True,False,False,False,False,False,False,False,False,False
S1 ADX up,TR0.5z0.3/T120/SL5,948,245,0.8618143459915611,-0.1545805937401343,0.3514819079573973,-0.2732952673798722,-0.0434992766982838,-5.515441430530798,-5.031346261289571,-0.1069039680672585,-0.1967597158562967,-0.1964879321623486,-0.1178571150625619,-0.1753576474217446,-0.1853190021671956,,2,9,-2.6496998645254273,1.0,-0.0620784498751163,-0.145379364490509,0.04,1.0,True,False,False,False,False,False,False,False,False,False
S1 ADX up,TR0.5z0.5/T15/noSL,948,245,0.7753164556962026,-0.1015343465606996,0.2430691023475333,-0.2078695566627004,0.0041308713790301,-19.80164640659543,-5.739730336881375,0.0103401292471307,-0.2005087834085814,-0.1493825552984746,-0.0553373003664896,-0.1256304754896109,-0.1398179131566314,,2,9,-1.8783070063924452,1.0,-0.0285677537322044,-0.1635110825300216,0.0,0.99,True,False,False,False,False,False,False,False,False,False
S1 ADX up,TR0.5z0.5/T15/SL3,948,245,0.7373417721518988,-0.1572538465621704,0.2181797477328064,-0.2476757882263399,-0.0623024959821713,-3.3985572733041134,-3.0463429003553575,-0.1165844599935873,-0.1932337213594258,-0.1934394252596237,-0.1356948175974304,-0.1816454129248114,-0.1961314376783736,,1,9,-3.211467337790788,1.0,-0.0922110825777053,-0.1697433441877365,0.02,1.0,True,False,False,False,False,False,False,False,False,False
S1 ADX up,TR0.5z0.5/T15/SL5,948,245,0.7679324894514767,-0.127148330458659,0.2395705953133777,-0.2312248312251918,-0.0256806158238396,-5.111700149136621,-5.012839098205634,-0.0308257570926892,-0.2123641259812365,-0.1734476271058694,-0.0976937665698321,-0.1513802705429146,-0.1657049672454004,,2,9,-2.4170167651665433,1.0,-0.0557828173041343,-0.1698689609766006,0.0,1.0,True,False,False,False,False,False,False,False,False,False
S1 ADX up,TR0.5z0.5/T30/noSL,948,245,0.8248945147679325,-0.0697642100196125,0.2751567861668981,-0.1902444153224632,0.0441454047897332,-21.918624541464748,-6.441563764758314,-0.0289381821389072,-0.1058826641089043,-0.1095400042106522,-0.024180748385296,-0.0936918864748169,-0.1077090757995411,,4,9,-1.1816875011038923,1.0,0.0160698927938938,-0.1508756726980209,0.01,0.97,True,False,False,False,False,False,False,False,False,False
S1 ADX up,TR0.5z0.5/T30/SL3,948,245,0.7658227848101266,-0.1421858055123319,0.2395705953133777,-0.2345575161328262,-0.0453964388500917,-3.3985572733041134,-3.0486574363841545,-0.0950302209740011,-0.1839039667838173,-0.1692870909732191,-0.115397400788182,-0.1664974777018561,-0.180902756532055,,2,9,-2.884827837863395,1.0,-0.072963111102581,-0.1651851534843444,0.02,1.0,True,False,False,False,False,False,False,False,False,False
S1 ADX up,TR0.5z0.5/T30/SL5,948,245,0.8090717299578059,-0.1250744284060846,0.266176845850087,-0.2377126621127588,-0.0176335204053888,-5.515441430530798,-5.025269295112605,-0.0569038876879495,-0.1853843501149714,-0.1622602736816933,-0.0859526716498592,-0.1492953721910159,-0.1636089553628413,,3,9,-2.2335239525674337,1.0,-0.0422850176692009,-0.1615690737962722,0.0,1.0,True,False,False,False,False,False,False,False,False,False
S1 ADX up,TR0.5z0.5/T60/noSL,948,245,0.8618143459915611,-0.0149409092641074,0.3017855259895631,-0.1393734448511824,0.1035602220817082,-16.262723687691228,-7.084732636988065,0.0159536561322133,-0.0422730794457431,-0.0703589701425268,0.0186300402568392,-0.0385779001373632,-0.0523013048867279,,4,9,-0.2443384574343186,1.0,0.0759643837809562,-0.1430956125259399,0.0,0.91,True,False,False,False,False,False,False,False,False,False
S1 ADX up,TR0.5z0.5/T60/SL3,948,245,0.7732067510548524,-0.1361458681621052,0.2471215755056168,-0.2320320755344287,-0.0393697384869726,-3.3985572733041134,-3.0486574363841545,-0.081297601640982,-0.1846696824799973,-0.1716890170513572,-0.1093197563302678,-0.1604255152331234,-0.1747984275256423,,2,9,-2.744034152328775,1.0,-0.0640120953321456,-0.167592704296112,0.0,1.0,True,False,False,False,False,False,False,False,False,False
S1 ADX up,TR0.5z0.5/T60/SL5,948,245,0.8280590717299579,-0.1347283358162172,0.2783378450294539,-0.2574748521309717,-0.0194915922797923,-5.515441430530798,-5.030443835907189,-0.0715931609716074,-0.1905835103805341,-0.1774195864308554,-0.0969459404803977,-0.1590004668090496,-0.1733657828946173,,3,9,-2.285906689234135,1.0,-0.0535386689007282,-0.1634407937526703,0.02,1.0,True,False,False,False,False,False,False,False,False,False
S1 ADX up,TR0.5z0.5/T120/noSL,948,245,0.8755274261603375,0.0073538856184134,0.310609272189445,-0.1170551747161096,0.1268840974013112,-15.005278102070127,-7.616048732749944,0.0251297702670836,-0.0083722946373681,-0.0357075530803357,0.0398367628522872,-0.0161648931928989,-0.0297688256237963,1.3515888460484513,3,9,0.1172897435527613,0.9995,0.0976360440254211,-0.1350040137767791,0.0,0.88,True,False,False,False,False,False,False,False,False,False
S1 ADX up,TR0.5z0.5/T120/SL3,948,245,0.7753164556962026,-0.1338265157333766,0.2477514750726563,-0.2309389496452196,-0.0329531598853558,-3.3985572733041134,-3.0486574363841545,-0.0750971701233272,-0.1857838890862036,-0.170527608525246,-0.1060428061813884,-0.1580938650714748,-0.1724543485251789,,2,9,-2.7110608471996107,1.0,-0.0615896247327327,-0.16538867354393,0.0,1.0,True,False,False,False,False,False,False,False,False,False
S1 ADX up,TR0.5z0.5/T120/SL5,948,245,0.8322784810126582,-0.135610111388319,0.2818368451723576,-0.257170447519449,-0.0216510306737633,-5.515441430530798,-5.031346261289571,-0.0691669977107294,-0.1943917924748544,-0.1796066769063238,-0.0955699149498015,-0.1598869177553405,-0.1742569590591719,,3,9,-2.323851891618862,1.0,-0.053036767989397,-0.1599710881710052,0.02,1.0,True,False,False,False,False,False,False,False,False,False
S1 ADX up,TR0.5z1/T15/noSL,948,245,0.510548523206751,-0.0690939949503878,0.0144052159303699,-0.187303775190901,0.0424239680090815,-19.80164640659543,-5.739730336881375,0.0363655891448703,-0.1623932293885388,-0.1182622303979381,-0.0146517221048069,-0.0991346130216974,-0.121529116469396,,4,9,-1.167458377819515,1.0,-0.0118891317397356,-0.182965874671936,0.0,0.97,True,False,False,False,False,False,False,False,False,False
S1 ADX up,TR0.5z1/T15/SL3,948,245,0.4820675105485232,-0.1357382309760825,-0.0355891271213258,-0.2416358744607391,-0.0252012253503646,-3.3985572733041134,-3.0463429003553575,-0.1069615647740671,-0.1611967130037104,-0.1705781252323697,-0.1038479562097312,-0.1661322119107307,-0.188804676484487,,2,9,-2.422784632739067,1.0,-0.0871834978461265,-0.187209814786911,0.01,1.0,True,False,False,False,False,False,False,False,False,False
S1 ADX up,TR0.5z1/T15/SL5,948,245,0.5042194092827004,-0.0943468160554071,0.0075421121572007,-0.204949374108929,0.0201537373602166,-5.111700149136621,-5.012839098205634,-0.005592530348397,-0.1728670091759229,-0.1419211547228807,-0.0511254787192571,-0.1245213303149722,-0.14705115741562,,3,9,-1.6298044297312204,1.0,-0.0375492610037326,-0.1884891092777252,0.0,0.99,True,False,False,False,False,False,False,False,False,False
S1 ADX up,TR0.5z1/T30/noSL,948,245,0.5432489451476793,-0.0395058399521937,0.0730465850695262,-0.1605181958584071,0.0850354134347163,-21.918624541464748,-6.441563764758314,-0.0003022950491402,-0.0741888965761674,-0.0850513558885898,0.0139186630728783,-0.0693895749111055,-0.0916255227185557,,3,9,-0.6300434125114596,1.0,0.0243234615772962,-0.1738568097352981,0.0,0.97,True,False,False,False,False,False,False,False,False,False
S1 ADX up,TR0.5z1/T30/SL3,948,245,0.5,-0.1245361482703154,1.3154306534202131e-05,-0.2376648645824867,-0.0177707371261019,-3.3985572733041134,-3.0486574363841545,-0.0882529376009285,-0.1566356090016815,-0.1505335372515168,-0.087403985298837,-0.1548707332203094,-0.1774831685899589,,2,9,-2.217103383865014,1.0,-0.076241560280323,-0.1844325959682464,0.01,1.0,True,False,False,False,False,False,False,False,False,False
S1 ADX up,TR0.5z1/T30/SL5,948,245,0.5295358649789029,-0.0987396749709452,0.059089234699229,-0.2193793862359581,0.0226956183820578,-5.515441430530798,-5.025269295112605,-0.035722798020742,-0.1544901923523377,-0.1420080588076956,-0.0458121283492273,-0.1289374811653753,-0.1514908485157587,,4,9,-1.6255048217693016,1.0,-0.0356812588870525,-0.1829716265201568,0.0,0.99,True,False,False,False,False,False,False,False,False,False
S1 ADX up,TR0.5z1/T60/noSL,948,245,0.5664556962025317,0.01340472811917,0.1242487502026614,-0.1110518555047122,0.140144068444074,-16.262723687691228,-7.084732636988065,0.0389489427897679,-0.0091940303866272,-0.0442885663996714,0.0596923975729694,-0.016198463000551,-0.0381508760963245,0.8925751959760597,3,9,0.2060405278248304,0.999,0.0816425308585167,-0.1704379022121429,0.0,0.9,True,False,False,False,False,False,False,False,False,False
S1 ADX up,TR0.5z1/T60/SL3,948,245,0.5031645569620253,-0.119137304761572,0.00538261332529,-0.2241867525417152,-0.0149721301651918,-3.3985572733041134,-3.0486574363841545,-0.0747611046371082,-0.1583965672971313,-0.1538142409365893,-0.0820481424581747,-0.1494432638180943,-0.1720267681141711,,2,9,-2.1184885658914414,1.0,-0.0696568638086319,-0.1892674565315246,0.01,1.0,True,False,False,False,False,False,False,False,False,False
S1 ADX up,TR0.5z1/T60/SL5,948,245,0.5390295358649789,-0.1134659398373318,0.0648379509658582,-0.2363933723544217,0.0057564966483596,-5.515441430530798,-5.030443835907189,-0.0556387918083904,-0.1646251463440493,-0.1609281677936506,-0.0625163174511776,-0.143741828029993,-0.1663741098092923,,3,9,-1.7917451552672323,1.0,-0.0532243810594081,-0.1878145039081573,0.01,1.0,True,False,False,False,False,False,False,False,False,False
S1 ADX up,TR0.5z1/T120/noSL,948,245,0.5791139240506329,0.036182700637784,0.1613873762209685,-0.1016312180559787,0.1700430651778531,-15.005278102070127,-7.616048732749944,0.0484323542295468,0.0253455319532224,-0.0127387465063334,0.0781720233321399,0.0067002834974829,-0.0151300680497935,0.3245626971989536,4,9,0.5380550885526459,0.9955,0.100879356265068,-0.1653662621974945,0.0,0.87,True,False,True,False,False,True,False,False,False,True
S1 ADX up,TR0.5z1/T120/SL3,948,245,0.5052742616033755,-0.1157020818208307,0.0085926869091492,-0.2250892987431717,-0.009021510687787,-3.3985572733041134,-3.0486574363841545,-0.0661834927927387,-0.1595107739033375,-0.1524201890164515,-0.077514844036863,-0.1459898265457479,-0.1685549223275798,,2,9,-2.069966062445296,1.0,-0.066090278327465,-0.1877741068601608,0.01,1.0,True,False,False,False,False,False,False,False,False,False
S1 ADX up,TR0.5z1/T120/SL5,948,245,0.5421940928270043,-0.1131964426524839,0.0688020133286739,-0.2418215074817633,0.0169267430483694,-5.515441430530798,-5.031346261289571,-0.0508354482207978,-0.168366706115904,-0.1606371845006713,-0.0605053363338757,-0.1434709019099126,-0.1661017395201283,,3,9,-1.788873542735594,1.0,-0.052685372531414,-0.1855637729167938,0.01,1.0,True,False,False,False,False,False,False,False,False,False
S1 ADX up,TR1z0.3/T15/noSL,948,245,0.7056962025316456,-0.126931332056408,0.7565483740626613,-0.2593080619261841,0.0059241252829143,-20.120069396355,-6.925074444220932,-0.0375033997195308,-0.2060474948594106,-0.1615466182245304,-0.0785775570484641,-0.1487514097544703,-0.1609755283712454,,2,9,-1.84193724513492,1.0,-0.0271809324622154,-0.1415145993232727,0.04,0.99,True,False,False,False,False,False,False,False,False,False
S1 ADX up,TR1z0.3/T15/SL3,948,245,0.6540084388185654,-0.1849394594647596,0.7362207907784093,-0.2956292721549354,-0.082163092585131,-3.3985572733041134,-3.056606890351248,-0.1556417220219289,-0.2108589289718364,-0.2143212675840065,-0.1551776162406948,-0.2070671094184336,-0.219602079312735,,1,9,-3.3438075497169173,1.0,-0.091997280716896,-0.1538426131010055,0.08,1.0,True,False,False,False,False,False,False,False,False,False
S1 ADX up,TR1z0.3/T15/SL5,948,245,0.6962025316455697,-0.1345562610362283,0.7549217715247205,-0.2522764261617491,-0.0174520400692958,-5.111700149136621,-5.018674524067831,-0.0521822364918372,-0.20743188911228,-0.1765404989324335,-0.0854942778025504,-0.1564167678381073,-0.1686817465725989,,2,9,-2.1868355783651543,1.0,-0.0345338992774486,-0.1505079865455627,0.01,0.99,True,False,False,False,False,False,False,False,False,False
S1 ADX up,TR1z0.3/T30/noSL,948,245,0.7710970464135021,-0.1041971948923626,0.7823058336642332,-0.281481333214247,0.0534024991307171,-27.812378556378743,-8.279345495748336,-0.0356622040419758,-0.1648295426625854,-0.1581549138831322,-0.0229191951867761,-0.1258967310360026,-0.1379990230071568,,4,9,-1.2365883466334653,1.0,0.0101999826729297,-0.1197612732648849,0.05,0.97,True,False,False,False,False,False,False,False,False,False
S1 ADX up,TR1z0.3/T30/SL3,948,245,0.6835443037974683,-0.1909327413823073,0.7576454866760853,-0.3070706650101154,-0.0805407313507636,-3.3985572733041134,-3.063210814973543,-0.1521384663845041,-0.2252537202571035,-0.2147956673112439,-0.1527905936663498,-0.2130921690767954,-0.2256592554937961,,1,9,-3.2807526970147425,1.0,-0.0883844196796417,-0.1406547427177429,0.18,1.0,True,False,False,False,False,False,False,False,False,False
S1 ADX up,TR1z0.3/T30/SL5,948,245,0.75,-0.1263147382625854,0.7770113813091353,-0.256611840354608,0.0079124057470129,-5.515441430530798,-5.033014906909238,-0.0362734618848876,-0.2059735215390775,-0.1669508449915145,-0.058680236228648,-0.148131546640426,-0.1603523610828191,,3,9,-1.8326663076553025,1.0,-0.0128171145915985,-0.1343099623918533,0.01,0.97,True,False,False,False,False,False,False,False,False,False
S1 ADX up,TR1z0.3/T60/noSL,948,245,0.8280590717299579,-0.0327750200332001,0.8072119804914304,-0.2050546249986037,0.1325448711926557,-29.91027758542,-9.135697706743487,0.0102896007934511,-0.0708739390547902,-0.0866679293517421,0.0236956390968937,-0.0540958595975232,-0.0658154177123956,,4,9,-0.3792372529502341,1.0,0.1054921075701713,-0.0957638844847679,0.0,0.85,True,False,False,False,False,False,False,False,False,False
S1 ADX up,TR1z0.3/T60/SL3,948,245,0.70042194092827,-0.1912762108180137,0.7651517068368543,-0.3007501644959476,-0.0765892664199096,-3.3985572733041134,-3.063210814973543,-0.1446414425821482,-0.2325336101519305,-0.216885993115039,-0.1526610298783091,-0.2134374596653951,-0.2260063866505653,,1,9,-3.2045999663662363,1.0,-0.0856736600399017,-0.1387262195348739,0.18,1.0,True,False,False,False,False,False,False,False,False,False
S1 ADX up,TR1z0.3/T60/SL5,948,245,0.7848101265822784,-0.1569806282700664,0.7925549455253935,-0.2941722753745058,-0.015823495339563,-5.515441430530798,-5.0469515680276675,-0.0566608014424391,-0.245732761348186,-0.198621161179883,-0.0940955816501131,-0.1789600341559,-0.1913451795551987,,3,9,-2.1676995880159713,1.0,-0.0398567281663417,-0.12332683801651,0.13,1.0,True,False,False,False,False,False,False,False,False,False
S1 ADX up,TR1z0.3/T120/noSL,948,245,0.8618143459915611,-0.0281844884219254,0.8231000356559783,-0.2446070480992274,0.1717896262634943,-38.67273797936422,-10.638791422329763,0.0432365287834543,-0.0913700801841402,-0.0818510778456375,0.0147799418508648,-0.0498701025608253,-0.0618055732596637,,4,9,-0.2587981230231383,1.0,0.1087394878268241,-0.0584493987262249,0.03,0.85,True,False,False,False,False,False,False,False,False,False
S1 ADX up,TR1z0.3/T120/SL3,948,245,0.7056962025316456,-0.1857664389779415,0.7675144871057373,-0.2975489164397381,-0.064960472591668,-3.3985572733041134,-3.063210814973543,-0.1331195783043664,-0.2323426874863728,-0.2103160099435588,-0.1478696964252306,-0.2078984737646652,-0.2204378752386375,,1,9,-3.0935127572045333,1.0,-0.0823395028710365,-0.1330008655786514,0.18,1.0,True,False,False,False,False,False,False,False,False,False
S1 ADX up,TR1z0.3/T120/SL5,948,245,0.7985232067510548,-0.1648850343565195,0.7983880621539332,-0.315661131047122,-0.020734747988752,-5.515441430530798,-5.047853982901255,-0.0424889593827638,-0.2731678442239573,-0.2151742885234915,-0.0952771039028691,-0.1869063511972123,-0.1993338543632556,,2,9,-2.1602553330508396,1.0,-0.0475998818874359,-0.1053928062319755,0.21,1.0,True,False,False,False,False,False,False,False,False,False
S1 ADX up,TR1z0.5/T15/noSL,948,245,0.7056962025316456,-0.1199061587293949,0.6182495109397514,-0.2606910977974433,0.0146097895121961,-20.120069396355,-6.925074444220932,-0.024225712875728,-0.2045538692758795,-0.1596442292020188,-0.0677859025108164,-0.144649927121224,-0.1600274477729222,,3,9,-1.7261604408368998,1.0,-0.0428150929510593,-0.1566747725009918,0.02,1.0,True,False,False,False,False,False,False,False,False,False
S1 ADX up,TR1z0.5/T15/SL3,948,245,0.6540084388185654,-0.1826777625383177,0.5810872030440075,-0.2909576900051404,-0.0843338439169699,-3.3985572733041134,-3.056606890351248,-0.1517868281494751,-0.2100067203972341,-0.2099707854975352,-0.1529909647817776,-0.207754360218635,-0.2234076497854717,,2,9,-3.308820673869509,1.0,-0.1089212670922279,-0.1678637713193893,0.1,1.0,True,False,False,False,False,False,False,False,False,False
S1 ADX up,TR1z0.5/T15/SL5,948,245,0.6962025316455697,-0.1267116399152737,0.6155127952664277,-0.2443966745240706,-0.0067777985393874,-5.111700149136621,-5.018674524067831,-0.0389380080168153,-0.2043642566047646,-0.1667869857076366,-0.0770183457115424,-0.1514914925127543,-0.1669054820631281,,2,9,-2.0401492944934088,1.0,-0.0488891266286373,-0.165302887558937,0.01,1.0,True,False,False,False,False,False,False,False,False,False
S1 ADX up,TR1z0.5/T30/noSL,948,245,0.7710970464135021,-0.0923568077522451,0.6930075825110418,-0.2609873971313896,0.0586296805872595,-27.812378556378743,-8.279345495748336,-0.013421067478587,-0.1621906137597557,-0.1515454526289431,-0.0104539410306459,-0.1169545032332727,-0.1332127108585268,,3,9,-1.080906870630107,1.0,-0.007280645892024,-0.1382811516523361,0.06,0.97,True,False,False,False,False,False,False,False,False,False
S1 ADX up,TR1z0.5/T30/SL3,948,245,0.6835443037974683,-0.1845076237892014,0.6186383285236254,-0.3017456052748177,-0.0724491139142651,-3.3985572733041134,-3.063210814973543,-0.1430487427827934,-0.2211859578803576,-0.2050635206622945,-0.1475671711138098,-0.2095939238091312,-0.2263459449769007,,1,9,-3.131319009349165,1.0,-0.106707863509655,-0.1569917798042297,0.19,1.0,True,False,False,False,False,False,False,False,False,False
S1 ADX up,TR1z0.5/T30/SL5,948,245,0.75,-0.1144867312718396,0.680126937588045,-0.2464919088040856,0.0234923193474327,-5.515441430530798,-5.033014906909238,-0.0165320876151819,-0.2011464060774315,-0.1605888554879016,-0.0471427178421894,-0.1392017646294292,-0.1555785610680959,,3,9,-1.6250301130751246,1.0,-0.0277693755924701,-0.1519684195518493,0.0,0.99,True,False,False,False,False,False,False,False,False,False
S1 ADX up,TR1z0.5/T60/noSL,948,245,0.8280590717299579,-0.0224529182719715,0.7451239413172175,-0.1970772119371857,0.1399254694316627,-29.91027758542,-9.135697706743487,0.0332585372694841,-0.0717403888802177,-0.0812390540751959,0.0341261910368892,-0.0466799674673137,-0.0625635773539434,,5,9,-0.2554897875957988,1.0,0.0838287025690078,-0.1172401830554008,0.0,0.89,True,False,False,False,False,False,False,False,False,False
S1 ADX up,TR1z0.5/T60/SL3,948,245,0.70042194092827,-0.1859504919135443,0.6347943841075079,-0.3038204519823208,-0.0653126068471752,-3.3985572733041134,-3.063210814973543,-0.1371004876136811,-0.2291676925366836,-0.2084997175095372,-0.1486754101248514,-0.2110444423477067,-0.2278041954906285,,1,9,-3.080955371228794,1.0,-0.1041912958025932,-0.1559782475233078,0.17,1.0,True,False,False,False,False,False,False,False,False,False
S1 ADX up,TR1z0.5/T60/SL5,948,245,0.7848101265822784,-0.1463035930697958,0.7077477327883677,-0.294958353387359,-0.00605973929214,-5.515441430530798,-5.0469515680276675,-0.0380084808669075,-0.2421113961121123,-0.1912825067347045,-0.0843985837552347,-0.1711873266490076,-0.1877346218191219,,3,9,-1.981469853732992,1.0,-0.0563605614006519,-0.142650306224823,0.11,1.0,True,False,False,False,False,False,False,False,False,False
S1 ADX up,TR1z0.5/T120/noSL,948,245,0.8618143459915611,-0.0199892214586176,0.7585876494193413,-0.2391621624007253,0.1743024251472471,-38.67273797936422,-10.638791422329763,0.0649857006024227,-0.0951658423674903,-0.0782480208164602,0.02333939181076,-0.0442032075743554,-0.0600736151161401,,4,9,-0.1816947699841919,1.0,0.0824778079986572,-0.0828135460615158,0.03,0.89,True,False,False,False,False,False,False,False,False,False
S1 ADX up,TR1z0.5/T120/SL3,948,245,0.7056962025316456,-0.1810504132193521,0.6462535111158809,-0.2929608621392379,-0.0608454894125157,-3.3985572733041134,-3.063210814973543,-0.1263852139299838,-0.2294122694495088,-0.2027097323783829,-0.1445705245367305,-0.2061183823242773,-0.2228518771515091,,1,9,-2.983705615940189,1.0,-0.1014985144138336,-0.150571197271347,0.19,1.0,True,False,False,False,False,False,False,False,False,False
S1 ADX up,TR1z0.5/T120/SL5,948,245,0.7985232067510548,-0.1554643715941731,0.7262346713101788,-0.3062832903279143,-0.0129286890460602,-5.515441430530798,-5.047853982901255,-0.0250375630386005,-0.2708519060021846,-0.2027631050124037,-0.0869946440972451,-0.1803966777000253,-0.1969930632275543,,3,9,-2.0041471095370356,1.0,-0.0660047605633735,-0.1262093186378479,0.22,1.0,True,False,False,False,False,False,False,False,False,False
S1 ADX up,TR1z1/T15/noSL,948,245,0.6940928270042194,-0.0826524331758196,0.3574541901172469,-0.2300200249679255,0.0605992481395876,-20.120069396355,-6.925074444220932,-0.0056781793469835,-0.1507509281138555,-0.1185655497105691,-0.0218529397521622,-0.1142997188488321,-0.1390967966227135,,4,9,-1.0921765699331625,1.0,-0.0209580399096012,-0.1844058483839035,0.01,0.97,True,False,False,False,False,False,False,False,False,False
S1 ADX up,TR1z1/T15/SL3,948,245,0.6424050632911392,-0.1497114039782797,0.2885244619787354,-0.2619877454403577,-0.0290616352803591,-3.3985572733041134,-3.056606890351248,-0.1348469137999376,-0.1628618972772104,-0.1796867573367573,-0.1149421939963676,-0.1817142515325352,-0.2068706818260526,,2,9,-2.47403663115807,1.0,-0.0922842100262641,-0.1926553696393966,0.03,1.0,True,False,False,False,False,False,False,False,False,False
S1 ADX up,TR1z1/T15/SL5,948,245,0.6845991561181435,-0.0863397421099034,0.3541724927131908,-0.2226531623402798,0.045964492835799,-5.111700149136621,-5.018674524067831,-0.0172440840103675,-0.1474681076253973,-0.1256564218348531,-0.0287253685504692,-0.118006578731665,-0.142823415886585,,3,9,-1.2670130292307846,1.0,-0.0230160076171159,-0.1919995099306106,0.0,0.98,True,False,False,False,False,False,False,False,False,False
S1 ADX up,TR1z1/T30/noSL,948,245,0.759493670886076,-0.0571698773871387,0.4758231191426389,-0.244283513631363,0.1151989279945353,-27.812378556378743,-8.279345495748336,-0.0120871559439944,-0.0970541935744135,-0.112699048151896,0.0279766472828364,-0.0888070091682652,-0.1145207364364639,,5,9,-0.6254426547427276,1.0,0.0089643774554133,-0.1735861897468567,0.01,0.97,True,False,False,False,False,False,False,False,False,False
S1 ADX up,TR1z1/T30/SL3,948,245,0.6719409282700421,-0.1546677015772179,0.3532374405900502,-0.2721158763280666,-0.0293670621187764,-3.3985572733041134,-3.063210814973543,-0.1398395290733446,-0.167786064925575,-0.1775283605570685,-0.1176308226726393,-0.1868217889478994,-0.2130579830592731,,2,9,-2.414638869955324,1.0,-0.0959356501698494,-0.1871740370988845,0.05,1.0,True,False,False,False,False,False,False,False,False,False
S1 ADX up,TR1z1/T30/SL5,948,245,0.7383966244725738,-0.0783715195492333,0.4502838927626719,-0.2297882670196975,0.0775843344018331,-5.515441430530798,-5.033014906909238,-0.0117959617242903,-0.1372703728933676,-0.1213069249216612,-0.0076532650896988,-0.1101210672485044,-0.1359484088987939,,4,9,-1.0270721506729796,1.0,-0.0088689355179667,-0.1854595392942428,0.0,0.97,True,False,False,False,False,False,False,False,False,False
S1 ADX up,TR1z1/T60/noSL,948,245,0.8154008438818565,0.0111231029209572,0.5217134670946546,-0.1760908954811829,0.1954124472504645,-29.91027758542,-9.135697706743487,0.0324072333642026,-0.0077067937932459,-0.0442357532259346,0.0719261644866508,-0.0201519239804869,-0.0457826818877034,1.5385407939132252,5,9,0.1177306642599667,0.9995,0.0923248901963234,-0.1586010754108429,0.0,0.88,True,False,False,False,False,False,False,False,False,False
S1 ADX up,TR1z1/T60/SL3,948,245,0.6888185654008439,-0.1504552695879218,0.3726910203986757,-0.275388884902009,-0.0148898940347809,-3.3985572733041134,-3.063210814973543,-0.1307089917165459,-0.1679246406669719,-0.1744590414534891,-0.1123718116745007,-0.1825870216882464,-0.2090836383252483,,2,9,-2.277305070903585,1.0,-0.0895563811063766,-0.1880852878093719,0.06,1.0,True,False,False,False,False,False,False,False,False,False
S1 ADX up,TR1z1/T60/SL5,948,245,0.7732067510548524,-0.1119402798108442,0.4871988230603432,-0.2623366789253937,0.0513835075981436,-5.515441430530798,-5.0469515680276675,-0.0390142101341134,-0.1764573792266398,-0.1541407187371945,-0.0456714346453007,-0.1438678166949598,-0.1701580409812512,,4,9,-1.3935312790833725,1.0,-0.0417751856148242,-0.1796368807554245,0.03,1.0,True,False,False,False,False,False,False,False,False,False
S1 ADX up,TR1z1/T120/noSL,948,245,0.8491561181434599,0.0138972478456746,0.5609512089727278,-0.2119587102727202,0.2287455318212471,-38.67273797936422,-10.638791422329763,0.0636502784724455,-0.0301188528082279,-0.0407579116552032,0.062432533764858,-0.0173630699098273,-0.0429789618571787,1.2314199033382258,5,9,0.1204389580442065,0.9995,0.0875987261533737,-0.1295762658119201,0.0,0.89,True,False,False,False,False,False,False,False,False,False
S1 ADX up,TR1z1/T120/SL3,948,245,0.6940928270042194,-0.1460052156414893,0.3759785175483822,-0.2733493075356337,-0.0181573636341695,-3.3985572733041134,-3.063210814973543,-0.118285153702664,-0.170528928489953,-0.1664524884804178,-0.1081559131996267,-0.1781133725459157,-0.2045861424390885,,1,9,-2.196807998789543,1.0,-0.0886249095201492,-0.1848105490207672,0.05,1.0,True,False,False,False,False,False,False,False,False,False
S1 ADX up,TR1z1/T120/SL5,948,245,0.7869198312236287,-0.1196473796814497,0.4987258871793866,-0.2816547745367884,0.0409658887160019,-5.515441430530798,-5.047853982901255,-0.0206956784535808,-0.2071891431931826,-0.1662785289740075,-0.0465656109649728,-0.1516157813580922,-0.1779473060956796,,3,9,-1.417565403079431,1.0,-0.052561167627573,-0.166107565164566,0.06,1.0,True,False,False,False,False,False,False,False,False,False
S1 ADX up,TR1.5z0.3/T15/noSL,948,245,0.6381856540084389,-0.1217356604375638,1.1939395097085317,-0.2678361829894285,0.0143131528736602,-20.120069396355,-7.419606186648721,-0.0543347586300716,-0.1813646888756037,-0.1568530451210479,-0.0581955741440586,-0.1464510587389335,-0.1597547132952732,,2,9,-1.621910018220108,1.0,-0.0138736870139837,-0.1408655792474746,0.04,0.97,True,False,False,False,False,False,False,False,False,False
S1 ADX up,TR1.5z0.3/T15/SL3,948,245,0.5822784810126582,-0.1971492510496499,1.0872766238728029,-0.3239309593131792,-0.0796615884865726,-3.3985572733041134,-3.0617425536555323,-0.2177080361086917,-0.1789610614844935,-0.2263537447166877,-0.1761224065039835,-0.2222645093224515,-0.2357332870260861,,1,9,-3.199298439251685,1.0,-0.1019350513815879,-0.1553872525691986,0.11,1.0,True,False,False,False,False,False,False,False,False,False
S1 ADX up,TR1.5z0.3/T15/SL5,948,245,0.6244725738396625,-0.1608775046458831,1.188142360805379,-0.3033431533889626,-0.0207185345131755,-5.111700149136621,-5.02121806775611,-0.1042663477786254,-0.2109609336835167,-0.2083295867258351,-0.1223504576554926,-0.1858004418879119,-0.1993138479535745,,2,9,-2.305099375784302,1.0,-0.058361280709505,-0.1517766565084457,0.06,1.0,True,False,False,False,False,False,False,False,False,False
S1 ADX up,TR1.5z0.3/T30/noSL,948,245,0.6972573839662447,-0.0723294686608492,1.2318619054352622,-0.2652891740750431,0.1093796193124154,-27.812378556378743,-8.987092189213143,0.0074027198788991,-0.1428678859574457,-0.1265078990961418,0.0059163254732728,-0.0980397961506412,-0.1118687641667657,,5,9,-0.790985253565879,1.0,0.0536757595837116,-0.1111055091023445,0.03,0.94,True,False,False,False,False,False,False,False,False,False
S1 ADX up,TR1.5z0.3/T30/SL3,948,245,0.5991561181434599,-0.2166643403584757,1.1973322631298924,-0.3456444723267572,-0.0922174018867521,-3.3985572733041134,-3.0677905592941443,-0.2080343496686934,-0.2242992227778656,-0.2435972999588168,-0.189465848724165,-0.242866686588937,-0.257013742848885,,0,9,-3.236769539974604,1.0,-0.1137782260775566,-0.1404823064804077,0.34,1.0,True,False,False,False,False,False,False,False,False,False
S1 ADX up,TR1.5z0.3/T30/SL5,948,245,0.6677215189873418,-0.1513174285960176,1.222799331687442,-0.3087852338079757,0.0092930629375553,-5.547150977630976,-5.046574781987453,-0.0552835953701355,-0.2362777780702075,-0.2055394605445646,-0.0872533526881546,-0.1771732906707924,-0.1911040812191062,,3,9,-1.9103419727745157,1.0,-0.0329186283051967,-0.1302719116210937,0.1,0.99,True,False,False,False,False,False,False,False,False,False
S1 ADX up,TR1.5z0.3/T60/noSL,948,245,0.7626582278481012,-0.0046144506741513,1.2645237016225457,-0.2159637265776495,0.1871093101411046,-29.91027758542,-10.174724988018648,0.0571161992649918,-0.0592270535030155,-0.0636390493320612,0.0708145527767956,-0.0303197543572749,-0.0449965136629701,,5,9,-0.0445018900137718,1.0,0.1560971289873123,-0.0772838145494461,0.0,0.77,True,False,False,False,False,False,False,False,False,False
S1 ADX up,TR1.5z0.3/T60/SL3,948,245,0.6149789029535865,-0.2364643239706627,1.2098715728596456,-0.3729063105042943,-0.0958787204302183,-3.3985572733041134,-3.068368726862142,-0.2332690016726387,-0.2392911995623539,-0.2662709578903485,-0.2140126789499268,-0.2627716542075514,-0.2770491274001282,,2,9,-3.4067274611809033,1.0,-0.1226347386837005,-0.1317424178123474,0.4,1.0,True,False,False,False,False,False,False,False,False,False
S1 ADX up,TR1.5z0.3/T60/SL5,948,245,0.7056962025316456,-0.1932675381355506,1.2445060908112051,-0.3602776050443544,-0.0246132136588567,-5.547150977630976,-5.061099735032255,-0.1094539975690766,-0.2674166943027095,-0.2531256866872661,-0.1375596337463779,-0.2197032623361262,-0.2341807562914058,,2,9,-2.2778625220560937,1.0,-0.0600200742483139,-0.1096255853772163,0.3,1.0,True,False,False,False,False,False,False,False,False,False
S1 ADX up,TR1.5z0.3/T120/noSL,948,245,0.8164556962025317,0.0156132137548465,1.2832010120416806,-0.2497594901279104,0.2604342402339024,-38.67273797936422,-12.315028607906386,0.0996884249566493,-0.0587674402904858,-0.0379965931579555,0.1031805989834556,-0.010536952535309,-0.0260511469446941,1.1822121354449733,5,9,0.1205333156993077,0.9995,0.2014538049697876,-0.0205206889659166,0.01,0.7,True,False,False,False,False,False,False,False,False,False
S1 ADX up,TR1.5z0.3/T120/SL3,948,245,0.6244725738396625,-0.228567460302389,1.2163716994911158,-0.3629153308559475,-0.0897525807384398,-3.3985572733041134,-3.068368726862142,-0.2325351683770604,-0.2250572613098864,-0.2640050043071504,-0.207258453719908,-0.2560123279396137,-0.2705737684094481,,2,9,-3.22241589969847,1.0,-0.1072380319237709,-0.119763046503067,0.41,1.0,True,False,False,False,False,False,False,False,False,False
S1 ADX up,TR1.5z0.3/T120/SL5,948,245,0.7289029535864979,-0.2038168949564652,1.2563939174869767,-0.3688110485431961,-0.0402128602308141,-5.547150977630976,-5.06214580818845,-0.1137656006519131,-0.2834845410111883,-0.2760609866682946,-0.1427979464759989,-0.2311305294794486,-0.2463189329540559,,2,9,-2.2634649513826406,1.0,-0.0602968037128448,-0.0796257257461547,0.42,1.0,True,False,False,False,False,False,False,False,False,False
S1 ADX up,TR1.5z0.5/T15/noSL,948,245,0.6381856540084389,-0.1102561156684143,1.0376901350459449,-0.265604949172031,0.0328235221632202,-20.120069396355,-7.419606186648721,-0.0386473907057626,-0.173607770953464,-0.1464546471345748,-0.0397296277058769,-0.1377014395311258,-0.1556252177404958,,2,9,-1.4524536856605472,1.0,-0.0205430500209331,-0.1565379202365875,0.03,0.97,True,False,False,False,False,False,False,False,False,False
S1 ADX up,TR1.5z0.5/T15/SL3,948,245,0.5822784810126582,-0.1872476300963508,0.9955565762518116,-0.3123282774082454,-0.063520068566915,-3.3985572733041134,-3.0617425536555323,-0.2061997294076419,-0.1704808623159838,-0.2171048674326676,-0.16358031438351,-0.2151011804406525,-0.2334375372262993,,2,9,-3.0186138504848508,1.0,-0.1080642640590667,-0.1697989404201507,0.1,1.0,True,False,False,False,False,False,False,False,False,False
S1 ADX up,TR1.5z0.5/T15/SL5,948,245,0.6244725738396625,-0.1483594213994515,1.0319631057916014,-0.2962047158173363,-0.0075220783924458,-5.111700149136621,-5.02121806775611,-0.0877117456166096,-0.2020139258196595,-0.1957405163771305,-0.1088798831781129,-0.1760067776361344,-0.194134742082738,,2,9,-2.098355126619139,1.0,-0.0647396221756935,-0.1669820845127105,0.05,1.0,True,False,False,False,False,False,False,False,False,False
S1 ADX up,TR1.5z0.5/T30/noSL,948,245,0.6972573839662447,-0.0580895802837616,1.1181621783469944,-0.2448359054058477,0.1218769615641956,-27.812378556378743,-8.987092189213143,0.026869785295009,-0.1332524384995727,-0.1149742329353322,0.024345244687421,-0.0852583053374346,-0.1031458606210892,,6,9,-0.6217306728775086,1.0,0.0456058867275714,-0.1310406923294067,0.03,0.96,True,False,False,False,False,False,False,False,False,False
S1 ADX up,TR1.5z0.5/T30/SL3,948,245,0.5991561181434599,-0.2076636266159748,1.0349913945801106,-0.3396359666088978,-0.0704347737850151,-3.3985572733041134,-3.0677905592941443,-0.1958833326957686,-0.2180855566249046,-0.2341498680319211,-0.1803905644392831,-0.235625427206934,-0.254314512990959,,2,9,-3.0713039352842335,1.0,-0.1224343329668045,-0.1578703820705413,0.28,1.0,True,False,False,False,False,False,False,False,False,False
S1 ADX up,TR1.5z0.5/T30/SL5,948,245,0.6677215189873418,-0.1374768504496407,1.0885386739965988,-0.2926553302253452,0.0214462037831454,-5.547150977630976,-5.046574781987453,-0.0371608964771888,-0.2262255572443546,-0.1913312372184476,-0.072566148920929,-0.165066504825508,-0.1833794769507834,,3,9,-1.7022700039705676,1.0,-0.0399308316409587,-0.1491791009902954,0.07,1.0,True,False,False,False,False,False,False,False,False,False
S1 ADX up,TR1.5z0.5/T60/noSL,948,245,0.7626582278481012,0.0061561331437138,1.1576278986195856,-0.2052173436935855,0.2035203508208543,-29.91027758542,-10.174724988018648,0.0741773012414626,-0.0540216398254675,-0.0562871605715617,0.0905978363598714,-0.0206719465577458,-0.0382152248756236,2.8088132085691107,6,9,0.0583615540414599,1.0,0.1405979245901107,-0.1010130494832992,0.0,0.81,True,False,False,False,False,False,False,False,False,False
S1 ADX up,TR1.5z0.5/T60/SL3,948,245,0.6149789029535865,-0.2277759149372483,1.0642744369470782,-0.3594399331763519,-0.09071515958422,-3.3985572733041134,-3.068368726862142,-0.2209714161070886,-0.2337957995881848,-0.25700897840997,-0.2002648795790132,-0.2558443554450756,-0.2746412180320758,,2,9,-3.24900984871038,1.0,-0.1328862905502319,-0.1505357772111892,0.38,1.0,True,False,False,False,False,False,False,False,False,False
S1 ADX up,TR1.5z0.5/T60/SL5,948,245,0.7056962025316456,-0.1817937468634785,1.1287788679222603,-0.3486833486970268,0.0018299281718042,-5.547150977630976,-5.061099735032255,-0.0930331510231289,-0.2603195225075254,-0.2454129589214015,-0.1198099486839305,-0.2096183794812008,-0.2281688349468584,,2,9,-2.107982707613174,1.0,-0.0730988979339599,-0.1312795877456665,0.26,1.0,True,False,False,False,False,False,False,False,False,False
S1 ADX up,TR1.5z0.5/T120/noSL,948,245,0.8164556962025317,0.0279221649673636,1.1805611334881574,-0.2518459747954162,0.26554450158635,-38.67273797936422,-12.315028607906386,0.1239065027990122,-0.0569943963349893,-0.0287153282934772,0.1249949632534281,0.0012094139672799,-0.0174441589479338,0.7559987942539612,5,9,0.2144758811155482,0.999,0.1844319850206375,-0.0484422296285629,0.01,0.72,True,False,False,False,False,False,False,False,False,False
S1 ADX up,TR1.5z0.5/T120/SL3,948,245,0.6244725738396625,-0.2199237043933201,1.0746713076775007,-0.3543063221537744,-0.0798594006584161,-3.3985572733041134,-3.068368726862142,-0.2206934983030499,-0.2192426739960442,-0.254803160704064,-0.1913925367951706,-0.2479505106988993,-0.267245144106619,,2,9,-3.074205929329169,1.0,-0.1186784207820892,-0.1396199315786361,0.34,1.0,True,False,False,False,False,False,False,False,False,False
S1 ADX up,TR1.5z0.5/T120/SL5,948,245,0.7289029535864979,-0.1940412900002494,1.1454655649830738,-0.3740418028662424,-0.0174696906614518,-5.547150977630976,-5.06214580818845,-0.0987815749200833,-0.2783167834608337,-0.2656305292661088,-0.1250213434802946,-0.2219308618710831,-0.2410867977903814,,2,9,-2.132057224297085,1.0,-0.076130524277687,-0.1035784408450126,0.38,1.0,True,False,False,False,False,False,False,False,False,False
S1 ADX up,TR1.5z1/T15/noSL,948,245,0.6381856540084389,-0.086389992079525,0.653240318053351,-0.2433093397820948,0.0687011572864441,-20.120069396355,-7.419606186648721,-0.0051969323467769,-0.1582208302128708,-0.130237312205549,-0.0042332986990325,-0.118057095138029,-0.1434249450508544,,3,9,-1.0585050622616692,1.0,-0.0196351837366819,-0.1849932521581649,0.03,0.97,True,False,False,False,False,False,False,False,False,False
S1 ADX up,TR1.5z1/T15/SL3,948,245,0.5822784810126582,-0.1731914791729628,0.5518749511093781,-0.2943866834602812,-0.0473878848226729,-3.3985572733041134,-3.0617425536555323,-0.1761126741317732,-0.1706071218038363,-0.2129513169277835,-0.1429678108391645,-0.205318823414359,-0.2311518211324952,,2,9,-2.6006579873280664,1.0,-0.1147778779268264,-0.1951113194227218,0.08,1.0,True,False,False,False,False,False,False,False,False,False
S1 ADX up,TR1.5z1/T15/SL5,948,245,0.6244725738396625,-0.1259310895381976,0.63131719519899,-0.2671080217228292,0.024557059417067,-5.111700149136621,-5.02121806775611,-0.058586639584031,-0.1855101754817446,-0.1720825496936967,-0.0743631681713104,-0.1578078484686988,-0.1833875893907494,,3,9,-1.6544903374029911,1.0,-0.0613951422274112,-0.1943108439445495,0.04,1.0,True,False,False,False,False,False,False,False,False,False
S1 ADX up,TR1.5z1/T30/noSL,948,245,0.6972573839662447,-0.0392810581067429,0.7924119060974579,-0.2301836195833262,0.1506681821609026,-27.812378556378743,-8.987092189213143,0.043137488911351,-0.1121960748523727,-0.1055083771319125,0.0520590892718869,-0.07082333930844,-0.0967732618841115,,6,9,-0.3960347396605922,1.0,0.0390121154487133,-0.1710335165262222,0.01,0.96,True,False,False,False,False,False,False,False,False,False
S1 ADX up,TR1.5z1/T30/SL3,948,245,0.5991561181434599,-0.1949603692502939,0.6476550295137509,-0.3317742354538145,-0.047453841447247,-3.3985572733041134,-3.0677905592941443,-0.1785466690205195,-0.2094814360539711,-0.2289719547806502,-0.1607669311896916,-0.2273280974888074,-0.2541122671763144,,1,9,-2.718006092012372,1.0,-0.1336363554000854,-0.1917386651039123,0.19,1.0,True,False,False,False,False,False,False,False,False,False
S1 ADX up,TR1.5z1/T30/SL5,948,245,0.6677215189873418,-0.117589216726431,0.747322909269367,-0.2800557629760343,0.0476320996138231,-5.547150977630976,-5.046574781987453,-0.0230634095839646,-0.2012154278166845,-0.1672546909617735,-0.0431300534493459,-0.1495467055560161,-0.1759162622801288,,4,9,-1.362876696284807,1.0,-0.0413635075092315,-0.1869082897901535,0.01,1.0,True,False,False,False,False,False,False,False,False,False
S1 ADX up,TR1.5z1/T60/noSL,948,245,0.7626582278481012,0.0359999471621648,0.9147410619233644,-0.1821078094734282,0.2392039487062323,-29.91027758542,-10.174724988018648,0.101872534072114,-0.0222769935434562,-0.0189691018341715,0.1312199435278244,0.0041708116677665,-0.0227339297747967,0.5846146024733146,6,9,0.3225148230226977,0.998,0.1301163733005523,-0.1495484858751297,0.0,0.81,True,False,False,False,False,False,False,False,False,False
S1 ADX up,TR1.5z1/T60/SL3,948,245,0.6149789029535865,-0.2069447597444678,0.6790856566849426,-0.3562979906403321,-0.0594339493991374,-3.3985572733041134,-3.068368726862142,-0.1949476935663303,-0.2175584664030586,-0.2385904885103178,-0.1698596528180309,-0.2393760319410627,-0.2667246328226701,,1,9,-2.744019140271265,1.0,-0.1403041183948516,-0.1881522983312606,0.25,1.0,True,False,False,False,False,False,False,False,False,False
S1 ADX up,TR1.5z1/T60/SL5,948,245,0.7056962025316456,-0.1511359077785799,0.8276846174075994,-0.346928898065506,0.0323443269296298,-5.547150977630976,-5.061099735032255,-0.0693676041100061,-0.2234756595330837,-0.2089800622624688,-0.0798467399034736,-0.1839572800436078,-0.2118648364739717,,3,9,-1.6378605771094,1.0,-0.0716354921460151,-0.1751226782798767,0.13,1.0,True,False,False,False,False,False,False,False,False,False
S1 ADX up,TR1.5z1/T120/noSL,948,245,0.8164556962025317,0.0538842304857312,0.989844060132107,-0.2128192563183439,0.3148707829162553,-38.67273797936422,-12.315028607906386,0.1485626843404638,-0.0298770259066265,0.0027413638311371,0.1596935574244681,0.02214992152009,-0.0046589824499129,0.4012218070186229,6,9,0.3996784446523348,0.997,0.156149685382843,-0.105903260409832,0.01,0.77,True,False,False,False,True,True,False,False,False,False
S1 ADX up,TR1.5z1/T120/SL3,948,245,0.6244725738396625,-0.1982262823539152,0.6973874228187196,-0.3508020239186118,-0.0524182918119428,-3.3985572733041134,-3.068368726862142,-0.1904773910661365,-0.2050816633142761,-0.2305883287585991,-0.1600085007724482,-0.2306113272048551,-0.2579132079119624,,1,9,-2.5687532125523567,1.0,-0.1305139362812042,-0.1810629516839981,0.23,1.0,True,False,False,False,False,False,False,False,False,False
S1 ADX up,TR1.5z1/T120/SL5,948,245,0.7289029535864979,-0.1656692375626622,0.8762467399495835,-0.3519199847734146,0.0115789661596871,-5.547150977630976,-5.06214580818845,-0.0731151003674845,-0.2475511283218154,-0.233993879406967,-0.087640882902044,-0.1985676688403308,-0.2265531058079906,,3,9,-1.6952165101565069,1.0,-0.0838329792022705,-0.1534038484096527,0.19,1.0,True,False,False,False,False,False,False,False,False,False
S1 ADX up,TR2z0.3/T15/noSL,948,245,0.5759493670886076,-0.1307144180812303,0.8933194519064172,-0.305433257979934,0.0304225670036386,-20.120069396355,-7.701531786329945,-0.0755779012647475,-0.1794932450858721,-0.1688040900748589,-0.049549372236097,-0.1584021295353765,-0.1743939205012828,,5,9,-1.5614750973252494,1.0,-0.0125785786658525,-0.1367362886667251,0.05,0.97,True,False,False,False,False,False,False,False,False,False
S1 ADX up,TR2z0.3/T15/SL3,948,245,0.5232067510548524,-0.2062108347879837,0.2184876980969376,-0.3385501195884164,-0.069680838692531,-3.3985572733041134,-3.062186461043621,-0.241196875720751,-0.1752589695492531,-0.2418237677082465,-0.1527454740636128,-0.2342988453763119,-0.2506937532908588,,3,9,-2.994217494775674,1.0,-0.1013475880026817,-0.1538517922163009,0.13,1.0,True,False,False,False,False,False,False,False,False,False
S1 ADX up,TR2z0.3/T15/SL5,948,245,0.5632911392405063,-0.1743143614524964,0.7257349600117382,-0.3245902116099254,-0.0191322220921624,-5.111700149136621,-5.022344381069288,-0.1118120264062463,-0.2296096678055406,-0.2295128703608155,-0.1179018372391249,-0.202233249700764,-0.218457232265228,,3,9,-2.2096674991316356,1.0,-0.0633293613791465,-0.1503349691629409,0.06,1.0,True,False,False,False,False,False,False,False,False,False
S1 ADX up,TR2z0.3/T30/noSL,948,245,0.6413502109704642,-0.0780377574258092,1.698255499399616,-0.2812956569025611,0.1132891880514713,-27.812378556378743,-9.606858216581127,0.0301520778413477,-0.1737524228212066,-0.1374512488289916,0.025194616044022,-0.1057226271816964,-0.1224225091343509,,6,9,-0.7747227904807147,1.0,0.0696494877338409,-0.0991820991039276,0.02,0.91,True,False,False,False,False,False,False,False,False,False
S1 ADX up,TR2z0.3/T30/SL3,948,245,0.5390295358649789,-0.2158285031287997,1.331104223155556,-0.3663115125100544,-0.0779408807115331,-3.3985572733041134,-3.0681710836659657,-0.2020515679632308,-0.2280168453726927,-0.2534183481244399,-0.16161604084882,-0.2442439706879903,-0.2612503203065124,,3,9,-2.900550722450516,1.0,-0.0921496450901031,-0.1347064971923828,0.27,1.0,True,False,False,False,False,False,False,False,False,False
S1 ADX up,TR2z0.3/T30/SL5,948,245,0.6086497890295358,-0.1790151126359928,1.65496113289917,-0.3451809643882699,0.0014961239161824,-5.547150977630976,-5.049333597353328,-0.0259126387637839,-0.3144636233181658,-0.2494277991522268,-0.0957130644652106,-0.2072353872445323,-0.224044462964102,,4,9,-2.014255814071777,1.0,-0.040347333997488,-0.1231629624962806,0.15,1.0,True,False,False,False,False,False,False,False,False,False
S1 ADX up,TR2z0.3/T60/noSL,948,245,0.7141350210970464,-0.0159120691878553,1.7417609577565232,-0.2524875726562596,0.2186144197558181,-29.91027758542,-11.920868752110252,0.0575933757964722,-0.0809417372157397,-0.086941086061036,0.0615128255779375,-0.0432675344461928,-0.0600792737344188,,5,9,-0.1323078606042727,1.0,0.1727860569953918,-0.0549569353461265,0.0,0.73,True,False,False,False,False,False,False,False,False,False
S1 ADX up,TR2z0.3/T60/SL3,948,245,0.5569620253164557,-0.2192801879884498,1.6179802953990363,-0.3709559786698451,-0.0714696598086336,-3.3985572733041134,-3.0690241147717887,-0.2065959746582968,-0.2305018081314281,-0.2615403689199395,-0.1730962588736987,-0.2477139571640753,-0.264738803512214,,3,9,-2.823815728151562,1.0,-0.0800118446350097,-0.1188952475786209,0.29,1.0,True,False,False,False,False,False,False,False,False,False
S1 ADX up,TR2z0.3/T60/SL5,948,245,0.6487341772151899,-0.2109426069151004,1.714945422210247,-0.4018682324025188,-0.0347731525597066,-5.547150977630976,-5.064526547851421,-0.0594096087512821,-0.3450026152310033,-0.2886312799946314,-0.1054244300706156,-0.2393321683437839,-0.2566361600346674,,3,9,-2.1649739241187516,1.0,-0.0558149144053459,-0.0922762304544448,0.28,1.0,True,False,False,False,False,False,False,False,False,False
S1 ADX up,TR2z0.3/T120/noSL,948,245,0.7742616033755274,0.0084348133611886,1.764994952941025,-0.2863264870672247,0.2868273535929495,-38.67273797936422,-14.283148985364935,0.0310985912246457,-0.0116156461800407,-0.0618446201872316,0.1089077341944211,-0.0191390372635578,-0.0363279868349982,2.940291579593252,4,9,0.0570694740711861,1.0,0.2277845293283462,0.0052667455747723,0.02,0.66,True,False,False,False,False,False,False,False,False,False
S1 ADX up,TR2z0.3/T120/SL3,948,245,0.5664556962025317,-0.2127431694691059,1.65496113289917,-0.3676478892499197,-0.0541436794473092,-3.3985572733041134,-3.0690241147717887,-0.2067811509329369,-0.2180177186710843,-0.263008365046691,-0.1657097722593145,-0.2414897559519131,-0.2592822751211522,,3,9,-2.6908731619358095,1.0,-0.0675250068306922,-0.1057570204138755,0.28,1.0,True,False,False,False,False,False,False,False,False,False
S1 ADX up,TR2z0.3/T120/SL5,948,245,0.6772151898734177,-0.2033219977616034,1.7338942206157515,-0.4072442306664786,-0.0069681542487879,-5.547150977630976,-5.065291393319435,-0.0629487614287332,-0.327509055749928,-0.294633677742233,-0.0878732954902599,-0.2320186310540213,-0.2500422332743863,,3,9,-2.0048930777511247,1.0,-0.0320359095931053,-0.0564456991851329,0.39,0.99,True,False,False,False,False,False,False,False,False,False
S1 ADX up,TR2z0.5/T15/noSL,948,245,0.5759493670886076,-0.1226036489287429,0.8933194519064172,-0.2898419585185346,0.0384981146513073,-20.120069396355,-7.701531786329945,-0.0704893004821578,-0.1687087882105129,-0.1617565824978885,-0.0385577963815972,-0.1512412108540876,-0.1723503380146694,,5,9,-1.4549033145453982,1.0,-0.0221539307385683,-0.1518523693084716,0.04,0.98,True,False,False,False,False,False,False,False,False,False
S1 ADX up,TR2z0.5/T15/SL3,948,245,0.5232067510548524,-0.1982266655880812,0.2184876980969376,-0.3260885183793174,-0.0561897005888902,-3.3985572733041134,-3.062186461043621,-0.2369784757531468,-0.1639432550046732,-0.2332277702933031,-0.143734685507173,-0.2272651979092863,-0.2487795702034248,,3,9,-2.851152740831891,1.0,-0.1080054938793182,-0.1678283363580703,0.12,1.0,True,False,False,False,False,False,False,False,False,False
S1 ADX up,TR2z0.5/T15/SL5,948,245,0.5632911392405063,-0.1668523563097664,0.7257349600117382,-0.3221848376471362,-0.0125722396585422,-5.111700149136621,-5.022344381069288,-0.1073743714204663,-0.2194720447307177,-0.2202160725989979,-0.1089420069930871,-0.1957245349232395,-0.2170707800159598,,3,9,-2.0982039925698235,1.0,-0.0730447471141815,-0.1649323105812072,0.05,1.0,True,False,False,False,False,False,False,False,False,False
S1 ADX up,TR2z0.5/T30/noSL,948,245,0.6413502109704642,-0.0725669580009175,1.5467847922298397,-0.2690410769189709,0.131392302855987,-27.812378556378743,-9.606858216581127,0.0352201130134336,-0.1679253011448267,-0.1332746918586771,0.0343448864266073,-0.1009392140358705,-0.1217802068850546,,6,9,-0.7167157328026692,1.0,0.0491344705224037,-0.1200944483280181,0.03,0.94,True,False,False,False,False,False,False,False,False,False
S1 ADX up,TR2z0.5/T30/SL3,948,245,0.5390295358649789,-0.2087988945537038,1.3146620147385115,-0.35377583437581,-0.0600881246703921,-3.3985572733041134,-3.0681710836659657,-0.1979462848195347,-0.2184001099248873,-0.2436127017205244,-0.1554475158017013,-0.2378934832320971,-0.2594645094991716,,3,9,-2.774705269389954,1.0,-0.1047994419932365,-0.1529364138841629,0.24,1.0,True,False,False,False,False,False,False,False,False,False
S1 ADX up,TR2z0.5/T30/SL5,948,245,0.6086497890295358,-0.1718579478522563,1.526169904375331,-0.3448214901976756,0.0073494005911914,-5.547150977630976,-5.049333597353328,-0.0205403580010535,-0.3057273861898015,-0.2396634664133749,-0.0853500611133605,-0.2007566672480331,-0.2221297360738281,,4,9,-1.9149935944285352,1.0,-0.056953877210617,-0.1429059952497482,0.12,1.0,True,False,False,False,False,False,False,False,False,False
S1 ADX up,TR2z0.5/T60/noSL,948,245,0.7141350210970464,-0.0046610410266394,1.627479309628245,-0.2383282946866736,0.2369637127193352,-29.91027758542,-11.920868752110252,0.062007986691309,-0.0636425864232341,-0.0783470035331605,0.0787050532903819,-0.0329429176802276,-0.0545167033289295,,5,9,-0.0384666846928634,1.0,0.151868924498558,-0.0812807157635688,0.0,0.79,True,False,False,False,False,False,False,False,False,False
S1 ADX up,TR2z0.5/T60/SL3,948,245,0.5569620253164557,-0.2117135807006794,1.509848626697531,-0.3597489319540992,-0.0473454146351553,-3.3985572733041134,-3.0690241147717887,-0.2024523373392322,-0.2199069272132916,-0.2506822848849798,-0.1630938388240586,-0.2408236237064687,-0.2624102690592275,,3,9,-2.695217523679692,1.0,-0.095405988395214,-0.1399957984685897,0.3,1.0,True,False,False,False,False,False,False,False,False,False
S1 ADX up,TR2z0.5/T60/SL5,948,245,0.6487341772151899,-0.2018700501727797,1.5875766074491051,-0.3864991985873325,-0.0121351930440327,-5.547150977630976,-5.064526547851421,-0.0556961774894218,-0.3311888838588518,-0.2755842872047174,-0.0923750341892803,-0.2309279005458659,-0.2524617968412653,,3,9,-2.053014987122978,1.0,-0.0749250426888465,-0.1165436431765556,0.29,1.0,True,False,False,False,False,False,False,False,False,False
S1 ADX up,TR2z0.5/T120/noSL,948,245,0.7742616033755274,0.0227932878995545,1.6762384287180143,-0.2730014062861745,0.2923543223654816,-38.67273797936422,-14.283148985364935,0.0428391727746692,0.0050588569464211,-0.0511787740773891,0.1301973537341479,-0.0053430196717099,-0.0267696843288951,1.1121974359611686,4,9,0.1536642352312201,0.9995,0.2035462111234665,-0.0267495010048151,0.02,0.69,True,False,True,False,False,False,False,False,False,True
S1 ADX up,TR2z0.5/T120/SL3,948,245,0.5664556962025317,-0.2039765301440326,1.522241625614186,-0.3551385826929817,-0.0496135735764139,-3.3985572733041134,-3.0690241147717887,-0.2011195073352697,-0.2065041149350852,-0.2517375339779559,-0.1572647136621366,-0.2330455495519607,-0.2546865055816016,,3,9,-2.546428658031457,1.0,-0.0824537798762321,-0.1291033774614334,0.24,1.0,True,False,False,False,False,False,False,False,False,False
S1 ADX up,TR2z0.5/T120/SL5,948,245,0.6772151898734177,-0.1935069835468496,1.6144994061554798,-0.3826357945084646,0.0036624794018589,-5.547150977630976,-5.065291393319435,-0.058809895726427,-0.3126723992130287,-0.2813120506463116,-0.0740801855094022,-0.2225204910428098,-0.2441053433490544,,3,9,-1.8864234488132972,1.0,-0.0535968802869319,-0.0844734087586402,0.32,1.0,True,False,False,False,False,False,False,False,False,False
S1 ADX up,TR2z1/T15/noSL,948,245,0.5759493670886076,-0.1082270815664039,0.8859452843433715,-0.2682939139298629,0.0618801059099061,-20.120069396355,-7.701531786329945,-0.0410892733184096,-0.1676233532768561,-0.1551301635722724,-0.0193075432178769,-0.1401439137557441,-0.1674165638050766,,5,9,-1.2406526239510265,1.0,-0.0431781262159347,-0.1785114109516143,0.04,1.0,True,False,False,False,False,False,False,False,False,False
S1 ADX up,TR2z1/T15/SL3,948,245,0.5232067510548524,-0.1902751355051927,0.2184876980969376,-0.3274960141309725,-0.0523150738493442,-3.3985572733041134,-3.062186461043621,-0.2112066060084912,-0.1717572341652964,-0.2273381621457852,-0.1471944142426497,-0.2226270050961168,-0.2500248767897925,,3,9,-2.6307447313445422,1.0,-0.131641000509262,-0.1917612105607986,0.15,1.0,True,False,False,False,False,False,False,False,False,False
S1 ADX up,TR2z1/T15/SL5,948,245,0.5632911392405063,-0.1529735497257338,0.7257349600117382,-0.3000582022093981,0.001710023497865,-5.111700149136621,-5.022344381069288,-0.0783930870543007,-0.2189542771388306,-0.2060640185662783,-0.0908560349177563,-0.1851276378438084,-0.2126400732027788,,4,9,-1.8443162407987936,1.0,-0.0927615463733673,-0.1904701590538025,0.05,1.0,True,False,False,False,False,False,False,False,False,False
S1 ADX up,TR2z1/T30/noSL,948,245,0.6413502109704642,-0.0642514212140306,1.1776738177646031,-0.2797637520526629,0.1282615249810818,-27.812378556378743,-9.606858216581127,0.05489774580261,-0.169661718077659,-0.1268715949152171,0.0463226816267825,-0.0961397328705481,-0.1241016647937441,,6,9,-0.6177612604677689,1.0,0.0158255081623792,-0.1586379110813141,0.03,0.97,True,False,False,False,False,False,False,False,False,False
S1 ADX up,TR2z1/T30/SL3,948,245,0.5390295358649789,-0.2028200727424995,1.0078064627224506,-0.3549283597164211,-0.0528235449168889,-3.3985572733041134,-3.0681710836659657,-0.1710855923882429,-0.2308953088411957,-0.2373245822195116,-0.1572825520311386,-0.2354431068355415,-0.2641475940570583,,2,9,-2.621870821520073,1.0,-0.1355397403240203,-0.1853278279304504,0.25,1.0,True,False,False,False,False,False,False,False,False,False
S1 ADX up,TR2z1/T30/SL5,948,245,0.6086497890295358,-0.1603540416042515,1.1293243513598852,-0.3308430989257703,0.0232780343883119,-5.547150977630976,-5.049333597353328,0.004199436091511,-0.3059331620309202,-0.2281906184380244,-0.0711371095388807,-0.1927519111631565,-0.2212288333757586,,4,9,-1.7254383578163448,1.0,-0.0855561792850494,-0.1791659146547317,0.12,1.0,True,False,False,False,False,False,False,False,False,False
S1 ADX up,TR2z1/T60/noSL,948,245,0.7141350210970464,0.0134332453075417,1.2811890269605732,-0.2481627653162525,0.2566241437072399,-29.91027758542,-11.920868752110252,0.0859765607124575,-0.050745234523845,-0.0519595840868081,0.1005403515573915,-0.0187186321753943,-0.0465475666519603,2.3690903040279103,5,9,0.107912252207397,0.9995,0.1124061867594719,-0.1316066086292266,0.0,0.84,True,False,False,False,False,False,False,False,False,False
S1 ADX up,TR2z1/T60/SL3,948,245,0.5569620253164557,-0.199536092195234,1.0892524008587103,-0.3515577124422,-0.042710827642371,-3.3985572733041134,-3.0690241147717887,-0.1760575890130495,-0.2203073325850393,-0.2383209499354053,-0.1487308680187453,-0.232141713878163,-0.2608286030561969,,3,9,-2.456915081165805,1.0,-0.1253139823675155,-0.1786342412233352,0.25,1.0,True,False,False,False,False,False,False,False,False,False
S1 ADX up,TR2z1/T60/SL5,948,245,0.6487341772151899,-0.1826791967447481,1.2244413218895036,-0.3843653954464877,0.0071052126183683,-5.547150977630976,-5.064526547851421,-0.0303805212103552,-0.3174165935892906,-0.255200812659734,-0.0706351219567174,-0.2158709069002836,-0.2447507596856179,,4,9,-1.8041983206778007,1.0,-0.1032119914889335,-0.1622170954942703,0.26,1.0,True,False,False,False,False,False,False,False,False,False
S1 ADX up,TR2z1/T120/noSL,948,245,0.7742616033755274,0.0502544518645026,1.3975909742311456,-0.2520793677982336,0.3311016631341894,-38.67273797936422,-14.283148985364935,0.0773869122469053,0.0262505853234107,-0.0177318323998981,0.1587966993364425,0.0172490717073129,-0.0108303384629709,0.5895390579166992,5,9,0.3306866751746091,0.998,0.1595195233821869,-0.0879148691892623,0.01,0.76,True,False,True,False,False,False,False,False,False,True
S1 ADX up,TR2z1/T120/SL3,948,245,0.5664556962025317,-0.1866544225159077,1.1244708876282163,-0.3407581987650608,-0.0193824134737876,-3.3985572733041134,-3.0690241147717887,-0.1635112955764391,-0.2071289582774653,-0.2392178356929788,-0.1383072984518247,-0.2204435679444652,-0.2493477952556212,,3,9,-2.2330135426364097,1.0,-0.1108438000082969,-0.1729319989681244,0.2,1.0,True,False,False,False,False,False,False,False,False,False
S1 ADX up,TR2z1/T120/SL5,948,245,0.6772151898734177,-0.1701198635290125,1.2683631510025395,-0.3769485471652907,0.0368635116457504,-5.547150977630976,-5.065291393319435,-0.0265921684213557,-0.2970976454831025,-0.2616642594116609,-0.0488173881104157,-0.2042937183171333,-0.2335540602039654,,3,9,-1.592588747540803,1.0,-0.0845742970705032,-0.1385985165834427,0.28,1.0,True,False,False,False,False,False,False,False,False,False
S1 ADX up,TR3z0.3/T15/noSL,948,245,0.5189873417721519,-0.1297210960592597,0.1115349115314314,-0.310888731325345,0.0510790397606305,-20.120069396355,-8.234894873690212,-0.1121153672854905,-0.145296740799473,-0.1774001782368996,-0.0468132315719116,-0.157955947457362,-0.177977276238667,,3,9,-1.3522528147777864,1.0,-0.0440901666879653,-0.1558328121900558,0.06,1.0,True,False,False,False,False,False,False,False,False,False
S1 ADX up,TR3z0.3/T15/SL3,948,245,0.4662447257383966,-0.1967402335310039,-0.3036930593546692,-0.3493170374633897,-0.0391698075532616,-3.3985572733041134,-3.0682347844538884,-0.2716122671672124,-0.1305015556619923,-0.241004433835303,-0.1407710488526831,-0.22533043560499,-0.2457109034489159,,3,9,-2.501862519992153,1.0,-0.1112674996256828,-0.1724180579185485,0.13,1.0,True,False,False,False,False,False,False,False,False,False
S1 ADX up,TR3z0.3/T15/SL5,948,245,0.5052742616033755,-0.1828039382570702,0.0458622462131254,-0.3592403344848012,-0.0190147740426603,-5.20929842461748,-5.027301040235238,-0.1718824024841322,-0.1924661319329298,-0.2318913405409722,-0.1148090707904535,-0.2113202469308766,-0.2316260335985011,,3,9,-2.02407805982875,1.0,-0.0966126322746276,-0.1697037816047668,0.11,1.0,True,False,False,False,False,False,False,False,False,False
S1 ADX up,TR3z0.3/T30/noSL,948,245,0.5590717299578059,-0.1092112747127275,0.910454725108091,-0.3269452096180744,0.1063640187734341,-27.812378556378743,-10.297040252641052,-0.0744867399622987,-0.1399317875635046,-0.1926377898139497,-0.0214152567308923,-0.1373373783836473,-0.1573502863418198,,4,9,-0.9641196562462564,1.0,0.0311044976115226,-0.1146913021802902,0.07,0.97,True,False,False,False,False,False,False,False,False,False
S1 ADX up,TR3z0.3/T30/SL3,948,245,0.4641350210970464,-0.2279057512439939,-0.5236263510562931,-0.3839811171691338,-0.0600776913897625,-3.3985572733041134,-3.074998331632085,-0.2406327937139689,-0.2166462405101193,-0.2808629260294529,-0.1886763064990639,-0.2566611999654509,-0.2772086761481852,,1,9,-2.679081778726186,1.0,-0.1010439470410347,-0.1525115370750427,0.26,1.0,True,False,False,False,False,False,False,False,False,False
S1 ADX up,TR3z0.3/T30/SL5,948,245,0.5316455696202531,-0.2088569547104392,0.5548828967391519,-0.4047071228304369,-0.013619803203158,-5.547150977630976,-5.054839151977851,-0.1221787071769881,-0.2855404937807886,-0.2661711150756385,-0.1284824890631093,-0.2375114023898308,-0.2580582870218098,,5,9,-2.085357980229055,1.0,-0.0721521899104118,-0.1415096819400787,0.18,1.0,True,False,False,False,False,False,False,False,False,False
S1 ADX up,TR3z0.3/T60/noSL,948,245,0.6223628691983122,-0.1047906956244171,2.5699238953183503,-0.3860090508222749,0.1685606347581316,-29.91027758542,-14.029565147127396,-0.0966324117016203,-0.1120082629119809,-0.2027175955428937,-0.0201698735395844,-0.1331532302543501,-0.1539352989018939,,4,9,-0.7107444542607848,1.0,0.1022660881280899,-0.0569028817117214,0.09,0.86,True,False,False,False,False,False,False,False,False,False
S1 ADX up,TR3z0.3/T60/SL3,948,245,0.4662447257383966,-0.2150396953569838,-1.1600827942933143,-0.3850934533035137,-0.0325316817268346,-3.3985572733041134,-3.076862853710687,-0.2210478487982339,-0.2097243309805299,-0.2579526707265204,-0.1826530930144171,-0.2439765157338703,-0.2649715929490471,,2,9,-2.359655508061916,1.0,-0.062862329185009,-0.1332792043685913,0.26,1.0,True,False,False,False,False,False,False,False,False,False
S1 ADX up,TR3z0.3/T60/SL5,948,245,0.5569620253164557,-0.2342522153288537,2.2169113511011487,-0.4554563493369609,-0.0174430260443813,-5.547150977630976,-5.071973018564268,-0.1539768046609823,-0.3052712168143464,-0.3058880664943887,-0.1466055984815993,-0.2632909048466301,-0.2844432395581726,,3,9,-2.0810105005150907,1.0,-0.0571434125304222,-0.1036849990487098,0.33,1.0,True,False,False,False,False,False,False,False,False,False
S1 ADX up,TR3z0.3/T120/noSL,948,245,0.6972573839662447,0.0207825788398701,2.709771649198346,-0.3155003846286275,0.3411496439013616,-38.67273797936422,-15.75435950213492,-0.0515912415049089,0.084811107773124,-0.0848368824169642,0.1168125125503544,-0.0081008659639936,-0.0285700243946343,1.7408161701891554,3,9,0.1216686255961466,0.9995,0.2555220425128937,0.0065433871932327,0.06,0.61,True,False,False,False,False,False,False,False,False,False
S1 ADX up,TR3z0.3/T120/SL3,948,245,0.4820675105485232,-0.1674102510869141,-3.0,-0.3374557717203515,0.0213306704991521,-3.3985572733041134,-3.07849980320785,-0.1698203094825883,-0.1652780920688723,-0.2072557542055193,-0.1340236474029339,-0.1972915369826481,-0.2185067321992797,,2,9,-1.7850539252659454,1.0,-0.0066851614974439,-0.1144685372710228,0.15,0.97,True,False,False,False,False,False,False,False,False,False
S1 ADX up,TR3z0.3/T120/SL5,948,245,0.5917721518987342,-0.2059834844146656,2.5898266388962767,-0.4275046808558286,0.022182247034497,-5.547150977630976,-5.073402094364177,-0.137897068970687,-0.2662189811792191,-0.2903149821742417,-0.107371622807719,-0.2360692943471323,-0.2574911940273271,,3,9,-1.757344268907796,1.0,-0.0028078407049179,-0.0618526637554168,0.34,0.97,True,False,False,False,False,False,False,False,False,False
S1 ADX up,TR3z0.5/T15/noSL,948,245,0.5189873417721519,-0.1237185549356183,0.1115349115314314,-0.3104475754021578,0.0705652313661533,-20.120069396355,-8.234894873690212,-0.1025789227078308,-0.1424206152564244,-0.1711060559370824,-0.040390946314691,-0.1537610855311121,-0.1780503188783269,,4,9,-1.2865928038396868,1.0,-0.056022685021162,-0.1666152030229568,0.07,1.0,True,False,False,False,False,False,False,False,False,False
S1 ADX up,TR3z0.5/T15/SL3,948,245,0.4662447257383966,-0.1907066933382755,-0.3036930593546692,-0.3395116192355745,-0.0346966305272122,-3.3985572733041134,-3.0682347844538884,-0.2618197598802004,-0.1277935430178846,-0.2345968032808608,-0.134699524975009,-0.2211044102455541,-0.2457526165390082,,3,9,-2.4292933191384933,1.0,-0.1223402991890907,-0.18218594789505,0.15,1.0,True,False,False,False,False,False,False,False,False,False
S1 ADX up,TR3z0.5/T15/SL5,948,245,0.5052742616033755,-0.1763404291962131,0.0458622462131254,-0.3434190862223124,-0.0066699023031561,-5.20929842461748,-5.027301040235238,-0.1619348982387798,-0.1890848850134254,-0.2219556196766844,-0.1088272578165061,-0.206661972910798,-0.2312331939306127,,3,9,-1.9562651410986611,1.0,-0.109409287571907,-0.1800511479377746,0.13,1.0,True,False,False,False,False,False,False,False,False,False
S1 ADX up,TR3z0.5/T30/noSL,948,245,0.5590717299578059,-0.1025805710986121,0.910454725108091,-0.3131618646804819,0.1098612198191414,-27.812378556378743,-10.297040252641052,-0.0618824473836155,-0.1385858694150603,-0.1839138183589254,-0.0137866145852246,-0.1325110233068468,-0.1569406325609807,,4,9,-0.9057240460099616,1.0,0.009615609422326,-0.1317774355411529,0.08,0.97,True,False,False,False,False,False,False,False,False,False
S1 ADX up,TR3z0.5/T30/SL3,948,245,0.4641350210970464,-0.2203456457771395,-0.5236263510562931,-0.3787834220085084,-0.0488621200152286,-3.3985572733041134,-3.074998331632085,-0.226155269291837,-0.2152059192084707,-0.2711219663906598,-0.1804744601505644,-0.250900515136374,-0.275961198440772,,1,9,-2.593030342897117,1.0,-0.1192107796669006,-0.166959136724472,0.26,1.0,True,False,False,False,False,False,False,False,False,False
S1 ADX up,TR3z0.5/T30/SL5,948,245,0.5316455696202531,-0.200983408636163,0.5548828967391519,-0.3996274462514419,-0.0035871856904014,-5.547150977630976,-5.054839151977851,-0.1081710153074142,-0.2830937764916167,-0.2562674492250239,-0.11969687239926,-0.2314356150201005,-0.2563925408611921,,5,9,-2.0034343412107503,1.0,-0.0926291644573211,-0.1575636565685272,0.2,1.0,True,False,False,False,False,False,False,False,False,False
S1 ADX up,TR3z0.5/T60/noSL,948,245,0.6223628691983122,-0.0947328391477503,2.492310123556853,-0.3800610965607699,0.1858796352446112,-29.91027758542,-14.029565147127396,-0.0784661992995775,-0.1091238028305273,-0.1916019042606029,-0.0112240537990907,-0.1252554735662592,-0.1508587098879327,,4,9,-0.6412472468984596,1.0,0.0722104385495185,-0.082052357494831,0.09,0.91,True,False,False,False,False,False,False,False,False,False
S1 ADX up,TR3z0.5/T60/SL3,948,245,0.4662447257383966,-0.2064196744627109,-1.1600827942933143,-0.3825664133377077,-0.0249801472576511,-3.3985572733041134,-3.076862853710687,-0.2045797558767122,-0.2080474354383955,-0.2462695058734854,-0.1723489753183642,-0.2375344978277467,-0.2634651257198503,,2,9,-2.262927172966948,1.0,-0.0858439058065414,-0.1533277481794357,0.28,1.0,True,False,False,False,False,False,False,False,False,False
S1 ADX up,TR3z0.5/T60/SL5,948,245,0.5569620253164557,-0.2259412580617117,2.1859212953537557,-0.4515141689621678,-0.0054841401167415,-5.547150977630976,-5.071973018564268,-0.1381676479465892,-0.303593855479663,-0.2962748079846989,-0.1372239935116183,-0.2571595892931258,-0.2831948285469851,,3,9,-1.9966580626858843,1.0,-0.0865773260593414,-0.1266714334487915,0.35,1.0,True,False,False,False,False,False,False,False,False,False
S1 ADX up,TR3z0.5/T120/noSL,948,245,0.6972573839662447,0.0360856102123839,2.575933932178377,-0.3024391050273952,0.3540568966083171,-38.67273797936422,-15.75435950213492,-0.0269326493576781,0.0918373507862957,-0.0716692341997334,0.1355297595218401,0.0062566048997078,-0.018998166419416,1.0229910496585208,3,9,0.2104638630011659,0.999,0.2229906022548675,-0.0250652059912681,0.02,0.67,True,False,False,False,False,False,False,False,False,False
S1 ADX up,TR3z0.5/T120/SL3,948,245,0.4820675105485232,-0.1604654083010085,-3.0,-0.342207799125498,0.0160226616592278,-3.3985572733041134,-3.07849980320785,-0.1510098388694246,-0.1688306735039007,-0.200344339803824,-0.1252132278348506,-0.191336571718209,-0.2175616992155894,,2,9,-1.7069778041873616,1.0,-0.0334616862237453,-0.1376380771398544,0.15,0.99,True,False,False,False,False,False,False,False,False,False
S1 ADX up,TR3z0.5/T120/SL5,948,245,0.5917721518987342,-0.1954087926990489,2.5004995096949325,-0.4126119380629404,0.0233552841486348,-5.547150977630976,-5.073402094364177,-0.1153148370754062,-0.2662672623859695,-0.2797154831298151,-0.0947606700750404,-0.2264652338702161,-0.2528776143641424,,3,9,-1.6553427484876506,1.0,-0.0342688597738742,-0.0892604291439056,0.35,0.99,True,False,False,False,False,False,False,False,False,False
S1 ADX up,TR3z1/T15/noSL,948,245,0.5189873417721519,-0.1113705060195372,0.1115349115314314,-0.2969019514672157,0.0804323473518281,-20.120069396355,-8.234894873690212,-0.0763066829547279,-0.1423911844764758,-0.162520710934045,-0.0237397093430158,-0.1438654782521354,-0.1725921499116512,,5,9,-1.1258346613740786,1.0,-0.0792800933122634,-0.1891367137432098,0.08,1.0,True,False,False,False,False,False,False,False,False,False
S1 ADX up,TR3z1/T15/SL3,948,245,0.4662447257383966,-0.1815533379392467,-0.3036930593546692,-0.3343085101271703,-0.0201528454509784,-3.3985572733041134,-3.0682347844538884,-0.2326079972174929,-0.1363856970270805,-0.2241907379401989,-0.121042790262677,-0.214420435473646,-0.2435231996556646,,3,9,-2.2363221471682144,1.0,-0.1469534188508987,-0.2022585868835449,0.17,1.0,True,False,False,False,False,False,False,False,False,False
S1 ADX up,TR3z1/T15/SL5,948,245,0.5052742616033755,-0.1642659743893527,0.0458622462131254,-0.342593674882873,0.0139299538010649,-5.20929842461748,-5.027301040235238,-0.1324451501874735,-0.192417598186244,-0.2120196531193467,-0.0910617121808373,-0.1970414103990973,-0.2260515358547057,,4,9,-1.766235150657207,1.0,-0.1317652314901352,-0.2015617042779922,0.12,1.0,True,False,False,False,False,False,False,False,False,False
S1 ADX up,TR3z1/T30/noSL,948,245,0.5590717299578059,-0.085300472349439,0.910454725108091,-0.3133692376507295,0.1417280125470938,-27.812378556378743,-10.297040252641052,-0.0378678441584657,-0.1272637318822087,-0.165155336569416,0.008896113186991,-0.1177372116988267,-0.1466708395425219,,5,9,-0.736785890284732,1.0,-0.0201438404619693,-0.165130078792572,0.09,0.97,True,False,False,False,False,False,False,False,False,False
S1 ADX up,TR3z1/T30/SL3,948,245,0.4641350210970464,-0.2052287752581433,-0.5236263510562931,-0.3740426210438499,-0.0325618089102854,-3.3985572733041134,-3.074998331632085,-0.1913215295957818,-0.2175324021363757,-0.2505056285905648,-0.1618368965013522,-0.23830140168552,-0.26787769578714,,1,9,-2.352604822553546,1.0,-0.1431529968976974,-0.1946839094161987,0.24,1.0,True,False,False,False,False,False,False,False,False,False
S1 ADX up,TR3z1/T30/SL5,948,245,0.5316455696202531,-0.1835167423229533,0.5548828967391519,-0.3757650679753465,0.0180297574266463,-5.547150977630976,-5.054839151977851,-0.0775928914623148,-0.2772267097841543,-0.2393960876691084,-0.0961937272762118,-0.2164742466244803,-0.2459341912854765,,5,9,-1.7821084337325297,1.0,-0.1174928992986679,-0.1886438727378845,0.17,1.0,True,False,False,False,False,False,False,False,False,False
S1 ADX up,TR3z1/T60/noSL,948,245,0.6223628691983122,-0.0730790232732273,2.1113772945244316,-0.3576622378285604,0.2250932668511067,-29.91027758542,-14.029565147127396,-0.0588681253178349,-0.0856512888600059,-0.1722454341416157,0.0064420057899405,-0.1059233410697209,-0.1350087658752645,,4,9,-0.488052537038537,1.0,0.0313857272267341,-0.1297119110822677,0.11,0.97,True,False,False,False,False,False,False,False,False,False
S1 ADX up,TR3z1/T60/SL3,948,245,0.4662447257383966,-0.1931965789788293,-1.1600827942933143,-0.3761803252424808,-0.0138579966911202,-3.3985572733041134,-3.076862853710687,-0.1803732637240453,-0.2045412614606957,-0.2296388905800148,-0.1540316689980023,-0.2262054079710027,-0.255717944941902,,2,9,-2.0651400333876992,1.0,-0.1224353834986686,-0.1896251738071441,0.27,1.0,True,False,False,False,False,False,False,False,False,False
S1 ADX up,TR3z1/T60/SL5,948,245,0.5569620253164557,-0.2062431359874054,2.0027246148045754,-0.4207853938431299,0.0156242127173499,-5.547150977630976,-5.071973018564268,-0.114502073008893,-0.2874057066145189,-0.2785022144915361,-0.1115336207674415,-0.2397935201291493,-0.2695925386397008,,4,9,-1.7814017434645175,1.0,-0.1206844672560691,-0.169589877128601,0.34,1.0,True,False,False,False,False,False,False,False,False,False
S1 ADX up,TR3z1/T120/noSL,948,245,0.6972573839662447,0.0703269106108905,2.295272726677368,-0.2714418478318197,0.404077005592973,-38.67273797936422,-15.75435950213492,0.0198568340786633,0.1149773759326423,-0.0432804261744936,0.172436352573973,0.035807960505538,0.006006763467971,0.6441825532417034,5,9,0.4020451087850115,0.997,0.1783591955900192,-0.0839888080954551,0.02,0.72,True,False,True,True,False,False,False,False,False,True
S1 ADX up,TR3z1/T120/SL3,948,245,0.4820675105485232,-0.136911665798053,-3.0,-0.3183527375087813,0.0578584057497275,-3.3985572733041134,-3.07849980320785,-0.1052685229897916,-0.164906096314308,-0.1836207589559584,-0.0969072776835394,-0.1723369004162986,-0.2028858592987587,,2,9,-1.4050005061321087,1.0,-0.0646403059363365,-0.1791793406009674,0.14,1.0,True,False,False,False,False,False,False,False,False,False
S1 ADX up,TR3z1/T120/SL5,948,245,0.5917721518987342,-0.1654582111508473,2.114390444792881,-0.4008491198370872,0.0622468624406162,-5.547150977630976,-5.073402094364177,-0.0721844939130941,-0.2479767085083029,-0.2551829777243417,-0.0565598883342747,-0.2012273474797506,-0.2322920589522073,,4,9,-1.3608683801585406,1.0,-0.0691319033503532,-0.1408393532037735,0.31,1.0,True,False,False,False,False,False,False,False,False,False
S1 ADX up,LOCK2(live),948,245,0.5031645569620253,-0.0609525160159964,1.7087260567417395,-0.2594304459795372,0.1366386403744292,-3.5716470968015877,-3.181082663926883,-0.022811332721908,-0.0946957099839275,-0.1231058619142158,0.0094741459191792,-0.1228504866419686,-0.1721581281858065,,3,9,-0.5820939090294517,1.0,,,,,True,False,False,False,False,False,False,False,False,False
S2 +DI>-DI,TP0.5/T15/noSL,1306,255,0.7947932618683001,-0.1538206385326191,0.5051714249386343,-0.2449667837088905,-0.0671927855349097,-19.80164640659543,-5.950982207849748,-0.0927529785109106,-0.2076728113471518,-0.1877825601458753,-0.1382037810363383,-0.1578337057114709,-0.1611164660997346,,1,9,-3.5763807946955324,1.0,-0.1683076024055481,-0.1966528296470642,0.2,1.0,True,False,False,False,False,False,False,False,False,False
S2 +DI>-DI,TP0.5/T15/SL3,1306,255,0.7557427258805512,-0.1939263601737509,0.5044497591873545,-0.2665263211339446,-0.1232378073737128,-3.3985572733041134,-3.042314795890796,-0.1730738619233024,-0.2123150185732819,-0.2121504816000085,-0.1781704461442156,-0.1980935615633679,-0.2015042194317489,,0,9,-5.275034505591455,1.0,-0.2042025774717331,-0.2002419978380203,0.55,1.0,True,False,False,False,False,False,False,False,False,False
S2 +DI>-DI,TP0.5/T15/SL5,1306,255,0.7879019908116386,-0.1677311689137871,0.5051084929960883,-0.2527068468590885,-0.089202515521094,-5.111700149136621,-5.0162036719302705,-0.115085562853648,-0.2141564007708549,-0.200080245851153,-0.139468700902337,-0.1717976970087846,-0.1751343308202634,,1,9,-4.156990638889531,1.0,-0.1799657195806503,-0.201241061091423,0.24,1.0,True,False,False,False,False,False,False,False,False,False
S2 +DI>-DI,TP0.5/T30/noSL,1306,255,0.8491577335375191,-0.1310680813949323,0.5060813280859957,-0.2448102262761448,-0.0299841842584897,-31.05387013457568,-6.883073127477398,-0.1092583705706205,-0.1503008523235761,-0.1563186260963192,-0.1073103098109553,-0.1349937060021557,-0.1382940513798777,,2,9,-2.5232513740697833,1.0,-0.1428544968366623,-0.1931705325841903,0.14,1.0,True,False,False,False,False,False,False,False,False,False
S2 +DI>-DI,TP0.5/T30/SL3,1306,255,0.7863705972434916,-0.1813439341431921,0.5051151344384621,-0.255474264466778,-0.1056595040319511,-3.3985572733041134,-3.045443845322985,-0.161912723370436,-0.1984792381675823,-0.1974600217757313,-0.1603209930965441,-0.1854627787840368,-0.1888376070641721,,0,9,-4.837888420899276,1.0,-0.1908887773752212,-0.1999078541994094,0.39,1.0,True,False,False,False,False,False,False,False,False,False
S2 +DI>-DI,TP0.5/T30/SL5,1306,255,0.833843797856049,-0.1647188468723294,0.5058791908989959,-0.2571722486833308,-0.0720181204954708,-5.515441430530798,-5.026567287908897,-0.135886053930401,-0.1901448832995055,-0.18834370390376,-0.13189974281967,-0.1687737980186665,-0.1722044678254645,,1,9,-3.6728358462271906,1.0,-0.1735026985406875,-0.1997358649969101,0.23,1.0,True,False,False,False,False,False,False,False,False,False
S2 +DI>-DI,TP0.5/T60/noSL,1306,255,0.892802450229709,-0.109255218833179,0.5067250397275305,-0.2186976579723149,-0.0012664336792076,-30.5445417789412,-7.9729268082402145,-0.1184451236020987,-0.1011511529562642,-0.1475660390902229,-0.0669192520638341,-0.1131728362386795,-0.116494047030007,,3,9,-1.932638766498628,1.0,-0.1203463897109031,-0.1948608756065368,0.11,1.0,True,False,False,False,False,False,False,False,False,False
S2 +DI>-DI,TP0.5/T60/SL3,1306,255,0.8001531393568146,-0.1754166598253475,0.5053357515998571,-0.2502177143360921,-0.1023375910573787,-3.3985572733041134,-3.0458602080052857,-0.1413799467718985,-0.2054317439589365,-0.1955332708528446,-0.1505580834015812,-0.1795127247801128,-0.182864597604986,,0,9,-4.663417164618296,1.0,-0.1847189366817474,-0.2049591094255447,0.25,1.0,True,False,False,False,False,False,False,False,False,False
S2 +DI>-DI,TP0.5/T60/SL5,1306,255,0.8598774885145483,-0.178976017310488,0.5061823980762505,-0.2776283940839981,-0.0897457319073142,-5.515441430530798,-5.031324307776897,-0.1527533379109867,-0.2021003397780597,-0.2090183332682099,-0.1392103708913727,-0.1830857615791856,-0.1865716472947819,,2,9,-3.878685545341434,1.0,-0.1908774822950363,-0.2074125111103058,0.35,1.0,True,False,False,False,False,False,False,False,False,False
S2 +DI>-DI,TP0.5/T120/noSL,1306,255,0.9096477794793262,-0.1391172971592191,0.5069237398143702,-0.2692958126672236,-0.0137517107551028,-37.317926834292734,-9.530598442235076,-0.2002026781973423,-0.0852494971659462,-0.1670305988813608,-0.089337511135176,-0.1432932222979454,-0.1468364155144965,,3,9,-2.039257212380083,1.0,-0.1582454293966293,-0.1941211819648742,0.31,1.0,True,False,False,False,False,False,False,False,False,False
S2 +DI>-DI,TP0.5/T120/SL3,1306,255,0.8016845329249617,-0.1797047522992686,0.5053497310792534,-0.2579687233863685,-0.1083509017258455,-3.3985572733041134,-3.0461097120519827,-0.1456474905650387,-0.2097379571715288,-0.1963603471484481,-0.1549177744465805,-0.1838172972404824,-0.1871857772121935,,0,9,-4.779047496161698,1.0,-0.1896721571683883,-0.2064282298088073,0.3,1.0,True,False,False,False,False,False,False,False,False,False
S2 +DI>-DI,TP0.5/T120/SL5,1306,255,0.8660030627871363,-0.1891733801659765,0.5062435213349716,-0.2827415481179291,-0.0997690038929604,-5.515441430530798,-5.0329944160543105,-0.1669025402685078,-0.2088127951764243,-0.2141496148265012,-0.1482313202298738,-0.1933223149145183,-0.1968476935056367,,2,9,-4.083153065548514,1.0,-0.2015765458345413,-0.2071581780910492,0.49,1.0,True,False,False,False,False,False,False,False,False,False
S2 +DI>-DI,TP1/T15/noSL,1306,255,0.6791730474732006,-0.1779647817793006,1.00315546579869,-0.2906294008932753,-0.075594719266132,-20.120069396355,-6.932937249443651,-0.1258631812531483,-0.2239102854133139,-0.1999649693867643,-0.1568806026078589,-0.1840362569068846,-0.1895102973436989,,1,9,-3.1509102692790747,1.0,-0.1978518813848495,-0.1936975717544555,0.57,1.0,True,False,False,False,False,False,False,False,False,False
S2 +DI>-DI,TP1/T15/SL3,1306,255,0.6309341500765697,-0.2160510482882926,1.002396661909312,-0.3006747877709746,-0.1239608617711183,-3.3985572733041134,-3.0504816290325083,-0.2153023181097778,-0.2167113117886544,-0.2354944882570862,-0.1975242326367307,-0.2222688964616452,-0.2278904393658775,,0,9,-4.744682863390578,1.0,-0.2264368832111358,-0.2010659426450729,0.78,1.0,True,False,False,False,False,False,False,False,False,False
S2 +DI>-DI,TP1/T15/SL5,1306,255,0.6699846860643185,-0.1872874042718627,1.0030249777396096,-0.2861430721317698,-0.083782966258641,-5.111700149136621,-5.02112695406014,-0.1425170725620271,-0.22676786969898,-0.2182096236786247,-0.1505477909720363,-0.1933947080792797,-0.19890485365179,,1,9,-3.607320569791088,1.0,-0.202513113617897,-0.1999572217464447,0.55,1.0,True,False,False,False,False,False,False,False,False,False
S2 +DI>-DI,TP1/T30/noSL,1306,255,0.7480857580398163,-0.1488552560314336,1.004585856506092,-0.2906686699477033,-0.020960641114106,-31.05387013457568,-8.500596009714382,-0.0845594123216197,-0.205554184490232,-0.1705628955500807,-0.1093393449265148,-0.1548148626428562,-0.1603240273019326,,0,9,-2.1143071659281447,1.0,-0.1690595597028732,-0.1876188516616821,0.38,1.0,True,False,False,False,False,False,False,False,False,False
S2 +DI>-DI,TP1/T30/SL3,1306,255,0.664624808575804,-0.2060198226358394,1.0031811109826665,-0.2974287312128986,-0.1163667537491825,-3.3985572733041134,-3.056517661882703,-0.1990441855613178,-0.2121712489897404,-0.2284842300853924,-0.1801021197948354,-0.2121991188274379,-0.2178155881073077,,0,9,-4.324071070397223,1.0,-0.2147597968578338,-0.1974451839923858,0.69,1.0,True,False,False,False,False,False,False,False,False,False
S2 +DI>-DI,TP1/T30/SL5,1306,255,0.7281776416539051,-0.1667706467765094,1.0044260570870835,-0.2876802047071191,-0.0486091710336585,-5.515441430530798,-5.032593691189715,-0.1064878566471325,-0.2199306864871415,-0.19790906903717,-0.1182949250402156,-0.172799105773578,-0.178377654086708,,1,9,-2.779732487572228,1.0,-0.1791601777076721,-0.1955786347389221,0.39,1.0,True,False,False,False,False,False,False,False,False,False
S2 +DI>-DI,TP1/T60/noSL,1306,255,0.8101071975497703,-0.1285127613637274,1.0057075689348896,-0.2897790104761806,0.0168883145053495,-30.5445417789412,-9.890406170961567,-0.1199583126381488,-0.1360564538998284,-0.1512655477963286,-0.0783827158970422,-0.1343941877496783,-0.1398245689408027,,5,9,-1.5911426428606488,1.0,-0.14020636677742,-0.1831339001655578,0.3,1.0,True,False,False,False,False,False,False,False,False,False
S2 +DI>-DI,TP1/T60/SL3,1306,255,0.6868300153139357,-0.2091174819697758,1.0038385793785145,-0.3097192700670912,-0.1097380766092748,-3.3985572733041134,-3.05859832084453,-0.1875097470770334,-0.2281721415581885,-0.2291250859110375,-0.1795934382672366,-0.2153086830781073,-0.2209371491336356,,0,9,-4.257871275247806,1.0,-0.2164121866226196,-0.2021761685609817,0.68,1.0,True,False,False,False,False,False,False,False,False,False
S2 +DI>-DI,TP1/T60/SL5,1306,255,0.7687595712098009,-0.1940272487216602,1.0051237432961782,-0.3193041621206794,-0.0704842848570882,-5.515441430530798,-5.043619865528569,-0.1295080381855732,-0.2509231519609761,-0.2233517572417512,-0.142150342226877,-0.2001604602242827,-0.2058445693184726,,1,9,-3.1298365623791007,1.0,-0.2074732333421707,-0.1983624249696731,0.57,1.0,True,False,False,False,False,False,False,False,False,False
S2 +DI>-DI,TP1/T120/noSL,1306,255,0.8483920367534457,-0.168277805828934,1.0064081120009685,-0.3655831159735966,0.0232488509022486,-38.67273797936422,-11.99818881991623,-0.1883338820313956,-0.1505914677368497,-0.1953355325723416,-0.1184141620614143,-0.1745753080017531,-0.1802803126060685,,3,9,-1.6038702805008975,1.0,-0.1893855631351471,-0.1689395457506179,0.6,1.0,True,False,False,False,False,False,False,False,False,False
S2 +DI>-DI,TP1/T120/SL3,1306,255,0.6944869831546707,-0.2068601782728331,1.0040250966687605,-0.3103862187461813,-0.1095855390976192,-3.3985572733041134,-3.0587274122898314,-0.1793352219515234,-0.2311329063256307,-0.2262418743655391,-0.1783171476127371,-0.2130427041171487,-0.2186624279698955,,0,9,-4.144003460856458,1.0,-0.2160366475582122,-0.2057485580444336,0.61,1.0,True,False,False,False,False,False,False,False,False,False
S2 +DI>-DI,TP1/T120/SL5,1306,255,0.7871362940275651,-0.2078631881719206,1.005428424073486,-0.3331531719125166,-0.0732260719621475,-5.515441430530798,-5.0452134865691685,-0.1277087746400706,-0.2785469073095174,-0.2355353845842298,-0.1493436755917255,-0.2140495739230069,-0.2197872675607876,,1,9,-3.132350506998214,1.0,-0.2215583771467209,-0.1943038552999496,0.7,1.0,True,False,False,False,False,False,False,False,False,False
S2 +DI>-DI,TP1.5/T15/noSL,1306,255,0.608728943338438,-0.1436506049449916,1.5008465612073931,-0.2692123811344697,-0.0177737199826744,-20.120069396355,-7.284952714194445,-0.1229231833526997,-0.1619289651964076,-0.1688740148417449,-0.1235383956262785,-0.1510727694041749,-0.1580515773100734,,2,9,-2.1944873182580333,1.0,-0.1673652529716491,-0.1964093446731567,0.3,1.0,True,False,False,False,False,False,False,False,False,False
S2 +DI>-DI,TP1.5/T15/SL3,1306,255,0.554364471669219,-0.2190588264227921,1.0299486830211548,-0.3223812187762892,-0.1184536736981816,-3.3985572733041134,-3.05596621013979,-0.2661543001759213,-0.1775279475511566,-0.2486497772996638,-0.1923626624464573,-0.2267707995732814,-0.2339878905691005,,1,9,-4.223758842098313,1.0,-0.2306019961833953,-0.2033050954341888,0.72,1.0,True,False,False,False,False,False,False,False,False,False
S2 +DI>-DI,TP1.5/T15/SL5,1306,255,0.5957120980091883,-0.1841356318951563,1.500571299354993,-0.3096327371413691,-0.0664898420725177,-5.111700149136621,-5.022833529925087,-0.1718252171719662,-0.1949915019392376,-0.2202181731275118,-0.1469444231792081,-0.1917133883103357,-0.1988489887274461,,2,9,-3.03257059920626,1.0,-0.2025104761123657,-0.2033786624670028,0.48,1.0,True,False,False,False,False,False,False,False,False,False
S2 +DI>-DI,TP1.5/T30/noSL,1306,255,0.6753445635528331,-0.0893569804742029,1.5033055020889932,-0.2471366929106687,0.0630854586377468,-31.05387013457568,-9.004485794263575,-0.0402785793322768,-0.1326364927203971,-0.1121410260192455,-0.0595182241795511,-0.0967464332898211,-0.1037262370182917,,4,9,-1.1514202427007882,1.0,-0.1135322824120521,-0.1874355524778366,0.12,1.0,True,False,False,False,False,False,False,False,False,False
S2 +DI>-DI,TP1.5/T30/SL3,1306,255,0.5781010719754976,-0.2206538390512889,1.501302598934008,-0.3354503647752237,-0.1005201368599074,-3.3985572733041134,-3.061768981329799,-0.2501474095222025,-0.1946450996734804,-0.2398618550913212,-0.1833934037186918,-0.2285392483728372,-0.2359034182924133,,0,9,-3.903196169839759,1.0,-0.2301928251981735,-0.1998774409294128,0.74,1.0,True,False,False,False,False,False,False,False,False,False
S2 +DI>-DI,TP1.5/T30/SL5,1306,255,0.6493108728943339,-0.1582749596937298,1.5026520812978963,-0.2922370407253267,-0.0202150615992152,-5.547150977630976,-5.042830915667457,-0.1085667552164405,-0.2021098604719733,-0.2013402001569449,-0.1012229432402505,-0.1659292779175704,-0.1731759907688332,,2,9,-2.238009440864124,1.0,-0.171774610877037,-0.1975172460079193,0.31,1.0,True,False,False,False,False,False,False,False,False,False
S2 +DI>-DI,TP1.5/T60/noSL,1306,255,0.7427258805513017,-0.0851284730041592,1.5049144046612295,-0.262428953291363,0.0796383110131513,-30.5445417789412,-10.711077847005171,-0.0858196118491258,-0.0845189960976468,-0.1111207852067843,-0.0514970934482635,-0.0925413427902618,-0.0995676478609859,,2,9,-0.9273670854964188,1.0,-0.1046732813119888,-0.1815422177314758,0.16,1.0,True,False,False,False,False,False,False,False,False,False
S2 +DI>-DI,TP1.5/T60/SL3,1306,255,0.5972434915773354,-0.2474076074972223,1.5021081768842328,-0.3649486432604196,-0.1333366385994882,-3.3985572733041134,-3.0640617658980944,-0.265110265549614,-0.2317966179755168,-0.2640286844479927,-0.2203827301120305,-0.2553958368358573,-0.2628636201368493,,0,9,-4.230653290717084,1.0,-0.2555661499500274,-0.2031790316104889,0.85,1.0,True,False,False,False,False,False,False,False,False,False
S2 +DI>-DI,TP1.5/T60/SL5,1306,255,0.6906584992343032,-0.2011003076250716,1.5041883911273937,-0.3502936702031524,-0.0612153626933375,-5.547150977630976,-5.05448834996294,-0.1709359518431229,-0.2277005752598737,-0.2357607241289669,-0.1619620554207398,-0.2089192121207469,-0.2163358036674068,,2,9,-2.811428098257898,1.0,-0.2154664993286132,-0.1989827305078506,0.65,1.0,True,False,False,False,False,False,False,False,False,False
S2 +DI>-DI,TP1.5/T120/noSL,1306,255,0.7978560490045942,-0.1362989317997082,1.5057209828933895,-0.3486584336213905,0.0875820861124859,-38.67273797936422,-13.430409328532331,-0.1833633828345217,-0.0947954101378841,-0.1951879681380238,-0.1045408248937664,-0.1440572008696783,-0.1513438684545398,,3,9,-1.1839862620939483,1.0,-0.1623903810977935,-0.1627975702285766,0.5,1.0,True,False,False,False,False,False,False,False,False,False
S2 +DI>-DI,TP1.5/T120/SL3,1306,255,0.607197549770291,-0.2495677264291857,1.5023584532677727,-0.3726553976380682,-0.1353105079421548,-3.3985572733041134,-3.066665297877597,-0.2655510544995421,-0.235472918390197,-0.2669457058914388,-0.2273163853094467,-0.2575642575315868,-0.2650404066531642,,0,9,-4.197349645428516,1.0,-0.2580401599407196,-0.2070013582706451,0.83,1.0,True,False,False,False,False,False,False,False,False,False
S2 +DI>-DI,TP1.5/T120/SL5,1306,255,0.7159264931087289,-0.2319611995529353,1.5046614503880908,-0.3739807834639377,-0.0692077374646942,-5.547150977630976,-5.056312432750518,-0.1882465287571088,-0.2705107363354221,-0.2759054597791707,-0.183459196647781,-0.2398987085525609,-0.2474348197613808,,2,9,-3.050059079323075,1.0,-0.2450139820575714,-0.1937203258275985,0.79,1.0,True,False,False,False,False,False,False,False,False,False
S2 +DI>-DI,TP2/T15/noSL,1306,255,0.5467075038284839,-0.1636523203013568,0.4222302779645094,-0.304467070141083,-0.0273508677789857,-20.120069396355,-7.488482033908941,-0.1409933250130386,-0.1836340279619487,-0.1953484379435885,-0.1184978203072136,-0.1731299800264376,-0.1820341311617157,,3,9,-2.338071780728012,1.0,-0.1976752877235412,-0.1942850649356842,0.54,1.0,True,False,False,False,False,False,False,False,False,False
S2 +DI>-DI,TP2/T15/SL3,1306,255,0.4977029096477794,-0.2349889949095994,-0.0197115212266605,-0.3475806188229515,-0.1237684602155687,-3.3985572733041134,-3.0569134816752865,-0.2902932820854918,-0.1862192200513196,-0.2659140370383059,-0.186078784314056,-0.2447408155670715,-0.2539076755546453,,1,9,-4.128468614025674,1.0,-0.257077693939209,-0.2027526348829269,0.91,1.0,True,False,False,False,False,False,False,False,False,False
S2 +DI>-DI,TP2/T15/SL5,1306,255,0.5352220520673813,-0.2110497900324989,0.3315944590865717,-0.3445145302852527,-0.0865158412990355,-5.111700149136621,-5.024280638984175,-0.1834632540806844,-0.2353768217364045,-0.254401947443665,-0.1516231046545794,-0.2207096075966696,-0.2297973221099191,,1,9,-3.180175543628598,1.0,-0.243407055735588,-0.203214019536972,0.82,1.0,True,False,False,False,False,False,False,False,False,False
S2 +DI>-DI,TP2/T30/noSL,1306,255,0.6163859111791731,-0.0946234716032766,2.001344026755515,-0.2525691018990673,0.067269243266396,-31.05387013457568,-9.505773960052576,-0.0296116052428744,-0.1519538206127379,-0.1217748225939485,-0.0500846242233387,-0.1041710108005142,-0.1129008190608213,,4,9,-1.1375623701591675,1.0,-0.12891486287117,-0.1835177391767501,0.24,1.0,True,False,False,False,False,False,False,False,False,False
S2 +DI>-DI,TP2/T30/SL3,1306,255,0.5176110260336907,-0.2284508958333622,0.6064460140879482,-0.348652645334159,-0.1093711567284925,-3.3985572733041134,-3.062523704453182,-0.2505273259319471,-0.2089829200115553,-0.2548017001830063,-0.1748388314356867,-0.2384862364961134,-0.2476845911590153,,1,9,-3.6763813023129615,1.0,-0.2479325532913208,-0.1981365978717804,0.88,1.0,True,False,False,False,False,False,False,False,False,False
S2 +DI>-DI,TP2/T30/SL5,1306,255,0.5865237366003063,-0.1925537858577965,2.000750350492998,-0.3443007086917384,-0.0343983695295765,-5.547150977630976,-5.045080045135166,-0.1122981618890226,-0.2633267568504329,-0.2402188294727286,-0.1224679258765092,-0.202477690597903,-0.2115867684561938,,4,9,-2.5148215185161904,1.0,-0.2200814038515091,-0.1961395889520645,0.66,1.0,True,False,False,False,False,False,False,False,False,False
S2 +DI>-DI,TP2/T60/noSL,1306,255,0.6891271056661562,-0.0967664869648461,2.003500619777744,-0.2944812237827424,0.1160125157401324,-30.5445417789412,-12.039903200940218,-0.0925124464523114,-0.1005178886848336,-0.1220968178040029,-0.0323283291610755,-0.1063736142720825,-0.1151812707203254,,6,9,-0.9115231833504356,1.0,-0.1217804998159408,-0.1755455434322357,0.28,1.0,True,False,False,False,False,False,False,False,False,False
S2 +DI>-DI,TP2/T60/SL3,1306,255,0.5359877488514548,-0.2530588566365191,2.000242019101585,-0.392666781472814,-0.1234149402134115,-3.3985572733041134,-3.06611350483544,-0.2741193253343356,-0.2344868006666867,-0.2838398140699248,-0.2127956193525561,-0.2631887705537022,-0.2724824282029374,,1,9,-3.863537338918776,1.0,-0.2685431838035583,-0.1985701918601989,0.91,1.0,True,False,False,False,False,False,False,False,False,False
S2 +DI>-DI,TP2/T60/SL5,1306,255,0.6301684532924962,-0.2242847585412469,2.0024284663150773,-0.386213392292932,-0.0652460571818916,-5.547150977630976,-5.057466376318855,-0.1644290903305268,-0.2770681431881643,-0.2590878004371142,-0.1646121103687753,-0.2343819637561557,-0.2436834795774083,,2,9,-2.7528725995035814,1.0,-0.250173956155777,-0.1935770213603973,0.81,1.0,True,False,False,False,False,False,False,False,False,False
S2 +DI>-DI,TP2/T120/noSL,1306,255,0.7480857580398163,-0.1382326793806902,2.0048643315023775,-0.396559606352481,0.0834982551304091,-38.67273797936422,-14.695838415147811,-0.2280742070020898,-0.0590064331208969,-0.1926278585398685,-0.0745294257480514,-0.1481730747935943,-0.1572718428365757,,3,9,-1.081898351301668,1.0,-0.1646140962839126,-0.1563626527786255,0.57,1.0,True,False,False,False,False,False,False,False,False,False
S2 +DI>-DI,TP2/T120/SL3,1306,255,0.5459418070444104,-0.2536084056123612,2.000750350492998,-0.3845712035330926,-0.1164889671973935,-3.3985572733041134,-3.068634416787698,-0.2768125413423398,-0.2331459689167606,-0.2765613774523913,-0.2141612954038909,-0.2637404315548167,-0.2730362175258154,,1,9,-3.8501571836346287,1.0,-0.2690790593624115,-0.2029400318861007,0.84,1.0,True,False,False,False,False,False,False,False,False,False
S2 +DI>-DI,TP2/T120/SL5,1306,255,0.6607963246554365,-0.2341629862798494,2.003231986570965,-0.4056135879148956,-0.0659666140066812,-5.547150977630976,-5.058868285337888,-0.1714179241112556,-0.2894943667512896,-0.275411474207142,-0.1723729564680746,-0.2442981554753065,-0.2536469116464443,,2,9,-2.7560447174534786,1.0,-0.2578391134738922,-0.1867929697036743,0.87,1.0,True,False,False,False,False,False,False,False,False,False
S2 +DI>-DI,TP3/T15/noSL,1306,255,0.4908116385911179,-0.1855733858304201,-0.0607976232561911,-0.3433794253464459,-0.0283203676379807,-20.120069396355,-7.895437044413627,-0.1757321848106656,-0.1942517936461114,-0.2254302129974025,-0.1311478585471873,-0.1986567691137887,-0.2113666270471532,,1,9,-2.341680300481855,1.0,-0.2316289693117141,-0.2042844742536544,0.69,1.0,True,False,False,False,False,False,False,False,False,False
S2 +DI>-DI,TP3/T15/SL3,1306,255,0.4418070444104134,-0.2561138459483467,-0.4671319413868711,-0.3840546241967476,-0.1325584213043266,-3.3985572733041134,-3.06146840525543,-0.307844542603943,-0.2104954218082531,-0.2785700715125277,-0.2139879113844253,-0.2694560188481248,-0.2824124757924016,,0,9,-3.929842248915886,1.0,-0.2864489555358886,-0.2125079035758972,0.9,1.0,True,False,False,False,False,False,False,False,False,False
S2 +DI>-DI,TP3/T15/SL5,1306,255,0.4793261868300153,-0.2396274314269191,-0.1478133999520779,-0.3887400870965991,-0.0921047527633853,-5.20929842461748,-5.027745228638516,-0.2230890623100815,-0.2542116992936404,-0.2854839896927058,-0.1737102902671222,-0.25291855508537,-0.26583775632881,,1,9,-3.189960540303361,1.0,-0.2828726470470428,-0.2135894894599914,0.88,1.0,True,False,False,False,False,False,False,False,False,False
S2 +DI>-DI,TP3/T30/noSL,1306,255,0.5344563552833078,-0.1352079540881264,0.4617019250932954,-0.3252154337494708,0.0532405294374369,-31.05387013457568,-10.09829147335044,-0.101343150755608,-0.1650714406003761,-0.1857670098828789,-0.073091742837579,-0.1483837065874554,-0.1610647881155592,,3,9,-1.4265999539430827,1.0,-0.1728151887655258,-0.1944551318883896,0.37,1.0,True,False,False,False,False,False,False,False,False,False
S2 +DI>-DI,TP3/T30/SL3,1306,255,0.442572741194487,-0.2570841643510914,-0.6681328555476527,-0.3937981426320493,-0.1125552894433842,-3.3985572733041134,-3.068128693641826,-0.2459854540379623,-0.2668714996704502,-0.2925252200757861,-0.2279293844323638,-0.2707165467280357,-0.2837854629248054,,1,9,-3.5885169624532036,1.0,-0.2798294723033905,-0.2100622355937957,0.89,1.0,True,False,False,False,False,False,False,False,False,False
S2 +DI>-DI,TP3/T30/SL5,1306,255,0.5091883614088821,-0.2295253691268547,0.1094062734782421,-0.3954002411387118,-0.059779145838441,-5.547150977630976,-5.049120522195503,-0.150309806283254,-0.299381168060981,-0.2727429582709206,-0.1560630519514845,-0.2430636020836733,-0.2561099609863767,,4,9,-2.694182890252652,1.0,-0.2591180801391601,-0.2073398232460022,0.84,1.0,True,False,False,False,False,False,False,False,False,False
S2 +DI>-DI,TP3/T60/noSL,1306,255,0.599540581929556,-0.1277870448403487,3.0007828505124303,-0.373810310777931,0.1236017762335895,-30.5445417789412,-13.10586586154098,-0.1496027447634416,-0.1085489924586011,-0.1809109803569211,-0.0406869915901845,-0.1410225707576571,-0.1537820281808999,,6,9,-0.997470633888196,1.0,-0.1514258235692978,-0.1808237433433532,0.42,1.0,True,False,False,False,False,False,False,False,False,False
S2 +DI>-DI,TP3/T60/SL3,1306,255,0.4494640122511485,-0.2498603512526117,-1.5612983130948042,-0.3973752361903382,-0.0923000064404647,-3.3985572733041134,-3.0723287270308055,-0.2243894315300554,-0.2723217386736556,-0.284714986795094,-0.2226168842102489,-0.2635650290008662,-0.2766676816923888,,1,9,-3.2484684178867336,1.0,-0.2690390944480896,-0.2067589908838272,0.81,1.0,True,False,False,False,False,False,False,False,False,False
S2 +DI>-DI,TP3/T60/SL5,1306,255,0.5421133231240429,-0.2193362964746989,1.9731686751736104,-0.4064191702258472,-0.0370043276666778,-5.547150977630976,-5.0633189005649655,-0.1614227925474599,-0.2704069944624083,-0.2575052721664083,-0.1563338501271934,-0.2329236642507094,-0.2460376783618113,,4,9,-2.319457437795646,1.0,-0.2433116436004638,-0.2006528079509735,0.71,1.0,True,False,False,False,False,False,False,False,False,False
S2 +DI>-DI,TP3/T120/noSL,1306,255,0.667687595712098,-0.1323637386975283,3.003080993887243,-0.4192943001532789,0.1614582467172652,-38.67273797936422,-15.99990565374164,-0.2782763335123444,-0.0036915369299961,-0.1824330083657767,0.005517080312803,-0.145740703318133,-0.1588288066820377,,4,9,-0.8811825656168993,1.0,-0.1622747331857681,-0.1599777191877365,0.52,1.0,True,False,False,False,False,False,False,False,False,False
S2 +DI>-DI,TP3/T120/SL3,1306,255,0.4624808575803981,-0.2160436080191095,-3.000213634444997,-0.3686524245747457,-0.055872190396208,-3.3985572733041134,-3.0759215924243364,-0.1864872921993348,-0.2421076790302077,-0.2516001832659584,-0.1908758248005518,-0.2296183213429463,-0.2426351634596714,,1,9,-2.7581796532637144,1.0,-0.2332918792963028,-0.2091174572706222,0.67,1.0,True,False,False,False,False,False,False,False,False,False
S2 +DI>-DI,TP3/T120/SL5,1306,255,0.5750382848392037,-0.2354757831452023,3.0009469810654124,-0.4345096394269571,-0.0386284314670198,-5.547150977630976,-5.065215300380174,-0.1762745367065588,-0.2876820696300002,-0.286969526063689,-0.176275055420108,-0.249125178156687,-0.2623240535475772,,4,9,-2.3249306110835537,1.0,-0.2555170655250549,-0.1931502521038055,0.75,1.0,True,False,False,False,False,False,False,False,False,False
S2 +DI>-DI,TR0.5z0.3/T15/noSL,1306,255,0.7825421133231241,-0.1775466667176052,0.3105509189894619,-0.2647432533078893,-0.0916371237943626,-19.80164640659543,-5.950982207849748,-0.1097548461676481,-0.2373285027069046,-0.2228861353162928,-0.1565723903736975,-0.1952470098976389,-0.2029189470559448,,1,9,-4.027772667209377,1.0,-0.1095703542232513,-0.1576930880546569,0.11,1.0,True,False,False,False,False,False,False,False,False,False
S2 +DI>-DI,TR0.5z0.3/T15/SL3,1306,255,0.7457886676875957,-0.2122904571700177,0.2994186304959635,-0.2916884791867752,-0.1365575838656264,-3.3985572733041134,-3.042314795890796,-0.1850576304801391,-0.2363055723489883,-0.241061680784343,-0.1947254988518285,-0.2301243276000607,-0.237930822311231,,1,9,-5.462931656989587,1.0,-0.1506586819887161,-0.1646024584770202,0.32,1.0,True,False,False,False,False,False,False,False,False,False
S2 +DI>-DI,TR0.5z0.3/T15/SL5,1306,255,0.776416539050536,-0.189426783670022,0.3094227580009225,-0.2702511396139606,-0.1095005448137716,-5.111700149136621,-5.0162036719302705,-0.1293654667268192,-0.2423915184960163,-0.2329193291872845,-0.1634411934866825,-0.2071727844863063,-0.2148907315774389,,1,9,-4.501336812888159,1.0,-0.1224916130304336,-0.1637046486139297,0.12,1.0,True,False,False,False,False,False,False,False,False,False
S2 +DI>-DI,TR0.5z0.3/T30/noSL,1306,255,0.835375191424196,-0.1603296587822857,0.3359386997732984,-0.2721323063400145,-0.0569754724564772,-31.05387013457568,-6.883073127477398,-0.132555346296361,-0.1848222801675679,-0.1941118769799412,-0.1381297898659548,-0.1779638335997702,-0.1856061474209763,,2,9,-3.018201589479992,1.0,-0.0798868387937545,-0.1476519405841827,0.1,1.0,True,False,False,False,False,False,False,False,False,False
S2 +DI>-DI,TR0.5z0.3/T30/SL3,1306,255,0.776416539050536,-0.202269530712375,0.3100866905759848,-0.2826560270530577,-0.121260602235187,-3.3985572733041134,-3.045443845322985,-0.1782801658114324,-0.2234244173397192,-0.2260900673566092,-0.1838713014625597,-0.220064888742504,-0.2278325738901805,,1,9,-5.154026197600255,1.0,-0.1350070685148239,-0.1607549637556076,0.22,1.0,True,False,False,False,False,False,False,False,False,False
S2 +DI>-DI,TR0.5z0.3/T30/SL5,1306,255,0.821592649310873,-0.190165260352304,0.3308331312234193,-0.2835584001207428,-0.101339233876977,-5.515441430530798,-5.026567287908897,-0.1557299602880778,-0.2205318362014487,-0.2254226382953809,-0.1592510919715195,-0.2079140992803573,-0.2156719619660719,,1,9,-4.097962592439446,1.0,-0.1128199622035026,-0.15692238509655,0.17,1.0,True,False,False,False,False,False,False,False,False,False
S2 +DI>-DI,TR0.5z0.3/T60/noSL,1306,255,0.877488514548239,-0.1414320189192557,0.3520963391036038,-0.260378204272722,-0.0357808112600057,-30.5445417789412,-7.9729268082402145,-0.1443745005660819,-0.1388372080145616,-0.192180963029878,-0.1014240918804026,-0.1589935663737,-0.1665626924355463,,2,9,-2.448036883778487,1.0,-0.0549410916864872,-0.1418489813804626,0.08,1.0,True,False,False,False,False,False,False,False,False,False
S2 +DI>-DI,TR0.5z0.3/T60/SL3,1306,255,0.7894333843797856,-0.1969699072505636,0.3208452578479139,-0.2769944427440095,-0.1181719557129602,-3.3985572733041134,-3.0458602080052857,-0.159917068385814,-0.229644744981438,-0.2275932980415948,-0.1748174852087556,-0.2147448977808395,-0.2224920582720281,,1,9,-4.990383117796008,1.0,-0.1283035576343536,-0.163136824965477,0.13,1.0,True,False,False,False,False,False,False,False,False,False
S2 +DI>-DI,TR0.5z0.3/T60/SL5,1306,255,0.8468606431852986,-0.2053294069287206,0.3428132430052812,-0.2997873227954271,-0.1100248257321841,-5.515441430530798,-5.031324307776897,-0.1747056142727821,-0.2323348263890007,-0.2470823198646158,-0.1675863833966521,-0.223136524667598,-0.2309531158463189,,2,9,-4.302200959328,1.0,-0.129800483584404,-0.1595769822597503,0.23,1.0,True,False,False,False,False,False,False,False,False,False
S2 +DI>-DI,TR0.5z0.3/T120/noSL,1306,255,0.8920367534456355,-0.1733014680160029,0.3582020610560356,-0.3098187213016489,-0.0452016548311167,-37.317926834292734,-9.530598442235076,-0.2271523007173065,-0.1258134138183115,-0.2116995291081726,-0.1254432583017233,-0.1909854960588284,-0.1987726571206511,,2,9,-2.502448913512119,1.0,-0.0832341015338897,-0.1336994916200637,0.26,1.0,True,False,False,False,False,False,False,False,False,False
S2 +DI>-DI,TR0.5z0.3/T120/SL3,1306,255,0.7909647779479326,-0.2012219669023694,0.3212513893609005,-0.2792398502472086,-0.1269123750575933,-3.3985572733041134,-3.0461097120519827,-0.1641077186075774,-0.2339509581940304,-0.2286632214215616,-0.1791364678924378,-0.2190132989378404,-0.2267769270260854,,1,9,-5.101092287961603,1.0,-0.1332056522369384,-0.1633508801460266,0.21,1.0,True,False,False,False,False,False,False,False,False,False
S2 +DI>-DI,TR0.5z0.3/T120/SL5,1306,255,0.8529862174578867,-0.2160070582622983,0.3436840424297051,-0.3089639375978046,-0.1180518514527809,-5.515441430530798,-5.0329944160543105,-0.189077578766511,-0.2397546684228485,-0.2530322944663371,-0.1770643908367017,-0.2338552123245176,-0.2417131564648779,,2,9,-4.523670280165976,1.0,-0.1396639496088028,-0.1558644324541092,0.38,1.0,True,False,False,False,False,False,False,False,False,False
S2 +DI>-DI,TR0.5z0.5/T15/noSL,1306,255,0.7580398162327718,-0.1753480759393084,0.2195437514692546,-0.2651775784945886,-0.081365548986088,-19.80164640659543,-5.950982207849748,-0.0971012968000498,-0.244349558407934,-0.2237178016469161,-0.1560083295489972,-0.1945638669671436,-0.2052243257513673,,1,9,-3.9472728806738817,1.0,-0.1195136681199073,-0.1698735058307647,0.11,1.0,True,False,False,False,False,False,False,False,False,False
S2 +DI>-DI,TR0.5z0.5/T15/SL3,1306,255,0.722052067381317,-0.2117522392302322,0.196668101511578,-0.2929935937513705,-0.1362911143814159,-3.3985572733041134,-3.042314795890796,-0.1711825305000374,-0.2475284088885595,-0.2443266729314399,-0.192158857599334,-0.2311079386488858,-0.2419093853639804,,1,9,-5.38384647248666,1.0,-0.1601748019456863,-0.1760467141866684,0.32,1.0,True,False,False,False,False,False,False,False,False,False
S2 +DI>-DI,TR0.5z0.5/T15/SL5,1306,255,0.7519142419601837,-0.1873136544499773,0.2138716270441833,-0.2711743769933674,-0.102373577705003,-5.111700149136621,-5.0162036719302705,-0.1163254193813066,-0.2499142306200443,-0.233846309604225,-0.1557290580177927,-0.2065754315597137,-0.2172822312567174,,1,9,-4.401076413016849,1.0,-0.1316494643688202,-0.1757466495037078,0.11,1.0,True,False,False,False,False,False,False,False,False,False
S2 +DI>-DI,TR0.5z0.5/T30/noSL,1306,255,0.8101071975497703,-0.1580102093564579,0.2494964100001619,-0.2693919213173653,-0.059228017491932,-31.05387013457568,-6.883073127477398,-0.1200993394629412,-0.1914416969282622,-0.1953676207843457,-0.1317201504109253,-0.177159367538087,-0.1877526793337727,,1,9,-2.9609393116039926,1.0,-0.0910994336009025,-0.1619834899902343,0.09,1.0,True,False,False,False,False,False,False,False,False,False
S2 +DI>-DI,TR0.5z0.5/T30/SL3,1306,255,0.7526799387442573,-0.2006759391534746,0.2158326378286625,-0.2845773171786954,-0.1237571775924719,-3.3985572733041134,-3.045443845322985,-0.162068163380285,-0.2347219892589386,-0.2287368854378729,-0.1770444659650177,-0.219989070162917,-0.2307476200088527,,1,9,-5.047086766030574,1.0,-0.1431852281093597,-0.173598513007164,0.19,1.0,True,False,False,False,False,False,False,False,False,False
S2 +DI>-DI,TR0.5z0.5/T30/SL5,1306,255,0.7963246554364471,-0.1883326007987636,0.2431923158446274,-0.2820551686324586,-0.0999211573842142,-5.515441430530798,-5.026567287908897,-0.1420776738633014,-0.2291222481827734,-0.2272212920683656,-0.1528445746631128,-0.2075982939206013,-0.2183090398458491,,1,9,-4.018781552442693,1.0,-0.1228896379470825,-0.170671671628952,0.13,1.0,True,False,False,False,False,False,False,False,False,False
S2 +DI>-DI,TR0.5z0.5/T60/noSL,1306,255,0.8514548238897397,-0.1408046338187628,0.2751594795569647,-0.2580121654907861,-0.0286752905871018,-30.5445417789412,-7.9729268082402145,-0.1344759820915992,-0.1463855197798927,-0.1941877541834766,-0.0969886875201884,-0.1598876675748052,-0.1704143447255708,,1,9,-2.408824785554139,1.0,-0.0680452659726142,-0.1573525667190551,0.08,1.0,True,False,False,False,False,False,False,False,False,False
S2 +DI>-DI,TR0.5z0.5/T60/SL3,1306,255,0.7656967840735069,-0.1954063860084454,0.2279218964931563,-0.2750142808973183,-0.1184231227047613,-3.3985572733041134,-3.0458602080052857,-0.1430209455490514,-0.2416021922925219,-0.2296643424454398,-0.1680246218857095,-0.2146992650842019,-0.2254374067315316,,1,9,-4.887892972063229,1.0,-0.1357389837503433,-0.1761836409568786,0.09,1.0,True,False,False,False,False,False,False,False,False,False
S2 +DI>-DI,TR0.5z0.5/T60/SL5,1306,255,0.8208269525267994,-0.2041909940588913,0.2570507696620496,-0.3014360773016952,-0.1114092388888088,-5.515441430530798,-5.031324307776897,-0.1622467391366799,-0.2411792995522536,-0.2488949008859083,-0.1619641966842027,-0.2235176341187004,-0.2342897972515027,,2,9,-4.229404235294562,1.0,-0.1398915648460388,-0.1737923175096511,0.23,1.0,True,False,False,False,False,False,False,False,False,False
S2 +DI>-DI,TR0.5z0.5/T120/noSL,1306,255,0.8652373660030628,-0.1734456332590237,0.2838796273476398,-0.3165868242605926,-0.0447724150284211,-37.317926834292734,-9.530598442235076,-0.2182281171966623,-0.133954451458109,-0.2146347523662369,-0.1240203378517562,-0.1926541128238295,-0.2033072037294139,,2,9,-2.4847203519539636,1.0,-0.0992465540766716,-0.1513312458992004,0.22,1.0,True,False,False,False,False,False,False,False,False,False
S2 +DI>-DI,TR0.5z0.5/T120/SL3,1306,255,0.7672281776416539,-0.1997477022723981,0.2282200133514779,-0.2762404946253505,-0.1165743697427891,-3.3985572733041134,-3.0461097120519827,-0.1474020682143833,-0.2459084055051143,-0.2309017452286214,-0.1724444429218691,-0.2190572658841423,-0.229812220806163,,1,9,-5.003439276706061,1.0,-0.1407289355993271,-0.1769063770771026,0.15,1.0,True,False,False,False,False,False,False,False,False,False
S2 +DI>-DI,TR0.5z0.5/T120/SL5,1306,255,0.8261868300153139,-0.2155698789457343,0.2605201432686401,-0.3143603160777535,-0.1150481754038024,-5.515441430530798,-5.0329944160543105,-0.1771516470299715,-0.2494487808656866,-0.2556948842547219,-0.1722344281904846,-0.2349402503079525,-0.2457564821760529,,2,9,-4.447473320667327,1.0,-0.1507855057716369,-0.171331837773323,0.33,1.0,True,False,False,False,False,False,False,False,False,False
S2 +DI>-DI,TR0.5z1/T15/noSL,1306,255,0.4816232771822358,-0.1760250365652045,-0.0400195707120341,-0.2717290947636164,-0.0763318587080799,-19.80164640659543,-5.950982207849748,-0.1145406771411196,-0.2302446734060401,-0.226236259169392,-0.1529845491193322,-0.1977948772058999,-0.2143838784056393,,1,9,-3.5734080695636727,1.0,-0.1332597881555557,-0.1901681125164032,0.1,1.0,True,False,False,False,False,False,False,False,False,False
S2 +DI>-DI,TR0.5z1/T15/SL3,1306,255,0.4555895865237366,-0.219575335099772,-0.0897051398606506,-0.3043439461157001,-0.1319106035518455,-3.3985572733041134,-3.042314795890796,-0.2035990141339984,-0.2336639639629613,-0.250656260190234,-0.1974947805813155,-0.2415125481406772,-0.2582129134580638,,1,9,-5.0114529950386615,1.0,-0.1827559620141983,-0.1945764124393463,0.34,1.0,True,False,False,False,False,False,False,False,False,False
S2 +DI>-DI,TR0.5z1/T15/SL5,1306,255,0.4762633996937213,-0.1875027732618502,-0.0511845387902374,-0.2830061208069978,-0.0911728169154511,-5.111700149136621,-5.0162036719302705,-0.1343408516068276,-0.2343833151247809,-0.2358206839421454,-0.1505397128673125,-0.2093167251119871,-0.2259501778854383,,1,9,-4.035802085619635,1.0,-0.143476516008377,-0.1954082995653152,0.11,1.0,True,False,False,False,False,False,False,False,False,False
S2 +DI>-DI,TR0.5z1/T30/noSL,1306,255,0.5145482388973966,-0.1578197208176824,0.0229975217947221,-0.2721365198167438,-0.0509315405600706,-31.05387013457568,-6.883073127477398,-0.1348788996544924,-0.1780499550422821,-0.1962911540627705,-0.1265604781592374,-0.1795195948336757,-0.1960380895427816,,1,9,-2.768208788540145,1.0,-0.1089136078953743,-0.1854235529899597,0.07,1.0,True,False,False,False,False,False,False,False,False,False
S2 +DI>-DI,TR0.5z1/T30/SL3,1306,255,0.4739663093415007,-0.2089143640411386,-0.0551848576635914,-0.2924910675913848,-0.1191327303721281,-3.3985572733041134,-3.045443845322985,-0.1927552743679,-0.2231641664619196,-0.2349022131039663,-0.1824860054123145,-0.2308106048642935,-0.2474696818202744,,1,9,-4.733549521441442,1.0,-0.1692207604646682,-0.1938811838626861,0.27,1.0,True,False,False,False,False,False,False,False,False,False
S2 +DI>-DI,TR0.5z1/T30/SL5,1306,255,0.503062787136294,-0.1903017755914871,0.0075421121572007,-0.2939236986314167,-0.0937153353586904,-5.515441430530798,-5.026567287908897,-0.1614474483519411,-0.215746801918003,-0.2305534677984877,-0.1495827002646622,-0.2121264845604927,-0.228770777455273,,2,9,-3.777183081591244,1.0,-0.1403354257345199,-0.1926884204149246,0.07,1.0,True,False,False,False,False,False,False,False,False,False
S2 +DI>-DI,TR0.5z1/T60/noSL,1306,255,0.5390505359877489,-0.144142921308317,0.0606913971606294,-0.2715188955528178,-0.024125490024941,-30.5445417789412,-7.9729268082402145,-0.1534541481776485,-0.1359318682189354,-0.199294299150867,-0.096277325283605,-0.1657902326820761,-0.1822557591730046,,2,9,-2.3023205067483876,1.0,-0.0903265327215194,-0.185625284910202,0.07,1.0,True,False,False,False,False,False,False,False,False,False
S2 +DI>-DI,TR0.5z1/T60/SL3,1306,255,0.4793261868300153,-0.2061182456912676,-0.0434075468394455,-0.2931490024920752,-0.1196514021786056,-3.3985572733041134,-3.0458602080052857,-0.1757072346442152,-0.2329360248854982,-0.2382731806546026,-0.1762605435496818,-0.2280037404792577,-0.2446519884831358,,1,9,-4.664810053631696,1.0,-0.1651546359062194,-0.1991835385560989,0.19,1.0,True,False,False,False,False,False,False,False,False,False
S2 +DI>-DI,TR0.5z1/T60/SL5,1306,255,0.5160796324655437,-0.2105153145121385,0.0233548492325831,-0.3134826018385801,-0.1033225039123724,-5.515441430530798,-5.031324307776897,-0.1864987018330458,-0.2316942294395228,-0.2566060020996132,-0.1636225820025722,-0.2324177081042056,-0.2491402850404356,,2,9,-4.076707519148635,1.0,-0.1622104048728943,-0.1992986351251602,0.21,1.0,True,False,False,False,False,False,False,False,False,False
S2 +DI>-DI,TR0.5z1/T120/noSL,1306,255,0.5513016845329249,-0.1731030654311607,0.0886801744170341,-0.3241887222156777,-0.0343898951518873,-37.317926834292734,-9.530598442235076,-0.2386117949001656,-0.1153345604815481,-0.2164290344024596,-0.1226899714349549,-0.1960001943596457,-0.2129267877555987,,3,9,-2.3223360660315655,1.0,-0.121029682457447,-0.1820754408836364,0.16,1.0,True,False,False,False,False,False,False,False,False,False
S2 +DI>-DI,TR0.5z1/T120/SL3,1306,255,0.4808575803981623,-0.2096495732527793,-0.040752191790626,-0.2923726639025232,-0.1263884324341379,-3.3985572733041134,-3.0461097120519827,-0.1783598520066256,-0.2372422380980905,-0.2393431040345693,-0.1797652735431181,-0.231548639630168,-0.2482105639424986,,1,9,-4.773983414058928,1.0,-0.1693105399608612,-0.2003084123134613,0.23,1.0,True,False,False,False,False,False,False,False,False,False
S2 +DI>-DI,TR0.5z1/T120/SL5,1306,255,0.5199081163859112,-0.2176858559157683,0.0349841689642484,-0.3242552091657982,-0.1153429670710756,-5.515441430530798,-5.0329944160543105,-0.2004884538071701,-0.2328512883227741,-0.2594483682823867,-0.1696200430767654,-0.2407543253149861,-0.2578535812532049,,2,9,-4.14874714448788,1.0,-0.169625848531723,-0.1979308128356933,0.26,1.0,True,False,False,False,False,False,False,False,False,False
S2 +DI>-DI,TR1z0.3/T15/noSL,1306,255,0.6745788667687596,-0.2119936018895123,0.7494855731579388,-0.3321224476858723,-0.0981840543628665,-20.120069396355,-6.932937249443651,-0.1549060500859776,-0.2623359386384508,-0.2507167082567936,-0.1901850178341472,-0.230306330696345,-0.2398647143749462,,1,9,-3.669434482039005,1.0,-0.1219750642776489,-0.1484577357769012,0.32,1.0,True,False,False,False,False,False,False,False,False,False
S2 +DI>-DI,TR1z0.3/T15/SL3,1306,255,0.6278713629402757,-0.2413986394910242,0.726860464760394,-0.3339335647191719,-0.1510055585841452,-3.3985572733041134,-3.0504816290325083,-0.2332197341658886,-0.2486111611898469,-0.2659358886757176,-0.2244584125323338,-0.2598243776660411,-0.269496642698692,,0,9,-5.136472847999169,1.0,-0.155341550707817,-0.1604061126708984,0.48,1.0,True,False,False,False,False,False,False,False,False,False
S2 +DI>-DI,TR1z0.3/T15/SL5,1306,255,0.666156202143951,-0.2173437516446748,0.7455142001532424,-0.3150629608699771,-0.1112763055015413,-5.111700149136621,-5.02112695406014,-0.1651533096738615,-0.2633675996074093,-0.264530919000367,-0.1822358843852907,-0.2356770421338871,-0.2452561461498245,,1,9,-4.077266637676829,1.0,-0.1268632411956787,-0.1564648002386093,0.24,1.0,True,False,False,False,False,False,False,False,False,False
S2 +DI>-DI,TR1z0.3/T30/noSL,1306,255,0.7434915773353752,-0.1906826531979733,0.7773751561694033,-0.3337169825471874,-0.0562302875118367,-31.05387013457568,-8.500596009714382,-0.1225245615879441,-0.2507874832633017,-0.2205991305134529,-0.1526226918114979,-0.2089134798192121,-0.2183893293509108,,1,9,-2.6373598983884365,1.0,-0.0834017544984817,-0.1300624012947082,0.21,1.0,True,False,False,False,False,False,False,False,False,False
S2 +DI>-DI,TR1z0.3/T30/SL3,1306,255,0.6615620214395099,-0.2354607032458845,0.7494855731579388,-0.3366166864852422,-0.137290991797074,-3.3985572733041134,-3.056517661882703,-0.2235626787066408,-0.2459529093237192,-0.2586220164704566,-0.2117588804051033,-0.2538636207589295,-0.2635128890442536,,0,9,-4.783503024827386,1.0,-0.1365087181329727,-0.1489682346582412,0.34,1.0,True,False,False,False,False,False,False,False,False,False
S2 +DI>-DI,TR1z0.3/T30/SL5,1306,255,0.7243491577335375,-0.2029142548875918,0.7716831911597013,-0.323843244939387,-0.0848000449316978,-5.515441430530798,-5.032593691189715,-0.1364527546087362,-0.2615229554216835,-0.2499914827078699,-0.1559606343385015,-0.2211920899703589,-0.2307153106831962,,1,9,-3.294906839155363,1.0,-0.0959319919347763,-0.1417589783668518,0.17,1.0,True,False,False,False,False,False,False,False,False,False
S2 +DI>-DI,TR1z0.3/T60/noSL,1306,255,0.8039816232771823,-0.1781238216762328,0.8007843222588032,-0.343298985476558,-0.0181912080615294,-30.5445417789412,-9.890406170961567,-0.1637650649643698,-0.1907860105921695,-0.2111049840640872,-0.1290410048193065,-0.1963063822270575,-0.2057335932649592,,1,9,-2.1451463802649604,1.0,-0.0448289215564727,-0.1122722029685974,0.14,1.0,True,False,False,False,False,False,False,False,False,False
S2 +DI>-DI,TR1z0.3/T60/SL3,1306,255,0.6830015313935681,-0.2394297035198776,0.7600703966487057,-0.339688533819519,-0.1424507109717725,-3.3985572733041134,-3.05859832084453,-0.2128238061606361,-0.2628919645917159,-0.2608970663212655,-0.2124061633695058,-0.2578478746850132,-0.2675125143203608,,0,9,-4.716102871398686,1.0,-0.1347322314977646,-0.1479635387659073,0.35,1.0,True,False,False,False,False,False,False,False,False,False
S2 +DI>-DI,TR1z0.3/T60/SL5,1306,255,0.7641653905053599,-0.2343427288830567,0.7885125271735363,-0.3578003710944986,-0.1140050272647829,-5.515441430530798,-5.043619865528569,-0.1631873862631815,-0.2970906679080765,-0.2793418307881261,-0.1842629071523425,-0.2527413497997804,-0.2623862883360336,,1,9,-3.691163160232944,1.0,-0.1205281689763069,-0.1349344998598098,0.41,1.0,True,False,False,False,False,False,False,False,False,False
S2 +DI>-DI,TR1z0.3/T120/noSL,1306,255,0.8422664624808576,-0.222001396394919,0.8161644015316231,-0.434695151091103,-0.0335200665699183,-38.67273797936422,-11.99818881991623,-0.2368623015425169,-0.2088963907028009,-0.2490468888490705,-0.1734319073236855,-0.2404364834205731,-0.2502688330729297,,1,9,-2.078075988225753,1.0,-0.0821975916624069,-0.0842183753848075,0.48,1.0,True,False,False,False,False,False,False,False,False,False
S2 +DI>-DI,TR1z0.3/T120/SL3,1306,255,0.6906584992343032,-0.2384879169806495,0.7648975502145618,-0.3388431322211519,-0.1311482888854165,-3.3985572733041134,-3.0587274122898314,-0.206347495689608,-0.2668307668799541,-0.2549083005896995,-0.2123706856157554,-0.2569024686740739,-0.2665634609096879,,0,9,-4.631428196424684,1.0,-0.1350221633911132,-0.1479822099208831,0.38,1.0,True,False,False,False,False,False,False,False,False,False
S2 +DI>-DI,TR1z0.3/T120/SL5,1306,255,0.7825421133231241,-0.2502326473322441,0.7960751404006219,-0.3789370801175118,-0.1193188283501179,-5.515441430530798,-5.0452134865691685,-0.1633639768509081,-0.3268372962293301,-0.2932495174666806,-0.1930940585483319,-0.268692336344468,-0.2783988141806622,,1,9,-3.6971532656834567,1.0,-0.1330236345529556,-0.1231652200222015,0.58,1.0,True,False,False,False,False,False,False,False,False,False
S2 +DI>-DI,TR1z0.5/T15/noSL,1306,255,0.6745788667687596,-0.2073922742060434,0.597169027039747,-0.328339109050531,-0.0917597337389699,-20.120069396355,-6.932937249443651,-0.14760183526988,-0.2601181367837551,-0.2436295268137445,-0.1830635469805311,-0.2267926266635269,-0.2393642352397455,,1,9,-3.564089025065894,1.0,-0.1388752907514572,-0.1633348315954208,0.33,1.0,True,False,False,False,False,False,False,False,False,False
S2 +DI>-DI,TR1z0.5/T15/SL3,1306,255,0.6278713629402757,-0.2394477783586482,0.5676164271930975,-0.33112499738244,-0.1479638202994091,-3.3985572733041134,-3.0504816290325083,-0.2316619579579688,-0.246313660325818,-0.2615793523310876,-0.222127291671872,-0.258971326450846,-0.2716670812453799,,0,9,-5.0557698342785,1.0,-0.1717879772186279,-0.1742758899927139,0.49,1.0,True,False,False,False,False,False,False,False,False,False
S2 +DI>-DI,TR1z0.5/T15/SL5,1306,255,0.666156202143951,-0.2119120543197913,0.5953670393419332,-0.3147892142095171,-0.1098617933636247,-5.111700149136621,-5.02112695406014,-0.1578734232468285,-0.2595657174561793,-0.2565176378547669,-0.1759696993178763,-0.231329777185091,-0.2439188902000502,,1,9,-3.9461656253919752,1.0,-0.1424622684717178,-0.1710368990898132,0.27,1.0,True,False,False,False,False,False,False,False,False,False
S2 +DI>-DI,TR1z0.5/T30/noSL,1306,255,0.7434915773353752,-0.1829280299054849,0.6734344247379855,-0.3267768377156034,-0.0407263786334352,-31.05387013457568,-8.500596009714382,-0.1123394490363507,-0.245176173265586,-0.2098977598355718,-0.1446627480404023,-0.2022343614394461,-0.2151601942547574,,1,9,-2.505870149726546,1.0,-0.1028761118650436,-0.1482934951782226,0.2,1.0,True,False,False,False,False,False,False,False,False,False
S2 +DI>-DI,TR1z0.5/T30/SL3,1306,255,0.6615620214395099,-0.2303540383757861,0.598560028946328,-0.3282424700743346,-0.129954155858379,-3.3985572733041134,-3.056517661882703,-0.2203366223977404,-0.2391878403621896,-0.2510964660128119,-0.2072259097116233,-0.2498426374288493,-0.2629521441484408,,0,9,-4.598763042972345,1.0,-0.1541849374771118,-0.1651001423597335,0.39,1.0,True,False,False,False,False,False,False,False,False,False
S2 +DI>-DI,TR1z0.5/T30/SL5,1306,255,0.7243491577335375,-0.1947042151415264,0.6606006424693347,-0.3123503614767913,-0.0790075568050497,-5.515441430530798,-5.032593691189715,-0.1278325705497521,-0.2536745991331198,-0.2387821923985868,-0.1481517660415301,-0.2140558048816216,-0.2270272451176203,,1,9,-3.116588526595842,1.0,-0.1128800511360168,-0.1592322289943695,0.16,1.0,True,False,False,False,False,False,False,False,False,False
S2 +DI>-DI,TR1z0.5/T60/noSL,1306,255,0.8039816232771823,-0.1733321461582846,0.7105219455327618,-0.3380342289062509,-0.0141168993392851,-30.5445417789412,-9.890406170961567,-0.1558181967488062,-0.1887767240237037,-0.2038444952338202,-0.1244087608914489,-0.1926015988154311,-0.2054902681946931,,3,9,-2.0678835343120303,1.0,-0.0698552578687667,-0.1335464864969253,0.18,1.0,True,False,False,False,False,False,False,False,False,False
S2 +DI>-DI,TR1z0.5/T60/SL3,1306,255,0.6830015313935681,-0.2355843538387265,0.6197758950958212,-0.336659157407059,-0.1292427569033132,-3.3985572733041134,-3.05859832084453,-0.2109785343222348,-0.2572828575045665,-0.2548570982458276,-0.2091304264470238,-0.2550930540273122,-0.2682228169837804,,0,9,-4.568985597053545,1.0,-0.1538770794868469,-0.1651827991008758,0.36,1.0,True,False,False,False,False,False,False,False,False,False
S2 +DI>-DI,TR1z0.5/T60/SL5,1306,255,0.7641653905053599,-0.2282625022815766,0.6876355173629847,-0.3582685166949233,-0.0965375829920128,-5.515441430530798,-5.043619865528569,-0.1565486152460197,-0.291502990560771,-0.2709652962963684,-0.1790891751580327,-0.2477430631482668,-0.2608444696584425,,1,9,-3.5444838832247254,1.0,-0.1400402337312698,-0.1542071849107742,0.41,1.0,True,False,False,False,False,False,False,False,False,False
S2 +DI>-DI,TR1z0.5/T120/noSL,1306,255,0.8422664624808576,-0.2178598371359598,0.7400066660229423,-0.4328198784816234,-0.0211163235426567,-38.67273797936422,-11.99818881991623,-0.2294464436899631,-0.207642253258366,-0.2458672671532353,-0.1691528470576402,-0.2373004185055492,-0.2503615370348503,,2,9,-2.0326743339531625,1.0,-0.1091730520129203,-0.108476422727108,0.48,1.0,True,False,False,False,False,False,False,False,False,False
S2 +DI>-DI,TR1z0.5/T120/SL3,1306,255,0.6906584992343032,-0.235738502357588,0.6319754020436621,-0.3356682349506112,-0.1286208855802263,-3.3985572733041134,-3.0587274122898314,-0.2061782691436003,-0.2618060279007587,-0.2509478724814012,-0.2103330898575163,-0.255247794969382,-0.2683781549202256,,0,9,-4.513686118937309,1.0,-0.1554589867591858,-0.1659339517354965,0.4,1.0,True,False,False,False,False,False,False,False,False,False
S2 +DI>-DI,TR1z0.5/T120/SL5,1306,255,0.7825421133231241,-0.2453593765045755,0.7053341623831546,-0.3760347228827018,-0.1158147638242531,-5.515441430530798,-5.0452134865691685,-0.1577808253323057,-0.3225900296997183,-0.2859440439536603,-0.1892838942362001,-0.2649056440362274,-0.2780732642072364,,1,9,-3.5861748992511986,1.0,-0.1528417468070984,-0.1442694216966629,0.56,1.0,True,False,False,False,False,False,False,False,False,False
S2 +DI>-DI,TR1z1/T15/noSL,1306,255,0.6653905053598775,-0.1930214866160265,0.2874404670156223,-0.3188158902645173,-0.0750161357465232,-20.120069396355,-6.932937249443651,-0.1587330133014231,-0.2232585841211235,-0.230188797941444,-0.1716528881778031,-0.2176871250689868,-0.236456696923039,,1,9,-3.10900189610257,1.0,-0.145927220582962,-0.1891875267028808,0.19,1.0,True,False,False,False,False,False,False,False,False,False
S2 +DI>-DI,TR1z1/T15/SL3,1306,255,0.6186830015313936,-0.2286434476972273,0.2075090947307524,-0.3311897552065,-0.1274574917464505,-3.3985572733041134,-3.0504816290325083,-0.2496926772645006,-0.2100813028915049,-0.2476272185916409,-0.210239838324131,-0.2534459883833976,-0.2723535188150516,,0,9,-4.554757780848668,1.0,-0.184356227517128,-0.1973942965269088,0.32,1.0,True,False,False,False,False,False,False,False,False,False
S2 +DI>-DI,TR1z1/T15/SL5,1306,255,0.6569678407350689,-0.1946613211370797,0.2800047748494196,-0.3049701373044606,-0.0825604864470729,-5.111700149136621,-5.02112695406014,-0.166716784672852,-0.2193040535810383,-0.2398649457509895,-0.1554157406791486,-0.219333261798038,-0.2381091844882363,,1,9,-3.4287822438019053,1.0,-0.145763874053955,-0.1960251927375793,0.1,1.0,True,False,False,False,False,False,False,False,False,False
S2 +DI>-DI,TR1z1/T30/noSL,1306,255,0.7335375191424196,-0.1736445529046411,0.3916960272230331,-0.3258333552139166,-0.0300815954206103,-31.05387013457568,-8.500596009714382,-0.1399368507474855,-0.2033695006282423,-0.1997820611110559,-0.1353270211854864,-0.1982357219736224,-0.2176748181120339,,1,9,-2.267301252845907,1.0,-0.1201399490237236,-0.1810293644666671,0.13,1.0,True,False,False,False,False,False,False,False,False,False
S2 +DI>-DI,TR1z1/T30/SL3,1306,255,0.6516079632465543,-0.2222732430812155,0.2800047748494196,-0.3275361196942863,-0.1164754833324951,-3.3985572733041134,-3.056517661882703,-0.2492945417433745,-0.1984446627047869,-0.2439638419695654,-0.2017749539450507,-0.2470513018126742,-0.2666787296634277,,0,9,-4.204411069685757,1.0,-0.1730857193470001,-0.1931080222129821,0.31,1.0,True,False,False,False,False,False,False,False,False,False
S2 +DI>-DI,TR1z1/T30/SL5,1306,255,0.7143950995405819,-0.1840477008131937,0.354541334466686,-0.3218986894095582,-0.0590391209846011,-5.515441430530798,-5.032593691189715,-0.1529367953161966,-0.2114826779949836,-0.227135164255027,-0.1372548455184175,-0.2086788512346291,-0.2281582372235847,,1,9,-2.813412041941283,1.0,-0.1265998631715774,-0.1902293562889099,0.12,1.0,True,False,False,False,False,False,False,False,False,False
S2 +DI>-DI,TR1z1/T60/noSL,1306,255,0.7932618683001531,-0.167558383964017,0.4871988230603432,-0.3457284914264658,-0.0013331715958965,-30.5445417789412,-9.890406170961567,-0.1864555053312256,-0.150894063680542,-0.1959315067816897,-0.1186485794214064,-0.1921261626834953,-0.2116177655619695,,1,9,-1.9096991967852197,1.0,-0.0962217822670936,-0.1726377606391906,0.14,1.0,True,False,False,False,False,False,False,False,False,False
S2 +DI>-DI,TR1z1/T60/SL3,1306,255,0.6730474732006125,-0.2264549525829362,0.309187616346175,-0.3348442614216919,-0.1189544742673811,-3.3985572733041134,-3.05859832084453,-0.2408784329699952,-0.2137356874577486,-0.246862327100487,-0.2020639854288707,-0.2512490824500662,-0.270968783012825,,0,9,-4.147033770602781,1.0,-0.1731490790843963,-0.1960227042436599,0.26,1.0,True,False,False,False,False,False,False,False,False,False
S2 +DI>-DI,TR1z1/T60/SL5,1306,255,0.7542113323124043,-0.2207064899987651,0.4361298467553522,-0.353288655122729,-0.0826383250934539,-5.515441430530798,-5.043619865528569,-0.1871283360885445,-0.2503171963288155,-0.2609402544229504,-0.1703828204043529,-0.2454785273886308,-0.2651759650074798,,1,9,-3.244043113256302,1.0,-0.1601579487323761,-0.1895795315504074,0.29,1.0,True,False,False,False,False,False,False,False,False,False
S2 +DI>-DI,TR1z1/T120/noSL,1306,255,0.8315467075038285,-0.2090405342645816,0.5217134670946546,-0.4319391839460111,-0.0143917845315607,-38.67273797936422,-11.99818881991623,-0.2584731480434422,-0.1654486615950388,-0.2331397976925503,-0.1592646213009325,-0.2342278173659543,-0.2545629046133756,,1,9,-1.8939612697219932,1.0,-0.139901578426361,-0.1512469351291656,0.45,1.0,True,False,False,False,False,False,False,False,False,False
S2 +DI>-DI,TR1z1/T120/SL3,1306,255,0.6807044410413476,-0.2289661861075364,0.3118083356787328,-0.3476123472279224,-0.1199265608634864,-3.3985572733041134,-3.0587274122898314,-0.237729579655282,-0.2212382367541931,-0.248146990734067,-0.2054796736715195,-0.2537699671411715,-0.2734993933393126,,0,9,-4.15703607455391,1.0,-0.1781978458166122,-0.1978112757205963,0.32,1.0,True,False,False,False,False,False,False,False,False,False
S2 +DI>-DI,TR1z1/T120/SL5,1306,255,0.7725880551301685,-0.2345458663420021,0.4669895074259096,-0.378874493095354,-0.0942541943860371,-5.515441430530798,-5.0452134865691685,-0.184042878423189,-0.2790816424317912,-0.274689111364773,-0.176849865421965,-0.2598311714728807,-0.2802650370926281,,1,9,-3.243930546287995,1.0,-0.1743527501821518,-0.1813742667436599,0.44,1.0,True,False,False,False,False,False,False,False,False,False
S2 +DI>-DI,TR1.5z0.3/T15/noSL,1306,255,0.6056661562021439,-0.2011441329461354,1.149732620254619,-0.3296241675561432,-0.0758163570248868,-20.120069396355,-7.284952714194445,-0.1781008456655956,-0.221464726340502,-0.2360674495918233,-0.1727634689013538,-0.222076439183291,-0.2328089972804418,,1,9,-3.0821172811229025,1.0,-0.1027669161558151,-0.1482337117195129,0.23,1.0,True,False,False,False,False,False,False,False,False,False
S2 +DI>-DI,TR1.5z0.3/T15/SL3,1306,255,0.5535987748851455,-0.2635267198955938,0.7987331556658108,-0.3621030040230052,-0.1672480738567933,-3.3985572733041134,-3.05596621013979,-0.3070057638031581,-0.225184969360393,-0.2912469625902255,-0.233604376568341,-0.2846987747374744,-0.2951771761598425,,0,9,-5.1179711595393345,1.0,-0.1751969307661056,-0.160175547003746,0.66,1.0,True,False,False,False,False,False,False,False,False,False
S2 +DI>-DI,TR1.5z0.3/T15/SL5,1306,255,0.5941807044410413,-0.2359794246072482,1.125640439321042,-0.3577425692522726,-0.1160711505130746,-5.111700149136621,-5.022833529925087,-0.2176078292849278,-0.252180312701283,-0.2811105367524819,-0.1946820228788113,-0.2570456097516331,-0.2675748009580858,,1,9,-3.919349151487236,1.0,-0.1427934914827346,-0.1572023630142212,0.4,1.0,True,False,False,False,False,False,False,False,False,False
S2 +DI>-DI,TR1.5z0.3/T30/noSL,1306,255,0.6715160796324655,-0.1551706588652408,1.222799331687442,-0.3061928975724907,-0.0039553941858791,-31.05387013457568,-9.004485794263575,-0.101630025561511,-0.2023851654673772,-0.186345914680931,-0.117022806990256,-0.176378880197688,-0.1889738538171006,,2,9,-1.9791614047162047,1.0,-0.0332062765955925,-0.1221660524606704,0.09,0.99,True,False,False,False,False,False,False,False,False,False
S2 +DI>-DI,TR1.5z0.3/T30/SL3,1306,255,0.5773353751914242,-0.2675544536303387,1.1778440305234796,-0.3831342250022541,-0.1518783057679278,-3.3985572733041134,-3.061768981329799,-0.2892538669966369,-0.2484189478952168,-0.289324511940315,-0.2279888381625097,-0.2891945880864027,-0.301642174687544,,0,9,-4.723077954444921,1.0,-0.1645320802927017,-0.1450103521347046,0.67,1.0,True,False,False,False,False,False,False,False,False,False
S2 +DI>-DI,TR1.5z0.3/T30/SL5,1306,255,0.6470137825421133,-0.2175250016555825,1.2135554019384167,-0.3577900737168027,-0.0791347484486306,-5.547150977630976,-5.042830915667457,-0.1597813781306028,-0.2684458915652188,-0.2700132775812421,-0.1556837308295913,-0.2389728630448717,-0.2512904971722456,,2,9,-3.083316653972006,1.0,-0.1005461364984512,-0.1366088241338729,0.26,1.0,True,False,False,False,False,False,False,False,False,False
S2 +DI>-DI,TR1.5z0.3/T60/noSL,1306,255,0.7381316998468607,-0.1599769315792838,1.2549383528053362,-0.3505891097645261,0.0070107560830387,-30.5445417789412,-10.711077847005171,-0.1512402076741217,-0.1676813624581875,-0.1857279363507122,-0.1212901377155256,-0.1812036243672041,-0.1947832081117408,,2,9,-1.7267349771872724,1.0,-0.0054480326361954,-0.0974251180887222,0.11,0.97,True,False,False,False,False,False,False,False,False,False
S2 +DI>-DI,TR1.5z0.3/T60/SL3,1306,255,0.5957120980091883,-0.2956033753913766,1.2055824595634823,-0.4142541971502089,-0.1834994104715495,-3.3985572733041134,-3.0640617658980944,-0.301824347259383,-0.2901174463089272,-0.3143533583734156,-0.2675221064202719,-0.3173513073945623,-0.330629272642172,,0,9,-5.037823242579279,1.0,-0.1828157752752304,-0.1387092620134353,0.81,1.0,True,False,False,False,False,False,False,False,False,False
S2 +DI>-DI,TR1.5z0.3/T60/SL5,1306,255,0.6875957120980092,-0.2659182686056244,1.2383062463671617,-0.4056241831916623,-0.1321873150372363,-5.547150977630976,-5.05448834996294,-0.2249572066407433,-0.3020395509147126,-0.3089918655386814,-0.2235532643322543,-0.287552114879426,-0.3010855598325114,,1,9,-3.726160965907044,1.0,-0.1355949938297271,-0.1234559714794159,0.6,1.0,True,False,False,False,False,False,False,False,False,False
S2 +DI>-DI,TR1.5z0.3/T120/noSL,1306,255,0.7924961715160797,-0.220258150100912,1.2771713391331443,-0.4456982665024347,-0.0053624754494609,-38.67273797936422,-13.430409328532331,-0.2550759933218544,-0.1895542307187554,-0.280173566230577,-0.1860574589286655,-0.241716515519584,-0.2561276479567811,,1,9,-1.9049610828131611,1.0,-0.0417535379528999,-0.0585875287652015,0.44,1.0,True,False,False,False,False,False,False,False,False,False
S2 +DI>-DI,TR1.5z0.3/T120/SL3,1306,255,0.6056661562021439,-0.2966532226848469,1.211311000582184,-0.4191089119891417,-0.1796515750795754,-3.3985572733041134,-3.066665297877597,-0.3020265254184572,-0.2919148058650062,-0.3202261990056642,-0.2726023902613908,-0.3184051894585684,-0.3326557547996335,,0,9,-4.9888204629771105,1.0,-0.1790661066770553,-0.1361289620399475,0.78,1.0,True,False,False,False,False,False,False,False,False,False
S2 +DI>-DI,TR1.5z0.3/T120/SL5,1306,255,0.7128637059724349,-0.2956285055650375,1.2528139407901664,-0.4438408773059693,-0.1500672795767089,-5.547150977630976,-5.056312432750518,-0.2418025404364576,-0.3430946304334683,-0.3488255824859483,-0.245383518887778,-0.3173765341484451,-0.3318832076379527,,1,9,-3.905804071075768,1.0,-0.1559968292713165,-0.1063022390007972,0.77,1.0,True,False,False,False,False,False,False,False,False,False
S2 +DI>-DI,TR1.5z0.5/T15/noSL,1306,255,0.6056661562021439,-0.1887008626908341,1.010649116865793,-0.3096573024752842,-0.0631338276001297,-20.120069396355,-7.284952714194445,-0.161266268285396,-0.2128939055959179,-0.2231629644528502,-0.1607342551428335,-0.2097875798723735,-0.2238685628830566,,1,9,-2.846564888062233,1.0,-0.1108820736408233,-0.1640558987855911,0.18,1.0,True,False,False,False,False,False,False,False,False,False
S2 +DI>-DI,TR1.5z0.5/T15/SL3,1306,255,0.5535987748851455,-0.2513757441410875,0.7819106402400924,-0.3529677070397049,-0.1498546151933471,-3.3985572733041134,-3.05596621013979,-0.2914854236535499,-0.2160052486632388,-0.2801667318022946,-0.2209132463970342,-0.2727033332728583,-0.287027046813636,,0,9,-4.816216666474836,1.0,-0.1824975311756134,-0.1747677624225616,0.62,1.0,True,False,False,False,False,False,False,False,False,False
S2 +DI>-DI,TR1.5z0.5/T15/SL5,1306,255,0.5941807044410413,-0.2226724204200515,1.0013029481350646,-0.3460262012306631,-0.0932538092652124,-5.111700149136621,-5.022833529925087,-0.2001426649181604,-0.242540158701258,-0.2672427411822061,-0.1819750764451531,-0.2438896970086976,-0.2581022468293205,,1,9,-3.6417232452288792,1.0,-0.1502003371715545,-0.1726147681474685,0.34,1.0,True,False,False,False,False,False,False,False,False,False
S2 +DI>-DI,TR1.5z0.5/T30/noSL,1306,255,0.6715160796324655,-0.1426709413499588,1.0949154969820531,-0.3043434201602616,0.0129567169342549,-31.05387013457568,-9.004485794263575,-0.0848835327157325,-0.1936304429121295,-0.1731462009239632,-0.1061815177515896,-0.1635807564510183,-0.1781871889612787,,2,9,-1.7903345487292388,1.0,-0.0478635765612125,-0.1418995410203933,0.09,1.0,True,False,False,False,False,False,False,False,False,False
S2 +DI>-DI,TR1.5z0.5/T30/SL3,1306,255,0.5773353751914242,-0.2566333663033216,1.0201359864742146,-0.3647740431491891,-0.1468813712274845,-3.3985572733041134,-3.061768981329799,-0.2753023119042165,-0.2401702615371145,-0.2780815702715993,-0.2171070574873629,-0.2779811615156544,-0.2930289536133555,,0,9,-4.489673847806005,1.0,-0.1772032529115677,-0.1622223109006881,0.65,1.0,True,False,False,False,False,False,False,False,False,False
S2 +DI>-DI,TR1.5z0.5/T30/SL5,1306,255,0.6470137825421133,-0.2051883348166631,1.0729711558154955,-0.3384677500710361,-0.0663869079586756,-5.547150977630976,-5.042830915667457,-0.1439762957848496,-0.2591678274499051,-0.2569954119740006,-0.1447160293875841,-0.2263384166105231,-0.2411869697232506,,2,9,-2.8682147258243624,1.0,-0.1137791946530342,-0.1554455310106277,0.23,1.0,True,False,False,False,False,False,False,False,False,False
S2 +DI>-DI,TR1.5z0.5/T60/noSL,1306,255,0.7381316998468607,-0.1483454428116645,1.1523097532737627,-0.3390864008485418,0.0282136546458054,-30.5445417789412,-10.711077847005171,-0.13402282434111,-0.1609757634225858,-0.1735350162098104,-0.1086384041047753,-0.1692770661427845,-0.1841035602509762,,2,9,-1.5748277631048888,1.0,-0.0229609292000532,-0.1213432401418685,0.09,0.98,True,False,False,False,False,False,False,False,False,False
S2 +DI>-DI,TR1.5z0.5/T60/SL3,1306,255,0.5957120980091883,-0.2836319959868038,1.045947038980001,-0.3966786939129856,-0.1661062328799938,-3.3985572733041134,-3.0640617658980944,-0.2846345243832364,-0.2827479219542148,-0.3020145515809345,-0.2554503499895084,-0.3050835522663291,-0.3204339911512321,,0,9,-4.777320155784875,1.0,-0.1950775533914566,-0.1578022241592407,0.73,1.0,True,False,False,False,False,False,False,False,False,False
S2 +DI>-DI,TR1.5z0.5/T60/SL5,1306,255,0.6875957120980092,-0.2530686788063642,1.1230290596823247,-0.3932244691534384,-0.1056153560478356,-5.547150977630976,-5.05448834996294,-0.2059484679371454,-0.2946213719648105,-0.2949998921535695,-0.2089222150500065,-0.2744027742204764,-0.2896348459061283,,1,9,-3.49422511230594,1.0,-0.1500305086374282,-0.1453551799058914,0.53,1.0,True,False,False,False,False,False,False,False,False,False
S2 +DI>-DI,TR1.5z0.5/T120/noSL,1306,255,0.7924961715160797,-0.2089178522757402,1.1764508823449715,-0.4334751698148598,0.0010327130329569,-38.67273797936422,-13.430409328532331,-0.234049854103172,-0.1867553376959301,-0.2679147854362776,-0.1728889300298547,-0.2300822673419254,-0.2454425835852894,,4,9,-1.7980324619645809,1.0,-0.061049684882164,-0.0865203440189361,0.43,1.0,True,False,False,False,False,False,False,False,False,False
S2 +DI>-DI,TR1.5z0.5/T120/SL3,1306,255,0.6056661562021439,-0.2856364738333404,1.0639898636629854,-0.4084232615010665,-0.1643932115526336,-3.3985572733041134,-3.066665297877597,-0.2871362102778663,-0.2843139396776489,-0.3084237025743463,-0.2611231027899665,-0.307095733717195,-0.3225767954127346,,0,9,-4.746334469782093,1.0,-0.1931371986865997,-0.1565321981906891,0.77,1.0,True,False,False,False,False,False,False,False,False,False
S2 +DI>-DI,TR1.5z0.5/T120/SL5,1306,255,0.7128637059724349,-0.2852417693422838,1.1418771756143045,-0.4271440513133401,-0.1390985034538796,-5.547150977630976,-5.056312432750518,-0.2257721117017571,-0.3376847527370998,-0.337070510958478,-0.2333142683903877,-0.3066995122988097,-0.3221790453623338,,1,9,-3.727477840000699,1.0,-0.1721809804439544,-0.1306498199701309,0.73,1.0,True,False,False,False,False,False,False,False,False,False
S2 +DI>-DI,TR1.5z1/T15/noSL,1306,255,0.6056661562021439,-0.1826877239059753,0.5873454734067654,-0.3226162611799233,-0.048647739942734,-20.120069396355,-7.284952714194445,-0.1462996028473925,-0.2147763839749273,-0.2161088630728904,-0.1514273265470451,-0.2073136476675059,-0.2262049158326303,,1,9,-2.5979034989846874,1.0,-0.1319551616907119,-0.1917020231485366,0.12,1.0,True,False,False,False,False,False,False,False,False,False
S2 +DI>-DI,TR1.5z1/T15/SL3,1306,255,0.5535987748851455,-0.2527812773296478,0.5053422299916024,-0.3655747027002177,-0.1502387476104351,-3.3985572733041134,-3.05596621013979,-0.2817097721644335,-0.2272708467260615,-0.2831075878169192,-0.2257871855016927,-0.277676584463291,-0.2968393145759301,,0,9,-4.595865776934547,1.0,-0.2088963687419891,-0.1996760964393615,0.61,1.0,True,False,False,False,False,False,False,False,False,False
S2 +DI>-DI,TR1.5z1/T15/SL5,1306,255,0.5941807044410413,-0.2169252258314191,0.5719379182711939,-0.3489909380403068,-0.0843808893173778,-5.111700149136621,-5.022833529925087,-0.188321067756711,-0.2421496418857727,-0.2604852436624272,-0.1774626393798753,-0.2416827310761373,-0.2607065960136717,,1,9,-3.334771976550479,1.0,-0.1682815998792648,-0.1993081122636795,0.25,1.0,True,False,False,False,False,False,False,False,False,False
S2 +DI>-DI,TR1.5z1/T30/noSL,1306,255,0.6715160796324655,-0.1464162967895314,0.7503647635534585,-0.3095205167360057,0.0140799207695697,-31.05387013457568,-9.004485794263575,-0.093701131868812,-0.1929028687369095,-0.184392541584207,-0.1061882009175053,-0.1709028222915835,-0.1903269998891322,,2,9,-1.7458798360418168,1.0,-0.0836704149842262,-0.1807647198438644,0.06,1.0,True,False,False,False,False,False,False,False,False,False
S2 +DI>-DI,TR1.5z1/T30/SL3,1306,255,0.5773353751914242,-0.2618371591000517,0.5978718399628948,-0.3910216988460684,-0.1433295212564178,-3.3985572733041134,-3.061768981329799,-0.2802162487073114,-0.2456296622129579,-0.2952055096455239,-0.2270785342918148,-0.2867672697762405,-0.3066384552730358,,0,9,-4.353313972417029,1.0,-0.2126683741807937,-0.1957656741142273,0.64,1.0,True,False,False,False,False,False,False,False,False,False
S2 +DI>-DI,TR1.5z1/T30/SL5,1306,255,0.6470137825421133,-0.2071358147733824,0.7147909609422811,-0.3576852698608169,-0.0599402548617041,-5.547150977630976,-5.042830915667457,-0.1538664803047535,-0.2541110780223752,-0.2556935707915874,-0.1491297095169273,-0.231855697377601,-0.2515150326722409,,1,9,-2.7450854373841147,1.0,-0.1442151814699173,-0.1922618746757507,0.18,1.0,True,False,False,False,False,False,False,False,False,False
S2 +DI>-DI,TR1.5z1/T60/noSL,1306,255,0.7381316998468607,-0.1510148101345787,0.8515574625836089,-0.3385408532448119,0.0259625904988972,-30.5445417789412,-10.711077847005171,-0.1462736351831265,-0.1551957886220265,-0.1738424446290386,-0.1082612438839794,-0.1760086057931604,-0.1964405476553502,,3,9,-1.552932564203347,1.0,-0.0704497471451759,-0.1686363965272903,0.09,1.0,True,False,False,False,False,False,False,False,False,False
S2 +DI>-DI,TR1.5z1/T60/SL3,1306,255,0.5957120980091883,-0.2886303616736073,0.6583194382484572,-0.4077534642878742,-0.1692480376809129,-3.3985572733041134,-3.0640617658980944,-0.2928247348479141,-0.2849315772605299,-0.3219533257349569,-0.2636394904310308,-0.3136634439200252,-0.3340004300792615,,0,9,-4.585299604676121,1.0,-0.2330914139747619,-0.1951839476823806,0.72,1.0,True,False,False,False,False,False,False,False,False,False
S2 +DI>-DI,TR1.5z1/T60/SL5,1306,255,0.6875957120980092,-0.2532191326386963,0.7848530647849308,-0.4029500154555822,-0.1032353875435967,-5.547150977630976,-5.05448834996294,-0.2186564076412821,-0.2836980774490962,-0.29073755121927,-0.2043706130344789,-0.2786057196981392,-0.2994334837590366,,1,9,-3.3021218358493427,1.0,-0.1850257664918899,-0.1883098185062408,0.51,1.0,True,False,False,False,False,False,False,False,False,False
S2 +DI>-DI,TR1.5z1/T120/noSL,1306,255,0.7924961715160797,-0.2111267499653434,0.9354782095901472,-0.4316579618369985,0.0108075911636831,-38.67273797936422,-13.430409328532331,-0.248412613636042,-0.1782464206188483,-0.2691259601931003,-0.170809390967301,-0.2365126245536012,-0.2577827351641298,,2,9,-1.7923131226117195,1.0,-0.1222951561212539,-0.1406482756137848,0.46,1.0,True,False,False,False,False,False,False,False,False,False
S2 +DI>-DI,TR1.5z1/T120/SL3,1306,255,0.6056661562021439,-0.2914498629325856,0.6781848255738034,-0.4176187235825573,-0.1686618495056056,-3.3985572733041134,-3.066665297877597,-0.2953591500847984,-0.2880024800260232,-0.3186542706915682,-0.2706953544635821,-0.3164937810793068,-0.3368416867491886,,0,9,-4.580795586409336,1.0,-0.2355370372533798,-0.1966641545295715,0.74,1.0,True,False,False,False,False,False,False,False,False,False
S2 +DI>-DI,TR1.5z1/T120/SL5,1306,255,0.7128637059724349,-0.2845667817900152,0.8313441357365572,-0.4437181567075883,-0.1241292723935376,-5.547150977630976,-5.056312432750518,-0.2384606394351069,-0.3252252243277729,-0.3329244649949297,-0.2265219402705585,-0.3102349009279452,-0.331789433901029,,1,9,-3.499427931590275,1.0,-0.2137077152729034,-0.1779038310050964,0.7,1.0,True,False,False,False,False,False,False,False,False,False
S2 +DI>-DI,TR2z0.3/T15/noSL,1306,255,0.5459418070444104,-0.2115037456260022,0.3915848620689734,-0.3471454015763092,-0.0729082932550788,-20.120069396355,-7.488482033908941,-0.1769560078258251,-0.2419694740607403,-0.2518441801411339,-0.1635649779050172,-0.2333423645120912,-0.2463921174196387,,1,9,-3.050573090389692,1.0,-0.1070581898093223,-0.1464021354913711,0.28,1.0,True,False,False,False,False,False,False,False,False,False
S2 +DI>-DI,TR2z0.3/T15/SL3,1306,255,0.4969372128637059,-0.2780043629734501,-0.030034562542268,-0.3869125804089547,-0.1677290637705685,-3.3985572733041134,-3.0569134816752865,-0.3166629194564032,-0.2439135321844483,-0.3087297878851557,-0.2281664816307602,-0.3000985568685611,-0.3134058568145209,,0,9,-4.992358838692803,1.0,-0.1871547847986221,-0.1596667170524597,0.74,1.0,True,False,False,False,False,False,False,False,False,False
S2 +DI>-DI,TR2z0.3/T15/SL5,1306,255,0.5344563552833078,-0.2579887725609747,0.328974267560679,-0.3812857747524911,-0.1317562386086398,-5.111700149136621,-5.024280638984175,-0.2152149700365243,-0.2957086099456485,-0.3098800548915968,-0.1979555238274093,-0.2800060425882438,-0.2932358251179985,,1,9,-3.932991083568827,1.0,-0.1655421257019043,-0.1572443395853042,0.61,1.0,True,False,False,False,False,False,False,False,False,False
S2 +DI>-DI,TR2z0.3/T30/noSL,1306,255,0.6156202143950995,-0.1578044963214512,1.6520807283185737,-0.3226344624456225,0.0015589090688968,-31.05387013457568,-9.505773960052576,-0.0816235233835867,-0.2249842592003749,-0.1900255375114837,-0.1084723626414651,-0.1794367383846945,-0.1936458748089361,,3,9,-1.9071795521240116,1.0,-0.0196683909744024,-0.1153384000062942,0.09,0.97,True,False,False,False,False,False,False,False,False,False
S2 +DI>-DI,TR2z0.3/T30/SL3,1306,255,0.5168453292496171,-0.280238332480209,0.5549296407341044,-0.4022412097261858,-0.1564168881389668,-3.3985572733041134,-3.062523704453182,-0.2841168009698023,-0.2768181268380893,-0.3056071167155834,-0.2252791672547395,-0.3023411119614337,-0.3170047605087558,,1,9,-4.571900219170954,1.0,-0.1658364683389663,-0.1408578604459762,0.73,1.0,True,False,False,False,False,False,False,False,False,False
S2 +DI>-DI,TR2z0.3/T30/SL5,1306,255,0.5857580398162328,-0.252878266500126,1.56744484057202,-0.3945292937246309,-0.1119015886888723,-5.547150977630976,-5.045080045135166,-0.1596349292781396,-0.3351043794393994,-0.3097165912164932,-0.1801129631168982,-0.2748758958430721,-0.2894532388933105,,3,9,-3.3309521122897845,1.0,-0.1265061497688293,-0.1324199438095092,0.41,1.0,True,False,False,False,False,False,False,False,False,False
S2 +DI>-DI,TR2z0.3/T60/noSL,1306,255,0.6875957120980092,-0.1762602344666283,1.720503748460052,-0.383944330437632,0.0278215806275953,-30.5445417789412,-12.039903200940218,-0.1550884894370565,-0.1949304188442911,-0.2027951843293916,-0.1083189854735268,-0.1979634055773166,-0.2125456207144256,,3,9,-1.6758012702461145,1.0,0.0077026858925819,-0.0843390822410583,0.15,0.97,True,False,False,False,False,False,False,False,False,False
S2 +DI>-DI,TR2z0.3/T60/SL3,1306,255,0.5344563552833078,-0.3101372042814287,1.4793184356699087,-0.4330200506215933,-0.1891712314059374,-3.3985572733041134,-3.06611350483544,-0.3113477943621131,-0.3090696522218049,-0.3373644961820906,-0.2688428355985035,-0.3323548910332191,-0.3474033297758588,,1,9,-4.794995994475798,1.0,-0.1789097636938095,-0.1286464929580688,0.79,1.0,True,False,False,False,False,False,False,False,False,False
S2 +DI>-DI,TR2z0.3/T60/SL5,1306,255,0.6286370597243491,-0.2926543794758218,1.7025597114571758,-0.4465959837234278,-0.1423341359515547,-5.547150977630976,-5.057466376318855,-0.2182729588984272,-0.3582472172184233,-0.3362746422235007,-0.2302236717530708,-0.3148048762783209,-0.3297856066307022,,2,9,-3.626845191987348,1.0,-0.1455471664667129,-0.1116741672158241,0.69,1.0,True,False,False,False,False,False,False,False,False,False
S2 +DI>-DI,TR2z0.3/T120/noSL,1306,255,0.7465543644716692,-0.2300308921102336,1.751748801820742,-0.4887758271695888,0.0063838843870497,-38.67273797936422,-14.695838415147811,-0.3040122803915608,-0.164790820599899,-0.2865661432947389,-0.1625341184136174,-0.2519407144801208,-0.2671329067044908,,3,9,-1.8180565913741145,1.0,-0.0161572508513927,-0.0401424877345562,0.4,0.97,True,False,False,False,False,False,False,False,False,False
S2 +DI>-DI,TR2z0.3/T120/SL3,1306,255,0.5444104134762634,-0.3106933295745555,1.5844718563524998,-0.4445991922924873,-0.1761419827165619,-3.3985572733041134,-3.068634416787698,-0.3137133297340461,-0.308030159405091,-0.3344645732032006,-0.2707896469861044,-0.3329131536257045,-0.3484177395196177,,0,9,-4.782510810208868,1.0,-0.1745975911617279,-0.1237924546003341,0.79,1.0,True,False,False,False,False,False,False,False,False,False
S2 +DI>-DI,TR2z0.3/T120/SL5,1306,255,0.6592649310872895,-0.3068715444592459,1.7192702398543993,-0.4672581534317778,-0.1346141164169238,-5.547150977630976,-5.058868285337888,-0.229667920585883,-0.3749531263187533,-0.3569047192864512,-0.2432712623402959,-0.3290766806352402,-0.3445664653216284,,2,9,-3.630750479678848,1.0,-0.1463665813207626,-0.0893572494387626,0.78,1.0,True,False,False,False,False,False,False,False,False,False
S2 +DI>-DI,TR2z0.5/T15/noSL,1306,255,0.5459418070444104,-0.2065550589126201,0.3915848620689734,-0.3467104699257434,-0.063547906941403,-20.120069396355,-7.488482033908941,-0.1744009220191905,-0.2349100038388145,-0.2453070576535215,-0.1570130345434455,-0.2280352520749922,-0.244799027818764,,1,9,-2.94769907898351,1.0,-0.1210049390792846,-0.1612836867570877,0.31,1.0,True,False,False,False,False,False,False,False,False,False
S2 +DI>-DI,TR2z0.5/T15/SL3,1306,255,0.4969372128637059,-0.2734231179130053,-0.030034562542268,-0.383147405690494,-0.1626348092655841,-3.3985572733041134,-3.0569134816752865,-0.3154264387686458,-0.2363827254581753,-0.3022270665229647,-0.221755279481952,-0.2951602982352562,-0.3121830440645224,,0,9,-4.857153313710262,1.0,-0.1986410170793533,-0.1733606457710266,0.71,1.0,True,False,False,False,False,False,False,False,False,False
S2 +DI>-DI,TR2z0.5/T15/SL5,1306,255,0.5344563552833078,-0.2533796063640657,0.328974267560679,-0.3809021047374978,-0.1196782483772578,-5.111700149136621,-5.024280638984175,-0.2127839868602587,-0.2891786252924949,-0.3037215949099739,-0.1917391631002923,-0.2750397555120314,-0.2919848757906684,,1,9,-3.825644084148637,1.0,-0.1790948361158371,-0.1716664284467697,0.58,1.0,True,False,False,False,False,False,False,False,False,False
S2 +DI>-DI,TR2z0.5/T30/noSL,1306,255,0.6156202143950995,-0.1566029288927735,1.5209155525043387,-0.3189510865621184,-0.0010669081953018,-31.05387013457568,-9.505773960052576,-0.0837480379179929,-0.2208496050837903,-0.1874490494650249,-0.1061119055723379,-0.177891146151918,-0.1945948593626092,,3,9,-1.886697601919245,1.0,-0.0444644726812839,-0.135825976729393,0.1,1.0,True,False,False,False,False,False,False,False,False,False
S2 +DI>-DI,TR2z0.5/T30/SL3,1306,255,0.5168453292496171,-0.2777926351910176,0.5549296407341044,-0.3978930745049056,-0.1513208864356934,-3.3985572733041134,-3.062523704453182,-0.28615187031612,-0.2704210906714747,-0.3008488544311306,-0.2222381461867311,-0.2995466084313236,-0.3167196714193273,,1,9,-4.495326688076705,1.0,-0.183792695403099,-0.1586193591356277,0.7,1.0,True,False,False,False,False,False,False,False,False,False
S2 +DI>-DI,TR2z0.5/T30/SL5,1306,255,0.5857580398162328,-0.2502177253812979,1.4937457358707564,-0.407772538233095,-0.0984739375962569,-5.547150977630976,-5.045080045135166,-0.1608303632303419,-0.3290434683732071,-0.3055129301219245,-0.1767369401637526,-0.2718657227960478,-0.288931992243792,,4,9,-3.280589439363385,1.0,-0.1473284810781479,-0.1518726348876953,0.4,1.0,True,False,False,False,False,False,False,False,False,False
S2 +DI>-DI,TR2z0.5/T60/noSL,1306,255,0.6875957120980092,-0.170442699135011,1.5922932772123768,-0.3960386331206977,0.0277462399868764,-30.5445417789412,-12.039903200940218,-0.1549713234612769,-0.1840860448300042,-0.1981621876719197,-0.1069850883517093,-0.1917841053651097,-0.2085601220105357,,3,9,-1.6097530729910778,1.0,-0.0200449284166097,-0.1101684942841529,0.16,0.97,True,False,False,False,False,False,False,False,False,False
S2 +DI>-DI,TR2z0.5/T60/SL3,1306,255,0.5344563552833078,-0.3062431088225676,1.4197412181276028,-0.4370419811047639,-0.1756879812412272,-3.3985572733041134,-3.06611350483544,-0.3119835592218276,-0.3011809248969954,-0.3336214909577811,-0.264158555067602,-0.3281064228531564,-0.3453896703103801,,1,9,-4.683230188378121,1.0,-0.1981495022773742,-0.1494438350200653,0.78,1.0,True,False,False,False,False,False,False,False,False,False
S2 +DI>-DI,TR2z0.5/T60/SL5,1306,255,0.6286370597243491,-0.2865308159098078,1.5475206550632574,-0.4462824356532943,-0.1262139308068987,-5.547150977630976,-5.057466376318855,-0.2183102145596161,-0.3466907698382188,-0.3275680474907642,-0.2282153218351952,-0.3083183717047594,-0.3255252763720586,,2,9,-3.526323676779893,1.0,-0.1678692549467086,-0.13570037484169,0.69,1.0,True,False,False,False,False,False,False,False,False,False
S2 +DI>-DI,TR2z0.5/T120/noSL,1306,255,0.7465543644716692,-0.2235483973380246,1.6510546348927693,-0.4744408520395991,0.0185757881790634,-38.67273797936422,-14.695838415147811,-0.3011429367579145,-0.1551220888005999,-0.2805625710274537,-0.154931952350491,-0.2450938992568354,-0.2620755864033869,,3,9,-1.7613262567554135,1.0,-0.0456068105995655,-0.0707693994045257,0.42,1.0,True,False,False,False,False,False,False,False,False,False
S2 +DI>-DI,TR2z0.5/T120/SL3,1306,255,0.5444104134762634,-0.3061536278299401,1.4974038064564112,-0.4343080571029479,-0.1639583178434578,-3.3985572733041134,-3.068634416787698,-0.3154342947083365,-0.2979695238968296,-0.3298537053548485,-0.2651587211802942,-0.3280165979673981,-0.3452994988779946,,0,9,-4.652910233907949,1.0,-0.1930349916219711,-0.146270602941513,0.76,1.0,True,False,False,False,False,False,False,False,False,False
S2 +DI>-DI,TR2z0.5/T120/SL5,1306,255,0.6592649310872895,-0.3010462973529616,1.5899143089809789,-0.4718864874192551,-0.1333797074356294,-5.547150977630976,-5.058868285337888,-0.2319705453466556,-0.3619603610818654,-0.3489111351503065,-0.2418784592447208,-0.3228896390104928,-0.3401527599868421,,2,9,-3.528465094988303,1.0,-0.1689873337745666,-0.1164643540978431,0.75,1.0,True,False,False,False,False,False,False,False,False,False
S2 +DI>-DI,TR2z1/T15/noSL,1306,255,0.5459418070444104,-0.2085227900438578,0.3915848620689734,-0.3455062089158114,-0.0617448731955993,-20.120069396355,-7.488482033908941,-0.1761796819721522,-0.2370443781416731,-0.2456320074552603,-0.16289573787988,-0.2332480030680242,-0.2536091504695767,,1,9,-2.862664629281089,1.0,-0.15939562022686,-0.185970589518547,0.37,1.0,True,False,False,False,False,False,False,False,False,False
S2 +DI>-DI,TR2z1/T15/SL3,1306,255,0.4969372128637059,-0.2791574447474471,-0.030034562542268,-0.3899070418515413,-0.1690120223074795,-3.3985572733041134,-3.0569134816752865,-0.3168866293415163,-0.2458861753359624,-0.3095069353001987,-0.2337183397277553,-0.3041541207028343,-0.3245612349515056,,0,9,-4.731744659109006,1.0,-0.2380936592817306,-0.1956608593463897,0.84,1.0,True,False,False,False,False,False,False,False,False,False
S2 +DI>-DI,TR2z1/T15/SL5,1306,255,0.5344563552833078,-0.2549367344960169,0.328974267560679,-0.3957315093709681,-0.1150707009729072,-5.111700149136621,-5.024280638984175,-0.2140455518452426,-0.2909963941246536,-0.3035886049020901,-0.1974212050699089,-0.2798403254773402,-0.3003812272091755,,1,9,-3.6449218670356065,1.0,-0.2149614840745926,-0.195402443408966,0.67,1.0,True,False,False,False,False,False,False,False,False,False
S2 +DI>-DI,TR2z1/T30/noSL,1306,255,0.6156202143950995,-0.1656274428944843,1.1143414951659505,-0.3368879885434777,0.0009340544096814,-31.05387013457568,-9.505773960052576,-0.1021549133940838,-0.2216003363444051,-0.2054904869499381,-0.1193291978382724,-0.1903350044583673,-0.2113942716414439,,4,9,-1.9156350663905577,1.0,-0.1017692759633064,-0.172219842672348,0.21,1.0,True,False,False,False,False,False,False,False,False,False
S2 +DI>-DI,TR2z1/T30/SL3,1306,255,0.5168453292496171,-0.2881574032482989,0.5549296407341044,-0.4087509221491403,-0.161498952312761,-3.3985572733041134,-3.062523704453182,-0.2923915329610662,-0.2844235597551958,-0.3237129624535219,-0.2433373841156774,-0.3133358716544335,-0.3347815000927191,,0,9,-4.493255065465022,1.0,-0.237943634390831,-0.1896491944789886,0.83,1.0,True,False,False,False,False,False,False,False,False,False
S2 +DI>-DI,TR2z1/T30/SL5,1306,255,0.5857580398162328,-0.2578685573917656,1.0692198550633094,-0.4109780230356472,-0.0952926441961551,-5.547150977630976,-5.045080045135166,-0.1750216560484927,-0.3309266317751705,-0.3099967532733604,-0.1902100750404584,-0.282930619780004,-0.3043471231333028,,1,9,-3.244416226011065,1.0,-0.2012635171413421,-0.1861950457096099,0.57,1.0,True,False,False,False,False,False,False,False,False,False
S2 +DI>-DI,TR2z1/T60/noSL,1306,255,0.6875957120980092,-0.1730193397858115,1.243092563252758,-0.3869344050661175,0.0367547070907789,-30.5445417789412,-12.039903200940218,-0.1704739549748343,-0.1752639730773361,-0.1994817024513323,-0.1153592657018663,-0.1980977031986253,-0.2193581847109999,,2,9,-1.590460302565891,1.0,-0.0824225023388862,-0.1577601879835128,0.21,1.0,True,False,False,False,False,False,False,False,False,False
S2 +DI>-DI,TR2z1/T60/SL3,1306,255,0.5344563552833078,-0.3146872833808072,1.0148218888650151,-0.4461895293516835,-0.1730898394620237,-3.3985572733041134,-3.06611350483544,-0.3216716625254097,-0.3085281478815324,-0.3501260059759334,-0.2809987864537586,-0.3399677113570127,-0.3615160860904472,,0,9,-4.626520114042466,1.0,-0.2548140585422516,-0.1868637502193451,0.86,1.0,True,False,False,False,False,False,False,False,False,False
S2 +DI>-DI,TR2z1/T60/SL5,1306,255,0.6286370597243491,-0.2889681379331269,1.1704706793981623,-0.4628532348335566,-0.1105696934908569,-5.547150977630976,-5.057466376318855,-0.2316294579443133,-0.3395319306610144,-0.3260074671745564,-0.2334573369866043,-0.3144921154817872,-0.3362016495106866,,2,9,-3.4208685188129,1.0,-0.2207098305225372,-0.1792333424091339,0.73,1.0,True,False,False,False,False,False,False,False,False,False
S2 +DI>-DI,TR2z1/T120/noSL,1306,255,0.7465543644716692,-0.2200177457159545,1.3353666097436947,-0.4772881417969178,0.0276310457823184,-38.67273797936422,-14.695838415147811,-0.3132898317653217,-0.1377662807848123,-0.2718659599130612,-0.155537070054417,-0.2458850667069299,-0.2681007524621314,,2,9,-1.701631191834975,1.0,-0.1158652007579803,-0.1272269487380981,0.47,1.0,True,False,False,False,False,False,False,False,False,False
S2 +DI>-DI,TR2z1/T120/SL3,1306,255,0.5444104134762634,-0.3132540509715135,1.0536657638957516,-0.4517200085909842,-0.1779135662349747,-3.3985572733041134,-3.068634416787698,-0.3238036859092423,-0.3039509146863695,-0.337377028148154,-0.2794762565613441,-0.3392891237536837,-0.3610943252527679,,0,9,-4.568267187165183,1.0,-0.2517665326595306,-0.1882864832878112,0.8,1.0,True,False,False,False,False,False,False,False,False,False
S2 +DI>-DI,TR2z1/T120/SL5,1306,255,0.6592649310872895,-0.3019332453636111,1.2283328359880676,-0.4803405169438254,-0.1235601059487748,-5.547150977630976,-5.058868285337888,-0.246141086404122,-0.3511332472126131,-0.3488878227642051,-0.2466576222395264,-0.3281153838013496,-0.3506483161502795,,2,9,-3.399620302646789,1.0,-0.2277148813009262,-0.1667264401912689,0.8,1.0,True,False,False,False,False,False,False,False,False,False
S2 +DI>-DI,TR3z0.3/T15/noSL,1306,255,0.4908116385911179,-0.2338501260694731,-0.0607976232561911,-0.3908611645735506,-0.0832227497639275,-20.120069396355,-7.895437044413627,-0.2243348039387482,-0.2422411594181814,-0.2812307096073437,-0.1719317104041102,-0.2557746265099188,-0.2715508737756568,,1,9,-2.9831299545802343,1.0,-0.1569737493991851,-0.1641821265220642,0.47,1.0,True,False,False,False,False,False,False,False,False,False
S2 +DI>-DI,TR3z0.3/T15/SL3,1306,255,0.4418070444104134,-0.2982219037453651,-0.4671319413868711,-0.4246926121705393,-0.1692991168377217,-3.3985572733041134,-3.06146840525543,-0.3484633584783156,-0.2539167592258179,-0.3197635984484975,-0.2486793494595686,-0.3203937976434428,-0.3363156510838019,,0,9,-4.6718084284523025,1.0,-0.2253815233707428,-0.177091047167778,0.83,1.0,True,False,False,False,False,False,False,False,False,False
S2 +DI>-DI,TR3z0.3/T15/SL5,1306,255,0.4793261868300153,-0.2863851832340776,-0.1478133999520779,-0.4327764333372294,-0.1479373130212275,-5.20929842461748,-5.027745228638516,-0.2713969363929403,-0.2996024844830343,-0.3393732633711418,-0.2131473856617464,-0.3085115862770002,-0.324491294035667,,1,9,-3.8561003889839114,1.0,-0.2156704366207122,-0.1753531694412231,0.78,1.0,True,False,False,False,False,False,False,False,False,False
S2 +DI>-DI,TR3z0.3/T30/noSL,1306,255,0.5344563552833078,-0.2102117400624363,0.4617019250932954,-0.4021439868035654,-0.0261549424958347,-31.05387013457568,-10.09829147335044,-0.1765820503567461,-0.2398678929441113,-0.2606499510410263,-0.1390210743548212,-0.2320453935159215,-0.2481844391955553,,3,9,-2.226781961014171,1.0,-0.0862336233258247,-0.1326251327991485,0.28,1.0,True,False,False,False,False,False,False,False,False,False
S2 +DI>-DI,TR3z0.3/T30/SL3,1306,255,0.442572741194487,-0.3182066789013447,-0.6681328555476527,-0.4492454793279914,-0.1806482780003866,-3.3985572733041134,-3.068128693641826,-0.3066167182011617,-0.3284272206138979,-0.3535599157497515,-0.279944666901729,-0.3404553782381466,-0.3569383451739155,,1,9,-4.53969160935381,1.0,-0.2088308334350586,-0.1592016369104385,0.81,1.0,True,False,False,False,False,False,False,False,False,False
S2 +DI>-DI,TR3z0.3/T30/SL5,1306,255,0.5091883614088821,-0.2998741029737265,0.1094062734782421,-0.4601058612076462,-0.1408562043449396,-5.547150977630976,-5.049120522195503,-0.2244873296074364,-0.3663535054235384,-0.3497043933900612,-0.2173337357986105,-0.3220523465998149,-0.3385386413268402,,2,9,-3.5475105674161713,1.0,-0.1822312921285629,-0.1498931348323822,0.68,1.0,True,False,False,False,False,False,False,False,False,False
S2 +DI>-DI,TR3z0.3/T60/noSL,1306,255,0.599540581929556,-0.2287940499651303,2.4121749334633416,-0.4846465323932747,0.0204789414298891,-30.5445417789412,-13.10586586154098,-0.2487510654606233,-0.2111950680008051,-0.27595957317068,-0.134259383297955,-0.2506991189063279,-0.267212682852546,,4,9,-1.802712587418582,1.0,-0.0302068684250116,-0.0895377248525619,0.26,0.99,True,False,False,False,False,False,False,False,False,False
S2 +DI>-DI,TR3z0.3/T60/SL3,1306,255,0.4494640122511485,-0.3197856512613072,-1.5612983130948042,-0.4720841354865918,-0.1732475043536032,-3.3985572733041134,-3.0723287270308055,-0.2958517401701361,-0.3408916362581325,-0.3531197361676521,-0.2877158982809782,-0.342040418900799,-0.3589063798377365,,1,9,-4.254821121351358,1.0,-0.1792418956756591,-0.1395532637834549,0.74,1.0,True,False,False,False,False,False,False,False,False,False
S2 +DI>-DI,TR3z0.3/T60/SL5,1306,255,0.5421133231240429,-0.3075408137212311,1.6364410214778091,-0.4956432718112109,-0.1283578477357809,-5.547150977630976,-5.0633189005649655,-0.2530361697850906,-0.355605427682208,-0.3530277473580213,-0.2374688973911866,-0.3297485220312069,-0.3465670605265178,,1,9,-3.29592719111935,1.0,-0.1411722600460052,-0.1196305081248283,0.62,1.0,True,False,False,False,False,False,False,False,False,False
S2 +DI>-DI,TR3z0.3/T120/noSL,1306,255,0.667687595712098,-0.2473731144922708,2.6930431320424844,-0.5463033300780878,0.036961276729546,-38.67273797936422,-15.99990565374164,-0.3893876227727814,-0.1221384184293422,-0.2907521836191719,-0.1038504607072363,-0.2697394636663147,-0.287411887512851,,3,9,-1.660091304666056,1.0,-0.0197903849184513,-0.0372795574367046,0.48,0.97,True,False,False,False,False,False,False,False,False,False
S2 +DI>-DI,TR3z0.3/T120/SL3,1306,255,0.4624808575803981,-0.286156738640735,-3.000213634444997,-0.4364865791576955,-0.1424090200109154,-3.3985572733041134,-3.0759215924243364,-0.2573266195382785,-0.3115804171575987,-0.3207151407187606,-0.2555947873431705,-0.3086721409437122,-0.3262619768418229,,1,9,-3.7414502442490374,1.0,-0.1380296945571899,-0.1282837837934494,0.54,1.0,True,False,False,False,False,False,False,False,False,False
S2 +DI>-DI,TR3z0.3/T120/SL5,1306,255,0.5750382848392037,-0.3265557300535203,2.492310123556853,-0.5225471239332005,-0.1263391852395872,-5.547150977630976,-5.065215300380174,-0.2724149427693962,-0.3742994790706442,-0.3838407744673635,-0.2623978802554656,-0.3492263936609278,-0.3672054800460236,,2,9,-3.270682531650804,1.0,-0.1390913426876068,-0.0907503515481948,0.64,1.0,True,False,False,False,False,False,False,False,False,False
S2 +DI>-DI,TR3z0.5/T15/noSL,1306,255,0.4908116385911179,-0.2304369220017376,-0.0607976232561911,-0.3807358610999717,-0.0778381493984871,-20.120069396355,-7.895437044413627,-0.2172073081272263,-0.242103382651883,-0.2754181033802271,-0.1684052757301938,-0.2526981136048535,-0.2716319989254949,,1,9,-2.9307050916127744,1.0,-0.1717785447835922,-0.1749673038721084,0.49,1.0,True,False,False,False,False,False,False,False,False,False
S2 +DI>-DI,TR3z0.5/T15/SL3,1306,255,0.4418070444104134,-0.294542192539962,-0.4671319413868711,-0.4182599759243517,-0.1678592544900158,-3.3985572733041134,-3.06146840525543,-0.3405941959804918,-0.2539314920996102,-0.3145025181737808,-0.2446156054766927,-0.3170497533611338,-0.3362319088968845,,0,9,-4.623070145493413,1.0,-0.2381208688020706,-0.186950221657753,0.84,1.0,True,False,False,False,False,False,False,False,False,False
S2 +DI>-DI,TR3z0.5/T15/SL5,1306,255,0.4793261868300153,-0.2826696116154828,-0.1478133999520779,-0.4303745379337702,-0.1380619955798256,-5.20929842461748,-5.027745228638516,-0.2639705491563804,-0.2991592747638554,-0.3330063212861288,-0.2094781688431779,-0.3051315437628479,-0.3242677185516914,,1,9,-3.8122867700884626,1.0,-0.2307662814855575,-0.1857338100671768,0.78,1.0,True,False,False,False,False,False,False,False,False,False
S2 +DI>-DI,TR3z0.5/T30/noSL,1306,255,0.5344563552833078,-0.2063747425436944,0.4617019250932954,-0.3962710430165085,-0.024043976150259,-31.05387013457568,-10.09829147335044,-0.1683993986185231,-0.2398630861779952,-0.2548247421249942,-0.1341724787922519,-0.2285434584379012,-0.2474097816131831,,3,9,-2.187716971789836,1.0,-0.1079585552215576,-0.149854227900505,0.28,1.0,True,False,False,False,False,False,False,False,False,False
S2 +DI>-DI,TR3z0.5/T30/SL3,1306,255,0.442572741194487,-0.3129472189914163,-0.6681328555476527,-0.443140719823202,-0.176308341829922,-3.3985572733041134,-3.068128693641826,-0.295340682836276,-0.3284734439581971,-0.3471248369587037,-0.2738196852648615,-0.3355255139649765,-0.3548045765520141,,1,9,-4.469661534710289,1.0,-0.226490244269371,-0.173913761973381,0.82,1.0,True,False,False,False,False,False,False,False,False,False
S2 +DI>-DI,TR3z0.5/T30/SL5,1306,255,0.5091883614088821,-0.2947188794024745,0.1094062734782421,-0.4709443881302881,-0.1340519106019213,-5.547150977630976,-5.049120522195503,-0.2152842323063926,-0.3647678765534861,-0.3425025952718983,-0.2115340292595783,-0.3172271192661617,-0.3364355861946391,,2,9,-3.4890191194123368,1.0,-0.2022512853145599,-0.1661934703588485,0.69,1.0,True,False,False,False,False,False,False,False,False,False
S2 +DI>-DI,TR3z0.5/T60/noSL,1306,255,0.599540581929556,-0.2246074763716795,2.395029860096788,-0.4696799107922847,0.0211123197956573,-30.5445417789412,-13.10586586154098,-0.2377910643253391,-0.2129816034211901,-0.2701380881267299,-0.1295186351295227,-0.2472302415083234,-0.2665448475066226,,3,9,-1.7628698630950503,1.0,-0.0641255527734756,-0.1142938509583473,0.29,1.0,True,False,False,False,False,False,False,False,False,False
S2 +DI>-DI,TR3z0.5/T60/SL3,1306,255,0.4494640122511485,-0.314321294378759,-1.5612983130948042,-0.4630322833529927,-0.1513411347121994,-3.3985572733041134,-3.0723287270308055,-0.2825439093240736,-0.3423440028131501,-0.3507708605047395,-0.2810606627364491,-0.3372888474401034,-0.3569509017637567,,1,9,-4.1605782402851945,1.0,-0.2031020522117614,-0.1593919098377227,0.75,1.0,True,False,False,False,False,False,False,False,False,False
S2 +DI>-DI,TR3z0.5/T60/SL5,1306,255,0.5421133231240429,-0.3032123642282431,1.6364410214778091,-0.4851344594023052,-0.1274238395837429,-5.547150977630976,-5.0633189005649655,-0.2431398138786178,-0.3561870051705639,-0.3450336409013619,-0.2318853258871002,-0.3261372234765569,-0.3457562545596103,,2,9,-3.2339472247816015,1.0,-0.1716319173574447,-0.1423613578081131,0.64,1.0,True,False,False,False,False,False,False,False,False,False
S2 +DI>-DI,TR3z0.5/T120/noSL,1306,255,0.667687595712098,-0.2410042126999388,2.5440931904973443,-0.5446420110504079,0.0418350698245423,-38.67273797936422,-15.99990565374164,-0.3746016032560657,-0.1231921046014523,-0.2846737953291895,-0.0949565405370434,-0.2636899937333094,-0.2833132528081084,,3,9,-1.6093862418495413,1.0,-0.0577964559197425,-0.0676693618297576,0.5,1.0,True,False,False,False,False,False,False,False,False,False
S2 +DI>-DI,TR3z0.5/T120/SL3,1306,255,0.4624808575803981,-0.28163609871793,-3.000213634444997,-0.4345794668985789,-0.1333045770859305,-3.3985572733041134,-3.0759215924243364,-0.242477974264086,-0.3161674707146916,-0.3190511748128445,-0.2493423555244145,-0.3044780361157047,-0.3242586564651273,,1,9,-3.655007064895425,1.0,-0.1641619205474853,-0.1509267389774322,0.58,1.0,True,False,False,False,False,False,False,False,False,False
S2 +DI>-DI,TR3z0.5/T120/SL5,1306,255,0.5750382848392037,-0.3216278155560053,2.4484229605076804,-0.5083050519934189,-0.1233332860204816,-5.547150977630976,-5.065215300380174,-0.258889080809724,-0.3769536162256366,-0.3766715194869399,-0.2553765685088081,-0.3446234490215663,-0.3645589513652245,,3,9,-3.2026213331534343,1.0,-0.1714314669370651,-0.1173331663012504,0.67,1.0,True,False,False,False,False,False,False,False,False,False
S2 +DI>-DI,TR3z1/T15/noSL,1306,255,0.4908116385911179,-0.223318451161872,-0.0607976232561911,-0.3857171222369412,-0.0661747197511171,-20.120069396355,-7.895437044413627,-0.2082602061676085,-0.2365974798888017,-0.2684824879216247,-0.1524749334217686,-0.2493693702347919,-0.2711262189141854,,2,9,-2.7853719417493585,1.0,-0.2017682790756225,-0.1960790306329727,0.57,1.0,True,False,False,False,False,False,False,False,False,False
S2 +DI>-DI,TR3z1/T15/SL3,1306,255,0.4418070444104134,-0.2895666046942542,-0.4671319413868711,-0.420554676807213,-0.1555112836096065,-3.3985572733041134,-3.06146840525543,-0.3311917871228494,-0.2528596714863288,-0.3098772207778841,-0.2323759778053511,-0.3155678501900865,-0.3372022323515619,,0,9,-4.396799707217462,1.0,-0.2693659663200378,-0.2058204412460327,0.88,1.0,True,False,False,False,False,False,False,False,False,False
S2 +DI>-DI,TR3z1/T15/SL5,1306,255,0.4793261868300153,-0.2753628607954987,-0.1478133999520779,-0.4257084704964728,-0.1318657472939622,-5.20929842461748,-5.027745228638516,-0.2526839191041146,-0.2953621580795436,-0.32629494560112,-0.1940077717847041,-0.3016137968155115,-0.3235722057826392,,1,9,-3.615261584300068,1.0,-0.2589203715324402,-0.2059409916400909,0.84,1.0,True,False,False,False,False,False,False,False,False,False
S2 +DI>-DI,TR3z1/T30/noSL,1306,255,0.5344563552833078,-0.1908322118744831,0.4617019250932954,-0.3804767844104568,-0.0073541212320439,-31.05387013457568,-10.09829147335044,-0.1568148961063394,-0.2208301906210306,-0.2390211939553899,-0.1099236781510042,-0.2167582799124781,-0.2389945787860269,,4,9,-1.9995294352262352,1.0,-0.1399361789226532,-0.1818937510251999,0.31,1.0,True,False,False,False,False,False,False,False,False,False
S2 +DI>-DI,TR3z1/T30/SL3,1306,255,0.442572741194487,-0.3010782286664823,-0.6681328555476527,-0.4382968511848852,-0.1543364536710564,-3.3985572733041134,-3.068128693641826,-0.2775436203028666,-0.321832090796933,-0.3348926202791182,-0.2566096261452532,-0.3272147488393349,-0.3495427140651073,,1,9,-4.193922008354989,1.0,-0.2550399601459503,-0.2008861750364303,0.84,1.0,True,False,False,False,False,False,False,False,False,False
S2 +DI>-DI,TR3z1/T30/SL5,1306,255,0.5091883614088821,-0.2793445974351763,0.1094062734782421,-0.444542653856239,-0.1095361163006313,-5.547150977630976,-5.049120522195503,-0.1987837747682568,-0.350386706184679,-0.3322035732181762,-0.1896103791120404,-0.3056108360556492,-0.3281899302846887,,3,9,-3.2308977393583396,1.0,-0.2298362404108047,-0.1962620764970779,0.71,1.0,True,False,False,False,False,False,False,False,False,False
S2 +DI>-DI,TR3z1/T60/noSL,1306,255,0.599540581929556,-0.1965131935506569,2.0671909808983164,-0.4403428662674164,0.0567306199868884,-30.5445417789412,-13.10586586154098,-0.2252480613089846,-0.1711735118963392,-0.2441488615638279,-0.0878909306093768,-0.2232513113893206,-0.2465270740328773,,4,9,-1.5240421464009393,1.0,-0.0985566228628158,-0.1602025479078292,0.25,1.0,True,False,False,False,False,False,False,False,False,False
S2 +DI>-DI,TR3z1/T60/SL3,1306,255,0.4494640122511485,-0.2984267119043917,-1.5612983130948042,-0.4445822981226264,-0.1397474973725024,-3.3985572733041134,-3.0723287270308055,-0.2653981551037227,-0.327552759111898,-0.3351507770734573,-0.2567445627566744,-0.3245530417745459,-0.3470901686316562,,1,9,-3.860764326448816,1.0,-0.2360562533140182,-0.1951899379491806,0.73,1.0,True,False,False,False,False,False,False,False,False,False
S2 +DI>-DI,TR3z1/T60/SL5,1306,255,0.5421133231240429,-0.2748606492641048,1.6364410214778091,-0.4657493983053913,-0.0936047311549951,-5.547150977630976,-5.0633189005649655,-0.2239162296374102,-0.319785699424821,-0.3221833777025586,-0.1924131775270252,-0.3018998718518592,-0.3254790625836201,,3,9,-2.852068694685998,1.0,-0.1968917697668075,-0.1841836124658584,0.55,1.0,True,False,False,False,False,False,False,False,False,False
S2 +DI>-DI,TR3z1/T120/noSL,1306,255,0.667687595712098,-0.2058383527715793,2.2287050164512503,-0.504052192750634,0.0568039046984375,-38.67273797936422,-15.99990565374164,-0.3492866613892818,-0.0793392679386775,-0.2482029263322084,-0.054344597575793,-0.2334208143042297,-0.2578075722875043,,4,9,-1.3604484265155532,1.0,-0.0999627113342285,-0.1242832541465759,0.45,1.0,True,False,False,False,False,False,False,False,False,False
S2 +DI>-DI,TR3z1/T120/SL3,1306,255,0.4624808575803981,-0.2590609262467947,-3.000213634444997,-0.4194060182584712,-0.0997940609568634,-3.3985572733041134,-3.0759215924243364,-0.2153248328627649,-0.2976293544183023,-0.2946966061358967,-0.2228911080618765,-0.2863617710793474,-0.309802590069886,,1,9,-3.2727823517486745,1.0,-0.1958875060081482,-0.1925392001867294,0.53,1.0,True,False,False,False,False,False,False,False,False,False
S2 +DI>-DI,TR3z1/T120/SL5,1306,255,0.5750382848392037,-0.2875293477060815,2.079023287551897,-0.4932018654036025,-0.0853849575136324,-5.547150977630976,-5.065215300380174,-0.2320220088106986,-0.3364781825821252,-0.3469889081557497,-0.215285854761575,-0.3154257638695332,-0.3401288989730441,,3,9,-2.786294737075219,1.0,-0.2016936689615249,-0.1674513220787048,0.64,1.0,True,False,False,False,False,False,False,False,False,False
S2 +DI>-DI,LOCK2(live),1306,255,0.4846860643185298,-0.2015401584584408,-3.1000482226203427,-0.3661659141063281,-0.0290806160123032,-3.5716470968015877,-3.1843601403013686,-0.1332804713913784,-0.2617345799066284,-0.2471728247354105,-0.1410428369926872,-0.248373008445362,-0.2881051999362067,,2,9,-2.3868833223545596,1.0,,,,,True,False,False,False,False,False,False,False,False,False
