pair,bucket,t,n,pnl,sim60,b1h,badx,src,w,day,up,s1,s3c,fall,win,month,half,pullcell,zone
0GUSDT,1771700100000,1771700111580,1,-0.7041144834287739,-0.7014405906398116,0.1595,23.299,UNMATCHED,0.3333333333333333,20505,True,0.051314250154975025,0.1771299757932523,False,False,2,Jan–Apr,False,"[+0.10,+0.20)"
1000BONKUSDT,1768230900000,1768231185166,1,0.0925214929194424,0.0918573365976072,-0.0583,19.7371,UNMATCHED,0.3333333333333333,20465,False,-0.014332086903835896,-0.09313363640288812,True,True,1,Jan–Apr,False,"(−0.10,−0.05]"
1000BONKUSDT,1768377000000,1768377073233,3,0.3377244878720818,0.3457608773060251,0.26130000000000003,33.7955,UNMATCHED,1.0,20467,True,0.08074656061876971,0.29204375967151924,False,True,1,Jan–Apr,False,≥+0.20
1000BONKUSDT,1769045100000,1769045225966,1,-0.7212745346975983,-0.7000108617734904,0.1134,23.8521,UNMATCHED,0.3333333333333333,20475,True,0.047171673530460395,0.08152086339687024,False,False,1,Jan–Apr,False,"[+0.10,+0.20)"
1000BONKUSDT,1769045400000,1769045519655,2,-0.6950534719134285,-0.6904537320390481,0.1138,25.1198,UNMATCHED,0.6666666666666666,20475,True,0.047171673530460395,0.08152086339687024,False,False,1,Jan–Apr,False,"[+0.10,+0.20)"
1000BONKUSDT,1774870200000,1774870224952,1,0.1920729146657393,0.3017122418055328,0.2276,21.1917,UNMATCHED,0.3333333333333333,20542,True,0.06677479827909891,0.2516077796444301,False,True,3,Jan–Apr,False,≥+0.20
1000BONKUSDT,1784638500000,1784638617712,3,0.0789297235818016,0.0699292153875646,0.3264666666666666,33.3528,NONEXP_CALM3D,1.0,20655,True,0.10745770417623182,0.3253559321353905,False,True,7,May–Oct,False,≥+0.20
1000BONKUSDT,1784729100000,1784729121097,3,-0.4580623407058038,-0.8325578777035962,-0.09983333333333333,31.34273333333333,UNMATCHED,1.0,20656,False,-0.017898704448928965,-0.10682591133525032,True,False,7,May–Oct,False,"(−0.10,−0.05]"
1000BONKUSDT,1785028500000,1785028557103,3,-0.346034999282065,-0.7948088031325903,0.0816,27.61966666666667,UNMATCHED,1.0,20660,True,0.03566523939183691,0.07575536372320431,False,False,7,May–Oct,False,"[+0.05,+0.10)"
1000BONKUSDT,1790092200000,1790092216419,3,-0.3508971906878109,0.0775704288299381,0.2278,18.2076,ADX_SURGE_OPEN,1.0,20718,True,0.061714972811415254,0.19409287867980846,False,True,9,May–Oct,False,≥+0.20
1000LUNCUSDT,1772201400000,1772201684020,1,-1.1913654940333327,-1.1962411510615207,-0.4589,20.7814,UNMATCHED,0.3333333333333333,20511,False,-0.13680171294023583,-0.5279038045329867,True,False,2,Jan–Apr,False,≤−0.20
1000LUNCUSDT,1777400700000,1777400834169,1,-0.9165003415238394,-0.9737204474912282,-0.1605,27.4263,UNMATCHED,0.3333333333333333,20571,False,-0.05339228977754991,-0.20320247221454882,True,False,4,Jan–Apr,False,"(−0.20,−0.10]"
1000PEPEUSDT,1769453700000,1769453935212,1,0.0982812057773651,0.0983227140610491,0.026,18.6183,UNMATCHED,0.3333333333333333,20479,False,-0.010334292937869655,-0.0504357458102932,True,True,1,Jan–Apr,False,"[+0.025,+0.05)"
1000PEPEUSDT,1769471100000,1769471223722,3,0.9989493087842524,0.9967287916866264,0.12323333333333335,35.33286666666667,NONEXP_CALM3D,1.0,20479,True,0.029978021835856145,0.029751081780195962,False,True,1,Jan–Apr,False,"[+0.10,+0.20)"
1000PEPEUSDT,1769596500000,1769596798728,1,-0.6909195535061182,-0.6903694175368503,0.1363,32.284,NONEXP_CALM3D,0.3333333333333333,20481,True,0.07326617408875312,0.1100513599342295,False,False,1,Jan–Apr,False,"[+0.10,+0.20)"
1000PEPEUSDT,1769596800000,1769596802761,1,-0.6911030233567497,-0.6905441302233459,0.1363,32.284,NONEXP_CALM3D,0.3333333333333333,20481,True,0.07326617408875312,0.1100513599342295,False,False,1,Jan–Apr,False,"[+0.10,+0.20)"
1000PEPEUSDT,1769597100000,1769597240024,1,-0.6900857930270606,-0.6912930240264575,0.1357,33.5429,NONEXP_CALM3D,0.3333333333333333,20481,True,0.07326617408875312,0.1100513599342295,False,False,1,Jan–Apr,False,"[+0.10,+0.20)"
1000PEPEUSDT,1770093600000,1770093698682,1,-0.7079066167385087,-0.8261862037571001,0.0659,19.3957,UNMATCHED,0.3333333333333333,20487,True,0.06057785603956092,0.09988639575044553,False,False,2,Jan–Apr,False,"[+0.05,+0.10)"
1000PEPEUSDT,1770607200000,1770607382570,1,0.5447219829662692,0.099041634303596,0.0327,18.5411,UNMATCHED,0.3333333333333333,20493,True,0.013567040263194611,-0.019271449096257307,False,True,2,Jan–Apr,False,"[+0.025,+0.05)"
1000PEPEUSDT,1770904800000,1770904805535,1,-1.286431932881359,-0.8325436426789419,0.2641,19.1779,UNMATCHED,0.3333333333333333,20496,True,0.12094792733981896,0.2723848335442245,False,False,2,Jan–Apr,False,≥+0.20
1000PEPEUSDT,1771346100000,1771346215264,2,-1.078047333860063,-1.145831667687623,-0.3215,24.31925,UNMATCHED,0.6666666666666666,20501,False,-0.10703477462167298,-0.32508884164711344,True,False,2,Jan–Apr,False,≤−0.20
1000PEPEUSDT,1774149600000,1774149675031,1,0.2627791408008784,0.2238434452195885,-0.3681,21.9817,UNMATCHED,0.3333333333333333,20534,False,-0.1107840422585541,-0.4644703003157268,True,True,3,Jan–Apr,False,≤−0.20
1000PEPEUSDT,1774149900000,1774149956804,1,0.2477457320501001,0.2777887392800479,-0.3687,21.4341,UNMATCHED,0.3333333333333333,20534,False,-0.1107840422585541,-0.4644703003157268,True,True,3,Jan–Apr,False,≤−0.20
1000PEPEUSDT,1774288800000,1774288904355,2,0.3903939187658964,0.1717842988223256,0.58755,19.9244,UNMATCHED,0.6666666666666666,20535,True,0.21571172969347502,0.5071961703919183,False,True,3,Jan–Apr,False,≥+0.20
1000PEPEUSDT,1774919700000,1774919822837,3,0.3179345823502689,0.3680971392113724,0.03153333333333334,27.2996,UNMATCHED,1.0,20543,True,0.025761823972589103,-0.05183380625701425,False,True,3,Jan–Apr,False,"[+0.025,+0.05)"
1000PEPEUSDT,1776767700000,1776767775857,1,0.256948600028,0.3063551468383125,0.2504,31.2526,NONEXP_CALM3D,0.3333333333333333,20564,True,0.06906719274591636,0.21489511150446383,False,True,4,Jan–Apr,False,≥+0.20
1000PEPEUSDT,1777599000000,1777599243291,2,0.1947485512808467,0.176119670911384,0.0754,30.3295,NONEXP_CALM3D,0.6666666666666666,20574,True,0.025450226209544038,0.03815462902042576,False,True,5,May–Oct,False,"[+0.05,+0.10)"
1000PEPEUSDT,1778782200000,1778782297701,3,0.2528236355673658,0.0988500967728745,0.5958,20.075566666666667,UNMATCHED,1.0,20587,True,0.17869480305203808,0.590899005762712,False,True,5,May–Oct,False,≥+0.20
1000PEPEUSDT,1779989700000,1779989781860,2,0.3035999736789216,0.2856880276673544,-0.1763,20.8658,UNMATCHED,0.6666666666666666,20601,False,-0.03619307445070898,-0.26044984385769226,True,True,5,May–Oct,True,"(−0.20,−0.10]"
1000PEPEUSDT,1780953900000,1780954091414,1,-0.6929438455985747,-0.6921139058272465,0.1123,22.5058,UNMATCHED,0.3333333333333333,20612,True,0.031832483031443815,0.08238733132404757,False,False,6,May–Oct,False,"[+0.10,+0.20)"
1000PEPEUSDT,1781029200000,1781029388794,1,0.098943147932082,0.09700797374176,-0.4168,20.1192,UNMATCHED,0.3333333333333333,20613,False,-0.12794653819261953,-0.5686633911181178,True,True,6,May–Oct,False,≤−0.20
1000PEPEUSDT,1781703600000,1781703668465,2,-0.8418486285059193,-0.9913725845530744,-0.22945,24.7274,UNMATCHED,0.6666666666666666,20621,False,-0.0717723219078639,-0.31497247931945316,True,False,6,May–Oct,False,≤−0.20
1000PEPEUSDT,1782981000000,1782981159390,3,0.4598127123015483,0.4851048847693298,0.08439999999999999,24.8118,UNMATCHED,1.0,20636,True,0.00937156198510019,0.11697981709722195,False,True,7,May–Oct,False,"[+0.05,+0.10)"
1000PEPEUSDT,1784627100000,1784627320808,1,0.2404079242855318,0.2681748240957478,0.3808,35.2581,NONEXP_CALM3D,0.3333333333333333,20655,True,0.12275068040825869,0.35910516617695726,False,True,7,May–Oct,False,≥+0.20
1000PEPEUSDT,1787840400000,1787840446817,1,0.0994411699569617,0.099608867834262,0.1503,26.0812,UNMATCHED,0.3333333333333333,20692,True,0.05342311643273949,0.1356661695434791,False,True,8,May–Oct,False,"[+0.10,+0.20)"
1000PEPEUSDT,1788318000000,1788318200759,2,0.1739361837325593,0.1451630970155491,-0.1493,19.1506,UNMATCHED,0.6666666666666666,20698,False,-0.038708160615687416,-0.19179367282806714,True,True,9,May–Oct,True,"(−0.20,−0.10]"
1000PEPEUSDT,1788358800000,1788359018579,1,-0.4542508488483096,-0.6927003407407468,-0.0861,27.1386,UNMATCHED,0.3333333333333333,20698,False,-0.013526673944329307,-0.17078499875895442,True,False,9,May–Oct,False,"(−0.10,−0.05]"
1000PEPEUSDT,1788879000000,1788879165475,2,0.4333188464132994,0.9993397483294004,-0.17804999999999999,20.2275,UNMATCHED,0.6666666666666666,20704,False,-0.10329301909231436,-0.20645165929386028,True,True,9,May–Oct,True,"(−0.20,−0.10]"
1000PEPEUSDT,1789758600000,1789758871303,2,-0.7438395356522695,-0.6906458818924835,0.8390500000000001,20.2144,UNMATCHED,0.6666666666666666,20714,True,0.25861654485528274,0.8880023813883114,False,False,9,May–Oct,False,≥+0.20
1000PEPEUSDT,1789808400000,1789808534272,1,0.468275975874312,0.4417328010099,0.2456,39.7939,NONEXP_CALM3D,0.3333333333333333,20715,True,0.08980037461646753,0.23733742365053392,False,True,9,May–Oct,False,≥+0.20
1000PEPEUSDT,1790329200000,1790329313415,2,-0.6910875067688667,-0.6902771574921271,0.0382,37.4799,NONEXP_CALM3D,0.6666666666666666,20721,True,0.01974656768502279,-0.03395551962266205,False,False,9,May–Oct,False,"[+0.025,+0.05)"
1000RATSUSDT,1772700900000,1772700954328,1,0.5649031611421416,0.0931035789173796,0.0528,21.2904,UNMATCHED,0.3333333333333333,20517,False,-0.016538753356194657,0.07590543396098182,True,True,3,Jan–Apr,False,"[+0.05,+0.10)"
1000SHIBUSDT,1767507300000,1767507551360,3,0.0801843341733606,0.230254228306335,0.28886666666666666,24.1862,UNMATCHED,1.0,20457,True,0.09183738344631413,0.27005040235385935,False,True,1,Jan–Apr,False,≥+0.20
1000SHIBUSDT,1771276200000,1771276428563,3,0.381763916736098,0.3359262397053609,-0.05666666666666667,24.1439,UNMATCHED,1.0,20500,True,0.013923159324550589,-0.1636692408723454,False,True,2,Jan–Apr,False,"(−0.10,−0.05]"
1000SHIBUSDT,1772702700000,1772702738319,1,0.9835572387371536,0.9924211523319186,0.0614,21.0538,UNMATCHED,0.3333333333333333,20517,True,0.022250820754615923,0.059761623297846726,False,True,3,Jan–Apr,False,"[+0.05,+0.10)"
1000SHIBUSDT,1777917900000,1777918068893,2,-0.704046618090823,-0.6988926540252363,0.2877,21.752,UNMATCHED,0.6666666666666666,20577,True,0.11052633498416196,0.271961337521618,False,False,5,May–Oct,False,≥+0.20
1000SHIBUSDT,1780746900000,1780746946727,1,0.5754844500024338,0.0876596490894132,-0.1573,21.6463,UNMATCHED,0.3333333333333333,20610,False,-0.09269156948538607,-0.11119695928889375,True,True,6,May–Oct,True,"(−0.20,−0.10]"
1000SHIBUSDT,1785276300000,1785276497127,3,-0.7021442858038863,-0.6917447626368787,0.08583333333333333,36.19266666666667,NONEXP_CALM3D,1.0,20662,True,0.029640983566353717,0.07695548098369027,False,False,7,May–Oct,False,"[+0.05,+0.10)"
AAVEUSDT,1767626400000,1767626501985,1,0.9969124971888336,1.1954786468644854,0.2602,19.478,UNMATCHED,0.3333333333333333,20458,True,0.10697168003187983,0.21119738467863064,False,True,1,Jan–Apr,False,≥+0.20
AAVEUSDT,1767890700000,1767890740906,2,0.1763933994863668,0.0968866429366941,-0.054099999999999995,20.59175,UNMATCHED,0.6666666666666666,20461,True,0.012813407489118675,-0.1465147001800761,False,True,1,Jan–Apr,False,"(−0.10,−0.05]"
AAVEUSDT,1770108300000,1770108357100,3,-0.6916808264505767,-0.6951756335986138,0.15373333333333336,21.2355,UNMATCHED,1.0,20487,True,0.0518375221605575,0.07128773523122323,False,False,2,Jan–Apr,False,"[+0.10,+0.20)"
AAVEUSDT,1770355200000,1770355341925,1,0.0975758502464822,1.1981537248189582,-0.7188,17.562,ADX_SURGE_OPEN,0.3333333333333333,20490,False,-0.24290662321723855,-0.8949102012030891,True,True,2,Jan–Apr,False,≤−0.20
AAVEUSDT,1770837900000,1770838061454,3,-0.2082731387485914,0.0959324607686141,-0.1033,27.2706,UNMATCHED,1.0,20495,False,-0.008057747920430715,-0.34785953702952527,True,True,2,Jan–Apr,False,"(−0.20,−0.10]"
AAVEUSDT,1773120000000,1773120027567,2,-0.6938334425424146,-0.6934568572463665,0.48725,23.66055,UNMATCHED,0.6666666666666666,20522,True,0.18376271033888847,0.5477255867076777,False,False,3,Jan–Apr,False,≥+0.20
AAVEUSDT,1773392700000,1773392724566,2,0.3370300375780956,0.3800086488397581,0.3623,21.5494,UNMATCHED,0.6666666666666666,20525,True,0.12693470794069628,0.3245568375565433,False,True,3,Jan–Apr,False,≥+0.20
AAVEUSDT,1773680700000,1773680837816,2,0.3195292593729737,0.0994050590090144,0.1646,20.314,UNMATCHED,0.6666666666666666,20528,True,0.07532348197998157,0.14565201196507335,False,True,3,Jan–Apr,False,"[+0.10,+0.20)"
AAVEUSDT,1774219800000,1774220004975,3,-0.6962578107208691,-0.698683753227609,-0.2965,27.045533333333335,UNMATCHED,1.0,20534,False,-0.13492521797604945,-0.3492940660475169,True,False,3,Jan–Apr,False,≤−0.20
AAVEUSDT,1774288500000,1774288570023,3,-0.1350754042439107,0.0993932882944565,0.5097333333333333,19.489766666666668,UNMATCHED,1.0,20535,True,0.16358479726969907,0.6168993407934578,False,True,3,Jan–Apr,False,≥+0.20
AAVEUSDT,1774715400000,1774715609431,1,-0.6991706382916728,-0.6992943949490157,0.166,29.87,UNMATCHED,0.3333333333333333,20540,True,0.07095814689467995,0.16466929864733099,False,False,3,Jan–Apr,False,"[+0.10,+0.20)"
AAVEUSDT,1774835100000,1774835182687,3,0.6917496366814605,0.9898671654072124,-0.06756666666666666,21.1307,UNMATCHED,1.0,20542,False,-0.027908338534903866,-0.2083167028766317,True,True,3,Jan–Apr,False,"(−0.10,−0.05]"
AAVEUSDT,1775014800000,1775015025597,1,0.2226461882722607,0.1752159821765468,0.0755,26.9806,UNMATCHED,0.3333333333333333,20544,True,0.0013190422769986411,0.12905282732864107,False,True,4,Jan–Apr,False,"[+0.05,+0.10)"
AAVEUSDT,1775015100000,1775015139561,1,0.1612994035793133,0.8358898414500798,0.0792,27.3503,UNMATCHED,0.3333333333333333,20544,True,0.0013190422769986411,0.12905282732864107,False,True,4,Jan–Apr,False,"[+0.05,+0.10)"
AAVEUSDT,1775670600000,1775670629258,1,-0.6948959438495563,-0.6911852011638033,0.2,21.906,UNMATCHED,0.3333333333333333,20551,True,0.06626743785606823,0.07550015514734973,False,False,4,Jan–Apr,False,≥+0.20
AAVEUSDT,1775799300000,1775799361951,2,-0.690816192795094,-0.6952576674027564,0.10544999999999999,30.37865,NONEXP_CALM3D,0.6666666666666666,20553,True,0.04395388284306464,0.08232261252836963,False,False,4,Jan–Apr,False,"[+0.10,+0.20)"
AAVEUSDT,1775799600000,1775799693455,1,-0.6951826800810981,-0.6951826800810956,0.1054,31.2139,NONEXP_CALM3D,0.3333333333333333,20553,True,0.04395388284306464,0.08232261252836963,False,False,4,Jan–Apr,False,"[+0.10,+0.20)"
AAVEUSDT,1776341400000,1776341414913,1,0.0977589436681687,1.381718311341545,-0.0505,30.1576,UNMATCHED,0.3333333333333333,20559,False,-0.008203975341547145,-0.06360521920157618,True,True,4,Jan–Apr,False,"(−0.10,−0.05]"
AAVEUSDT,1777282500000,1777282506927,1,-0.6945777863699545,-0.7518845109400357,-0.1911,26.0927,UNMATCHED,0.3333333333333333,20570,False,-0.05969689790470876,-0.2418763951450705,True,False,4,Jan–Apr,False,"(−0.20,−0.10]"
AAVEUSDT,1777917900000,1777918081395,2,-0.6934307921234047,-0.6989602499238343,0.28815,21.752,UNMATCHED,0.6666666666666666,20577,True,0.11052633498416196,0.271961337521618,False,False,5,May–Oct,False,≥+0.20
AAVEUSDT,1778480700000,1778480822926,1,-0.6944672285860176,-0.694527172701926,-0.0891,23.7665,UNMATCHED,0.3333333333333333,20584,False,-0.03650679551935716,-0.13719704252710258,True,False,5,May–Oct,False,"(−0.10,−0.05]"
AAVEUSDT,1780074900000,1780074932063,1,-0.7013756609496227,-0.7016691045210607,0.1994,26.4054,UNMATCHED,0.3333333333333333,20602,True,0.06850953289199521,0.053563595352646896,False,False,5,May–Oct,False,"[+0.10,+0.20)"
AAVEUSDT,1780334700000,1780334737827,1,0.099753908008273,0.3351762019780259,-0.5277,18.0712,UNMATCHED,0.3333333333333333,20605,False,-0.15628691238327247,-0.5776561528071519,True,True,6,May–Oct,False,≤−0.20
AAVEUSDT,1780335600000,1780335667129,3,0.1109170561467272,0.0970901251986137,-0.5219999999999999,20.5345,UNMATCHED,1.0,20605,False,-0.15628691238327247,-0.5776561528071519,True,True,6,May–Oct,False,≤−0.20
AAVEUSDT,1780847100000,1780847141208,1,-0.6946247627294526,-0.6924267600804661,0.0604,21.0981,UNMATCHED,0.3333333333333333,20611,True,0.019912481653868445,0.02911296316401963,False,False,6,May–Oct,False,"[+0.05,+0.10)"
AAVEUSDT,1780905000000,1780905054656,2,-0.697044332784533,-0.6948249558105535,0.23675000000000002,20.6906,UNMATCHED,0.6666666666666666,20612,True,0.0728902017253156,0.1526558635955507,False,False,6,May–Oct,False,≥+0.20
AAVEUSDT,1781034900000,1781035032827,2,0.0928465112779287,0.0874263480894931,-0.27590000000000003,20.632399999999997,UNMATCHED,0.6666666666666666,20613,False,-0.10186905565154829,-0.4161260058696811,True,True,6,May–Oct,False,≤−0.20
AAVEUSDT,1781400600000,1781400613046,1,-0.6983110342194809,0.1922784538546419,0.1958,37.3297,NONEXP_CALM3D,0.3333333333333333,20618,True,0.0664192982153411,0.1869867160232985,False,True,6,May–Oct,False,"[+0.10,+0.20)"
AAVEUSDT,1782872700000,1782872759697,3,0.9995325763890832,0.9957169290126824,-0.07303333333333334,19.1022,UNMATCHED,1.0,20635,False,-0.02075556220969949,-0.1312693140534954,True,True,7,May–Oct,False,"(−0.10,−0.05]"
AAVEUSDT,1783289400000,1783289521124,1,0.1503165451575957,0.2129581713400165,0.0875,33.7461,NONEXP_CALM3D,0.3333333333333333,20639,True,0.04897739948006881,0.04121539205945772,False,True,7,May–Oct,False,"[+0.05,+0.10)"
AAVEUSDT,1783845900000,1783845996438,3,-0.6997073691663577,-0.6999140279059074,-0.0938,33.1535,UNMATCHED,1.0,20646,False,-0.029981813063970693,-0.1091303238938715,True,False,7,May–Oct,False,"(−0.10,−0.05]"
AAVEUSDT,1783954800000,1783954949817,1,-0.7001255595208241,-0.6959797651578655,-0.246,26.5,UNMATCHED,0.3333333333333333,20647,False,-0.05703416154700803,-0.30323628658959323,True,False,7,May–Oct,False,≤−0.20
AAVEUSDT,1785333600000,1785333663847,1,-0.6906263466213689,-0.697319974488845,0.1569,24.4205,UNMATCHED,0.3333333333333333,20663,True,0.07294038317029405,0.14918692090020166,False,False,7,May–Oct,False,"[+0.10,+0.20)"
AAVEUSDT,1787839500000,1787839530281,3,-0.7013921473237725,0.6796061744628152,0.1465,30.402,UNMATCHED,1.0,20692,True,0.05342311643273949,0.1356661695434791,False,True,8,May–Oct,False,"[+0.10,+0.20)"
AAVEUSDT,1788358800000,1788358956185,2,-0.6547511747694958,-0.6544527216892644,-0.08424999999999999,26.9252,UNMATCHED,0.6666666666666666,20698,False,-0.013526673944329307,-0.17078499875895442,True,False,9,May–Oct,False,"(−0.10,−0.05]"
AAVEUSDT,1788879900000,1788879926503,2,0.0974477512931772,0.0956504321512895,-0.1472,21.557850000000002,UNMATCHED,0.6666666666666666,20704,False,-0.02140399397465469,-0.1718147550707379,True,True,9,May–Oct,True,"(−0.20,−0.10]"
AAVEUSDT,1788937800000,1788938089694,1,0.5367290614201472,0.4556076873697506,0.1464,24.7235,UNMATCHED,0.3333333333333333,20705,True,0.05219705082541429,0.1437668813257103,False,True,9,May–Oct,False,"[+0.10,+0.20)"
AAVEUSDT,1789943700000,1789943812484,2,-0.3294980129727566,-0.7554491305615255,0.07095,22.3238,UNMATCHED,0.6666666666666666,20716,True,0.007678722964777368,0.07968702877115211,False,False,9,May–Oct,False,"[+0.05,+0.10)"
AAVEUSDT,1790019300000,1790019506263,3,2.2163728092412067,2.1768344528527432,0.7904666666666667,20.06,UNMATCHED,1.0,20717,True,0.24235805397565985,0.7944434048962246,False,True,9,May–Oct,False,≥+0.20
ACEUSDT,1788414900000,1788415002018,1,-1.1929218161328108,-1.1931953352641054,0.1431,20.1852,UNMATCHED,0.3333333333333333,20699,True,0.05365220387055456,0.17208254065767015,False,False,9,May–Oct,False,"[+0.10,+0.20)"
ACTUSDT,1782752700000,1782752758910,3,1.064803934380304,0.9630147896893896,0.06546666666666667,20.715500000000002,UNMATCHED,1.0,20633,True,0.009769863917575549,-0.05631243627792352,False,True,6,May–Oct,False,"[+0.05,+0.10)"
ADAUSDT,1768811700000,1768811761499,3,0.3642340663658919,0.4011795609921589,-0.3083,27.493433333333332,UNMATCHED,1.0,20472,False,-0.10482198609414797,-0.4095866592640767,True,True,1,Jan–Apr,False,≤−0.20
ADAUSDT,1769023500000,1769023550123,2,2.11454468057792,2.116757123560523,-0.28259999999999996,30.685000000000002,UNMATCHED,0.6666666666666666,20474,False,-0.07863780152463003,-0.4326625440389093,True,True,1,Jan–Apr,False,≤−0.20
ADAUSDT,1770714000000,1770714146926,1,0.1260219000635547,-0.6941848546779266,-0.3072,20.1992,UNMATCHED,0.3333333333333333,20494,False,-0.09580318063865688,-0.38253036300724197,True,False,2,Jan–Apr,False,≤−0.20
ADAUSDT,1771334700000,1771334796984,2,-0.3100150440387871,0.1219866918780124,-0.14279999999999998,21.8786,UNMATCHED,0.6666666666666666,20501,False,-0.05849951901389189,-0.21576527763967085,True,True,2,Jan–Apr,True,"(−0.20,−0.10]"
ADAUSDT,1771952700000,1771952790587,2,-0.7125532607057041,-0.7011109120114019,0.1664,26.58985,UNMATCHED,0.6666666666666666,20508,True,0.06801674848310896,0.041347063107637416,False,False,2,Jan–Apr,False,"[+0.10,+0.20)"
ADAUSDT,1772742300000,1772742475166,1,-0.6902564828620377,-0.7177239828320183,-0.3783,19.099,UNMATCHED,0.3333333333333333,20517,False,-0.14918320296016407,-0.5030178643402794,True,False,3,Jan–Apr,False,≤−0.20
ADAUSDT,1773346200000,1773346222066,1,0.6974027781544464,0.8238784488668114,0.0718,27.0375,UNMATCHED,0.3333333333333333,20524,True,0.05302425206997883,0.04151207056073667,False,True,3,Jan–Apr,False,"[+0.05,+0.10)"
ADAUSDT,1773626700000,1773626759243,2,-0.7150630882888942,-0.7154026916861379,0.3456,20.1454,UNMATCHED,0.6666666666666666,20528,True,0.11991551498122548,0.37628916246537764,False,False,3,Jan–Apr,False,≥+0.20
ADAUSDT,1775629800000,1775630031116,1,-0.7098319803387805,-0.6987846727116107,0.6235,30.2769,NONEXP_CALM3D,0.3333333333333333,20551,True,0.20722788041661466,0.6121630203374927,False,False,4,Jan–Apr,False,≥+0.20
ADAUSDT,1778477400000,1778477468311,1,0.1524967567015186,0.1975309988074829,-0.121,30.9591,UNMATCHED,0.3333333333333333,20584,False,-0.04265177029919901,-0.10797867571687803,True,True,5,May–Oct,False,"(−0.20,−0.10]"
ADAUSDT,1780666500000,1780666593158,1,-1.2196013686643958,-1.2487232009802929,-0.432,20.1033,UNMATCHED,0.3333333333333333,20609,False,-0.15984383210782654,-0.42838306711596114,True,False,6,May–Oct,False,≤−0.20
ADAUSDT,1780924200000,1780924466191,1,-0.7786679875945983,-0.8082338599005305,0.4103,26.4397,UNMATCHED,0.3333333333333333,20612,True,0.15204571212375154,0.3220809716004936,False,False,6,May–Oct,False,≥+0.20
ADAUSDT,1781135400000,1781135684363,1,0.0610928162675865,0.1584939565556525,-0.1768,21.8616,UNMATCHED,0.3333333333333333,20614,False,-0.0671074905497624,-0.15540790928139067,True,True,6,May–Oct,True,"(−0.20,−0.10]"
ADAUSDT,1783092000000,1783092191850,2,0.0849533743176133,1.4271216579382284,0.2118,28.3324,UNMATCHED,0.6666666666666666,20637,True,0.07952369803437563,0.22343099270624614,False,True,7,May–Oct,False,≥+0.20
ADAUSDT,1783680300000,1783680527609,1,-0.7143698696609955,-0.7417450254013158,0.3711,28.067,NONEXP_CALM3D,0.3333333333333333,20644,True,0.1252203599671126,0.32850361805036205,False,False,7,May–Oct,False,≥+0.20
ADAUSDT,1783702800000,1783702871281,1,-0.72099599955069,-0.747207837707922,0.0948,20.512,UNMATCHED,0.3333333333333333,20644,True,0.03680862130846261,0.06828015048437508,False,False,7,May–Oct,False,"[+0.05,+0.10)"
ADAUSDT,1784535300000,1784535351712,3,-0.7156041095408389,-0.7032220922052732,-0.15376666666666666,27.401666666666667,UNMATCHED,1.0,20654,False,-0.03288919598083619,-0.1978912644534096,True,False,7,May–Oct,False,"(−0.20,−0.10]"
ADAUSDT,1784595900000,1784596086085,1,-0.7333637823314431,-0.7326117371504913,0.2097,28.414,NONEXP_CALM3D,0.3333333333333333,20655,True,0.08658560247839375,0.16645504097880032,False,False,7,May–Oct,False,≥+0.20
ADAUSDT,1785133200000,1785133496823,1,0.1175330841610203,-0.6914151884974521,0.2145,32.2897,NONEXP_CALM3D,0.3333333333333333,20661,True,0.07691439893158812,0.19843746572012505,False,False,7,May–Oct,False,≥+0.20
ADAUSDT,1785333600000,1785333651687,1,-0.7297700764741195,-0.6961564561334725,0.1569,24.4205,UNMATCHED,0.3333333333333333,20663,True,0.07294038317029405,0.14918692090020166,False,False,7,May–Oct,False,"[+0.10,+0.20)"
ADAUSDT,1788737100000,1788737347406,1,0.297360436841349,0.2703599087046994,0.0738,33.1346,NONEXP_CALM3D,0.3333333333333333,20702,True,0.023832434870355496,0.04707478161719771,False,True,9,May–Oct,False,"[+0.05,+0.10)"
ADAUSDT,1790136600000,1790136754015,2,0.232253181414331,0.3350014970280559,0.17804999999999999,34.85155,NONEXP_CALM3D,0.6666666666666666,20719,True,0.059162380159712556,0.13478198417238074,False,True,9,May–Oct,False,"[+0.10,+0.20)"
ADAUSDT,1790327700000,1790327791785,2,0.2205773834761203,0.2270593670043619,0.031299999999999994,32.3502,NONEXP_CALM3D,0.6666666666666666,20721,True,0.01974656768502279,-0.03395551962266205,False,True,9,May–Oct,False,"[+0.025,+0.05)"
ADAUSDT,1790329200000,1790329483240,1,0.0675982604464663,0.0675982604464659,0.0343,36.4274,NONEXP_CALM3D,0.3333333333333333,20721,True,0.01974656768502279,-0.03395551962266205,False,True,9,May–Oct,False,"[+0.025,+0.05)"
AGLDUSDT,1783929600000,1783929677999,3,0.7000874764259114,0.9536140899988644,-0.2805333333333333,23.7681,UNMATCHED,1.0,20647,False,-0.08500165673978864,-0.34473263874763765,True,True,7,May–Oct,False,≤−0.20
AIOTUSDT,1774994100000,1774994204934,1,-1.2297910771431415,-1.258613966295855,0.3857,23.4237,UNMATCHED,0.3333333333333333,20543,True,0.1444823636433181,0.3507031102705167,False,False,3,Jan–Apr,False,≥+0.20
AKTUSDT,1768140900000,1768140950963,3,0.7861924080474024,0.0922888235190363,0.060566666666666664,36.83253333333334,UNMATCHED,1.0,20464,True,0.014063635312012098,0.04463454879688326,False,True,1,Jan–Apr,False,"[+0.05,+0.10)"
ALGOUSDT,1774988700000,1774988734432,1,0.9193887214628138,1.0999445060756927,0.3166,21.2872,UNMATCHED,0.3333333333333333,20543,True,0.09483369353791052,0.2726941557983186,False,True,3,Jan–Apr,False,≥+0.20
ALGOUSDT,1780149000000,1780149066136,1,0.0650802789904157,0.0649716236825907,0.0421,36.7365,UNMATCHED,0.3333333333333333,20603,True,0.015402464494897872,0.029923468893384774,False,True,5,May–Oct,False,"[+0.025,+0.05)"
ALGOUSDT,1790676300000,1790676348337,3,-0.2681796649537388,0.0991629681669043,0.19623333333333334,26.8727,UNMATCHED,1.0,20725,True,0.08223457178640131,0.19071326165946473,False,True,9,May–Oct,False,"[+0.10,+0.20)"
ANIMEUSDT,1773806400000,1773806651961,2,0.1312854224912792,0.0905559340736064,0.08155000000000001,38.0971,NONEXP_CALM3D,0.6666666666666666,20530,True,0.0315230944224166,0.033399215298570914,False,True,3,Jan–Apr,False,"[+0.05,+0.10)"
APEUSDT,1777260000000,1777260077333,2,-1.0110818162474913,-1.0374366481204158,0.33215,19.6496,UNMATCHED,0.6666666666666666,20570,True,0.0972870821362033,0.376497248424697,False,False,4,Jan–Apr,False,≥+0.20
APEUSDT,1777260900000,1777260948389,1,0.9927876219269636,0.4481148431311797,0.3335,20.4225,UNMATCHED,0.3333333333333333,20570,True,0.0972870821362033,0.376497248424697,False,True,4,Jan–Apr,False,≥+0.20
APEUSDT,1777759800000,1777759872896,1,-0.7323397890363944,-0.7604669573212071,0.1174,38.7272,NONEXP_CALM3D,0.3333333333333333,20575,True,0.050526406520639534,0.09513421842275557,False,False,5,May–Oct,False,"[+0.10,+0.20)"
API3USDT,1770489300000,1770489356867,3,1.1718592779231949,1.1745082226443089,0.12353333333333333,18.928866666666668,UNMATCHED,1.0,20491,True,0.03376539404743269,0.06900590022200069,False,True,2,Jan–Apr,False,"[+0.10,+0.20)"
API3USDT,1770539100000,1770539223505,1,0.1244699644440169,0.0974680687080039,0.1879,26.349,UNMATCHED,0.3333333333333333,20492,True,0.06433506268025882,0.08564856191713212,False,True,2,Jan–Apr,False,"[+0.10,+0.20)"
API3USDT,1770607200000,1770607392729,1,0.0887718563925372,0.0925137466163997,0.0327,18.5411,UNMATCHED,0.3333333333333333,20493,True,0.013567040263194611,-0.019271449096257307,False,True,2,Jan–Apr,False,"[+0.025,+0.05)"
API3USDT,1770608100000,1770608179998,1,0.3910648661195565,0.5163403375571798,0.0605,22.4987,UNMATCHED,0.3333333333333333,20493,True,0.013567040263194611,-0.019271449096257307,False,True,2,Jan–Apr,False,"[+0.05,+0.10)"
APTUSDT,1767755400000,1767755490107,2,-0.6905665189532233,-0.6905799884372033,-0.0847,28.4374,UNMATCHED,0.6666666666666666,20460,False,-0.009722241421955408,-0.1255010156541558,True,False,1,Jan–Apr,False,"(−0.10,−0.05]"
APTUSDT,1771465800000,1771465830327,1,0.0910537170577722,0.1362743503700713,-0.1927,22.2936,UNMATCHED,0.3333333333333333,20503,False,-0.08193128035752663,-0.27260668264860305,True,True,2,Jan–Apr,True,"(−0.20,−0.10]"
APTUSDT,1772558700000,1772558760519,3,1.0624917890284589,1.1933028840897897,0.19410000000000002,20.6618,UNMATCHED,1.0,20515,True,0.08607793974401265,-0.03667475986223599,False,True,3,Jan–Apr,False,"[+0.10,+0.20)"
APTUSDT,1772744700000,1772744761869,1,0.5876195493931482,0.5204579570919436,-0.3019,22.5209,UNMATCHED,0.3333333333333333,20517,False,-0.09011738539531039,-0.38502603699147947,True,True,3,Jan–Apr,False,≤−0.20
APTUSDT,1772779800000,1772779840603,1,0.7613663691176493,0.8714929805538966,-0.32,25.2818,UNMATCHED,0.3333333333333333,20518,False,-0.13083673142967742,-0.3034952687249402,True,True,3,Jan–Apr,False,≤−0.20
APTUSDT,1790019300000,1790019532423,2,0.1063509038502758,0.0931388393483635,0.7915,20.06,UNMATCHED,0.6666666666666666,20717,True,0.24235805397565985,0.7944434048962246,False,True,9,May–Oct,False,≥+0.20
APTUSDT,1790019600000,1790019617386,1,0.0930190868172155,1.2162585233783183,0.7884,20.06,UNMATCHED,0.3333333333333333,20717,True,0.24235805397565985,0.7944434048962246,False,True,9,May–Oct,False,≥+0.20
ARBUSDT,1767627300000,1767627346873,1,0.2790072137572579,0.2328804528742752,0.2748,18.1302,UNMATCHED,0.3333333333333333,20458,True,0.10697168003187983,0.21119738467863064,False,True,1,Jan–Apr,False,≥+0.20
ARBUSDT,1770715200000,1770715473097,1,-0.7272398677026637,-0.7272398677026674,-0.2811,19.5222,UNMATCHED,0.3333333333333333,20494,False,-0.09580318063865688,-0.38253036300724197,True,False,2,Jan–Apr,False,≤−0.20
ARBUSDT,1770736200000,1770736248070,2,0.7863219536546031,0.0909103493553725,-0.22235,21.913,UNMATCHED,0.6666666666666666,20494,False,-0.12956330254341736,-0.3104667486615279,True,True,2,Jan–Apr,False,≤−0.20
ARBUSDT,1770810600000,1770810856831,2,0.0964863714142342,0.0964863714142357,-0.53775,20.1557,UNMATCHED,0.6666666666666666,20495,False,-0.22714768987204173,-0.6084987449410149,True,True,2,Jan–Apr,False,≤−0.20
ARBUSDT,1772008200000,1772008360580,2,0.9499706499738648,0.984779091091677,0.1808,21.2157,UNMATCHED,0.6666666666666666,20509,True,0.05851463431099403,0.14609565291190352,False,True,2,Jan–Apr,False,"[+0.10,+0.20)"
ARBUSDT,1772423100000,1772423293851,2,0.0082338998278426,0.0081819672533063,0.16235,23.4812,UNMATCHED,0.6666666666666666,20514,True,0.010098499884138622,0.11571550500590468,False,True,3,Jan–Apr,False,"[+0.10,+0.20)"
ARBUSDT,1772553600000,1772553898747,1,0.993259851521302,0.3999764923220938,-0.0912,24.2894,UNMATCHED,0.3333333333333333,20515,True,0.026581244708963104,-0.23393976763834923,False,True,3,Jan–Apr,False,"(−0.10,−0.05]"
ARBUSDT,1773392700000,1773392748726,1,0.1378848640224727,0.1972247361984337,0.3593,21.2623,UNMATCHED,0.3333333333333333,20525,True,0.12693470794069628,0.3245568375565433,False,True,3,Jan–Apr,False,≥+0.20
ARBUSDT,1774229100000,1774229150888,1,0.0171347183161464,0.0171347183161461,-0.3147,18.0509,UNMATCHED,0.3333333333333333,20535,False,-0.13635025264873896,-0.31365276332462927,True,True,3,Jan–Apr,False,≤−0.20
ARBUSDT,1774834500000,1774834656545,3,0.0338065387204483,0.0211865293837205,-0.0752,20.2454,UNMATCHED,1.0,20542,False,-0.027908338534903866,-0.2083167028766317,True,True,3,Jan–Apr,False,"(−0.10,−0.05]"
ARBUSDT,1774965000000,1774965090441,2,0.1092933721513381,0.1254239079339458,-0.08549999999999999,26.0163,UNMATCHED,0.6666666666666666,20543,False,-0.05746110126276855,-0.23088776158858518,True,True,3,Jan–Apr,False,"(−0.10,−0.05]"
ARBUSDT,1775768100000,1775768163899,2,1.834152698435506,1.9322093652650856,0.26444999999999996,19.4292,UNMATCHED,0.6666666666666666,20552,True,0.08486719728448514,0.2888047646810472,False,True,4,Jan–Apr,False,≥+0.20
ARBUSDT,1779352200000,1779352223771,1,-0.7681050391461459,-0.715280952467829,0.0749,33.908,UNMATCHED,0.3333333333333333,20594,True,0.029095462176333842,0.052008505471780334,False,False,5,May–Oct,False,"[+0.05,+0.10)"
ARBUSDT,1781167800000,1781167903878,1,-0.6968415626814816,-0.6977451538176475,0.3239,28.4128,NONEXP_CALM3D,0.3333333333333333,20615,True,0.09192659721949757,0.2981625136739648,False,False,6,May–Oct,False,≥+0.20
ARBUSDT,1790664000000,1790664131367,1,0.0993437275247625,0.0993531656183236,0.0451,30.037,NONEXP_CALM3D,0.3333333333333333,20725,True,0.007711665284757379,-0.05287786084448797,False,True,9,May–Oct,False,"[+0.025,+0.05)"
ARBUSDT,1790708700000,1790708789816,1,-0.8356474915877073,-0.8790892703243897,-0.0577,29.7347,UNMATCHED,0.3333333333333333,20725,True,0.0048045172308075635,-0.13779732269332798,False,False,9,May–Oct,False,"(−0.10,−0.05]"
ARCUSDT,1774764900000,1774764930147,3,-0.261709278629554,-1.022070156763025,0.04306666666666667,22.2043,UNMATCHED,1.0,20541,True,0.01237673045163742,0.0556011182927204,False,False,3,Jan–Apr,False,"[+0.025,+0.05)"
ARKUSDT,1782595200000,1782595408533,1,-0.7272398677026637,-0.7278207707513423,-0.0504,28.5302,UNMATCHED,0.3333333333333333,20631,False,-0.015419685641272163,-0.02869137001173904,True,False,6,May–Oct,False,"(−0.10,−0.05]"
ASTERUSDT,1767501300000,1767501593587,1,-0.7009378659209142,-0.7012627519627488,0.2735,22.3168,UNMATCHED,0.3333333333333333,20457,True,0.08329397399765795,0.26769512425331643,False,False,1,Jan–Apr,False,≥+0.20
ASTERUSDT,1769724600000,1769724658057,2,-0.7053349729566692,-0.7003686857918776,-0.6829,21.1294,UNMATCHED,0.6666666666666666,20482,False,-0.22174506577631786,-0.8192440300813585,True,False,1,Jan–Apr,False,≤−0.20
ASTERUSDT,1770810600000,1770810660560,1,0.0917304058543318,0.0914554768641969,-0.5505,20.3562,UNMATCHED,0.3333333333333333,20495,False,-0.22714768987204173,-0.6084987449410149,True,True,2,Jan–Apr,False,≤−0.20
ASTERUSDT,1771346100000,1771346247424,2,-0.9995731387733524,-0.929602766279777,-0.3215,24.31925,UNMATCHED,0.6666666666666666,20501,False,-0.10703477462167298,-0.32508884164711344,True,False,2,Jan–Apr,False,≤−0.20
ASTERUSDT,1771823700000,1771823814067,3,0.9893020809776572,0.9898931250565036,-0.8240999999999999,26.7589,UNMATCHED,1.0,20507,False,-0.30379200167704573,-0.9581962066331652,True,True,2,Jan–Apr,False,≤−0.20
ASTERUSDT,1772097300000,1772097310376,2,0.8488164749907853,0.8495291906378543,0.0987,20.587249999999997,UNMATCHED,0.6666666666666666,20510,True,0.021639555420866957,0.08564967953299384,False,True,2,Jan–Apr,False,"[+0.05,+0.10)"
ASTERUSDT,1772132400000,1772132555297,1,0.324802474752683,0.281732879459305,-0.2198,20.4507,UNMATCHED,0.3333333333333333,20510,False,-0.05282289735174386,-0.35650302895915664,True,True,2,Jan–Apr,False,≤−0.20
ASTERUSDT,1779419400000,1779419651168,1,-0.6996565891222084,-0.6973714072076744,0.0491,28.29,NONEXP_CALM3D,0.3333333333333333,20595,True,0.017191233692559104,0.00869326352972099,False,False,5,May–Oct,False,"[+0.025,+0.05)"
ASTERUSDT,1780260000000,1780260114807,1,0.882329317021922,0.8974483323429652,-0.074,27.0925,UNMATCHED,0.3333333333333333,20604,False,-0.032970500970698834,-0.07834701492200634,True,True,5,May–Oct,False,"(−0.10,−0.05]"
ASTERUSDT,1780332900000,1780333096477,1,-0.695697856812628,-0.6952612030049459,-0.5822,18.4014,UNMATCHED,0.3333333333333333,20605,False,-0.23869365045498056,-0.6140822700546151,True,False,6,May–Oct,False,≤−0.20
ASTERUSDT,1780333200000,1780333464248,1,-0.9969764631618312,-0.6945724654357057,-0.5231,18.631,UNMATCHED,0.3333333333333333,20605,False,-0.15628691238327247,-0.5776561528071519,True,False,6,May–Oct,False,≤−0.20
ASTERUSDT,1787352900000,1787353041938,1,0.3041680305205574,0.376552485555775,0.6742,20.385,UNMATCHED,0.3333333333333333,20686,True,0.26017308388854804,0.5308490703595495,False,True,8,May–Oct,False,≥+0.20
ASTERUSDT,1788930600000,1788930783551,3,-0.2034810403372746,-0.6971540903991442,0.11206666666666666,37.8664,NONEXP_CALM3D,1.0,20705,True,0.06208610911917177,0.067879715510619,False,False,9,May–Oct,False,"[+0.10,+0.20)"
ATHUSDT,1774066500000,1774066516164,1,0.0916097656414602,0.0901468400643571,0.1372,27.5066,UNMATCHED,0.3333333333333333,20533,True,0.0391043560240284,0.11049715206039414,False,True,3,Jan–Apr,False,"[+0.10,+0.20)"
ATOMUSDT,1772099400000,1772099538960,3,-0.7124537416002923,-0.7124537416002963,0.12636666666666665,26.4528,UNMATCHED,1.0,20510,True,0.021639555420866957,0.08564967953299384,False,False,2,Jan–Apr,False,"[+0.10,+0.20)"
ATOMUSDT,1788997800000,1788997882424,2,-0.722063597800854,-0.7352159730575436,-0.21855,26.458199999999998,UNMATCHED,0.6666666666666666,20705,False,-0.0977924593394108,-0.23538832186511446,True,False,9,May–Oct,False,≤−0.20
AVAXUSDT,1767639000000,1767639257300,2,0.1900387243705168,0.1343472558501408,0.4209,25.31775,UNMATCHED,0.6666666666666666,20458,True,0.16078110569086015,0.4241767272658485,False,True,1,Jan–Apr,False,≥+0.20
AVAXUSDT,1769023500000,1769023558283,1,1.8897935083986896,1.9980720667841236,-0.2813,30.7038,UNMATCHED,0.3333333333333333,20474,False,-0.07863780152463003,-0.4326625440389093,True,True,1,Jan–Apr,False,≤−0.20
AVAXUSDT,1769771400000,1769771538496,1,0.5676633863395456,0.6137122842177857,-0.4401,20.6335,UNMATCHED,0.3333333333333333,20483,False,-0.1261742085544702,-0.49902288104107945,True,True,1,Jan–Apr,False,≤−0.20
AVAXUSDT,1769771700000,1769771806829,1,0.6319320240669808,0.6228551401274228,-0.4296,20.6345,UNMATCHED,0.3333333333333333,20483,False,-0.1261742085544702,-0.49902288104107945,True,True,1,Jan–Apr,False,≤−0.20
AVAXUSDT,1771104000000,1771104273985,1,-0.6962195466319133,0.6900938113878322,0.2368,20.9368,UNMATCHED,0.3333333333333333,20498,True,0.08267371735941335,0.21715081112862689,False,True,2,Jan–Apr,False,≥+0.20
AVAXUSDT,1771884300000,1771884534023,3,-0.6951229036421673,-0.6962879593967061,-0.4313,26.217,UNMATCHED,1.0,20507,False,-0.15054394041605448,-0.5551194358669076,True,False,2,Jan–Apr,False,≤−0.20
AVAXUSDT,1772278500000,1772278569249,2,-0.6948476089475162,-0.6984833396152382,-0.55455,26.3787,UNMATCHED,0.6666666666666666,20512,False,-0.1779494363438314,-0.7232007295220244,True,False,2,Jan–Apr,False,≤−0.20
AVAXUSDT,1772423400000,1772423528295,2,-0.6915818267193958,-0.6916805793313129,0.1622,24.5122,UNMATCHED,0.6666666666666666,20514,True,0.010098499884138622,0.11571550500590468,False,False,3,Jan–Apr,False,"[+0.10,+0.20)"
AVAXUSDT,1773060000000,1773060221539,1,0.4615860926171103,0.5225575844298737,0.2504,20.712,UNMATCHED,0.3333333333333333,20521,True,0.06857810052656571,0.2388343754768956,False,True,3,Jan–Apr,False,≥+0.20
AVAXUSDT,1773060300000,1773060339388,2,0.511550120634169,0.5445716544934682,0.23704999999999998,20.712,UNMATCHED,0.6666666666666666,20521,True,0.06857810052656571,0.2388343754768956,False,True,3,Jan–Apr,False,≥+0.20
AVAXUSDT,1774288800000,1774289040708,1,-0.69243522458113,-0.6988475364065343,0.5942,20.1014,UNMATCHED,0.3333333333333333,20535,True,0.21571172969347502,0.5071961703919183,False,False,3,Jan–Apr,False,≥+0.20
AVAXUSDT,1777913100000,1777913168280,3,0.5448332234308442,0.4415578230018059,0.3045,19.9308,UNMATCHED,1.0,20577,True,0.08289088949531444,0.14199381354444474,False,True,5,May–Oct,False,≥+0.20
AVAXUSDT,1778427600000,1778427881860,1,0.1176207636129938,0.235907928358628,0.0906,18.1197,UNMATCHED,0.3333333333333333,20583,True,0.02628997640547114,0.0790930817912512,False,True,5,May–Oct,False,"[+0.05,+0.10)"
AVAXUSDT,1780074900000,1780075163342,1,-0.6983043972265492,-0.6918794784567192,0.2008,26.9506,UNMATCHED,0.3333333333333333,20602,True,0.06850953289199521,0.053563595352646896,False,False,5,May–Oct,False,≥+0.20
AVAXUSDT,1780075200000,1780075430081,1,-0.6985952900704019,-0.6920031591659771,0.1957,27.5234,UNMATCHED,0.3333333333333333,20602,True,0.06850953289199521,0.053563595352646896,False,False,5,May–Oct,False,"[+0.10,+0.20)"
AVAXUSDT,1780599000000,1780599191984,1,-0.7024281717112978,-0.691136033555665,-0.1474,21.9723,UNMATCHED,0.3333333333333333,20608,False,-0.07696473644967096,-0.1923325729375433,True,False,6,May–Oct,True,"(−0.20,−0.10]"
AVAXUSDT,1780905000000,1780905126372,3,-0.6945725739932892,-0.7030357483072961,0.2258,20.6906,UNMATCHED,1.0,20612,True,0.0728902017253156,0.1526558635955507,False,False,6,May–Oct,False,≥+0.20
AVAXUSDT,1784535300000,1784535541671,1,-0.7004116138309271,-0.7004116138309272,-0.1531,27.4671,UNMATCHED,0.3333333333333333,20654,False,-0.03288919598083619,-0.1978912644534096,True,False,7,May–Oct,False,"(−0.20,−0.10]"
AVAXUSDT,1787400000000,1787400229839,1,0.2820396667359926,0.4149588884838099,-0.0812,20.5234,UNMATCHED,0.3333333333333333,20687,False,-0.02219116299896317,-0.11027258998860608,True,True,8,May–Oct,False,"(−0.10,−0.05]"
AVAXUSDT,1787929200000,1787929244627,3,-0.6948488557715188,-0.6953748408644189,-0.07303333333333334,20.737933333333334,UNMATCHED,1.0,20693,False,-0.015410228682274726,-0.10204397408570347,True,False,8,May–Oct,False,"(−0.10,−0.05]"
AVAXUSDT,1788735900000,1788736010412,2,0.9962244415387118,0.9956287910563816,0.0744,28.3034,UNMATCHED,0.6666666666666666,20702,True,0.023832434870355496,0.04707478161719771,False,True,9,May–Oct,False,"[+0.05,+0.10)"
AVAXUSDT,1790070900000,1790070961839,1,-0.8135751152702297,-0.6950654451681434,0.1864,24.5347,UNMATCHED,0.3333333333333333,20718,True,0.09802021930044048,0.11062369721988247,False,False,9,May–Oct,False,"[+0.10,+0.20)"
AVAXUSDT,1790266800000,1790266913574,1,0.7337973070551251,0.0925663272116661,0.0449,21.9373,UNMATCHED,0.3333333333333333,20720,True,0.03545428677912548,-0.004592125123997902,False,True,9,May–Oct,False,"[+0.025,+0.05)"
AVAXUSDT,1790333400000,1790333446096,2,1.396899228410284,1.43859371475719,0.111,32.9776,NONEXP_CALM3D,0.6666666666666666,20721,True,0.03553218145190494,0.02964243989904671,False,True,9,May–Oct,False,"[+0.10,+0.20)"
AVAXUSDT,1790909700000,1790909716374,1,0.2280950811026375,0.1279068775867237,0.1913,27.7129,UNMATCHED,0.3333333333333333,20728,True,0.060035032594403015,0.18204181776444392,False,True,10,May–Oct,False,"[+0.10,+0.20)"
AVAXUSDT,1790946300000,1790946336429,1,-0.6944425558067706,-0.6947708084534246,0.4008,23.611,UNMATCHED,0.3333333333333333,20728,True,0.1420495136177263,0.36331918501677685,False,False,10,May–Oct,False,≥+0.20
AVNTUSDT,1769385600000,1769385610485,1,-1.1989612156194662,0.0729600159127096,-0.4828,23.5553,UNMATCHED,0.3333333333333333,20479,False,-0.13752161632377594,-0.4802817915188111,True,True,1,Jan–Apr,False,≤−0.20
AWEUSDT,1771602000000,1771602016271,1,0.4667678185339684,0.422592061157936,-0.1531,25.0125,UNMATCHED,0.3333333333333333,20504,False,-0.040487855080052225,-0.10746138719901464,True,True,2,Jan–Apr,False,"(−0.20,−0.10]"
AXLUSDT,1776357000000,1776357252308,1,0.0876378139014463,0.0930988720590114,-0.0526,28.9886,UNMATCHED,0.3333333333333333,20559,True,0.02642150500835365,-0.1522378431401842,False,True,4,Jan–Apr,False,"(−0.10,−0.05]"
AXSUSDT,1770675000000,1770675219776,3,1.1362642740809932,1.1717045360973857,0.18203333333333335,22.086466666666666,UNMATCHED,1.0,20493,True,0.03458716924153565,0.25201184210473865,False,True,2,Jan–Apr,False,"[+0.10,+0.20)"
AXSUSDT,1770837900000,1770838045294,1,-0.7962304440992612,-0.8299036642899453,-0.1056,27.2706,UNMATCHED,0.3333333333333333,20495,False,-0.008057747920430715,-0.34785953702952527,True,False,2,Jan–Apr,False,"(−0.20,−0.10]"
AXSUSDT,1770936900000,1770937076190,2,-0.8712023362652197,-0.7280066646448965,-0.40559999999999996,18.6589,UNMATCHED,0.6666666666666666,20496,False,-0.13426442728624582,-0.5214116017383619,True,False,2,Jan–Apr,False,≤−0.20
AXSUSDT,1770937200000,1770937225400,1,-1.048439914596101,-0.7280066646448965,-0.3964,18.6589,UNMATCHED,0.3333333333333333,20496,False,-0.05734272580288812,-0.40116267967814073,True,False,2,Jan–Apr,False,≤−0.20
AXSUSDT,1771382400000,1771382516366,2,0.2090387799317181,0.2840827366920233,-0.2113,21.5861,UNMATCHED,0.6666666666666666,20502,False,-0.0873510874667397,-0.21331548392671645,True,True,2,Jan–Apr,False,≤−0.20
AXSUSDT,1771528200000,1771528431683,1,0.1889428438325759,0.153992761503145,0.06,18.5808,UNMATCHED,0.3333333333333333,20503,True,0.05590317678117407,-0.045637436837254304,False,True,2,Jan–Apr,False,"[+0.05,+0.10)"
AXSUSDT,1771529100000,1771529142280,2,-0.7042565325438281,0.2353269137819942,0.0663,18.00835,UNMATCHED,0.6666666666666666,20503,True,0.05590317678117407,-0.045637436837254304,False,True,2,Jan–Apr,False,"[+0.05,+0.10)"
AXSUSDT,1771606200000,1771606403301,2,0.065272560807727,0.0650872156040153,0.0342,21.7167,UNMATCHED,0.6666666666666666,20504,True,0.03475907081795422,-0.09032679763230585,False,True,2,Jan–Apr,False,"[+0.025,+0.05)"
AXSUSDT,1771612500000,1771612518679,2,-0.825428337482639,0.0652076305607755,0.1699,21.2262,UNMATCHED,0.6666666666666666,20504,True,0.030393209536674914,0.12748002263364364,False,True,2,Jan–Apr,False,"[+0.10,+0.20)"
AXSUSDT,1771627200000,1771627245019,2,1.1251842405379016,1.0686735207707414,0.14629999999999999,18.5328,UNMATCHED,0.6666666666666666,20504,True,0.04409231129589932,0.10749818188486435,False,True,2,Jan–Apr,False,"[+0.10,+0.20)"
AXSUSDT,1771627500000,1771627500416,1,1.10349047468294,1.146878006392868,0.1421,18.5487,UNMATCHED,0.3333333333333333,20504,True,0.04409231129589932,0.10749818188486435,False,True,2,Jan–Apr,False,"[+0.10,+0.20)"
AXSUSDT,1773490500000,1773490522445,1,0.024544748479558,-1.1971010683471868,-0.1066,23.6659,UNMATCHED,0.3333333333333333,20526,False,-0.026529328318605973,-0.15043917833047432,True,False,3,Jan–Apr,True,"(−0.20,−0.10]"
BABYUSDT,1773117900000,1773117982086,3,-1.221099395321114,-1.692602330452285,0.5318999999999999,21.8219,UNMATCHED,1.0,20522,True,0.1071800885780023,0.48187514909544676,False,False,3,Jan–Apr,False,≥+0.20
BANKUSDT,1787144700000,1787144738518,1,-0.7062475055316432,-0.7064893103388153,0.1314,35.51,NONEXP_CALM3D,0.3333333333333333,20684,True,0.06802135469210999,0.0887483178210945,False,False,8,May–Oct,False,"[+0.10,+0.20)"
BARDUSDT,1768468800000,1768468808645,1,-1.200487629850228,-1.1946050621205713,0.1003,24.778,UNMATCHED,0.3333333333333333,20468,True,0.033555715824243756,0.06880629741649365,False,False,1,Jan–Apr,False,"[+0.10,+0.20)"
BARDUSDT,1775626200000,1775626488518,2,0.4365702308450594,0.4387022214692849,0.6156999999999999,27.2736,UNMATCHED,0.6666666666666666,20551,True,0.20413621993242181,0.6219868565941795,False,True,4,Jan–Apr,False,≥+0.20
BARDUSDT,1775626500000,1775626505944,1,0.4656980770408639,0.5012616397919951,0.6148,27.2736,UNMATCHED,0.3333333333333333,20551,True,0.20413621993242181,0.6219868565941795,False,True,4,Jan–Apr,False,≥+0.20
BBUSDT,1777011600000,1777011668125,1,0.0836814515681089,0.0894487750851002,-0.0539,27.908,UNMATCHED,0.3333333333333333,20567,False,-0.005252847546383543,-0.09057330146671948,True,True,4,Jan–Apr,False,"(−0.10,−0.05]"
BBUSDT,1778769600000,1778769634136,1,-1.1900658712884515,-1.1928665562925038,0.083,27.61,UNMATCHED,0.3333333333333333,20587,True,0.0027194275282867468,-0.041112082978691254,False,False,5,May–Oct,False,"[+0.05,+0.10)"
BCHUSDT,1769745900000,1769746036672,2,0.2687261626095875,0.224686757442574,-0.8897,37.2,UNMATCHED,0.6666666666666666,20483,False,-0.2894272205431872,-1.0223822369815723,True,True,1,Jan–Apr,False,≤−0.20
BCHUSDT,1770371400000,1770371620276,1,-0.7941128914451031,0.0983075360607225,-0.3863,21.6475,UNMATCHED,0.3333333333333333,20490,False,-0.18247774095805167,-0.5846009643852431,True,True,2,Jan–Apr,False,≤−0.20
BCHUSDT,1770741300000,1770741363920,2,-0.6913892734465648,-0.6911560487760563,-0.1153,21.6293,UNMATCHED,0.6666666666666666,20494,False,-0.0023415073132006243,-0.18701211984628177,True,False,2,Jan–Apr,True,"(−0.20,−0.10]"
BCHUSDT,1771613700000,1771613938868,1,-0.6903583423390871,-0.6914998012408387,0.1675,26.8358,UNMATCHED,0.3333333333333333,20504,True,0.030393209536674914,0.12748002263364364,False,False,2,Jan–Apr,False,"[+0.10,+0.20)"
BCHUSDT,1772079000000,1772079059008,2,0.1896107729554188,0.4426483658654646,0.33909999999999996,14.2894,ADX_SURGE_OPEN,0.6666666666666666,20510,True,0.09667516283893243,0.3352995238118211,False,True,2,Jan–Apr,False,≥+0.20
BCHUSDT,1772081100000,1772081326353,1,0.2355397276400344,0.1846080880968975,0.3657,25.9979,UNMATCHED,0.3333333333333333,20510,True,0.09667516283893243,0.3352995238118211,False,True,2,Jan–Apr,False,≥+0.20
BCHUSDT,1774218900000,1774219152596,1,0.1887822351617559,0.1960179194726591,-0.303,31.9742,UNMATCHED,0.3333333333333333,20534,False,-0.13492521797604945,-0.3492940660475169,True,True,3,Jan–Apr,False,≤−0.20
BCHUSDT,1780074900000,1780075149182,1,-0.691440225078466,-0.6919445075812166,0.2008,26.9506,UNMATCHED,0.3333333333333333,20602,True,0.06850953289199521,0.053563595352646896,False,False,5,May–Oct,False,≥+0.20
BCHUSDT,1780434600000,1780434683691,2,0.099565160801427,0.1862259627444437,-0.63475,19.3985,UNMATCHED,0.6666666666666666,20606,False,-0.20576774403389214,-0.7480437571666662,True,True,6,May–Oct,False,≤−0.20
BCHUSDT,1780435200000,1780435386330,1,-0.7116002185943693,-0.7244292188354304,-0.6304,18.6322,UNMATCHED,0.3333333333333333,20606,False,-0.20576774403389214,-0.7480437571666662,True,False,6,May–Oct,False,≤−0.20
BCHUSDT,1780954200000,1780954431745,2,-0.6945244659553542,-0.6944783666550182,0.1055,22.0127,UNMATCHED,0.6666666666666666,20612,True,0.031832483031443815,0.08238733132404757,False,False,6,May–Oct,False,"[+0.10,+0.20)"
BCHUSDT,1781137200000,1781137445320,1,-0.8732575056830687,-0.7144954132598378,-0.0847,30.3879,UNMATCHED,0.3333333333333333,20615,False,-0.04037301291295482,-0.18473453401836346,True,False,6,May–Oct,False,"(−0.10,−0.05]"
BCHUSDT,1781598300000,1781598304722,2,0.2131166018612985,0.1619683500910946,0.11325,31.586750000000002,NONEXP_CALM3D,0.6666666666666666,20620,True,0.02881404545226989,0.057623648556651676,False,True,6,May–Oct,False,"[+0.10,+0.20)"
BCHUSDT,1781598600000,1781598708510,1,0.0964186736800966,0.2062604117355067,0.1249,32.3785,NONEXP_CALM3D,0.3333333333333333,20620,True,0.02881404545226989,0.057623648556651676,False,True,6,May–Oct,False,"[+0.10,+0.20)"
BCHUSDT,1782939900000,1782940072037,3,0.5175710750690329,0.4793054330194286,0.34303333333333336,21.6234,UNMATCHED,1.0,20635,True,0.11253656245647449,0.3674535346252007,False,True,7,May–Oct,False,≥+0.20
BCHUSDT,1789833000000,1789833034656,1,-0.6908089856626024,-0.6901296036014142,0.2297,38.9435,NONEXP_CALM3D,0.3333333333333333,20715,True,0.07960007920965924,0.20321875845513943,False,False,9,May–Oct,False,≥+0.20
BCHUSDT,1789835400000,1789835472853,2,0.0978094360649902,0.0977880618208895,0.255,37.5395,NONEXP_CALM3D,0.6666666666666666,20715,True,0.07921140769541928,0.21939505692869246,False,True,9,May–Oct,False,≥+0.20
BCHUSDT,1790708700000,1790708815976,1,0.4353775556529209,0.3637643350178566,-0.0577,29.7347,UNMATCHED,0.3333333333333333,20725,True,0.0048045172308075635,-0.13779732269332798,False,True,9,May–Oct,False,"(−0.10,−0.05]"
BCHUSDT,1790975100000,1790975202863,1,0.206826182356968,0.2789015341917675,-0.3039,20.5569,UNMATCHED,0.3333333333333333,20728,False,-0.09771954416620701,-0.3658357196580945,True,True,10,May–Oct,False,≤−0.20
BEAMXUSDT,1787916300000,1787916414784,2,-0.8024785229019475,0.9809476654223676,-0.0941,38.2086,UNMATCHED,0.6666666666666666,20693,False,-0.026088028176263028,-0.1322342839783917,True,True,8,May–Oct,False,"(−0.10,−0.05]"
BERAUSDT,1768544100000,1768544144524,2,0.1187116644353353,0.0912361253487933,-0.1044,24.3268,UNMATCHED,0.6666666666666666,20469,False,-0.01929207720049614,-0.14287693931048182,True,True,1,Jan–Apr,True,"(−0.20,−0.10]"
BERAUSDT,1775382900000,1775383116633,1,0.084440771062072,0.457836929769805,-0.0749,21.1467,UNMATCHED,0.3333333333333333,20548,False,-0.023994429638904382,-0.11672819547436039,True,True,4,Jan–Apr,False,"(−0.10,−0.05]"
BIOUSDT,1771606200000,1771606492261,1,0.0948110197117657,0.0988898388867817,0.0433,21.7363,UNMATCHED,0.3333333333333333,20504,True,0.03475907081795422,-0.09032679763230585,False,True,2,Jan–Apr,False,"[+0.025,+0.05)"
BIOUSDT,1776545400000,1776545478860,1,1.1905853755784004,1.195034934951429,-0.2444,26.0751,UNMATCHED,0.3333333333333333,20561,False,-0.08929563707193917,-0.26911710739768613,True,True,4,Jan–Apr,False,≤−0.20
BIOUSDT,1782912000000,1782912188337,1,-1.4968746793116805,-1.4982905097824144,-0.1147,31.9126,UNMATCHED,0.3333333333333333,20635,False,-0.06034404284488507,-0.15579363212888284,True,False,7,May–Oct,False,"(−0.20,−0.10]"
BLURUSDT,1783497900000,1783497986820,1,-1.2383373996719982,-1.215392710213412,-0.1824,22.7494,UNMATCHED,0.3333333333333333,20642,False,-0.049541140914604785,-0.24506104345838656,True,False,7,May–Oct,True,"(−0.20,−0.10]"
BOMEUSDT,1767629400000,1767629641221,2,0.0913784713525625,0.0906276543109793,0.39244999999999997,25.678,UNMATCHED,0.6666666666666666,20458,True,0.14797501369892346,0.3006167313615738,False,True,1,Jan–Apr,False,≥+0.20
BOMEUSDT,1767629700000,1767629734433,1,0.0920119215033878,0.0903558071877675,0.3928,25.678,UNMATCHED,0.3333333333333333,20458,True,0.14797501369892346,0.3006167313615738,False,True,1,Jan–Apr,False,≥+0.20
BRUSDT,1777729500000,1777729584024,1,-1.027988751833288,-1.1930036238154091,0.0368,38.5699,UNMATCHED,0.3333333333333333,20575,True,0.008770017531774196,0.02448504100833353,False,False,5,May–Oct,False,"[+0.025,+0.05)"
BTRUSDT,1769455500000,1769455549502,3,-1.1955855341210515,-1.190956201014743,0.0947,21.2162,UNMATCHED,1.0,20479,True,0.06664600090739985,0.03599999096801425,False,False,1,Jan–Apr,False,"[+0.05,+0.10)"
BTWUSDT,1789551000000,1789551224182,2,0.098872815909952,0.0981101812386958,-0.1333,22.8478,UNMATCHED,0.6666666666666666,20712,False,-0.052004119537619964,-0.1257343859798708,True,True,9,May–Oct,True,"(−0.20,−0.10]"
BTWUSDT,1789551600000,1789551620514,1,0.0987410423826852,0.099914151989781,-0.1298,23.4453,UNMATCHED,0.3333333333333333,20712,False,-0.052004119537619964,-0.1257343859798708,True,True,9,May–Oct,True,"(−0.20,−0.10]"
BTWUSDT,1789553100000,1789553224436,1,0.1085635918880661,0.2988703116243283,-0.0788,29.2248,UNMATCHED,0.3333333333333333,20712,False,-0.014064714199436994,-0.11896101350448954,True,True,9,May–Oct,False,"(−0.10,−0.05]"
BTWUSDT,1789943100000,1789943314516,1,0.4473772572847977,0.420507668673106,0.0662,24.2464,UNMATCHED,0.3333333333333333,20716,True,0.007678722964777368,0.07968702877115211,False,True,9,May–Oct,False,"[+0.05,+0.10)"
BTWUSDT,1789943400000,1789943588944,1,0.9986749127605772,0.9971722584324814,0.0716,23.4136,UNMATCHED,0.3333333333333333,20716,True,0.007678722964777368,0.07968702877115211,False,True,9,May–Oct,False,"[+0.05,+0.10)"
BUSDT,1778385000000,1778385264544,1,-0.8757683319828442,-0.8774679963042239,0.0626,30.5987,UNMATCHED,0.3333333333333333,20583,True,0.023486545345312946,0.049820687518743634,False,False,5,May–Oct,False,"[+0.05,+0.10)"
CAKEUSDT,1773599400000,1773599480112,2,-0.6911375152626484,-0.6915716105361353,0.1013,30.790799999999997,NONEXP_CALM3D,0.6666666666666666,20527,True,0.053183495632292486,0.06493228225630787,False,False,3,Jan–Apr,False,"[+0.10,+0.20)"
CETUSUSDT,1774965000000,1774965209928,1,-1.206541645995738,-1.205458193103978,-0.0903,26.0163,UNMATCHED,0.3333333333333333,20543,False,-0.05746110126276855,-0.23088776158858518,True,False,3,Jan–Apr,False,"(−0.10,−0.05]"
CFXUSDT,1773626100000,1773626202601,1,0.995579353838382,0.9853041399292763,0.3795,19.8407,UNMATCHED,0.3333333333333333,20528,True,0.1000367678985681,0.4153143472994723,False,True,3,Jan–Apr,False,≥+0.20
CHZUSDT,1768149900000,1768149936702,3,0.9198857619091626,0.988286736874696,0.08733333333333333,23.948766666666668,UNMATCHED,1.0,20464,True,0.011202551962834971,0.06565096415123614,False,True,1,Jan–Apr,False,"[+0.05,+0.10)"
CHZUSDT,1776314700000,1776314915577,1,0.0774511311489705,0.0974376046646336,0.1411,21.2084,UNMATCHED,0.3333333333333333,20559,True,0.04772085633578876,0.1241274108242683,False,True,4,Jan–Apr,False,"[+0.10,+0.20)"
CHZUSDT,1777045500000,1777045570694,1,0.1149056271279326,0.0941907993112089,0.043,21.604,UNMATCHED,0.3333333333333333,20567,True,0.008282177894759758,0.07044690716479697,False,True,4,Jan–Apr,False,"[+0.025,+0.05)"
CHZUSDT,1779330300000,1779330342993,1,0.2663749430357831,0.3277639199329838,0.1863,32.0558,NONEXP_CALM3D,0.3333333333333333,20594,True,0.04945259134957941,0.14033709806290845,False,True,5,May–Oct,False,"[+0.10,+0.20)"
CHZUSDT,1781137200000,1781137453480,1,1.1668695542160383,1.178558375256171,-0.0847,30.3879,UNMATCHED,0.3333333333333333,20615,False,-0.04037301291295482,-0.18473453401836346,True,True,6,May–Oct,False,"(−0.10,−0.05]"
COMPUSDT,1771082700000,1771082938975,1,0.1858877547024638,0.1090094988619594,0.2375,23.566,UNMATCHED,0.3333333333333333,20498,True,0.08088480694023145,0.2218367642096388,False,True,2,Jan–Apr,False,≥+0.20
COSUSDT,1773950700000,1773950889929,3,-1.338403123703927,-1.4474167371745872,-0.08106666666666666,20.6927,UNMATCHED,1.0,20531,False,-0.004205038048832167,-0.14943544890480986,True,False,3,Jan–Apr,False,"(−0.10,−0.05]"
CRVUSDT,1768941900000,1768942161488,1,-1.167676118876406,-1.1676761188764018,-0.4593,20.3974,UNMATCHED,0.3333333333333333,20473,False,-0.1512224970271502,-0.5164788832463932,True,False,1,Jan–Apr,False,≤−0.20
CRVUSDT,1770282900000,1770282962185,3,-1.286141340313872,-1.2047365247522086,-0.5806333333333333,18.5312,UNMATCHED,1.0,20489,False,-0.2170982077035103,-0.7665644042463695,True,False,2,Jan–Apr,False,≤−0.20
CRVUSDT,1774446000000,1774446122458,2,-1.2917832331793846,-1.3606169740515246,0.3644,26.1812,UNMATCHED,0.6666666666666666,20537,True,0.11347881264890711,0.34400642287117217,False,False,3,Jan–Apr,False,≥+0.20
CRVUSDT,1774835700000,1774835720701,2,-0.09,-0.09,-0.07985,21.9883,UNMATCHED,0.6666666666666666,20542,False,-0.027908338534903866,-0.2083167028766317,True,False,3,Jan–Apr,False,"(−0.10,−0.05]"
CRVUSDT,1774958400000,1774958618728,1,-0.9592489634546958,-1.0329736202350437,-0.2134,32.4124,UNMATCHED,0.3333333333333333,20543,False,-0.05896563071172008,-0.3368696544885652,True,False,3,Jan–Apr,False,≤−0.20
CRVUSDT,1775874900000,1775874940458,3,-0.2421388189248741,-0.09,0.11463333333333332,27.86623333333333,UNMATCHED,1.0,20554,True,0.04072929872281122,0.11533142671997919,False,False,4,Jan–Apr,False,"[+0.10,+0.20)"
CRVUSDT,1787352900000,1787353012150,2,0.0849946937195143,0.0878061510473248,0.6677,20.385,UNMATCHED,0.6666666666666666,20686,True,0.26017308388854804,0.5308490703595495,False,True,8,May–Oct,False,≥+0.20
CRVUSDT,1788221700000,1788221922247,1,0.0859284673458693,0.0854139127774198,0.0369,31.6351,NONEXP_CALM3D,0.3333333333333333,20697,True,0.0031462270505119142,0.06317426449409244,False,True,9,May–Oct,False,"[+0.025,+0.05)"
CRVUSDT,1788271200000,1788271425814,2,0.0732130179539064,0.0730977280288973,-0.1124,24.9664,UNMATCHED,0.6666666666666666,20697,False,-0.0379965589033854,-0.13503535841494219,True,True,9,May–Oct,True,"(−0.20,−0.10]"
DASHUSDT,1768908300000,1768908374892,2,-0.9030720306505784,0.0896719513305335,-0.3075,23.199,UNMATCHED,0.6666666666666666,20473,False,-0.0984202795716254,-0.36606508151029993,True,True,1,Jan–Apr,False,≤−0.20
DASHUSDT,1769048400000,1769048523548,2,-1.3574064627203746,-1.3710896502223642,0.18705,26.57555,UNMATCHED,0.6666666666666666,20475,True,0.06388957443129645,0.11021742920758713,False,False,1,Jan–Apr,False,"[+0.10,+0.20)"
DASHUSDT,1770355800000,1770355886793,2,0.0807063985258079,0.081148853097795,-0.7396,19.6342,UNMATCHED,0.6666666666666666,20490,False,-0.24290662321723855,-0.8949102012030891,True,True,2,Jan–Apr,False,≤−0.20
DASHUSDT,1770417300000,1770417339827,1,0.0918300306494274,0.3762329731200789,1.013,17.4498,ADX_SURGE_OPEN,0.3333333333333333,20490,True,0.3130139318581902,1.0783231666563258,False,True,2,Jan–Apr,False,≥+0.20
DASHUSDT,1770714000000,1770714173086,2,-0.7907501432116093,-0.9301912270724008,-0.3083,20.16215,UNMATCHED,0.6666666666666666,20494,False,-0.09580318063865688,-0.38253036300724197,True,False,2,Jan–Apr,False,≤−0.20
DASHUSDT,1771189800000,1771189873257,3,-0.4374239448832555,-0.7050241730153917,-0.36306666666666665,27.0437,UNMATCHED,1.0,20499,False,-0.1268101768303306,-0.4412138712379594,True,False,2,Jan–Apr,False,≤−0.20
DASHUSDT,1775852100000,1775852263073,3,0.0917642657031746,0.0902249992240759,0.3405,18.2172,UNMATCHED,1.0,20553,True,0.11774478772809824,0.3608324815697363,False,True,4,Jan–Apr,False,≥+0.20
DASHUSDT,1776242100000,1776242177352,3,0.0928310799030217,0.0919245882140342,-0.12633333333333333,22.5361,UNMATCHED,1.0,20558,False,-0.06491682023737787,-0.1520358509407009,True,True,4,Jan–Apr,True,"(−0.20,−0.10]"
DASHUSDT,1779778200000,1779778459931,1,-0.696605860588897,-0.6972884021096153,-0.0867,23.1963,UNMATCHED,0.3333333333333333,20599,False,-0.021419196457029777,-0.13241462753304656,True,False,5,May–Oct,False,"(−0.10,−0.05]"
DASHUSDT,1780925400000,1780925595320,1,-0.8919481140675622,-0.9205061947675308,0.3257,25.0715,UNMATCHED,0.3333333333333333,20612,True,0.15204571212375154,0.3220809716004936,False,False,6,May–Oct,False,≥+0.20
DASHUSDT,1788944100000,1788944221268,2,0.1747260180835453,0.0926699858288035,0.2172,39.6633,NONEXP_CALM3D,0.6666666666666666,20705,True,0.06163582067931905,0.1433103152524405,False,True,9,May–Oct,False,≥+0.20
DASHUSDT,1788944400000,1788944630409,1,0.0922652329370979,0.091850738342881,0.2554,39.2174,NONEXP_CALM3D,0.3333333333333333,20705,True,0.10503111428261452,0.22087857638018893,False,True,9,May–Oct,False,≥+0.20
DASHUSDT,1788954900000,1788954922156,1,-1.6971042709642048,-1.6957688809419933,0.0566,26.4319,UNMATCHED,0.3333333333333333,20705,True,0.001476580770762161,0.11341682184123925,False,False,9,May–Oct,False,"[+0.05,+0.10)"
DASHUSDT,1789612800000,1789613021742,2,0.0898088752924053,0.0968898413635922,0.14625,22.518749999999997,UNMATCHED,0.6666666666666666,20713,True,0.04715249849140595,0.13051884088495458,False,True,9,May–Oct,False,"[+0.10,+0.20)"
DASHUSDT,1790684100000,1790684249190,2,-0.6924089387475116,-0.7188557708478983,0.20655,29.6272,NONEXP_CALM3D,0.6666666666666666,20725,True,0.08059218281581337,0.21339111541178937,False,False,9,May–Oct,False,≥+0.20
DEGOUSDT,1773799800000,1773799850419,1,-1.694033241913962,-1.6947810744789409,-0.0601,25.8134,UNMATCHED,0.3333333333333333,20530,False,-0.016952020867240163,-0.11284818730064863,True,False,3,Jan–Apr,False,"(−0.10,−0.05]"
DEXEUSDT,1785847800000,1785847956556,2,-0.2097890822108813,0.4447607544528862,0.1129,39.338049999999996,NONEXP_CALM3D,0.6666666666666666,20669,True,0.04433042418557786,0.06589563706541805,False,True,8,May–Oct,False,"[+0.10,+0.20)"
DOGEUSDT,1790664000000,1790664058819,3,0.1489514444012869,0.1113696913922402,0.044966666666666676,30.036999999999995,NONEXP_CALM3D,1.0,20725,True,0.007711665284757379,-0.05287786084448797,False,True,9,May–Oct,False,"[+0.025,+0.05)"
DOGEUSDT,1790707500000,1790707738880,1,-0.6953443961891216,-0.6953443961891183,-0.1427,26.2208,UNMATCHED,0.3333333333333333,20725,False,-0.06708265236283771,-0.2244266183009852,True,False,9,May–Oct,False,"(−0.20,−0.10]"
DOGEUSDT,1790946300000,1790946359284,1,-0.69991734409652,0.1878545123992855,0.3996,24.3534,UNMATCHED,0.3333333333333333,20728,True,0.1420495136177263,0.36331918501677685,False,True,10,May–Oct,False,≥+0.20
DOLOUSDT,1768543500000,1768543695206,1,0.9986306039289546,0.4843703397506516,-0.0937,23.2946,UNMATCHED,0.3333333333333333,20469,False,-0.01929207720049614,-0.14287693931048182,True,True,1,Jan–Apr,False,"(−0.10,−0.05]"
DOTUSDT,1771189800000,1771189969835,1,-0.7548937632045428,-0.7543939396073698,-0.364,27.0437,UNMATCHED,0.3333333333333333,20499,False,-0.1268101768303306,-0.4412138712379594,True,False,2,Jan–Apr,False,≤−0.20
DOTUSDT,1771354500000,1771354700218,1,-0.7843030424186946,-0.7471142464770981,-0.1633,25.251,UNMATCHED,0.3333333333333333,20501,False,-0.11153211177216255,-0.2935436074676938,True,False,2,Jan–Apr,False,"(−0.20,−0.10]"
DOTUSDT,1771612500000,1771612526839,1,-0.8713005124870524,0.0594076363257965,0.1769,21.2262,UNMATCHED,0.3333333333333333,20504,True,0.030393209536674914,0.12748002263364364,False,True,2,Jan–Apr,False,"[+0.10,+0.20)"
DOTUSDT,1772278500000,1772278549090,1,-0.8645797655006744,-0.898812107997989,-0.5542,26.3787,UNMATCHED,0.3333333333333333,20512,False,-0.1779494363438314,-0.7232007295220244,True,False,2,Jan–Apr,False,≤−0.20
DOTUSDT,1772301600000,1772301657642,1,1.2166000855501975,1.150456172522233,0.1921,27.2019,UNMATCHED,0.3333333333333333,20512,True,0.08124057930843534,0.11468092104010648,False,True,2,Jan–Apr,False,"[+0.10,+0.20)"
DOTUSDT,1773626700000,1773626885300,1,-0.712561424749778,-0.7121226751818013,0.3386,20.1454,UNMATCHED,0.3333333333333333,20528,True,0.11991551498122548,0.37628916246537764,False,False,3,Jan–Apr,False,≥+0.20
DOTUSDT,1774219800000,1774219990815,1,-0.6904036192219817,0.0512857577330256,-0.292,26.924,UNMATCHED,0.3333333333333333,20534,False,-0.13492521797604945,-0.3492940660475169,True,True,3,Jan–Apr,False,≤−0.20
DOTUSDT,1776088200000,1776088271415,3,-0.735474703969861,0.08100720374886,0.06576666666666667,27.3369,UNMATCHED,1.0,20556,True,0.00665603123044456,-0.05236794922379927,False,True,4,Jan–Apr,False,"[+0.05,+0.10)"
DOTUSDT,1776700500000,1776700787928,2,0.0673454990374134,0.0672835734761112,0.1548,20.9676,UNMATCHED,0.6666666666666666,20563,True,0.013286630652955381,0.11494914012364119,False,True,4,Jan–Apr,False,"[+0.10,+0.20)"
DOTUSDT,1776700800000,1776700826104,1,0.0674074245987152,0.3044550427601103,0.1587,21.0826,UNMATCHED,0.3333333333333333,20563,True,0.09599155731854614,0.15777278603817094,False,True,4,Jan–Apr,False,"[+0.10,+0.20)"
DOTUSDT,1776945300000,1776945581177,1,-0.6957779042830659,-0.7307384647582271,-0.1764,33.7888,UNMATCHED,0.3333333333333333,20566,False,-0.08295818492721596,-0.1742192487854443,True,False,4,Jan–Apr,False,"(−0.20,−0.10]"
DOTUSDT,1777608600000,1777608680132,1,-0.7476000380175691,-0.7481412333736167,0.2241,38.406,NONEXP_CALM3D,0.3333333333333333,20574,True,0.09709837599248437,0.18525128995262194,False,False,5,May–Oct,False,≥+0.20
DOTUSDT,1779989700000,1779989753973,1,0.0279540185132296,0.0753494025287505,-0.1744,20.8658,UNMATCHED,0.3333333333333333,20601,False,-0.03619307445070898,-0.26044984385769226,True,True,5,May–Oct,True,"(−0.20,−0.10]"
DOTUSDT,1780075200000,1780075440241,1,0.0266894602748743,0.0730663537795435,0.1957,27.5234,UNMATCHED,0.3333333333333333,20602,True,0.06850953289199521,0.053563595352646896,False,True,5,May–Oct,False,"[+0.10,+0.20)"
DOTUSDT,1780905000000,1780905230100,1,-0.7770390909210642,-0.7114800547102681,0.2264,20.6906,UNMATCHED,0.3333333333333333,20612,True,0.0728902017253156,0.1526558635955507,False,False,6,May–Oct,False,≥+0.20
DOTUSDT,1781034900000,1781034968216,2,0.0136864258333953,0.0136864258333953,-0.27449999999999997,20.632399999999997,UNMATCHED,0.6666666666666666,20613,False,-0.10186905565154829,-0.4161260058696811,True,True,6,May–Oct,False,≤−0.20
DOTUSDT,1781495100000,1781495202067,1,0.3460425135030599,0.4092752248214538,0.4206,20.3744,UNMATCHED,0.3333333333333333,20619,True,0.11371401490269882,0.4201456767938987,False,True,6,May–Oct,False,≥+0.20
DOTUSDT,1781813100000,1781813212288,1,0.1163089656951581,0.1163089656951574,-0.3778,24.3309,UNMATCHED,0.3333333333333333,20622,False,-0.1254203853706483,-0.5111642802575778,True,True,6,May–Oct,False,≤−0.20
DOTUSDT,1782223800000,1782223818737,1,-0.7504936580788715,0.1308987738566805,-0.4047,22.6512,UNMATCHED,0.3333333333333333,20627,False,-0.12798083352134362,-0.453538405523362,True,True,6,May–Oct,False,≤−0.20
DOTUSDT,1782329700000,1782329910513,1,0.6411499051399021,0.9499945938932268,-0.9987,30.0951,UNMATCHED,0.3333333333333333,20628,False,-0.3485410551307461,-1.1080496198259537,True,True,6,May–Oct,False,≤−0.20
DOTUSDT,1782632400000,1782632681001,1,0.1549918967630002,0.2779350895909023,-0.0841,31.2378,UNMATCHED,0.3333333333333333,20632,False,-0.03815741983716341,-0.10481389633649617,True,True,6,May–Oct,False,"(−0.10,−0.05]"
DOTUSDT,1782632700000,1782632725908,1,0.1549918967630002,0.0323496625990421,-0.0839,31.2378,UNMATCHED,0.3333333333333333,20632,False,-0.03815741983716341,-0.10481389633649617,True,True,6,May–Oct,False,"(−0.10,−0.05]"
DOTUSDT,1790329200000,1790329263217,3,-0.6954409561152831,-0.6959935922590421,0.03966666666666666,37.57933333333333,NONEXP_CALM3D,1.0,20721,True,0.01974656768502279,-0.03395551962266205,False,False,9,May–Oct,False,"[+0.025,+0.05)"
DOTUSDT,1790489400000,1790489440652,2,0.9116430717575538,0.9930377618806436,0.074,31.7307,UNMATCHED,0.6666666666666666,20723,True,0.027827796131326184,0.06312111510230907,False,True,9,May–Oct,False,"[+0.05,+0.10)"
DUSKUSDT,1769438400000,1769438478134,1,-1.0929141398078452,-1.1406773535377257,0.0646,20.9263,UNMATCHED,0.3333333333333333,20479,True,0.019973100065047027,0.03298527500727582,False,False,1,Jan–Apr,False,"[+0.05,+0.10)"
DUSKUSDT,1770689100000,1770689248160,3,-1.1965474244653982,-1.1971712822194944,0.031200000000000002,21.2202,UNMATCHED,1.0,20494,True,0.04618098718172093,-0.0070361236262515316,False,False,2,Jan–Apr,False,"[+0.025,+0.05)"
DYDXUSDT,1778291700000,1778291834536,2,1.1648109193520408,1.194334730185355,0.0661,30.2589,UNMATCHED,0.6666666666666666,20582,True,0.017405431107050874,0.057862664213896735,False,True,5,May–Oct,False,"[+0.05,+0.10)"
EDENUSDT,1780901400000,1780901626702,3,1.19679619742336,1.611274568697244,0.15373333333333333,21.9037,UNMATCHED,1.0,20612,True,0.04426790548118333,0.19302273022595653,False,True,6,May–Oct,False,"[+0.10,+0.20)"
EDENUSDT,1787846700000,1787846941778,2,-0.4419772271734482,-1.0012392462576178,0.36419999999999997,38.146,UNMATCHED,0.6666666666666666,20692,True,0.12837896551594397,0.3132221383265534,False,False,8,May–Oct,False,≥+0.20
EDGEUSDT,1783791000000,1783791032976,1,0.0964639377072788,0.0959372671817355,0.028,32.2627,UNMATCHED,0.3333333333333333,20645,True,0.003614019641229504,0.03873848701726726,False,True,7,May–Oct,False,"[+0.025,+0.05)"
EDUUSDT,1775703300000,1775703349345,1,-0.8467285778797218,-0.8468970920500172,-0.0893,19.8412,UNMATCHED,0.3333333333333333,20552,False,-0.03370655937497888,-0.11101031574931647,True,False,4,Jan–Apr,False,"(−0.10,−0.05]"
ENAUSDT,1768811700000,1768811905183,1,-0.7235950471536395,-0.7047875698496747,-0.3075,27.5235,UNMATCHED,0.3333333333333333,20472,False,-0.10482198609414797,-0.4095866592640767,True,False,1,Jan–Apr,False,≤−0.20
ENAUSDT,1769385600000,1769385714012,1,0.0657878926859669,0.0941953793951948,-0.4208,21.8625,UNMATCHED,0.3333333333333333,20479,False,-0.13752161632377594,-0.4802817915188111,True,True,1,Jan–Apr,False,≤−0.20
ENAUSDT,1769935500000,1769935552953,2,-0.713021184368299,-0.730281402872799,-0.40385,19.494500000000002,UNMATCHED,0.6666666666666666,20485,False,-0.15196526057371074,-0.4697775154797713,True,False,2,Jan–Apr,False,≤−0.20
ENAUSDT,1771200600000,1771200650847,3,-0.8008246772363465,-0.7470572440307676,-0.1161,20.302066666666665,UNMATCHED,1.0,20500,False,-0.053029693524210914,-0.145669945113681,True,False,2,Jan–Apr,True,"(−0.20,−0.10]"
ENAUSDT,1772301600000,1772301683801,1,0.9125597408423431,0.912559740842345,0.1921,27.2019,UNMATCHED,0.3333333333333333,20512,True,0.08124057930843534,0.11468092104010648,False,True,2,Jan–Apr,False,"[+0.10,+0.20)"
ENAUSDT,1772352000000,1772352086593,2,-0.732822092421177,-0.7513321155366675,0.24415,20.1402,UNMATCHED,0.6666666666666666,20513,True,0.09133144256038393,0.2920013448606115,False,False,3,Jan–Apr,False,≥+0.20
ENAUSDT,1772425800000,1772425879719,1,-0.7451329276394433,-0.7445200707421805,0.1918,26.6229,UNMATCHED,0.3333333333333333,20514,True,0.08679294112408531,0.14997044103099558,False,False,3,Jan–Apr,False,"[+0.10,+0.20)"
ENAUSDT,1772780400000,1772780684124,1,1.1701477249446754,1.1342969158115672,-0.2835,26.0569,UNMATCHED,0.3333333333333333,20518,False,-0.09526998909686106,-0.3387239992648455,True,True,3,Jan–Apr,False,≤−0.20
ENAUSDT,1773345000000,1773345137356,2,-0.7306648284298197,-0.7482144623414193,0.03835,26.2666,UNMATCHED,0.6666666666666666,20524,False,-0.033304165021765864,0.03606584449164459,True,False,3,Jan–Apr,False,"[+0.025,+0.05)"
ENAUSDT,1774185000000,1774185188521,3,-0.7009332851666628,-0.7007257635536216,-0.3221333333333333,34.212833333333336,UNMATCHED,1.0,20534,False,-0.09230172637327791,-0.37854418563794273,True,False,3,Jan–Apr,False,≤−0.20
ENAUSDT,1774229100000,1774229124728,1,0.1545388990620683,0.2210608177599665,-0.3147,18.0509,UNMATCHED,0.3333333333333333,20535,False,-0.13635025264873896,-0.31365276332462927,True,True,3,Jan–Apr,False,≤−0.20
ENAUSDT,1775500800000,1775501005295,1,0.0282919433741766,0.2661313785971785,0.2473,21.7772,UNMATCHED,0.3333333333333333,20549,True,0.06082999721567971,0.29937229379620245,False,True,4,Jan–Apr,False,≥+0.20
ENAUSDT,1776108000000,1776108135441,3,0.0956565029648543,0.0972580990364153,0.3808,23.795,UNMATCHED,1.0,20556,True,0.12863215047071527,0.3563122310828899,False,True,4,Jan–Apr,False,≥+0.20
ENAUSDT,1776306900000,1776307140896,1,0.0986665507802643,0.4746048117120685,0.1451,14.6392,ADX_SURGE_OPEN,0.3333333333333333,20559,True,0.024586045864733803,0.1301436531400216,False,True,4,Jan–Apr,False,"[+0.10,+0.20)"
ENAUSDT,1777253400000,1777253585129,1,0.7026257826478082,0.7754891561026653,0.3181,21.663,UNMATCHED,0.3333333333333333,20570,True,0.14485611990310196,0.25937156242800513,False,True,4,Jan–Apr,False,≥+0.20
ENAUSDT,1777259700000,1777259864810,1,0.6399087701942228,0.7476321873574182,0.3324,19.7543,UNMATCHED,0.3333333333333333,20570,True,0.0972870821362033,0.376497248424697,False,True,4,Jan–Apr,False,≥+0.20
ENAUSDT,1777759800000,1777759866323,2,-0.6984793291347509,-0.6985969444626035,0.1174,38.7272,NONEXP_CALM3D,0.6666666666666666,20575,True,0.050526406520639534,0.09513421842275557,False,False,5,May–Oct,False,"[+0.10,+0.20)"
ENAUSDT,1777809600000,1777809696515,3,0.2647694033159528,0.2549087830909238,0.0766,30.9628,NONEXP_CALM3D,1.0,20576,True,0.03533346727109524,0.06404555155511074,False,True,5,May–Oct,False,"[+0.05,+0.10)"
ENAUSDT,1777943700000,1777943995801,1,0.097975609101375,0.0979643780538491,0.1105,27.4594,UNMATCHED,0.3333333333333333,20578,True,0.048206090250379564,0.10369771201675021,False,True,5,May–Oct,False,"[+0.10,+0.20)"
ENAUSDT,1777944900000,1777944907046,2,0.3027366426296707,0.2063362254308926,0.1108,28.1038,UNMATCHED,0.6666666666666666,20578,True,0.048206090250379564,0.10369771201675021,False,True,5,May–Oct,False,"[+0.10,+0.20)"
ENAUSDT,1778349900000,1778349965790,2,0.3607837702499687,0.3183289658175957,0.1456,39.2098,NONEXP_CALM3D,0.6666666666666666,20582,True,0.05553208281428625,0.12199139734158293,False,True,5,May–Oct,False,"[+0.10,+0.20)"
ENAUSDT,1778427900000,1778427982225,1,0.2064392979978279,0.2522596728570491,0.0952,20.1266,UNMATCHED,0.3333333333333333,20583,True,0.02628997640547114,0.0790930817912512,False,True,5,May–Oct,False,"[+0.05,+0.10)"
ENAUSDT,1778480700000,1778480778049,1,-0.6909328530061433,-0.6907939487527274,-0.093,23.6703,UNMATCHED,0.3333333333333333,20584,False,-0.03650679551935716,-0.13719704252710258,True,False,5,May–Oct,False,"(−0.10,−0.05]"
ENAUSDT,1779778200000,1779778244240,1,-0.6996659169648773,-0.8382386515661113,-0.0849,22.5062,UNMATCHED,0.3333333333333333,20599,False,-0.021419196457029777,-0.13241462753304656,True,False,5,May–Oct,False,"(−0.10,−0.05]"
ENAUSDT,1779778500000,1779778756402,1,-0.6936004535487001,-0.6903330390888465,-0.0876,23.1483,UNMATCHED,0.3333333333333333,20599,False,-0.021419196457029777,-0.13241462753304656,True,False,5,May–Oct,False,"(−0.10,−0.05]"
ENAUSDT,1780267800000,1780267893424,2,0.1811848377397266,0.1811848377397162,0.0277,31.0318,NONEXP_CALM3D,0.6666666666666666,20604,True,0.01448633646931948,-0.02368339151444576,False,True,5,May–Oct,False,"[+0.025,+0.05)"
ENAUSDT,1780357200000,1780357439455,2,-0.6935233327119876,-0.6982406357056455,-0.33409999999999995,22.7753,UNMATCHED,0.6666666666666666,20605,False,-0.09968137425069054,-0.3808160479855528,True,False,6,May–Oct,False,≤−0.20
ENAUSDT,1780370700000,1780370984629,1,0.091696459255768,0.0916964592557577,-0.4027,21.6616,UNMATCHED,0.3333333333333333,20606,False,-0.1313020642527223,-0.39752428414491375,True,True,6,May–Oct,False,≤−0.20
ENAUSDT,1781029200000,1781029378633,1,0.0947173065963018,0.0949679724301043,-0.4168,20.1192,UNMATCHED,0.3333333333333333,20613,False,-0.12794653819261953,-0.5686633911181178,True,True,6,May–Oct,False,≤−0.20
ENAUSDT,1781135700000,1781135742633,1,0.0895187764926447,0.090295860508419,-0.1798,21.8616,UNMATCHED,0.3333333333333333,20614,False,-0.0671074905497624,-0.15540790928139067,True,True,6,May–Oct,True,"(−0.20,−0.10]"
ENAUSDT,1781175900000,1781176180781,1,0.1727084369025231,0.1588361596630528,0.3453,25.2096,UNMATCHED,0.3333333333333333,20615,True,0.12604069602698525,0.3519276462997201,False,True,6,May–Oct,False,≥+0.20
ENAUSDT,1782981000000,1782981167550,2,0.6712512039806984,0.990808509793636,0.0831,24.8118,UNMATCHED,0.6666666666666666,20636,True,0.00937156198510019,0.11697981709722195,False,True,7,May–Oct,False,"[+0.05,+0.10)"
ENAUSDT,1783408500000,1783408578813,2,-0.7008650478747109,-0.7011531966110928,-0.06964999999999999,27.05,UNMATCHED,0.6666666666666666,20641,False,-0.01270977485089779,-0.12202685388673863,True,False,7,May–Oct,False,"(−0.10,−0.05]"
ENAUSDT,1783954800000,1783954957977,1,-0.7022869857864874,-0.6921431148194442,-0.246,26.5,UNMATCHED,0.3333333333333333,20647,False,-0.05703416154700803,-0.30323628658959323,True,False,7,May–Oct,False,≤−0.20
ENAUSDT,1783988700000,1783988765102,2,0.2737177909283592,0.2276859159582828,-0.1739,24.685,UNMATCHED,0.6666666666666666,20648,False,-0.03842698870057156,-0.24880462657286526,True,True,7,May–Oct,True,"(−0.20,−0.10]"
ENAUSDT,1784535300000,1784535452896,1,-0.6910924471997454,-0.6946473100869619,-0.1514,27.1042,UNMATCHED,0.3333333333333333,20654,False,-0.03288919598083619,-0.1978912644534096,True,False,7,May–Oct,False,"(−0.20,−0.10]"
ENAUSDT,1784628900000,1784628964334,3,0.9888972997793846,0.988646851649938,0.36746666666666666,37.1251,NONEXP_CALM3D,1.0,20655,True,0.11975391891879941,0.37839447306514684,False,True,7,May–Oct,False,≥+0.20
ENAUSDT,1785749700000,1785749763964,3,0.995527644521796,0.9890896248862792,-0.21056666666666668,28.456100000000003,UNMATCHED,1.0,20668,False,-0.08109564585926061,-0.23885773711100097,True,True,8,May–Oct,False,≤−0.20
ENAUSDT,1787144400000,1787144506169,1,0.2212014202814692,0.4792106605091487,0.1325,35.51,NONEXP_CALM3D,0.3333333333333333,20684,True,0.06802135469210999,0.0887483178210945,False,True,8,May–Oct,False,"[+0.10,+0.20)"
ENAUSDT,1787210400000,1787210400203,1,0.5577049499857233,0.541471313709886,0.6088,34.8455,UNMATCHED,0.3333333333333333,20685,True,0.2286528545314621,0.6532551810723041,False,True,8,May–Oct,False,≥+0.20
ENAUSDT,1788241800000,1788241916968,2,0.094910018493072,0.0941834938480993,0.1022,36.7727,NONEXP_CALM3D,0.6666666666666666,20697,True,0.020808112081687202,0.026264845689910436,False,True,9,May–Oct,False,"[+0.10,+0.20)"
ENAUSDT,1788879000000,1788879062871,3,0.1096281205894866,0.0960120805611076,-0.17090000000000002,20.2275,UNMATCHED,1.0,20704,False,-0.10329301909231436,-0.20645165929386028,True,True,9,May–Oct,True,"(−0.20,−0.10]"
ENAUSDT,1788882300000,1788882363122,1,0.0972447673480189,0.0949930132134855,-0.1243,22.6823,UNMATCHED,0.3333333333333333,20704,False,-0.02140399397465469,-0.1718147550707379,True,True,9,May–Oct,True,"(−0.20,−0.10]"
ENAUSDT,1789782600000,1789782712600,3,0.6962483036490523,0.3561257342937758,0.5325000000000001,21.996400000000005,UNMATCHED,1.0,20715,True,0.21871655847187213,0.5623941296607118,False,True,9,May–Oct,False,≥+0.20
ENAUSDT,1790685300000,1790685507557,2,0.0987115407026654,0.1028835803441482,0.20750000000000002,31.257,NONEXP_CALM3D,0.6666666666666666,20725,True,0.08059218281581337,0.21339111541178937,False,True,9,May–Oct,False,≥+0.20
ENAUSDT,1790909400000,1790909508003,1,0.3404778966709342,0.2928732147406517,0.1924,27.7129,UNMATCHED,0.3333333333333333,20728,True,0.060035032594403015,0.18204181776444392,False,True,10,May–Oct,False,"[+0.10,+0.20)"
ENJUSDT,1775835000000,1775835190223,2,1.0708489732999305,0.971529738319731,0.28200000000000003,32.5813,UNMATCHED,0.6666666666666666,20553,True,0.12905634355458412,0.2461268729548229,False,True,4,Jan–Apr,False,≥+0.20
ENJUSDT,1775835300000,1775835303312,1,1.1705891039209195,1.1787240478097267,0.2823,32.5813,UNMATCHED,0.3333333333333333,20553,True,0.12905634355458412,0.2461268729548229,False,True,4,Jan–Apr,False,≥+0.20
ENJUSDT,1776647100000,1776647352952,2,1.1862290780405669,1.1936401025178756,-0.3485,27.1032,UNMATCHED,0.6666666666666666,20563,False,-0.09813251728464881,-0.4259222117579743,True,True,4,Jan–Apr,False,≤−0.20
ENSOUSDT,1769747400000,1769747469683,1,0.0944349161550638,0.0944968040829008,-0.865,31.0275,UNMATCHED,0.3333333333333333,20483,False,-0.2894272205431872,-1.0223822369815723,True,True,1,Jan–Apr,False,≤−0.20
ENSOUSDT,1769983800000,1769983872991,2,0.1916692431245557,0.0940644036492226,-0.4901,23.0576,UNMATCHED,0.6666666666666666,20485,False,-0.22264463595293998,-0.5472348497628434,True,True,2,Jan–Apr,False,≤−0.20
ENSOUSDT,1770466200000,1770466312302,3,0.997378112370299,1.185143808900859,-0.3352,22.2333,UNMATCHED,1.0,20491,False,-0.1476360354175508,-0.4526588833044537,True,True,2,Jan–Apr,False,≤−0.20
ENSOUSDT,1770489600000,1770489655104,3,0.0977908255920039,0.0992640408848566,0.09986666666666666,20.005566666666667,UNMATCHED,1.0,20491,True,0.03376539404743269,0.06900590022200069,False,True,2,Jan–Apr,False,"[+0.05,+0.10)"
ENSOUSDT,1771823700000,1771823793907,2,-1.1933995268145476,-1.1942871394923085,-0.8251,26.7589,UNMATCHED,0.6666666666666666,20507,False,-0.30379200167704573,-0.9581962066331652,True,False,2,Jan–Apr,False,≤−0.20
ENSOUSDT,1772403600000,1772403733835,3,-0.6944088886630242,-0.9941970436640344,-0.2861666666666667,30.6011,UNMATCHED,1.0,20513,False,-0.09695275831740867,-0.33693782955232177,True,False,3,Jan–Apr,False,≤−0.20
ENSOUSDT,1772408400000,1772408419853,1,-0.6905083342587498,0.0995337523501102,-0.2871,20.7313,UNMATCHED,0.3333333333333333,20513,False,-0.14492485485492043,-0.4033206665981866,True,True,3,Jan–Apr,False,≤−0.20
ENSOUSDT,1772949000000,1772949010320,1,0.2202284721291672,0.2959854616107564,-0.2465,19.8155,UNMATCHED,0.3333333333333333,20520,False,-0.13007945105667587,-0.31664390527411646,True,True,3,Jan–Apr,False,≤−0.20
ENSOUSDT,1777635900000,1777635979461,2,0.4117308755427641,0.3848665708893004,0.2143,22.2568,UNMATCHED,0.6666666666666666,20574,True,0.06760610130659943,0.23217123551420604,False,True,5,May–Oct,False,≥+0.20
EPICUSDT,1785028500000,1785028530943,3,0.0946804498751398,0.0964799547730055,0.0816,27.61966666666667,UNMATCHED,1.0,20660,True,0.03566523939183691,0.07575536372320431,False,True,7,May–Oct,False,"[+0.05,+0.10)"
ETCUSDT,1788960600000,1788960602163,1,-0.7349581945620852,-0.8418185968304481,0.2028,33.6598,NONEXP_CALM3D,0.3333333333333333,20705,True,0.07850689578175997,0.13022946267932536,False,False,9,May–Oct,False,≥+0.20
ETCUSDT,1790266800000,1790266850446,1,-0.2114196868289305,0.0982210415711218,0.039,21.9373,UNMATCHED,0.3333333333333333,20720,True,0.03545428677912548,-0.004592125123997902,False,True,9,May–Oct,False,"[+0.025,+0.05)"
ETHFIUSDT,1773951000000,1773951167526,1,0.0960296200589324,0.0959949977129771,-0.0856,20.218,UNMATCHED,0.3333333333333333,20531,False,-0.004205038048832167,-0.14943544890480986,True,True,3,Jan–Apr,False,"(−0.10,−0.05]"
ETHFIUSDT,1783301100000,1783301282004,3,-0.5917808807558347,-0.9950932154636593,0.32183333333333336,32.4458,UNMATCHED,1.0,20640,True,0.11812495793223897,0.3764207087774814,False,False,7,May–Oct,False,≥+0.20
EULUSDT,1785765900000,1785765983753,3,0.098488570061256,0.0983143483726632,0.07186666666666668,24.856800000000003,UNMATCHED,1.0,20668,True,0.06461605869875402,-0.03449689415269193,False,True,8,May–Oct,False,"[+0.05,+0.10)"
EVAAUSDT,1784646000000,1784646179752,2,0.929542579522,-0.0122056979230798,0.39735,33.2697,UNMATCHED,0.6666666666666666,20655,True,0.1399220264898671,0.419559702331396,False,False,7,May–Oct,False,≥+0.20
FARTCOINUSDT,1768420200000,1768420458103,2,0.0876965072353375,0.0978002687248458,0.49115,21.0785,UNMATCHED,0.6666666666666666,20467,True,0.1389646268967494,0.5388736569110366,False,True,1,Jan–Apr,False,≥+0.20
FARTCOINUSDT,1768420500000,1768420547597,1,0.097441099371741,0.0974920398449787,0.4879,21.0785,UNMATCHED,0.3333333333333333,20467,True,0.1389646268967494,0.5388736569110366,False,True,1,Jan–Apr,False,≥+0.20
FARTCOINUSDT,1768457100000,1768457163423,1,-0.7447493875804854,-0.799273608511509,0.0482,18.5886,UNMATCHED,0.3333333333333333,20468,True,0.016431366817077523,-0.004218427884763166,False,False,1,Jan–Apr,False,"[+0.025,+0.05)"
FARTCOINUSDT,1769101800000,1769101857327,3,-1.111501810536436,-1.1736156982657715,-0.17333333333333334,23.851799999999997,UNMATCHED,1.0,20475,False,-0.06823427519762652,-0.22630148975428666,True,False,1,Jan–Apr,True,"(−0.20,−0.10]"
FARTCOINUSDT,1769106000000,1769106187033,2,-0.9893228395397152,-1.004616944704814,-0.06445,24.6992,UNMATCHED,0.6666666666666666,20475,False,-0.008924237761468308,-0.15766976848883535,True,False,1,Jan–Apr,False,"(−0.10,−0.05]"
FARTCOINUSDT,1769480100000,1769480169537,3,0.317378355241403,0.4907310481016269,0.18576666666666666,28.5707,NONEXP_CALM3D,1.0,20480,True,0.06400089796919452,0.16080277822006467,False,True,1,Jan–Apr,False,"[+0.10,+0.20)"
FARTCOINUSDT,1770947400000,1770947475817,3,-0.7660142894636404,-0.8027932483926271,-0.1568,18.1404,UNMATCHED,1.0,20497,False,-0.10202349167995248,-0.21215767551403708,True,False,2,Jan–Apr,True,"(−0.20,−0.10]"
FARTCOINUSDT,1770973200000,1770973306288,1,0.3239954317366301,0.1317563915486312,0.0278,24.7789,UNMATCHED,0.3333333333333333,20497,True,0.03488901002571632,-0.023020411132779736,False,True,2,Jan–Apr,False,"[+0.025,+0.05)"
FARTCOINUSDT,1771959900000,1771960042932,1,-0.9004495906812167,-0.7658296309640338,0.2355,25.075,UNMATCHED,0.3333333333333333,20508,True,0.08089234278105487,0.2064247376656531,False,False,2,Jan–Apr,False,≥+0.20
FARTCOINUSDT,1772052000000,1772052176429,3,0.1302820720219336,0.0828357772669017,1.2139333333333333,21.8485,UNMATCHED,1.0,20509,True,0.3677015655356157,1.2739290459156978,False,True,2,Jan–Apr,False,≥+0.20
FARTCOINUSDT,1772539200000,1772539471001,1,1.968995794282121,1.7783122063345531,-0.3433,28.8079,UNMATCHED,0.3333333333333333,20515,False,-0.11210591438178186,-0.45670817883890663,True,True,3,Jan–Apr,False,≤−0.20
FARTCOINUSDT,1774103100000,1774103175030,1,0.3895115205536403,0.1106080589484873,0.0909,32.5628,NONEXP_CALM3D,0.3333333333333333,20533,True,0.022658291912179322,0.05999700105582996,False,True,3,Jan–Apr,False,"[+0.05,+0.10)"
FARTCOINUSDT,1774103700000,1774103998738,1,-0.7149900012046227,-0.7917873368074269,0.0936,37.4497,NONEXP_CALM3D,0.3333333333333333,20533,True,0.022658291912179322,0.05999700105582996,False,False,3,Jan–Apr,False,"[+0.05,+0.10)"
FARTCOINUSDT,1774104000000,1774104150035,1,-0.7921468897808318,-0.6921412567962205,0.0934,39.7204,NONEXP_CALM3D,0.3333333333333333,20533,True,0.022658291912179322,0.05999700105582996,False,False,3,Jan–Apr,False,"[+0.05,+0.10)"
FARTCOINUSDT,1774272300000,1774272471432,3,-0.3347070586149112,0.0679094694409596,0.8238333333333333,26.8519,UNMATCHED,1.0,20535,True,0.2900557786745803,0.555271216538999,False,True,3,Jan–Apr,False,≥+0.20
FARTCOINUSDT,1775550300000,1775550374195,1,0.7018158899358358,0.9714694620249822,-0.1237,26.0409,UNMATCHED,0.3333333333333333,20550,False,-0.047039935412496986,-0.1589357954810874,True,True,4,Jan–Apr,False,"(−0.20,−0.10]"
FARTCOINUSDT,1776413700000,1776413720001,1,0.0739255063141861,0.0922296568420217,0.1047,36.8466,NONEXP_CALM3D,0.3333333333333333,20560,True,0.041744134239090895,0.05342696419697588,False,True,4,Jan–Apr,False,"[+0.10,+0.20)"
FARTCOINUSDT,1777944300000,1777944376899,2,0.3205480099486418,0.3447971634354143,0.11635000000000001,28.7103,UNMATCHED,0.6666666666666666,20578,True,0.048206090250379564,0.10369771201675021,False,True,5,May–Oct,False,"[+0.10,+0.20)"
FARTCOINUSDT,1777945500000,1777945777244,1,0.1027805107750343,0.054307061945652,0.1253,29.23,UNMATCHED,0.3333333333333333,20578,True,0.048206090250379564,0.10369771201675021,False,True,5,May–Oct,False,"[+0.10,+0.20)"
FARTCOINUSDT,1778033100000,1778033145129,1,-1.0086196529040146,-1.0118471210196798,0.0615,20.0715,UNMATCHED,0.3333333333333333,20579,True,0.04264715326376084,0.014999867529716465,False,False,5,May–Oct,False,"[+0.05,+0.10)"
FARTCOINUSDT,1778637900000,1778638078651,2,0.46721426859056,0.3762886881985814,0.059399999999999994,31.0443,NONEXP_CALM3D,0.6666666666666666,20586,True,0.030984045544996553,-0.0030213260541659603,False,True,5,May–Oct,False,"[+0.05,+0.10)"
FARTCOINUSDT,1778769300000,1778769518156,1,0.954119114334994,0.972372529653922,0.0832,27.61,UNMATCHED,0.3333333333333333,20587,True,0.0027194275282867468,-0.041112082978691254,False,True,5,May–Oct,False,"[+0.05,+0.10)"
FARTCOINUSDT,1781590800000,1781590863039,2,0.9828623703801918,0.9566558054623874,-0.05115,19.4125,UNMATCHED,0.6666666666666666,20620,False,-0.013558271056714711,-0.06766435874258957,True,True,6,May–Oct,False,"(−0.10,−0.05]"
FARTCOINUSDT,1782801000000,1782801039368,3,-0.0011779770797598,0.049011461873284,-0.17156666666666667,20.0779,UNMATCHED,1.0,20634,False,-0.04907275539411977,-0.2005500431235879,True,True,6,May–Oct,True,"(−0.20,−0.10]"
FARTCOINUSDT,1782939900000,1782940020153,3,1.0332122813507398,0.9847817316472932,0.34400000000000003,21.6234,UNMATCHED,1.0,20635,True,0.11253656245647449,0.3674535346252007,False,True,7,May–Oct,False,≥+0.20
FARTCOINUSDT,1783437900000,1783438134968,1,0.2162307276724323,0.1548418775026025,0.0462,19.8086,UNMATCHED,0.3333333333333333,20641,True,0.034910424270142036,0.009999924663809872,False,True,7,May–Oct,False,"[+0.025,+0.05)"
FARTCOINUSDT,1783438200000,1783438210739,1,0.1548418775025944,0.216230727672426,0.0448,19.9674,UNMATCHED,0.3333333333333333,20641,True,0.034910424270142036,0.009999924663809872,False,True,7,May–Oct,False,"[+0.025,+0.05)"
FARTCOINUSDT,1787295600000,1787295851333,1,-1.046350402204394,-1.016043576965451,1.004,26.1954,UNMATCHED,0.3333333333333333,20686,True,0.3223077547253595,0.9979180290189469,False,False,8,May–Oct,False,≥+0.20
FARTCOINUSDT,1787768400000,1787768531631,2,0.0869209055638857,0.0614495341693883,-0.08265,27.7251,UNMATCHED,0.6666666666666666,20691,False,-0.013710807723489454,-0.16765191666266707,True,True,8,May–Oct,False,"(−0.10,−0.05]"
FARTCOINUSDT,1787916300000,1787916403609,1,-1.0101295032874242,-1.0105755260965728,-0.0941,38.2086,UNMATCHED,0.3333333333333333,20693,False,-0.026088028176263028,-0.1322342839783917,True,False,8,May–Oct,False,"(−0.10,−0.05]"
FARTCOINUSDT,1788740100000,1788740360331,1,-0.7256830025865348,-0.6988088056455395,0.1152,38.3447,UNMATCHED,0.3333333333333333,20703,True,0.05655366175720957,0.09367040359702539,False,False,9,May–Oct,False,"[+0.10,+0.20)"
FETUSDT,1767561300000,1767561333900,3,0.1558175789997018,0.405206591196971,0.0365,25.22726666666667,UNMATCHED,1.0,20457,True,0.017630757371246888,0.024206959783782546,False,True,1,Jan–Apr,False,"[+0.025,+0.05)"
FETUSDT,1767564300000,1767564437526,1,0.0985207700038672,-0.99287192584348,0.0495,23.324,UNMATCHED,0.3333333333333333,20457,True,0.012940282805435209,0.03015818086395385,False,False,1,Jan–Apr,False,"[+0.025,+0.05)"
FETUSDT,1773395700000,1773395940688,1,0.0464179747185546,0.0745829179696036,0.3844,19.4042,UNMATCHED,0.3333333333333333,20525,True,0.12693470794069628,0.3245568375565433,False,True,3,Jan–Apr,False,≥+0.20
FETUSDT,1773607800000,1773607853418,3,-1.0224142267751894,-1.0292420382695997,0.04783333333333334,22.046900000000004,UNMATCHED,1.0,20527,True,0.01296824605363291,0.05600145626241526,False,False,3,Jan–Apr,False,"[+0.025,+0.05)"
FETUSDT,1773658200000,1773658314537,1,0.0990363433326111,0.9949335407494334,0.2242,21.1542,UNMATCHED,0.3333333333333333,20528,True,0.0689975438371308,0.24232899759380908,False,True,3,Jan–Apr,False,≥+0.20
FETUSDT,1774071900000,1774071990475,1,0.985476698277191,0.9589357042577484,0.1149,31.8571,UNMATCHED,0.3333333333333333,20533,True,0.030636098373727317,0.12330787847789973,False,True,3,Jan–Apr,False,"[+0.10,+0.20)"
FETUSDT,1774219800000,1774220043383,1,-0.8318812469461876,-0.8596233283342548,-0.2985,27.1063,UNMATCHED,0.3333333333333333,20534,False,-0.13492521797604945,-0.3492940660475169,True,False,3,Jan–Apr,False,≤−0.20
FETUSDT,1774427100000,1774427370944,1,-0.6165506727725742,-1.0381822585237306,0.2128,18.6198,UNMATCHED,0.3333333333333333,20537,True,0.053573256284841636,0.21684579074305096,False,False,3,Jan–Apr,False,≥+0.20
FETUSDT,1775768100000,1775768182558,3,-0.7491042016059885,0.112177777304908,0.26496666666666663,19.3852,UNMATCHED,1.0,20552,True,0.08486719728448514,0.2888047646810472,False,True,4,Jan–Apr,False,≥+0.20
FETUSDT,1776217200000,1776217227172,1,-0.700549197170704,-0.7013428992842335,0.0555,19.6688,UNMATCHED,0.3333333333333333,20558,True,0.04031883851960225,-0.0056875869335047315,False,False,4,Jan–Apr,False,"[+0.05,+0.10)"
FETUSDT,1780274700000,1780274835184,1,0.08486038135282,0.0949624498478269,0.0305,28.8743,UNMATCHED,0.3333333333333333,20605,False,-0.015639298424877254,0.01949309012273002,True,True,6,May–Oct,False,"[+0.025,+0.05)"
FETUSDT,1781313300000,1781313556392,1,0.658322915004895,0.7661441419292534,0.0311,19.1249,UNMATCHED,0.3333333333333333,20617,True,0.00969616109196707,0.012263848093331671,False,True,6,May–Oct,False,"[+0.025,+0.05)"
FETUSDT,1781570400000,1781570620518,1,-0.8092835056710651,-0.7899698651500647,0.0464,21.4022,UNMATCHED,0.3333333333333333,20620,True,0.015077535727600025,0.038018028343299676,False,False,6,May–Oct,False,"[+0.025,+0.05)"
FETUSDT,1782114000000,1782114046711,1,-0.7162989791853827,0.0737739355496668,0.0513,22.4992,UNMATCHED,0.3333333333333333,20626,False,-0.012986566199032983,0.020784114562709996,True,True,6,May–Oct,False,"[+0.05,+0.10)"
FETUSDT,1782545100000,1782545228176,2,0.0759409333731628,-0.6977909719552536,0.143,22.1622,UNMATCHED,0.6666666666666666,20631,True,0.05344914703800996,0.1296588188898136,False,False,6,May–Oct,False,"[+0.10,+0.20)"
FETUSDT,1782689700000,1782689713580,1,0.0491181512293413,0.0779003800630389,-0.2511,21.7082,UNMATCHED,0.3333333333333333,20632,False,-0.13451030736017872,-0.2630590123650224,True,True,6,May–Oct,False,≤−0.20
FETUSDT,1785276600000,1785276602402,1,-0.7321094353598062,-0.7330274057813084,0.0861,36.226,NONEXP_CALM3D,0.3333333333333333,20662,True,0.029640983566353717,0.07695548098369027,False,False,7,May–Oct,False,"[+0.05,+0.10)"
FETUSDT,1785994200000,1785994386865,3,0.1397716550480587,0.1217726557373951,0.07843333333333334,38.5602,NONEXP_CALM3D,1.0,20671,True,0.029337972654325292,0.038171244907072355,False,True,8,May–Oct,False,"[+0.05,+0.10)"
FETUSDT,1787352600000,1787352888085,1,1.1790476360892337,1.1491061203658424,0.6742,21.9035,UNMATCHED,0.3333333333333333,20686,True,0.26017308388854804,0.5308490703595495,False,True,8,May–Oct,False,≥+0.20
FETUSDT,1787400000000,1787400167153,1,0.9743840776285984,1.564681748298098,-0.0778,20.1676,UNMATCHED,0.3333333333333333,20687,False,-0.02219116299896317,-0.11027258998860608,True,True,8,May–Oct,False,"(−0.10,−0.05]"
FETUSDT,1788072000000,1788072267685,1,0.3682068878296845,0.4998985655995988,0.0343,30.9821,UNMATCHED,0.3333333333333333,20695,True,0.0093144373371844,0.026177745451979872,False,True,8,May–Oct,False,"[+0.025,+0.05)"
FFUSDT,1778694000000,1778694084896,1,0.9958709189333914,0.1373725327473383,-0.4901,23.791,UNMATCHED,0.3333333333333333,20586,False,-0.16356014942940178,-0.487018507711243,True,True,5,May–Oct,False,≤−0.20
FFUSDT,1778945400000,1778945673000,1,0.2888755738379706,0.0971609107877011,-0.2168,28.5058,UNMATCHED,0.3333333333333333,20589,False,-0.07220887940382004,-0.26779276395166296,True,True,5,May–Oct,False,≤−0.20
FFUSDT,1778945700000,1778945934981,2,0.2502687329167989,0.3060325199878628,-0.21715,29.4769,UNMATCHED,0.6666666666666666,20589,False,-0.07220887940382004,-0.26779276395166296,True,True,5,May–Oct,False,≤−0.20
FFUSDT,1778993700000,1778993964923,2,-0.9636552342753818,-0.8630275715734219,-0.0868,30.3849,UNMATCHED,0.6666666666666666,20590,False,-0.027996872448357933,-0.15324768426558494,True,False,5,May–Oct,False,"(−0.10,−0.05]"
FFUSDT,1778994000000,1778994042333,1,-0.8184489430558942,0.0901410411342915,-0.0865,30.3849,UNMATCHED,0.3333333333333333,20590,False,-0.009781463206010414,-0.08651391822005236,True,True,5,May–Oct,False,"(−0.10,−0.05]"
FFUSDT,1787742000000,1787742149968,3,0.0969868017020385,0.0902059062417778,-0.09996666666666666,21.1836,UNMATCHED,1.0,20691,False,-0.022135132566556092,-0.11516776672613944,True,True,8,May–Oct,False,"(−0.10,−0.05]"
FFUSDT,1788414900000,1788414965153,3,-0.6434194475990848,0.0926527076343053,0.14506666666666668,20.3048,UNMATCHED,1.0,20699,True,0.05365220387055456,0.17208254065767015,False,True,9,May–Oct,False,"[+0.10,+0.20)"
FHEUSDT,1768959600000,1768959679766,1,0.0971330319026901,0.096751817808941,-0.4882,26.2909,UNMATCHED,0.3333333333333333,20474,False,-0.15143131595254408,-0.6078590877819616,True,True,1,Jan–Apr,False,≤−0.20
FIDAUSDT,1779770400000,1779770550272,2,0.1511487915620842,0.0812033283230425,-0.17965,28.97335,UNMATCHED,0.6666666666666666,20599,False,-0.06424330955593724,-0.19965246031766795,True,True,5,May–Oct,False,"(−0.20,−0.10]"
FIDAUSDT,1779770700000,1779770700203,1,0.0812522091651499,0.080910591969771,-0.1793,29.0719,UNMATCHED,0.3333333333333333,20599,False,-0.06424330955593724,-0.19965246031766795,True,True,5,May–Oct,False,"(−0.20,−0.10]"
FLOWUSDT,1773301200000,1773301410221,2,0.0934688312042665,0.0887814242669353,-0.15410000000000001,17.7089,ADX_SURGE_OPEN,0.6666666666666666,20524,False,-0.06037499005340745,-0.22427177009755156,True,True,3,Jan–Apr,False,"(−0.20,−0.10]"
FOGOUSDT,1779686700000,1779686927685,1,-0.8249657060389918,-0.8923142771441598,0.1715,28.7326,NONEXP_CALM3D,0.3333333333333333,20598,True,0.0721981675629316,0.146205950857081,False,False,5,May–Oct,False,"[+0.10,+0.20)"
FOGOUSDT,1779687000000,1779687002511,1,-0.8586832072472829,-0.8294140634468077,0.1698,28.7326,NONEXP_CALM3D,0.3333333333333333,20598,True,0.0721981675629316,0.146205950857081,False,False,5,May–Oct,False,"[+0.10,+0.20)"
GALAUSDT,1772539800000,1772539850873,2,0.7817072483498295,-0.09,-0.29705,31.3658,UNMATCHED,0.6666666666666666,20515,False,-0.11210591438178186,-0.45670817883890663,True,False,3,Jan–Apr,False,≤−0.20
GALAUSDT,1773061500000,1773061665267,1,-0.0334219344660732,-0.09,0.3122,25.1195,UNMATCHED,0.3333333333333333,20521,True,0.11771400264015731,0.24100562368892026,False,False,3,Jan–Apr,False,≥+0.20
GALAUSDT,1774958400000,1774958644888,1,-1.1204637526298462,-1.1204637526298462,-0.2134,32.4124,UNMATCHED,0.3333333333333333,20543,False,-0.05896563071172008,-0.3368696544885652,True,False,3,Jan–Apr,False,≤−0.20
GIGGLEUSDT,1772649600000,1772649783777,1,0.0704966116692008,0.0705936248589801,1.1703,20.5397,UNMATCHED,0.3333333333333333,20516,True,0.3605466331035843,1.294253163622236,False,True,3,Jan–Apr,False,≥+0.20
GIGGLEUSDT,1777252200000,1777252203787,1,-0.8448217628975655,0.2008271483699655,0.3414,24.0412,UNMATCHED,0.3333333333333333,20570,True,0.14485611990310196,0.25937156242800513,False,True,4,Jan–Apr,False,≥+0.20
GIGGLEUSDT,1786480500000,1786480544597,2,0.1806197098374952,0.0891759188951284,-0.19890000000000002,27.528599999999997,UNMATCHED,0.6666666666666666,20676,False,-0.06501220232183715,-0.23103268033325114,True,True,8,May–Oct,False,"(−0.20,−0.10]"
GRASSUSDT,1787555700000,1787555799542,2,0.0989553321414562,0.0999245210089753,0.077,21.4502,UNMATCHED,0.6666666666666666,20689,True,0.03092494188901776,-0.02153667409843621,False,True,8,May–Oct,False,"[+0.05,+0.10)"
GRASSUSDT,1787556000000,1787556009840,1,0.0991325579402428,0.0996671042628891,0.0704,21.4502,UNMATCHED,0.3333333333333333,20689,True,0.03092494188901776,-0.02153667409843621,False,True,8,May–Oct,False,"[+0.05,+0.10)"
GUNUSDT,1768515000000,1768515083763,1,-1.0576229252603886,-1.120133881592884,-0.2276,22.79,UNMATCHED,0.3333333333333333,20468,False,-0.06885827925509284,-0.2744369849953025,True,False,1,Jan–Apr,False,≤−0.20
GUNUSDT,1771464000000,1771464056608,1,0.9949293566705628,0.0860420804283482,-0.2216,20.0262,UNMATCHED,0.3333333333333333,20503,False,-0.08193128035752663,-0.27260668264860305,True,True,2,Jan–Apr,False,≤−0.20
GUNUSDT,1776948900000,1776949197230,1,-0.0265851570353971,0.0991877774283546,-0.142,18.6407,UNMATCHED,0.3333333333333333,20566,False,-0.03957925529441834,-0.17868576321235016,True,True,4,Jan–Apr,True,"(−0.20,−0.10]"
GUNUSDT,1776949200000,1776949203284,1,-0.09,-1.2236961888306783,-0.1392,18.6407,UNMATCHED,0.3333333333333333,20566,False,-0.014080826544778864,-0.13566778283707104,True,False,4,Jan–Apr,True,"(−0.20,−0.10]"
GUSDT,1782529200000,1782529453137,1,0.0911886876384938,0.9987697746657268,0.1215,27.0865,UNMATCHED,0.3333333333333333,20631,True,0.05737995749727383,0.08729153028034647,False,True,6,May–Oct,False,"[+0.10,+0.20)"
HBARUSDT,1767626400000,1767626524305,1,0.9971248122231148,1.1962852355707796,0.2602,19.478,UNMATCHED,0.3333333333333333,20458,True,0.10697168003187983,0.21119738467863064,False,True,1,Jan–Apr,False,≥+0.20
HBARUSDT,1767627300000,1767627373034,1,0.2662471691510787,0.2345849484814738,0.2748,18.1302,UNMATCHED,0.3333333333333333,20458,True,0.10697168003187983,0.21119738467863064,False,True,1,Jan–Apr,False,≥+0.20
HBARUSDT,1770372900000,1770373056407,1,0.9964218594826012,0.0997593965453996,-0.1956,21.9241,UNMATCHED,0.3333333333333333,20490,False,-0.031341731403892716,-0.41347599068023777,True,True,2,Jan–Apr,True,"(−0.20,−0.10]"
HBARUSDT,1770904800000,1770904897401,2,-0.7009553190096229,-0.6989033639124598,0.2764,20.639,UNMATCHED,0.6666666666666666,20496,True,0.12094792733981896,0.2723848335442245,False,False,2,Jan–Apr,False,≥+0.20
HBARUSDT,1772132400000,1772132535810,1,0.4357179884540766,0.3262281199213987,-0.2194,20.4507,UNMATCHED,0.3333333333333333,20510,False,-0.05282289735174386,-0.35650302895915664,True,True,2,Jan–Apr,False,≤−0.20
HBARUSDT,1780075200000,1780075421922,1,-0.7350018890472386,-0.7606937962143618,0.1957,27.5234,UNMATCHED,0.3333333333333333,20602,True,0.06850953289199521,0.053563595352646896,False,False,5,May–Oct,False,"[+0.10,+0.20)"
HBARUSDT,1784795400000,1784795528028,3,0.2164917897784405,0.1533291504010514,-0.11206666666666666,28.378366666666665,UNMATCHED,1.0,20657,False,-0.06717959103024682,-0.11732768064512566,True,True,7,May–Oct,False,"(−0.20,−0.10]"
HBARUSDT,1790130000000,1790130135146,3,0.0975230994011193,0.0997789123775324,0.12623333333333334,22.711133333333333,UNMATCHED,1.0,20719,True,0.028596023635212596,0.089674291396229,False,True,9,May–Oct,False,"[+0.10,+0.20)"
HEMIUSDT,1788804900000,1788805033510,1,0.0927553567542169,0.0931949826782574,-0.1229,21.9341,UNMATCHED,0.3333333333333333,20703,False,-0.03336179567368578,-0.18306730158064508,True,True,9,May–Oct,True,"(−0.20,−0.10]"
HMSTRUSDT,1783849800000,1783850054445,1,-1.0320263758107917,-1.0105743686105193,-0.0539,22.7723,UNMATCHED,0.3333333333333333,20646,False,-0.012908632917805165,-0.09674103386827905,True,False,7,May–Oct,False,"(−0.10,−0.05]"
HOMEUSDT,1781521200000,1781521283159,2,0.9653329968994776,1.192931928368666,0.23509999999999998,24.9792,UNMATCHED,0.6666666666666666,20619,True,0.09774023393479173,0.2281397948330064,False,True,6,May–Oct,False,≥+0.20
HOMEUSDT,1786486800000,1786486843414,2,1.0946714286305077,0.9954138964984866,-0.0885,24.8491,UNMATCHED,0.6666666666666666,20676,False,-0.03622996787996775,-0.1274319626153809,True,True,8,May–Oct,False,"(−0.10,−0.05]"
HUMAUSDT,1772998200000,1772998223047,1,0.0990786157494643,0.0995293089878011,-0.1281,29.4755,UNMATCHED,0.3333333333333333,20520,False,-0.07427646961303518,-0.1953575784096032,True,True,3,Jan–Apr,False,"(−0.20,−0.10]"
HUMAUSDT,1777010700000,1777010829137,1,0.1611059179435252,0.0973438913797913,-0.0576,28.5975,UNMATCHED,0.3333333333333333,20567,False,-0.005252847546383543,-0.09057330146671948,True,True,4,Jan–Apr,False,"(−0.10,−0.05]"
HUSDT,1770688800000,1770688915910,2,1.1966752474755662,1.1982964607905158,0.028,21.2553,UNMATCHED,0.6666666666666666,20494,True,0.04618098718172093,-0.0070361236262515316,False,True,2,Jan–Apr,False,"[+0.025,+0.05)"
HUSDT,1780635300000,1780635591519,3,-1.101709004009593,-1.104459625526157,-0.3067666666666667,19.0598,UNMATCHED,1.0,20609,False,-0.1414397126182446,-0.37656798544754494,True,False,6,May–Oct,False,≤−0.20
HYPEUSDT,1767630900000,1767630982902,3,-0.9148930746994872,-0.9556447927006264,0.37926666666666664,21.874800000000004,UNMATCHED,1.0,20458,True,0.14797501369892346,0.3006167313615738,False,False,1,Jan–Apr,False,≥+0.20
HYPEUSDT,1767858900000,1767859080172,2,-0.6972370626232258,-0.7647901748404108,-0.2977,39.6958,UNMATCHED,0.6666666666666666,20461,False,-0.1615971327835286,-0.2763280066794467,True,False,1,Jan–Apr,False,≤−0.20
HYPEUSDT,1768419900000,1768419946597,3,-0.7294420924541295,-0.7761542913136951,0.49520000000000003,20.502066666666668,UNMATCHED,1.0,20467,True,0.1389646268967494,0.5388736569110366,False,False,1,Jan–Apr,False,≥+0.20
HYPEUSDT,1768961700000,1768961858468,1,-0.6910074781978145,-0.6913789483010784,-0.3627,26.0707,UNMATCHED,0.3333333333333333,20474,False,-0.1272708636609616,-0.4969577498981017,True,False,1,Jan–Apr,False,≤−0.20
HYPEUSDT,1769385300000,1769385552833,1,0.0992127878677217,0.0993078817206389,-0.481,23.5553,UNMATCHED,0.3333333333333333,20478,False,-0.16925788051257093,-0.5311103259068141,True,True,1,Jan–Apr,False,≤−0.20
HYPEUSDT,1769385600000,1769385618645,1,0.0991505073033045,0.0992396184098931,-0.4828,23.5553,UNMATCHED,0.3333333333333333,20479,False,-0.13752161632377594,-0.4802817915188111,True,True,1,Jan–Apr,False,≤−0.20
HYPEUSDT,1769385900000,1769385907245,1,0.0991199801505607,-1.1919605232124455,-0.413,22.4549,UNMATCHED,0.3333333333333333,20479,False,-0.13752161632377594,-0.4802817915188111,True,False,1,Jan–Apr,False,≤−0.20
HYPEUSDT,1770836400000,1770836478767,3,-0.7514387603838181,-0.7477085994809299,-0.14926666666666666,18.9916,UNMATCHED,1.0,20495,False,-0.008057747920430715,-0.34785953702952527,True,False,2,Jan–Apr,True,"(−0.20,−0.10]"
HYPEUSDT,1770890400000,1770890675982,1,0.0996143572264788,0.0986636862521078,0.0345,27.015,UNMATCHED,0.3333333333333333,20496,True,0.03282936047010814,-0.013955979460067335,False,True,2,Jan–Apr,False,"[+0.025,+0.05)"
HYPEUSDT,1772277000000,1772277008379,2,0.1245280720479257,0.1790752821594316,-0.5659000000000001,22.0786,UNMATCHED,0.6666666666666666,20512,False,-0.1779494363438314,-0.7232007295220244,True,True,2,Jan–Apr,False,≤−0.20
HYPEUSDT,1775150400000,1775150462991,2,-0.6913167366296327,-0.6927259628670815,0.058800000000000005,25.7785,UNMATCHED,0.6666666666666666,20545,True,0.019616513205245895,-0.012063857648129284,False,False,4,Jan–Apr,False,"[+0.05,+0.10)"
HYPEUSDT,1778521800000,1778521826220,1,0.2112082478071856,0.2592335244409744,0.2012,23.0432,UNMATCHED,0.3333333333333333,20584,True,0.057848104454983555,0.09679862941451967,False,True,5,May–Oct,False,≥+0.20
ICNTUSDT,1782543300000,1782543581180,1,0.0744639529513156,0.074199908598039,0.1278,24.2838,UNMATCHED,0.3333333333333333,20631,True,0.0352578605553492,0.13098522584770703,False,True,6,May–Oct,False,"[+0.10,+0.20)"
ICPUSDT,1767730800000,1767730827812,2,0.5733464754830188,0.4520845883113198,-0.3126,21.9856,UNMATCHED,0.6666666666666666,20459,False,-0.1160801565214349,-0.4451528289934307,True,True,1,Jan–Apr,False,≤−0.20
ICPUSDT,1767784800000,1767785001019,3,-0.6906303776277682,-0.6901495165743083,-0.2613666666666667,30.840233333333334,UNMATCHED,1.0,20460,False,-0.08500280542425648,-0.2257689180764372,True,False,1,Jan–Apr,False,≤−0.20
ICPUSDT,1773345900000,1773346111153,1,0.6948086570901744,0.744225153160876,0.0733,27.0375,UNMATCHED,0.3333333333333333,20524,True,0.05302425206997883,0.04151207056073667,False,True,3,Jan–Apr,False,"[+0.05,+0.10)"
ICPUSDT,1778054700000,1778054871895,1,0.990301197529524,1.5856306310533324,0.0894,22.3988,UNMATCHED,0.3333333333333333,20579,True,0.017688667591871984,0.06589468625545723,False,True,5,May–Oct,False,"[+0.05,+0.10)"
ICPUSDT,1778429700000,1778429978629,1,0.0830489700691896,-0.7028601103853666,0.165,34.7614,NONEXP_CALM3D,0.3333333333333333,20583,True,0.07482252646184577,0.12940625305437564,False,False,5,May–Oct,False,"[+0.10,+0.20)"
ICPUSDT,1778430000000,1778430195445,2,0.0831127134845789,0.3203706346066156,0.1612,34.8514,NONEXP_CALM3D,0.6666666666666666,20583,True,0.07482252646184577,0.12940625305437564,False,True,5,May–Oct,False,"[+0.10,+0.20)"
ICPUSDT,1778477400000,1778477669349,1,0.1763408297550403,0.0892927321821043,-0.1206,30.9926,UNMATCHED,0.3333333333333333,20584,False,-0.04265177029919901,-0.10797867571687803,True,True,5,May–Oct,False,"(−0.20,−0.10]"
ICPUSDT,1779953400000,1779953607409,2,0.1085340542243345,-1.0124379588061314,-0.52305,34.448,UNMATCHED,0.6666666666666666,20601,False,-0.17255493997402974,-0.5978731591608544,True,False,5,May–Oct,False,≤−0.20
ICPUSDT,1780435200000,1780435248600,1,-1.215956163735773,0.0702830670049595,-0.6301,18.122,UNMATCHED,0.3333333333333333,20606,False,-0.20576774403389214,-0.7480437571666662,True,True,6,May–Oct,False,≤−0.20
ICPUSDT,1786480800000,1786480864064,2,0.1456273061964246,0.1766670408852287,-0.1958,27.748600000000003,UNMATCHED,0.6666666666666666,20676,False,-0.06501220232183715,-0.23103268033325114,True,True,8,May–Oct,False,"(−0.20,−0.10]"
ICPUSDT,1790490600000,1790490687670,1,1.061142098127397,0.1603536955290295,0.0782,38.0891,UNMATCHED,0.3333333333333333,20723,True,0.027827796131326184,0.06312111510230907,False,True,9,May–Oct,False,"[+0.05,+0.10)"
ICPUSDT,1790708400000,1790708481719,1,0.0864962312954906,0.0864443091293719,-0.059,28.8567,UNMATCHED,0.3333333333333333,20725,True,0.0048045172308075635,-0.13779732269332798,False,True,9,May–Oct,False,"(−0.10,−0.05]"
IDUSDT,1780259100000,1780259188476,3,-0.3502921543301405,0.0929673232425857,-0.07283333333333335,22.6734,UNMATCHED,1.0,20604,False,-0.032970500970698834,-0.07834701492200634,True,True,5,May–Oct,False,"(−0.10,−0.05]"
INJUSDT,1779987300000,1779987337764,2,0.0852741123286504,0.3556505337201239,-0.2663,18.8728,UNMATCHED,0.6666666666666666,20601,False,-0.11477970436050303,-0.3482169489140269,True,True,5,May–Oct,False,≤−0.20
INJUSDT,1780780200000,1780780457088,1,0.0939814763407952,-0.6961460746610175,-0.0824,17.7158,ADX_SURGE_OPEN,0.3333333333333333,20610,False,-0.028105749257290653,-0.12755046871174214,True,False,6,May–Oct,False,"(−0.10,−0.05]"
INJUSDT,1780780500000,1780780510853,2,-0.7645766584759252,-0.6970961346295141,-0.0858,17.7158,ADX_SURGE_OPEN,0.6666666666666666,20610,False,-0.028105749257290653,-0.12755046871174214,True,False,6,May–Oct,False,"(−0.10,−0.05]"
INJUSDT,1781137800000,1781138082253,2,0.9967358622878209,0.9905926346174734,-0.08615,34.3506,UNMATCHED,0.6666666666666666,20615,False,-0.04037301291295482,-0.18473453401836346,True,True,6,May–Oct,False,"(−0.10,−0.05]"
INJUSDT,1781138100000,1781138117000,1,0.9975807591534688,0.0904930624214554,-0.0903,34.3506,UNMATCHED,0.3333333333333333,20615,False,-0.04037301291295482,-0.18473453401836346,True,True,6,May–Oct,False,"(−0.10,−0.05]"
INJUSDT,1781742000000,1781742264025,1,0.2102988981656553,0.0923951117056388,-0.2926,18.709,UNMATCHED,0.3333333333333333,20622,False,-0.09449445474647694,-0.38660401322989835,True,True,6,May–Oct,False,≤−0.20
INJUSDT,1781787600000,1781787647985,1,0.488924738524442,0.6536566873499314,-0.1124,29.1724,UNMATCHED,0.3333333333333333,20622,False,-0.014932452512371599,-0.17092143449273364,True,True,6,May–Oct,False,"(−0.20,−0.10]"
INJUSDT,1782487200000,1782487369245,1,0.3486934640397647,0.1914416536509959,0.0326,21.2793,UNMATCHED,0.3333333333333333,20630,False,-0.04281714148204484,-0.09872191092301148,True,True,6,May–Oct,False,"[+0.025,+0.05)"
INJUSDT,1782632700000,1782632707162,2,-0.6966899261965325,-0.699477613167359,-0.08399999999999999,31.2378,UNMATCHED,0.6666666666666666,20632,False,-0.03815741983716341,-0.10481389633649617,True,False,6,May–Oct,False,"(−0.10,−0.05]"
INJUSDT,1787565300000,1787565306817,1,-0.738703380061841,0.0955783859266238,0.0266,23.0212,UNMATCHED,0.3333333333333333,20689,False,-0.024983707215579694,0.01520792159400423,True,True,8,May–Oct,False,"[+0.025,+0.05)"
INJUSDT,1787588100000,1787588181740,1,0.0937251297322678,0.0841416232999615,0.5775,20.5492,UNMATCHED,0.3333333333333333,20689,True,0.14946431541951322,0.5002901207097704,False,True,8,May–Oct,False,≥+0.20
INJUSDT,1787782800000,1787782861574,2,0.1299245305090538,0.0931726073687546,0.0579,22.4728,UNMATCHED,0.6666666666666666,20691,True,0.02377654192410525,0.006799934226147946,False,True,8,May–Oct,False,"[+0.05,+0.10)"
INJUSDT,1788032700000,1788032984348,1,0.7705037797111249,0.6916703867424479,0.1014,30.2328,NONEXP_CALM3D,0.3333333333333333,20694,True,0.031327059883364455,0.07934367572872332,False,True,8,May–Oct,False,"[+0.10,+0.20)"
INJUSDT,1789835400000,1789835466269,3,-1.0594051160994071,-1.0992405660266849,0.25533333333333336,37.5395,NONEXP_CALM3D,1.0,20715,True,0.07921140769541928,0.21939505692869246,False,False,9,May–Oct,False,≥+0.20
INJUSDT,1790489400000,1790489466812,2,0.3051815705997815,0.292477455455864,0.074,31.7307,UNMATCHED,0.6666666666666666,20723,True,0.027827796131326184,0.06312111510230907,False,True,9,May–Oct,False,"[+0.05,+0.10)"
INJUSDT,1790685300000,1790685515717,3,0.283438163503102,0.495980009987732,0.2107,31.3978,NONEXP_CALM3D,1.0,20725,True,0.08059218281581337,0.21339111541178937,False,True,9,May–Oct,False,≥+0.20
IPUSDT,1768220400000,1768220596122,2,0.0636862817476785,0.0638933198015302,-0.168,22.8104,UNMATCHED,0.6666666666666666,20465,False,-0.05664571081861519,-0.20151841352965494,True,True,1,Jan–Apr,True,"(−0.20,−0.10]"
IPUSDT,1768220700000,1768220789673,1,0.0947486852268977,0.1028840572602186,-0.169,23.2637,UNMATCHED,0.3333333333333333,20465,False,-0.05664571081861519,-0.20151841352965494,True,True,1,Jan–Apr,True,"(−0.20,−0.10]"
IPUSDT,1769453700000,1769453961372,1,-1.007438359111135,-1.0057572208717094,0.026,18.6183,UNMATCHED,0.3333333333333333,20479,False,-0.010334292937869655,-0.0504357458102932,True,False,1,Jan–Apr,False,"[+0.025,+0.05)"
IPUSDT,1769556600000,1769556693474,1,0.0913327426030768,0.0911576118560719,0.3063,29.1183,NONEXP_CALM3D,0.3333333333333333,20480,True,0.09746506884069518,0.32550281137990367,False,True,1,Jan–Apr,False,≥+0.20
IPUSDT,1769897400000,1769897423774,1,-1.151625199022467,-1.187654922574508,-1.0859,21.3557,UNMATCHED,0.3333333333333333,20484,False,-0.3622672432622507,-1.2622895625484358,True,False,1,Jan–Apr,False,≤−0.20
JTOUSDT,1780468200000,1780468484151,1,0.9945913355423118,0.995162400837824,-0.2643,22.6943,UNMATCHED,0.3333333333333333,20607,False,-0.046259432824322655,-0.5261638233780355,True,True,6,May–Oct,False,≤−0.20
JTOUSDT,1782649800000,1782650010241,3,-1.1695129066147991,-1.146294766290169,0.02903333333333333,22.4387,UNMATCHED,1.0,20632,True,0.018352827113418017,0.012236919635352886,False,False,6,May–Oct,False,"[+0.025,+0.05)"
JTOUSDT,1783041600000,1783041779684,1,0.3229871515962295,0.2962357487919536,0.1161,21.9732,UNMATCHED,0.3333333333333333,20637,True,0.00849507562430219,0.10486025487586596,False,True,7,May–Oct,False,"[+0.10,+0.20)"
JTOUSDT,1783930200000,1783930234662,1,0.4867270975975869,0.5633996900884677,-0.2866,23.3793,UNMATCHED,0.3333333333333333,20647,False,-0.08500165673978864,-0.34473263874763765,True,True,7,May–Oct,False,≤−0.20
JTOUSDT,1784069700000,1784069769948,1,-0.69484363885093,-0.6903752719754591,0.4403,39.8827,NONEXP_CALM3D,0.3333333333333333,20648,True,0.1385715801408888,0.43104040492007234,False,False,7,May–Oct,False,≥+0.20
JTOUSDT,1784534100000,1784534397732,1,-0.9226799825416584,-0.8233625951368517,-0.1983,31.0267,UNMATCHED,0.3333333333333333,20654,False,-0.09586851387429737,-0.17611066720502522,True,False,7,May–Oct,False,"(−0.20,−0.10]"
JUPUSDT,1770093600000,1770093724841,2,-1.1593267697288148,0.06650839458028,0.0743,19.75675,UNMATCHED,0.6666666666666666,20487,True,0.06057785603956092,0.09988639575044553,False,True,2,Jan–Apr,False,"[+0.05,+0.10)"
JUPUSDT,1788824700000,1788824985990,2,0.0674741163476131,0.1070036964513983,-0.09605,23.212899999999998,UNMATCHED,0.6666666666666666,20703,False,-0.050850027888985475,-0.09843609327490817,True,True,9,May–Oct,False,"(−0.10,−0.05]"
KAITOUSDT,1784281200000,1784281310302,2,0.2473145377799793,0.1684518704064425,-0.36245,20.54495,UNMATCHED,0.6666666666666666,20651,False,-0.12523988456456758,-0.41228512699405856,True,True,7,May–Oct,False,≤−0.20
KAITOUSDT,1784385300000,1784385446001,3,-0.1732240426595263,-0.7402315386621985,0.09506666666666667,23.012933333333336,UNMATCHED,1.0,20652,True,0.023570411211048307,0.0889829128843423,False,False,7,May–Oct,False,"[+0.05,+0.10)"
KAITOUSDT,1784533500000,1784533595530,1,1.199081893725641,1.5905288701596052,-0.2023,35.0187,UNMATCHED,0.3333333333333333,20654,False,-0.09586851387429737,-0.17611066720502522,True,True,7,May–Oct,False,≤−0.20
KAITOUSDT,1785174600000,1785174632390,3,0.4289912446115478,0.0997951781107598,-0.10033333333333333,22.461766666666666,UNMATCHED,1.0,20661,False,-0.017912071404452112,-0.156237178289034,True,True,7,May–Oct,True,"(−0.20,−0.10]"
KAVAUSDT,1772461800000,1772462092999,1,-1.2502786183478565,0.0823391291144606,-0.1686,37.1844,UNMATCHED,0.3333333333333333,20514,False,-0.12073790856659122,-0.16023102479984264,True,True,3,Jan–Apr,False,"(−0.20,−0.10]"
KAVAUSDT,1772462100000,1772462101963,1,-1.2502786183478567,-1.2942782666820505,-0.1656,37.1844,UNMATCHED,0.3333333333333333,20514,False,-0.12073790856659122,-0.16023102479984264,True,False,3,Jan–Apr,False,"(−0.20,−0.10]"
KERNELUSDT,1775291400000,1775291461772,2,-1.1936864697944425,-1.191201508284708,0.0592,27.5092,UNMATCHED,0.6666666666666666,20547,True,0.01849671754110623,0.044102421434769244,False,False,4,Jan–Apr,False,"[+0.05,+0.10)"
KITEUSDT,1771284000000,1771284070648,3,-0.6994452465622545,-0.9659191355977956,0.10276666666666667,20.8351,UNMATCHED,1.0,20500,True,0.014324365910389268,0.08632869668833335,False,False,2,Jan–Apr,False,"[+0.10,+0.20)"
KITEUSDT,1772080800000,1772081064638,3,0.0979778816279795,-1.1906288293386469,0.36693333333333333,24.60636666666667,UNMATCHED,1.0,20510,True,0.09667516283893243,0.3352995238118211,False,False,2,Jan–Apr,False,≥+0.20
KITEUSDT,1772097300000,1772097301189,2,-0.5462887707140276,0.0977166872508443,0.09359999999999999,20.464399999999998,UNMATCHED,0.6666666666666666,20510,True,0.021639555420866957,0.08564967953299384,False,True,2,Jan–Apr,False,"[+0.05,+0.10)"
KITEUSDT,1772300400000,1772300616528,1,0.0976659227980634,0.0976155984437888,0.0439,29.0435,UNMATCHED,0.3333333333333333,20512,True,0.034989633505164465,-0.03448955550373156,False,True,2,Jan–Apr,False,"[+0.025,+0.05)"
KITEUSDT,1772947200000,1772947338119,1,1.19812146607424,0.99770194846567,-0.2665,23.203,UNMATCHED,0.3333333333333333,20520,False,-0.13007945105667587,-0.31664390527411646,True,True,3,Jan–Apr,False,≤−0.20
KITEUSDT,1772947500000,1772947768876,1,0.9993378535279483,0.99877639615562,-0.2527,22.9375,UNMATCHED,0.3333333333333333,20520,False,-0.13007945105667587,-0.31664390527411646,True,True,3,Jan–Apr,False,≤−0.20
KITEUSDT,1772947800000,1772947888033,1,0.0984979818416844,0.0981625016652091,-0.2512,22.152,UNMATCHED,0.3333333333333333,20520,False,-0.13007945105667587,-0.31664390527411646,True,True,3,Jan–Apr,False,≤−0.20
KITEUSDT,1778719200000,1778719467945,2,0.0956687830749151,0.0973474625344009,-0.1839,22.1271,UNMATCHED,0.6666666666666666,20587,False,-0.07810440873358315,-0.2319637261264509,True,True,5,May–Oct,True,"(−0.20,−0.10]"
KITEUSDT,1778720700000,1778720725794,1,0.0955190037214789,0.1409077860681526,-0.1438,22.533,UNMATCHED,0.3333333333333333,20587,False,-0.040304698461881214,-0.18899788880715765,True,True,5,May–Oct,True,"(−0.20,−0.10]"
LAUSDT,1770578100000,1770578169686,2,1.0807408245203534,0.0698667689550184,0.32405,24.4164,UNMATCHED,0.6666666666666666,20492,True,0.11389934972755027,0.2189687937332057,False,True,2,Jan–Apr,False,≥+0.20
LAUSDT,1787097300000,1787097368639,1,0.6954404831464098,0.6685696821596218,0.0884,30.0644,UNMATCHED,0.3333333333333333,20683,True,0.02601267407208123,0.07149171625144296,False,True,8,May–Oct,False,"[+0.05,+0.10)"
LDOUSDT,1777331400000,1777331628376,1,1.2724643655432557,1.321651902973506,-0.1731,21.2985,UNMATCHED,0.3333333333333333,20570,False,-0.04415723124627579,-0.203623663438692,True,True,4,Jan–Apr,True,"(−0.20,−0.10]"
LDOUSDT,1783679400000,1783679553864,2,0.3467700782038239,0.3955264375445888,0.36650000000000005,27.08615,UNMATCHED,0.6666666666666666,20644,True,0.1252203599671126,0.32850361805036205,False,True,7,May–Oct,False,≥+0.20
LDOUSDT,1784280900000,1784281010758,1,-0.8624279885171405,-0.863192660123085,-0.3709,22.3045,UNMATCHED,0.3333333333333333,20651,False,-0.12523988456456758,-0.41228512699405856,True,False,7,May–Oct,False,≤−0.20
LDOUSDT,1787565900000,1787565995710,1,0.0915319218133042,0.0901446885914197,0.0588,27.565,UNMATCHED,0.3333333333333333,20689,True,0.04058607828884096,0.02494047401468316,False,True,8,May–Oct,False,"[+0.05,+0.10)"
LINKUSDT,1767859800000,1767859988731,2,-0.6952677395381102,-0.6900594511370393,-0.29395,32.6517,UNMATCHED,0.6666666666666666,20461,False,-0.07506262438234897,-0.2999293124801092,True,False,1,Jan–Apr,False,≤−0.20
LINKUSDT,1768180800000,1768180924754,1,0.477905337141943,0.3226984057437748,0.1439,25.8206,UNMATCHED,0.3333333333333333,20465,True,0.049780081459309906,0.04593645442102123,False,True,1,Jan–Apr,False,"[+0.10,+0.20)"
LINKUSDT,1769023500000,1769023586800,1,2.4498977288373767,1.196338397987601,-0.2839,30.6662,UNMATCHED,0.3333333333333333,20474,False,-0.07863780152463003,-0.4326625440389093,True,True,1,Jan–Apr,False,≤−0.20
LINKUSDT,1770176100000,1770176149804,3,0.4461722883553552,0.3847035004258832,-0.12,20.0747,UNMATCHED,1.0,20488,False,-0.0849356483826663,-0.21679854631521048,True,True,2,Jan–Apr,True,"(−0.20,−0.10]"
LINKUSDT,1770434700000,1770434866903,1,0.413298924440654,0.4695979399310175,0.6433,23.5731,UNMATCHED,0.3333333333333333,20491,True,0.181970332141564,0.5770045367545867,False,True,2,Jan–Apr,False,≥+0.20
LINKUSDT,1771825500000,1771825662222,3,0.4776311779129274,0.6742273114045384,-0.8271333333333333,20.5425,UNMATCHED,1.0,20507,False,-0.30379200167704573,-0.9581962066331652,True,True,2,Jan–Apr,False,≤−0.20
LINKUSDT,1773060000000,1773060229699,1,0.1637101090098801,0.2618358885386866,0.2504,20.712,UNMATCHED,0.3333333333333333,20521,True,0.06857810052656571,0.2388343754768956,False,True,3,Jan–Apr,False,≥+0.20
LINKUSDT,1773248700000,1773248917605,3,0.239859886024635,0.14099437366781,0.2685,19.5393,UNMATCHED,1.0,20523,True,0.09170464852170898,0.24947787746181171,False,True,3,Jan–Apr,False,≥+0.20
LINKUSDT,1773681300000,1773681322672,1,0.1408407714663225,0.1853808498308523,0.171,21.649,UNMATCHED,0.3333333333333333,20528,True,0.07532348197998157,0.14565201196507335,False,True,3,Jan–Apr,False,"[+0.10,+0.20)"
LINKUSDT,1774834500000,1774834564238,3,0.2848465549966391,0.0977285361989283,-0.06583333333333334,20.243033333333333,UNMATCHED,1.0,20542,False,-0.027908338534903866,-0.2083167028766317,True,True,3,Jan–Apr,False,"(−0.10,−0.05]"
LINKUSDT,1777254000000,1777254084528,2,-0.1101217543017889,0.1300027007943756,0.33455,20.4303,UNMATCHED,0.6666666666666666,20570,True,0.14485611990310196,0.25937156242800513,False,True,4,Jan–Apr,False,≥+0.20
LINKUSDT,1780866000000,1780866084535,2,-0.7013446768621712,-0.7015436134671913,-0.07100000000000001,27.2376,UNMATCHED,0.6666666666666666,20611,True,0.006042077139104804,-0.05434327781221476,False,False,6,May–Oct,False,"(−0.10,−0.05]"
LINKUSDT,1781029200000,1781029250560,1,0.0897218665280098,0.0883537935932126,-0.3932,19.8857,UNMATCHED,0.3333333333333333,20613,False,-0.12794653819261953,-0.5686633911181178,True,True,6,May–Oct,False,≤−0.20
LINKUSDT,1783438800000,1783438856934,2,0.3514396651649338,0.2488724217549004,0.05295,23.8036,UNMATCHED,0.6666666666666666,20641,True,0.034910424270142036,0.009999924663809872,False,True,7,May–Oct,False,"[+0.05,+0.10)"
LINKUSDT,1783956000000,1783956144172,1,-0.7025304697075279,-0.6909360509069051,-0.2423,23.8322,UNMATCHED,0.3333333333333333,20647,False,-0.05703416154700803,-0.30323628658959323,True,False,7,May–Oct,False,≤−0.20
LINKUSDT,1786979700000,1786979804164,1,0.1891474328721769,0.1937783718102393,0.1905,28.2928,NONEXP_CALM3D,0.3333333333333333,20682,True,0.07530652695175721,0.15406914618068487,False,True,8,May–Oct,False,"[+0.10,+0.20)"
LINKUSDT,1787879100000,1787879349908,1,0.2102925165016778,0.1517739439542681,0.2441,25.3323,UNMATCHED,0.3333333333333333,20693,True,0.08969141184362096,0.21761620865350176,False,True,8,May–Oct,False,≥+0.20
LITUSDT,1779778500000,1779778665425,1,-1.1759991960870702,-1.188846051174624,-0.0863,23.1483,UNMATCHED,0.3333333333333333,20599,False,-0.021419196457029777,-0.13241462753304656,True,False,5,May–Oct,False,"(−0.10,−0.05]"
LITUSDT,1780189200000,1780189219404,1,0.4414982908113972,0.0977549360285606,0.0443,26.2079,UNMATCHED,0.3333333333333333,20604,True,0.026780253016122416,0.044241086622581346,False,True,5,May–Oct,False,"[+0.025,+0.05)"
LITUSDT,1780927800000,1780927936932,2,0.0983434447958893,0.0988526600626877,0.3913,20.9015,UNMATCHED,0.6666666666666666,20612,True,0.1193143092739954,0.38062125657876644,False,True,6,May–Oct,False,≥+0.20
LITUSDT,1780928100000,1780928163648,1,0.0994233720641201,0.0985823606231951,0.3949,20.9366,UNMATCHED,0.3333333333333333,20612,True,0.1193143092739954,0.38062125657876644,False,True,6,May–Oct,False,≥+0.20
LITUSDT,1781811000000,1781811208757,2,0.0976549477851057,0.0965889461071097,-0.5297000000000001,22.825899999999997,UNMATCHED,0.6666666666666666,20622,False,-0.1797792722836385,-0.6065950541010379,True,True,6,May–Oct,False,≤−0.20
LITUSDT,1781811300000,1781811308595,1,0.0987325609554821,0.096670253186152,-0.5275,22.7228,UNMATCHED,0.3333333333333333,20622,False,-0.1797792722836385,-0.6065950541010379,True,True,6,May–Oct,False,≤−0.20
LITUSDT,1785284700000,1785284864955,2,-0.801868752790964,-0.7914615258768942,0.0464,31.7068,NONEXP_CALM3D,0.6666666666666666,20663,True,0.02012638022001479,0.047603957529259694,False,False,7,May–Oct,False,"[+0.025,+0.05)"
LITUSDT,1787289000000,1787289158094,1,1.5978387001788596,1.5984846829186314,0.9071,24.6427,UNMATCHED,0.3333333333333333,20686,True,0.3068903670956281,0.8946781189269387,False,True,8,May–Oct,False,≥+0.20
LITUSDT,1788000300000,1788000537520,1,-0.8000774531196875,-0.7326770835159298,-0.1127,21.5007,UNMATCHED,0.3333333333333333,20694,False,-0.04027201087076385,-0.13916758723811357,True,False,8,May–Oct,True,"(−0.20,−0.10]"
LITUSDT,1788419100000,1788419220622,3,0.3207085760165158,0.2158013223742133,0.1736,24.382500000000004,UNMATCHED,1.0,20699,True,0.049353771440164194,0.1560467502896793,False,True,9,May–Oct,False,"[+0.10,+0.20)"
LITUSDT,1790597100000,1790597135625,1,-0.8944678385657281,-0.9919769760124192,-0.1881,24.4631,UNMATCHED,0.3333333333333333,20724,False,-0.06112776014534264,-0.2712309431972636,True,False,9,May–Oct,True,"(−0.20,−0.10]"
LITUSDT,1790783400000,1790783545211,1,0.0994697394611299,0.0996258268619386,0.17,22.1375,UNMATCHED,0.3333333333333333,20726,True,0.002946134030220897,0.31609760539177273,False,True,9,May–Oct,False,"[+0.10,+0.20)"
LPTUSDT,1770973500000,1770973738973,3,0.1603000670790191,0.0737914194901283,0.033800000000000004,26.314833333333336,UNMATCHED,1.0,20497,True,0.03488901002571632,-0.023020411132779736,False,True,2,Jan–Apr,False,"[+0.025,+0.05)"
LSKUSDT,1790066100000,1790066258147,1,0.098408729935461,0.0976595566107175,0.0639,17.4499,ADX_SURGE_OPEN,0.3333333333333333,20718,True,0.004017581571149312,0.023293206470121664,False,True,9,May–Oct,False,"[+0.05,+0.10)"
LTCUSDT,1769935500000,1769935636324,2,-0.696561161626067,-0.6939587093287867,-0.40825,19.4482,UNMATCHED,0.6666666666666666,20485,False,-0.15196526057371074,-0.4697775154797713,True,False,2,Jan–Apr,False,≤−0.20
LTCUSDT,1770431100000,1770431139462,1,-0.690928258185163,-0.691483095027212,0.588,20.3321,UNMATCHED,0.3333333333333333,20491,True,0.2175589502985823,0.6741878185035984,False,False,2,Jan–Apr,False,≥+0.20
LTCUSDT,1771612500000,1771612536362,1,-0.6965450337460728,0.091806636268883,0.1629,21.2262,UNMATCHED,0.3333333333333333,20504,True,0.030393209536674914,0.12748002263364364,False,True,2,Jan–Apr,False,"[+0.10,+0.20)"
LTCUSDT,1771958100000,1771958160400,3,-0.7058425913724579,-0.7085567600553144,0.19416666666666668,21.751,UNMATCHED,1.0,20508,True,0.055863558222835674,0.1519819480719317,False,False,2,Jan–Apr,False,"[+0.10,+0.20)"
LTCUSDT,1772157900000,1772158063476,2,0.178939955501813,0.7531189821988131,-0.088,19.0378,UNMATCHED,0.6666666666666666,20511,False,-0.028562559380668488,-0.09569206473173705,True,True,2,Jan–Apr,False,"(−0.10,−0.05]"
LTCUSDT,1772649900000,1772649924797,2,0.4900786570353769,0.7698686544659762,1.1893500000000001,21.11905,UNMATCHED,0.6666666666666666,20516,True,0.3605466331035843,1.294253163622236,False,True,3,Jan–Apr,False,≥+0.20
LTCUSDT,1772742900000,1772742954270,1,-0.7068347113147416,-0.6982820100525893,-0.3756,21.0894,UNMATCHED,0.3333333333333333,20517,False,-0.14918320296016407,-0.5030178643402794,True,False,3,Jan–Apr,False,≤−0.20
LTCUSDT,1775140500000,1775140537310,1,0.4883376262473546,-0.7032202758766224,-0.3242,34.375,UNMATCHED,0.3333333333333333,20545,False,-0.11220086887471438,-0.4120216198301834,True,False,4,Jan–Apr,False,≤−0.20
LTCUSDT,1780666500000,1780666541456,1,-0.9431672590500736,-0.7871020637898054,-0.4241,20.2829,UNMATCHED,0.3333333333333333,20609,False,-0.15984383210782654,-0.42838306711596114,True,False,6,May–Oct,False,≤−0.20
LTCUSDT,1782486900000,1782487101049,2,0.336038963938127,0.2981743799010555,0.02935,20.969,UNMATCHED,0.6666666666666666,20630,False,-0.04281714148204484,-0.09872191092301148,True,True,6,May–Oct,False,"[+0.025,+0.05)"
LTCUSDT,1782487200000,1782487296371,1,0.3738000300204412,0.2251650959914954,0.03,21.2793,UNMATCHED,0.3333333333333333,20630,False,-0.04281714148204484,-0.09872191092301148,True,True,6,May–Oct,False,"[+0.025,+0.05)"
LTCUSDT,1783437900000,1783437978672,2,0.363739578941287,0.5420609768347506,0.046299999999999994,19.8086,UNMATCHED,0.6666666666666666,20641,True,0.034910424270142036,0.009999924663809872,False,True,7,May–Oct,False,"[+0.025,+0.05)"
LTCUSDT,1783438200000,1783438209029,1,0.5420609768347592,0.5193451162315486,0.0489,19.9674,UNMATCHED,0.3333333333333333,20641,True,0.034910424270142036,0.009999924663809872,False,True,7,May–Oct,False,"[+0.025,+0.05)"
LTCUSDT,1787400600000,1787400623639,1,0.1616316211665763,0.0843404170144376,-0.0777,21.05,UNMATCHED,0.3333333333333333,20687,False,-0.02219116299896317,-0.11027258998860608,True,True,8,May–Oct,False,"(−0.10,−0.05]"
LTCUSDT,1787490600000,1787490753308,3,0.4208708816978665,0.4054839247059454,0.16469999999999999,29.4245,NONEXP_CALM3D,1.0,20688,True,0.045381730621888314,0.10853335004980431,False,True,8,May–Oct,False,"[+0.10,+0.20)"
LTCUSDT,1787929200000,1787929252787,3,-0.7112959355052918,-0.6979972409962064,-0.07303333333333334,20.737933333333334,UNMATCHED,1.0,20693,False,-0.015410228682274726,-0.10204397408570347,True,False,8,May–Oct,False,"(−0.10,−0.05]"
LTCUSDT,1788270600000,1788270692980,1,0.3820557936340393,0.3550561036893572,-0.1216,27.377,UNMATCHED,0.3333333333333333,20697,False,-0.0525833649442095,-0.15600292405970634,True,True,9,May–Oct,False,"(−0.20,−0.10]"
LUMIAUSDT,1777356900000,1777356953336,1,0.095984006117168,0.096622509611089,-0.1137,23.2697,UNMATCHED,0.3333333333333333,20571,False,-0.042214039199172805,-0.1506341892502985,True,True,4,Jan–Apr,True,"(−0.20,−0.10]"
MEGAUSDT,1777841100000,1777841346276,2,-0.6970537726780107,-0.6907132036706858,0.0903,31.9631,NONEXP_CALM3D,0.6666666666666666,20576,True,0.025883622925859953,0.07832188699925627,False,False,5,May–Oct,False,"[+0.05,+0.10)"
MEGAUSDT,1778316900000,1778317009428,1,0.6757645619087813,0.8646724519952308,0.0307,22.0158,UNMATCHED,0.3333333333333333,20582,True,0.0009612450512240461,0.027678168328204647,False,True,5,May–Oct,False,"[+0.025,+0.05)"
MIRAUSDT,1784785500000,1784785662062,3,0.0805361377009864,0.0944551772407862,-0.12376666666666668,20.901,UNMATCHED,1.0,20657,False,-0.05051510853098013,-0.1290766565251672,True,True,7,May–Oct,True,"(−0.20,−0.10]"
MMTUSDT,1785621000000,1785621130926,3,-0.8558140162736464,-0.8737613427589468,-0.1431,34.50933333333334,UNMATCHED,1.0,20666,False,-0.04784696994358471,-0.19532923678091935,True,False,8,May–Oct,False,"(−0.20,−0.10]"
MOVEUSDT,1768545000000,1768545022281,3,0.0994509519977833,0.0974275449529676,-0.09913333333333334,23.996733333333335,UNMATCHED,1.0,20469,False,-0.01929207720049614,-0.14287693931048182,True,True,1,Jan–Apr,False,"(−0.10,−0.05]"
MOVEUSDT,1776646800000,1776646914200,1,-1.232930816574367,-1.1924459314409634,-0.3492,27.1232,UNMATCHED,0.3333333333333333,20563,False,-0.09813251728464881,-0.4259222117579743,True,False,4,Jan–Apr,False,≤−0.20
NAORISUSDT,1777977900000,1777978150330,2,-1.194083117055536,-1.1931332846594842,0.1398,24.7005,UNMATCHED,0.6666666666666666,20578,True,0.02726060123818012,0.15845441116727632,False,False,5,May–Oct,False,"[+0.10,+0.20)"
NEARUSDT,1768181100000,1768181142700,1,-0.8803916913415765,0.0854634866268948,0.1462,26.7245,UNMATCHED,0.3333333333333333,20465,True,0.049780081459309906,0.04593645442102123,False,True,1,Jan–Apr,False,"[+0.10,+0.20)"
NEARUSDT,1768458000000,1768458170715,1,0.7032901661462524,0.4753557935411123,0.0459,20.4597,UNMATCHED,0.3333333333333333,20468,True,0.016431366817077523,-0.004218427884763166,False,True,1,Jan–Apr,False,"[+0.025,+0.05)"
NEARUSDT,1770431100000,1770431165622,3,-0.7344799568408128,-0.7348791157417827,0.5949333333333334,20.844233333333335,UNMATCHED,1.0,20491,True,0.2175589502985823,0.6741878185035984,False,False,2,Jan–Apr,False,≥+0.20
NEARUSDT,1770740100000,1770740176067,1,-0.8872498542271281,0.0097601531637098,-0.0649,22.479,UNMATCHED,0.3333333333333333,20494,False,-0.0023415073132006243,-0.18701211984628177,True,True,2,Jan–Apr,False,"(−0.10,−0.05]"
NEARUSDT,1770741000000,1770741196106,1,0.0097601531637158,0.0099596709012985,-0.1211,21.9691,UNMATCHED,0.3333333333333333,20494,False,-0.0023415073132006243,-0.18701211984628177,True,True,2,Jan–Apr,True,"(−0.20,−0.10]"
NEARUSDT,1772409300000,1772409416409,1,-1.0444243484570468,1.1257809482223688,-0.3087,21.2855,UNMATCHED,0.3333333333333333,20513,False,-0.14492485485492043,-0.4033206665981866,True,True,3,Jan–Apr,False,≤−0.20
NEARUSDT,1772410200000,1772410253092,1,0.3412118261576852,0.5152611926023096,-0.2163,22.9001,UNMATCHED,0.3333333333333333,20514,False,-0.056379363864718694,-0.2945051341012521,True,True,3,Jan–Apr,False,≤−0.20
NEARUSDT,1773044700000,1773044776997,3,-0.678759685914323,-0.7322824236579422,0.20023333333333335,18.276,UNMATCHED,1.0,20521,True,0.07040563339434913,0.24596399102372402,False,False,3,Jan–Apr,False,≥+0.20
NEARUSDT,1773567600000,1773567683144,3,0.1007978084304167,0.5018887115504704,0.21266666666666667,31.8929,NONEXP_CALM3D,1.0,20527,True,0.07736850827047992,0.17968047548275112,False,True,3,Jan–Apr,False,≥+0.20
NEARUSDT,1775015100000,1775015131402,1,0.3576825766378828,0.2454151358390792,0.0792,27.3503,UNMATCHED,0.3333333333333333,20544,True,0.0013190422769986411,0.12905282732864107,False,True,4,Jan–Apr,False,"[+0.05,+0.10)"
NEARUSDT,1776758700000,1776758767595,2,0.272575875508374,0.2726810709492573,0.1406,30.38845,NONEXP_CALM3D,0.6666666666666666,20564,True,0.04873782631584929,0.1044258109335844,False,True,4,Jan–Apr,False,"[+0.10,+0.20)"
NEARUSDT,1777282800000,1777283096060,1,-0.7162984383554674,-0.7432965814636204,-0.1896,26.7255,UNMATCHED,0.3333333333333333,20570,False,-0.05969689790470876,-0.2418763951450705,True,False,4,Jan–Apr,False,"(−0.20,−0.10]"
NEARUSDT,1781488200000,1781488386846,2,0.0881362437761123,0.0881018726001531,0.5142,22.7175,UNMATCHED,0.6666666666666666,20619,True,0.1654852074053318,0.5493234435848792,False,True,6,May–Oct,False,≥+0.20
NEARUSDT,1781950200000,1781950494344,1,-0.7132643383391346,-0.6943795750028168,0.1018,29.1262,UNMATCHED,0.3333333333333333,20624,True,0.052541735592468136,0.10629817427373084,False,False,6,May–Oct,False,"[+0.10,+0.20)"
NEARUSDT,1782056400000,1782056474552,3,-0.6990798177506261,-0.7246321758047845,0.027899999999999998,27.5037,UNMATCHED,1.0,20625,True,0.002893479324560388,0.01696161326247802,False,False,6,May–Oct,False,"[+0.025,+0.05)"
NEARUSDT,1782090300000,1782090392380,1,1.8304047898224092,1.5914865224991943,-0.1376,29.0122,UNMATCHED,0.3333333333333333,20626,False,-0.01480598878483444,-0.169551043418721,True,True,6,May–Oct,False,"(−0.20,−0.10]"
NEARUSDT,1783621800000,1783621914822,3,-0.7253016903807618,-0.7095539666798982,0.1773,27.854200000000002,UNMATCHED,1.0,20643,True,0.07226138776017867,0.11287820929478079,False,False,7,May–Oct,False,"[+0.10,+0.20)"
NEARUSDT,1784097000000,1784097164582,2,-0.7305798232754473,-0.7294764283583901,0.2664,28.7489,NONEXP_CALM3D,0.6666666666666666,20649,True,0.09539802202939508,0.2591915714527299,False,False,7,May–Oct,False,≥+0.20
NEARUSDT,1784307900000,1784307976343,2,0.1172653438699759,-0.7108428380423981,0.0665,21.8081,UNMATCHED,0.6666666666666666,20651,True,0.024069497230092208,-0.01025841510205316,False,False,7,May–Oct,False,"[+0.05,+0.10)"
NEARUSDT,1784866500000,1784866537419,1,-0.6936316665971387,0.2782536623133354,0.0523,28.4186,NONEXP_CALM3D,0.3333333333333333,20658,True,0.03823077522932165,0.008012347691602712,False,True,7,May–Oct,False,"[+0.05,+0.10)"
NEARUSDT,1786478100000,1786478380599,1,1.1165758176761325,1.0523432462225124,-0.232,29.5678,UNMATCHED,0.3333333333333333,20676,False,-0.09795266375005583,-0.25840097178327304,True,True,8,May–Oct,False,≤−0.20
NEARUSDT,1787027700000,1787027827237,2,0.6999186376660778,0.577582724698833,0.0557,22.3094,UNMATCHED,0.6666666666666666,20683,True,0.01955792854626906,0.05640336539821365,False,True,8,May–Oct,False,"[+0.05,+0.10)"
NEARUSDT,1787915700000,1787915820725,1,0.1236904550889367,0.1236904550889468,-0.0981,38.2054,UNMATCHED,0.3333333333333333,20693,False,-0.026088028176263028,-0.1322342839783917,True,True,8,May–Oct,False,"(−0.10,−0.05]"
NEARUSDT,1787916900000,1787916946929,1,0.0971012658309122,0.3380736656600588,-0.099,36.0815,UNMATCHED,0.3333333333333333,20693,False,-0.026088028176263028,-0.1322342839783917,True,True,8,May–Oct,False,"(−0.10,−0.05]"
NEIROUSDT,1776945300000,1776945513936,1,0.0947464589450562,0.0907689742371619,-0.1738,33.7888,UNMATCHED,0.3333333333333333,20566,False,-0.08295818492721596,-0.1742192487854443,True,True,4,Jan–Apr,False,"(−0.20,−0.10]"
NEIROUSDT,1776949200000,1776949224841,1,-0.917647180202035,-0.9175545403748928,-0.1404,18.6407,UNMATCHED,0.3333333333333333,20566,False,-0.014080826544778864,-0.13566778283707104,True,False,4,Jan–Apr,True,"(−0.20,−0.10]"
ONDOUSDT,1770168900000,1770169175571,1,-0.6917169962510705,-0.6910784777264842,-0.2342,21.2308,UNMATCHED,0.3333333333333333,20488,False,-0.10478207329464426,-0.3919307030260227,True,False,2,Jan–Apr,False,≤−0.20
ONDOUSDT,1775018100000,1775018345655,1,0.993375798341472,0.9663773430230016,0.1498,30.782,UNMATCHED,0.3333333333333333,20544,True,0.07250053072689756,0.09494101416351074,False,True,4,Jan–Apr,False,"[+0.10,+0.20)"
ONDOUSDT,1778609100000,1778609164728,3,0.248888758309357,0.2388843608786045,-0.1791,20.6576,UNMATCHED,1.0,20585,False,-0.03689936903360239,-0.22249698492921374,True,True,5,May–Oct,True,"(−0.20,−0.10]"
ONDOUSDT,1780044000000,1780044123162,1,-0.7056238682395926,-0.7066736262712005,0.045,26.0883,UNMATCHED,0.3333333333333333,20602,False,-0.010768783133225131,0.03109293930565276,True,False,5,May–Oct,False,"[+0.025,+0.05)"
ONDOUSDT,1780074600000,1780074813188,1,-0.9270104539975562,-0.9807632754740636,0.2027,26.4054,UNMATCHED,0.3333333333333333,20602,True,0.06850953289199521,0.053563595352646896,False,False,5,May–Oct,False,≥+0.20
ONDOUSDT,1780356900000,1780357123370,1,-0.7619890137085659,-0.7345077691570818,-0.3355,22.1321,UNMATCHED,0.3333333333333333,20605,False,-0.09968137425069054,-0.3808160479855528,True,False,6,May–Oct,False,≤−0.20
ONDOUSDT,1780357200000,1780357317756,2,-0.8747781619923669,-1.0131810887631278,-0.32705,22.7753,UNMATCHED,0.6666666666666666,20605,False,-0.09968137425069054,-0.3808160479855528,True,False,6,May–Oct,False,≤−0.20
ONDOUSDT,1780370700000,1780370831985,1,2.952599896582241,2.6061769510221966,-0.3981,21.6616,UNMATCHED,0.3333333333333333,20606,False,-0.1313020642527223,-0.39752428414491375,True,True,6,May–Oct,False,≤−0.20
ONDOUSDT,1781570400000,1781570666501,1,-0.7080413550334346,-0.7079997791263427,0.0426,21.4022,UNMATCHED,0.3333333333333333,20620,True,0.015077535727600025,0.038018028343299676,False,False,6,May–Oct,False,"[+0.025,+0.05)"
ONDOUSDT,1781932800000,1781932952570,2,0.0789791645184059,-0.7143661062132128,0.16305,37.4696,NONEXP_CALM3D,0.6666666666666666,20624,True,0.05283370166207852,0.11460841006681126,False,False,6,May–Oct,False,"[+0.10,+0.20)"
ONDOUSDT,1781933100000,1781933162931,1,0.0803807259405511,-0.7145434091417738,0.1639,39.5642,NONEXP_CALM3D,0.3333333333333333,20624,True,0.05283370166207852,0.11460841006681126,False,False,6,May–Oct,False,"[+0.10,+0.20)"
ONDOUSDT,1782530700000,1782530706678,1,0.0965443688442909,0.1278337238315804,0.124,27.8256,UNMATCHED,0.3333333333333333,20631,True,0.05737995749727383,0.08729153028034647,False,True,6,May–Oct,False,"[+0.10,+0.20)"
ONDOUSDT,1783350000000,1783350184072,3,0.4522804242290217,0.423049233759982,-0.3557333333333334,23.539933333333334,UNMATCHED,1.0,20640,False,-0.11105803966213897,-0.4612815237995657,True,True,7,May–Oct,False,≤−0.20
ONDOUSDT,1783672800000,1783673074276,1,0.2818073431405697,0.3129215938300954,0.2672,31.902,NONEXP_CALM3D,0.3333333333333333,20644,True,0.08481326285664682,0.28486908367306235,False,True,7,May–Oct,False,≥+0.20
ONDOUSDT,1783677000000,1783677210339,2,0.4651344447089657,0.4961519935914019,0.33015,32.4027,NONEXP_CALM3D,0.6666666666666666,20644,True,0.11429670839575062,0.2756711031030932,False,True,7,May–Oct,False,≥+0.20
ONDOUSDT,1784096700000,1784096705692,2,-0.7134556927091813,-0.7119895285724945,0.26785000000000003,26.8076,UNMATCHED,0.6666666666666666,20649,True,0.09539802202939508,0.2591915714527299,False,False,7,May–Oct,False,≥+0.20
ONDOUSDT,1784637000000,1784637040793,1,-0.979563178745498,-1.0563451855065316,0.3199,24.6746,UNMATCHED,0.3333333333333333,20655,True,0.10745770417623182,0.3253559321353905,False,False,7,May–Oct,False,≥+0.20
ONDOUSDT,1784646000000,1784646169592,1,-0.9679018371528147,-0.9957929975858192,0.3969,33.2697,UNMATCHED,0.3333333333333333,20655,True,0.1399220264898671,0.419559702331396,False,False,7,May–Oct,False,≥+0.20
ONDOUSDT,1784707800000,1784707856604,2,0.0864287213797193,0.0843104010624936,-0.12215000000000001,32.5681,UNMATCHED,0.6666666666666666,20656,False,-0.05546290466118631,-0.14446771310213988,True,True,7,May–Oct,False,"(−0.20,−0.10]"
ONDOUSDT,1784865900000,1784865975278,1,0.3309187254409518,0.4804613521557717,0.0583,28.6405,NONEXP_CALM3D,0.3333333333333333,20658,True,0.03823077522932165,0.008012347691602712,False,True,7,May–Oct,False,"[+0.05,+0.10)"
ONDOUSDT,1785036900000,1785036972152,3,0.9161979082023852,0.8458599124966519,0.0919,25.0224,UNMATCHED,1.0,20660,True,0.03105246933118268,0.09220168526319575,False,True,7,May–Oct,False,"[+0.05,+0.10)"
ONDOUSDT,1785172500000,1785172666593,3,-0.2341307221904085,-0.9178850264126313,-0.10606666666666668,19.336633333333335,UNMATCHED,1.0,20661,False,-0.017912071404452112,-0.156237178289034,True,False,7,May–Oct,True,"(−0.20,−0.10]"
ONDOUSDT,1785347100000,1785347229789,3,1.2130298409492972,1.195030725240699,-0.1149,20.7826,UNMATCHED,1.0,20663,False,-0.054838588148323694,-0.10565773542782364,True,True,7,May–Oct,True,"(−0.20,−0.10]"
ONDOUSDT,1785842100000,1785842379767,1,0.7461354832080417,0.0988051178132709,0.0364,28.2451,NONEXP_CALM3D,0.3333333333333333,20669,True,0.02320754321788884,0.016466123363758675,False,True,8,May–Oct,False,"[+0.025,+0.05)"
ONDOUSDT,1785842400000,1785842699757,1,0.7733322809093245,0.7463327349273752,0.0434,29.837,NONEXP_CALM3D,0.3333333333333333,20669,True,0.02320754321788884,0.016466123363758675,False,True,8,May–Oct,False,"[+0.025,+0.05)"
ONDOUSDT,1785842700000,1785842738580,1,0.0988051178132653,0.0988051178132709,0.0432,29.837,NONEXP_CALM3D,0.3333333333333333,20669,True,0.02320754321788884,0.016466123363758675,False,True,8,May–Oct,False,"[+0.025,+0.05)"
ONDOUSDT,1786928400000,1786928525474,1,0.0903640131725364,0.0902555869274785,-0.0512,23.6009,UNMATCHED,0.3333333333333333,20682,False,-0.020213890843210274,-0.06954246963321782,True,True,8,May–Oct,False,"(−0.10,−0.05]"
ONDOUSDT,1787239800000,1787239983611,1,0.1059891886442423,0.2485493452194838,0.8215,25.5263,UNMATCHED,0.3333333333333333,20685,True,0.2413702769625441,0.8278087822248466,False,True,8,May–Oct,False,≥+0.20
ONDOUSDT,1787698200000,1787698288049,3,-0.7164223273211956,-0.7162487688580215,-0.22340000000000002,20.065066666666667,UNMATCHED,1.0,20690,False,-0.07116636804713809,-0.2413414239312025,True,False,8,May–Oct,False,≤−0.20
ONDOUSDT,1788351600000,1788351817340,3,-0.7046891730304171,-0.7032181893944153,-0.2044,28.6657,UNMATCHED,1.0,20698,False,-0.0691559858661218,-0.2601860835065466,True,False,9,May–Oct,False,≤−0.20
ONDOUSDT,1788879600000,1788879812841,1,0.2538996174899235,0.3329773209139308,-0.1407,21.0396,UNMATCHED,0.3333333333333333,20704,False,-0.02140399397465469,-0.1718147550707379,True,True,9,May–Oct,True,"(−0.20,−0.10]"
ONDOUSDT,1790535900000,1790535923046,3,-0.4321437870136346,0.0904218583135174,0.05076666666666666,27.369566666666667,UNMATCHED,1.0,20723,True,0.029259800142678587,0.01639776270829421,False,True,9,May–Oct,False,"[+0.05,+0.10)"
ONDOUSDT,1790909700000,1790909742534,1,0.0910050940982828,-0.6928631419677499,0.1913,27.7129,UNMATCHED,0.3333333333333333,20728,True,0.060035032594403015,0.18204181776444392,False,False,10,May–Oct,False,"[+0.10,+0.20)"
ONEUSDT,1790683200000,1790683451748,2,0.0970694162400583,0.0986886550284436,0.21065,26.5605,UNMATCHED,0.6666666666666666,20725,True,0.08059218281581337,0.21339111541178937,False,True,9,May–Oct,False,≥+0.20
ONGUSDT,1775421900000,1775422172363,1,-1.192921210272806,-0.8474035295814144,0.1549,27.5951,UNMATCHED,0.3333333333333333,20548,True,0.0342736804803052,0.1256237840303255,False,False,4,Jan–Apr,False,"[+0.10,+0.20)"
ONGUSDT,1775422200000,1775422234128,1,-1.1923249621107093,-1.0007526100874051,0.1518,27.5951,UNMATCHED,0.3333333333333333,20548,True,0.0342736804803052,0.1256237840303255,False,False,4,Jan–Apr,False,"[+0.10,+0.20)"
ONGUSDT,1788356700000,1788356906722,2,0.5209539170884113,0.3988530184630721,-0.16570000000000001,18.2127,UNMATCHED,0.6666666666666666,20698,False,-0.08953613472954103,-0.25327197576818844,True,True,9,May–Oct,True,"(−0.20,−0.10]"
ONGUSDT,1788471900000,1788471919089,1,0.0919922837581342,0.0920475342219436,0.8171,32.8178,UNMATCHED,0.3333333333333333,20699,True,0.24800071017857436,0.8711613727318771,False,True,9,May–Oct,False,≥+0.20
OPNUSDT,1780849800000,1780849851236,1,-1.7102326150610827,-1.7458754331351352,0.1211,20.9609,UNMATCHED,0.3333333333333333,20611,True,0.048583276818633045,0.057258435662218686,False,False,6,May–Oct,False,"[+0.10,+0.20)"
OPUSDT,1771528200000,1771528417523,1,-1.2130700880994862,-1.2488966110979358,0.06,18.5808,UNMATCHED,0.3333333333333333,20503,True,0.05590317678117407,-0.045637436837254304,False,False,2,Jan–Apr,False,"[+0.05,+0.10)"
OPUSDT,1772079000000,1772079224398,1,-0.6882679819501649,-0.4080683240188192,0.344,14.502,ADX_SURGE_OPEN,0.3333333333333333,20510,True,0.09667516283893243,0.3352995238118211,False,False,2,Jan–Apr,False,≥+0.20
OPUSDT,1772425800000,1772425851243,3,-0.7874637413372506,-0.8137291323808084,0.19369999999999998,26.42986666666667,UNMATCHED,1.0,20514,True,0.08679294112408531,0.14997044103099558,False,False,3,Jan–Apr,False,"[+0.10,+0.20)"
OPUSDT,1785252900000,1785253065720,1,0.0233211354718244,0.475997767778981,-0.1376,22.4683,UNMATCHED,0.3333333333333333,20662,False,-0.04846581711788435,-0.19340709199522854,True,True,7,May–Oct,True,"(−0.20,−0.10]"
OPUSDT,1788351900000,1788351977920,1,0.0943436829740653,-0.8136336150706968,-0.2067,28.6657,UNMATCHED,0.3333333333333333,20698,False,-0.0691559858661218,-0.2601860835065466,True,False,9,May–Oct,False,≤−0.20
OPUSDT,1788419100000,1788419228782,2,-0.7021859271877855,-0.6954848086385489,0.17375000000000002,24.3825,UNMATCHED,0.6666666666666666,20699,True,0.049353771440164194,0.1560467502896793,False,False,9,May–Oct,False,"[+0.10,+0.20)"
OPUSDT,1788419400000,1788419407169,1,-0.7094990460439045,-0.7066331735894108,0.1733,24.3825,UNMATCHED,0.3333333333333333,20699,True,0.049353771440164194,0.1560467502896793,False,False,9,May–Oct,False,"[+0.10,+0.20)"
ORCAUSDT,1771683900000,1771684109044,1,-0.7090641536818283,-0.7360590815798861,0.1655,32.6748,NONEXP_CALM3D,0.3333333333333333,20505,True,0.04890231940732479,0.13032562731029204,False,False,2,Jan–Apr,False,"[+0.10,+0.20)"
ORCAUSDT,1772782800000,1772782883625,2,-0.8781284412919668,-1.0070186829269308,-0.25985,27.4619,UNMATCHED,0.6666666666666666,20518,False,-0.09526998909686106,-0.3387239992648455,True,False,3,Jan–Apr,False,≤−0.20
ORCAUSDT,1772783100000,1772783188164,1,-0.7776932727542893,-0.8054212271889621,-0.2419,28.8372,UNMATCHED,0.3333333333333333,20518,False,-0.09526998909686106,-0.3387239992648455,True,False,3,Jan–Apr,False,≤−0.20
ORCAUSDT,1778947500000,1778947563023,1,0.2080625326027244,0.2490600618303114,-0.1623,35.4372,UNMATCHED,0.3333333333333333,20589,False,-0.05260258525828771,-0.21664895385956925,True,True,5,May–Oct,False,"(−0.20,−0.10]"
ORDERUSDT,1774192200000,1774192208944,1,0.085201188417099,0.0906322870981498,-0.183,21.1228,UNMATCHED,0.3333333333333333,20534,False,-0.06763605475461623,-0.23487554011295225,True,True,3,Jan–Apr,True,"(−0.20,−0.10]"
ORDERUSDT,1774192500000,1774192507623,1,0.0905729531934315,-1.2037040555671927,-0.1773,21.4407,UNMATCHED,0.3333333333333333,20534,False,-0.06763605475461623,-0.23487554011295225,True,False,3,Jan–Apr,True,"(−0.20,−0.10]"
ORDIUSDT,1777254000000,1777254110688,2,0.2764500250897949,0.2980834469112879,0.33455,20.4303,UNMATCHED,0.6666666666666666,20570,True,0.14485611990310196,0.25937156242800513,False,True,4,Jan–Apr,False,≥+0.20
ORDIUSDT,1777945200000,1777945246739,2,0.424964430549969,0.280493633442463,0.1144,28.3263,UNMATCHED,0.6666666666666666,20578,True,0.048206090250379564,0.10369771201675021,False,True,5,May–Oct,False,"[+0.10,+0.20)"
ORDIUSDT,1777977300000,1777977342348,1,-0.7000844121003413,-0.7195151694001342,0.138,28.664,UNMATCHED,0.3333333333333333,20578,True,0.02726060123818012,0.15845441116727632,False,False,5,May–Oct,False,"[+0.10,+0.20)"
PARTIUSDT,1775852400000,1775852401527,1,0.9820867281551392,0.0968000257031822,0.3404,18.3933,UNMATCHED,0.3333333333333333,20553,True,0.11774478772809824,0.3608324815697363,False,True,4,Jan–Apr,False,≥+0.20
PARTIUSDT,1777917600000,1777917833083,3,0.1265304361325067,0.0947658958347824,0.2937666666666667,21.559299999999997,UNMATCHED,1.0,20577,True,0.11052633498416196,0.271961337521618,False,True,5,May–Oct,False,≥+0.20
PENGUUSDT,1767755700000,1767755987593,2,0.3384007213311663,0.1850234948256845,-0.08,27.4527,UNMATCHED,0.6666666666666666,20460,False,-0.009722241421955408,-0.1255010156541558,True,True,1,Jan–Apr,False,"(−0.10,−0.05]"
PENGUUSDT,1769480100000,1769480266428,1,0.0912816316232359,0.0953177782281816,0.185,28.5707,NONEXP_CALM3D,0.3333333333333333,20480,True,0.06400089796919452,0.16080277822006467,False,True,1,Jan–Apr,False,"[+0.10,+0.20)"
PENGUUSDT,1769665500000,1769665558047,3,0.1831268513800064,0.2412878768805988,-0.2732,20.1314,UNMATCHED,1.0,20482,False,-0.08140068692551453,-0.35113112897266535,True,True,1,Jan–Apr,False,≤−0.20
PENGUUSDT,1769724600000,1769724777177,1,-0.6939013269339371,-0.6901685205849193,-0.6864,21.09,UNMATCHED,0.3333333333333333,20482,False,-0.22174506577631786,-0.8192440300813585,True,False,1,Jan–Apr,False,≤−0.20
PENGUUSDT,1769940300000,1769940442596,1,-0.7019259514814008,-0.7020024319353704,-0.1998,21.3679,UNMATCHED,0.3333333333333333,20485,False,-0.044687156428463555,-0.2992941681085679,True,False,2,Jan–Apr,True,"(−0.20,−0.10]"
PENGUUSDT,1769940600000,1769940816826,1,-0.6997380141800854,-0.7141051854823891,-0.1798,23.1044,UNMATCHED,0.3333333333333333,20485,False,-0.044687156428463555,-0.2992941681085679,True,False,2,Jan–Apr,True,"(−0.20,−0.10]"
PENGUUSDT,1771276200000,1771276402403,3,0.0992717594202579,0.0902721466584897,-0.05666666666666667,24.1439,UNMATCHED,1.0,20500,True,0.013923159324550589,-0.1636692408723454,False,True,2,Jan–Apr,False,"(−0.10,−0.05]"
PENGUUSDT,1776216000000,1776216209764,2,0.0964900071927227,0.0986197719145269,0.0705,20.7202,UNMATCHED,0.6666666666666666,20558,True,0.04031883851960225,-0.0056875869335047315,False,True,4,Jan–Apr,False,"[+0.05,+0.10)"
PENGUUSDT,1777248300000,1777248346118,3,0.2658685244670271,-0.8695940543952556,0.1983,18.841866666666665,UNMATCHED,1.0,20570,True,0.07436681235240217,0.16607016721892326,False,False,4,Jan–Apr,False,"[+0.10,+0.20)"
PENGUUSDT,1777599300000,1777599506308,2,0.6208039773672518,0.5887396073695129,0.07735,30.814700000000002,NONEXP_CALM3D,0.6666666666666666,20574,True,0.025450226209544038,0.03815462902042576,False,True,5,May–Oct,False,"[+0.05,+0.10)"
PENGUUSDT,1777599600000,1777599601613,1,0.6390868167043986,0.5787556818440661,0.0762,30.8414,NONEXP_CALM3D,0.3333333333333333,20574,True,0.025450226209544038,0.03815462902042576,False,True,5,May–Oct,False,"[+0.05,+0.10)"
PENGUUSDT,1777706100000,1777706398533,1,0.5462436218795659,0.4797678260862328,0.0801,21.18,UNMATCHED,0.3333333333333333,20575,True,0.033100348391024104,0.0708910330001056,False,True,5,May–Oct,False,"[+0.05,+0.10)"
PENGUUSDT,1777706400000,1777706406174,2,0.5561309725453614,0.5687009735421703,0.0801,21.18,UNMATCHED,0.6666666666666666,20575,True,0.033100348391024104,0.0708910330001056,False,True,5,May–Oct,False,"[+0.05,+0.10)"
PENGUUSDT,1777980300000,1777980529100,1,0.0917377484514645,0.0918946380142462,0.1394,22.5639,UNMATCHED,0.3333333333333333,20578,True,0.05239039824067169,0.13982071075356609,False,True,5,May–Oct,False,"[+0.10,+0.20)"
PENGUUSDT,1778054700000,1778054863570,1,0.2239212370894382,0.6122610921086518,0.0894,22.3988,UNMATCHED,0.3333333333333333,20579,True,0.017688667591871984,0.06589468625545723,False,True,5,May–Oct,False,"[+0.05,+0.10)"
PENGUUSDT,1778384400000,1778384595348,2,-0.6933940386214907,-0.6929376599366491,0.0634,29.0099,UNMATCHED,0.6666666666666666,20583,True,0.023486545345312946,0.049820687518743634,False,False,5,May–Oct,False,"[+0.05,+0.10)"
PENGUUSDT,1778384700000,1778384820275,1,-0.6919644136961824,-0.692256497557364,0.0646,29.8358,UNMATCHED,0.3333333333333333,20583,True,0.023486545345312946,0.049820687518743634,False,False,5,May–Oct,False,"[+0.05,+0.10)"
PENGUUSDT,1778515200000,1778515256236,1,0.343167050190936,0.2677377960302746,0.0833,22.631,UNMATCHED,0.3333333333333333,20584,True,0.048077383867128405,0.04280551624186588,False,True,5,May–Oct,False,"[+0.05,+0.10)"
PENGUUSDT,1779123900000,1779124055352,2,0.1034348219010029,0.1862176240072892,-0.2532,23.2921,UNMATCHED,0.6666666666666666,20591,False,-0.09422363522497028,-0.3083138716849679,True,True,5,May–Oct,False,≤−0.20
PENGUUSDT,1779565500000,1779565545365,1,0.2252801721992538,0.0988185424776423,0.1101,39.6718,NONEXP_CALM3D,0.3333333333333333,20596,True,0.049489234750370925,0.0540302935933896,False,True,5,May–Oct,False,"[+0.10,+0.20)"
PENGUUSDT,1779987300000,1779987345925,2,0.4509696668354578,0.2693222921368379,-0.2663,18.8728,UNMATCHED,0.6666666666666666,20601,False,-0.11477970436050303,-0.3482169489140269,True,True,5,May–Oct,False,≤−0.20
PENGUUSDT,1780600500000,1780600630369,3,0.0952323970396608,0.0972066880661119,-0.10033333333333333,21.4212,UNMATCHED,1.0,20608,False,-0.027541036006919675,-0.1850298786980522,True,True,6,May–Oct,True,"(−0.20,−0.10]"
PENGUUSDT,1781593500000,1781593778936,1,-0.6932334974880406,-0.6919712218711116,0.0772,38.1944,NONEXP_CALM3D,0.3333333333333333,20620,True,0.04207190234580742,-0.020769485926339055,False,False,6,May–Oct,False,"[+0.05,+0.10)"
PENGUUSDT,1783140000000,1783140081931,1,-0.8086807105055169,-0.7360125427588579,0.1689,22.1125,UNMATCHED,0.3333333333333333,20638,True,0.058576511548540815,0.15134839711834036,False,False,7,May–Oct,False,"[+0.10,+0.20)"
PENGUUSDT,1785284400000,1785284532997,3,-0.6996565607522364,-0.6929425218056352,0.04803333333333334,31.608500000000003,UNMATCHED,1.0,20663,True,0.02012638022001479,0.047603957529259694,False,False,7,May–Oct,False,"[+0.025,+0.05)"
PENGUUSDT,1785351000000,1785351220222,2,-0.7399256970431862,-0.7704261185103255,0.03025,25.19105,UNMATCHED,0.6666666666666666,20663,True,0.01906216499151948,-0.07047145218101222,False,False,7,May–Oct,False,"[+0.025,+0.05)"
PENGUUSDT,1785351300000,1785351311291,1,-0.6925001618215381,-0.7033300281198471,0.0293,25.3349,UNMATCHED,0.3333333333333333,20663,True,0.01906216499151948,-0.07047145218101222,False,False,7,May–Oct,False,"[+0.025,+0.05)"
PENGUUSDT,1786390500000,1786390500997,2,-0.7042123342726068,-0.5084750658509007,-0.3385,23.1802,UNMATCHED,0.6666666666666666,20675,False,-0.12657972329031883,-0.39896277243783457,True,False,8,May–Oct,False,≤−0.20
PENGUUSDT,1787239800000,1787240092982,1,0.09252586451173,0.9938713599021542,0.8143,26.4222,UNMATCHED,0.3333333333333333,20685,True,0.2413702769625441,0.8278087822248466,False,True,8,May–Oct,False,≥+0.20
PENGUUSDT,1787669700000,1787669773407,1,-1.022145204737202,-1.0603332704584332,-0.142,21.8773,UNMATCHED,0.3333333333333333,20690,False,-0.08881523026151142,-0.18297840306752247,True,False,8,May–Oct,True,"(−0.20,−0.10]"
PENGUUSDT,1790664300000,1790664493010,2,0.1100047103437089,0.0911589833213932,0.0448,31.207900000000002,NONEXP_CALM3D,0.6666666666666666,20725,True,0.007711665284757379,-0.05287786084448797,False,True,9,May–Oct,False,"[+0.025,+0.05)"
PIPPINUSDT,1767536100000,1767536133726,1,-1.1919021563994243,-1.1905581213489231,0.0746,25.9314,UNMATCHED,0.3333333333333333,20457,True,0.025489795507826894,0.07239529087482234,False,False,1,Jan–Apr,False,"[+0.05,+0.10)"
PIPPINUSDT,1769169000000,1769169060281,1,0.1452746623419138,0.0975192595793144,-0.1375,24.2253,UNMATCHED,0.3333333333333333,20476,False,-0.05042126431971808,-0.15684538431763906,True,True,1,Jan–Apr,True,"(−0.20,−0.10]"
PIPPINUSDT,1769514300000,1769514319335,1,0.0998315897867,0.0984521152031429,-0.0938,36.7436,UNMATCHED,0.3333333333333333,20480,False,-0.044939353719757706,-0.09004332227334447,True,True,1,Jan–Apr,False,"(−0.10,−0.05]"
PIPPINUSDT,1770168900000,1770168946547,1,0.0970167227236881,0.0969241421833507,-0.2354,19.7499,UNMATCHED,0.3333333333333333,20488,False,-0.10478207329464426,-0.3919307030260227,True,True,2,Jan–Apr,False,≤−0.20
PIPPINUSDT,1770169200000,1770169493687,1,-1.06892315821922,0.0974086280799373,-0.228,22.4842,UNMATCHED,0.3333333333333333,20488,False,-0.10478207329464426,-0.3919307030260227,True,True,2,Jan–Apr,False,≤−0.20
PIPPINUSDT,1771650900000,1771651077153,1,-0.8321945950480846,0.0980982950761033,0.032,27.9507,UNMATCHED,0.3333333333333333,20505,True,0.015140193906442922,0.05476678674715702,False,True,2,Jan–Apr,False,"[+0.025,+0.05)"
PIPPINUSDT,1771668000000,1771668073907,3,-0.7093261981719028,-0.6901088183925336,0.14476666666666668,34.064,NONEXP_CALM3D,1.0,20505,True,0.051989368887574876,0.11118441158574706,False,False,2,Jan–Apr,False,"[+0.10,+0.20)"
PIPPINUSDT,1773047700000,1773047861899,3,-1.4689702015892383,-1.0101040673961723,0.27626666666666666,19.9098,UNMATCHED,1.0,20521,True,0.10105367083132709,0.20840819287758724,False,False,3,Jan–Apr,False,≥+0.20
PIXELUSDT,1774005300000,1774005303192,1,0.2742460376408681,0.4331574161652303,0.0589,23.0269,UNMATCHED,0.3333333333333333,20532,True,0.014015521557450594,0.10350188303033776,False,True,3,Jan–Apr,False,"[+0.05,+0.10)"
PIXELUSDT,1774147500000,1774147717320,3,0.0936408095910342,0.0890319187267126,-0.4580333333333333,28.196466666666666,UNMATCHED,1.0,20534,False,-0.17057081905182672,-0.5654926410551233,True,True,3,Jan–Apr,False,≤−0.20
PLAYUSDT,1768280700000,1768280751367,1,0.0875979200472427,0.0873687227296257,0.0654,27.3283,UNMATCHED,0.3333333333333333,20466,True,0.022950304758468522,0.019491306069812187,False,True,1,Jan–Apr,False,"[+0.05,+0.10)"
PLAYUSDT,1769723700000,1769723997978,2,-1.1965547455004095,-1.699622479613953,-0.8214,18.3286,UNMATCHED,0.6666666666666666,20482,False,-0.28407216738829244,-1.0281504864917124,True,False,1,Jan–Apr,False,≤−0.20
PLAYUSDT,1778805300000,1778805365444,2,-0.5544917964227634,0.0979945333448414,0.23665,22.6169,UNMATCHED,0.6666666666666666,20588,True,0.041557260599617916,0.23218592414860922,False,True,5,May–Oct,False,≥+0.20
PNUTUSDT,1767560700000,1767560802952,1,0.0898550192920535,0.0939271921669357,0.0377,23.2791,UNMATCHED,0.3333333333333333,20457,True,0.017630757371246888,0.024206959783782546,False,True,1,Jan–Apr,False,"[+0.025,+0.05)"
PNUTUSDT,1767561300000,1767561342060,2,-1.152635098836757,-1.1906452808115993,0.0369,25.1093,UNMATCHED,0.6666666666666666,20457,True,0.017630757371246888,0.024206959783782546,False,False,1,Jan–Apr,False,"[+0.025,+0.05)"
POLUSDT,1787062800000,1787062915311,2,-0.6989728741621895,-0.6633383669153493,0.061450000000000005,23.6061,UNMATCHED,0.6666666666666666,20683,True,0.006876459174214552,0.04691156513318073,False,False,8,May–Oct,False,"[+0.05,+0.10)"
POWRUSDT,1782765600000,1782765604767,1,0.3264600086851369,0.2408477371001071,0.2196,21.1492,UNMATCHED,0.3333333333333333,20633,True,0.07884586117974128,0.23652997699142525,False,True,6,May–Oct,False,≥+0.20
PROMUSDT,1787695500000,1787695718540,2,0.0874279860464425,0.0971465975831203,-0.2316,31.6194,UNMATCHED,0.6666666666666666,20690,False,-0.07116636804713809,-0.2413414239312025,True,True,8,May–Oct,False,≤−0.20
PROMUSDT,1787695800000,1787695805402,1,0.0970041395397696,-1.137260196987583,-0.229,31.9695,UNMATCHED,0.3333333333333333,20690,False,-0.07116636804713809,-0.2413414239312025,True,False,8,May–Oct,False,≤−0.20
PROVEUSDT,1774534500000,1774534705880,2,-0.9609660387810304,0.097330727156588,-0.29895,21.4848,UNMATCHED,0.6666666666666666,20538,False,-0.08750894735823272,-0.38081718255573926,True,True,3,Jan–Apr,False,≤−0.20
PUMPUSDT,1767626400000,1767626555707,1,1.189673415628579,1.1648559327568926,0.2476,19.4073,UNMATCHED,0.3333333333333333,20458,True,0.10697168003187983,0.21119738467863064,False,True,1,Jan–Apr,False,≥+0.20
PUMPUSDT,1768151400000,1768151510504,1,-1.0569145355765408,-1.0967972259945955,0.0734,18.3828,UNMATCHED,0.3333333333333333,20464,True,0.02706236212355669,0.07871274196051876,False,False,1,Jan–Apr,False,"[+0.05,+0.10)"
PUMPUSDT,1768482000000,1768482215534,1,1.1956122798491775,1.1686163950892738,0.1072,22.8872,UNMATCHED,0.3333333333333333,20468,True,0.05131561616063415,0.107204081108825,False,True,1,Jan–Apr,False,"[+0.10,+0.20)"
PUMPUSDT,1768482300000,1768482312307,1,0.0846867609854604,0.0846867609854601,0.1054,22.6799,UNMATCHED,0.3333333333333333,20468,True,0.05131561616063415,0.107204081108825,False,True,1,Jan–Apr,False,"[+0.10,+0.20)"
PUMPUSDT,1768482600000,1768482779401,1,0.9829169969662336,1.5793910895372425,0.1043,23.4821,UNMATCHED,0.3333333333333333,20468,True,0.05131561616063415,0.107204081108825,False,True,1,Jan–Apr,False,"[+0.10,+0.20)"
PUMPUSDT,1769134500000,1769134530328,1,-0.7021978290677322,-0.7299635637269763,0.0806,23.1384,UNMATCHED,0.3333333333333333,20476,True,0.041978659435289056,0.04296520795460211,False,False,1,Jan–Apr,False,"[+0.05,+0.10)"
PUMPUSDT,1769478300000,1769478497962,1,0.970627041953644,0.9706270419536456,0.1664,25.3668,UNMATCHED,0.3333333333333333,20480,True,0.04656388166776081,0.1264084675536356,False,True,1,Jan–Apr,False,"[+0.10,+0.20)"
PUMPUSDT,1769478600000,1769478639608,2,0.9986007464554664,1.1952418663026874,0.1676,27.0626,UNMATCHED,0.6666666666666666,20480,True,0.04656388166776081,0.1264084675536356,False,True,1,Jan–Apr,False,"[+0.10,+0.20)"
PUMPUSDT,1770741000000,1770741169945,2,0.5213644724858293,0.4701070166946633,-0.11815,21.9691,UNMATCHED,0.6666666666666666,20494,False,-0.0023415073132006243,-0.18701211984628177,True,True,2,Jan–Apr,True,"(−0.20,−0.10]"
PUMPUSDT,1771346100000,1771346206742,1,0.0879260132225417,0.0876201955922188,-0.3243,24.295,UNMATCHED,0.3333333333333333,20501,False,-0.10703477462167298,-0.32508884164711344,True,True,2,Jan–Apr,False,≤−0.20
PUMPUSDT,1772423400000,1772423440662,1,-0.7996250376047443,-0.9010000429768548,0.1585,23.4812,UNMATCHED,0.3333333333333333,20514,True,0.010098499884138622,0.11571550500590468,False,False,3,Jan–Apr,False,"[+0.10,+0.20)"
PUMPUSDT,1772779500000,1772779548819,1,1.2065775467721271,0.9811171147191596,-0.3294,24.2763,UNMATCHED,0.3333333333333333,20518,False,-0.13083673142967742,-0.3034952687249402,True,True,3,Jan–Apr,False,≤−0.20
PUMPUSDT,1772963100000,1772963194291,2,0.5396426049533041,0.6453489116360646,0.050699999999999995,38.5429,NONEXP_CALM3D,0.6666666666666666,20520,True,0.01814840099175834,-0.03212380052007296,False,True,3,Jan–Apr,False,"[+0.05,+0.10)"
PUMPUSDT,1772963400000,1772963444430,1,0.513867526142773,0.2223617613493226,0.0491,38.496,NONEXP_CALM3D,0.3333333333333333,20520,True,0.01814840099175834,-0.03212380052007296,False,True,3,Jan–Apr,False,"[+0.025,+0.05)"
PUMPUSDT,1773060300000,1773060373808,1,1.1914722168558405,1.1921236773287531,0.2366,20.712,UNMATCHED,0.3333333333333333,20521,True,0.06857810052656571,0.2388343754768956,False,True,3,Jan–Apr,False,≥+0.20
PUMPUSDT,1773806100000,1773806174014,2,-0.7086940139152872,-0.6980494326591582,0.03845,36.99845,NONEXP_CALM3D,0.6666666666666666,20530,True,0.01865930984369078,-0.047267327624194076,False,False,3,Jan–Apr,False,"[+0.025,+0.05)"
PUMPUSDT,1774186200000,1774186251859,1,-0.7032255172511857,-0.7042467766125862,-0.3205,35.7686,UNMATCHED,0.3333333333333333,20534,False,-0.09230172637327791,-0.37854418563794273,True,False,3,Jan–Apr,False,≤−0.20
PUMPUSDT,1774834500000,1774834586558,2,0.0545276520320356,0.204680900865139,-0.06395,20.24185,UNMATCHED,0.6666666666666666,20542,False,-0.027908338534903866,-0.2083167028766317,True,True,3,Jan–Apr,False,"(−0.10,−0.05]"
PUMPUSDT,1775577600000,1775577842524,1,0.0537706027958623,0.0850538718186498,-0.2272,16.377,ADX_SURGE_OPEN,0.3333333333333333,20550,False,-0.06763980284786068,-0.2643447760363953,True,True,4,Jan–Apr,False,≤−0.20
PUMPUSDT,1775577900000,1775577904652,1,0.0537706027958623,0.0849517392612054,-0.2293,16.377,ADX_SURGE_OPEN,0.3333333333333333,20550,False,-0.06763980284786068,-0.2643447760363953,True,True,4,Jan–Apr,False,≤−0.20
PUMPUSDT,1775626200000,1775626496678,1,-0.7234956201392088,-0.750858137120066,0.6161,27.2736,UNMATCHED,0.3333333333333333,20551,True,0.20413621993242181,0.6219868565941795,False,False,4,Jan–Apr,False,≥+0.20
PUMPUSDT,1776428700000,1776428763760,3,0.6715875700309532,0.0593363021947165,0.20886666666666667,23.557566666666663,UNMATCHED,1.0,20560,True,0.07348835862010519,0.22684947599965408,False,True,4,Jan–Apr,False,≥+0.20
PUMPUSDT,1777944300000,1777944387059,2,0.3732492319626511,0.2370090339305655,0.11635000000000001,28.7103,UNMATCHED,0.6666666666666666,20578,True,0.048206090250379564,0.10369771201675021,False,True,5,May–Oct,False,"[+0.10,+0.20)"
PUMPUSDT,1779133200000,1779133228582,2,0.2348280708564044,0.205377551341248,-0.1773,24.6625,UNMATCHED,0.6666666666666666,20591,False,-0.10023921342818219,-0.24049396933767164,True,True,5,May–Oct,True,"(−0.20,−0.10]"
PUMPUSDT,1779286800000,1779286994678,1,0.3687690488995112,0.0822385329235319,0.1109,18.6697,UNMATCHED,0.3333333333333333,20593,True,0.0058941027894891685,0.10632026432781128,False,True,5,May–Oct,False,"[+0.10,+0.20)"
PUMPUSDT,1779351900000,1779351984504,2,-0.7195900255382084,-0.7056224797728341,0.0641,34.134,UNMATCHED,0.6666666666666666,20594,True,0.029095462176333842,0.052008505471780334,False,False,5,May–Oct,False,"[+0.05,+0.10)"
PUMPUSDT,1780435200000,1780435254457,2,0.6619570274441029,0.4416795924142687,-0.63135,18.446649999999998,UNMATCHED,0.6666666666666666,20606,False,-0.20576774403389214,-0.7480437571666662,True,True,6,May–Oct,False,≤−0.20
PUMPUSDT,1780846200000,1780846411153,2,0.0692158217360954,-0.8167030661395245,0.0531,22.7829,UNMATCHED,0.6666666666666666,20611,True,0.019912481653868445,0.02911296316401963,False,False,6,May–Oct,False,"[+0.05,+0.10)"
PUMPUSDT,1781314200000,1781314266692,1,0.0686100396390808,0.0414266130773414,0.03,22.8776,UNMATCHED,0.3333333333333333,20617,True,0.00969616109196707,0.012263848093331671,False,True,6,May–Oct,False,"[+0.025,+0.05)"
PUMPUSDT,1781504100000,1781504273353,2,-0.2942360685867305,-0.7135470902886941,0.3772,22.8403,UNMATCHED,0.6666666666666666,20619,True,0.13308523150770518,0.42234267219087523,False,False,6,May–Oct,False,≥+0.20
PUMPUSDT,1781504400000,1781504676443,1,-0.712770078651062,-0.7123822985647102,0.3786,24.3345,UNMATCHED,0.3333333333333333,20619,True,0.13308523150770518,0.42234267219087523,False,False,6,May–Oct,False,≥+0.20
PUMPUSDT,1781741700000,1781741984719,1,-0.696601627553709,0.2474603718231489,-0.289,18.3272,UNMATCHED,0.3333333333333333,20622,False,-0.09449445474647694,-0.38660401322989835,True,True,6,May–Oct,False,≤−0.20
PUMPUSDT,1782487200000,1782487273219,3,0.9666988066894224,0.9478700249883806,0.03316666666666667,21.270333333333333,UNMATCHED,1.0,20630,False,-0.04281714148204484,-0.09872191092301148,True,True,6,May–Oct,False,"[+0.025,+0.05)"
PUMPUSDT,1783089900000,1783090109254,1,1.5422040153176255,1.703746201914028,0.209,24.2157,UNMATCHED,0.3333333333333333,20637,True,0.07795787180195972,0.22144705388671992,False,True,7,May–Oct,False,≥+0.20
PUMPUSDT,1783092000000,1783092219755,1,0.1822874631406149,0.9543912816875832,0.2108,28.3324,UNMATCHED,0.3333333333333333,20637,True,0.07952369803437563,0.22343099270624614,False,True,7,May–Oct,False,≥+0.20
PUMPUSDT,1783140000000,1783140284596,1,-0.8823251422378702,-0.8818423078950399,0.168,22.0205,UNMATCHED,0.3333333333333333,20638,True,0.058576511548540815,0.15134839711834036,False,False,7,May–Oct,False,"[+0.10,+0.20)"
PUMPUSDT,1783140300000,1783140305759,2,-0.8823251422378702,-0.8818423078950399,0.1667,22.0205,UNMATCHED,0.6666666666666666,20638,True,0.058576511548540815,0.15134839711834036,False,False,7,May–Oct,False,"[+0.10,+0.20)"
PUMPUSDT,1783176300000,1783176489695,1,1.1474164836788965,1.1857446561134688,0.0968,35.1026,UNMATCHED,0.3333333333333333,20638,True,0.022363518144321675,0.07027233273848596,False,True,7,May–Oct,False,"[+0.05,+0.10)"
PUMPUSDT,1783334400000,1783334421146,1,-0.802948914349735,-0.831321082599193,-0.1042,26.2567,UNMATCHED,0.3333333333333333,20640,False,-0.06619930653547351,-0.10661169231201817,True,False,7,May–Oct,False,"(−0.20,−0.10]"
PUMPUSDT,1783929000000,1783929224021,2,-1.0519992979079436,-1.0148969089615971,-0.34625,22.8461,UNMATCHED,0.6666666666666666,20647,False,-0.1254377828847809,-0.43035598511414586,True,False,7,May–Oct,False,≤−0.20
PUMPUSDT,1783955700000,1783955842480,1,-1.0167344665144429,-1.0142860080701772,-0.2451,22.6739,UNMATCHED,0.3333333333333333,20647,False,-0.05703416154700803,-0.30323628658959323,True,False,7,May–Oct,False,≤−0.20
PUMPUSDT,1784307900000,1784308064677,1,-0.9993488501563504,-1.02525178830275,0.0807,22.2992,UNMATCHED,0.3333333333333333,20651,True,0.024069497230092208,-0.01025841510205316,False,False,7,May–Oct,False,"[+0.05,+0.10)"
PUMPUSDT,1785621300000,1785621559425,1,-0.7212165339528422,-1.0285408563139702,-0.1425,35.3853,UNMATCHED,0.3333333333333333,20666,False,-0.04784696994358471,-0.19532923678091935,True,False,8,May–Oct,False,"(−0.20,−0.10]"
PUMPUSDT,1785854100000,1785854246544,2,0.0871872689784989,0.1749004258209187,0.07980000000000001,22.684,UNMATCHED,0.6666666666666666,20669,True,0.0014016749132188908,0.08247834933412677,False,True,8,May–Oct,False,"[+0.05,+0.10)"
PUMPUSDT,1786419600000,1786419864452,2,0.1310082904595118,0.1568914417647808,-0.11960000000000001,22.8354,UNMATCHED,0.6666666666666666,20676,False,-0.04530646511138451,-0.14849599771827565,True,True,8,May–Oct,True,"(−0.20,−0.10]"
PUMPUSDT,1786419900000,1786419903116,1,0.0781277476438581,0.1922612466737648,-0.1199,22.8354,UNMATCHED,0.3333333333333333,20676,False,-0.04530646511138451,-0.14849599771827565,True,True,8,May–Oct,True,"(−0.20,−0.10]"
PUMPUSDT,1786498800000,1786499013051,2,0.091671709522587,0.0917377484514702,-0.0621,23.5685,UNMATCHED,0.6666666666666666,20677,False,-0.014498282116638879,-0.08704006325718126,True,True,8,May–Oct,False,"(−0.10,−0.05]"
PUMPUSDT,1787144100000,1787144169441,3,0.6726331729700507,0.9758317383930024,0.08303333333333333,35.3186,NONEXP_CALM3D,1.0,20684,True,0.013864415718478495,0.022553673796327382,False,True,8,May–Oct,False,"[+0.05,+0.10)"
PUMPUSDT,1787172600000,1787172682472,1,-0.9998222718804164,0.0985957756906561,1.1617,25.5938,UNMATCHED,0.3333333333333333,20684,True,0.3545810627199757,1.1899363309854467,False,True,8,May–Oct,False,≥+0.20
PUMPUSDT,1788030300000,1788030384136,3,-0.4718184313826781,-0.7897013296226134,0.09873333333333334,31.510233333333332,NONEXP_CALM3D,1.0,20694,True,0.031327059883364455,0.07934367572872332,False,False,8,May–Oct,False,"[+0.05,+0.10)"
PUMPUSDT,1789466100000,1789466103508,1,-0.6971985266167474,-0.6969629245327306,-0.3302,30.9531,UNMATCHED,0.3333333333333333,20711,False,-0.11025406231197717,-0.3335034966413169,True,False,9,May–Oct,False,≤−0.20
PUMPUSDT,1789650600000,1789650618932,1,0.0866061630190648,0.0866389883688053,0.1191,35.7378,UNMATCHED,0.3333333333333333,20713,True,0.05344135988888659,0.09619190383363252,False,True,9,May–Oct,False,"[+0.10,+0.20)"
PUMPUSDT,1789698000000,1789698184950,3,0.9988649787853416,0.997538793016104,0.07656666666666667,35.6215,NONEXP_CALM3D,1.0,20714,True,0.030600147753120775,0.0351781835182738,False,True,9,May–Oct,False,"[+0.05,+0.10)"
PUMPUSDT,1789728600000,1789728665846,1,-0.996942311642342,-0.9991071270718797,0.4429,32.1161,NONEXP_CALM3D,0.3333333333333333,20714,True,0.13568613800328383,0.4145209217730439,False,False,9,May–Oct,False,≥+0.20
PUNDIXUSDT,1780267500000,1780267766249,2,0.360745752976054,0.4664638980233915,0.0327,30.4537,NONEXP_CALM3D,0.6666666666666666,20604,True,0.01448633646931948,-0.02368339151444576,False,True,5,May–Oct,False,"[+0.025,+0.05)"
PUNDIXUSDT,1780267800000,1780267821708,1,0.4305550204863071,0.0494096137014221,0.0287,30.4537,NONEXP_CALM3D,0.3333333333333333,20604,True,0.01448633646931948,-0.02368339151444576,False,True,5,May–Oct,False,"[+0.025,+0.05)"
PYTHUSDT,1783407900000,1783408018432,3,-0.8084190211740162,-0.8254490461678554,-0.07133333333333335,24.938,UNMATCHED,1.0,20641,False,-0.01270977485089779,-0.12202685388673863,True,False,7,May–Oct,False,"(−0.10,−0.05]"
RAYSOLUSDT,1788954900000,1788954948317,2,0.0950129801333773,0.0931316413059043,0.055999999999999994,26.620350000000002,UNMATCHED,0.6666666666666666,20705,True,0.001476580770762161,0.11341682184123925,False,True,9,May–Oct,False,"[+0.05,+0.10)"
RAYSOLUSDT,1788955200000,1788955219263,1,0.0968200069585398,0.0928524595377631,0.0592,26.8088,UNMATCHED,0.3333333333333333,20705,True,0.04929561806932154,0.056762498814938,False,True,9,May–Oct,False,"[+0.05,+0.10)"
REDUSDT,1776284100000,1776284149623,1,-0.7238313327477437,-0.724233516795999,0.2048,36.8587,UNMATCHED,0.3333333333333333,20558,True,0.10978135407241545,0.15197680206375813,False,False,4,Jan–Apr,False,≥+0.20
RENDERUSDT,1767502200000,1767502233845,1,-1.2031682548351987,-1.2307922425722386,0.2712,25.006,UNMATCHED,0.3333333333333333,20457,True,0.08329397399765795,0.26769512425331643,False,False,1,Jan–Apr,False,≥+0.20
RENDERUSDT,1767730800000,1767730801652,2,0.3023096534544383,0.2401624932914119,-0.3126,21.9856,UNMATCHED,0.6666666666666666,20459,False,-0.1160801565214349,-0.4451528289934307,True,True,1,Jan–Apr,False,≤−0.20
RESOLVUSDT,1782036600000,1782036616566,1,1.1978969635092576,1.1708937775371655,0.0368,36.1186,NONEXP_CALM3D,0.3333333333333333,20625,True,0.021503996378621684,0.03179126325191274,False,True,6,May–Oct,False,"[+0.025,+0.05)"
REZUSDT,1773706200000,1773706302560,2,0.0922257413423625,0.0917377484514702,0.49305,21.4365,UNMATCHED,0.6666666666666666,20529,True,0.15130271613912327,0.42301752262871795,False,True,3,Jan–Apr,False,≥+0.20
RIFUSDT,1781372700000,1781372803967,1,0.0936395722727951,0.0967739488933313,0.1339,24.5532,UNMATCHED,0.3333333333333333,20617,True,0.025437148197955256,0.16599635688520042,False,True,6,May–Oct,False,"[+0.10,+0.20)"
RIFUSDT,1785220500000,1785220557825,1,-1.196896311899771,0.0946970997803996,-0.3338,23.3844,UNMATCHED,0.3333333333333333,20662,False,-0.11160832137147565,-0.40046971850990914,True,True,7,May–Oct,False,≤−0.20
ROSEUSDT,1769583300000,1769583390392,3,-1.2305961458550267,-1.2171448304497243,0.11506666666666666,20.3895,UNMATCHED,1.0,20481,True,0.032929036967450455,0.09935985083859604,False,False,1,Jan–Apr,False,"[+0.10,+0.20)"
ROSEUSDT,1769800500000,1769800566189,3,1.0511804192168015,0.997492549199068,0.09423333333333334,24.6912,UNMATCHED,1.0,20483,True,0.06143821849146508,-0.031092289279694818,False,True,1,Jan–Apr,False,"[+0.05,+0.10)"
RPLUSDT,1771546800000,1771547088575,1,0.0895306927788718,0.0886589359244134,0.1069,22.8263,UNMATCHED,0.3333333333333333,20504,True,0.031376239756665335,0.07457419380868316,False,True,2,Jan–Apr,False,"[+0.10,+0.20)"
SAGAUSDT,1779774900000,1779774989200,2,0.0712253302457837,0.0891321847133108,-0.13790000000000002,25.031,UNMATCHED,0.6666666666666666,20599,False,-0.047520481506632545,-0.181237864827272,True,True,5,May–Oct,False,"(−0.20,−0.10]"
SAGAUSDT,1782089100000,1782089139849,1,0.0995465377524726,0.09896109641847,-0.1679,28.3093,UNMATCHED,0.3333333333333333,20626,False,-0.11300046096140658,-0.20192630634447234,True,True,6,May–Oct,False,"(−0.20,−0.10]"
SAHARAUSDT,1773102300000,1773102549975,3,0.3897703153507322,0.068778559756647,0.15633333333333332,35.2086,UNMATCHED,1.0,20522,True,0.01828807948432885,0.17203410473705863,False,True,3,Jan–Apr,False,"[+0.10,+0.20)"
SAHARAUSDT,1773566400000,1773566407649,1,-0.7049843080934224,-0.7049843080934202,0.2197,27.6015,UNMATCHED,0.3333333333333333,20527,True,0.07736850827047992,0.17968047548275112,False,False,3,Jan–Apr,False,≥+0.20
SAHARAUSDT,1774535400000,1774535537218,1,0.0915335909233564,0.1364823440516623,-0.2834,19.1077,UNMATCHED,0.3333333333333333,20538,False,-0.08750894735823272,-0.38081718255573926,True,True,3,Jan–Apr,False,≤−0.20
SANDUSDT,1768987500000,1768987669903,1,0.0938834158302679,0.9976579410149472,-0.172,24.6138,UNMATCHED,0.3333333333333333,20474,False,-0.06594368810337436,-0.162606891991979,True,True,1,Jan–Apr,True,"(−0.20,−0.10]"
SANDUSDT,1768987800000,1768987950169,1,0.9976579410149512,0.0999434812652446,-0.1703,23.1372,UNMATCHED,0.3333333333333333,20474,False,-0.06594368810337436,-0.162606891991979,True,True,1,Jan–Apr,True,"(−0.20,−0.10]"
SEIUSDT,1767709800000,1767710081703,1,-0.7254516462156047,-0.7603392612266744,0.1014,29.6079,NONEXP_CALM3D,0.3333333333333333,20459,True,0.01363600632123927,0.07675848494466149,False,False,1,Jan–Apr,False,"[+0.10,+0.20)"
SENTUSDT,1772878500000,1772878771894,1,-1.204410385923897,-1.1942480751459998,-0.2207,24.3108,UNMATCHED,0.3333333333333333,20519,False,-0.06436538290159464,-0.2714112998166157,True,False,3,Jan–Apr,False,≤−0.20
SIGNUSDT,1774074300000,1774074574012,3,0.203032288993263,0.1024252097198937,0.11306666666666666,33.8416,UNMATCHED,1.0,20533,True,0.03728515523940998,0.10747051844631873,False,True,3,Jan–Apr,False,"[+0.10,+0.20)"
SIGNUSDT,1774535400000,1774535615716,1,0.8772284385047531,0.0972385993095209,-0.2851,19.1742,UNMATCHED,0.3333333333333333,20538,False,-0.08750894735823272,-0.38081718255573926,True,True,3,Jan–Apr,False,≤−0.20
SKLUSDT,1784534100000,1784534371572,1,-0.7093103250892633,0.0837987118323513,-0.1983,31.0267,UNMATCHED,0.3333333333333333,20654,False,-0.09586851387429737,-0.17611066720502522,True,True,7,May–Oct,False,"(−0.20,−0.10]"
SKLUSDT,1784534400000,1784534576048,1,-0.7093103250892633,-0.7339171927085434,-0.1541,29.569,UNMATCHED,0.3333333333333333,20654,False,-0.03288919598083619,-0.1978912644534096,True,False,7,May–Oct,False,"(−0.20,−0.10]"
SKYAIUSDT,1778831100000,1778831135689,1,0.0955697838490196,0.994484079495901,-0.0959,28.2822,UNMATCHED,0.3333333333333333,20588,False,-0.03199276520704924,-0.11960398192618021,True,True,5,May–Oct,False,"(−0.10,−0.05]"
SKYAIUSDT,1778942400000,1778942581769,3,0.0976692241636019,0.0999116247441176,-0.25989999999999996,23.142633333333333,UNMATCHED,1.0,20589,False,-0.09373591366263787,-0.3020432677078071,True,True,5,May–Oct,False,≤−0.20
SKYAIUSDT,1783679400000,1783679527704,1,-0.6595854627089766,0.0730574393581817,0.3663,27.0703,UNMATCHED,0.3333333333333333,20644,True,0.1252203599671126,0.32850361805036205,False,True,7,May–Oct,False,≥+0.20
SKYAIUSDT,1786026600000,1786026889454,1,0.0911684875546223,-1.1944723707486216,-0.0764,22.1649,UNMATCHED,0.3333333333333333,20671,False,-0.028911438616660422,-0.06790637938385675,True,False,8,May–Oct,False,"(−0.10,−0.05]"
SKYAIUSDT,1786026900000,1786026900464,1,0.9040897234221668,0.0908843580676001,-0.0753,22.1649,UNMATCHED,0.3333333333333333,20671,False,-0.028911438616660422,-0.06790637938385675,True,True,8,May–Oct,False,"(−0.10,−0.05]"
SNXUSDT,1771800900000,1771800917296,1,1.1142759841606755,1.1142759841606753,-0.0778,23.8568,UNMATCHED,0.3333333333333333,20506,False,-0.02029386240389054,-0.12886101418326143,True,True,2,Jan–Apr,False,"(−0.10,−0.05]"
SOONUSDT,1785292800000,1785292862281,2,-1.2077920697528048,0.0893213405805657,0.0535,18.3073,UNMATCHED,0.6666666666666666,20663,False,-0.016873693660755452,0.025135681167578947,True,True,7,May–Oct,False,"[+0.05,+0.10)"
STEEMUSDT,1771450800000,1771450903616,1,-0.7018955711368473,-0.7026677288926249,-0.4427,20.4286,UNMATCHED,0.3333333333333333,20502,False,-0.15346980889098133,-0.5014437200507318,True,False,2,Jan–Apr,False,≤−0.20
STOUSDT,1774907700000,1774907723533,1,0.09882549418144,0.0989842749436787,-0.2005,24.713,UNMATCHED,0.3333333333333333,20542,False,-0.0721528271177131,-0.2540227746483995,True,True,3,Jan–Apr,False,≤−0.20
STOUSDT,1774956900000,1774956966376,1,-0.7471360862075849,-0.8791458023964803,-0.3218,39.4984,UNMATCHED,0.3333333333333333,20543,False,-0.11674922662177283,-0.3575363894867755,True,False,3,Jan–Apr,False,≤−0.20
STOUSDT,1776217200000,1776217201012,1,0.0945370674932278,0.0922339825635271,0.0555,19.6688,UNMATCHED,0.3333333333333333,20558,True,0.04031883851960225,-0.0056875869335047315,False,True,4,Jan–Apr,False,"[+0.05,+0.10)"
STXUSDT,1787555700000,1787555913692,2,0.2578548580769844,0.295265661215889,0.0708,21.4502,UNMATCHED,0.6666666666666666,20689,True,0.03092494188901776,-0.02153667409843621,False,True,8,May–Oct,False,"[+0.05,+0.10)"
STXUSDT,1787556000000,1787556001680,1,0.2793134189282777,0.9815577317441998,0.0704,21.4502,UNMATCHED,0.3333333333333333,20689,True,0.03092494188901776,-0.02153667409843621,False,True,8,May–Oct,False,"[+0.05,+0.10)"
SUIUSDT,1767626400000,1767626493826,1,0.9982054923222629,1.212445617276395,0.2602,19.478,UNMATCHED,0.3333333333333333,20458,True,0.10697168003187983,0.21119738467863064,False,True,1,Jan–Apr,False,≥+0.20
SUIUSDT,1770431100000,1770431192790,2,-0.7435324731529072,-0.780225849682222,0.6022000000000001,21.1003,UNMATCHED,0.6666666666666666,20491,True,0.2175589502985823,0.6741878185035984,False,False,2,Jan–Apr,False,≥+0.20
SUIUSDT,1771613700000,1771613972956,1,-1.0174238330467933,-1.0242562567081526,0.1688,26.8358,UNMATCHED,0.3333333333333333,20504,True,0.030393209536674914,0.12748002263364364,False,False,2,Jan–Apr,False,"[+0.10,+0.20)"
SUIUSDT,1772649900000,1772650038552,1,0.6758108384835544,0.9897622213130272,1.1916,21.0743,UNMATCHED,0.3333333333333333,20516,True,0.3605466331035843,1.294253163622236,False,True,3,Jan–Apr,False,≥+0.20
SUIUSDT,1773060000000,1773060213379,1,0.3425212058806592,0.469819545728309,0.2504,20.712,UNMATCHED,0.3333333333333333,20521,True,0.06857810052656571,0.2388343754768956,False,True,3,Jan–Apr,False,≥+0.20
SUIUSDT,1773060300000,1773060321488,1,0.4367744557705779,0.4919620256935681,0.2366,20.712,UNMATCHED,0.3333333333333333,20521,True,0.06857810052656571,0.2388343754768956,False,True,3,Jan–Apr,False,≥+0.20
SUIUSDT,1773248700000,1773248909445,2,0.3070499529167027,0.1743996910673568,0.2696,19.5393,UNMATCHED,0.6666666666666666,20523,True,0.09170464852170898,0.24947787746181171,False,True,3,Jan–Apr,False,≥+0.20
SUIUSDT,1775799900000,1775799948119,3,0.6071501735369303,0.5820594750681701,0.10346666666666667,31.071766666666665,NONEXP_CALM3D,1.0,20553,True,0.04395388284306464,0.08232261252836963,False,True,4,Jan–Apr,False,"[+0.10,+0.20)"
SUIUSDT,1778040600000,1778040638310,1,-0.6900565704998858,-0.6970124000589013,0.1305,29.7548,NONEXP_CALM3D,0.3333333333333333,20579,True,0.0526322660648415,0.126227984618391,False,False,5,May–Oct,False,"[+0.10,+0.20)"
SUIUSDT,1779267000000,1779267135179,2,-0.6937856925584388,-0.6936717051349206,0.18275000000000002,31.89985,NONEXP_CALM3D,0.6666666666666666,20593,True,0.04645955201318083,0.16428915702846458,False,False,5,May–Oct,False,"[+0.10,+0.20)"
SUIUSDT,1779420300000,1779420414629,1,0.188778442722368,0.3424681732482525,0.0541,29.9666,UNMATCHED,0.3333333333333333,20595,True,0.017191233692559104,0.00869326352972099,False,True,5,May–Oct,False,"[+0.05,+0.10)"
SUIUSDT,1780035900000,1780036019191,3,-0.6962501981337631,-0.6927907704975417,0.031166666666666665,30.22023333333333,NONEXP_CALM3D,1.0,20602,True,0.015861822943232393,-0.034594340747419856,False,False,5,May–Oct,False,"[+0.025,+0.05)"
SUIUSDT,1780189200000,1780189203363,2,0.2433765447511112,0.1505663993206166,0.04425,26.2079,UNMATCHED,0.6666666666666666,20604,True,0.026780253016122416,0.044241086622581346,False,True,5,May–Oct,False,"[+0.025,+0.05)"
SUIUSDT,1780357200000,1780357324137,1,-0.6983545098705276,-0.6917948998248546,-0.3267,22.7753,UNMATCHED,0.3333333333333333,20605,False,-0.09968137425069054,-0.3808160479855528,True,False,6,May–Oct,False,≤−0.20
SUIUSDT,1780370700000,1780370805825,2,0.1125200477119646,0.0933368613478315,-0.4004,21.6616,UNMATCHED,0.6666666666666666,20606,False,-0.1313020642527223,-0.39752428414491375,True,True,6,May–Oct,False,≤−0.20
SUIUSDT,1780747500000,1780747641100,2,-0.8438551654404534,-0.799906997280534,-0.1553,19.391599999999997,UNMATCHED,0.6666666666666666,20610,False,-0.0493685963184204,-0.1731693799492989,True,False,6,May–Oct,True,"(−0.20,−0.10]"
SUIUSDT,1781135700000,1781135734474,1,0.5969531956224062,0.5424509598069456,-0.1798,21.8616,UNMATCHED,0.3333333333333333,20614,False,-0.0671074905497624,-0.15540790928139067,True,True,6,May–Oct,True,"(−0.20,−0.10]"
SUIUSDT,1781167200000,1781167276732,2,-0.7009694812885259,-0.7019135617622808,0.3205,28.35595,NONEXP_CALM3D,0.6666666666666666,20615,True,0.09192659721949757,0.2981625136739648,False,False,6,May–Oct,False,≥+0.20
SUIUSDT,1781167800000,1781167877718,1,-0.7004512080346934,-0.7011002899666221,0.3239,28.4128,NONEXP_CALM3D,0.3333333333333333,20615,True,0.09192659721949757,0.2981625136739648,False,False,6,May–Oct,False,≥+0.20
SUIUSDT,1782177000000,1782177185177,2,-0.6992596913205833,-0.699061729972561,-0.11280000000000001,28.6599,UNMATCHED,0.6666666666666666,20627,False,-0.034829454002868514,-0.16655888133615598,True,False,6,May–Oct,False,"(−0.20,−0.10]"
SUIUSDT,1782329700000,1782329819192,2,0.6426075554461229,0.9940490734581452,-0.9968,30.0779,UNMATCHED,0.6666666666666666,20628,False,-0.3485410551307461,-1.1080496198259537,True,True,6,May–Oct,False,≤−0.20
SUIUSDT,1782493800000,1782493856916,1,-0.7060331286312101,0.2970849413208015,0.1587,20.9798,UNMATCHED,0.3333333333333333,20630,True,0.025447636591096282,0.06015636144965952,False,True,6,May–Oct,False,"[+0.10,+0.20)"
SUIUSDT,1782912600000,1782912786489,1,0.0937166297397698,0.2379967733214792,-0.112,31.3114,UNMATCHED,0.3333333333333333,20635,False,-0.06034404284488507,-0.15579363212888284,True,True,7,May–Oct,False,"(−0.20,−0.10]"
SUIUSDT,1787287500000,1787287584319,1,0.5231375606717115,0.3893367988772332,0.8816,21.9201,UNMATCHED,0.3333333333333333,20686,True,0.26979687150220333,1.0096764875078736,False,True,8,May–Oct,False,≥+0.20
SUIUSDT,1788222600000,1788222783212,1,0.2651252650773585,0.1700879584821294,0.0374,30.5272,NONEXP_CALM3D,0.3333333333333333,20697,True,0.0031462270505119142,0.06317426449409244,False,True,9,May–Oct,False,"[+0.025,+0.05)"
SUIUSDT,1788242400000,1788242480467,3,-0.7022899262141489,-0.7021321441011241,0.15496666666666667,38.95283333333333,NONEXP_CALM3D,1.0,20697,True,0.07333457091659666,0.1122108722362678,False,False,9,May–Oct,False,"[+0.10,+0.20)"
SUIUSDT,1788351900000,1788351959760,1,-0.6923498356071776,-0.6909596256041642,-0.2067,28.6657,UNMATCHED,0.3333333333333333,20698,False,-0.0691559858661218,-0.2601860835065466,True,False,9,May–Oct,False,≤−0.20
SUIUSDT,1788956700000,1788956822220,3,0.4014273265010994,0.0943747529910724,0.10483333333333333,28.8073,UNMATCHED,1.0,20705,True,0.04929561806932154,0.056762498814938,False,True,9,May–Oct,False,"[+0.10,+0.20)"
SUIUSDT,1790266800000,1790267097518,1,0.0957053208229484,0.0988339157484094,0.0331,21.9373,UNMATCHED,0.3333333333333333,20720,True,0.03545428677912548,-0.004592125123997902,False,True,9,May–Oct,False,"[+0.025,+0.05)"
SUIUSDT,1790707500000,1790707747040,1,0.2765063593204365,0.4068541956169674,-0.1427,26.2208,UNMATCHED,0.3333333333333333,20725,False,-0.06708265236283771,-0.2244266183009852,True,True,9,May–Oct,False,"(−0.20,−0.10]"
SUIUSDT,1790708700000,1790708710878,1,0.092113982113436,0.0921772156508776,-0.0601,28.9357,UNMATCHED,0.3333333333333333,20725,True,0.0048045172308075635,-0.13779732269332798,False,True,9,May–Oct,False,"(−0.10,−0.05]"
SUIUSDT,1790909400000,1790909466147,2,0.3332621797270532,0.3486504390189561,0.19374999999999998,27.63715,UNMATCHED,0.6666666666666666,20728,True,0.060035032594403015,0.18204181776444392,False,True,10,May–Oct,False,"[+0.10,+0.20)"
SUPERUSDT,1775580000000,1775580122182,2,0.0315514934066404,0.0820424990863069,-0.22255,27.3703,UNMATCHED,0.6666666666666666,20550,False,-0.06763980284786068,-0.2643447760363953,True,True,4,Jan–Apr,False,≤−0.20
SXTUSDT,1784106000000,1784106040796,3,0.9957777882736482,0.99732686318328,0.1221,20.6335,UNMATCHED,1.0,20649,True,0.05225076302946064,0.1421989207221404,False,True,7,May–Oct,False,"[+0.10,+0.20)"
SYRUPUSDT,1782649800000,1782649914676,1,0.9939430331690876,-1.103429036516131,0.0369,22.4387,UNMATCHED,0.3333333333333333,20632,True,0.018352827113418017,0.012236919635352886,False,False,6,May–Oct,False,"[+0.025,+0.05)"
TAOUSDT,1767536100000,1767536147886,1,-0.7274250627977162,-0.9926104283241632,0.0746,25.9314,UNMATCHED,0.3333333333333333,20457,True,0.025489795507826894,0.07239529087482234,False,False,1,Jan–Apr,False,"[+0.05,+0.10)"
TAOUSDT,1767785100000,1767785119953,2,-0.6906798225887584,-0.6929991618396772,-0.2613,30.8736,UNMATCHED,0.6666666666666666,20460,False,-0.08500280542425648,-0.2257689180764372,True,False,1,Jan–Apr,False,≤−0.20
TAOUSDT,1768458000000,1768458108688,2,-0.7163570698705144,0.2260444255675268,0.048100000000000004,20.4597,UNMATCHED,0.6666666666666666,20468,True,0.016431366817077523,-0.004218427884763166,False,True,1,Jan–Apr,False,"[+0.025,+0.05)"
TAOUSDT,1770812700000,1770812768812,2,-0.7110888727087596,-0.6912834797382982,-0.4202,22.1314,UNMATCHED,0.6666666666666666,20495,False,-0.1304648091593027,-0.5414788975472221,True,False,2,Jan–Apr,False,≤−0.20
TAOUSDT,1770948600000,1770948728188,1,0.1488254240845894,0.1862560573459048,-0.118,19.6761,UNMATCHED,0.3333333333333333,20497,False,-0.013841621527327031,-0.16904670922009307,True,True,2,Jan–Apr,True,"(−0.20,−0.10]"
TAOUSDT,1770949800000,1770949873804,2,0.1132138349439044,0.0960241147023669,-0.11685000000000001,20.4555,UNMATCHED,0.6666666666666666,20497,False,-0.013841621527327031,-0.16904670922009307,True,True,2,Jan–Apr,True,"(−0.20,−0.10]"
TAOUSDT,1771201200000,1771201414374,1,0.1912253419058766,0.2673321838962769,-0.1282,20.2323,UNMATCHED,0.3333333333333333,20500,False,-0.053029693524210914,-0.145669945113681,True,True,2,Jan–Apr,True,"(−0.20,−0.10]"
TAOUSDT,1771329900000,1771330170570,2,0.3111086090490049,0.2919847205221992,-0.18814999999999998,35.8854,UNMATCHED,0.6666666666666666,20501,False,-0.07540067899069874,-0.20853916058441238,True,True,2,Jan–Apr,False,"(−0.20,−0.10]"
TAOUSDT,1771330200000,1771330236794,1,0.099296369925442,0.2919847205221992,-0.1913,35.8854,UNMATCHED,0.3333333333333333,20501,False,-0.07540067899069874,-0.20853916058441238,True,True,2,Jan–Apr,False,"(−0.20,−0.10]"
TAOUSDT,1771684200000,1771684251732,2,-0.2976582696159207,-0.6912199646831764,0.1646,35.301,NONEXP_CALM3D,0.6666666666666666,20505,True,0.04890231940732479,0.13032562731029204,False,False,2,Jan–Apr,False,"[+0.10,+0.20)"
TAOUSDT,1772079000000,1772079057353,2,-0.5680102577598336,-0.3012179752274511,0.34055,14.276050000000001,ADX_SURGE_OPEN,0.6666666666666666,20510,True,0.09667516283893243,0.3352995238118211,False,False,2,Jan–Apr,False,≥+0.20
TAOUSDT,1772489100000,1772489333593,2,1.097573058458367,0.095350252063059,0.7438,19.0265,UNMATCHED,0.6666666666666666,20514,True,0.25301719834001263,0.7460930438388922,False,True,3,Jan–Apr,False,≥+0.20
TAOUSDT,1773392100000,1773392213564,3,1.0726181676905922,2.953692651586239,0.3153333333333333,20.701266666666665,UNMATCHED,1.0,20525,True,0.11059716710753523,0.3182221460777951,False,True,3,Jan–Apr,False,≥+0.20
TAOUSDT,1773951000000,1773951112309,1,0.998456215233394,1.1981309602091563,-0.0832,20.2841,UNMATCHED,0.3333333333333333,20531,False,-0.004205038048832167,-0.14943544890480986,True,True,3,Jan–Apr,False,"(−0.10,−0.05]"
TAOUSDT,1776088200000,1776088263255,1,-0.6933245789742833,0.0965078931401276,0.0679,27.3369,UNMATCHED,0.3333333333333333,20556,True,0.00665603123044456,-0.05236794922379927,False,True,4,Jan–Apr,False,"[+0.05,+0.10)"
TAOUSDT,1776759900000,1776760022493,1,0.1323480486893918,0.140351269248233,0.1573,34.1817,NONEXP_CALM3D,0.3333333333333333,20564,True,0.04873782631584929,0.1044258109335844,False,True,4,Jan–Apr,False,"[+0.10,+0.20)"
TAOUSDT,1777492800000,1777493046284,2,0.6789322470619203,0.3885211516700124,-0.37165000000000004,20.832099999999997,UNMATCHED,0.6666666666666666,20572,False,-0.12895690278762678,-0.34448033817234935,True,True,4,Jan–Apr,False,≤−0.20
TAOUSDT,1777930500000,1777930538443,3,0.2809982316687958,0.2724741345177962,0.16443333333333332,22.579333333333334,UNMATCHED,1.0,20577,True,0.03577940827543212,0.16188986757654447,False,True,5,May–Oct,False,"[+0.10,+0.20)"
TAOUSDT,1777983300000,1777983509860,1,-0.6928941019213849,-0.692982247278363,0.195,28.7936,NONEXP_CALM3D,0.3333333333333333,20578,True,0.06919214098244122,0.14978774365842007,False,False,5,May–Oct,False,"[+0.10,+0.20)"
TAOUSDT,1778054700000,1778054792696,2,0.5542988383224088,0.5015976054926806,0.09,22.3476,UNMATCHED,0.6666666666666666,20579,True,0.017688667591871984,0.06589468625545723,False,True,5,May–Oct,False,"[+0.05,+0.10)"
TAOUSDT,1778130900000,1778130995977,2,0.1582910313067831,0.1199875281343095,-0.13245,22.7824,UNMATCHED,0.6666666666666666,20580,False,-0.04440075103450505,-0.14955317554596195,True,True,5,May–Oct,True,"(−0.20,−0.10]"
TAOUSDT,1778131200000,1778131201759,1,0.182575774477601,-0.6926028962282298,-0.1326,22.7824,UNMATCHED,0.3333333333333333,20580,False,-0.04440075103450505,-0.14955317554596195,True,False,5,May–Oct,True,"(−0.20,−0.10]"
TAOUSDT,1779267000000,1779267100189,3,-0.0462753867401468,0.2413659427865518,0.18333333333333335,31.937633333333334,NONEXP_CALM3D,1.0,20593,True,0.04645955201318083,0.16428915702846458,False,True,5,May–Oct,False,"[+0.10,+0.20)"
TAOUSDT,1779419400000,1779419470896,3,0.2981226750462752,0.2766044685656281,0.05096666666666667,28.290000000000003,NONEXP_CALM3D,1.0,20595,True,0.017191233692559104,0.00869326352972099,False,True,5,May–Oct,False,"[+0.05,+0.10)"
TAOUSDT,1780035900000,1780036027351,3,0.1501637595471553,0.1952963219648675,0.031166666666666665,30.22023333333333,NONEXP_CALM3D,1.0,20602,True,0.015861822943232393,-0.034594340747419856,False,True,5,May–Oct,False,"[+0.025,+0.05)"
TAOUSDT,1780747500000,1780747649260,2,0.5039405848749847,-0.8491055748761129,-0.1553,19.391599999999997,UNMATCHED,0.6666666666666666,20610,False,-0.0493685963184204,-0.1731693799492989,True,False,6,May–Oct,True,"(−0.20,−0.10]"
TAOUSDT,1781314200000,1781314254532,3,0.2118757948395496,0.2091542278705905,0.03133333333333333,22.8776,UNMATCHED,1.0,20617,True,0.00969616109196707,0.012263848093331671,False,True,6,May–Oct,False,"[+0.025,+0.05)"
TAOUSDT,1781582400000,1781582619985,1,-0.834568826117072,-0.7777715809347607,-0.0732,31.0608,UNMATCHED,0.3333333333333333,20620,False,-0.00466814114660094,-0.058465771013393994,True,False,6,May–Oct,False,"(−0.10,−0.05]"
TAOUSDT,1781703600000,1781703722533,1,-0.7355307901262277,0.0980751540503577,-0.2252,24.7762,UNMATCHED,0.3333333333333333,20621,False,-0.0717723219078639,-0.31497247931945316,True,True,6,May–Oct,False,≤−0.20
TAOUSDT,1782913200000,1782913243576,1,0.0962459614965523,0.0960304897925336,-0.1092,30.5652,UNMATCHED,0.3333333333333333,20635,False,-0.06034404284488507,-0.15579363212888284,True,True,7,May–Oct,False,"(−0.20,−0.10]"
TAOUSDT,1783058100000,1783058194993,1,0.213953870985243,0.1109135912284872,0.1007,22.7945,UNMATCHED,0.3333333333333333,20637,True,0.019909063158737715,0.06245735126122624,False,True,7,May–Oct,False,"[+0.10,+0.20)"
TAOUSDT,1783288800000,1783289010853,1,0.1986562542910679,0.4654882142549641,0.0758,30.6854,NONEXP_CALM3D,0.3333333333333333,20639,True,0.04897739948006881,0.04121539205945772,False,True,7,May–Oct,False,"[+0.05,+0.10)"
TAOUSDT,1783289100000,1783289160339,1,0.3201888036750883,0.2921621039470125,0.08,32.2536,NONEXP_CALM3D,0.3333333333333333,20639,True,0.04897739948006881,0.04121539205945772,False,True,7,May–Oct,False,"[+0.05,+0.10)"
TAOUSDT,1783438500000,1783438577333,1,0.0959151658572068,-0.7302268035417987,0.0546,21.7209,UNMATCHED,0.3333333333333333,20641,True,0.034910424270142036,0.009999924663809872,False,False,7,May–Oct,False,"[+0.05,+0.10)"
TAOUSDT,1785318600000,1785318669069,3,-0.4168638868836459,-0.6927582950297284,0.24606666666666666,30.2595,NONEXP_CALM3D,1.0,20663,True,0.06557022719517933,0.249719494499689,False,False,7,May–Oct,False,≥+0.20
TAOUSDT,1786480200000,1786480299189,3,0.3368644876485575,0.3867154164249913,-0.19513333333333335,26.8312,UNMATCHED,1.0,20676,False,-0.06501220232183715,-0.23103268033325114,True,True,8,May–Oct,False,"(−0.20,−0.10]"
TAOUSDT,1786648200000,1786648363934,2,-0.6936458748280266,-0.6911892339627359,-0.1271,22.0326,UNMATCHED,0.6666666666666666,20678,False,-0.04036542675442568,-0.18747411354151064,True,False,8,May–Oct,True,"(−0.20,−0.10]"
TAOUSDT,1788222600000,1788222791373,1,-0.6920547955316254,-0.6934147423810373,0.0374,30.5272,NONEXP_CALM3D,0.3333333333333333,20697,True,0.0031462270505119142,0.06317426449409244,False,False,9,May–Oct,False,"[+0.025,+0.05)"
TAOUSDT,1788222900000,1788222988811,1,-0.6920841193767518,-0.6916247267555035,0.0375,28.1712,NONEXP_CALM3D,0.3333333333333333,20697,True,0.0031462270505119142,0.06317426449409244,False,False,9,May–Oct,False,"[+0.025,+0.05)"
TAOUSDT,1788351600000,1788351807181,2,-0.6929182250617253,-0.6926362606078768,-0.20415,28.6657,UNMATCHED,0.6666666666666666,20698,False,-0.0691559858661218,-0.2601860835065466,True,False,9,May–Oct,False,≤−0.20
TAOUSDT,1788740100000,1788740346171,2,-0.3951663926468673,0.0978712204496505,0.1152,38.3447,UNMATCHED,0.6666666666666666,20703,True,0.05655366175720957,0.09367040359702539,False,True,9,May–Oct,False,"[+0.10,+0.20)"
TAOUSDT,1788740400000,1788740435743,1,0.0977723899622669,-0.890771629642357,0.1063,38.0687,UNMATCHED,0.3333333333333333,20703,True,0.05655366175720957,0.09367040359702539,False,False,9,May–Oct,False,"[+0.10,+0.20)"
TAOUSDT,1788801000000,1788801147348,1,-1.234268017217495,-1.2719541720646097,-0.1927,33.3557,UNMATCHED,0.3333333333333333,20703,False,-0.058831926250239364,-0.20240302365692509,True,False,9,May–Oct,False,"(−0.20,−0.10]"
TAOUSDT,1788940800000,1788941097239,1,0.2952970397528683,0.3566077243996541,0.1819,27.9664,UNMATCHED,0.3333333333333333,20705,True,0.06163582067931905,0.1433103152524405,False,True,9,May–Oct,False,"[+0.10,+0.20)"
TAOUSDT,1789808400000,1789808421372,1,1.4537692542941656,1.197093625160128,0.2359,38.3505,NONEXP_CALM3D,0.3333333333333333,20715,True,0.08980037461646753,0.23733742365053392,False,True,9,May–Oct,False,≥+0.20
TIAUSDT,1779777900000,1779778075128,2,-0.9781153984129808,-1.020794733333544,-0.0839,22.822,UNMATCHED,0.6666666666666666,20599,False,-0.021419196457029777,-0.13241462753304656,True,False,5,May–Oct,False,"(−0.10,−0.05]"
TIAUSDT,1782574500000,1782574579371,2,0.8221704591935175,0.6758307753335763,0.1884,37.5718,NONEXP_CALM3D,0.6666666666666666,20631,True,0.05542876599473178,0.14492911703128092,False,True,6,May–Oct,False,"[+0.10,+0.20)"
TIAUSDT,1783646400000,1783646469990,3,0.5287625896001751,0.9980446853894104,0.1191,21.0311,UNMATCHED,1.0,20644,True,0.024112539900257354,0.1180478882901629,False,True,7,May–Oct,False,"[+0.10,+0.20)"
TIAUSDT,1788801000000,1788801099462,3,-1.5601361843505643,-1.6107589039588206,-0.19283333333333333,33.36846666666667,UNMATCHED,1.0,20703,False,-0.058831926250239364,-0.20240302365692509,True,False,9,May–Oct,False,"(−0.20,−0.10]"
TNSRUSDT,1770973500000,1770973712813,3,1.3293437052761363,1.1982190342930177,0.033800000000000004,26.314833333333336,UNMATCHED,1.0,20497,True,0.03488901002571632,-0.023020411132779736,False,True,2,Jan–Apr,False,"[+0.025,+0.05)"
TNSRUSDT,1775853300000,1775853362025,1,0.0788453856740051,0.1941626327007824,0.3465,21.0387,UNMATCHED,0.3333333333333333,20553,True,0.11774478772809824,0.3608324815697363,False,True,4,Jan–Apr,False,≥+0.20
TNSRUSDT,1775854800000,1775854992387,1,-0.699503799761523,-0.703943261972568,0.3504,20.6628,UNMATCHED,0.3333333333333333,20553,True,0.12235695397039158,0.35646688721451597,False,False,4,Jan–Apr,False,≥+0.20
TONUSDT,1770496200000,1770496260332,3,0.128292016795379,0.101577783236952,0.17923333333333333,22.0904,UNMATCHED,1.0,20491,True,0.049068172923800044,0.1582432399545165,False,True,2,Jan–Apr,False,"[+0.10,+0.20)"
TONUSDT,1779953700000,1779953770100,1,0.0982127386455244,0.0982023142366994,-0.5153,33.9803,UNMATCHED,0.3333333333333333,20601,False,-0.17255493997402974,-0.5978731591608544,True,True,5,May–Oct,False,≤−0.20
TONUSDT,1780260000000,1780260101784,2,0.3245426400664638,0.3164054084614685,-0.074,27.0925,UNMATCHED,0.6666666666666666,20604,False,-0.032970500970698834,-0.07834701492200634,True,True,5,May–Oct,False,"(−0.10,−0.05]"
TONUSDT,1781029200000,1781029258720,1,-0.994026636829335,-0.9242138391112568,-0.3932,19.8857,UNMATCHED,0.3333333333333333,20613,False,-0.12794653819261953,-0.5686633911181178,True,False,6,May–Oct,False,≤−0.20
TRBUSDT,1776429300000,1776429346908,1,-1.1945434241166426,0.099991024719022,0.2062,27.9964,UNMATCHED,0.3333333333333333,20560,True,0.07348835862010519,0.22684947599965408,False,True,4,Jan–Apr,False,≥+0.20
TURBOUSDT,1788000300000,1788000502655,1,0.0927870039248777,0.0950491506774702,-0.1131,21.5007,UNMATCHED,0.3333333333333333,20694,False,-0.04027201087076385,-0.13916758723811357,True,True,8,May–Oct,True,"(−0.20,−0.10]"
UMAUSDT,1771289400000,1771289436712,2,-0.9050670081078158,0.0918662885415811,0.1375,20.9155,UNMATCHED,0.6666666666666666,20501,True,0.054587586642641774,0.12731706655324382,False,True,2,Jan–Apr,False,"[+0.10,+0.20)"
UNIUSDT,1768181100000,1768181150860,1,0.4464145621010593,0.4377996175231191,0.1462,26.7245,UNMATCHED,0.3333333333333333,20465,True,0.049780081459309906,0.04593645442102123,False,True,1,Jan–Apr,False,"[+0.10,+0.20)"
UNIUSDT,1769724300000,1769724305349,2,-0.7266532886144821,-0.7039172200479825,-0.6816,19.148200000000003,UNMATCHED,0.6666666666666666,20482,False,-0.22174506577631786,-0.8192440300813585,True,False,1,Jan–Apr,False,≤−0.20
UNIUSDT,1770176100000,1770176200992,1,0.4204897324558204,0.138441162949895,-0.1204,20.0747,UNMATCHED,0.3333333333333333,20488,False,-0.0849356483826663,-0.21679854631521048,True,True,2,Jan–Apr,True,"(−0.20,−0.10]"
UNIUSDT,1770740100000,1770740138137,2,-0.3567307378172849,-0.7982777436297139,-0.07214999999999999,22.02395,UNMATCHED,0.6666666666666666,20494,False,-0.0023415073132006243,-0.18701211984628177,True,False,2,Jan–Apr,False,"(−0.10,−0.05]"
UNIUSDT,1770948600000,1770948788099,2,-0.6132081523539463,-0.4573716232828889,-0.11499999999999999,19.67805,UNMATCHED,0.6666666666666666,20497,False,-0.013841621527327031,-0.16904670922009307,True,False,2,Jan–Apr,True,"(−0.20,−0.10]"
UNIUSDT,1770949800000,1770950072176,1,-0.7346556683559575,-0.699666991998835,-0.108,20.313,UNMATCHED,0.3333333333333333,20497,False,-0.013841621527327031,-0.16904670922009307,True,False,2,Jan–Apr,True,"(−0.20,−0.10]"
UNIUSDT,1771189800000,1771189865097,2,0.0837352957130656,0.0837352871317541,-0.36260000000000003,27.0437,UNMATCHED,0.6666666666666666,20499,False,-0.1268101768303306,-0.4412138712379594,True,True,2,Jan–Apr,False,≤−0.20
UNIUSDT,1771334700000,1771334772862,2,-0.7088680524348503,-0.7085702936760159,-0.1382,21.8786,UNMATCHED,0.6666666666666666,20501,False,-0.05849951901389189,-0.21576527763967085,True,False,2,Jan–Apr,True,"(−0.20,−0.10]"
UNIUSDT,1771354500000,1771354619777,1,-0.7638519619505372,-0.8752771840169411,-0.163,25.1812,UNMATCHED,0.3333333333333333,20501,False,-0.11153211177216255,-0.2935436074676938,True,False,2,Jan–Apr,False,"(−0.20,−0.10]"
UNIUSDT,1771382100000,1771382165921,1,0.305311775044248,0.1080418769109691,-0.2083,21.9935,UNMATCHED,0.3333333333333333,20502,False,-0.0873510874667397,-0.21331548392671645,True,True,2,Jan–Apr,False,≤−0.20
UNIUSDT,1772423400000,1772423466822,1,-0.7153683439666612,-0.7150486555907068,0.1585,23.4812,UNMATCHED,0.3333333333333333,20514,True,0.010098499884138622,0.11571550500590468,False,False,3,Jan–Apr,False,"[+0.10,+0.20)"
UNIUSDT,1775627100000,1775627397780,1,0.2193621365758457,0.2497703279832013,0.6075,28.6086,NONEXP_CALM3D,0.3333333333333333,20551,True,0.20413621993242181,0.6219868565941795,False,True,4,Jan–Apr,False,≥+0.20
UNIUSDT,1779126000000,1779126263905,2,-0.7069941842034736,-0.7057365497718586,-0.24630000000000002,21.16975,UNMATCHED,0.6666666666666666,20591,False,-0.09422363522497028,-0.3083138716849679,True,False,5,May–Oct,False,≤−0.20
UNIUSDT,1779564600000,1779564775209,3,0.2301796147950044,0.2301796147950096,0.10963333333333335,38.8545,NONEXP_CALM3D,1.0,20596,True,0.049489234750370925,0.0540302935933896,False,True,5,May–Oct,False,"[+0.10,+0.20)"
UNIUSDT,1782846600000,1782846628951,2,0.403911743190109,0.4491353974101796,-0.2659,23.9079,UNMATCHED,0.6666666666666666,20634,False,-0.07336106341685167,-0.32529890616615753,True,True,6,May–Oct,False,≤−0.20
UNIUSDT,1783677300000,1783677350754,1,0.5815069864854264,0.441974894589942,0.3326,32.6997,NONEXP_CALM3D,0.3333333333333333,20644,True,0.11429670839575062,0.2756711031030932,False,True,7,May–Oct,False,≥+0.20
UNIUSDT,1784005800000,1784006063789,3,0.2968129405571857,0.2418883592164352,0.06716666666666667,35.3309,NONEXP_CALM3D,1.0,20648,True,0.027875802711184585,0.027246921877586847,False,True,7,May–Oct,False,"[+0.05,+0.10)"
UNIUSDT,1784728800000,1784729099325,1,0.0948669841316524,-1.0060601136330745,-0.1038,30.8693,UNMATCHED,0.3333333333333333,20656,False,-0.017898704448928965,-0.10682591133525032,True,False,7,May–Oct,False,"(−0.20,−0.10]"
UNIUSDT,1784798400000,1784798645448,2,-0.7096196199470128,-0.7100343685715842,-0.1166,20.4227,UNMATCHED,0.6666666666666666,20657,False,-0.03147519237999026,-0.11457481988409098,True,False,7,May–Oct,True,"(−0.20,−0.10]"
UNIUSDT,1785254100000,1785254132736,3,-0.8308352146201897,-0.8826822612182067,-0.12893333333333334,26.474,UNMATCHED,1.0,20662,False,-0.04846581711788435,-0.19340709199522854,True,False,7,May–Oct,False,"(−0.20,−0.10]"
UNIUSDT,1786478100000,1786478310900,1,0.3651854766631255,0.2040617218437544,-0.2321,29.639,UNMATCHED,0.3333333333333333,20676,False,-0.09795266375005583,-0.25840097178327304,True,True,8,May–Oct,False,≤−0.20
UNIUSDT,1786478400000,1786478406759,1,0.2307928673758263,0.0969307891826782,-0.232,29.5678,UNMATCHED,0.3333333333333333,20676,False,-0.06501220232183715,-0.23103268033325114,True,True,8,May–Oct,False,≤−0.20
UNIUSDT,1787478000000,1787478180131,1,0.2207164261387023,0.1727289482088685,-0.19,28.0676,UNMATCHED,0.3333333333333333,20688,False,-0.044888282275832345,-0.27013810297655894,True,True,8,May–Oct,False,"(−0.20,−0.10]"
UNIUSDT,1787698200000,1787698261889,2,-0.6956472511742852,-0.6956472511742883,-0.22394999999999998,20.0714,UNMATCHED,0.6666666666666666,20690,False,-0.07116636804713809,-0.2413414239312025,True,False,8,May–Oct,False,≤−0.20
UNIUSDT,1787698500000,1787698511196,1,-0.6955061506663278,-0.6950831761639561,-0.2223,20.3005,UNMATCHED,0.3333333333333333,20690,False,-0.07116636804713809,-0.2413414239312025,True,False,8,May–Oct,False,≤−0.20
UNIUSDT,1788956400000,1788956463596,1,0.0861171235254225,0.1780975401639979,0.1049,28.8783,UNMATCHED,0.3333333333333333,20705,True,0.04929561806932154,0.056762498814938,False,True,9,May–Oct,False,"[+0.10,+0.20)"
USELESSUSDT,1771346100000,1771346244902,1,0.0965490230256031,0.0970377372458738,-0.3243,24.295,UNMATCHED,0.3333333333333333,20501,False,-0.10703477462167298,-0.32508884164711344,True,True,2,Jan–Apr,False,≤−0.20
USELESSUSDT,1783350000000,1783350175912,3,0.3596110273303445,0.3692579190230054,-0.3557333333333334,23.539933333333334,UNMATCHED,1.0,20640,False,-0.11105803966213897,-0.4612815237995657,True,True,7,May–Oct,False,≤−0.20
VICUSDT,1778719800000,1778719829156,1,0.0977303082318803,0.0892878317588074,-0.1834,23.1683,UNMATCHED,0.3333333333333333,20587,False,-0.07810440873358315,-0.2319637261264509,True,True,5,May–Oct,True,"(−0.20,−0.10]"
VIRTUALUSDT,1767535800000,1767535896707,1,0.0906650984648235,0.0900008009898413,0.0729,25.5464,UNMATCHED,0.3333333333333333,20457,True,0.025489795507826894,0.07239529087482234,False,True,1,Jan–Apr,False,"[+0.05,+0.10)"
VIRTUALUSDT,1767869700000,1767869888008,2,-1.6051777535503482,-1.6302759698362173,-0.2718,23.7038,UNMATCHED,0.6666666666666666,20461,False,-0.11483459215249502,-0.2874810464063736,True,False,1,Jan–Apr,False,≤−0.20
VIRTUALUSDT,1772079000000,1772079091115,1,-1.4988464530961996,-0.4325044329040055,0.3469,14.4753,ADX_SURGE_OPEN,0.3333333333333333,20510,True,0.09667516283893243,0.3352995238118211,False,False,2,Jan–Apr,False,≥+0.20
VIRTUALUSDT,1772703000000,1772703036849,1,0.099488372975062,0.0995900167831449,0.0727,21.8399,UNMATCHED,0.3333333333333333,20517,True,0.022250820754615923,0.059761623297846726,False,True,3,Jan–Apr,False,"[+0.05,+0.10)"
VIRTUALUSDT,1773680700000,1773680741729,1,0.1136296315690616,0.0879455574038323,0.1604,18.9909,UNMATCHED,0.3333333333333333,20528,True,0.07532348197998157,0.14565201196507335,False,True,3,Jan–Apr,False,"[+0.10,+0.20)"
VIRTUALUSDT,1777809600000,1777809720035,3,0.1306105304441536,0.1666782364984111,0.07640000000000001,30.9628,NONEXP_CALM3D,1.0,20576,True,0.03533346727109524,0.06404555155511074,False,True,5,May–Oct,False,"[+0.05,+0.10)"
VIRTUALUSDT,1778097600000,1778097647701,1,0.9914470297602708,0.0936173463888784,-0.0562,23.5604,UNMATCHED,0.3333333333333333,20579,False,-0.014424275640671438,-0.06643950986839217,True,True,5,May–Oct,False,"(−0.10,−0.05]"
VIRTUALUSDT,1780467600000,1780467876826,1,0.0877836322652236,0.0881535409646347,-0.2698,22.3277,UNMATCHED,0.3333333333333333,20607,False,-0.046259432824322655,-0.5261638233780355,True,True,6,May–Oct,False,≤−0.20
VIRTUALUSDT,1780467900000,1780467956982,1,0.0877652314471214,0.0883246771496736,-0.2672,22.7844,UNMATCHED,0.3333333333333333,20607,False,-0.046259432824322655,-0.5261638233780355,True,True,6,May–Oct,False,≤−0.20
VIRTUALUSDT,1780468500000,1780468510311,1,-1.003014898398256,-1.0033965859025895,-0.2643,22.6943,UNMATCHED,0.3333333333333333,20607,False,-0.046259432824322655,-0.5261638233780355,True,False,6,May–Oct,False,≤−0.20
WIFUSDT,1767907800000,1767908062017,1,0.5355282840351644,0.40456574174953,0.0583,19.7805,UNMATCHED,0.3333333333333333,20461,True,0.012295892604822303,0.06565993104445425,False,True,1,Jan–Apr,False,"[+0.05,+0.10)"
WIFUSDT,1768457100000,1768457177583,1,0.6191984550215219,0.0870002398208556,0.0482,18.5886,UNMATCHED,0.3333333333333333,20468,True,0.016431366817077523,-0.004218427884763166,False,True,1,Jan–Apr,False,"[+0.025,+0.05)"
WIFUSDT,1768458000000,1768458081577,2,-0.0501316131770158,0.6178294573731159,0.0505,20.4597,UNMATCHED,0.6666666666666666,20468,True,0.016431366817077523,-0.004218427884763166,False,True,1,Jan–Apr,False,"[+0.05,+0.10)"
WIFUSDT,1769104200000,1769104222745,3,-0.6269052461661814,-0.6251548701356209,-0.16676666666666665,19.907533333333333,UNMATCHED,1.0,20475,False,-0.06823427519762652,-0.22630148975428666,True,False,1,Jan–Apr,True,"(−0.20,−0.10]"
WIFUSDT,1770102600000,1770102783067,3,0.3631230727061553,0.3018216718366108,0.0777,19.9468,UNMATCHED,1.0,20487,True,0.0316270606994467,0.08119447440750478,False,True,2,Jan–Apr,False,"[+0.05,+0.10)"
WIFUSDT,1771684200000,1771684277892,2,-0.7047032500598045,-0.7048347715856854,0.1646,35.301,NONEXP_CALM3D,0.6666666666666666,20505,True,0.04890231940732479,0.13032562731029204,False,False,2,Jan–Apr,False,"[+0.10,+0.20)"
WIFUSDT,1772008200000,1772008285833,2,0.1407844181285531,0.1137853066194853,0.18214999999999998,21.2157,UNMATCHED,0.6666666666666666,20509,True,0.05851463431099403,0.14609565291190352,False,True,2,Jan–Apr,False,"[+0.10,+0.20)"
WIFUSDT,1775139300000,1775139592057,1,1.4721431533799303,0.0806716484492873,-0.345,37.8081,UNMATCHED,0.3333333333333333,20545,False,-0.11220086887471438,-0.4120216198301834,True,True,4,Jan–Apr,False,≤−0.20
WIFUSDT,1775627100000,1775627149346,1,0.3872477119652689,0.4608560814320191,0.6059,28.9808,NONEXP_CALM3D,0.3333333333333333,20551,True,0.20413621993242181,0.6219868565941795,False,True,4,Jan–Apr,False,≥+0.20
WIFUSDT,1775628900000,1775628980336,1,0.1094148503414298,0.2594914722116029,0.6187,29.5293,NONEXP_CALM3D,0.3333333333333333,20551,True,0.20722788041661466,0.6121630203374927,False,True,4,Jan–Apr,False,≥+0.20
WLDUSDT,1768296300000,1768296380232,1,0.1209532723065351,0.0857582387671763,0.2177,31.8488,NONEXP_CALM3D,0.3333333333333333,20466,True,0.06991035153185668,0.20639824442612087,False,True,1,Jan–Apr,False,≥+0.20
WLDUSDT,1768296900000,1768296985183,2,0.1168385742178992,0.7354946174630312,0.21439999999999998,35.47955,NONEXP_CALM3D,0.6666666666666666,20466,True,0.06991035153185668,0.20639824442612087,False,True,1,Jan–Apr,False,≥+0.20
WLDUSDT,1768941900000,1768942187649,1,-0.7014109730882699,-0.7015399457056978,-0.4593,20.3974,UNMATCHED,0.3333333333333333,20473,False,-0.1512224970271502,-0.5164788832463932,True,False,1,Jan–Apr,False,≤−0.20
WLDUSDT,1769770200000,1769770431893,3,0.7380277978579205,0.7546947773931146,-0.49666666666666665,20.9436,UNMATCHED,1.0,20483,False,-0.20070059683767513,-0.5534459757836783,True,True,1,Jan–Apr,False,≤−0.20
WLDUSDT,1770715200000,1770715483258,1,-0.7123985273802186,-0.7135848239013585,-0.2811,19.5222,UNMATCHED,0.3333333333333333,20494,False,-0.09580318063865688,-0.38253036300724197,True,False,2,Jan–Apr,False,≤−0.20
WLDUSDT,1771825500000,1771825688382,1,1.726380294529718,1.7821166010986005,-0.8275,20.5425,UNMATCHED,0.3333333333333333,20507,False,-0.30379200167704573,-0.9581962066331652,True,True,2,Jan–Apr,False,≤−0.20
WLDUSDT,1773396300000,1773396528875,1,1.3162518448119962,1.261837986617412,0.4137,22.4994,UNMATCHED,0.3333333333333333,20525,True,0.1370736460587792,0.3800999686547477,False,True,3,Jan–Apr,False,≥+0.20
WLDUSDT,1774152300000,1774152416995,1,-0.7125799042873021,-0.7127738287896523,-0.2697,25.7501,UNMATCHED,0.3333333333333333,20534,False,-0.0905962243086463,-0.3663903809510624,True,False,3,Jan–Apr,False,≤−0.20
WLDUSDT,1774708800000,1774709014529,1,0.0930092915373295,0.0931434156848578,0.1044,33.3997,NONEXP_CALM3D,0.3333333333333333,20540,True,0.05586354730871378,0.03430234925960797,False,True,3,Jan–Apr,False,"[+0.10,+0.20)"
WLDUSDT,1774709400000,1774709568202,1,-0.8560751579795068,-0.8919648822770216,0.1061,34.0962,NONEXP_CALM3D,0.3333333333333333,20540,True,0.05586354730871378,0.03430234925960797,False,False,3,Jan–Apr,False,"[+0.10,+0.20)"
WLDUSDT,1774834500000,1774834572398,3,0.758399230341832,0.8167135449507446,-0.06583333333333334,20.243033333333333,UNMATCHED,1.0,20542,False,-0.027908338534903866,-0.2083167028766317,True,True,3,Jan–Apr,False,"(−0.10,−0.05]"
WLDUSDT,1775703300000,1775703323185,1,-0.7254729630589276,-0.7137431166396029,-0.0893,19.8412,UNMATCHED,0.3333333333333333,20552,False,-0.03370655937497888,-0.11101031574931647,True,False,4,Jan–Apr,False,"(−0.10,−0.05]"
WLDUSDT,1775877300000,1775877313208,1,-0.7931670963701022,-0.7934144834876047,0.1255,27.5009,UNMATCHED,0.3333333333333333,20554,True,0.037917024033431584,0.105727869853344,False,False,4,Jan–Apr,False,"[+0.10,+0.20)"
WLDUSDT,1776945300000,1776945482420,3,-0.7137133076312759,-0.7032198077795905,-0.17306666666666667,33.80563333333333,UNMATCHED,1.0,20566,False,-0.08295818492721596,-0.1742192487854443,True,False,4,Jan–Apr,False,"(−0.20,−0.10]"
WLDUSDT,1777606800000,1777606867824,1,-0.7029683579383227,-0.7029683579383208,0.1792,35.9758,NONEXP_CALM3D,0.3333333333333333,20574,True,0.035226071619031005,0.11260799203108854,False,False,5,May–Oct,False,"[+0.10,+0.20)"
WLDUSDT,1777684200000,1777684399820,1,-0.7263839665652342,-0.7261139645504059,0.1706,26.7184,UNMATCHED,0.3333333333333333,20575,True,0.06067750197961778,0.15996877839930707,False,False,5,May–Oct,False,"[+0.10,+0.20)"
WLDUSDT,1777966500000,1777966515889,2,-0.7193843760433976,-0.7049797355208858,0.2914,35.2835,NONEXP_CALM3D,0.6666666666666666,20578,True,0.09355340283861736,0.3024231719534572,False,False,5,May–Oct,False,≥+0.20
WLDUSDT,1778037900000,1778038108701,3,0.6695201851524031,0.428317557835769,0.13113333333333332,22.136800000000004,UNMATCHED,1.0,20579,True,0.030315641153838044,0.06735753166018962,False,True,5,May–Oct,False,"[+0.10,+0.20)"
WLDUSDT,1778782200000,1778782305860,2,1.4452581308912995,1.1871394534829585,0.5968,20.1077,UNMATCHED,0.6666666666666666,20587,True,0.17869480305203808,0.590899005762712,False,True,5,May–Oct,False,≥+0.20
WLDUSDT,1779123900000,1779124132008,2,0.0647381314804187,0.0805682024355824,-0.25555,23.3937,UNMATCHED,0.6666666666666666,20591,False,-0.09422363522497028,-0.3083138716849679,True,True,5,May–Oct,False,≤−0.20
WLDUSDT,1782493800000,1782493910221,2,0.1066597418833436,0.0794899400106596,0.1583,21.203,UNMATCHED,0.6666666666666666,20630,True,0.025447636591096282,0.06015636144965952,False,True,6,May–Oct,False,"[+0.10,+0.20)"
WLDUSDT,1782531000000,1782531190978,2,-0.8870026364192436,-0.9110270835828376,0.11735,29.2555,NONEXP_CALM3D,0.6666666666666666,20631,True,0.05737995749727383,0.08729153028034647,False,False,6,May–Oct,False,"[+0.10,+0.20)"
WLDUSDT,1782630300000,1782630351813,2,1.4498465060746408,1.347559331401974,-0.09715,34.2821,UNMATCHED,0.6666666666666666,20632,False,-0.03815741983716341,-0.10481389633649617,True,True,6,May–Oct,False,"(−0.10,−0.05]"
WLDUSDT,1783673700000,1783673937368,3,0.6952636507545794,0.9970252668434436,0.27976666666666666,34.2238,NONEXP_CALM3D,1.0,20644,True,0.08481326285664682,0.28486908367306235,False,True,7,May–Oct,False,≥+0.20
WLDUSDT,1783794000000,1783794220971,1,0.0816895646732507,0.1033793774997659,0.0546,22.9409,UNMATCHED,0.3333333333333333,20645,True,0.02423907002077095,0.03040366819183337,False,True,7,May–Oct,False,"[+0.05,+0.10)"
WLDUSDT,1783794900000,1783794924564,1,-0.8344832791699054,-0.8377347211501611,0.0543,22.9392,UNMATCHED,0.3333333333333333,20645,True,0.02423907002077095,0.03040366819183337,False,False,7,May–Oct,False,"[+0.05,+0.10)"
WLDUSDT,1784209800000,1784210083264,2,0.2593827989485499,0.2334002190745064,-0.15415,20.2452,UNMATCHED,0.6666666666666666,20650,False,-0.08634543871605137,-0.19185752796880096,True,True,7,May–Oct,True,"(−0.20,−0.10]"
WLDUSDT,1784210100000,1784210111756,1,0.3103413164169158,0.1835096244447813,-0.1545,20.4414,UNMATCHED,0.3333333333333333,20650,False,-0.08634543871605137,-0.19185752796880096,True,True,7,May–Oct,True,"(−0.20,−0.10]"
WLDUSDT,1784307900000,1784308056517,1,0.0917355758304243,-0.7124522149837773,0.0807,22.2992,UNMATCHED,0.3333333333333333,20651,True,0.024069497230092208,-0.01025841510205316,False,False,7,May–Oct,False,"[+0.05,+0.10)"
WLDUSDT,1787144100000,1787144179600,2,-0.7135550848459699,-0.7116119753259774,0.08305,35.3186,NONEXP_CALM3D,0.6666666666666666,20684,True,0.013864415718478495,0.022553673796327382,False,False,8,May–Oct,False,"[+0.05,+0.10)"
WLDUSDT,1787478600000,1787478773245,1,-0.7176668884977273,0.0938848804785852,-0.1814,27.1889,UNMATCHED,0.3333333333333333,20688,False,-0.044888282275832345,-0.27013810297655894,True,True,8,May–Oct,False,"(−0.20,−0.10]"
WLDUSDT,1787840400000,1787840472978,1,0.3519530096942103,0.2042787896220587,0.1503,26.0812,UNMATCHED,0.3333333333333333,20692,True,0.05342311643273949,0.1356661695434791,False,True,8,May–Oct,False,"[+0.10,+0.20)"
WLDUSDT,1787916000000,1787916070133,2,-0.7107612017569017,-0.7134712278200204,-0.0937,38.2698,UNMATCHED,0.6666666666666666,20693,False,-0.026088028176263028,-0.1322342839783917,True,False,8,May–Oct,False,"(−0.10,−0.05]"
WLDUSDT,1788235200000,1788235402305,1,0.4786170370853186,0.641576577184308,0.0274,23.127,UNMATCHED,0.3333333333333333,20697,True,0.01738982612697039,-0.013893612647993835,False,True,9,May–Oct,False,"[+0.025,+0.05)"
WLDUSDT,1788235800000,1788235902566,1,0.4513969349626008,0.451615829659574,0.0296,23.0186,UNMATCHED,0.3333333333333333,20697,True,0.01738982612697039,-0.013893612647993835,False,True,9,May–Oct,False,"[+0.025,+0.05)"
WLDUSDT,1788272700000,1788272811455,1,-0.8169688892848871,0.0988480304364977,-0.0936,23.0533,UNMATCHED,0.3333333333333333,20697,False,-0.0379965589033854,-0.13503535841494219,True,True,9,May–Oct,False,"(−0.10,−0.05]"
WLDUSDT,1788358800000,1788358964346,1,-0.7559778022906368,-0.5900529773952081,-0.0824,26.7118,UNMATCHED,0.3333333333333333,20698,False,-0.013526673944329307,-0.17078499875895442,True,False,9,May–Oct,False,"(−0.10,−0.05]"
WLDUSDT,1788918000000,1788918238317,1,-0.783986979007725,-0.7677303243068946,0.0273,29.6036,UNMATCHED,0.3333333333333333,20705,True,0.020672907540233758,-0.007971510598093423,False,False,9,May–Oct,False,"[+0.025,+0.05)"
WLDUSDT,1789062600000,1789062789038,1,-0.8013984913247155,-0.7788401501896202,-0.2313,29.1605,UNMATCHED,0.3333333333333333,20706,False,-0.08856090227036041,-0.2569112384674611,True,False,9,May–Oct,False,≤−0.20
WLDUSDT,1790323500000,1790323652097,1,1.963886634320921,1.6588141300112524,-0.0666,23.6919,UNMATCHED,0.3333333333333333,20721,False,-0.025873245409283034,-0.06552261863197863,True,True,9,May–Oct,False,"(−0.10,−0.05]"
WLFIUSDT,1770091200000,1770091433961,1,-1.0626267145457786,-1.0198066499149856,0.0603,28.3623,UNMATCHED,0.3333333333333333,20487,True,0.06057785603956092,0.09988639575044553,False,False,2,Jan–Apr,False,"[+0.05,+0.10)"
WLFIUSDT,1770938700000,1770938809083,1,-0.7969409884827946,-0.8359315915747247,-0.2166,26.18,UNMATCHED,0.3333333333333333,20496,False,-0.05734272580288812,-0.40116267967814073,True,False,2,Jan–Apr,False,≤−0.20
WLFIUSDT,1772742300000,1772742431284,2,0.007702093532969,0.1052279190142293,-0.37575000000000003,19.099,UNMATCHED,0.6666666666666666,20517,False,-0.14918320296016407,-0.5030178643402794,True,True,3,Jan–Apr,False,≤−0.20
WLFIUSDT,1775877000000,1775877135543,2,-0.7499117048463277,-0.7085254765605518,0.1229,27.0317,UNMATCHED,0.6666666666666666,20554,True,0.037917024033431584,0.105727869853344,False,False,4,Jan–Apr,False,"[+0.10,+0.20)"
WLFIUSDT,1777509600000,1777509659681,1,0.9003857583485443,0.8574450516726646,-0.1379,20.5103,UNMATCHED,0.3333333333333333,20573,False,-0.06654047599452088,-0.1807171386557002,True,True,4,Jan–Apr,True,"(−0.20,−0.10]"
WLFIUSDT,1777910700000,1777910804537,2,-0.5422928798110533,-0.7226255381630077,0.26765,20.19155,UNMATCHED,0.6666666666666666,20577,True,0.08289088949531444,0.14199381354444474,False,False,5,May–Oct,False,≥+0.20
WLFIUSDT,1777913100000,1777913194440,1,1.801889520699687,1.6414980084070716,0.3032,19.9308,UNMATCHED,0.3333333333333333,20577,True,0.08289088949531444,0.14199381354444474,False,True,5,May–Oct,False,≥+0.20
WLFIUSDT,1778007600000,1778007686903,1,-0.0477807676504879,0.2152112797015212,0.1952,21.9359,UNMATCHED,0.3333333333333333,20578,True,0.07466749431181412,0.18831039322998142,False,True,5,May–Oct,False,"[+0.10,+0.20)"
WLFIUSDT,1778178300000,1778178312491,1,0.0858042404183945,0.0448842661439813,-0.2863,27.2984,UNMATCHED,0.3333333333333333,20580,False,-0.08727566899112413,-0.3535125312082204,True,True,5,May–Oct,False,≤−0.20
WLFIUSDT,1781095800000,1781096070460,1,0.0864574327807621,-1.6970471680649943,-0.1424,27.5369,UNMATCHED,0.3333333333333333,20614,False,-0.1026013460936175,-0.22081947851686812,True,False,6,May–Oct,False,"(−0.20,−0.10]"
WLFIUSDT,1781166900000,1781167049264,2,0.1117065060512603,0.0978538756926762,0.3208,26.9133,UNMATCHED,0.6666666666666666,20615,True,0.09192659721949757,0.2981625136739648,False,True,6,May–Oct,False,≥+0.20
WLFIUSDT,1787929200000,1787929260947,1,-0.8296583000644536,-0.857965950198649,-0.1053,20.7656,UNMATCHED,0.3333333333333333,20693,False,-0.015410228682274726,-0.10204397408570347,True,False,8,May–Oct,True,"(−0.20,−0.10]"
XLMUSDT,1767626400000,1767626516146,1,0.9996693478003472,1.0224649040376963,0.2602,19.478,UNMATCHED,0.3333333333333333,20458,True,0.10697168003187983,0.21119738467863064,False,True,1,Jan–Apr,False,≥+0.20
XLMUSDT,1767848700000,1767848774400,1,-0.6909233647004209,-0.6924506033587923,-0.1644,20.1015,UNMATCHED,0.3333333333333333,20461,False,-0.051093608895441615,-0.20236538207862287,True,False,1,Jan–Apr,True,"(−0.20,−0.10]"
XLMUSDT,1767890700000,1767890766820,1,0.0963522203941853,0.0997504103637725,-0.0524,20.4156,UNMATCHED,0.3333333333333333,20461,True,0.012813407489118675,-0.1465147001800761,False,True,1,Jan–Apr,False,"(−0.10,−0.05]"
XLMUSDT,1774421100000,1774421387326,1,0.1265013459335918,0.2174001172662327,0.2758,35.3253,NONEXP_CALM3D,0.3333333333333333,20537,True,0.09292975228910764,0.23061059801211115,False,True,3,Jan–Apr,False,≥+0.20
XLMUSDT,1774421400000,1774421406474,1,0.1656050169003838,0.2062068849448607,0.2764,35.3253,NONEXP_CALM3D,0.3333333333333333,20537,True,0.09292975228910764,0.23061059801211115,False,True,3,Jan–Apr,False,≥+0.20
XLMUSDT,1778515500000,1778515725259,2,-0.6908178819428723,-0.7403152952506118,0.0927,23.7337,UNMATCHED,0.6666666666666666,20584,True,0.048077383867128405,0.04280551624186588,False,False,5,May–Oct,False,"[+0.05,+0.10)"
XLMUSDT,1780434600000,1780434675531,2,-1.0230692027266508,0.0993123885394859,-0.63475,19.3985,UNMATCHED,0.6666666666666666,20606,False,-0.20576774403389214,-0.7480437571666662,True,True,6,May–Oct,False,≤−0.20
XLMUSDT,1780651500000,1780651612984,3,0.096485262881067,0.0957980823074689,-0.1832,18.556,UNMATCHED,1.0,20609,False,-0.1271988692064077,-0.3832331129420016,True,True,6,May–Oct,True,"(−0.20,−0.10]"
XLMUSDT,1780730700000,1780730954851,1,0.9993167490628696,1.1980828844334592,-0.1767,30.6981,UNMATCHED,0.3333333333333333,20610,False,-0.06994656193077996,-0.3231758415038004,True,True,6,May–Oct,False,"(−0.20,−0.10]"
XLMUSDT,1780842900000,1780843095442,2,-0.7189655873940273,-0.7083640381398312,0.07465,31.9079,UNMATCHED,0.6666666666666666,20611,False,-0.01154393671183059,0.15632848104274502,True,False,6,May–Oct,False,"[+0.05,+0.10)"
XLMUSDT,1781087400000,1781087545544,3,0.1007316372469862,0.0988684183957643,-0.2016,21.311466666666664,UNMATCHED,1.0,20614,False,-0.06700951965880744,-0.1751781174564387,True,True,6,May–Oct,False,≤−0.20
XLMUSDT,1781700300000,1781700474943,3,0.1557021589169583,0.0961889480006612,-0.317,20.92963333333333,UNMATCHED,1.0,20621,False,-0.11711659409804805,-0.36774333966253364,True,True,6,May–Oct,False,≤−0.20
XLMUSDT,1782493800000,1782493962048,1,-0.713015780519309,-0.7132585966228606,0.1558,21.203,UNMATCHED,0.3333333333333333,20630,True,0.025447636591096282,0.06015636144965952,False,False,6,May–Oct,False,"[+0.10,+0.20)"
XLMUSDT,1782570000000,1782570052141,3,0.6882994307709582,0.6827449555437335,0.14636666666666667,30.791866666666667,NONEXP_CALM3D,1.0,20631,True,0.055335643291163285,0.11526401228764106,False,True,6,May–Oct,False,"[+0.10,+0.20)"
XLMUSDT,1782801000000,1782801031208,2,-1.0230999518886694,0.0984309846548468,-0.17,19.9432,UNMATCHED,0.6666666666666666,20634,False,-0.04907275539411977,-0.2005500431235879,True,True,6,May–Oct,True,"(−0.20,−0.10]"
XLMUSDT,1783058100000,1783058168833,3,0.1734047803836763,0.1554394281807291,0.10213333333333334,22.825,UNMATCHED,1.0,20637,True,0.019909063158737715,0.06245735126122624,False,True,7,May–Oct,False,"[+0.10,+0.20)"
XLMUSDT,1783288800000,1783288933178,2,0.1535683333766012,0.9120180664621194,0.07899999999999999,31.0368,NONEXP_CALM3D,0.6666666666666666,20639,True,0.04897739948006881,0.04121539205945772,False,True,7,May–Oct,False,"[+0.05,+0.10)"
XLMUSDT,1784508000000,1784508075006,3,-0.6905847073514959,-0.6914385464721406,0.0994,21.1159,UNMATCHED,1.0,20654,True,0.02725481683571452,0.03244134535108663,False,False,7,May–Oct,False,"[+0.05,+0.10)"
XLMUSDT,1787478600000,1787478832872,1,0.644473440986321,0.9966953669854548,-0.1792,27.3982,UNMATCHED,0.3333333333333333,20688,False,-0.044888282275832345,-0.27013810297655894,True,True,8,May–Oct,False,"(−0.20,−0.10]"
XLMUSDT,1789418100000,1789418134603,1,0.1007316411622138,-0.8643280028828737,0.4185,25.9929,UNMATCHED,0.3333333333333333,20710,True,0.10815504778598756,0.3942110974449535,False,False,9,May–Oct,False,≥+0.20
XLMUSDT,1790092200000,1790092208259,1,-0.8691638228015299,-0.8700240298630383,0.2324,17.6667,ADX_SURGE_OPEN,0.3333333333333333,20718,True,0.061714972811415254,0.19409287867980846,False,False,9,May–Oct,False,≥+0.20
XLMUSDT,1790353800000,1790353889083,1,-0.8262728221547009,-0.8718260622410756,-0.1183,20.414,UNMATCHED,0.3333333333333333,20721,False,-0.05155715393463953,-0.17298852101781836,True,False,9,May–Oct,True,"(−0.20,−0.10]"
XLMUSDT,1790669400000,1790669672376,2,1.1983181003740515,1.196767486862406,0.2013,34.18965,NONEXP_CALM3D,0.6666666666666666,20725,True,0.062358602740844135,0.14223048344285116,False,True,9,May–Oct,False,≥+0.20
XMRUSDT,1769438100000,1769438309028,1,0.0988221036257312,0.0989113203555255,0.068,19.7763,UNMATCHED,0.3333333333333333,20479,True,0.019973100065047027,0.03298527500727582,False,True,1,Jan–Apr,False,"[+0.05,+0.10)"
XMRUSDT,1769894100000,1769894301557,3,0.0977122778792884,0.098119064704589,-1.3254333333333335,26.0513,UNMATCHED,1.0,20484,False,-0.4418471075405793,-1.4207145736782827,True,True,1,Jan–Apr,False,≤−0.20
XMRUSDT,1770466200000,1770466350012,2,1.1979125355234523,1.197590595769166,-0.33925,22.2333,UNMATCHED,0.6666666666666666,20491,False,-0.1476360354175508,-0.4526588833044537,True,True,2,Jan–Apr,False,≤−0.20
XMRUSDT,1770836400000,1770836629830,1,0.0977753723749262,0.0996526229368741,-0.1632,18.5838,UNMATCHED,0.3333333333333333,20495,False,-0.008057747920430715,-0.34785953702952527,True,True,2,Jan–Apr,True,"(−0.20,−0.10]"
XMRUSDT,1770836700000,1770836711192,1,0.0978161808300747,0.0993151944645108,-0.1493,18.5509,UNMATCHED,0.3333333333333333,20495,False,-0.008057747920430715,-0.34785953702952527,True,True,2,Jan–Apr,True,"(−0.20,−0.10]"
XMRUSDT,1777280400000,1777280598671,1,0.2168567546842077,-0.6920579803611406,-0.2035,33.6471,UNMATCHED,0.3333333333333333,20570,False,-0.05969689790470876,-0.2418763951450705,True,False,4,Jan–Apr,False,≤−0.20
XMRUSDT,1777282200000,1777282467385,1,-0.4603930065439482,-0.418818277377961,-0.1896,26.0927,UNMATCHED,0.3333333333333333,20570,False,-0.05969689790470876,-0.2418763951450705,True,False,4,Jan–Apr,False,"(−0.20,−0.10]"
XMRUSDT,1777282500000,1777282515087,1,-0.4070816939279303,-0.5127297697330534,-0.1911,26.0927,UNMATCHED,0.3333333333333333,20570,False,-0.05969689790470876,-0.2418763951450705,True,False,4,Jan–Apr,False,"(−0.20,−0.10]"
XMRUSDT,1778763000000,1778763291225,2,0.2004873262675643,0.1728717090699909,-0.0691,28.7479,UNMATCHED,0.6666666666666666,20587,False,-0.05487969712189832,-0.08575963414414624,True,True,5,May–Oct,False,"(−0.10,−0.05]"
XMRUSDT,1778763300000,1778763308267,1,0.180402428487374,0.1728717090699909,-0.068,28.7479,UNMATCHED,0.3333333333333333,20587,False,-0.05487969712189832,-0.08575963414414624,True,True,5,May–Oct,False,"(−0.10,−0.05]"
XMRUSDT,1780075200000,1780075454402,1,0.0954642587046881,0.0983437958379773,0.1957,27.5234,UNMATCHED,0.3333333333333333,20602,True,0.06850953289199521,0.053563595352646896,False,True,5,May–Oct,False,"[+0.10,+0.20)"
XMRUSDT,1781376300000,1781376481636,2,-0.8448130994781372,-0.7617999833469098,0.0926,23.0618,UNMATCHED,0.6666666666666666,20617,True,0.014619232128159729,0.11275407530695063,False,False,6,May–Oct,False,"[+0.05,+0.10)"
XMRUSDT,1781581200000,1781581403633,1,0.2494150540082577,0.3337247955828301,-0.0634,39.8655,UNMATCHED,0.3333333333333333,20620,False,-0.0710752989181383,-0.05007127386224683,True,True,6,May–Oct,False,"(−0.10,−0.05]"
XMRUSDT,1787671200000,1787671244494,1,-0.6921009605312672,-0.69028394796015,-0.1049,20.0005,UNMATCHED,0.3333333333333333,20690,False,-0.009536105332410942,-0.1518979046139045,True,False,8,May–Oct,True,"(−0.20,−0.10]"
XMRUSDT,1788166800000,1788167006957,1,-1.075648819751585,0.0994808435342992,0.076,22.2477,UNMATCHED,0.3333333333333333,20696,True,0.03928172992171697,0.038352069212052343,False,True,8,May–Oct,False,"[+0.05,+0.10)"
XMRUSDT,1788926700000,1788926842662,1,0.1377068113778268,0.3295393761510309,0.0331,25.2392,UNMATCHED,0.3333333333333333,20705,False,-0.003537063365572057,0.03659495547142711,True,True,9,May–Oct,False,"[+0.025,+0.05)"
XMRUSDT,1789512600000,1789512752701,1,0.3979404741199745,0.2499092886590902,-0.4191,20.8001,UNMATCHED,0.3333333333333333,20711,False,-0.1764645245458782,-0.4010384525967903,True,True,9,May–Oct,False,≤−0.20
XMRUSDT,1790353800000,1790354073570,1,-0.6920739449645784,-0.693380005127475,-0.1185,20.414,UNMATCHED,0.3333333333333333,20721,False,-0.05155715393463953,-0.17298852101781836,True,False,9,May–Oct,True,"(−0.20,−0.10]"
XPLUSDT,1767925500000,1767925543313,3,0.0720875567291753,-0.8699652291339686,0.09616666666666666,22.700599999999998,UNMATCHED,1.0,20462,True,0.011713433301295697,0.07384004550030451,False,False,1,Jan–Apr,False,"[+0.05,+0.10)"
XPLUSDT,1768662600000,1768662613307,1,-0.7531164511785076,-0.7186480605893147,0.0505,28.0763,UNMATCHED,0.3333333333333333,20470,True,0.01436328057081711,0.022500157946666106,False,False,1,Jan–Apr,False,"[+0.05,+0.10)"
XPLUSDT,1769045100000,1769045177247,2,-0.7553497479202771,0.0658171394020593,0.11374999999999999,23.8521,UNMATCHED,0.6666666666666666,20475,True,0.047171673530460395,0.08152086339687024,False,True,1,Jan–Apr,False,"[+0.10,+0.20)"
XPLUSDT,1769724000000,1769724105261,1,-0.9122494073487756,-0.9489911448689644,-0.6881,19.1387,UNMATCHED,0.3333333333333333,20482,False,-0.22174506577631786,-0.8192440300813585,True,False,1,Jan–Apr,False,≤−0.20
XPLUSDT,1769724300000,1769724329308,1,-0.9122494073487756,-0.9489911448689644,-0.679,19.2922,UNMATCHED,0.3333333333333333,20482,False,-0.22174506577631786,-0.8192440300813585,True,False,1,Jan–Apr,False,≤−0.20
XPLUSDT,1770741000000,1770741204265,2,0.0707758763352063,0.0318893195385018,-0.11815,21.9691,UNMATCHED,0.6666666666666666,20494,False,-0.0023415073132006243,-0.18701211984628177,True,True,2,Jan–Apr,True,"(−0.20,−0.10]"
XPLUSDT,1771332300000,1771332379737,1,-0.698248178461505,-0.6982481784615031,-0.18,29.1774,UNMATCHED,0.3333333333333333,20501,False,-0.07540067899069874,-0.20853916058441238,True,False,2,Jan–Apr,False,"(−0.20,−0.10]"
XPLUSDT,1772743200000,1772743201234,1,0.0289392843844019,0.0772915399184744,-0.3867,21.3525,UNMATCHED,0.3333333333333333,20517,False,-0.14918320296016407,-0.5030178643402794,True,True,3,Jan–Apr,False,≤−0.20
XPLUSDT,1772875500000,1772875578019,2,0.0092618605365231,0.009261860536518,-0.27625,22.943,UNMATCHED,0.6666666666666666,20519,False,-0.10287006617099831,-0.3462879440756544,True,True,3,Jan–Apr,False,≤−0.20
XPLUSDT,1772877000000,1772877021404,1,-0.7466079628922068,0.0093605320514598,-0.2714,23.7488,UNMATCHED,0.3333333333333333,20519,False,-0.10287006617099831,-0.3462879440756544,True,True,3,Jan–Apr,False,≤−0.20
XPLUSDT,1775286900000,1775286954750,1,0.4751974292237997,0.4393250142419239,0.0442,32.4413,UNMATCHED,0.3333333333333333,20547,True,0.020365316755673008,0.025356354266732026,False,True,4,Jan–Apr,False,"[+0.025,+0.05)"
XPLUSDT,1780043100000,1780043212508,1,0.0486363519004633,0.0114788767338156,0.0452,27.5829,UNMATCHED,0.3333333333333333,20602,False,-0.010768783133225131,0.03109293930565276,True,True,5,May–Oct,False,"[+0.025,+0.05)"
XPLUSDT,1780846200000,1780846419313,1,-1.1440588233647675,0.0954949738096891,0.0553,22.7829,UNMATCHED,0.3333333333333333,20611,True,0.019912481653868445,0.02911296316401963,False,True,6,May–Oct,False,"[+0.05,+0.10)"
XPLUSDT,1781276100000,1781276222734,2,1.0952415629131689,0.0991189711349532,0.0732,25.4103,UNMATCHED,0.6666666666666666,20616,False,-0.024276994741437824,0.050233079181973964,True,True,6,May–Oct,False,"[+0.05,+0.10)"
XPLUSDT,1783691400000,1783691575262,2,-0.7663982214850272,-0.7376122028561666,0.3046,20.763849999999998,UNMATCHED,0.6666666666666666,20644,True,0.07719470051105903,0.3033026978074305,False,False,7,May–Oct,False,≥+0.20
XPLUSDT,1788438600000,1788438669523,1,1.1937693752337668,1.191756915506199,0.1286,28.3841,NONEXP_CALM3D,0.3333333333333333,20699,True,0.048501513288918836,0.08676264051435423,False,True,9,May–Oct,False,"[+0.10,+0.20)"
XPLUSDT,1790900100000,1790900352411,2,-0.6918940257824734,-0.692073838820933,0.1932,27.3605,UNMATCHED,0.6666666666666666,20728,True,0.0679922945144061,0.16919041564437423,False,False,10,May–Oct,False,"[+0.10,+0.20)"
ZAMAUSDT,1785221100000,1785221353376,2,0.0976487076820826,0.0972093791027802,-0.3316,24.8293,UNMATCHED,0.6666666666666666,20662,False,-0.11160832137147565,-0.40046971850990914,True,True,7,May–Oct,False,≤−0.20
ZAMAUSDT,1785258900000,1785258930300,1,1.7498664151121497,0.0919776124970558,0.09,30.2156,UNMATCHED,0.3333333333333333,20662,True,0.04801793254233301,0.03344031303163739,False,True,7,May–Oct,False,"[+0.05,+0.10)"
ZBTUSDT,1775057400000,1775057570346,1,0.6386950445110782,0.4838656414492489,0.1124,26.5094,UNMATCHED,0.3333333333333333,20544,True,0.050474535320457044,0.058885601462275575,False,True,4,Jan–Apr,False,"[+0.10,+0.20)"
ZECUSDT,1772276400000,1772276619165,1,-0.991534666381266,-0.9924365688175943,-0.5618,21.243,UNMATCHED,0.3333333333333333,20512,False,-0.1779494363438314,-0.7232007295220244,True,False,2,Jan–Apr,False,≤−0.20
ZECUSDT,1775139600000,1775139854798,1,0.0457071007200485,0.3096954775643156,-0.3455,36.5611,UNMATCHED,0.3333333333333333,20545,False,-0.11220086887471438,-0.4120216198301834,True,True,4,Jan–Apr,False,≤−0.20
ZENUSDT,1768867500000,1768867582115,1,-0.9988434442431589,-0.9906526572437,-0.1557,34.3441,UNMATCHED,0.3333333333333333,20473,False,-0.057857473022978105,-0.15603291274710251,True,False,1,Jan–Apr,False,"(−0.20,−0.10]"
ZENUSDT,1768956600000,1768956772985,3,0.1137574185277576,-0.2985282984331784,-0.6055333333333334,33.79906666666667,UNMATCHED,1.0,20474,False,-0.22845535581030815,-0.607118011298518,True,False,1,Jan–Apr,False,≤−0.20
ZENUSDT,1768959300000,1768959354480,1,-0.7173989369282895,-0.7740824791143709,-0.4895,26.4692,UNMATCHED,0.3333333333333333,20474,False,-0.15143131595254408,-0.6078590877819616,True,False,1,Jan–Apr,False,≤−0.20
ZENUSDT,1775852400000,1775852505198,2,0.1571301045516025,0.2564618815015639,0.33975,18.9196,UNMATCHED,0.6666666666666666,20553,True,0.11774478772809824,0.3608324815697363,False,True,4,Jan–Apr,False,≥+0.20
ZILUSDT,1770282900000,1770283083320,1,-1.2380030025772415,-1.2870657013690916,-0.5759,18.5919,UNMATCHED,0.3333333333333333,20489,False,-0.2170982077035103,-0.7665644042463695,True,False,2,Jan–Apr,False,≤−0.20
ZILUSDT,1785347100000,1785347221629,3,0.0943496713868774,0.0675346904356873,-0.1149,20.7826,UNMATCHED,1.0,20663,False,-0.054838588148323694,-0.10565773542782364,True,True,7,May–Oct,True,"(−0.20,−0.10]"
ZKUSDT,1788236400000,1788236422095,3,0.5414247613493491,0.5755479206836847,0.0266,23.200400000000002,UNMATCHED,1.0,20697,True,0.01738982612697039,-0.013893612647993835,False,True,9,May–Oct,False,"[+0.025,+0.05)"
ZROUSDT,1770656700000,1770656772587,2,0.0973693413854043,1.5974396038787968,0.0305,25.16,UNMATCHED,0.6666666666666666,20493,True,0.031323053972561216,-0.10511997025996128,False,True,2,Jan–Apr,False,"[+0.025,+0.05)"
ZROUSDT,1770989100000,1770989219275,1,0.0963693280894046,0.1161327712575396,0.244,26.0857,UNMATCHED,0.3333333333333333,20497,True,0.06446576049468636,0.21410658779435063,False,True,2,Jan–Apr,False,≥+0.20
ZROUSDT,1771217100000,1771217200869,3,0.1676756631474939,0.1211230611441387,-0.22376666666666667,26.3571,UNMATCHED,1.0,20500,False,-0.08306330339623043,-0.25969093750099764,True,True,2,Jan–Apr,False,≤−0.20
ZROUSDT,1772184900000,1772185018554,1,0.0991551760488988,0.0958077696561229,0.1038,24.8181,UNMATCHED,0.3333333333333333,20511,True,0.05011264974292395,0.08030560568472933,False,True,2,Jan–Apr,False,"[+0.10,+0.20)"
ZROUSDT,1790906100000,1790906201294,1,0.3068198399236788,0.4330132085998935,0.1839,22.6992,UNMATCHED,0.3333333333333333,20728,True,0.05274129300233044,0.1817539604705175,False,True,10,May–Oct,False,"[+0.10,+0.20)"
币安人生USDT,1768761900000,1768761930826,1,1.19897629549835,1.1983751173423005,0.0278,18.1202,UNMATCHED,0.3333333333333333,20471,True,0.011091040672151269,0.00569802946434622,False,True,1,Jan–Apr,False,"[+0.025,+0.05)"
币安人生USDT,1777251000000,1777251279673,2,0.995443676488134,0.9985624922821164,0.21710000000000002,18.3476,UNMATCHED,0.6666666666666666,20570,True,0.07436681235240217,0.16607016721892326,False,True,4,Jan–Apr,False,≥+0.20
币安人生USDT,1777251300000,1777251358448,1,0.0996240787716967,0.9981295469808064,0.2208,19.5409,UNMATCHED,0.3333333333333333,20570,True,0.07436681235240217,0.16607016721892326,False,True,4,Jan–Apr,False,≥+0.20
币安人生USDT,1777354200000,1777354257784,3,0.2674153790719794,0.0976980251015315,-0.13186666666666666,25.7449,UNMATCHED,1.0,20571,False,-0.04704286852827296,-0.16680193207883887,True,True,4,Jan–Apr,False,"(−0.20,−0.10]"
币安人生USDT,1780333200000,1780333445122,1,0.0950309191280336,0.9562047013872148,-0.522,18.631,UNMATCHED,0.3333333333333333,20605,False,-0.15628691238327247,-0.5776561528071519,True,True,6,May–Oct,False,≤−0.20
币安人生USDT,1780956000000,1780956080519,2,0.0933116941898344,0.0987189315311741,0.13025,22.5173,UNMATCHED,0.6666666666666666,20612,True,0.06334259665436556,0.1125892424608148,False,True,6,May–Oct,False,"[+0.10,+0.20)"
币安人生USDT,1781025600000,1781025646039,2,-0.9992687978328356,-1.042732956232006,-0.5462,28.3024,UNMATCHED,0.6666666666666666,20613,False,-0.19349512644738126,-0.6532156367252551,True,False,6,May–Oct,False,≤−0.20
币安人生USDT,1782939900000,1782939978566,2,0.5374698957712134,0.5449032932532841,0.34650000000000003,21.3045,UNMATCHED,0.6666666666666666,20635,True,0.11253656245647449,0.3674535346252007,False,True,7,May–Oct,False,≥+0.20
