kind,mask,yr5_n,yr5_avg,yr5_rest,yr5_z,yr5_H1,yr5_H2,months_same_sign,months_n,lomo_min_abs_same,yr5_days,master_n,master_avg,master_rest,master_days,master_H1,master_H2,master_delta,fw_day_pass,oos_pass,master_agree,all_pass
2D,entry_adx≤22 ∧ entry_btc_1h_slope≤0.0639,117.33333333333333,-0.19545785,0.0035982123,-4.746916,-0.23595428,-0.17040534,7,8,0.16344388,101,21,-0.03016552931605334,0.1340386702374652,14,-0.05046889562432175,-0.30448090493323154,-0.16420419955351856,False,True,True,False
2D,entry_adx_prev≤22.1 ∧ entry_btc_1h_slope≤0.0639,114.33333333333333,-0.19812159,0.002660347,-4.729543,-0.25123382,-0.15970473,7,8,0.15442227,98,21,-0.030030062504100664,0.13400073953011846,14,-0.03241514863058395,-0.27614990505617465,-0.16403080203421913,False,True,True,False
2D,entry_btc_rsi_1h_prev>54.1 ∧ entry_pair_volume_ratio>0.763,115.33333333333333,0.09483558,-0.105336264,4.7233477,0.29773864,0.12153783,6,8,0.18101475,89,35,0.09392674187969313,0.10052439649809032,18,0.09139320307297782,-0.0534575083288079,-0.006597654618397189,False,True,False,False
2D,entry_btc_rsi_1h_prev>54.1 ∧ entry_rsi_prev>57.8,117.66666666666667,0.08686819,-0.10381219,4.675268,0.28989816,0.09710419,7,8,0.12510158,92,31,0.07889398347855504,0.10728785637442406,21,-0.05109714617950259,-0.08892286769700883,-0.02839387289586902,False,True,False,False
2D,entry_btc_1h_slope>0.0639 ∧ entry_pair_volume_ratio>0.763,116.0,0.0915014,-0.104519986,4.6468463,0.2590903,0.14331079,7,8,0.17573401,88,36,0.10732444691777039,0.09259573438555059,20,0.05447944741101246,0.011226024253223733,0.014728712532219801,False,True,True,False
2D,entry_btc_rsi_1h_prev≤54.1 ∧ entry_neg_di>15.8,112.33333333333333,-0.19210471,-0.00077105174,-4.644576,-0.18876597,-0.19313346,8,8,0.16625887,86,16,0.05713301578330773,0.1063161987454981,12,0.2766415172491964,-0.11598562375728666,-0.04918318296219036,False,True,True,False
2D,entry_btc_rsi_1h_prev≤54.1 ∧ entry_pair_ema20_ema50_gap_pct≤0.339,124.0,-0.18353577,0.0030977828,-4.538452,-0.16610746,-0.20255923,6,7,0.13971539,90,19,-0.08643345282688138,0.14365791890757815,12,0.04966498134296138,-0.4410550391352805,-0.23009137173445954,False,True,True,False
2D,entry_ema_gap_5_8>0.0879 ∧ entry_pair_volume_ratio≤0.763,107.66666666666667,-0.1981541,-0.001529121,-4.429045,-0.25317356,-0.14388312,6,8,0.16759856,111,18,0.3581555941493989,0.038110557147225506,14,0.09143236675016767,0.48417348674906036,0.3200450370021734,False,True,False,False
2D,entry_btc_1h_slope≤0.0639 ∧ entry_pair_ema20_ema50_gap_pct≤0.339,126.0,-0.17914194,0.0024972635,-4.3842554,-0.18543784,-0.17750134,6,7,0.13441649,92,20,-0.16036242945657905,0.16614043080663618,14,-0.035538950974572076,-0.7375699991021378,-0.32650286026321523,False,True,True,False
2D,entry_btc_1h_slope>0.0639 ∧ entry_bull_pct≤71.1,120.0,0.09041478,-0.10665391,4.376691,0.17113528,0.22940178,7,8,0.173722,88,28,0.29743876335055563,0.01604615850525313,20,0.14026089489387475,0.36391631902303395,0.2813926048453025,False,True,True,False
2D,entry_btc_1h_slope≤0.0639 ∧ entry_global_volume_ratio≤0.823,109.33333333333333,-0.19674194,-0.0009823958,-4.354808,-0.23279142,-0.16332896,6,8,0.18166548,90,20,-0.013875344393134665,0.12759119789520346,12,0.34386920111843444,-0.33256961226829207,-0.14146654228833813,False,True,True,False
2D,entry_adx≤22 ∧ entry_btc_rsi_1h≤57.2,114.33333333333333,-0.18906765,-0.00065749476,-4.349606,-0.21220066,-0.1699251,4,8,0.11985207,99,20,-0.020749050425270817,0.12940006790366035,14,0.01238666200199523,-0.30448090493323154,-0.15014911832893116,False,True,True,False
2D,entry_btc_rsi_1h_prev≤54.1 ∧ entry_global_volume_ratio≤0.823,109.66666666666667,-0.19469948,-0.0014836713,-4.336379,-0.21465148,-0.17455688,6,8,0.16579899,91,19,-0.04376867275746697,0.13313024590343692,10,0.21467434060019086,-0.23796524811939063,-0.1768989186609039,False,True,True,False
2D,entry_btc_rsi_1h≤57.2 ∧ entry_global_volume_ratio≤0.823,113.0,-0.19242884,-0.00024706556,-4.279834,-0.24341719,-0.14622858,6,8,0.13395411,92,20,-0.043940331127937174,0.13550303650962517,11,0.29386303419454024,-0.3093039601765974,-0.17944336763756236,False,True,True,False
2D,entry_btc_1h_slope≤0.0639 ∧ entry_btc_rsi_1h_prev≤54.1,195.66666666666666,-0.1392125,0.023485735,-4.2739925,-0.12718013,-0.19184266,7,7,0.1434472,112,30,-0.014546181782444241,0.14933044857039546,15,-0.09658011517525875,-0.18956500790054542,-0.1638766303528397,False,True,True,False
2D,entry_btc_rsi_1h_prev>54.1 ∧ entry_bull_pct≤71.1,127.0,0.080672026,-0.1071288,4.2439337,0.14749622,0.23498636,6,8,0.16519128,90,30,0.23576619327173734,0.035552096273040144,20,0.06816604923177669,0.23913774677333782,0.2002140969986972,False,True,True,False
2D,entry_adx≤22 ∧ entry_btc_rsi_1h_prev≤54.1,115.33333333333333,-0.18147856,-0.002866062,-4.229103,-0.18940479,-0.16957346,7,8,0.14651713,98,20,0.018917733434124333,0.11896144057224059,14,0.01238666200199523,-0.21547999724097172,-0.10004370713811625,False,True,True,False
2D,entry_btc_1h_slope>0.0639 ∧ entry_pair_rank≤30,114.0,0.087841146,-0.10192881,4.193085,0.16144887,0.21512684,7,8,0.14137153,91,27,0.24712077745251115,0.039813958854419844,18,0.13483623887014295,0.2500047942025425,0.2073068185980913,False,True,True,False
2D,entry_btc_rsi_1h_prev≤54.1 ∧ entry_btc_rsi_prev>62,94.0,-0.18656884,-0.012891878,-4.1900964,-0.10956445,-0.21790645,8,8,0.113086976,75,18,-0.021725315812434094,0.12577538252303314,11,-0.5570606517638823,0.09653480111861842,-0.14750069833546722,False,True,True,False
2D,entry_adx_prev≤22.1 ∧ entry_btc_rsi_1h_prev≤54.1,112.33333333333333,-0.1823061,-0.0042764973,-4.1645565,-0.20607239,-0.15500137,7,8,0.13173239,96,20,0.019059973586674668,0.11892400895314836,14,0.03709939901978507,-0.19279217085889494,-0.0998640353664737,False,True,True,False
2D,entry_bear_pct>20 ∧ entry_btc_rsi_1h_prev>54.1,124.33333333333333,0.07935007,-0.10492625,4.139061,0.12343885,0.25374016,6,8,0.1615301,93,29,0.23956892852809003,0.03689440634116652,20,0.08931595891058533,0.24519660359537054,0.2026745221869235,False,True,True,False
2D,entry_btc_rsi_1h_prev≤54.1 ∧ entry_gap≤0.354,100.33333333333333,-0.19122712,-0.008084107,-4.110695,-0.15351844,-0.20303139,7,8,0.12989663,79,14,-0.12193951079910506,0.13568996711414927,10,-0.06288085363407356,-0.4160875462373033,-0.2576294779132543,False,True,True,False
2D,entry_adx≤22 ∧ entry_btc_trend_gap_pct≤0.0932,116.0,-0.17725208,-0.00406219,-4.107662,-0.15636148,-0.18465264,7,8,0.12897153,107,24,0.1086174094250934,0.09461953230514625,18,0.08866184450807404,-0.11103120611066962,0.013997877119947155,False,True,False,False
2D,entry_btc_rsi_1h≤57.2 ∧ entry_pair_ema20_ema50_gap_pct≤0.339,124.66666666666667,-0.17176598,-0.0013537434,-4.102411,-0.17380144,-0.16654511,6,7,0.12120102,94,18,-0.1553413758884285,0.15660985792518567,12,0.11876488232637017,-0.6664719640847505,-0.31195123381361417,False,True,True,False
2D,entry_btc_adx>24.9 ∧ entry_btc_rsi_1h_prev≤54.1,93.0,-0.19428326,-0.011260589,-4.0886087,-0.117106564,-0.2286551,4,7,0.11550714,68,17,0.06336281572948511,0.1055981808198927,8,0.01765942411334176,-0.05729405368722472,-0.04223536509040758,False,True,True,False
2D,entry_btc_1h_slope≤0.0639 ∧ entry_neg_di>15.8,113.33333333333333,-0.17553757,-0.006158514,-4.0774035,-0.16211522,-0.17367384,8,8,0.13803867,88,17,-0.03588778812329029,0.12695590569960385,12,0.2158776352044586,-0.4318342665875486,-0.16284369382289415,False,True,True,False
2D,entry_btc_rsi_1h>57.2 ∧ entry_pair_rank≤30,110.66666666666667,0.084939145,-0.09890751,4.069594,0.1617539,0.20314534,7,8,0.13509053,84,31,0.21769432871206107,0.04109076864767499,20,0.025732420404560502,0.2561026298061261,0.17660356006438607,False,True,True,False
2D,entry_adx_delta≤0.241 ∧ entry_btc_rsi_1h_prev≤54.1,113.33333333333333,-0.1764955,-0.0058116475,-4.0625634,-0.11083058,-0.2098943,7,7,0.13171276,87,21,-0.05724019622729128,0.14161957697261182,14,0.14528122874930438,-0.35659657403031114,-0.1988597731999031,False,True,True,False
2D,entry_ema_gap_5_8>0.0879 ∧ entry_pair_volume_ratio>0.763,105.33333333333333,0.07802204,-0.09358315,4.0566487,0.26242262,0.09592893,6,7,0.14818163,115,19,0.010368069503322433,0.11977182898194344,13,-0.38644209807496516,0.06940054756951577,-0.10940375947862101,False,True,False,False
2D,entry_global_volume_ratio≤0.823 ∧ entry_pair_rank>30,93.66666666666667,-0.19734217,-0.010032534,-4.0502543,-0.23568852,-0.14250594,7,9,0.14947985,103,21,0.27238028351999255,0.04932584264337236,15,0.054267436214374604,0.34408925463800344,0.22305444087662019,False,True,False,False
2D,entry_bear_pct>20 ∧ entry_btc_1h_slope>0.0639,119.66666666666667,0.07884309,-0.10192422,4.017316,0.12906428,0.24200368,6,8,0.15594167,92,27,0.3038073519621499,0.017632255785430727,20,0.17777540025450078,0.3664199765998805,0.2861750961767192,False,True,True,False
2D,entry_pair_rank>30 ∧ entry_rsi_prev≤57.8,105.0,-0.18276106,-0.0081907455,-4.015517,-0.2240815,-0.12921761,6,9,0.15238833,110,27,0.1023665062192912,0.0964569345543755,20,-0.005402487782557475,0.060510138491162845,0.005909571664915708,False,True,False,False
2D,entry_btc_rsi_1h>57.2 ∧ entry_pair_volume_ratio>0.763,118.33333333333333,0.07130547,-0.098245725,4.015343,0.23180759,0.11651294,6,8,0.15252958,87,38,0.08606613624855453,0.1060157064608224,22,-0.058688857282426315,0.021528773724842007,-0.01994957021226787,False,True,False,False
2D,entry_btc_atr_pct≤0.146 ∧ entry_pair_rank≤30,111.66666666666667,0.07020928,-0.09426454,4.0111065,0.15620247,0.18473136,7,8,0.13865265,96,30,-0.007239316855272255,0.14600914633077178,21,-0.07634458035105168,-0.28716846145582836,-0.15324846318604404,False,True,False,False
2D,entry_btc_rsi_1h_prev>54.1 ∧ entry_pair_rank≤30,109.66666666666667,0.087028176,-0.09905041,4.0037036,0.18115304,0.19008504,8,8,0.14219284,90,30,0.18284547042953542,0.05960697029222284,21,0.009749756231861195,0.18282794249805473,0.12323850013731258,False,True,True,False
2D,entry_btc_1h_slope≤0.0639 ∧ entry_btc_rsi_prev>62,94.0,-0.17972079,-0.014828837,-3.9792373,-0.12685086,-0.18940267,8,8,0.11866785,83,22,-0.11411717078096349,0.16121624201829682,15,-0.48915486163669564,-0.1434167085022232,-0.2753334127992603,False,True,True,False
2D,entry_btc_1h_slope>0.0639 ∧ entry_rsi_prev>57.8,115.0,0.068089366,-0.095242456,3.966969,0.23073044,0.09718531,7,8,0.11915769,92,31,0.1608105341039871,0.068219962999218,19,0.006867620469864777,0.12324409466776244,0.0925905711047691,False,True,True,False
2D,entry_adx_prev≤22.1 ∧ entry_btc_trend_gap_pct≤0.0932,114.0,-0.17379093,-0.0064344904,-3.9383454,-0.1710152,-0.16322438,7,8,0.12440409,106,24,0.17398577611405378,0.07283007674215944,18,0.16137215325241558,-0.008916437930766593,0.10115569937189434,False,True,False,False
2D,entry_btc_1h_slope≤0.0639 ∧ entry_ema50_slope≤0.226,122.33333333333333,-0.16992024,-0.0034044888,-3.9321961,-0.20764378,-0.13093457,6,8,0.11746482,88,18,-0.16625967453552046,0.15912946530528385,12,0.060235829647158234,-0.7375699991021378,-0.3253891398408043,False,True,True,False
2D,entry_btc_1h_slope≤0.0639 ∧ entry_btc_adx>24.9,98.33333333333333,-0.18444194,-0.011235009,-3.9311182,-0.13271004,-0.19930482,4,7,0.10111252,74,19,0.059471308293443326,0.10765544538438114,10,0.10452672695960735,-0.1271615426435863,-0.048184137090937815,False,True,True,False
2D,entry_adx_prev≤22.1 ∧ entry_btc_rsi_1h≤57.2,111.33333333333333,-0.17810139,-0.006327784,-3.9240801,-0.19812329,-0.15014528,4,8,0.09714452,96,20,-0.02060681027272048,0.12936263628456818,14,0.03709939901978507,-0.27614990505617465,-0.14996944655728867,False,True,True,False
2D,entry_btc_rsi_1h_prev≤54.1 ∧ entry_ema50_slope≤0.226,120.33333333333333,-0.1686544,-0.0049906014,-3.8995345,-0.16757454,-0.16092913,6,8,0.11369213,87,16,-0.18862442161019588,0.15546768622419882,10,0.19893862239409854,-0.6664719640847505,-0.3440921078343947,False,True,True,False
2D,entry_btc_1h_slope≤0.0639 ∧ entry_ema20_slope≤0.146,101.0,-0.184384,-0.009833261,-3.8771017,-0.16424973,-0.18051645,7,8,0.12317478,88,17,-0.12502149286911285,0.14613657634110994,12,-0.01040138864655557,-0.458792263036431,-0.2711580692102228,False,True,True,False
2D,entry_pair_rank>30 ∧ entry_pair_volume_ratio≤0.763,99.33333333333333,-0.18129617,-0.011660916,-3.8694253,-0.21881339,-0.12311474,6,8,0.12855747,109,22,0.35591792799228167,0.021476077518142865,17,0.25934121111358593,0.36361445319936636,0.3344418504741388,False,True,False,False
2D,entry_btc_rsi_1h≤57.2 ∧ entry_ema50_slope≤0.226,122.66666666666667,-0.16736566,-0.0042536263,-3.8652983,-0.184426,-0.14450316,5,8,0.11360786,89,16,-0.16134814490621874,0.15001243088340338,10,0.28531349862335953,-0.6664719640847505,-0.3113605757896221,False,True,True,False
2D,entry_btc_trend_gap_pct>0.0932 ∧ entry_pair_volume_ratio>0.763,114.33333333333333,0.06731041,-0.094607994,3.8604078,0.2269225,0.11161323,6,8,0.14605133,96,32,0.11296072256295317,0.09069814109622294,19,-0.11302810890123724,0.1067790610226973,0.022262581466730227,False,True,True,False
2D,entry_btc_rsi_1h_prev≤54.1 ∧ entry_ema20_slope≤0.146,103.33333333333333,-0.18134561,-0.009544356,-3.8562589,-0.16358702,-0.1763668,8,8,0.12464322,87,16,-0.16388372112041535,0.1505195461262427,11,-0.06288085363407356,-0.458792263036431,-0.314403267246658,False,True,True,False
1D,entry_btc_1h_slope ≤med 0.0639,213.66666666666666,-0.124621436,0.022596745,-3.851618,-0.13983357,-0.15282473,7,7,0.120429285,122,36,-0.007379444537650465,0.16141806925880312,20,-0.11692194418755952,-0.23821028504903763,-0.16879751379645358,False,True,True,False
1D,entry_btc_1h_slope >med 0.0639,212.66666666666666,0.022596745,-0.124621436,3.8516173,0.13983357,0.15282473,7,7,0.120429285,113,60,0.16141806925880312,-0.007379444537650465,29,0.11692194418755952,0.23821028504903763,0.16879751379645358,False,True,True,False
2D,entry_btc_trend_gap_pct≤0.0932 ∧ entry_pair_rank>30,107.66666666666667,-0.16995636,-0.011056188,-3.8211997,-0.13697977,-0.17727226,6,8,0.14679232,102,20,0.40142848029573797,0.018300717713921184,17,0.43990759233727017,0.31334326847441735,0.3831277625818168,False,True,False,False
2D,entry_ema20_slope>0.146 ∧ entry_pair_volume_ratio>0.763,105.66666666666667,0.07548597,-0.092925854,3.8083096,0.19124678,0.15231739,6,7,0.1427218,114,25,-0.05622529711788905,0.1524655856354929,19,-0.29691252529438017,-0.12839860843049844,-0.20869088275338193,False,True,False,False
2D,entry_adx_delta≤0.241 ∧ entry_btc_1h_slope≤0.0639,111.33333333333333,-0.16940133,-0.009402717,-3.7569695,-0.06902598,-0.2209728,6,7,0.11714288,87,20,-0.12118534553755629,0.15583067188057756,13,0.1675894211513333,-0.5741058043003161,-0.27701601741813386,False,True,True,False
2D,entry_btc_1h_slope>0.0639 ∧ entry_quality_score>4,44.333333333333336,0.17306209,-0.07721019,3.7461176,0.2657718,0.23220883,7,7,0.22729969,47,8,0.02276436292053033,0.10496942328191508,7,,-0.03035681357573368,-0.08220506036138475,False,True,False,False
2D,entry_btc_1h_slope≤0.0639 ∧ entry_gap≤0.354,99.66666666666667,-0.18069218,-0.011672097,-3.743411,-0.12389694,-0.19915172,6,8,0.113261625,82,16,-0.07371965133113388,0.1324867321683864,11,-0.042273513060832296,-0.4160875462373033,-0.2062063834995203,False,True,True,False
2D,entry_btc_rsi_1h>57.2 ∧ entry_bull_pct≤71.1,120.0,0.069088824,-0.098299876,3.7298272,0.13351496,0.20568892,6,8,0.13374116,83,32,0.23753711609637207,0.028409944329513506,23,-0.07122632413453117,0.3708371155660717,0.20912717176685858,False,True,True,False
2D,entry_btc_adx>24.9 ∧ entry_btc_atr_pct>0.146,67.33333333333333,-0.22439227,-0.018698586,-3.720382,-0.11443424,-0.31682444,6,7,0.17357166,61,13,-0.07438101391389852,0.12513707630184878,7,,-0.043490934702521224,-0.1995180902157473,False,True,True,False
2D,entry_btc_rsi_prev>62 ∧ entry_btc_trend_gap_pct≤0.0932,75.0,-0.19589792,-0.02029277,-3.7169392,-0.1127346,-0.2235084,7,8,0.111496925,79,16,-0.19060156992538838,0.1558631158872373,13,-0.3589597290337761,-0.39723569432706735,-0.3464646858126257,False,True,True,False
2D,entry_btc_adx>24.9 ∧ entry_pair_rank>30,99.0,-0.17144625,-0.014812711,-3.699474,-0.15443508,-0.15973203,5,7,0.12947343,96,27,0.09820640340602754,0.0980848008726091,17,0.012905379602407452,0.024625912505968163,0.00012160253341844673,False,True,False,False
2D,entry_pair_ema20_ema50_gap_pct≤0.339 ∧ entry_pair_rank>30,94.0,-0.1778119,-0.015368767,-3.694245,-0.15269114,-0.17788063,8,9,0.13267772,97,24,0.24140440278366934,0.050357201185620926,19,0.23712627838183295,0.12265198097324413,0.19104720159804842,False,True,False,False
2D,entry_gap≤0.354 ∧ entry_pair_rank>30,92.0,-0.17821787,-0.016228799,-3.6826673,-0.16032201,-0.16700287,7,9,0.12788178,106,26,0.09495188534251604,0.09929535904667648,20,0.11883029703448683,-0.04980235448311181,-0.004343473704160439,False,True,True,False
2D,entry_btc_1h_slope>0.0639 ∧ entry_ema50_slope≤0.226,91.0,0.083731346,-0.087797485,3.6427941,0.15321392,0.19128278,6,8,0.14288434,76,30,0.24856041253428754,0.029736542062790087,19,0.1399505783037041,0.25421609004437984,0.21882387047149746,False,True,True,False
1D,entry_btc_rsi_1h_prev >med 54.1,212.33333333333334,0.018703999,-0.1205297,3.639801,0.12509331,0.15033859,7,7,0.11945876,114,61,0.12011041791671227,0.059791104550094905,29,0.057482647360807104,0.04770635478442862,0.06031931336661737,False,True,True,False
1D,entry_btc_rsi_1h_prev ≤med 54.1,214.0,-0.1205297,0.018703999,-3.639801,-0.12509331,-0.15033859,7,7,0.11945876,123,35,0.059791104550094905,0.12011041791671227,18,-0.057482647360807104,-0.04770635478442862,-0.06031931336661737,False,True,True,False
1D,entry_btc_1h_slope ≤T1 -0.08,143.0,-0.14831297,-0.00216395,-3.6367218,-0.14611997,-0.14482832,6,7,0.11134143,88,20,-0.03476563210552076,0.13308864203004192,11,-0.10391433184674431,-0.18355357674156034,-0.1678542741355627,False,True,True,False
2D,entry_btc_1h_slope>0.0639 ∧ entry_ema_gap_8_13≤0.132,114.33333333333333,0.05960067,-0.09178274,3.630128,0.20717633,0.10109919,7,7,0.12009022,96,36,0.13187062239901456,0.07786802909680407,21,0.202990718062667,0.00504931720298801,0.054002593302210494,False,True,True,False
2D,entry_btc_rsi_prev6≤58.3 ∧ entry_pair_rank>30,107.33333333333333,-0.1663726,-0.012428045,-3.617473,-0.06417751,-0.26341334,6,8,0.09943357,101,19,0.15418270039270462,0.0842851018793686,15,0.4332961110540711,-0.02171757358200488,0.06989759851333602,False,True,False,False
2D,entry_btc_rsi_1h_prev≤54.1 ∧ entry_pair_rank>30,100.33333333333333,-0.1660816,-0.015823161,-3.6142719,-0.10176474,-0.19188485,7,8,0.13361046,89,16,0.347633034847767,0.048216194932606225,11,0.02003298159795472,0.47285732635756633,0.29941683991516077,False,True,False,False
2D,entry_btc_1h_slope≤0.0639 ∧ entry_pair_rank>30,104.33333333333333,-0.16320588,-0.014888381,-3.6043518,-0.13002245,-0.1643255,7,8,0.12532629,91,14,0.31361976952051934,0.061326187547384135,11,0.09223161547386169,0.3544574996545627,0.25229358197313523,False,True,False,False
2D,entry_btc_trend_gap_pct>0.0932 ∧ entry_quality_score>4,48.0,0.14375815,-0.07591787,3.6031868,0.20623592,0.23172703,6,7,0.19614655,52,8,0.40690739046586905,0.07004732986870246,7,,0.5409328171327188,0.33686006059716656,False,True,True,False
2D,entry_btc_1h_slope≤0.0639 ∧ entry_btc_adx_prev>24.8,98.66666666666667,-0.1753894,-0.013784694,-3.585202,-0.11344777,-0.1923074,4,7,0.09885043,78,20,0.1836378813181811,0.0756140332343309,11,0.10452672695960735,0.13150659894804984,0.1080238480838502,False,True,False,False
2D,entry_btc_rsi_1h_prev>54.1 ∧ entry_ema_gap_8_13≤0.132,112.0,0.06030372,-0.0909095,3.5679286,0.2154181,0.09320851,6,7,0.11312917,97,37,0.14173288014908786,0.07076792519756812,22,0.22507423568305127,0.00504931720298801,0.07096495495151973,False,True,True,False
2D,entry_btc_trend_gap_pct>0.0932 ∧ entry_rsi_prev>57.8,120.66666666666667,0.052776612,-0.09222547,3.5555487,0.18824556,0.105590165,7,8,0.11343512,96,25,0.18315676927903307,0.06817612563657667,17,-0.13505115453353236,0.2689787844162786,0.1149806436424564,False,True,True,False
2D,entry_btc_rsi_1h_prev>54.1 ∧ entry_neg_di>15.8,100.66666666666667,0.07286582,-0.08953029,3.5524178,0.09766032,0.21795315,8,8,0.13829307,80,33,0.05635030468149058,0.11999784282037426,20,0.2528164643116487,-0.12648642938863297,-0.06364753813888369,False,True,False,False
2D,entry_btc_1h_slope≤0.0639 ∧ entry_btc_trend_gap_pct≤0.0932,167.33333333333334,-0.13550979,0.0032951115,-3.5513206,-0.12150858,-0.1514134,7,7,0.12014695,111,23,-0.019862733321543913,0.13529132902148328,15,-0.0030656339803998844,-0.377063687561501,-0.1551540623430272,False,True,True,False
2D,entry_btc_rsi_1h>57.2 ∧ entry_ema50_slope≤0.226,90.66666666666667,0.081207685,-0.08694549,3.5459664,0.1324757,0.20678899,6,8,0.12690336,73,32,0.2201783922777736,0.037089306238812715,19,0.01825368679240652,0.2556946248773365,0.1830890860389609,False,True,True,False
2D,entry_btc_rsi>62.8 ∧ entry_btc_rsi_1h_prev≤54.1,99.33333333333333,-0.16261026,-0.01733717,-3.5414004,-0.08796127,-0.18536697,8,8,0.12353518,80,17,0.22417995834441778,0.07099196025718564,11,-0.374004863992515,0.47141765413335546,0.15318799808723216,False,True,False,False
2D,entry_btc_1h_slope>0.0639 ∧ entry_btc_rsi_1h>57.2,192.33333333333334,0.023834083,-0.11284598,3.5308971,0.14207835,0.13049969,6,7,0.10572402,103,58,0.15786279090421693,0.006931112624425996,28,0.09485099334365962,0.22609779896255597,0.15093167827979093,False,True,True,False
2D,entry_btc_rsi_1h>57.2 ∧ entry_btc_rsi_1h_prev>54.1,194.66666666666666,0.022801517,-0.113354966,3.5222921,0.12652263,0.14351152,5,7,0.10538284,103,59,0.12328726275839447,0.057985828362905334,29,-0.0018149700244370626,0.09733612269842473,0.06530143439548913,False,True,True,False
2D,entry_adx_delta≤0.241 ∧ entry_btc_rsi_1h≤57.2,114.33333333333333,-0.16208713,-0.010544591,-3.5194776,-0.11685616,-0.17454399,6,7,0.124456696,91,15,-0.21915776875932613,0.1568739590563292,11,0.474185209695497,-0.7975418791680667,-0.3760317278156553,False,True,True,False
2D,entry_btc_ema20_slope>0.0586 ∧ entry_btc_rsi_1h_prev≤54.1,107.33333333333333,-0.16114816,-0.014185894,-3.4618175,-0.05882314,-0.22463447,6,8,0.10644919,67,18,-0.00898300076455608,0.12283484828121512,11,-0.3281761046713348,-0.000878680662616948,-0.1318178490457712,False,True,True,False
2D,entry_adx≤22 ∧ entry_btc_adx>24.9,84.66666666666667,-0.1790063,-0.01951026,-3.4610667,-0.13002202,-0.18278615,7,8,0.11054994,94,23,-0.10242159932918134,0.16130302653073889,14,0.1423753282543958,-0.38367815132576666,-0.26372462585992024,False,True,True,False
2D,entry_btc_rsi_1h_prev>54.1 ∧ entry_quality_score>4,41.333333333333336,0.16731787,-0.074643314,3.4447138,0.2909213,0.19245395,7,7,0.21559466,46,8,0.02276436292053033,0.10496942328191508,7,,-0.03035681357573368,-0.08220506036138475,False,True,False,False
2D,entry_btc_1h_slope≤0.0639 ∧ entry_ema_gap_8_13≤0.132,99.0,-0.16661318,-0.016274441,-3.428181,-0.14186063,-0.15553698,7,8,0.1194606,83,18,-0.11275798132270319,0.14678292071771062,13,-0.01040138864655557,-0.4159119061030764,-0.2595409020404138,False,True,True,False
2D,entry_btc_rsi_1h_prev>54.1 ∧ entry_ema50_slope≤0.226,93.0,0.07663861,-0.08684779,3.4232461,0.11653354,0.21147734,6,8,0.13451323,76,32,0.2338165306297622,0.030270237062818443,20,0.06536725564473067,0.2556946248773365,0.20354629356694376,False,True,True,False
2D,entry_btc_rsi_1h_prev≤54.1 ∧ entry_pos_di>26.2,91.66666666666667,-0.16353674,-0.020411367,-3.4075239,-0.1626398,-0.12704073,8,8,0.1140891,84,15,-0.05697887997962641,0.12684083150453293,10,-0.48291712463765035,-0.01661260450657815,-0.18381971148415935,False,True,True,False
2D,entry_ema50_slope≤0.226 ∧ entry_pair_rank>30,93.33333333333333,-0.17016481,-0.017837303,-3.4060588,-0.18143475,-0.12756394,8,9,0.12909855,97,22,0.11326759335472368,0.09361536619417365,18,0.1980893060694519,-0.14987231682300117,0.019652227160550026,False,True,False,False
2D,entry_btc_rsi_1h>57.2 ∧ entry_rsi_prev>57.8,120.33333333333333,0.048554037,-0.090407,3.4031775,0.2126324,0.07364901,6,8,0.071474336,91,36,0.14610319794685797,0.06932848376809805,22,-0.17972424560095235,0.20614275916958436,0.07677471417875992,False,True,True,False
2D,entry_btc_rsi_1h_prev≤54.1 ∧ entry_ema_gap_8_13≤0.132,101.33333333333333,-0.16218136,-0.016576905,-3.384527,-0.14617887,-0.14377092,7,8,0.11444051,82,17,-0.14861281311531674,0.15121318955864751,12,-0.06288085363407356,-0.4159119061030764,-0.29982600267396425,False,True,True,False
2D,entry_pair_rank>30 ∧ entry_rsi≤60.1,99.0,-0.16845614,-0.015717052,-3.3748903,-0.22775559,-0.08567494,6,8,0.11814368,105,32,0.07970675096448453,0.10732512689545726,23,0.096546244978929,-0.07140909976310934,-0.02761837593097273,False,True,True,False
2D,entry_adx≤22 ∧ entry_global_volume_ratio≤0.823,111.33333333333333,-0.16801493,-0.009892728,-3.3704982,-0.16636562,-0.1560069,7,9,0.10994533,117,25,0.24159147324005917,0.04760052565029986,18,0.4636235547492419,0.12985036332477237,0.19399094758975932,False,True,False,False
2D,entry_btc_rsi_1h>57.2 ∧ entry_quality_score>4,40.0,0.16520283,-0.073589265,3.3657446,0.28940138,0.19110557,7,7,0.2105147,44,9,0.13085030891234553,0.09473300427542138,8,,0.13420684133233238,0.036117304636924155,False,True,True,False
2D,entry_btc_rsi_1h_prev>54.1 ∧ entry_ema5_stretch≤0.118,125.33333333333333,0.04693674,-0.092041895,3.3350499,0.08159865,0.18868834,5,8,0.09234071,97,33,0.23208321510421673,0.027947270694184418,22,0.07709680267688165,0.2516652778094509,0.2041359444100323,False,True,True,False
2D,entry_btc_rsi_1h_prev>54.1 ∧ entry_price_vs_ema5_pct≤0.118,125.33333333333333,0.04693674,-0.092041895,3.3350499,0.08159865,0.18868834,5,8,0.09234071,97,33,0.23208321510421673,0.027947270694184418,22,0.07709680267688165,0.2516652778094509,0.2041359444100323,False,True,True,False
2D,entry_bear_pct>20 ∧ entry_quality_score>4,40.0,0.16355854,-0.07341902,3.3221107,0.35474825,0.16533512,6,7,0.19536081,55,8,0.11066458276286212,0.09697849420533947,7,,0.2700740064549998,0.013686088557522652,False,True,True,False
2D,entry_btc_1h_slope≤0.0639 ∧ entry_btc_rsi_prev6>58.3,93.66666666666667,-0.1581259,-0.021074383,-3.3200357,-0.2729577,-0.06294436,6,8,0.11194572,83,20,-0.06165511043609442,0.14016482053808757,15,-0.2596222862720961,-0.16550169815011706,-0.201819930974182,False,True,True,False
2D,entry_btc_1h_slope≤0.0639 ∧ entry_btc_ema20_slope>0.0586,99.66666666666667,-0.16118443,-0.017623948,-3.3071012,-0.047402907,-0.22350287,6,8,0.11091886,64,19,-0.13914297296057718,0.15666416413537318,12,-0.4792372192559746,-0.1786578708965275,-0.29580713709595036,False,True,True,False
2D,entry_bear_pct≤20 ∧ entry_pair_volume_ratio≤0.763,116.66666666666667,-0.15109567,-0.013543733,-3.3025343,-0.10732134,-0.16568553,6,9,0.09812187,102,24,0.15935165047769215,0.07770811862094666,17,0.2597647322010235,-0.05278515804751299,0.08164353185674549,False,True,False,False
2D,entry_pair_rank≤30 ∧ entry_rsi≤60.1,114.33333333333333,0.06296805,-0.09301673,3.3017733,0.017484218,0.2669525,6,9,0.10073153,114,23,0.053896715102174184,0.11205205075099675,20,0.06365040186316404,-0.05139812506861073,-0.05815533564882257,False,True,False,False
2D,entry_btc_1h_slope≤0.0639 ∧ entry_btc_rsi_1h≤57.2,193.33333333333334,-0.12007239,0.005974769,-3.2999012,-0.09954825,-0.14687485,7,7,0.09996759,110,27,-0.04870413746796151,0.15557153425808307,16,0.0740641172805756,-0.3620019246879896,-0.20427567172604458,False,True,True,False
2D,entry_global_volume_ratio≤0.823 ∧ entry_pair_volume_ratio≤0.763,125.33333333333333,-0.1534597,-0.008598866,-3.2957165,-0.24020392,-0.052422218,5,8,0.0940494,125,25,0.12452577497840762,0.08882084193961384,16,0.48018247602014863,-0.16078471225109398,0.03570493303879378,False,True,False,False
2D,entry_pair_volume_ratio>0.763 ∧ entry_quality_score>4,40.333333333333336,0.14316414,-0.071492635,3.2940314,0.36572373,0.108334824,6,7,0.13618258,57,9,-0.0676710116182918,0.11526969260617695,8,-0.3983675448229137,-0.048462988269456456,-0.18294070422446873,False,True,False,False
2D,entry_bull_pct≤71.1 ∧ entry_pair_rank≤30,117.66666666666667,0.055753734,-0.091951065,3.2869592,0.13079512,0.1631501,6,8,0.12576966,113,22,0.11340086547996836,0.09357574475153331,19,-0.1621923769606431,0.09554657302132749,0.01982512072843505,False,True,True,False
2D,entry_btc_rsi_1h_prev≤54.1 ∧ entry_btc_rsi_prev6>58.3,88.33333333333333,-0.16064644,-0.02257821,-3.2811487,-0.1944385,-0.10405667,6,8,0.112019,75,17,-0.08222525565131024,0.1369272594714562,13,-0.43352454059866596,-0.08214396395283742,-0.21915251512276646,False,True,True,False
2D,entry_btc_rsi_1h≤57.2 ∧ entry_gap≤0.354,102.66666666666667,-0.16260664,-0.015842188,-3.271093,-0.14724497,-0.14480811,7,8,0.09738051,86,13,-0.09676637558525175,0.12864321728651856,10,0.22305492514816846,-0.6269416994011006,-0.22540959287177031,False,True,True,False
2D,entry_btc_rsi_1h_prev>54.1 ∧ entry_btc_trend_gap_pct>0.0932,164.33333333333334,0.029323261,-0.10168191,3.258022,0.109489076,0.14956391,7,7,0.10281813,102,44,0.14016646512930908,0.06254037858621485,22,-0.039097915209511475,0.16036191894711072,0.07762608654309423,False,True,True,False
2D,entry_bear_pct>20 ∧ entry_pair_rank≤30,114.66666666666667,0.05747409,-0.09116226,3.255036,0.07700749,0.21201599,5,8,0.11994539,110,22,0.01976469434268311,0.12141352535991543,19,-0.18644597540621213,-0.06829888033039236,-0.10164883101723232,False,True,False,False
2D,entry_btc_adx_prev≤24.8 ∧ entry_btc_rsi_1h_prev>54.1,96.0,0.075542,-0.088013835,3.2475595,0.16971381,0.15808553,7,8,0.13894078,69,25,0.055251418370227644,0.1132132210270011,15,-0.062421313936118744,-0.10389870311397506,-0.057961802656773455,False,True,False,False
2D,entry_btc_1h_slope>0.0639 ∧ entry_btc_rsi_1h_prev>54.1,194.33333333333334,0.017288238,-0.10854117,3.2438653,0.13917434,0.11241034,7,7,0.09842938,106,55,0.1301092735054825,0.05520522217978617,27,0.08653914038675395,0.09733612269842473,0.07490405132569632,False,True,True,False
2D,entry_btc_adx>24.9 ∧ entry_btc_rsi_1h≤57.2,93.33333333333333,-0.16649364,-0.018866265,-3.2309573,-0.08144433,-0.19511987,3,7,0.070581734,72,15,-0.03333684661102786,0.12246267717701467,8,0.08960873577946538,-0.3207906948061673,-0.15579952378804252,False,True,True,False
2D,entry_ema50_slope≤0.226 ∧ entry_pair_volume_ratio≤0.763,110.33333333333333,-0.1599278,-0.013216787,-3.2193184,-0.21226521,-0.0846805,7,9,0.10365796,103,26,-0.010662957051257334,0.1385237290786494,19,0.08469566020122737,-0.3691423986064613,-0.14918668612990674,False,True,True,False
2D,entry_btc_adx_prev≤24.8 ∧ entry_btc_rsi_1h>57.2,96.66666666666667,0.072208144,-0.08736701,3.2165668,0.1659145,0.1529949,7,8,0.12351933,72,29,0.09250768898254148,0.10054777868177713,18,-0.15588010437300973,0.056653751472866165,-0.008040089699235642,False,True,False,False
2D,entry_adx_delta>0.241 ∧ entry_pair_rank≤30,115.66666666666667,0.048289884,-0.08822126,3.2152493,0.08109232,0.18473081,7,8,0.110664055,118,27,0.1690546178024136,0.07036158654358847,22,-0.07907767743873365,0.17142312056661507,0.09869303125882513,False,True,True,False
2D,entry_pair_rank>30 ∧ entry_quality_score≤4,155.33333333333334,-0.13027799,-0.0058500343,-3.199498,-0.1491879,-0.10551496,7,8,0.098673075,134,39,0.20211642852721046,0.02696286736160635,24,0.010132111486784195,0.30231849360061613,0.1751535611656041,False,True,False,False
2D,entry_btc_adx>24.9 ∧ entry_pair_volume_ratio≤0.763,86.0,-0.17971748,-0.018705685,-3.1993933,-0.22007383,-0.11084595,6,8,0.11414591,91,25,0.07705539107968519,0.10553576584761469,17,0.13463184695718275,-0.07793163501267067,-0.0284803747679295,False,True,True,False
2D,entry_global_volume_ratio≤0.823 ∧ entry_quality_score≤4,164.33333333333334,-0.12975821,-0.0019018104,-3.1931775,-0.18876833,-0.07767506,6,9,0.097321086,143,42,0.08076846521115913,0.11161386320933496,25,0.3107370898940919,-0.1522997189412624,-0.03084539799817583,False,True,True,False
2D,entry_btc_1h_slope>0.0639 ∧ entry_dist_from_ema13_pct≤0.341,127.33333333333333,0.039534952,-0.08981936,3.1889477,0.11388357,0.14266264,5,8,0.0854728,98,35,0.1652521613510305,0.05959997548994593,22,0.07235364372316447,0.14128393743684026,0.10565218586108456,False,True,True,False
2D,entry_btc_1h_slope>0.0639 ∧ entry_price_vs_ema5_pct≤0.118,127.0,0.041308966,-0.09042799,3.1870518,0.07441162,0.18255308,4,8,0.07931894,100,32,0.25829980624215737,0.018028599256620835,21,0.17176719616917102,0.2516652778094509,0.24027120698553653,False,True,True,False
2D,entry_btc_1h_slope>0.0639 ∧ entry_ema5_stretch≤0.118,127.0,0.041308966,-0.09042799,3.1870518,0.07441162,0.18255308,4,8,0.07931894,100,32,0.25829980624215737,0.018028599256620835,21,0.17176719616917102,0.2516652778094509,0.24027120698553653,False,True,True,False
2D,entry_btc_1h_slope≤0.0639 ∧ entry_btc_rsi>62.8,97.0,-0.15222616,-0.021424899,-3.1864889,-0.101277046,-0.14887305,7,8,0.10962804,84,19,0.08625001205913392,0.10104771328635359,13,-0.4640166296040054,0.31633716595667627,-0.01479770122721967,False,True,True,False
2D,entry_btc_rsi_1h_prev>54.1 ∧ entry_pair_ema20_ema50_gap_pct≤0.339,89.33333333333333,0.069544576,-0.0831885,3.1794598,0.1357224,0.16882184,6,8,0.13367367,75,32,0.2904982255523751,0.0019293896015119827,19,0.14336038115289185,0.3419513060202372,0.28856883595086313,False,True,True,False
2D,entry_btc_adx_prev>24.8 ∧ entry_btc_rsi_1h_prev≤54.1,96.66666666666667,-0.16262004,-0.018509405,-3.1793551,-0.09159604,-0.17835444,4,7,0.08490613,75,20,0.20745064596365248,0.06934751622236474,10,0.049241148203207685,0.2100262102751046,0.13810312974128774,False,True,False,False
2D,entry_btc_adx>24.9 ∧ entry_global_volume_ratio≤0.823,93.66666666666667,-0.16689505,-0.018605324,-3.1789885,-0.1710886,-0.12832603,5,7,0.1023086,94,27,0.09027173679883668,0.10118967041455332,18,0.17568696212751508,-0.08269732348547157,-0.010917933615716635,False,True,True,False
2D,entry_btc_adx_prev>24.8 ∧ entry_btc_rsi_prev>62,115.66666666666667,-0.14531417,-0.016139055,-3.1786683,-0.1217532,-0.1328038,5,8,0.08233605,97,35,0.12099623437106415,0.08499272047845122,20,0.03548911354982365,0.05093951248112759,0.03600351389261293,False,True,False,False
2D,entry_btc_1h_slope>0.0639 ∧ entry_pair_ema20_ema50_gap_pct≤0.339,87.33333333333333,0.0690011,-0.0821474,3.1753283,0.14799061,0.15281415,7,8,0.13712597,75,31,0.35035342590634966,-0.022177416168062607,19,0.21920928581351504,0.45595625072332246,0.3725308420744123,False,True,True,False
2D,entry_ema20_slope≤0.146 ∧ entry_pair_rank>30,97.33333333333333,-0.15932731,-0.019191533,-3.1594918,-0.12074137,-0.16535343,6,9,0.10201426,105,26,0.14662165107019126,0.08010373177639711,18,0.15351947295815602,0.06636099840110624,0.06651791929379415,False,True,False,False
2D,entry_btc_1h_slope>0.0639 ∧ entry_btc_atr_pct≤0.146,110.66666666666667,0.0457247,-0.08515968,3.1580904,0.07913001,0.1748524,7,8,0.09504148,66,37,0.04016220868627343,0.13446478696238393,18,0.1934168766902214,-0.24282684054452058,-0.0943025782761105,False,True,False,False
1D,entry_btc_1h_slope ≤0,163.0,-0.1272799,-0.0040832185,-3.150947,-0.10028251,-0.14065823,5,7,0.09568227,98,24,-0.06098001736564157,0.15115200790205788,13,0.005541235701486513,-0.33633647523528787,-0.21213202526769945,False,True,True,False
1D,entry_btc_1h_slope >0,263.3333333333333,-0.0040832185,-0.1272799,3.1509466,0.10028251,0.14065823,5,7,0.09568227,133,72,0.15115200790205788,-0.06098001736564157,33,-0.005541235701486513,0.33633647523528787,0.21213202526769945,False,True,True,False
2D,entry_ema20_slope≤0.146 ∧ entry_rsi_prev≤57.8,134.0,-0.1426105,-0.009277301,-3.1467874,-0.13329528,-0.13424464,8,9,0.10225726,125,30,-0.004188133762893498,0.1446222449251451,19,0.3604411512264987,-0.2506024199224225,-0.14881037868803862,False,True,True,False
2D,entry_btc_adx_prev>24.8 ∧ entry_pair_rank>30,98.0,-0.15620616,-0.019838586,-3.145444,-0.1381904,-0.1349317,5,7,0.10896124,95,29,0.18251702962708907,0.06158851183562963,17,0.012905379602407452,0.22396975759411636,0.12092851779145944,False,True,False,False
2D,entry_btc_rsi_1h≤57.2 ∧ entry_ema20_slope≤0.146,105.33333333333333,-0.15688014,-0.01650207,-3.145198,-0.1466986,-0.13418368,7,8,0.096193984,92,15,-0.14486328462316317,0.14311572125333605,11,0.22305492514816846,-0.629486291267026,-0.2879790058764992,False,True,True,False
2D,entry_btc_adx_prev>24.8 ∧ entry_btc_atr_pct>0.146,67.0,-0.2016568,-0.023128573,-3.1384552,-0.07941283,-0.29264218,6,7,0.14609894,61,13,-0.07438101391389852,0.12513707630184878,7,,-0.043490934702521224,-0.1995180902157473,False,True,True,False
2D,entry_bear_pct>20 ∧ entry_btc_rsi_1h_prev≤54.1,83.0,-0.17069358,-0.022294087,-3.1381373,-0.16814443,-0.13228557,6,8,0.0998874,84,18,-0.03737544575119934,0.12938695097044045,10,-0.33979595951444996,-0.04840854212224607,-0.16676239672163978,False,True,True,False
2D,entry_bear_pct>20 ∧ entry_btc_rsi_1h>57.2,123.0,0.04772029,-0.09129055,3.135092,0.08163482,0.20243803,6,8,0.10679198,86,33,0.26237731753396937,0.01207893132621873,23,-0.05626691261349659,0.44155052265109307,0.25029838620775063,False,True,True,False
2D,entry_btc_rsi_1h_prev>54.1 ∧ entry_dist_from_ema13_pct≤0.341,127.66666666666667,0.038188804,-0.08938831,3.1250596,0.10894016,0.14381857,6,8,0.08799492,99,36,0.17446110573438314,0.052313739095582915,22,0.09919927610555954,0.14128393743684026,0.12214736663880023,False,True,True,False
2D,entry_btc_adx≤24.9 ∧ entry_rsi_prev>57.8,85.0,0.06662437,-0.0805223,3.1202974,0.26474637,0.005067531,7,8,0.09000069,90,25,-0.047555461980179625,0.1494128267841868,18,-0.2725266376057219,-0.21351697676182246,-0.19696828876436642,False,True,False,False
2D,entry_neg_di≤15.8 ∧ entry_pair_volume_ratio>0.763,117.66666666666667,0.0451171,-0.08789628,3.117699,0.22251096,0.048379462,6,7,0.10578509,117,24,0.16460291405245747,0.07595769742935819,19,-0.13599581316751788,0.21828405990597213,0.08864521662309928,False,True,True,False
2D,entry_adx_prev≤22.1 ∧ entry_btc_1h_slope>0.0639,99.0,0.06426218,-0.08610131,3.1160748,0.18130383,0.111422785,6,7,0.115228176,84,30,0.1791694179078237,0.06127790325663728,19,0.12847058523777377,0.10856196402340863,0.11789151465118641,False,True,True,False
2D,entry_btc_adx>24.9 ∧ entry_dist_from_ema13_pct>0.341,81.33333333333333,-0.1719334,-0.022718707,-3.1150973,-0.092186764,-0.19533229,5,7,0.10221821,92,17,-0.04171570033640177,0.12821001339103286,14,-0.14024724188355514,-0.19807179464517582,-0.16992571372743462,False,True,True,False
2D,entry_btc_atr_pct≤0.146 ∧ entry_rsi_prev>57.8,128.33333333333334,0.03273422,-0.087324716,3.1149237,0.24140152,0.04609178,5,7,0.039888773,98,30,0.0987983171147007,0.0978102217989659,18,-0.1718549474046729,0.061589587845898,0.0009880953157348077,False,True,True,False
2D,entry_btc_rsi>62.8 ∧ entry_btc_rsi_1h_prev>54.1,113.66666666666667,0.04907769,-0.087634444,3.1055145,0.074025236,0.19118252,6,8,0.08459784,91,35,0.1746112839935396,0.0542299870885063,20,-0.0715858853932225,0.25542611063218335,0.1203812969050333,False,True,True,False
1D,entry_price_vs_ema5_pct >0,375.3333333333333,-0.07116947,0.09589033,-3.1026425,-0.06694195,-0.23325956,5,7,0.12050726,178,84,0.06577082755388214,0.3245562198038889,37,0.0182795668883744,-0.4449180333440376,-0.25878539225000674,False,True,True,False
1D,entry_price_vs_ema5_pct ≤0,51.0,0.09589033,-0.07116947,3.1026404,0.06694195,0.23325956,5,7,0.12050726,58,12,0.3245562198038889,0.06577082755388214,9,-0.0182795668883744,0.4449180333440376,0.25878539225000674,False,True,True,False
2D,entry_pair_rank>30 ∧ entry_pos_di>26.2,97.66666666666667,-0.1533865,-0.02081478,-3.100967,-0.15320367,-0.11476636,7,8,0.09733537,102,21,0.045801131121875324,0.11276800531484515,13,0.07805460719743434,-0.0859566920310014,-0.06696687419296983,False,True,True,False
2D,entry_btc_rsi_prev6≤58.3 ∧ entry_pair_rank≤30,109.0,0.0601024,-0.08941082,3.0978239,0.10774931,0.18505889,8,9,0.11963466,109,27,0.06740084054139185,0.11013915155877083,21,-0.20094633777905205,0.05770438143829386,-0.042738311017378974,False,True,False,False
2D,entry_btc_rsi_1h≤57.2 ∧ entry_btc_rsi_1h_prev≤54.1,196.0,-0.11492498,0.0030539378,-3.0902717,-0.10008443,-0.13159287,6,7,0.0970684,112,27,-0.03106505254539009,0.14866928363620727,15,0.031217793744365896,-0.29609952493716163,-0.17973433618159734,False,True,True,False
2D,entry_btc_adx≤24.9 ∧ entry_btc_trend_gap_pct>0.0932,91.66666666666667,0.0718105,-0.084874004,3.0877957,0.124536745,0.21379423,6,7,0.14525224,65,18,0.17776388488900852,0.07973941313039254,12,-0.12094487308960306,0.2405190406113724,0.09802447175861598,False,True,True,False
2D,entry_btc_1h_slope>0.0639 ∧ entry_btc_adx≤24.9,98.0,0.067084394,-0.086485706,3.0849953,0.16145293,0.14404023,7,8,0.13777496,71,26,0.14586235046302326,0.08038575771620235,16,0.0796103726220099,0.06235639366571618,0.06547659274682091,False,True,True,False
2D,entry_btc_1h_slope>0.0639 ∧ entry_neg_di>15.8,99.66666666666667,0.056685496,-0.08409651,3.0805943,0.07697874,0.19500703,6,8,0.11493303,83,32,0.10574314703493898,0.09430692886023005,20,0.31184091479587195,0.04648157634692822,0.011436218174708926,False,True,True,False
2D,entry_adx>22 ∧ entry_pair_rank≤30,110.0,0.04860766,-0.08588635,3.0775123,0.17253533,0.11793545,7,7,0.102472275,112,23,0.0650553664556597,0.10853631128346022,16,0.04054228494708095,-0.06834458650677201,-0.04348094482780053,False,True,False,False
2D,entry_btc_1h_slope>0.0639 ∧ entry_btc_adx_prev≤24.8,98.33333333333333,0.06611161,-0.08635014,3.0768821,0.16929778,0.13086046,7,8,0.12394464,73,24,0.13597411787312505,0.08550062948913568,14,0.057456645991679434,0.056653751472866165,0.050473488383989365,False,True,True,False
2D,entry_btc_adx≤24.9 ∧ entry_neg_di≤15.8,97.66666666666667,0.06425169,-0.0854882,3.0692616,0.08127235,0.24113718,7,8,0.10760377,102,19,0.20280819965654082,0.0722866020610194,15,-0.16219281714064693,0.35504727645978035,0.1305215975955214,False,True,True,False
2D,entry_btc_rsi_1h≤57.2 ∧ entry_btc_trend_gap_pct≤0.0932,162.33333333333334,-0.12574294,-0.005339399,-3.067666,-0.09762359,-0.13694145,6,7,0.09642474,110,23,0.0072256493157224246,0.12675663312207064,14,0.09438610292557453,-0.3434422094672707,-0.11953098380634822,False,True,True,False
2D,entry_adx≤22 ∧ entry_btc_adx_prev>24.8,86.0,-0.16385356,-0.022714399,-3.06509,-0.13578878,-0.14405172,7,8,0.0907383,97,25,0.024701202754639513,0.12397033920150398,15,0.15958886062294222,-0.1670821382641536,-0.09926913644686447,False,True,True,False
2D,entry_adx>22 ∧ entry_bear_pct>20,105.33333333333333,0.05026145,-0.08447377,3.0633314,0.1391089,0.13136071,7,7,0.10484399,101,25,0.1951888164878426,0.06393948929544654,16,0.035446150423114164,0.1782581523746192,0.13124932719239604,False,True,True,False
2D,entry_btc_ema20_slope>0.0586 ∧ entry_btc_trend_gap_pct≤0.0932,75.0,-0.1769029,-0.024347685,-3.0590196,-0.0071553104,-0.28798446,5,8,0.091159694,61,12,-0.20665247383641963,0.14165778378821198,9,-0.437025284756622,-0.29531571347888386,-0.34831025762463164,False,True,True,False
2D,entry_btc_ema20_slope>0.0586 ∧ entry_pair_volume_ratio≤0.763,105.33333333333333,-0.15760562,-0.016264008,-3.0576818,-0.118864425,-0.17230515,8,9,0.10969527,91,22,0.07570620695738962,0.10478226485284049,14,-0.23865704743623542,0.11098726535272403,-0.02907605789545087,False,True,True,False
2D,entry_btc_rsi_1h>57.2 ∧ entry_dist_from_ema13_pct≤0.341,122.66666666666667,0.038227085,-0.08730316,3.0550628,0.118045725,0.13244247,5,8,0.08079452,92,39,0.1559815062804954,0.0585288667935693,23,-0.06419259748429304,0.22202715553968203,0.09745263948692609,False,True,True,False
2D,entry_pair_volume_ratio≤0.763 ∧ entry_rsi_prev≤57.8,124.0,-0.14907844,-0.011034656,-3.0484896,-0.27469984,-0.014759183,5,9,0.07568889,122,24,-0.00559315067276132,0.13268971900443116,18,0.14741694177603495,-0.2651185801221366,-0.13828286967719247,False,True,True,False
2D,entry_adx_delta>0.241 ∧ entry_pos_di≤26.2,72.33333333333333,0.08526935,-0.07906692,3.0315416,0.16151257,0.16571665,7,7,0.14694828,94,16,0.6358528577464199,-0.00942776964712434,15,0.40668518348149013,0.8189690264101789,0.6452806273935442,False,True,True,False
2D,entry_btc_rsi_1h_prev≤54.1 ∧ entry_quality_score≤4,161.66666666666666,-0.124300346,-0.0065238615,-3.0230632,-0.11792274,-0.11615515,5,8,0.08267222,111,29,0.05697801064234388,0.1159262961723104,16,-0.016078473419084416,-0.05721944535366348,-0.05894828552996652,False,True,True,False
2D,entry_adx_delta≤0.241 ∧ entry_btc_trend_gap_pct≤0.0932,121.0,-0.14343104,-0.014628983,-3.0106938,-0.059667837,-0.18013796,7,8,0.106091835,101,20,-0.03826032635787809,0.13400829841224118,18,0.35680009732091905,-0.5254062317812667,-0.17226862477011928,False,True,True,False
2D,entry_ema_gap_8_13>0.132 ∧ entry_pair_volume_ratio≤0.763,106.66666666666667,-0.15388672,-0.016915394,-3.0089002,-0.2375212,-0.042020887,6,8,0.10511803,106,21,0.32467987898978456,0.0346819559118306,16,0.04336034006360481,0.46626433602874345,0.28999792307795397,False,True,False,False
2D,entry_btc_rsi>62.8 ∧ entry_pair_volume_ratio≤0.763,95.33333333333333,-0.15736513,-0.020603413,-3.0088513,-0.16546722,-0.11201458,6,9,0.103757665,100,27,0.25355444500394947,0.03729643676907438,17,-0.11427281562662991,0.4330407928480783,0.2162580082348751,False,True,False,False
2D,entry_btc_rsi_1h>57.2 ∧ entry_price_vs_ema5_pct≤0.118,123.0,0.03807719,-0.08738033,3.0044444,0.0783866,0.1658224,4,8,0.07487641,93,38,0.21457207682924542,0.021822159183817996,23,-0.054379051163598924,0.32458713618874663,0.19274991764542743,False,True,True,False
2D,entry_btc_rsi_1h>57.2 ∧ entry_ema5_stretch≤0.118,123.0,0.03807719,-0.08738033,3.0044444,0.0783866,0.1658224,4,8,0.07487641,93,38,0.21457207682924542,0.021822159183817996,23,-0.054379051163598924,0.32458713618874663,0.19274991764542743,False,True,True,False
2D,entry_btc_rsi_1h_prev≤54.1 ∧ entry_ema5_stretch≤0.118,88.0,-0.15948829,-0.023015479,-2.9955866,-0.08884756,-0.17022929,7,8,0.120220736,79,15,-0.006771427844454495,0.11754315518320481,9,-0.23665488338336377,-0.06796660027239662,-0.1243145830276593,False,True,True,False
2D,entry_btc_rsi_1h_prev≤54.1 ∧ entry_btc_trend_gap_pct≤0.0932,165.33333333333334,-0.12259841,-0.0059473882,-2.99339,-0.102753855,-0.1260774,5,7,0.10334747,113,24,0.0880597822387702,0.10147207470058729,14,0.038547799100597746,-0.08835135525007679,-0.01341229246181709,False,True,True,False
2D,entry_btc_rsi>62.8 ∧ entry_pair_volume_ratio>0.763,117.66666666666667,0.037631925,-0.08504285,2.990986,0.15266797,0.1024544,6,9,0.09113264,109,25,0.12305936866089415,0.08933718219225939,15,-0.25473050165937955,0.22240601723633477,0.03372218646863476,False,True,True,False
2D,entry_bull_pct≤71.1 ∧ entry_rsi_prev>57.8,105.33333333333333,0.044763573,-0.082669675,2.9897654,0.22924194,0.015600197,6,7,0.08638702,99,25,0.20049665093098912,0.06207053350560618,18,-0.24852434375617918,0.4529071281413951,0.13842611742538294,False,True,True,False
2D,entry_btc_1h_slope≤0.0639 ∧ entry_quality_score≤4,164.33333333333334,-0.12275476,-0.006294555,-2.9884057,-0.13248277,-0.10179582,5,8,0.07903662,113,30,-0.02353287846602551,0.15341531069929598,18,-0.08300503544339172,-0.2663644084003813,-0.17694818916532148,False,True,True,False
2D,entry_pair_volume_ratio>0.763 ∧ entry_pos_di≤26.2,96.0,0.058463633,-0.0830506,2.983081,0.18536502,0.10012421,6,7,0.10367206,103,18,0.27783319102484577,0.0566464963298147,12,-0.10281123726787811,0.44478028390512636,0.22118669469503108,False,True,True,False
2D,entry_bull_pct>71.1 ∧ entry_pair_volume_ratio≤0.763,106.66666666666667,-0.14601171,-0.01954314,-2.9805686,-0.106682226,-0.14311615,6,9,0.10138452,94,27,0.08139734688660127,0.10466225777151501,19,0.2575711170512831,-0.1473047625254316,-0.02326491088491374,False,True,True,False
2D,entry_btc_1h_slope≤0.0639 ∧ entry_dist_from_ema13_pct>0.341,127.33333333333333,-0.1354515,-0.015298935,-2.978324,-0.16549273,-0.08126978,6,8,0.09334958,105,19,0.03749933207158372,0.11307710185471014,16,-0.14903993493378698,-0.05699620460672396,-0.07557776978312641,False,True,True,False
2D,entry_btc_atr_pct>0.146 ∧ entry_gap≤0.354,103.0,-0.15834092,-0.017049765,-2.975634,-0.06034494,-0.2328444,8,9,0.10356434,84,20,0.028164000347307577,0.11652821243719236,14,0.05094017723454472,-0.1464442943653314,-0.08836421208988478,False,True,True,False
2D,entry_atr_pct≤0.455 ∧ entry_btc_rsi_1h_prev>54.1,111.0,0.03962281,-0.08315011,2.9562273,0.106074266,0.13723773,5,7,0.08998208,91,31,0.20527609193785618,0.04701331233998809,20,0.09654068008330208,0.18743816088679988,0.15826277959786808,False,True,True,False
1D,entry_btc_rsi_1h ≤med 57.2,213.66666666666666,-0.10760924,0.00550455,-2.9524996,-0.10062227,-0.12236359,5,7,0.078843236,122,29,-0.027102394087977814,0.15231930717498698,17,0.09438610292557453,-0.34299099258911964,-0.1794217012629648,False,True,True,False
1D,entry_btc_rsi_1h >med 57.2,212.66666666666666,0.00550455,-0.10760924,2.9524992,0.10062227,0.12236359,5,7,0.078843236,109,67,0.15231930717498698,-0.027102394087977814,31,-0.09438610292557453,0.34299099258911964,0.1794217012629648,False,True,True,False
2D,entry_dist_from_ema13_pct>0.341 ∧ entry_gap≤0.354,60.0,-0.19875306,-0.027015528,-2.937554,-0.26263502,-0.103145316,6,9,0.12000373,75,12,0.0673223313855039,0.10251852589936575,9,0.16313693715132654,-0.11298471098755926,-0.03519619451386184,False,True,True,False
2D,entry_atr_pct≤0.455 ∧ entry_quality_score>4,31.333333333333332,0.1363113,-0.066058114,2.9362574,0.24044058,0.18178397,6,8,0.11150159,40,4,0.7003323422659347,0.07193581285988078,4,,,0.6283965294060538,False,True,False,False
2D,entry_btc_rsi_1h≤57.2 ∧ entry_btc_rsi_prev6>58.3,93.66666666666667,-0.14900097,-0.023643626,-2.9307096,-0.23061484,-0.060882464,6,8,0.088840924,83,13,-0.1828034180442272,0.14211889863551472,11,-0.16256839818505042,-0.3687810935354303,-0.3249223166797419,False,True,True,False
2D,entry_btc_rsi_1h≤57.2 ∧ entry_neg_di>15.8,110.0,-0.1432408,-0.019174024,-2.9261367,-0.09922902,-0.13848701,8,8,0.081380665,85,13,-0.15160078931585688,0.13723173991902296,12,0.34493901009917516,-0.6829853649723023,-0.28883252923487984,False,True,True,False
1D,entry_global_volume_ratio >T2 0.951,142.0,0.024042703,-0.08875476,2.924742,0.17849654,0.07397408,6,8,0.086634316,107,39,0.1048981748542544,0.09348061987468156,24,-0.13484141555773538,0.03772998131040027,0.011417554979572836,False,True,True,False
1D,entry_pair_rank >med 30,203.0,-0.10953759,0.0018548816,-2.9204826,-0.089049876,-0.13572162,8,9,0.08388538,142,47,0.15752127526803525,0.041141310501532885,29,0.05271325372708677,0.1843090414226013,0.11637996476650236,False,True,False,False
1D,entry_pair_rank ≤med 30,223.33333333333334,0.0018548816,-0.10953759,2.9204817,0.089049876,0.13572162,8,9,0.08388538,155,49,0.041141310501532885,0.15752127526803525,33,-0.05271325372708677,-0.1843090414226013,-0.11637996476650236,False,True,False,False
2D,entry_adx_prev≤22.1 ∧ entry_global_volume_ratio≤0.823,109.0,-0.15451607,-0.015692081,-2.9174805,-0.14490262,-0.14187318,6,8,0.09134664,118,25,0.24046474650250327,0.047997260417044885,18,0.4636235547492419,0.1275812608671945,0.19246748608545838,False,True,False,False
2D,entry_adx_prev≤22.1 ∧ entry_btc_adx>24.9,86.0,-0.15836652,-0.024100935,-2.9151907,-0.09668246,-0.16583914,6,8,0.08303901,92,25,-0.09636511316437298,0.1665993236800295,16,0.05873606832272557,-0.36450248779803757,-0.26296443684440246,False,True,True,False
2D,entry_btc_trend_gap_pct≤0.0932 ∧ entry_pair_ema20_ema50_gap_pct≤0.339,130.66666666666666,-0.13443586,-0.014393185,-2.9090643,-0.098000325,-0.13755755,6,7,0.08544396,101,24,0.1967002996325747,0.06525856890265246,17,0.14771336594882098,-0.03323459124564282,0.13144173072992227,False,True,False,False
2D,entry_btc_trend_gap_pct≤0.0932 ∧ entry_neg_di>15.8,108.0,-0.14614673,-0.018967623,-2.8922715,-0.118574195,-0.13134998,6,8,0.0874538,91,18,-0.0013201871970931354,0.12106650668872367,17,0.4331609375381054,-0.39057405452779315,-0.1223866938858168,False,True,True,False
2D,entry_btc_1h_slope>0.0639 ∧ entry_btc_trend_gap_pct>0.0932,166.66666666666666,0.01948307,-0.0965432,2.8846073,0.10414167,0.12558478,6,7,0.08590632,100,42,0.14179513067077001,0.06414867896297088,21,-0.011270915660287623,0.16036191894711072,0.07764645170779913,False,True,True,False
2D,entry_ema50_slope≤0.226 ∧ entry_pair_volume_ratio>0.763,103.0,0.043475837,-0.081339836,2.8841465,0.16718078,0.085910976,5,8,0.104938835,97,22,0.21551705080554304,0.06321687884393004,17,0.12421586965653272,0.1436810918450546,0.152300171961613,False,True,True,False
2D,entry_ema_gap_5_8≤0.0879 ∧ entry_pair_ema20_ema50_gap_pct>0.339,104.0,0.046782278,-0.08279389,2.8808827,0.06718704,0.18051776,5,7,0.06820018,107,29,-0.05312643421473979,0.16358344394627197,18,-0.2609050345412861,-0.12933878351778497,-0.21670987816101175,False,True,False,False
2D,entry_pair_rank≤30 ∧ entry_pos_di>26.2,115.33333333333333,0.03389556,-0.08273685,2.8637848,0.049221214,0.17012297,6,9,0.068797186,102,30,-0.022171756244273807,0.15279661878031794,22,-0.24872714206944213,-0.14502260098501937,-0.17496837502459175,False,True,False,False
2D,entry_btc_1h_slope>0.0639 ∧ entry_btc_rsi_prev6>58.3,116.33333333333333,0.036923364,-0.08424932,2.8502586,0.13184261,0.10829182,7,8,0.10049764,85,30,0.19677441196052298,0.05327563323268303,21,0.1502873592314279,0.0981512178256639,0.14349877872783995,False,True,True,False
2D,entry_btc_rsi_1h_prev>54.1 ∧ entry_pos_di>26.2,121.33333333333333,0.0323028,-0.08439763,2.84263,0.026690258,0.19392282,7,8,0.074216,86,36,0.031982062942376786,0.13780116477078677,23,-0.0005017612751908318,-0.19039138058771363,-0.10581910182840998,False,True,False,False
2D,entry_btc_rsi_prev6>58.3 ∧ entry_global_volume_ratio>0.823,103.33333333333333,0.036873102,-0.07935632,2.84128,0.23121592,0.050234012,7,7,0.06175527,91,25,0.1104384129016388,0.09378118069903943,17,-0.16468498739551596,0.10459169026362641,0.016657232202599376,False,True,True,False
2D,entry_btc_1h_slope≤0.0639 ∧ entry_rsi_prev≤57.8,115.66666666666667,-0.14045212,-0.017949285,-2.839174,-0.17078622,-0.08342913,5,8,0.08987166,102,18,-0.012074845507207357,0.12354835091413466,14,0.0808843869441177,-0.22389342605068618,-0.13562319642134202,False,True,True,False
2D,entry_btc_1h_slope≤0.0639 ∧ entry_btc_dist_from_ema13_pct≤0.152,98.0,-0.14602837,-0.022876423,-2.8344133,-0.14248514,-0.10984654,5,8,0.08663903,91,21,-0.030139074912153233,0.13403126300437318,15,-0.20943977276858397,-0.09873837627324532,-0.1641703379165264,False,True,True,False
2D,entry_btc_1h_slope≤0.0639 ∧ entry_pos_di>26.2,96.0,-0.14264917,-0.024604088,-2.8331091,-0.16683362,-0.08345581,8,8,0.08902409,88,19,-0.04645077780800919,0.1337920640327915,14,-0.29942129922486416,-0.12492502635450393,-0.1802428418408007,False,True,True,False
2D,entry_btc_1h_slope≤0.0639 ∧ entry_btc_atr_pct>0.146,111.0,-0.14326675,-0.01877144,-2.829933,-0.13717024,-0.11517374,5,7,0.09992214,66,15,-0.15622943284670515,0.14522056351695492,8,0.17507685867753334,-0.5265507769469503,-0.3014499963636601,False,True,True,False
2D,entry_btc_adx_prev≤24.8 ∧ entry_btc_trend_gap_pct>0.0932,95.66666666666667,0.058168672,-0.0828226,2.829868,0.10684718,0.20158483,6,7,0.12820369,68,18,0.17776388488900852,0.07973941313039254,12,-0.12094487308960306,0.2405190406113724,0.09802447175861598,False,True,True,False
2D,entry_bear_pct>20 ∧ entry_btc_1h_slope≤0.0639,87.66666666666667,-0.15669124,-0.023873836,-2.8252993,-0.16858149,-0.10498011,7,8,0.08313733,87,20,-0.09640287995925127,0.14930897041260258,12,-0.30359919322884976,-0.2582592283803804,-0.24571185037185383,False,True,True,False
2D,entry_btc_rsi_1h_prev≤54.1 ∧ entry_price_vs_ema5_pct≤0.118,88.0,-0.15339218,-0.024601065,-2.8192205,-0.08196854,-0.16144516,7,8,0.11073926,79,15,-0.006771427844454495,0.11754315518320481,9,-0.23665488338336377,-0.06796660027239662,-0.1243145830276593,False,True,True,False
2D,entry_btc_rsi_1h>57.2 ∧ entry_pair_ema20_ema50_gap_pct≤0.339,88.66666666666667,0.054898944,-0.0790412,2.8135304,0.14134428,0.12341306,6,8,0.10670261,71,33,0.31666219333202944,-0.016356003615622217,19,0.09690666620606245,0.46493999986725165,0.33301819694765167,False,True,True,False
2D,entry_btc_1h_slope≤0.0639 ∧ entry_ema5_stretch≤0.118,86.33333333333333,-0.15519464,-0.024774708,-2.8128273,-0.08773698,-0.15757547,6,8,0.09531308,78,16,-0.04427619493604397,0.1265980408893684,10,-0.34781549095954856,-0.06796660027239662,-0.1708742358254124,False,True,True,False
2D,entry_dist_from_ema13_pct≤0.341 ∧ entry_quality_score>4,43.0,0.10486241,-0.06868945,2.8125577,0.31095788,0.10455586,6,7,0.1525436,58,4,0.6645101961205204,0.07349329747489877,3,,0.7071030131322865,0.5910168986456217,False,True,False,False
2D,entry_btc_adx≤24.9 ∧ entry_btc_rsi_1h_prev>54.1,92.33333333333333,0.06290932,-0.08272604,2.809266,0.15844604,0.1281785,7,8,0.13210472,65,25,0.055251418370227644,0.1132132210270011,15,-0.062421313936118744,-0.10389870311397506,-0.057961802656773455,False,True,False,False
2D,entry_atr_pct≤0.455 ∧ entry_btc_rsi_1h_prev≤54.1,102.33333333333333,-0.1373527,-0.023969488,-2.8006408,-0.06473962,-0.14641269,7,8,0.08886702,79,16,-0.061959596513397,0.13013472120483902,10,-0.0286378587706152,-0.4012916077259315,-0.192094317718236,False,True,True,False
2D,entry_btc_atr_pct≤0.146 ∧ entry_btc_rsi_1h_prev>54.1,120.33333333333333,0.031024676,-0.08351364,2.7978601,0.055713926,0.16456826,7,8,0.08389071,71,39,0.02348092079254272,0.1491871621274316,18,0.15409572427250656,-0.2991184736650194,-0.1257062413348889,False,True,False,False
2D,entry_bull_pct>71.1 ∧ entry_global_volume_ratio≤0.823,96.33333333333333,-0.15138796,-0.021933828,-2.795645,-0.17203341,-0.09041035,7,8,0.110140905,85,24,0.112711067249968,0.09325497969685469,15,0.32292123664090505,-0.07598486584208552,0.019456087553113316,False,True,False,False
2D,entry_btc_rsi_prev>62 ∧ entry_bull_pct>71.1,124.66666666666667,-0.12750714,-0.019644149,-2.7947206,-0.09571704,-0.11509466,7,9,0.08959104,98,25,-0.09457488293719883,0.16596896092398225,14,-0.32866892376223006,-0.17193978277400182,-0.26054384386118107,False,True,True,False
2D,entry_ema_gap_5_8≤0.0879 ∧ entry_rsi_prev>57.8,89.33333333333333,0.046367556,-0.07704463,2.7921975,0.14547315,0.10691318,6,7,0.08930574,95,25,0.108492662426695,0.09446630410570979,17,0.022290942727216018,-0.040891975676654035,0.014026358320985213,False,True,True,False
2D,entry_dist_from_ema13_pct≤0.341 ∧ entry_pair_rank≤30,114.0,0.039012417,-0.08410657,2.7904751,0.1417805,0.1149571,5,9,0.07287909,103,28,0.042041182363513466,0.12120986832344698,19,-0.07660105648941376,-0.07922984192815892,-0.07916868595993351,False,True,False,False
2D,entry_btc_dist_from_ema13_pct≤0.152 ∧ entry_pair_rank>30,100.33333333333333,-0.14423311,-0.022547493,-2.790195,-0.108473375,-0.13590963,7,9,0.09250502,99,27,0.2058080785794545,0.055979797543876796,20,-0.12818060980958032,0.331156585822963,0.1498282810355777,False,True,False,False
2D,entry_btc_rsi_1h_prev≤54.1 ∧ entry_dist_from_ema13_pct>0.341,128.0,-0.12946938,-0.017597068,-2.775796,-0.15342624,-0.07604799,5,8,0.08931364,111,19,0.18776895426950296,0.07599758468898976,14,-0.030455006887189856,0.20996051709560434,0.1117713695805132,False,True,False,False
2D,entry_btc_adx≤24.9 ∧ entry_btc_rsi_1h>57.2,93.0,0.05953458,-0.08207577,2.774981,0.15456623,0.12353986,6,8,0.11857946,68,29,0.09250768898254148,0.10054777868177713,18,-0.15588010437300973,0.056653751472866165,-0.008040089699235642,False,True,False,False
2D,entry_global_volume_ratio≤0.823 ∧ entry_rsi_prev≤57.8,114.0,-0.14836769,-0.01571384,-2.7747948,-0.24986258,-0.010661304,7,9,0.07802866,117,22,0.2764234775279466,0.04510956279132356,18,0.3205294805197119,0.22382842225919936,0.23131391473662305,False,True,False,False
2D,entry_adx_delta≤0.241 ∧ entry_atr_pct≤0.455,91.66666666666667,-0.14226584,-0.026237557,-2.7681718,-0.044086225,-0.17026135,7,9,0.07494709,94,19,-0.03224216924687512,0.13028604373848568,16,0.13579230188479852,-0.2785689583149349,-0.1625282129853608,False,True,True,False
2D,entry_btc_rsi_1h≤57.2 ∧ entry_pair_rank>30,101.0,-0.13868152,-0.024021635,-2.7639108,-0.08600503,-0.14121936,6,8,0.08989212,87,11,0.35878459517703876,0.06438580712029816,8,0.40806909856910245,0.24193168937167758,0.2943987880567406,False,True,False,False
2D,entry_btc_rsi_prev6>58.3 ∧ entry_btc_trend_gap_pct≤0.0932,65.33333333333333,-0.16377056,-0.030809412,-2.762358,-0.21634416,-0.085099965,5,8,0.10377279,68,14,0.05671534694242384,0.10518791823144924,11,0.06799834528026641,-0.21229401599628536,-0.0484725712890254,False,True,True,False
2D,entry_btc_adx>24.9 ∧ entry_rsi>60.1,98.33333333333333,-0.13996297,-0.024569646,-2.7616878,-0.008265495,-0.19499141,6,7,0.06980845,100,20,0.1246462995328346,0.09113813370415891,15,0.03236064633066685,0.006353913929939229,0.03350816582867569,False,True,False,False
2D,entry_btc_adx_prev≤24.8 ∧ entry_rsi_prev>57.8,83.66666666666667,0.05297736,-0.076617636,2.7610464,0.24738094,-0.02102286,6,8,0.074782856,87,23,-0.07469255793861282,0.15256647924329952,16,-0.3072624261288272,-0.2383427427773474,-0.22725903718191234,False,False,False,False
2D,entry_btc_atr_pct>0.146 ∧ entry_btc_rsi_1h_prev≤54.1,121.0,-0.13549933,-0.01777223,-2.7610202,-0.13071068,-0.10880278,5,7,0.0921133,74,16,-0.03470866503592432,0.1246845349093445,10,0.30635945289150324,-0.2815615252044602,-0.15939319994526882,False,True,True,False
2D,entry_btc_1h_slope>0.0639 ∧ entry_ema_gap_5_8≤0.0879,115.66666666666667,0.03616101,-0.083705455,2.7543435,0.11714077,0.12172415,6,8,0.08245983,96,38,0.11747847372198104,0.08543520949547397,21,0.20364587972538692,-0.037387149311145396,0.03204326422650708,False,True,True,False
2D,entry_bear_pct≤20 ∧ entry_global_volume_ratio≤0.823,103.33333333333333,-0.14544156,-0.021030677,-2.7532115,-0.1791633,-0.074346825,7,8,0.102893926,91,22,0.17957983162766888,0.07390091697789261,14,0.32292123664090505,0.031014985092573413,0.10567891464977627,False,True,False,False
2D,entry_btc_rsi_1h_prev≤54.1 ∧ entry_range_position>81.7,126.33333333333333,-0.12721649,-0.019167298,-2.7491386,-0.17237997,-0.058382243,5,8,0.051083155,99,20,0.17252465714752613,0.07853856591081902,11,0.21199645531772107,0.013641669134195497,0.0939860912367071,False,True,False,False
2D,entry_btc_adx_prev>24.8 ∧ entry_pair_volume_ratio≤0.763,85.66666666666667,-0.16151145,-0.023441456,-2.748883,-0.17344104,-0.10833235,5,8,0.08932383,95,26,0.17189182868385874,0.07071766580560634,17,0.13463184695718275,0.12889747544449628,0.1011741628782524,False,True,False,False
2D,entry_btc_rsi_1h_prev≤54.1 ∧ entry_bull_pct≤71.1,86.33333333333333,-0.15394324,-0.025092466,-2.7450707,-0.13054891,-0.12609982,7,8,0.0950356,88,15,0.06399072748523485,0.10443905234437345,10,-0.27526617862153313,0.1179122561135987,-0.0404483248591386,False,True,True,False
2D,entry_btc_rsi_1h_prev>54.1 ∧ entry_gap≤0.354,113.0,0.035395782,-0.08240935,2.742917,0.13173495,0.10302075,6,7,0.090746455,98,36,0.16845986040382555,0.05591448629391749,22,0.2169930641580143,0.06965513742604425,0.11254537410990806,False,True,True,False
2D,entry_btc_ema20_slope≤0.0586 ∧ entry_pair_rank≤30,113.0,0.03717251,-0.0830501,2.7410824,-0.0016871877,0.21028566,7,8,0.093655005,109,24,-0.0040865459140406,0.1321875174181909,20,0.1677079887067566,-0.3582459117210518,-0.1362740633322315,False,False,False,False
1D,entry_pair_rank ≤T1 24,150.33333333333334,0.020868942,-0.090431765,2.7403388,0.1826492,0.053090833,8,9,0.07675392,137,29,0.01631400156143176,0.13352713592374998,25,-0.19510565944326946,-0.07417730270837555,-0.11721313436231823,False,True,False,False
2D,entry_adx_delta>0.241 ∧ entry_atr_pct≤0.455,121.66666666666667,0.027808845,-0.08273068,2.7399545,0.08606198,0.13200364,6,8,0.07606984,108,28,0.2137430900553507,0.05050908280327869,19,-0.004549237796393574,0.23487465532027393,0.163234007252072,False,True,True,False
2D,entry_btc_rsi_1h≤57.2 ∧ entry_btc_rsi_prev>62,90.33333333333333,-0.142928,-0.026519965,-2.7355642,-0.04602351,-0.1671505,6,8,0.06724743,78,15,-0.18635700551846993,0.1507997436413558,11,-0.3486872611700145,-0.3063531303234586,-0.33715674915982574,False,True,True,False
2D,entry_btc_1h_slope>0.0639 ∧ entry_btc_rsi>62.8,116.0,0.036136363,-0.083825,2.729635,0.07666841,0.15857595,5,8,0.06603141,90,33,0.2510213334092559,0.018027303962973418,18,0.09297854888316157,0.3654392138489806,0.2329940294462825,False,True,True,False
2D,entry_btc_rsi_1h_prev>54.1 ∧ entry_btc_rsi_prev6>58.3,121.66666666666667,0.030203253,-0.08368687,2.72373,0.08687694,0.13805616,7,8,0.09500618,89,33,0.18387756048988113,0.05319785168264592,21,0.16727942071494847,0.02967879330646992,0.1306797088072352,False,True,True,False
2D,entry_btc_trend_gap_pct≤0.0932 ∧ entry_ema50_slope≤0.226,128.33333333333334,-0.13030407,-0.01711247,-2.7155545,-0.13075557,-0.09814453,6,8,0.08149649,99,21,0.15928819281568596,0.08099162804057822,15,0.2376545576298443,-0.2663438556676716,0.07829656477510774,False,True,False,False
2D,entry_btc_dist_from_ema13_pct≤0.152 ∧ entry_btc_rsi_1h_prev≤54.1,88.0,-0.14741704,-0.02615519,-2.7147796,-0.13099568,-0.11414506,5,8,0.09397342,83,21,-0.036028303954068384,0.1356802471361094,14,-0.422696320814225,-0.01831987585711648,-0.1717085510901778,False,True,True,False
2D,entry_btc_1h_slope≤0.0639 ∧ entry_bull_pct≤71.1,93.33333333333333,-0.1488735,-0.023804845,-2.7140825,-0.15144403,-0.10307369,6,8,0.09264086,93,17,-0.017378744904994997,0.12297294703237577,12,-0.26767579339453285,-0.16050644847969,-0.14035169193737076,False,True,True,False
2D,entry_ema_gap_8_13>0.132 ∧ entry_pair_volume_ratio>0.763,106.33333333333333,0.04018564,-0.0815467,2.7092495,0.16023132,0.08976002,6,8,0.08220034,112,21,-0.005550097579455819,0.1271463493512179,13,-0.34379921105573386,0.008577338358727853,-0.13269644693067373,False,True,False,False
2D,entry_adx≤22 ∧ entry_pair_volume_ratio≤0.763,121.33333333333333,-0.13726395,-0.016941573,-2.7025118,-0.15856367,-0.08655765,5,9,0.082223296,116,30,0.09603909040578992,0.09906441575756172,20,0.11233603281903559,-0.10688696956259212,-0.0030253253517718015,False,True,True,False
2D,entry_btc_trend_gap_pct>0.0932 ∧ entry_global_volume_ratio>0.823,114.33333333333333,0.03243516,-0.081827864,2.6996534,0.2003691,0.045416176,6,8,0.06956276,88,30,0.05763974933450329,0.11651866169905563,15,-0.14355810246610437,-0.020628568199932,-0.05887891236455234,False,True,False,False
2D,entry_pair_volume_ratio≤0.763 ∧ entry_pos_di≤26.2,117.33333333333333,-0.1394567,-0.01766651,-2.6908739,-0.06556012,-0.17803995,6,9,0.086557955,118,27,0.1526576165738658,0.07677780441562886,19,0.30479640920859274,-0.08477934081533664,0.07587981215823696,False,True,False,False
2D,entry_btc_rsi_1h_prev>54.1 ∧ entry_ema_gap_5_8≤0.0879,113.33333333333333,0.035882264,-0.08271096,2.6855571,0.1331557,0.10413782,6,8,0.08721951,96,39,0.12720400411761554,0.07821873669448706,22,0.22619325438151874,-0.037387149311145396,0.048985267423128476,False,True,True,False
2D,entry_btc_adx>24.9 ∧ entry_bull_pct>71.1,111.66666666666667,-0.13473132,-0.021536678,-2.6834123,-0.086323276,-0.12859924,6,8,0.096487135,86,31,0.01811091440428107,0.13627670470215472,16,-0.23530475698850567,0.00624055329317762,-0.11816579029787365,False,True,True,False
2D,entry_btc_rsi≤62.8 ∧ entry_pair_rank>30,100.66666666666667,-0.14286532,-0.022845747,-2.6822376,-0.08242275,-0.16314241,7,9,0.08255432,107,22,0.041595070820148045,0.1149234134341826,20,0.1493394012113265,-0.23170277401710296,-0.07332834261403455,False,True,True,False
2D,entry_btc_trend_gap_pct>0.0932 ∧ entry_bull_pct≤71.1,109.33333333333333,0.043510567,-0.0838455,2.6817107,0.09763904,0.15948787,7,7,0.094889864,90,25,0.20425668122887936,0.060746579175363184,19,-0.0640743989441836,0.2728403606210392,0.14351010205351616,False,True,True,False
1D,entry_btc_trend_gap_pct >T2 0.207,142.0,0.024123983,-0.08879535,2.6785402,0.16759644,0.05775456,6,7,0.0848963,86,29,0.16655541951141678,0.06849726845286096,17,-0.03858157331284895,0.2156320574929335,0.09805815105855582,False,True,True,False
2D,entry_btc_trend_gap_pct≤0.0932 ∧ entry_global_volume_ratio≤0.823,114.66666666666667,-0.13864523,-0.019007122,-2.6743107,-0.12771499,-0.11368394,6,8,0.10177587,101,22,0.08261134914287203,0.10272938474364303,15,0.3578047931154883,-0.22940628754330827,-0.020118035600770995,False,True,True,False
2D,entry_pair_ema20_ema50_gap_pct≤0.339 ∧ entry_pair_volume_ratio≤0.763,109.33333333333333,-0.1407782,-0.020284297,-2.6717198,-0.14093724,-0.10308773,6,9,0.061697613,105,28,0.030472903064947213,0.12597327744638598,20,0.0004417440637700665,-0.2424978340523726,-0.09550037438143877,False,True,True,False
2D,entry_ema20_slope≤0.146 ∧ entry_global_volume_ratio≤0.823,115.66666666666667,-0.13663788,-0.019369395,-2.668073,-0.16073802,-0.07790723,8,9,0.0913126,112,21,0.10117647342850282,0.09726290946898947,15,0.39122851418457727,-0.17560440879362155,0.0039135639595133526,False,True,False,False
2D,entry_btc_dist_from_ema13_pct≤0.152 ∧ entry_rsi_prev≤57.8,97.66666666666667,-0.1484267,-0.022288634,-2.6660955,-0.31359127,0.025559105,6,9,0.06382191,102,29,0.024724865620521223,0.12988661267429336,22,-0.028785900226411892,-0.1231020863744682,-0.10516174705377213,False,False,True,False
2D,entry_btc_rsi_1h>57.2 ∧ entry_btc_rsi_prev6>58.3,116.33333333333333,0.029576356,-0.081492215,2.6632369,0.1198855,0.10101047,5,8,0.07920709,83,37,0.19044796174780415,0.040217789279729056,24,0.028601405971176608,0.1851999234130989,0.1502301724680751,False,True,True,False
2D,entry_btc_adx_prev≤24.8 ∧ entry_pair_volume_ratio>0.763,85.66666666666667,0.053463753,-0.07750078,2.6625178,0.1954035,0.05643863,5,8,0.08360174,95,18,-0.10925480694604656,0.14597449586155906,13,-0.24165673164860682,-0.23645566544585445,-0.2552293028076056,False,True,False,False
2D,entry_btc_rsi_1h_prev>54.1 ∧ entry_btc_rsi_prev>62,118.33333333333333,0.03305663,-0.08355056,2.6522129,0.13935977,0.093947686,7,8,0.0819086,92,34,0.12989767611568084,0.08069198651999392,21,-0.03802478802255502,0.08356337438351406,0.04920568959568693,False,True,True,False
2D,entry_btc_adx_prev≤24.8 ∧ entry_global_volume_ratio>0.823,94.66666666666667,0.040862445,-0.07745783,2.6490073,0.2151015,0.02802588,5,9,0.097619824,91,22,-0.08323256783150577,0.15203433303332295,16,-0.28132111870588206,-0.3393970439084376,-0.2352669008648287,False,True,False,False
2D,entry_btc_1h_slope>0.0639 ∧ entry_rsi≤60.1,121.33333333333333,0.03304152,-0.0846915,2.6482108,-0.06160672,0.27456987,5,8,0.054382306,96,37,0.15617804170831742,0.06170909506720381,22,0.14004331503785822,0.15213345644806675,0.0944689466411136,False,False,True,False
2D,entry_btc_adx_prev>24.8 ∧ entry_dist_from_ema13_pct>0.341,82.33333333333333,-0.15349986,-0.026696848,-2.6399078,-0.07330565,-0.16713358,5,7,0.08137821,98,19,0.10169758218442167,0.09723597520349034,14,-0.14024724188355514,0.1040070603941069,0.004461606980931329,False,True,False,False
2D,entry_btc_1h_slope≤0.0639 ∧ entry_price_vs_ema5_pct≤0.118,86.33333333333333,-0.14898086,-0.026352527,-2.6376262,-0.08039202,-0.14901675,6,8,0.08572796,78,16,-0.04427619493604397,0.1265980408893684,10,-0.34781549095954856,-0.06796660027239662,-0.1708742358254124,False,True,True,False
2D,entry_adx_prev>22.1 ∧ entry_btc_atr_pct≤0.146,131.0,0.019945566,-0.08273615,2.6357634,0.057018425,0.14209074,5,7,0.07522961,93,34,0.1234434623848677,0.08423139404979466,20,0.06813874207442891,0.010128690124159087,0.03921206833507304,False,True,True,False
2D,entry_adx_prev>22.1 ∧ entry_pair_rank≤30,111.66666666666667,0.033891175,-0.081376225,2.6348414,0.15267934,0.10006774,7,8,0.08434005,109,21,0.10222354173299626,0.0969697303437313,15,0.2166179765638089,-0.07964957557847446,0.005253811389264965,False,True,True,False
2D,entry_btc_1h_slope≤0.0639 ∧ entry_pair_volume_ratio≤0.763,116.66666666666667,-0.13224864,-0.02064434,-2.628705,-0.14830177,-0.08231731,6,8,0.073030606,95,24,-0.0025278665184718294,0.13166795761966796,15,0.02160401447941762,-0.29077378596436504,-0.1341958241381398,False,True,True,False
2D,entry_bull_pct>71.1 ∧ entry_gap≤0.354,100.0,-0.13942564,-0.02414497,-2.6224105,-0.15722567,-0.08177643,6,9,0.083917394,91,23,0.21149265342856635,0.06239853593583212,16,0.36694598101845466,0.15850205594958205,0.14909411749273424,False,True,False,False
2D,entry_btc_1h_slope≤0.0639 ∧ entry_range_position>81.7,125.0,-0.12429409,-0.020857668,-2.6192517,-0.16945769,-0.054577004,5,8,0.054423295,94,21,0.15050822705802516,0.08345001845272323,12,0.19870511191943532,-0.0848067596870117,0.06705820860530193,False,True,False,False
2D,entry_adx≤22 ∧ entry_btc_1h_slope>0.0639,96.0,0.047164176,-0.0797668,2.6189008,0.15359482,0.09216267,6,7,0.09791496,81,30,0.15572701488768517,0.07193354099306387,18,0.21551462776866295,0.043940495197300686,0.0837934738946213,False,True,True,False
2D,entry_adx_prev≤22.1 ∧ entry_btc_adx_prev>24.8,87.0,-0.14699997,-0.026619468,-2.6164258,-0.11044745,-0.1273989,5,8,0.06850161,96,27,0.020892556456586435,0.128338045331086,17,0.08350186065152462,-0.15562383170137414,-0.10744548887449956,False,True,True,False
2D,entry_adx_delta≤0.241 ∧ entry_pair_ema20_ema50_gap_pct≤0.339,107.66666666666667,-0.13758928,-0.021991923,-2.6111982,0.013152352,-0.2329319,5,8,0.072046086,92,24,-0.07895116840461847,0.15714239158171683,19,-0.035852289295161516,-0.3171720735993163,-0.2360935599863353,False,False,True,False
2D,entry_btc_rsi_prev6>58.3 ∧ entry_quality_score>4,40.0,0.08128015,-0.06490012,2.6031427,0.22488372,0.093072824,7,8,0.09043761,46,6,0.28032980138414215,0.08597161493186575,6,-0.1150041261785531,0.444969432121854,0.1943581864522764,False,True,False,False
2D,entry_btc_atr_pct>0.146 ∧ entry_btc_trend_gap_pct≤0.0932,100.33333333333333,-0.14252934,-0.023071866,-2.5979717,-0.13212481,-0.10845052,6,7,0.09399241,74,15,0.17494764483436898,0.08389147505749671,10,0.207513015397346,0.011761115037495466,0.09105616977687227,False,True,False,False
2D,entry_btc_rsi_prev≤62 ∧ entry_ema50_slope>0.226,102.33333333333333,0.035310045,-0.078503914,2.5870092,0.062100563,0.1559257,6,7,0.094072655,102,23,0.13398315519733625,0.08681933674841144,19,0.31425080738413974,-0.0034839173580327476,0.04716381844892481,False,True,True,False
2D,entry_pair_rank≤30 ∧ entry_pair_volume_ratio>0.763,109.33333333333333,0.03332103,-0.08033114,2.5796747,0.11852782,0.112874545,7,8,0.08595311,113,23,0.1776253634939209,0.07306905194263819,19,0.08057175516971424,0.07970177725868689,0.10455631155128273,False,True,True,False
2D,entry_pair_rank≤30 ∧ entry_range_position≤81.7,112.66666666666667,0.03703899,-0.08287438,2.577442,0.100161955,0.1385021,5,9,0.0629726,111,26,0.03165353904145275,0.12280617338707138,21,-0.22618827104708752,0.0005435899174575489,-0.09115263434561863,False,True,False,False
2D,entry_btc_atr_pct≤0.146 ∧ entry_pair_rank>30,101.66666666666667,-0.13283284,-0.025617654,-2.5734985,-0.081558555,-0.1278427,6,8,0.09167678,88,28,0.13503438272840879,0.08291855052613713,16,0.07339141421310671,0.07932727672327672,0.05211583220227166,False,True,False,False
2D,entry_bull_pct>71.1 ∧ entry_pair_ema20_ema50_gap_pct≤0.339,110.33333333333333,-0.13216163,-0.022911508,-2.5712407,-0.13061792,-0.09077473,7,9,0.08577959,88,24,0.1110862261298583,0.09379659340355793,16,0.08855090367209587,-0.016262396810201134,0.017289632726300366,False,True,False,False
2D,entry_gap>0.354 ∧ entry_pair_volume_ratio>0.763,106.33333333333333,0.034947902,-0.07980624,2.5692563,0.13955052,0.09367988,4,7,0.08236262,113,20,-0.011839380643579561,0.12705541796111003,13,-0.34379921105573386,-0.0022769121366701048,-0.1388947986046896,False,True,False,False
2D,entry_btc_1h_slope>0.0639 ∧ entry_global_volume_ratio>0.823,108.66666666666667,0.03318856,-0.08004732,2.5676076,0.18839556,0.051032424,5,8,0.08242049,81,33,0.09614368834378703,0.09915368947345712,17,0.05576901718599617,-0.06074485751610412,-0.0030100011296700924,False,True,False,False
2D,entry_pos_di>26.2 ∧ entry_rsi_prev≤57.8,77.33333333333333,-0.15421847,-0.02835428,-2.5675828,-0.33493105,0.024274208,6,9,0.07971534,85,19,-0.13357047648501022,0.15528913253750604,14,-0.1641913157039871,-0.2922232708161372,-0.2888596090225163,False,False,True,False
2D,entry_adx_prev≤22.1 ∧ entry_pair_volume_ratio≤0.763,119.33333333333333,-0.13406213,-0.018970009,-2.5601897,-0.14221053,-0.09298687,5,9,0.075796485,116,29,0.09627414206760629,0.09891752286883862,19,0.13519278092440465,-0.10688696956259212,-0.002643380801232331,False,True,True,False
2D,entry_dist_from_ema13_pct≤0.341 ∧ entry_pair_volume_ratio>0.763,115.0,0.027196268,-0.080137394,2.5577211,0.21395451,0.03756971,6,8,0.0670832,106,29,0.1707917017551111,0.06666365375036641,19,-0.022798437316248782,0.19309160683019755,0.10412804800474469,False,True,True,False
2D,entry_gap>0.354 ∧ entry_quality_score>4,61.0,0.07374719,-0.07204503,2.5565965,0.11300118,0.17491922,7,8,0.08981854,81,6,0.30306590265508077,0.08445587484713649,6,-0.13504655080874917,0.5123889806393639,0.21861002780794428,False,True,False,False
2D,entry_btc_adx≤24.9 ∧ entry_ema20_slope>0.146,116.0,0.031274177,-0.08200755,2.555832,0.07213548,0.15172186,7,8,0.068487875,110,27,0.17811488739522213,0.06681626365944596,19,-0.11425526311603074,0.2630774859138084,0.11129862373577618,False,True,True,False
2D,entry_btc_adx_prev≤24.8 ∧ entry_neg_di≤15.8,98.0,0.043264907,-0.079376146,2.5535018,0.06429772,0.20411283,7,8,0.08971805,100,17,0.05177229059041863,0.10809234445741332,14,-0.19809280864680923,-0.014301460336012994,-0.05632005386699469,False,True,False,False
2D,entry_btc_rsi_1h>57.2 ∧ entry_ema_gap_8_13≤0.132,109.0,0.030375022,-0.07919985,2.553404,0.17975533,0.04793107,5,7,0.06224984,91,38,0.12618227097202772,0.0797327216419951,22,0.056152175602465215,0.0745495891259513,0.04644954933003262,False,True,True,False
2D,entry_adx≤22 ∧ entry_neg_di>15.8,129.33333333333334,-0.124476895,-0.019268887,-2.5504465,-0.12923065,-0.084562205,6,9,0.06957613,109,28,-0.015535725253789021,0.1449180067541009,20,0.26249801426539826,-0.3918936190804152,-0.16045373200788993,False,True,True,False
2D,entry_btc_rsi_prev6>58.3 ∧ entry_global_volume_ratio≤0.823,106.66666666666667,-0.13430557,-0.023449246,-2.5470302,-0.20925374,-0.018427268,5,8,0.059308957,105,25,0.07636679310211328,0.10577822992422448,19,0.1598077582375458,-0.12371120837133966,-0.029411436822111198,False,True,True,False
2D,entry_btc_adx_prev≤24.8 ∧ entry_pair_rank≤30,108.33333333333333,0.03790652,-0.08153588,2.544642,0.08245825,0.15516675,6,8,0.08601041,106,22,-0.1266156763261868,0.16493201393714702,18,-0.2296177393027467,-0.3732465332343038,-0.2915476902633338,False,True,False,False
2D,entry_bear_pct>20 ∧ entry_rsi_prev>57.8,105.0,0.030205248,-0.077780366,2.5412364,0.18382958,0.030718394,6,7,0.056171387,100,25,0.22353686140493095,0.0539577833387253,17,-0.27504197079021653,0.5176315724804414,0.16957907806620565,False,True,True,False
2D,entry_btc_atr_pct>0.146 ∧ entry_btc_rsi_1h≤57.2,119.33333333333333,-0.13081688,-0.020231461,-2.5392456,-0.1362231,-0.089291126,5,7,0.057828717,72,13,-0.19656695924752568,0.14427463400470605,7,0.37102068103608915,-0.5265507769469503,-0.34084159325223173,False,True,True,False
2D,entry_btc_rsi_prev>62 ∧ entry_pair_volume_ratio≤0.763,95.33333333333333,-0.14013901,-0.025564807,-2.5365772,-0.10181493,-0.12746054,7,9,0.09014911,98,27,0.037143224252785406,0.12197908836735599,18,-0.3183029453716927,0.0714589942409179,-0.08483586411457059,False,True,True,False
2D,entry_btc_rsi≤62.8 ∧ entry_ema50_slope≤0.226,105.66666666666667,-0.13900179,-0.022247454,-2.5257401,-0.1405423,-0.09690613,7,9,0.07662815,93,22,0.0979826359925123,0.0981595427072635,17,0.20110239201281457,-0.357711900933646,-0.00017690671475119324,False,True,True,False
1D,entry_pair_volume_ratio ≤med 0.763,213.33333333333334,-0.09955123,-0.0027430777,-2.5250976,-0.17218208,-0.033758946,6,9,0.07404663,154,48,0.1200153181259402,0.07622268504432586,28,0.08296415623841372,0.002262145624130853,0.04379263308161434,False,True,False,False
1D,entry_pair_volume_ratio >med 0.763,213.0,-0.0027430777,-0.09955123,2.5250974,0.17218208,0.033758946,6,9,0.07404663,150,48,0.07622268504432586,0.1200153181259402,26,-0.08296415623841372,-0.002262145624130853,-0.04379263308161434,False,True,False,False
2D,entry_btc_rsi_1h≤57.2 ∧ entry_ema5_stretch≤0.118,90.33333333333333,-0.14209291,-0.026744483,-2.5244498,-0.07707386,-0.14422308,5,8,0.0786624,82,10,-0.059656423873899224,0.11646498128967164,8,-0.028118646866860636,-0.37155533954422193,-0.17612140516357086,False,True,True,False
2D,entry_adx_prev≤22.1 ∧ entry_btc_rsi_1h_prev>54.1,101.0,0.0414763,-0.07995177,2.524341,0.13418093,0.10359221,6,7,0.08959006,81,31,0.14075005654564848,0.0777872676808872,18,0.0699034247287833,0.04465436780549427,0.06296278886476128,False,True,True,False
2D,entry_btc_rsi_prev6>58.3 ∧ entry_rsi_prev>57.8,109.0,0.024840755,-0.07729889,2.5227513,0.18874283,0.041384097,7,7,0.07854946,98,21,0.2465130671278264,0.056568663233178856,16,-0.005292242126090141,0.30611588533500944,0.18994440389464753,False,True,True,False
2D,entry_adx_delta>0.241 ∧ entry_btc_adx≤24.9,95.0,0.04167314,-0.07780931,2.5219626,0.006387342,0.26733348,6,7,0.06913298,97,21,0.2876159334793173,0.04505986065476142,18,0.02661803139863772,0.3802780944619525,0.24255607282455588,False,True,True,False
2D,entry_adx>22 ∧ entry_btc_atr_pct≤0.146,133.66666666666666,0.016303215,-0.082008205,2.5217974,0.056845736,0.13477886,5,7,0.07086057,97,34,0.14504008185822234,0.07238808659666467,19,0.024070380110711775,0.07973451588420374,0.07265199526155768,False,True,True,False
2D,entry_gap≤0.354 ∧ entry_price_vs_ema5_pct>0.118,88.0,-0.14858572,-0.025851212,-2.5215762,-0.10211851,-0.13829735,7,9,0.091492176,99,21,0.03369161852704617,0.11615866884139735,14,0.15292707070277053,-0.14284189947834922,-0.08246705031435117,False,True,True,False
2D,entry_ema5_stretch>0.118 ∧ entry_gap≤0.354,88.0,-0.14858572,-0.025851212,-2.5215762,-0.10211851,-0.13829735,7,9,0.091492176,99,21,0.03369161852704617,0.11615866884139735,14,0.15292707070277053,-0.14284189947834922,-0.08246705031435117,False,True,True,False
2D,entry_ema20_slope≤0.146 ∧ entry_pair_ema20_ema50_gap_pct≤0.339,137.0,-0.12149939,-0.01789097,-2.5211902,-0.06637308,-0.13718538,6,8,0.04942372,118,30,0.12771086009828797,0.08466815680642623,21,0.2606427363147096,-0.1982337615909767,0.043042703291861745,False,True,False,False
1D,entry_ema50_slope ≤T1 0.143,142.33333333333334,-0.119315915,-0.017039578,-2.5197318,-0.11902376,-0.08990505,5,9,0.05678798,106,33,0.02918877910189099,0.13422530860016454,23,0.024199918623640987,-0.21184031408966777,-0.10503652949827355,False,True,True,False
2D,entry_btc_ema20_slope>0.0586 ∧ entry_dist_from_ema13_pct>0.341,108.0,-0.13592936,-0.022434035,-2.5192595,-0.071288384,-0.17202212,6,8,0.08036479,94,21,0.025030389579125987,0.11858381294681493,16,-0.1892114482517738,-0.041500765664220216,-0.09355342336768895,False,True,True,False
2D,entry_btc_rsi≤62.8 ∧ entry_ema50_slope>0.226,107.66666666666667,0.031951427,-0.079273984,2.5164387,0.14958236,0.07797653,6,7,0.07444282,104,22,-0.12084763960415867,0.1632171922089765,18,0.15477119393330951,-0.42897240847603585,-0.2840648318131352,False,True,False,False
2D,entry_btc_rsi_1h_prev≤54.1 ∧ entry_rsi_prev>57.8,95.33333333333333,-0.13398287,-0.027337885,-2.514068,-0.095384076,-0.11325663,6,8,0.07844787,81,18,0.13839446028681715,0.08882466496166745,11,-0.15163587797596698,0.17876195456398192,0.0495697953251497,False,True,False,False
2D,entry_btc_rsi_1h>57.2 ∧ entry_btc_trend_gap_pct>0.0932,161.66666666666666,0.011599631,-0.08953582,2.5101056,0.0908369,0.10894771,6,7,0.065435864,94,49,0.14487219824541647,0.04937630719462472,23,-0.12212884336547214,0.24464101312975217,0.09549589105079176,False,True,True,False
2D,entry_adx≤22 ∧ entry_ema20_slope≤0.146,104.33333333333333,-0.13653995,-0.023528587,-2.5098958,-0.12272575,-0.10431655,5,8,0.058697127,110,27,0.04528212267074145,0.11879430202989494,19,0.20091757016773962,-0.26492830736723944,-0.0735121793591535,False,True,True,False
2D,entry_pair_rank>30 ∧ entry_range_position≤81.7,101.66666666666667,-0.13554962,-0.024766918,-2.5084622,-0.09025366,-0.13190909,5,8,0.062940106,112,23,0.15612571695458358,0.07984291318105957,16,0.13402262026914272,0.09127929780980336,0.076282803773524,False,True,False,False
2D,entry_global_volume_ratio>0.823 ∧ entry_pair_ema20_ema50_gap_pct>0.339,115.0,0.02431865,-0.07907446,2.5041716,0.14535052,0.07830382,6,7,0.060195986,103,24,-0.053629093960128736,0.1487017001002203,18,-0.3427786024582904,-0.0974097486836489,-0.20233079406034904,False,True,False,False
2D,entry_adx≤22 ∧ entry_pair_rank>30,100.0,-0.13473372,-0.025582736,-2.5037687,-0.035987236,-0.17628153,6,9,0.06423955,101,25,0.14074734179593987,0.08310902263766584,19,0.34452343303357114,-0.018450715281132027,0.057638319158274026,False,True,False,False
2D,entry_btc_adx_prev>24.8 ∧ entry_global_volume_ratio≤0.823,94.66666666666667,-0.14389089,-0.024724226,-2.495557,-0.14958635,-0.092466354,4,7,0.08239409,98,29,0.17512958140660112,0.06478606405046773,18,0.17568696212751508,0.12229511297064719,0.11034351735613339,False,True,False,False
1D,entry_btc_trend_gap_pct ≤med 0.0932,213.33333333333334,-0.09898551,-0.0033096834,-2.4952016,-0.07539973,-0.1115603,7,7,0.07707335,140,41,0.07982550734049594,0.11175597002204428,26,0.12212884336547214,-0.18702656059439277,-0.03193046268154834,False,True,True,False
1D,entry_btc_trend_gap_pct >med 0.0932,213.0,-0.0033096834,-0.09898551,2.4952013,0.07539973,0.1115603,7,7,0.07707335,123,55,0.11175597002204428,0.07982550734049594,26,-0.12212884336547214,0.18702656059439277,0.03193046268154834,False,True,True,False
2D,entry_btc_ema20_slope>0.0586 ∧ entry_pair_volume_ratio>0.763,107.66666666666667,0.029191134,-0.07834138,2.4934914,0.27154624,-0.03623777,6,8,0.0472961,94,22,-0.012196812997140571,0.13091559510959275,17,-0.22584851546395496,-0.09354110869556811,-0.1431124081067333,False,False,False,False
2D,entry_btc_rsi_1h_prev>54.1 ∧ entry_range_position>81.7,85.66666666666667,0.0450307,-0.07538013,2.4928992,0.16487515,0.0582385,5,7,0.09384901,76,27,0.057594352007001956,0.11397647315918429,19,-0.05116720609683842,-0.11239477583570659,-0.05638212115218233,False,True,False,False
2D,entry_btc_ema20_slope>0.0586 ∧ entry_btc_rsi_1h_prev>54.1,105.66666666666667,0.03632514,-0.0800215,2.4874818,0.18553402,0.039848134,7,8,0.069833994,79,26,0.059957718495672656,0.11229319244693256,17,-0.17917286809391408,0.021909517203310372,-0.052335473951259905,False,True,False,False
2D,entry_btc_rsi>62.8 ∧ entry_btc_rsi_1h≤57.2,93.66666666666667,-0.1321217,-0.02839621,-2.486518,-0.04976362,-0.14024778,7,8,0.08123574,80,13,0.13358256741084176,0.0925644671786967,10,-0.21939972533845803,0.20989590049292917,0.04101810023214507,False,True,False,False
2D,entry_btc_adx≤24.9 ∧ entry_ema50_slope>0.226,114.33333333333333,0.030688267,-0.0811877,2.4814973,0.20685945,0.020473,6,8,0.07402299,106,21,-0.043477555782524456,0.1377660376480771,16,-0.37720660240804377,-0.047702343378069396,-0.18124359343060156,False,True,False,False
2D,entry_btc_1h_slope>0.0639 ∧ entry_btc_rsi_prev>62,118.33333333333333,0.027616767,-0.08146057,2.4764547,0.14753944,0.07026547,7,8,0.08152681,87,30,0.2178681020163511,0.04368759229821574,18,0.0568658729017775,0.26231267709701556,0.17418050971813537,False,True,True,False
2D,entry_btc_rsi>62.8 ∧ entry_btc_trend_gap_pct≤0.0932,79.66666666666667,-0.14384107,-0.029891923,-2.475494,-0.08989459,-0.13261282,8,8,0.08871095,85,16,0.17829454865427397,0.08208389217130482,12,-0.23158586483730825,0.3419556567241419,0.09621065648296914,False,True,False,False
2D,entry_rsi≤60.1 ∧ entry_rsi_prev>57.8,66.66666666666667,0.049709417,-0.06988647,2.4688883,0.05176402,0.1709686,5,7,0.070752785,77,18,0.242691954694943,0.06475601240594611,14,0.03535024423539615,0.2725529116837412,0.1779359422889969,False,True,True,False
2D,entry_btc_dist_from_ema13_pct≤0.152 ∧ entry_btc_rsi_1h≤57.2,96.0,-0.13613258,-0.026497915,-2.4671931,-0.14594454,-0.08454744,5,8,0.08057489,90,18,-0.0859998174450217,0.14060795982286103,13,-0.1494312197701037,-0.19334357053957701,-0.22660777726788273,False,True,True,False
1D,entry_btc_rsi_1h ≤T1 49.7,143.0,-0.11734575,-0.017793281,-2.4671152,-0.11764077,-0.08339271,6,7,0.07666015,93,20,-0.08676524615918128,0.1467727509915315,11,-0.10391433184674431,-0.2866639225573657,-0.23353799715071277,False,True,True,False
2D,entry_adx_delta>0.241 ∧ entry_dist_from_ema13_pct≤0.341,105.33333333333333,0.026987206,-0.07683653,2.4658465,0.11368976,0.099976294,6,8,0.07703187,105,28,0.24481312699936703,0.037715538179271944,20,0.12223811219400224,0.22118109098688535,0.20709758882009507,False,True,True,False
2D,entry_btc_adx≤24.9 ∧ entry_pair_ema20_ema50_gap_pct>0.339,113.33333333333333,0.031119967,-0.08098658,2.463936,0.15881741,0.06160644,5,7,0.073415294,104,20,-0.19134927705097787,0.17429486438410957,15,-0.5296070705594077,-0.25288525082500035,-0.36564414143508744,False,True,False,False
2D,entry_btc_atr_pct>0.146 ∧ entry_neg_di>15.8,117.33333333333333,-0.12795216,-0.022035012,-2.4583652,-0.052572496,-0.15342222,7,8,0.08246695,86,20,0.19581273592981632,0.07241012412600582,16,0.2912918528784001,0.12288377548644766,0.1234026118038105,False,True,False,False
2D,entry_atr_pct≤0.455 ∧ entry_bull_pct≤71.1,105.33333333333333,0.028408872,-0.07730303,2.4509878,0.10976946,0.10023004,7,8,0.07113543,102,24,0.09892567937849361,0.09785010898734618,19,-0.08664051318270066,-0.031396983037787374,0.0010755703911474318,False,True,True,False
2D,entry_dist_from_ema13_pct≤0.341 ∧ entry_rsi_prev>57.8,121.33333333333333,0.01815707,-0.07877026,2.4507375,0.15802625,0.054266963,5,8,0.051530413,109,28,0.1453573193180139,0.07866792957747618,18,-0.03323828012859087,0.07085508956790082,0.06668938974053773,False,True,True,False
2D,entry_btc_trend_gap_pct>0.0932 ∧ entry_ema5_stretch≤0.118,128.33333333333334,0.018313048,-0.08111425,2.4500349,0.049859527,0.14145741,6,8,0.059601143,101,33,0.18210605456176004,0.05412578335928081,19,-0.014623645874091928,0.22216756587185638,0.12798027120247923,False,True,True,False
2D,entry_btc_trend_gap_pct>0.0932 ∧ entry_price_vs_ema5_pct≤0.118,128.33333333333334,0.018313048,-0.08111425,2.4500349,0.049859527,0.14145741,6,8,0.059601143,101,33,0.18210605456176004,0.05412578335928081,19,-0.014623645874091928,0.22216756587185638,0.12798027120247923,False,True,True,False
2D,entry_btc_1h_slope≤0.0639 ∧ entry_rsi≤60.1,92.0,-0.14659616,-0.024930283,-2.4478483,-0.16198288,-0.08910093,6,8,0.08840126,90,18,-0.11046372583301298,0.1462534771431667,13,0.007755685280502744,-0.42291115422783276,-0.25671720297617967,False,True,True,False
2D,entry_btc_rsi_1h_prev≤54.1 ∧ entry_rsi>60.1,119.66666666666667,-0.119307056,-0.024602586,-2.4433913,-0.08134565,-0.10300249,5,8,0.07306856,97,19,0.1381050488315488,0.08825231460225122,12,-0.16277401693273408,0.1853761379557957,0.04985273422929759,False,True,False,False
2D,entry_btc_1h_slope>0.0639 ∧ entry_pos_di>26.2,117.0,0.022417616,-0.07902392,2.4411714,0.025059957,0.17070913,7,8,0.053508434,82,32,0.03685112014322944,0.1287529423060848,20,0.04392543752510086,-0.12191768509645518,-0.09190182216285536,False,True,False,False
2D,entry_atr_pct>0.455 ∧ entry_btc_1h_slope≤0.0639,108.66666666666667,-0.13268563,-0.023305457,-2.4410315,-0.15691452,-0.06925623,6,8,0.092417985,97,18,0.01790761809802323,0.11662932085138912,13,-0.3210153478289226,0.04617807197464198,-0.09872170275336589,False,True,True,False
2D,entry_ema20_slope>0.146 ∧ entry_ema_gap_5_8≤0.0879,46.0,0.085538216,-0.067721196,2.440929,0.07547955,0.21072221,5,7,0.098500654,63,14,-0.16690440897766193,0.14336690094951268,11,-0.032184234629153013,-0.4530522623682942,-0.3102713099271746,False,True,False,False
2D,entry_adx_delta≤0.241 ∧ entry_pos_di≤26.2,141.0,-0.11998743,-0.017185666,-2.4404123,-0.019850377,-0.18078828,7,9,0.04304347,120,29,-0.03623767717245229,0.15627338492796847,21,-0.10691787018483595,-0.237589987940996,-0.19251106210042077,False,True,True,False
2D,entry_quality_score≤4 ∧ entry_rsi_prev≤57.8,157.0,-0.11423873,-0.014429671,-2.439212,-0.18733484,-0.021826647,4,9,0.058293797,136,39,0.07414875593216086,0.11451969597927185,25,0.13119381834480306,-0.06417691324059166,-0.04037094004711099,False,True,True,False
2D,entry_btc_trend_gap_pct>0.0932 ∧ entry_gap>0.354,104.0,0.033840813,-0.078618355,2.4379807,0.083040126,0.14046085,5,7,0.090871975,86,20,0.12307492799341328,0.09155165253032242,13,-0.14564429027311976,0.1399878685695825,0.03152327546309086,False,True,True,False
2D,entry_btc_trend_gap_pct>0.0932 ∧ entry_pair_rank≤30,117.66666666666667,0.027471945,-0.08116978,2.434115,0.07870653,0.13463531,7,8,0.064624816,95,28,0.24184457212605487,0.038937884303576954,18,0.17477689415664013,0.2228176628365105,0.20290668782247792,False,True,True,False
2D,entry_adx_delta≤0.241 ∧ entry_btc_rsi_1h_prev>54.1,100.0,0.038685765,-0.078724556,2.4324439,0.08990037,0.14365062,7,8,0.088090196,86,25,-0.04383008752248895,0.14810107521457735,18,-0.21382517548728996,-0.13332062641424128,-0.1919311627370663,False,True,False,False
2D,entry_btc_1h_slope>0.0639 ∧ entry_gap≤0.354,113.66666666666667,0.02482924,-0.07881918,2.4311101,0.10555844,0.10007596,5,7,0.08294976,97,34,0.16285047778377626,0.06262109528265127,21,0.23096048851249934,0.06965513742604425,0.100229382501125,False,True,True,False
2D,entry_btc_adx>24.9 ∧ entry_btc_adx_prev>24.8,204.33333333333334,-0.09958242,-0.006639034,-2.4296353,-0.07617943,-0.10527886,5,8,0.065010995,131,53,0.1325022245483963,0.055739680258320115,24,0.11509119049887245,0.08448915264049964,0.07676254429007619,False,True,False,False
2D,entry_ema_gap_8_13≤0.132 ∧ entry_pair_ema20_ema50_gap_pct>0.339,87.66666666666667,0.03805931,-0.07428663,2.4265676,0.1641363,0.07236477,5,7,0.08133902,98,23,-0.07921463237329511,0.15399124242135012,16,-0.44476291659365585,-0.10927031104141097,-0.23320587479464522,False,True,False,False
2D,entry_adx_delta>0.241 ∧ entry_quality_score>4,33.666666666666664,0.12285387,-0.06610684,2.4241374,0.13279825,0.2514781,6,7,0.15013704,55,4,0.26796265670806585,0.09073449484065767,4,,,0.1772281618674082,False,True,False,False
2D,entry_btc_adx>24.9 ∧ entry_pos_di≤26.2,89.0,-0.1423784,-0.02712508,-2.421583,-0.091278516,-0.136835,5,7,0.074793175,91,20,0.08854194719052819,0.10063927905739743,13,0.15757616170071503,-0.08709479385440262,-0.012097331866869246,False,True,True,False
2D,entry_adx≤22 ∧ entry_adx_delta≤0.241,106.0,-0.13387369,-0.023822878,-2.4188588,-0.07766017,-0.134072,5,9,0.07955044,100,23,-0.04093562377137253,0.14193073286184021,20,0.21034131708806222,-0.3839911717369302,-0.18286635663321274,False,True,True,False
2D,entry_atr_pct≤0.455 ∧ entry_btc_1h_slope>0.0639,108.33333333333333,0.0235506,-0.07664523,2.4110372,0.07995254,0.11801561,6,7,0.061150976,89,29,0.20552422189582847,0.05163017488348869,19,0.013549537013445717,0.2513457571047143,0.15389404701233977,False,True,True,False
2D,entry_btc_rsi≤62.8 ∧ entry_pos_di>26.2,96.33333333333333,-0.13450381,-0.026862642,-2.408015,-0.17713203,-0.044329632,5,7,0.06602746,99,20,-0.2697647454324992,0.19493051395819413,15,0.30036803923820243,-0.717977688483939,-0.46469525939069334,False,True,True,False
2D,entry_ema5_stretch≤0.118 ∧ entry_pair_volume_ratio>0.763,116.0,0.021157863,-0.07822616,2.405151,0.15357023,0.06392519,6,7,0.055348143,110,27,0.22671300070965744,0.04779961062336258,18,-0.010954687376051986,0.27755298686413676,0.17891339008629487,False,True,True,False
2D,entry_pair_volume_ratio>0.763 ∧ entry_price_vs_ema5_pct≤0.118,116.0,0.021157863,-0.07822616,2.405151,0.15357023,0.06392519,6,7,0.055348143,110,27,0.22671300070965744,0.04779961062336258,18,-0.010954687376051986,0.27755298686413676,0.17891339008629487,False,True,True,False
2D,entry_adx_prev≤22.1 ∧ entry_btc_rsi_1h>57.2,102.0,0.03469289,-0.07819285,2.4037418,0.124859,0.09568955,6,7,0.051111445,84,31,0.16634153000332277,0.06558210341645791,19,0.0699034247287833,0.10856196402340863,0.10075942658686486,False,True,True,False
2D,entry_btc_adx_prev>24.8 ∧ entry_bull_pct>71.1,109.66666666666667,-0.1275968,-0.024722386,-2.4012167,-0.08416845,-0.11226158,6,8,0.0841475,89,31,0.01811091440428107,0.13627670470215472,16,-0.23530475698850567,0.00624055329317762,-0.11816579029787365,False,True,True,False
2D,entry_adx≤22 ∧ entry_gap≤0.354,103.33333333333333,-0.13257936,-0.025145527,-2.3907616,-0.07906778,-0.13164456,5,8,0.04736363,105,27,0.0020894643469454906,0.1356957770261629,18,0.14513468128253298,-0.32795276960078734,-0.1336063126792174,False,True,True,False
2D,entry_btc_rsi_1h≤57.2 ∧ entry_quality_score≤4,160.0,-0.110012904,-0.015844084,-2.3889422,-0.09876776,-0.08888759,4,8,0.045115504,111,24,-0.009614912597076605,0.1340303063125362,14,0.17588566834922625,-0.28896803942067223,-0.14364521890961282,False,True,True,False
2D,entry_btc_rsi_1h≤57.2 ∧ entry_range_position>81.7,120.0,-0.11961865,-0.02437748,-2.384578,-0.14143108,-0.058793135,5,8,0.032683272,97,17,0.16816621216956057,0.08304555120620555,8,0.4363511166537254,-0.09474580113265724,0.08512066096335502,False,True,False,False
2D,entry_btc_adx_prev>24.8 ∧ entry_btc_rsi_1h≤57.2,97.0,-0.13598971,-0.026207097,-2.3813899,-0.05661632,-0.14550921,4,7,0.04230129,80,18,0.14287735292813245,0.08779015127521007,10,0.11290136866355663,0.02131075891240157,0.05508720165292237,False,True,False,False
2D,entry_btc_rsi_1h_prev>54.1 ∧ entry_global_volume_ratio>0.823,108.66666666666667,0.026970634,-0.077920295,2.3741236,0.18888417,0.03752568,5,8,0.075104184,82,33,0.007887732066880426,0.14538299990421769,17,-0.11757521878370253,-0.19012920409329626,-0.13749526783733726,False,True,False,False
2D,entry_btc_trend_gap_pct>0.0932 ∧ entry_dist_from_ema13_pct≤0.341,123.66666666666667,0.01650413,-0.078842126,2.369171,0.06719625,0.12023038,5,8,0.06056343,98,37,0.08210340710024204,0.10816267948243753,20,-0.145680612032114,0.09710147466292886,-0.026059272382195492,False,True,False,False
1D,entry_btc_adx ≤T1 22.5,142.33333333333334,0.014865004,-0.084287524,2.367736,0.087173074,0.11109781,6,8,0.06671589,102,29,0.05068795037957569,0.11864885956962795,19,-0.052059944462196306,-0.1107797868088693,-0.06796090919005227,False,True,False,False
2D,entry_btc_adx>24.9 ∧ entry_btc_trend_gap_pct≤0.0932,91.66666666666667,-0.13764976,-0.02750192,-2.3654554,-0.07509801,-0.13786341,5,7,0.05540921,74,16,0.25473684236592015,0.06679543342897559,10,0.20716406263847523,0.07531375202662123,0.18794140893694455,False,True,False,False
2D,entry_btc_adx≤24.9 ∧ entry_pair_volume_ratio>0.763,86.0,0.044947743,-0.075477116,2.3653646,0.15867367,0.07702334,4,8,0.06553591,93,20,-0.07187721209726171,0.14285484729102638,15,-0.1801998744064427,-0.21395162475683593,-0.2147320593882881,False,True,False,False
2D,entry_btc_dist_from_ema13_pct≤0.152 ∧ entry_rsi_prev>57.8,116.0,0.019489383,-0.0776025,2.36485,0.22394627,-0.0011862293,5,7,0.065298185,107,23,0.18584862613170847,0.07047816097456813,14,0.1281600192765276,0.06049402516728533,0.11537046515714033,False,False,True,False
2D,entry_ema_gap_5_8≤0.0879 ∧ entry_pair_rank≤30,115.33333333333333,0.026482373,-0.07998768,2.3644242,0.114187986,0.10528139,8,9,0.078540616,107,28,0.01728413222152862,0.131403947793676,19,0.1404100059157919,-0.24539916366687686,-0.11411981557214738,False,True,False,False
2D,entry_adx_prev≤22.1 ∧ entry_neg_di>15.8,122.66666666666667,-0.122121334,-0.022530148,-2.363481,-0.13588811,-0.06824233,5,9,0.062261213,107,26,0.012482601195662413,0.12992680744407925,18,0.26249801426539826,-0.3532642380818352,-0.11744420624841684,False,True,True,False
2D,entry_btc_rsi≤62.8 ∧ entry_pair_rank≤30,112.66666666666667,0.027816761,-0.07956183,2.362486,0.081005216,0.13043463,7,8,0.07910054,115,22,-0.06446007443179437,0.14645332148205742,17,0.2003455818685856,-0.5624534130572983,-0.21091339591385178,False,True,False,False
2D,entry_btc_adx>24.9 ∧ entry_btc_ema20_slope>0.0586,105.66666666666667,-0.12710482,-0.02616776,-2.3617551,-0.016946092,-0.1631687,6,8,0.060137033,83,22,0.054615296470717854,0.11105253553806722,12,-0.09656879979084415,0.013805200174919301,-0.05643723906734937,False,True,True,False
2D,entry_adx_prev>22.1 ∧ entry_bear_pct>20,105.0,0.026073039,-0.07643011,2.3599262,0.1129947,0.09502896,7,8,0.079275995,99,26,0.16934484894324964,0.07166368685211827,18,-0.04093639613659816,0.18050024169254855,0.09768116209113137,False,True,True,False
2D,entry_btc_rsi_1h≤57.2 ∧ entry_price_vs_ema5_pct≤0.118,90.33333333333333,-0.13615426,-0.028341081,-2.353878,-0.070460245,-0.13551371,5,8,0.069214776,82,10,-0.059656423873899224,0.11646498128967164,8,-0.028118646866860636,-0.37155533954422193,-0.17612140516357086,False,True,True,False
2D,entry_btc_rsi_prev6>58.3 ∧ entry_rsi_prev≤57.8,101.0,-0.13092427,-0.02642988,-2.3534355,-0.21771912,-0.007318143,6,8,0.07904427,105,29,-0.01747049171001903,0.14815027480243761,22,-0.03448148179156396,-0.23935408883447637,-0.16562076651245664,False,True,True,False
2D,entry_btc_trend_gap_pct≤0.0932 ∧ entry_ema20_slope≤0.146,102.66666666666667,-0.13174587,-0.025631195,-2.350749,-0.09294468,-0.11390653,8,8,0.08600686,96,18,0.05269520250022883,0.10860141675857243,16,0.24722212508530167,-0.3881381252854753,-0.055906214258343606,False,True,True,False
2D,entry_btc_trend_gap_pct>0.0932 ∧ entry_ema50_slope≤0.226,85.0,0.04182352,-0.074346304,2.348598,0.08560953,0.1470128,6,8,0.090775914,75,27,0.04144763649110562,0.12029475314366549,15,-0.061426213575047184,-0.05769751746672425,-0.07884711665255986,False,True,False,False
2D,entry_btc_1h_slope>0.0639 ∧ entry_range_position>81.7,87.0,0.038192045,-0.07409994,2.3466308,0.15118644,0.054137845,5,7,0.08069782,80,26,0.0709564568815788,0.10820794676073883,19,-0.07201220216384283,-0.02768974541788264,-0.037251489879160035,False,True,False,False
2D,entry_dist_from_ema13_pct>0.341 ∧ entry_pair_rank>30,103.33333333333333,-0.13009232,-0.025941165,-2.3457823,-0.10372321,-0.11113952,5,8,0.0748989,111,23,0.16412933518284667,0.07732122524612735,16,-0.10495714612713258,0.2191955890653053,0.08680810993671932,False,True,False,False
2D,entry_btc_ema20_slope>0.0586 ∧ entry_btc_rsi_1h≤57.2,100.33333333333333,-0.13026288,-0.026847126,-2.3447874,-0.012965187,-0.18671651,6,8,0.072846726,65,11,-0.2721045692181652,0.14603028721850103,8,-0.3389235186305858,-0.40910411030941213,-0.41813485643666626,False,True,True,False
2D,entry_adx>22 ∧ entry_bull_pct≤71.1,114.66666666666667,0.022311581,-0.07822546,2.3433578,0.12133954,0.080816224,6,7,0.06348592,111,23,0.16901113671966625,0.07578312339206092,17,0.05139605814604678,0.0601171858686549,0.09322801332760533,False,True,True,False
2D,entry_btc_rsi>62.8 ∧ entry_pos_di>26.2,116.66666666666667,0.016163483,-0.076558486,2.3431008,0.06949463,0.11426848,6,9,0.046920553,108,31,0.18361180564132742,0.05734551041987104,20,-0.34348381864572824,0.4398461833939543,0.12626629522145638,False,True,True,False
2D,entry_btc_trend_gap_pct≤0.0932 ∧ entry_dist_from_ema13_pct>0.341,123.33333333333333,-0.11943291,-0.02340532,-2.3415291,-0.15143539,-0.05069221,5,8,0.06993697,124,26,0.057884366503797295,0.11306329461534344,20,-0.072987364972601,-0.038023584963004134,-0.05517892811154614,False,True,True,False
2D,entry_btc_atr_pct≤0.146 ∧ entry_btc_rsi>62.8,112.33333333333333,0.018323041,-0.076051466,2.3413205,-0.006209284,0.16498229,4,8,0.058236185,95,38,0.17334864352949525,0.04883061548365435,19,-0.2265451487280709,0.3467289464831255,0.1245180280458409,False,False,True,False
2D,entry_btc_adx≤24.9 ∧ entry_pair_rank≤30,109.33333333333333,0.030608837,-0.07939569,2.335387,0.06840081,0.14989236,6,8,0.07203804,105,23,-0.10239655628378912,0.1612951362561633,19,-0.19191329048631184,-0.3732465332343038,-0.2636916925399524,False,True,False,False
2D,entry_adx≤22 ∧ entry_btc_rsi_1h>57.2,99.0,0.032432076,-0.07647449,2.3343265,0.123971954,0.087722294,6,7,0.045485172,82,31,0.14365533353222099,0.07640167404113722,18,0.14471342160907344,0.043940495197300686,0.06725365949108376,False,True,True,False
2D,entry_btc_rsi_1h≤57.2 ∧ entry_ema_gap_5_8>0.0879,110.66666666666667,-0.123390615,-0.0258711,-2.3310637,-0.06781465,-0.12151791,4,8,0.07462177,96,12,0.10016962780139282,0.0978260549828102,8,-0.06708041233327247,0.06364027245598984,0.0023435728185826205,False,True,False,False
2D,entry_ema50_slope≤0.226 ∧ entry_pair_rank≤30,120.0,0.022622442,-0.0800976,2.328782,0.112544104,0.094720975,8,9,0.080764115,106,26,0.07585581463789753,0.1063881853083919,23,0.01839898649732552,-0.10608804538443743,-0.03053237067049437,False,True,False,False
2D,entry_adx_prev≤22.1 ∧ entry_pos_di>26.2,87.33333333333333,-0.13599831,-0.029335355,-2.3284698,-0.16313627,-0.055912048,5,9,0.06148412,95,17,-0.24796974667251662,0.1725937955139943,13,-0.5991860373991446,-0.30507414814091816,-0.42056354218651093,False,True,True,False
2D,entry_bull_pct>71.1 ∧ entry_dist_from_ema13_pct>0.341,111.33333333333333,-0.12154074,-0.026318518,-2.3242123,-0.08444674,-0.10405119,5,8,0.06530781,101,27,0.0052196064683335056,0.1344709388047502,20,0.08715937859177925,-0.2187043268532936,-0.1292513323364167,False,True,True,False
2D,entry_btc_rsi_1h_prev≤54.1 ∧ entry_pair_volume_ratio≤0.763,116.33333333333333,-0.12267657,-0.024356436,-2.3228695,-0.09396642,-0.09962776,5,8,0.05749429,92,22,0.07824707922340633,0.10402687039537609,13,0.170366778551185,-0.12698307996982694,-0.025779791171969754,False,True,True,False
2D,entry_adx_prev≤22.1 ∧ entry_btc_trend_gap_pct>0.0932,99.33333333333333,0.035458602,-0.077504866,2.320951,0.108127475,0.11630021,6,7,0.09299298,88,27,0.021066392515233526,0.12827002252552847,15,-0.07174575867107533,-0.09631702743940415,-0.10720363001029494,False,True,False,False
2D,entry_btc_rsi_prev6>58.3 ∧ entry_pair_volume_ratio>0.763,114.33333333333333,0.016226938,-0.07588831,2.3187063,0.14498669,0.056526355,5,7,0.06483596,107,28,0.1175127338054424,0.09013334714147617,17,0.037917143418243926,0.0016206341630319076,0.027379386663966235,False,True,True,False
2D,entry_btc_trend_gap_pct>0.0932 ∧ entry_ema_gap_5_8≤0.0879,111.0,0.022238662,-0.077030756,2.3158107,0.10554719,0.096178554,6,8,0.073268056,99,37,0.09822323147314392,0.09805363707909229,18,0.020730480482710784,0.06446262604240949,0.00016959439405163368,False,True,True,False
2D,entry_btc_adx_prev≤24.8 ∧ entry_btc_rsi_prev>62,96.66666666666667,0.03291968,-0.07584664,2.3146918,0.16336909,0.043383125,7,9,0.083220206,87,17,-0.012317817628112408,0.1218838867322871,11,-0.5483673287922481,0.169758677439021,-0.13420170436039952,False,True,False,False
2D,entry_atr_pct≤0.455 ∧ entry_bear_pct>20,106.0,0.022897491,-0.07569929,2.311746,0.042581167,0.14999984,6,9,0.07082681,102,25,0.05851929326871913,0.11206256085147596,18,-0.09630829303339328,-0.04648931372209584,-0.053543267582756834,False,True,False,False
2D,entry_btc_1h_slope≤0.0639 ∧ entry_ema_gap_5_8≤0.0879,97.66666666666667,-0.13196135,-0.027181482,-2.3091488,-0.12469566,-0.08861373,7,8,0.07965739,85,21,-0.08040723164356278,0.14810634688916785,13,-0.033033492993875924,-0.34381897226718267,-0.22851357853273063,False,True,True,False
2D,entry_atr_pct≤0.455 ∧ entry_btc_rsi_1h>57.2,110.66666666666667,0.019678026,-0.07602822,2.3053982,0.095606305,0.095599905,5,7,0.056538157,90,33,0.20893687927909008,0.04007154184067931,21,-0.07238137999728395,0.3274374007597726,0.16886533743841076,False,True,True,False
2D,entry_gap≤0.354 ∧ entry_pair_ema20_ema50_gap_pct≤0.339,144.66666666666666,-0.11250773,-0.019689068,-2.3036332,-0.07528305,-0.107684314,6,8,0.040428735,117,33,0.14214349762370532,0.07505855127921418,23,0.279797106843939,-0.18042431874591008,0.06708494634449114,False,True,False,False
2D,entry_btc_atr_pct>0.146 ∧ entry_bull_pct>71.1,125.33333333333333,-0.118738964,-0.023056218,-2.3021197,-0.057918526,-0.13828121,5,8,0.059046656,81,25,0.10196426096424131,0.09676503701502445,14,0.15744137735461583,-0.09784997595720135,0.005199223949216861,False,True,False,False
2D,entry_neg_di≤15.8 ∧ entry_quality_score>4,39.666666666666664,0.10263813,-0.06696513,2.3017595,0.012963975,0.32491884,6,7,0.123965435,60,5,0.1446751857194547,0.09556096948984061,5,,0.18651288267092794,0.049114216229614094,False,True,False,False
2D,entry_adx_delta≤0.241 ∧ entry_rsi>60.1,75.33333333333333,-0.14004143,-0.0321142,-2.2996218,0.06376402,-0.25253373,4,8,0.035179414,79,12,-0.011203609866284409,0.11373651750676407,12,-0.14059920785251817,-0.16578917511406607,-0.12494012737304848,False,False,True,False
2D,entry_btc_adx>24.9 ∧ entry_btc_rsi_prev>62,120.66666666666667,-0.117475584,-0.025015755,-2.2990663,-0.0886696,-0.09277279,5,8,0.054792423,100,35,0.12099623437106415,0.08499272047845122,20,0.03548911354982365,0.05093951248112759,0.03600351389261293,False,True,False,False
2D,entry_btc_adx≤24.9 ∧ entry_global_volume_ratio>0.823,93.66666666666667,0.02949268,-0.07390087,2.2988427,0.20305991,0.014223486,5,9,0.08379141,91,23,-0.06089966989757244,0.14822077479201284,17,-0.25040072574130123,-0.3393970439084376,-0.2091204446895853,False,True,False,False
1D,entry_global_volume_ratio ≤med 0.823,213.33333333333334,-0.09520954,-0.007091564,-2.2975504,-0.18392603,-0.01251648,6,9,0.049895696,154,47,0.13265607558128767,0.06499160407861733,27,0.2632173249829335,0.02568348472658647,0.06766447150267034,False,True,False,False
1D,entry_global_volume_ratio >med 0.823,213.0,-0.007091564,-0.09520954,2.2975495,0.18392603,0.01251648,6,9,0.049895696,138,49,0.06499160407861733,0.13265607558128767,27,-0.2632173249829335,-0.02568348472658647,-0.06766447150267034,False,True,False,False
2D,entry_neg_di≤15.8 ∧ entry_pair_volume_ratio≤0.763,95.66666666666667,-0.13469736,-0.027023656,-2.2950618,-0.16461547,-0.050324462,7,8,0.09668089,110,23,0.11718547425615991,0.09211175677097384,18,-0.16646325692690186,0.11567189497553508,0.025073717485186067,False,True,False,False
2D,entry_ema20_slope≤0.146 ∧ entry_rsi_prev>57.8,80.0,0.03284002,-0.07059404,2.291203,0.17065823,0.052073203,4,8,0.06403165,87,17,0.3339380715507583,0.04737312576974533,12,-0.02091569027616505,0.5912183273846114,0.28656494578101294,False,True,True,False
2D,entry_bull_pct>71.1 ∧ entry_ema20_slope≤0.146,102.33333333333333,-0.12625313,-0.027475208,-2.2864687,-0.114634454,-0.084997885,6,9,0.06460827,96,23,0.23698766918523725,0.05436585973852483,16,0.4205931186735442,0.22498046582399878,0.1826218094467124,False,True,False,False
2D,entry_btc_adx>24.9 ∧ entry_neg_di≤15.8,115.66666666666667,-0.11976241,-0.025652424,-2.2863574,-0.01866699,-0.15592028,6,7,0.07226862,107,28,0.0997278589884422,0.09745653088965274,17,-0.14529835098525865,0.04505377431749113,0.0022713280987894657,False,True,False,False
1D,entry_rsi_prev ≤T1 55.7,143.0,-0.11637246,-0.0182845,-2.2826695,-0.16127677,-0.044048425,4,9,0.056135282,121,34,-0.019413473051406945,0.1625722941277517,24,0.09099157728679147,-0.32254767485023916,-0.18198576717915865,False,True,True,False
2D,entry_bull_pct≤71.1 ∧ entry_pair_volume_ratio>0.763,106.66666666666667,0.024543067,-0.07645401,2.281929,0.19154805,0.012182914,6,9,0.066895105,111,24,0.18624332526348952,0.06874422702568082,15,0.005194403439963441,0.156728483904411,0.1174990982378087,False,True,True,False
2D,entry_btc_adx>24.9 ∧ entry_ema50_slope>0.226,98.66666666666667,-0.123275734,-0.029477106,-2.276866,-0.20740966,-0.021428134,6,7,0.06917754,90,27,0.2173449847857973,0.051465355984873104,16,0.04006492205618681,0.2565965083528907,0.16587962880092422,False,True,False,False
2D,entry_bear_pct>20 ∧ entry_ema20_slope>0.146,97.0,0.03295129,-0.07596604,2.2740917,0.03923526,0.17574877,6,7,0.08798144,106,22,0.37571602038647445,0.015590158157707175,17,-0.1483228154112573,0.7250004989074648,0.36012586222876725,False,True,True,False
2D,entry_btc_rsi>62.8 ∧ entry_bull_pct≤71.1,81.33333333333333,0.044759694,-0.07380384,2.2699814,0.095730215,0.1391426,5,8,0.059232105,93,28,0.32036932048392586,0.006604164391512433,19,-0.2076720516089426,0.6950367422390592,0.3137651560924134,False,True,True,False
2D,entry_btc_rsi_prev>62 ∧ entry_pair_rank>30,97.66666666666667,-0.12492575,-0.029272186,-2.263463,-0.044963595,-0.15114473,5,7,0.064095214,96,21,0.10232565407350072,0.09694113888839005,17,-0.08315091900857435,0.05251094916101276,0.005384515185110669,False,True,False,False
2D,entry_btc_rsi_1h≤57.2 ∧ entry_ema_gap_8_13≤0.132,104.33333333333333,-0.124516666,-0.027424324,-2.260121,-0.095305696,-0.09724116,7,8,0.06803375,90,16,-0.12982672214882415,0.14370814633192447,12,0.22305492514816846,-0.567520049263671,-0.2735348684807486,False,True,True,False
2D,entry_dist_from_ema13_pct≤0.341 ∧ entry_global_volume_ratio>0.823,106.0,0.019378845,-0.07453495,2.2582378,0.20726891,0.033806697,4,8,0.053367104,102,26,0.15890594573267244,0.07554099375890408,18,-0.11953659014645188,0.19568388128239128,0.08336495197376836,False,True,True,False
2D,entry_btc_ema20_slope≤0.0586 ∧ entry_pair_rank>30,100.33333333333333,-0.1252241,-0.028397918,-2.2548456,-0.14425434,-0.054237533,6,9,0.06735475,108,28,0.29001052096372376,0.01910484654688979,21,0.23321857603668997,0.2970342535865097,0.270905674416834,False,True,False,False
2D,entry_bear_pct>20 ∧ entry_bull_pct≤71.1,182.0,-0.00012577191,-0.0892182,2.2540455,0.07210237,0.102661416,6,9,0.064960144,137,41,0.17765833956628302,0.038826040544639354,26,-0.0978629500911603,0.24725228459619064,0.13883229902164368,False,True,True,False
2D,entry_btc_dist_from_ema13_pct>0.152 ∧ entry_dist_from_ema13_pct≤0.341,91.33333333333333,0.03073766,-0.07352014,2.2525349,0.18869823,0.028336886,6,9,0.06230877,93,25,0.11599185691455631,0.091825742666322,18,-0.12334396469693892,0.12964451679500744,0.02416611424823431,False,True,True,False
2D,entry_btc_1h_slope≤0.0639 ∧ entry_ema_gap_5_8>0.0879,116.0,-0.118441574,-0.026045056,-2.2516634,-0.08045572,-0.10034342,6,8,0.07527182,99,15,0.09485945741062675,0.09872262087670826,12,-0.13845202514787805,0.05628650459112972,-0.0038631634660815095,False,True,True,False
2D,entry_btc_rsi_1h≤57.2 ∧ entry_rsi_prev≤57.8,121.0,-0.12064708,-0.023657998,-2.251633,-0.13906856,-0.06256719,5,8,0.05851831,105,16,-0.028941754716399176,0.12353115284543943,13,0.10733788073921063,-0.2456116375013656,-0.15247290756183862,False,True,True,False
2D,entry_atr_pct≤0.455 ∧ entry_bull_pct>71.1,108.0,-0.11712989,-0.028812073,-2.250314,-0.06917961,-0.09892346,6,9,0.07112937,84,23,0.13034734785979765,0.08796486508763596,15,0.24706842097471418,-0.015611034812111204,0.042382482772161695,False,True,False,False
2D,entry_adx_delta≤0.241 ∧ entry_global_volume_ratio≤0.823,112.0,-0.12767646,-0.02393036,-2.2477357,-0.1033149,-0.10702084,6,8,0.0734561,111,23,-0.033730469984114414,0.1396606159151699,16,0.3060865921032667,-0.3210412074860361,-0.17339108589928431,False,True,True,False
2D,entry_dist_from_ema13_pct>0.341 ∧ entry_global_volume_ratio≤0.823,105.66666666666667,-0.13165337,-0.024668915,-2.2472649,-0.18439864,-0.029693931,5,8,0.06015026,114,21,0.2647958003237831,0.05144949793831101,16,0.13057049088913789,0.28806608023652,0.2133463023854721,False,True,False,False
2D,entry_bear_pct≤20 ∧ entry_btc_trend_gap_pct≤0.0932,120.33333333333333,-0.11889882,-0.024556803,-2.2466526,-0.081762984,-0.10232312,7,8,0.04699496,94,21,0.0820464077054969,0.10261932787143113,14,0.27626996194042475,-0.19926206039374997,-0.020572920165934233,False,True,True,False
2D,entry_bull_pct>71.1 ∧ entry_pair_rank>30,107.33333333333333,-0.11767721,-0.028812489,-2.2438285,-0.067107,-0.10383794,6,8,0.07012774,92,24,0.07772801115526327,0.10491599839508958,18,0.008499633638932219,0.0035608020653873935,-0.02718798723982631,False,True,True,False
2D,entry_btc_adx_prev>24.8 ∧ entry_btc_trend_gap_pct≤0.0932,95.66666666666667,-0.13307373,-0.027493399,-2.2435832,-0.087044805,-0.11944798,5,7,0.06566032,84,19,0.3761912910382381,0.02950376133047073,12,0.21915907171063026,0.4067423316116443,0.3466875297077674,False,True,False,False
2D,entry_btc_rsi_1h_prev≤54.1 ∧ entry_ema_gap_5_8≤0.0879,100.0,-0.12772259,-0.027731197,-2.2424443,-0.14536177,-0.06651971,6,8,0.080900654,82,20,-0.10926630118332725,0.1526940812610436,12,-0.08176986580631243,-0.34381897226718267,-0.26196038244437087,False,True,True,False
2D,entry_adx_prev≤22.1 ∧ entry_pair_rank>30,101.66666666666667,-0.12707889,-0.02741946,-2.2393513,-0.037664212,-0.16147907,4,7,0.05617656,101,23,0.21196614723766977,0.062249352954881716,17,0.4490654437627627,0.04685315884596828,0.14971679428278806,False,True,False,False
2D,entry_ema20_slope>0.146 ∧ entry_pair_volume_ratio≤0.763,106.66666666666667,-0.1248339,-0.02660977,-2.2375607,-0.14779028,-0.052628912,6,8,0.06512243,112,24,0.21973972402682965,0.05757876077123415,20,0.02543466168364461,0.21184774968811493,0.16216096325559548,False,True,False,False
1D,entry_adx_delta ≤T1 -0.121,143.0,-0.11155812,-0.020714331,-2.237529,-0.14185736,-0.04810734,6,9,0.065621495,124,33,0.005135951217504653,0.14682440892055737,22,0.07299052856013968,-0.20857615612567043,-0.14168845770305272,False,True,True,False
2D,entry_ema_gap_5_8≤0.0879 ∧ entry_pair_ema20_ema50_gap_pct≤0.339,109.33333333333333,-0.12412461,-0.026028119,-2.2374938,-0.039804548,-0.14686383,5,9,0.048630703,106,30,0.14387655763826387,0.07732011247007353,22,0.3140598238381085,-0.1982337615909767,0.06655644516819034,False,True,False,False
2D,entry_btc_atr_pct≤0.146 ∧ entry_pair_volume_ratio>0.763,120.33333333333333,0.011748216,-0.075933255,2.2354097,0.13595897,0.06473505,5,8,0.055249862,98,32,0.03501071957919284,0.1296731425881031,16,-0.05297896946657721,-0.14989234484246863,-0.09466242300891027,False,True,False,False
2D,entry_pair_rank≤30 ∧ entry_price_vs_ema5_pct≤0.118,116.66666666666667,0.020056603,-0.07802522,2.2339728,0.089364186,0.10954686,5,9,0.042094305,110,27,0.022917301028221412,0.127545753976968,18,-0.16657915746281737,-0.13156373934333113,-0.10462845294874658,False,True,False,False
2D,entry_btc_rsi_1h_prev>54.1 ∧ entry_ema20_slope≤0.146,110.66666666666667,0.020389514,-0.07627765,2.2306101,0.107343204,0.08358197,5,7,0.068405874,92,31,0.2636594432710559,0.019168944781077536,18,0.25274701993673016,0.2634063549273538,0.24449049848997836,False,True,True,False
2D,entry_btc_adx>24.9 ∧ entry_price_vs_ema5_pct>0.118,79.0,-0.14238635,-0.03044151,-2.2287447,-0.0030565672,-0.19816013,7,8,0.05800749,81,21,-0.06567990828954107,0.14398269635004174,14,-0.38837246093300676,-0.08492679135391612,-0.2096626046395828,False,True,True,False
2D,entry_btc_adx>24.9 ∧ entry_ema5_stretch>0.118,79.0,-0.14238635,-0.03044151,-2.2287447,-0.0030565672,-0.19816013,7,8,0.05800749,81,21,-0.06567990828954107,0.14398269635004174,14,-0.38837246093300676,-0.08492679135391612,-0.2096626046395828,False,True,True,False
2D,entry_adx_prev≤22.1 ∧ entry_bull_pct>71.1,112.66666666666667,-0.11905092,-0.02680808,-2.2271729,-0.038772784,-0.13576391,4,9,0.054462045,96,30,0.004070210636623395,0.14086845201627377,19,0.21682405016507988,-0.30401009056440353,-0.13679824137965038,False,True,True,False
2D,entry_btc_adx_prev>24.8 ∧ entry_rsi_prev≤57.8,83.66666666666667,-0.14362356,-0.028614879,-2.225636,-0.121630065,-0.10849655,5,8,0.076657265,90,30,0.11465734491169323,0.09060157280033296,19,0.03064820299020979,0.08807553128768918,0.02405577211136027,False,True,False,False
2D,entry_adx_delta>0.241 ∧ entry_neg_di≤15.8,158.33333333333334,0.0039061375,-0.08373263,2.22522,0.13173996,0.047019713,5,8,0.05826237,134,35,0.27817393058176043,-0.005191203576866332,24,0.0458529674772199,0.4081229192135946,0.28336513415862674,False,True,True,False
2D,entry_btc_adx_prev>24.8 ∧ entry_btc_ema20_slope>0.0586,102.33333333333333,-0.1242814,-0.028097969,-2.2246232,0.00641571,-0.16784559,6,8,0.04658445,81,22,0.054615296470717854,0.11105253553806722,12,-0.09656879979084415,0.013805200174919301,-0.05643723906734937,False,False,True,False
2D,entry_btc_1h_slope>0.0639 ∧ entry_btc_ema20_slope>0.0586,113.33333333333333,0.02299854,-0.07804591,2.2223184,0.16333081,0.030540988,5,8,0.05999141,82,25,0.1616369261350578,0.07575353519431441,15,-0.004625368963045329,0.1577570329224336,0.0858833909407434,False,True,True,False
2D,entry_adx_delta≤0.241 ∧ entry_range_position>81.7,99.66666666666667,-0.12484945,-0.02870983,-2.2213912,-0.04440576,-0.13572274,7,8,0.033942502,98,21,-0.07807205493385994,0.14745249741045105,17,-0.10050802241789078,-0.37597994863510453,-0.22552455234431099,False,True,True,False
2D,entry_btc_1h_slope>0.0639 ∧ entry_ema20_slope≤0.146,113.0,0.01893964,-0.07647463,2.2213764,0.10220662,0.086110555,5,7,0.07163984,94,30,0.25588895274170015,0.026405387423057074,17,0.2330351512848904,0.2634063549273538,0.22948356531864308,False,True,True,False
2D,entry_btc_atr_pct≤0.146 ∧ entry_btc_rsi_1h>57.2,119.0,0.014429055,-0.07659087,2.220711,0.019714715,0.15059435,6,8,0.05795856,66,42,0.042723384977876214,0.14120448116855494,19,0.010627209739777682,-0.1589338988671049,-0.09848109619067873,False,True,False,False
2D,entry_btc_dist_from_ema13_pct>0.152 ∧ entry_btc_rsi_1h_prev>54.1,86.66666666666667,0.03731948,-0.07376711,2.2205863,0.1459078,0.0728961,7,8,0.07002851,69,30,0.05262005352865342,0.11880034161080556,17,-0.31059964062765577,0.10720517442010893,-0.06618028808215215,False,True,False,False
2D,entry_btc_atr_pct≤0.146 ∧ entry_ema_gap_8_13≤0.132,112.66666666666667,0.013990407,-0.07459551,2.2135713,0.054672103,0.1175604,5,8,0.044311408,102,33,0.05867679944016913,0.11877920270868549,20,0.15190898555678312,-0.17183845287481464,-0.060102403268516354,False,True,False,False
2D,entry_neg_di≤15.8 ∧ entry_pair_rank≤30,113.0,0.022706365,-0.07783306,2.206054,0.12575284,0.076371826,7,8,0.08111728,121,21,0.04504125477533151,0.11298077069187744,17,-0.14412301120410903,-0.14077136275581242,-0.06793951591654593,False,True,False,False
2D,entry_btc_trend_gap_pct≤0.0932 ∧ entry_bull_pct>71.1,109.33333333333333,-0.1217805,-0.026836604,-2.2044156,-0.07200118,-0.109750316,7,8,0.067438886,88,21,0.01649600577388929,0.12097344041228127,14,0.28016925069032367,-0.28332650699028333,-0.10447743463839197,False,True,True,False
2D,entry_adx>22 ∧ entry_quality_score>4,55.333333333333336,0.045383137,-0.065587796,2.2035823,0.17167082,0.06753691,7,8,0.08281125,73,6,-0.0777707223233094,0.10984498317902919,6,,-0.12749636441427603,-0.18761570550233858,False,True,False,False
2D,entry_btc_dist_from_ema13_pct≤0.152 ∧ entry_pair_rank≤30,113.33333333333333,0.019727793,-0.076861635,2.203351,0.056002505,0.13059151,6,7,0.08570957,102,25,-0.022611144704834437,0.1406296164759666,19,0.24311826705420972,-0.43467158106072956,-0.16324076118080105,False,True,False,False
1D,entry_btc_adx >med 24.9,213.0,-0.09345298,-0.008983059,-2.201977,-0.08166237,-0.08466268,5,8,0.052188322,132,53,0.1325022245483963,0.055739680258320115,24,0.11509119049887245,0.08448915264049964,0.07676254429007619,False,True,False,False
1D,entry_btc_adx ≤med 24.9,213.33333333333334,-0.008983059,-0.09345298,2.201976,0.08166237,0.08466268,5,8,0.052188322,141,43,0.055739680258320115,0.1325022245483963,25,-0.11509119049887245,-0.08448915264049964,-0.07676254429007619,False,True,False,False
2D,entry_bull_pct≤71.1 ∧ entry_global_volume_ratio>0.823,96.33333333333333,0.027846802,-0.0742559,2.2003424,0.15812436,0.051704198,6,7,0.074407674,99,22,0.20468530782315242,0.06643712675761375,17,-0.15370859168885398,0.38565201303348734,0.13824818106553866,False,True,True,False
2D,entry_btc_rsi_prev6>58.3 ∧ entry_pair_volume_ratio≤0.763,95.66666666666667,-0.12931347,-0.0285813,-2.198153,-0.18541327,-0.027256485,5,8,0.07044784,100,22,0.06271698197915522,0.10864392633285616,17,-0.08443908839298353,-0.04798620499560853,-0.04592694435370094,False,True,True,False
2D,entry_pos_di>26.2 ∧ entry_rsi_prev>57.8,135.66666666666666,0.0063004964,-0.07801596,2.193541,0.11403322,0.059395477,5,7,0.06313046,114,32,0.08857844123269881,0.10288928176135011,20,-0.1153519925580459,0.03262043830025847,-0.014310840528651295,False,True,False,False
2D,entry_btc_adx≤24.9 ∧ entry_gap>0.354,121.33333333333333,0.017727915,-0.07859954,2.1857212,0.022368886,0.1671436,6,8,0.05350382,113,21,0.2747560195128446,0.04866063656537378,16,-0.07613735787597922,0.4226399443177042,0.22609538294747084,False,True,True,False
2D,entry_pair_ema20_ema50_gap_pct≤0.339 ∧ entry_pos_di>26.2,98.33333333333333,-0.12153001,-0.030095797,-2.185199,-0.111016296,-0.07453345,5,9,0.038921155,95,23,0.045592602792323064,0.11466841490341563,16,-0.03409071614807202,-0.22009610030548243,-0.06907581211109257,False,True,True,False
2D,entry_dist_from_ema13_pct>0.341 ∧ entry_ema20_slope≤0.146,67.33333333333333,-0.15452996,-0.031801824,-2.1833067,-0.1963017,-0.058632314,6,8,0.08102094,84,10,0.06797818428333471,0.10162374778301655,8,,-0.11475138295045384,-0.03364556349968184,False,True,True,False
2D,entry_gap≤0.354 ∧ entry_rsi_prev≤57.8,118.33333333333333,-0.12160277,-0.024130557,-2.178697,-0.06004546,-0.13151197,7,9,0.057123344,115,28,0.04392406707739164,0.12043456285302652,18,0.29204947028355477,-0.16696220444025203,-0.07651049577563487,False,True,True,False
2D,entry_adx_delta>0.241 ∧ entry_btc_1h_slope>0.0639,110.66666666666667,0.01879345,-0.07571809,2.1744938,0.11389037,0.072114475,5,8,0.05047155,90,34,0.28115216334154125,-0.002254022603865025,24,0.2734432439559198,0.24970521289502717,0.2834061859454063,False,True,True,False
2D,entry_quality_score>4 ∧ entry_rsi_prev>57.8,37.333333333333336,0.068371095,-0.062659115,2.1720638,0.28443432,-0.0066860914,4,7,0.07408405,49,6,-0.16139460730516486,0.1154199088444862,6,,-0.14033920561938953,-0.2768145161496511,False,False,False,False
2D,entry_btc_1h_slope>0.0639 ∧ entry_btc_dist_from_ema13_pct>0.152,97.0,0.028148107,-0.07455134,2.1709778,0.13115484,0.06990665,6,8,0.06204692,75,29,0.14002151994305378,0.0799820906540927,17,-0.13391421972018683,0.2211862475406121,0.06003942928896108,False,True,True,False
2D,entry_btc_1h_slope>0.0639 ∧ entry_btc_dist_from_ema13_pct≤0.152,115.66666666666667,0.017941287,-0.07692193,2.1630976,0.04401604,0.14229795,5,7,0.06516262,79,31,0.1814341960380525,0.05838406269220216,21,0.20352437690812017,0.008720697299261579,0.12305013334585034,False,True,True,False
2D,entry_global_volume_ratio>0.823 ∧ entry_pair_rank≤30,103.66666666666667,0.021619713,-0.074575774,2.1588626,0.118581764,0.08598693,7,9,0.06541002,98,23,0.06526411374671452,0.1084705415890183,18,-0.28417743784617966,0.08152043347526358,-0.043206427842303774,False,True,False,False
2D,entry_bear_pct>20 ∧ entry_btc_adx≤24.9,107.33333333333333,0.02590425,-0.07712307,2.157491,0.11587733,0.08564329,6,8,0.07499148,96,23,0.019696898218669216,0.12282733552251204,16,-0.46870364215906013,0.13556011643079202,-0.10313043730384283,False,True,False,False
2D,entry_adx_delta≤0.241 ∧ entry_ema20_slope≤0.146,123.33333333333333,-0.11704958,-0.024375437,-2.1552145,-0.003954176,-0.167945,6,9,0.06115231,116,23,-0.13889605314884154,0.1727949777341935,17,-0.08819401073211319,-0.33149116747033847,-0.31169103088303507,False,True,True,False
2D,entry_pair_ema20_ema50_gap_pct>0.339 ∧ entry_rsi_prev>57.8,118.0,0.014164895,-0.076194584,2.1538582,0.19078091,-0.0011085384,5,7,0.059216186,110,27,-0.05678726452969397,0.15873449702136966,16,-0.328815259587795,-0.12341488264964699,-0.21552176155106362,False,False,False,False
2D,entry_bull_pct>71.1 ∧ entry_quality_score≤4,164.0,-0.10248445,-0.019114705,-2.1529932,-0.09049927,-0.07553285,7,9,0.06007347,120,43,0.03900662114493707,0.14607810269699006,22,0.0450865610093821,-0.13764382993840774,-0.107071481552053,False,True,True,False
1D,entry_btc_rsi_1h_prev ≤T1 46,142.33333333333334,-0.1090599,-0.022179626,-2.1524265,-0.06797105,-0.1010195,6,7,0.060277935,87,19,0.01343042060749266,0.11901618390429103,10,-0.10391433184674431,-0.09400789307265423,-0.10558576329679836,False,True,True,False
2D,entry_ema20_slope>0.146 ∧ entry_rsi≤60.1,94.0,0.029951386,-0.0741343,2.152124,-0.09462989,0.26760975,4,7,0.046962958,105,22,-0.007867076060080596,0.12962837602019653,19,-0.18631270081864637,-0.09325635442974081,-0.13749545208027714,False,False,False,False
2D,entry_adx_delta≤0.241 ∧ entry_btc_1h_slope>0.0639,102.0,0.0267232,-0.07568645,2.1519876,0.05590554,0.1463601,7,8,0.06290602,87,26,0.004842715458299413,0.13276447928938548,18,-0.28695571624199384,0.0016474517800645202,-0.12792176383108605,False,True,False,False
2D,entry_bear_pct>20 ∧ entry_btc_adx_prev≤24.8,106.0,0.02585438,-0.07667774,2.151505,0.114628084,0.08589778,6,8,0.08233046,96,20,-0.1309408196421205,0.15839790190809447,14,-0.5401098763910381,-0.1249661721845353,-0.289338721550215,False,True,False,False
2D,entry_adx≤22 ∧ entry_rsi_prev≤57.8,125.33333333333333,-0.11926493,-0.022837216,-2.1510012,-0.1654046,-0.034107804,5,9,0.045734007,119,30,0.1250953022888791,0.08585704671979388,22,0.279004768466719,-0.03278561664012669,0.03923825556908522,False,True,False,False
2D,entry_bear_pct>20 ∧ entry_btc_trend_gap_pct>0.0932,114.33333333333333,0.021933313,-0.07797942,2.1487982,0.035842933,0.16808519,6,7,0.07597592,92,27,0.1749951727647453,0.06803702155832818,18,-0.049863538781805467,0.2263708676777078,0.10695815120641712,False,True,True,False
2D,entry_dist_from_ema13_pct>0.341 ∧ entry_neg_di>15.8,110.33333333333333,-0.1213886,-0.026672985,-2.1470525,-0.17060648,-0.032010615,6,9,0.058539882,110,22,0.10528048043238102,0.09598991327919443,20,0.3131863141485718,-0.06868146605691859,0.009290567153186588,False,True,False,False
2D,entry_btc_rsi_1h≤57.2 ∧ entry_pair_volume_ratio≤0.763,119.0,-0.11739847,-0.02554703,-2.1414497,-0.1124679,-0.07384623,4,8,0.041565176,98,19,-0.061797112275469857,0.13757882188839868,12,0.17594614178723186,-0.4121120162688861,-0.19937593416386853,False,True,True,False
2D,entry_bear_pct≤20 ∧ entry_pair_ema20_ema50_gap_pct≤0.339,113.66666666666667,-0.11758537,-0.027045853,-2.139157,-0.08313822,-0.09515109,6,9,0.056192815,89,26,0.18488056499610847,0.06589327803248499,17,0.0724491553203443,0.11902569519594426,0.11898728696362348,False,True,False,False
2D,entry_global_volume_ratio>0.823 ∧ entry_rsi≤60.1,105.0,0.01870228,-0.074021615,2.1383982,0.13017815,0.073278666,5,8,0.04668214,110,29,0.01971201330959328,0.13205635471932187,20,-0.04154333451746911,-0.10780312289765555,-0.11234434140972858,False,True,False,False
2D,entry_btc_adx>24.9 ∧ entry_rsi_prev≤57.8,85.0,-0.13753968,-0.029680664,-2.1357303,-0.10554249,-0.10865119,5,8,0.06444274,87,29,0.03092819236422757,0.1272015906508981,18,0.03064820299020979,-0.0995736308159832,-0.09627339828667052,False,True,True,False
2D,entry_btc_rsi>62.8 ∧ entry_bull_pct>71.1,131.66666666666666,-0.10795881,-0.025816616,-2.1321223,-0.07840053,-0.08265109,7,9,0.070906155,104,24,0.03967138575329437,0.11760154019574588,14,-0.15331234726518472,0.02412655005178614,-0.07793015444245152,False,True,True,False
2D,entry_atr_pct≤0.455 ∧ entry_btc_trend_gap_pct>0.0932,116.33333333333333,0.011107256,-0.074561335,2.1313503,0.07791347,0.092033364,5,7,0.06818338,98,29,0.053996366829553895,0.11721685841963743,16,-0.16336851480202152,0.020961374524190533,-0.06322049159008353,False,True,False,False
2D,entry_btc_adx>24.9 ∧ entry_quality_score≤4,196.0,-0.09525808,-0.013681431,-2.1303792,-0.08924716,-0.07288428,5,8,0.050554007,131,51,0.11642857709813767,0.07736814933706107,24,0.1311634909786684,0.014012097410152836,0.0390604277610766,False,True,False,False
2D,entry_btc_ema20_slope≤0.0586 ∧ entry_rsi_prev>57.8,103.66666666666667,0.01618638,-0.07283015,2.1301012,0.14442557,0.049399205,5,7,0.06749982,104,23,0.1892015842372729,0.0694217495166506,16,0.28630283392604583,-0.06127370809288492,0.1197798347206223,False,True,True,False
2D,entry_btc_rsi_prev>62 ∧ entry_btc_trend_gap_pct>0.0932,137.33333333333334,0.007766323,-0.079198785,2.129537,0.12693293,0.052398592,7,8,0.058010347,97,36,0.1965302895032097,0.03907222883428702,22,-0.10438111396412503,0.34049931474097916,0.15745806066892268,False,True,True,False
2D,entry_bear_pct≤20 ∧ entry_dist_from_ema13_pct>0.341,116.66666666666667,-0.11453777,-0.027316898,-2.128899,-0.09275532,-0.08170655,5,8,0.0475294,105,27,0.044857028367055345,0.1189606432791634,19,0.07919309832103699,-0.15493618413021973,-0.07410361491210807,False,True,True,False
2D,entry_adx≤22 ∧ entry_pos_di>26.2,84.0,-0.13061307,-0.031695344,-2.1255932,-0.1366475,-0.06608468,5,9,0.05082517,90,16,-0.277803015463523,0.17330340499486424,13,-0.48305946660712124,-0.4225061315478066,-0.4511064204583872,False,True,True,False
2D,entry_btc_adx≤24.9 ∧ entry_rsi>60.1,114.66666666666667,0.012374684,-0.07456952,2.1231709,0.18385059,-0.01790993,4,8,0.0051762126,104,21,0.14934560396678892,0.08377555291826937,16,-0.15814500195119688,0.1996017918072088,0.06557005104851955,False,False,True,False
2D,entry_btc_rsi_1h≤57.2 ∧ entry_dist_from_ema13_pct>0.341,122.66666666666667,-0.11378379,-0.025898112,-2.121099,-0.1221568,-0.058181997,4,8,0.057281923,106,16,0.030726936363587712,0.11159741462944209,12,-0.08965983672456199,-0.04254613417381994,-0.08087047826585438,False,True,True,False
2D,entry_ema20_slope>0.146 ∧ entry_quality_score>4,59.666666666666664,0.053961433,-0.06829519,2.1200783,0.08030632,0.15705985,6,8,0.058575783,76,10,0.14988175718336844,0.09210007651557076,9,-0.14713127807996357,0.19231538134071335,0.05778168066779768,False,True,True,False
2D,entry_btc_atr_pct>0.146 ∧ entry_quality_score≤4,155.33333333333334,-0.10699111,-0.019197734,-2.119619,-0.04634484,-0.14638606,7,9,0.04539054,102,31,0.09266152209112642,0.10072179949765925,17,-0.04455595510175048,0.020316160368319312,-0.008060277406532826,False,True,True,False
2D,entry_btc_1h_slope>0.0639 ∧ entry_btc_ema20_slope≤0.0586,99.33333333333333,0.02213832,-0.073458545,2.1181288,-0.0041788444,0.186153,6,8,0.05655057,74,35,0.16126174291862116,0.06188955983641032,21,0.1303499866257717,0.09473117489064806,0.09937218308221085,False,False,True,False
2D,entry_atr_pct≤0.455 ∧ entry_btc_1h_slope≤0.0639,105.0,-0.11627564,-0.029915757,-2.1168602,-0.035141002,-0.118775986,6,8,0.060684424,79,18,-0.03266650717332415,0.1283002728370847,12,0.07313722296118638,-0.5163252809181773,-0.16096678001040884,False,True,True,False
2D,entry_btc_rsi>62.8 ∧ entry_btc_rsi_1h>57.2,119.33333333333333,0.015094519,-0.07694838,2.1165643,0.03917176,0.13804021,5,8,0.034810625,88,39,0.20989438090482174,0.021641110471661815,21,-0.17521842844796015,0.43886308680056035,0.18825327043315992,False,True,True,False
2D,entry_btc_rsi>62.8 ∧ entry_pos_di≤26.2,96.33333333333333,-0.1293411,-0.02836973,-2.1158223,-0.06725946,-0.13296348,7,9,0.046906866,100,21,0.20145182174989706,0.06918581193899909,13,0.12324979651881529,0.20751133479471395,0.13226600981089798,False,True,False,False
2D,entry_adx_delta>0.241 ∧ entry_pair_volume_ratio>0.763,119.66666666666667,0.012152839,-0.075900525,2.1142464,0.14966255,0.03858005,4,8,0.06493131,120,29,0.1863803267738996,0.05991633844372659,19,0.1175279088673967,0.10366973129720752,0.126463988330173,False,True,True,False
2D,entry_atr_pct>0.455 ∧ entry_pair_volume_ratio≤0.763,114.33333333333333,-0.12435602,-0.02437126,-2.107256,-0.14965244,-0.05427591,6,8,0.06224754,123,27,0.1234202785221891,0.08821850191411107,20,-0.2199416188171546,0.20499320107539565,0.035201776608078036,False,True,False,False
2D,entry_btc_1h_slope>0.0639 ∧ entry_ema20_slope>0.146,99.66666666666667,0.026743101,-0.07496102,2.1038642,0.0682678,0.13296132,5,7,0.07687466,79,30,0.06694718577590611,0.11228800877114524,20,-0.07722217309534718,-0.026595851538222654,-0.04534082299523913,False,True,False,False
2D,entry_ema_gap_8_13≤0.132 ∧ entry_rsi_prev>57.8,94.0,0.018099025,-0.07078189,2.1037161,0.12508658,0.060955565,4,8,0.045738094,96,23,0.0952197076333099,0.09903247776173482,17,-0.007367731898339086,-0.07615714878482999,-0.0038127701284249166,False,True,False,False
2D,entry_pair_volume_ratio≤0.763 ∧ entry_quality_score≤4,160.0,-0.10425612,-0.019302469,-2.101138,-0.156116,-0.02193803,7,9,0.06258954,138,43,0.10533150956955611,0.09226734416380862,27,0.023952467057950233,-0.010139515391477272,0.013064165405747494,False,True,False,False
2D,entry_btc_atr_pct>0.146 ∧ entry_global_volume_ratio≤0.823,112.66666666666667,-0.12508771,-0.024639709,-2.1006625,-0.19360371,-0.001731772,6,8,0.03730291,88,24,0.09791147262523663,0.0981881779050985,15,0.10763318792562954,0.04484602101570992,-0.0002767052798618719,False,True,True,False
2D,entry_btc_atr_pct>0.146 ∧ entry_btc_rsi>62.8,100.66666666666667,-0.12548749,-0.028217385,-2.1005044,0.0060953535,-0.21737367,7,8,0.056340404,75,14,0.23822898410772647,0.07419778505688535,9,-0.14600432654361167,0.33154948006382706,0.16403119905084113,False,False,False,False
2D,entry_btc_trend_gap_pct≤0.0932 ∧ entry_pos_di>26.2,79.66666666666667,-0.12994535,-0.033085264,-2.0981905,-0.16076323,-0.049248647,5,8,0.037471212,84,16,-0.3453295437384856,0.18680871064985677,14,-0.3684727712407613,-0.6767797531164631,-0.5321382543883424,False,True,True,False
2D,entry_btc_adx≤24.9 ∧ entry_btc_dist_from_ema13_pct>0.152,122.66666666666667,0.013325437,-0.07724411,2.0925045,0.10932365,0.07024587,5,9,0.055863053,99,26,0.035719936198028115,0.12129579730034341,16,-0.1775773363346818,-0.052839533770898145,-0.0855758611023153,False,True,False,False
2D,entry_ema5_stretch≤0.118 ∧ entry_pair_rank≤30,116.66666666666667,0.015458396,-0.07629284,2.09059,0.082604185,0.10324586,5,9,0.03437522,110,27,0.022917301028221412,0.127545753976968,18,-0.16657915746281737,-0.13156373934333113,-0.10462845294874658,False,True,False,False
2D,entry_btc_rsi_1h_prev≤54.1 ∧ entry_ema_gap_5_8>0.0879,114.0,-0.11422014,-0.028177505,-2.0899494,-0.043528497,-0.12094553,6,8,0.05878696,102,15,0.2852009788613244,0.06347419097843092,10,-0.0048843724598569005,0.37040967298647265,0.22172678788289346,False,True,False,False
2D,entry_btc_rsi>62.8 ∧ entry_quality_score>4,39.333333333333336,0.08147131,-0.064667724,2.0883708,0.22571295,0.09496638,6,7,0.11563661,58,8,0.2505510141616108,0.08426154589636231,7,-0.3968529829016878,0.5153765527742992,0.16628946826524849,False,True,True,False
2D,entry_btc_adx≤24.9 ∧ entry_pos_di≤26.2,124.33333333333333,0.015452546,-0.07861967,2.0863943,0.16000363,0.028045963,7,9,0.06620289,114,25,0.29407656568524154,0.029119859296362422,15,0.10146092788976335,0.35465516863483754,0.26495670638887914,False,True,True,False
2D,entry_btc_rsi_1h_prev>54.1 ∧ entry_rsi≤60.1,119.0,0.017129978,-0.077636674,2.0850127,-0.1110889,0.27400967,5,8,0.030722938,97,39,0.11080891658357996,0.08943642816514304,23,0.052593704274732644,0.04261372057607178,0.02137248841843692,False,False,True,False
2D,entry_adx_delta≤0.241 ∧ entry_btc_rsi_1h>57.2,99.0,0.024219304,-0.07399058,2.0762322,0.10301562,0.091876864,7,8,0.061369114,80,31,0.03192162008240491,0.12969006045566492,21,-0.3567609043750952,0.08480525426735677,-0.09776844037326002,False,True,False,False
2D,entry_adx_prev>22.1 ∧ entry_pos_di>26.2,125.66666666666667,0.006411603,-0.07525808,2.0747373,0.039678417,0.11729035,5,8,0.0525759,107,34,0.13271049293129264,0.0791494740727229,21,0.20568440232356755,-0.012736399165295115,0.053561018858569745,False,True,True,False
2D,entry_adx≤22 ∧ entry_btc_rsi_1h_prev>54.1,98.0,0.025760906,-0.0741516,2.0715055,0.10563603,0.089688405,6,7,0.06914588,80,31,0.11806386007454674,0.08860683830556648,17,0.14471342160907344,-0.016603543324934005,0.029457021768980254,False,True,True,False
2D,entry_btc_trend_gap_pct>0.0932 ∧ entry_ema20_slope>0.146,101.66666666666667,0.022148194,-0.07414868,2.0710201,0.042327344,0.14537543,5,7,0.059867855,82,26,0.059376492028479624,0.11250907656331853,19,-0.14328713411157726,-0.004670419763468964,-0.053132584534838906,False,True,False,False
2D,entry_global_volume_ratio>0.823 ∧ entry_pos_di≤26.2,101.33333333333333,0.018727265,-0.07298329,2.0694022,0.28987768,-0.048525505,5,8,0.028126905,100,24,0.1213509120209781,0.09037503143985132,18,-0.0602106938804485,0.04951173858758657,0.030975880581126783,False,False,True,False
2D,entry_atr_pct≤0.455 ∧ entry_btc_rsi_1h≤57.2,102.66666666666667,-0.115279175,-0.030854408,-2.0689993,-0.049865343,-0.10781391,6,8,0.06581046,81,14,-0.10876512216791297,0.13344068125028719,10,0.2001107642551784,-0.8795307430426406,-0.24220580341820014,False,True,True,False
2D,entry_atr_pct>0.455 ∧ entry_pair_rank>30,104.66666666666667,-0.12098973,-0.028471334,-2.0668776,-0.10316032,-0.083657876,7,7,0.06703147,105,28,0.19769668911836158,0.057116424365568325,20,-0.0036120092263591252,0.2470181330117009,0.14058026475279325,False,True,False,False
2D,entry_btc_1h_slope≤0.0639 ∧ entry_rsi>60.1,121.66666666666667,-0.10800493,-0.02849433,-2.066639,-0.048151225,-0.1006869,6,8,0.059979476,98,18,0.09570483675771202,0.09867611654530707,12,-0.16413604620647532,0.08527267596036502,-0.002971279787595052,False,True,True,False
2D,entry_atr_pct≤0.455 ∧ entry_bear_pct≤20,107.33333333333333,-0.112590946,-0.03052386,-2.0643477,0.01181951,-0.14517012,5,9,0.05714404,86,22,0.1776919533700552,0.07446217808150751,14,0.18966499268944054,0.005572916668359382,0.10322977528854768,False,False,False,False
2D,entry_dist_from_ema13_pct≤0.341 ∧ entry_pair_ema20_ema50_gap_pct>0.339,100.66666666666667,0.018339086,-0.07267555,2.0635293,0.07991949,0.10272587,4,7,0.03587011,101,24,0.0564275953115402,0.11201613700966392,14,-0.26361012933866423,0.09218198995738225,-0.055588541698123724,False,True,False,False
2D,entry_dist_from_ema13_pct>0.341 ∧ entry_pair_volume_ratio≤0.763,114.66666666666667,-0.12003651,-0.025853539,-2.0627437,-0.14188512,-0.050639674,6,8,0.051031284,116,25,0.2363206514549116,0.049456448814084224,21,0.00618898144504107,0.2966086350942788,0.18686420264082737,False,True,False,False
2D,entry_ema_gap_5_8≤0.0879 ∧ entry_pair_rank>30,98.0,-0.119998984,-0.030645601,-2.0623503,-0.088812254,-0.09096238,5,8,0.020245492,102,31,0.07392498176508588,0.10965768796084784,23,0.06377801661885116,-0.07275144620769146,-0.03573270619576195,False,True,True,False
2D,entry_btc_atr_pct>0.146 ∧ entry_pair_volume_ratio≤0.763,120.33333333333333,-0.11766697,-0.025041219,-2.0603404,-0.1267198,-0.0634735,5,9,0.05827098,91,22,0.15078614026554643,0.08246120359906417,14,0.06874958434482506,0.03699249932020618,0.06832493666648226,False,True,False,False
2D,entry_adx_delta≤0.241 ∧ entry_pair_volume_ratio≤0.763,120.0,-0.11746402,-0.025221512,-2.0598536,-0.07256619,-0.10754943,6,9,0.051700395,114,27,-0.020424285722959023,0.1445055053143864,20,0.20379168653482757,-0.339011220645739,-0.16492979103734542,False,True,True,False
2D,entry_btc_1h_slope>0.0639 ∧ entry_range_position≤81.7,125.66666666666667,0.0117999995,-0.077510215,2.055767,0.021485245,0.14690067,4,8,0.038632527,95,34,0.23059459637079818,0.025471094767187587,21,0.21058635823798758,0.24708037569168054,0.2051235016036106,False,True,True,False
2D,entry_btc_atr_pct>0.146 ∧ entry_ema20_slope≤0.146,108.0,-0.1227238,-0.026914243,-2.055482,-0.023950513,-0.18159333,6,9,0.05482029,85,15,0.13883705918875403,0.09057862054742541,12,0.17422657522270296,-0.03735800202057849,0.048258438641328616,False,True,False,False
2D,entry_atr_pct≤0.455 ∧ entry_btc_adx_prev≤24.8,85.0,0.020890655,-0.06913353,2.0541883,0.13052854,0.045992017,5,9,0.050802603,80,14,-0.051759680144279105,0.12370804480722779,12,-0.2728714073279007,-0.22487023006704987,-0.1754677249515069,False,True,False,False
2D,entry_btc_rsi>62.8 ∧ entry_btc_trend_gap_pct>0.0932,133.33333333333334,0.0066391355,-0.07749861,2.0531957,0.06537433,0.101515256,5,8,0.052965526,102,36,0.196381707032239,0.03916137831686941,20,-0.13297555245254614,0.37483411408239653,0.1572203287153696,False,True,True,False
2D,entry_btc_rsi_1h≤57.2 ∧ entry_rsi>60.1,115.0,-0.109746486,-0.029553616,-2.0519707,-0.035752025,-0.1122014,6,8,0.058100227,94,16,0.12702052448321458,0.0923386970055167,10,-0.0441647617427714,0.07362078383474426,0.03468182747769788,False,True,False,False
1D,entry_btc_rsi_1h >T2 61.3,141.66666666666666,0.005830058,-0.079559006,2.0513818,0.1027871,0.06745879,5,7,0.03195327,85,40,0.10769408004141852,0.09127965983064337,20,0.23244076760403912,-0.04384748725109883,0.016414420210775146,False,True,True,False
2D,entry_ema_gap_8_13>0.132 ∧ entry_pair_rank>30,108.0,-0.11765786,-0.02863295,-2.0497272,-0.06965082,-0.10921559,5,8,0.055212952,107,21,0.23605636739726177,0.059496539157737,14,-0.05081698310596275,0.32621015055628855,0.17655982823952476,False,True,False,False
2D,entry_btc_ema20_slope>0.0586 ∧ entry_global_volume_ratio≤0.823,101.0,-0.12523231,-0.028196953,-2.0485253,-0.09924604,-0.107547045,6,8,0.08109692,87,16,0.02262866978809716,0.1132170679445402,12,-0.032177193643262325,-0.03417060075816841,-0.09058839815644304,False,True,True,False
2D,entry_btc_adx_prev>24.8 ∧ entry_pos_di≤26.2,91.33333333333333,-0.12900223,-0.029969156,-2.0477104,-0.10101047,-0.09720287,5,7,0.0681978,96,22,0.21563935442035095,0.06318051830979793,15,0.17286977841412338,0.15612674921922604,0.15245883611055303,False,True,False,False
2D,entry_adx_delta>0.241 ∧ entry_bull_pct≤71.1,110.66666666666667,0.016721042,-0.07499156,2.0471199,0.0048408434,0.18067902,5,7,0.06675327,110,26,0.3318014132223684,0.011322677262731331,19,-0.031192912655779947,0.5906875857736515,0.32047873595963705,False,True,True,False
2D,entry_adx>22 ∧ entry_rsi_prev>57.8,125.0,0.007252354,-0.07542617,2.046326,0.10606414,0.064715184,5,7,0.06101107,113,28,0.1661192325239591,0.0701189064926752,17,-0.08545035876928889,0.1968959936392161,0.0960003260312839,False,True,True,False
2D,entry_neg_di>15.8 ∧ entry_pair_rank>30,102.66666666666667,-0.11778936,-0.03005818,-2.045684,-0.05892758,-0.11155568,5,8,0.03648144,99,21,0.08112525917756963,0.10287724945925077,17,0.5167489023523598,-0.10023575160255996,-0.021751990281681136,False,True,True,False
2D,entry_bear_pct≤20 ∧ entry_btc_adx>24.9,113.0,-0.113481306,-0.02871857,-2.044988,-0.00025527552,-0.1390414,5,8,0.051991627,84,29,0.04141053987246115,0.12266445516225966,17,-0.1898044533358501,0.027050046600362167,-0.0812539152897985,False,True,True,False
2D,entry_adx>22 ∧ entry_pair_volume_ratio>0.763,121.0,0.009644543,-0.07529103,2.0442114,0.1033512,0.071270436,6,7,0.060483105,115,27,0.0926491579002927,0.1002593752009401,19,-0.13323464841770347,0.07086522528442792,-0.007610217300647398,False,True,False,False
1D,entry_rsi_prev ≤med 57.8,213.33333333333334,-0.09032968,-0.011979066,-2.0420272,-0.17919292,0.008908108,5,9,0.03243438,150,47,0.09537468891861392,0.10075130148975338,29,0.16184168502802682,-0.03448544063774619,-0.005376612571139458,False,False,True,False
1D,entry_rsi_prev >med 57.8,213.0,-0.011979066,-0.09032968,2.0420268,0.17919292,-0.008908108,5,9,0.03243438,145,49,0.10075130148975338,0.09537468891861392,26,-0.16184168502802682,0.03448544063774619,0.005376612571139458,False,False,True,False
1D,entry_quality_score ≤T1 3,181.66666666666666,-0.005672509,-0.084978335,2.041754,0.017075595,0.13381235,7,9,0.050748337,141,47,0.23206143579595492,-0.03035639449463496,26,0.38195388510106365,0.17778287088324218,0.2624178302905899,False,True,True,False
2D,entry_btc_atr_pct≤0.146 ∧ entry_gap≤0.354,110.33333333333333,0.010172668,-0.07260841,2.0396216,0.088236324,0.08518659,5,8,0.037089318,98,30,0.12647072721346997,0.08523185357225259,18,0.15190898555678312,-0.03429544536560676,0.04123887364121738,False,True,True,False
2D,entry_btc_ema20_slope>0.0586 ∧ entry_bull_pct>71.1,142.33333333333334,-0.10381573,-0.02480786,-2.0364509,-0.050659224,-0.10233574,6,9,0.06275885,94,23,-0.1341160475284065,0.1712889485661112,14,0.08790802138019194,-0.38423197165175904,-0.3054049960945177,False,True,True,False
2D,entry_btc_rsi_1h>57.2 ∧ entry_gap≤0.354,110.66666666666667,0.013622464,-0.073905244,2.0352192,0.13279946,0.043307476,4,7,0.046405055,92,37,0.15176661367455463,0.06447558383413977,22,0.04807100407742826,0.13903866889612398,0.08729102984041485,False,True,True,False
2D,entry_btc_rsi_1h>57.2 ∧ entry_range_position>81.7,92.0,0.023262862,-0.07167115,2.0334954,0.12776415,0.050605364,4,7,0.056677483,79,30,0.07155716800856823,0.1101925623017534,22,-0.14356407855865136,-0.019723102894783837,-0.03863539429318516,False,True,False,False
2D,entry_btc_rsi_1h_prev>54.1 ∧ entry_rsi>60.1,93.33333333333333,0.020710891,-0.071336,2.032789,0.27033782,-0.12464371,4,8,0.02751873,83,22,0.13659944300726506,0.08667887035152622,17,0.005092649047994252,0.004851703062449433,0.04992057265573885,False,False,True,False
2D,entry_atr_pct>0.455 ∧ entry_pair_volume_ratio>0.763,98.66666666666667,0.020815479,-0.07286572,2.0317783,0.1182216,0.07224198,7,8,0.06836164,109,22,0.032494151191566914,0.11762909224267969,17,0.1708802688786993,-0.1818900680584095,-0.08513494105111277,False,True,False,False
2D,entry_btc_adx>24.9 ∧ entry_btc_dist_from_ema13_pct>0.152,90.0,-0.12467651,-0.031519283,-2.0311007,-0.07493601,-0.11059703,6,8,0.04946563,78,18,0.19439812816664603,0.07590074160478384,11,0.1539433653011355,0.15448734515215848,0.11849738656186219,False,True,False,False
2D,entry_bull_pct>71.1 ∧ entry_rsi>60.1,113.66666666666667,-0.10946579,-0.029997632,-2.0296423,0.02557783,-0.15403377,7,9,0.044485364,94,23,0.046115385456331745,0.1145037025572211,16,0.05606671530695581,-0.14659844971193522,-0.06838831710088936,False,False,True,False
2D,entry_adx≤22 ∧ entry_quality_score≤4,175.0,-0.09778531,-0.01873784,-2.0291834,-0.069368735,-0.0894906,5,8,0.024612583,141,43,0.0685876451875346,0.12207840394544871,25,0.17320233840312002,-0.1827398306481286,-0.053490758757914106,False,True,True,False
2D,entry_adx_prev>22.1 ∧ entry_btc_ema20_slope≤0.0586,113.33333333333333,0.010350322,-0.07346616,2.0290647,-0.042169146,0.18138778,6,8,0.02881414,108,24,0.12401994717888037,0.08948535305388391,16,0.08342134086413935,0.014818526502565774,0.03453459412499646,False,False,True,False
2D,entry_btc_adx_prev>24.8 ∧ entry_rsi>60.1,99.66666666666667,-0.11690781,-0.031132836,-2.0267065,0.029447459,-0.16632137,5,7,0.047892854,99,23,0.2419465670664563,0.05280346725540105,16,0.05621731579513753,0.2662757816564273,0.18914309981105523,False,False,False,False
2D,entry_adx_delta≤0.241 ∧ entry_btc_adx_prev>24.8,94.66666666666667,-0.12603983,-0.029819407,-2.0232465,-0.13638723,-0.06417425,5,8,0.065782025,93,25,0.057758009662288036,0.11233061845937423,18,0.1801012429861745,-0.07937365705961935,-0.05457260879708619,False,True,True,False
2D,entry_btc_rsi>62.8 ∧ entry_ema50_slope≤0.226,107.66666666666667,0.014122277,-0.073250115,2.0216913,0.0823309,0.09137612,6,9,0.060377598,102,26,0.08878924009823017,0.10158434156598266,18,-0.01591106481820942,0.013875456913382808,-0.012795101467752493,False,True,False,False
2D,entry_bear_pct≤20 ∧ entry_btc_atr_pct>0.146,124.66666666666667,-0.11140165,-0.026299888,-2.0215197,-0.02704918,-0.1449867,5,8,0.0556897,85,23,0.16499118286589204,0.07704968419530482,13,0.15744137735461583,0.01684253399016859,0.08794149867058722,False,True,False,False
2D,entry_pair_rank≤30 ∧ entry_quality_score>4,46.0,0.06994104,-0.065834776,2.0196338,0.109397456,0.15690395,5,7,0.064605944,61,6,0.1835803381588569,0.09242157914688476,6,,0.41545376207264556,0.09115875901197215,False,True,False,False
2D,entry_adx_delta>0.241 ∧ entry_rsi_prev>57.8,142.33333333333334,0.00078155956,-0.07722926,2.0167549,0.09359891,0.0648005,3,7,0.051245637,122,30,0.11713640927952154,0.08947472536041098,22,-0.03229338187704242,-0.031384433816363605,0.027661683919110558,False,True,True,False
2D,entry_atr_pct>0.455 ∧ entry_global_volume_ratio≤0.823,104.66666666666667,-0.12798524,-0.026195074,-2.0156243,-0.13937609,-0.06737561,4,8,0.06616396,115,21,0.2457101139337904,0.05679349012750895,13,0.041163770275795375,0.3290121884169545,0.18891662380628146,False,True,False,False
2D,entry_btc_trend_gap_pct>0.0932 ∧ entry_neg_di>15.8,105.0,0.01465945,-0.07270056,2.0141225,0.033049114,0.13278754,6,8,0.060990658,92,31,0.09024037666354154,0.10187649962466123,17,0.0788140509029695,0.05723819338145138,-0.011636122961119696,False,True,False,False
2D,entry_btc_rsi_1h_prev≤54.1 ∧ entry_pair_volume_ratio>0.763,97.66666666666667,-0.11797249,-0.031338416,-2.0137336,-0.08303401,-0.08817236,5,8,0.023359258,95,13,0.02855791664141399,0.10901411127511307,9,-0.36102961966391955,0.10109536068036488,-0.08045619463369907,False,True,True,False
2D,entry_btc_rsi_prev6>58.3 ∧ entry_btc_trend_gap_pct>0.0932,144.66666666666666,0.0012716665,-0.07812724,2.0113313,0.06531727,0.09135945,6,8,0.06286885,107,36,0.10766986924721852,0.09238848098788169,22,-0.07700996211409006,0.06485153759415116,0.015281388259336837,False,True,True,False
2D,entry_adx_delta≤0.241 ∧ entry_ema_gap_5_8>0.0879,86.0,-0.12412389,-0.03275382,-2.01097,-0.09375242,-0.08868346,7,8,0.06903812,99,15,0.14942263926191993,0.0886183279412836,13,0.08563041326822948,0.04239889836991453,0.06080431132063632,False,True,False,False
2D,entry_adx_prev>22.1 ∧ entry_quality_score>4,57.333333333333336,0.03536974,-0.06463343,2.0080438,0.18167678,0.04603598,6,8,0.07199344,72,9,-0.12632774221333962,0.12133763025394052,9,,-0.22004586643330212,-0.24766537246728015,False,True,False,False
2D,entry_adx≤22 ∧ entry_bull_pct>71.1,114.66666666666667,-0.11164949,-0.028939236,-2.0061467,-0.012140758,-0.13688624,5,9,0.04061915,97,29,-0.00369849085809946,0.1421892595083232,19,0.3754279179052471,-0.37817765903191203,-0.14588775036642265,False,True,True,False
2D,entry_adx>22 ∧ entry_btc_rsi_1h_prev>54.1,114.33333333333333,0.012655229,-0.07457945,2.0013278,0.04808785,0.12086475,4,7,0.05496291,91,30,0.1222251943536167,0.08716164123582225,21,-0.07231555305247764,0.07500316356579957,0.03506355311779445,False,True,True,False
2D,entry_btc_rsi≤62.8 ∧ entry_pos_di≤26.2,117.0,0.014610673,-0.076071076,1.9999919,0.15190071,0.030253768,6,8,0.06309541,118,24,0.20384436788307345,0.06287721281915286,17,0.13545720287219273,0.035573338051055406,0.1409671550639206,False,True,True,False
2D,entry_neg_di>15.8 ∧ entry_rsi_prev≤57.8,130.66666666666666,-0.109596275,-0.025370777,-1.9987624,-0.17822085,-0.012691304,6,9,0.04247714,109,27,-0.012508425174983403,0.14140799466517853,19,0.6387956930610337,-0.38261372037620145,-0.15391641984016194,False,True,True,False
2D,entry_btc_1h_slope≤0.0639 ∧ entry_price_vs_ema5_pct>0.118,127.33333333333333,-0.1081055,-0.02694461,-1.9966203,-0.116720855,-0.05103185,7,8,0.057360034,109,20,0.022137955781064273,0.11811401363883532,14,0.1763299728177946,-0.2787195226962136,-0.09597605785777105,False,True,True,False
1D,entry_pair_ema20_ema50_gap_pct ≤0,67.66666666666667,-0.14509948,-0.033466935,-1.9916764,-0.12502591,-0.101560265,5,8,0.050959386,72,20,-0.1041292868713835,0.15134223538947947,16,0.12278739381699696,-0.5085320396884332,-0.25547152226086295,False,True,True,False
1D,entry_pair_ema20_ema50_gap_pct >0,358.6666666666667,-0.033466935,-0.14509948,1.9916748,0.12502591,0.101560265,5,8,0.050959386,175,76,0.15134223538947947,-0.1041292868713835,38,-0.12278739381699696,0.5085320396884332,0.25547152226086295,False,True,True,False
2D,entry_btc_rsi_prev≤62 ∧ entry_pair_rank≤30,108.66666666666667,0.016922818,-0.07448316,1.9874171,0.007223293,0.16446602,7,8,0.065841645,106,18,0.007738758156071797,0.1189759808379933,16,0.304801438944977,-0.5465787335459577,-0.1112372226819215,False,True,False,False
2D,entry_btc_adx_prev≤24.8 ∧ entry_dist_from_ema13_pct≤0.341,83.0,0.024295084,-0.069432124,1.9860662,0.19169623,-0.0058196634,5,9,0.056835614,94,15,-0.2237687037908157,0.15772783591401243,13,-0.26736616643056677,-0.5145059249009891,-0.3814965397048281,False,False,False,False
2D,entry_gap>0.354 ∧ entry_global_volume_ratio>0.823,112.66666666666667,0.008662306,-0.07268169,1.9854469,0.13063887,0.041943718,4,7,0.039476864,105,22,-0.027563935678683274,0.1354841991500514,17,-0.2379563359273876,-0.16127000779307576,-0.16304813482873465,False,True,False,False
2D,entry_btc_adx≤24.9 ∧ entry_quality_score>4,76.66666666666667,0.031990103,-0.06942167,1.9825886,0.14662936,0.062820375,5,8,0.047525264,80,12,-0.038526601255865905,0.11763980199098999,11,-0.10965769940596617,-0.1555957950227583,-0.15616640324685588,False,True,False,False
2D,entry_ema5_stretch>0.118 ∧ entry_pair_rank>30,106.33333333333333,-0.11548982,-0.029817045,-1.9806365,-0.055625014,-0.119083986,8,9,0.05664729,114,26,0.017888168637973118,0.12791902525122098,18,-0.053899709062537715,-0.09773507117373924,-0.11003085661324787,False,True,True,False
2D,entry_pair_rank>30 ∧ entry_price_vs_ema5_pct>0.118,106.33333333333333,-0.11548982,-0.029817045,-1.9806365,-0.055625014,-0.119083986,8,9,0.05664729,114,26,0.017888168637973118,0.12791902525122098,18,-0.053899709062537715,-0.09773507117373924,-0.11003085661324787,False,True,True,False
1D,entry_btc_adx_prev >med 24.8,213.0,-0.08920416,-0.0132252425,-1.9798653,-0.07872502,-0.07109788,5,8,0.05018229,136,56,0.18025826701672873,-0.016875970019100944,25,0.13567399861229837,0.2795827112649988,0.19713423703582966,False,True,False,False
1D,entry_btc_adx_prev ≤med 24.8,213.33333333333334,-0.0132252425,-0.08920416,1.979864,0.07872502,0.07109788,5,8,0.05018229,140,40,-0.016875970019100944,0.18025826701672873,23,-0.13567399861229837,-0.2795827112649988,-0.19713423703582966,False,True,False,False
2D,entry_btc_atr_pct≤0.146 ∧ entry_btc_trend_gap_pct>0.0932,100.33333333333333,0.011480031,-0.070471466,1.9774777,0.0209437,0.12752326,6,8,0.05507271,68,32,0.09109850257163993,0.10162925109187956,13,-0.038483954916286256,0.03458113530918068,-0.010530748520239636,False,True,False,False
2D,entry_btc_rsi_1h≤57.2 ∧ entry_pos_di>26.2,92.0,-0.11721834,-0.033014316,-1.9758639,-0.07665156,-0.08792406,5,8,0.05410315,85,12,-0.21099104971684235,0.14227758034255805,9,-0.3813416258148876,-0.3146942766926486,-0.3532686300594004,False,True,True,False
2D,entry_gap≤0.354 ∧ entry_pair_rank≤30,121.33333333333333,0.009966866,-0.07551208,1.9726977,0.16910924,0.02691723,7,9,0.06219662,109,24,0.07869386685186809,0.10459404649622134,18,0.09798183724146961,-0.12280907758478377,-0.025900179644353247,False,True,False,False
2D,entry_bull_pct≤71.1 ∧ entry_neg_di≤15.8,122.0,0.0106612155,-0.075977676,1.9723868,0.13087693,0.031937268,6,7,0.07205527,118,23,0.2832711883474863,0.03978338109836417,18,-0.08934097879375344,0.5144027411282439,0.24348780724912217,False,True,True,False
2D,entry_adx>22 ∧ entry_dist_from_ema13_pct≤0.341,133.33333333333334,0.004121733,-0.07635302,1.9685875,0.10690758,0.062021203,4,7,0.031484712,113,29,0.15801559993005096,0.07219360827166107,18,0.009830738647862158,0.15718331595558688,0.08582199165838988,False,True,True,False
2D,entry_dist_from_ema13_pct>0.341 ∧ entry_pos_di>26.2,96.0,-0.11962191,-0.031296168,-1.9670563,-0.15180619,-0.027836885,5,9,0.041925445,106,22,-0.0681818211077782,0.1475597867100526,18,-0.30487974199719015,-0.1618373914669799,-0.2157416078178308,False,True,True,False
2D,entry_btc_adx_prev>24.8 ∧ entry_pair_ema20_ema50_gap_pct≤0.339,113.33333333333333,-0.11395901,-0.028455328,-1.9662232,0.021678412,-0.17451628,4,8,0.008385237,96,30,0.06529860349738459,0.11303736435229139,19,0.07870745016672526,-0.1337123253250028,-0.0477387608549068,False,False,True,False
2D,entry_bear_pct≤20 ∧ entry_gap≤0.354,104.33333333333333,-0.11545153,-0.030361582,-1.9661248,-0.08242877,-0.085337505,5,9,0.0510602,97,23,0.2592512069456791,0.04735132044413905,16,0.25016015612323084,0.21424597976609847,0.21189988650154007,False,True,False,False
2D,entry_btc_rsi>62.8 ∧ entry_ema50_slope>0.226,105.33333333333333,-0.11482233,-0.030302968,-1.9656929,-0.09406791,-0.075387314,7,9,0.06018828,107,26,0.2928436149644233,0.025792716615682356,17,-0.32471985257788405,0.6493291865163782,0.26705089834874096,False,True,False,False
2D,entry_adx≤22 ∧ entry_btc_trend_gap_pct>0.0932,97.33333333333333,0.022143308,-0.07287889,1.9613576,0.08188889,0.10732361,6,7,0.0740778,89,27,0.053019129807081275,0.11576677749828372,14,0.07729295630790192,-0.08465941393716953,-0.06274764769120245,False,True,False,False
2D,entry_global_volume_ratio>0.823 ∧ entry_pair_volume_ratio>0.763,125.0,0.0039478354,-0.074055366,1.9577293,0.18121716,0.0076550357,7,9,0.050776675,111,26,0.020653757856434973,0.12689180639864941,18,-0.009821548702753036,-0.2194091260758381,-0.10623804854221444,False,True,False,False
2D,entry_adx_delta>0.241 ∧ entry_price_vs_ema5_pct≤0.118,115.33333333333333,0.008622796,-0.073364526,1.9566159,0.06741524,0.09504088,5,8,0.053610753,114,26,0.3613931585421794,0.0003314575725157571,20,-0.0440524757155237,0.7162074011500466,0.36106170096966367,False,True,True,False
2D,entry_atr_pct>0.455 ∧ entry_btc_1h_slope>0.0639,104.33333333333333,0.021606322,-0.07477059,1.9565682,0.09161598,0.09877184,7,7,0.081736,84,31,0.12015747485642457,0.08760834510190167,19,0.125024619060699,9.325200246619158e-05,0.0325491297545229,False,True,True,False
2D,entry_global_volume_ratio>0.823 ∧ entry_rsi_prev>57.8,113.66666666666667,0.0074420464,-0.07249825,1.9562625,0.18854448,-0.0046761297,5,8,0.030681364,98,24,0.19930394692884254,0.06439068647056319,17,-0.20522389381205935,0.4247365433722421,0.13491326045827934,False,False,True,False
2D,entry_btc_adx>24.9 ∧ entry_btc_rsi≤62.8,83.66666666666667,-0.126394,-0.03282171,-1.9529283,-0.011728831,-0.15620477,4,7,0.036153175,83,20,-0.06289411540861897,0.14049087447822564,14,0.02089211458047327,-0.354259125641376,-0.2033849898868446,False,True,True,False
2D,entry_btc_adx_prev≤24.8 ∧ entry_bull_pct≤71.1,110.0,0.01783895,-0.075187005,1.9492147,0.10090592,0.08133966,5,8,0.0669987,99,20,-0.07500889479867255,0.14367897431771345,14,-0.48443601142221593,-0.045548877868397016,-0.218687869116386,False,True,False,False
2D,entry_btc_atr_pct≤0.146 ∧ entry_btc_rsi_prev6>58.3,118.33333333333333,0.0037356738,-0.07228547,1.9490979,0.044199795,0.10482653,5,7,0.04545901,93,34,0.08915039758001483,0.10303726829761718,21,0.04517049503940568,-0.08399737845470256,-0.013886870717602348,False,True,False,False
2D,entry_bull_pct≤71.1 ∧ entry_quality_score>4,44.666666666666664,0.07135095,-0.06552545,1.9453144,0.19798525,0.09095307,5,7,0.09074468,63,6,0.15219142024662646,0.09451417367436679,5,-0.3968529829016878,0.44847143934376527,0.05767724657225967,False,True,False,False
2D,entry_btc_ema20_slope≤0.0586 ∧ entry_btc_rsi_1h>57.2,100.0,0.015591402,-0.071647644,1.9437972,-0.023785673,0.18730912,5,8,0.05249179,73,34,0.17103048977055382,0.05813528225764421,20,0.1618600366020973,0.08965928400261344,0.11289520751290961,False,False,True,False
2D,entry_bull_pct≤71.1 ∧ entry_ema_gap_8_13≤0.132,114.66666666666667,0.009088028,-0.07336032,1.9414378,0.17677838,-0.0057239197,6,8,0.054334126,113,26,-0.0214634417857643,0.14253533769432344,21,0.0015771304500135086,-0.41865896228185356,-0.16399877948008773,False,False,False,False
2D,entry_btc_adx_prev≤24.8 ∧ entry_quality_score>4,76.0,0.030885266,-0.068989016,1.9369642,0.13173413,0.07163169,5,8,0.0481812,79,12,-0.038526601255865905,0.11763980199098999,11,-0.10965769940596617,-0.1555957950227583,-0.15616640324685588,False,True,False,False
2D,entry_btc_adx_prev>24.8 ∧ entry_quality_score≤4,195.33333333333334,-0.091489136,-0.017103877,-1.9358712,-0.094899796,-0.05477324,5,8,0.045857754,132,54,0.16684634229401527,0.009755277816570125,25,0.1510071370710667,0.20378427221193474,0.15709106447744514,False,True,False,False
2D,entry_btc_rsi_1h>57.2 ∧ entry_btc_rsi_prev≤62,90.66666666666667,0.0207931,-0.07062695,1.9349941,0.030755758,0.15377843,6,7,0.069873914,72,30,0.11281910648792474,0.09143713572022771,19,0.11618897759090532,-0.020652710562422825,0.02138197076769703,False,True,True,False
2D,entry_btc_adx_prev≤24.8 ∧ entry_ema_gap_5_8≤0.0879,100.0,0.0167733,-0.07200981,1.9339303,0.15729657,0.025237393,5,8,0.043988466,99,22,-0.27094422606522794,0.20784050169740248,17,-0.10486115931797452,-0.7403090422170828,-0.4787847277626304,False,True,False,False
2D,entry_global_volume_ratio≤0.823 ∧ entry_price_vs_ema5_pct>0.118,111.66666666666667,-0.1166627,-0.027948737,-1.9318849,-0.08830085,-0.09478451,6,9,0.047462508,117,26,0.13752242024596523,0.0834834460825382,18,0.2803613820482277,0.01472168304304622,0.054038974163427025,False,True,False,False
2D,entry_pair_ema20_ema50_gap_pct>0.339 ∧ entry_pos_di>26.2,114.66666666666667,0.007665612,-0.07283699,1.9316009,-0.004780829,0.15144984,4,7,0.03763307,105,28,-0.02685567135686655,0.14957916103183871,19,-0.28526225959655155,-0.06423824633828641,-0.17643483238870528,False,False,False,False
2D,entry_btc_ema20_slope≤0.0586 ∧ entry_quality_score>4,38.666666666666664,0.057760928,-0.062051486,1.9269731,0.13930772,0.112770826,5,8,0.07712071,58,5,-0.17406872373511992,0.11307437110822384,5,,-0.6751379374591998,-0.28714309484334377,False,True,False,False
2D,entry_pair_volume_ratio>0.763 ∧ entry_range_position≤81.7,124.66666666666667,0.005272736,-0.074516706,1.9257046,0.1422619,0.03182404,4,9,0.04019144,123,29,0.21046989569881921,0.04948951010308973,20,0.15489607874095007,0.13638115381007865,0.16098038559572947,False,True,True,False
1D,entry_bull_pct >med 71.1,213.0,-0.08815393,-0.01427384,-1.925136,-0.059486706,-0.08402202,6,9,0.055954035,129,51,0.02718779297533584,0.17850770467623647,26,0.10358930849648498,-0.24554766976996908,-0.15131991170090064,False,True,True,False
1D,entry_bull_pct ≤med 71.1,213.33333333333334,-0.01427384,-0.08815393,1.9251351,0.059486706,0.08402202,6,9,0.055954035,146,45,0.17850770467623647,0.02718779297533584,28,-0.10358930849648498,0.24554766976996908,0.15131991170090064,False,True,True,False
2D,entry_atr_pct>0.455 ∧ entry_global_volume_ratio>0.823,108.33333333333333,0.011368111,-0.07249502,1.9250039,0.102992944,0.070317775,6,7,0.06743374,100,28,-0.03973905522485781,0.1548840838010116,22,-0.09261817747579598,-0.31590748538719476,-0.19462313902586942,False,True,False,False
2D,entry_btc_rsi_1h>57.2 ∧ entry_neg_di>15.8,103.0,0.014678499,-0.07216626,1.9246817,0.010939382,0.15351588,6,8,0.056586407,79,36,0.13179162689245144,0.07791542640074199,21,0.19071088071116366,0.12463588279343217,0.05387620049170945,False,True,True,False
2D,entry_btc_rsi_prev>62 ∧ entry_global_volume_ratio≤0.823,95.33333333333333,-0.120249234,-0.03129339,-1.9234335,-0.09534004,-0.08553234,7,8,0.07692766,95,24,0.07320516579664653,0.10642361351462852,17,-0.07151061385279084,0.04643075325889896,-0.03321844771798199,False,True,True,False
2D,entry_adx_prev≤22.1 ∧ entry_rsi_prev≤57.8,120.66666666666667,-0.114081986,-0.026355438,-1.9231639,-0.16710371,-0.013837192,5,9,0.038625196,121,30,0.1449949657346989,0.07681174515351215,22,0.36592283868983994,-0.03278561664012669,0.06818322058118674,False,True,False,False
2D,entry_btc_rsi_1h≤57.2 ∧ entry_bull_pct≤71.1,93.33333333333333,-0.12145442,-0.031489868,-1.9207113,-0.09405495,-0.08564672,5,8,0.0545434,89,13,0.033204538103595076,0.10828632719067509,10,-0.05370059226697749,-0.12525542039860132,-0.07508178908708002,False,True,True,False
2D,entry_bear_pct≤20 ∧ entry_btc_rsi_prev>62,118.0,-0.105404936,-0.030434888,-1.9197108,-0.011870526,-0.12143788,4,8,0.033256784,93,25,-0.0562518978008937,0.1524749520731706,15,-0.22807509091349,-0.16463219539023372,-0.2087268498740643,False,True,True,False
2D,entry_btc_1h_slope≤0.0639 ∧ entry_pair_volume_ratio>0.763,97.0,-0.11544783,-0.032257386,-1.9194175,-0.046610907,-0.10933181,5,8,0.0055472963,98,12,-0.017082600576007714,0.11457637332243883,9,-0.28832070699641205,-0.030636279686596705,-0.13165897389844655,False,True,True,False
2D,entry_btc_trend_gap_pct≤0.0932 ∧ entry_pair_volume_ratio≤0.763,114.66666666666667,-0.11194892,-0.028829075,-1.9193975,-0.104118496,-0.06508498,7,8,0.040084228,105,25,0.12915600163388782,0.0871904804412053,18,0.11077819436863767,-0.12979023104191584,0.04196552119268253,False,True,False,False
2D,entry_btc_1h_slope≤0.0639 ∧ entry_range_position≤81.7,88.66666666666667,-0.12508291,-0.031780414,-1.919262,-0.022250231,-0.15279661,6,8,0.063207895,92,15,-0.22842218477159637,0.15858959165119405,13,-0.5041351858930356,-0.3110991425829559,-0.3870117764227904,False,True,True,False
1D,entry_pair_ema20_ema50_gap_pct ≤T1 0.223,142.66666666666666,-0.10432361,-0.024459587,-1.9191217,-0.08318386,-0.07859971,6,9,0.0489939,107,35,0.09634473875745335,0.0991370212403591,23,-0.03573739807275844,0.032365727674234075,-0.00279228248290575,False,True,True,False
2D,entry_btc_dist_from_ema13_pct≤0.152 ∧ entry_pair_ema20_ema50_gap_pct≤0.339,93.0,-0.11880857,-0.032318022,-1.9183254,-0.0742531,-0.093496904,4,9,0.030998848,92,26,0.04157744150259939,0.11912015247293122,18,0.1553959538727101,-0.33989286460880574,-0.07754271097033183,False,True,True,False
2D,entry_adx>22 ∧ entry_neg_di>15.8,83.66666666666667,0.022164248,-0.0690942,1.9165913,0.091261365,0.09581697,6,8,0.052251935,89,21,0.1527946959108669,0.08280980717392751,14,,0.15356010415418966,0.06998488873693938,False,True,True,False
2D,entry_btc_adx≤24.9 ∧ entry_bull_pct≤71.1,112.0,0.016208956,-0.07519812,1.9128792,0.09793056,0.08117482,5,8,0.06851886,100,23,0.06833335460427613,0.10750352049690985,16,-0.43214600494237715,0.2366356836782623,-0.039170165892633724,False,True,False,False
2D,entry_btc_adx_prev≤24.8 ∧ entry_ema20_slope>0.146,117.66666666666667,0.009513109,-0.0743237,1.9119664,0.03245695,0.13293335,7,8,0.044695303,108,25,0.08670723969792625,0.10213722760175512,18,-0.11425526311603074,0.047873874286345874,-0.015429987903828865,False,True,False,False
2D,entry_btc_atr_pct≤0.146 ∧ entry_global_volume_ratio>0.823,112.66666666666667,0.004912879,-0.07133492,1.9110726,0.07384362,0.08981601,5,8,0.046984676,91,35,-0.009176485673644734,0.15968198607787434,18,-0.22569642405225743,-0.15052647225507118,-0.16885847175151908,False,True,False,False
1D,entry_pair_volume_ratio >T2 0.863,142.0,-0.0007634812,-0.076366216,1.9084063,0.1987094,-0.021109719,5,8,0.04533711,127,38,0.14211318904789164,0.06929522359229115,23,-0.09429089733932403,0.1828275102270415,0.07281796545560049,False,False,True,False
2D,entry_adx_delta>0.241 ∧ entry_pair_rank>30,97.33333333333333,-0.115820065,-0.032062974,-1.907644,-0.08010741,-0.091576695,7,7,0.073333725,101,23,0.3109889469714323,0.0310503886552031,17,0.16151660980270494,0.3588129514093408,0.2799385583162292,False,True,False,False
2D,entry_ema20_slope≤0.146 ∧ entry_price_vs_ema5_pct>0.118,94.0,-0.12232016,-0.031064522,-1.9071416,-0.0865398,-0.095718324,8,9,0.067645475,103,19,0.0708605319771321,0.1048451174624319,13,0.3167684217440112,-0.07497485785404513,-0.0339845854852998,False,True,True,False
2D,entry_ema20_slope≤0.146 ∧ entry_ema5_stretch>0.118,94.0,-0.12232016,-0.031064522,-1.9071416,-0.0865398,-0.095718324,8,9,0.067645475,103,19,0.0708605319771321,0.1048451174624319,13,0.3167684217440112,-0.07497485785404513,-0.0339845854852998,False,True,True,False
2D,entry_dist_from_ema13_pct≤0.341 ∧ entry_pos_di>26.2,117.0,0.0035234557,-0.07187753,1.9055196,0.050788645,0.098331794,5,8,0.04945056,87,29,0.061954176917320324,0.11377243315776832,17,0.04901348596644764,-0.0834655131422013,-0.051818256240447995,False,True,False,False
2D,entry_btc_trend_gap_pct>0.0932 ∧ entry_ema_gap_8_13≤0.132,111.0,0.008270447,-0.07211383,1.9051143,0.13751437,0.032254275,6,7,0.053442612,100,35,0.10934514166350093,0.09167777367131541,19,-0.012317756957193476,0.09694379541575093,0.017667367992185518,False,True,True,False
2D,entry_btc_rsi_1h_prev≤54.1 ∧ entry_rsi_prev≤57.8,118.66666666666667,-0.10972182,-0.028607417,-1.9033074,-0.08368984,-0.07740264,5,8,0.05037479,103,17,-0.023435977994669833,0.12427640225420453,13,0.10733788073921063,-0.22389342605068618,-0.14771238024887437,False,True,True,False
2D,entry_btc_1h_slope>0.0639 ∧ entry_gap>0.354,99.0,0.020033516,-0.07272461,1.9015918,0.06521698,0.11928725,5,7,0.06665764,80,26,0.15954491964922285,0.07530366058989965,17,-0.09238633243835462,0.19374795505318293,0.0842412590593232,False,True,True,False
2D,entry_adx_delta≤0.241 ∧ entry_adx_prev≤22.1,96.66666666666667,-0.1210033,-0.030712498,-1.8996185,-0.057931818,-0.11676265,4,9,0.05831742,95,20,-0.013559700038068407,0.12750813359123864,17,0.2587689082182607,-0.34684524448446874,-0.14106783362930705,False,True,True,False
2D,entry_ema50_slope>0.226 ∧ entry_global_volume_ratio>0.823,112.0,0.006541162,-0.07175339,1.897533,0.1208408,0.059328206,6,8,0.045259792,103,29,0.08059757938916655,0.10570290074458118,20,-0.2706165066757868,0.13841567618859274,-0.025105321355414628,False,True,False,False
2D,entry_pair_volume_ratio>0.763 ∧ entry_rsi≤60.1,99.66666666666667,0.014026973,-0.07108131,1.8953067,0.07188043,0.099048376,5,8,0.02027117,110,28,0.1515592884100126,0.07611417759841789,19,0.12921906429878557,0.06410848730402612,0.0754451108115947,False,True,True,False
2D,entry_adx_delta>0.241 ∧ entry_ema5_stretch≤0.118,115.66666666666667,0.0065654377,-0.0726865,1.8925312,0.06138961,0.09504088,5,8,0.050383907,114,26,0.3613931585421794,0.0003314575725157571,20,-0.0440524757155237,0.7162074011500466,0.36106170096966367,False,True,True,False
2D,entry_btc_dist_from_ema13_pct≤0.152 ∧ entry_btc_rsi_1h_prev>54.1,125.66666666666667,0.005865742,-0.075029925,1.8915399,0.024246542,0.1333894,4,7,0.05950705,83,31,0.18542367377612404,0.05648138869404498,18,0.2833760414661377,-0.07056587214753057,0.12894228508207906,False,True,True,False
2D,entry_adx_delta≤0.241 ∧ entry_btc_atr_pct>0.146,121.66666666666667,-0.111321144,-0.02717002,-1.8904475,0.0071488656,-0.16050279,4,7,0.050816804,87,23,0.049590528993152506,0.11340879431959262,16,-0.271834708870337,0.0770794940027769,-0.06381826532644011,False,False,True,False
2D,entry_btc_1h_slope>0.0639 ∧ entry_pos_di≤26.2,95.66666666666667,0.022815816,-0.0725945,1.88823,0.14899552,0.030978866,5,8,0.0655453,79,28,0.3037802968194588,0.013434938841587139,16,0.09249167258651514,0.4130931893358052,0.29034535797787164,False,True,True,False
2D,entry_global_volume_ratio>0.823 ∧ entry_range_position≤81.7,117.0,0.0054973606,-0.072624125,1.8870996,0.19979078,-0.008845184,5,9,0.03306979,113,29,0.021590117689372055,0.1312434438683728,19,-0.1657398459927877,-0.08150855400213394,-0.10965332617900075,False,False,False,False
2D,entry_gap≤0.354 ∧ entry_global_volume_ratio≤0.823,113.0,-0.11239181,-0.029111482,-1.8853614,-0.08571386,-0.08597149,7,9,0.0559425,111,23,0.024626375589868292,0.12127421251514793,16,0.39696672592418786,-0.24756148062631567,-0.09664783692527965,False,True,True,False
2D,entry_btc_rsi_1h_prev≤54.1 ∧ entry_rsi≤60.1,94.33333333333333,-0.12208066,-0.03104095,-1.8818649,-0.09760837,-0.08442248,5,8,0.049748518,90,16,-0.03320670428413161,0.12438414275898595,11,0.17501586784692108,-0.2296448898696547,-0.15759084704311754,False,True,True,False
2D,entry_adx>22 ∧ entry_btc_adx_prev≤24.8,86.0,0.017362408,-0.06850648,1.87998,0.05807884,0.114138804,6,8,0.032652806,93,14,-0.2925602187779632,0.1648203318910275,12,-0.3662100711858456,-0.4936662026565475,-0.45738055066899064,False,True,False,False
2D,entry_bull_pct≤71.1 ∧ entry_dist_from_ema13_pct≤0.341,112.0,0.008030442,-0.072284035,1.879493,0.1126843,0.050446995,6,8,0.05697357,102,28,0.1271439381240514,0.08616755712793132,22,0.02460749778241947,-0.007756689695810862,0.04097638099612007,False,True,True,False
2D,entry_btc_rsi_prev>62 ∧ entry_bull_pct≤71.1,87.66666666666667,0.025894875,-0.07113776,1.8773928,0.17165071,0.018215127,5,8,0.046639305,93,27,0.23666064358293729,0.04390705471642701,19,-0.1870563198456788,0.4755936277444926,0.19275358886651028,False,True,True,False
2D,entry_atr_pct≤0.455 ∧ entry_btc_trend_gap_pct≤0.0932,97.0,-0.11288423,-0.033012453,-1.8772075,-0.035585646,-0.10859728,8,8,0.050039757,81,18,0.2114617037667849,0.0719629933893672,14,0.23651790931545982,-0.11510797135658786,0.13949871037741768,False,True,False,False
2D,entry_ema5_stretch>0.118 ∧ entry_global_volume_ratio≤0.823,111.33333333333333,-0.11490036,-0.028665492,-1.8751281,-0.0832865,-0.09478451,6,9,0.044586245,117,26,0.13752242024596523,0.0834834460825382,18,0.2803613820482277,0.01472168304304622,0.054038974163427025,False,True,False,False
2D,entry_btc_ema20_slope>0.0586 ∧ entry_dist_from_ema13_pct≤0.341,105.0,0.011639598,-0.07171378,1.8736585,0.23730172,-0.03964876,5,9,0.01908316,94,23,0.03789428199842755,0.11709391323573884,16,-0.2784998580294825,0.056674464367473226,-0.07919963123731129,False,False,False,False
2D,entry_btc_dist_from_ema13_pct>0.152 ∧ entry_global_volume_ratio>0.823,109.66666666666667,0.005998855,-0.07098867,1.8723607,0.16069229,0.012939677,6,9,0.0274887,95,27,0.05461584254965573,0.11514197685988499,17,-0.1821513353334133,-0.014487833964479849,-0.06052613431022926,False,True,False,False
2D,entry_dist_from_ema13_pct≤0.341 ∧ entry_ema_gap_5_8≤0.0879,157.0,-0.005139629,-0.07802581,1.8698683,0.08363089,0.06513102,4,9,0.038085677,128,45,0.06629182256269626,0.1262018066049302,27,0.11114793739210396,-0.15796004636124958,-0.059909984042233924,False,True,False,False
2D,entry_btc_1h_slope≤0.0639 ∧ entry_bull_pct>71.1,120.33333333333333,-0.10581097,-0.029703548,-1.8698499,-0.05539652,-0.089050435,5,8,0.056247514,78,19,0.0015672978962893522,0.12194344794991262,10,0.2323829471766988,-0.21260033232403458,-0.12037615005362326,False,True,True,False
2D,entry_global_volume_ratio>0.823 ∧ entry_neg_di≤15.8,108.33333333333333,0.007554151,-0.07119572,1.8682629,0.2470231,-0.07155942,4,7,0.019052,111,26,0.07449766884280357,0.10689263946085537,21,-0.20167144698927636,-0.07164627458142736,-0.0323949706180518,False,False,False,False
2D,entry_btc_1h_slope≤0.0639 ∧ entry_pos_di≤26.2,117.66666666666667,-0.10991324,-0.028797233,-1.8665836,-0.05045648,-0.10522107,6,8,0.048650324,101,17,0.036288516176279866,0.1114242959136204,11,0.17047204950999356,-0.2522412583064723,-0.07513577973734054,False,True,True,False
2D,entry_btc_rsi_prev>62 ∧ entry_ema50_slope>0.226,110.66666666666667,-0.11085461,-0.030265985,-1.8626211,0.012159418,-0.15569907,6,9,0.052065358,112,25,0.0749469339297912,0.10627818033701392,16,-0.43407730180131054,0.23334580657621534,-0.03133124640722272,False,False,True,False
1D,entry_bear_pct >T2 23.9,136.0,0.0030635507,-0.07659649,1.8624622,0.07373616,0.08297363,5,9,0.0537368,116,31,0.1922316434628576,0.05323451084344901,23,-0.018715846141709652,0.18782287758110805,0.13899713261940858,False,True,True,False
2D,entry_btc_adx_prev≤24.8 ∧ entry_pos_di≤26.2,122.0,0.008457311,-0.075094186,1.8624438,0.16836993,-0.0027020387,7,9,0.060759656,112,23,0.19037770820408167,0.06905118991066973,14,0.08202387128374314,0.10932743066578111,0.12132651829341194,False,False,True,False
2D,entry_btc_adx_prev≤24.8 ∧ entry_btc_dist_from_ema13_pct>0.152,124.0,0.005342158,-0.074369244,1.8617872,0.0935169,0.06364984,5,9,0.04372953,99,26,0.035719936198028115,0.12129579730034341,16,-0.1775773363346818,-0.052839533770898145,-0.0855758611023153,False,True,False,False
2D,entry_btc_dist_from_ema13_pct≤0.152 ∧ entry_btc_rsi_1h>57.2,117.66666666666667,0.007080657,-0.07339642,1.8617347,0.04822463,0.10928925,5,7,0.060466893,78,34,0.19233930053043527,0.04644980538932211,21,0.14096952255032905,0.08791061024568143,0.14588949514111316,False,True,True,False
2D,entry_btc_trend_gap_pct≤0.0932 ∧ entry_ema5_stretch≤0.118,85.0,-0.123557724,-0.033162497,-1.860953,-0.040874854,-0.13235776,8,8,0.0727513,90,15,0.10317832534895023,0.09718208977701873,14,-0.06951196515302765,-0.07782374165427267,0.005996235571931505,False,True,False,False
2D,entry_adx_prev≤22.1 ∧ entry_ema20_slope≤0.146,104.33333333333333,-0.1159802,-0.03019028,-1.8563236,-0.11976744,-0.05560661,5,8,0.038632337,112,28,0.06817249313206171,0.11044991683051532,20,0.24579230027508195,-0.26492830736723944,-0.04227742369845361,False,True,True,False
2D,entry_btc_rsi_1h_prev>54.1 ∧ entry_ema20_slope>0.146,101.66666666666667,0.016869294,-0.07249563,1.8506854,0.046055373,0.12947918,6,7,0.060447056,80,30,-0.028223574949442734,0.15554744546448562,22,-0.16780953728853137,-0.24167469755285936,-0.18377102041392834,False,True,False,False
2D,entry_bull_pct>71.1 ∧ entry_price_vs_ema5_pct>0.118,113.33333333333333,-0.107280195,-0.030873638,-1.8476777,-0.0835995,-0.06911878,6,8,0.04787195,103,34,0.03890263800233835,0.13059249129182682,22,0.11458182196283612,-0.14601819635753827,-0.09168985328948848,False,True,True,False
2D,entry_btc_1h_slope≤0.0639 ∧ entry_ema5_stretch>0.118,127.33333333333333,-0.10389248,-0.028738778,-1.8465929,-0.11156813,-0.044407677,6,8,0.050362766,110,20,0.022137955781064273,0.11811401363883532,14,0.1763299728177946,-0.2787195226962136,-0.09597605785777105,False,True,True,False
2D,entry_btc_dist_from_ema13_pct>0.152 ∧ entry_btc_rsi≤62.8,71.33333333333333,0.03296404,-0.068093814,1.8464557,0.03344167,0.17443004,5,8,0.060775798,70,15,0.17203259684639916,0.08443129875897266,11,0.13862659830739352,-0.03995339285474552,0.08760129808742649,False,True,True,False
2D,entry_btc_atr_pct≤0.146 ∧ entry_dist_from_ema13_pct≤0.341,133.66666666666666,-0.0019301773,-0.07368066,1.8458549,0.025849698,0.110813946,5,8,0.034738284,98,34,0.11907664888610751,0.0866260982265341,19,0.08794093155066993,-0.014564405611854646,0.03245055065957342,False,True,True,False
1D,entry_btc_1h_slope >T2 0.116,141.66666666666666,0.0009309746,-0.07712094,1.8443053,0.11509953,0.0366384,6,7,0.04433709,84,33,0.06572843014917977,0.11508549138491807,16,0.22177141216845575,-0.03803651212657914,-0.0493570612357383,False,True,False,False
2D,entry_adx>22 ∧ entry_pos_di>26.2,129.0,-0.00077489857,-0.073055744,1.8442066,0.009765148,0.12410347,4,7,0.047218792,111,35,0.13547198038992958,0.07668696456598743,20,0.08276178768586456,0.05843449986918277,0.05878501582394215,False,True,True,False
2D,entry_btc_1h_slope>0.0639 ∧ entry_btc_rsi_prev≤62,94.33333333333333,0.016299538,-0.070359826,1.8435988,0.0179051,0.1574229,6,7,0.051581293,73,30,0.10496803650125514,0.09500580389598659,18,0.08170828317236725,-0.017994436021079536,0.009962232605268545,False,True,True,False
1D,entry_atr_pct >T2 0.545,141.66666666666666,-0.105338365,-0.024235142,-1.8409324,-0.16842487,-0.0012419,4,8,0.030503538,131,26,-0.05118534925891313,0.1535749033272073,20,0.10833122027343783,-0.39809347909137305,-0.20476025258612043,False,True,True,False
2D,entry_adx_prev≤22.1 ∧ entry_ema50_slope≤0.226,116.33333333333333,-0.111388035,-0.028592689,-1.8351209,-0.16005833,-0.003194306,6,9,0.04747305,105,28,0.11071540545362843,0.09293224705104669,19,0.2825204702318329,-0.2255981354034357,0.01778315840258174,False,True,False,False
2D,entry_btc_atr_pct>0.146 ∧ entry_btc_rsi_prev6>58.3,91.66666666666667,-0.11953922,-0.032462474,-1.8347162,-0.07065942,-0.111239165,5,8,0.069774374,76,16,0.10243853952333115,0.09725509399749341,12,-0.12625169028635133,0.08354362456897078,0.005183445525837743,False,True,False,False
2D,entry_btc_adx_prev≤24.8 ∧ entry_gap>0.354,122.0,0.005785921,-0.07402329,1.8340443,0.013558447,0.14459251,7,8,0.043781534,111,19,0.16465554960773132,0.08170089233280356,15,-0.07613735787597922,0.1832843494364131,0.08295465727492776,False,True,True,False
2D,entry_price_vs_ema5_pct>0.118 ∧ entry_rsi_prev≤57.8,137.66666666666666,-0.10330004,-0.026331061,-1.8332773,-0.112471886,-0.045964252,4,9,0.03709226,128,29,0.013999717194098192,0.13452884109767047,21,-0.05313310919100103,-0.1334050167402018,-0.12052912390357227,False,True,True,False
2D,entry_atr_pct≤0.455 ∧ entry_btc_adx≤24.9,84.0,0.014731956,-0.067359366,1.8322364,0.14548658,0.01840416,5,9,0.04358667,82,15,-0.019614095824729786,0.11992142703140393,13,-0.2283025627937416,-0.22487023006704987,-0.13953552285613371,False,True,False,False
2D,entry_ema20_slope>0.146 ∧ entry_pair_rank≤30,106.66666666666667,0.013021924,-0.072609626,1.8321158,0.019622944,0.14164758,7,8,0.05086273,113,28,0.009885140675857126,0.13445059137130544,25,-0.14412403555794642,-0.12947651701412294,-0.12456545069544832,False,True,False,False
1D,entry_adx ≤med 22,213.33333333333334,-0.086277924,-0.016037151,-1.8299541,-0.04784566,-0.09148478,4,8,0.044097573,153,51,0.07918302609791052,0.1195797738039852,29,0.12836890277893204,-0.14817425507829413,-0.04039674770607468,False,True,True,False
1D,entry_adx >med 22,213.0,-0.016037151,-0.086277924,1.8299538,0.04784566,0.09148478,4,8,0.044097573,147,45,0.1195797738039852,0.07918302609791052,26,-0.12836890277893204,0.14817425507829413,0.04039674770607468,False,True,True,False
2D,entry_adx≤22 ∧ entry_ema50_slope≤0.226,117.33333333333333,-0.11065198,-0.028604228,-1.829739,-0.14140397,-0.02434118,6,9,0.043793246,102,27,0.09044396390936235,0.10112227719739111,17,0.2397579278183936,-0.22306518382288365,-0.010678313288028762,False,True,True,False
2D,entry_btc_atr_pct>0.146 ∧ entry_pos_di>26.2,78.66666666666667,-0.12033673,-0.035538014,-1.8286911,-0.14780074,-0.008347116,5,8,0.022874448,70,12,-0.03109062826561006,0.11657752013523914,10,,-0.0781484263069429,-0.14766814840084921,False,True,True,False
2D,entry_ema_gap_5_8≤0.0879 ∧ entry_global_volume_ratio>0.823,102.33333333333333,0.010120115,-0.070547834,1.8278283,0.10594632,0.07324357,5,9,0.048268788,104,34,0.08222174184856594,0.10683685369873433,21,-0.06227081654725594,0.007355356873412848,-0.02461511185016839,False,True,False,False
2D,entry_btc_rsi_1h>57.2 ∧ entry_global_volume_ratio≤0.823,100.33333333333333,0.014283278,-0.071334235,1.8260704,0.01846066,0.16135386,5,7,0.05727416,82,27,0.263468228699232,0.033417130105702984,19,0.1530790059469982,0.3065137905740821,0.23005109859352899,False,True,True,False
2D,entry_pair_volume_ratio>0.763 ∧ entry_rsi_prev>57.8,123.66666666666667,0.0016198969,-0.07276057,1.8250374,0.15401727,0.0148749165,5,7,0.024925554,115,25,-0.03832628452773941,0.14616311641360918,18,-0.15662127047755628,-0.2591613669063335,-0.18448940094134858,False,True,False,False
2D,entry_btc_adx_prev>24.8 ∧ entry_ema5_stretch>0.118,80.33333333333333,-0.12650797,-0.03369672,-1.8228009,0.00294213,-0.16543213,7,8,0.052329008,89,22,-0.058211812529350884,0.14459573010565524,14,-0.38837246093300676,-0.07418791527470447,-0.2028075426350061,False,False,True,False
2D,entry_btc_adx_prev>24.8 ∧ entry_price_vs_ema5_pct>0.118,80.33333333333333,-0.12650797,-0.03369672,-1.8228009,0.00294213,-0.16543213,7,8,0.052329008,89,22,-0.058211812529350884,0.14459573010565524,14,-0.38837246093300676,-0.07418791527470447,-0.2028075426350061,False,False,True,False
2D,entry_ema_gap_8_13≤0.132 ∧ entry_pair_ema20_ema50_gap_pct≤0.339,125.66666666666667,-0.10358272,-0.029284842,-1.8205748,-0.03892096,-0.10461715,6,8,0.036186058,110,31,0.14643984797231144,0.07507367484663253,22,0.3061821276749529,-0.1982337615909767,0.0713661731256789,False,True,False,False
2D,entry_pair_rank≤30 ∧ entry_rsi_prev>57.8,115.0,0.004301537,-0.07168057,1.8168858,0.12672693,0.04073515,6,9,0.05224617,117,29,0.01024860356279724,0.136152457445547,20,-0.2159247386023212,-0.1323556715046961,-0.12590385388274974,False,True,False,False
2D,entry_adx>22 ∧ entry_adx_prev>22.1,203.66666666666666,-0.014918006,-0.08435735,1.8138859,0.052248467,0.08631382,4,8,0.041800532,145,42,0.12726900651200893,0.07544677553089621,26,-0.07372594266867982,0.14307688851088923,0.051822230981112716,False,True,True,False
2D,entry_adx_delta≤0.241 ∧ entry_neg_di≤15.8,55.0,-0.14901346,-0.036695145,-1.809981,-0.1218151,-0.11270614,4,7,0.060556963,75,12,-0.25752931043424643,0.14892590330218725,10,-0.47835944196868985,-0.5374366024640325,-0.4064552137364337,False,True,True,False
2D,entry_btc_dist_from_ema13_pct>0.152 ∧ entry_btc_trend_gap_pct>0.0932,105.66666666666667,0.010579381,-0.07153771,1.8094989,0.079752035,0.08166161,5,8,0.05298044,81,25,0.11502743703960688,0.09216532712933236,15,-0.20840730705092686,0.18634040863053722,0.022862109910274528,False,True,True,False
2D,entry_bull_pct≤71.1 ∧ entry_ema_gap_5_8≤0.0879,110.66666666666667,0.008981967,-0.07227839,1.8091859,0.12840068,0.036669593,6,9,0.049440093,108,27,-0.015736951370093007,0.14267133100239537,22,-0.03179185645343094,-0.3979307112522936,-0.15840828237248838,False,True,False,False
2D,entry_bear_pct>20 ∧ entry_pair_rank>30,92.66666666666667,-0.117540345,-0.03275664,-1.8090501,-0.056310892,-0.12253229,5,8,0.03830261,102,25,0.23359670513015982,0.05041558484392643,18,0.060622182431863236,0.2622190325735051,0.1831811202862334,False,True,False,False
2D,entry_btc_rsi≤62.8 ∧ entry_pair_ema20_ema50_gap_pct≤0.339,104.0,-0.1144579,-0.030770164,-1.8077971,-0.08521095,-0.08490174,7,9,0.037433315,95,22,0.15223362767737714,0.08203086950365505,17,0.2390469535241744,-0.3120879434718823,0.07020275817372208,False,True,False,False
2D,entry_btc_rsi_prev>62 ∧ entry_quality_score≤4,169.0,-0.09334765,-0.023495283,-1.8069823,-0.041218348,-0.09336568,5,9,0.03704226,135,44,0.0459331179549193,0.14227628773377538,26,-0.2177906494493601,-0.02568162962683647,-0.09634316977885607,False,True,True,False
2D,entry_pair_ema20_ema50_gap_pct≤0.339 ∧ entry_quality_score≤4,172.66666666666666,-0.09317308,-0.022604408,-1.8053514,-0.048159644,-0.09338073,4,8,0.015992701,130,47,0.0869611535154781,0.10882142728459794,28,0.10654677330221043,-0.17860851023694047,-0.021860273769119837,False,True,True,False
2D,entry_ema_gap_8_13≤0.132 ∧ entry_global_volume_ratio>0.823,100.33333333333333,0.0083985375,-0.06952308,1.8041908,0.15925436,0.031715725,5,8,0.04671272,101,29,0.10223315891670742,0.0963382469192277,20,-0.04658956516367552,0.014198553537394475,0.0058949119974797265,False,True,True,False
2D,entry_bear_pct≤20 ∧ entry_btc_1h_slope≤0.0639,126.0,-0.10230831,-0.029737042,-1.798034,-0.049844652,-0.08814266,5,8,0.033681948,80,16,0.10389984973935051,0.09696283195428952,10,0.22839192578154688,-0.11890705628059584,0.006937017785060992,False,True,False,False
2D,entry_bear_pct≤20 ∧ entry_btc_adx_prev>24.8,111.66666666666667,-0.10708847,-0.031346373,-1.7978257,0.0023777299,-0.122403055,5,8,0.037360884,86,29,0.04141053987246115,0.12266445516225966,17,-0.1898044533358501,0.027050046600362167,-0.0812539152897985,False,False,True,False
2D,entry_adx_delta>0.241 ∧ entry_btc_adx_prev≤24.8,94.66666666666667,0.014589025,-0.06995869,1.7955474,-0.008474324,0.21311016,5,7,0.03975273,93,19,0.1614056710330792,0.0825028104226528,17,0.0021815556966462146,0.08029241137838641,0.07890286061042641,False,False,True,False
2D,entry_bear_pct≤20 ∧ entry_btc_dist_from_ema13_pct≤0.152,90.66666666666667,-0.113297574,-0.03440782,-1.793311,-0.13289082,-0.040068608,5,8,0.057327814,88,26,0.03747630305425606,0.12064343246803015,15,-0.19845706548365372,0.016837913328183695,-0.08316712941377409,False,True,True,False
2D,entry_btc_1h_slope≤0.0639 ∧ entry_btc_dist_from_ema13_pct>0.152,115.66666666666667,-0.10648414,-0.030596156,-1.789942,-0.072721176,-0.0788749,6,8,0.047462232,79,15,0.024484037986653367,0.11175510595522185,9,-0.0033717427944744416,-0.44284363751330325,-0.08727106796856848,False,True,True,False
2D,entry_adx_delta>0.241 ∧ entry_global_volume_ratio>0.823,111.66666666666667,0.0029013492,-0.07037878,1.7869627,0.13245347,0.026665624,5,8,0.029240401,100,26,0.18102246534819066,0.06732628647314015,19,-0.04204079280765796,0.14729113354942597,0.11369617887505051,False,True,True,False
2D,entry_bull_pct>71.1 ∧ entry_ema5_stretch>0.118,113.0,-0.10551617,-0.0315911,-1.7859747,-0.07790627,-0.06911878,6,8,0.04787195,103,34,0.03890263800233835,0.13059249129182682,22,0.11458182196283612,-0.14601819635753827,-0.09168985328948848,False,True,True,False
2D,entry_btc_adx_prev≤24.8 ∧ entry_ema50_slope>0.226,114.0,0.006759557,-0.07233445,1.7858067,0.19167122,-0.035057925,4,8,0.03700963,103,20,-0.17279157201106057,0.16941125779465765,16,-0.37720660240804377,-0.28878659643299276,-0.34220282980571826,False,False,False,False
2D,entry_btc_adx≤24.9 ∧ entry_dist_from_ema13_pct≤0.341,82.0,0.01921622,-0.067950435,1.784768,0.18158841,-0.0069993436,5,9,0.050835177,92,16,-0.18288165451332966,0.15431913280482554,14,-0.2113489099379106,-0.5145059249009891,-0.33720078731815517,False,False,False,False
2D,entry_btc_adx_prev>24.8 ∧ entry_ema20_slope≤0.146,118.33333333333333,-0.10598741,-0.030129956,-1.7811762,-0.095033795,-0.05961771,5,8,0.038994454,100,32,0.2623132186465087,0.01602189305444518,18,0.30591535192109415,0.2885424841290362,0.24629132559206351,False,True,False,False
2D,entry_btc_adx_prev≤24.8 ∧ entry_pair_ema20_ema50_gap_pct>0.339,113.33333333333333,0.007138645,-0.07230325,1.7808355,0.1466069,0.0025094785,5,7,0.044104807,101,19,-0.3352520163056713,0.2050547072984484,14,-0.5296070705594077,-0.5036290888084317,-0.5403067236041197,False,True,False,False
1D,entry_bull_pct ≤T1 65.2,147.66666666666666,-0.0034563062,-0.07647664,1.7803462,0.08407039,0.058840096,4,8,0.03371623,122,31,0.12853980677944707,0.08361061756938323,21,-0.07725491728265799,0.0712582129252745,0.044929189210063836,False,True,True,False
2D,entry_ema20_slope≤0.146 ∧ entry_ema_gap_8_13>0.132,35.333333333333336,-0.17458446,-0.040033814,-1.776744,-0.15477897,-0.11598256,6,8,0.10708766,52,4,0.07600296081764404,0.09908056857502383,3,,-0.06375035457422956,-0.023077607757379784,False,True,False,False
2D,entry_btc_rsi_1h>57.2 ∧ entry_rsi≤60.1,114.66666666666667,0.0077952174,-0.072884664,1.7758725,-0.10165857,0.23547012,6,8,0.014143582,90,42,0.15734614996419766,0.0520534417347494,25,0.010088264767361188,0.22367528733237893,0.10529270822944825,False,False,True,False
2D,entry_bull_pct>71.1 ∧ entry_rsi_prev≤57.8,105.33333333333333,-0.10927356,-0.03212375,-1.774871,-0.067126095,-0.085609764,5,9,0.055825107,96,27,0.054154812667368164,0.11532237985730188,18,0.012149993541609422,-0.03051605193894851,-0.06116756718993372,False,True,True,False
2D,entry_btc_rsi_prev>62 ∧ entry_pos_di≤26.2,92.33333333333333,-0.120218545,-0.032100875,-1.7741694,-0.014097892,-0.16083394,4,8,-0.0042864233,97,17,-0.013100461358144622,0.1220523037374839,12,-0.21709706839721277,-0.04757068485855459,-0.1351527650956285,False,False,True,False
2D,entry_adx>22 ∧ entry_pair_ema20_ema50_gap_pct>0.339,118.66666666666667,0.0034473464,-0.07225663,1.7741132,0.008982487,0.13344766,4,7,0.027810048,112,24,0.050986836677611336,0.11382972322097361,16,-0.2801115349876776,0.08730160864866283,-0.06284288654336227,False,True,False,False
2D,entry_bear_pct>20 ∧ entry_btc_rsi_1h≤57.2,84.33333333333333,-0.12060837,-0.034065988,-1.7738364,-0.09723959,-0.07671967,4,8,0.042288426,82,14,-0.17026504105914048,0.14394066740244799,10,-0.0958701647343114,-0.4228709347874215,-0.31420570846158846,False,True,True,False
2D,entry_btc_1h_slope>0.0639 ∧ entry_global_volume_ratio≤0.823,104.0,0.011529653,-0.071419716,1.772954,-0.002348125,0.18447605,5,7,0.04144945,86,27,0.24119786815493388,0.04213161901434136,18,0.09340889408135944,0.30506309859204017,0.1990662491405925,False,False,True,False
1D,entry_ema20_slope ≤T1 0.125,143.33333333333334,-0.09901485,-0.026960228,-1.7692388,-0.08514561,-0.060939535,8,9,0.048903055,127,34,0.17699450300101915,0.05486469435706642,22,0.2563107251321667,0.06708592410160477,0.12212980864395273,False,True,False,False
2D,entry_btc_ema20_slope>0.0586 ∧ entry_btc_trend_gap_pct>0.0932,138.0,-0.0013804045,-0.07502211,1.7692019,0.12181132,0.024665277,6,8,0.042416718,91,32,0.12115738603632863,0.0865998093595352,20,-0.14139417287162218,0.1566767323451739,0.03455757667679343,False,True,True,False
1D,entry_pair_ema20_ema50_gap_pct >T2 0.483,142.0,-0.0033065523,-0.07509616,1.7688837,0.04700854,0.09371541,5,7,0.052660283,116,28,0.04456722074316451,0.1201697348730024,21,0.10349792194783389,-0.1096588656063183,-0.0756025141298379,False,True,False,False
1D,entry_quality_score ≤med 4,332.6666666666667,-0.06925714,0.0130000515,-1.7672445,-0.13880077,-0.037588306,5,8,0.048578158,170,82,0.10728027924613633,0.044460089570685084,36,0.12475384303902465,0.011009410017759083,0.06282018967545125,False,True,False,False
1D,entry_quality_score >T2 4,93.66666666666667,0.0130000515,-0.06925714,1.7672439,0.13880077,0.037588306,5,8,0.048578158,97,14,0.044460089570685084,0.10728027924613633,13,-0.12475384303902465,-0.011009410017759083,-0.06282018967545125,False,True,False,False
1D,entry_quality_score >med 4,93.66666666666667,0.0130000515,-0.06925714,1.7672439,0.13880077,0.037588306,5,8,0.048578158,97,14,0.044460089570685084,0.10728027924613633,13,-0.12475384303902465,-0.011009410017759083,-0.06282018967545125,False,True,False,False
2D,entry_adx_prev>22.1 ∧ entry_rsi_prev>57.8,120.33333333333333,-0.00022844397,-0.071223475,1.7669929,0.095211856,0.053804077,5,7,0.04106482,110,28,0.16222184001393886,0.07172371517327181,19,0.030463416432782803,0.114949699242435,0.09049812484066705,False,True,True,False
2D,entry_btc_rsi_prev6>58.3 ∧ entry_bull_pct>71.1,101.33333333333333,-0.10621399,-0.03402725,-1.764724,-0.09626707,-0.055881288,4,8,0.051317684,82,25,0.0698186866171255,0.10808390122175537,17,-0.2160135820819744,0.0965620760891745,-0.03826521460462988,False,True,True,False
2D,entry_btc_adx>24.9 ∧ entry_ema_gap_8_13>0.132,96.33333333333333,-0.11245606,-0.0332988,-1.7636335,-0.050322846,-0.099964276,4,7,0.048252374,94,24,-0.03266409450637459,0.14171336694896888,15,-0.13527493624032833,-0.24091724572818693,-0.17437746145534347,False,True,True,False
2D,entry_btc_rsi>62.8 ∧ entry_price_vs_ema5_pct≤0.118,110.0,0.004816304,-0.07065859,1.763141,-0.0052970164,0.13728482,3,9,0.01701485,113,28,0.3365689965086945,-6.629044221584228e-05,19,-0.20447767943697592,0.7027788734460501,0.33663528695091033,False,False,True,False
2D,entry_btc_rsi>62.8 ∧ entry_ema5_stretch≤0.118,110.0,0.004816304,-0.07065859,1.763141,-0.0052970164,0.13728482,3,9,0.01701485,113,28,0.3365689965086945,-6.629044221584228e-05,19,-0.20447767943697592,0.7027788734460501,0.33663528695091033,False,False,True,False
2D,entry_adx>22 ∧ entry_btc_adx≤24.9,84.66666666666667,0.015752425,-0.067772426,1.7624913,0.06725228,0.098500356,6,8,0.038273588,92,15,-0.2664816576304561,0.16563764218061247,13,-0.3662100711858456,-0.44238535110036414,-0.43211929981106856,False,True,False,False
2D,entry_adx_prev≤22.1 ∧ entry_gap≤0.354,102.66666666666667,-0.113096036,-0.0315469,-1.7621956,-0.07934229,-0.08519032,5,8,0.026204951,108,26,0.05777599889032898,0.1131035454432031,17,0.19269128104781785,-0.28508834971562236,-0.05532754655287412,False,True,True,False
2D,entry_pair_ema20_ema50_gap_pct>0.339 ∧ entry_pair_volume_ratio>0.763,109.0,0.0052271704,-0.07056187,1.7621297,0.13209534,0.035684284,5,7,0.054387942,110,25,-0.1256710978407638,0.17691833236889948,19,-0.42773235868338855,-0.19973889618145046,-0.3025894302096633,False,True,False,False
2D,entry_btc_adx≤24.9 ∧ entry_btc_adx_prev≤24.8,204.66666666666666,-0.015947422,-0.08372015,1.7602743,0.08444985,0.05021648,5,8,0.037426155,137,40,-0.016875970019100944,0.18025826701672873,23,-0.13567399861229837,-0.2795827112649988,-0.19713423703582966,False,True,False,False
2D,entry_global_volume_ratio>0.823 ∧ entry_quality_score≤4,168.33333333333334,-0.010193733,-0.07792995,1.7593194,0.10669519,0.042242408,7,9,0.03476482,125,40,0.1351176839828624,0.07169137130104063,24,-0.2139092099314218,0.17919961366868037,0.06342631268182176,False,True,True,False
2D,entry_btc_rsi_prev6>58.3 ∧ entry_price_vs_ema5_pct≤0.118,115.66666666666667,0.0006366731,-0.07047912,1.7573313,0.08429664,0.06589666,5,7,0.04982139,100,28,0.17670916111012228,0.06575834766307864,20,0.24871934489178035,-0.03344155189737526,0.11095081344704363,False,True,True,False
2D,entry_dist_from_ema13_pct≤0.341 ∧ entry_ema20_slope>0.146,67.0,0.025847021,-0.06554812,1.7553988,0.020551821,0.13920927,4,7,0.028239269,79,15,-0.0043895350714785375,0.11710206392894998,11,-0.03533198130246573,-0.1409455346740565,-0.12149159900042851,False,True,False,False
2D,entry_ema5_stretch>0.118 ∧ entry_rsi_prev≤57.8,138.0,-0.100866735,-0.027406694,-1.7497187,-0.112471886,-0.039190356,4,9,0.03301991,129,29,0.013999717194098192,0.13452884109767047,21,-0.05313310919100103,-0.1334050167402018,-0.12052912390357227,False,True,True,False
2D,entry_atr_pct≤0.455 ∧ entry_ema_gap_8_13>0.132,67.33333333333333,0.021951515,-0.064902335,1.748931,0.14433299,0.044809327,5,8,0.02764058,74,13,0.24585669062737503,0.07497936354237222,12,0.03035857317533497,0.2548733285138085,0.1708773270850028,False,True,True,False
2D,entry_btc_dist_from_ema13_pct>0.152 ∧ entry_pair_volume_ratio>0.763,100.0,0.009026402,-0.06963589,1.7487607,0.11039247,0.047956742,6,9,0.05124673,97,20,-0.043679336402225065,0.13543435368706938,15,-0.4129091019395579,-0.03870157167032012,-0.17911369008929445,False,True,False,False
2D,entry_btc_rsi_1h>57.2 ∧ entry_ema20_slope>0.146,104.0,0.010851278,-0.07120085,1.7485069,0.028044183,0.13040553,5,7,0.056242675,79,35,0.07088974594001698,0.11374234498806846,23,-0.1369286021702102,-0.014329936939128693,-0.04285259904805147,False,True,False,False
2D,entry_global_volume_ratio≤0.823 ∧ entry_neg_di>15.8,108.33333333333333,-0.10999139,-0.031151379,-1.7477893,-0.05808205,-0.099070124,5,8,0.027903259,110,26,0.05869381142625993,0.11276264364414301,20,0.5944713440563154,-0.2313750045957653,-0.054068832217883084,False,True,True,False
2D,entry_ema_gap_5_8>0.0879 ∧ entry_gap≤0.354,48.666666666666664,-0.14117306,-0.03958901,-1.7470583,-0.12800741,-0.07879996,6,9,0.04627849,61,4,0.12275208695801246,0.09704799787326868,4,,,0.02570408908474378,False,True,False,False
2D,entry_bear_pct>20 ∧ entry_neg_di≤15.8,114.66666666666667,0.0059637097,-0.07221084,1.7446604,0.09470509,0.056304798,6,7,0.057294697,116,24,0.23008690441503066,0.0541297006418338,19,-0.08934097879375344,0.35185580387892657,0.17595720377319685,False,True,True,False
2D,entry_adx≤22 ∧ entry_pair_ema20_ema50_gap_pct≤0.339,119.0,-0.10689737,-0.029613076,-1.7444165,-0.08629465,-0.07209447,5,8,0.044361684,111,30,0.11654339576828648,0.08974427695642688,19,0.1444281354225673,-0.10511829333675787,0.026799118811859604,False,True,False,False
2D,entry_btc_rsi>62.8 ∧ entry_dist_from_ema13_pct≤0.341,109.0,0.003298688,-0.06989946,1.744246,0.019924268,0.11476249,5,9,0.040135294,109,28,0.25595591224281206,0.0331273324907946,18,-0.084981064426227,0.4294853849353333,0.22282857975201745,False,True,True,False
2D,entry_btc_dist_from_ema13_pct>0.152 ∧ entry_btc_rsi_1h_prev≤54.1,126.0,-0.10175124,-0.029970758,-1.7426808,-0.06957107,-0.07485445,6,8,0.05137149,88,14,0.2035202173063399,0.08012367207175625,9,0.21276263559202005,-0.08164255260668335,0.12339654523458365,False,True,False,False
2D,entry_global_volume_ratio≤0.823 ∧ entry_pos_di≤26.2,112.0,-0.11292952,-0.029184826,-1.7420803,-0.12521873,-0.04547464,5,8,0.058928028,111,21,0.29573005702086314,0.042787906063128565,14,0.3900256824025864,0.2097278239386471,0.2529421509577346,False,True,False,False
2D,entry_adx_prev≤22.1 ∧ entry_global_volume_ratio>0.823,104.33333333333333,0.005293669,-0.069485016,1.7415133,0.123853326,0.037176974,6,8,0.03863761,95,26,-0.048737209150537926,0.1526655941440965,19,-0.2053090552945907,-0.30095768354806923,-0.20140280329463442,False,True,False,False
2D,entry_btc_adx≤24.9 ∧ entry_ema_gap_5_8≤0.0879,101.66666666666667,0.01027025,-0.0704292,1.7409304,0.13524806,0.029608075,5,8,0.028871603,99,23,-0.24044995168635017,0.20479141151998387,18,-0.07169301018448898,-0.7403090422170828,-0.445241363206334,False,True,False,False
2D,entry_btc_rsi_prev6>58.3 ∧ entry_price_vs_ema5_pct>0.118,94.33333333333333,-0.1122546,-0.0338329,-1.7386417,-0.120645955,-0.04095054,6,7,0.050109114,102,22,-0.012623925499528222,0.13104257450219445,18,-0.354967751315601,-0.006546184660190434,-0.14366650000172268,False,True,True,False
2D,entry_btc_rsi_1h>57.2 ∧ entry_ema_gap_5_8≤0.0879,110.33333333333333,0.005725185,-0.07105554,1.7384,0.084863216,0.069364145,6,8,0.034073554,89,42,0.11341988331163173,0.08621831579785623,22,0.06280138079166611,0.04813229367686332,0.027201567513775504,False,True,True,False
2D,entry_bear_pct≤20 ∧ entry_rsi_prev≤57.8,111.0,-0.1062799,-0.03179113,-1.7378482,-0.06876419,-0.0785574,6,9,0.048268758,101,25,0.1518516404202042,0.0791990583333474,16,-0.011685974930325221,0.15456921144722155,0.07265258208685679,False,True,False,False
2D,entry_btc_rsi_prev≤62 ∧ entry_global_volume_ratio>0.823,96.0,0.0067865304,-0.068032436,1.737296,0.096430555,0.062572174,6,7,0.06209609,92,21,0.04362129884106808,0.11337835835347121,16,0.06859439828523137,-0.18653333910994183,-0.06975705951240313,False,True,False,False
2D,entry_btc_adx_prev>24.8 ∧ entry_btc_dist_from_ema13_pct>0.152,88.66666666666667,-0.11558716,-0.034273878,-1.7360234,-0.058145504,-0.101957135,5,8,0.048760515,79,18,0.19439812816664603,0.07590074160478384,11,0.1539433653011355,0.15448734515215848,0.11849738656186219,False,True,False,False
2D,entry_atr_pct≤0.455 ∧ entry_rsi≤60.1,78.0,0.019410243,-0.06699293,1.734767,-0.071020484,0.2016474,6,8,0.04646343,85,24,0.1517952806945906,0.08022690854864714,19,0.20820910067728413,0.027761730564817542,0.07156837214594347,False,False,True,False
2D,entry_bear_pct≤20 ∧ entry_pair_rank>30,110.33333333333333,-0.102816224,-0.03315764,-1.7341263,-0.059174225,-0.079448,6,8,0.03983554,94,22,0.07107192315198464,0.10616002490309603,17,0.008499633638932219,-0.022188653046396375,-0.03508810175111139,False,True,True,False
2D,entry_ema50_slope>0.226 ∧ entry_rsi_prev>57.8,113.66666666666667,0.0015252413,-0.07034726,1.7327054,0.1967191,-0.036199514,4,7,0.04091751,111,27,0.00942208158567434,0.13282649201970378,18,-0.2530688706159165,-0.030822631216616245,-0.12340441043402944,False,False,False,False
2D,entry_btc_rsi_prev≤62 ∧ entry_pair_ema20_ema50_gap_pct>0.339,103.66666666666667,0.007162896,-0.06993106,1.7323993,-0.017939813,0.1557614,6,7,0.051474202,102,23,0.07643414302159955,0.10495121729693123,19,0.2749979153805877,-0.05956969190844327,-0.028517074275331677,False,False,False,False
2D,entry_btc_rsi≤62.8 ∧ entry_pair_ema20_ema50_gap_pct>0.339,109.33333333333333,0.005998815,-0.070907705,1.7304425,0.083793424,0.069694914,5,7,0.040236115,105,22,-0.17509863128902342,0.17934586541258496,17,0.08942163791053076,-0.46081094608160844,-0.3544444967016084,False,True,False,False
2D,entry_btc_rsi_prev>62 ∧ entry_rsi_prev≤57.8,91.66666666666667,-0.1182105,-0.032826427,-1.7276424,-0.11068646,-0.06359044,5,9,0.03924204,93,23,0.03063907820854119,0.11937979936131947,17,-0.07257062086349611,-0.056002428318759664,-0.08874072115277828,False,True,True,False
2D,entry_btc_atr_pct≤0.146 ∧ entry_rsi_prev≤57.8,85.0,-0.11606501,-0.035028353,-1.7261084,-0.24781094,0.03995686,5,8,0.029542692,89,28,0.02142263204629487,0.12969985963053696,18,0.22212175156230363,-0.21629122592122946,-0.10827722758424209,False,False,True,False
2D,entry_bear_pct>20 ∧ entry_global_volume_ratio>0.823,97.33333333333333,0.010075656,-0.06930873,1.7258978,0.08942486,0.071922824,6,8,0.05622696,96,22,0.18139371124005538,0.07336165547150746,17,-0.16491623038771386,0.29534259535784624,0.10803205576854792,False,True,True,False
2D,entry_btc_dist_from_ema13_pct≤0.152 ∧ entry_btc_rsi>62.8,71.66666666666667,0.019027187,-0.06537261,1.724579,-0.048006408,0.1694853,5,7,0.027475012,72,23,0.3510895015728964,0.018415967342413055,17,-0.11357317637090134,0.6391984640125647,0.33267353423048335,False,False,True,False
2D,entry_btc_trend_gap_pct≤0.0932 ∧ entry_quality_score≤4,167.66666666666666,-0.092052825,-0.024694644,-1.7234523,-0.082874455,-0.05308847,5,8,0.031807907,128,35,0.16873324773421985,0.05760263084385369,22,0.16553522809617646,0.03441451116394182,0.11113061689036616,False,True,False,False
2D,entry_bull_pct>71.1 ∧ entry_ema50_slope≤0.226,110.66666666666667,-0.10594625,-0.031986754,-1.7231629,-0.10649822,-0.045932256,8,9,0.054099694,83,21,0.1571142613255311,0.08160032885782158,14,0.22759634025701947,0.022981506965020663,0.07551393246770953,False,True,False,False
2D,entry_adx≤22 ∧ entry_price_vs_ema5_pct>0.118,138.66666666666666,-0.09963307,-0.02783112,-1.7229615,-0.04462385,-0.09800281,6,9,0.013314396,131,34,0.006908892881567469,0.14813744829353992,23,0.23672407074184554,-0.3155989349412207,-0.14122855541197246,False,True,True,False
2D,entry_btc_atr_pct≤0.146 ∧ entry_neg_di>15.8,95.66666666666667,0.008032593,-0.0683175,1.7200589,-0.0222096,0.14161074,6,8,0.05843035,86,29,-0.03939884177842118,0.15764165020517884,16,0.2315024979527668,-0.3126709643287918,-0.19704049198360002,False,False,False,False
2D,entry_btc_rsi>62.8 ∧ entry_ema5_stretch>0.118,103.0,-0.107804984,-0.033148326,-1.7158605,0.006215334,-0.15013085,7,9,0.054275677,102,24,0.02077176372439764,0.12390141420537816,17,-0.1441350721429663,-0.03765709633875422,-0.10312965048098052,False,False,True,False
2D,entry_btc_rsi>62.8 ∧ entry_price_vs_ema5_pct>0.118,103.0,-0.107804984,-0.033148326,-1.7158605,0.006215334,-0.15013085,7,9,0.054275677,102,24,0.02077176372439764,0.12390141420537816,17,-0.1441350721429663,-0.03765709633875422,-0.10312965048098052,False,False,True,False
2D,entry_btc_rsi_prev>62 ∧ entry_quality_score>4,43.333333333333336,0.04961496,-0.06258969,1.7155997,0.24317753,-9.861216e-05,4,7,0.07990084,55,8,0.2505510141616108,0.08426154589636231,7,-0.3968529829016878,0.5153765527742992,0.16628946826524849,False,False,True,False
2D,entry_btc_ema20_slope>0.0586 ∧ entry_pair_ema20_ema50_gap_pct≤0.339,115.0,-0.10561238,-0.031080669,-1.7149652,-0.0026490018,-0.14459363,6,9,0.049371146,84,25,0.15983581865387586,0.07638772796937852,15,0.010001834879480281,0.12994035445875401,0.08344809068449734,False,True,False,False
2D,entry_bull_pct>71.1 ∧ entry_ema_gap_8_13≤0.132,98.66666666666667,-0.108673535,-0.033874113,-1.7141893,-0.11291449,-0.044469006,6,9,0.03939824,91,28,0.11699100817806211,0.09034817534098574,19,0.36694598101845466,0.02508513610177756,0.02664283283707637,False,True,False,False
2D,entry_adx>22 ∧ entry_btc_1h_slope>0.0639,116.66666666666667,0.0023812565,-0.07136605,1.7139127,0.017107759,0.12336012,4,7,0.03812705,93,30,0.16710912362992106,0.06675985520113846,21,-0.06149862635001496,0.2050625559546112,0.1003492684287826,False,True,True,False
2D,entry_adx≤22 ∧ entry_atr_pct>0.455,121.33333333333333,-0.107948355,-0.02860373,-1.7134004,-0.052391566,-0.11106241,6,8,0.039521936,118,25,0.06973723085530391,0.10811258282803056,20,0.07424962660500184,-0.061421407762842495,-0.03837535197272665,False,True,True,False
2D,entry_adx_delta>0.241 ∧ entry_range_position>81.7,112.33333333333333,0.0020410074,-0.07022659,1.713383,0.03237855,0.110461146,4,7,0.03668411,113,26,0.2555789923365629,0.03963386216317336,18,0.21007425445047123,0.2057002370412864,0.21594513017338954,False,True,True,False
2D,entry_btc_rsi_1h_prev>54.1 ∧ entry_global_volume_ratio≤0.823,103.66666666666667,0.0100386515,-0.07085501,1.7120892,-0.017074976,0.19653693,5,7,0.04117807,88,28,0.25237286909687123,0.0346027031979467,20,0.21159039597371324,0.2426061943561677,0.21777016589892453,False,False,True,False
2D,entry_bear_pct≤20 ∧ entry_btc_rsi_1h≤57.2,129.33333333333334,-0.099133,-0.030305287,-1.7111325,-0.053552568,-0.079870164,4,8,0.03842293,86,15,0.10651607641844066,0.0965639877271131,9,0.22839192578154688,-0.1371143592356309,0.009952088691327562,False,True,False,False
2D,entry_adx>22 ∧ entry_btc_rsi_prev≤62,100.66666666666667,0.007786599,-0.069413684,1.7096772,0.038968425,0.10981638,6,8,0.045485076,101,17,-0.051597846250110525,0.13033655111929934,12,-0.1807147092414937,-0.14277717860977807,-0.18193439736940986,False,True,False,False
2D,entry_btc_rsi_prev≤62 ∧ entry_pos_di≤26.2,121.0,0.002890642,-0.072614536,1.7093223,0.105336204,0.04641569,7,8,0.059500206,117,28,0.33376646175107355,0.0010876944579810291,18,0.2764493851961805,0.3151310596389895,0.33267876729309254,False,True,True,False
1D,entry_pair_rank >T2 35,141.0,-0.095079,-0.029494392,-1.706661,-0.055062786,-0.07457149,7,9,0.051400997,123,37,0.1412928102920339,0.07104390120961891,25,-0.08457537112001651,0.1921303373118242,0.07024890908241498,False,True,False,False
2D,entry_adx_delta≤0.241 ∧ entry_btc_trend_gap_pct>0.0932,92.33333333333333,0.013222791,-0.06899034,1.7059039,0.061811216,0.10005112,5,8,0.047533587,85,26,-0.05894576083376072,0.1564573419121507,18,-0.5234690614539762,-0.03372381668113972,-0.2154031027459114,False,True,False,False
2D,entry_btc_atr_pct>0.146 ∧ entry_ema_gap_8_13≤0.132,100.66666666666667,-0.111820675,-0.032441936,-1.7058644,0.041411452,-0.20104997,6,9,0.04109945,84,21,0.03720782671572789,0.11517413054856647,15,0.06304331431121302,-0.12562943950311892,-0.07796630383283858,False,False,True,False
2D,entry_neg_di>15.8 ∧ entry_rsi>60.1,92.66666666666667,-0.1074612,-0.035555847,-1.7044531,0.015074091,-0.14174905,5,8,0.04832068,92,16,0.025122282355983946,0.11271834543096282,15,-0.015714228514714823,-0.12217712217773774,-0.08759606307497887,False,False,True,False
2D,entry_atr_pct≤0.455 ∧ entry_btc_atr_pct≤0.146,122.33333333333333,-0.0045807343,-0.06993913,1.7041973,0.007479191,0.1111908,5,8,0.044659417,94,33,0.11422682140940185,0.08968157215337315,19,0.07821248294535396,-0.07283479598698508,0.024545249256028703,False,True,True,False
2D,entry_btc_atr_pct≤0.146 ∧ entry_ema_gap_5_8≤0.0879,118.0,-0.0011317097,-0.07034053,1.7024609,-0.06666003,0.1704419,5,8,0.017156266,101,38,0.045935968250580765,0.13230788549397757,22,0.11045383749562493,-0.1724799060004502,-0.0863719172433968,False,False,False,False
2D,entry_btc_rsi_1h_prev>54.1 ∧ entry_range_position≤81.7,126.66666666666667,0.00089884805,-0.07320042,1.7011391,-0.0043129995,0.14091893,4,8,0.026060663,97,34,0.16975552908030575,0.058834454249070564,20,0.11317693068504758,0.13512451376775592,0.11092107483123519,False,False,True,False
2D,entry_neg_di>15.8 ∧ entry_range_position>81.7,105.33333333333333,-0.103929654,-0.03387731,-1.6959445,-0.06307503,-0.072964095,6,8,0.045970272,100,22,0.005900334523963865,0.12553536206277788,19,0.34747135193545015,-0.3821627031112973,-0.11963502753881401,False,True,True,False
2D,entry_btc_trend_gap_pct≤0.0932 ∧ entry_price_vs_ema5_pct≤0.118,85.0,-0.11724646,-0.03473415,-1.6949121,-0.03402521,-0.12293419,7,8,0.06267756,90,15,0.10317832534895023,0.09718208977701873,14,-0.06951196515302765,-0.07782374165427267,0.005996235571931505,False,True,False,False
2D,entry_btc_trend_gap_pct>0.0932 ∧ entry_rsi≤60.1,111.0,0.006058604,-0.071335234,1.694784,-0.08750181,0.21364573,6,8,0.035057735,97,38,0.11764335480673223,0.0853271839571887,22,-0.0027072858017166967,0.13346744018368745,0.032316170849543524,False,False,True,False
2D,entry_btc_rsi_prev6>58.3 ∧ entry_ema5_stretch≤0.118,116.0,-0.0013918295,-0.06979728,1.691122,0.07759952,0.06589666,5,7,0.04657749,100,28,0.17670916111012228,0.06575834766307864,20,0.24871934489178035,-0.03344155189737526,0.11095081344704363,False,True,True,False
2D,entry_adx≤22 ∧ entry_dist_from_ema13_pct>0.341,133.0,-0.101583116,-0.028334033,-1.6911002,-0.060757462,-0.08927837,4,8,0.032700554,125,28,0.13625387122836974,0.08241640820262379,23,0.0989556391003252,0.0475496466647517,0.05383746302574595,False,True,False,False
2D,entry_adx>22 ∧ entry_btc_rsi>62.8,106.0,0.0014202647,-0.068592355,1.6896504,-0.0021658204,0.12706864,5,7,0.040351808,107,26,0.24706361488263776,0.04279671664605984,18,-0.2232610141077192,0.47482155315253904,0.2042668982365779,False,False,True,False
2D,entry_btc_1h_slope≤0.0639 ∧ entry_btc_atr_pct≤0.146,102.66666666666667,-0.10446268,-0.034285378,-1.6890934,-0.049213022,-0.07839345,4,7,0.0428685,86,21,0.09894197568310285,0.09788856883770146,15,-0.23583907756166317,0.14938449228597406,0.0010534068454013945,False,True,False,False
2D,entry_bear_pct>20 ∧ entry_ema_gap_8_13≤0.132,109.33333333333333,0.0032852148,-0.069971785,1.6885878,0.13228798,0.01767343,5,9,0.049577527,108,28,-0.0877331212697663,0.17464634629009157,21,0.003493485621798492,-0.43369410260265495,-0.26237946755985786,False,True,False,False
2D,entry_btc_trend_gap_pct>0.0932 ∧ entry_pos_di>26.2,133.33333333333334,-0.005393604,-0.07202295,1.6885513,0.00985812,0.11573048,6,8,0.03669492,93,35,0.1663412504584839,0.058975088297144804,19,0.0452203678480253,0.17631931910286439,0.10736616216133911,False,True,True,False
2D,entry_btc_adx≤24.9 ∧ entry_btc_rsi_prev6>58.3,83.33333333333333,0.012710036,-0.06670858,1.6866508,0.057271916,0.10030585,6,8,0.033629727,76,15,-0.05897573009615797,0.12721061856314989,11,-0.10960187843219255,-0.34820895031500654,-0.18618634865930786,False,True,False,False
2D,entry_dist_from_ema13_pct>0.341 ∧ entry_rsi_prev≤57.8,121.0,-0.10513582,-0.02980493,-1.6861937,-0.18455039,0.024781998,5,9,0.031494275,126,23,0.16291030371776888,0.07770530365293267,20,0.0829646231851619,0.08893587475185863,0.08520500006483621,False,False,False,False
2D,entry_ema_gap_5_8≤0.0879 ∧ entry_rsi_prev≤57.8,124.0,-0.103611045,-0.02968281,-1.6828183,-0.09551425,-0.055045094,6,9,0.054748427,123,34,0.0018621640074437706,0.15090500928902711,22,0.19655976421965177,-0.25218992871170215,-0.14904284528158335,False,True,True,False
2D,entry_btc_1h_slope≤0.0639 ∧ entry_rsi_prev>57.8,98.0,-0.10593692,-0.034842797,-1.6793246,-0.018358212,-0.10699507,5,8,0.05193561,83,18,-0.002684043568093577,0.12138124277433913,13,-0.20245116659746984,-0.14362661364322454,-0.12406528634243272,False,True,True,False
2D,entry_btc_adx_prev≤24.8 ∧ entry_btc_rsi_prev6>58.3,87.0,0.010330221,-0.06695659,1.6785122,0.05198024,0.10145691,5,8,0.027359195,79,15,-0.05897573009615797,0.12721061856314989,11,-0.10960187843219255,-0.34820895031500654,-0.18618634865930786,False,True,False,False
2D,entry_global_volume_ratio≤0.823 ∧ entry_pair_ema20_ema50_gap_pct≤0.339,115.33333333333333,-0.10611535,-0.030814257,-1.6776261,-0.13092285,-0.0225932,6,9,0.03751828,101,26,0.12238541381038154,0.08910576275861215,18,0.26541535708110764,-0.07422860698115542,0.03327965105176939,False,True,False,False
2D,entry_btc_atr_pct≤0.146 ∧ entry_ema5_stretch≤0.118,135.33333333333334,-0.007084323,-0.0716946,1.6768535,0.04810662,0.082901,6,8,0.03928806,100,35,0.1911697959828118,0.04472920152089109,20,-0.0183094519096908,0.20530680405221882,0.1464405944619207,False,True,True,False
2D,entry_btc_atr_pct≤0.146 ∧ entry_price_vs_ema5_pct≤0.118,135.33333333333334,-0.007084323,-0.0716946,1.6768535,0.04810662,0.082901,6,8,0.03928806,100,35,0.1911697959828118,0.04472920152089109,20,-0.0183094519096908,0.20530680405221882,0.1464405944619207,False,True,True,False
2D,entry_btc_adx_prev>24.8 ∧ entry_neg_di≤15.8,115.33333333333333,-0.10246153,-0.032169268,-1.6762708,-0.0014061444,-0.12369366,6,7,0.05614022,109,30,0.19218689683711804,0.055360867379685284,18,-0.12168525954426085,0.2816249836032485,0.13682602945743275,False,True,False,False
2D,entry_pair_volume_ratio≤0.763 ∧ entry_rsi>60.1,99.66666666666667,-0.10396419,-0.03508196,-1.675573,0.035044257,-0.16442192,7,9,0.028923642,101,21,0.29591213653866527,0.04273692379814402,16,0.07739483794775243,0.3484191921798159,0.25317521274052124,False,False,False,False
2D,entry_adx≤22 ∧ entry_global_volume_ratio>0.823,102.0,0.0029382736,-0.068206295,1.6746359,0.13488725,0.023109004,5,9,0.027459638,92,26,-0.0769789423080017,0.16315538074544017,18,-0.16736463501590756,-0.37181899674250984,-0.24013432305344187,False,True,False,False
2D,entry_btc_rsi_prev6>58.3 ∧ entry_ema5_stretch>0.118,94.0,-0.11015166,-0.034506362,-1.6745893,-0.11488301,-0.04095054,6,7,0.046883225,102,22,-0.012623925499528222,0.13104257450219445,18,-0.354967751315601,-0.006546184660190434,-0.14366650000172268,False,True,True,False
2D,entry_adx_prev>22.1 ∧ entry_btc_adx_prev≤24.8,87.0,0.0078110513,-0.06631071,1.671197,0.06347798,0.082690984,6,8,0.044312596,92,16,-0.3034619375678,0.17843518941571962,14,-0.3662100711858456,-0.5076917468441839,-0.4818971269835196,False,True,False,False
2D,entry_atr_pct≤0.455 ∧ entry_pair_rank≤30,115.0,-0.0007399167,-0.069818355,1.6706232,0.07937155,0.06977746,6,9,0.0373123,105,28,0.12515045227055915,0.08698840424407517,21,0.013906668923139853,-0.004103419283177132,0.038162048026483986,False,True,True,False
2D,entry_btc_rsi_prev6>58.3 ∧ entry_dist_from_ema13_pct≤0.341,113.66666666666667,-0.0014108465,-0.069279864,1.6703553,0.10021131,0.050129116,5,8,0.043457307,95,30,0.07892850137457737,0.10684195622629467,21,0.14248932735815034,-0.11632344836997632,-0.027913454851717298,False,True,False,False
2D,entry_btc_rsi≤62.8 ∧ entry_ema_gap_5_8>0.0879,106.33333333333333,-0.1074519,-0.032487977,-1.6699722,-0.13186763,-0.022478662,3,8,0.032313004,114,14,0.11468382669405038,0.09529086071287884,10,0.1505855254728798,-0.1570652705066823,0.01939296598117153,False,True,False,False
2D,entry_btc_rsi_1h>57.2 ∧ entry_pos_di≤26.2,91.66666666666667,0.015905546,-0.0695614,1.6684432,0.16884667,-0.016951151,4,8,0.024855232,74,28,0.2634582113532447,0.03003815050414588,16,-0.04501697784954814,0.4130931893358052,0.23342006084909883,False,False,True,False
2D,entry_adx_delta≤0.241 ∧ entry_bear_pct≤20,112.33333333333333,-0.103588544,-0.03243766,-1.6679484,-0.08063488,-0.06183687,5,9,0.029046372,101,22,-0.029441572819002934,0.13604241559717342,16,0.05261833397343946,-0.21086183458851443,-0.16548398841617634,False,True,True,False
2D,entry_price_vs_ema5_pct≤0.118 ∧ entry_quality_score>4,51.0,0.039645255,-0.06352694,1.664482,0.13360882,0.08843425,5,8,0.06091881,63,6,0.3646040112303582,0.08035333427545134,5,,0.7071030131322865,0.28425067695490686,False,True,False,False
2D,entry_pair_ema20_ema50_gap_pct≤0.339 ∧ entry_pair_rank≤30,119.33333333333333,0.0014122758,-0.07162997,1.6634471,0.10502469,0.048513524,6,9,0.047112487,112,27,0.06888896100582198,0.10955684355095036,23,-0.021807300849735894,-0.1354158490927093,-0.040667882545128375,False,True,False,False
2D,entry_btc_rsi_1h_prev≤54.1 ∧ entry_bull_pct>71.1,127.66666666666667,-0.09793411,-0.03120184,-1.6629398,-0.057919756,-0.07149072,5,8,0.04750417,82,20,0.056641387348739934,0.10903416322628905,11,0.213806772753179,-0.13790314193945932,-0.05239277587754911,False,True,True,False
2D,entry_adx_delta≤0.241 ∧ entry_ema_gap_8_13>0.132,94.66666666666667,-0.11293515,-0.03355984,-1.6624068,-0.1851722,0.0036686026,5,8,0.028580334,98,19,0.0941310468195186,0.09910304237145343,15,0.04963180813489587,-0.02502964624552428,-0.004971995551934824,False,False,True,False
2D,entry_btc_1h_slope>0.0639 ∧ entry_btc_trend_gap_pct≤0.0932,46.0,0.033878166,-0.061473094,1.6589638,0.087130204,0.10212011,5,7,0.047417626,46,18,0.20720492596421358,0.07294532672842213,15,0.20758060026184433,0.09055491388498439,0.13425959923579145,False,True,True,False
2D,entry_btc_rsi_1h>57.2 ∧ entry_pos_di>26.2,121.0,-0.0023749957,-0.07052783,1.6586078,-0.038806394,0.15954268,6,8,0.01359598,81,39,0.07252727340598146,0.11562913139192094,23,-0.04054311733285959,-0.03755528010967521,-0.043101857985939476,False,False,False,False
2D,entry_atr_pct≤0.455 ∧ entry_btc_rsi>62.8,111.33333333333333,-0.0018029555,-0.068638556,1.6566952,0.04031393,0.090193726,7,9,0.0458768,106,26,0.28891180316673826,0.027253103854822498,16,-0.08322634156949218,0.4897679424208158,0.26165869931191577,False,True,True,False
2D,entry_btc_1h_slope≤0.0639 ∧ entry_quality_score>4,49.333333333333336,-0.13083948,-0.0407616,-1.6545097,-0.051773775,-0.11108199,5,8,0.044360895,59,6,0.07338772510422481,0.09976775335052693,6,-0.13504655080874917,0.02797682435028584,-0.026380028246302117,False,True,False,False
2D,entry_btc_1h_slope>0.0639 ∧ entry_rsi>60.1,91.33333333333333,0.008721202,-0.067517646,1.6533014,0.23777795,-0.13161714,3,8,0.003855981,83,23,0.16984767879654097,0.07551955534044286,18,0.006232038921220123,0.10387642860780795,0.09432812345609812,False,False,True,False
2D,entry_dist_from_ema13_pct≤0.341 ∧ entry_range_position≤81.7,129.0,-0.0027261372,-0.0722092,1.6530535,0.05875569,0.08105519,5,9,0.025659759,112,30,0.11702525790934731,0.08952524871049017,18,0.08818299271676883,0.046976921696529145,0.027500009198857145,False,True,True,False
2D,entry_btc_dist_from_ema13_pct>0.152 ∧ entry_dist_from_ema13_pct>0.341,121.33333333333333,-0.10214564,-0.030912125,-1.6520821,-0.09829907,-0.048027888,6,9,0.03925493,105,19,0.08042569606760273,0.10248488216738075,15,0.009122088017365387,-0.0566637740330861,-0.022059186099778014,False,True,True,False
2D,entry_adx>22 ∧ entry_atr_pct>0.455,91.66666666666667,0.010183528,-0.0679941,1.6515163,0.007516723,0.1374752,4,7,0.04385747,106,24,0.09599116978879087,0.0988282788505804,18,-0.16215534600508033,0.10600292784895798,-0.002837109061789536,False,True,False,False
2D,entry_adx_delta≤0.241 ∧ entry_pair_rank>30,105.66666666666667,-0.10375056,-0.0338635,-1.6496698,-0.035582885,-0.10346651,4,8,0.04205198,101,24,0.010448089885613096,0.12734263881830632,20,-0.09723834824139996,-0.0985255703469774,-0.11689454893269323,False,True,True,False
2D,entry_atr_pct≤0.455 ∧ entry_gap>0.354,64.0,0.018263737,-0.06345193,1.6488442,0.15544203,0.020643063,5,8,0.035974026,72,14,0.2337300832401177,0.07496589008306248,13,0.03035857317533497,0.23761158117879438,0.15876419315705523,False,True,True,False
2D,entry_btc_trend_gap_pct≤0.0932 ∧ entry_ema_gap_5_8≤0.0879,102.33333333333333,-0.10919309,-0.03286352,-1.6473582,-0.08596738,-0.06748304,6,8,0.06350529,96,22,-0.03902861034481191,0.13889261594268423,20,0.17660719884532483,-0.5530632784438949,-0.17792122628749615,False,True,True,False
2D,entry_adx>22 ∧ entry_btc_ema20_slope≤0.0586,116.0,-0.0017255887,-0.06967252,1.6466036,-0.06850394,0.17454457,5,8,0.012769692,110,26,0.14441379319788308,0.08092379327182582,16,0.13852731896981163,0.021636651567897708,0.06348999992605726,False,False,True,False
2D,entry_atr_pct>0.455 ∧ entry_btc_rsi_1h_prev≤54.1,111.66666666666667,-0.10511281,-0.032047484,-1.6459599,-0.10999228,-0.04185095,5,8,0.05633619,101,19,0.16231801070882493,0.08227768764552071,12,-0.07156832901402832,0.1992422241901057,0.08004032306330422,False,True,False,False
2D,entry_adx_delta>0.241 ∧ entry_btc_dist_from_ema13_pct>0.152,100.0,0.005922782,-0.06868483,1.645506,0.029027088,0.12525035,5,8,0.04253655,97,20,0.18628507775576802,0.07491740259286064,16,-0.22361456245928096,0.3536889499299405,0.11136767516290738,False,True,True,False
2D,entry_btc_rsi_prev≤62 ∧ entry_neg_di≤15.8,104.66666666666667,0.0045548747,-0.06932212,1.6451278,0.009275317,0.13618763,6,7,0.05301606,120,23,0.1853377609837451,0.07063911848694018,20,-0.015815851343326387,0.16415342486460238,0.11469864249680492,False,True,True,False
2D,entry_btc_rsi_prev6>58.3 ∧ entry_bull_pct≤71.1,108.66666666666667,0.0022758413,-0.06947276,1.6417118,0.032013994,0.11109001,4,7,0.025092296,104,25,0.11698651938662658,0.09147550940150853,19,0.10162942408187009,-0.1977583620504669,0.025511009985118044,False,True,True,False
2D,entry_adx_prev>22.1 ∧ entry_neg_di>15.8,90.33333333333333,0.008143316,-0.06713537,1.64046,0.104385465,0.06452203,5,8,0.03886155,90,23,0.1064843772145604,0.09548333529092987,16,,0.0888265114946574,0.011001041923630536,False,True,True,False
2D,entry_adx≤22 ∧ entry_ema5_stretch>0.118,139.0,-0.097226076,-0.028912237,-1.6392375,-0.04462385,-0.09118849,6,9,0.009292465,132,34,0.006908892881567469,0.14813744829353992,23,0.23672407074184554,-0.3155989349412207,-0.14122855541197246,False,True,True,False
2D,entry_ema20_slope≤0.146 ∧ entry_ema50_slope≤0.226,133.66666666666666,-0.09804082,-0.02978502,-1.6389205,-0.057590097,-0.07899818,5,9,0.02772474,112,29,0.10091221159082876,0.09691000023938412,20,0.22309596740659807,-0.22275474382740745,0.004002211351444643,False,True,False,False
2D,entry_btc_dist_from_ema13_pct≤0.152 ∧ entry_bull_pct>71.1,78.33333333333333,-0.113393985,-0.03718202,-1.638062,-0.11263911,-0.052527696,4,8,0.047702927,75,26,0.03094010016718481,0.12307116496894235,16,-0.2167394940192998,0.026355093147309966,-0.09213106480175755,False,True,True,False
2D,entry_adx_prev>22.1 ∧ entry_pair_volume_ratio>0.763,119.0,-0.0024572287,-0.070052475,1.6376538,0.110287525,0.036212374,6,8,0.039521147,110,26,0.06562260682460098,0.11018909106761628,20,-0.07398244214183028,-0.003056365301639174,-0.04456648424301529,False,True,False,False
2D,entry_adx>22 ∧ entry_rsi≤60.1,116.0,0.0007637287,-0.070603,1.6367698,-0.059400223,0.17312907,5,7,0.032992188,119,30,0.15721472056848587,0.07125731113815445,22,-0.11621113527849405,0.23388486817169019,0.08595740943033142,False,False,True,False
2D,entry_adx_prev>22.1 ∧ entry_btc_adx≤24.9,86.0,0.0087679,-0.06633471,1.6334549,0.07985828,0.06795408,6,8,0.049825437,91,17,-0.2798101648617739,0.1794455310737079,15,-0.3662100711858456,-0.4657876925273197,-0.45925569593548177,False,True,False,False
2D,entry_pair_ema20_ema50_gap_pct>0.339 ∧ entry_quality_score>4,53.0,0.031614542,-0.06293958,1.6328654,0.1765947,0.021298006,6,7,0.07666813,68,10,-0.2944092144748196,0.1437618174060577,10,-0.4469047514863771,-0.4009323006198546,-0.4381710318808773,False,True,False,False
2D,entry_btc_dist_from_ema13_pct≤0.152 ∧ entry_btc_rsi≤62.8,142.0,-0.09576891,-0.028919175,-1.6326696,-0.024846219,-0.10427478,6,9,0.043885347,118,29,-0.10632824248800711,0.18661109230335787,19,0.20809415166863882,-0.5996625632756802,-0.29293933479136497,False,True,True,False
2D,entry_btc_atr_pct>0.146 ∧ entry_pair_ema20_ema50_gap_pct≤0.339,118.66666666666667,-0.104602024,-0.03058212,-1.6302654,-0.089807235,-0.06410886,4,7,0.043113515,81,24,0.25298678169651473,0.04649640821467246,15,0.05306370145565095,0.3022109390242441,0.20649037348184227,False,True,False,False
2D,entry_adx_delta>0.241 ∧ entry_btc_rsi_1h_prev>54.1,112.33333333333333,0.0009160827,-0.06982414,1.6282898,0.06626828,0.07337172,5,8,0.035022784,88,36,0.2339579911383798,0.016615607853184968,24,0.18078312075834507,0.18579761667711273,0.21734238328519484,False,True,True,False
2D,entry_atr_pct>0.455 ∧ entry_pair_ema20_ema50_gap_pct≤0.339,83.33333333333333,-0.12135738,-0.034136318,-1.6280744,-0.056269564,-0.12664592,3,8,0.0115613565,92,24,0.08668707462952323,0.10192964390366961,17,-0.03113572306044879,-0.01516733553462973,-0.015242569274146384,False,True,True,False
2D,entry_btc_trend_gap_pct≤0.0932 ∧ entry_rsi>60.1,111.0,-0.09879816,-0.034424767,-1.6263754,0.017807858,-0.12311548,5,8,0.038901806,104,24,0.1647105335584437,0.07592182426069614,16,0.007805642673030133,0.10017568379039136,0.08878870929774756,False,False,False,False
2D,entry_btc_rsi_prev≤62 ∧ entry_ema50_slope≤0.226,111.66666666666667,-0.10575668,-0.03181899,-1.625326,-0.1073168,-0.044061035,6,9,0.011462495,93,21,0.1101117275868905,0.09476103830464093,17,0.20113818851411466,-0.23495704216065097,0.015350689282249572,False,True,False,False
2D,entry_btc_rsi_prev6>58.3 ∧ entry_dist_from_ema13_pct>0.341,96.33333333333333,-0.10749489,-0.03474706,-1.6238935,-0.12956041,-0.021170408,5,8,0.030075576,104,20,0.11511375544282405,0.09364669793837221,16,-0.1822630512758044,0.13786021823613148,0.02146705750445184,False,True,False,False
2D,entry_bear_pct≤20 ∧ entry_pair_volume_ratio>0.763,102.33333333333333,0.001052121,-0.067683764,1.6236627,0.1125003,0.04613251,5,7,0.05013373,97,25,-0.027190254523394568,0.14224197908813568,16,-0.15626442909778696,-0.1419148302873259,-0.16943223361153026,False,True,False,False
2D,entry_adx_prev≤22.1 ∧ entry_dist_from_ema13_pct>0.341,132.66666666666666,-0.099508226,-0.029354522,-1.618529,-0.08115053,-0.06376241,4,8,0.029034156,124,27,0.1739902481237664,0.06843025293958085,21,0.12788703421578057,0.12583763560267736,0.10555999518418555,False,True,False,False
2D,entry_btc_rsi_1h_prev≤54.1 ∧ entry_price_vs_ema5_pct>0.118,126.0,-0.097578116,-0.031721514,-1.6182399,-0.095431045,-0.04065308,6,8,0.04494298,110,20,0.10971300384600695,0.09506794835858727,12,0.1701679651142064,-0.01720258584465717,0.014645055487419678,False,True,False,False
2D,entry_ema20_slope>0.146 ∧ entry_gap>0.354,187.0,-0.015985036,-0.07868803,1.6162179,0.012158118,0.10656122,5,8,0.0300994,145,39,0.14300705531602198,0.06740612271663005,25,-0.18646832820617143,0.21811181252519013,0.07560093259939193,False,True,True,False
1D,entry_dist_from_ema13_pct ≤T1 0.287,142.66666666666666,-0.008678219,-0.07256326,1.6157967,0.020773567,0.10120592,4,8,0.029454548,122,38,0.08652218529025191,0.10571691570936545,25,-0.02888406602308094,0.00402874944975561,-0.019194730419113543,False,True,False,False
2D,entry_adx_prev≤22.1 ∧ entry_price_vs_ema5_pct>0.118,136.0,-0.09740701,-0.029533356,-1.613025,-0.075660266,-0.06295553,6,9,0.018246435,130,33,0.03386456554304952,0.13177608713098624,21,0.27134994997341355,-0.24557737961785875,-0.09791152158793671,False,True,True,False
2D,entry_btc_rsi>62.8 ∧ entry_global_volume_ratio>0.823,121.33333333333333,-0.0043547363,-0.06981475,1.6125298,0.11193972,0.037532378,7,9,0.024701158,105,31,0.0766589174296832,0.10835381095157834,16,-0.36212079711955664,0.17766043629456538,-0.03169489352189514,False,True,False,False
2D,entry_btc_ema20_slope>0.0586 ∧ entry_range_position>81.7,116.0,-0.099281244,-0.033207033,-1.6116967,-0.0070992187,-0.13196144,6,8,0.033007883,86,21,-0.061860976725880125,0.14291339551221668,14,-0.20233061365693314,-0.19919410576966684,-0.2047743722380968,False,True,True,False
2D,entry_ema5_stretch≤0.118 ∧ entry_pair_volume_ratio≤0.763,97.33333333333333,-0.10897134,-0.034089144,-1.610314,-0.13121893,-0.023610443,7,9,0.045846056,106,21,0.06837731721959919,0.10644667320748248,17,-0.07867915782978607,-0.025623983317556838,-0.03806935598788329,False,True,True,False
1D,entry_dist_from_ema13_pct >med 0.341,212.66666666666666,-0.08217571,-0.020339334,-1.6101784,-0.09513783,-0.036418907,4,9,0.028630782,152,44,0.10485785949095931,0.09241689104943382,30,-0.05904953576034966,0.050222067278922554,0.012440968441525493,False,True,False,False
1D,entry_dist_from_ema13_pct ≤med 0.341,213.66666666666666,-0.020339334,-0.08217571,1.6101774,0.09513783,0.036418907,4,9,0.028630782,142,52,0.09241689104943382,0.10485785949095931,29,0.05904953576034966,-0.050222067278922554,-0.012440968441525493,False,True,False,False
2D,entry_btc_rsi>62.8 ∧ entry_dist_from_ema13_pct>0.341,104.0,-0.105131514,-0.033779297,-1.6058198,-0.015021972,-0.12860844,5,9,0.048567187,104,24,0.11482036203459382,0.09255188143531273,18,-0.26033674580041044,0.20742165027687015,0.02226848059928109,False,True,False,False
2D,entry_pair_ema20_ema50_gap_pct≤0.339 ∧ entry_rsi_prev≤57.8,118.33333333333333,-0.10413625,-0.030841185,-1.6051449,-0.066635944,-0.083713956,5,9,0.035027042,110,29,0.04081509305743462,0.1229221858732413,20,0.1130616964674844,-0.16838875422911415,-0.08210709281580668,False,True,True,False
1D,entry_adx_delta ≤0,169.0,-0.0893882,-0.026095588,-1.6047686,-0.063540354,-0.06121513,5,9,0.03660342,131,39,0.01314077657791254,0.15626199764270493,26,-0.07390760579222885,-0.13227403771912344,-0.1431212210647924,False,True,True,False
1D,entry_adx_delta >0,257.3333333333333,-0.026095588,-0.0893882,1.604768,0.063540354,0.06121513,5,9,0.03660342,160,57,0.15626199764270493,0.01314077657791254,33,0.07390760579222885,0.13227403771912344,0.1431212210647924,False,True,True,False
2D,entry_btc_rsi_1h>57.2 ∧ entry_ema_gap_5_8>0.0879,102.33333333333333,0.005266671,-0.06901491,1.6044624,0.04276676,0.10499957,4,8,0.030746212,83,25,0.21767033926542376,0.05602346014841093,17,-0.1511813431227552,0.374134760825364,0.1616468791170128,False,True,True,False
2D,entry_neg_di>15.8 ∧ entry_pair_ema20_ema50_gap_pct≤0.339,107.33333333333333,-0.10316465,-0.033695508,-1.6027658,0.0018959455,-0.1259835,6,9,0.022833724,91,25,0.13391399592498543,0.08551513033870611,20,0.37686329900594673,-0.12821214432888195,0.048398865586279316,False,False,False,False
2D,entry_dist_from_ema13_pct>0.341 ∧ entry_ema_gap_5_8≤0.0879,56.333333333333336,-0.14021327,-0.03763024,-1.6024374,-0.14259295,-0.07115036,6,9,0.03315018,85,14,-0.01482156274291919,0.11740153695821509,11,0.13659602164146603,-0.20685845419697338,-0.13222309970113427,False,True,True,False
2D,entry_ema_gap_8_13≤0.132 ∧ entry_pair_rank≤30,118.33333333333333,-0.0012784394,-0.07035906,1.601194,0.14471301,0.018503759,6,9,0.02846335,110,28,0.009692232867882332,0.13453002399811861,19,0.10736176847588758,-0.24290676296834515,-0.12483779113023628,False,True,False,False
2D,entry_btc_trend_gap_pct>0.0932 ∧ entry_pair_ema20_ema50_gap_pct≤0.339,82.66666666666667,0.012344772,-0.06646665,1.6007036,0.069288015,0.086245954,6,8,0.06068135,77,27,0.1086259415845728,0.09400759028100444,15,0.04335050121982112,0.01031505292602782,0.014618351303568353,False,True,True,False
2D,entry_ema_gap_5_8≤0.0879 ∧ entry_price_vs_ema5_pct≤0.118,127.0,-0.0054128175,-0.07060504,1.5978858,0.029440511,0.096075684,4,7,0.03005971,116,34,0.08188391934352639,0.10702211120149793,24,0.0984493149083143,-0.11816072679871872,-0.025138191857971545,False,True,False,False
2D,entry_ema5_stretch≤0.118 ∧ entry_ema_gap_5_8≤0.0879,127.0,-0.0054128175,-0.07060504,1.5978858,0.029440511,0.096075684,4,7,0.03005971,116,34,0.08188391934352639,0.10702211120149793,24,0.0984493149083143,-0.11816072679871872,-0.025138191857971545,False,True,False,False
2D,entry_btc_rsi_prev>62 ∧ entry_pair_volume_ratio>0.763,117.0,-0.00227222,-0.069685414,1.5976158,0.16260222,-0.0049933717,5,9,0.03004942,107,25,0.12090392993936519,0.09009613948857237,18,-0.10420664074873054,0.10617005137945051,0.03080779045079282,False,False,True,False
2D,entry_btc_adx_prev≤24.8 ∧ entry_price_vs_ema5_pct≤0.118,80.66666666666667,0.015147578,-0.06666474,1.5938123,0.14171082,0.012941986,6,8,0.04004616,88,14,-0.27271058198644244,0.16143136951198736,11,-0.5714172112762549,-0.40036674917987003,-0.4341419514984298,False,True,False,False
2D,entry_btc_trend_gap_pct≤0.0932 ∧ entry_gap≤0.354,104.33333333333333,-0.105070196,-0.033725303,-1.5935479,0.0008717701,-0.1253651,6,8,0.036876906,91,15,0.0448214688004054,0.10798891506378626,14,0.24722212508530167,-0.5965190410488483,-0.06316744626338086,False,False,True,False
2D,entry_btc_trend_gap_pct>0.0932 ∧ entry_range_position≤81.7,120.66666666666667,-0.0012599105,-0.0708937,1.5921181,0.020747732,0.11078116,5,8,0.04306307,96,33,0.24418336561498574,0.021609096617114902,20,0.1561148992889943,0.3156623781443851,0.22257426899787083,False,True,True,False
2D,entry_btc_rsi_1h>57.2 ∧ entry_ema20_slope≤0.146,108.66666666666667,0.00038743898,-0.06882678,1.590424,0.096006274,0.039086994,4,7,0.03371295,87,32,0.24138288977573535,0.02648705748983185,18,0.06789964779467472,0.3314954928392027,0.2148958322859035,False,True,True,False
2D,entry_btc_adx≤24.9 ∧ entry_btc_atr_pct>0.146,145.66666666666666,-0.0071955905,-0.0740156,1.5899678,0.037727132,0.09362422,5,8,0.004651379,92,25,0.27290376489264695,0.03657507084305066,15,0.1599345485576687,0.25457599799703373,0.23632869404959628,False,True,True,False
2D,entry_btc_rsi_1h≤57.2 ∧ entry_pos_di≤26.2,121.66666666666667,-0.10034319,-0.031554,-1.589649,-0.066884354,-0.06908646,5,8,0.039162114,101,17,0.10270136282651476,0.09713292384964582,11,0.3681803395378817,-0.2522412583064723,0.005568438976868942,False,True,False,False
2D,entry_ema50_slope>0.226 ∧ entry_ema_gap_5_8≤0.0879,108.66666666666667,0.0012376587,-0.06911762,1.5896332,0.035948668,0.09939295,5,9,0.025078911,110,29,-0.002567397988589239,0.14169968199763966,19,-0.161899850930733,-0.0699317124574925,-0.1442670799862289,False,True,False,False
2D,entry_adx_prev≤22.1 ∧ entry_quality_score≤4,177.0,-0.08745623,-0.02543631,-1.5868385,-0.05453209,-0.07152895,4,8,0.006714672,144,46,0.06489261501606411,0.1286872772286764,27,0.11307208315793885,-0.17615637856310862,-0.06379466221261229,False,True,True,False
2D,entry_adx_prev>22.1 ∧ entry_bull_pct≤71.1,112.66666666666667,-0.0014929997,-0.06903399,1.5855719,0.08437232,0.05220186,6,8,0.045934483,109,24,0.14210424187003118,0.08345725482350029,18,-0.021314250598294726,0.06829025203446193,0.05864698704653089,False,True,True,False
2D,entry_btc_trend_gap_pct≤0.0932 ∧ entry_rsi_prev≤57.8,121.0,-0.100801565,-0.031522535,-1.5854614,-0.1280141,-0.020822257,6,8,0.04211261,114,17,0.17146772117283796,0.08233509990170282,15,0.22739872250397683,-0.06371708734492956,0.08913262127113514,False,True,False,False
2D,entry_btc_trend_gap_pct≤0.0932 ∧ entry_range_position>81.7,119.66666666666667,-0.09744669,-0.033132885,-1.5854192,-0.085279986,-0.04644315,5,8,0.03016177,103,25,0.27668053444886687,0.03524522240776195,15,0.39118747291869993,0.07568922711581466,0.2414353120411049,False,True,False,False
2D,entry_btc_rsi>62.8 ∧ entry_global_volume_ratio≤0.823,91.66666666666667,-0.10958995,-0.035187628,-1.5841322,-0.11150779,-0.040485065,6,8,0.05568665,96,21,0.35933465672899095,0.024978618144852794,15,0.16120146177461123,0.4794510159379789,0.33435603858413815,False,True,False,False
2D,entry_btc_1h_slope≤0.0639 ∧ entry_btc_rsi≤62.8,116.66666666666667,-0.10167007,-0.03216479,-1.5836076,-0.10051509,-0.042987693,5,8,0.044405915,92,17,-0.11202413132229186,0.14333967575508522,13,0.3684415482609423,-0.6935034506176525,-0.25536380707737705,False,True,True,False
2D,entry_ema20_slope≤0.146 ∧ entry_rsi≤60.1,119.33333333333333,-0.103015974,-0.031037893,-1.5826304,-0.113333195,-0.03641553,5,9,0.016602937,123,33,0.12010048944046313,0.0866048888990077,20,0.32800827629480656,-0.04149932519612419,0.03349560054145542,False,True,False,False
2D,entry_ema5_stretch≤0.118 ∧ entry_quality_score>4,51.333333333333336,0.034808066,-0.0629565,1.5815164,0.11885139,0.08843425,5,8,0.05403484,63,6,0.3646040112303582,0.08035333427545134,5,,0.7071030131322865,0.28425067695490686,False,True,False,False
2D,entry_ema_gap_8_13>0.132 ∧ entry_pair_rank≤30,105.0,0.005386086,-0.069670364,1.5813286,-0.02044623,0.15795787,7,8,0.040948395,111,21,0.08307341401306699,0.1023317661053115,20,-0.16457887795898477,0.04181932196296545,-0.01925835209224451,False,False,False,False
2D,entry_adx_delta≤0.241 ∧ entry_bull_pct>71.1,110.66666666666667,-0.10155453,-0.03352641,-1.5809488,-0.08397091,-0.0540706,6,9,0.027041111,106,27,-0.06310393612905207,0.16120623808198803,18,0.05261833397343946,-0.26350400673585983,-0.2243101742110401,False,True,True,False
2D,entry_global_volume_ratio>0.823 ∧ entry_price_vs_ema5_pct≤0.118,111.66666666666667,-0.002970798,-0.06829491,1.5807966,0.18980569,-0.011712182,4,8,0.0014850833,104,27,0.18140452054988548,0.06552901590327333,18,-0.1472120353458179,0.2668161523398299,0.11587550464661216,False,False,True,False
2D,entry_btc_dist_from_ema13_pct>0.152 ∧ entry_range_position≤81.7,82.33333333333333,0.01754582,-0.067635104,1.5800767,0.16385743,0.01028312,5,9,0.0013941601,96,21,0.12357983342866656,0.09098996866894363,15,-0.6917323541691932,0.3338602865338057,0.032589864759722934,False,True,True,False
2D,entry_atr_pct≤0.455 ∧ entry_range_position≤81.7,90.66666666666667,0.0045326212,-0.06623484,1.5786432,0.09488733,0.05243724,6,8,0.026051635,86,22,0.13930969706859056,0.0858731191441051,18,-0.152444530533084,0.19146948481701154,0.05343657792448546,False,True,True,False
2D,entry_btc_1h_slope>0.0639 ∧ entry_btc_rsi≤62.8,96.66666666666667,0.0063492083,-0.068055496,1.5780146,0.095180765,0.04663158,5,7,0.052979037,76,27,0.05190296863047196,0.11620353621956561,18,0.04846964957287089,-0.1754089155211795,-0.06430056758909365,False,True,False,False
2D,entry_adx_prev>22.1 ∧ entry_btc_rsi_prev6≤58.3,96.0,0.0074481834,-0.06822471,1.5773283,0.07333362,0.07561768,5,8,0.05050839,102,17,0.03416021543106361,0.11188228468157833,16,0.0365534636251037,-0.08871889100790462,-0.07772206925051472,False,True,False,False
2D,entry_btc_rsi_1h>57.2 ∧ entry_rsi>60.1,98.0,0.0028243163,-0.06730555,1.5749823,0.22212869,-0.10870074,3,8,0.009649128,84,25,0.143874211289113,0.0820080122527457,20,-0.0931885673163334,0.11381547005345344,0.06186619903636731,False,False,True,False
2D,entry_bull_pct>71.1 ∧ entry_range_position>81.7,115.33333333333333,-0.09704063,-0.03417959,-1.5746795,-0.056385316,-0.06634326,5,8,0.041629557,96,28,0.008692753664632041,0.13494157425828046,17,0.23481543738999403,-0.320813467783991,-0.12624882059364842,False,True,True,False
2D,entry_btc_ema20_slope≤0.0586 ∧ entry_btc_rsi_1h_prev>54.1,106.66666666666667,0.0012480617,-0.068680905,1.5699426,-0.03696938,0.1670188,6,8,0.047632284,76,35,0.16479528034377028,0.05986212033017718,19,0.21397679230998448,0.03043988982385105,0.1049331600135931,False,False,True,False
2D,entry_adx_delta>0.241 ∧ entry_bear_pct>20,106.33333333333333,0.001844143,-0.06880614,1.5680319,-0.04296593,0.18289259,5,7,0.040285923,113,23,0.3445575048091435,0.02047399372003384,18,-0.03286508162748228,0.5906875857736515,0.32408351108910965,False,False,True,False
2D,entry_btc_atr_pct>0.146 ∧ entry_ema50_slope≤0.226,117.0,-0.10345494,-0.0314148,-1.5666779,-0.1306845,-0.013849191,6,9,0.043337625,78,22,0.17496235172038593,0.07527368127465243,14,-0.0003971746068029969,0.16116384771144313,0.0996886704457335,False,True,False,False
2D,entry_btc_trend_gap_pct≤0.0932 ∧ entry_ema_gap_8_13≤0.132,102.33333333333333,-0.10356724,-0.0346404,-1.5661668,-0.04864999,-0.08479233,6,8,0.051249627,91,19,-0.0583884850350876,0.13673773204986278,18,0.24722212508530167,-0.6060100913242641,-0.19512621708495037,False,True,True,False
2D,entry_pair_rank>30 ∧ entry_price_vs_ema5_pct≤0.118,96.66666666666667,-0.10299012,-0.03599442,-1.5647086,-0.06023989,-0.075396985,6,7,0.03969734,100,21,0.3304003596671598,0.03308022132216553,17,0.12166498756926827,0.4079508080436184,0.29732013834499427,False,True,False,False
2D,entry_ema5_stretch≤0.118 ∧ entry_pair_rank>30,96.66666666666667,-0.10299012,-0.03599442,-1.5647086,-0.06023989,-0.075396985,6,7,0.03969734,100,21,0.3304003596671598,0.03308022132216553,17,0.12166498756926827,0.4079508080436184,0.29732013834499427,False,True,False,False
1D,entry_pair_volume_ratio ≤T1 0.668,142.33333333333334,-0.094344094,-0.029554797,-1.5628269,-0.112455174,-0.022734478,6,9,0.03202335,126,30,0.1731703223522671,0.06400476487279934,20,0.08493671287807872,0.12285760569327864,0.10916555747946775,False,True,False,False
2D,entry_btc_1h_slope>0.0639 ∧ entry_ema_gap_5_8>0.0879,97.0,0.006422187,-0.06815229,1.5619398,0.05456185,0.09419449,4,8,0.038467042,81,22,0.23731373427695027,0.056736783757835994,15,-0.09589420136678076,0.3621952390067753,0.18057695051911427,False,True,True,False
2D,entry_bear_pct>20 ∧ entry_dist_from_ema13_pct≤0.341,111.33333333333333,-0.0016923549,-0.06867763,1.5596446,0.054491937,0.07830845,6,8,0.04293876,100,30,0.095737828403377,0.09920135303138579,21,0.026286020419226036,-0.025479147565684146,-0.0034635246280087933,False,True,False,False
2D,entry_btc_adx_prev>24.8 ∧ entry_range_position>81.7,87.66666666666667,-0.10629818,-0.0369185,-1.5592602,-0.037417695,-0.09291683,3,7,0.010530967,89,25,0.14869902614274827,0.08030913378315584,15,0.14019561330779406,0.06818769838513439,0.06838989235959243,False,True,False,False
2D,entry_btc_dist_from_ema13_pct≤0.152 ∧ entry_pair_volume_ratio≤0.763,100.66666666666667,-0.10677472,-0.03400169,-1.5585669,-0.18157443,0.024501402,6,8,0.03707915,110,24,0.01913599557717786,0.1244466702544514,18,0.017119502505909878,-0.11755121657004974,-0.10531067467727354,False,False,True,False
2D,entry_adx_delta≤0.241 ∧ entry_btc_adx>24.9,95.0,-0.10798859,-0.03489826,-1.5576416,-0.12207076,-0.034395467,5,8,0.030072771,93,24,0.05605550179677323,0.11214016818125296,17,0.1801012429861745,-0.08913570378408411,-0.056084666384479724,False,True,True,False
2D,entry_btc_rsi_1h≤57.2 ∧ entry_bull_pct>71.1,120.33333333333333,-0.096870594,-0.033219315,-1.5568452,-0.050416335,-0.071788505,5,8,0.048825808,81,16,-0.07610177649363084,0.13296315720088575,9,0.2323829471766988,-0.3911747187270125,-0.2090649336945166,False,True,True,False
2D,entry_ema5_stretch>0.118 ∧ entry_gap>0.354,125.0,-0.0047527705,-0.070446156,1.555301,0.056227427,0.07253255,5,8,0.04136414,124,27,0.042767610456758025,0.11977824159188845,19,-0.019716331122621833,-0.07790421300096304,-0.07701063113513043,False,True,False,False
2D,entry_adx_prev≤22.1 ∧ entry_atr_pct>0.455,119.0,-0.10338728,-0.030972183,-1.5519135,-0.048820894,-0.10138574,6,8,0.028510105,118,24,0.13300150034227617,0.08649150199941863,18,0.16877302797264582,0.010328864279281015,0.046509998342857545,False,True,False,False
2D,entry_bull_pct≤71.1 ∧ entry_ema20_slope>0.146,101.66666666666667,0.005091286,-0.06880746,1.5513916,0.00041719154,0.14671202,6,7,0.046716966,110,21,0.3777266618197626,0.01982885671943674,16,-0.1483228154112573,0.7373611917719471,0.35789780510032587,False,True,True,False
2D,entry_btc_rsi_1h_prev≤54.1 ∧ entry_range_position≤81.7,87.66666666666667,-0.1108936,-0.035728935,-1.5497111,0.010273911,-0.14520033,5,8,0.041705377,91,15,-0.09052029891314677,0.13305220538111076,13,-0.42158187677888104,-0.09440340489863204,-0.2235725042942575,False,False,True,False
2D,entry_adx_delta>0.241 ∧ entry_btc_rsi>62.8,113.33333333333333,-0.0037960804,-0.06834393,1.5481915,0.033808976,0.09134894,4,8,0.0071717165,111,29,0.3343786115464417,-0.004142620636925977,20,-0.33566364799628085,0.8303397402417179,0.3385212321833677,False,True,True,False
2D,entry_adx_delta≤0.241 ∧ entry_rsi_prev≤57.8,142.66666666666666,-0.09442617,-0.029437393,-1.5478112,-0.11507986,-0.02248108,5,9,0.034139942,116,27,-0.1377969556832448,0.19043394138580258,19,0.12892180828188926,-0.4769272670126825,-0.3282308970690474,False,True,True,False
2D,entry_neg_di>15.8 ∧ entry_price_vs_ema5_pct>0.118,118.33333333333333,-0.098646685,-0.03295026,-1.547697,-0.08772761,-0.04655645,5,9,0.01310483,111,26,0.07000864181545347,0.1085599923567283,21,0.5496316118616246,-0.14095071737801373,-0.03855135054127483,False,True,True,False
2D,entry_ema5_stretch>0.118 ∧ entry_neg_di>15.8,118.33333333333333,-0.098646685,-0.03295026,-1.547697,-0.08772761,-0.04655645,5,9,0.01310483,111,26,0.07000864181545347,0.1085599923567283,21,0.5496316118616246,-0.14095071737801373,-0.03855135054127483,False,True,True,False
2D,entry_btc_atr_pct>0.146 ∧ entry_range_position>81.7,129.66666666666666,-0.09591092,-0.031636257,-1.5476276,-0.037492327,-0.097476065,5,8,0.008894261,96,24,0.021635499853606133,0.12361350216230862,14,-0.07521145648060773,-0.18900335685448177,-0.10197800230870249,False,True,True,False
2D,entry_btc_atr_pct>0.146 ∧ entry_gap>0.354,110.0,0.0013807145,-0.069463916,1.5452553,0.018030988,0.12748997,5,8,0.010815766,96,18,0.2940200519160745,0.05291106689337729,11,-0.017835471651632268,0.4102747732897101,0.2411089850226972,False,True,True,False
2D,entry_btc_dist_from_ema13_pct≤0.152 ∧ entry_ema20_slope≤0.146,105.66666666666667,-0.102251686,-0.034357414,-1.5444736,-0.084747866,-0.053328857,5,8,0.04444786,105,28,0.0877981138706938,0.10236877887931388,21,0.23737968734905415,-0.17682406288226046,-0.014570665008620073,False,True,True,False
2D,entry_btc_adx>24.9 ∧ entry_range_position>81.7,88.66666666666667,-0.10492903,-0.03707255,-1.543185,-0.072293565,-0.06306777,4,7,0.022556607,88,23,0.04678498636286368,0.11429273240858774,15,0.14019561330779406,-0.1627279581283608,-0.06750774604572407,False,True,True,False
2D,entry_atr_pct>0.455 ∧ entry_rsi_prev>57.8,79.0,0.011423127,-0.06542504,1.5413431,0.12826416,0.026746038,4,7,0.043904856,93,22,0.05353073455442837,0.11137497286453171,15,-0.09394561327824863,-0.021002971718104793,-0.057844238310103345,False,True,False,False
2D,entry_btc_rsi≤62.8 ∧ entry_ema_gap_5_8≤0.0879,107.0,0.0016632496,-0.06889302,1.5400054,0.13150382,0.012296699,5,8,0.033100218,112,30,-0.07028678843909747,0.17466708795978328,23,0.1999913064479015,-0.541594590606595,-0.24495387639888075,False,True,False,False
2D,entry_pair_rank≤30 ∧ entry_quality_score≤4,177.33333333333334,-0.01580656,-0.076380886,1.5383905,0.055032205,0.067568816,8,9,0.048976615,141,43,0.02126609734004583,0.16047135785944905,29,0.04759001285839215,-0.2997029502483781,-0.1392052605194032,False,True,False,False
1D,entry_bear_pct ≤med 20,219.0,-0.080000736,-0.020747801,-1.537341,-0.018291332,-0.09290382,6,9,0.031059898,132,49,0.06417720915060708,0.1335051256126175,25,0.0978629500911603,-0.15702544094090098,-0.0693279164620104,False,True,True,False
1D,entry_bear_pct >med 20,207.33333333333334,-0.020747801,-0.080000736,1.5373402,0.018291332,0.09290382,6,9,0.031059898,143,47,0.1335051256126175,0.06417720915060708,27,-0.0978629500911603,0.15702544094090098,0.0693279164620104,False,True,True,False
2D,entry_btc_adx≤24.9 ∧ entry_range_position≤81.7,90.0,0.011044005,-0.06783697,1.5362602,0.05127052,0.1058773,6,8,0.029991902,102,19,-0.08066735314136561,0.14223511508907422,15,-0.21953531182814034,-0.191790941871318,-0.22290246823043983,False,True,False,False
2D,entry_atr_pct≤0.455 ∧ entry_price_vs_ema5_pct>0.118,74.33333333333333,-0.10646444,-0.03951141,-1.5359797,-0.00461857,-0.11159318,8,9,0.05014226,85,17,0.08320616252718566,0.10132809353431156,12,0.3924876578491381,-0.16350134204368408,-0.018121931007125905,False,True,True,False
2D,entry_gap≤0.354 ∧ entry_pair_ema20_ema50_gap_pct>0.339,68.66666666666667,0.015864877,-0.06405757,1.5358133,0.1504443,0.026428543,4,7,0.03417153,86,17,-0.019607858719530857,0.12345262975195943,13,,0.01687210748883075,-0.14306048847149028,False,True,False,False
2D,entry_btc_rsi≤62.8 ∧ entry_rsi_prev>57.8,100.33333333333333,0.0008730302,-0.06720695,1.5353836,0.20852198,-0.064715564,4,7,0.027197704,105,26,0.02162246350093827,0.12653200144497678,18,0.230181949139046,-0.4547473886833727,-0.10490953794403851,False,False,False,False
2D,entry_bull_pct≤71.1 ∧ entry_rsi>60.1,99.33333333333333,0.0009921029,-0.06703492,1.5347431,0.16315359,-0.050609916,4,7,0.027459156,108,18,0.2538072115813127,0.06219095312447617,14,-0.1779760404217462,0.5820961817670185,0.19161625845683652,False,False,True,False
2D,entry_adx_prev≤22.1 ∧ entry_btc_rsi_prev6≤58.3,120.33333333333333,-0.09989907,-0.032028373,-1.5346341,-0.03717018,-0.09627555,5,9,0.0370809,104,29,0.14374380481899607,0.07837095242420722,20,0.019466244125929927,0.10329464838386368,0.06537285239478885,False,True,False,False
2D,entry_adx_prev>22.1 ∧ entry_btc_rsi_1h_prev>54.1,111.33333333333333,-0.0019546954,-0.06858491,1.531005,0.014899785,0.110372484,4,7,0.035969913,89,30,0.09878279133347821,0.09781727897224887,23,-0.012938309758308453,0.007822622457377216,0.0009655123612293398,False,True,True,False
2D,entry_pair_volume_ratio≤0.763 ∧ entry_range_position≤81.7,89.66666666666667,-0.11448126,-0.034326885,-1.5299177,-0.1618802,-0.007232297,6,8,0.04040235,108,20,-0.08448717351162814,0.14617325818954385,15,-0.6219928888646274,-0.044558266082817724,-0.230660431701172,False,True,True,False
2D,entry_adx_prev≤22.1 ∧ entry_ema5_stretch>0.118,136.33333333333334,-0.09495836,-0.030606488,-1.5293645,-0.075660266,-0.056035355,6,9,0.014174771,131,33,0.03386456554304952,0.13177608713098624,21,0.27134994997341355,-0.24557737961785875,-0.09791152158793671,False,True,True,False
2D,entry_btc_adx≤24.9 ∧ entry_btc_rsi≤62.8,129.66666666666666,-0.005188589,-0.07128905,1.5291793,0.006410841,0.124496385,6,8,0.034039266,115,24,0.03145217619650664,0.12034127671467514,17,0.30323312841766537,-0.42815276829674254,-0.08888910051816849,False,True,False,False
2D,entry_btc_1h_slope≤0.0639 ∧ entry_dist_from_ema13_pct≤0.341,86.33333333333333,-0.108648136,-0.036593873,-1.5289992,-0.004034672,-0.1109135,6,8,0.011885051,77,17,-0.05753807721855929,0.13161482866947186,10,-0.01040138864655557,-0.32017008005425224,-0.18915290588803113,False,True,True,False
2D,entry_btc_atr_pct≤0.146 ∧ entry_range_position>81.7,82.33333333333333,0.002701166,-0.06408218,1.5283393,0.057291612,0.077056944,5,7,0.0215865,83,23,0.1950560282892622,0.06757719865095535,17,0.22113326328249103,0.06919622147882241,0.12747882963830684,False,True,True,False
2D,entry_btc_rsi>62.8 ∧ entry_btc_rsi_prev6>58.3,119.33333333333333,-0.0076807924,-0.06809543,1.5253924,0.038779654,0.08065215,5,7,0.021312008,104,31,0.16983966897866748,0.063913760212832,21,-0.1501124718343208,0.26888018396368507,0.10592590876583548,False,True,True,False
2D,entry_atr_pct>0.455 ∧ entry_ema_gap_8_13>0.132,145.66666666666666,-0.093498245,-0.029224321,-1.5251466,-0.15145408,0.0150374025,5,8,0.03159754,128,29,0.12088235970555265,0.08826620478674241,18,-0.20586107307358112,0.17844707490806938,0.032616154918810245,False,False,False,False
2D,entry_atr_pct>0.455 ∧ entry_pair_rank≤30,108.33333333333333,0.0046093557,-0.07019251,1.5243322,0.046652883,0.10025039,7,8,0.05673947,113,21,-0.07087087852383549,0.14543616801564418,19,-0.10825471123845609,-0.24722709174764285,-0.21630704653947969,False,True,False,False
2D,entry_btc_ema20_slope>0.0586 ∧ entry_ema_gap_5_8>0.0879,110.0,-0.100498594,-0.034036964,-1.5236471,-0.030664595,-0.11436264,6,9,0.028523982,92,19,0.003970343234523288,0.12135048871060813,13,-0.48945360439971,0.1336309059632314,-0.11738014547608484,False,True,True,False
2D,entry_dist_from_ema13_pct≤0.341 ∧ entry_ema50_slope>0.226,98.0,0.00044421921,-0.066595145,1.523096,0.07840886,0.06316322,4,7,0.027946584,99,22,0.10195594953481778,0.09697828732982132,15,-0.1642932988620538,0.12763903033623203,0.004977662204996458,False,True,True,False
2D,entry_pair_ema20_ema50_gap_pct>0.339 ∧ entry_pair_rank≤30,104.0,0.0023627495,-0.06846204,1.5221139,0.010898292,0.11893912,4,7,0.005650267,106,22,0.007087375791723597,0.12518245790209256,17,-0.05295566126755158,-0.11721135360581421,-0.11809508211036897,False,True,False,False
2D,entry_btc_dist_from_ema13_pct≤0.152 ∧ entry_ema50_slope≤0.226,94.0,-0.10508617,-0.03593913,-1.5211239,-0.11511049,-0.03239762,4,9,0.034928247,90,26,0.05318632374413344,0.11480828192607573,19,0.21404519151955428,-0.2702815190979466,-0.061621958181942285,False,True,True,False
2D,entry_atr_pct>0.455 ∧ entry_rsi_prev≤57.8,134.0,-0.09751248,-0.029949373,-1.5184896,-0.137238,-0.00483606,5,8,0.022853505,126,27,0.10627935874504278,0.09492581834864659,22,-0.007493056457263725,0.05347083031976281,0.011353540396396189,False,True,False,False
2D,entry_pair_ema20_ema50_gap_pct≤0.339 ∧ entry_rsi>60.1,104.0,-0.09806607,-0.036058947,-1.5184674,-0.0005935021,-0.11473505,5,8,0.017179336,99,19,0.23202520953348765,0.0650772100134611,13,0.07482157799019712,0.14450460824970943,0.16694799952002654,False,True,False,False
2D,entry_btc_rsi_1h>57.2 ∧ entry_global_volume_ratio>0.823,112.33333333333333,-0.002336389,-0.06866057,1.5174088,0.11300947,0.029316276,5,8,0.033273846,79,40,0.07729378514612159,0.11299415618442692,20,-0.18885081422517255,0.03316109274094316,-0.035700371038305326,False,True,False,False
2D,entry_ema_gap_5_8≤0.0879 ∧ entry_pair_volume_ratio≤0.763,105.66666666666667,0.0009179484,-0.06835406,1.5167418,0.049606238,0.08649797,5,8,0.023056485,117,30,-0.02286884748813505,0.15311347843661852,21,0.015235834127792891,-0.2523278847044135,-0.17598232592475357,False,True,False,False
2D,entry_adx_delta≤0.241 ∧ entry_pos_di>26.2,72.33333333333333,0.010838412,-0.06385833,1.5162952,0.0360265,0.10309106,6,9,0.037514303,82,17,-0.07334727475495437,0.13501680788616446,14,0.160767342883366,-0.2347232943237147,-0.20836408264111883,False,True,False,False
2D,entry_ema_gap_8_13>0.132 ∧ entry_neg_di>15.8,95.66666666666667,-0.10477733,-0.035679962,-1.5161531,-0.16768438,0.0076505467,6,8,0.039410867,95,17,0.1010185148350939,0.09749505569590092,14,0.1781370667771456,0.0045302122063541755,0.003523459139192983,False,False,False,False
2D,entry_adx_delta≤0.241 ∧ entry_gap≤0.354,116.33333333333333,-0.09964952,-0.03299778,-1.5150805,0.076472364,-0.18480283,5,9,0.02372988,110,25,-0.09090784653413099,0.16467775092290204,19,-0.1302788919495496,-0.2665625140658303,-0.255585597457033,False,False,True,False
2D,entry_btc_atr_pct≤0.146 ∧ entry_btc_rsi_1h_prev≤54.1,93.0,-0.1010531,-0.037271805,-1.5144731,-0.023434076,-0.080298685,5,7,0.037344385,79,19,0.13936985788568998,0.08794021886161894,12,-0.2312135861513669,0.24508026859082208,0.051429639024071036,False,True,False,False
2D,entry_btc_1h_slope≤0.0639 ∧ entry_btc_rsi_prev6≤58.3,120.0,-0.09846934,-0.0326623,-1.5141357,-0.0007282272,-0.12718388,5,8,0.028780084,88,16,0.06046513783540443,0.10564977433507874,11,0.0881367681303421,-0.2242071981460099,-0.045184636499674316,False,True,True,False
2D,entry_btc_dist_from_ema13_pct>0.152 ∧ entry_gap>0.354,104.66666666666667,-0.00053321786,-0.067666516,1.511812,0.08714858,0.04701831,5,8,0.03129682,104,19,0.1577997450333771,0.08339258437063124,14,-0.12436885309288281,0.19871811865426578,0.07440716066274586,False,True,True,False
2D,entry_btc_rsi_prev≤62 ∧ entry_rsi_prev>57.8,92.33333333333333,0.0025805077,-0.066048324,1.511382,0.08457089,0.05506217,7,7,0.056781434,97,20,0.0808023634242514,0.10267601162747027,15,0.1783841646773258,-0.25914752904109833,-0.021873648203218868,False,True,False,False
2D,entry_btc_adx≤24.9 ∧ entry_price_vs_ema5_pct≤0.118,79.33333333333333,0.013124254,-0.06588779,1.508361,0.14560245,0.0057185106,6,8,0.036054466,88,16,-0.05279508089831461,0.12830181808182256,13,-0.49749199607650085,0.062213182576328636,-0.18109689898013717,False,True,False,False
2D,entry_atr_pct>0.455 ∧ entry_ema_gap_8_13≤0.132,67.33333333333333,0.021613862,-0.06483901,1.5079263,0.18914053,-0.0029379986,5,7,0.066343166,87,20,0.02708152074262756,0.1168130754910555,15,0.3117809840205024,-0.1404096236403958,-0.08973155474842795,False,False,False,False
2D,entry_neg_di≤15.8 ∧ entry_pair_rank>30,100.33333333333333,-0.1010939,-0.03582449,-1.5071886,-0.057072952,-0.08202259,5,7,0.048959,105,26,0.21922574980264212,0.05313649510434393,21,-0.1583360588903106,0.38407506608883657,0.1660892546982982,False,True,False,False
2D,entry_btc_adx_prev≤24.8 ∧ entry_rsi>60.1,113.33333333333333,-0.0061080903,-0.067506775,1.5070913,0.15385064,-0.044591308,5,8,-0.016339231,102,18,0.0035784795239313816,0.11993604513771802,14,-0.19069346915524543,-0.18056573832003442,-0.11635756561378664,False,False,False,False
2D,entry_btc_rsi_1h_prev≤54.1 ∧ entry_dist_from_ema13_pct≤0.341,86.0,-0.10722413,-0.037024286,-1.5066977,0.0055089705,-0.115972206,6,8,0.02914938,74,16,-0.09218259199170216,0.13617932030050006,9,-0.06288085363407356,-0.32017008005425224,-0.2283619122922022,False,False,True,False
2D,entry_btc_ema20_slope>0.0586 ∧ entry_price_vs_ema5_pct>0.118,105.33333333333333,-0.10172467,-0.034600846,-1.5064368,-0.004252773,-0.14392823,7,8,0.051338382,87,21,0.0087173545792714,0.12315146274677422,15,0.074048701181715,-0.12338103660837138,-0.11443410816750281,False,True,True,False
2D,entry_ema_gap_5_8>0.0879 ∧ entry_pair_rank>30,105.0,-0.0997736,-0.035308015,-1.5041335,-0.02989814,-0.10451913,4,8,0.020794574,109,16,0.31948909392999975,0.05384498311615967,11,-0.0006429133084834004,0.4377306123183971,0.2656441108138401,False,True,False,False
2D,entry_btc_adx≤24.9 ∧ entry_btc_rsi_prev>62,91.66666666666667,0.005995834,-0.066847086,1.5012739,0.1447312,-0.013290592,6,9,0.04103922,83,17,-0.012317817628112408,0.1218838867322871,11,-0.5483673287922481,0.169758677439021,-0.13420170436039952,False,False,False,False
2D,entry_adx_prev>22.1 ∧ entry_dist_from_ema13_pct≤0.341,133.0,-0.009453525,-0.07010643,1.4995178,0.07204926,0.055541437,4,8,0.016924402,113,28,0.16996299318798777,0.06853618151336931,18,0.09589116667684008,0.16195851467370825,0.10142681167461846,False,True,True,False
2D,entry_adx_prev≤22.1 ∧ entry_pair_ema20_ema50_gap_pct≤0.339,116.66666666666667,-0.099859074,-0.03284708,-1.4970874,-0.10612161,-0.031331886,6,9,0.04054231,114,31,0.13401116774830346,0.08100119926115942,21,0.18997835608112898,-0.10754947454130556,0.05300996848714404,False,True,False,False
2D,entry_btc_dist_from_ema13_pct>0.152 ∧ entry_price_vs_ema5_pct≤0.118,90.33333333333333,0.0055429116,-0.06643625,1.4939739,0.11444256,0.029226888,4,9,0.027716165,94,21,0.09474602299143081,0.09906343559136965,16,-0.41493249884290184,0.29107519825669703,-0.004317412599938841,False,True,False,False
2D,entry_btc_dist_from_ema13_pct>0.152 ∧ entry_ema5_stretch≤0.118,90.33333333333333,0.0055429116,-0.06643625,1.4939739,0.11444256,0.029226888,4,9,0.027716165,94,21,0.09474602299143081,0.09906343559136965,16,-0.41493249884290184,0.29107519825669703,-0.004317412599938841,False,True,False,False
2D,entry_btc_adx>24.9 ∧ entry_ema_gap_5_8>0.0879,101.33333333333333,-0.10022114,-0.035895776,-1.4922552,0.0063455105,-0.11567004,5,7,0.03787201,100,17,-0.07549183086126536,0.13547829464321873,12,-0.15326248197410192,-0.2996805990574805,-0.21097012550448407,False,False,True,False
2D,entry_range_position≤81.7 ∧ entry_rsi_prev>57.8,100.66666666666667,-0.0030345845,-0.06606875,1.491269,0.096773684,0.038233705,5,7,0.0040825717,100,20,0.21704028713446824,0.06682392644057111,14,-0.206194020491133,0.41250364443928145,0.15021636069389713,False,True,True,False
1D,entry_ema50_slope ≤0,61.0,-0.127243,-0.038485534,-1.4912329,-0.113103,-0.0663894,3,8,0.025634382,69,19,-0.12535481760679557,0.15326189203508941,15,0.12278739381699696,-0.5758272601045499,-0.278616709641885,False,True,True,False
1D,entry_ema50_slope >0,365.3333333333333,-0.038485534,-0.127243,1.4912319,0.113103,0.0663894,3,8,0.025634382,176,77,0.15326189203508941,-0.12535481760679557,38,-0.12278739381699696,0.5758272601045499,0.278616709641885,False,True,True,False
2D,entry_ema5_stretch≤0.118 ∧ entry_global_volume_ratio>0.823,111.33333333333333,-0.0056865485,-0.067265935,1.4903449,0.18980569,-0.018358104,4,8,-0.002758164,104,27,0.18140452054988548,0.06552901590327333,18,-0.1472120353458179,0.2668161523398299,0.11587550464661216,False,False,True,False
2D,entry_btc_ema20_slope>0.0586 ∧ entry_gap≤0.354,110.33333333333333,-0.10040104,-0.03400092,-1.4895912,0.038483575,-0.16128148,5,9,0.033553753,96,23,0.09817657519062101,0.09810086195600663,17,0.014232709153901596,-0.006801413862844073,7.571323461437462e-05,False,False,False,False
2D,entry_adx_prev>22.1 ∧ entry_btc_rsi_prev≤62,100.66666666666667,-0.0009007817,-0.06672833,1.4895551,0.03538552,0.091729864,5,8,0.04097361,101,17,-0.10876554608307855,0.14263846120993803,13,-0.1807147092414937,-0.24489194678968101,-0.2514040072930166,False,True,False,False
2D,entry_adx≤22 ∧ entry_range_position>81.7,128.33333333333334,-0.09351154,-0.032957133,-1.488167,-0.082275495,-0.041942175,5,9,0.013032682,121,33,0.15149083337236668,0.07016232779182013,21,0.2684903518271359,-0.06500669490753375,0.08132850558054655,False,True,False,False
2D,entry_btc_dist_from_ema13_pct>0.152 ∧ entry_btc_trend_gap_pct≤0.0932,107.0,-0.10003914,-0.034815293,-1.4879055,-0.02992839,-0.09458418,7,8,0.028355237,89,19,0.08169466958727303,0.10217175883135819,13,0.03370615923247336,-0.20063074671022146,-0.02047708924408516,False,True,True,False
2D,entry_ema_gap_8_13≤0.132 ∧ entry_pair_rank>30,95.0,-0.1003061,-0.037100986,-1.4875838,-0.045300752,-0.08503469,6,8,0.02234102,108,26,0.09408908547135238,0.09961582757025156,20,0.11883029703448683,-0.051669072138369784,-0.005526742098899182,False,True,True,False
2D,entry_gap≤0.354 ∧ entry_range_position>81.7,110.0,-0.09754932,-0.035062525,-1.4865681,-0.1114912,-0.020058446,6,9,0.03872411,100,23,-0.04943893850359157,0.14460985942130652,18,-0.09045755023153018,-0.2910303012983087,-0.1940487979248981,False,True,True,False
2D,entry_btc_1h_slope>0.0639 ∧ entry_btc_rsi_prev6≤58.3,96.33333333333333,0.00529575,-0.06767281,1.4846337,0.034106642,0.10958185,6,8,0.05894538,79,30,0.12606172655708325,0.08541776296151928,19,-0.03891678478224511,0.1453058058818465,0.04064396359556398,False,True,True,False
2D,entry_btc_rsi≤62.8 ∧ entry_btc_rsi_prev6>58.3,90.66666666666667,-0.10587281,-0.036413323,-1.4845263,-0.07585341,-0.064701885,4,8,0.021483876,94,19,-0.03131050464446785,0.13005615247295663,15,0.1416619055272452,-0.45623552386223276,-0.16136665711742448,False,True,True,False
2D,entry_adx_prev>22.1 ∧ entry_pair_ema20_ema50_gap_pct>0.339,116.33333333333333,-0.005470194,-0.068340346,1.4820645,-0.028254509,0.14088194,3,7,0.0027910247,109,25,0.04702446055025293,0.11611003716079503,17,-0.13446630206224236,0.013144096461505382,-0.0690855766105421,False,False,False,False
2D,entry_pair_ema20_ema50_gap_pct≤0.339 ∧ entry_price_vs_ema5_pct>0.118,108.33333333333333,-0.100745425,-0.034301206,-1.477458,-0.053653546,-0.08175744,6,9,0.018286448,105,26,0.1537257247119607,0.0774650758523113,17,0.02412667304817548,0.11528786605920706,0.0762606488596494,False,True,False,False
2D,entry_adx≤22 ∧ entry_ema_gap_8_13>0.132,114.66666666666667,-0.10063278,-0.03299245,-1.4774547,-0.060751975,-0.07783903,5,8,0.031044934,114,22,0.22055926119645083,0.06171784332230879,17,0.0018445360684530565,0.2590931293341785,0.15884141787414205,False,True,False,False
2D,entry_btc_dist_from_ema13_pct>0.152 ∧ entry_btc_rsi_1h>57.2,95.0,0.0035524075,-0.066879325,1.4766252,0.0804878,0.057901002,5,8,0.01920801,70,33,0.11108658674816141,0.09132645697592767,19,-0.27985282899772523,0.2306581606495977,0.019760129772233737,False,True,True,False
2D,entry_btc_adx_prev>24.8 ∧ entry_gap≤0.354,122.0,-0.09556936,-0.03339237,-1.4739442,-0.07750944,-0.04847007,5,8,0.023477286,99,29,0.28141020919521326,0.018784001276292345,17,0.3410700979456127,0.2708222146230907,0.2626262079189209,False,True,False,False
2D,entry_btc_rsi>62.8 ∧ entry_rsi>60.1,110.0,-0.09481629,-0.036012895,-1.4738346,0.056161553,-0.15838918,6,9,0.019366033,113,21,0.1969606038836784,0.07044335294154033,16,-0.32110876597866583,0.4786361282677024,0.12651725094213806,False,False,False,False
2D,entry_btc_rsi_prev>62 ∧ entry_gap≤0.354,108.33333333333333,-0.09770127,-0.035338264,-1.4725548,-0.0077536367,-0.0997623,4,9,0.010265604,105,28,0.18165276151013313,0.06372274749836826,19,0.017135976112083978,0.18509831818294858,0.11793001401176487,False,True,False,False
2D,entry_atr_pct>0.455 ∧ entry_btc_rsi_1h≤57.2,111.0,-0.10051512,-0.033820383,-1.4720929,-0.089213386,-0.047113545,5,8,0.03460744,99,15,0.04911615211996165,0.10719360333794253,10,-0.19041819859378278,0.0497465166035104,-0.058077451217980886,False,True,True,False
2D,entry_ema20_slope>0.146 ∧ entry_global_volume_ratio>0.823,114.66666666666667,-0.0072588255,-0.067346066,1.4708902,0.07776815,0.04715565,5,7,0.03410004,104,23,-0.010522115722838121,0.13234839470956228,17,-0.19802730547523556,-0.24791322948663652,-0.1428705104324004,False,True,False,False
1D,entry_btc_trend_gap_pct ≤T1 0.0468,142.33333333333334,-0.09103699,-0.03121223,-1.4688098,-0.10586594,-0.020674981,5,8,0.017551046,106,27,0.04232460960421019,0.11995158975158111,18,0.2374065756670048,-0.3381584709489328,-0.07762698014737093,False,True,True,False
2D,entry_adx_delta≤0.241 ∧ entry_btc_rsi>62.8,99.66666666666667,-0.10177825,-0.0357489,-1.4684106,-0.03923708,-0.08312066,6,9,0.031384725,103,23,0.00980323899052957,0.12594451582726834,18,0.10732508537812233,-0.12437323006704736,-0.11614127683673878,False,True,True,False
2D,entry_btc_adx_prev≤24.8 ∧ entry_btc_rsi>62.8,89.33333333333333,0.0031245146,-0.06558158,1.4680908,0.11838575,0.016506951,6,9,0.043881014,89,18,-0.05004715257758853,0.13231119100729952,11,-0.5483673287922481,0.07167018536474569,-0.18235834358488806,False,True,False,False
2D,entry_btc_rsi_1h_prev≤54.1 ∧ entry_ema5_stretch>0.118,126.0,-0.093320526,-0.033507723,-1.468018,-0.09012741,-0.034054294,6,8,0.03788455,111,20,0.10971300384600695,0.09506794835858727,12,0.1701679651142064,-0.01720258584465717,0.014645055487419678,False,True,False,False
2D,entry_pos_di>26.2 ∧ entry_price_vs_ema5_pct>0.118,85.0,-0.106866196,-0.037319075,-1.4667346,-0.1502575,0.0029567592,5,9,0.018050812,100,21,-0.09038438611051969,0.15089995013991578,15,-0.2632367089257749,-0.1766001622097816,-0.24128433625043547,False,False,True,False
2D,entry_ema20_slope>0.146 ∧ entry_range_position≤81.7,109.66666666666667,-0.001929602,-0.06824293,1.4640146,-0.011253525,0.13029443,3,7,0.012834124,113,23,-0.014384115918529356,0.13356518929176636,18,-0.37858265851489054,-0.0006051629715545228,-0.14794930521029573,False,False,False,False
2D,entry_global_volume_ratio≤0.823 ∧ entry_rsi≤60.1,108.33333333333333,-0.1056143,-0.03264252,-1.4626325,-0.28937456,0.14119549,6,9,0.018089812,118,26,0.12379200354751174,0.08858331514196376,18,0.21557467593970342,-0.01302637539797141,0.035208688405547986,False,False,False,False
2D,entry_dist_from_ema13_pct>0.341 ∧ entry_quality_score≤4,162.0,-0.08755939,-0.028892502,-1.4623594,-0.104648255,-0.018793799,5,8,0.013638716,136,34,0.19556898082631471,0.04467869038835597,24,-0.0020721500685748906,0.2565948013262152,0.15089029043795874,False,True,False,False
2D,entry_atr_pct≤0.455 ∧ entry_pair_rank>30,98.33333333333333,-0.09734784,-0.03734553,-1.4619287,-0.013863876,-0.11415438,7,9,0.03494161,97,19,0.09831540222544916,0.09807053908947062,15,0.09138246158502558,-0.04172728437217312,0.00024486313597853193,False,True,False,False
2D,entry_btc_rsi_prev≤62 ∧ entry_dist_from_ema13_pct≤0.341,97.33333333333333,0.000977775,-0.06661715,1.4616195,0.08225736,0.05252572,4,8,0.034435365,98,24,-0.0688048780547786,0.1537602947984369,21,0.12755183832933076,-0.428580470893913,-0.22256517285321548,False,True,False,False
2D,entry_adx≤22 ∧ entry_btc_rsi>62.8,107.0,-0.10023054,-0.03475116,-1.4614853,0.00346433,-0.12461118,6,9,0.03857595,106,26,0.1345692401800157,0.08458034153560519,17,-0.13144007841873376,0.17123479800642,0.049988898644410515,False,False,False,False
2D,entry_btc_rsi_1h>57.2 ∧ entry_btc_rsi_prev>62,122.0,-0.0058574257,-0.06935575,1.4598817,0.092763096,0.036279205,4,8,0.013415407,86,37,0.18434649692125366,0.04404413162858279,21,-0.1776727241857798,0.33752531942203534,0.14030236529267087,False,True,True,False
2D,entry_atr_pct≤0.455 ∧ entry_ema5_stretch>0.118,74.0,-0.103767045,-0.04014128,-1.4577215,0.0038857237,-0.11159318,8,9,0.046148505,85,17,0.08320616252718566,0.10132809353431156,12,0.3924876578491381,-0.16350134204368408,-0.018121931007125905,False,False,True,False
2D,entry_btc_adx>24.9 ∧ entry_pair_ema20_ema50_gap_pct≤0.339,113.33333333333333,-0.09796296,-0.034247287,-1.4566494,0.027165873,-0.13766026,4,8,-0.016137522,94,28,0.05106842220849766,0.11749276956374759,18,0.058121228019137466,-0.14581736166049444,-0.06642434735524994,False,False,True,False
2D,entry_gap≤0.354 ∧ entry_pair_volume_ratio≤0.763,106.66666666666667,-0.10205933,-0.03420921,-1.4564614,-0.07572609,-0.06176045,4,9,0.026808683,108,22,0.020996605834137202,0.12104728140299664,14,0.057134539168113535,-0.1782377015302562,-0.10005067556885944,False,True,True,False
2D,entry_btc_adx_prev≤24.8 ∧ entry_ema_gap_8_13≤0.132,96.0,-0.00070873235,-0.065854184,1.4561924,0.15910009,-0.03631186,5,9,0.027027499,100,24,-0.22997006297129538,0.2074820231039425,18,-0.09979747451626927,-0.6830940745507942,-0.4374520860752379,False,False,False,False
2D,entry_btc_adx_prev>24.8 ∧ entry_btc_rsi_prev6>58.3,123.0,-0.09280032,-0.03431022,-1.455602,-0.08947072,-0.03451316,5,7,0.039245505,100,35,0.1587076029010335,0.06335505001043602,22,0.04312992506006827,0.1272989398486987,0.09535255289059748,False,True,False,False
2D,entry_btc_adx≤24.9 ∧ entry_btc_ema20_slope>0.0586,107.33333333333333,-0.00025593865,-0.06832101,1.4554601,0.13723636,-0.021101814,4,8,0.007929094,76,22,0.008894097489531223,0.12464532442436597,13,-0.32889880256210996,0.008451667993858571,-0.11575122693483475,False,False,False,False
2D,entry_dist_from_ema13_pct>0.341 ∧ entry_pair_ema20_ema50_gap_pct≤0.339,100.33333333333333,-0.103194155,-0.03517809,-1.455326,-0.098729536,-0.04030888,5,8,0.024604436,99,23,0.18270832899442005,0.071467569661659,16,-0.029534431356418506,0.18240748169473123,0.11124075933276105,False,True,False,False
2D,entry_pair_volume_ratio≤0.763 ∧ entry_price_vs_ema5_pct≤0.118,97.33333333333333,-0.1034598,-0.03571971,-1.4542668,-0.12570587,-0.015256435,7,9,0.037374895,106,21,0.06837731721959919,0.10644667320748248,17,-0.07867915782978607,-0.025623983317556838,-0.03806935598788329,False,True,True,False
2D,entry_btc_atr_pct≤0.146 ∧ entry_pos_di>26.2,134.33333333333334,-0.011947667,-0.069235966,1.4524744,0.04642886,0.07457573,6,8,0.023955809,97,39,0.01717329757483303,0.15350290432902247,22,-0.15624746992623229,-0.1502671396707346,-0.13632960675418945,False,True,False,False
2D,entry_btc_rsi≤62.8 ∧ entry_rsi_prev≤57.8,113.0,-0.100312784,-0.03346764,-1.4523602,-0.19227195,0.05085098,5,9,0.019336574,111,18,-0.059178562804478564,0.13441843952119725,13,0.10554798525609471,-0.3260746094707625,-0.1935970023256758,False,False,True,False
2D,entry_adx_delta>0.241 ∧ entry_rsi>60.1,137.66666666666666,-0.013033473,-0.06937967,1.4511702,0.12822619,-0.012475997,3,7,-0.014307894,128,29,0.19874575835705766,0.054564136713702964,22,-0.04029004060517652,0.2322006271499128,0.14418162164335468,False,False,True,False
2D,entry_btc_ema20_slope≤0.0586 ∧ entry_ema20_slope>0.146,107.33333333333333,-0.003869489,-0.06710516,1.4488147,-0.012677364,0.12480424,6,8,0.033326834,113,22,0.24304923074748244,0.05503163615848859,19,0.15818291876019847,0.15928361189661006,0.18801759458899386,False,False,True,False
2D,entry_atr_pct≤0.455 ∧ entry_price_vs_ema5_pct≤0.118,139.0,-0.012545122,-0.06987738,1.4484959,0.050097086,0.06432903,5,9,0.04142441,119,30,0.1319233514299012,0.0827533880193293,21,-0.11436883131529049,0.10501878824064442,0.04916996341057189,False,True,True,False
2D,entry_range_position>81.7 ∧ entry_rsi_prev≤57.8,99.66666666666667,-0.10001331,-0.036287386,-1.4483399,-0.15765868,0.021675952,4,8,0.014537428,106,18,0.24497403426839026,0.0642293786582275,14,0.1423699895238724,0.2086001552262962,0.18074465561016276,False,False,False,False
2D,entry_btc_ema20_slope>0.0586 ∧ entry_ema5_stretch>0.118,105.0,-0.099808626,-0.03529657,-1.4458926,0.0011110976,-0.14392823,7,8,0.048261516,87,21,0.0087173545792714,0.12315146274677422,15,0.074048701181715,-0.12338103660837138,-0.11443410816750281,False,False,True,False
2D,entry_btc_rsi_1h≤57.2 ∧ entry_rsi≤60.1,98.66666666666667,-0.105118185,-0.03494469,-1.443888,-0.10771932,-0.038481794,5,8,0.038859386,94,13,-0.21679214002175315,0.14744243340307903,10,0.2765913666696838,-0.6336060778577969,-0.3642345734248322,False,True,True,False
2D,entry_adx_prev>22.1 ∧ entry_ema50_slope≤0.226,97.0,-0.002156864,-0.065625474,1.443041,0.14711884,0.0053976327,5,8,0.016195131,93,20,0.06820534408438302,0.10599101671690932,18,-0.11729372926717865,-0.004968970034611343,-0.0377856726325263,False,True,False,False
2D,entry_adx>22 ∧ entry_btc_rsi_prev6≤58.3,94.33333333333333,0.0033037069,-0.06666723,1.4401519,0.036310498,0.104025066,5,7,0.053136066,101,17,0.04057945015344989,0.1105009303742294,14,-0.16273245327554692,0.0015065573888098493,-0.06992148022077951,False,True,False,False
2D,entry_atr_pct>0.455 ∧ entry_btc_rsi>62.8,101.66666666666667,-0.102033354,-0.035262253,-1.439934,-0.03571396,-0.09593627,5,8,0.042031195,102,26,0.0927210518959151,0.10012395432684253,17,-0.2931505133050874,0.18072233881417746,-0.007402902430927422,False,True,True,False
2D,entry_btc_adx>24.9 ∧ entry_btc_rsi_prev6>58.3,126.66666666666667,-0.09138061,-0.03419464,-1.437192,-0.09027162,-0.031349406,5,7,0.043095183,101,35,0.1587076029010335,0.06335505001043602,22,0.04312992506006827,0.1272989398486987,0.09535255289059748,False,True,False,False
2D,entry_ema_gap_5_8>0.0879 ∧ entry_global_volume_ratio≤0.823,102.33333333333333,-0.10329129,-0.03472756,-1.4366362,-0.17039195,0.033275507,5,8,0.022298198,111,22,0.28430657446596824,0.04276593937731717,15,0.05180277720930715,0.3852417918870126,0.24154063508865106,False,False,False,False
2D,entry_btc_rsi_1h_prev>54.1 ∧ entry_quality_score≤4,171.0,-0.017218258,-0.07393297,1.4362899,0.015638836,0.09245262,5,7,0.034853496,107,53,0.13480416206707937,0.052902408432966605,26,0.07271407727183396,0.05625566526773379,0.08190175363411277,False,True,True,False
2D,entry_adx≤22 ∧ entry_ema_gap_5_8>0.0879,120.0,-0.09646967,-0.03344563,-1.4361331,-0.0436494,-0.0876869,6,9,0.036253866,122,21,0.21640953723490353,0.0649976516031973,16,-0.012921439946163626,0.2615749797052319,0.1514118856317062,False,True,False,False
2D,entry_adx_prev>22.1 ∧ entry_atr_pct>0.455,94.0,0.0014770495,-0.066080384,1.4358296,0.0023685507,0.1219517,4,8,0.030118544,105,25,0.03420731352395801,0.12062311709963128,20,-0.24907341622820123,0.027708586988392608,-0.08641580357567327,False,True,False,False
2D,entry_btc_adx_prev≤24.8 ∧ entry_ema5_stretch≤0.118,80.66666666666667,0.008497286,-0.065112785,1.4351981,0.13447115,0.0025841147,6,8,0.0305858,88,14,-0.27271058198644244,0.16143136951198736,11,-0.5714172112762549,-0.40036674917987003,-0.4341419514984298,False,True,False,False
2D,entry_adx>22 ∧ entry_ema50_slope≤0.226,96.0,-0.0019186387,-0.06550257,1.4346515,0.1146442,0.025750216,6,8,0.012501648,92,21,0.0962929147064987,0.09863030591115059,17,-0.04856779997402405,-0.008129035352708135,-0.002337391204651887,False,True,False,False
2D,entry_adx_delta≤0.241 ∧ entry_ema50_slope≤0.226,104.33333333333333,-0.10031443,-0.035266254,-1.4338124,0.019663421,-0.14236827,6,9,0.036490638,93,24,-0.10370660707328178,0.16539420447127123,18,-0.035852289295161516,-0.3684511965558332,-0.269100811544553,False,False,True,False
2D,entry_btc_ema20_slope>0.0586 ∧ entry_btc_rsi_1h>57.2,112.66666666666667,-0.0034482747,-0.06833167,1.4328649,0.14012504,-0.014439624,4,8,-0.0026419908,76,33,0.1330411190462211,0.07982646386742022,19,-0.23999162043028943,0.23925539945227464,0.053214655178800876,False,False,True,False
2D,entry_btc_rsi_1h>57.2 ∧ entry_neg_di≤15.8,109.66666666666667,-0.0031116987,-0.06783354,1.4322796,0.1100592,0.01392721,5,8,0.009966599,92,31,0.176157903632125,0.06090044830118301,21,-0.19282481578671695,0.2749221223111986,0.11525745533094198,False,True,True,False
2D,entry_bear_pct≤20 ∧ entry_ema50_slope≤0.226,114.33333333333333,-0.09619881,-0.034689557,-1.4321003,-0.06564379,-0.05724713,7,9,0.027805977,85,23,0.23653151089645102,0.054509580843210906,15,0.17457413013322715,0.16746270508330618,0.18202193005324013,False,True,False,False
2D,entry_atr_pct>0.455 ∧ entry_ema_gap_5_8>0.0879,128.66666666666666,-0.09375672,-0.032783337,-1.4316119,-0.112578735,-0.013785165,6,8,0.023105565,126,26,0.1225394182003625,0.08904856112804779,16,-0.18462024295862495,0.17205305858629932,0.03349085707231471,False,True,False,False
2D,entry_atr_pct>0.455 ∧ entry_ema20_slope≤0.146,67.66666666666667,-0.12508203,-0.037243463,-1.4303948,-0.040987648,-0.13680527,5,8,0.04739688,85,13,0.21855457628337924,0.07925559831914264,11,,0.09969337732139613,0.1392989779642366,False,True,False,False
2D,entry_btc_1h_slope>0.0639 ∧ entry_quality_score≤4,168.33333333333334,-0.017030753,-0.07346911,1.4278697,0.029594675,0.078999445,5,7,0.035480052,105,52,0.18274940869546044,-0.001898752272526689,26,0.13211394616817038,0.22897973854915565,0.18464816096798714,False,True,True,False
2D,entry_btc_dist_from_ema13_pct≤0.152 ∧ entry_btc_trend_gap_pct≤0.0932,106.33333333333333,-0.09792528,-0.035653595,-1.425626,-0.077845015,-0.04847093,6,8,0.046858247,93,22,0.078211230854643,0.10403752801852195,15,0.14199076317871187,-0.11018301510823138,-0.02582629716387895,False,True,True,False
2D,entry_bear_pct>20 ∧ entry_range_position≤81.7,109.0,-0.0014605478,-0.06826473,1.424382,0.043236703,0.08735857,5,9,0.042948972,106,27,0.12311483143817219,0.08833802468611766,20,0.004045071801137223,0.0492553741097093,0.03477680675205452,False,True,True,False
2D,entry_ema_gap_8_13≤0.132 ∧ entry_rsi_prev≤57.8,119.33333333333333,-0.095377125,-0.03400717,-1.4212846,-0.015464462,-0.10066952,6,9,0.046145678,116,31,0.01702082151579802,0.13679659515666204,20,0.29204947028355477,-0.21021196899006755,-0.11977577364086402,False,True,True,False
2D,entry_ema5_stretch>0.118 ∧ entry_pair_ema20_ema50_gap_pct≤0.339,108.0,-0.09887957,-0.035003807,-1.4184191,-0.04828187,-0.08175744,6,9,0.015289884,105,26,0.1537257247119607,0.0774650758523113,17,0.02412667304817548,0.11528786605920706,0.0762606488596494,False,True,False,False
2D,entry_neg_di>15.8 ∧ entry_rsi_prev>57.8,82.33333333333333,0.0009227996,-0.06365653,1.4175848,0.13992786,0.006727271,4,7,0.019898757,91,22,0.14142799030666653,0.08524335628954195,17,-0.12682070461995867,0.19183853001884546,0.05618463401712458,False,True,True,False
2D,entry_bear_pct>20 ∧ entry_btc_rsi_prev6>58.3,101.66666666666667,-0.0032860271,-0.06618417,1.4171832,-0.025995158,0.15500185,4,7,0.012788579,99,26,0.08306572323305747,0.1037102192587611,19,0.11400577149588073,-0.16234845973836795,-0.020644496025703632,False,False,False,False
2D,entry_bull_pct>71.1 ∧ entry_pos_di≤26.2,110.33333333333333,-0.097529106,-0.03500367,-1.4146447,0.0018382147,-0.11292432,6,9,0.033100307,101,27,0.09838324208589778,0.09801560312831202,16,0.28521117640394755,-0.19804626816250087,0.00036763895758576415,False,False,False,False
2D,entry_gap>0.354 ∧ entry_price_vs_ema5_pct>0.118,125.0,-0.009044427,-0.06866588,1.4122468,0.051070485,0.06541739,5,8,0.034101345,124,27,0.042767610456758025,0.11977824159188845,19,-0.019716331122621833,-0.07790421300096304,-0.07701063113513043,False,True,False,False
2D,entry_gap>0.354 ∧ entry_neg_di≤15.8,117.33333333333333,-0.006337364,-0.06821452,1.4080008,0.06547412,0.055715516,5,8,0.029145926,113,28,0.14875521377312115,0.07726879656654964,18,-0.24725403994475753,0.27293094276336055,0.0714864172065715,False,True,True,False
2D,entry_bear_pct≤20 ∧ entry_btc_rsi_prev6>58.3,108.33333333333333,-0.09398426,-0.03660454,-1.4076821,-0.006859895,-0.08365579,5,8,0.02123535,88,24,0.10460088941809614,0.09595837230747864,17,-0.16922355967949304,0.12111579902405226,0.008642517110617504,False,True,False,False
2D,entry_adx≤22 ∧ entry_btc_rsi_prev6≤58.3,122.0,-0.09522798,-0.03352922,-1.4062883,-0.0039605014,-0.11088691,4,9,0.029439583,102,29,0.13998080515414893,0.07999971347317093,20,0.15377652511588677,0.03322594983806178,0.059981091680977996,False,True,False,False
2D,entry_btc_rsi>62.8 ∧ entry_rsi≤60.1,103.0,-0.0014012562,-0.06704395,1.4057448,-0.06298225,0.16354683,6,9,0.016223103,108,31,0.1866542435507014,0.05589450157078502,21,0.0012289869012649668,0.2686646773156979,0.13075974197991638,False,False,True,False
2D,entry_bear_pct≤20 ∧ entry_ema_gap_8_13≤0.132,104.0,-0.0965341,-0.036553234,-1.4045815,-0.049916133,-0.06549898,4,8,0.024706263,96,26,0.1990086976195893,0.06064568591519208,17,0.25016015612323084,0.12691469013388645,0.13836301170439724,False,True,False,False
2D,entry_ema5_stretch>0.118 ∧ entry_pos_di>26.2,84.66666666666667,-0.104510225,-0.037970748,-1.4008083,-0.14428648,0.0029567592,5,9,0.018050812,100,21,-0.09038438611051969,0.15089995013991578,15,-0.2632367089257749,-0.1766001622097816,-0.24128433625043547,False,False,True,False
2D,entry_atr_pct>0.455 ∧ entry_btc_adx>24.9,83.66666666666667,-0.107693724,-0.037387636,-1.3990886,-0.040514283,-0.090941176,5,7,0.031922195,87,21,0.06458100751594606,0.10750963992450537,15,-0.19533096972616754,0.05968154673291644,-0.042928632408559306,False,True,True,False
2D,entry_adx≤22 ∧ entry_btc_dist_from_ema13_pct≤0.152,80.0,-0.10876175,-0.037885275,-1.3981775,-0.050905332,-0.09105533,5,8,0.03702667,90,25,0.03421982190246546,0.1206187127410019,20,0.10741896660575398,-0.1527423488680252,-0.08639889083853644,False,True,True,False
2D,entry_btc_rsi_prev6>58.3 ∧ entry_pair_ema20_ema50_gap_pct>0.339,107.0,-0.006363297,-0.06620354,1.3979198,0.057971098,0.06407806,6,7,0.03089447,104,26,0.14505533668194168,0.08068550569203266,19,-0.13718687061710275,0.21098366736540988,0.06436983098990902,False,True,True,False
2D,entry_pair_volume_ratio≤0.763 ∧ entry_price_vs_ema5_pct>0.118,116.0,-0.09627163,-0.034331996,-1.3974483,-0.09711099,-0.030564237,5,9,0.022735883,118,27,0.160178207719761,0.07383496440201773,20,0.16970490383637415,0.023875954041013846,0.08634324331774326,False,True,False,False
2D,entry_btc_ema20_slope>0.0586 ∧ entry_global_volume_ratio>0.823,112.0,-0.007229924,-0.06684662,1.3965633,0.2658561,-0.0971546,5,9,-0.012360033,87,28,0.03696956966128303,0.12329817943613008,17,-0.33584984698882797,0.054604558951135036,-0.08632860977484705,False,False,False,False
2D,entry_ema20_slope≤0.146 ∧ entry_neg_di>15.8,119.33333333333333,-0.094532564,-0.03433546,-1.3959514,-0.08478968,-0.039302643,5,9,0.03846404,106,27,0.09656839107327943,0.09872576222020615,18,0.3655977776573954,-0.09715547670010893,-0.002157371146926726,False,True,True,False
2D,entry_btc_rsi_prev≤62 ∧ entry_pair_volume_ratio>0.763,96.0,-0.0033169438,-0.06509621,1.3936527,0.07231185,0.05342413,5,7,0.040667858,108,23,0.02765611450623963,0.12031963724012681,16,0.0049874472651798285,-0.10015022912799323,-0.09266352273388719,False,True,False,False
2D,entry_btc_rsi_1h_prev>54.1 ∧ entry_btc_rsi_prev≤62,94.0,0.0006359909,-0.065842494,1.3918314,0.010448813,0.12318932,6,7,0.05137785,75,27,0.1077857224069,0.09433637169835464,17,0.11357290092872793,-0.03462988153359607,0.01344935070854536,False,True,True,False
2D,entry_pair_rank≤30 ∧ entry_rsi_prev≤57.8,108.33333333333333,-0.0007423357,-0.068369344,1.3912534,-0.004219994,0.12781781,7,9,0.045522798,107,20,0.08593573556269961,0.10132512422261547,18,0.2899760585272438,-0.11897483952612387,-0.015389388659915862,False,False,False,False
2D,entry_btc_ema20_slope≤0.0586 ∧ entry_global_volume_ratio>0.823,101.0,-0.0069381287,-0.064921476,1.3894768,-0.018531058,0.11519323,4,7,0.032656513,95,21,0.10235431663506299,0.09693311337115261,16,0.08715902640707338,-0.10604503522888398,0.005421203263910379,False,False,True,False
2D,entry_atr_pct≤0.455 ∧ entry_ema5_stretch≤0.118,139.33333333333334,-0.014202391,-0.06913939,1.3884956,0.044803523,0.06432903,5,9,0.040508345,119,30,0.1319233514299012,0.0827533880193293,21,-0.11436883131529049,0.10501878824064442,0.04916996341057189,False,True,True,False
2D,entry_bear_pct>20 ∧ entry_ema_gap_5_8≤0.0879,107.0,-0.0036154373,-0.06712427,1.3869402,0.07052299,0.057096057,5,9,0.0406121,102,30,-0.07019815761320308,0.17462680122074034,22,-0.033954065724701804,-0.4177696427282784,-0.24482495883394342,False,True,False,False
2D,entry_btc_rsi_prev6>58.3 ∧ entry_pair_ema20_ema50_gap_pct≤0.339,103.0,-0.09548383,-0.037073303,-1.3861227,-0.09094938,-0.030501667,7,9,0.03747205,96,24,0.0374454748484716,0.11834351049735349,17,0.0628334909064327,-0.36939074896481994,-0.0808980356488819,False,True,True,False
2D,entry_gap>0.354 ∧ entry_pair_volume_ratio≤0.763,106.66666666666667,-0.09704314,-0.035883017,-1.3854399,-0.14387661,0.015895039,6,8,0.030359155,112,26,0.20380038237285045,0.058865917292552285,20,0.05177822706885163,0.1813224455631619,0.14493446508029817,False,False,False,False
2D,entry_bear_pct>20 ∧ entry_pair_volume_ratio>0.763,110.66666666666667,-0.00625249,-0.06693747,1.3845772,0.12706184,-0.0054427534,5,9,0.033315364,113,23,0.18862805413967415,0.06960245078027759,15,0.027272738348714076,0.1658366399760619,0.11902560335939656,False,False,True,False
2D,entry_btc_adx>24.9 ∧ entry_ema20_slope≤0.146,116.66666666666667,-0.09375786,-0.035145707,-1.3832191,-0.053729236,-0.059504528,5,8,0.03158294,100,31,0.25689028748513926,0.022397311386668468,17,0.30228827967112953,0.2885424841290362,0.23449297609847078,False,True,False,False
2D,entry_btc_rsi_prev6≤58.3 ∧ entry_ema20_slope≤0.146,102.66666666666667,-0.09998837,-0.035704635,-1.3824189,-0.041779093,-0.086601555,5,9,0.035443246,95,18,0.0800927662271959,0.10227890205234925,13,-0.021463162582244844,0.026008629586800072,-0.022186135825153358,False,True,True,False
2D,entry_dist_from_ema13_pct>0.341 ∧ entry_range_position≤81.7,85.33333333333333,-0.10847047,-0.036849633,-1.3815132,-0.06362158,-0.081529856,5,8,0.052948315,105,19,0.04753293514488286,0.1106012777197402,17,-0.2386065349744049,0.048750314109315594,-0.06306834257485733,False,True,True,False
2D,entry_btc_ema20_slope>0.0586 ∧ entry_bull_pct≤71.1,70.66666666666667,0.018654132,-0.06506119,1.3803203,0.22314674,-0.11782471,5,8,0.019155847,74,21,0.21342265525137286,0.06583397855858587,15,-0.41900313284782187,0.6582621915184517,0.14758867669278697,False,False,True,False
2D,entry_btc_rsi_1h_prev>54.1 ∧ entry_ema_gap_5_8>0.0879,99.0,-0.00096134865,-0.06637484,1.3792467,0.021402568,0.10969701,5,8,0.01988704,80,22,0.10753542419692913,0.09531952459243688,16,-0.19299351205362947,0.1327424200598886,0.01221589960449225,False,True,True,False
2D,entry_bear_pct≤20 ∧ entry_price_vs_ema5_pct>0.118,118.33333333333333,-0.09176419,-0.03559451,-1.3782638,-0.05891285,-0.051857814,6,8,0.028259303,106,33,0.08965085468062714,0.10255469758273132,20,0.08970278642352467,-0.036723036989106124,-0.012903842902104182,False,True,True,False
2D,entry_btc_rsi_1h_prev≤54.1 ∧ entry_btc_rsi_prev6≤58.3,125.66666666666667,-0.09233091,-0.03398765,-1.3778166,-0.029780112,-0.08458634,5,8,0.028571472,94,18,0.19391766696253313,0.07601161726727144,11,0.22020703669382313,0.015750073151455823,0.11790604969526168,False,True,False,False
2D,entry_btc_rsi>62.8 ∧ entry_btc_rsi_prev6≤58.3,93.66666666666667,-0.10310547,-0.036566105,-1.3770311,-0.03722913,-0.09587077,5,9,0.025232602,95,21,0.22178211872810943,0.06349332878509963,13,-0.2410822567354474,0.39135918504462114,0.15828878994300982,False,True,False,False
2D,entry_bull_pct≤71.1 ∧ entry_pos_di≤26.2,103.0,0.000100006175,-0.06752218,1.3756185,0.09363235,0.034601033,6,7,0.04315081,109,18,0.35924475275679796,0.037859212853210374,14,-0.07857451167212962,0.6033539821911562,0.3213855399035876,False,True,True,False
2D,entry_adx_delta>0.241 ∧ entry_neg_di>15.8,54.666666666666664,-0.11535537,-0.041746486,-1.3746779,-0.25010523,0.10779858,5,7,0.026009664,70,15,0.13207552604309974,0.09183075631513919,13,-0.008505374216959849,0.07073166877335602,0.04024476972796055,False,False,False,False
1D,entry_pair_ema20_ema50_gap_pct ≤med 0.339,213.33333333333334,-0.07755837,-0.024770353,-1.3744193,-0.033547346,-0.07067803,4,7,0.014111649,140,51,0.15007269831304426,0.03923814529350028,29,0.19415154336582496,-0.008974594771498885,0.11083455301954398,False,True,False,False
1D,entry_pair_ema20_ema50_gap_pct >med 0.339,213.0,-0.024770353,-0.07755837,1.3744184,0.033547346,0.07067803,4,7,0.014111649,148,45,0.03923814529350028,0.15007269831304426,28,-0.19415154336582496,0.008974594771498885,-0.11083455301954398,False,True,False,False
2D,entry_btc_rsi_1h>57.2 ∧ entry_range_position≤81.7,120.66666666666667,-0.008034928,-0.06821917,1.3730998,-0.0015071556,0.11226801,5,8,0.009921987,91,37,0.21780212271532642,0.02306348494416425,22,0.06890043119820227,0.3147574739773354,0.19473863777116218,False,False,True,False
2D,entry_atr_pct≤0.455 ∧ entry_btc_adx_prev>24.8,128.33333333333334,-0.0890909,-0.03486087,-1.3689369,-0.066530265,-0.042404003,5,8,0.02713054,94,33,0.18475275235997266,0.05273941784593131,19,0.30680151357278074,0.04379593785829025,0.13201333451404135,False,True,False,False
2D,entry_global_volume_ratio≤0.823 ∧ entry_range_position≤81.7,97.33333333333333,-0.1053186,-0.0351698,-1.36825,-0.19111358,0.04498723,5,8,0.029464934,116,20,0.1893885046020702,0.07410071131751797,15,0.1058243918482984,0.18374642277861508,0.11528779328455224,False,False,False,False
2D,entry_ema50_slope≤0.226 ∧ entry_global_volume_ratio≤0.823,112.33333333333333,-0.097248465,-0.03470583,-1.3645834,-0.18253121,0.058853492,6,9,0.02666096,98,28,0.1291742656008156,0.08533153993161666,19,0.26541535708110764,-0.036749788242765855,0.043842725669198945,False,False,False,False
2D,entry_btc_trend_gap_pct≤0.0932 ∧ entry_quality_score>4,45.666666666666664,-0.12443911,-0.042397074,-1.3618652,0.008989025,-0.13565665,6,8,0.029977623,61,6,-0.4388029782895601,0.13391380024344593,6,-0.13504655080874917,-1.0522799318984242,-0.5727167785330061,False,False,False,False
2D,entry_btc_rsi_1h_prev>54.1 ∧ entry_gap>0.354,99.33333333333333,-0.00028429256,-0.06664719,1.3571372,0.021231491,0.1103694,3,7,0.03444182,79,25,0.0504872207352691,0.11489075540550764,17,-0.16615668416375745,-0.031263166903757515,-0.06440353467023854,False,True,False,False
2D,entry_pos_di>26.2 ∧ entry_quality_score>4,42.0,0.019795598,-0.05894177,1.3568299,0.13575011,0.028487623,5,7,0.031494044,59,8,-0.23773277142744198,0.12865098094991256,8,,-0.27298720623595274,-0.36638375237735454,False,True,False,False
2D,entry_adx_delta≤0.241 ∧ entry_btc_ema20_slope>0.0586,104.66666666666667,-0.098039895,-0.035938952,-1.3562571,0.08225615,-0.18399799,5,9,0.0045429133,90,21,-0.07743825057113686,0.14727503218888857,18,-0.24085667955140533,-0.1737826999071457,-0.22471328276002545,False,False,True,False
2D,entry_btc_rsi_prev>62 ∧ entry_ema20_slope≤0.146,106.0,-0.09498061,-0.036692802,-1.3560084,0.032636087,-0.12742217,5,9,0.0046078973,105,23,0.2022609088798119,0.06530716777996022,14,-0.018683671300468996,0.23988908556857802,0.1369537410998517,False,False,False,False
2D,entry_bear_pct≤20 ∧ entry_btc_rsi_1h_prev≤54.1,131.0,-0.088746466,-0.034523986,-1.3547243,-0.035329625,-0.06739418,4,8,0.01978901,84,17,0.16267333428087702,0.08422756290377036,11,0.2145574370254013,-0.02304566195372423,0.07844577137710666,False,True,False,False
2D,entry_btc_trend_gap_pct≤0.0932 ∧ entry_ema_gap_8_13>0.132,111.0,-0.09476152,-0.0358457,-1.3543779,-0.0569055,-0.058365542,4,8,0.04180119,117,22,0.199192137119409,0.06807023156142936,16,-0.072987364972601,0.2586228402987095,0.13112190555797965,False,True,False,False
2D,entry_adx_prev>22.1 ∧ entry_rsi≤60.1,120.0,-0.009232386,-0.06761911,1.3542572,-0.06497212,0.15305907,5,8,0.022687607,119,32,0.10499699298395831,0.09468000588572037,24,-0.19723119359361757,0.16790740159542783,0.010316987098237945,False,False,True,False
2D,entry_ema50_slope≤0.226 ∧ entry_range_position>81.7,123.0,-0.090283506,-0.035330765,-1.351334,-0.14102264,0.02389533,5,9,0.008940943,100,25,0.08986401280979733,0.10102568777363152,14,0.033316012607079754,-0.12738620328659275,-0.01116167496383419,False,False,True,False
2D,entry_btc_adx≤24.9 ∧ entry_ema5_stretch≤0.118,79.33333333333333,0.0063621756,-0.0643418,1.3508922,0.13811177,-0.0046167523,6,8,0.026455041,88,16,-0.05279508089831461,0.12830181808182256,13,-0.49749199607650085,0.062213182576328636,-0.18109689898013717,False,False,False,False
1D,entry_ema20_slope ≤med 0.146,214.0,-0.07702152,-0.025145682,-1.3506135,-0.01841529,-0.0808271,5,8,0.027793102,150,47,0.11811283411651244,0.07894124385095277,27,0.17645025496769387,-0.023846972038926204,0.039171590265559664,False,True,False,False
1D,entry_ema20_slope >med 0.146,212.33333333333334,-0.025145682,-0.07702152,1.350613,0.01841529,0.0808271,5,8,0.027793102,151,49,0.07894124385095277,0.11811283411651244,31,-0.17645025496769387,0.023846972038926204,-0.039171590265559664,False,True,False,False
2D,entry_ema20_slope≤0.146 ∧ entry_pair_rank≤30,116.66666666666667,-0.008354982,-0.06732117,1.3497705,0.10265469,0.029792693,8,9,0.031095993,108,21,0.08281620360243391,0.10240378502028874,16,0.10018416671842653,-0.12284669449546104,-0.019587581417854827,False,True,False,False
2D,entry_atr_pct≤0.455 ∧ entry_btc_atr_pct>0.146,91.0,-0.09996979,-0.037946187,-1.3491232,0.047930736,-0.1851295,8,9,0.021190677,75,14,0.11448001423920931,0.09532565796126631,12,-0.018352479240236586,0.057153481975174454,0.019154356277943,False,False,False,False
2D,entry_btc_1h_slope>0.0639 ∧ entry_pair_ema20_ema50_gap_pct>0.339,125.33333333333333,-0.009738203,-0.06844303,1.3489118,0.031748407,0.082345404,5,7,0.025058817,93,29,-0.040547311985125935,0.15813874924987198,21,-0.1354074819971671,-0.17601247119290492,-0.1986860612349979,False,True,False,False
2D,entry_adx_prev≤22.1 ∧ entry_pair_volume_ratio>0.763,94.0,-0.0031049505,-0.06478437,1.3476338,0.13006788,0.00464309,5,8,0.034095988,111,22,0.0887500502130916,0.10090436550655071,17,-0.04045087680770587,0.0003933064802950411,-0.012154315293459117,False,True,False,False
2D,entry_btc_trend_gap_pct≤0.0932 ∧ entry_rsi_prev>57.8,92.33333333333333,-0.09660562,-0.0386286,-1.3469132,0.037541613,-0.13137004,5,8,0.037920948,94,24,0.014912272542587016,0.12585457793264837,17,-0.035310373555619445,-0.20517230849853874,-0.11094230539006135,False,False,True,False
2D,entry_bull_pct≤71.1 ∧ entry_pair_rank>30,95.66666666666667,-0.10040531,-0.03694485,-1.346128,-0.050475158,-0.09306728,5,8,0.013637491,107,23,0.24078381173353644,0.053169814826047025,17,0.060622182431863236,0.2604063517186497,0.18761399690748942,False,True,False,False
2D,entry_btc_rsi_1h_prev>54.1 ∧ entry_btc_rsi_prev6≤58.3,90.66666666666667,0.0032730207,-0.06589462,1.345509,0.0681771,0.06750298,5,8,0.0486793,73,28,0.044956285598334714,0.12000953169734407,17,-0.17098705334572625,0.02347274195699959,-0.07505324609900936,False,True,False,False
2D,entry_btc_dist_from_ema13_pct≤0.152 ∧ entry_pair_ema20_ema50_gap_pct>0.339,120.66666666666667,-0.009831832,-0.0675098,1.3451282,0.0029779337,0.10446303,5,7,0.012977604,107,26,0.15040484711372407,0.07869854467451347,20,-0.08541754727873915,0.19584914122918323,0.0717063024392106,False,True,True,False
2D,entry_btc_adx>24.9 ∧ entry_gap≤0.354,121.33333333333333,-0.09164306,-0.035090216,-1.3443586,-0.071833886,-0.042768784,4,8,0.016999815,99,28,0.27608828507186506,0.024837531914125688,16,0.3405190659727938,0.2708222146230907,0.25125075315773937,False,True,False,False
2D,entry_ema5_stretch>0.118 ∧ entry_rsi_prev>57.8,75.0,0.0033329073,-0.06282309,1.3424742,0.1461894,-0.008693557,4,7,0.04176377,99,19,0.0766451406721889,0.10341774648572959,13,0.2369291256085329,-0.08014763168788813,-0.026772605813540684,False,False,False,False
2D,entry_btc_adx_prev>24.8 ∧ entry_ema50_slope>0.226,99.0,-0.09520308,-0.037871994,-1.3417792,-0.20067886,0.028668292,6,7,0.020748261,95,28,0.30039704850016874,0.014828041090706548,17,0.04006492205618681,0.4527393031192134,0.28556900740946217,False,False,False,False
2D,entry_btc_rsi_1h_prev≤54.1 ∧ entry_btc_trend_gap_pct>0.0932,48.666666666666664,-0.11350174,-0.043154776,-1.3413061,-0.07925135,-0.06257324,5,7,0.03750917,40,11,-0.0018860104070149103,0.1110608266664698,7,,0.03152405857602601,-0.11294683707348471,False,True,True,False
2D,entry_btc_rsi_prev≤62 ∧ entry_pair_rank>30,105.33333333333333,-0.09526944,-0.036719076,-1.3387599,-0.07033318,-0.049126144,6,9,0.023913722,109,26,0.20210235392515935,0.05949661357312324,21,0.16883758934086618,0.17476882063625843,0.1426057403520361,False,True,False,False
2D,entry_gap≤0.354 ∧ entry_rsi>60.1,95.33333333333333,-0.09421767,-0.0387909,-1.3381315,0.036642145,-0.13647845,5,9,0.029749889,104,13,0.01447550687385967,0.11121978991340474,11,-0.1632705712016007,-0.15740162642403752,-0.09674428303954508,False,False,True,False
2D,entry_bear_pct>20 ∧ entry_price_vs_ema5_pct≤0.118,112.66666666666667,-0.008470774,-0.06652763,1.3380845,-0.009104453,0.11379223,4,7,0.033815295,99,32,0.2303428011516651,0.032007101801867,23,-0.09319593641181395,0.3728715882386767,0.1983356993497981,False,False,True,False
2D,entry_quality_score>4 ∧ entry_range_position≤81.7,57.333333333333336,0.018338395,-0.06198719,1.3370048,0.15495767,0.021406952,4,7,0.036834158,78,10,0.021189956646494257,0.10706423936869566,10,-0.4469047514863771,0.11180584854082343,-0.0858742827222014,False,True,False,False
2D,entry_btc_1h_slope≤0.0639 ∧ entry_btc_ema20_slope≤0.0586,114.0,-0.092655525,-0.036048476,-1.3348972,-0.15447459,0.013919752,5,8,0.024185501,100,17,0.13988567546444405,0.08913123631996482,14,0.3077517011142207,-0.20107414372735574,0.05075443914447923,False,False,False,False
2D,entry_adx≤22 ∧ entry_adx_prev≤22.1,204.0,-0.07800163,-0.026579639,-1.3333321,-0.03280703,-0.07071746,4,8,0.023376025,151,48,0.0980970766036174,0.09814092656664862,28,0.14372227696023052,-0.09423545036103029,-4.3849963031222794e-05,False,True,True,False
1D,entry_btc_adx_prev ≤T1 22.1,143.0,-0.014648191,-0.06962534,1.3325605,0.09242215,0.009279214,5,8,0.022123668,98,28,-0.020338709638780633,0.14689570620674455,17,-0.2446765082282925,-0.1723859809467992,-0.16723441584552518,False,True,False,False
2D,entry_adx>22 ∧ entry_btc_dist_from_ema13_pct>0.152,79.33333333333333,0.0014964432,-0.06322937,1.3314483,0.08847377,0.036786567,4,8,0.0066487975,91,18,0.06916921470647559,0.10479972163405396,15,-0.30567107076829064,0.12886560418915918,-0.03563050692757837,False,True,False,False
2D,entry_ema_gap_8_13≤0.132 ∧ entry_global_volume_ratio≤0.823,113.0,-0.09312403,-0.036060184,-1.3304566,-0.029812872,-0.089466095,6,9,0.03826127,114,25,-0.009882514641145925,0.1361477044817101,16,0.39696672592418786,-0.297500189736547,-0.14603021912285602,False,True,True,False
2D,entry_btc_rsi_prev6≤58.3 ∧ entry_gap≤0.354,112.0,-0.09495501,-0.03558933,-1.330405,-0.020573888,-0.09423345,5,9,0.02876554,100,23,0.01904170078694594,0.12303376759004127,17,0.07454657857780295,-0.12268900362942664,-0.10399206680309533,False,True,True,False
2D,entry_btc_rsi_1h≤57.2 ∧ entry_dist_from_ema13_pct≤0.341,91.0,-0.099286005,-0.038131744,-1.3292655,-0.001812458,-0.09945654,5,8,0.0044469014,83,13,-0.09827695464375083,0.12887981400652448,9,0.22305492514816846,-0.6301321100736729,-0.22715676865027531,False,True,True,False
2D,entry_btc_atr_pct>0.146 ∧ entry_dist_from_ema13_pct>0.341,133.0,-0.09074736,-0.03324707,-1.326993,-0.1141859,-0.004289165,4,8,0.0023684204,100,20,0.2549284334496294,0.05685336162079187,14,0.06447517182829685,0.2847064443806437,0.19807507182883755,False,True,False,False
1D,entry_bull_pct >T2 76.6,140.33333333333334,-0.08641827,-0.03389688,-1.3264397,-0.014910266,-0.077656746,5,8,0.026694942,101,34,0.059216663488557676,0.11945254183164206,18,-0.1590094829814875,0.035386396691455095,-0.06023587834308438,False,True,True,False
2D,entry_adx_delta≤0.241 ∧ entry_quality_score≤4,153.33333333333334,-0.08619027,-0.031523924,-1.3263288,-0.054034837,-0.05491945,6,9,0.03740763,130,36,-0.051344081555351924,0.18779685146942396,25,-0.10198073590287327,-0.2691681723475391,-0.23914093302477588,False,True,True,False
2D,entry_ema50_slope>0.226 ∧ entry_pair_ema20_ema50_gap_pct>0.339,199.33333333333334,-0.024056368,-0.07500721,1.3262665,0.050504122,0.053405754,5,7,0.02887484,144,42,0.048150088266030414,0.136983711944435,28,-0.19415154336582496,0.027851372945828262,-0.0888336236784046,False,True,False,False
1D,entry_ema20_slope >T2 0.17,142.0,-0.014141652,-0.06968496,1.3256482,-0.049233247,0.14834958,6,8,0.029536903,127,25,0.09735961350407045,0.0983863917545213,18,-0.26591882311470805,0.1697535364209572,-0.0010267782504508466,False,False,False,False
2D,entry_bear_pct≤20 ∧ entry_rsi>60.1,110.0,-0.09016816,-0.03762921,-1.3235439,0.12042566,-0.17413074,5,9,0.0037640668,96,24,0.061674436687248015,0.11026718988442802,16,0.06588197265472437,-0.17231616460395457,-0.048592753197180004,False,False,True,False
2D,entry_neg_di>15.8 ∧ entry_pos_di≤26.2,94.0,-0.09988233,-0.037411038,-1.323111,0.075453915,-0.16655974,5,8,0.0026250072,91,20,0.1464531290911732,0.08539949434670141,16,0.7576287431852408,-0.14796957048188594,0.061053634744471785,False,False,False,False
2D,entry_btc_rsi_1h>57.2 ∧ entry_gap>0.354,102.0,-0.0033031134,-0.06624344,1.3222688,-0.008216865,0.13144884,5,7,0.027222926,78,30,0.1530009624921868,0.07317265571829039,19,-0.12992782408946377,0.1986576798287633,0.07982830677389642,False,False,True,False
2D,entry_btc_1h_slope>0.0639 ∧ entry_neg_di≤15.8,113.0,-0.007469733,-0.066950396,1.3216796,0.0949755,0.013432961,6,8,0.037671003,95,28,0.22504655180036215,0.04585471620239164,20,-0.028843771953215358,0.2749221223111986,0.1791918355979705,False,True,True,False
2D,entry_ema_gap_5_8≤0.0879 ∧ entry_quality_score>4,42.666666666666664,0.021676712,-0.05928778,1.3207543,0.26999733,-0.014943052,4,7,0.030079646,62,8,-0.3054321646819981,0.1348054712457813,8,,-0.4935121430382244,-0.44023763592777937,False,False,False,False
2D,entry_bull_pct≤71.1 ∧ entry_price_vs_ema5_pct≤0.118,113.66666666666667,-0.008774868,-0.06660275,1.3205963,0.020154672,0.09081005,5,7,0.019966047,104,31,0.24171893326160354,0.029632880324047085,24,-0.07742065676005794,0.38213156368255197,0.21208605293755645,False,True,True,False
2D,entry_btc_trend_gap_pct≤0.0932 ∧ entry_range_position≤81.7,93.66666666666667,-0.100951485,-0.037172593,-1.3199213,-0.018806446,-0.10422306,6,8,0.026974395,104,16,-0.22776047251633363,0.16329489640542633,16,-0.3592717930677371,-0.43628851213947983,-0.39105536892175996,False,True,True,False
2D,entry_dist_from_ema13_pct≤0.341 ∧ entry_rsi≤60.1,130.0,-0.01222296,-0.06827746,1.3189217,-0.008311406,0.10897243,4,9,0.010270022,120,37,0.12738792619861836,0.07976391326820154,22,0.2648162023202837,0.01460946635023833,0.04762401293041682,False,False,True,False
2D,entry_btc_dist_from_ema13_pct>0.152 ∧ entry_rsi≤60.1,97.33333333333333,-0.00013140457,-0.066289,1.3184197,0.014027206,0.11400609,7,9,0.040930435,98,25,0.11448074531299934,0.09235782421616599,18,0.002661653333664943,0.11712294207981422,0.02212292109683335,False,True,True,False
2D,entry_btc_adx_prev>24.8 ∧ entry_ema_gap_8_13>0.132,95.66666666666667,-0.0981341,-0.03760194,-1.3180075,-0.04049295,-0.073077634,5,7,0.031824622,100,26,0.07144164227191736,0.10802773504432739,15,-0.13527493624032833,0.017906620180220215,-0.036586092772410025,False,True,True,False
2D,entry_btc_dist_from_ema13_pct>0.152 ∧ entry_global_volume_ratio≤0.823,103.0,-0.09945801,-0.035807308,-1.3174839,-0.086545534,-0.045282263,6,8,0.043153644,90,17,0.17372099407692088,0.08185021839069767,10,0.21467434060019086,0.11410333304830607,0.0918707756862232,False,True,False,False
2D,entry_btc_trend_gap_pct≤0.0932 ∧ entry_gap>0.354,109.0,-0.09316134,-0.036766652,-1.3174082,-0.103572235,-0.016967416,6,8,0.026108373,119,26,0.10002014495977897,0.09741286261740739,18,-0.072987364972601,0.056531108357859516,0.002607282342371578,False,True,False,False
2D,entry_bear_pct≤20 ∧ entry_ema5_stretch>0.118,118.0,-0.09003109,-0.0363185,-1.3169128,-0.053128682,-0.051857814,6,8,0.028259303,106,33,0.08965085468062714,0.10255469758273132,20,0.08970278642352467,-0.036723036989106124,-0.012903842902104182,False,True,True,False
2D,entry_adx>22 ∧ entry_range_position>81.7,83.66666666666667,-0.0025506779,-0.063059725,1.3159645,0.10649221,0.019007143,5,8,0.020639993,101,14,0.0004530818465339699,0.11479367080879627,12,-0.2578937830374982,-0.037913220241559735,-0.11434058896226229,False,True,False,False
2D,entry_adx_prev≤22.1 ∧ entry_btc_atr_pct≤0.146,82.33333333333333,-0.1005365,-0.03937316,-1.3153512,-0.0176282,-0.08782865,5,8,0.014221657,90,24,-0.02638727126450934,0.1396210925350138,16,-0.1074226373160719,-0.21775965922308788,-0.16600836379952316,False,True,True,False
2D,entry_ema20_slope≤0.146 ∧ entry_pair_ema20_ema50_gap_pct>0.339,77.0,0.002114422,-0.06293325,1.3153318,0.070546746,0.06174846,4,7,0.02715043,90,17,0.10117514120749688,0.09746135128664961,13,,0.16717723986586355,0.0037137899208472686,False,True,True,False
1D,entry_adx_prev ≤med 22.1,213.33333333333334,-0.076359116,-0.025971485,-1.311922,-0.03703661,-0.06518769,5,8,0.020981006,155,51,0.09302845538526659,0.10388828727831496,30,0.08857834398208123,-0.08841682558827874,-0.010859831893048372,False,True,True,False
1D,entry_adx_prev >med 22.1,213.0,-0.025971485,-0.076359116,1.3119215,0.03703661,0.06518769,5,8,0.020981006,146,45,0.10388828727831496,0.09302845538526659,28,-0.08857834398208123,0.08841682558827874,0.010859831893048372,False,True,True,False
2D,entry_pos_di>26.2 ∧ entry_price_vs_ema5_pct≤0.118,128.0,-0.015529954,-0.066482805,1.3112985,0.02491946,0.07422936,4,7,0.027192913,108,30,0.0731581058184027,0.10946486329728318,18,-0.06671362981520362,-0.05632069976425767,-0.036306757478880486,False,True,False,False
2D,entry_btc_ema20_slope>0.0586 ∧ entry_pair_rank>30,102.66666666666667,-0.09420758,-0.037538286,-1.3111869,0.022334429,-0.14358142,5,8,0.021838345,86,19,-0.03772603417824244,0.13163920521505681,17,-0.2627462786579528,-0.08925347000822596,-0.16936523939329926,False,False,True,False
2D,entry_btc_trend_gap_pct≤0.0932 ∧ entry_rsi≤60.1,102.33333333333333,-0.09918873,-0.036023326,-1.3084053,-0.121619426,-0.01306719,6,8,0.04849317,106,17,-0.040012176731900884,0.12784343236221624,16,0.1919500089444703,-0.4237958613396982,-0.16785560909411712,False,True,True,False
2D,entry_ema50_slope≤0.226 ∧ entry_quality_score≤4,173.0,-0.081740566,-0.030318761,-1.3082591,-0.06337391,-0.044643562,5,9,0.011209369,125,44,0.020400109901169736,0.1638811407023327,27,0.09684687411661547,-0.3509282308168706,-0.14348103080116298,False,True,True,False
2D,entry_adx>22 ∧ entry_ema_gap_8_13>0.132,98.33333333333333,-0.0061249295,-0.06469386,1.3077939,-0.02823769,0.12985426,5,8,0.018813679,107,20,0.09247108316474921,0.09960529590628664,13,-0.21984795218969938,0.12361819157741215,-0.00713421274153743,False,False,False,False
2D,entry_adx>22 ∧ entry_btc_trend_gap_pct≤0.0932,97.33333333333333,-0.0057089394,-0.06463891,1.306907,0.056704346,0.061487887,4,8,0.03353484,96,17,0.03917811616224077,0.11080248325841362,14,0.07569593073002934,-0.1809079379534781,-0.07162436709617284,False,True,False,False
2D,entry_btc_atr_pct>0.146 ∧ entry_btc_rsi_1h_prev>54.1,92.0,0.0025889329,-0.06598221,1.3051203,0.099490866,0.023581728,5,7,0.025731117,62,22,0.29140816281864923,0.04065465635354716,13,-0.12314701600625866,0.510623383152035,0.2507535064651021,False,True,True,False
2D,entry_ema20_slope≤0.146 ∧ entry_global_volume_ratio>0.823,98.33333333333333,-0.0068965135,-0.064462535,1.3047758,0.20790441,-0.03234945,4,9,0.016395736,103,26,0.1317922023645202,0.08561181272421778,16,-0.07822802340923762,0.13116199301216203,0.04618038964030241,False,False,True,False
2D,entry_btc_adx_prev≤24.8 ∧ entry_btc_ema20_slope>0.0586,110.66666666666667,-0.0066875205,-0.06678496,1.3032516,0.11596446,-0.015143156,4,8,0.010221049,78,22,0.008894097489531223,0.12464532442436597,13,-0.32889880256210996,0.008451667993858571,-0.11575122693483475,False,False,False,False
2D,entry_ema_gap_5_8>0.0879 ∧ entry_quality_score≤4,162.0,-0.08277203,-0.03182649,-1.3024228,-0.03739237,-0.06406551,6,9,0.019174606,139,31,0.11541598205828166,0.08986967243640058,19,-0.14634937933620687,0.11887784526241407,0.025546309621881078,False,True,False,False
2D,entry_btc_atr_pct>0.146 ∧ entry_btc_dist_from_ema13_pct≤0.152,52.666666666666664,-0.123419195,-0.041003913,-1.3022851,-0.1414888,-0.011840023,3,8,-0.024156073,55,15,0.031785959549894736,0.11040289825832529,11,-0.08872178312543388,-0.025512495527773012,-0.07861693870843056,False,False,True,False
2D,entry_btc_rsi_1h≤57.2 ∧ entry_pair_volume_ratio>0.763,94.66666666666667,-0.095303774,-0.0385923,-1.3021469,-0.020093083,-0.081896715,6,8,-0.013549283,95,10,0.03881757046825696,0.1050145168312814,8,-0.07461500146274785,-0.06239641565301598,-0.06619694636302444,False,False,True,False
2D,entry_btc_dist_from_ema13_pct≤0.152 ∧ entry_quality_score>4,43.666666666666664,0.01840973,-0.05912656,1.3021299,0.14985448,0.029558249,7,8,0.055098776,62,6,0.09885091121785695,0.09807020760961808,6,-0.1150041261785531,0.06221395468023434,0.0007807036082388696,False,True,False,False
2D,entry_dist_from_ema13_pct≤0.341 ∧ entry_neg_di>15.8,102.66666666666667,-0.008292798,-0.06479035,1.3019091,0.113992825,0.022555947,5,9,0.017966507,95,27,0.016945101389249245,0.1298827016617832,18,0.1987886742925031,-0.15729912917554073,-0.11293760027253395,False,True,False,False
2D,entry_gap≤0.354 ∧ entry_rsi_prev>57.8,95.0,-0.0083902115,-0.063455135,1.3007272,0.09032108,0.03034304,4,8,0.01912577,93,22,0.14216036114469477,0.08502562441877683,17,-0.01578561890358593,0.04034791663150017,0.05713473672591794,False,True,True,False
2D,entry_btc_trend_gap_pct>0.0932 ∧ entry_pair_ema20_ema50_gap_pct>0.339,130.33333333333334,-0.013238852,-0.06789327,1.30062,0.031358115,0.07488766,5,7,0.019670956,98,28,0.11477421172960611,0.09126097387858527,18,-0.215427788492281,0.1901962808384855,0.023513237851020843,False,True,True,False
2D,entry_ema_gap_5_8>0.0879 ∧ entry_pair_ema20_ema50_gap_pct>0.339,109.0,-0.09304076,-0.036808077,-1.3000125,-0.016520616,-0.09295439,6,7,0.04423766,107,16,0.20664894565218542,0.07641301277172255,13,-0.05993311042380739,0.2530262666251791,0.13023593288046287,False,True,False,False
2D,entry_ema20_slope≤0.146 ∧ entry_quality_score≤4,180.0,-0.08044766,-0.029802276,-1.2971278,-0.074740596,-0.029648174,5,8,0.016984437,141,43,0.14948091910046923,0.056448011902879104,26,0.1805888389375873,0.05355566581055711,0.09303290719759014,False,True,False,False
2D,entry_bull_pct>71.1 ∧ entry_neg_di≤15.8,91.33333333333333,-0.09720369,-0.038638614,-1.2967473,-0.10348554,-0.02127089,5,8,0.040927652,92,24,0.005437438048269645,0.12901285609742083,16,-0.21884816957046538,-0.10593521789476659,-0.12357541804915119,False,True,True,False
2D,entry_btc_adx_prev≤24.8 ∧ entry_range_position≤81.7,89.0,0.0008298958,-0.064908296,1.2951756,0.075904995,0.05032695,4,8,0.025427662,99,18,-0.10906132190749482,0.14592984546804713,14,-0.29966969455356,-0.191790941871318,-0.25499116737554195,False,True,False,False
2D,entry_ema_gap_8_13≤0.132 ∧ entry_range_position≤81.7,111.33333333333333,-0.009452463,-0.06593491,1.2941648,0.16764075,-0.033675235,5,9,0.009364389,111,30,0.12440092182676786,0.08617267420257173,20,0.3209874943235288,-0.05586517161456238,0.03822824762419613,False,False,True,False
2D,entry_bull_pct>71.1 ∧ entry_ema_gap_5_8≤0.0879,102.66666666666667,-0.094476685,-0.03745294,-1.2937988,-0.13324925,-0.0011068583,6,9,0.008532945,97,32,0.10001649449728042,0.0971702551290593,20,0.36054720348257396,-0.014808586955205245,0.0028462393682211207,False,True,False,False
2D,entry_dist_from_ema13_pct≤0.341 ∧ entry_price_vs_ema5_pct≤0.118,181.0,-0.022472413,-0.07236833,1.2933958,0.042618528,0.05902703,4,9,0.018904869,130,41,0.11235608724217383,0.08750590136806624,26,0.041055991691704125,0.0013474590690684572,0.02485018587410759,False,True,True,False
1D,entry_ema_gap_5_8 ≤T1 0.075,142.66666666666666,-0.016582174,-0.06858807,1.2926791,-0.011677783,0.107648924,5,9,0.019060213,126,39,0.18173035860617856,0.04091123099178611,24,0.18204247791935405,0.1395595064500534,0.14081912761439244,False,False,True,False
2D,entry_pair_volume_ratio≤0.763 ∧ entry_range_position>81.7,123.66666666666667,-0.088725954,-0.03584613,-1.2925171,-0.07219181,-0.036874294,5,9,0.020908397,109,28,0.26608852643848896,0.0289550795866923,18,0.3251651395778929,0.057687241181020706,0.23713344685179666,False,True,False,False
2D,entry_btc_adx≤24.9 ∧ entry_ema_gap_8_13≤0.132,96.66666666666667,-0.0062911394,-0.06434902,1.290878,0.15375438,-0.04405127,5,9,0.023120582,97,25,-0.20355429706648512,0.20434199406809714,19,-0.06952381526673715,-0.6830940745507942,-0.40789629113458226,False,False,False,False
2D,entry_btc_atr_pct≤0.146 ∧ entry_bull_pct≤71.1,125.66666666666667,-0.014083292,-0.06669203,1.290023,0.048781164,0.056153283,4,8,0.022081032,102,32,0.14769725915941195,0.07332987279799355,19,0.003217598660701093,0.008407477569845105,0.0743673863614184,False,True,True,False
2D,entry_btc_1h_slope>0.0639 ∧ entry_btc_atr_pct>0.146,102.0,-0.0024963408,-0.06649716,1.2884396,0.092463806,0.023025561,4,7,0.026543256,67,23,0.35648184496243773,0.016717009836119193,13,-0.08315693705096164,0.6155625300675283,0.33976483512631855,False,True,True,False
2D,entry_btc_dist_from_ema13_pct>0.152 ∧ entry_pair_volume_ratio≤0.763,112.66666666666667,-0.0930971,-0.0361305,-1.2877477,-0.046845585,-0.06943553,5,9,0.029070098,100,24,0.22089464067470255,0.05719378855527651,16,0.08046819754475851,0.16215357886575354,0.16370085211942603,False,True,False,False
2D,entry_btc_adx>24.9 ∧ entry_gap>0.354,91.66666666666667,-0.095848665,-0.038951423,-1.2874199,-0.044780258,-0.065084755,5,7,0.02193477,95,25,-0.0283141632378887,0.14263772159323923,15,-0.13527493624032833,-0.22221060805016438,-0.17095188483112794,False,True,True,False
2D,entry_atr_pct≤0.455 ∧ entry_btc_rsi≤62.8,102.0,-0.09271468,-0.03812428,-1.2872429,0.017501822,-0.123131424,6,9,0.03392419,101,21,-0.10188102745123832,0.154119009715317,20,0.17578877988665975,-0.6604670988651893,-0.25600003716655534,False,False,True,False
2D,entry_ema5_stretch>0.118 ∧ entry_global_volume_ratio>0.823,101.66666666666667,-0.008630162,-0.064510696,1.2865905,0.080465876,0.037320573,5,9,0.024267238,99,22,-0.0778787934088482,0.1504426703671274,18,-0.15259326980224072,-0.25833250918689266,-0.22832146377597562,False,True,False,False
2D,entry_adx_delta>0.241 ∧ entry_atr_pct>0.455,91.33333333333333,-0.09931787,-0.038062207,-1.2857623,-0.08736916,-0.037737723,5,7,0.03417262,105,22,0.2605642699753769,0.04982446233397943,15,0.06300200567777264,0.3047054141172054,0.2107398076413975,False,True,False,False
2D,entry_btc_rsi_prev6>58.3 ∧ entry_quality_score≤4,170.0,-0.08098185,-0.03142376,-1.2855413,-0.09900497,-0.0065212026,6,8,0.03267972,138,44,0.0679125304952034,0.12367832327661196,29,0.0007275269950271501,-0.11978093975772655,-0.05576579278140856,False,True,True,False
2D,entry_btc_atr_pct≤0.146 ∧ entry_pair_ema20_ema50_gap_pct>0.339,118.66666666666667,-0.012906934,-0.06594881,1.2854401,-0.01910352,0.10826581,4,7,-0.007394947,92,31,0.06392768895123783,0.11442562761052917,19,-0.21235684405288452,0.08483163598707091,-0.050497938659291336,False,False,False,False
2D,entry_btc_atr_pct>0.146 ∧ entry_rsi>60.1,111.33333333333333,-0.09170717,-0.03686288,-1.2852882,0.034476914,-0.17144555,6,8,0.02747614,88,16,0.0638295267514132,0.104976896551877,11,0.025475563820949454,-0.15901734454595215,-0.04114736980046381,False,False,True,False
2D,entry_adx_prev>22.1 ∧ entry_pair_rank>30,101.33333333333333,-0.09193856,-0.038478248,-1.2850031,-0.07751142,-0.032360096,6,8,0.0138071105,108,24,0.10534493963046887,0.0957103555700211,17,-0.2808163204141054,0.2002179741079455,0.009634584060447773,False,True,False,False
1D,entry_btc_atr_pct >med 0.146,213.0,-0.07585557,-0.026552979,-1.28337,-0.03413611,-0.07216972,5,8,0.016793594,111,38,0.15409581424830243,0.06144453811615996,20,0.021380122355631026,0.15495360978806527,0.09265127613214247,False,True,False,False
1D,entry_btc_atr_pct ≤med 0.146,213.33333333333334,-0.026552979,-0.07585557,1.2833691,0.03413611,0.07216972,5,8,0.016793594,125,58,0.06144453811615996,0.15409581424830243,27,-0.021380122355631026,-0.15495360978806527,-0.09265127613214247,False,True,False,False
2D,entry_ema50_slope>0.226 ∧ entry_ema_gap_8_13≤0.132,88.66666666666667,-0.0050088554,-0.06331022,1.2796668,0.14702867,-0.00423795,5,9,0.026041921,100,23,-0.015466282349018295,0.1339061458383588,17,-0.23337211222335286,-0.04630719558163219,-0.1493724281873771,False,False,False,False
2D,entry_ema20_slope>0.146 ∧ entry_pair_ema20_ema50_gap_pct≤0.339,76.33333333333333,0.0013051949,-0.06263286,1.2775517,0.040835697,0.08457367,5,8,0.024163429,87,21,0.1820181814769819,0.07462723121541534,14,-0.09579461583814894,0.23287023863886436,0.10739095026156656,False,True,True,False
2D,entry_adx_prev≤22.1 ∧ entry_range_position>81.7,126.33333333333333,-0.08857375,-0.035440188,-1.2763662,-0.07774078,-0.032222882,4,8,0.017814532,119,32,0.18283790108579806,0.0557595518348005,19,0.2684903518271359,0.002196884833188242,0.12707834925099756,False,True,False,False
2D,entry_adx_delta>0.241 ∧ entry_pos_di>26.2,140.66666666666666,-0.084280364,-0.03488833,-1.2748637,-0.10389622,-0.0010072105,6,8,0.0259118,120,34,0.045399256972511536,0.1270298292759254,24,-0.23502956702674638,-0.016573986032147412,-0.08163057230341386,False,True,True,False
1D,entry_adx_delta ≤med 0.241,213.33333333333334,-0.0756293,-0.02670245,-1.2738118,-0.0025594495,-0.08760104,5,8,0.018418953,145,46,-0.04995209367033349,0.23434440922016223,30,-0.04426796560161575,-0.3793922363232277,-0.28429650289049574,False,True,True,False
1D,entry_adx_delta >med 0.241,213.0,-0.02670245,-0.0756293,1.2738112,0.0025594495,0.08760104,5,8,0.018418953,154,50,0.23434440922016223,-0.04995209367033349,31,0.04426796560161575,0.3793922363232277,0.28429650289049574,False,True,True,False
2D,entry_adx_prev≤22.1 ∧ entry_ema_gap_8_13>0.132,113.33333333333333,-0.093930304,-0.035707463,-1.2719054,-0.039262474,-0.08150143,5,8,0.012880195,114,22,0.18147384738604708,0.07333783121188829,17,-0.11924747751323056,0.25630038784792886,0.10813601617415879,False,True,False,False
2D,entry_adx_delta≤0.241 ∧ entry_btc_rsi_prev>62,99.33333333333333,-0.0959467,-0.037587665,-1.271883,0.07998499,-0.15891221,5,9,-0.01891142,99,22,-0.04992167361733777,0.1421310942128946,17,-0.1478687586981305,-0.1459106433129917,-0.19205276783023237,False,False,True,False
2D,entry_btc_atr_pct≤0.146 ∧ entry_btc_dist_from_ema13_pct>0.152,52.333333333333336,0.0013539821,-0.058536712,1.2696402,0.0056257136,0.09755627,5,8,0.020661037,59,21,-0.045284138097081504,0.1382718806961531,11,-0.22697399667412155,-0.1328022104931501,-0.1835560187932346,False,True,False,False
2D,entry_btc_adx_prev>24.8 ∧ entry_ema_gap_5_8≤0.0879,113.33333333333333,-0.09161408,-0.036546137,-1.2691935,-0.14102367,0.010532394,4,8,-0.0020871721,96,37,0.2361190029825805,0.011576627827411739,20,0.2744411383788842,0.2437603548351474,0.22454237515516878,False,False,False,False
2D,entry_adx_delta>0.241 ∧ entry_btc_rsi_1h>57.2,113.66666666666667,-0.010795387,-0.065868214,1.2689455,0.027231751,0.08002657,4,8,0.010995571,89,36,0.2559950932824882,0.003393346566719918,25,0.18078312075834507,0.24970521289502717,0.2526017467157683,False,True,True,False
2D,entry_price_vs_ema5_pct>0.118 ∧ entry_rsi_prev>57.8,75.33333333333333,0.00019743801,-0.06221295,1.2683393,0.13774684,-0.008693557,4,7,0.04176377,99,19,0.0766451406721889,0.10341774648572959,13,0.2369291256085329,-0.08014763168788813,-0.026772605813540684,False,False,False,False
2D,entry_atr_pct≤0.455 ∧ entry_dist_from_ema13_pct>0.341,65.33333333333333,-0.10144212,-0.04208953,-1.2662878,-0.00067187846,-0.106037736,5,8,0.015886974,77,9,0.19297481749831735,0.08830633097342427,7,0.16294848149169652,0.036965407999165936,0.10466848652489308,False,True,False,False
2D,entry_btc_ema20_slope≤0.0586 ∧ entry_btc_rsi_prev≤62,161.33333333333334,-0.02028817,-0.06999514,1.2659179,-0.07755322,0.15711738,5,9,0.012522057,128,37,0.16287379679773203,0.05751006221452008,26,0.2563957811227797,0.02009222654115518,0.10536373458321195,False,False,True,False
2D,entry_btc_rsi_prev6≤58.3 ∧ entry_ema20_slope>0.146,113.66666666666667,-0.009155637,-0.066464335,1.2628709,0.06852954,0.044483103,6,8,0.04397598,114,28,0.11812943607105149,0.08987941091446071,20,0.051697703130012373,0.01461157918470647,0.02825002515659078,False,True,True,False
2D,entry_btc_adx_prev>24.8 ∧ entry_btc_rsi>62.8,123.66666666666667,-0.08776208,-0.03623996,-1.2623457,-0.11566352,-0.0034107193,4,8,0.018991534,103,34,0.3183324405301642,-0.022643206868593755,19,0.12300946892518319,0.511327599791995,0.34097564739875796,False,True,False,False
2D,entry_pair_volume_ratio≤0.763 ∧ entry_rsi≤60.1,113.66666666666667,-0.0956818,-0.035008658,-1.2600703,-0.24017704,0.10970443,4,9,-0.0053967386,119,27,-0.01679331841729044,0.14308469202086394,18,0.021722460427693185,-0.18087825598375845,-0.15987801043815436,False,False,True,False
2D,entry_btc_rsi_1h≤57.2 ∧ entry_global_volume_ratio>0.823,100.66666666666667,-0.012397832,-0.063174486,1.2593391,0.16122909,-0.013587609,5,8,0.024597835,83,9,0.010315243778598406,0.1072021489444297,7,-0.10653504204793493,-0.2875906687894596,-0.09688690516583129,False,False,False,False
2D,entry_rsi≤60.1 ∧ entry_rsi_prev≤57.8,146.66666666666666,-0.08721662,-0.0322888,-1.2592005,-0.19540581,0.06804372,5,9,-0.00901062,128,37,-0.015627424494471975,0.16945150607573276,22,0.1186575318478158,-0.27744231664187796,-0.18507893057020472,False,False,True,False
2D,entry_atr_pct>0.455 ∧ entry_btc_rsi_prev>62,97.66666666666667,-0.098308384,-0.037181795,-1.2587153,0.01992368,-0.14530517,5,8,0.021084782,102,26,-0.023636396384625155,0.14334243511675748,19,-0.210834078573797,-0.1179562311777391,-0.16697883150138265,False,False,True,False
2D,entry_btc_dist_from_ema13_pct>0.152 ∧ entry_btc_rsi_prev6>58.3,80.66666666666667,-0.0051343422,-0.06193163,1.2574171,0.108295955,0.007788975,5,7,0.003864862,76,13,-0.002942086104713846,0.11394784664498855,10,-0.072223461920423,-0.10378849146623609,-0.1168899327497024,False,True,False,False
2D,entry_btc_ema20_slope≤0.0586 ∧ entry_range_position>81.7,96.0,-0.0072648954,-0.06394886,1.2568038,0.004790675,0.09869344,6,8,0.015244171,108,26,0.2424854291685792,0.04449718562556728,19,0.2547973986844446,0.09371550653424918,0.19798824354301192,False,True,True,False
2D,entry_ema50_slope≤0.226 ∧ entry_rsi>60.1,104.0,-0.0900642,-0.03864073,-1.2566512,-0.0059102625,-0.09631268,4,8,-0.0067299157,95,14,0.21898759714790209,0.07748289990368466,9,0.08218609281862255,0.07099049991402985,0.14150469724421744,False,False,False,False
2D,entry_btc_trend_gap_pct>0.0932 ∧ entry_range_position>81.7,92.33333333333333,-0.0059884447,-0.06367946,1.2556167,0.073567994,0.0322621,5,7,0.020417083,90,22,-0.08688512336736798,0.15312022792236304,16,-0.33640108910288835,-0.1811678263512323,-0.24000535128973102,False,True,False,False
2D,entry_ema5_stretch>0.118 ∧ entry_pair_volume_ratio≤0.763,116.0,-0.09164699,-0.036060646,-1.2526307,-0.09202696,-0.023038432,5,9,0.015547473,119,27,0.160178207719761,0.07383496440201773,20,0.16970490383637415,0.023875954041013846,0.08634324331774326,False,True,False,False
2D,entry_btc_rsi_1h_prev>54.1 ∧ entry_pos_di≤26.2,91.0,0.0005722692,-0.06523047,1.2523757,0.12991264,-0.019370109,5,8,0.037984736,75,25,0.24701524907975536,0.045690745425054725,14,0.06733917154358277,0.2879341638851488,0.20132450365470064,False,False,True,False
2D,entry_btc_trend_gap_pct≤0.0932 ∧ entry_ema_gap_5_8>0.0879,111.0,-0.089574926,-0.037671417,-1.2521715,-0.019777622,-0.074228734,5,8,0.030713573,115,19,0.21744606466032612,0.06867466134579965,13,-0.03484927334219176,0.2665545047673782,0.14877140331452648,False,True,False,False
2D,entry_btc_atr_pct≤0.146 ∧ entry_btc_rsi_prev≤62,97.0,-0.009098297,-0.06358098,1.2520304,0.009124707,0.09131865,5,7,0.018777933,88,22,0.09723295142036785,0.09838242190438751,18,0.508125112541019,-0.1689730953501825,-0.0011494704840196573,False,True,False,False
2D,entry_btc_trend_gap_pct≤0.0932 ∧ entry_price_vs_ema5_pct>0.118,128.33333333333334,-0.08689061,-0.035808425,-1.2519377,-0.068525955,-0.03536931,6,8,0.025788553,120,26,0.06635272772023387,0.10991790330638126,18,0.2434937268114299,-0.1829293320694073,-0.04356517558614739,False,True,True,False
2D,entry_bear_pct>20 ∧ entry_ema5_stretch≤0.118,112.33333333333333,-0.011178669,-0.06549725,1.251648,-0.009104453,0.107125536,4,7,0.029306844,99,32,0.2303428011516651,0.032007101801867,23,-0.09319593641181395,0.3728715882386767,0.1983356993497981,False,False,True,False
2D,entry_btc_rsi_prev6≤58.3 ∧ entry_gap>0.354,104.33333333333333,-0.00643326,-0.0656853,1.2505697,0.051144086,0.064873524,5,8,0.018486328,110,23,0.18744934278170483,0.06997382559169256,17,-0.008929096726410346,0.1895958197089382,0.11747551719001227,False,True,True,False
2D,entry_ema5_stretch≤0.118 ∧ entry_pos_di>26.2,128.33333333333334,-0.017321518,-0.065768264,1.2471395,0.019092802,0.07422936,4,7,0.024195801,108,30,0.0731581058184027,0.10946486329728318,18,-0.06671362981520362,-0.05632069976425767,-0.036306757478880486,False,True,False,False
2D,entry_bull_pct≤71.1 ∧ entry_gap≤0.354,113.33333333333333,-0.010977939,-0.06574347,1.245876,0.14231513,-0.025706958,4,9,0.029388513,108,27,-0.018775155759510165,0.1438601935895586,21,-0.006239478912001412,-0.383733526753256,-0.16263534934906876,False,False,False,False
2D,entry_adx≤22 ∧ entry_btc_atr_pct≤0.146,79.66666666666667,-0.09845814,-0.04032127,-1.2454013,-0.020027086,-0.08016994,4,8,0.009241808,86,24,-0.05698248218509507,0.14981949617520907,15,-0.059341004788075025,-0.28763631295698644,-0.20680197836030415,False,True,True,False
2D,entry_ema_gap_8_13>0.132 ∧ entry_quality_score>4,55.666666666666664,0.015545003,-0.0612065,1.2449596,-0.014098737,0.1590755,7,8,0.015339263,72,5,0.5477324315726989,0.07341496697043158,4,-0.13504655080874917,,0.4743174646022673,False,False,False,False
2D,entry_ema_gap_8_13>0.132 ∧ entry_quality_score≤4,157.33333333333334,-0.08267066,-0.032769598,-1.2448729,-0.0673247,-0.035265394,4,8,0.017095003,134,37,0.10710981761495697,0.09248069322744681,21,-0.13322759904639445,0.09347301301698321,0.014629124387510156,False,True,False,False
2D,entry_btc_dist_from_ema13_pct≤0.152 ∧ entry_pair_volume_ratio>0.763,113.0,-0.0131585505,-0.0648988,1.241823,0.12907708,0.00038563088,5,7,0.024993178,103,28,0.1618669860775765,0.07186983150000922,17,0.07823970719628254,0.039135152334716206,0.08999715457756727,False,True,True,False
2D,entry_adx_prev≤22.1 ∧ entry_btc_ema20_slope≤0.0586,100.0,-0.09536696,-0.0376461,-1.2414404,-0.11107489,-0.012464624,5,8,-0.0051417314,108,28,0.18020495545550577,0.06431890293262663,22,0.3027281537027191,-0.03453058997697255,0.11588605252287915,False,False,False,False
2D,entry_btc_rsi_1h≤57.2 ∧ entry_ema_gap_8_13>0.132,109.33333333333333,-0.091475,-0.037288975,-1.2413478,-0.046126455,-0.058520716,4,8,0.020889882,98,13,0.09932754814075612,0.0979297111607583,9,-0.08965983672456199,0.06364027245598984,0.0013978369799978185,False,True,False,False
2D,entry_btc_rsi>62.8 ∧ entry_quality_score≤4,173.66666666666666,-0.07933968,-0.031833295,-1.2405719,-0.067906976,-0.028919157,6,9,0.01861263,133,44,0.17995559359854776,0.028872654496858958,25,-0.15171813475762203,0.3683876432410056,0.1510829391016888,False,True,False,False
2D,entry_btc_dist_from_ema13_pct>0.152 ∧ entry_btc_rsi>62.8,141.33333333333334,-0.0844651,-0.034681182,-1.2393056,0.02507549,-0.11710966,5,9,0.012382399,111,29,0.06370329984318528,0.11301535010030442,17,-0.2424285718601832,0.09485434915826794,-0.04931205025711914,False,False,True,False
2D,entry_price_vs_ema5_pct≤0.118 ∧ entry_rsi_prev>57.8,137.66666666666666,-0.018642237,-0.06670482,1.2389169,0.11337594,-0.004470952,3,8,0.009025019,120,30,0.11601853667421085,0.08998284927191579,18,-0.2589255177141965,0.15052500898622773,0.02603568740229506,False,False,True,False
2D,entry_btc_rsi_1h_prev≤54.1 ∧ entry_quality_score>4,52.333333333333336,-0.10888152,-0.0431116,-1.2385638,-0.045550667,-0.077080965,4,8,0.015691232,61,6,0.07338772510422481,0.09976775335052693,6,-0.13504655080874917,0.02797682435028584,-0.026380028246302117,False,True,False,False
2D,entry_ema50_slope≤0.226 ∧ entry_quality_score>4,40.333333333333336,0.024142856,-0.059056047,1.2384512,0.038062636,0.11923468,6,8,0.008069731,45,4,0.8916333496844469,0.06361837775472808,3,,,0.8280149719297187,False,True,False,False
2D,entry_btc_dist_from_ema13_pct>0.152 ∧ entry_bull_pct≤71.1,78.0,0.0039481586,-0.0635306,1.2384204,0.07453913,0.05536224,4,8,0.024506986,84,19,0.20240788477647567,0.07238538105739911,14,-0.44731569976969277,0.5267496506013745,0.13002250371907656,False,True,True,False
2D,entry_btc_atr_pct≤0.146 ∧ entry_quality_score>4,36.0,0.020989481,-0.057841565,1.2383485,0.2927567,-0.06356491,5,7,0.027913444,52,7,-0.33724178608871175,0.13236086128981744,7,-0.3968529829016878,-0.5381621322776315,-0.4696026473785292,False,False,False,False
2D,entry_bull_pct≤71.1 ∧ entry_ema5_stretch≤0.118,113.33333333333333,-0.0114597725,-0.065569006,1.2353082,0.020154672,0.08385626,5,7,0.015551928,104,31,0.24171893326160354,0.029632880324047085,24,-0.07742065676005794,0.38213156368255197,0.21208605293755645,False,True,True,False
2D,entry_btc_adx>24.9 ∧ entry_ema20_slope>0.146,96.33333333333333,-0.09308376,-0.03895394,-1.2344832,-0.06492972,-0.043994635,5,7,0.02633809,98,22,-0.04277186413519605,0.1400054751776633,16,-0.10438137155211483,-0.3159256308882523,-0.18277733931285933,False,True,True,False
2D,entry_ema20_slope>0.146 ∧ entry_ema_gap_8_13≤0.132,34.666666666666664,0.018276706,-0.0573331,1.233658,0.13148516,0.03187796,4,7,0.03195841,50,11,-0.22996296524087656,0.14057666788026368,10,0.06440226548944766,-0.5034839115242554,-0.37053963312114024,False,True,False,False
2D,entry_adx_delta>0.241 ∧ entry_ema_gap_8_13>0.132,118.33333333333333,-0.012256195,-0.06614141,1.233315,0.05695023,0.047986552,5,7,0.024891812,115,23,0.21361893565417606,0.06172861139899616,18,-0.23027597777090364,0.4346664938978369,0.1518903242551799,False,True,True,False
2D,entry_global_volume_ratio≤0.823 ∧ entry_quality_score>4,49.0,0.020657731,-0.060514398,1.2332104,0.016258327,0.13834998,5,8,0.02471048,63,5,0.5685120026903677,0.07227323229363662,4,,0.9037614473339045,0.4962387703967311,False,True,False,False
2D,entry_ema20_slope>0.146 ∧ entry_ema50_slope≤0.226,79.66666666666667,-0.00078534085,-0.06276723,1.2325321,-0.00016890839,0.12617171,6,8,0.025130402,88,19,0.0809307420134327,0.10236026044048763,13,-0.057311481508353634,-0.008516334766793535,-0.021429518427054928,False,False,False,False
2D,entry_btc_dist_from_ema13_pct>0.152 ∧ entry_btc_ema20_slope≤0.0586,51.333333333333336,0.009126459,-0.05944097,1.2295283,-0.12717168,0.22002368,4,8,0.0059565343,68,16,0.30980017299911944,0.05578276730233574,11,0.35229937462976757,0.16048341093106214,0.2540174056967837,False,False,True,False
2D,entry_atr_pct>0.455 ∧ entry_btc_rsi_1h_prev>54.1,101.33333333333333,-0.004210344,-0.06583145,1.2275419,0.05052883,0.07029052,6,7,0.04676254,82,30,0.032105888094863526,0.12812496226252826,20,-0.04068545075259891,-0.13496117062392843,-0.09601907416766473,False,True,False,False
2D,entry_adx≤22 ∧ entry_btc_rsi_prev>62,100.0,-0.09426005,-0.03798529,-1.2273366,0.04029184,-0.13885698,5,9,0.007833872,97,24,-0.09303282933841162,0.16183627855964788,16,-0.43199716262865756,-0.13039759443075655,-0.2548691078980595,False,False,True,False
2D,entry_ema_gap_5_8>0.0879 ∧ entry_neg_di>15.8,96.33333333333333,-0.091808714,-0.039326157,-1.227268,-0.094421096,-0.016798798,5,8,0.024657942,105,16,0.16245595357244294,0.08525161118767105,15,0.14334612605531993,0.08040128509980324,0.07720434238477189,False,True,False,False
2D,entry_bear_pct≤20 ∧ entry_btc_ema20_slope>0.0586,135.0,-0.08442902,-0.035780165,-1.2260672,0.009865373,-0.09861252,5,9,0.0321364,89,23,-0.0924606289019879,0.15816463858792454,15,0.058321558871925305,-0.4042192633612683,-0.25062526748991243,False,False,True,False
2D,entry_adx_delta>0.241 ∧ entry_adx_prev>22.1,96.33333333333333,-0.011363272,-0.06280973,1.2251513,-0.0005598478,0.0943482,5,7,0.032928646,92,19,0.352714486084113,0.03529673917629383,16,0.14073007401393733,0.4240816464663613,0.31741774690781915,False,False,True,False
2D,entry_ema50_slope≤0.226 ∧ entry_gap≤0.354,141.33333333333334,-0.08455763,-0.03463529,-1.2238672,-0.059024587,-0.042318016,5,9,0.0094705,113,33,0.09771282942496694,0.09833175843093431,23,0.24126723910036457,-0.2438693639350566,-0.0006189290059673697,False,True,True,False
2D,entry_pair_ema20_ema50_gap_pct≤0.339 ∧ entry_pair_volume_ratio>0.763,104.0,-0.011096514,-0.06411944,1.2232907,0.10709791,0.0066271573,5,9,0.025636245,98,23,0.295672449049858,0.03587613457569911,17,0.21195564171200798,0.2570865995043015,0.2597963144741589,False,True,True,False
2D,entry_btc_rsi_1h_prev≤54.1 ∧ entry_pos_di≤26.2,122.33333333333333,-0.08830372,-0.03624797,-1.2224897,-0.030985799,-0.066884495,3,8,0.023721747,102,20,0.14736859294738586,0.08515858280559278,13,0.18005696765692772,-0.05646947090786569,0.06221001014179307,False,True,False,False
2D,entry_atr_pct≤0.455 ∧ entry_rsi>60.1,135.33333333333334,-0.08254897,-0.036598783,-1.2223809,0.091234766,-0.16398638,7,9,0.017739434,118,23,0.07517906822560935,0.10534665182169528,17,-0.07836168997053122,-0.0921188545654876,-0.03016758359608593,False,False,True,False
2D,entry_bear_pct≤20 ∧ entry_bull_pct>71.1,187.66666666666666,-0.077253826,-0.03068675,-1.221701,-0.005645506,-0.077059224,5,9,0.02248045,120,45,0.053240632448149076,0.13771756258835416,23,0.10358930849648498,-0.15927264689774945,-0.08447693014020508,False,True,True,False
2D,entry_btc_dist_from_ema13_pct≤0.152 ∧ entry_global_volume_ratio≤0.823,110.33333333333333,-0.091243446,-0.03719835,-1.2194769,-0.13685805,0.021044381,6,9,0.02567488,108,30,0.1093859551004289,0.09299765907818033,20,0.21159039597371324,-0.05994944070240159,0.01638829602224856,False,False,False,False
2D,entry_btc_atr_pct≤0.146 ∧ entry_ema50_slope≤0.226,96.33333333333333,-0.0110359425,-0.06290528,1.2189689,0.10771799,0.014818326,5,8,0.014594452,89,26,0.023652557559260216,0.12577796650902862,18,0.1886435447968852,-0.41429163376804146,-0.1021254089497684,False,True,False,False
2D,entry_dist_from_ema13_pct>0.341 ∧ entry_ema_gap_8_13≤0.132,57.333333333333336,-0.110941574,-0.041900333,-1.2185622,-0.06528966,-0.06984617,5,8,0.024785686,81,14,0.005341071050801315,0.1139591360666043,11,0.2864301452464533,-0.1682731494020175,-0.10861806501580298,False,True,True,False
2D,entry_btc_rsi_prev>62 ∧ entry_dist_from_ema13_pct>0.341,96.0,-0.095674604,-0.038255624,-1.2166573,0.019108025,-0.14734487,6,9,0.027784083,102,24,-0.10131375435732969,0.16459658689928724,19,-0.3858607145579195,-0.193899307004625,-0.26591034125661694,False,False,True,False
2D,entry_dist_from_ema13_pct≤0.341 ∧ entry_ema5_stretch≤0.118,180.66666666666666,-0.024181943,-0.071043424,1.2147167,0.042618528,0.05336291,4,9,0.015258107,130,41,0.11235608724217383,0.08750590136806624,26,0.041055991691704125,0.0013474590690684572,0.02485018587410759,False,True,True,False
2D,entry_ema50_slope≤0.226 ∧ entry_price_vs_ema5_pct>0.118,102.0,-0.09376667,-0.037793443,-1.2145102,-0.07867896,-0.036624894,6,9,0.00558275,100,22,0.06146474570320757,0.109016212793273,15,0.13763370179518894,-0.14228115581073325,-0.047551467090065434,False,True,True,False
1D,entry_rsi_prev >T2 59.5,142.0,-0.020146603,-0.066686004,1.213962,0.084253155,0.018201105,5,7,0.0112228375,112,36,0.0426632239940086,0.13139246813980765,20,-0.240197410092269,-0.06805935690461921,-0.08872924414579905,False,True,False,False
2D,entry_dist_from_ema13_pct≤0.341 ∧ entry_ema_gap_8_13≤0.132,156.0,-0.021280203,-0.06844202,1.2135184,0.10503113,-0.0033104308,4,9,0.013260309,130,40,0.06607309369611622,0.1210089357915736,26,0.08807056093287488,-0.1518492578147172,-0.05493584209545738,False,False,False,False
2D,entry_atr_pct≤0.455 ∧ entry_dist_from_ema13_pct≤0.341,148.0,-0.02047348,-0.06751544,1.2127146,0.046883464,0.04896032,6,8,0.028975949,119,38,0.09566926179932456,0.09972400351376613,26,0.006559219717800657,-0.045504504982825766,-0.004054741714441576,False,True,False,False
2D,entry_btc_dist_from_ema13_pct>0.152 ∧ entry_range_position>81.7,130.33333333333334,-0.084636115,-0.03645597,-1.2122049,-0.070400305,-0.029522818,5,8,0.012592953,103,23,0.07968296287592876,0.1039276165209097,14,0.1971450046316212,-0.3643222408394231,-0.02424465364498095,False,True,True,False
2D,entry_bull_pct≤71.1 ∧ entry_pair_ema20_ema50_gap_pct>0.339,110.33333333333333,-0.009798799,-0.06563525,1.2120942,-0.004778523,0.112807855,5,7,0.026919868,111,18,0.16917825131011027,0.08172071318706131,15,-0.3489667150542094,0.3703121303000443,0.08745753812304896,False,False,True,False
2D,entry_adx>22 ∧ entry_ema20_slope>0.146,103.33333333333333,-0.011409444,-0.063909896,1.2112557,-0.0340461,0.12173748,4,8,0.034221638,109,25,0.042096157192530737,0.11784535524450002,17,-0.15875970411558848,-0.0580829308334269,-0.07574919805196928,False,False,False,False
2D,entry_adx_prev>22.1 ∧ entry_ema20_slope>0.146,103.33333333333333,-0.011128281,-0.06399985,1.211193,-0.052461635,0.13608673,5,8,0.028036855,109,26,0.03971152045176217,0.11981320886324219,20,-0.05746157736937235,-0.13592570218170907,-0.08010168841148002,False,False,False,False
2D,entry_adx_delta≤0.241 ∧ entry_btc_dist_from_ema13_pct>0.152,112.66666666666667,-0.09034242,-0.037119955,-1.210207,0.026584264,-0.11484196,5,9,0.010759935,97,24,0.029257628876374942,0.12107279248805236,19,0.1502700637182733,-0.1606094000792424,-0.09181516361167742,False,False,True,False
2D,entry_ema_gap_8_13>0.132 ∧ entry_global_volume_ratio≤0.823,100.33333333333333,-0.09755834,-0.036912635,-1.2097459,-0.1984917,0.07829512,5,8,-0.002561774,110,22,0.2946317462885986,0.03969629370031893,14,0.0509308742367566,0.3922670706074921,0.2549354525882797,False,False,False,False
2D,entry_btc_1h_slope≤0.0639 ∧ entry_ema_gap_8_13>0.132,114.66666666666667,-0.088366926,-0.037505228,-1.2095575,-0.060995296,-0.040835638,5,8,0.031655066,101,18,0.09799909224740226,0.09814667297076318,14,-0.14903993493378698,0.07706720820413127,-0.0001475807233609211,False,True,True,False
2D,entry_adx_prev≤22.1 ∧ entry_ema_gap_5_8>0.0879,121.0,-0.08885031,-0.036258683,-1.2091813,-0.028489701,-0.0825177,6,9,0.02522504,123,22,0.17154289865078207,0.07629027543048059,17,-0.15470152534148043,0.2587822382189823,0.09525262322030148,False,True,False,False
2D,entry_atr_pct≤0.455 ∧ entry_btc_adx>24.9,129.33333333333334,-0.08424055,-0.036790438,-1.2091669,-0.07402926,-0.024918549,5,8,0.03099433,96,32,0.1770755232259418,0.058640740764728666,18,0.29773519361741807,0.04379593785829025,0.11843478246121314,False,True,False,False
2D,entry_btc_adx>24.9 ∧ entry_btc_rsi_1h_prev>54.1,120.0,-0.015309535,-0.0652385,1.2081589,-0.012417115,0.10050051,5,8,0.013135456,83,36,0.16515138982399324,0.05789956864181688,19,0.11740710873948107,0.12243996808812777,0.10725182118217635,False,False,True,False
2D,entry_btc_adx≤24.9 ∧ entry_ema_gap_8_13>0.132,116.66666666666667,-0.011213512,-0.06624423,1.2075822,-0.04344634,0.15197952,6,8,0.018074539,104,18,0.4158702043205496,0.024791800953883027,13,-0.08708061098280012,0.7330058361846701,0.3910784033666666,False,False,True,False
2D,entry_neg_di≤15.8 ∧ entry_pos_di≤26.2,119.33333333333333,-0.011408992,-0.066646256,1.2071491,0.034117267,0.07430315,5,8,0.03393442,125,25,0.24774762016472557,0.04543286828245959,19,-0.17606817272292688,0.48735627119414093,0.20231475188226597,False,True,True,False
2D,entry_gap>0.354 ∧ entry_rsi_prev>57.8,118.0,-0.014868399,-0.06508346,1.2069118,0.14737079,-0.03983279,6,8,-0.0040131956,112,27,0.0670105862153567,0.11029185977330633,17,-0.15850542651121208,0.014082927973675179,-0.043281273557949626,False,False,False,False
2D,entry_gap>0.354 ∧ entry_pair_rank≤30,102.0,-0.007794673,-0.06483088,1.2048727,-0.051423207,0.14924909,6,8,0.012420803,111,25,0.0050908564052111645,0.1308753907329928,22,-0.1557358451453921,-0.1285214334460362,-0.12578453432778164,False,False,False,False
2D,entry_btc_adx_prev≤24.8 ∧ entry_btc_atr_pct>0.146,146.0,-0.018124875,-0.068403,1.2034452,0.014645785,0.08349316,5,8,-0.0015673228,91,25,0.27290376489264695,0.03657507084305066,15,0.1599345485576687,0.25457599799703373,0.23632869404959628,False,False,True,False
2D,entry_btc_rsi_1h≤57.2 ∧ entry_price_vs_ema5_pct>0.118,123.33333333333333,-0.08670194,-0.036728162,-1.2032534,-0.071592346,-0.03104904,5,8,0.017297208,106,19,-0.009968694200650795,0.1247899914543524,12,0.1701679651142064,-0.25383136698281594,-0.1347586856550032,False,True,True,False
2D,entry_btc_rsi≤62.8 ∧ entry_btc_rsi_prev6≤58.3,122.66666666666667,-0.013439821,-0.06643223,1.2029324,0.060136538,0.04439271,6,8,0.01563228,110,25,0.003674780351546767,0.13137400906174787,18,0.2075021046312471,-0.35198039589730573,-0.1276992287102011,False,True,False,False
2D,entry_btc_rsi≤62.8 ∧ entry_btc_rsi_1h>57.2,93.33333333333333,-0.006756907,-0.063637316,1.2026635,0.088601716,0.0169863,6,7,0.04462955,73,28,0.07212545447986,0.10882222686377484,17,0.09489452119882769,-0.17846284022681572,-0.03669677238391483,False,True,False,False
2D,entry_btc_ema20_slope≤0.0586 ∧ entry_rsi_prev≤57.8,109.66666666666667,-0.09156516,-0.03720072,-1.2023546,-0.28292048,0.13056982,5,9,-0.024446895,112,29,0.12657176026172465,0.0858036284266083,22,0.11140075801697541,0.027228717944536882,0.04076813183511635,False,False,False,False
2D,entry_btc_rsi_prev>62 ∧ entry_ema5_stretch>0.118,91.0,-0.09575734,-0.039089322,-1.1984383,0.041928623,-0.15665625,5,9,0.015185613,95,24,-0.07337350558838408,0.15528317064297203,16,-0.37448668951929,-0.11363809991947993,-0.2286566762313561,False,False,True,False
2D,entry_btc_rsi_prev>62 ∧ entry_price_vs_ema5_pct>0.118,91.0,-0.09575734,-0.039089322,-1.1984383,0.041928623,-0.15665625,5,9,0.015185613,95,24,-0.07337350558838408,0.15528317064297203,16,-0.37448668951929,-0.11363809991947993,-0.2286566762313561,False,False,True,False
2D,entry_btc_rsi_prev>62 ∧ entry_pair_rank≤30,114.66666666666667,-0.012424617,-0.06544551,1.197015,0.1190615,0.00971055,6,9,0.008486759,109,31,0.06053634089567161,0.11604303976010691,24,-0.31529425367054165,0.11635847057865353,-0.0555066988644353,False,True,False,False
2D,entry_global_volume_ratio>0.823 ∧ entry_price_vs_ema5_pct>0.118,101.33333333333333,-0.011632531,-0.06351726,1.1945748,0.080465876,0.02991233,4,9,0.019492675,98,22,-0.0778787934088482,0.1504426703671274,18,-0.15259326980224072,-0.25833250918689266,-0.22832146377597562,False,True,False,False
2D,entry_adx≤22 ∧ entry_rsi≤60.1,97.33333333333333,-0.09828495,-0.037250668,-1.1938357,-0.14848462,0.020456437,5,9,-0.0043491162,107,25,-0.03704804555364258,0.14571303226780047,18,0.3384065889145057,-0.37369703263783643,-0.18276107782144305,False,False,True,False
2D,entry_dist_from_ema13_pct≤0.341 ∧ entry_gap≤0.354,153.33333333333334,-0.021270955,-0.06798654,1.1916035,0.135643,-0.030733552,4,9,0.0066192523,130,38,0.0934087854401106,0.10120500526635458,26,0.10511014058270182,-0.08095496704587826,-0.007796219826243983,False,False,False,False
2D,entry_ema50_slope≤0.226 ∧ entry_rsi_prev≤57.8,114.0,-0.09160041,-0.036433592,-1.1908638,-0.088578224,-0.025122106,5,9,0.02030643,105,26,-0.008395359069055901,0.13768147839954603,18,0.18635421618155207,-0.2750189129544892,-0.14607683746860192,False,True,True,False
2D,entry_adx_prev>22.1 ∧ entry_btc_1h_slope>0.0639,113.66666666666667,-0.013692504,-0.064815,1.1894321,-0.015268549,0.108801775,4,7,0.010340989,90,30,0.14366672060978256,0.07741549293756504,22,0.003834649142269858,0.13536210860580833,0.06625122767221751,False,False,True,False
2D,entry_neg_di≤15.8 ∧ entry_range_position>81.7,106.66666666666667,-0.0118762255,-0.06430159,1.1871676,0.047056053,0.054393258,5,8,0.0033558942,115,25,0.19502933150449486,0.06399564597972392,16,-0.15121020667608462,0.3146870372533329,0.13103368552477096,False,True,True,False
2D,entry_adx>22 ∧ entry_adx_delta>0.241,105.66666666666667,-0.013933187,-0.06346029,1.1851723,-0.0061257966,0.09623853,4,7,0.027129948,98,22,0.30624394469423216,0.03624401849864408,16,0.061356242124558424,0.40000392989820355,0.2699999261955881,False,False,True,False
2D,entry_btc_1h_slope>0.0639 ∧ entry_btc_adx_prev>24.8,114.33333333333333,-0.014828577,-0.064507924,1.1839052,-0.011836566,0.09965297,5,8,0.0031515323,79,36,0.17838070351592186,0.049961980426659745,20,0.08049335307751579,0.17950080364878251,0.1284187230892621,False,False,True,False
2D,entry_gap≤0.354 ∧ entry_price_vs_ema5_pct≤0.118,125.33333333333333,-0.016844572,-0.065484,1.1838377,0.0889878,0.014230058,4,9,0.013033373,116,29,0.12585785635456137,0.08611263161030581,23,0.08950038270363267,-0.02712739241580426,0.039745224744255556,False,True,True,False
2D,entry_ema5_stretch≤0.118 ∧ entry_gap≤0.354,125.33333333333333,-0.016844572,-0.065484,1.1838377,0.0889878,0.014230058,4,9,0.013033373,116,29,0.12585785635456137,0.08611263161030581,23,0.08950038270363267,-0.02712739241580426,0.039745224744255556,False,True,True,False
2D,entry_btc_rsi≤62.8 ∧ entry_btc_rsi_1h≤57.2,120.0,-0.08847588,-0.036577035,-1.1834173,-0.0879006,-0.020909984,4,8,0.0054134205,94,16,-0.15765892530576872,0.14927458696331336,12,0.3345501419257353,-0.6893997392944538,-0.30693351226908205,False,True,True,False
2D,entry_adx_prev>22.1 ∧ entry_btc_atr_pct>0.146,82.0,-0.099326774,-0.039720453,-1.1808472,-0.00824618,-0.11557978,4,8,0.03552419,78,11,0.04344501876715205,0.10519445818510703,10,-0.5192103441772487,0.16643082249948318,-0.06174943941795498,False,True,True,False
2D,entry_adx>22 ∧ entry_ema5_stretch>0.118,74.0,-0.0020975282,-0.06149476,1.1790333,0.042816665,0.07399354,5,8,0.032988407,99,14,0.11623907953051014,0.09502532974080033,11,-0.33890451366470953,0.22048559188219594,0.021213749789709815,False,True,True,False
2D,entry_btc_ema20_slope≤0.0586 ∧ entry_btc_rsi_prev6≤58.3,110.66666666666667,-0.013131218,-0.064525925,1.1788775,-0.012330763,0.10394239,5,8,0.0054571964,104,25,0.19563696758897464,0.06378168961194934,18,0.38729586835270946,-0.0395664508158807,0.1318552779770253,False,False,True,False
2D,entry_adx_delta>0.241 ∧ entry_btc_rsi_prev6≤58.3,97.66666666666667,-0.009748298,-0.06349834,1.1786869,-0.019803807,0.12465797,5,7,0.03346763,102,24,0.26830126276797456,0.0413915811908525,19,-0.10244410579149732,0.44470588008924866,0.22690968157712205,False,False,True,False
2D,entry_ema5_stretch≤0.118 ∧ entry_rsi_prev>57.8,138.0,-0.02030079,-0.06596658,1.1774436,0.107786894,-0.004470952,3,8,0.009025019,120,30,0.11601853667421085,0.08998284927191579,18,-0.2589255177141965,0.15052500898622773,0.02603568740229506,False,False,True,False
2D,entry_atr_pct>0.455 ∧ entry_pair_ema20_ema50_gap_pct>0.339,129.66666666666666,-0.015818479,-0.06664295,1.177068,-0.0014250465,0.09613828,5,7,0.0065195933,117,25,0.07866916220820082,0.10496753657701055,21,-0.07274024177511465,0.048478119362789694,-0.026298374368809732,False,False,False,False
2D,entry_bear_pct>20 ∧ entry_pair_ema20_ema50_gap_pct>0.339,107.66666666666667,-0.010416034,-0.06495946,1.1764163,-0.013312813,0.1160152,5,7,0.037215427,107,22,0.15581490816939025,0.08096616449251598,17,-0.3489667150542094,0.32901858164050063,0.07484874367687427,False,False,True,False
2D,entry_btc_adx_prev≤24.8 ∧ entry_btc_rsi_1h_prev≤54.1,117.33333333333333,-0.08585299,-0.038020894,-1.1762784,-0.087747976,-0.0136321485,3,7,-0.0044542328,91,15,-0.13708828400131523,0.1416759063233642,11,-0.15295411225186656,-0.364282916100235,-0.2787641903246794,False,False,True,False
2D,entry_ema50_slope>0.226 ∧ entry_global_volume_ratio≤0.823,101.0,-0.09294184,-0.038221553,-1.1745812,-0.03294731,-0.07979059,5,8,0.039443165,112,19,0.13778716397356233,0.08833075372305306,14,0.11616735149149435,0.07860465582357685,0.04945641025050927,False,True,False,False
2D,entry_adx>22 ∧ entry_gap≤0.354,110.0,-0.013516943,-0.06428348,1.1744983,0.09053291,0.019389499,4,7,0.013329264,110,23,0.18699940373837917,0.07011558720808286,19,0.06393592338625106,0.17057616791437735,0.11688381653029631,False,True,True,False
2D,entry_rsi>60.1 ∧ entry_rsi_prev≤57.8,66.66666666666667,-0.0971784,-0.042659808,-1.1744946,-0.0042557046,-0.1031094,6,8,0.009594418,93,10,0.5060825085470317,0.05068138449654013,9,0.1555492445002101,0.6531049054586899,0.4554011240504916,False,True,False,False
2D,entry_ema_gap_8_13≤0.132 ∧ entry_rsi≤60.1,119.33333333333333,-0.01408533,-0.06560593,1.1741954,0.06981449,0.03863489,6,9,0.029616129,123,39,0.05862858759377524,0.12513875852658835,24,0.32873588903029183,-0.21257639003640952,-0.06651017093281311,False,True,False,False
2D,entry_atr_pct≤0.455 ∧ entry_quality_score≤4,182.0,-0.076531395,-0.03230488,-1.1720369,-0.0141948685,-0.06891577,5,8,0.019280981,135,43,0.05978781248361515,0.1292178908561758,27,0.16759352117610823,-0.2629980182814659,-0.06943007837256066,False,True,True,False
2D,entry_btc_rsi_prev6≤58.3 ∧ entry_neg_di>15.8,111.0,-0.090887405,-0.037209418,-1.1708724,0.026340744,-0.118022636,4,9,0.016530417,97,22,0.06767992098904721,0.1071684579785639,16,0.1974486899068295,-0.02276851671545855,-0.039488536989516695,False,False,True,False
2D,entry_btc_1h_slope>0.0639 ∧ entry_btc_adx>24.9,114.66666666666667,-0.015424672,-0.06434174,1.1701461,0.0002520047,0.08958753,4,8,0.004769407,79,34,0.17331361892616415,0.056883243688438515,19,0.06046673083287879,0.1756771718357415,0.11643037523772563,False,True,True,False
2D,entry_btc_rsi_1h≤57.2 ∧ entry_rsi_prev>57.8,92.66666666666667,-0.090585,-0.040242746,-1.169651,0.008780491,-0.09681748,6,8,0.025546968,81,13,-0.024838565622228508,0.11737741572604506,9,0.05376001170273889,-0.33605685735563057,-0.14221598134827357,False,False,True,False
2D,entry_bear_pct>20 ∧ entry_btc_ema20_slope≤0.0586,129.33333333333334,-0.017330507,-0.065927476,1.1679963,-0.096556365,0.1741829,3,8,-0.0025997348,117,26,0.10580537584314703,0.09526406257501355,19,0.319833892313916,-0.22160889561372799,0.010541313268133484,False,False,True,False
2D,entry_btc_adx_prev≤24.8 ∧ entry_btc_atr_pct≤0.146,67.33333333333333,-0.0026013001,-0.060297266,1.1661228,0.115089506,0.0046092384,6,7,0.037762992,70,15,-0.4998421948720139,0.20885255648460468,11,-0.5142823888042711,-0.8398105808393281,-0.7086947513566186,False,True,False,False
2D,entry_btc_adx>24.9 ∧ entry_btc_rsi_prev6≤58.3,86.33333333333333,-0.096493535,-0.039680187,-1.1656592,-0.02439449,-0.08475271,5,8,0.0013799518,82,18,0.0815473221960463,0.10194323529030686,12,0.16397736333278803,-0.05122756873126699,-0.02039591309426056,False,True,True,False
1D,entry_btc_atr_pct ≤T1 0.123,142.33333333333334,-0.020284476,-0.06667153,1.1635412,0.03879341,0.057259142,4,8,0.008787256,97,32,0.20268375855172094,0.04583662310183909,20,0.1936121000455092,0.0671772810331013,0.15684713544988185,False,True,True,False
1D,entry_adx_prev ≤T1 20,142.33333333333334,-0.018748546,-0.06744129,1.1628281,0.047078755,0.049256388,6,8,0.023726135,127,37,0.13927074036367443,0.07231197896130193,25,0.26143161442634477,-0.0006530989001442599,0.0669587614023725,False,True,True,False
2D,entry_dist_from_ema13_pct≤0.341 ∧ entry_pair_rank>30,99.66666666666667,-0.088226624,-0.039883524,-1.1625301,-0.0060076155,-0.08562807,5,8,0.0030711442,104,24,0.15118855118300764,0.08042915171917481,18,0.1686143549849879,0.020834790461803372,0.07075939946383283,False,True,False,False
2D,entry_btc_ema20_slope≤0.0586 ∧ entry_btc_rsi_1h≤57.2,113.33333333333333,-0.087554105,-0.038016208,-1.1619375,-0.13329089,0.011643376,4,8,0.013277002,99,18,0.12262115738047001,0.09246465794005526,14,0.26508184177127975,-0.1735663969591693,0.03015649944041475,False,False,False,False
2D,entry_btc_atr_pct>0.146 ∧ entry_quality_score>4,57.666666666666664,0.008012423,-0.06044463,1.1617178,0.027862152,0.10405208,5,8,0.0073003024,56,7,0.426161965230082,0.07231786961305839,6,,0.4203315877514591,0.35384409561702357,False,True,False,False
2D,entry_adx≤22 ∧ entry_btc_ema20_slope>0.0586,116.0,-0.088297136,-0.037312794,-1.1598691,0.011976145,-0.11732221,5,9,0.022026896,87,25,-0.009164981236355793,0.13589505187438963,16,-0.1196310329840074,-0.14261222436984272,-0.14506003311074542,False,False,True,False
2D,entry_adx_delta>0.241 ∧ entry_btc_trend_gap_pct>0.0932,120.66666666666667,-0.015960222,-0.06509053,1.1582693,0.0374732,0.058078058,5,8,0.009043768,95,29,0.26479890113414534,0.025973970437053073,19,0.17359245336685528,0.25856419147087095,0.23882493069709226,False,True,True,False
2D,entry_btc_adx≤24.9 ∧ entry_ema5_stretch>0.118,134.0,-0.018068053,-0.066365175,1.1577823,-0.013553083,0.10651295,7,8,0.025499664,124,27,0.1200565757585481,0.08953473343031844,20,0.3153481828781206,-0.130779418557241,0.03052184232822966,False,False,True,False
2D,entry_btc_rsi_1h≤57.2 ∧ entry_ema_gap_5_8≤0.0879,103.0,-0.090653196,-0.038612146,-1.1565635,-0.0740729,-0.033456717,5,8,0.021282546,92,17,-0.1169414683628277,0.14439783689039037,12,0.17122400297797544,-0.567520049263671,-0.2613393052532181,False,True,True,False
2D,entry_global_volume_ratio≤0.823 ∧ entry_range_position>81.7,116.0,-0.08672724,-0.03789961,-1.1554232,-0.043962944,-0.060193453,5,8,0.004059814,110,27,0.09063205408441177,0.1010486766941109,18,0.27195400972910516,-0.13517717748996239,-0.010416622609699125,False,True,True,False
2D,entry_btc_ema20_slope>0.0586 ∧ entry_btc_rsi_prev6≤58.3,105.66666666666667,-0.09324582,-0.037325043,-1.1552148,0.040023312,-0.17485397,5,9,0.011561453,82,21,-0.00674429464978089,0.12748072453090895,16,-0.5032814954959135,0.0789452399631962,-0.13422501918068983,False,False,True,False
2D,entry_btc_dist_from_ema13_pct≤0.152 ∧ entry_ema20_slope>0.146,108.0,-0.013249795,-0.06405517,1.155093,0.016590359,0.08075482,7,8,0.02735445,102,24,0.10554967981854102,0.0956421088406637,18,-0.14463676243191315,0.10620199304837022,0.009907570977877325,False,True,True,False
2D,entry_ema50_slope≤0.226 ∧ entry_ema5_stretch>0.118,101.66666666666667,-0.09176168,-0.038478747,-1.154426,-0.073400535,-0.036624894,5,9,0.0024090745,100,22,0.06146474570320757,0.109016212793273,15,0.13763370179518894,-0.14228115581073325,-0.047551467090065434,False,True,True,False
2D,entry_adx>22 ∧ entry_ema_gap_5_8≤0.0879,120.0,-0.015633361,-0.06511165,1.1540102,0.032983027,0.064175874,4,7,0.003955558,115,29,0.11316883061586211,0.09160489648228012,21,0.03426406898362333,0.059295681144863194,0.021563934133581986,False,True,True,False
2D,entry_btc_rsi≤62.8 ∧ entry_global_volume_ratio>0.823,91.66666666666667,-0.010714129,-0.062270146,1.1531535,0.15841326,-0.029171295,4,7,0.02450097,88,18,0.0448978977517816,0.11040079477744488,15,0.11868416656394776,-0.36254549749186477,-0.06550289702566328,False,False,False,False
2D,entry_btc_adx>24.9 ∧ entry_pair_ema20_ema50_gap_pct>0.339,99.66666666666667,-0.08832456,-0.03985364,-1.1528313,-0.16987607,0.03303882,5,7,0.0108395405,89,25,0.22370808316908286,0.05389749398515068,15,0.10119131270170487,0.24473149158107937,0.1698105891839322,False,False,False,False
2D,entry_price_vs_ema5_pct>0.118 ∧ entry_quality_score≤4,170.33333333333334,-0.0786802,-0.032890666,-1.1525476,-0.065699205,-0.02927513,5,9,0.0018122122,138,40,0.08568580711982485,0.10699985477463889,23,0.02821087509909348,0.011149216821639323,-0.02131404765481404,False,True,True,False
2D,entry_adx≤22 ∧ entry_bear_pct>20,102.0,-0.0940776,-0.03769565,-1.1521647,-0.10290484,-0.0105882995,5,9,0.0011753812,106,22,0.06341002234531631,0.10843788730507851,16,-0.17531865405548902,0.03696285846969009,-0.0450278649597622,False,True,True,False
2D,entry_atr_pct>0.455 ∧ entry_btc_ema20_slope>0.0586,101.0,-0.0938622,-0.03793583,-1.1513177,0.0063293986,-0.1333135,6,8,0.025986895,89,23,-0.08765217791286438,0.15664964718039245,18,-0.07769884509968164,-0.31702407687308326,-0.24430182509325682,False,False,True,False
2D,entry_bear_pct≤20 ∧ entry_range_position≤81.7,105.33333333333333,-0.08970208,-0.03854596,-1.1509022,-0.0397445,-0.060119875,4,8,-0.0069455467,102,22,0.049535593463752026,0.11256271751311116,15,-0.18464163343603274,0.042567513617551636,-0.06302712404935913,False,False,True,False
2D,entry_dist_from_ema13_pct>0.341 ∧ entry_price_vs_ema5_pct>0.118,180.33333333333334,-0.07723346,-0.03208986,-1.1498024,-0.07320803,-0.022485644,5,9,0.002166953,144,37,0.044950559831324385,0.1314619226849791,26,0.05645894651326955,-0.1276845720579457,-0.08651136285365472,False,True,True,False
2D,entry_adx>22 ∧ entry_btc_rsi_1h≤57.2,99.33333333333333,-0.01385007,-0.062526286,1.145745,0.07102257,0.02982352,6,8,0.01917205,87,9,-0.0412209355606601,0.11253347784159437,7,,-0.2508036045201272,-0.1537544134022545,False,True,False,False
2D,entry_pair_volume_ratio>0.763 ∧ entry_rsi_prev≤57.8,89.33333333333333,-0.008782879,-0.062425133,1.1447586,0.07967001,0.031307843,5,9,0.0038615353,99,23,0.20073243457917944,0.06578874187468006,15,0.0989517715790032,0.21479081393964874,0.13494369270449938,False,True,True,False
2D,entry_btc_rsi_prev≤62 ∧ entry_pos_di>26.2,93.0,-0.091891065,-0.03982801,-1.1438901,-0.20292507,0.07837816,6,8,0.015854556,93,16,-0.2469688800104141,0.16713657790424247,12,,-0.4862976307215425,-0.4141054579146566,False,False,True,False
2D,entry_btc_rsi_prev6≤58.3 ∧ entry_neg_di≤15.8,105.33333333333333,-0.01156009,-0.06418757,1.143309,0.0063240044,0.100603014,5,8,0.028189402,110,24,0.1358473225133304,0.08554289460906722,19,-0.048205851999312654,0.0757113243390374,0.05030442790426318,False,True,True,False
2D,entry_btc_adx>24.9 ∧ entry_range_position≤81.7,124.33333333333333,-0.085269,-0.037152626,-1.1433055,-0.047892556,-0.04516551,3,8,0.0020858832,106,30,0.19821877382397138,0.052619105112933794,19,0.026602601266742132,0.23468647982110719,0.14559966871103758,False,True,False,False
2D,entry_btc_dist_from_ema13_pct≤0.152 ∧ entry_range_position≤81.7,132.0,-0.08373049,-0.036589295,-1.1420686,-0.12727612,0.018425964,3,7,0.0076567493,114,28,0.06495382153682841,0.11177525219325841,20,0.1840793626837838,-0.26510951807960187,-0.046821430656430005,False,False,True,False
2D,entry_bear_pct>20 ∧ entry_btc_dist_from_ema13_pct≤0.152,123.0,-0.015961444,-0.06546796,1.1407212,0.03919734,0.05833213,3,8,0.011090171,105,26,0.15450598556206738,0.07717526467941455,19,0.2388712903932623,-0.11957135334603712,0.07733072088265283,False,True,True,False
2D,entry_quality_score≤4 ∧ entry_rsi>60.1,190.0,-0.075193346,-0.031883515,-1.1398835,0.093527876,-0.1651467,7,9,0.0049021356,145,39,0.15640001002715875,0.05824252212479962,26,-0.013563672282603384,0.12014389959047062,0.09815748790235913,False,False,False,False
2D,entry_btc_atr_pct>0.146 ∧ entry_btc_rsi_1h>57.2,93.66666666666667,-0.0058336887,-0.06395425,1.1384459,0.10541445,-0.0061103962,5,7,0.025833573,62,25,0.3364404564661331,0.014202996345344273,14,-0.10698131446901463,0.6155625300675283,0.3222374601207888,False,False,True,False
2D,entry_bear_pct>20 ∧ entry_btc_atr_pct≤0.146,119.0,-0.01708022,-0.06439043,1.1381723,0.03591463,0.05832925,4,8,0.009548064,96,32,0.1316842865085327,0.08133635912343316,19,0.004742052599382762,0.022084867358216503,0.050347927385099536,False,True,True,False
2D,entry_btc_adx>24.9 ∧ entry_ema_gap_5_8≤0.0879,111.66666666666667,-0.087311134,-0.038364813,-1.1379513,-0.12185191,0.006684892,5,8,0.0073907115,94,36,0.2307216396029588,0.018557418774437562,19,0.2637404560399912,0.2437603548351474,0.21216422082852124,False,False,False,False
2D,entry_atr_pct>0.455 ∧ entry_ema_gap_5_8≤0.0879,84.33333333333333,-0.0011961978,-0.06351168,1.1369575,0.09666583,0.03444283,5,8,0.038398303,103,23,0.037443216221919685,0.11723602985025504,16,0.1579665481072191,-0.122543838646035,-0.07979281362833535,False,True,False,False
2D,entry_ema20_slope>0.146 ∧ entry_rsi_prev≤57.8,79.33333333333333,-0.0020233963,-0.062424637,1.1342713,-0.10288888,0.20304894,5,8,0.024230938,99,17,0.27107378776833285,0.060900883039381154,16,-0.06177456194196143,0.3991861363504675,0.2101729047289517,False,False,True,False
2D,entry_btc_trend_gap_pct>0.0932 ∧ entry_rsi>60.1,102.0,-0.01350458,-0.06303516,1.1330286,0.1692991,-0.09350814,3,8,-0.033926986,96,17,0.09859593344450646,0.09801637067868556,15,-0.1660171357488689,0.09003096559115413,0.0005795627658208985,False,False,True,False
2D,entry_adx_delta≤0.241 ∧ entry_ema5_stretch≤0.118,97.66666666666667,-0.09124539,-0.03928065,-1.132252,-0.050550245,-0.051413,6,8,0.0055003017,104,22,-0.08359306551474235,0.1521415080202311,17,-0.040136238249139616,-0.30318681244619183,-0.23573457353497346,False,True,True,False
2D,entry_btc_trend_gap_pct>0.0932 ∧ entry_pos_di≤26.2,79.66666666666667,0.00017805878,-0.062988624,1.1312828,0.093520105,0.021195382,4,8,0.018321734,79,20,0.01623172925827488,0.11966828377641148,12,-0.26819017153695557,0.010577750620432945,-0.1034365545181366,False,True,False,False
2D,entry_ema_gap_8_13≤0.132 ∧ entry_quality_score>4,38.0,0.009271903,-0.057100955,1.130689,0.35843736,-0.119885,5,7,0.016252406,53,9,-0.23513565598598923,0.13259362133386982,9,,-0.4009323006198546,-0.36772927731985905,False,False,False,False
2D,entry_btc_rsi_prev>62 ∧ entry_ema50_slope≤0.226,101.66666666666667,-0.013356007,-0.06303084,1.1303269,0.055485096,0.044839047,5,8,0.014618725,92,27,0.07969599833572427,0.10532800285664079,19,0.004940900666397491,-0.052530319354163114,-0.025632004520916518,False,True,False,False
2D,entry_bull_pct≤71.1 ∧ entry_range_position>81.7,96.66666666666667,-0.010572781,-0.063093536,1.1288186,0.04997668,0.05168912,3,7,0.0033539683,105,19,0.2506391339226252,0.06048416373562196,16,-0.10605560664787123,0.42320179062938534,0.19015497018700325,False,True,True,False
2D,entry_btc_1h_slope>0.0639 ∧ entry_dist_from_ema13_pct>0.341,85.33333333333333,-0.002678221,-0.06332354,1.1284168,0.05493621,0.06293048,4,8,0.024388034,80,25,0.15605034032968473,0.07772064287226269,18,0.06759229940227016,0.10289127706442125,0.07832969745742205,False,True,True,False
2D,entry_range_position≤81.7 ∧ entry_rsi>60.1,61.0,-0.097547054,-0.04344389,-1.1278342,0.12901603,-0.22608003,4,7,0.013727732,81,8,-0.006329389280959483,0.10761430984568686,8,-0.4755943370259094,0.2824909177982445,-0.11394369912664634,False,False,True,False
2D,entry_atr_pct>0.455 ∧ entry_btc_trend_gap_pct≤0.0932,116.33333333333333,-0.08739661,-0.037595917,-1.1238805,-0.06711718,-0.034629427,6,8,0.02650081,118,23,-0.02319412464529543,0.13634094546595293,17,-0.10898877754898384,-0.16594029490923604,-0.15953507011124837,False,True,True,False
2D,entry_neg_di≤15.8 ∧ entry_rsi_prev>57.8,130.66666666666666,-0.020108564,-0.06491889,1.1231828,0.11291051,-0.015731141,4,8,0.0012365356,120,27,0.06760733282412043,0.11005835023074662,18,-0.08341453022884698,-0.2278117996519808,-0.042451017406626185,False,False,False,False
2D,entry_adx>22 ∧ entry_global_volume_ratio>0.823,111.0,-0.016308172,-0.063461944,1.1197932,0.13183941,-0.0062438585,6,7,0.024310213,106,23,0.22548004782001277,0.05799154866181474,17,-0.11463809701715727,0.3556616633966204,0.16748849915819802,False,False,True,False
2D,entry_adx_prev>22.1 ∧ entry_range_position>81.7,85.66666666666667,-0.011956093,-0.061049804,1.1180252,0.10620946,0.0043225326,5,8,0.007713251,98,15,-0.05635147917373076,0.1267246461701078,14,-0.2578937830374982,-0.15821684408153722,-0.18307612534383857,False,True,False,False
2D,entry_adx_delta≤0.241 ∧ entry_pair_ema20_ema50_gap_pct>0.339,105.66666666666667,-0.012496574,-0.06393368,1.11728,-0.019006737,0.106030166,3,7,-0.00064197555,106,22,-0.018316739414749927,0.13273503269320633,18,-0.032653578183875515,-0.15255164756277506,-0.15105177210795626,False,False,False,False
2D,entry_adx_prev>22.1 ∧ entry_btc_dist_from_ema13_pct>0.152,83.33333333333333,-0.00866502,-0.061515413,1.1121262,0.11240413,-0.005437374,4,8,-0.013500009,93,19,0.06463085630000608,0.10638231016198253,17,-0.09676304521853554,0.04746750496705801,-0.041751453861976456,False,False,False,False
2D,entry_btc_rsi≤62.8 ∧ entry_btc_rsi_prev>62,42.333333333333336,-0.11415524,-0.044242967,-1.1103523,0.06295553,-0.23676318,5,7,0.0030428953,62,9,0.05485856689097061,0.10259421896728778,7,0.2972116354404244,-0.5407365821830926,-0.04773565207631717,False,False,True,False
2D,entry_atr_pct≤0.455 ∧ entry_range_position>81.7,122.66666666666667,-0.08208085,-0.038704567,-1.1103058,-0.025606763,-0.056496553,5,9,0.02532154,108,25,0.09229567881400795,0.1001694673496137,18,0.18796714538481757,-0.2599753077883258,-0.007873788535605747,False,True,True,False
2D,entry_btc_1h_slope≤0.0639 ∧ entry_pair_rank≤30,109.33333333333333,-0.087801516,-0.038555957,-1.1098902,-0.065840326,-0.034933124,4,8,0.026629679,93,22,-0.21165167166557672,0.19021298552453322,18,-0.21023212330358007,-0.5848239429331408,-0.40186465719010994,False,True,True,False
2D,entry_global_volume_ratio>0.823 ∧ entry_quality_score>4,44.666666666666664,0.0045994646,-0.057713486,1.1098394,0.2531517,-0.07177089,5,7,0.039103128,58,9,-0.2466798621624719,0.13378784955902318,9,-0.1150041261785531,-0.4935121430382244,-0.38046771172149507,False,False,False,False
2D,entry_adx_prev>22.1 ∧ entry_btc_trend_gap_pct≤0.0932,99.33333333333333,-0.013135008,-0.062743515,1.1097271,0.07602188,0.030291349,4,8,0.012467073,96,17,-0.053106636810409225,0.1306612275689839,15,-0.02884607999916225,-0.2983399213603666,-0.18376786437939313,False,True,False,False
2D,entry_ema50_slope>0.226 ∧ entry_quality_score>4,53.333333333333336,0.0045733005,-0.059157588,1.1088555,0.18678477,-0.03719213,6,7,0.047167398,67,10,-0.2944092144748196,0.1437618174060577,10,-0.4469047514863771,-0.4009323006198546,-0.4381710318808773,False,False,False,False
2D,entry_ema20_slope≤0.146 ∧ entry_range_position≤81.7,104.66666666666667,-0.08977267,-0.038629018,-1.1064878,0.015145127,-0.10877808,6,9,-0.0021237954,108,26,0.18248916042920646,0.06678151401447714,18,0.330660539582437,0.08375033858445176,0.11570764641472932,False,False,False,False
2D,entry_btc_dist_from_ema13_pct>0.152 ∧ entry_gap≤0.354,108.0,-0.08824528,-0.03861167,-1.1064135,-0.029459707,-0.071554266,5,9,0.009176996,96,25,0.057187579700567766,0.11253147407969824,18,0.010236654147954383,-0.05388630250058553,-0.055343894379130475,False,True,True,False
2D,entry_adx>22 ∧ entry_price_vs_ema5_pct>0.118,74.33333333333333,-0.005250822,-0.060885113,1.1061552,0.035212696,0.07399354,5,8,0.028877009,99,14,0.11623907953051014,0.09502532974080033,11,-0.33890451366470953,0.22048559188219594,0.021213749789709815,False,True,True,False
2D,entry_atr_pct>0.455 ∧ entry_btc_rsi_1h>57.2,102.0,-0.009873205,-0.06417721,1.104525,0.032436058,0.07445645,5,7,0.0312894,80,34,0.09736695777982805,0.09853141270417122,22,-0.013418821636245082,-0.002498565675343534,-0.0011644549243431668,False,True,False,False
2D,entry_btc_1h_slope>0.0639 ∧ entry_ema5_stretch>0.118,85.66666666666667,-0.0051439363,-0.062762834,1.1044717,0.099392615,0.00076880306,6,8,0.027344149,78,28,0.050696084134969656,0.11764608524108261,18,-0.08342469273890807,0.0072446821159347615,-0.06695000110611296,False,True,False,False
2D,entry_btc_1h_slope>0.0639 ∧ entry_price_vs_ema5_pct>0.118,85.66666666666667,-0.0051439363,-0.062762834,1.1044717,0.099392615,0.00076880306,6,8,0.027344149,78,28,0.050696084134969656,0.11764608524108261,18,-0.08342469273890807,0.0072446821159347615,-0.06695000110611296,False,True,False,False
2D,entry_btc_trend_gap_pct≤0.0932 ∧ entry_ema5_stretch>0.118,128.33333333333334,-0.082710415,-0.03760862,-1.1042247,-0.06307676,-0.028925888,6,8,0.01881507,121,26,0.06635272772023387,0.10991790330638126,18,0.2434937268114299,-0.1829293320694073,-0.04356517558614739,False,True,True,False
2D,entry_gap>0.354 ∧ entry_range_position>81.7,102.0,-0.014545366,-0.06270784,1.1037319,0.10618503,-0.010333918,3,8,-0.027201645,108,24,0.2559431763634243,0.045510943325702616,15,0.20059906181686535,0.18555170206289104,0.21043223303772168,False,False,True,False
2D,entry_ema_gap_5_8≤0.0879 ∧ entry_global_volume_ratio≤0.823,111.0,-0.087758794,-0.038310718,-1.1018919,-0.054086775,-0.048701663,7,9,0.03619408,114,25,-0.0007963634372311778,0.1329483554662472,17,0.32706203320866123,-0.3410238296250196,-0.1337447189034784,False,True,True,False
2D,entry_global_volume_ratio≤0.823 ∧ entry_pair_rank≤30,119.66666666666667,-0.015267292,-0.065200716,1.1016825,0.016248686,0.07931152,5,8,0.028055053,124,26,0.019801907630795326,0.12720820791102988,20,0.3532948734366193,-0.2574495357052312,-0.10740630028023455,False,True,False,False
2D,entry_pair_volume_ratio>0.763 ∧ entry_rsi>60.1,113.33333333333333,-0.01749087,-0.06338522,1.0997986,0.15831548,-0.058127362,5,8,-0.0027954802,118,20,-0.029248559667635555,0.13163678086217737,15,-0.2752018093728704,-0.08706216156371137,-0.16088534052981293,False,False,False,False
2D,entry_btc_atr_pct>0.146 ∧ entry_btc_rsi_prev>62,96.0,-0.092121564,-0.0392882,-1.0984471,0.027389644,-0.15808868,5,8,-0.01313277,70,16,0.1625504389887594,0.08523271410440772,10,-0.14600432654361167,0.2189741814485469,0.07731772488435168,False,False,False,False
2D,entry_btc_ema20_slope>0.0586 ∧ entry_quality_score≤4,158.0,-0.07874977,-0.034954324,-1.0983824,0.054884985,-0.13906184,7,9,0.012858685,103,35,-0.0027308058725631864,0.15598364520840133,20,-0.22188866284557002,-0.11955727540870725,-0.15871445108096452,False,False,True,False
2D,entry_btc_adx_prev≤24.8 ∧ entry_btc_rsi_1h≤57.2,116.66666666666667,-0.08401291,-0.03881711,-1.0971451,-0.08269605,-0.012840774,3,7,-0.024639335,88,11,-0.30525107102343096,0.15031983451094716,9,0.025978496830175196,-0.7226083389968563,-0.4555709055343781,False,False,True,False
2D,entry_dist_from_ema13_pct>0.341 ∧ entry_ema5_stretch>0.118,180.0,-0.0760704,-0.033000816,-1.0965114,-0.06875334,-0.022485644,5,9,-0.0002525039,144,37,0.044950559831324385,0.1314619226849791,26,0.05645894651326955,-0.1276845720579457,-0.08651136285365472,False,False,True,False
2D,entry_ema5_stretch>0.118 ∧ entry_pair_rank≤30,106.66666666666667,-0.0130239595,-0.06391861,1.0946755,0.040550143,0.059930928,5,8,0.019119233,119,22,0.06350714030968795,0.10840901439675181,19,0.17120721348818738,-0.12070512756455248,-0.044901874087063864,False,True,False,False
2D,entry_btc_rsi>62.8 ∧ entry_ema_gap_5_8>0.0879,106.66666666666667,-0.015848914,-0.06297597,1.0924244,0.11316097,-0.014294814,4,9,-0.01710701,105,23,0.21905306267546096,0.0600164891868105,16,-0.3247640414994121,0.49239452739979905,0.15903657348865047,False,False,True,False
2D,entry_btc_rsi_prev>62 ∧ entry_rsi>60.1,109.66666666666667,-0.08437923,-0.039689314,-1.0921957,0.13036273,-0.19839427,7,9,0.009636886,111,22,-0.036884781108073555,0.13825526130473495,17,-0.4185290862548022,-0.025944901208541073,-0.1751400424128085,False,False,True,False
2D,entry_bear_pct≤20 ∧ entry_ema20_slope≤0.146,103.66666666666667,-0.086668365,-0.03978487,-1.0908835,-0.010827709,-0.07207013,5,9,0.010434307,100,22,0.3428324885538863,0.02536634329712527,14,0.26125813244761475,0.38564112374680376,0.31746614525676103,False,True,False,False
2D,entry_btc_rsi_1h≤57.2 ∧ entry_range_position≤81.7,93.66666666666667,-0.09222352,-0.039630067,-1.0904748,0.006161414,-0.102524854,5,8,0.026063308,93,12,-0.3037329196194905,0.15552641890007923,12,-0.3378590413855736,-0.5545376343937881,-0.45925933851956974,False,False,True,False
2D,entry_adx_delta≤0.241 ∧ entry_btc_rsi_prev6≤58.3,118.66666666666667,-0.08725348,-0.03727343,-1.0898465,0.048107684,-0.14179488,6,9,0.021594252,102,22,-0.07681528656147371,0.15012649265574582,18,0.21092263346438808,-0.3698504510936885,-0.22694177921721953,False,False,True,False
2D,entry_bull_pct≤71.1 ∧ entry_ema50_slope>0.226,110.66666666666667,-0.0144799575,-0.06405308,1.0891676,0.037547905,0.059844945,5,8,0.02203678,112,18,0.3815615535487522,0.032709181901220914,14,-0.1981474795088592,0.7431460783153716,0.3488523716475313,False,True,True,False
2D,entry_adx>22 ∧ entry_price_vs_ema5_pct≤0.118,138.66666666666666,-0.021819253,-0.06534045,1.088272,0.031866938,0.055713326,5,8,0.002242677,119,31,0.1210884744436191,0.08716432991416274,19,-0.00036247363694957846,0.026095792535262743,0.03392414452945636,False,True,True,False
1D,entry_rsi ≤T1 59,143.33333333333334,-0.082584836,-0.035281673,-1.083902,-0.18922321,0.075492695,5,9,-0.018927045,132,34,0.27596777444922693,0.0005890293693395561,22,0.4649789286486512,0.21497570274598088,0.27537874507988735,False,False,False,False
2D,entry_btc_rsi_prev>62 ∧ entry_global_volume_ratio>0.823,117.0,-0.018478721,-0.06355558,1.0836805,0.1660811,-0.04087812,6,9,-0.0038908385,103,28,0.08101933300677922,0.1051600415879846,17,-0.30824393955568435,0.1397906466482975,-0.024140708581205386,False,False,False,False
2D,entry_btc_dist_from_ema13_pct>0.152 ∧ entry_rsi>60.1,115.33333333333333,-0.08300731,-0.0393838,-1.0829742,0.040134065,-0.12675083,7,9,0.00787846,101,19,0.08241400080649344,0.10199426151752458,13,-0.09757258481342324,-0.08735992120313528,-0.01958026071103114,False,False,True,False
2D,entry_btc_dist_from_ema13_pct>0.152 ∧ entry_btc_rsi_1h≤57.2,117.66666666666667,-0.08433806,-0.03854674,-1.0810971,-0.02018278,-0.07020458,6,8,0.023786098,83,11,0.06927520776900306,0.10185172784369101,6,0.22283556892916928,-0.5919160889434569,-0.03257652007468795,False,True,True,False
2D,entry_btc_dist_from_ema13_pct≤0.152 ∧ entry_quality_score≤4,170.0,-0.07670273,-0.03426167,-1.0808176,-0.09819679,0.0059487186,5,8,0.019588802,130,46,0.09561813123298407,0.10041980230911003,27,0.11688585252911507,-0.08106100789687876,-0.00480167107612596,False,False,True,False
2D,entry_btc_rsi_prev≤62 ∧ entry_ema_gap_8_13≤0.132,104.33333333333333,-0.015432415,-0.06276943,1.0749888,0.06770873,0.024481114,5,8,0.035419002,104,26,-0.05119707909973774,0.15357926012522788,21,0.1842838160753387,-0.4034139088755957,-0.20477633922496563,False,True,False,False
1D,entry_btc_ema20_slope ≤T1 0.0458,142.33333333333334,-0.022230992,-0.065695986,1.0747823,-0.06479792,0.13114107,4,8,0.0035211928,119,32,0.020322213536252104,0.13701739560957346,22,-0.015194823094865195,-0.14806767244817326,-0.11669518207332136,False,False,False,False
2D,entry_ema5_stretch>0.118 ∧ entry_quality_score≤4,170.66666666666666,-0.07676073,-0.034112282,-1.0735475,-0.065699205,-0.023277782,5,9,-0.00183402,139,40,0.08568580711982485,0.10699985477463889,23,0.02821087509909348,0.011149216821639323,-0.02131404765481404,False,False,True,False
2D,entry_btc_ema20_slope≤0.0586 ∧ entry_btc_trend_gap_pct>0.0932,75.0,-0.006859561,-0.060647264,1.0709736,-0.063106455,0.15848413,5,7,0.008625168,71,23,0.09867573904564866,0.09794359115236781,14,0.00012197917516440504,0.043230237214921065,0.0007321478932808545,False,False,True,False
2D,entry_neg_di≤15.8 ∧ entry_rsi>60.1,120.33333333333333,-0.01982819,-0.063515946,1.069859,0.16604471,-0.07899966,4,8,-0.03094586,117,25,0.2090890862505406,0.05904502811139795,18,-0.1097912464975192,0.3124049631959829,0.15004405813914265,False,False,True,False
2D,entry_ema20_slope>0.146 ∧ entry_ema5_stretch>0.118,119.0,-0.018248282,-0.06393815,1.0695176,0.054237142,0.03543235,5,8,0.027417388,125,29,0.01778963323568709,0.13288842967668424,23,-0.06351673469783806,-0.13870177112273543,-0.11509879644099714,False,True,False,False
2D,entry_adx_delta>0.241 ∧ entry_ema_gap_5_8>0.0879,127.0,-0.01922533,-0.064744726,1.0690343,0.0475446,0.040778108,4,7,0.010293668,123,22,0.20011156483288675,0.0677968881871522,18,-0.25150812100916015,0.41253497635757175,0.13231467664573454,False,True,True,False
2D,entry_btc_dist_from_ema13_pct>0.152 ∧ entry_quality_score>4,50.0,0.00827559,-0.059084993,1.0683588,0.10224198,0.035821594,5,8,0.031901613,59,8,0.003666973335306231,0.10670554960784456,7,,-0.048462988269456456,-0.10303857627253833,False,True,False,False
2D,entry_ema50_slope>0.226 ∧ entry_range_position>81.7,89.0,-0.012462716,-0.061401263,1.064022,0.17756131,-0.06270566,5,7,-0.01346124,101,22,0.12540637849521105,0.09000653817943413,20,0.0975920966561652,0.013980850099804926,0.03539984031577692,False,False,True,False
2D,entry_atr_pct≤0.455 ∧ entry_ema_gap_5_8>0.0879,84.33333333333333,-0.012485046,-0.060727965,1.0639278,0.13602352,-0.0241296,6,9,0.010335686,90,11,0.31434264927662564,0.07013711776623396,10,-0.01783677309119211,0.45661990252767465,0.24420553151039168,False,False,True,False
2D,entry_atr_pct>0.455 ∧ entry_ema50_slope≤0.226,83.66666666666667,-0.097744666,-0.03981683,-1.0637425,-0.084749915,-0.03294026,5,8,0.013160519,90,22,0.06151506925398209,0.10900125173763735,15,0.01812389339896328,-0.07110819694173906,-0.047486182483655257,False,True,True,False
2D,entry_adx_delta>0.241 ∧ entry_gap>0.354,116.0,-0.018047005,-0.06357171,1.0635351,0.061707456,0.02652476,5,7,0.007827569,112,25,0.20348489897218344,0.06101833349110118,19,-0.23027597777090364,0.4001572023256126,0.14246656548108227,False,True,True,False
2D,entry_btc_rsi_prev>62 ∧ entry_pos_di>26.2,120.0,-0.021046596,-0.06299113,1.0622276,0.0785239,0.01644601,3,9,0.008874241,107,35,0.12137637561136551,0.0847746066520488,23,-0.2536386434297645,0.1986618351082163,0.0366017689593167,False,True,True,False
2D,entry_btc_rsi_1h_prev>54.1 ∧ entry_pair_ema20_ema50_gap_pct>0.339,123.0,-0.018220859,-0.064551786,1.0600464,0.029173996,0.060874052,3,7,0.019963171,91,29,-0.06790371464677773,0.16997958025267648,20,-0.1354074819971671,-0.2352318653716673,-0.2378832948994542,False,True,False,False
2D,entry_btc_rsi_1h≤57.2 ∧ entry_quality_score>4,53.666666666666664,-0.100443006,-0.044091497,-1.058314,-0.02592194,-0.076151624,5,8,0.0027818829,62,5,-0.11104230524430361,0.10961138108125588,5,-0.13504655080874917,,-0.22065368632555948,False,True,False,False
2D,entry_btc_adx_prev>24.8 ∧ entry_btc_rsi≤62.8,89.33333333333333,-0.091200486,-0.04057753,-1.0569708,0.010118905,-0.09524293,4,7,0.00370704,90,22,-0.033129092049489786,0.13713870509812898,15,0.04716025758485837,-0.3251097615567128,-0.17026779714761875,False,False,True,False
2D,entry_ema_gap_8_13≤0.132 ∧ entry_rsi>60.1,94.0,-0.08510119,-0.041591853,-1.0567874,0.023408001,-0.103923135,5,8,0.01749828,103,15,0.028745588426575566,0.11096592994782886,13,-0.15232731809477978,-0.09059396354921082,-0.08222034152125329,False,False,True,False
2D,entry_ema50_slope>0.226 ∧ entry_rsi_prev≤57.8,99.33333333333333,-0.08887132,-0.039736964,-1.0565617,-0.16365471,0.033835743,5,9,0.019011717,98,21,0.22385189118906224,0.06291379249603281,18,0.05028017857210679,0.26288857178463815,0.16093809869302944,False,False,False,False
2D,entry_adx_prev>22.1 ∧ entry_btc_rsi>62.8,108.0,-0.01855425,-0.062255535,1.0549116,-0.013613693,0.088202626,5,8,0.011200946,106,27,0.2731703883719106,0.02962063284248093,19,-0.10216900052603553,0.46884202302256683,0.24354975552942967,False,False,True,False
2D,entry_gap>0.354 ∧ entry_pair_ema20_ema50_gap_pct≤0.339,68.66666666666667,-0.0039272006,-0.06025779,1.0547744,0.05706853,0.053210776,6,8,0.01838034,86,18,0.16460956624349898,0.0827750251255101,12,-0.15328464812247125,0.237038081973676,0.08183454111798888,False,True,True,False
2D,entry_btc_rsi_1h≤57.2 ∧ entry_ema5_stretch>0.118,123.33333333333333,-0.08235228,-0.038498648,-1.0547366,-0.06613541,-0.024387907,5,8,0.010148913,107,19,-0.009968694200650795,0.1247899914543524,12,0.1701679651142064,-0.25383136698281594,-0.1347586856550032,False,True,True,False
2D,entry_global_volume_ratio≤0.823 ∧ entry_rsi>60.1,105.0,-0.084474474,-0.040307216,-1.054123,0.06708021,-0.16724949,5,8,0.013276327,110,21,0.14363064095643882,0.08537574256116737,15,0.19116197379550437,0.04739203904802057,0.058254898395271454,False,False,False,False
2D,entry_btc_adx_prev>24.8 ∧ entry_ema_gap_5_8>0.0879,99.66666666666667,-0.08646377,-0.040421374,-1.0530866,0.035522036,-0.100677595,5,7,0.017062247,103,19,0.07147683382007002,0.10469304298170697,12,-0.15326248197410192,0.0393176297541247,-0.03321620916163695,False,False,True,False
2D,entry_btc_ema20_slope>0.0586 ∧ entry_pair_ema20_ema50_gap_pct>0.339,98.0,-0.013395824,-0.062464207,1.0518659,0.14541546,-0.049224958,4,7,0.020808473,91,19,-0.13677309469586407,0.15607938897914525,13,-0.5485007727513513,-0.12711036549914073,-0.2928524836750093,False,False,False,False
2D,entry_bear_pct>20 ∧ entry_gap>0.354,98.33333333333333,-0.011800911,-0.06299222,1.0512087,-0.061106466,0.16710961,5,7,0.023953227,103,20,0.3940058420096696,0.020254043578676023,16,-0.1288959636661105,0.7349740500650357,0.3737517984309936,False,False,True,False
2D,entry_pos_di≤26.2 ∧ entry_quality_score>4,51.666666666666664,0.0074759247,-0.05927436,1.0510526,0.110756494,0.0361322,5,8,0.005375419,69,6,0.42071723756818785,0.07661245251959602,5,0.14680230591438564,0.48676883956233635,0.3441047850485918,False,True,False,False
2D,entry_adx_prev>22.1 ∧ entry_ema_gap_8_13>0.132,99.66666666666667,-0.015010786,-0.06222182,1.0500165,-0.054931954,0.12922141,5,8,0.014930651,106,20,0.13546503835619333,0.08829109717169609,14,-0.10697289667248697,0.12702184526377894,0.04717394118449725,False,False,True,False
2D,entry_ema_gap_5_8>0.0879 ∧ entry_quality_score>4,51.0,0.0057411413,-0.058920078,1.0499408,0.040835794,0.08782669,6,8,0.04201635,65,6,0.5109830952409294,0.0705947286747466,5,-0.0865093441452858,0.9037614473339045,0.44038836656618285,False,True,False,False
2D,entry_adx>22 ∧ entry_pair_rank>30,103.0,-0.08507531,-0.040389013,-1.0496782,-0.07779242,-0.0141227655,4,8,0.006035939,107,22,0.1765825633045074,0.07479199674964336,15,-0.19979626209898196,0.30453643079239157,0.10179056655486403,False,True,False,False
2D,entry_dist_from_ema13_pct>0.341 ∧ entry_ema50_slope≤0.226,97.66666666666667,-0.089876965,-0.039687287,-1.0493838,-0.121255435,0.023672353,5,8,0.012102392,95,18,0.10563837719914927,0.09638376105882154,13,0.01645981134030866,-0.05434879886661419,0.009254616140327729,False,False,False,False
2D,entry_adx_delta>0.241 ∧ entry_btc_adx>24.9,118.0,-0.08175059,-0.039487462,-1.0486135,-0.0037793107,-0.067766815,6,8,0.0156877,102,29,0.1957684778600844,0.05585281036164661,17,0.021441480359223025,0.19809651083212537,0.13991566749843778,False,True,False,False
2D,entry_bull_pct>71.1 ∧ entry_neg_di>15.8,121.66666666666667,-0.08136041,-0.039134648,-1.045011,0.010492414,-0.07855663,5,9,0.004746493,98,27,0.046521441799394644,0.11830935106650889,17,0.9906565746406909,-0.16666362031851029,-0.07178790926711424,False,False,True,False
2D,entry_btc_ema20_slope>0.0586 ∧ entry_rsi_prev≤57.8,103.66666666666667,-0.08902267,-0.039028477,-1.0440179,0.034564283,-0.13798025,4,9,0.0027491525,90,18,0.045112740643602246,0.11035121564856318,14,0.1704896612107638,-0.07893988396597798,-0.06523847500496094,False,False,True,False
2D,entry_adx_delta>0.241 ∧ entry_pair_ema20_ema50_gap_pct≤0.339,105.66666666666667,-0.016391242,-0.0626503,1.0429267,-0.057424296,0.13941434,3,8,0.0017934442,110,27,0.3536494687287445,-0.0018711812101931853,20,0.20085098326255435,0.42848493876844473,0.35552064993893767,False,False,True,False
1D,entry_gap ≤med 0.354,213.33333333333334,-0.071187794,-0.031150898,-1.0420814,0.009310782,-0.08207025,5,8,0.0045175403,148,50,0.08714803646700499,0.11004396367005474,30,0.1619103101208103,-0.13185499745156,-0.022895927203049754,False,False,True,False
1D,entry_gap >med 0.354,213.0,-0.031150898,-0.071187794,1.0420804,-0.009310782,0.08207025,5,8,0.0045175403,150,46,0.11004396367005474,0.08714803646700499,27,-0.1619103101208103,0.13185499745156,0.022895927203049754,False,False,True,False
2D,entry_bull_pct≤71.1 ∧ entry_ema50_slope≤0.226,102.66666666666667,-0.014051664,-0.06296365,1.0408274,0.035970785,0.059351,4,8,0.02077413,95,27,0.043138472094559406,0.11963312182057487,21,0.03425241637924323,-0.29390645495210654,-0.07649464972601547,False,True,False,False
2D,entry_adx>22 ∧ entry_global_volume_ratio≤0.823,102.0,-0.015742227,-0.062331438,1.0399611,-0.051332414,0.14303593,6,8,0.013061333,107,22,0.008865850969047363,0.12465372203856391,15,-0.05606124509824806,-0.11209827394480973,-0.11578787106951655,False,False,False,False
2D,entry_btc_dist_from_ema13_pct>0.152 ∧ entry_price_vs_ema5_pct>0.118,122.33333333333333,-0.08245512,-0.038601525,-1.0393066,-0.043525938,-0.046097524,6,9,0.01744062,103,23,0.10600948544905706,0.09563295872389668,14,0.39713191711649387,-0.13788680563626926,0.010376526725160373,False,True,False,False
2D,entry_btc_dist_from_ema13_pct>0.152 ∧ entry_ema5_stretch>0.118,122.33333333333333,-0.08245512,-0.038601525,-1.0393066,-0.043525938,-0.046097524,6,9,0.01744062,103,23,0.10600948544905706,0.09563295872389668,14,0.39713191711649387,-0.13788680563626926,0.010376526725160373,False,True,False,False
2D,entry_adx_delta≤0.241 ∧ entry_price_vs_ema5_pct≤0.118,98.0,-0.0878599,-0.04023838,-1.0375175,-0.050550245,-0.043623712,5,8,0.0002843812,104,22,-0.08359306551474235,0.1521415080202311,17,-0.040136238249139616,-0.30318681244619183,-0.23573457353497346,False,True,True,False
2D,entry_bear_pct≤20 ∧ entry_quality_score>4,53.666666666666664,-0.099217445,-0.044267986,-1.0367804,-0.021072172,-0.08728666,5,8,0.0039791837,57,6,-0.04381256801888419,0.10758110622540086,6,0.19533951257784898,-0.5401105444351011,-0.15139367424428504,False,True,False,False
2D,entry_adx_prev>22.1 ∧ entry_global_volume_ratio>0.823,108.66666666666667,-0.018982908,-0.06220062,1.0363837,0.1439917,-0.01929254,6,8,0.02584628,105,23,0.19355461033766236,0.06805024814255528,17,-0.0694899236260112,0.24776028447709467,0.12550436219510708,False,False,True,False
2D,entry_ema_gap_8_13≤0.132 ∧ entry_range_position>81.7,102.0,-0.08458811,-0.04068001,-1.0357779,-0.076283045,-0.015807252,5,8,0.017863978,101,24,-0.042263704676965295,0.14491323700583247,20,-0.0810776189971123,-0.27191391927457353,-0.18717694168279778,False,True,True,False
2D,entry_adx_prev>22.1 ∧ entry_ema5_stretch>0.118,76.66666666666667,-0.009438907,-0.060338102,1.0339081,0.09060411,0.015019052,5,8,0.02459101,97,15,0.04964792056532009,0.10709512769991321,13,-0.313708792973504,0.1030536084753075,-0.05744720713459312,False,True,False,False
2D,entry_adx_prev≤22.1 ∧ entry_bear_pct≤20,111.0,-0.08333844,-0.039866716,-1.0334907,0.035564773,-0.105725646,4,9,0.014605645,98,30,0.0957558797793354,0.09919314786049557,18,0.17530455507003542,-0.12399690509721448,-0.003437268081160169,False,False,True,False
2D,entry_adx>22 ∧ entry_btc_rsi_1h>57.2,113.66666666666667,-0.01794845,-0.063267805,1.0326465,-0.0033981502,0.08616304,4,7,0.014886975,86,36,0.15977995114514654,0.061122431849124886,23,-0.20174022382610912,0.28099833988712847,0.09865751929602165,False,False,True,False
2D,entry_price_vs_ema5_pct≤0.118 ∧ entry_rsi≤60.1,129.66666666666666,-0.020533795,-0.06458198,1.0324671,-0.09965962,0.15674432,6,9,-0.014835589,115,31,0.1329162609439047,0.08152338558325728,21,0.17413106306193235,0.024119958382130085,0.05139287536064743,False,False,True,False
2D,entry_btc_atr_pct>0.146 ∧ entry_pair_rank>30,101.33333333333333,-0.08616569,-0.0402782,-1.0322906,-0.03780476,-0.06253547,5,8,0.014052216,81,19,0.1906598537474848,0.07528424585676048,15,-0.0014021980377119103,0.18576031478343724,0.1153756078907243,False,True,False,False
2D,entry_btc_dist_from_ema13_pct≤0.152 ∧ entry_btc_trend_gap_pct>0.0932,107.33333333333333,-0.016983077,-0.06269286,1.0322127,0.012363326,0.07463989,5,7,0.02613815,84,30,0.10902974750740876,0.0931595716204622,19,-0.012536336926638386,0.014414337439786304,0.015870175886946558,False,True,True,False
2D,entry_bear_pct≤20 ∧ entry_global_volume_ratio>0.823,115.66666666666667,-0.021537758,-0.06222319,1.0311584,0.17860304,-0.045105577,5,8,0.01034368,97,27,-0.029854557312184057,0.148195611588431,17,-0.11731732767090455,-0.22534964204202979,-0.17805016890061506,False,False,False,False
2D,entry_btc_rsi≤62.8 ∧ entry_btc_rsi_1h_prev≤54.1,114.66666666666667,-0.084076196,-0.039083853,-1.0300691,-0.08977426,-0.0075768307,4,8,0.011321094,92,18,-0.09546503514454344,0.14279224083044292,13,0.24482522347603933,-0.5444997295477992,-0.23825727597498636,False,True,True,False
2D,entry_adx>22 ∧ entry_ema5_stretch≤0.118,139.0,-0.02345825,-0.06459805,1.0291961,0.026362758,0.055713326,5,8,0.002242677,119,31,0.1210884744436191,0.08716432991416274,19,-0.00036247363694957846,0.026095792535262743,0.03392414452945636,False,True,True,False
2D,entry_pair_volume_ratio>0.763 ∧ entry_range_position>81.7,88.33333333333333,-0.01405597,-0.060888346,1.0281802,0.09286611,0.009448741,3,7,-0.00808917,101,19,-0.12868095227042714,0.15408262656247904,15,-0.48611104143416817,-0.1518641845529915,-0.28276357883290615,False,False,False,False
2D,entry_bull_pct>71.1 ∧ entry_ema_gap_5_8>0.0879,110.33333333333333,-0.08227052,-0.040331304,-1.0280089,0.03548149,-0.10468895,4,9,0.004448522,101,19,-0.09547107274583407,0.14588798096550154,13,-0.1283017304113673,-0.37948543773142657,-0.2413590537113356,False,False,True,False
2D,entry_btc_rsi_prev≤62 ∧ entry_ema20_slope>0.146,106.0,-0.016806033,-0.062561184,1.0273786,-0.0105900355,0.09436761,6,8,0.024408998,114,20,0.22473282748115117,0.0647995737177598,16,0.200019225186045,0.10173203595218708,0.15993325376339138,False,False,True,False
2D,entry_btc_rsi≤62.8 ∧ entry_global_volume_ratio≤0.823,121.66666666666667,-0.08437499,-0.037930794,-1.0269723,-0.113060646,0.018670931,5,9,0.0024599768,122,26,-0.05043047073031877,0.1532945198737294,18,0.23694551724695337,-0.4318539566870703,-0.2037249906040482,False,False,True,False
2D,entry_ema5_stretch>0.118 ∧ entry_ema_gap_5_8≤0.0879,86.33333333333333,-0.092874594,-0.040599115,-1.025505,-0.0121854395,-0.08247968,5,9,0.0008716546,100,25,-0.00033692483037738973,0.13278658130890428,17,0.11602720176510092,-0.19746714526523704,-0.13312350613928167,False,True,True,False
2D,entry_ema_gap_5_8≤0.0879 ∧ entry_price_vs_ema5_pct>0.118,86.33333333333333,-0.092874594,-0.040599115,-1.025505,-0.0121854395,-0.08247968,5,9,0.0008716546,100,25,-0.00033692483037738973,0.13278658130890428,17,0.11602720176510092,-0.19746714526523704,-0.13312350613928167,False,True,True,False
1D,entry_btc_rsi_1h_prev >T2 58.7,141.66666666666666,-0.022391615,-0.06551427,1.025466,0.046698626,0.04015666,5,7,0.017562155,87,37,0.18028065470141028,0.046593897088484555,19,0.20665354645048814,0.17991971458236927,0.13368675761292573,False,True,True,False
2D,entry_btc_trend_gap_pct≤0.0932 ∧ entry_pos_di≤26.2,133.66666666666666,-0.08053314,-0.037781123,-1.0242993,0.014210617,-0.08936529,6,8,0.018365312,121,25,0.3519247400310441,0.008750783822488254,17,0.39758687119929703,0.256982624160002,0.3431739562085559,False,False,False,False
2D,entry_btc_rsi_1h_prev≤54.1 ∧ entry_ema_gap_8_13>0.132,112.66666666666667,-0.08306784,-0.03973293,-1.0242678,-0.034419306,-0.04792685,5,8,0.016426757,103,18,0.2566170267896503,0.06154253423024439,12,-0.030455006887189856,0.34282983068863254,0.19507449255940593,False,True,False,False
2D,entry_btc_dist_from_ema13_pct≤0.152 ∧ entry_ema50_slope>0.226,119.66666666666667,-0.019700315,-0.06347087,1.0240409,0.037747532,0.049977627,4,7,0.0030272864,108,26,0.13879596487219004,0.08301041522136897,20,-0.11988552935562236,0.17337148170689892,0.05578554965082107,False,True,True,False
2D,entry_bull_pct≤71.1 ∧ entry_range_position≤81.7,116.66666666666667,-0.01734044,-0.06393592,1.0188481,0.024068974,0.0662601,5,8,0.018245801,114,26,0.12579627561156786,0.08783887123245722,21,-0.013589090566889617,0.04089778929555414,0.037957404379110646,False,True,True,False
2D,entry_btc_adx≤24.9 ∧ entry_price_vs_ema5_pct>0.118,134.0,-0.02207146,-0.06453009,1.0183161,-0.018401422,0.099842,7,8,0.018484768,123,27,0.1200565757585481,0.08953473343031844,20,0.3153481828781206,-0.130779418557241,0.03052184232822966,False,False,True,False
2D,entry_btc_atr_pct>0.146 ∧ entry_btc_ema20_slope>0.0586,143.33333333333334,-0.08003595,-0.036572628,-1.0182313,0.059573554,-0.1749117,4,8,0.0056950785,85,20,0.1737504145114759,0.07821599818346385,13,0.09684770969850875,0.13826833975526934,0.09553441632801206,False,False,False,False
2D,entry_ema20_slope≤0.146 ∧ entry_ema_gap_5_8≤0.0879,167.33333333333334,-0.07554,-0.035449855,-1.0181571,-0.0098057315,-0.06482367,6,9,0.025460102,135,45,0.1136064858357273,0.08445357430519689,27,0.1805888389375873,-0.03826688377357806,0.029152911530530415,False,True,False,False
2D,entry_adx_delta>0.241 ∧ entry_btc_rsi_prev≤62,100.0,-0.015925571,-0.06198973,1.0166672,0.0073527545,0.08137957,4,7,0.017411852,108,20,0.3296739169058672,0.03718349755336088,18,0.460624534430826,0.17888940506541468,0.29249041935250636,False,True,True,False
2D,entry_adx>22 ∧ entry_ema_gap_5_8>0.0879,93.0,-0.01655818,-0.06084588,1.0163058,0.033033032,0.054639947,4,8,0.017944625,100,16,0.13119960833245836,0.09150288023566797,11,-0.211324624540771,0.22116844210206218,0.039696728096790396,False,True,True,False
2D,entry_btc_adx_prev>24.8 ∧ entry_ema50_slope≤0.226,114.0,-0.08399457,-0.039209682,-1.0160847,0.041983955,-0.118129805,5,8,-0.018386923,93,28,0.06011948553328867,0.11376586113589246,20,0.1343730761596255,-0.14519832072771466,-0.05364637560260379,False,False,True,False
2D,entry_btc_adx_prev>24.8 ∧ entry_ema_gap_8_13≤0.132,117.33333333333333,-0.08192322,-0.0395131,-1.0144002,-0.07292732,-0.017623331,4,8,-0.003748823,97,30,0.2745660084622319,0.017915816640997183,17,0.3410700979456127,0.2701154920278469,0.2566501918212347,False,False,False,False
2D,entry_range_position>81.7 ∧ entry_rsi_prev>57.8,112.33333333333333,-0.0199946,-0.062343348,1.0137438,0.1428578,-0.04948313,4,8,0.008186683,110,29,0.02055200104512247,0.13169277793827194,20,0.009986665381250703,-0.26287017179025507,-0.11114077689314947,False,False,False,False
2D,entry_ema50_slope>0.226 ∧ entry_ema_gap_5_8>0.0879,104.33333333333333,-0.084239684,-0.040474735,-1.0136975,0.03564361,-0.1080234,3,7,0.026791845,107,19,0.2647231820764527,0.05700887912623594,14,-0.09989740166529903,0.42388681481134194,0.20771430295021676,False,False,False,False
2D,entry_ema_gap_8_13>0.132 ∧ entry_neg_di≤15.8,117.33333333333333,-0.018049538,-0.06376718,1.0128764,0.04388974,0.044516075,4,8,0.008778423,114,25,0.1993764262968122,0.06246497879933049,16,-0.24725403994475753,0.43386674682694804,0.13691144749748171,False,True,True,False
2D,entry_range_position≤81.7 ∧ entry_rsi≤60.1,153.33333333333334,-0.023852922,-0.06653635,1.010966,-0.070145816,0.13775545,6,9,0.011830594,131,41,0.10889069803124068,0.09008919150712545,26,0.14174121254645677,0.017947656499416157,0.018801506524115233,False,False,True,False
2D,entry_ema_gap_5_8>0.0879 ∧ entry_ema_gap_8_13≤0.132,38.0,-0.10564247,-0.04585612,-1.0100385,-0.008033343,-0.10654743,5,8,0.016188841,55,3,0.17767622039762954,0.09555263968795569,3,,,0.08212358070967385,False,True,False,False
2D,entry_pair_ema20_ema50_gap_pct>0.339 ∧ entry_price_vs_ema5_pct≤0.118,108.33333333333333,-0.018314546,-0.062383007,1.0090067,0.012497922,0.070974536,4,7,-0.012102146,108,23,0.16957982214426323,0.07560394853225637,15,-0.33566590955138176,0.3614951432029502,0.09397587361200686,False,False,True,False
2D,entry_pair_rank>30 ∧ entry_range_position>81.7,101.33333333333333,-0.08343999,-0.041128058,-1.0089446,-0.026345544,-0.06200372,5,8,0.014519602,103,24,0.1588586853184265,0.07787244034070187,19,-0.036658132206549954,0.1517530952383072,0.08098624497772464,False,True,False,False
2D,entry_global_volume_ratio≤0.823 ∧ entry_pair_volume_ratio>0.763,88.0,-0.01224722,-0.06131266,1.0082257,0.053164136,0.043320224,6,8,0.030100856,103,22,0.14189505353910592,0.08510449965287079,16,-0.13959777630505205,0.1982973502060213,0.056790553886235134,False,True,True,False
2D,entry_pair_ema20_ema50_gap_pct≤0.339 ∧ entry_range_position>81.7,122.33333333333333,-0.08042488,-0.03941852,-1.0079844,-0.09516165,0.0064128526,5,8,0.0025859363,104,27,0.11364309105259025,0.09204435788047585,15,0.0767535805870797,-0.10201619486947831,0.0215987331721144,False,False,False,False
2D,entry_bear_pct≤20 ∧ entry_ema_gap_5_8>0.0879,112.66666666666667,-0.081669345,-0.040235262,-1.0064262,0.024759458,-0.094915465,5,9,-0.0033268332,105,20,-0.08684458084684044,0.1467936285409155,13,-0.12164743542832457,-0.39716091268989023,-0.23363820938775592,False,False,True,False
2D,entry_btc_adx≤24.9 ∧ entry_btc_ema20_slope≤0.0586,106.0,-0.01781995,-0.06222567,1.0054694,-0.05309257,0.12827079,6,8,0.0142744705,107,21,0.10481600506371799,0.09624384061112923,17,0.23389593579522377,-0.12532078787602147,0.008572164452588765,False,False,True,False
2D,entry_btc_dist_from_ema13_pct>0.152 ∧ entry_pair_rank≤30,110.0,-0.016559629,-0.06322544,1.0052894,0.065608755,0.028935429,6,9,0.022157252,101,24,0.10755011800816557,0.09497529611078885,18,-0.29256480254460837,0.21460440169091538,0.012574821897376715,False,True,True,False
2D,entry_pair_ema20_ema50_gap_pct>0.339 ∧ entry_rsi>60.1,109.0,-0.019680658,-0.06200635,1.0046722,0.19093293,-0.10304179,3,7,-0.013542801,108,22,0.05548657694649973,0.11079350620742939,18,-0.24612813888663174,0.06789951887796823,-0.055306929260929664,False,False,False,False
2D,entry_btc_atr_pct>0.146 ∧ entry_btc_trend_gap_pct>0.0932,112.66666666666667,-0.016480403,-0.06365062,1.000502,0.068057895,0.012744494,4,7,0.015971716,76,23,0.14049679430086773,0.08476709429113442,15,-0.13607824101999355,0.18799301372949734,0.055729700009733305,False,True,True,False
2D,entry_btc_adx≤24.9 ∧ entry_btc_rsi_prev≤62,121.66666666666667,-0.020268528,-0.063531294,0.9996257,-0.03603945,0.11681965,6,8,0.0021331795,110,26,0.1002388134917567,0.09733164287695849,18,0.30323312841766537,-0.2229561632639627,0.002907170614798213,False,False,True,False
1D,entry_btc_rsi_prev >T2 64.5,141.0,-0.077668786,-0.0380978,-0.99923426,-0.023528792,-0.048968688,5,8,0.010816608,112,29,0.07963776803595765,0.10611834147955222,17,-0.46803104095525094,0.2712846606892213,-0.02648057344359457,False,True,True,False
2D,entry_btc_atr_pct>0.146 ∧ entry_ema_gap_5_8≤0.0879,95.33333333333333,-0.089916706,-0.04002964,-0.9991159,0.086156726,-0.18558902,6,8,0.02034663,84,21,0.04905063539992354,0.1118581441169917,14,0.09316406419226006,-0.15330354616688105,-0.06280750871706817,False,False,True,False
2D,entry_quality_score>4 ∧ entry_range_position>81.7,36.333333333333336,0.004576248,-0.05637985,0.9983889,0.076026626,0.050018266,6,8,0.028799323,50,4,0.10263542188116223,0.09792263548530564,4,,,0.004712786395856594,False,True,False,False
2D,entry_atr_pct≤0.455 ∧ entry_ema_gap_8_13≤0.132,146.0,-0.07627189,-0.03811954,-0.9983883,-0.034578294,-0.040044907,5,8,0.015568264,118,34,0.06400200963833283,0.11682831974950732,23,0.05412692426800361,-0.15728872541336883,-0.05282631011117449,False,True,True,False
2D,entry_atr_pct>0.455 ∧ entry_btc_rsi≤62.8,111.33333333333333,-0.016085502,-0.06359053,0.9967837,-0.017653618,0.10827429,6,8,0.017184362,111,23,0.07115093465303414,0.10661578979661623,16,0.17568386310764536,-0.1697385011271609,-0.035464855143582094,False,False,False,False
2D,entry_btc_rsi_1h≤57.2 ∧ entry_btc_rsi_prev≤62,123.33333333333333,-0.0817406,-0.038747624,-0.99629164,-0.09078425,-0.0026765317,4,8,-0.0080504455,96,14,0.14352754673040663,0.09036632314569605,11,0.4456566180309791,-0.24976003027226498,0.05316122358471058,False,False,False,False
2D,entry_btc_1h_slope≤0.0639 ∧ entry_btc_adx_prev≤24.8,115.0,-0.08106401,-0.04014832,-0.99566156,-0.09095634,0.0015655197,3,7,-0.011125093,87,16,-0.24615110185743988,0.16697302227364758,12,-0.24459319580174613,-0.7226083389968563,-0.41312412413108746,False,False,True,False
2D,entry_btc_rsi>62.8 ∧ entry_ema_gap_5_8≤0.0879,106.33333333333333,-0.08354454,-0.0404322,-0.9954098,-0.13126083,0.02150131,5,9,0.014849883,110,29,0.16842185483080646,0.06768940838924453,18,-0.015863659078638875,0.20785474773519935,0.10073244644156193,False,False,False,False
2D,entry_atr_pct>0.455 ∧ entry_rsi≤60.1,135.33333333333334,-0.08122026,-0.03721671,-0.994796,-0.13098976,0.032909542,4,8,-0.0044511296,125,31,0.0047468948884947,0.14265031400968362,23,-0.0347703917474283,-0.13884500836908464,-0.13790341912118892,False,False,True,False
2D,entry_ema_gap_8_13≤0.132 ∧ entry_price_vs_ema5_pct≤0.118,124.66666666666667,-0.02255426,-0.06301693,0.9933466,0.054993436,0.027181432,4,9,0.004758477,116,30,0.08890611827323172,0.1023066758178154,23,0.07090911704172745,-0.12057248184581215,-0.013400557544583677,False,True,False,False
2D,entry_ema5_stretch≤0.118 ∧ entry_ema_gap_8_13≤0.132,124.66666666666667,-0.02255426,-0.06301693,0.9933466,0.054993436,0.027181432,4,9,0.004758477,116,30,0.08890611827323172,0.1023066758178154,23,0.07090911704172745,-0.12057248184581215,-0.013400557544583677,False,True,False,False
2D,entry_bear_pct>20 ∧ entry_btc_rsi_prev>62,94.33333333333333,-0.012593521,-0.06215025,0.9928287,0.080207236,0.01871182,4,8,0.0066016316,92,27,0.20117639808635843,0.05779219425856655,18,-0.20103438519141326,0.37330569938742564,0.14338420382779188,False,True,True,False
2D,entry_btc_rsi≤62.8 ∧ entry_rsi>60.1,103.0,-0.018585159,-0.0615699,0.9919975,0.14179769,-0.054731283,6,8,-0.028594896,108,20,0.07465054962010062,0.10429490999698363,15,0.1945506842114085,-0.2884082872494573,-0.029644360376883006,False,False,False,False
2D,entry_ema_gap_8_13>0.132 ∧ entry_global_volume_ratio>0.823,112.66666666666667,-0.020886006,-0.062068164,0.9917451,0.114178434,-0.016555294,4,8,-0.002541162,105,20,0.010991349563386687,0.12104733106453995,15,-0.24679936874098035,-0.06968322647746686,-0.11005598150115327,False,False,False,False
2D,entry_btc_rsi≤62.8 ∧ entry_ema20_slope≤0.146,110.0,-0.08450808,-0.039597422,-0.99113196,-0.043662325,-0.04784085,6,9,0.024393838,111,22,0.01891263828697055,0.12166683932242454,21,0.26246219517272085,-0.4178213433467568,-0.10275420103545399,False,True,True,False
2D,entry_adx_delta≤0.241 ∧ entry_global_volume_ratio>0.823,101.33333333333333,-0.018103493,-0.061499644,0.99081945,0.1362114,-0.010987408,5,9,0.0019757934,96,23,-0.06617371735655256,0.14988246097771893,18,-0.3068444255248753,-0.14246297519869497,-0.2160561783342715,False,False,False,False
2D,entry_btc_atr_pct≤0.146 ∧ entry_rsi>60.1,101.66666666666667,-0.020990156,-0.060640268,0.9902718,0.19854845,-0.060775097,2,7,-0.02906719,97,25,0.18431644983746587,0.06776778741177639,19,-0.14464383764153005,0.2806454737448162,0.11654866242568948,False,False,True,False
2D,entry_dist_from_ema13_pct>0.341 ∧ entry_rsi≤60.1,83.33333333333333,-0.09466589,-0.040621124,-0.98977077,-0.21880236,0.10523376,3,7,-0.01727686,102,18,-0.05128404395196483,0.13259662747830947,17,-0.15324158863230444,-0.20026593234798282,-0.1838806714302743,False,False,True,False
2D,entry_adx>22 ∧ entry_adx_delta≤0.241,107.33333333333333,-0.018108439,-0.06231421,0.985852,0.07082914,0.022727847,3,8,0.005647544,111,23,-0.05896856356929447,0.14761234403104853,18,-0.3403955861629051,-0.09753233120603369,-0.206580907600343,False,True,False,False
2D,entry_btc_rsi_prev6>58.3 ∧ entry_ema_gap_5_8≤0.0879,106.33333333333333,-0.020584825,-0.06135318,0.9853707,-0.011301603,0.08112282,5,7,0.0152128525,105,33,0.1291656121230436,0.08185649130337035,24,0.14644669808911462,-0.038206896195239134,0.04730912081967324,False,False,True,False
2D,entry_quality_score≤4 ∧ entry_rsi_prev>57.8,175.66666666666666,-0.029055383,-0.066693395,0.9852518,0.0904898,-0.0069660544,5,9,-0.021203302,138,43,0.13732980039136988,0.06630646670460123,24,-0.05221642030388479,0.07562903081071912,0.07102333368676865,False,False,True,False
2D,entry_btc_rsi_prev>62 ∧ entry_rsi_prev>57.8,120.66666666666667,-0.023119956,-0.062264115,0.98508114,0.15301014,-0.056437466,4,8,-0.025568519,111,29,0.11450918981078924,0.09102474100984899,18,-0.310495155592465,0.2369632596370044,0.02348444880094025,False,False,True,False
2D,entry_adx>22 ∧ entry_gap>0.354,103.0,-0.018728647,-0.061524194,0.98373145,-0.026875515,0.10176127,5,8,0.017619478,113,22,0.04909561523620965,0.11269352185102917,14,-0.21984795218969938,0.025362723180722548,-0.06359790661481951,False,False,False,False
2D,entry_ema20_slope>0.146 ∧ entry_neg_di≤15.8,118.66666666666667,-0.020018663,-0.06320582,0.9822928,0.011161331,0.072456926,6,8,0.025787521,115,27,0.13710293335752283,0.08286441958724133,19,-0.23283301435368844,0.22160282936220427,0.05423851377028149,False,True,True,False
2D,entry_ema50_slope≤0.226 ∧ entry_ema_gap_5_8≤0.0879,104.66666666666667,-0.08445948,-0.04035786,-0.98146755,-0.011770114,-0.07218613,5,8,0.011823397,102,30,0.09500282261965168,0.09953544656944273,22,0.27794386977437374,-0.2627865784102125,-0.004532623949791051,False,True,True,False
2D,entry_btc_atr_pct>0.146 ∧ entry_neg_di≤15.8,95.66666666666667,-0.011960086,-0.062533334,0.9808781,0.010798037,0.10371606,7,8,0.0115095265,86,18,0.10774367904662036,0.09589792217094362,11,-0.15662618625840613,0.10698891246780616,0.011845756875676738,False,True,True,False
2D,entry_btc_atr_pct≤0.146 ∧ entry_btc_ema20_slope≤0.0586,143.66666666666666,-0.025602607,-0.06418738,0.975791,-0.01941625,0.087382674,3,8,0.010974027,105,34,0.16592896570121518,0.060932892231152516,21,0.392723670988955,-0.07067626147771686,0.10499607347006266,False,False,True,False
2D,entry_btc_rsi_prev6>58.3 ∧ entry_ema50_slope>0.226,104.66666666666667,-0.019914579,-0.061360043,0.9746824,0.08339045,0.014695868,4,7,0.030171685,104,26,0.13845051070867379,0.08313872676781787,20,-0.16425923507421963,0.20081638597866755,0.05531178394085591,False,True,True,False
2D,entry_adx_delta≤0.241 ∧ entry_dist_from_ema13_pct>0.341,105.0,-0.085197695,-0.040070895,-0.9727313,-0.028314538,-0.056974083,4,9,0.010147072,110,22,-0.011304867610164753,0.13065042215670802,20,0.020583901588816705,-0.22341238408594233,-0.14195528976687277,False,True,True,False
2D,entry_adx_prev≤22.1 ∧ entry_btc_adx≤24.9,127.33333333333333,-0.020971917,-0.06405166,0.97158074,0.027373994,0.05584106,6,8,0.014009889,105,26,0.2751376559137662,0.032369215691640696,18,0.056180779689201016,0.34089068427614655,0.24276844022212551,False,True,True,False
2D,entry_btc_rsi≤62.8 ∧ entry_ema5_stretch≤0.118,103.33333333333333,-0.0840196,-0.04068064,-0.9715135,0.023099316,-0.10806988,5,8,0.013194136,105,20,-0.09333786107355561,0.14850238649531422,16,0.1332693630720837,-0.7347921642438027,-0.24184024756886985,False,False,True,False
2D,entry_btc_trend_gap_pct>0.0932 ∧ entry_ema_gap_8_13>0.132,102.0,-0.015911594,-0.06227818,0.9705754,-0.03637124,0.13392846,4,7,0.015832484,80,20,0.11597491964949522,0.09342007577872191,12,-0.1557070517506562,0.1318112278003184,0.022554843870773306,False,False,True,False
2D,entry_range_position>81.7 ∧ entry_rsi≤60.1,60.0,-0.09700604,-0.04368019,-0.96939534,-0.18029535,0.063303575,4,7,-0.009101555,77,14,-0.04816272436195418,0.12309393040536741,11,-0.020170584230455257,-0.24127742132600152,-0.1712566547673216,False,False,True,False
2D,entry_btc_1h_slope≤0.0639 ∧ entry_btc_rsi_prev≤62,119.66666666666667,-0.081340045,-0.03941797,-0.96756107,-0.08115654,-0.008780044,4,8,-0.00805793,95,14,0.16035126813041287,0.08749398046764623,11,0.4989939422096554,-0.2546844838601034,0.07285728766276664,False,False,False,False
2D,entry_atr_pct≤0.455 ∧ entry_rsi_prev>57.8,134.0,-0.025775883,-0.06283205,0.9657567,0.11833442,-0.0274903,4,8,0.0067868456,115,27,0.1392273189926108,0.08203313825177214,18,-0.0904314175643105,0.08005477583074114,0.05719418074083865,False,False,True,False
2D,entry_btc_trend_gap_pct≤0.0932 ∧ entry_pair_volume_ratio>0.763,98.66666666666667,-0.08391994,-0.041327886,-0.96456176,0.0019855984,-0.07794075,4,8,-0.03287258,107,16,0.002746610007071229,0.11719347990074538,13,0.04161841907317085,-0.15671854263460083,-0.11444686989367416,False,False,True,False
2D,entry_adx_prev>22.1 ∧ entry_price_vs_ema5_pct>0.118,77.0,-0.0124512175,-0.0597227,0.961707,0.08255355,0.015019052,5,8,0.020642187,98,15,0.04964792056532009,0.10709512769991321,13,-0.313708792973504,0.1030536084753075,-0.05744720713459312,False,True,False,False
2D,entry_atr_pct≤0.455 ∧ entry_btc_dist_from_ema13_pct>0.152,107.0,-0.0213336,-0.0611874,0.9609496,0.09836008,-0.014977939,5,9,0.011428341,97,24,0.21888821346260304,0.05786259762597633,16,-0.0776091997873086,0.31581526450633024,0.16102561583662672,False,False,True,False
2D,entry_adx_prev>22.1 ∧ entry_gap>0.354,102.33333333333333,-0.019117814,-0.061313212,0.9607267,-0.04606236,0.11661038,4,8,0.023761794,112,21,0.0866546226344036,0.10132902769133721,14,-0.10697289667248697,0.01744360335838785,-0.014674405056933612,False,False,False,False
2D,entry_bear_pct≤20 ∧ entry_btc_rsi≤62.8,93.66666666666667,-0.086542465,-0.041229647,-0.9592401,-0.08788665,-0.007939979,6,8,0.019286208,87,25,0.04937981447572213,0.11528068718703827,17,0.21798160260729577,-0.25617622073977697,-0.06590087271131614,False,True,True,False
2D,entry_neg_di>15.8 ∧ entry_pair_rank≤30,110.33333333333333,-0.019500563,-0.062247816,0.95867324,-0.018229723,0.08878555,5,9,0.002852179,107,28,0.038216352296183975,0.12278479835117088,19,0.11675561275318944,-0.1296198022271844,-0.08456844605498691,False,False,False,False
2D,entry_atr_pct≤0.455 ∧ entry_neg_di≤15.8,106.66666666666667,-0.020153742,-0.061539534,0.95729274,0.026636504,0.053820487,6,8,0.023981143,102,20,0.20899401558002245,0.06894136632332003,17,-0.07246910493823286,0.2691265673778568,0.1400526492567024,False,True,True,False
2D,entry_dist_from_ema13_pct>0.341 ∧ entry_ema5_stretch≤0.118,32.666666666666664,-0.11581716,-0.04582179,-0.95721424,-0.08412913,-0.057521604,3,7,-0.009817209,58,7,0.42151072912045817,0.07268369717224228,6,-0.2024636676347188,,0.3488270319482159,False,False,False,False
2D,entry_btc_rsi≤62.8 ∧ entry_rsi≤60.1,110.33333333333333,-0.08459347,-0.039520223,-0.9570533,-0.13983454,0.04153059,4,9,-0.0047994144,110,24,-0.08316837799409299,0.15854812811154168,18,0.15555614965580772,-0.47687508360913855,-0.24171650610563467,False,False,True,False
2D,entry_neg_di≤15.8 ∧ entry_pair_ema20_ema50_gap_pct>0.339,107.33333333333333,-0.01960703,-0.061809983,0.9567911,0.10958173,-0.029311363,5,7,0.022016905,112,21,0.11142276806238265,0.09439394697150312,18,-0.22513260119295497,0.1734693818578779,0.017028821090879526,False,False,True,False
2D,entry_btc_ema20_slope>0.0586 ∧ entry_ema50_slope≤0.226,115.66666666666667,-0.08179743,-0.039787456,-0.9563945,0.010722626,-0.09957802,6,9,0.022340048,84,23,0.049420720948446586,0.113462295484363,16,0.010001834879480281,-0.13898651170137177,-0.06404157453591641,False,False,True,False
2D,entry_adx>22 ∧ entry_ema20_slope≤0.146,109.66666666666667,-0.020397618,-0.06184715,0.9557945,0.09277073,-0.0036873147,4,7,0.00092891976,106,20,0.21643429456830332,0.06698339816850925,16,0.017292826477333684,0.2564941007111801,0.1494508963997941,False,False,True,False
2D,entry_btc_rsi≤62.8 ∧ entry_btc_rsi_1h_prev>54.1,98.66666666666667,-0.016287304,-0.06169336,0.9549631,0.08149248,-0.0015514605,6,7,0.01892351,75,26,0.046743867428675485,0.11720119427181724,17,0.13444638828544764,-0.2670682575185418,-0.07045732684314177,False,False,False,False
2D,entry_bear_pct≤20 ∧ entry_neg_di≤15.8,98.66666666666667,-0.083727434,-0.04138585,-0.95368004,-0.040155374,-0.0448294,4,8,0.010259151,91,23,0.04885435387782267,0.11364073990387463,15,-0.21884816957046538,-0.0009969386890528566,-0.06478638602605197,False,True,True,False
2D,entry_bear_pct≤20 ∧ entry_quality_score≤4,165.33333333333334,-0.073763065,-0.03688268,-0.95244217,-0.009637341,-0.05570445,4,9,0.003341671,121,43,0.07924555015100121,0.1134314244467871,23,0.042666704962735086,-0.050371493137788645,-0.03418587429578589,False,True,True,False
2D,entry_pair_rank≤30 ∧ entry_price_vs_ema5_pct>0.118,106.66666666666667,-0.018053254,-0.062240437,0.9510769,0.034447465,0.05261135,5,8,0.011188742,118,22,0.06350714030968795,0.10840901439675181,19,0.17120721348818738,-0.12070512756455248,-0.044901874087063864,False,True,False,False
2D,entry_btc_adx_prev≤24.8 ∧ entry_range_position>81.7,124.33333333333333,-0.023286166,-0.06267094,0.9510278,0.02277503,0.053155795,5,8,-0.00068226457,104,22,0.058548408798675906,0.10988323187299867,16,0.001854954156646077,-0.24769117080988207,-0.051334823074322765,False,False,False,False
2D,entry_ema5_stretch≤0.118 ∧ entry_rsi≤60.1,129.33333333333334,-0.022916846,-0.06349482,0.9508425,-0.09965962,0.15075487,6,9,-0.019285358,115,31,0.1329162609439047,0.08152338558325728,21,0.17413106306193235,0.024119958382130085,0.05139287536064743,False,False,True,False
2D,entry_btc_ema20_slope≤0.0586 ∧ entry_neg_di≤15.8,108.66666666666667,-0.02101073,-0.061506946,0.9506457,-0.025385413,0.09864506,5,7,0.021356959,121,29,0.23558421100219296,0.038619134822524985,24,0.008798939606410844,0.27543919554644497,0.19696507617966796,False,False,True,False
2D,entry_btc_dist_from_ema13_pct≤0.152 ∧ entry_btc_rsi_prev6>58.3,129.33333333333334,-0.078104675,-0.039462402,-0.95045197,-0.1221705,0.026299194,3,8,-0.0002487749,112,37,0.12725343971500222,0.07984825224945233,24,-0.005528903284349268,0.027491775622930734,0.04740518746554989,False,False,False,False
2D,entry_bear_pct>20 ∧ entry_btc_rsi>62.8,87.66666666666667,-0.013233098,-0.06100916,0.9480665,-0.06051453,0.1492328,5,8,0.004817199,91,28,0.2861523694693676,0.02069349716221285,18,-0.23323286175803054,0.5914161241004475,0.26545887230715476,False,False,True,False
2D,entry_atr_pct>0.455 ∧ entry_ema20_slope>0.146,145.33333333333334,-0.025461199,-0.064489365,0.94678855,-0.018981952,0.09055156,6,8,0.026070327,129,36,0.03350025985082358,0.1368902466257187,23,-0.2260781906826969,-0.0334366908922589,-0.10338998677489511,False,False,False,False
2D,entry_price_vs_ema5_pct≤0.118 ∧ entry_range_position≤81.7,131.0,-0.02362704,-0.06340879,0.94477403,-0.017116413,0.0869305,5,9,-0.004454635,117,30,0.07582521494278395,0.10825254096801898,19,-0.04022200098356768,-0.029612658044830882,-0.03242732602523503,False,False,False,False
2D,entry_adx_prev≤22.1 ∧ entry_rsi≤60.1,93.33333333333333,-0.08967774,-0.04039624,-0.9419993,-0.14335576,0.04229184,5,8,-0.014271669,108,23,0.01871029142290626,0.1231381842389853,17,0.44294859964369715,-0.33376789546478647,-0.10442789281607905,False,False,True,False
2D,entry_atr_pct≤0.455 ∧ entry_pair_volume_ratio>0.763,114.33333333333333,-0.0230735,-0.06148654,0.94145286,0.12041001,-0.021322485,5,8,0.015308918,105,26,0.11322375215050647,0.09250866566085143,18,-0.22541452724749717,0.1789440179432623,0.020715086489655032,False,False,True,False
2D,entry_btc_dist_from_ema13_pct≤0.152 ∧ entry_rsi≤60.1,116.0,-0.081594996,-0.039818004,-0.9414495,-0.22310577,0.09793661,4,8,-0.017940117,109,30,0.03094072817961755,0.12865458040582184,21,0.1296664715269702,-0.2504483328741895,-0.0977138522262043,False,False,True,False
2D,entry_btc_rsi>62.8 ∧ entry_rsi_prev>57.8,112.66666666666667,-0.02342428,-0.06115644,0.9411286,0.031968355,0.044369668,4,8,-0.01138524,110,23,0.19020129225971832,0.06910677301642805,15,-0.43497622774278444,0.5334741139599886,0.12109451924329027,False,False,True,False
2D,entry_ema_gap_5_8≤0.0879 ∧ entry_pair_volume_ratio>0.763,107.66666666666667,-0.08175787,-0.040855464,-0.9395265,-0.028064854,-0.04908055,5,9,-0.02007629,109,29,0.11936881246774192,0.0889213222478844,21,0.1817873368230253,-0.05584625636478138,0.030447490219857515,False,False,False,False
2D,entry_atr_pct>0.455 ∧ entry_btc_adx_prev>24.8,84.66666666666667,-0.08937582,-0.041721124,-0.9386085,-0.046949018,-0.04610779,5,7,0.013110746,94,23,0.17380965761120476,0.07427126064541179,15,-0.19533096972616754,0.2905427342728489,0.09953839696579297,False,True,False,False
2D,entry_btc_dist_from_ema13_pct≤0.152 ∧ entry_range_position>81.7,81.66666666666667,-0.014487533,-0.05988024,0.93672705,0.09950046,0.002134297,6,8,0.022174884,92,24,0.1322013542080506,0.08675821737749383,16,-0.12425966337706815,0.16840728430089846,0.04544313683055677,False,True,True,False
2D,entry_btc_rsi_1h≤57.2 ∧ entry_pair_ema20_ema50_gap_pct>0.339,89.0,-0.017741736,-0.060008466,0.9366632,0.061650097,0.029803403,4,7,-0.016636513,89,11,0.18274321249457778,0.08716763311449899,9,-0.0044847541850781825,0.18238257024128518,0.0955755793800788,False,False,True,False
2D,entry_btc_rsi≤62.8 ∧ entry_ema20_slope>0.146,103.33333333333333,-0.018888995,-0.061517056,0.936522,0.04399857,0.03983887,6,8,0.0073380396,115,22,-0.04177764189861691,0.13970989559381541,16,0.08270088885439977,-0.36817611159012675,-0.18148753749243232,False,True,False,False
2D,entry_adx>22 ∧ entry_bear_pct≤20,107.66666666666667,-0.08089895,-0.041145667,-0.9362831,-0.07606871,-0.009246178,4,8,0.0046336465,99,20,0.025068470449163466,0.1173428255682829,16,-0.2614760906731818,0.02429885408165262,-0.09227435511911944,False,True,True,False
2D,entry_ema_gap_5_8>0.0879 ∧ entry_global_volume_ratio>0.823,110.66666666666667,-0.023007182,-0.0610636,0.9358992,0.15650375,-0.062705114,3,8,-0.026839353,108,15,0.025936625133400427,0.11148610833545392,12,-0.22963975022359426,-0.12455549625035006,-0.0855494832020535,False,False,False,False
2D,entry_btc_rsi_1h_prev>54.1 ∧ entry_dist_from_ema13_pct>0.341,84.66666666666667,-0.010676609,-0.061223175,0.93524706,0.04331509,0.054450054,4,8,0.025732288,75,25,0.04184542745926614,0.11793364036184668,19,-0.049323556832342325,-0.120314034838815,-0.07608821290258055,False,True,False,False
2D,entry_adx≤22 ∧ entry_btc_atr_pct>0.146,133.66666666666666,-0.0790184,-0.038472936,-0.9344361,-0.040166117,-0.047228456,6,9,-0.006681498,98,27,0.20021903346058212,0.058166815199087715,17,0.20774682575792297,0.09152317017369646,0.1420522182614944,False,False,False,False
2D,entry_btc_adx≤24.9 ∧ entry_btc_rsi>62.8,83.66666666666667,-0.014863741,-0.060053326,0.93298143,0.11094262,-0.02140205,5,9,0.016456202,85,19,0.08641863275745287,0.10100610558157355,11,-0.5483673287922481,0.3511145471933206,-0.014587472824120679,False,False,False,False
2D,entry_bear_pct>20 ∧ entry_pos_di≤26.2,96.33333333333333,-0.01437176,-0.061931495,0.93217736,0.05132723,0.03849082,5,7,0.024108905,105,20,0.2017221396989985,0.07085501787095791,14,-0.07857451167212962,0.2678261128492804,0.13086712182804058,False,True,True,False
2D,entry_btc_adx_prev≤24.8 ∧ entry_btc_ema20_slope≤0.0586,102.66666666666667,-0.020272411,-0.060990434,0.9321463,-0.03684492,0.107732676,6,8,0.017858556,103,18,-0.048372719196318,0.13192478330392943,14,0.22507052931114857,-0.4367485873785376,-0.18029750250024743,False,False,False,False
2D,entry_bear_pct≤20 ∧ entry_pos_di>26.2,102.0,-0.07994344,-0.042140722,-0.9310804,-0.08246274,-0.0016645305,3,8,-0.01772315,93,24,-0.08098446014924528,0.15782015549659245,18,-0.22800487262283275,-0.20102309759151477,-0.23880461564583771,False,False,True,False
2D,entry_btc_adx≤24.9 ∧ entry_range_position>81.7,123.33333333333333,-0.023597402,-0.062414274,0.9310416,0.04859756,0.026703361,5,8,-0.0012431107,104,24,0.16372858169973797,0.07624914154693137,17,0.001854954156646077,0.08366451148950363,0.0874794401528066,False,False,True,False
2D,entry_btc_adx≤24.9 ∧ entry_btc_rsi_prev6≤58.3,130.0,-0.022888888,-0.063598365,0.93081635,0.04503038,0.033595216,4,8,0.0031550191,107,28,0.11719436437679054,0.09026444043562698,20,-0.05132481126722807,0.07943679585051601,0.026929923941163558,False,True,True,False
2D,entry_btc_rsi_prev≤62 ∧ entry_ema_gap_5_8≤0.0879,106.66666666666667,-0.019641003,-0.061710633,0.9251224,0.040859878,0.042995136,5,8,0.025825657,107,30,-0.04265705984589068,0.16210812041741654,23,0.20277518641525918,-0.4030908930923378,-0.20476518026330723,False,True,False,False
2D,entry_btc_dist_from_ema13_pct≤0.152 ∧ entry_bull_pct≤71.1,135.33333333333334,-0.024776177,-0.063466765,0.9245187,0.008622348,0.06503597,4,8,0.0077065565,112,26,0.16104218844913867,0.07474753217850234,20,0.207586830473736,-0.1505915181878047,0.08629465627063633,False,True,True,False
2D,entry_btc_ema20_slope≤0.0586 ∧ entry_ema_gap_5_8>0.0879,103.0,-0.020013854,-0.061114784,0.9240266,0.014516439,0.06385863,5,8,0.0062011443,115,18,0.3649087496553536,0.03655213664585131,14,0.22686587150846715,0.36936806933107985,0.32835661300950225,False,True,True,False
2D,entry_adx_delta>0.241 ∧ entry_btc_atr_pct≤0.146,121.66666666666667,-0.025269516,-0.06153418,0.92401475,0.06179183,0.027055707,5,8,-0.0011081249,103,35,0.20006176246900356,0.03962725353701055,21,-0.15986115221730562,0.3427955074112701,0.16043450893199301,False,False,True,False
2D,entry_adx_prev>22.1 ∧ entry_btc_rsi_1h>57.2,110.66666666666667,-0.021397956,-0.061627768,0.9239873,-0.0078105032,0.07998556,4,7,0.008857265,85,36,0.14024461529503113,0.07284363335919414,25,-0.15104549287425653,0.21311729869610088,0.06740098193583699,False,False,True,False
2D,entry_ema20_slope>0.146 ∧ entry_price_vs_ema5_pct>0.118,119.0,-0.022756323,-0.06219263,0.9237436,0.048810832,0.028153688,5,8,0.019913867,125,29,0.01778963323568709,0.13288842967668424,23,-0.06351673469783806,-0.13870177112273543,-0.11509879644099714,False,True,False,False
2D,entry_atr_pct>0.455 ∧ entry_range_position≤81.7,123.66666666666667,-0.08101436,-0.038997013,-0.9229498,-0.07142055,-0.016458273,4,8,0.0029013567,121,27,0.04996556183422967,0.11696165192244304,19,0.00895356334543923,-0.0781114195757775,-0.06699609008821336,False,True,True,False
2D,entry_btc_trend_gap_pct>0.0932 ∧ entry_pair_volume_ratio≤0.763,98.66666666666667,-0.08514311,-0.040959563,-0.92209405,-0.11597474,0.034054242,5,8,0.020720057,87,23,0.11007979257382318,0.09435053319143613,15,-0.03830404719809019,0.09899820914338647,0.015729259382387048,False,False,False,False
2D,entry_btc_ema20_slope≤0.0586 ∧ entry_btc_rsi_prev>62,52.0,-0.09789422,-0.044696454,-0.921176,-0.097076744,-0.019677881,4,7,-0.014274582,64,15,0.13305913356874696,0.09164860677335265,12,0.13859526020062105,-0.07455212309000138,0.04141052679539431,False,False,False,False
2D,entry_ema5_stretch≤0.118 ∧ entry_pair_ema20_ema50_gap_pct>0.339,108.0,-0.021161474,-0.061370995,0.92051876,0.012497922,0.06404166,4,7,-0.017151747,108,23,0.16957982214426323,0.07560394853225637,15,-0.33566590955138176,0.3614951432029502,0.09397587361200686,False,False,True,False
2D,entry_adx_prev≤22.1 ∧ entry_neg_di≤15.8,90.66666666666667,-0.014445538,-0.06110867,0.920356,0.094993606,-0.014367513,5,8,0.030055463,107,25,0.17679614374245495,0.07041578251565347,19,-0.14099991647376603,0.26481077028707645,0.10638036122680147,False,False,True,False
2D,entry_bear_pct≤20 ∧ entry_pos_di≤26.2,117.0,-0.0800507,-0.040267043,-0.91994035,0.04921514,-0.10972161,6,9,0.002604749,104,25,0.2035324116784653,0.06100160366494558,15,0.28521117640394755,0.014095462587259161,0.14253080801351972,False,False,False,False
2D,entry_bear_pct>20 ∧ entry_ema50_slope>0.226,108.33333333333333,-0.019690009,-0.06191443,0.91686416,0.024909945,0.05745282,5,8,0.019118994,112,22,0.32958306454646097,0.029305361245278765,16,-0.1981474795088592,0.6127852782213935,0.3002777033011822,False,True,True,False
2D,entry_btc_rsi_1h_prev≤54.1 ∧ entry_pair_rank≤30,113.66666666666667,-0.08032111,-0.040592875,-0.91652095,-0.07492873,-0.0119305365,6,8,0.027542915,93,19,-0.1826020999111027,0.1673878448114769,15,-0.09161375981635361,-0.5459394017720101,-0.3499899447225796,False,True,True,False
2D,entry_ema20_slope≤0.146 ∧ entry_pair_volume_ratio>0.763,107.33333333333333,-0.07975739,-0.041571304,-0.915905,0.04952994,-0.109338835,5,9,-0.023103872,110,23,0.22018788304673342,0.05965894304243702,15,0.14782824937436537,0.14973269701160255,0.1605289400042964,False,False,False,False
2D,entry_adx_prev≤22.1 ∧ entry_btc_dist_from_ema13_pct≤0.152,84.0,-0.08840155,-0.042052988,-0.9151745,-0.00946467,-0.08379154,3,7,0.008864712,93,26,0.059405878700013535,0.11249816151389166,20,0.201942367973398,-0.14094380125214057,-0.05309228281387813,False,True,True,False
2D,entry_adx>22 ∧ entry_range_position≤81.7,129.33333333333334,-0.024761649,-0.062691465,0.91506714,-0.025273435,0.09060247,5,7,-0.007587429,115,31,0.1733789250105761,0.06222580733607553,20,0.03282877413710969,0.1809958830615382,0.11115311767450059,False,False,True,False
2D,entry_btc_dist_from_ema13_pct≤0.152 ∧ entry_global_volume_ratio>0.823,103.33333333333333,-0.020984303,-0.06084673,0.9144962,0.10263963,0.0024772063,4,7,0.011887498,92,22,0.07772549322779741,0.10418193650217873,16,-0.09845736434648603,-0.023722184095385398,-0.02645644327438132,False,True,False,False
2D,entry_ema5_stretch≤0.118 ∧ entry_ema_gap_5_8>0.0879,86.33333333333333,-0.086464904,-0.042226672,-0.9142916,-0.01593111,-0.06554836,5,9,-0.0082314275,100,14,0.3409372445066026,0.056662228403418696,10,-0.21952109180506224,0.8982121165707729,0.28427501610318395,False,False,False,False
2D,entry_bull_pct≤71.1 ∧ entry_pair_ema20_ema50_gap_pct≤0.339,103.0,-0.019067496,-0.06141625,0.91358596,0.07915653,0.001952894,5,9,0.01471162,95,27,0.184727340253654,0.06422878210614655,19,0.11360075493032981,0.005846002113525409,0.12049855814750746,False,True,True,False
2D,entry_btc_atr_pct>0.146 ∧ entry_ema5_stretch≤0.118,78.0,-0.09222419,-0.041995365,-0.91289735,-0.032463472,-0.07689302,5,8,0.03242157,79,13,0.06663321702876303,0.1030505100096247,10,-0.10681595432993313,0.01281304024958025,-0.036417292980861674,False,True,True,False
2D,entry_pair_ema20_ema50_gap_pct>0.339 ∧ entry_range_position≤81.7,123.33333333333333,-0.023518974,-0.062446192,0.9098293,-0.05432045,0.11381722,4,7,-0.028999519,118,25,-0.00685842602048508,0.13508288454485773,18,-0.37270758235111917,0.012810215120056131,-0.14194131056534282,False,False,False,False
1D,entry_btc_rsi ≤T1 61.3,144.66666666666666,-0.02595969,-0.06414097,0.9091622,-0.037069894,0.10669017,5,8,0.009744659,123,26,0.022041274945400428,0.12637644290846226,18,0.06918146651327561,-0.27708719699531775,-0.10433516796306183,False,False,False,False
2D,entry_btc_atr_pct≤0.146 ∧ entry_ema20_slope>0.146,107.33333333333333,-0.022697533,-0.060770128,0.9086018,0.047361366,0.035878,4,7,0.002805967,92,26,0.003655226734327072,0.1332055465297181,18,-0.11299987597599925,-0.21006079994092036,-0.12955031979539103,False,True,False,False
2D,entry_quality_score>4 ∧ entry_rsi≤60.1,70.66666666666667,-0.010259457,-0.059316408,0.908316,0.06284917,0.040796235,4,8,-0.0037431046,82,12,0.09107149759079368,0.09912578787003866,11,0.14680230591438564,-0.011009410017759083,-0.00805429027924498,False,False,False,False
2D,entry_adx≤22 ∧ entry_pair_volume_ratio>0.763,92.0,-0.019035498,-0.060031723,0.90433913,0.14049178,-0.03670859,7,9,0.009809524,105,21,0.05510293422951137,0.11016350044470707,15,0.04471702458170043,-0.0803922625250089,-0.05506056621519571,False,False,False,False
2D,entry_adx≤22 ∧ entry_btc_ema20_slope≤0.0586,97.33333333333333,-0.08387148,-0.04151484,-0.90395415,-0.084852904,-0.00645693,5,9,-0.023440946,105,26,0.16413303315008956,0.07359950414672056,20,0.26072897174828785,-0.043699901897671214,0.090533529003369,False,False,False,False
2D,entry_global_volume_ratio>0.823 ∧ entry_neg_di>15.8,104.66666666666667,-0.022250345,-0.060600013,0.9035034,-0.015561163,0.077359036,4,9,-0.0040323474,87,23,0.05424561782345021,0.11194212249634813,13,-0.08249635561524041,0.010716836345964369,-0.05769650467289793,False,False,False,False
2D,entry_btc_adx≤24.9 ∧ entry_btc_atr_pct≤0.146,67.66666666666667,-0.012830967,-0.05842094,0.90291035,0.08246888,0.013846297,6,7,0.020997006,71,18,-0.2458771039560227,0.1775027182484766,13,-0.4214170457146802,-0.4214121999669485,-0.4233798222044993,False,True,False,False
2D,entry_btc_dist_from_ema13_pct>0.152 ∧ entry_neg_di≤15.8,99.33333333333333,-0.018318728,-0.06116884,0.9015584,0.015094984,0.07162272,5,8,0.02549652,102,16,0.15408818286773923,0.08692516532861178,12,-0.18676810402845548,0.26397096594027575,0.06716301753912746,False,True,True,False
2D,entry_btc_rsi_prev6>58.3 ∧ entry_ema50_slope≤0.226,105.33333333333333,-0.08004414,-0.041715134,-0.9008133,-0.10783131,0.022229165,5,9,0.009736259,93,24,0.0446007029861785,0.1159584344514512,18,0.1095506083885841,-0.2904853811189911,-0.07135773146527269,False,False,True,False
2D,entry_adx≤22 ∧ entry_bear_pct≤20,111.33333333333333,-0.0791321,-0.041307397,-0.90076596,0.050717555,-0.10405776,5,9,0.0057603754,96,29,0.09114875308263713,0.10113597481755661,18,0.30966657814443826,-0.20228489403514016,-0.009987221734919477,False,False,True,False
2D,entry_btc_ema20_slope>0.0586 ∧ entry_rsi>60.1,109.0,-0.07928505,-0.04153299,-0.89801484,0.120272815,-0.20898058,6,9,-0.00044537336,86,18,-0.037564676511946025,0.12943061960753585,12,-0.45623926327930053,0.033643028604747105,-0.16699529611948188,False,False,True,False
2D,entry_bull_pct≤71.1 ∧ entry_ema5_stretch>0.118,100.0,-0.017463123,-0.06151857,0.8971516,0.05268921,0.02953289,5,9,0.016152874,109,14,0.0385399842372095,0.10829102893721754,11,-0.047678030288887674,-0.06592564693078773,-0.06975104470000804,False,True,False,False
2D,entry_btc_1h_slope>0.0639 ∧ entry_ema50_slope>0.226,121.66666666666667,-0.023128577,-0.06238915,0.89609617,0.02455738,0.051664982,6,8,0.020334136,92,30,0.07427572598331873,0.10895685413141225,22,-0.016580128715259934,0.004956501771346022,-0.034681128148093515,False,True,False,False
2D,entry_adx_prev≤22.1 ∧ entry_btc_rsi>62.8,105.0,-0.08162153,-0.041239448,-0.8959392,0.013278455,-0.090812564,5,8,0.004240237,107,25,0.10187414982349612,0.09679676628993474,17,-0.24431513393594606,0.16814596935098583,0.00507738353356138,False,False,False,False
2D,entry_adx>22 ∧ entry_btc_dist_from_ema13_pct≤0.152,133.66666666666666,-0.02644363,-0.06248487,0.8910492,-0.014372088,0.07779364,5,8,0.0063923746,113,27,0.15318681320232497,0.0765707274740579,17,0.012993605158007404,0.07895369001602935,0.07661608572826707,False,False,True,False
2D,entry_bear_pct>20 ∧ entry_rsi≤60.1,104.33333333333333,-0.01798222,-0.06194325,0.88980377,-0.07356143,0.14031236,5,8,-0.008073844,108,30,0.07085812367759056,0.11051030972492502,21,0.09011212772180299,-0.07984740251912759,-0.03965218604733446,False,False,False,False
2D,entry_btc_rsi≤62.8 ∧ entry_ema_gap_8_13>0.132,104.33333333333333,-0.08324846,-0.040795907,-0.8897174,-0.097480945,0.0071445815,2,8,-0.01670078,109,17,0.07900825947742435,0.10223143976020956,12,0.17231681345093372,-0.2246868293657792,-0.023223180282785208,False,False,True,False
2D,entry_btc_rsi_prev≤62 ∧ entry_pair_ema20_ema50_gap_pct≤0.339,110.33333333333333,-0.08101501,-0.04076967,-0.88775456,-0.04450082,-0.039043117,4,9,-0.029161897,97,21,0.17314159806507828,0.07711267457074834,17,0.23942160566874973,-0.16398524367705705,0.09602892349432994,False,False,False,False
2D,entry_btc_atr_pct>0.146 ∧ entry_global_volume_ratio>0.823,100.33333333333333,-0.020571623,-0.060606908,0.88665104,0.17966747,-0.10325037,3,8,-0.0042915754,77,14,0.2504118284592724,0.07211778724076777,10,-0.040520133702056926,0.35174054345064254,0.17829404121850462,False,False,True,False
2D,entry_btc_ema20_slope≤0.0586 ∧ entry_btc_rsi_1h_prev≤54.1,106.66666666666667,-0.07965736,-0.04168432,-0.88607043,-0.12500826,0.023502488,4,8,0.0077042617,95,17,0.13261074547149004,0.09069672758427139,13,0.20427627513656194,-0.0777050026322977,0.04191401788721866,False,False,False,False
2D,entry_bull_pct≤71.1 ∧ entry_gap>0.354,100.0,-0.018009203,-0.061351236,0.8859881,-0.0681003,0.16324592,5,7,0.009457525,107,18,0.4744319953298565,0.01127754149019683,14,-0.1288959636661105,0.9500178403820189,0.4631544538396597,False,False,True,False
2D,entry_bull_pct>71.1 ∧ entry_pos_di>26.2,102.66666666666667,-0.07807864,-0.042654373,-0.88561606,-0.09236681,0.008205049,5,9,-0.008207895,90,24,-0.05290708727404637,0.14846103120485948,17,-0.3600691761815081,-0.08077192401659856,-0.20136811847890584,False,False,True,False
2D,entry_bear_pct≤20 ∧ entry_neg_di>15.8,120.33333333333333,-0.076945044,-0.04105496,-0.88448954,0.015077243,-0.06887427,4,9,-0.00022801012,99,26,0.07773204266114712,0.10569130061404204,18,0.5391213069729319,-0.17225641679643922,-0.027959257952894917,False,False,True,False
2D,entry_btc_trend_gap_pct>0.0932 ∧ entry_neg_di≤15.8,108.0,-0.020779675,-0.06150052,0.8827226,0.060427837,0.013819147,4,8,0.01531098,95,24,0.13954694477677695,0.08430968718791836,17,-0.18221787762555572,0.19517123104654102,0.0552372575888586,False,True,True,False
2D,entry_btc_rsi_prev6>58.3 ∧ entry_ema_gap_5_8>0.0879,103.66666666666667,-0.08032337,-0.0418234,-0.8803752,-0.023186494,-0.053623,5,8,0.007357355,105,17,0.023980291178433123,0.11407290129290386,13,-0.25424536067285747,0.006603154377899612,-0.09009261011447073,False,True,True,False
2D,entry_btc_adx>24.9 ∧ entry_ema_gap_8_13≤0.132,116.66666666666667,-0.07776187,-0.041172184,-0.8782811,-0.06713563,-0.011646658,5,8,-0.0049786977,97,29,0.26919159204199977,0.024072656462011538,16,0.3405190659727938,0.2701154920278469,0.24511893557998823,False,False,False,False
2D,entry_ema_gap_8_13≤0.132 ∧ entry_pos_di>26.2,100.66666666666667,-0.023300787,-0.059804276,0.876713,-0.01597165,0.08017614,5,9,-0.0006220564,92,27,0.049394802068733576,0.1171849927002458,18,0.13154677734706902,-0.11913947942189142,-0.06779019063151222,False,False,False,False
2D,entry_adx_prev≤22.1 ∧ entry_btc_rsi_prev>62,100.0,-0.08184522,-0.041789625,-0.8753019,0.049961455,-0.121516176,4,8,0.0011605956,100,24,-0.10410507948446557,0.16552702860833252,17,-0.45314044149306654,-0.14611289532774693,-0.2696321080927981,False,False,True,False
2D,entry_ema_gap_8_13>0.132 ∧ entry_range_position≤81.7,103.0,-0.083062574,-0.041030187,-0.8733534,-0.16910933,0.06641476,6,8,-0.0044188723,108,19,0.03588715001211362,0.11347491301224168,15,-0.4917814304717564,0.2033118353911689,-0.07758776300012805,False,False,True,False
2D,entry_ema50_slope≤0.226 ∧ entry_global_volume_ratio>0.823,101.0,-0.022209045,-0.06018061,0.87293506,0.14492334,-0.0541473,5,9,-0.004253499,88,20,0.04236293987832091,0.11279164940271515,12,-0.02482436526632914,-0.33851025701742465,-0.07042870952439423,False,False,False,False
2D,entry_atr_pct>0.455 ∧ entry_rsi>60.1,77.66666666666667,-0.015095736,-0.059224006,0.8707909,0.11346853,-0.03087277,4,7,0.0022100545,97,18,0.21667028359834684,0.07076101342823751,13,-0.06428151115019473,0.2823466955837327,0.14590927017010932,False,False,True,False
2D,entry_btc_rsi_1h≤57.2 ∧ entry_pair_rank≤30,112.66666666666667,-0.07975451,-0.04092305,-0.87065864,-0.054004643,-0.024999533,5,8,0.014380593,97,18,-0.26292222086104355,0.1814362067650199,15,-0.12656555224194613,-0.6447255856283463,-0.4443584276260635,False,True,True,False
2D,entry_btc_rsi_1h>57.2 ∧ entry_pair_rank>30,102.0,-0.08067938,-0.041909277,-0.87023926,-0.03193225,-0.050625063,4,8,0.00019820407,86,36,0.0960241497402842,0.09937591269204234,25,-0.11285774099947057,0.08503103315440522,-0.0033517629517581388,False,True,True,False
2D,entry_pos_di>26.2 ∧ entry_rsi>60.1,116.0,-0.07603333,-0.041896902,-0.86931807,0.07086268,-0.1331903,7,8,0.0060774386,117,23,-0.008048269222811693,0.13156896362051287,20,-0.23535253206869927,-0.09079322022692228,-0.13961723284332456,False,False,True,False
2D,entry_range_position≤81.7 ∧ entry_rsi_prev≤57.8,113.66666666666667,-0.081838734,-0.040041152,-0.868942,-0.080545,-0.007975683,5,9,0.0019644015,115,29,0.002519922839442372,0.13949770731087968,21,0.10822358729371753,-0.17209187977037343,-0.1369777844714373,False,True,True,False
2D,entry_bear_pct≤20 ∧ entry_btc_rsi>62.8,125.33333333333333,-0.07511184,-0.041222103,-0.8686087,0.05677582,-0.09722207,5,9,0.0013026558,98,24,0.07959116193694556,0.10429494813452884,15,-0.1075174445717712,0.050302631413128,-0.02470378619758329,False,False,True,False
2D,entry_btc_adx_prev>24.8 ∧ entry_range_position≤81.7,125.33333333333333,-0.07724745,-0.040332865,-0.8685478,-0.07502285,-0.006845072,3,8,-0.014513325,107,31,0.2057092677215517,0.04680672081237953,20,0.048704142008195145,0.23468647982110719,0.1589025469091722,False,False,False,False
2D,entry_btc_ema20_slope>0.0586 ∧ entry_ema_gap_8_13>0.132,104.33333333333333,-0.081143014,-0.041478105,-0.86738497,0.002301477,-0.093744844,4,8,-0.0076292455,91,20,0.003831005367917617,0.12293163216861076,14,-0.5106886323149752,0.13872558643978228,-0.11910062680069315,False,False,True,False
2D,entry_btc_adx_prev≤24.8 ∧ entry_ema5_stretch>0.118,132.66666666666666,-0.026433412,-0.062366758,0.8657056,-0.017288234,0.08612134,6,8,0.013250012,125,26,0.12088112873254445,0.0896644972160945,19,0.3153481828781206,-0.14362363330023753,0.031216631516449947,False,False,True,False
2D,entry_ema_gap_5_8>0.0879 ∧ entry_range_position>81.7,120.0,-0.07697435,-0.04108254,-0.86527616,-0.015785407,-0.05818832,5,8,0.0019475371,116,22,0.25616914236151955,0.05113112189485596,14,0.19321333478133343,0.18423314093636958,0.20503802046666358,False,True,False,False
2D,entry_atr_pct>0.455 ∧ entry_btc_rsi_prev≤62,115.33333333333333,-0.022220736,-0.061926298,0.86497164,-0.07008478,0.13705598,4,8,-0.004996635,114,23,0.2026854414049492,0.06517341095697177,17,0.12718774827348123,0.16709559749265246,0.13751203044797744,False,False,True,False
2D,entry_adx>22 ∧ entry_btc_trend_gap_pct>0.0932,115.66666666666667,-0.024728335,-0.061035287,0.8648401,0.011327591,0.05807729,3,7,-0.0042465962,95,28,0.16839506594361575,0.06918179861399307,17,-0.21090512447418147,0.3025217528238188,0.09921326732962268,False,False,True,False
2D,entry_ema20_slope>0.146 ∧ entry_pos_di≤26.2,96.66666666666667,-0.018122217,-0.060879853,0.86396277,0.053351697,0.029661946,5,8,0.01740523,104,19,0.33046148557735433,0.040787739301338125,12,0.06350175179112094,0.43920045584097306,0.2896737462760162,False,True,True,False
2D,entry_adx>22 ∧ entry_ema_gap_8_13≤0.132,114.66666666666667,-0.024537463,-0.06098902,0.8639345,0.086566485,-0.005259905,4,7,-0.0043389983,115,25,0.14126672631537399,0.08292614076462562,19,0.06393592338625106,0.09280504956007801,0.058340585550748364,False,False,True,False
2D,entry_ema5_stretch≤0.118 ∧ entry_range_position≤81.7,130.66666666666666,-0.025993664,-0.06231804,0.86247545,-0.017116413,0.080780745,5,9,-0.00876148,117,30,0.07582521494278395,0.10825254096801898,19,-0.04022200098356768,-0.029612658044830882,-0.03242732602523503,False,False,False,False
2D,entry_atr_pct>0.455 ∧ entry_btc_adx≤24.9,129.33333333333334,-0.02438559,-0.06285522,0.86193794,-0.018972132,0.09416368,7,8,0.014390882,118,28,0.09610777458852539,0.0989471538778538,20,0.08573485751783394,-0.012621508214412214,-0.0028393792893284114,False,False,False,False
2D,entry_gap>0.354 ∧ entry_quality_score≤4,152.0,-0.07324816,-0.038960453,-0.8615601,-0.07048008,-0.0027797185,4,8,-0.005275797,132,40,0.08109067282230085,0.11028209355858455,22,-0.1257662901099257,0.03164025865375082,-0.029191420736283696,False,False,True,False
2D,entry_dist_from_ema13_pct>0.341 ∧ entry_price_vs_ema5_pct≤0.118,32.333333333333336,-0.1097402,-0.046379708,-0.86127037,-0.07114081,-0.057521604,3,7,-0.018127166,58,7,0.42151072912045817,0.07268369717224228,6,-0.2024636676347188,,0.3488270319482159,False,False,False,False
1D,entry_btc_adx >T2 28.1,141.66666666666666,-0.028185483,-0.0626309,0.86089724,0.07880041,0.010833241,4,7,-0.011110503,107,30,0.3524878334459423,-0.01750319471523483,17,0.15447451446219745,0.5033252372954187,0.3699910281611771,False,False,True,False
2D,entry_btc_rsi≤62.8 ∧ entry_ema_gap_8_13≤0.132,109.0,-0.02350608,-0.060692362,0.85977656,0.09078594,-0.017027296,5,8,0.016408265,112,27,-0.06837668483601608,0.16326948757601745,21,0.1808697353910306,-0.5162701116924484,-0.23164617241203353,False,False,False,False
2D,entry_btc_adx_prev>24.8 ∧ entry_btc_rsi_prev6≤58.3,90.0,-0.084289424,-0.04232653,-0.8575054,-0.023147099,-0.056409493,5,8,-0.00020164251,89,21,0.21617604054288744,0.0650630306769618,14,0.17891137854294,0.18995074582858945,0.15111300986592563,False,False,False,False
2D,entry_atr_pct≤0.455 ∧ entry_gap≤0.354,149.33333333333334,-0.072498925,-0.039694462,-0.85590315,-0.041760832,-0.023743454,5,8,0.009843931,119,33,0.06363588304538009,0.11618158748690838,23,0.05412692426800361,-0.16750805517138118,-0.052545704441528285,False,True,True,False
2D,entry_global_volume_ratio>0.823 ∧ entry_range_position>81.7,96.0,-0.022434318,-0.059540395,0.85586905,0.05683947,0.026243098,5,7,0.005172752,90,20,0.1279237593430229,0.09027564428042516,15,-0.1177249655272945,0.0890564681001339,0.037648115062597756,False,True,True,False
2D,entry_adx≤22 ∧ entry_btc_rsi_prev≤62,113.33333333333333,-0.079234876,-0.041028496,-0.8544137,-0.09275073,0.012358297,5,9,-0.033903312,111,27,0.23226378648575238,0.04562756401532545,21,0.4804234744592736,-0.05642584192723073,0.18663622247042694,False,False,False,False
2D,entry_ema_gap_8_13>0.132 ∧ entry_pos_di>26.2,112.33333333333333,-0.07767816,-0.041707087,-0.85391337,-0.090803996,0.009691,5,8,-0.0062604584,107,24,-0.043207857901026624,0.14522795474718622,16,-0.32801704765642375,-0.11665036751270573,-0.18843581264821285,False,False,True,False
2D,entry_adx_delta>0.241 ∧ entry_btc_ema20_slope≤0.0586,104.66666666666667,-0.023798566,-0.060096238,0.8518134,-0.06464186,0.11792427,4,7,-0.0032715686,111,27,0.3219929826625466,0.010516139424406015,21,0.26108833196634396,0.30830826673773665,0.3114768432381406,False,False,True,False
2D,entry_btc_adx_prev≤24.8 ∧ entry_ema_gap_8_13>0.132,117.33333333333333,-0.023466032,-0.061710432,0.850986,-0.051231105,0.12839925,5,8,0.002339039,102,16,0.30276516940919074,0.057189768020321476,12,-0.08708061098280012,0.4983911065035256,0.24557540138886927,False,False,True,False
2D,entry_quality_score≤4 ∧ entry_range_position>81.7,175.66666666666666,-0.07047623,-0.03766575,-0.85090125,-0.025959767,-0.040738996,4,9,0.0051696226,135,43,0.1068604409212774,0.09102689042561968,25,0.0219091204713297,-0.020753851477712807,0.015833550495657725,False,True,False,False
2D,entry_adx≤22 ∧ entry_btc_adx≤24.9,128.66666666666666,-0.02525978,-0.0623912,0.8501103,0.03623764,0.035611644,5,9,0.0034863017,106,28,0.22835825412730734,0.04449107406776714,19,0.056180779689201016,0.23279516229468697,0.1838671800595402,False,True,True,False
2D,entry_adx_delta≤0.241 ∧ entry_ema20_slope>0.146,90.0,-0.018868161,-0.059832722,0.84974194,0.0010846294,0.073314585,6,8,-0.0041021816,99,23,0.03899186580817457,0.1167480991586953,18,-0.0012338110013186965,-0.12496866889980798,-0.07775623335052073,False,False,False,False
2D,entry_btc_rsi_1h>57.2 ∧ entry_ema_gap_8_13>0.132,103.66666666666667,-0.02064543,-0.060996782,0.84911466,-0.045812063,0.12946406,4,7,-0.004007425,76,29,0.18656783737196803,0.05983517714008503,18,-0.1377444334514786,0.28751954051977724,0.126732660231883,False,False,True,False
2D,entry_btc_adx_prev≤24.8 ∧ entry_btc_rsi≤62.8,124.0,-0.025004106,-0.06192291,0.84870505,-0.008118942,0.08081647,6,8,0.0035720468,108,22,0.010264088437843428,0.12423802981811102,15,0.2955911407489719,-0.46346231213216843,-0.11397394138026759,False,False,False,False
2D,entry_global_volume_ratio≤0.823 ∧ entry_pair_ema20_ema50_gap_pct>0.339,98.0,-0.0823748,-0.041875556,-0.8476319,-0.08916772,0.0060459003,4,7,-0.00081428513,109,21,0.14537213301193344,0.08488812478562889,14,0.11616735149149435,0.10852115173407609,0.06048400822630455,False,False,False,False
2D,entry_adx≤22 ∧ entry_rsi>60.1,116.0,-0.076203085,-0.041833457,-0.8450321,0.076623015,-0.13452952,4,9,-0.026295524,112,26,0.19094367191671152,0.06364126689054671,19,-0.08375823013548359,0.24793164444223936,0.1273024050261648,False,False,False,False
2D,entry_adx_delta>0.241 ∧ entry_dist_from_ema13_pct>0.341,107.66666666666667,-0.07922856,-0.04171003,-0.84471875,-0.0868406,0.0122510195,4,7,-0.0087008625,116,22,0.22102058659208332,0.06158069252901266,18,-0.09356417591086388,0.32501229813950006,0.15943989406307066,False,False,False,False
2D,entry_btc_rsi_1h>57.2 ∧ entry_quality_score≤4,172.66666666666666,-0.031491183,-0.06459025,0.8444847,-0.0017430969,0.06270584,4,7,-0.0060304925,103,58,0.15565070345712098,0.010307456622625067,28,-0.06654823477653907,0.24126263310124055,0.14534324683449593,False,False,True,False
2D,entry_atr_pct≤0.455 ∧ entry_btc_rsi_prev6>58.3,113.33333333333333,-0.026880842,-0.059985228,0.8439331,0.0953725,-0.013326902,5,9,0.010535736,101,27,-0.015198980838779049,0.1424608207944899,19,0.083266399315824,-0.32650609709740264,-0.15765980163326895,False,False,False,False
2D,entry_btc_rsi_prev≤62 ∧ entry_neg_di>15.8,109.33333333333333,-0.079324804,-0.041479576,-0.84066594,-0.07632168,-0.0050880536,4,8,-0.006045174,95,21,0.053866206963680816,0.11050978407913964,16,0.7576287431852408,-0.2977306418015785,-0.056643577115458824,False,False,True,False
2D,entry_dist_from_ema13_pct≤0.341 ∧ entry_ema5_stretch>0.118,33.0,0.00069794,-0.055537894,0.83857703,0.2018772,-0.05553908,4,8,-0.0028919578,58,11,0.01809806887649398,0.10847465170036866,9,0.06286517942654779,-0.10721071644105858,-0.09037658282387467,False,False,False,False
1D,entry_adx >T2 23.8,141.33333333333334,-0.028590348,-0.062389832,0.83808416,0.01726391,0.048396163,4,7,0.0046031065,126,31,0.009181528458173566,0.14053533492260598,24,-0.13113977431840138,-0.18991501673915287,-0.1313538064644324,False,True,False,False
2D,entry_btc_rsi_prev6≤58.3 ∧ entry_ema5_stretch≤0.118,97.33333333333333,-0.082097046,-0.042039797,-0.83694685,-0.05607161,-0.02641185,5,9,-0.0055436417,103,20,0.13046590848444553,0.08960665766426129,16,-0.3751779365777008,0.35373720728757435,0.04085925082018424,False,False,False,False
2D,entry_bear_pct>20 ∧ entry_rsi>60.1,103.0,-0.02354917,-0.059988584,0.83623564,0.08365393,-0.025076963,4,8,-0.0071832538,110,17,0.24405865843913563,0.06671426530009446,14,-0.21593592069615183,0.538135350089835,0.17734439313904116,False,False,True,False
2D,entry_btc_atr_pct>0.146 ∧ entry_bull_pct≤71.1,87.66666666666667,-0.014546987,-0.06066905,0.83564943,0.023890432,0.068858534,5,8,0.013223924,77,13,0.25434880133303533,0.07364927391377482,11,-0.2713225334397089,0.4298307938309664,0.1806995274192605,False,True,True,False
2D,entry_adx_prev>22.1 ∧ entry_ema_gap_5_8≤0.0879,121.0,-0.026169783,-0.06109824,0.8336148,0.036656022,0.035673223,4,8,-0.0074397363,111,30,0.06017075608630245,0.11536820408460147,21,-0.052654001239497566,-0.008134818668903606,-0.05519744799829902,False,False,False,False
2D,entry_btc_ema20_slope>0.0586 ∧ entry_ema20_slope≤0.146,108.0,-0.079021044,-0.041741144,-0.8330456,0.1020273,-0.17090231,4,9,-0.002158802,97,17,0.16918639969843585,0.08282601718100459,12,-0.028806848043977235,0.1582599535587918,0.08636038251743126,False,False,False,False
2D,entry_adx_delta≤0.241 ∧ entry_pair_volume_ratio>0.763,93.33333333333333,-0.021841785,-0.059409324,0.8320637,0.08413517,0.0023989603,6,8,-0.021725621,105,19,-0.09191266285870775,0.14500993177257424,17,-0.41250707047110824,-0.11617899635713211,-0.23692259463128199,False,False,False,False
2D,entry_ema50_slope≤0.226 ∧ entry_neg_di>15.8,105.0,-0.07921083,-0.042027183,-0.83092934,-0.044359766,-0.030545447,5,9,0.008176193,88,25,0.07490767274025162,0.10629200469952789,19,0.37686329900594673,-0.2555323357245129,-0.03138433195927627,False,True,True,False
2D,entry_bear_pct≤20 ∧ entry_ema_gap_5_8≤0.0879,106.33333333333333,-0.07823276,-0.04219726,-0.8308886,-0.054057837,-0.020186536,4,8,-0.013500772,98,29,0.16833016776953635,0.06772909383367484,19,0.28871643313645245,0.07619941315780328,0.10060107393586151,False,False,False,False
2D,entry_btc_adx_prev>24.8 ∧ entry_gap>0.354,91.0,-0.08067059,-0.04318344,-0.8269555,-0.034509186,-0.03758025,4,7,-0.0014010109,102,27,0.07161358838057869,0.10849068501300208,15,-0.13527493624032833,0.023221166976681768,-0.03687709663242339,False,False,True,False
2D,entry_btc_adx≤24.9 ∧ entry_dist_from_ema13_pct>0.341,131.33333333333334,-0.02658972,-0.06213476,0.826404,-0.042906508,0.112556525,5,8,-0.007891104,120,27,0.19714491567855705,0.05936973085292363,21,0.030895012171735958,0.2036595556633154,0.13777518482563342,False,False,True,False
2D,entry_ema_gap_5_8≤0.0879 ∧ entry_ema_gap_8_13≤0.132,175.33333333333334,-0.03231529,-0.06436623,0.82634723,0.07610576,-0.0042193383,5,9,0.0026879832,137,51,0.04283666826201917,0.16077231268466205,30,0.17125148050503766,-0.27654809851092066,-0.11793564442264287,False,False,False,False
2D,entry_ema50_slope>0.226 ∧ entry_pair_rank≤30,103.33333333333333,-0.022262275,-0.060437888,0.8260224,-0.0018862523,0.070361465,4,8,-0.016051881,108,23,0.0018988275647729208,0.12843494682442458,20,-0.09409622746258836,-0.14524246564638255,-0.12653611925965166,False,False,False,False
2D,entry_btc_dist_from_ema13_pct≤0.152 ∧ entry_btc_rsi_prev>62,91.66666666666667,-0.08070948,-0.04309811,-0.82591254,-0.048732508,-0.027099304,4,7,-0.011478905,91,27,0.1311994609432139,0.0851744740102318,19,-0.04977294159464338,0.07360193198682081,0.04602498693298211,False,False,False,False
2D,entry_ema_gap_8_13>0.132 ∧ entry_rsi_prev≤57.8,94.0,-0.08392192,-0.041925415,-0.82239085,-0.23309419,0.13673829,5,8,-0.037276775,106,16,0.2471853070115697,0.06830574049984567,13,-0.04145589346596476,0.3244500638769945,0.17887956651172404,False,False,False,False
2D,entry_btc_atr_pct≤0.146 ∧ entry_btc_rsi_1h≤57.2,94.33333333333333,-0.07825117,-0.043494515,-0.8213983,0.035822023,-0.06688466,4,7,0.006512463,82,16,0.1105875651041548,0.09562528888132865,12,-0.04551874558289065,0.014477145675925078,0.014962276222826143,False,False,False,False
2D,entry_btc_rsi≤62.8 ∧ entry_neg_di>15.8,106.33333333333333,-0.079073876,-0.041917756,-0.8174811,-0.026572831,-0.044908315,5,8,-0.009749033,98,18,-0.05619248759796299,0.13372934524277055,14,0.5692965872970996,-0.3850219946874575,-0.18992183284073355,False,False,True,False
2D,entry_btc_rsi≤62.8 ∧ entry_price_vs_ema5_pct≤0.118,103.33333333333333,-0.07882808,-0.0423415,-0.81676346,0.029043633,-0.09960772,4,8,0.0047918037,105,20,-0.09333786107355561,0.14850238649531422,16,0.1332693630720837,-0.7347921642438027,-0.24184024756886985,False,False,True,False
2D,entry_neg_di>15.8 ∧ entry_quality_score≤4,159.0,-0.07164126,-0.03901837,-0.81655353,-0.15923695,0.071121626,5,9,0.0043688603,126,40,0.07186557454074487,0.11687144947398169,24,0.41142788856682533,-0.15859688542545947,-0.04500587493323682,False,False,True,False
2D,entry_dist_from_ema13_pct>0.341 ∧ entry_rsi>60.1,129.33333333333334,-0.0741279,-0.04119416,-0.8161217,0.05820992,-0.12217789,4,8,-0.019682165,122,26,0.21295610033606063,0.05546522204907417,18,0.040389198180081354,0.22530580930228017,0.15749087828698646,False,False,False,False
1D,entry_neg_di >med 15.8,213.0,-0.066876076,-0.03551845,-0.81607085,-0.05500876,-0.007222913,6,9,0.014726698,139,49,0.0566058838167778,0.14139863500320546,29,0.3150615313483538,-0.21669931603557846,-0.08479275118642765,False,True,True,False
1D,entry_neg_di ≤med 15.8,213.33333333333334,-0.03551845,-0.066876076,0.8160701,0.05500876,0.007222913,6,9,0.014726698,155,47,0.14139863500320546,0.0566058838167778,29,-0.3150615313483538,0.21669931603557846,0.08479275118642765,False,True,True,False
2D,entry_btc_dist_from_ema13_pct>0.152 ∧ entry_bull_pct>71.1,134.66666666666666,-0.073472194,-0.040894683,-0.8156656,-0.008743621,-0.053311363,5,9,0.006742649,98,25,0.02328539349581289,0.12446886358841475,15,0.29636894361299965,-0.31920182328834984,-0.10118347009260185,False,True,True,False
2D,entry_gap≤0.354 ∧ entry_quality_score>4,32.666666666666664,-0.10043595,-0.047098126,-0.8156124,0.15083402,-0.17798033,5,8,-0.03551502,45,8,-0.14949427024261164,0.12062929902401892,8,,-0.2865363193055346,-0.27012356926663056,False,False,True,False
1D,entry_btc_trend_gap_pct ≤0,106.33333333333333,-0.079172865,-0.041884866,-0.8155969,-0.06336864,-0.014891271,2,8,-0.026494201,90,20,0.15291848193418286,0.08369808570380413,16,0.23085113852593878,-0.18734999120328438,0.06922039623037873,False,False,False,False
1D,entry_btc_trend_gap_pct >0,320.0,-0.041884866,-0.079172865,0.81559616,0.06336864,0.014891271,2,8,-0.026494201,165,76,0.08369808570380413,0.15291848193418286,35,-0.23085113852593878,0.18734999120328438,-0.06922039623037873,False,False,False,False
2D,entry_btc_rsi≤62.8 ∧ entry_ema5_stretch>0.118,110.0,-0.02332478,-0.060872957,0.8145585,-0.023583133,0.09384631,6,9,0.0072623193,114,24,0.05682196425062055,0.11188468069663715,18,0.23122227419563054,-0.18151348567874548,-0.0550627164460166,False,False,False,False
2D,entry_btc_ema20_slope>0.0586 ∧ entry_gap>0.354,102.66666666666667,-0.023187984,-0.06006562,0.8143491,0.09723388,-0.030157719,4,8,-0.042610977,95,21,-0.04099307439327638,0.13707038285908762,15,-0.4997453792081543,0.03048936377757712,-0.178063457252364,False,False,False,False
2D,entry_btc_1h_slope≤0.0639 ∧ entry_gap>0.354,114.0,-0.07560052,-0.042273466,-0.8137598,-0.080802836,0.006242655,4,8,0.013867781,105,20,0.04569272089713625,0.11191539123986902,15,-0.12921200508092162,-0.026457967649179803,-0.06622267034273277,False,False,True,False
2D,entry_bull_pct≤71.1 ∧ entry_price_vs_ema5_pct>0.118,99.66666666666667,-0.020545239,-0.060533255,0.81369704,0.05268921,0.020489238,5,9,0.011285838,108,14,0.0385399842372095,0.10829102893721754,11,-0.047678030288887674,-0.06592564693078773,-0.06975104470000804,False,True,False,False
2D,entry_btc_rsi>62.8 ∧ entry_pair_rank>30,102.33333333333333,-0.07675266,-0.043109614,-0.81351763,-0.032267015,-0.03631052,6,7,0.018491942,104,25,0.25953633518217606,0.04128191229039957,18,-0.08399563389827591,0.4165935690028555,0.2182544228917765,False,True,False,False
2D,entry_global_volume_ratio>0.823 ∧ entry_rsi_prev≤57.8,99.33333333333333,-0.023722302,-0.059527386,0.8130156,0.06696007,0.020231854,5,9,-0.017591275,98,25,-0.06394824505759886,0.1551849335015879,16,-0.06993590370212202,-0.24002752900461694,-0.21913317855918676,False,False,False,False
2D,entry_btc_rsi_prev≤62 ∧ entry_range_position≤81.7,100.66666666666667,-0.022178736,-0.060151108,0.81256324,-0.041611657,0.1075483,5,7,0.002611287,102,19,-0.06601005157877156,0.13861837833986268,14,0.331677120624268,-0.3136199975421108,-0.20462842991863422,False,False,False,False
1D,entry_price_vs_ema5_pct ≤T1 0.0781,142.33333333333334,-0.029696355,-0.061954543,0.81110495,-0.021378018,0.07707304,4,7,-0.002287548,116,34,0.20876165647761322,0.03744399728925678,19,0.04466060759051449,0.2096654263151387,0.17131765918835645,False,False,True,False
2D,entry_atr_pct≤0.455 ∧ entry_global_volume_ratio>0.823,104.66666666666667,-0.02619792,-0.05931551,0.81054825,0.16912131,-0.05224541,4,9,-0.003106065,92,21,0.20463248314991747,0.06829522674699338,13,-0.19643135863512443,0.3803571941152225,0.1363372564029241,False,False,True,False
1D,entry_ema50_slope >T2 0.327,142.0,-0.029113559,-0.062207785,0.8086746,0.010316361,0.0535335,4,7,-0.0048588403,121,29,0.11284351106196086,0.09174570643844634,22,0.10349792194783389,0.04340650269326956,0.021097804623514516,False,False,True,False
2D,entry_atr_pct>0.455 ∧ entry_dist_from_ema13_pct>0.341,147.33333333333334,-0.073632225,-0.039331153,-0.80816495,-0.09859218,0.024467021,5,8,-0.00823139,136,35,0.08219921314621009,0.10725330642713796,25,-0.12922269748987084,0.0411697900338283,-0.025054093280927864,False,False,True,False
2D,entry_bear_pct>20 ∧ entry_ema50_slope≤0.226,99.0,-0.0219053,-0.060040478,0.80742913,-0.00046190247,0.077966884,4,8,0.004505437,93,25,-0.03904346064916466,0.146415643216928,19,0.03950234951701448,-0.42059049113990465,-0.18545910386609266,False,False,False,False
2D,entry_btc_ema20_slope>0.0586 ∧ entry_range_position≤81.7,97.0,-0.020016389,-0.06036523,0.80734706,0.1609241,-0.06654109,4,9,-0.029706541,99,23,0.11722987732038966,0.0920977667644357,18,-0.25925213273227893,0.21132330965198987,0.02513211055595395,False,False,True,False
1D,entry_price_vs_ema5_pct >med 0.118,213.0,-0.066695295,-0.035698943,-0.8066191,-0.018654883,-0.043958355,3,9,-0.008249704,151,48,0.03879686398750908,0.15744113918275693,28,0.07019140623747142,-0.17966552548391349,-0.11864427519524784,False,False,True,False
1D,entry_price_vs_ema5_pct ≤med 0.118,213.33333333333334,-0.035698943,-0.066695295,0.80661845,0.018654883,0.043958355,3,9,-0.008249704,144,48,0.15744113918275693,0.03879686398750908,28,-0.07019140623747142,0.17966552548391349,0.11864427519524784,False,False,True,False
2D,entry_global_volume_ratio≤0.823 ∧ entry_neg_di≤15.8,105.0,-0.07995845,-0.041782893,-0.80597943,-0.15981731,0.09648344,5,8,-0.021132026,112,21,0.2242284026303697,0.06280836929246675,13,-0.10707282026894535,0.3368100485337016,0.16142003333790295,False,False,False,False
2D,entry_ema20_slope≤0.146 ∧ entry_pos_di≤26.2,116.66666666666667,-0.07713084,-0.041409932,-0.8052054,0.047490183,-0.11098162,5,8,0.01161699,117,26,0.10938403307584116,0.09393484703144142,20,0.17598528347563838,-0.0807937493409415,0.015449186044399738,False,False,False,False
2D,entry_btc_adx>24.9 ∧ entry_pair_rank≤30,114.0,-0.025721997,-0.060478862,0.8050594,0.0528633,0.030958775,4,8,-0.009310581,98,26,0.1681171157347024,0.0721197020438644,18,0.13635577033523089,0.0762090648070693,0.09599741369083799,False,False,True,False
2D,entry_pos_di>26.2 ∧ entry_quality_score≤4,171.0,-0.06960746,-0.038847245,-0.8045901,-0.13627343,0.058844615,6,9,0.0058886856,130,43,0.051128679945365206,0.1362432248023031,24,-0.08361683576529896,-0.08575818617901101,-0.0851145448569379,False,False,True,False
2D,entry_atr_pct>0.455 ∧ entry_btc_ema20_slope≤0.0586,112.0,-0.023965737,-0.06088348,0.80434155,-0.062466085,0.11797433,5,8,0.008695327,113,26,0.23320072839651768,0.04794578876947587,20,-0.022432613403072565,0.3300454760904094,0.18525493962704181,False,False,True,False
2D,entry_btc_rsi>62.8 ∧ entry_pair_rank≤30,110.66666666666667,-0.02457619,-0.06051354,0.8037281,0.0380551,0.03893994,3,9,-0.012716416,108,27,0.12718688341016995,0.08674461304490115,21,-0.2522403855345923,0.23162900180452917,0.040442270365268804,False,False,True,False
2D,entry_btc_1h_slope>0.0639 ∧ entry_ema_gap_8_13>0.132,98.33333333333333,-0.020428155,-0.060405802,0.80225,-0.03278918,0.12078087,3,7,-0.0043647476,76,24,0.20573923954848594,0.06224558893068206,15,-0.07920207029118259,0.28720710032407526,0.1434936506178039,False,False,True,False
2D,entry_adx_prev>22.1 ∧ entry_bear_pct≤20,108.0,-0.076570325,-0.042572595,-0.8021841,-0.06337551,-0.009411782,5,8,0.0018127747,98,19,0.014316150263141246,0.11879762723601409,17,-0.10137687056788192,-0.07205559384194818,-0.10448147697287284,False,True,True,False
2D,entry_ema5_stretch>0.118 ∧ entry_neg_di≤15.8,94.66666666666667,-0.021089256,-0.059775144,0.80058783,0.0669819,0.0010060035,6,7,0.026745187,112,22,0.0019102174635747967,0.12672161308073143,15,-0.23740421716157298,-0.070118389712884,-0.12481139561715664,False,True,False,False
2D,entry_adx_delta>0.241 ∧ entry_ema20_slope≤0.146,90.66666666666667,-0.022571586,-0.058913745,0.7996106,-0.022535853,0.08819828,4,8,-0.003932476,96,24,0.36441301774581003,0.00935432953157402,15,0.24854087434059421,0.3960909131629451,0.35505868821423603,False,False,True,False
2D,entry_adx_delta>0.241 ∧ entry_ema50_slope≤0.226,109.0,-0.024781816,-0.060254164,0.79872423,-0.079762734,0.15022212,5,8,-0.008192912,104,24,0.2897123668395008,0.03425454650034378,18,0.20776797296860378,0.2073321859216871,0.25545782033915704,False,False,True,False
2D,entry_ema_gap_8_13>0.132 ∧ entry_rsi≤60.1,94.0,-0.08294638,-0.04220134,-0.796597,-0.2989769,0.18585652,4,8,-0.040122993,102,16,0.09398284762851736,0.09894623237645614,12,-0.2955179537787881,0.18178084154547153,-0.004963384747938782,False,False,True,False
2D,entry_pos_di>26.2 ∧ entry_rsi≤60.1,97.0,-0.023212304,-0.059423927,0.7959844,-0.22999227,0.21670717,6,8,-0.03169672,94,28,0.017206473512708462,0.13143592490907255,19,0.00018725053093684996,-0.1395530167527731,-0.11422945139636409,False,False,False,False
2D,entry_ema_gap_5_8>0.0879 ∧ entry_pair_rank≤30,108.0,-0.024444839,-0.060257055,0.79367936,0.010226,0.05806452,6,9,0.010607645,121,21,0.07295088154153866,0.10516607519733942,20,-0.19573546544441642,0.04555792301076301,-0.032215193655800764,False,True,False,False
2D,entry_btc_ema20_slope>0.0586 ∧ entry_ema_gap_5_8≤0.0879,103.0,-0.023333685,-0.060057227,0.79213244,0.1895025,-0.087405846,5,9,0.00083968043,96,25,0.05287080582678149,0.11405146488032722,16,0.004769008180619427,-0.0825008504652083,-0.06118065905354573,False,False,False,False
2D,entry_atr_pct>0.455 ∧ entry_pos_di>26.2,84.0,-0.08267714,-0.04345762,-0.79107875,-0.16898218,0.065527394,6,8,-0.015361138,94,24,0.005519405372537788,0.1289855336559981,18,-0.24860276161443778,-0.01847558186665721,-0.12346612828346032,False,False,True,False
2D,entry_btc_rsi_prev>62 ∧ entry_btc_rsi_prev6≤58.3,91.33333333333333,-0.081971355,-0.04279151,-0.79039776,-0.005829733,-0.074812755,6,9,-0.025354968,88,21,-0.04360032523531886,0.13780041309485952,13,-0.6917323541691932,0.041714758194158284,-0.1814007383301784,False,False,True,False
2D,entry_btc_rsi>62.8 ∧ entry_gap>0.354,108.33333333333333,-0.025641993,-0.059886757,0.7899465,0.021588096,0.045189735,4,8,-0.017015561,107,24,0.17687692867334323,0.07186635922239629,16,-0.3376553433184873,0.4012954614788889,0.10501056945094694,False,False,True,False
2D,entry_ema20_slope≤0.146 ∧ entry_gap≤0.354,188.0,-0.06828014,-0.03770017,-0.7893585,0.0029699616,-0.058927137,5,8,0.002899278,143,40,0.15166390079946054,0.05987264500347048,24,0.1543004682467544,0.04789067273580766,0.09179125579599007,False,False,False,False
2D,entry_bear_pct>20 ∧ entry_btc_rsi≤62.8,119.66666666666667,-0.02625299,-0.060913906,0.78889334,0.06929433,-0.00225332,5,8,-0.004892919,109,19,-0.09144870743943537,0.14489544926652,17,0.13041953221960687,-0.5849723842301622,-0.23634415670595538,False,False,False,False
2D,entry_btc_adx_prev>24.8 ∧ entry_btc_rsi_prev≤62,97.33333333333333,-0.022525478,-0.059663806,0.78883874,0.0056180097,0.063919865,5,7,0.0060585216,88,21,0.2790283214261695,0.04746439202964278,15,0.17192938984670397,0.2939698270078344,0.23156392939652673,False,True,True,False
2D,entry_dist_from_ema13_pct>0.341 ∧ entry_ema_gap_8_13>0.132,155.33333333333334,-0.07155825,-0.039507337,-0.78851897,-0.06882786,-0.001171492,4,8,0.0006282404,131,30,0.15129902742969972,0.0739462625648754,21,-0.14879129891189416,0.19966198173163818,0.07735276486482433,False,True,False,False
2D,entry_gap≤0.354 ∧ entry_global_volume_ratio>0.823,100.33333333333333,-0.024781955,-0.05931109,0.78714645,0.13922076,-0.025974657,4,9,-0.0110065825,98,27,0.1404072290660474,0.0815714343099926,18,-0.05467073668871242,0.1009540894960817,0.05883579475605481,False,False,True,False
2D,entry_gap>0.354 ∧ entry_pos_di≤26.2,102.66666666666667,-0.022585565,-0.0602567,0.7851734,0.009819914,0.06285268,5,8,0.013726298,115,22,0.2698525018810591,0.047063096091749586,16,0.11909156859022274,0.2867694710346165,0.2227894057893095,False,True,True,False
1D,entry_ema_gap_5_8 >T2 0.102,142.0,-0.029852977,-0.06183851,0.7841386,0.047996245,0.015195366,5,8,0.0045865253,127,24,0.04796111786562962,0.11483829615830082,17,-0.05645613786375808,-0.17208585410066113,-0.0668771782926712,False,True,False,False
2D,entry_ema_gap_5_8≤0.0879 ∧ entry_gap>0.354,48.666666666666664,-0.007999178,-0.05674999,0.78351635,-0.12306529,0.17161152,4,7,-0.02784077,74,13,-0.083904872199826,0.12662876494904227,11,-0.063645745898921,-0.2462521966324112,-0.21053363714886825,False,False,False,False
2D,entry_btc_rsi_1h_prev>54.1 ∧ entry_ema50_slope>0.226,119.33333333333333,-0.026446145,-0.06080119,0.7832296,0.043574266,0.02408376,5,8,0.008700255,91,29,-0.005358396111480758,0.1429077259612793,20,-0.016580128715259934,-0.17637283543197718,-0.14826612207276005,False,True,False,False
2D,entry_bear_pct>20 ∧ entry_pos_di>26.2,111.0,-0.026281351,-0.05995129,0.7832263,-0.03023617,0.088279925,4,9,-0.013651732,104,27,0.08297400406715015,0.10404530496173502,18,-0.052476856511239095,-0.025441426705842818,-0.021071300894584866,False,False,False,False
2D,entry_ema50_slope≤0.226 ∧ entry_ema_gap_8_13≤0.132,124.66666666666667,-0.07408751,-0.04172032,-0.78245866,-0.021145958,-0.043367226,6,8,0.008321021,106,31,0.09914268505107382,0.09763078331676125,22,0.26902785496123344,-0.2627865784102125,0.0015119017343125651,False,True,False,False
2D,entry_btc_adx_prev≤24.8 ∧ entry_rsi≤60.1,100.0,-0.021291345,-0.060345463,0.77972525,-0.074305624,0.14869374,5,8,-0.0069998465,101,22,-0.033611428736127394,0.1372821024914537,16,0.035913920915578185,-0.24336052518081674,-0.1708935312275811,False,False,False,False
2D,entry_adx_delta≤0.241 ∧ entry_atr_pct>0.455,121.66666666666667,-0.025423666,-0.061472625,0.7796726,0.031675927,0.04060379,6,8,0.018341169,120,27,-0.06241463307943384,0.16093651080170265,21,-0.17060899335010082,-0.20606140351779825,-0.2233511438811365,False,True,False,False
2D,entry_btc_rsi>62.8 ∧ entry_rsi_prev≤57.8,100.33333333333333,-0.07908623,-0.042597808,-0.7773815,-0.03201949,-0.03920773,5,9,0.010979608,102,29,0.19130429343639546,0.05778506929130301,20,0.14213997083436172,0.19503564466115866,0.13351922414509246,False,True,False,False
2D,entry_atr_pct>0.455 ∧ entry_btc_trend_gap_pct>0.0932,96.66666666666667,-0.020659715,-0.06013579,0.7771193,0.015777715,0.061256822,3,7,0.013668209,83,26,0.1761801428136682,0.06912486341453426,19,0.006339738274446671,0.19023336796030688,0.10705527939913394,False,True,True,False
2D,entry_btc_rsi_1h≤57.2 ∧ entry_btc_rsi_prev6≤58.3,120.0,-0.075300686,-0.041738156,-0.77625346,0.029458242,-0.09411559,4,8,-0.010369755,90,16,0.09940468787647477,0.09786186432686467,10,0.23106900793577173,-0.19120420048762216,0.0015428235496101061,False,False,False,False
2D,entry_global_volume_ratio>0.823 ∧ entry_pair_volume_ratio≤0.763,88.0,-0.022772525,-0.05857505,0.77438104,0.07600656,0.007917866,4,8,-0.014166586,91,23,0.11511264763412778,0.09276483913134013,17,-0.27364326281732915,0.22043935544155205,0.02234780850278764,False,False,True,False
2D,entry_btc_atr_pct>0.146 ∧ entry_pair_volume_ratio>0.763,92.66666666666667,-0.021560904,-0.059412267,0.77268964,0.105291426,-0.041215025,4,8,-0.026989616,79,16,0.15864661597459184,0.08601347870724127,12,-0.08872178312543388,0.19206935862736862,0.07263313726735057,False,False,True,False
1D,entry_btc_atr_pct >T2 0.186,142.0,-0.028883137,-0.06232286,0.7726201,0.10184999,-0.05205995,6,8,-0.00060553104,82,17,0.37955773307524254,0.037556236580932253,12,0.115292991583687,0.49096568477635805,0.3420014964943103,False,False,True,False
2D,entry_btc_rsi_prev6≤58.3 ∧ entry_btc_trend_gap_pct>0.0932,68.33333333333333,-0.013008722,-0.058471903,0.7725453,0.025412569,0.064820394,5,8,0.017136801,64,19,0.11949805570066142,0.09284365056961302,13,-0.12882408474687027,0.15152773841876543,0.0266544051310484,False,True,True,False
2D,entry_ema50_slope≤0.226 ∧ entry_gap>0.354,72.0,-0.016896438,-0.05815238,0.771208,0.0032153614,0.08177635,5,8,0.003812585,86,15,0.08264099089102318,0.10098529986182003,10,-0.12354468060789708,0.04965349618962435,-0.01834430897079685,False,True,False,False
2D,entry_dist_from_ema13_pct>0.341 ∧ entry_ema50_slope>0.226,115.0,-0.07563521,-0.042153604,-0.7710546,0.00236414,-0.064098306,7,9,0.0025838837,118,26,0.10431750107759705,0.09581670177364633,22,-0.09790744687182543,0.09433655706777677,0.008500799303950715,False,False,False,False
2D,entry_btc_trend_gap_pct>0.0932 ∧ entry_ema20_slope≤0.146,111.33333333333333,-0.026557144,-0.059889447,0.7691869,0.05261059,0.011814877,4,7,0.0062402003,98,29,0.15871688132661949,0.07189006856269857,15,-0.006384306765820746,0.19451410133616032,0.08682681276392092,False,True,True,False
2D,entry_btc_ema20_slope≤0.0586 ∧ entry_bull_pct≤71.1,142.66666666666666,-0.03058396,-0.06154604,0.7685596,-0.104753606,0.14962506,3,8,-0.028032858,122,24,0.14795712292299223,0.08150629447251329,18,0.319833892313916,-0.16379465299456697,0.06645082845047895,False,False,True,False
2D,entry_ema20_slope>0.146 ∧ entry_ema_gap_8_13>0.132,177.66666666666666,-0.033618342,-0.063735984,0.7673331,-0.019489069,0.07328671,5,8,0.002169706,141,38,0.16836088332490337,0.05209845837631798,24,-0.19376383027738536,0.2913487120031581,0.1162624249485854,False,False,True,False
2D,entry_btc_atr_pct≤0.146 ∧ entry_btc_rsi≤62.8,101.0,-0.0764646,-0.043336924,-0.7666259,0.053829066,-0.099911764,4,7,-0.0011063628,92,20,-0.15117326216917706,0.1637222288888988,17,0.3023340468366206,-0.7265425202929289,-0.3148954910580759,False,False,True,False
2D,entry_adx>22 ∧ entry_ema50_slope>0.226,117.0,-0.027621578,-0.060097456,0.7640169,-0.034549184,0.09054683,3,7,-0.0046742633,111,24,0.1399557755142859,0.08417341027541538,16,-0.1358909208653701,0.1908103612766106,0.05578236523887052,False,False,True,False
2D,entry_ema50_slope>0.226 ∧ entry_rsi>60.1,109.0,-0.027315479,-0.059383884,0.7618203,0.20484754,-0.12093526,3,8,-0.035881404,112,27,0.09493915977365296,0.09936328751136433,21,-0.19982590430169828,0.1123982654442477,-0.004424127737711378,False,False,False,False
2D,entry_ema20_slope≤0.146 ∧ entry_pos_di>26.2,97.33333333333333,-0.0768905,-0.043580133,-0.7601261,-0.08315733,0.008643974,5,9,-0.008612718,92,21,0.12891992111924835,0.08949474411558074,14,0.06321134401054368,0.055620037409764025,0.039425177003667614,False,False,False,False
2D,entry_btc_ema20_slope>0.0586 ∧ entry_price_vs_ema5_pct≤0.118,107.66666666666667,-0.025478762,-0.05987026,0.75966513,0.14987758,-0.062950745,4,9,-0.020410381,96,23,0.05278879221568607,0.11240112234536974,16,-0.411673684665935,0.1867672407566658,-0.05961233012968367,False,False,False,False
2D,entry_btc_atr_pct>0.146 ∧ entry_price_vs_ema5_pct≤0.118,78.0,-0.085346535,-0.04353543,-0.75857496,-0.026102476,-0.06534399,5,8,0.024031997,79,13,0.06663321702876303,0.1030505100096247,10,-0.10681595432993313,0.01281304024958025,-0.036417292980861674,False,True,True,False
2D,entry_btc_dist_from_ema13_pct>0.152 ∧ entry_pair_rank>30,102.66666666666667,-0.0756306,-0.04343089,-0.7575277,-0.009573907,-0.058552597,5,8,0.0072277486,93,20,0.09233409079761931,0.09964134652921555,16,0.29629308694799655,-0.10993121895786691,-0.0073072557315962405,False,True,True,False
2D,entry_bull_pct>71.1 ∧ entry_range_position≤81.7,97.66666666666667,-0.07765973,-0.04331777,-0.75529116,-0.026295487,-0.0376212,4,9,-0.02513937,93,23,0.049703493005757785,0.11337320291836082,15,-0.181878854775218,0.05071103103702502,-0.06366970991260304,False,False,True,False
2D,entry_btc_ema20_slope>0.0586 ∧ entry_neg_di>15.8,108.33333333333333,-0.07536102,-0.04294893,-0.7550783,0.04716108,-0.09531437,5,9,0.0074724406,85,26,0.06090049773224686,0.11194301730191934,17,-0.06159889458589041,-0.0037310079828280288,-0.051042519569672484,False,False,True,False
2D,entry_adx_delta>0.241 ∧ entry_btc_1h_slope≤0.0639,102.33333333333333,-0.07590323,-0.0433779,-0.7544894,-0.12896474,0.049245574,5,7,-0.006002508,95,16,0.13487793171223175,0.09076721555971326,11,-0.3390749392930871,0.3396664683412647,0.04411071615251849,False,False,False,False
2D,entry_gap>0.354 ∧ entry_rsi>60.1,117.66666666666667,-0.028572055,-0.059805274,0.7541991,0.15298438,-0.0846408,4,8,-0.051765032,115,28,0.19432150302139586,0.058506206876083613,19,-0.005262076394108417,0.2062337902188025,0.13581529614531224,False,False,True,False
2D,entry_btc_adx_prev>24.8 ∧ entry_btc_rsi_1h_prev>54.1,116.33333333333333,-0.028199552,-0.05981072,0.7537133,-0.029481392,0.08057911,5,8,-0.01017803,81,36,0.16515138982399324,0.05789956864181688,19,0.11740710873948107,0.12243996808812777,0.10725182118217635,False,False,True,False
2D,entry_ema5_stretch>0.118 ∧ entry_price_vs_ema5_pct>0.118,212.66666666666666,-0.06569437,-0.03674354,-0.7533145,-0.014173236,-0.043958355,3,9,-0.010634895,151,48,0.03879686398750908,0.15744113918275693,28,0.07019140623747142,-0.17966552548391349,-0.11864427519524784,False,False,True,False
2D,entry_bear_pct≤20 ∧ entry_ema20_slope>0.146,115.33333333333333,-0.074007586,-0.042721316,-0.75296795,-0.014377881,-0.04356948,4,8,-0.005547818,102,27,-0.1628752407335464,0.20024718336200756,20,-0.07226381383270933,-0.5657274090539025,-0.36312242409555395,False,False,True,False
2D,entry_ema_gap_5_8>0.0879 ∧ entry_price_vs_ema5_pct≤0.118,86.33333333333333,-0.08025112,-0.04380448,-0.75192267,-0.008730795,-0.05686221,4,9,-0.011763018,100,14,0.3409372445066026,0.056662228403418696,10,-0.21952109180506224,0.8982121165707729,0.28427501610318395,False,False,False,False
2D,entry_ema50_slope>0.226 ∧ entry_neg_di≤15.8,105.0,-0.025971906,-0.05942372,0.75126225,0.09378735,-0.024953365,4,7,-0.00055006146,112,24,0.16892872621948715,0.07451576004034831,20,-0.18813343454383502,0.279956274266696,0.09441296617913884,False,False,True,False
2D,entry_ema50_slope≤0.226 ∧ entry_pos_di>26.2,99.66666666666667,-0.075945556,-0.043630507,-0.7501143,-0.09147274,0.020159177,6,9,-0.0007079281,93,22,0.05276723171143513,0.11160196019623238,17,0.006694458331829772,-0.17752048817061908,-0.05883472848479725,False,False,True,False
2D,entry_adx_prev≤22.1 ∧ entry_btc_adx_prev≤24.8,126.33333333333333,-0.027711984,-0.061069746,0.74999213,0.035349682,0.027416922,6,8,0.0071971603,104,24,0.17418134168003183,0.07276488822016679,16,0.03563699152380645,0.07939482745950509,0.10141645345986504,False,True,True,False
2D,entry_adx≤22 ∧ entry_btc_dist_from_ema13_pct>0.152,133.33333333333334,-0.072787635,-0.041354444,-0.7479367,-0.017608058,-0.04488753,5,9,0.009520888,105,26,0.12241687628583843,0.0890940766962996,15,0.06548799043280318,-0.028507198603114688,0.033322799589538835,False,True,False,False
2D,entry_btc_adx≤24.9 ∧ entry_ema_gap_5_8>0.0879,111.66666666666667,-0.026512194,-0.05994071,0.7475783,-0.02391677,0.09314773,4,8,0.0065071695,105,20,0.39635775699469095,0.019635118582617787,14,-0.0822753904920921,0.7043281260006689,0.37672263841207315,False,False,True,False
2D,entry_btc_adx>24.9 ∧ entry_btc_rsi>62.8,129.33333333333334,-0.0721432,-0.042058423,-0.7472509,-0.096875966,0.02189238,3,8,-0.00033058226,106,33,0.25092424876476926,0.018078157824371194,19,0.12300946892518319,0.33395730544026164,0.23284609094039807,False,False,False,False
2D,entry_btc_rsi_prev6≤58.3 ∧ entry_price_vs_ema5_pct≤0.118,97.66666666666667,-0.078731224,-0.04299936,-0.7467653,-0.05607161,-0.018003345,5,9,-0.0105181,103,20,0.13046590848444553,0.08960665766426129,16,-0.3751779365777008,0.35373720728757435,0.04085925082018424,False,False,False,False
2D,entry_btc_1h_slope≤0.0639 ∧ entry_btc_trend_gap_pct>0.0932,46.333333333333336,-0.08529801,-0.047025602,-0.74617374,-0.080457546,-0.00607498,4,7,0.0111803,44,13,0.014706374080007138,0.11118362998955035,8,-0.29558857758923673,0.03152405857602601,-0.09647725590954322,False,True,True,False
2D,entry_btc_rsi_prev6≤58.3 ∧ entry_pair_volume_ratio≤0.763,117.66666666666667,-0.0753536,-0.0419717,-0.746031,-0.05050488,-0.019564591,5,9,-0.006055314,108,26,0.16849852563475828,0.07197803550955795,18,0.19110728927094398,0.042244921847984895,0.09652049012520034,False,False,False,False
2D,entry_btc_rsi_1h>57.2 ∧ entry_btc_trend_gap_pct≤0.0932,51.0,-0.013816454,-0.05626261,0.7459581,0.026736965,0.0563554,5,7,0.014701422,48,18,0.17259199259437324,0.08093292673684682,14,0.06689933285849928,0.08636471590661315,0.09165906585752642,False,True,True,False
1D,entry_adx_prev >T2 23.4,142.0,-0.030921213,-0.061305016,0.7456402,-0.015388425,0.070135206,5,8,-0.01311839,124,33,-0.012293604154205698,0.1559541760200247,25,-0.13113977431840138,-0.23385735430465265,-0.1682477801742304,False,False,False,False
2D,entry_gap≤0.354 ∧ entry_pos_di≤26.2,110.66666666666667,-0.076189406,-0.04241894,-0.74371684,0.08991973,-0.14817345,6,8,-0.0028912686,110,23,0.13852165411123052,0.08538939873444477,17,0.12416763281647564,-0.019209096254181622,0.053132255376785745,False,False,False,False
2D,entry_btc_dist_from_ema13_pct>0.152 ∧ entry_ema50_slope≤0.226,119.33333333333333,-0.027563602,-0.060366828,0.7431614,0.024900429,0.03663614,6,9,0.019711778,91,22,0.14005880986553582,0.08565040993420249,15,-0.007966102339042158,0.05077722432314406,0.054408399931333326,False,True,True,False
2D,entry_btc_atr_pct>0.146 ∧ entry_rsi_prev>57.8,84.66666666666667,-0.07975314,-0.04410567,-0.7410227,0.0073424466,-0.10098751,6,8,0.0033833534,79,19,0.10383496102931022,0.09670857003397237,12,0.025475563820949454,-0.018353380245517532,0.00712639099533785,False,False,False,False
2D,entry_btc_rsi_1h>57.2 ∧ entry_bull_pct>71.1,92.66666666666667,-0.0768348,-0.044061482,-0.7398776,-0.033205625,-0.030400977,3,8,-0.01546808,74,35,0.07440588187543488,0.11172488994315653,19,-0.00930312447452844,0.009410394089757477,-0.03731900806772165,False,False,True,False
2D,entry_btc_rsi≤62.8 ∧ entry_btc_trend_gap_pct>0.0932,79.66666666666667,-0.019960424,-0.058360647,0.7384154,0.028351488,0.045299064,4,7,0.007868417,70,19,-0.04858753168148263,0.13431931498858363,13,-0.01914488906887188,-0.31163077007198847,-0.18290684667006626,False,True,False,False
2D,entry_atr_pct>0.455 ∧ entry_ema5_stretch≤0.118,74.0,-0.08342385,-0.044413924,-0.7358164,-0.046846014,-0.031256933,6,8,0.004266523,88,18,0.19997078543751656,0.07461474377304449,14,0.07392531553481399,0.16157153765568993,0.12535604166447206,False,True,False,False
2D,entry_btc_1h_slope≤0.0639 ∧ entry_btc_adx≤24.9,115.33333333333333,-0.07361841,-0.042865645,-0.7355866,-0.075416975,0.0070763007,3,7,-0.022161026,90,17,-0.08209499181946119,0.13689922801396973,12,-0.24459319580174613,-0.2771166127450224,-0.21899421983343093,False,False,True,False
2D,entry_global_volume_ratio≤0.823 ∧ entry_pos_di>26.2,101.33333333333333,-0.07562429,-0.043564953,-0.73494637,-0.095758185,0.024331897,5,8,0.005559802,104,26,0.0009424751877843973,0.13421313996129108,17,0.017536627248407516,-0.14575366349092142,-0.1332706647735067,False,False,True,False
2D,entry_btc_rsi≤62.8 ∧ entry_btc_trend_gap_pct≤0.0932,133.66666666666666,-0.072251156,-0.041563667,-0.7348688,-0.027531944,-0.031043805,5,8,0.00041745603,113,25,0.01680532089967804,0.12675057929127914,19,0.3355862626797623,-0.46251184850716853,-0.1099452583916011,False,True,True,False
2D,entry_adx_prev>22.1 ∧ entry_ema_gap_5_8>0.0879,92.0,-0.025710696,-0.058194883,0.73403114,0.013371572,0.04919988,5,8,0.008350421,99,15,0.19132334966234008,0.08085893712639097,11,-0.07449906032539211,0.22574478319297545,0.1104644125359491,False,True,True,False
2D,entry_btc_ema20_slope>0.0586 ∧ entry_btc_rsi_prev≤62,52.666666666666664,-0.09347358,-0.04522461,-0.7303589,0.038829565,-0.19286546,3,7,-0.005824752,50,7,-0.09033880466466444,0.11294152567219574,6,0.3230972814208848,-0.6082495972282,-0.2032803303368602,False,False,False,False
2D,entry_bear_pct>20 ∧ entry_btc_rsi_prev≤62,113.0,-0.027555043,-0.059706867,0.7301517,-0.047876183,0.10902876,4,8,-0.013098475,109,20,0.042148907773067276,0.11284797364093982,17,0.13873508366079074,-0.1684205414617437,-0.07069906586787254,False,False,False,False
2D,entry_ema5_stretch≤0.118 ∧ entry_price_vs_ema5_pct≤0.118,213.0,-0.03716966,-0.06517845,0.72888565,0.018654883,0.03828297,3,9,-0.01178452,144,48,0.15744113918275693,0.03879686398750908,28,-0.07019140623747142,0.17966552548391349,0.11864427519524784,False,False,True,False
2D,entry_bull_pct≤71.1 ∧ entry_pos_di>26.2,110.33333333333333,-0.027692322,-0.05938761,0.7284513,-0.023652181,0.080633946,4,9,-0.020637289,99,27,0.05801633928919558,0.1138113477009346,20,-0.04892877863761222,-0.17234811049626714,-0.05579500841173902,False,False,False,False
2D,entry_btc_rsi_prev6≤58.3 ∧ entry_ema5_stretch>0.118,119.0,-0.027860371,-0.06021633,0.72834486,0.07822069,-0.013529867,6,9,0.0033575483,111,26,0.08230676278423295,0.10399211885403875,15,0.6086594700276016,-0.18999281644475952,-0.021685356069805803,False,False,False,False
2D,entry_ema50_slope≤0.226 ∧ entry_rsi_prev>57.8,99.33333333333333,-0.027431987,-0.058400493,0.7266623,0.037036397,0.026712272,6,9,-0.008529272,95,22,0.21283716228112315,0.06401360245929813,16,0.04904904048523703,0.12483465621030536,0.14882355982182502,False,False,True,False
2D,entry_btc_rsi_prev6≤58.3 ∧ entry_pair_volume_ratio>0.763,98.66666666666667,-0.024725238,-0.05915254,0.72621185,0.09390825,-0.01951154,6,9,0.01566349,103,20,0.018416616778762662,0.11909331337628308,15,-0.21717315100167212,-0.004852708574395084,-0.10067669659752042,False,False,False,False
2D,entry_btc_rsi_prev>62 ∧ entry_ema_gap_8_13≤0.132,109.0,-0.07403896,-0.043334953,-0.7259697,0.024526076,-0.06657007,4,9,-0.024187965,107,28,0.14460081425532317,0.07897943166211355,18,0.04634973822709346,0.0976017803731083,0.06562138259320963,False,False,False,False
2D,entry_btc_adx_prev≤24.8 ∧ entry_price_vs_ema5_pct>0.118,132.66666666666666,-0.030477062,-0.06054001,0.724682,-0.02211865,0.079283126,6,8,0.006434001,124,26,0.12088112873254445,0.0896644972160945,19,0.3153481828781206,-0.14362363330023753,0.031216631516449947,False,False,True,False
2D,entry_atr_pct≤0.455 ∧ entry_pos_di>26.2,129.0,-0.03198899,-0.059513316,0.72457427,0.02857725,0.028272375,5,9,0.004125662,108,27,0.006081679158898575,0.13413360601278995,20,-0.038150760642077924,-0.2227059514503788,-0.12805192685389138,False,True,False,False
2D,entry_btc_rsi≤62.8 ∧ entry_neg_di≤15.8,107.0,-0.026537972,-0.059443552,0.7243484,0.021842565,0.040911615,4,7,0.004056882,118,26,0.019555180665658235,0.12729984935522365,19,0.051159451498419134,-0.40395910653802736,-0.10774466868956542,False,True,False,False
2D,entry_btc_ema20_slope≤0.0586 ∧ entry_ema20_slope≤0.146,106.0,-0.07498427,-0.0433097,-0.7232312,-0.14035827,0.05549813,5,9,0.0072211996,111,30,0.08917114695342253,0.10218620823591053,23,0.2472993823178922,-0.12631083450120795,-0.013015061282488,False,False,True,False
2D,entry_btc_rsi_prev6≤58.3 ∧ entry_btc_trend_gap_pct≤0.0932,148.0,-0.07038671,-0.040974747,-0.72258604,0.010007486,-0.06467417,3,8,-0.008543011,115,27,0.09180855347282965,0.10058830736820823,18,0.09401561387537707,-0.11214894927144992,-0.008779753895378578,False,False,True,False
2D,entry_btc_adx>24.9 ∧ entry_btc_atr_pct≤0.146,145.66666666666666,-0.032927275,-0.060660798,0.7217284,-0.014586903,0.06428524,4,8,-0.0017359443,96,40,0.19973927704864214,0.025533090539769366,18,0.23603299106048617,0.11357510782093311,0.17420618650887276,False,False,True,False
2D,entry_atr_pct>0.455 ∧ entry_btc_rsi_prev6>58.3,96.66666666666667,-0.07726773,-0.04353688,-0.7216602,-0.1404778,0.054206442,4,7,-0.005165793,95,23,0.2208914188148189,0.059437281088108675,20,-0.1230401232334781,0.35147242436492043,0.16145413772671025,False,False,False,False
1D,entry_dist_from_ema13_pct >T2 0.398,142.0,-0.0713062,-0.041136194,-0.7208356,-0.06956664,0.004454434,5,8,-0.0009178296,137,28,0.035665059142879575,0.12383533082606091,20,0.03594599738132026,-0.16728462053455562,-0.08817027168318134,False,False,True,False
2D,entry_btc_rsi_1h>57.2 ∧ entry_btc_rsi_prev6≤58.3,96.33333333333333,-0.02356485,-0.05924785,0.71868515,0.0002399683,0.06835789,4,8,0.011900462,75,30,0.10529396653517906,0.09485765388056663,19,-0.14685509087555254,0.14121025922144123,0.010436312654612423,False,True,True,False
2D,entry_btc_rsi_prev≤62 ∧ entry_global_volume_ratio≤0.823,118.0,-0.07497974,-0.04207868,-0.718089,-0.12545714,0.0595773,5,9,-0.012623072,111,23,0.1946918075304785,0.06769195313659952,17,0.42571274605833964,-0.01897870922011382,0.12699985439387895,False,False,False,False
2D,entry_adx_delta>0.241 ∧ entry_ema20_slope>0.146,122.33333333333333,-0.029764019,-0.059805065,0.71783155,0.020612916,0.036931798,4,7,0.004697025,116,26,0.11428107827341037,0.09211594452948711,21,-0.20086768061577737,0.15748726713470737,0.02216513374392326,False,True,True,False
2D,entry_btc_rsi>62.8 ∧ entry_gap≤0.354,104.66666666666667,-0.07448635,-0.043603007,-0.71617544,-0.023180049,-0.033644512,6,9,-0.0015939511,109,28,0.2027645694095983,0.05502965012800026,18,-0.002033910000703909,0.268316332708014,0.14773491928159804,False,False,False,False
2D,entry_btc_trend_gap_pct≤0.0932 ∧ entry_pair_rank≤30,105.66666666666667,-0.02667138,-0.059262775,0.71559143,0.040736612,0.030006405,4,8,0.004052561,106,21,-0.22646303833116307,0.18900197276169592,18,-0.2525977469467574,-0.599852042150934,-0.415465011092859,False,True,False,False
2D,entry_dist_from_ema13_pct≤0.341 ∧ entry_pair_volume_ratio≤0.763,98.66666666666667,-0.07574401,-0.043789815,-0.7152506,-0.0745271,0.0057693347,4,9,-0.022412568,109,23,-0.0064035224490287534,0.13105075573288263,18,0.10739068489138612,-0.2935238910613731,-0.1374542781819114,False,False,True,False
2D,entry_adx_delta>0.241 ∧ entry_bull_pct>71.1,102.33333333333333,-0.07366206,-0.044085767,-0.7135298,-0.002154503,-0.05096238,5,8,-0.0047401115,91,24,0.12876598821777221,0.08790333937425328,18,0.09822065635397306,0.015920711280538867,0.04086264884351894,False,False,False,False
2D,entry_btc_ema20_slope≤0.0586 ∧ entry_dist_from_ema13_pct>0.341,104.66666666666667,-0.026710145,-0.059148837,0.7126632,-0.047284774,0.09807788,4,8,-0.021328129,121,23,0.17774381028002448,0.073031733092222,20,0.10776381272025692,0.10502140036154728,0.10471207718780248,False,False,True,False
2D,entry_adx_delta>0.241 ∧ entry_pair_volume_ratio≤0.763,93.33333333333333,-0.076520495,-0.044083964,-0.71151185,-0.14820008,0.09323345,5,7,0.005022075,105,21,0.3005805230745249,0.0414297755681033,18,-0.0785270503022257,0.5124755858108375,0.2591507475064216,False,False,False,False
2D,entry_btc_trend_gap_pct≤0.0932 ∧ entry_bull_pct≤71.1,104.0,-0.07502156,-0.0434942,-0.70919466,-0.03467149,-0.028468166,5,8,0.0004521683,98,20,0.14632148398543293,0.0854341377955804,15,-0.05355197097713074,0.06601023078813847,0.06088734618985253,False,True,False,False
2D,entry_ema5_stretch>0.118 ∧ entry_ema_gap_8_13≤0.132,88.66666666666667,-0.07746539,-0.044284124,-0.7083016,0.039529838,-0.08674118,5,8,0.0071541853,106,24,0.0021047997649547567,0.1301237355251924,16,0.22576084468623717,-0.1752786839639224,-0.12801893576023765,False,False,True,False
2D,entry_ema_gap_8_13≤0.132 ∧ entry_price_vs_ema5_pct>0.118,88.66666666666667,-0.07746539,-0.044284124,-0.7083016,0.039529838,-0.08674118,5,8,0.0071541853,106,24,0.0021047997649547567,0.1301237355251924,16,0.22576084468623717,-0.1752786839639224,-0.12801893576023765,False,False,True,False
1D,entry_ema5_stretch ≤T1 0.0782,142.33333333333334,-0.03248264,-0.060558125,0.7067915,-0.013212457,0.06344637,4,7,-0.0074427724,116,34,0.20876165647761322,0.03744399728925678,19,0.04466060759051449,0.2096654263151387,0.17131765918835645,False,False,True,False
2D,entry_btc_adx_prev≤24.8 ∧ entry_btc_rsi_prev6≤58.3,126.33333333333333,-0.029446816,-0.060339186,0.7061062,0.044139385,0.013575781,4,8,-0.0017268732,105,25,0.008383886027133292,0.12971587326048506,18,-0.08049353098821857,-0.150571956681274,-0.12133198723335177,False,False,False,False
2D,entry_btc_rsi_1h_prev>54.1 ∧ entry_ema5_stretch>0.118,87.0,-0.021968441,-0.058675688,0.7060477,0.07393013,-0.016260069,6,8,0.010080274,75,28,-0.011857521625703669,0.14340345231900692,18,-0.032399287931034415,-0.18573180248842086,-0.15526097394471058,False,False,False,False
2D,entry_btc_rsi_1h_prev>54.1 ∧ entry_price_vs_ema5_pct>0.118,87.0,-0.021968441,-0.058675688,0.7060477,0.07393013,-0.016260069,6,8,0.010080274,75,28,-0.011857521625703669,0.14340345231900692,18,-0.032399287931034415,-0.18573180248842086,-0.15526097394471058,False,False,False,False
2D,entry_dist_from_ema13_pct≤0.341 ∧ entry_gap>0.354,60.333333333333336,-0.01797167,-0.056660056,0.70502853,-0.08379121,0.11069514,3,7,-0.03700062,78,14,0.08972460627473978,0.09955219102837087,10,-0.09094039774124996,0.05302491722419149,-0.009827584753631088,False,False,False,False
2D,entry_btc_atr_pct≤0.146 ∧ entry_pair_volume_ratio≤0.763,93.0,-0.07611115,-0.044230606,-0.7047431,-0.09353252,0.01626905,5,8,-0.007453881,100,26,0.09397846862319638,0.09965691382813804,19,0.037918616533135524,-0.027559013840005767,-0.005678445204941665,False,False,True,False
2D,entry_adx_delta>0.241 ∧ entry_ema50_slope>0.226,104.0,-0.028715424,-0.05843475,0.70341784,0.09329392,-0.024230141,3,7,-0.0035267323,102,26,0.1832355252638497,0.0665042927901811,21,-0.19620000884038583,0.3216293026466006,0.11673123247366861,False,False,True,False
2D,entry_atr_pct>0.455 ∧ entry_range_position>81.7,89.33333333333333,-0.02401643,-0.058386955,0.7033958,0.023247007,0.04286141,4,8,-0.021059748,103,22,0.12264312167224443,0.09082804696464043,14,-0.11183131231368812,0.1327944632247345,0.031815074707604,False,False,True,False
2D,entry_pos_di≤26.2 ∧ entry_quality_score≤4,161.66666666666666,-0.06888661,-0.0403723,-0.700418,0.03632345,-0.0937367,5,9,-0.0053704493,135,39,0.16919101693673008,0.0494907805550929,23,0.14328293883423526,0.0946657897127564,0.11970023638163718,False,False,False,False
2D,entry_btc_atr_pct>0.146 ∧ entry_rsi_prev≤57.8,128.33333333333334,-0.07328419,-0.041668016,-0.69989467,-0.04297003,-0.024059981,6,8,0.011304475,96,19,0.20435666746729464,0.07190451260122299,14,0.0055707593461674365,0.23236041568204077,0.13245215486607165,False,True,False,False
2D,entry_ema50_slope≤0.226 ∧ entry_range_position≤81.7,90.33333333333333,-0.022831928,-0.058807705,0.699517,0.09692389,-0.027249172,4,8,-0.026639327,98,23,0.09641469191931841,0.09865597586340337,19,0.1930183348249472,-0.12623793933264757,-0.0022412839440849597,False,False,False,False
2D,entry_btc_ema20_slope>0.0586 ∧ entry_ema5_stretch≤0.118,108.0,-0.027576918,-0.05919444,0.69919705,0.14322129,-0.062950745,4,9,-0.020410381,96,23,0.05278879221568607,0.11240112234536974,16,-0.411673684665935,0.1867672407566658,-0.05961233012968367,False,False,False,False
2D,entry_btc_dist_from_ema13_pct>0.152 ∧ entry_pos_di>26.2,88.66666666666667,-0.02796106,-0.057283293,0.6984212,0.026297526,0.030765075,5,9,-0.009446338,89,19,-0.07300592760040071,0.14034463346208287,15,-0.4545485093461057,-0.056180221426333644,-0.21335056106248357,False,False,False,False
2D,entry_btc_rsi_1h>57.2 ∧ entry_pair_ema20_ema50_gap_pct>0.339,124.0,-0.029815095,-0.05994973,0.6974661,-0.0049284436,0.06093333,4,7,-0.0064538904,89,34,-0.007189964683318898,0.15586907986138085,22,-0.22367268715878535,-0.08025265348851349,-0.16305904454469974,False,False,False,False
2D,entry_btc_rsi_1h≤57.2 ∧ entry_ema50_slope>0.226,91.0,-0.02705847,-0.05773226,0.6966789,0.08912064,-0.0040790327,4,8,-0.022597838,88,13,0.13812314538062637,0.09185329231595936,10,-0.1621061767684206,0.18238257024128518,0.04626985306466701,False,False,True,False
2D,entry_atr_pct≤0.455 ∧ entry_rsi_prev≤57.8,79.33333333333333,-0.07819738,-0.045009267,-0.6966144,-0.09803033,0.020777281,6,9,0.01227624,81,20,0.08065338465293495,0.1027152165672904,14,0.34142117518038084,-0.10379765326568965,-0.022061831914355443,False,False,True,False
2D,entry_price_vs_ema5_pct>0.118 ∧ entry_rsi≤60.1,83.66666666666667,-0.0814573,-0.04379361,-0.6937947,-0.11026546,0.032988876,4,8,-0.0091373045,100,24,-0.013756817126980625,0.13541094115583757,18,-0.036228505718302606,-0.15789178099235696,-0.1491677582828182,False,False,True,False
2D,entry_btc_dist_from_ema13_pct>0.152 ∧ entry_ema_gap_5_8≤0.0879,101.0,-0.027485397,-0.05854256,0.69256824,0.07047969,-0.0032509267,6,9,0.018554937,101,28,0.03602592914660373,0.12368673729511566,19,0.02117990725477531,-0.08823343009660847,-0.08766080814851193,False,False,False,False
2D,entry_adx>22 ∧ entry_btc_rsi_prev6>58.3,118.66666666666667,-0.031412054,-0.058811408,0.69109154,0.029023262,0.03197164,5,8,0.004635945,106,28,0.16754425602038167,0.06953213211179535,20,-0.04797491657535427,0.18339726388469868,0.09801212390858632,False,True,True,False
2D,entry_global_volume_ratio>0.823 ∧ entry_pos_di>26.2,111.66666666666667,-0.03052119,-0.05851803,0.6907561,-0.011872087,0.060702115,5,9,0.0056556575,99,25,0.01088666845395096,0.12883461184259148,15,-0.22325411763963382,-0.0829390676919344,-0.11794794338864052,False,False,False,False
2D,entry_btc_rsi_prev>62 ∧ entry_neg_di≤15.8,108.66666666666667,-0.07411668,-0.043340586,-0.68991125,0.056813587,-0.1252836,4,7,0.0041540638,110,24,0.09929030593852169,0.09772856680067014,17,-0.2778709885760969,0.17397509980134374,0.0015617391378515422,False,False,False,False
2D,entry_btc_rsi_prev>62 ∧ entry_pair_ema20_ema50_gap_pct≤0.339,103.0,-0.07385564,-0.043963116,-0.6897705,0.0041188523,-0.056334566,4,9,-0.015456431,95,30,0.13392446848662043,0.0818437893571842,18,-0.03569319807617474,0.09304251020329275,0.05208067912943623,False,False,False,False
2D,entry_neg_di≤15.8 ∧ entry_quality_score≤4,173.66666666666666,-0.067074366,-0.040263683,-0.6893956,0.04976233,-0.10352814,5,9,0.004837647,142,42,0.14100856944174725,0.06476044880776638,25,-0.258328258376495,0.19111214294297407,0.07624812063398087,False,False,False,False
2D,entry_ema5_stretch>0.118 ∧ entry_quality_score>4,42.333333333333336,-0.013444312,-0.055345647,0.68933445,0.12621765,-0.049531616,6,8,-0.0027809627,67,8,-0.1956478516740697,0.12482507915415143,8,0.14680230591438564,-0.5946769836015308,-0.32047293082822115,False,False,False,False
2D,entry_dist_from_ema13_pct≤0.341 ∧ entry_price_vs_ema5_pct>0.118,32.666666666666664,-0.008520341,-0.054725338,0.6891469,0.2018772,-0.07553342,4,8,-0.015583914,57,11,0.01809806887649398,0.10847465170036866,9,0.06286517942654779,-0.10721071644105858,-0.09037658282387467,False,False,False,False
2D,entry_btc_dist_from_ema13_pct≤0.152 ∧ entry_rsi>60.1,97.66666666666667,-0.028367426,-0.057965484,0.6855102,0.17094219,-0.09033708,5,8,-0.0075563304,100,22,0.18469625721072197,0.07237981748022819,15,-0.04004776036276364,0.20939633428765292,0.11231643973049378,False,False,True,False
2D,entry_adx_prev≤22.1 ∧ entry_rsi_prev>57.8,92.66666666666667,-0.027237969,-0.057835624,0.6853133,0.14945838,-0.082770765,4,8,-0.011112988,103,21,0.018790583457506078,0.12033095866086858,17,-0.20475446184758084,-0.11064786704030768,-0.10154037520336251,False,False,False,False
2D,entry_ema20_slope>0.146 ∧ entry_pos_di>26.2,115.66666666666667,-0.031015435,-0.05869449,0.6833779,-0.029036168,0.0746678,4,7,-0.027908582,111,30,-0.0803549092424349,0.1792435065067548,23,-0.2550214687209913,-0.2649788365152348,-0.2595984157491897,False,False,False,False
2D,entry_atr_pct>0.455 ∧ entry_ema50_slope>0.226,129.33333333333334,-0.030821702,-0.060052514,0.6822775,0.026451608,0.033038322,4,7,0.0075818338,117,27,0.09977360454540642,0.09747154825285213,21,-0.11054547639033221,0.09633863412220545,0.002302056292554283,False,True,True,False
2D,entry_btc_rsi_1h>57.2 ∧ entry_pair_volume_ratio≤0.763,94.33333333333333,-0.07703722,-0.043839436,-0.6816964,-0.107696064,0.046264112,4,8,-0.023647778,79,29,0.2391338070096226,0.03708274252080169,20,-0.025579127760001125,0.3413482668224629,0.20205106448882093,False,False,False,False
2D,entry_bull_pct≤71.1 ∧ entry_rsi≤60.1,114.0,-0.02757575,-0.059802253,0.6801356,-0.09746637,0.14376974,4,8,-0.025572594,114,27,0.1283080334061857,0.086305902176895,22,0.06663371441177615,0.019136526408490718,0.04200213122929071,False,False,True,False
2D,entry_pair_volume_ratio≤0.763 ∧ entry_quality_score>4,53.333333333333336,-0.08543654,-0.04628755,-0.679847,-0.04816523,-0.031226814,3,8,-0.0050325505,66,5,0.24629607171084347,0.08997740432547859,5,,0.06221395468023434,0.15631866738536487,False,False,False,False
2D,entry_pair_ema20_ema50_gap_pct>0.339 ∧ entry_range_position>81.7,89.66666666666667,-0.026491573,-0.057761766,0.6795,0.1072372,-0.04408892,4,7,-0.023286,99,20,0.09685885943598196,0.09845061794017276,19,0.038988959527750056,-0.003462404365939361,-0.001591758504190799,False,False,False,False
2D,entry_pair_rank≤30 ∧ entry_pair_volume_ratio≤0.763,114.0,-0.028323185,-0.059529442,0.6786669,0.006632969,0.05261677,5,9,0.00552547,119,26,-0.07959458253019494,0.16412690425654053,22,-0.15267301023562535,-0.29585561881217304,-0.24372148678673547,False,True,False,False
2D,entry_neg_di>15.8 ∧ entry_price_vs_ema5_pct≤0.118,94.66666666666667,-0.027162803,-0.058041584,0.6760223,0.021561889,0.04136172,3,9,-0.021130111,97,23,0.04145493999218794,0.11597206208701985,17,0.035069040661374756,-0.0875843171978092,-0.07451712209483191,False,False,False,False
2D,entry_ema5_stretch≤0.118 ∧ entry_neg_di>15.8,94.66666666666667,-0.027162803,-0.058041584,0.6760223,0.021561889,0.04136172,3,9,-0.021130111,97,23,0.04145493999218794,0.11597206208701985,17,0.035069040661374756,-0.0875843171978092,-0.07451712209483191,False,False,False,False
1D,entry_ema5_stretch >med 0.118,213.0,-0.064176716,-0.03821359,-0.67558736,-0.014173236,-0.03828297,3,9,-0.014169466,152,48,0.03879686398750908,0.15744113918275693,28,0.07019140623747142,-0.17966552548391349,-0.11864427519524784,False,False,True,False
1D,entry_ema5_stretch ≤med 0.118,213.33333333333334,-0.03821359,-0.064176716,0.6755866,0.014173236,0.03828297,3,9,-0.014169466,144,48,0.15744113918275693,0.03879686398750908,28,-0.07019140623747142,0.17966552548391349,0.11864427519524784,False,False,True,False
2D,entry_btc_atr_pct≤0.146 ∧ entry_quality_score≤4,177.33333333333334,-0.03620446,-0.061853874,0.6751844,-0.051100455,0.092145965,5,8,0.008733496,119,51,0.11616619045800511,0.07766552086254466,25,0.09659899745990252,-0.012141815494158152,0.038500669595460446,False,False,True,False
2D,entry_ema50_slope>0.226 ∧ entry_pos_di>26.2,113.33333333333333,-0.03090194,-0.058529243,0.673564,-0.017087344,0.06398944,5,9,-0.005930897,106,29,-0.029800276945531196,0.15348704751631603,20,-0.2826587113133947,-0.08332654679838396,-0.18328732446184723,False,False,False,False
1D,entry_btc_rsi_prev >med 62,212.33333333333334,-0.0641716,-0.03829954,-0.6733639,0.049177095,-0.090318255,4,9,-0.01893539,142,52,0.0774127942944103,0.12258997383780533,28,-0.3363422885334647,0.1376435730414114,-0.045177179543395035,False,False,True,False
1D,entry_btc_rsi_prev ≤med 62,214.0,-0.03829954,-0.0641716,0.67336315,-0.049177095,0.090318255,4,9,-0.01893539,144,44,0.12258997383780533,0.0774127942944103,27,0.3363422885334647,-0.1376435730414114,0.045177179543395035,False,False,True,False
2D,entry_btc_adx_prev≤24.8 ∧ entry_btc_trend_gap_pct≤0.0932,117.66666666666667,-0.07127073,-0.043528132,-0.6724902,-0.022538312,-0.029781796,2,7,-0.020230286,105,22,-0.1761267603984632,0.1796515254180941,17,-0.06619167672046367,-0.5598263320196483,-0.3557782858165573,False,False,True,False
2D,entry_btc_rsi≤62.8 ∧ entry_price_vs_ema5_pct>0.118,110.0,-0.028201664,-0.059177097,0.67246675,-0.029066201,0.08652442,6,9,-0.0005543865,113,24,0.05682196425062055,0.11188468069663715,18,0.23122227419563054,-0.18151348567874548,-0.0550627164460166,False,False,False,False
2D,entry_btc_rsi_prev≤62 ∧ entry_btc_rsi_prev6≤58.3,125.0,-0.030555578,-0.059742566,0.6721402,0.03403001,0.02341785,5,8,-0.025406495,105,25,0.22659603328082653,0.05288061014298744,19,0.3393858851620305,-0.006283534121897183,0.17371542313783908,False,False,True,False
2D,entry_bear_pct≤20 ∧ entry_range_position>81.7,113.66666666666667,-0.07101065,-0.043977596,-0.6721082,0.015205903,-0.055397205,4,8,-0.009016886,93,27,0.07610741452508159,0.10673223130428355,16,0.22654440914274357,-0.2481173073155486,-0.030624816779201966,False,False,True,False
2D,entry_btc_adx≤24.9 ∧ entry_quality_score≤4,136.66666666666666,-0.031967998,-0.0602517,0.67171913,-0.0057900883,0.05978547,6,9,0.0067847334,116,31,0.09222985374768243,0.10092767209222481,20,-0.07720137000255525,-0.009977426407060027,-0.008697818344542377,False,False,False,False
2D,entry_ema5_stretch>0.118 ∧ entry_pair_ema20_ema50_gap_pct>0.339,105.0,-0.028482346,-0.0586034,0.6712623,0.032709543,0.027469385,4,7,-0.00667407,110,22,-0.09702815323229733,0.1561357232876123,18,0.10582161635417267,-0.32381277548926224,-0.2531638765199096,False,False,False,False
2D,entry_bear_pct>20 ∧ entry_gap≤0.354,109.0,-0.028819146,-0.058867387,0.67041355,0.084492646,-0.020520836,5,9,0.0030638576,102,27,-0.05945836801482844,0.15977971142859618,20,-0.005349547191794146,-0.3698679907977518,-0.2192380794434246,False,False,False,False
2D,entry_dist_from_ema13_pct≤0.341 ∧ entry_ema_gap_8_13>0.132,57.666666666666664,-0.01779411,-0.056407988,0.66973376,-0.008636393,0.069190405,4,7,-0.010814,73,12,0.18022954889382595,0.08638892339817687,8,-0.07163973951945629,0.20531058600186408,0.09384062549564907,False,False,True,False
2D,entry_bull_pct>71.1 ∧ entry_pair_volume_ratio>0.763,106.33333333333333,-0.030114762,-0.05818647,0.6682836,0.03205616,0.030141536,4,8,0.010383051,98,24,-0.0337979551748378,0.1420913205051233,16,-0.16399869853696641,-0.12279767422153443,-0.1758892756799611,False,True,False,False
2D,entry_adx_delta>0.241 ∧ entry_rsi_prev≤57.8,70.66666666666667,-0.0820594,-0.045050636,-0.66776717,-0.12642023,0.06209297,4,8,0.004769858,95,20,0.4101564091311232,0.01600389433618823,16,0.12167176853570058,0.570964503253843,0.394152514794935,False,False,False,False
2D,entry_btc_atr_pct>0.146 ∧ entry_ema20_slope>0.146,105.0,-0.027648238,-0.05887596,0.66535276,-0.015427671,0.078661986,5,8,-0.025758184,95,23,0.16404717624366005,0.07734711093929574,15,-0.10944908888027904,0.2215767821366456,0.08670006530436432,False,False,True,False
2D,entry_bear_pct≤20 ∧ entry_bull_pct≤71.1,31.333333333333332,-0.096453056,-0.04759412,-0.6652937,-0.039167,-0.06735266,3,7,-0.0150293335,52,4,0.1872136970532595,0.09424531917347535,3,-0.004834756175901067,,0.09296837787978414,False,False,False,False
2D,entry_ema_gap_5_8>0.0879 ∧ entry_pair_ema20_ema50_gap_pct≤0.339,104.0,-0.028604122,-0.058470655,0.6648935,-0.0047008544,0.061521884,5,8,-0.014500808,103,21,0.1589243278484448,0.08109351023140571,13,-0.16161209867947968,0.23287023863886436,0.07783081761703908,False,False,True,False
2D,entry_btc_rsi_prev≤62 ∧ entry_rsi>60.1,103.33333333333333,-0.02990782,-0.05799194,0.66451204,0.068261795,-0.012054753,5,8,-0.016026773,109,19,0.33898151885983563,0.03868539342644017,15,0.2978858096471674,0.2374668426611642,0.30029612543339546,False,False,True,False
2D,entry_pair_ema20_ema50_gap_pct≤0.339 ∧ entry_quality_score>4,40.666666666666664,-0.011259836,-0.055394918,0.66422665,0.045640133,0.04564309,5,8,-0.022926722,47,4,0.8916333496844469,0.06361837775472808,3,,,0.8280149719297187,False,False,False,False
2D,entry_btc_atr_pct≤0.146 ∧ entry_ema20_slope≤0.146,106.0,-0.030456932,-0.058044035,0.6639465,0.0027020276,0.04907708,5,8,-0.015624974,99,32,0.10839835361389917,0.09297932557074993,19,0.09946544976669278,-0.004577319976348617,0.015419028043149235,False,False,True,False
2D,entry_btc_adx>24.9 ∧ entry_btc_dist_from_ema13_pct≤0.152,123.0,-0.0706065,-0.043309692,-0.6638372,-0.04296125,-0.012607962,5,7,0.0023858473,95,35,0.10067004554472501,0.09665528783782613,21,0.04805733480775479,-0.027582945121447953,0.0040147577068988805,False,True,False,False
2D,entry_gap>0.354 ∧ entry_global_volume_ratio≤0.823,100.33333333333333,-0.07585809,-0.043591343,-0.66377884,-0.13878995,0.0729299,4,8,-0.027413957,114,24,0.23618453807306464,0.052097156089155834,15,0.0509308742367566,0.28830242097615455,0.1840873819839088,False,False,False,False
2D,entry_btc_atr_pct>0.146 ∧ entry_price_vs_ema5_pct>0.118,135.0,-0.0703719,-0.042294048,-0.6624378,-0.016118053,-0.04679026,3,8,-0.011749139,99,25,0.19957636480246294,0.062394577917059116,17,0.09505116312617226,0.1805311450702815,0.13718178688540383,False,False,False,False
2D,entry_btc_dist_from_ema13_pct≤0.152 ∧ entry_ema5_stretch≤0.118,123.0,-0.07034912,-0.043414056,-0.66080785,-0.08987083,0.022343725,4,7,0.0033000782,107,27,0.20620400733156613,0.05582486890174615,18,0.28296942930487645,-0.0036717840494865594,0.15037913842981998,False,False,False,False
2D,entry_btc_1h_slope≤0.0639 ∧ entry_ema20_slope>0.146,112.66666666666667,-0.07104728,-0.044050615,-0.659083,-0.045537144,-0.010598958,5,8,0.008986995,105,19,0.0978792302852369,0.09817816593186061,15,-0.14903993493378698,0.08162597837545484,-0.0002989356466237131,False,True,True,False
2D,entry_adx_delta>0.241 ∧ entry_btc_ema20_slope>0.0586,108.33333333333333,-0.029508041,-0.05856971,0.6585803,0.056751266,-0.005758945,4,8,0.003301274,95,23,0.13145260561388492,0.08761663319251257,18,-0.23562178938356543,0.2277834208523182,0.04383597242137234,False,False,True,False
2D,entry_ema20_slope≤0.146 ∧ entry_pair_volume_ratio≤0.763,106.66666666666667,-0.07426856,-0.043482456,-0.6581797,-0.07116166,0.0051136427,4,9,-0.02202256,108,24,0.02029091222505075,0.12406169803849378,18,0.09954300091541224,-0.15441188560184432,-0.10377078581344303,False,False,True,False
2D,entry_atr_pct>0.455 ∧ entry_dist_from_ema13_pct≤0.341,65.66666666666667,-0.020037007,-0.056856122,0.65572405,0.11476437,-0.016254142,4,8,-0.0017483458,82,14,0.08358902758544466,0.10059972885337248,11,0.18015420413781977,-0.012432803876997921,-0.017010701267927822,False,False,False,False
2D,entry_btc_adx_prev>24.8 ∧ entry_btc_dist_from_ema13_pct≤0.152,124.33333333333333,-0.07038948,-0.043278523,-0.6552888,-0.05689708,-0.0033457577,4,7,0.014553539,99,38,0.17356043805097834,0.04869185355578609,22,0.06794778036446394,0.1628005098234364,0.12486858449519225,False,True,False,False
2D,entry_btc_dist_from_ema13_pct≤0.152 ∧ entry_ema_gap_8_13>0.132,107.0,-0.073575206,-0.04368265,-0.655059,-0.09621785,0.02649869,4,8,-0.012518613,97,23,0.11695527813738298,0.09218428431524603,14,-0.0928191117727504,0.09013062490023824,0.024770993822136947,False,False,False,False
2D,entry_gap≤0.354 ∧ entry_quality_score≤4,180.66666666666666,-0.06589939,-0.040363833,-0.6549874,-0.026458343,-0.024663322,5,8,-0.019952971,141,42,0.132222761554551,0.07159385494225236,26,0.18166419669505024,-0.02541006211348964,0.06062890661229865,False,False,False,False
2D,entry_quality_score≤4 ∧ entry_range_position≤81.7,157.0,-0.06789312,-0.04144549,-0.6531669,-0.071806274,0.013012972,5,9,-0.025099844,131,39,0.10774317791200644,0.09153403883516698,25,0.03772378455740791,0.02641247590744894,0.016209139076839463,False,False,False,False
2D,entry_neg_di≤15.8 ∧ entry_price_vs_ema5_pct>0.118,94.66666666666667,-0.026756058,-0.058157682,0.65045726,0.06108625,-0.008613758,4,7,0.019394293,111,22,0.0019102174635747967,0.12672161308073143,15,-0.23740421716157298,-0.070118389712884,-0.12481139561715664,False,False,False,False
2D,entry_atr_pct≤0.455 ∧ entry_neg_di>15.8,106.66666666666667,-0.070386514,-0.04477782,-0.6498973,0.03076871,-0.060614035,5,9,-0.004158307,92,27,0.044160184972546056,0.1192333211291888,20,0.20022955844604684,-0.16415567045313292,-0.07507313615664274,False,False,True,False
2D,entry_btc_ema20_slope≤0.0586 ∧ entry_btc_rsi>62.8,55.333333333333336,-0.019853512,-0.05585798,0.6492146,-0.192429,0.18080327,3,7,-0.027961425,70,18,0.464127364749521,0.013655533162581937,13,0.2586095548439812,0.5766781231448816,0.45047183158693904,False,False,True,False
2D,entry_btc_dist_from_ema13_pct≤0.152 ∧ entry_btc_rsi_prev6≤58.3,84.33333333333333,-0.025304746,-0.057566777,0.6468632,0.0764197,-0.009637881,5,7,-0.00972705,86,15,0.018877482304621874,0.11279335700744991,11,0.30470360803903906,-0.14166186566617958,-0.09391587470282804,False,False,False,False
2D,entry_adx_prev>22.1 ∧ entry_price_vs_ema5_pct≤0.118,136.0,-0.033626348,-0.05940996,0.64677966,-0.016085304,0.061242126,4,8,-0.007276345,117,30,0.13100847063481239,0.08316924292618781,19,0.0645496219199525,0.03445055753612022,0.047839227708624574,False,False,True,False
2D,entry_btc_rsi_prev6≤58.3 ∧ entry_price_vs_ema5_pct>0.118,118.66666666666667,-0.030478213,-0.059171584,0.6456498,0.07822069,-0.020963304,6,9,-0.00083532184,110,26,0.08230676278423295,0.10399211885403875,15,0.6086594700276016,-0.18999281644475952,-0.021685356069805803,False,False,False,False
2D,entry_btc_rsi_prev>62 ∧ entry_gap>0.354,104.0,-0.029244872,-0.05826392,0.64458865,0.06982142,-0.012700476,3,7,-0.010123197,102,24,-0.044200500790599694,0.14555883571037728,17,-0.44701279254191373,-0.022412105743269226,-0.18975933650097698,False,False,False,False
2D,entry_btc_trend_gap_pct>0.0932 ∧ entry_rsi_prev≤57.8,92.33333333333333,-0.07660657,-0.04415728,-0.64420176,-0.1073798,0.043241173,3,8,-0.0005782433,82,30,0.052255303974553614,0.1189661368626691,18,-0.0010254543309241304,-0.00043045711645425984,-0.0667108328881155,False,False,True,False
2D,entry_price_vs_ema5_pct>0.118 ∧ entry_range_position≤81.7,83.33333333333333,-0.0781521,-0.044633225,-0.6440452,0.02489196,-0.092678286,5,9,-0.0057797655,101,19,0.11258563456577243,0.09454931292757265,17,-0.13151844235095397,0.1347826206899312,0.01803632163819978,False,False,False,False
1D,entry_neg_di >T2 17.2,142.0,-0.068201944,-0.042686492,-0.6439784,-0.06663888,0.008146718,5,9,-0.003699489,115,35,0.04465183286621798,0.12879688527631378,25,0.37788438946363556,-0.23278568655488402,-0.08414505241009579,False,False,True,False
2D,entry_btc_atr_pct≤0.146 ∧ entry_btc_dist_from_ema13_pct≤0.152,161.0,-0.035624187,-0.06062705,0.64321816,0.036260385,0.022173721,3,7,-0.000523068,110,37,0.12202027326421594,0.08313006849825053,23,0.11784211811426426,-0.05873155779379054,0.038890204765965414,False,False,True,False
2D,entry_btc_rsi_prev6≤58.3 ∧ entry_bull_pct>71.1,111.66666666666667,-0.0717651,-0.04388169,-0.6426123,-0.008805115,-0.049103934,5,9,0.007169232,92,26,-0.013803450911000416,0.139690198226554,14,0.34422191142948233,-0.36666451283614054,-0.15349364913755442,False,True,True,False
2D,entry_gap≤0.354 ∧ entry_neg_di>15.8,117.33333333333333,-0.07119073,-0.043588433,-0.6424271,0.015503006,-0.055556994,5,9,0.0044322833,107,31,0.06054232141441887,0.11604018751270437,20,0.2976923998056566,-0.14791726696898663,-0.0554978660982855,False,False,True,False
2D,entry_atr_pct≤0.455 ∧ entry_ema20_slope>0.146,67.0,-0.024461271,-0.056167807,0.64238644,0.071824774,0.0017744042,5,8,-0.00450895,76,13,0.20477781492823352,0.08141340431452689,12,0.07814705605241509,0.12888449673944857,0.12336441061370663,False,False,True,False
2D,entry_adx_delta≤0.241 ∧ entry_btc_atr_pct≤0.146,91.66666666666667,-0.028256487,-0.05746522,0.64167714,-0.013199359,0.063795276,5,8,0.009351142,87,23,-0.14949471633381947,0.17613428257329616,17,0.2623244462850939,-0.5242046115533954,-0.3256289989071156,False,False,False,False
2D,entry_btc_ema20_slope≤0.0586 ∧ entry_ema5_stretch>0.118,108.0,-0.029534575,-0.05853027,0.6404962,-0.021045487,0.07041354,5,9,0.0013359524,120,27,0.06219203797169392,0.11217737865126134,19,0.04284999806051665,-0.09370445039225694,-0.049985340679567426,False,False,False,False
2D,entry_btc_rsi_prev≤62 ∧ entry_btc_trend_gap_pct>0.0932,75.66666666666667,-0.023412386,-0.057177756,0.6400527,-0.05221171,0.1336829,5,7,0.01426895,69,19,-0.04886905636332176,0.1343887821178686,14,-0.05294088758643134,-0.21534514936022067,-0.18325783848119034,False,False,False,False
2D,entry_ema5_stretch≤0.118 ∧ entry_global_volume_ratio≤0.823,102.0,-0.073716946,-0.044098902,-0.6385141,-0.1408646,0.07973583,6,8,-0.009081861,110,21,0.12663107742502022,0.0901356203499646,16,0.12720092760276624,0.0166884866307412,0.03649545707505562,False,False,False,False
2D,entry_bull_pct>71.1 ∧ entry_ema_gap_8_13>0.132,114.33333333333333,-0.070446044,-0.04412673,-0.6378556,0.019390123,-0.060003858,3,8,-0.01452212,99,23,-0.08213786031493965,0.15491225944406006,14,-0.08859919798842028,-0.36695263080298535,-0.2370501197589997,False,False,True,False
2D,entry_atr_pct>0.455 ∧ entry_price_vs_ema5_pct≤0.118,74.33333333333333,-0.07899555,-0.04531213,-0.6355399,-0.046846014,-0.021908078,6,8,-0.0019284748,88,18,0.19997078543751656,0.07461474377304449,14,0.07392531553481399,0.16157153765568993,0.12535604166447206,False,False,False,False
2D,entry_btc_adx_prev>24.8 ∧ entry_neg_di>15.8,97.66666666666667,-0.073548704,-0.044539396,-0.6353404,-0.13168438,0.039541982,5,8,-0.006077964,91,26,0.16649446337781793,0.07272240149070718,16,0.6740871386765238,0.060541057351361116,0.09377206188711075,False,False,False,False
2D,entry_btc_rsi_prev≤62 ∧ entry_quality_score>4,50.333333333333336,-0.018522715,-0.055557344,0.63413465,0.008903384,0.059946556,6,8,-0.0032855794,65,6,-0.2303278098838825,0.12001545568306739,6,,-0.6547682236250972,-0.3503432655669499,False,False,False,False
2D,entry_neg_di>15.8 ∧ entry_pair_ema20_ema50_gap_pct>0.339,105.66666666666667,-0.03001512,-0.05816094,0.6335932,-0.086332746,0.11086444,4,7,-0.009601999,96,24,-0.023923399629271803,0.13879980198993463,17,-0.0005916500939592839,-0.10581313715654544,-0.16272320161920645,False,False,False,False
2D,entry_btc_adx≤24.9 ∧ entry_neg_di>15.8,115.66666666666667,-0.070821054,-0.043874152,-0.63187224,0.015119242,-0.061744265,4,8,-0.006988056,96,24,-0.0606895642652713,0.15105519020193447,18,0.02759727883616317,-0.31393163562285686,-0.21174475446720578,False,False,True,False
2D,entry_adx_prev>22.1 ∧ entry_btc_rsi_1h≤57.2,102.33333333333333,-0.030917456,-0.057586372,0.63074976,0.060904723,0.000599917,5,8,-0.007452689,87,9,-0.04153702478854973,0.11256617672723812,7,0.18217920765854478,-0.302944766260121,-0.15410320151578785,False,False,False,False
2D,entry_ema20_slope>0.146 ∧ entry_price_vs_ema5_pct≤0.118,93.33333333333333,-0.02819211,-0.05762946,0.6305631,-0.036444608,0.08167044,4,8,-0.043653753,100,20,0.16761107924308796,0.07983161272777646,14,-0.15760096720788871,0.249784857752224,0.0877794665153115,False,False,True,False
2D,entry_btc_rsi_1h_prev>54.1 ∧ entry_neg_di≤15.8,111.66666666666667,-0.030122466,-0.05865952,0.6287773,0.06280385,-0.014893126,4,8,0.0006242618,94,28,0.19525626565822357,0.05812130461386047,20,-0.11763050712194223,0.2749221223111986,0.1371349610443631,False,False,True,False
2D,entry_adx≤22 ∧ entry_btc_rsi_prev6>58.3,91.33333333333333,-0.07432275,-0.0448768,-0.6286574,-0.061069548,-8.845702e-05,5,8,-0.01885634,98,22,-0.0009595008398583314,0.12757477257634664,17,0.011269207028454575,-0.2692794933524203,-0.12853427341620496,False,False,True,False
2D,entry_pair_volume_ratio>0.763 ∧ entry_quality_score≤4,172.66666666666666,-0.036825657,-0.060959164,0.6274306,0.06237126,-0.006862346,5,9,-0.0031054989,138,39,0.10942892273569918,0.0903806344821141,22,0.034671002784281174,0.016201286784069232,0.01904828825358508,False,False,True,False
2D,entry_ema_gap_5_8≤0.0879 ∧ entry_rsi≤60.1,127.33333333333333,-0.031665087,-0.05949783,0.62668526,-0.01690479,0.06530802,4,9,0.0027644113,128,43,0.045588322862523595,0.14073823149215578,26,0.29475519890951607,-0.243409500471291,-0.09514990862963218,False,False,False,False
2D,entry_btc_adx≤24.9 ∧ entry_btc_trend_gap_pct≤0.0932,121.66666666666667,-0.06985492,-0.043729287,-0.62661177,-0.03412775,-0.017720833,3,7,-0.01916154,109,25,-0.032117747075775534,0.14397701167700225,19,-0.035647528191809164,-0.2713365045957563,-0.17609475875277777,False,False,True,False
2D,entry_btc_rsi_1h_prev>54.1 ∧ entry_btc_trend_gap_pct≤0.0932,48.0,-0.0176522,-0.055439383,0.62537056,0.038889684,0.034537755,4,7,0.008836992,41,17,0.06820064866057934,0.10455712816383442,12,0.13599923384190815,-0.2186836579806444,-0.036356479503255074,False,True,False,False
2D,entry_btc_ema20_slope>0.0586 ∧ entry_quality_score>4,55.0,-0.018468201,-0.056030847,0.6249239,0.115837514,-0.03971913,4,8,-0.012873463,60,9,0.1658649858516879,0.09111079631617905,8,-0.3968529829016878,0.34148272391966733,0.07475418953550886,False,False,True,False
1D,entry_btc_ema20_slope >med 0.0586,213.0,-0.063184105,-0.03920464,-0.6239546,0.108620025,-0.1427814,5,9,-0.017427519,119,44,0.031754696980124536,0.15427341317398632,24,-0.3255578541198565,0.01630418980928392,-0.12251871619386179,False,False,True,False
1D,entry_btc_ema20_slope ≤med 0.0586,213.33333333333334,-0.03920464,-0.063184105,0.6239536,-0.108620025,0.1427814,5,9,-0.017427519,149,52,0.15427341317398632,0.031754696980124536,30,0.3255578541198565,-0.01630418980928392,0.12251871619386179,False,False,True,False
2D,entry_btc_rsi_prev≤62 ∧ entry_dist_from_ema13_pct>0.341,116.66666666666667,-0.07106804,-0.04369408,-0.6235435,-0.1371411,0.06889779,5,8,-0.029296715,120,20,0.3522637961089061,0.03123879249992955,17,0.3615965300103816,0.2920774150197692,0.32102500360897657,False,False,False,False
2D,entry_btc_rsi>62.8 ∧ entry_range_position>81.7,104.0,-0.07000017,-0.04511433,-0.6230077,-0.017001566,-0.0300265,4,8,-0.016609963,99,22,0.2241047751004284,0.06066377162112628,16,0.05543868642221825,0.23033049461176586,0.16344100347930213,False,False,False,False
2D,entry_btc_atr_pct≤0.146 ∧ entry_ema_gap_8_13>0.132,100.66666666666667,-0.07192934,-0.04477272,-0.622743,-0.009138342,-0.034351353,4,7,-0.0023993365,86,25,0.06509795316846784,0.10974613130931088,16,-0.17493373270900103,0.012096294524221762,-0.04464817814084304,False,False,True,False
2D,entry_btc_rsi>62.8 ∧ entry_ema20_slope>0.146,109.0,-0.031077093,-0.05809181,0.6222276,-0.020789996,0.06744769,4,8,-0.032169502,107,27,0.17730478038763914,0.06713326205371759,18,-0.2710822853027726,0.3649836927022049,0.11017151833392155,False,False,True,False
2D,entry_btc_rsi_1h_prev>54.1 ∧ entry_ema_gap_8_13>0.132,100.33333333333333,-0.027732886,-0.058402877,0.62189955,-0.05616714,0.12324265,3,7,-0.018185444,76,24,0.08677578864179987,0.10190007256624406,16,-0.17457457116900432,0.06098404012976312,-0.01512428392444419,False,False,False,False
2D,entry_neg_di>15.8 ∧ entry_pair_volume_ratio≤0.763,117.66666666666667,-0.070976324,-0.04364036,-0.62086093,-0.054214418,-0.0041115507,5,9,-0.0029332824,109,25,0.122618774486138,0.08949232098618759,17,0.38694771772844266,-0.0744754267555374,0.033126453499950415,False,False,False,False
2D,entry_pair_rank>30 ∧ entry_rsi_prev>57.8,98.0,-0.03108386,-0.05718473,0.61993855,0.115646705,-0.06452079,4,7,-0.0137552805,102,20,0.23198021348383974,0.06289236687494701,15,0.0770698415646888,0.2127303330232755,0.16908784660889273,False,False,True,False
1D,entry_pos_di >T2 28.1,142.0,-0.035378594,-0.05907894,0.6176071,-0.07259165,0.10308369,4,8,-0.025338534,113,38,0.029911178921848997,0.14280688539900876,24,-0.029322375645100818,-0.18622143466657895,-0.11289570647715977,False,False,False,False
2D,entry_global_volume_ratio>0.823 ∧ entry_rsi>60.1,108.0,-0.032168914,-0.057636533,0.61755604,0.13666889,-0.060530525,2,9,-0.034761354,98,20,0.13064701069370216,0.08955899918814113,16,-0.22492235039190217,0.22921320189729963,0.04108801150556103,False,False,True,False
2D,entry_dist_from_ema13_pct≤0.341 ∧ entry_neg_di≤15.8,111.0,-0.03148149,-0.05812081,0.6173065,0.02957488,0.023590293,3,8,-0.003409367,114,25,0.17392642388243323,0.0714262472550977,21,-0.05032616842391288,0.15558348818826223,0.10250017662733553,False,False,True,False
2D,entry_btc_atr_pct≤0.146 ∧ entry_rsi≤60.1,111.66666666666667,-0.031617653,-0.058128923,0.6166765,-0.13133813,0.14161734,4,8,-0.009125806,96,33,-0.03164024349089004,0.16608812995828792,20,0.13409268054547224,-0.3552505645128785,-0.19772837344917796,False,False,False,False
2D,entry_adx_prev≤22.1 ∧ entry_pair_rank≤30,111.66666666666667,-0.03018141,-0.058638606,0.613586,-0.009965584,0.06340766,7,9,0.0053163096,118,28,-0.004670362922064598,0.14044403402927322,23,-0.1959069419491562,-0.17168093545234547,-0.14511439695133782,False,False,False,False
2D,entry_adx≤22 ∧ entry_btc_rsi≤62.8,106.33333333333333,-0.07223783,-0.04418932,-0.61316764,-0.063340366,0.0041305013,4,9,-0.040605877,102,25,0.02158136345252112,0.12506887416703863,20,0.2964858105630751,-0.3706847066059634,-0.1034875107145175,False,False,True,False
2D,entry_btc_dist_from_ema13_pct>0.152 ∧ entry_btc_rsi_prev6≤58.3,132.0,-0.069485836,-0.042977605,-0.6128077,-0.028193787,-0.02742942,6,9,-0.0039447136,96,31,0.14406876669385935,0.0762044982255866,19,-0.062095639509402584,0.1438842622885411,0.06786426846827275,False,False,False,False
2D,entry_btc_rsi>62.8 ∧ entry_range_position≤81.7,109.0,-0.03022112,-0.058385827,0.6122465,0.018199723,0.037860714,6,9,-0.0072901733,114,30,0.16640497264731885,0.06707992382959405,20,-0.39122801355556824,0.40957508876283016,0.0993250488177248,False,False,True,False
2D,entry_bear_pct>20 ∧ entry_btc_trend_gap_pct≤0.0932,93.0,-0.07321955,-0.045037363,-0.61189544,-0.019851156,-0.034030408,4,8,-0.013859149,94,20,0.07749356195724497,0.10354674885562984,16,-0.07480228421133495,-0.07155721238189441,-0.026053186898384872,False,False,True,False
2D,entry_atr_pct≤0.455 ∧ entry_pair_volume_ratio≤0.763,99.0,-0.07090461,-0.045220915,-0.6115846,-0.065110244,0.0088169165,5,9,-0.0015549064,100,21,0.11563751190219161,0.09321381869635663,15,0.326609819695115,-0.2726887017897115,0.022423693205834982,False,False,False,False
2D,entry_btc_trend_gap_pct>0.0932 ∧ entry_ema50_slope>0.226,128.0,-0.03328095,-0.058866736,0.6112415,0.016473461,0.033167362,4,7,0.0060606636,102,28,0.1795532916411637,0.06458723509147332,19,-0.10020096682802898,0.2634267341205564,0.11496605654969039,False,True,True,False
2D,entry_btc_dist_from_ema13_pct≤0.152 ∧ entry_pos_di>26.2,124.33333333333333,-0.06910654,-0.043806702,-0.6104364,-0.13002801,0.05457537,4,7,-0.002625998,103,32,0.0526182403324619,0.12086938221146859,19,0.10508714723539628,-0.16514649607791876,-0.06825114187900669,False,False,True,False
2D,entry_adx_prev≤22.1 ∧ entry_btc_rsi_prev≤62,113.33333333333333,-0.07151844,-0.04382252,-0.6089849,-0.08743965,0.029213935,2,8,-0.040444702,113,27,0.26825826415836185,0.03154276840430435,21,0.4804234744592736,0.030965401538360644,0.23671549575405748,False,False,False,False
2D,entry_btc_rsi_1h_prev>54.1 ∧ entry_bull_pct>71.1,85.33333333333333,-0.07352184,-0.045595333,-0.60842127,-0.022882927,-0.029724684,4,8,-0.020327419,71,31,0.008185474024752526,0.14101037626777602,17,-0.020354746886295183,-0.13828967048372298,-0.13282490224302348,False,False,True,False
2D,entry_ema5_stretch>0.118 ∧ entry_rsi≤60.1,84.0,-0.0775464,-0.044716574,-0.6052453,-0.11026546,0.042344086,4,8,-0.014763024,101,24,-0.013756817126980625,0.13541094115583757,18,-0.036228505718302606,-0.15789178099235696,-0.1491677582828182,False,False,True,False
2D,entry_adx_prev>22.1 ∧ entry_gap≤0.354,110.66666666666667,-0.032309067,-0.05780254,0.60460764,0.098289415,-0.026903559,4,8,-0.018770687,104,24,0.11896774384173736,0.09116942083293154,20,-0.0076961185866665505,0.09361806392807408,0.027798323008805817,False,False,True,False
2D,entry_ema50_slope≤0.226 ∧ entry_pair_ema20_ema50_gap_pct≤0.339,199.66666666666666,-0.06353843,-0.04030308,-0.60278755,-0.034400612,-0.015498001,5,9,-0.015880227,133,45,0.1049050089634449,0.0921313480160343,27,0.17387923149605708,-0.164128711857833,0.0127736609474106,False,False,False,False
2D,entry_btc_adx_prev>24.8 ∧ entry_pair_rank≤30,115.0,-0.03210681,-0.058232088,0.60244673,0.034394052,0.028238822,4,8,-0.00987535,101,27,0.1778321886574527,0.06692688490466009,19,0.15311224048551889,0.0762090648070693,0.11090530375279262,False,False,True,False
2D,entry_adx≤22 ∧ entry_ema_gap_5_8≤0.0879,93.33333333333333,-0.07317426,-0.045021843,-0.6002806,-0.015062682,-0.036507897,5,9,-0.009215873,105,30,-0.016875531697984596,0.15038924398655015,20,0.15805753393427835,-0.3847822425390178,-0.16726477568453474,False,False,True,False
2D,entry_btc_atr_pct≤0.146 ∧ entry_btc_ema20_slope>0.0586,69.66666666666667,-0.028512843,-0.055613484,0.60008794,0.13024983,-0.016639836,3,8,-0.046300177,60,24,-0.08657506762933491,0.15968369132328902,13,-0.45393573798957043,-0.12226784686987227,-0.24625875895262395,False,False,False,False
2D,entry_pair_ema20_ema50_gap_pct>0.339 ∧ entry_rsi≤60.1,104.0,-0.030104741,-0.05798649,0.599452,-0.18114023,0.18197358,4,7,-0.051639464,108,23,0.02369616719063117,0.12156729187381168,17,0.00838376952586592,-0.04352814533566035,-0.09787112468318052,False,False,False,False
2D,entry_btc_rsi>62.8 ∧ entry_ema_gap_8_13>0.132,108.66666666666667,-0.03180295,-0.057815164,0.59857833,0.005229786,0.04412929,4,8,-0.027611323,102,25,0.21434339994002755,0.057194917657353225,17,-0.3448890165908204,0.5032355590388976,0.1571484822826743,False,False,True,False
2D,entry_pair_ema20_ema50_gap_pct>0.339 ∧ entry_rsi_prev≤57.8,95.0,-0.07313204,-0.044892345,-0.59837675,-0.1909683,0.09716981,5,7,-0.005283378,97,18,0.18327626002829167,0.07846732655978872,17,0.1670700820479512,0.15637269213901453,0.10480893346850295,False,False,False,False
2D,entry_neg_di>15.8 ∧ entry_range_position≤81.7,107.66666666666667,-0.030625524,-0.05813135,0.59555674,-0.0167467,0.0635989,5,9,-0.013036225,106,27,0.09792151657388545,0.09819627832866468,18,0.10960348026601738,0.08327559820734745,-0.0002747617547792236,False,False,False,False
2D,entry_btc_adx>24.9 ∧ entry_pair_volume_ratio>0.763,127.0,-0.035037655,-0.058035936,0.5932965,0.080751084,-0.012033939,3,8,-0.025529204,110,28,0.18200832585974552,0.06357633864852785,15,0.031098574075316937,0.1768457649332556,0.11843198721121767,False,False,True,False
2D,entry_bear_pct>20 ∧ entry_btc_atr_pct>0.146,88.33333333333333,-0.025688639,-0.057848245,0.5930796,-0.0117514655,0.084264606,4,8,0.009339616,78,15,0.13738958236799842,0.09084667181052831,11,-0.2713225334397089,0.22551114739422182,0.046542910557470105,False,False,True,False
2D,entry_price_vs_ema5_pct>0.118 ∧ entry_quality_score>4,42.666666666666664,-0.01884929,-0.05478098,0.59286535,0.113389604,-0.049531616,5,8,-0.0090042725,68,8,-0.1956478516740697,0.12482507915415143,8,0.14680230591438564,-0.5946769836015308,-0.32047293082822115,False,False,False,False
2D,entry_ema20_slope>0.146 ∧ entry_rsi>60.1,118.33333333333333,-0.068912916,-0.044373944,-0.5921303,0.09814605,-0.13949174,4,8,-0.024398144,118,27,0.14967394896364658,0.07794532652397554,21,-0.056239054852281894,0.12577495266464014,0.07172862243967104,False,False,False,False
2D,entry_bull_pct≤71.1 ∧ entry_quality_score≤4,168.66666666666666,-0.036949176,-0.060503665,0.5912591,-0.010850009,0.05253479,4,8,-0.0006909631,133,39,0.18255636381925347,0.04034606953020853,27,0.01647569937052748,0.162585650426578,0.14221029428904494,False,False,True,False
2D,entry_pair_volume_ratio≤0.763 ∧ entry_rsi_prev>57.8,89.33333333333333,-0.030804498,-0.05658755,0.5910886,0.08527577,-0.034858495,4,7,-0.031080201,99,24,0.24562378692464173,0.04895073980529679,18,-0.0176697749372417,0.3261954495767133,0.19667304711934494,False,False,True,False
2D,entry_adx_prev>22.1 ∧ entry_ema5_stretch≤0.118,136.33333333333334,-0.03526854,-0.05866757,0.58724105,-0.021576513,0.061242126,4,8,-0.007276345,117,30,0.13100847063481239,0.08316924292618781,19,0.0645496219199525,0.03445055753612022,0.047839227708624574,False,False,True,False
2D,entry_adx_prev≤22.1 ∧ entry_bull_pct≤71.1,100.66666666666667,-0.028578222,-0.05817297,0.58716714,-0.009169694,0.06906231,5,7,0.0029473752,107,21,0.2201116621690426,0.06396105662163834,18,-0.09794028701892046,0.32661986528081777,0.15615060554740426,False,False,True,False
2D,entry_atr_pct≤0.455 ∧ entry_btc_dist_from_ema13_pct≤0.152,106.33333333333333,-0.069356725,-0.04514669,-0.58685756,-0.053075865,-0.0005717315,4,9,-0.015653908,95,23,0.005169051424205139,0.12740460232076783,17,0.1556673766416563,-0.3987379894706088,-0.1222355508965627,False,False,True,False
2D,entry_adx_prev≤22.1 ∧ entry_btc_dist_from_ema13_pct>0.152,129.33333333333334,-0.06853774,-0.043628473,-0.58559096,-0.034643,-0.01785637,4,9,-0.004965782,104,25,0.12799593513792976,0.08759895455950036,15,-0.05182676772926931,0.04929239747715043,0.0403969805784294,False,False,False,False
2D,entry_btc_rsi_prev≤62 ∧ entry_price_vs_ema5_pct≤0.118,92.0,-0.029390452,-0.057182305,0.5850935,-0.0007761307,0.053037055,4,8,-0.005420495,96,20,0.08853726216708904,0.10064051195830248,17,0.09981965611173158,-0.08841131169104746,-0.012103249791213438,False,False,False,False
2D,entry_ema_gap_8_13>0.132 ∧ entry_pair_ema20_ema50_gap_pct>0.339,125.33333333333333,-0.06871771,-0.043884564,-0.584692,-0.083112426,0.0258093,4,7,0.0011182912,115,22,0.1630751401269682,0.07880771715377662,17,-0.058568376255568766,0.16397155659666557,0.08426742297319158,False,False,False,False
2D,entry_pair_ema20_ema50_gap_pct>0.339 ∧ entry_price_vs_ema5_pct>0.118,104.66666666666667,-0.031452324,-0.057605788,0.58271587,0.032709543,0.019874122,4,7,-0.010159444,109,22,-0.09702815323229733,0.1561357232876123,18,0.10582161635417267,-0.32381277548926224,-0.2531638765199096,False,False,False,False
2D,entry_adx_prev≤22.1 ∧ entry_btc_rsi≤62.8,108.33333333333333,-0.07125861,-0.044346504,-0.5822554,-0.05798573,0.0011555254,2,8,-0.046815816,104,26,0.08452297996389208,0.1031689524730225,20,0.3368037249281748,-0.28329346314037207,-0.01864597250913043,False,False,True,False
2D,entry_ema50_slope≤0.226 ∧ entry_price_vs_ema5_pct≤0.118,111.33333333333333,-0.0323637,-0.05783718,0.58115226,0.016239075,0.033499464,6,9,0.007116303,99,26,0.1196889934199496,0.09010729033220113,21,0.08384940790406778,-0.10948290373858405,0.029581703087748462,False,True,True,False
2D,entry_bull_pct≤71.1 ∧ entry_ema20_slope≤0.146,111.66666666666667,-0.03190478,-0.058027025,0.5810558,0.071701735,-0.02023562,4,9,-0.0032609254,109,24,0.0041911171756512005,0.12942829638829362,19,0.017821775027276082,-0.3612030593583774,-0.1252371792126424,False,False,False,False
2D,entry_ema_gap_8_13>0.132 ∧ entry_range_position>81.7,110.0,-0.032600593,-0.05764744,0.5802873,0.06483465,-0.015063591,4,8,-0.05125066,109,23,0.2617334591037715,0.04656924099706886,15,0.19175602900327274,0.19165578572539482,0.21516421810670264,False,False,True,False
2D,entry_global_volume_ratio≤0.823 ∧ entry_price_vs_ema5_pct≤0.118,101.66666666666667,-0.07164625,-0.044777732,-0.5784027,-0.13570704,0.07973583,6,8,-0.009081861,110,21,0.12663107742502022,0.0901356203499646,16,0.12720092760276624,0.0166884866307412,0.03649545707505562,False,False,False,False
2D,entry_bear_pct≤20 ∧ entry_btc_ema20_slope≤0.0586,84.0,-0.07288388,-0.04586064,-0.5775234,-0.05024053,-0.008402165,5,8,-0.0019830726,83,26,0.20274145050482564,0.05925923484353289,17,0.07583388536984162,0.19239751607214867,0.14348221566129277,False,False,False,False
2D,entry_adx_delta>0.241 ∧ entry_btc_atr_pct>0.146,91.33333333333333,-0.028611293,-0.057339426,0.5770208,-0.044625975,0.14397717,4,7,-0.0068350434,81,15,0.3143372516395323,0.05807858490839242,13,0.3772086002102754,0.17398156905956955,0.2562586667311399,False,False,True,False
2D,entry_bear_pct≤20 ∧ entry_btc_trend_gap_pct>0.0932,98.66666666666667,-0.032560863,-0.056793086,0.57625854,0.06433357,-0.006426852,6,8,-0.0068859197,83,28,0.050775310234439694,0.11761346272953613,16,-0.1109790315460151,-0.02064165102387561,-0.06683815249509643,False,False,False,False
2D,entry_ema20_slope≤0.146 ∧ entry_ema_gap_5_8>0.0879,46.666666666666664,-0.08233386,-0.04735634,-0.57463294,-0.021649681,-0.05105327,5,9,-0.025197396,64,2,0.21950567043417796,0.09553630650323844,2,,,0.12396936393093952,False,False,False,False
2D,entry_dist_from_ema13_pct>0.341 ∧ entry_gap>0.354,152.66666666666666,-0.036359273,-0.059455622,0.57364607,0.02167726,0.020446602,4,8,-0.013508197,135,32,0.11893368253050511,0.08771166111244698,23,-0.1292989771616259,0.12080367273762121,0.031222021418058132,False,False,True,False
2D,entry_btc_rsi_prev≤62 ∧ entry_rsi_prev≤57.8,121.66666666666667,-0.06932358,-0.04394147,-0.5735185,-0.12591265,0.06672049,6,9,-0.017796937,116,24,0.15741298251576694,0.07835434127492172,17,0.323164197681086,0.013175241469248084,0.07905864124084522,False,False,False,False
2D,entry_btc_rsi≤62.8 ∧ entry_btc_rsi_prev≤62,171.0,-0.037515666,-0.060339525,0.5725563,-0.028365158,0.06745881,5,9,-0.0029318668,129,35,-0.02847877661357015,0.17075707104340532,23,0.13700722259431597,-0.4237082433154259,-0.19923584765697547,False,False,False,False
2D,entry_btc_atr_pct>0.146 ∧ entry_btc_rsi≤62.8,112.33333333333333,-0.031378284,-0.05827084,0.5718918,-0.04379771,0.100352556,5,8,-0.0058440715,84,24,0.1050181318303051,0.09581929150340901,13,0.07580530437229377,-0.07686997539476446,0.009198840326896093,False,False,True,False
2D,entry_btc_rsi_1h_prev≤54.1 ∧ entry_btc_rsi_prev≤62,120.0,-0.06879904,-0.044285048,-0.5711301,-0.07347785,0.016625322,4,8,-0.020770382,95,17,0.14610260846336087,0.08779341529488145,13,0.40679163477605107,-0.18973050668071842,0.05830919316847942,False,False,False,False
2D,entry_pair_ema20_ema50_gap_pct≤0.339 ∧ entry_range_position≤81.7,91.0,-0.073704876,-0.045073744,-0.5704675,0.063686475,-0.11764092,5,9,-0.017659854,100,24,0.191056006481055,0.06713999995315903,21,0.12562305897856685,0.0892523267500132,0.12391600652789597,False,False,False,False
2D,entry_bear_pct>20 ∧ entry_btc_adx>24.9,100.0,-0.070820995,-0.04516785,-0.569878,-0.11489158,0.049019672,3,7,-0.026452824,94,24,0.242571343531818,0.04996822093623803,16,0.2932693217868586,0.08192352537806198,0.19260312259557996,False,False,False,False
2D,entry_bear_pct>20 ∧ entry_rsi_prev≤57.8,102.33333333333333,-0.07302861,-0.044285834,-0.56966585,-0.16610263,0.10145041,6,9,-0.02495184,107,22,0.031196334939534096,0.11801492950679757,18,0.2978304174619535,-0.20265659063222324,-0.08681859456726347,False,False,True,False
2D,entry_atr_pct≤0.455 ∧ entry_ema_gap_5_8≤0.0879,129.0,-0.06670327,-0.0444523,-0.56921047,-0.053705536,0.0048123114,5,9,-0.013241287,112,36,0.053178782328230825,0.12508313313927433,24,0.08094868219024468,-0.1886299117396531,-0.0719043508110435,False,False,True,False
2D,entry_btc_ema20_slope>0.0586 ∧ entry_btc_rsi_prev6>58.3,107.33333333333333,-0.03358918,-0.057105433,0.5688901,0.10193667,-0.03921923,4,7,-0.010329731,83,23,0.06690595020742954,0.10795325064934096,16,-0.06597342352044905,-0.06752368280052695,-0.04104730044191142,False,False,False,False
2D,entry_bear_pct>20 ∧ entry_btc_dist_from_ema13_pct>0.152,84.33333333333333,-0.027728679,-0.05696907,0.5676013,-0.01954094,0.08137537,4,8,-0.024534091,88,21,0.10750406091329866,0.09549118497324666,15,-0.5201098221687924,0.3269148308035161,0.012012875940052,False,False,True,False
2D,entry_adx≤22 ∧ entry_neg_di≤15.8,84.0,-0.027463645,-0.057005618,0.56758463,0.07533389,-0.032380823,5,9,0.006972652,99,23,0.1944928103521534,0.06775465087771565,17,-0.097452282121057,0.2703274431407978,0.12673815947443776,False,False,True,False
2D,entry_adx≤22 ∧ entry_range_position≤81.7,85.0,-0.0753566,-0.045165706,-0.5661285,0.035580862,-0.091283605,6,9,-0.009675439,100,18,-0.05338128723859254,0.13308060669830044,17,-0.2291664229869901,-0.13741284524284364,-0.18646189393689297,False,False,True,False
2D,entry_gap≤0.354 ∧ entry_neg_di≤15.8,96.0,-0.07118421,-0.04537292,-0.56584275,-0.0022884384,-0.0533111,5,8,-0.008452419,104,19,0.13055736102648766,0.09011473107362993,17,-0.043759441076582556,0.021776917607696258,0.04044262995285773,False,False,False,False
2D,entry_global_volume_ratio>0.823 ∧ entry_pair_rank>30,109.33333333333333,-0.034314755,-0.057003547,0.5653105,0.1470339,-0.07117531,4,7,-0.014896058,103,26,0.0647505378337621,0.11051300240707078,20,0.02515213543589534,-0.0850288483065849,-0.04576246457330868,False,False,False,False
2D,entry_pair_volume_ratio>0.763 ∧ entry_price_vs_ema5_pct>0.118,97.0,-0.031325653,-0.05703426,0.56500113,0.08540922,-0.030095145,5,9,-0.009537704,110,21,-0.11726486366824333,0.15842648385607835,13,-0.1925464800549668,-0.23567962645593965,-0.2756913475243217,False,False,False,False
2D,entry_ema5_stretch>0.118 ∧ entry_pair_volume_ratio>0.763,97.0,-0.031325653,-0.05703426,0.56500113,0.08540922,-0.030095145,5,9,-0.009537704,110,21,-0.11726486366824333,0.15842648385607835,13,-0.1925464800549668,-0.23567962645593965,-0.2756913475243217,False,False,False,False
2D,entry_bull_pct≤71.1 ∧ entry_rsi_prev≤57.8,108.0,-0.07185354,-0.044172846,-0.56308204,-0.16612352,0.09909628,5,9,-0.010510342,116,20,0.15102152185779572,0.08419728572390599,19,0.2384435832759805,-0.008988528294939735,0.06682423613388973,False,False,False,False
2D,entry_btc_adx_prev>24.8 ∧ entry_price_vs_ema5_pct≤0.118,132.66666666666666,-0.06661568,-0.04421405,-0.5627248,-0.104350924,0.039778918,4,8,-0.002589319,101,34,0.33456243613478015,-0.03154352703886703,20,0.32731621899818414,0.36860794098292593,0.3661059631736472,False,False,False,False
2D,entry_btc_adx_prev>24.8 ∧ entry_ema5_stretch≤0.118,132.66666666666666,-0.06661568,-0.04421405,-0.5627248,-0.104350924,0.039778918,4,8,-0.002589319,101,34,0.33456243613478015,-0.03154352703886703,20,0.32731621899818414,0.36860794098292593,0.3661059631736472,False,False,False,False
2D,entry_adx≤22 ∧ entry_btc_adx_prev≤24.8,127.33333333333333,-0.03388392,-0.058552906,0.56268865,0.03875491,0.007624928,5,9,-0.0068244264,104,26,0.13156939469720952,0.08569456985779032,17,0.03563699152380645,-0.006363610171524094,0.045874824839419195,False,False,True,False
1D,entry_btc_dist_from_ema13_pct ≤T1 0.115,142.33333333333334,-0.036009036,-0.0587908,0.5622685,-0.008986052,0.05052792,4,7,0.007094357,118,33,0.053445241696722504,0.1215195424790623,21,0.07949952009460115,-0.2407364046142457,-0.0680743007823398,False,False,False,False
2D,entry_ema20_slope>0.146 ∧ entry_neg_di>15.8,93.66666666666667,-0.031641115,-0.05668784,0.56187266,0.014316833,0.03575988,5,8,0.0053042434,102,22,0.007560988547434941,0.12504165410985407,20,0.11493624260019158,-0.13563444227770674,-0.11748066556241914,False,True,False,False
2D,entry_btc_trend_gap_pct>0.0932 ∧ entry_ema_gap_5_8>0.0879,102.0,-0.03111229,-0.057497688,0.5614786,-0.0028847642,0.055536836,4,8,-0.006208565,87,18,0.13957326592811725,0.08855263289059817,13,-0.19116109957890604,0.21353700225229566,0.05102063303751908,False,False,True,False
2D,entry_bear_pct>20 ∧ entry_quality_score≤4,167.33333333333334,-0.06480508,-0.04238541,-0.56131166,-0.08358003,0.031219669,5,9,-0.004705999,133,39,0.13819036517154173,0.07070175281548496,25,0.016289919136932007,0.06070425232120237,0.06748861235605677,False,False,False,False
2D,entry_bull_pct>71.1 ∧ entry_ema50_slope>0.226,102.33333333333333,-0.06891271,-0.045585822,-0.5611056,0.03417723,-0.058818262,4,7,-0.009203456,88,30,-0.06376073486980086,0.17170069997373935,22,-0.05687539335202446,-0.2634221751872074,-0.2354614348435402,False,False,True,False
2D,entry_bear_pct≤20 ∧ entry_rsi≤60.1,109.0,-0.069740035,-0.044811577,-0.5583713,-0.13324068,0.06814786,4,9,-0.03728048,107,25,0.06657987071543177,0.10922432935615456,16,0.0721830237528322,-0.042535191353084284,-0.04264445864072279,False,False,True,False
2D,entry_btc_dist_from_ema13_pct>0.152 ∧ entry_neg_di>15.8,113.33333333333333,-0.068529174,-0.044904895,-0.5578608,0.042514686,-0.072823696,5,9,0.009428784,94,28,0.07008834722373326,0.1096610357339447,20,0.10272624638817579,-0.031573999050484636,-0.03957268851021144,False,False,True,False
1D,entry_btc_rsi_prev6 >T2 62,141.0,-0.03661321,-0.058385782,0.5577514,-0.03887531,0.07186419,5,9,0.0034494027,114,30,0.20391345992645427,0.05003061142998703,23,0.18269909259814204,0.0709693478095485,0.15388284849646724,False,False,True,False
2D,entry_btc_rsi_1h≤57.2 ∧ entry_neg_di≤15.8,103.66666666666667,-0.06980083,-0.045204084,-0.5556908,-0.048445597,-0.0035930872,3,8,-0.031416476,98,16,0.07405255203467387,0.10293229149522484,10,-0.1504284588409805,0.054667981926572386,-0.028879739460550974,False,False,True,False
2D,entry_dist_from_ema13_pct>0.341 ∧ entry_global_volume_ratio>0.823,107.0,-0.033314586,-0.0571729,0.5555537,0.07657744,-0.021831896,5,9,-0.011917386,107,23,-0.0411724343129233,0.14200534440232884,20,-0.16697518315376694,-0.24576801711889984,-0.18317777871525215,False,False,False,False
2D,entry_btc_rsi_prev≤62 ∧ entry_gap>0.354,109.0,-0.032969493,-0.0574418,0.5545287,-0.08495113,0.11790484,6,8,0.00081819296,112,22,0.2783106521725869,0.044548510869944026,18,0.2556090419851469,0.21225382906805054,0.23376214130264286,False,False,True,False
2D,entry_btc_ema20_slope≤0.0586 ∧ entry_price_vs_ema5_pct>0.118,107.66666666666667,-0.032425057,-0.05752335,0.5542231,-0.021045487,0.06347874,5,9,-0.003281217,119,27,0.06219203797169392,0.11217737865126134,19,0.04284999806051665,-0.09370445039225694,-0.049985340679567426,False,False,False,False
2D,entry_btc_trend_gap_pct≤0.0932 ∧ entry_ema20_slope>0.146,110.66666666666667,-0.06859337,-0.045081962,-0.5537905,-0.017694991,-0.02770675,5,8,0.004120551,117,23,0.10105791982418325,0.0971930410440624,17,-0.072987364972601,0.03939124317971881,0.003864878780120845,False,True,False,False
2D,entry_atr_pct≤0.455 ∧ entry_btc_rsi_prev>62,114.66666666666667,-0.035095796,-0.05710445,0.55374473,0.048080303,0.0064405464,5,9,-0.011965737,99,26,0.17846198497344573,0.06827732204090259,17,-0.2084823798034804,0.3204921489716648,0.11018466293254314,False,False,True,False
2D,entry_ema5_stretch>0.118 ∧ entry_range_position≤81.7,83.66666666666667,-0.0742388,-0.04555611,-0.5514077,0.02489196,-0.08265597,4,9,-0.011297736,102,19,0.11258563456577243,0.09454931292757265,17,-0.13151844235095397,0.1347826206899312,0.01803632163819978,False,False,False,False
2D,entry_btc_rsi>62.8 ∧ entry_ema20_slope≤0.146,104.0,-0.069103055,-0.04540379,-0.55042833,0.02367782,-0.058963496,5,9,0.0071687996,108,25,0.20540900644650925,0.06034083085929631,15,-0.048371767856659476,0.29250822918709973,0.14506817558721294,False,False,False,False
2D,entry_adx_delta≤0.241 ∧ entry_range_position≤81.7,113.66666666666667,-0.032471463,-0.057988115,0.54936486,0.036281813,0.017639995,6,9,0.006637886,118,25,-0.026331326208971273,0.14193953954080354,19,0.09756036643284241,-0.15607813021438394,-0.16827086574977482,False,True,False,False
2D,entry_adx_prev>22.1 ∧ entry_pos_di≤26.2,87.33333333333333,-0.07256853,-0.045676164,-0.54886997,0.010030497,-0.05906327,5,8,-0.024614224,97,11,0.01480146980547485,0.10890127040367702,10,-0.5805818322821581,0.2703761590803456,-0.09409980059820217,False,False,True,False
1D,entry_ema50_slope ≤med 0.226,213.33333333333334,-0.06172198,-0.04063153,-0.5487963,-0.051020697,0.0019561052,5,9,-0.001403287,136,48,0.09300287988310951,0.10323512328715652,28,0.17387923149605708,-0.1779804745710458,-0.010232243404047006,False,False,True,False
1D,entry_ema50_slope >med 0.226,213.0,-0.04063153,-0.06172198,0.5487957,0.051020697,-0.0019561052,5,9,-0.001403287,150,48,0.10323512328715652,0.09300287988310951,29,-0.17387923149605708,0.1779804745710458,0.010232243404047006,False,False,True,False
2D,entry_pair_rank>30 ∧ entry_pos_di≤26.2,105.33333333333333,-0.06888019,-0.045378473,-0.5437468,0.029861383,-0.080862105,6,8,-0.01276179,99,26,0.2477567763091644,0.04253925668763567,19,0.01290285184734874,0.3259870715581101,0.20521751962152873,False,False,False,False
2D,entry_ema_gap_5_8>0.0879 ∧ entry_gap>0.354,164.33333333333334,-0.038007196,-0.059450474,0.54368407,0.03560666,0.0062008128,5,8,-0.0093943365,139,33,0.1864480505278866,0.05185140451988113,20,-0.14432985655466454,0.3041109049747904,0.13459664600800547,False,False,True,False
1D,entry_adx ≤T1 20.3,143.0,-0.036000326,-0.058848795,0.5425096,0.014359323,0.029672012,5,8,-0.0013797954,126,39,0.16054866697220646,0.055403967372924905,25,0.3141736197316996,-0.0006530989001442599,0.10514469959928155,False,False,True,False
1D,entry_adx_delta >T2 0.532,142.0,-0.06548598,-0.04404289,-0.54250246,-0.009703647,-0.032703254,6,8,-0.027313143,128,30,0.13060961495923074,0.08335054096054313,20,-0.17360058576768275,0.174009296397767,0.047259073998687604,False,False,False,False
2D,entry_adx>22 ∧ entry_quality_score≤4,157.66666666666666,-0.037592694,-0.059161633,0.5421941,-0.025393646,0.06246261,4,7,-0.009213064,126,39,0.1499413885927998,0.06266157889567682,22,-0.1131171961245355,0.19925301524029715,0.08727980969712297,False,False,True,False
2D,entry_btc_rsi_1h_prev>54.1 ∧ entry_pair_volume_ratio≤0.763,97.0,-0.07181671,-0.045108248,-0.5420772,-0.12497744,0.08894047,4,8,0.0009380989,83,26,0.15535767412039192,0.07685892321489403,19,-0.03532349553351102,0.13006782400273273,0.07849875090549789,False,False,False,False
2D,entry_adx≤22 ∧ entry_ema_gap_8_13≤0.132,98.66666666666667,-0.06959526,-0.04564132,-0.54104954,0.0045370944,-0.04689199,4,8,-0.02199541,107,29,-0.028067910873395965,0.15273721742539184,20,0.15397771409612565,-0.382765739112537,-0.1808051282987878,False,False,True,False
2D,entry_btc_ema20_slope≤0.0586 ∧ entry_pair_ema20_ema50_gap_pct>0.339,115.0,-0.034463428,-0.0573616,0.5406729,-0.10750539,0.12218038,4,7,-0.016992047,105,26,0.16786174374726653,0.07221455449634058,20,0.29127820881849004,0.10214708500712204,0.09564718925092595,False,False,True,False
1D,entry_ema_gap_5_8 >med 0.0879,213.0,-0.061578743,-0.040807504,-0.5404805,-0.016539209,-0.026605207,5,9,-0.0037491769,152,37,0.17956200041222453,0.04704457859187225,22,-0.1631845170650434,0.3052348644184169,0.13251742182035228,False,False,False,False
1D,entry_ema_gap_5_8 ≤med 0.0879,213.33333333333334,-0.040807504,-0.061578743,0.5404797,0.016539209,0.026605207,5,9,-0.0037491769,148,59,0.04704457859187225,0.17956200041222453,32,0.1631845170650434,-0.3052348644184169,-0.13251742182035228,False,False,False,False
2D,entry_bear_pct>20 ∧ entry_btc_ema20_slope>0.0586,78.0,-0.026414065,-0.056731798,0.5403866,0.1403507,-0.1150212,4,8,-0.029312845,70,21,0.16780005389862862,0.07860830693735428,14,-0.498932291379505,0.49704353575795046,0.08919174696127434,False,False,True,False
2D,entry_ema_gap_5_8≤0.0879 ∧ entry_range_position>81.7,92.0,-0.032360144,-0.05636512,0.53841186,0.015995773,0.031558312,4,7,-0.012443356,102,25,-0.0252072193925541,0.14154372728150172,21,-0.06683476917169293,-0.2652624583597327,-0.16675094667405582,False,False,False,False
2D,entry_adx_prev>22.1 ∧ entry_range_position≤81.7,127.33333333333333,-0.03540069,-0.057906967,0.53760886,-0.03594754,0.071017444,5,8,-0.014737986,113,30,0.18400817050433785,0.05907847025822174,20,0.08693029327690757,0.1809958830615382,0.1249297002461161,False,False,True,False
2D,entry_bear_pct>20 ∧ entry_pair_ema20_ema50_gap_pct≤0.339,99.66666666666667,-0.031908866,-0.05706619,0.5368515,0.036497783,0.010009386,4,9,-0.008014198,96,25,0.11387251696265749,0.09257198912825823,17,0.12460035425829452,-0.14635270125106659,0.021300527834399258,False,False,True,False
2D,entry_btc_rsi_prev6≤58.3 ∧ entry_bull_pct≤71.1,104.66666666666667,-0.031456,-0.057604592,0.5359187,0.04201136,0.01042904,5,8,0.007657975,103,20,0.25540918628824893,0.056726847715892,17,-0.2950019280813853,0.5242713192790573,0.19868233857235693,False,True,True,False
2D,entry_bull_pct>71.1 ∧ entry_global_volume_ratio>0.823,116.66666666666667,-0.03594067,-0.056928284,0.5355688,0.10645749,-0.026240315,4,9,-0.005957883,94,27,-0.04883289526878168,0.15562191774536047,17,-0.14306498716578772,-0.19097476783519818,-0.20445481301414214,False,False,False,False
2D,entry_adx_prev>22.1 ∧ entry_global_volume_ratio≤0.823,104.33333333333333,-0.03325033,-0.056996126,0.535298,-0.07355169,0.11354132,5,8,-0.0026213937,109,22,0.01014622226172452,0.12427307111371393,16,-0.05606124509824806,-0.10956532236425771,-0.1141268488519894,False,False,False,False
2D,entry_btc_adx_prev>24.8 ∧ entry_btc_atr_pct≤0.146,146.0,-0.037599187,-0.058260612,0.53465545,-0.04046648,0.06919118,5,8,-0.0149091035,99,43,0.2572422356701741,-0.030980980785749394,20,0.25432915983035576,0.29565372189464545,0.2882232164559235,False,False,True,False
2D,entry_pair_rank≤30 ∧ entry_range_position>81.7,110.66666666666667,-0.03396508,-0.057221975,0.5345893,0.023596235,0.0240014,4,8,-0.020451237,114,23,0.05186661736944963,0.11269167058459492,18,0.14987907175964493,-0.28113204206434167,-0.060825053215145294,False,False,False,False
2D,entry_btc_rsi_prev>62 ∧ entry_ema20_slope>0.146,106.33333333333333,-0.033459183,-0.05707514,0.5329179,0.034392625,0.013179492,3,7,-0.017234739,105,29,-0.021604675894011695,0.14993969780744937,21,-0.369223585887899,-0.04672023827056347,-0.17154437370146106,False,False,False,False
2D,entry_bear_pct>20 ∧ entry_btc_adx_prev>24.8,101.33333333333333,-0.06949612,-0.04547569,-0.53076804,-0.111332074,0.04920476,3,7,-0.027919117,95,27,0.3293910109864975,0.007621258775903414,18,0.30255034711869055,0.3107156916486785,0.32176975221059406,False,False,False,False
2D,entry_btc_adx>24.9 ∧ entry_global_volume_ratio>0.823,119.33333333333333,-0.035807133,-0.057162505,0.5294018,0.060141493,0.0029786527,5,8,-0.010240398,98,26,0.1763569618267852,0.0690591877810908,12,-0.015379919089958755,0.19119824622646905,0.1072977740456944,False,False,True,False
2D,entry_bull_pct>71.1 ∧ entry_rsi_prev>57.8,107.66666666666667,-0.067491986,-0.045675423,-0.52925897,-0.014207952,-0.023085363,4,9,-0.012903031,97,24,-0.0031501041782005432,0.13187537017291084,16,0.13792401180315877,-0.2548832663455575,-0.1350254743511114,False,False,True,False
2D,entry_dist_from_ema13_pct≤0.341 ∧ entry_rsi>60.1,83.66666666666667,-0.032950453,-0.05563721,0.5288143,0.16445719,-0.0944802,4,7,-0.01230238,98,15,0.006155004348112144,0.11514937144384058,14,-0.18889537062840556,-0.20382220117438876,-0.10899436709572843,False,False,False,False
2D,entry_adx>22 ∧ entry_btc_rsi≤62.8,107.0,-0.03333142,-0.057167258,0.52780145,0.063960284,-0.013634507,5,8,-0.005750101,108,19,-0.054871798198381436,0.1358699781550911,13,0.04620045855057159,-0.43110160634747396,-0.19074177635347256,False,False,False,False
2D,entry_adx>22 ∧ entry_atr_pct≤0.455,121.33333333333333,-0.035846736,-0.05728678,0.5272461,0.054097477,-0.0045391433,5,8,-0.010037389,105,21,0.1465381783927787,0.08456163207899219,16,-0.014905209552067339,0.10081515043107662,0.061976546313786504,False,False,True,False
2D,entry_btc_atr_pct>0.146 ∧ entry_ema5_stretch>0.118,135.0,-0.06639815,-0.04413543,-0.5248489,-0.011383399,-0.03940056,3,8,-0.015743691,100,25,0.19957636480246294,0.062394577917059116,17,0.09505116312617226,0.1805311450702815,0.13718178688540383,False,False,False,False
2D,entry_btc_rsi>62.8 ∧ entry_ema_gap_8_13≤0.132,104.33333333333333,-0.06822555,-0.045663577,-0.5244454,-0.004451558,-0.032380104,5,9,-0.008470815,111,27,0.16903219381956675,0.07037036114557198,17,0.030657047033806145,0.18357260788080038,0.09866183267399477,False,False,False,False
2D,entry_btc_trend_gap_pct≤0.0932 ∧ entry_dist_from_ema13_pct≤0.341,90.0,-0.070965014,-0.04589204,-0.52384174,0.06704257,-0.09755684,4,8,-0.029338637,93,15,0.11785681812410695,0.09446385037421193,14,0.24722212508530167,-0.39286277851160367,0.02339296774989502,False,False,False,False
2D,entry_ema_gap_5_8>0.0879 ∧ entry_rsi_prev≤57.8,89.33333333333333,-0.07189433,-0.045695283,-0.5236748,-0.14286178,0.09193497,3,8,-0.019644931,105,13,0.3399459079170589,0.060242498183747016,12,0.018646713382350827,0.44901550665253415,0.2797034097333119,False,False,False,False
2D,entry_btc_rsi_prev6>58.3 ∧ entry_range_position≤81.7,113.66666666666667,-0.03504537,-0.057052393,0.52313393,-0.016208712,0.05426603,5,8,-0.005416572,107,27,0.15133052431462377,0.07729710138663666,18,0.1527521885547842,0.014693604783798974,0.0740334229279871,False,False,True,False
2D,entry_quality_score>4 ∧ entry_rsi_prev≤57.8,56.333333333333336,-0.023695553,-0.055370335,0.52313024,-0.0016634054,0.058438387,2,8,-0.04047781,67,8,0.19885111222757265,0.08896153698127487,8,0.14680230591438564,0.09606837206021275,0.10988957524629778,False,False,True,False
2D,entry_adx_prev>22.1 ∧ entry_btc_rsi≤62.8,105.0,-0.033600643,-0.056930926,0.5230931,0.060850713,-0.010834087,4,8,-0.010218047,106,18,-0.15003486436207847,0.15538527834218177,14,-0.02065149860128207,-0.5485335897543625,-0.3054201427042602,False,False,False,False
2D,entry_bull_pct>71.1 ∧ entry_ema5_stretch≤0.118,100.0,-0.06853458,-0.045868482,-0.52177685,-0.00261081,-0.034910683,5,9,-0.0038090385,95,17,0.0037581029213307714,0.11842451142417905,11,0.022153947161777154,-0.1364545402718556,-0.11466640850284827,False,False,True,False
2D,entry_ema50_slope≤0.226 ∧ entry_ema5_stretch≤0.118,111.66666666666667,-0.03437242,-0.05715133,0.52020293,0.010423575,0.033499464,6,9,0.004071325,99,26,0.1196889934199496,0.09010729033220113,21,0.08384940790406778,-0.10948290373858405,0.029581703087748462,False,True,True,False
2D,entry_btc_1h_slope>0.0639 ∧ entry_rsi_prev≤57.8,97.66666666666667,-0.030969655,-0.057192195,0.51937765,-0.06771201,0.123295434,5,8,-0.00093785673,81,29,0.16206750338981332,0.0704397993114654,16,0.1618708494839434,0.12244360701909672,0.09162770407834792,False,False,True,False
2D,entry_dist_from_ema13_pct≤0.341 ∧ entry_rsi_prev≤57.8,92.33333333333333,-0.07092667,-0.045727473,-0.5172924,-0.036198765,-0.015323255,6,9,-0.00072318316,103,24,0.030653058069423738,0.12060764942370279,16,0.19833357283690767,-0.11232791818257157,-0.08995459135427905,False,False,True,False
2D,entry_btc_ema20_slope≤0.0586 ∧ entry_pos_di≤26.2,104.66666666666667,-0.03389853,-0.05680982,0.5161556,-0.0065754093,0.04810977,4,8,0.0019081756,113,26,0.3222544564389763,0.014868689782276937,19,0.24142923904460378,0.310677906350436,0.30738576665669937,False,False,True,False
2D,entry_ema_gap_8_13>0.132 ∧ entry_rsi_prev>57.8,119.0,-0.035738226,-0.057166018,0.5152246,0.11940268,-0.065279424,6,8,-0.031819247,111,26,0.1056446345166072,0.09532376649629974,18,-0.1669233135164589,0.11010346501282099,0.010320868020307461,False,False,True,False
2D,entry_adx_prev≤22.1 ∧ entry_pos_di≤26.2,126.0,-0.035021905,-0.057965964,0.5140639,0.08173826,-0.03726696,5,9,0.0021262988,121,34,0.2635275564141582,0.007411084420828896,24,0.4810888063012422,0.09495454949142973,0.2561164719933293,False,False,True,False
2D,entry_btc_ema20_slope≤0.0586 ∧ entry_ema_gap_8_13>0.132,108.66666666666667,-0.033824444,-0.057123654,0.51361376,-0.10492389,0.12060062,5,8,-0.03178863,108,22,0.30114115010266135,0.03776106553938135,16,0.20703457594728794,0.2598253170268713,0.26338008456328,False,False,True,False
2D,entry_adx_prev>22.1 ∧ entry_ema_gap_8_13≤0.132,113.33333333333333,-0.035610456,-0.05682435,0.51287144,0.099390194,-0.03959248,4,8,-0.030595427,106,25,0.07862688641601227,0.10498242241933044,19,-0.0076961185866665505,0.018471733010472603,-0.026355536003318164,False,False,False,False
2D,entry_btc_ema20_slope≤0.0586 ∧ entry_global_volume_ratio≤0.823,112.33333333333333,-0.06821577,-0.04509225,-0.51207167,-0.12399629,0.0648801,5,9,-0.013065876,111,31,0.18944441405519244,0.05456380486864314,21,0.3091569916727549,0.05418246887231889,0.13488060918654932,False,False,False,False
2D,entry_btc_adx>24.9 ∧ entry_ema50_slope≤0.226,114.33333333333333,-0.067716725,-0.045126904,-0.5109929,0.04959672,-0.08325001,5,8,-0.04434432,93,26,0.04439628122494147,0.1180731548617756,19,0.11620590649180335,-0.15768237843230584,-0.07367687363683412,False,False,True,False
2D,entry_global_volume_ratio≤0.823 ∧ entry_rsi_prev>57.8,99.33333333333333,-0.034202557,-0.056343783,0.51011837,0.05294128,-0.007337626,3,7,0.010385677,108,25,0.0061407618682278375,0.13050570571080386,15,0.08703282913128199,-0.17108396869131914,-0.12436494384257603,False,False,False,False
2D,entry_btc_dist_from_ema13_pct≤0.152 ∧ entry_price_vs_ema5_pct≤0.118,123.0,-0.06598767,-0.045182593,-0.50989676,-0.08423104,0.028700348,3,7,-0.004484851,107,27,0.20620400733156613,0.05582486890174615,18,0.28296942930487645,-0.0036717840494865594,0.15037913842981998,False,False,False,False
2D,entry_bear_pct≤20 ∧ entry_ema5_stretch≤0.118,101.0,-0.06828213,-0.04587718,-0.5091354,0.029821364,-0.06449634,4,9,-0.009265434,99,16,0.011637815244940668,0.11541523885317148,11,0.039580343156824516,-0.23207630107066238,-0.1037774236082308,False,False,True,False
2D,entry_atr_pct≤0.455 ∧ entry_btc_ema20_slope>0.0586,112.0,-0.035519034,-0.056766935,0.5084638,0.13454948,-0.07439085,5,9,-0.025816705,90,21,0.16253365519625526,0.08008289857401875,13,-0.3738560578423953,0.39515785589403873,0.08245075662223651,False,False,True,False
2D,entry_pair_rank≤30 ∧ entry_pos_di≤26.2,108.0,-0.032361396,-0.05757123,0.5078003,0.07183462,-0.015975311,6,9,-4.690513e-05,115,19,0.1411093106264909,0.0875110032502525,17,0.25840703996666137,-0.10394360137026423,0.0535983073762384,False,False,True,False
2D,entry_adx>22 ∧ entry_btc_ema20_slope>0.0586,97.0,-0.03315202,-0.056496333,0.5067103,0.13461588,-0.08104915,3,7,-0.038150124,94,19,0.08559637884391444,0.10120899940439472,14,-0.35416855963317845,0.21176406508105405,-0.015612620560480281,False,False,False,False
2D,entry_adx_delta≤0.241 ∧ entry_btc_adx_prev≤24.8,118.66666666666667,-0.035414148,-0.057267796,0.5036058,0.105785504,-0.049506597,5,9,-0.008647483,101,21,-0.1781784071615496,0.17548227603420416,17,-0.20605614623120155,-0.43904010382862807,-0.3536606831957537,False,False,False,False
2D,entry_adx_prev≤22.1 ∧ entry_rsi>60.1,120.0,-0.066000186,-0.045381445,-0.50275564,0.081729844,-0.11710939,5,9,-0.023991995,117,28,0.15407551864006258,0.07507808279780914,20,-0.19195648012225974,0.2435420328866597,0.07899743584225344,False,False,False,False
1D,entry_gap ≤T1 0.312,142.33333333333334,-0.037819356,-0.057883512,0.5026333,0.012744021,0.02634767,4,8,-0.011374105,127,39,0.12143661318996389,0.08216484627656453,25,0.15493034695059985,-0.028118128724227254,0.039271766913399356,False,False,True,False
2D,entry_btc_ema20_slope≤0.0586 ∧ entry_rsi>60.1,104.0,-0.035596073,-0.056214727,0.50257766,0.075496495,-0.020350974,4,8,0.00010960549,113,23,0.27414555874670815,0.04265857946573267,18,0.2505876147417566,0.14791641793822863,0.23148697928097547,False,False,True,False
2D,entry_adx_prev>22.1 ∧ entry_btc_dist_from_ema13_pct≤0.152,129.66666666666666,-0.03709389,-0.057343923,0.5021006,-0.049250424,0.07507261,5,8,-0.006840039,109,26,0.13257640991630995,0.085320535633553,18,-0.056808291236560504,0.07462152613743885,0.047255874282756946,False,False,True,False
2D,entry_btc_rsi_1h_prev≤54.1 ∧ entry_pair_ema20_ema50_gap_pct>0.339,90.0,-0.03372134,-0.05585813,0.5009198,0.0148346275,0.030761681,4,7,-0.0028028078,88,16,0.23343276643525418,0.07105624861510879,11,-0.18546336917923062,0.36797296372083677,0.1623765178201454,False,False,True,False
2D,entry_btc_rsi≤62.8 ∧ entry_gap≤0.354,108.66666666666667,-0.06801067,-0.045429315,-0.50070286,0.03092261,-0.076094836,6,9,-0.005215876,106,22,-0.06000027818720466,0.14512743611204423,18,0.21064454451355816,-0.5601178177601344,-0.2051277142992489,False,False,True,False
2D,entry_atr_pct>0.455 ∧ entry_btc_dist_from_ema13_pct>0.152,105.66666666666667,-0.0691193,-0.045275263,-0.4989894,-0.04082739,-0.009698775,3,8,-0.009994697,97,20,-0.04127162374770569,0.1348007450937748,15,-0.03812395263265883,-0.23370300653805118,-0.17607236884148048,False,False,True,False
2D,entry_btc_rsi_prev6>58.3 ∧ entry_range_position>81.7,96.33333333333333,-0.06780849,-0.04633229,-0.4989261,-0.019324888,-0.021675706,4,8,-0.013038911,94,23,0.02540026059125919,0.1210303857338878,17,-0.19252591247243833,-0.06390112575132499,-0.09563012514262861,False,False,True,False
2D,entry_bear_pct>20 ∧ entry_ema20_slope≤0.146,110.33333333333333,-0.067957565,-0.045328755,-0.4989244,-0.013671543,-0.033668607,5,9,-0.011690836,108,25,-0.07964046178837662,0.1607103619279181,19,0.022499022436908434,-0.416697645471917,-0.24035082371629474,False,False,True,False
2D,entry_btc_adx>24.9 ∧ entry_btc_rsi_1h>57.2,119.66666666666667,-0.036485355,-0.056921054,0.49881074,-0.040293828,0.06886137,4,8,-0.02254786,81,38,0.19796501579553746,0.032702647447281824,19,0.07490166923210961,0.2550446605626272,0.16526236834825564,False,False,True,False
2D,entry_btc_trend_gap_pct>0.0932 ∧ entry_dist_from_ema13_pct>0.341,89.33333333333333,-0.030738499,-0.056605037,0.4968276,0.02873601,0.0142487995,2,7,-0.0099023655,85,18,0.17270846047241553,0.08090604953422165,15,-0.0034223778391566373,0.14028460223167152,0.09180241093819388,False,False,True,False
2D,entry_adx>22 ∧ entry_btc_adx>24.9,128.33333333333334,-0.037010025,-0.05728944,0.49654683,-0.00047588348,0.03977556,3,7,-0.029846847,99,30,0.31261048952120585,0.0006228707050999154,17,0.04372878998538146,0.48259228124635156,0.3119876188161059,False,False,True,False
2D,entry_btc_adx>24.9 ∧ entry_ema5_stretch≤0.118,134.0,-0.064604215,-0.045033894,-0.49558958,-0.10198726,0.044082683,4,8,-0.009892743,103,32,0.26255924922329277,0.01589887776605315,18,0.3143731423334496,0.17501937825622127,0.24666037145723962,False,False,False,False
2D,entry_btc_adx>24.9 ∧ entry_price_vs_ema5_pct≤0.118,134.0,-0.064604215,-0.045033894,-0.49558958,-0.10198726,0.044082683,4,8,-0.009892743,103,32,0.26255924922329277,0.01589887776605315,18,0.3143731423334496,0.17501937825622127,0.24666037145723962,False,False,False,False
2D,entry_ema50_slope>0.226 ∧ entry_ema_gap_8_13>0.132,124.33333333333333,-0.06603535,-0.04507111,-0.49549407,-0.046449684,0.0012442619,4,7,-0.0019389279,116,25,0.21244041647243742,0.05786498225861739,18,-0.09444513533409007,0.3117835671266659,0.15457543421382003,False,False,False,False
2D,entry_adx_delta>0.241 ∧ entry_price_vs_ema5_pct>0.118,97.66666666666667,-0.0684176,-0.046064157,-0.49499503,-0.06333683,0.017493468,4,7,-0.010582443,112,24,0.09670826412131023,0.0985892474064073,17,0.1265854495583634,-0.04185299394508478,-0.0018809832850970737,False,False,True,False
2D,entry_atr_pct>0.455 ∧ entry_btc_adx_prev≤24.8,128.33333333333334,-0.03582149,-0.057801273,0.49405652,-0.014879569,0.056276884,6,8,-0.00010943785,116,26,0.0019075662021488164,0.13385467758452715,19,0.08573485751783394,-0.23219353852813607,-0.13194711138237833,False,False,False,False
2D,entry_ema_gap_8_13≤0.132 ∧ entry_neg_di>15.8,117.33333333333333,-0.035973627,-0.05696106,0.49353015,0.07432688,-0.014981065,6,9,0.0049886033,105,32,0.03301167358829736,0.13067266558355084,19,0.3086356529124775,-0.2095901258582863,-0.09766099199525348,False,False,False,False
2D,entry_ema_gap_5_8≤0.0879 ∧ entry_neg_di≤15.8,96.66666666666667,-0.034192115,-0.056167744,0.49188167,0.008275457,0.033250887,4,7,-0.009067696,110,26,0.10004758027143988,0.09740267235879048,22,-0.04878039996826816,-0.039919681162598114,0.0026449079126494024,False,False,True,False
2D,entry_btc_ema20_slope>0.0586 ∧ entry_pair_rank≤30,110.33333333333333,-0.034316335,-0.05707479,0.49136674,0.11507356,-0.061603207,4,9,-0.014948972,91,25,0.08456005266048347,0.10289327937550258,20,-0.22147093743589835,0.1069154006902319,-0.018333226715019108,False,False,False,False
2D,entry_ema_gap_8_13>0.132 ∧ entry_rsi>60.1,119.0,-0.03650883,-0.056867637,0.4901825,0.16410482,-0.11400471,4,8,-0.08109457,113,26,0.19992307106002405,0.060306061494459204,18,-0.013343247919145318,0.21136992936038623,0.13961700956556483,False,False,True,False
2D,entry_btc_adx_prev>24.8 ∧ entry_ema20_slope>0.146,94.66666666666667,-0.06822509,-0.0463213,-0.4900307,-0.014917538,-0.024430044,4,7,-0.0056754984,104,24,0.07085166484368871,0.10720811383228114,16,-0.10438137155211483,-0.018542209234179617,-0.03635644898859243,False,False,True,False
2D,entry_neg_di>15.8 ∧ entry_rsi≤60.1,120.33333333333333,-0.03562216,-0.057305034,0.48871306,-0.08997353,0.10497187,5,9,-0.00669419,112,33,0.07187066028261725,0.11186813274359364,22,0.5276892169557899,-0.13109958173755115,-0.03999747246097639,False,False,False,False
2D,entry_btc_ema20_slope≤0.0586 ∧ entry_pair_volume_ratio>0.763,105.33333333333333,-0.035384703,-0.05636973,0.48631212,-0.049995486,0.0766745,4,8,-0.011033766,107,26,0.15103918338710512,0.07846293405868622,14,0.11141519651441875,0.07578385403534786,0.0725762493284189,False,False,True,False
2D,entry_adx_delta>0.241 ∧ entry_btc_rsi_prev>62,113.0,-0.036239516,-0.05657491,0.4862817,-0.0036868379,0.041392032,4,8,-0.022793032,109,30,0.17079140409635893,0.06508609135275763,23,-0.27180639721947547,0.3521223847805463,0.1057053127436013,False,False,True,False
2D,entry_bear_pct>20 ∧ entry_ema5_stretch>0.118,95.0,-0.032062873,-0.0566677,0.48553866,0.030754512,0.010386199,5,9,-0.01923398,105,15,-0.07308191553735063,0.12982287512633367,12,-0.017835973646023295,-0.2304437393208058,-0.2029047906636843,False,False,False,False
2D,entry_btc_ema20_slope≤0.0586 ∧ entry_btc_rsi_prev6>58.3,102.66666666666667,-0.06730977,-0.04607024,-0.48424205,-0.14491962,0.0762483,3,8,-0.021004837,101,27,0.11597382575270086,0.09113233125869341,20,0.026199699602794974,0.01766927664564347,0.02484149449400745,False,False,False,False
2D,entry_btc_rsi_prev≤62 ∧ entry_bull_pct>71.1,88.33333333333333,-0.032613944,-0.056038383,0.48382902,0.02187406,0.026153143,5,8,0.0021334514,74,26,0.1442672890450807,0.08097820910000958,18,0.3213167280430546,-0.09493976123448533,0.06328907994507113,False,True,True,False
2D,entry_btc_adx_prev≤24.8 ∧ entry_quality_score≤4,137.33333333333334,-0.037635915,-0.057623547,0.48224187,-0.00071851537,0.036754787,6,9,-0.0017410293,117,28,-0.0075971280604873615,0.1416491726156826,18,-0.10097973922980963,-0.2584272553778827,-0.14924630067616998,False,False,False,False
2D,entry_ema50_slope>0.226 ∧ entry_pair_volume_ratio≤0.763,103.0,-0.034876004,-0.056380335,0.48005882,0.0054528974,0.035584427,4,7,0.0040929727,113,22,0.27445327969899186,0.04569529728101287,18,0.014341876096025052,0.37222714263936707,0.22875798241797898,False,True,True,False
2D,entry_btc_rsi_prev6>58.3 ∧ entry_ema_gap_8_13≤0.132,103.66666666666667,-0.036110334,-0.056028206,0.4779551,0.05850569,-0.00636556,4,8,-0.008370336,103,28,0.14926790533453976,0.07705768827655375,22,0.16674750213131911,-0.012932899118145614,0.07221021705798601,False,False,True,False
2D,entry_btc_rsi_prev≤62 ∧ entry_pair_volume_ratio≤0.763,118.0,-0.06675995,-0.04522442,-0.47745344,-0.118213676,0.06828975,5,8,-0.03804837,115,21,0.22656515310571065,0.06215407915937128,17,0.42497114624965304,-0.09266289489680828,0.16441107394633936,False,False,False,False
2D,entry_btc_adx>24.9 ∧ entry_rsi_prev>57.8,128.0,-0.06417667,-0.045610923,-0.476546,-0.021309499,-0.012847614,4,7,-0.025740422,106,24,0.2552375134376003,0.04574616430097726,13,0.11512576111933548,0.2501057430746438,0.20949134913662304,False,False,False,False
2D,entry_adx_prev≤22.1 ∧ entry_ema50_slope>0.226,97.0,-0.03434851,-0.056143932,0.47393745,0.17005047,-0.08265188,3,7,-0.024258971,98,23,0.07149651617160871,0.10650690794829816,19,-0.2508195167655947,0.1104506416140494,-0.03501039177668945,False,False,False,False
2D,entry_ema20_slope>0.146 ∧ entry_ema5_stretch≤0.118,93.33333333333333,-0.033939864,-0.056018475,0.47346258,-0.043236118,0.07421093,4,8,-0.05304667,100,20,0.16761107924308796,0.07983161272777646,14,-0.15760096720788871,0.249784857752224,0.0877794665153115,False,False,True,False
2D,entry_ema50_slope>0.226 ∧ entry_gap>0.354,141.0,-0.038429774,-0.057488106,0.47125325,-0.013255741,0.047262892,3,7,-0.008787066,124,31,0.1233034666276507,0.0861079490263938,22,-0.10685859469814243,0.12286866812129363,0.03719551760125689,False,False,True,False
2D,entry_btc_adx_prev≤24.8 ∧ entry_dist_from_ema13_pct>0.341,130.33333333333334,-0.037119273,-0.05737836,0.4703252,-0.05587627,0.096165486,5,8,-0.019678067,118,25,0.10725967024392791,0.09490045628274044,20,0.030895012171735958,-0.025368729482927635,0.01235921396118747,False,False,True,False
2D,entry_btc_1h_slope≤0.0639 ∧ entry_neg_di≤15.8,100.33333333333333,-0.06710819,-0.046284307,-0.46968415,-0.042017423,-0.0023503713,5,8,-0.0006478876,89,19,0.018128020775816732,0.11785703581080847,13,-0.33717230342294435,0.054667981926572386,-0.09972901503499174,False,False,True,False
2D,entry_bear_pct≤20 ∧ entry_btc_rsi_prev6≤58.3,110.66666666666667,-0.06631205,-0.045881744,-0.46916774,-0.017211035,-0.026854165,4,9,0.0018287264,94,25,0.025370476093817564,0.12373467957503281,13,0.34422191142948233,-0.2956063504538743,-0.09836420348121525,False,True,True,False
2D,entry_adx_prev>22.1 ∧ entry_btc_ema20_slope>0.0586,99.66666666666667,-0.067273885,-0.04627625,-0.46758398,0.09437631,-0.11912829,5,8,-0.019767696,95,21,0.08088067596338307,0.10294573275922297,16,-0.22248099486309744,0.1106191177777765,-0.022065056795839907,False,False,True,False
2D,entry_adx_prev≤22.1 ∧ entry_bear_pct>20,102.33333333333333,-0.068788715,-0.04562498,-0.4667648,-0.07569218,0.031384766,3,7,-0.018559039,110,21,0.0891321348223111,0.10063532427872315,17,-0.08840058383236807,0.027187750318551297,-0.011503189456412058,False,False,True,False
2D,entry_btc_rsi_prev>62 ∧ entry_ema_gap_5_8>0.0879,105.66666666666667,-0.06639,-0.04617462,-0.46374115,0.08171095,-0.11798568,4,8,-0.01800557,108,23,-0.0012989838690368714,0.12944247645425505,17,-0.43412149072283857,0.06980698947603661,-0.13074146032329192,False,False,True,False
2D,entry_btc_dist_from_ema13_pct>0.152 ∧ entry_ema50_slope>0.226,93.33333333333333,-0.06746832,-0.046621107,-0.46359003,0.033962615,-0.05914219,6,9,-0.0032828934,88,22,0.061208674141207835,0.10909234217657023,15,-0.14394552743248878,0.046985296333443456,-0.04788366803536239,False,False,True,False
2D,entry_ema5_stretch≤0.118 ∧ entry_gap>0.354,88.0,-0.06864825,-0.04664284,-0.46028545,-0.0990341,0.0374835,5,8,-0.03061638,100,19,0.20564720244684492,0.07158606890497034,12,-0.1903702126093152,0.37744595516473717,0.1340611335418746,False,False,False,False
2D,entry_adx_delta≤0.241 ∧ entry_dist_from_ema13_pct≤0.341,108.33333333333333,-0.06635531,-0.046016917,-0.45996833,0.02362272,-0.055770148,4,9,-0.03069992,111,24,-0.08537871755882152,0.1592849079664512,17,-0.10319881678884824,-0.24726710003331243,-0.2446636255252727,False,False,True,False
2D,entry_btc_adx_prev≤24.8 ∧ entry_pair_rank>30,105.0,-0.06598025,-0.046350457,-0.45974034,0.011504836,-0.058145702,4,8,-0.0013087653,88,18,0.11725033768955966,0.09370407786872688,16,0.06437636460142357,-0.0320779603677987,0.023546259820832777,False,False,False,False
2D,entry_atr_pct≤0.455 ∧ entry_ema50_slope≤0.226,129.66666666666666,-0.038478553,-0.05673872,0.45942888,0.014033496,0.0224506,5,9,0.005217895,97,26,0.11964641195390965,0.09012310630530168,20,0.1692135567585146,-0.18890779986775147,0.029523305648607973,False,True,True,False
2D,entry_dist_from_ema13_pct>0.341 ∧ entry_range_position>81.7,127.33333333333333,-0.06455409,-0.04549159,-0.45906112,-0.058641348,0.016423684,4,8,-0.024592806,118,25,0.1484248019939774,0.0804056915820188,16,0.12859905542904027,0.0257067404365076,0.0680191104119586,False,False,False,False
2D,entry_adx_prev>22.1 ∧ entry_btc_trend_gap_pct>0.0932,113.66666666666667,-0.037189294,-0.05627299,0.45899263,-0.019944891,0.051892027,3,7,-0.010031469,90,28,0.1992066340464689,0.05649468233634767,18,-0.0905816765778028,0.30204624409323627,0.14271195171012124,False,False,True,False
2D,entry_ema50_slope≤0.226 ∧ entry_rsi≤60.1,109.33333333333333,-0.03476232,-0.05684918,0.45875856,-0.057192717,0.09734109,4,9,-0.01739496,105,34,0.04112681983290078,0.12937277867506683,23,0.12232282849523579,-0.21479052422178635,-0.08824595884216604,False,False,False,False
2D,entry_btc_ema20_slope≤0.0586 ∧ entry_range_position≤81.7,117.33333333333333,-0.06533717,-0.045811143,-0.4583814,-0.14600149,0.0833751,4,8,-0.02079283,112,26,0.06606139717939352,0.1100261117929791,19,0.13922916395143445,-0.09509746971236999,-0.04396471461358557,False,False,True,False
2D,entry_adx>22 ∧ entry_rsi>60.1,97.0,-0.036128927,-0.05561953,0.4568014,0.12458072,-0.080287226,3,8,-0.023414757,109,15,0.04430988027498395,0.10808365367960507,14,-0.05697369634348831,-0.1505060176749366,-0.06377377340462112,False,False,False,False
2D,entry_bull_pct>71.1 ∧ entry_price_vs_ema5_pct≤0.118,99.66666666666667,-0.06640499,-0.04654135,-0.45675847,0.004267011,-0.034910683,5,9,-0.0071836263,95,17,0.0037581029213307714,0.11842451142417905,11,0.022153947161777154,-0.1364545402718556,-0.11466640850284827,False,False,True,False
2D,entry_ema_gap_8_13>0.132 ∧ entry_pos_di≤26.2,100.66666666666667,-0.03393043,-0.056518555,0.45631737,-0.0032680035,0.046292685,5,8,-0.001297351,110,18,0.42992855551341896,0.021547566063220877,12,0.15143775189461803,0.5815555783595524,0.4083809894501981,False,False,True,False
2D,entry_adx>22 ∧ entry_btc_atr_pct>0.146,79.33333333333333,-0.07052659,-0.046763,-0.45464385,0.0065670907,-0.06442818,5,8,0.0047211796,75,11,0.040884276181797734,0.10552584840203523,10,-0.5192103441772487,0.16234643807584306,-0.0646415722202375,False,False,True,False
2D,entry_bear_pct≤20 ∧ entry_ema_gap_8_13>0.132,115.0,-0.065048836,-0.04606399,-0.45463887,0.020666461,-0.04980091,4,8,-0.027485497,98,23,-0.08824099520563379,0.15683516495756644,15,-0.08859919798842028,-0.380869864895611,-0.24507616016320022,False,False,True,False
2D,entry_ema5_stretch>0.118 ∧ entry_pos_di≤26.2,128.33333333333334,-0.03756708,-0.05704954,0.4536542,0.09048527,-0.04954293,5,8,0.0059029534,124,27,0.13927116961930924,0.08201597931089016,19,0.24160747187385903,-0.04239418869333628,0.05725519030841908,False,False,True,False
2D,entry_neg_di≤15.8 ∧ entry_pos_di>26.2,94.0,-0.06612549,-0.046959106,-0.45293483,0.033731133,-0.06902908,5,7,-0.0021756366,96,22,0.02054751550147813,0.12118079474513851,14,-0.12544965303135563,-0.17414129926609667,-0.10063327924366039,False,False,True,False
2D,entry_btc_atr_pct≤0.146 ∧ entry_gap>0.354,103.0,-0.065893404,-0.04649954,-0.45225695,-0.038918454,-0.0024578162,3,7,-0.0106778145,88,28,-0.008226378773815062,0.14190827585058224,18,-0.17493373270900103,-0.1514128347080721,-0.15013465462439732,False,False,True,False
2D,entry_gap≤0.354 ∧ entry_pos_di>26.2,102.66666666666667,-0.065796465,-0.04655026,-0.4518367,-0.09133697,0.037652675,5,9,-0.012345243,97,27,0.043385325140442604,0.11953652715044667,18,0.09073825580459524,-0.13767404383091592,-0.07615120201000407,False,False,True,False
2D,entry_adx_delta>0.241 ∧ entry_pair_ema20_ema50_gap_pct>0.339,107.33333333333333,-0.036853552,-0.056007084,0.4509568,0.058119267,-0.020720389,4,7,-0.009633739,102,23,0.0942906437100874,0.09932519653206519,19,-0.26188831604879736,0.1636630506132023,-0.005034552821977789,False,False,False,False
2D,entry_ema_gap_5_8>0.0879 ∧ entry_neg_di≤15.8,116.66666666666667,-0.036617406,-0.056673326,0.4492425,0.055975046,-0.019831553,6,8,-0.0029267706,116,21,0.19259517895681996,0.07166567192106064,14,-0.26252879292098813,0.4317710488920603,0.12092950703575932,False,False,True,False
2D,entry_adx>22 ∧ entry_btc_rsi_prev>62,112.33333333333333,-0.037386637,-0.056121357,0.4479935,0.027139004,0.012849003,3,7,-0.0052548945,111,28,0.22350904312254335,0.04648780801090525,19,-0.05044577838636641,0.3144726420048522,0.17702123511163811,False,False,True,False
2D,entry_btc_dist_from_ema13_pct>0.152 ∧ entry_btc_ema20_slope>0.0586,161.33333333333334,-0.06232309,-0.044404075,-0.446684,0.09585667,-0.13016438,5,9,-0.021363422,107,28,-0.018889932851341114,0.14629915105897534,19,-0.380187278415689,-0.017982277929804058,-0.16518908391031645,False,False,True,False
2D,entry_btc_adx≤24.9 ∧ entry_bull_pct>71.1,101.33333333333333,-0.03682686,-0.055661794,0.4455815,-0.00576441,0.04057478,6,8,-0.018574812,81,20,0.04125695476047071,0.11308269811793889,14,0.3616643487408044,-0.36153269192943566,-0.07182574335746818,False,False,False,False
2D,entry_bear_pct≤20 ∧ entry_price_vs_ema5_pct≤0.118,100.66666666666667,-0.06617285,-0.046552114,-0.44534484,0.03637911,-0.06449634,4,9,-0.01254509,99,16,0.011637815244940668,0.11541523885317148,11,0.039580343156824516,-0.23207630107066238,-0.1037774236082308,False,False,True,False
2D,entry_ema20_slope>0.146 ∧ entry_rsi_prev>57.8,133.0,-0.03893791,-0.056737937,0.44500133,0.093533024,-0.049325675,5,8,-0.02379027,118,32,-0.023129170105155472,0.15874308743027726,22,-0.14820568048429533,-0.21053931122517971,-0.18187225753543274,False,False,False,False
2D,entry_gap>0.354 ∧ entry_rsi≤60.1,95.33333333333333,-0.03433389,-0.056038395,0.44452962,-0.19751182,0.21078944,4,7,-0.035688598,108,18,-0.021054430876475752,0.12562056292242735,15,-0.2955179537787881,-0.04104739460900704,-0.14667499379890309,False,False,False,False
2D,entry_atr_pct≤0.455 ∧ entry_btc_rsi_prev6≤58.3,100.0,-0.066111326,-0.046611045,-0.44338304,-0.041044638,-0.0007352866,5,9,-0.011963017,96,20,0.2891288894253113,0.04785324162719138,16,-0.0008124488381221484,0.40385610416162065,0.2412756477981199,False,False,False,False
2D,entry_btc_adx≤24.9 ∧ entry_rsi≤60.1,98.66666666666667,-0.033804238,-0.056418683,0.4433429,-0.102577694,0.14400323,5,8,-0.037043426,100,22,-0.033611428736127394,0.1372821024914537,16,0.035913920915578185,-0.24336052518081674,-0.1708935312275811,False,False,False,False
2D,entry_ema5_stretch≤0.118 ∧ entry_pos_di≤26.2,85.0,-0.069756515,-0.046560258,-0.44089538,-0.001132559,-0.04465932,4,9,-0.022175929,99,18,0.2979128614566806,0.05201272623016047,15,-0.006897530781682648,0.4219309949338091,0.24590013522652016,False,False,False,False
2D,entry_btc_rsi_prev>62 ∧ entry_dist_from_ema13_pct≤0.341,116.33333333333333,-0.038174868,-0.0560673,0.4364284,0.050179146,0.0006355904,4,9,-0.024564564,105,28,0.23060697885304457,0.04356512859246356,19,-0.040515814579897,0.33665659074678667,0.187041850260581,False,False,True,False
2D,entry_ema5_stretch≤0.118 ∧ entry_rsi_prev≤57.8,75.33333333333333,-0.07102729,-0.046926353,-0.43642467,-0.14006086,0.06969136,3,8,-0.012042347,88,18,0.2264788100303337,0.06849750732854824,14,0.5092358584036567,0.11428998194537163,0.15798130270178545,False,False,False,False
2D,entry_bear_pct≤20 ∧ entry_btc_rsi_1h_prev>54.1,88.0,-0.06698155,-0.04707634,-0.43486795,0.01672262,-0.046767976,3,8,-0.046583407,72,32,0.01185114267515118,0.14125293104012396,16,-0.03814243030873518,-0.154914255250639,-0.1294017883649728,False,False,True,False
2D,entry_btc_atr_pct≤0.146 ∧ entry_dist_from_ema13_pct>0.341,79.66666666666667,-0.067865714,-0.047351647,-0.4337497,0.025710346,-0.04909969,4,8,-0.017589267,86,24,-0.02020095214126577,0.13755898616059928,19,-0.1311852646875611,-0.18729415149683723,-0.15775993830186505,False,False,True,False
2D,entry_rsi>60.1 ∧ entry_rsi_prev>57.8,146.33333333333334,-0.040083162,-0.05698704,0.43237713,0.16922832,-0.12062216,4,8,-0.023243818,127,31,0.018334148015772288,0.1361702394412897,20,-0.17380898926750124,-0.18256390716615833,-0.1178360914255174,False,False,False,False
2D,entry_ema20_slope≤0.146 ∧ entry_range_position>81.7,109.33333333333333,-0.064814635,-0.04648414,-0.43191704,-0.03914529,-0.00015373155,6,9,-0.004591275,106,21,0.03840881106270077,0.11483785493141406,16,-0.03128784309257879,-0.15878231606146373,-0.0764290438687133,False,False,True,False
2D,entry_adx_delta≤0.241 ∧ entry_price_vs_ema5_pct>0.118,115.33333333333333,-0.065236814,-0.04597393,-0.43147138,0.040058218,-0.06832481,5,9,-0.018066157,107,24,-0.019114536146292032,0.13719684749560804,21,-0.02840770848884608,-0.17230824475341702,-0.15631138364190006,False,False,True,False
2D,entry_btc_adx≤24.9 ∧ entry_btc_rsi_1h_prev≤54.1,121.0,-0.06384308,-0.046168752,-0.43139717,-0.067902885,0.024488091,3,7,-0.036015615,96,18,0.05641782176955964,0.10774235077334225,13,-0.10171645079273711,-0.015788021727219114,-0.051324529003782614,False,False,True,False
2D,entry_adx_delta>0.241 ∧ entry_ema5_stretch>0.118,97.33333333333333,-0.06623655,-0.046732064,-0.43134093,-0.05786672,0.017493468,4,7,-0.013939805,112,24,0.09670826412131023,0.0985892474064073,17,0.1265854495583634,-0.04185299394508478,-0.0018809832850970737,False,False,True,False
2D,entry_pos_di≤26.2 ∧ entry_rsi>60.1,97.0,-0.036331907,-0.055559747,0.43091476,0.13273877,-0.082562864,4,8,-0.020151477,106,18,0.3230163258935515,0.046219619052421064,14,0.08418719549753007,0.4045473319930174,0.27679670684113045,False,False,True,False
2D,entry_adx>22 ∧ entry_btc_adx_prev>24.8,127.0,-0.03865418,-0.05650153,0.42909652,0.007422466,0.030149266,3,7,-0.038881067,97,31,0.30570751238938126,-0.0008847497215084505,17,0.04372878998538146,0.4746231206556523,0.3065922621108897,False,False,True,False
2D,entry_btc_rsi_prev≤62 ∧ entry_ema5_stretch≤0.118,92.0,-0.035221513,-0.055577748,0.42903572,-0.0072063804,0.0447771,4,8,-0.013638593,96,20,0.08853726216708904,0.10064051195830248,17,0.09981965611173158,-0.08841131169104746,-0.012103249791213438,False,False,False,False
2D,entry_btc_adx_prev≤24.8 ∧ entry_pair_ema20_ema50_gap_pct≤0.339,100.0,-0.036304317,-0.055744957,0.4280165,-0.06531355,0.101390414,3,7,-0.030052185,84,21,0.27117854804970093,0.04966232857505402,13,0.11859239120576875,0.2220150284602873,0.22151621947464692,False,False,True,False
2D,entry_ema_gap_8_13≤0.132 ∧ entry_pos_di≤26.2,112.66666666666667,-0.065101326,-0.04618637,-0.42794693,0.10445779,-0.12608366,5,8,-0.027231773,114,27,0.05126070691481705,0.11645485602134362,19,0.09934268059243434,-0.18247597971135526,-0.06519414910652657,False,False,True,False
2D,entry_btc_adx_prev≤24.8 ∧ entry_ema50_slope≤0.226,99.33333333333333,-0.036160827,-0.055748913,0.42742527,-0.10343559,0.15326408,4,9,-0.029882938,80,20,0.13903963197285868,0.08735041464099469,13,0.07558021846768256,-0.10884240979788887,0.05168921733186399,False,False,True,False
2D,entry_btc_atr_pct>0.146 ∧ entry_pair_rank≤30,111.66666666666667,-0.06649951,-0.045750294,-0.42705488,-0.0021015368,-0.04497761,4,8,-0.021969434,93,19,0.11753177474912005,0.09332883677843488,16,0.03916796166949418,0.051972756998332,0.024202937970685165,False,False,False,False
2D,entry_dist_from_ema13_pct≤0.341 ∧ entry_ema50_slope≤0.226,115.66666666666667,-0.03794847,-0.056113195,0.42643598,0.058383107,-0.015847396,6,9,-0.0012270361,100,30,0.08542158149348565,0.10389055617224545,23,0.1751060883901278,-0.1780659032179817,-0.018468974678759797,False,False,False,False
1D,entry_pos_di ≤T1 24.5,142.33333333333334,-0.039140098,-0.05722159,0.4259176,0.040584646,-0.0047172867,4,8,-0.017489221,126,35,0.07369249539152724,0.11213421005687406,22,0.2598847047500543,-0.3244137850514934,-0.03844171466534682,False,False,False,False
2D,entry_ema5_stretch≤0.118 ∧ entry_quality_score≤4,162.0,-0.061352126,-0.04495395,-0.42206147,-0.029445408,-0.0047979355,6,9,-0.015784625,127,42,0.12784644317595678,0.07499765812560344,26,0.03300445678017336,-0.005804623310611653,0.05284878505035334,False,False,False,False
2D,entry_btc_dist_from_ema13_pct>0.152 ∧ entry_quality_score≤4,162.66666666666666,-0.061475903,-0.04483613,-0.42195255,0.0006814338,-0.03554879,5,9,-0.009415805,116,36,0.12218191281849748,0.08368125484511432,20,-0.06230296466389082,0.09388210611481328,0.03850065797338316,False,False,False,False
2D,entry_btc_adx_prev>24.8 ∧ entry_rsi≤60.1,113.33333333333333,-0.06484125,-0.046240248,-0.41926184,-0.13735229,0.07030118,3,8,-0.03167536,105,33,0.13726339122449432,0.0776147974883247,20,0.1182206824206748,0.0815629503762349,0.059648593736169625,False,False,False,False
2D,entry_ema_gap_5_8>0.0879 ∧ entry_pos_di>26.2,113.33333333333333,-0.06362851,-0.046679363,-0.41828406,-0.009599194,-0.024085365,4,8,-0.028949153,116,22,-0.020332195736766357,0.1333342224105626,17,-0.3083969489176677,-0.08165774037608338,-0.15366641814732895,False,False,True,False
2D,entry_dist_from_ema13_pct>0.341 ∧ entry_pair_rank≤30,109.33333333333333,-0.036888644,-0.056115814,0.4173434,-0.013071746,0.047351338,4,8,-0.015414253,119,21,0.03994148135222556,0.11440870725034709,21,0.014042436417092602,-0.19264293031152485,-0.07446722589812152,False,False,False,False
2D,entry_adx_delta≤0.241 ∧ entry_adx_prev>22.1,116.66666666666667,-0.038033694,-0.056139745,0.41718206,0.04936275,-0.0047743917,5,8,-0.02052297,115,26,-0.07794624261822973,0.1635146637178106,21,-0.32731285495624635,-0.15215907233132414,-0.24146090633604034,False,False,False,False
2D,entry_btc_ema20_slope>0.0586 ∧ entry_pos_di≤26.2,108.66666666666667,-0.06627944,-0.04602153,-0.41679123,0.098625116,-0.15571956,6,9,-0.051058315,88,19,0.039165116764643015,0.11266606407330589,13,-0.06570138593143196,-0.04311753157000118,-0.07350094730866287,False,False,True,False
2D,entry_ema_gap_8_13>0.132 ∧ entry_gap>0.354,192.33333333333334,-0.042331774,-0.058461796,0.41630656,-0.025697624,0.051973384,5,8,-0.013322454,146,40,0.16376563187940707,0.051228551374937266,23,-0.14774294694708984,0.2579426497332372,0.11253708050446981,False,False,True,False
2D,entry_adx_delta>0.241 ∧ entry_gap≤0.354,97.0,-0.037053294,-0.05534727,0.41573486,-0.07182617,0.095394745,3,8,-0.02919991,101,25,0.26520391946814104,0.03928628402069359,18,0.27794917149572046,0.1394228671118668,0.22591763544744745,False,False,True,False
2D,entry_btc_rsi_1h_prev≤54.1 ∧ entry_ema20_slope>0.146,110.66666666666667,-0.06374378,-0.046782132,-0.41558987,-0.02262184,-0.011091027,4,8,-0.0070001297,105,19,0.24814885248315613,0.06109864876614029,13,-0.030455006887189856,0.33050154577575985,0.18705020371701583,False,False,False,False
2D,entry_btc_rsi_prev>62 ∧ entry_range_position≤81.7,113.66666666666667,-0.0648841,-0.046204843,-0.41551003,0.044275425,-0.06773159,4,9,-0.04784555,115,30,0.1889358161676618,0.05683863132034725,22,-0.24417814061440302,0.37875161975233973,0.13209718484731456,False,False,False,False
2D,entry_btc_rsi≤62.8 ∧ entry_gap>0.354,104.66666666666667,-0.036852792,-0.05584854,0.41449997,-0.03363253,0.06682591,6,8,-0.015382241,112,22,0.03713527457555833,0.11624929880419577,16,0.13829070565350152,-0.23390661778468347,-0.07911402422863743,False,False,False,False
2D,entry_ema_gap_5_8≤0.0879 ∧ entry_ema_gap_8_13>0.132,38.0,-0.079990864,-0.048366226,-0.41445777,-0.19733061,0.08550741,2,6,-0.03886668,58,8,0.07387000694468551,0.10032345564335551,6,-0.032320575138981594,-0.014438927118819906,-0.02645344869867,False,False,True,False
2D,entry_btc_ema20_slope≤0.0586 ∧ entry_quality_score≤4,174.66666666666666,-0.06067031,-0.044601824,-0.4125433,-0.15204194,0.10043332,5,9,-0.029033592,144,47,0.18920342773878493,0.010752307111222034,28,0.26354286653061104,0.1163704200123778,0.1784511206275629,False,False,False,False
2D,entry_btc_atr_pct>0.146 ∧ entry_ema_gap_5_8>0.0879,117.66666666666667,-0.06446325,-0.046123203,-0.41247892,-0.10581446,0.07726336,3,8,-0.025462173,96,17,0.2838575057668881,0.058149956381464196,11,-0.07903986611797079,0.4180362090806319,0.22570754938542392,False,False,False,False
2D,entry_btc_dist_from_ema13_pct>0.152 ∧ entry_ema20_slope>0.146,104.33333333333333,-0.03745964,-0.05563225,0.40490448,0.007813014,0.027120609,5,8,-0.013176817,101,25,0.053397145322068046,0.11386613407212773,18,-0.07573888061458253,-0.07368339481347089,-0.06046898875005968,False,False,False,False
2D,entry_ema20_slope>0.146 ∧ entry_ema50_slope>0.226,132.66666666666666,-0.03977412,-0.05633998,0.40285984,0.022641221,0.013663672,4,7,-0.013602499,118,30,0.07768122834804878,0.10740889851108039,22,-0.15150149372757496,0.03505653025413235,-0.029727670163031614,False,False,False,False
2D,entry_btc_1h_slope>0.0639 ∧ entry_bull_pct>71.1,92.66666666666667,-0.06522518,-0.047285736,-0.40251595,-0.027946554,-0.00864239,3,8,-0.03045103,75,32,0.04239996192851968,0.12597852141343968,18,-0.00930312447452844,-0.08019185574016444,-0.08357855948492,False,False,True,False
2D,entry_dist_from_ema13_pct>0.341 ∧ entry_ema_gap_5_8>0.0879,156.33333333333334,-0.06126238,-0.04535007,-0.40147164,-0.035552494,-0.0014256984,4,8,-0.005269494,134,30,0.16070825653343596,0.06966934024499534,20,-0.11855622564573001,0.20993574105745644,0.09103891628844062,False,False,False,False
2D,entry_bear_pct>20 ∧ entry_price_vs_ema5_pct>0.118,94.66666666666667,-0.03535918,-0.055702116,0.40110946,0.030754512,0.0003717728,5,9,-0.024319064,104,15,-0.07308191553735063,0.12982287512633367,12,-0.017835973646023295,-0.2304437393208058,-0.2029047906636843,False,False,False,False
2D,entry_atr_pct≤0.455 ∧ entry_global_volume_ratio≤0.823,108.66666666666667,-0.06364029,-0.046924323,-0.3995968,-0.081418544,0.043820053,5,9,-0.008460052,109,26,0.04134319845042018,0.11920715703516922,21,0.2958669587027053,-0.3097211613499754,-0.07786395858474904,False,False,True,False
2D,entry_ema20_slope>0.146 ∧ entry_pair_ema20_ema50_gap_pct>0.339,136.0,-0.039991874,-0.056428157,0.39865687,-0.007561013,0.037458718,4,7,-0.021018475,118,28,0.0016335406314309203,0.1378483090366574,22,-0.12178534878378794,-0.1439920471500644,-0.13621476840522648,False,False,False,False
2D,entry_btc_ema20_slope>0.0586 ∧ entry_rsi_prev>57.8,109.33333333333333,-0.038684722,-0.05549635,0.39860865,0.10179915,-0.064402185,3,8,-0.028244335,92,26,0.02250682059771688,0.12620352595188758,17,-0.4289561472167774,0.10645055622805658,-0.10369670535417069,False,False,False,False
2D,entry_btc_atr_pct≤0.146 ∧ entry_ema50_slope>0.226,117.0,-0.039329115,-0.055669278,0.3985781,-0.051897444,0.06675196,5,8,-0.032884195,92,32,0.092150522318641,0.10110324121837902,19,-0.23061573458073975,0.14918720742244918,-0.008952718899738019,False,False,False,False
2D,entry_ema20_slope>0.146 ∧ entry_pair_rank>30,105.66666666666667,-0.063674495,-0.047069438,-0.39709637,0.005239036,-0.038082603,4,8,-0.012369122,110,21,0.17101604808441356,0.07770782856533447,16,-0.06906529474861092,0.19391245642425473,0.0933082195190791,False,False,False,False
2D,entry_atr_pct>0.455 ∧ entry_bear_pct>20,101.33333333333333,-0.066403076,-0.046440084,-0.39520732,-0.01894572,-0.024211206,5,8,-0.022360511,104,22,0.21871629873068388,0.062265751082401705,19,-0.025391183915325244,0.27362001935101743,0.15645054764828217,False,False,False,False
2D,entry_btc_dist_from_ema13_pct≤0.152 ∧ entry_neg_di>15.8,99.66666666666667,-0.06499629,-0.04697115,-0.39338884,-0.13409954,0.06757012,4,8,-0.008063827,98,21,0.03862926594083717,0.11477612756553583,15,0.4606521352391044,-0.21405114776401465,-0.07614686162469866,False,False,True,False
2D,entry_gap>0.354 ∧ entry_pos_di>26.2,110.33333333333333,-0.039121058,-0.0553972,0.39306602,-0.022324841,0.04960065,4,7,-0.03173629,108,24,-0.036447196356699206,0.1429744008990771,16,-0.3197590048416452,-0.09317777222125802,-0.1794215972557763,False,False,False,False
2D,entry_bear_pct≤20 ∧ entry_btc_atr_pct≤0.146,94.33333333333333,-0.038502716,-0.054788496,0.39198202,0.010731358,0.026298951,4,8,-0.03978665,75,26,-0.02500438298214497,0.1438505444244077,16,-0.036887181776977945,-0.19622663396080936,-0.16885492740655267,False,False,False,False
2D,entry_adx_prev≤22.1 ∧ entry_quality_score>4,36.333333333333336,-0.022298917,-0.0538761,0.3896991,0.05099712,0.010420058,3,7,-0.048651874,51,5,0.3518781867819295,0.08417618921168267,5,-0.0865093441452858,,0.2677019975702468,False,False,False,False
2D,entry_btc_ema20_slope≤0.0586 ∧ entry_gap>0.354,110.33333333333333,-0.038560506,-0.055592924,0.3880002,-0.120073006,0.12737599,4,8,-0.020724628,110,25,0.23691507564325293,0.04924714452241472,19,0.20703457594728794,0.15020512184589793,0.1876679311208382,False,False,True,False
2D,entry_btc_dist_from_ema13_pct>0.152 ∧ entry_btc_rsi_prev≤62,92.0,-0.036509763,-0.055223245,0.3879773,-0.048380136,0.08422168,4,8,-0.03687639,85,19,0.20762130475293683,0.0710989527515191,13,0.28312075604005527,-0.025089450876333734,0.1365223520014177,False,False,True,False
2D,entry_dist_from_ema13_pct>0.341 ∧ entry_pair_volume_ratio>0.763,98.0,-0.03787599,-0.055157434,0.38786778,0.031204103,0.0022247732,5,8,-0.023246393,113,19,-0.06811949835634634,0.13913889118108247,14,-0.10643299706406942,-0.25530101311958725,-0.2072583895374288,False,False,False,False
2D,entry_adx_delta>0.241 ∧ entry_ema_gap_5_8≤0.0879,86.0,-0.03774426,-0.054581393,0.3866688,-0.06339114,0.084235944,5,8,-0.022016715,92,28,0.2612416440958787,0.030950854668943643,20,0.2756059950211181,0.15871900440939662,0.23029078942693504,False,False,True,False
2D,entry_adx≤22 ∧ entry_ema20_slope>0.146,109.0,-0.038167797,-0.05565624,0.38581428,0.051586155,-0.01869294,4,8,-0.029493779,113,24,0.1173215424534757,0.09171815462901882,20,-0.051569782909590495,0.08373638922519802,0.025603387824456883,False,False,True,False
2D,entry_btc_rsi_prev6>58.3 ∧ entry_ema_gap_8_13>0.132,106.33333333333333,-0.06368906,-0.047030006,-0.38400915,-0.08776273,0.043706417,4,8,-0.012993094,100,22,0.022301309123940308,0.12065939664116328,15,-0.2279929166732674,-0.030268860131566336,-0.09835808751722297,False,False,True,False
2D,entry_btc_trend_gap_pct>0.0932 ∧ entry_gap≤0.354,109.0,-0.038756024,-0.0554542,0.38359442,0.011210848,0.020950727,3,7,-0.012654055,99,35,0.10528799403840483,0.09400564525948524,19,-0.02169768819161136,0.09181976720034538,0.011282348778919593,False,False,True,False
2D,entry_btc_adx_prev>24.8 ∧ entry_pair_volume_ratio>0.763,127.33333333333333,-0.04055763,-0.05571082,0.38225558,0.04248161,0.002007313,4,8,-0.025100395,110,30,0.18750918023854934,0.057487102197216526,16,0.05298396227789609,0.17864350694700243,0.1300220780413328,False,False,True,False
1D,entry_range_position >T2 85.6,141.0,-0.061341897,-0.046165876,-0.38174906,-0.0417746,0.007868014,5,8,-0.024835851,125,29,0.2183092436996747,0.04609635947585381,19,0.2062614467307202,0.07485802921619004,0.1722128842238209,False,False,False,False
2D,entry_adx>22 ∧ entry_btc_1h_slope≤0.0639,96.33333333333333,-0.038343195,-0.054933768,0.38139817,0.05269682,-0.008654516,4,8,-0.03068047,82,15,0.02452107415211353,0.11174824740606255,12,-0.1407564248917234,-0.05356732151199062,-0.08722717325394902,False,False,False,False
2D,entry_adx_prev≤22.1 ∧ entry_ema20_slope>0.146,109.0,-0.038434345,-0.055564687,0.38011795,0.06670259,-0.03491313,6,8,-0.03278125,112,23,0.12328788769351601,0.0901890785646836,19,-0.17266179649127422,0.1684443004166084,0.03309880912883241,False,False,True,False
2D,entry_btc_rsi_prev>62 ∧ entry_range_position>81.7,98.66666666666667,-0.0633508,-0.047521647,-0.37982494,0.022345986,-0.05014669,3,7,-0.0382219,95,22,-0.07466405371456902,0.14948693694450388,16,-0.16965125544485798,-0.24152955898006412,-0.2241509906590729,False,False,True,False
2D,entry_btc_1h_slope≤0.0639 ∧ entry_ema50_slope>0.226,91.33333333333333,-0.0639475,-0.047705475,-0.37921095,0.05571432,-0.055835735,3,8,-0.019405695,87,18,0.15150078546021953,0.08580012838318997,12,-0.2621109488107338,0.2789720560285769,0.06570065707702956,False,False,False,False
2D,entry_btc_dist_from_ema13_pct≤0.152 ∧ entry_btc_rsi_prev≤62,122.0,-0.039649196,-0.055809423,0.37815478,-0.017270446,0.04507774,6,9,-0.0002734065,108,25,0.057966162342305394,0.11225732526218499,19,0.19241533199996858,-0.14801253115498006,-0.05429116291987959,False,False,False,False
2D,entry_ema50_slope>0.226 ∧ entry_ema5_stretch>0.118,111.33333333333333,-0.038986847,-0.055496305,0.3757655,0.059529867,-0.01812657,5,9,-0.03407638,115,26,0.01961634868961041,0.12727712980347,20,-0.040626973635565417,-0.08175285633578537,-0.1076607811138596,False,False,False,False
2D,entry_dist_from_ema13_pct≤0.341 ∧ entry_ema20_slope≤0.146,146.66666666666666,-0.041438106,-0.056296602,0.37542385,0.09561101,-0.0547216,4,9,-0.026740137,124,37,0.13166273947683071,0.07708309816152599,24,0.07851481098154417,0.03266300084278225,0.054579641315304725,False,False,True,False
2D,entry_dist_from_ema13_pct>0.341 ∧ entry_pair_ema20_ema50_gap_pct>0.339,112.33333333333333,-0.06340254,-0.046814185,-0.37535942,-0.022963341,-0.012192123,5,7,-0.022137286,115,21,0.019593059558597498,0.12010626535256295,20,-0.0575396624924866,-0.09562365246660408,-0.10051320579396546,False,False,True,False
2D,entry_atr_pct≤0.455 ∧ entry_pos_di≤26.2,84.33333333333333,-0.06558553,-0.04763399,-0.37507653,0.028858747,-0.05496287,5,9,-0.01289897,85,20,0.26039999842844647,0.055413476100050534,15,0.13948533426227533,0.22840265267624302,0.20498652232839593,False,False,False,False
2D,entry_bear_pct>20 ∧ entry_btc_rsi_prev6≤58.3,105.66666666666667,-0.037548553,-0.055678513,0.37338826,0.051597025,-0.012417216,4,8,-0.002090294,104,21,0.19595390951112035,0.07072522736585657,18,-0.2950019280813853,0.3956187098570408,0.12522868214526378,False,False,True,False
2D,entry_btc_ema20_slope≤0.0586 ∧ entry_ema50_slope≤0.226,97.66666666666667,-0.03794663,-0.055118922,0.37313136,-0.083621025,0.10682651,4,9,-0.035161555,95,25,0.13309846610299936,0.08580228872672938,19,0.18719543500114622,-0.11414127435522667,0.04729617737626998,False,False,True,False
2D,entry_bear_pct≤20 ∧ entry_pair_ema20_ema50_gap_pct>0.339,105.33333333333333,-0.039442647,-0.055038147,0.37201646,0.06357725,-0.018723648,5,7,-0.019880116,95,23,-0.07227006267474233,0.1518032273108472,18,0.0657631540253662,-0.2937591424795349,-0.2240732899855895,False,False,False,False
2D,entry_ema_gap_5_8≤0.0879 ∧ entry_pos_di>26.2,99.66666666666667,-0.038731385,-0.054984625,0.37159455,-0.11235422,0.11038307,5,9,-0.025184084,93,29,0.02565446111862166,0.12948425044377226,19,0.10726690515785842,-0.14711166984828739,-0.1038297893251506,False,False,False,False
2D,entry_pos_di≤26.2 ∧ entry_price_vs_ema5_pct>0.118,128.0,-0.040019307,-0.05597564,0.37145096,0.09048527,-0.056712084,5,8,0.0016116574,123,27,0.13927116961930924,0.08201597931089016,19,0.24160747187385903,-0.04239418869333628,0.05725519030841908,False,False,True,False
2D,entry_btc_adx≤24.9 ∧ entry_global_volume_ratio≤0.823,119.66666666666667,-0.039099164,-0.0559011,0.3708136,-0.06723301,0.10535003,6,8,-0.017349899,100,20,0.18987493293759655,0.0739727038608005,13,0.25810135805445,0.125164260168951,0.11590222907679605,False,False,True,False
2D,entry_btc_atr_pct≤0.146 ∧ entry_btc_rsi_prev6≤58.3,95.0,-0.06428096,-0.047430128,-0.3707433,0.006680969,-0.03321931,4,8,-0.0073785298,89,24,0.022194570542365562,0.12342714526605553,17,-0.08723196130301522,-0.09953502039089407,-0.10123257472368996,False,False,True,False
2D,entry_adx_delta>0.241 ∧ entry_adx_prev≤22.1,116.66666666666667,-0.03936823,-0.05563696,0.36923346,0.0033641346,0.025799029,3,8,-0.017667647,124,31,0.16179500727128915,0.06775044502712009,23,-0.07300709607666547,0.18455428196450513,0.09404456224416906,False,False,True,False
2D,entry_adx_delta≤0.241 ∧ entry_rsi≤60.1,138.0,-0.04046711,-0.056314725,0.36882064,-0.046562303,0.06830017,4,9,-0.0006070547,129,34,-0.06362802913058611,0.18681898617117254,23,0.05050421443975267,-0.3172212956554529,-0.25044701530175867,False,False,False,False
2D,entry_btc_rsi_1h_prev>54.1 ∧ entry_rsi_prev≤57.8,94.66666666666667,-0.06602121,-0.046950344,-0.36848062,-0.15171449,0.119251266,3,8,-0.042591028,80,30,0.16270073350280806,0.06876366889528072,17,0.14049063543083237,0.12244360701909672,0.09393706460752733,False,False,False,False
2D,entry_adx>22 ∧ entry_neg_di≤15.8,129.33333333333334,-0.04074992,-0.05572912,0.36762598,-0.0018166937,0.029208083,5,7,-0.01228812,120,24,0.09051671696046375,0.10065309646002278,17,-0.20174022382610912,0.025584535805694236,-0.010136379499559034,False,False,False,False
2D,entry_btc_rsi_prev6≤58.3 ∧ entry_pos_di>26.2,87.33333333333333,-0.06479336,-0.04767921,-0.3668665,-0.052349262,0.013279185,5,9,-0.028215444,92,18,-0.15823056108493797,0.157276592970534,14,-0.3613356304856543,-0.26554709854791103,-0.31550715405547197,False,False,True,False
2D,entry_range_position>81.7 ∧ entry_rsi>60.1,152.0,-0.04206376,-0.056238808,0.36532688,0.093302414,-0.057887472,3,8,-0.05327424,125,33,0.17211572085475563,0.059358815301045,22,0.10675555026365252,0.06412964455100048,0.11275690555371062,False,False,True,False
1D,entry_btc_rsi_prev ≤T1 59.9,142.66666666666666,-0.041228518,-0.05619249,0.36510408,-0.13296588,0.13923201,4,8,-0.038476124,123,35,0.04550751913499396,0.12830591774504885,21,0.25118423340397145,-0.33487750496839364,-0.08279839861005489,False,False,False,False
1D,entry_rsi >T2 61.6,142.0,-0.060651574,-0.04645726,-0.3649593,0.081710055,-0.10523481,5,8,-0.009181514,128,29,-0.03469111565869716,0.15560397770559684,19,-0.3088155324568659,-0.17565805995016753,-0.190295093364294,False,False,True,False
2D,entry_btc_ema20_slope>0.0586 ∧ entry_btc_rsi≤62.8,55.333333333333336,-0.071975686,-0.048084147,-0.36377674,0.06160167,-0.1716495,5,7,-0.004727252,58,10,-0.017095499901213153,0.1115160366416849,8,0.21193009769524448,-0.5065328689485263,-0.12861153654289806,False,False,True,False
2D,entry_btc_rsi_prev>62 ∧ entry_price_vs_ema5_pct≤0.118,121.33333333333333,-0.040482298,-0.05544269,0.36318138,0.025505936,0.009903967,2,9,-0.038972072,106,28,0.20665819419394835,0.053426392863856136,18,-0.1396311670108498,0.3367984659447638,0.1532318013300922,False,False,True,False
2D,entry_btc_rsi_prev>62 ∧ entry_ema5_stretch≤0.118,121.33333333333333,-0.040482298,-0.05544269,0.36318138,0.025505936,0.009903967,2,9,-0.038972072,106,28,0.20665819419394835,0.053426392863856136,18,-0.1396311670108498,0.3367984659447638,0.1532318013300922,False,False,True,False
2D,entry_btc_adx≤24.9 ∧ entry_btc_rsi_1h≤57.2,120.33333333333333,-0.061937127,-0.046956763,-0.36130002,-0.06293063,0.025587607,3,7,-0.055973586,92,14,-0.020422623527567012,0.11835781562876475,11,0.06562300181356528,-0.23919459921688516,-0.13878043915633176,False,False,True,False
2D,entry_btc_ema20_slope>0.0586 ∧ entry_btc_rsi>62.8,157.66666666666666,-0.06009868,-0.04595402,-0.3611741,0.07755571,-0.09278384,5,9,-0.017704122,109,34,0.04612240194522386,0.12663326590379287,18,-0.48459173089905155,0.18671441558299257,-0.08051086395856902,False,False,True,False
2D,entry_btc_trend_gap_pct>0.0932 ∧ entry_ema5_stretch>0.118,84.66666666666667,-0.036084298,-0.054927025,0.36084187,0.045311067,-0.02546743,4,8,-0.0061350428,79,22,0.006230843212470719,0.12543710272295153,15,-0.20487410180133103,-0.030836776892636517,-0.1192062595104808,False,False,False,False
2D,entry_btc_trend_gap_pct>0.0932 ∧ entry_price_vs_ema5_pct>0.118,84.66666666666667,-0.036084298,-0.054927025,0.36084187,0.045311067,-0.02546743,4,8,-0.0061350428,79,22,0.006230843212470719,0.12543710272295153,15,-0.20487410180133103,-0.030836776892636517,-0.1192062595104808,False,False,False,False
2D,entry_bear_pct>20 ∧ entry_pair_volume_ratio≤0.763,96.66666666666667,-0.03734241,-0.055244,0.35824865,-0.113384366,0.14554209,3,7,-0.07127146,99,24,0.08067898577418828,0.10393234018878127,16,-0.15309653132306295,0.055869902080418705,-0.02325335441459299,False,False,False,False
2D,entry_bear_pct≤20 ∧ entry_ema50_slope>0.226,104.66666666666667,-0.062306657,-0.047566134,-0.35764354,0.048122674,-0.05773301,3,7,-0.025710851,92,26,-0.08829005777840872,0.1673566522058771,20,-0.05687539335202446,-0.3186055229739837,-0.2556467099842858,False,False,True,False
2D,entry_ema50_slope>0.226 ∧ entry_price_vs_ema5_pct≤0.118,102.0,-0.03933937,-0.054910343,0.35707855,0.0091139935,0.023131706,3,7,-0.020613927,103,22,0.20205731144789285,0.0672184229772855,14,-0.2007258092248828,0.3566814040819266,0.13483888847060735,False,False,True,False
2D,entry_btc_ema20_slope≤0.0586 ∧ entry_ema50_slope>0.226,115.66666666666667,-0.04026689,-0.055250004,0.3568885,-0.06891105,0.07847285,4,7,-0.0061696507,108,27,0.17387984564712242,0.06847345390870238,21,0.2215294183924564,0.07378616476032909,0.10540639173842004,False,False,True,False
2D,entry_adx_prev>22.1 ∧ entry_ema20_slope≤0.146,109.66666666666667,-0.03995749,-0.05507326,0.35669652,0.09859366,-0.05175522,3,8,-0.030559374,102,19,0.19170912609359778,0.07502533449862872,15,-0.08299670704459897,0.2564941007111801,0.11668379159496906,False,False,True,False
2D,entry_quality_score≤4 ∧ entry_rsi≤60.1,142.66666666666666,-0.061351456,-0.046071906,-0.35662147,-0.2078005,0.15177816,4,8,-0.06838175,129,43,0.06272982574706946,0.1268309744348827,26,0.07583592201029432,-0.10279930305698676,-0.06410114868781323,False,False,True,False
2D,entry_btc_atr_pct>0.146 ∧ entry_btc_ema20_slope≤0.0586,69.66666666666667,-0.067254804,-0.048046134,-0.3556476,-0.17226239,0.10820329,4,8,-0.048105434,70,18,0.132257369511443,0.09024091667906148,13,-0.047545996460923556,0.08597676728711535,0.042016452832381534,False,False,False,False
2D,entry_bull_pct>71.1 ∧ entry_rsi≤60.1,99.33333333333333,-0.06376685,-0.047362987,-0.35516036,-0.112609625,0.062162556,4,9,-0.025090959,106,28,0.011640127723089172,0.1337279496459746,18,0.1099213475842285,-0.1315266533273528,-0.12208782192288542,False,False,True,False
2D,entry_btc_atr_pct>0.146 ∧ entry_btc_dist_from_ema13_pct>0.152,160.33333333333334,-0.060231756,-0.045732006,-0.35451913,0.042252358,-0.075698,5,8,-0.0033466741,96,23,0.2338631107907422,0.0553503096436397,14,0.06874958434482506,0.23868736029900844,0.1785128011471025,False,False,False,False
2D,entry_adx≤22 ∧ entry_adx_delta>0.241,107.33333333333333,-0.039273433,-0.055192865,0.35448888,0.008383032,0.019926988,4,8,-0.016870618,117,28,0.17785191706196443,0.06528780109467304,21,-0.013683048399741549,0.1840066283776603,0.11256411596729139,False,False,True,False
2D,entry_btc_adx_prev≤24.8 ∧ entry_ema_gap_5_8>0.0879,113.33333333333333,-0.03969454,-0.05534555,0.3539225,-0.043839525,0.07921394,4,8,-0.006715346,105,18,0.2936518984817209,0.052996025378228104,13,-0.0822753904920921,0.47993488066919365,0.2406558731034928,False,False,True,False
1D,entry_rsi >med 60.1,213.0,-0.057953347,-0.04442723,-0.3519798,0.15267375,-0.15987477,5,9,-0.018000994,150,41,0.13729716277949408,0.06891346324024568,26,-0.11455213421980215,0.12014389959047062,0.0683836995392484,False,False,False,False
1D,entry_rsi ≤med 60.1,213.33333333333334,-0.04442723,-0.057953347,0.35197866,-0.15267375,0.15987477,5,9,-0.018000994,151,55,0.06891346324024568,0.13729716277949408,31,0.11455213421980215,-0.12014389959047062,-0.0683836995392484,False,False,False,False
2D,entry_pair_rank≤30 ∧ entry_rsi>60.1,109.0,-0.06224853,-0.047384813,-0.35161805,0.105241716,-0.10874314,6,9,-0.023635661,116,26,0.029857683354811777,0.12347320549925236,23,-0.08996959054578979,-0.23016460661927157,-0.09361552214444059,False,False,True,False
2D,entry_pos_di≤26.2 ∧ entry_price_vs_ema5_pct≤0.118,85.33333333333333,-0.06595243,-0.047489535,-0.35117036,-0.001132559,-0.03534303,4,9,-0.027815476,99,18,0.2979128614566806,0.05201272623016047,15,-0.006897530781682648,0.4219309949338091,0.24590013522652016,False,False,False,False
2D,entry_atr_pct≤0.455 ∧ entry_pair_ema20_ema50_gap_pct>0.339,83.33333333333333,-0.038699474,-0.05421841,0.34959912,0.05766538,-0.017257161,5,7,-0.0100503005,91,20,-0.0100506258498754,0.1265846930153984,13,-0.246430307961944,-0.04454120631708042,-0.1366353188652738,False,False,False,False
2D,entry_gap≤0.354 ∧ entry_pair_volume_ratio>0.763,106.66666666666667,-0.040316273,-0.054811686,0.34892184,0.097824246,-0.046435732,3,9,-0.030875035,104,28,0.1391241605356869,0.08123452437019907,21,0.15063074933759368,-0.000815220551388678,0.05788963616548784,False,False,True,False
2D,entry_neg_di>15.8 ∧ entry_pos_di>26.2,119.0,-0.040803898,-0.055204578,0.34703177,-0.14104179,0.13203014,6,9,-0.051988814,108,29,-0.005357733613839675,0.14290743920856894,19,-0.12308546011464669,-0.09208964090761113,-0.14826517282240861,False,False,False,False
2D,entry_adx_delta≤0.241 ∧ entry_ema5_stretch>0.118,115.66666666666667,-0.06244336,-0.04699331,-0.3461442,0.040058218,-0.061094258,5,9,-0.022362527,108,24,-0.019114536146292032,0.13719684749560804,21,-0.02840770848884608,-0.17230824475341702,-0.15631138364190006,False,False,True,False
1D,entry_btc_ema20_slope >T2 0.0742,142.0,-0.060624626,-0.046470724,-0.34398067,0.15361035,-0.17642088,6,8,-0.022217292,92,24,0.05260312229118017,0.11329096134978396,18,-0.5024678220267492,0.24651232468478407,-0.06068783905860379,False,False,True,False
2D,entry_btc_atr_pct≤0.146 ∧ entry_btc_rsi_prev>62,116.33333333333333,-0.041106883,-0.054966997,0.34365612,0.041756045,0.002142962,4,8,-0.030923298,97,36,0.039573841096921816,0.13324609787805974,20,-0.2909548408871324,-0.01790586876630361,-0.09367225678113793,False,False,False,False
2D,entry_btc_rsi_prev≤62 ∧ entry_ema5_stretch>0.118,122.0,-0.040620673,-0.055419985,0.34268165,-0.053185537,0.07523889,4,9,-0.03188127,122,24,0.15096723356340228,0.08050292425904329,18,0.36826620513268704,-0.10295290942977225,0.07046430930435899,False,False,True,False
2D,entry_price_vs_ema5_pct≤0.118 ∧ entry_rsi_prev≤57.8,75.66666666666667,-0.06673162,-0.047830362,-0.34253335,-0.14006086,0.078545645,3,8,-0.017975174,88,18,0.2264788100303337,0.06849750732854824,14,0.5092358584036567,0.11428998194537163,0.15798130270178545,False,False,False,False
2D,entry_adx≤22 ∧ entry_ema5_stretch≤0.118,74.33333333333333,-0.065805405,-0.04809755,-0.3424058,-0.012916561,-0.023004327,6,9,-0.0062245205,86,17,0.22373129253059656,0.07108850859686872,14,-0.09231511114909036,0.3250882278178763,0.15264278393372785,False,False,False,False
2D,entry_atr_pct>0.455 ∧ entry_pos_di≤26.2,129.0,-0.040460195,-0.05583803,0.34192938,0.06745921,-0.040573176,4,8,-0.007812563,123,25,0.1565901246949069,0.07753057795493094,17,0.10515772981502666,0.05959480281075465,0.07905954673997596,False,False,True,False
2D,entry_btc_ema20_slope≤0.0586 ∧ entry_gap≤0.354,103.0,-0.03989465,-0.05478161,0.34165874,-0.030159041,0.05190853,4,9,-0.0020320676,106,27,0.07775335533207285,0.1060881675102435,20,0.19548173165872942,-0.15232849630910156,-0.028334812178170646,False,False,False,False
2D,entry_btc_adx_prev≤24.8 ∧ entry_gap≤0.354,91.33333333333333,-0.03861972,-0.05461076,0.34155664,0.08669704,-0.06534368,3,9,-0.026907574,95,21,-0.1811187734909968,0.17630557860644938,17,-0.10917740575068713,-0.6115812688210921,-0.35742435209744616,False,False,False,False
2D,entry_btc_atr_pct>0.146 ∧ entry_btc_rsi_prev≤62,117.0,-0.062509105,-0.046901852,-0.3415504,-0.06389196,0.030125208,3,8,-0.025583442,90,22,0.14794699625524277,0.08330527343996524,13,0.07580530437229377,-0.003206480774349409,0.06464172281527752,False,False,False,False
2D,entry_price_vs_ema5_pct≤0.118 ∧ entry_quality_score≤4,162.33333333333334,-0.059369702,-0.04615224,-0.34014225,-0.029445408,0.0011734068,6,9,-0.019602846,127,42,0.12784644317595678,0.07499765812560344,26,0.03300445678017336,-0.005804623310611653,0.05284878505035334,False,False,False,False
2D,entry_ema50_slope≤0.226 ∧ entry_ema_gap_5_8>0.0879,108.66666666666667,-0.03982144,-0.055072214,0.3398552,-0.05043503,0.08095798,5,9,-0.028460868,103,18,0.08966964198887256,0.10006885379965462,11,-0.1340985448232395,0.05940172051781819,-0.010399211810782058,False,False,False,False
2D,entry_adx_prev>22.1 ∧ entry_btc_1h_slope≤0.0639,99.33333333333333,-0.040022273,-0.05457592,0.33971277,0.07719166,-0.026259918,4,8,-0.043145224,81,15,0.024331420615379785,0.11178336843138365,12,-0.15067359705732053,-0.07151267261565053,-0.08745194781600386,False,False,False,False
2D,entry_atr_pct>0.455 ∧ entry_quality_score≤4,150.66666666666666,-0.060470108,-0.046110194,-0.33835062,-0.08241162,0.04677298,4,8,-0.013387255,135,39,0.15964376824071094,0.05602310861026394,22,-0.11880022929504769,0.26601397907334295,0.103620659630447,False,False,False,False
2D,entry_adx≤22 ∧ entry_rsi_prev>57.8,88.0,-0.039296433,-0.054277197,0.33831376,0.14075884,-0.09905185,4,8,-0.035446003,101,21,0.013594060110812408,0.12178598519794277,18,-0.08958733861750204,-0.20530714035657036,-0.10819192508713037,False,False,False,False
2D,entry_atr_pct>0.455 ∧ entry_neg_di>15.8,106.33333333333333,-0.06335463,-0.047141135,-0.33740512,-0.10304076,0.055482082,5,8,-0.009211637,105,22,0.07188015058015312,0.10591974107309998,17,0.36944193936496444,-0.06491113438037906,-0.03403959049294686,False,False,True,False
2D,entry_bear_pct>20 ∧ entry_ema_gap_5_8>0.0879,100.33333333333333,-0.039018515,-0.054929487,0.33491853,-0.043877874,0.07713493,5,7,-0.027017448,107,17,0.4929815077758303,0.013148588860552587,12,-0.11150041784465262,0.8804494480190505,0.4798329189152777,False,False,True,False
2D,entry_pair_ema20_ema50_gap_pct≤0.339 ∧ entry_pos_di≤26.2,115.0,-0.03995944,-0.05533148,0.3348758,0.049219597,-0.021146454,7,9,0.004073236,103,28,0.23589563391935092,0.0413874470945727,20,0.23775235366030942,0.14610009716777453,0.19450818682477822,False,False,True,False
2D,entry_btc_dist_from_ema13_pct≤0.152 ∧ entry_ema_gap_5_8>0.0879,101.33333333333333,-0.06223023,-0.047741156,-0.33326602,-0.01291642,-0.01507115,4,8,-0.015471194,102,21,0.15355406586708828,0.08259718358618556,13,-0.0965425882889211,0.1830686255956153,0.07095688228090272,False,False,False,False
2D,entry_adx_delta>0.241 ∧ entry_btc_rsi_prev6>58.3,115.33333333333333,-0.041059583,-0.054939974,0.3331636,0.021815706,0.0061996654,3,8,-0.014864907,105,26,0.20299962132987392,0.05916334282280068,19,0.1296380537611967,0.07557159146005113,0.14383627850707326,False,False,True,False
1D,entry_range_position >med 81.7,212.0,-0.057613462,-0.044826526,-0.3328821,-0.0029985718,-0.022609152,5,9,-0.019168613,146,47,0.10650086483275693,0.09007925520475903,27,0.09593783555960933,-0.07416464008740309,0.016421609627997907,False,False,False,False
1D,entry_range_position ≤med 81.7,214.33333333333334,-0.044826526,-0.057613462,0.33288145,0.0029985718,0.022609152,5,9,-0.019168613,154,49,0.09007925520475903,0.10650086483275693,30,-0.09593783555960933,0.07416464008740309,-0.016421609627997907,False,False,False,False
2D,entry_btc_rsi_prev6>58.3 ∧ entry_neg_di>15.8,102.0,-0.040746097,-0.054467946,0.3318697,-0.11917195,0.10689833,5,8,-0.016492102,100,27,0.04758259426900272,0.11789411749144485,19,0.2976923998056566,-0.2051039629210719,-0.07031152322244213,False,False,False,False
2D,entry_adx_prev≤22.1 ∧ entry_dist_from_ema13_pct≤0.341,80.66666666666667,-0.038287435,-0.05419485,0.32946065,0.06145917,-0.022618715,4,8,-0.009182043,101,24,0.001946438554454329,0.13017652259535925,20,-0.0056283561817811745,-0.2986833897247859,-0.1282300840409049,False,False,False,False
2D,entry_btc_rsi_prev>62 ∧ entry_ema_gap_5_8≤0.0879,106.66666666666667,-0.061974008,-0.04758491,-0.3285979,-0.020841457,-0.00701534,4,9,-0.040092953,105,29,0.13983937697576496,0.08006092865485952,18,0.004982560255716972,0.10329247471136095,0.05977844832090544,False,False,False,False
2D,entry_bull_pct≤71.1 ∧ entry_ema_gap_5_8>0.0879,102.66666666666667,-0.039341796,-0.05494165,0.3275237,-0.05292964,0.08573416,5,7,-0.015458092,106,18,0.4698746887457308,0.012329227624995059,13,-0.10320883731189012,0.8627739730605867,0.45754546112073574,False,False,True,False
2D,entry_pair_rank>30 ∧ entry_pair_volume_ratio>0.763,103.66666666666667,-0.040778544,-0.054528393,0.32718593,0.1201205,-0.07721153,6,8,-0.0045146346,102,25,-0.01706777912930162,0.13867772718880716,18,-0.24791201627296808,-0.06374386579314598,-0.1557455063181088,False,False,False,False
2D,entry_ema_gap_8_13≤0.132 ∧ entry_gap≤0.354,192.66666666666666,-0.05806418,-0.04551287,-0.32693633,0.054665975,-0.06944504,5,8,-0.024940802,142,48,0.08763128518561729,0.10860671798464876,29,0.1842726770886381,-0.13925984154271917,-0.020975432799031468,False,False,True,False
2D,entry_adx_prev≤22.1 ∧ entry_btc_atr_pct>0.146,131.0,-0.061163668,-0.046758797,-0.32663313,-0.029064722,-0.005576145,3,8,-0.039107278,98,27,0.1991757679628451,0.05857504952428916,17,0.20774682575792297,0.08909198896914879,0.14060071843855595,False,False,False,False
2D,entry_ema_gap_5_8>0.0879 ∧ entry_rsi>60.1,127.0,-0.060397506,-0.04727636,-0.32487127,0.14252841,-0.15831935,4,8,-0.032127853,122,25,0.1925540568050924,0.06486722157810507,17,-0.02303962323372069,0.2043659978671521,0.12768683522698734,False,False,False,False
2D,entry_bull_pct>71.1 ∧ entry_pair_ema20_ema50_gap_pct>0.339,102.66666666666667,-0.040859915,-0.054460105,0.32409889,0.05776453,-0.014275353,5,7,-0.013975803,91,27,-0.047388592050906383,0.15505675561662668,20,0.0657631540253662,-0.23678829924740769,-0.20244534766753308,False,False,False,False
2D,entry_btc_adx_prev≤24.8 ∧ entry_neg_di>15.8,115.33333333333333,-0.06122555,-0.047461495,-0.32373998,0.027978098,-0.048460957,4,8,-0.02084881,94,23,-0.06761598873048495,0.15033687524621814,17,0.02759727883616317,-0.33538586973941453,-0.2179528639767031,False,False,True,False
2D,entry_btc_dist_from_ema13_pct≤0.152 ∧ entry_ema_gap_8_13≤0.132,106.66666666666667,-0.040903356,-0.05461579,0.32365257,0.039548837,-0.0031619035,4,8,-0.008979794,104,29,0.07936441747808975,0.10623665739265922,21,0.18852803016196465,-0.15354494399691504,-0.026872239914569468,False,False,False,False
2D,entry_ema50_slope>0.226 ∧ entry_range_position≤81.7,124.0,-0.06084946,-0.047221184,-0.3235767,-0.08805462,0.04509473,4,9,-0.022604112,119,26,0.08447483041880274,0.10318683658976997,18,-0.3526149695170489,0.19370493219670865,-0.01871200617096723,False,False,True,False
2D,entry_adx_delta≤0.241 ∧ entry_rsi_prev>57.8,70.66666666666667,-0.037680894,-0.0538681,0.32298437,0.179629,-0.1176373,4,7,-0.025404513,83,19,0.07488007866380364,0.10385328126701945,17,-0.19746575501987493,0.08480141722592995,-0.028973202603215814,False,False,False,False
2D,entry_ema20_slope≤0.146 ∧ entry_price_vs_ema5_pct≤0.118,120.0,-0.041537587,-0.054964185,0.32238683,0.05213559,-0.018955335,3,9,-0.01663538,114,28,0.1501768962825205,0.07668339788620876,21,0.061268417434711425,0.043918336128931965,0.07349349839631175,False,False,True,False
2D,entry_ema20_slope≤0.146 ∧ entry_ema5_stretch≤0.118,120.0,-0.041537587,-0.054964185,0.32238683,0.05213559,-0.018955335,3,9,-0.01663538,114,28,0.1501768962825205,0.07668339788620876,21,0.061268417434711425,0.043918336128931965,0.07349349839631175,False,False,True,False
2D,entry_bull_pct≤71.1 ∧ entry_dist_from_ema13_pct>0.341,101.33333333333333,-0.038925957,-0.055007316,0.32072473,-0.037001014,0.07070461,4,8,-0.021644816,116,17,0.2631068495857179,0.06261528745842485,15,-0.16860701412329598,0.49812968827608756,0.20049156212729305,False,False,True,False
2D,entry_btc_adx_prev≤24.8 ∧ entry_btc_dist_from_ema13_pct≤0.152,89.33333333333333,-0.03899792,-0.0544156,0.32059118,-0.006929368,0.036195815,6,8,-0.0092401765,87,14,-0.11455408156519772,0.13442904017177487,11,0.034174424145798354,-0.4722008862975145,-0.2489831217369726,False,False,False,False
2D,entry_btc_dist_from_ema13_pct>0.152 ∧ entry_ema_gap_8_13>0.132,106.0,-0.04027324,-0.054795757,0.31934702,0.0010077581,0.025537886,6,8,-0.020473167,99,19,0.21114494802405756,0.0702294823339698,14,-0.13443161457041924,0.3295412438562768,0.14091546569008775,False,False,True,False
2D,entry_bear_pct≤20 ∧ entry_dist_from_ema13_pct≤0.341,102.33333333333333,-0.040626284,-0.054519907,0.31856441,0.08112885,-0.032419626,5,9,-0.03407014,98,22,0.08788834011223873,0.10116054959058807,16,0.0544024770955307,-0.03805158072852434,-0.01327220947834934,False,False,False,False
2D,entry_dist_from_ema13_pct>0.341 ∧ entry_neg_di≤15.8,102.33333333333333,-0.039897304,-0.05475015,0.31821033,0.037255663,-0.017588638,5,8,0.0014823414,114,22,0.10443523854953757,0.09624120140652624,17,-0.26086411919952457,0.18320563576315177,0.008194037143011326,False,False,True,False
2D,entry_atr_pct>0.455 ∧ entry_gap≤0.354,64.0,-0.0681285,-0.04819222,-0.3180198,0.08578473,-0.122736335,4,8,-0.036435634,83,17,0.13278927546192398,0.09065830973822862,14,0.2924693608908185,0.017509686934083248,0.04213096572369536,False,False,False,False
1D,entry_range_position ≤T1 77.2,143.33333333333334,-0.042457443,-0.05560532,0.31721058,-0.09652883,0.10220082,5,8,-0.037873343,124,35,0.16362838481495792,0.060531650551626924,22,0.08687566368366023,0.16183181625654336,0.10309673426333099,False,False,True,False
1D,entry_btc_dist_from_ema13_pct ≤med 0.152,213.66666666666666,-0.057264764,-0.045076646,-0.3170983,-0.04379525,0.017829452,4,9,-0.010036066,142,52,0.09599114430816172,0.10063374200337181,29,0.0840433435902895,-0.06908714947567438,-0.004642597695210096,False,False,True,False
1D,entry_btc_dist_from_ema13_pct >med 0.152,212.66666666666666,-0.045076646,-0.057264764,0.3170973,0.04379525,-0.017829452,4,9,-0.010036066,130,44,0.10063374200337181,0.09599114430816172,24,-0.0840433435902895,0.06908714947567438,0.004642597695210096,False,False,True,False
2D,entry_neg_di>15.8 ∧ entry_pair_volume_ratio>0.763,95.33333333333333,-0.06181527,-0.048123308,-0.31633353,-0.02125265,-0.004836511,3,9,-0.041086674,96,24,-0.012157543963805759,0.13487785010144598,18,0.08685783656735965,-0.15486243089832322,-0.14703539406525173,False,False,True,False
2D,entry_btc_atr_pct≤0.146 ∧ entry_global_volume_ratio≤0.823,100.66666666666667,-0.06176974,-0.047913156,-0.31624678,-0.01196228,-0.015557952,4,7,-0.0039216466,91,23,0.16891131344847143,0.07581457455969765,16,0.2708105179560797,-0.019548744599362296,0.09309673888877379,False,False,False,False
2D,entry_atr_pct>0.455 ∧ entry_btc_rsi_prev6≤58.3,116.33333333333333,-0.040358435,-0.055247873,0.3156883,0.06260982,-0.03839637,5,8,-0.011523388,113,26,-0.03974168409335602,0.14932439912285753,18,0.0627098004073827,-0.22164685657573613,-0.18906608321621354,False,False,False,False
2D,entry_pos_di≤26.2 ∧ entry_rsi≤60.1,116.33333333333333,-0.062116474,-0.047082767,-0.3155077,-0.01899781,-0.013816018,3,8,-0.0145199,121,27,0.12253552666139536,0.08856470916398688,19,0.17019266469956199,0.016328504352290475,0.033970817497408476,False,False,False,False
2D,entry_btc_adx≤24.9 ∧ entry_btc_dist_from_ema13_pct≤0.152,90.66666666666667,-0.039165147,-0.054431677,0.3150831,-0.019331641,0.049205966,6,8,-0.0134024955,89,17,0.08635811235053142,0.10064982585080674,13,0.06385349846233984,-0.07582082448286336,-0.014291713500275319,False,False,False,False
1D,entry_bear_pct ≤T1 17,151.33333333333334,-0.059152946,-0.046800207,-0.31489596,-0.0056846105,-0.017936666,2,8,-0.016413134,113,36,0.07331335661899502,0.11300238856481579,17,0.013014109373227556,-0.10837250300347495,-0.03968903194582077,False,False,True,False
2D,entry_btc_adx>24.9 ∧ entry_neg_di>15.8,97.33333333333333,-0.06218803,-0.0479298,-0.3134764,-0.11436358,0.053200666,4,8,-0.022211261,87,25,0.1692095139755449,0.07308713102512882,16,0.6740871386765238,0.054809125584189655,0.09612238295041609,False,False,False,False
2D,entry_pair_ema20_ema50_gap_pct>0.339 ∧ entry_pos_di≤26.2,98.33333333333333,-0.062594004,-0.04776462,-0.31288826,0.052175004,-0.07368538,3,7,-0.04953844,101,17,0.14809854918822207,0.0873639090629493,14,-0.03838201728735127,0.12154907072877069,0.06073464012527277,False,False,False,False
2D,entry_pair_ema20_ema50_gap_pct>0.339 ∧ entry_quality_score≤4,160.0,-0.043447852,-0.0558331,0.3126658,-0.04800141,0.064603016,5,7,-0.018193088,130,35,0.1345659623701631,0.07720681097077149,22,-0.05776518817079826,0.18254508384384865,0.057359151399391614,False,False,True,False
2D,entry_adx>22 ∧ entry_pair_ema20_ema50_gap_pct≤0.339,94.33333333333333,-0.040547695,-0.054207448,0.31075343,0.06271265,-0.022813562,3,8,-0.021380339,93,21,0.19797170194841252,0.07016024548341472,15,0.04906194643740905,0.13160964640086292,0.1278114564649978,False,False,True,False
1D,entry_btc_adx_prev >T2 27.9,142.0,-0.0429978,-0.055273805,0.3080207,0.07348986,-0.02710285,4,7,-0.0395017,103,29,0.3389138333226634,-0.006105627077380094,17,0.09907861179404162,0.5033252372954187,0.3450194604000435,False,False,True,False
1D,entry_atr_pct >med 0.455,213.0,-0.057109136,-0.045270123,-0.3079827,-0.04097154,0.011472214,4,8,-0.007461101,151,49,0.0825963029859914,0.11430224055019557,29,-0.0686348317146373,0.030722556793120998,-0.03170593756420417,False,False,True,False
1D,entry_atr_pct ≤med 0.455,213.33333333333334,-0.045270123,-0.057109136,0.30798212,0.04097154,-0.011472214,4,8,-0.007461101,141,47,0.11430224055019557,0.0825963029859914,28,0.0686348317146373,-0.030722556793120998,0.03170593756420417,False,False,True,False
2D,entry_btc_adx>24.9 ∧ entry_btc_trend_gap_pct>0.0932,121.33333333333333,-0.060062565,-0.04765338,-0.30532202,-0.044288125,0.0138271935,3,8,-0.009765692,90,37,0.07964401143811571,0.10970501235529641,17,-0.04472107349481805,0.05024628325106798,-0.030061000917180697,False,False,True,False
2D,entry_btc_atr_pct>0.146 ∧ entry_pair_ema20_ema50_gap_pct>0.339,94.33333333333333,-0.039693955,-0.054450024,0.3047915,0.060501117,-0.04062172,3,7,-0.04262422,82,14,-0.015431558520061462,0.11750568257870284,11,-0.056427318353604816,-0.12441623510806893,-0.13293724109876429,False,False,False,False
2D,entry_btc_rsi_prev6≤58.3 ∧ entry_dist_from_ema13_pct>0.341,116.33333333333333,-0.06120938,-0.047423158,-0.30321252,-0.0010899603,-0.029441733,3,9,-0.026314486,115,24,0.09631127953107203,0.09872157560315335,17,0.15149443942482957,-0.027276321759068044,-0.0024102960720813194,False,False,True,False
2D,entry_btc_rsi_1h>57.2 ∧ entry_price_vs_ema5_pct>0.118,89.66666666666667,-0.03917687,-0.0543832,0.30278295,0.04792651,-0.031472847,5,8,-0.012482602,76,29,0.07074671245561383,0.10996670882029802,19,-0.032399287931034415,0.0003516988956824875,-0.03921999636468419,False,False,False,False
2D,entry_btc_rsi_1h>57.2 ∧ entry_ema5_stretch>0.118,89.66666666666667,-0.03917687,-0.0543832,0.30278295,0.04792651,-0.031472847,5,8,-0.012482602,76,29,0.07074671245561383,0.10996670882029802,19,-0.032399287931034415,0.0003516988956824875,-0.03921999636468419,False,False,False,False
1D,entry_ema_gap_8_13 >med 0.132,213.0,-0.057002395,-0.045376696,-0.30246067,-0.07012064,0.03830752,3,8,-0.015231822,148,42,0.15956489070516439,0.0503277544917753,24,-0.16918560304501257,0.2619952951772078,0.10923713621338908,False,False,False,False
1D,entry_ema_gap_8_13 ≤med 0.132,213.33333333333334,-0.045376696,-0.057002395,0.30245999,0.07012064,-0.03830752,3,8,-0.015231822,150,54,0.0503277544917753,0.15956489070516439,31,0.16918560304501257,-0.2619952951772078,-0.10923713621338908,False,False,False,False
2D,entry_btc_dist_from_ema13_pct≤0.152 ∧ entry_ema5_stretch>0.118,90.66666666666667,-0.03951431,-0.054337364,0.30208752,0.03340121,-0.0029014535,3,8,-0.009752266,97,25,-0.023038747757115053,0.140780180930995,17,-0.258173295259798,-0.0797189743710986,-0.16381892868811007,False,False,False,False
2D,entry_btc_rsi≤62.8 ∧ entry_quality_score>4,54.333333333333336,-0.0365681,-0.053319905,0.30204737,0.057544723,-0.019912802,4,8,-0.02514524,72,6,-0.2303278098838825,0.12001545568306739,6,,-0.6547682236250972,-0.3503432655669499,False,False,False,False
2D,entry_ema_gap_5_8>0.0879 ∧ entry_rsi≤60.1,86.0,-0.06332311,-0.048117775,-0.30146632,-0.20641309,0.16587165,2,8,-0.07808342,100,12,0.15249521626041643,0.09035097091723537,10,-0.30950612208060385,0.3149142526770669,0.062144245343181054,False,False,False,False
2D,entry_adx_delta>0.241 ∧ entry_btc_trend_gap_pct≤0.0932,92.33333333333333,-0.040741026,-0.05407221,0.29992923,-0.045250673,0.0629994,4,7,-0.0139874555,96,21,0.19228820610085218,0.07175162432073168,15,-0.13987714108446167,0.29562334156770853,0.1205365817801205,False,False,True,False
2D,entry_ema5_stretch≤0.118 ∧ entry_rsi>60.1,84.0,-0.061765708,-0.04858876,-0.2992953,0.1392813,-0.15840268,5,7,-0.018289022,97,17,0.20216297597125218,0.07572979190710738,13,-0.22453148556698055,0.5994576428764515,0.1264331840641448,False,False,False,False
2D,entry_gap>0.354 ∧ entry_price_vs_ema5_pct≤0.118,88.0,-0.06255213,-0.048228424,-0.29913983,-0.092228316,0.045327753,5,8,-0.034139432,100,19,0.20564720244684492,0.07158606890497034,12,-0.1903702126093152,0.37744595516473717,0.1340611335418746,False,False,False,False
2D,entry_btc_dist_from_ema13_pct>0.152 ∧ entry_rsi_prev≤57.8,115.66666666666667,-0.041273683,-0.054875158,0.29870117,0.03894448,-0.013088495,6,9,-0.018230852,100,18,0.20919940423220773,0.07248506251273117,12,0.45910925171185524,0.10189635954113692,0.13671434171947655,False,False,True,False
2D,entry_btc_rsi_1h>57.2 ∧ entry_dist_from_ema13_pct>0.341,90.0,-0.039095037,-0.05442017,0.29865497,0.0057257786,0.021237142,4,8,-0.025072169,80,28,0.1472183869923145,0.07790160759394063,21,-0.019889107120532823,0.09888544394407511,0.06931677939837386,False,False,True,False
2D,entry_btc_dist_from_ema13_pct>0.152 ∧ entry_ema_gap_5_8>0.0879,111.66666666666667,-0.06098753,-0.047706347,-0.2983419,-0.00875954,-0.021746852,5,9,-0.020950269,103,16,0.2136974145027159,0.07500331900161646,12,-0.13443161457041924,0.34981330808000544,0.13869409550109946,False,False,False,False
2D,entry_gap>0.354 ∧ entry_neg_di>15.8,95.66666666666667,-0.061584227,-0.04817636,-0.29792395,-0.099512585,0.0557275,3,8,-0.02026406,95,18,0.049826463509729274,0.10926343344868773,14,0.1974486899068295,-0.08003566339222434,-0.05943696993895846,False,False,True,False
2D,entry_btc_atr_pct≤0.146 ∧ entry_btc_trend_gap_pct≤0.0932,113.0,-0.06032271,-0.047889594,-0.29754084,0.029407445,-0.039531223,5,7,-0.004726477,93,26,0.024947351094030738,0.12529704319611387,19,0.013064656918907708,-0.26207126106375145,-0.10034969210208314,False,False,True,False
2D,entry_btc_adx_prev>24.8 ∧ entry_pair_ema20_ema50_gap_pct>0.339,99.66666666666667,-0.06105484,-0.048173696,-0.29594922,-0.1673593,0.08343302,3,7,-0.033003926,91,26,0.3129040326159719,0.01834170434510715,16,0.10119131270170487,0.4412533077165015,0.2945623282708647,False,False,False,False
2D,entry_btc_rsi_prev≤62 ∧ entry_bull_pct≤71.1,125.66666666666667,-0.04229605,-0.054900225,0.29540083,-0.07164105,0.0918913,3,8,-0.039199214,119,18,0.09127829631618539,0.0996976258779671,16,0.13873508366079074,-0.09943549533092289,-0.008419329561781708,False,False,False,False
2D,entry_btc_adx>24.9 ∧ entry_btc_rsi_prev≤62,92.33333333333333,-0.062058818,-0.048178963,-0.29379517,-0.027828123,-0.0015340038,2,7,-0.03435547,83,18,0.15487498322654217,0.08502146736019245,13,0.15632269722083492,0.051809881647816275,0.06985351586634972,False,False,False,False
2D,entry_btc_rsi_prev6>58.3 ∧ entry_pos_di>26.2,125.66666666666667,-0.04307299,-0.054575495,0.29338002,-0.057300024,0.06786804,4,7,-0.017335244,106,33,0.09529761108363792,0.09959687280020188,21,0.01085109065410561,-0.013080027431720428,-0.00429926171656396,False,False,False,False
2D,entry_ema20_slope≤0.146 ∧ entry_ema_gap_8_13≤0.132,178.66666666666666,-0.057727367,-0.04646535,-0.29104894,0.033746462,-0.04917851,5,8,-0.013067599,139,43,0.12203003163268625,0.07871948664089175,26,0.1543004682467544,-0.011365170857765968,0.0433105449917945,False,False,False,False
2D,entry_adx_delta>0.241 ∧ entry_btc_adx_prev>24.8,118.33333333333333,-0.05973563,-0.047899853,-0.29098082,0.013836367,-0.02594972,6,8,-0.0104255825,103,31,0.2790487971412776,0.011829406781433289,18,0.042450002521077196,0.4020737262597661,0.2672193903598443,False,False,False,False
2D,entry_adx_delta≤0.241 ∧ entry_btc_rsi_prev6>58.3,94.66666666666667,-0.06105812,-0.04836694,-0.29091492,-0.07184221,0.030590415,4,8,-0.020770814,103,24,-0.02532750018678831,0.1392678355091068,20,-0.23071325861377234,-0.09987327006840283,-0.1645953356958951,False,False,True,False
2D,entry_btc_rsi_1h_prev≤54.1 ∧ entry_neg_di≤15.8,101.66666666666667,-0.04144518,-0.05423494,0.29068887,-0.00032527,0.02400957,5,8,0.0003605932,93,19,0.062029495090547254,0.10702420448639442,13,-0.21572837830709968,0.054667981926572386,-0.04499470939584717,False,False,False,False
2D,entry_btc_dist_from_ema13_pct≤0.152 ∧ entry_btc_ema20_slope>0.0586,51.666666666666664,-0.06587268,-0.049159564,-0.2881972,0.034211278,-0.0583892,4,7,-0.031185642,57,16,0.12038279918518943,0.09366624206512172,12,-0.0450309491446812,0.060303507890770026,0.026716557120067708,False,False,False,False
2D,entry_ema50_slope>0.226 ∧ entry_price_vs_ema5_pct>0.118,111.0,-0.04181891,-0.054481942,0.28817743,0.059529867,-0.025364183,5,9,-0.038794,114,26,0.01961634868961041,0.12727712980347,20,-0.040626973635565417,-0.08175285633578537,-0.1076607811138596,False,False,False,False
2D,entry_btc_rsi_prev6>58.3 ∧ entry_rsi≤60.1,105.66666666666667,-0.041760627,-0.054290533,0.2870711,-0.14907509,0.13805676,5,7,-0.01769232,113,31,0.0946031011042595,0.09979581566062655,22,0.09971576264933063,-0.06769025201644734,-0.005192714556367051,False,False,False,False
2D,entry_btc_dist_from_ema13_pct≤0.152 ∧ entry_gap>0.354,108.33333333333333,-0.060732298,-0.047932513,-0.28676245,-0.10050855,0.06399671,3,8,-0.043619674,101,27,0.07643804345142052,0.10660285476789004,17,-0.0928191117727504,0.02148914765123119,-0.030164811316469517,False,False,True,False
2D,entry_btc_ema20_slope>0.0586 ∧ entry_pos_di>26.2,104.33333333333333,-0.05996021,-0.048341688,-0.2861388,0.033852898,-0.04987869,5,9,-0.023684453,90,25,0.026122777943890476,0.12346978455740151,18,-0.3488534943500128,0.06310123837470995,-0.09734700661351103,False,False,True,False
2D,entry_btc_trend_gap_pct>0.0932 ∧ entry_pair_rank>30,95.33333333333333,-0.041302394,-0.05403135,0.2859264,0.01688495,0.0025461428,4,7,-0.025462843,87,27,-0.023150728456188957,0.14557237420999813,19,-0.39998854174773985,-0.009688090426840355,-0.1687231026661871,False,False,False,False
2D,entry_adx>22 ∧ entry_pos_di≤26.2,84.0,-0.039475624,-0.054058187,0.28558278,0.06109134,-0.029860292,5,8,-0.044445567,100,10,0.06395705075317981,0.10209132144931361,9,-0.44309324847467585,0.29336500982694136,-0.0381342706961338,False,False,False,False
2D,entry_price_vs_ema5_pct>0.118 ∧ entry_range_position>81.7,129.66666666666666,-0.0593323,-0.047623992,-0.28556344,-0.040629443,0.013571721,4,8,-0.019104054,123,29,-0.009547502943077227,0.14472092145555235,18,0.16398777907083945,-0.3120784789058384,-0.1542684243986296,False,False,True,False
2D,entry_btc_rsi_1h_prev≤54.1 ∧ entry_global_volume_ratio>0.823,104.33333333333333,-0.042568486,-0.053976893,0.28503007,0.06834304,-0.020522732,4,8,-0.0148921795,85,16,0.1827683401028246,0.0811891338815947,12,-0.18343896825244554,0.3241012662401665,0.10157920622122991,False,False,True,False
2D,entry_adx>22 ∧ entry_bull_pct>71.1,98.33333333333333,-0.060755692,-0.048315737,-0.28498974,-0.07787495,0.037994176,4,8,-0.0154335275,93,22,0.06790153075577324,0.10710257399386154,16,-0.3242102871978237,0.13830545596196073,-0.039201043238088304,False,False,True,False
2D,entry_neg_di≤15.8 ∧ entry_price_vs_ema5_pct≤0.118,118.66666666666667,-0.042508677,-0.05453146,0.28448963,0.00703533,0.015543953,5,7,0.001126688,117,25,0.2641484424380805,0.0396579308622642,19,-0.09041482095297146,0.46957079292779236,0.2244905115758163,False,True,True,False
2D,entry_btc_ema20_slope>0.0586 ∧ entry_ema50_slope>0.226,97.33333333333333,-0.041064844,-0.05417901,0.28415567,0.13733709,-0.10014576,4,8,-0.018815093,88,21,0.012406194538628942,0.12211858755815418,15,-0.5485007727513513,0.1541456432072616,-0.10971239301952523,False,False,False,False
2D,entry_btc_rsi_prev6≤58.3 ∧ entry_ema50_slope>0.226,108.33333333333333,-0.06064729,-0.047961477,-0.2822396,-0.006128233,-0.017921146,4,9,-0.011685174,107,22,0.061616938152636164,0.10897096638938883,15,-0.07923387325953443,0.019540392061674832,-0.047354028236752665,False,False,True,False
2D,entry_btc_adx_prev>24.8 ∧ entry_pos_di>26.2,121.66666666666667,-0.05932835,-0.04793301,-0.28223008,-0.013765454,-0.004636381,4,8,-0.011611771,98,34,0.15736462222614953,0.06562946768522074,17,0.02357016884948021,0.15815079520560077,0.09173515454092879,False,False,False,False
2D,entry_btc_adx>24.9 ∧ entry_btc_ema20_slope≤0.0586,107.33333333333333,-0.060323697,-0.048110116,-0.2817771,-0.1022417,0.05553458,4,7,-0.009284832,91,31,0.18777681866803905,0.05535911959174705,19,0.18488962870749243,0.08286951949597485,0.132417699076292,False,False,False,False
2D,entry_btc_rsi_prev6≤58.3 ∧ entry_pair_ema20_ema50_gap_pct≤0.339,110.33333333333333,-0.060824327,-0.047819372,-0.2810798,0.038954116,-0.06580314,4,9,-0.03170222,92,27,0.2501857858371088,0.03861460774740334,19,0.14137103922333924,0.2527391319244442,0.2115711780897055,False,False,False,False
2D,entry_bull_pct>71.1 ∧ entry_gap>0.354,113.0,-0.042780727,-0.054215904,0.2799282,0.06289331,-0.025466412,4,8,-0.037173588,101,28,-0.1242054852541035,0.18966437851893628,18,-0.08859919798842028,-0.42860449269654805,-0.31386986377303977,False,False,False,False
2D,entry_adx_prev≤22.1 ∧ entry_price_vs_ema5_pct≤0.118,77.33333333333333,-0.039343856,-0.053808823,0.27907377,0.050200123,-0.021817014,3,8,-0.019473426,94,18,0.20149558676266452,0.07426286654416424,16,-0.14934517572711384,0.3457133252051039,0.1272327202185003,False,False,True,False
2D,entry_btc_adx_prev≤24.8 ∧ entry_ema20_slope≤0.146,95.66666666666667,-0.041192636,-0.054075938,0.27781403,0.0629101,-0.047812317,3,9,-0.026931003,92,15,-0.18951465288081296,0.1513844931529008,14,-0.07021319094974504,-0.7067455356766726,-0.34089914603371374,False,False,False,False
1D,entry_gap >T2 0.41,142.0,-0.04355682,-0.054994617,0.27717707,-0.081563644,0.09122517,6,8,-0.0045923553,131,29,0.15450409170588278,0.07371351481645029,20,-0.053096164443953375,0.1366010650235652,0.08079057688943249,False,False,True,False
2D,entry_atr_pct>0.455 ∧ entry_ema5_stretch>0.118,139.0,-0.043099854,-0.055096265,0.27626657,-0.01728556,0.03749696,5,8,-0.010150254,132,31,0.014443377691557447,0.13802583759591522,22,-0.14480152997564338,-0.07460916050980052,-0.12358245990435777,False,False,False,False
2D,entry_btc_rsi≤62.8 ∧ entry_quality_score≤4,159.0,-0.058244564,-0.046986233,-0.27613044,-0.02803056,0.0018181168,4,9,-0.039127734,132,38,0.023129915259133584,0.1472497822814775,25,0.20725257012919332,-0.3920083275477643,-0.12411986702234393,False,False,True,False
2D,entry_btc_rsi_prev≤62 ∧ entry_quality_score≤4,163.66666666666666,-0.044381622,-0.05542417,0.27547568,-0.05431898,0.06889729,5,9,-0.026001014,134,38,0.17831383442544024,0.04557755937941449,25,0.28692468957451805,0.03257424306504311,0.13273627504602575,False,False,True,False
2D,entry_btc_rsi>62.8 ∧ entry_pair_ema20_ema50_gap_pct≤0.339,109.33333333333333,-0.042458817,-0.054194663,0.27531806,0.04440594,-0.014941953,5,9,-0.016402606,102,29,0.14843337258837797,0.0763411395091016,19,-0.0579815649502676,0.16301154797064696,0.07209223307927637,False,False,True,False
2D,entry_btc_dist_from_ema13_pct≤0.152 ∧ entry_pos_di≤26.2,89.33333333333333,-0.04078349,-0.053942274,0.2743718,0.07778736,-0.047418825,5,8,-0.025574632,99,20,0.16538779066928144,0.08041668866825184,17,-0.010665579600422415,0.13091952206591634,0.0849711020010296,False,False,True,False
2D,entry_ema_gap_8_13>0.132 ∧ entry_pair_ema20_ema50_gap_pct≤0.339,87.66666666666667,-0.040253505,-0.054014705,0.2736373,-0.0019249022,0.027213369,4,8,-0.029554121,90,20,0.1557036163411801,0.08296515559669956,13,-0.17117569865015445,0.23287023863886436,0.07273846074448054,False,False,True,False
2D,entry_btc_rsi_1h≤57.2 ∧ entry_ema20_slope>0.146,108.33333333333333,-0.059702765,-0.048283245,-0.27240914,-0.003615804,-0.01772055,4,8,-0.029317118,101,14,0.09906998862829217,0.09795663794361803,10,-0.08965983672456199,0.06950099724397357,0.001113350684674136,False,False,False,False
2D,entry_btc_rsi_prev6≤58.3 ∧ entry_ema_gap_5_8≤0.0879,107.0,-0.060904186,-0.04792836,-0.27235574,0.030297115,-0.05587224,4,9,-0.04511036,100,26,-0.05718596396692217,0.15580370307589636,18,0.041708672969022975,-0.2748545032082653,-0.21298966704281852,False,False,True,False
2D,entry_adx_delta≤0.241 ∧ entry_ema_gap_5_8≤0.0879,127.33333333333333,-0.0428764,-0.054723334,0.26796296,0.07021846,-0.03339099,6,9,-0.0048375838,119,31,-0.14642373863755295,0.21474707769133708,21,-0.13047948245684549,-0.4153444159031773,-0.36117081632889003,False,False,False,False
2D,entry_adx_prev≤22.1 ∧ entry_gap>0.354,110.66666666666667,-0.042277876,-0.054307673,0.26712024,0.028896324,-0.0066737533,5,8,-0.044540115,112,25,0.12969101014000178,0.0870020971644046,19,-0.1091847160356941,0.15080995525397206,0.04268891297559718,False,False,True,False
2D,entry_adx_prev≤22.1 ∧ entry_atr_pct≤0.455,94.33333333333333,-0.04226351,-0.05371992,0.26581153,0.008152936,0.014462255,4,8,-0.032720536,98,27,0.05749685986792471,0.11401462225708409,18,-0.02733248588255993,-0.13183625047050482,-0.05651776238915938,False,False,False,False
2D,entry_gap>0.354 ∧ entry_pair_ema20_ema50_gap_pct>0.339,144.33333333333334,-0.044102583,-0.05480992,0.26427886,-0.048132263,0.061872907,4,7,-0.025947608,125,28,0.07496607630141204,0.10765255905490047,21,-0.07293369159669841,-0.004900497102451569,-0.03268648275348843,False,False,False,False
2D,entry_ema_gap_8_13≤0.132 ∧ entry_quality_score≤4,175.33333333333334,-0.057220686,-0.046968833,-0.26413503,-0.02889022,0.006021604,5,8,-0.0302574,141,45,0.10742043658732822,0.08991185305378431,27,0.18902100550635836,-0.08068259678138592,0.01750858353354391,False,False,False,False
2D,entry_ema50_slope>0.226 ∧ entry_ema5_stretch≤0.118,101.66666666666667,-0.04243258,-0.053925745,0.26359573,0.0091139935,0.015937235,3,7,-0.025956683,103,22,0.20205731144789285,0.0672184229772855,14,-0.2007258092248828,0.3566814040819266,0.13483888847060735,False,False,True,False
2D,entry_btc_rsi_prev6≤58.3 ∧ entry_dist_from_ema13_pct≤0.341,100.0,-0.041854724,-0.05404412,0.2623167,0.035342447,-0.009151552,5,9,-0.030741954,103,22,0.1108101496969654,0.09434595755188556,18,-0.0806953921518957,0.07591609447194676,0.01646419214507984,False,False,True,False
2D,entry_btc_rsi≤62.8 ∧ entry_dist_from_ema13_pct>0.341,108.66666666666667,-0.060205728,-0.04809921,-0.26213464,-0.10380306,0.07409353,4,8,-0.055751685,114,20,0.09290285643859783,0.09949167136053702,16,0.2151518997932876,-0.1557735083233486,-0.00658881492193919,False,False,True,False
2D,entry_btc_rsi_prev≤62 ∧ entry_ema_gap_8_13>0.132,109.66666666666667,-0.06005459,-0.048113324,-0.2604078,-0.13885345,0.09356743,5,8,-0.039758507,108,18,0.37361571696981194,0.03454283649636094,14,0.299900504211598,0.3457746330221435,0.339072880473451,False,False,False,False
2D,entry_btc_adx_prev≤24.8 ∧ entry_pos_di>26.2,91.33333333333333,-0.04218808,-0.053637892,0.258864,-0.09083015,0.12340681,5,8,-0.054770693,87,17,-0.29727800526223036,0.18320443343836312,14,-0.3373443745239591,-0.5870380188528963,-0.4804824387005935,False,False,False,False
2D,entry_ema_gap_5_8≤0.0879 ∧ entry_pos_di≤26.2,113.66666666666667,-0.04262791,-0.054295834,0.2582034,0.109539226,-0.07782698,3,7,-0.014274191,119,30,0.0677216921493478,0.11193596041958083,21,0.1000394318594908,-0.16882744546036957,-0.04421426827023303,False,False,False,False
2D,entry_btc_adx≤24.9 ∧ entry_rsi_prev≤57.8,128.33333333333334,-0.05906072,-0.047793336,-0.2581598,-0.13130867,0.099700294,3,8,-0.05209404,110,18,0.19920515558956975,0.07479142758410913,15,0.2449126950612847,0.08861996851064918,0.12441372800546062,False,False,False,False
2D,entry_dist_from_ema13_pct>0.341 ∧ entry_quality_score>4,50.666666666666664,-0.064962074,-0.04932687,-0.2577833,0.013836894,-0.050246798,4,8,-0.034469888,74,10,-0.20355995304924904,0.13319794979843325,10,-0.12475384303902465,-0.5946769836015308,-0.33675790284768226,False,False,True,False
2D,entry_adx≤22 ∧ entry_dist_from_ema13_pct≤0.341,80.33333333333333,-0.060938627,-0.04892043,-0.2559061,0.012733994,-0.029924557,5,9,-0.013083402,94,23,0.00970547550430794,0.12597531802155737,18,0.06609009304401611,-0.27052580700709994,-0.11626984251724942,False,False,True,False
2D,entry_bear_pct>20 ∧ entry_range_position>81.7,98.33333333333333,-0.04212723,-0.053900495,0.25529447,-0.016877037,0.039856575,3,7,-0.048488278,103,20,0.14753202274811875,0.0851155749632947,17,-0.13958639217530816,0.19019474403444778,0.06241644778482405,False,False,True,False
2D,entry_btc_rsi≤62.8 ∧ entry_range_position≤81.7,105.33333333333333,-0.05994035,-0.048312012,-0.2551084,-0.013597388,-0.0100176,3,7,-0.015385751,108,19,-0.03043503549401951,0.12984012761765115,15,0.3469771267316986,-0.45212334584607167,-0.16027516311167067,False,False,True,False
2D,entry_ema_gap_8_13>0.132 ∧ entry_price_vs_ema5_pct>0.118,124.33333333333333,-0.05901475,-0.047961496,-0.25488037,-0.04755727,0.02239877,3,8,-0.019757384,121,24,0.07548892821006341,0.10566235937682286,17,-0.04655180079036253,-0.029776872900912587,-0.030173431166759454,False,False,True,False
2D,entry_adx_prev≤22.1 ∧ entry_btc_ema20_slope>0.0586,113.33333333333333,-0.0595875,-0.04814256,-0.25488022,0.04777524,-0.07983677,4,8,-0.026341338,86,23,-0.01309945774372022,0.13316043397641555,15,-0.24072304656569113,-0.08289866400913731,-0.14625989172013576,False,False,True,False
2D,entry_btc_atr_pct>0.146 ∧ entry_btc_rsi_prev6≤58.3,121.33333333333333,-0.042852804,-0.054499667,0.2540734,0.022857992,-0.005658563,3,8,-0.024276622,84,22,0.19166474132100883,0.07030810598798076,14,0.15935639586926376,0.1389138095382096,0.12135663533302807,False,False,True,False
2D,entry_ema_gap_5_8>0.0879 ∧ entry_range_position≤81.7,93.0,-0.041713443,-0.053827565,0.25355348,-0.0043882094,0.026492171,5,7,-0.018129893,109,15,0.06720485888659188,0.1038438428256036,13,-0.5177723794055017,0.3257045079028021,-0.03663898393901173,False,False,False,False
2D,entry_adx≤22 ∧ entry_pair_ema20_ema50_gap_pct>0.339,94.33333333333333,-0.060266826,-0.048604522,-0.25243303,0.03974574,-0.052355047,5,7,-0.00786699,96,21,0.02581106942594479,0.11836522258970571,18,-0.012057544278995247,-0.08276334632283863,-0.09255415316376092,False,False,True,False
2D,entry_btc_adx>24.9 ∧ entry_pos_di>26.2,124.0,-0.05833716,-0.04825159,-0.25111473,-0.027967699,0.0066826865,4,8,-0.0090444945,99,33,0.1591448168864982,0.06615309833203696,17,0.02357016884948021,0.15430322131206334,0.09299171855446124,False,False,False,False
2D,entry_bull_pct≤71.1 ∧ entry_ema_gap_8_13>0.132,98.66666666666667,-0.04142411,-0.054124195,0.25008535,-0.10652172,0.13900748,4,7,-0.04353124,101,19,0.4521524314137113,0.010760103315743572,14,-0.13895872514364693,0.8866114617445807,0.44139232809796775,False,False,True,False
2D,entry_btc_ema20_slope≤0.0586 ∧ entry_rsi≤60.1,109.33333333333333,-0.042637173,-0.054133147,0.24963169,-0.22285406,0.1976642,4,8,-0.062270325,110,29,0.0592024011680346,0.11496350027313083,20,0.14575026100138197,-0.11857815124267743,-0.05576109910509623,False,False,False,False
2D,entry_adx≤22 ∧ entry_gap>0.354,110.0,-0.042782646,-0.05410679,0.24937932,0.012254287,0.008165792,4,8,-0.041972764,112,24,0.16591328306774614,0.07552090775759532,19,0.011907297545989542,0.14939908476154556,0.09039237531015082,False,False,True,False
2D,entry_btc_ema20_slope≤0.0586 ∧ entry_pair_volume_ratio≤0.763,108.0,-0.042930268,-0.053985555,0.24935485,-0.10088075,0.104339875,3,8,-0.078127466,114,26,0.15750764296086756,0.07606036335986019,20,0.2793102167645047,-0.10790252131981834,0.08144727960100737,False,False,True,False
2D,entry_btc_dist_from_ema13_pct≤0.152 ∧ entry_dist_from_ema13_pct≤0.341,122.33333333333333,-0.058473118,-0.048252173,-0.24864486,-0.046667863,0.019732658,5,8,-0.023499262,105,27,0.07058821895209827,0.10889191652849445,19,0.17996837595833987,-0.1918242191403401,-0.03830369757639618,False,False,True,False
2D,entry_dist_from_ema13_pct≤0.341 ∧ entry_global_volume_ratio≤0.823,107.66666666666667,-0.05944269,-0.048395004,-0.24680163,-0.035445224,0.010481149,5,9,-0.011591811,112,26,0.025927836366195244,0.12493286295216706,17,0.276991818761856,-0.2108769642729588,-0.09900502658597182,False,False,True,False
2D,entry_adx≤22 ∧ entry_quality_score>4,38.333333333333336,-0.03374423,-0.0529081,0.24507263,0.061596677,-0.018494606,3,8,-0.06621188,50,8,0.136133198491181,0.09466316550276503,7,-0.10848836851090207,0.1339416053331083,0.041470032988415964,False,False,True,False
2D,entry_btc_atr_pct>0.146 ∧ entry_ema50_slope>0.226,96.0,-0.042218845,-0.053790703,0.24315226,0.11424379,-0.093473226,3,8,-0.051743798,81,16,0.1254043252241876,0.09266193685732213,13,0.04416596172040971,0.062207533222180006,0.032742388366865466,False,False,True,False
2D,entry_btc_rsi_prev>62 ∧ entry_rsi≤60.1,102.66666666666667,-0.04258619,-0.05391253,0.24278516,-0.07287145,0.08027023,4,9,-0.042030264,106,30,0.1612310162562318,0.06943172218917902,22,0.015103362897247646,0.1692384007374698,0.09179929406705277,False,False,True,False
2D,entry_btc_rsi_prev≤62 ∧ entry_ema20_slope≤0.146,108.0,-0.05939501,-0.04839961,-0.24178213,-0.052148268,0.026467133,5,9,-0.024672631,106,24,0.03747092913501712,0.11833502573517166,21,0.2827882468037048,-0.2497070434865209,-0.08086409660015453,False,False,True,False
2D,entry_adx≤22 ∧ entry_price_vs_ema5_pct≤0.118,74.66666666666667,-0.06147551,-0.049000096,-0.24128367,-0.012916561,-0.012829278,6,9,-0.00983387,86,17,0.22373129253059656,0.07108850859686872,14,-0.09231511114909036,0.3250882278178763,0.15264278393372785,False,False,False,False
2D,entry_btc_rsi_prev6≤58.3 ∧ entry_quality_score>4,53.666666666666664,-0.037891954,-0.0530993,0.23992658,0.053644888,-0.01831023,3,8,-0.04608672,66,8,-0.13244219428940768,0.11907911030100037,7,,-0.25088175037800536,-0.25152130459040806,False,False,False,False
2D,entry_btc_rsi_prev6>58.3 ∧ entry_pos_di≤26.2,84.33333333333333,-0.060508322,-0.04888598,-0.2395587,0.032499693,-0.047049873,3,8,-0.029719582,99,17,0.08972405790198534,0.09992550845365851,13,-0.05877164929550796,-0.03864624537977744,-0.010201450551673166,False,False,True,False
2D,entry_btc_rsi_prev6≤58.3 ∧ entry_pos_di≤26.2,129.0,-0.043779407,-0.054397967,0.23745751,0.06499809,-0.04724792,4,8,-0.025284892,107,28,0.2713372893431375,0.026793824273013512,19,0.28996156091710323,0.2388629408312019,0.24454346507012398,False,False,True,False
2D,entry_btc_rsi_prev6>58.3 ∧ entry_neg_di≤15.8,108.0,-0.05888525,-0.04857256,-0.23659544,0.062723,-0.07893628,4,8,-0.011651665,102,23,0.14719130890568383,0.08265786366221976,18,-0.2477945593955382,0.28703564064511516,0.06453344524346406,False,False,False,False
1D,entry_neg_di ≤T1 14.6,142.33333333333334,-0.0446829,-0.054443676,0.23586284,0.053672303,-0.039761227,4,8,-0.019677129,129,28,0.07441376354652322,0.10787998195397235,22,-0.20369254127765393,0.008513206320124866,-0.03346621840744912,False,False,False,False
2D,entry_ema5_stretch≤0.118 ∧ entry_ema_gap_8_13>0.132,88.66666666666667,-0.06023083,-0.04880969,-0.23563361,-0.05476611,0.022034448,5,8,-0.0489126,99,18,0.2716661740319656,0.05806965409740243,11,-0.18406704397681245,0.5198384723914159,0.21359651993456313,False,False,False,False
2D,entry_btc_1h_slope>0.0639 ∧ entry_pair_volume_ratio≤0.763,96.66666666666667,-0.060088843,-0.048574172,-0.23464328,-0.07727235,0.0639519,5,8,-0.015585538,84,24,0.2425585027703522,0.049972501190059956,17,0.08984944040399204,0.26667111180375735,0.19258600158029227,False,False,False,False
2D,entry_bull_pct>71.1 ∧ entry_quality_score>4,49.0,-0.04019056,-0.052612714,0.23460811,0.055626053,-0.022388924,6,8,-0.008029576,52,8,-0.0363384084362709,0.11034240249616972,8,,-0.2527337734280546,-0.14668081093244062,False,False,False,False
2D,entry_neg_di≤15.8 ∧ entry_range_position≤81.7,106.66666666666667,-0.059160672,-0.048523672,-0.23420627,0.018899864,-0.03905392,4,8,-0.033989675,113,22,0.08045466170628573,0.1033705620896552,18,-0.15124886341833504,-0.012090421778220787,-0.022915900383369464,False,False,True,False
2D,entry_btc_rsi_prev6>58.3 ∧ entry_rsi>60.1,104.33333333333333,-0.058495227,-0.048816364,-0.23364222,0.1084426,-0.1067224,5,8,-0.030684654,103,19,0.09144389557167149,0.09976610566637675,16,-0.15330040696476574,0.05614321483938549,-0.008322210094705268,False,False,True,False
2D,entry_btc_rsi_prev6≤58.3 ∧ entry_quality_score≤4,162.66666666666666,-0.057003867,-0.047595106,-0.23361921,0.0012893416,-0.022267789,2,9,-0.037566457,124,38,0.1528639883261639,0.062251596478940366,23,0.060481389453078155,0.1270519915661227,0.09061239184722354,False,False,False,False
2D,entry_ema20_slope≤0.146 ∧ entry_ema50_slope>0.226,80.33333333333333,-0.042047497,-0.05330652,0.23325406,0.056243785,-0.021824215,4,8,-0.0149509385,94,18,0.1458249481856695,0.08710993698500918,12,-0.11397622881095468,0.19169822210229426,0.058715011200660305,False,False,True,False
2D,entry_pos_di≤26.2 ∧ entry_range_position≤81.7,89.0,-0.04115279,-0.053831838,0.23251693,0.055441216,-0.03455464,4,7,-0.04889048,108,19,0.1906188943827642,0.07529435271299026,17,0.29871610683366845,0.09848631824630129,0.11532454166977393,False,False,True,False
2D,entry_adx_delta>0.241 ∧ entry_global_volume_ratio≤0.823,101.33333333333333,-0.05932507,-0.048646968,-0.23165946,-0.118432574,0.10361197,5,7,-0.028626148,113,24,0.2921098484147981,0.03345538597524466,17,0.12363498129349357,0.3645157686267871,0.2586544624395534,False,False,False,False
2D,entry_btc_rsi_prev6>58.3 ∧ entry_ema20_slope>0.146,98.66666666666667,-0.043566644,-0.05347904,0.2314507,-0.057068378,0.06394417,5,8,-0.021468066,95,21,0.0266903208908211,0.11811903217954035,18,-0.27981056733243,0.01904678108502433,-0.09142871128871925,False,False,False,False
2D,entry_adx_prev≤22.1 ∧ entry_ema_gap_5_8≤0.0879,92.33333333333333,-0.059989814,-0.048750937,-0.23134491,-0.017589577,-0.0053515956,3,8,-0.024637334,109,29,0.03346577428728932,0.12610323429614,20,0.23076784267861983,-0.3237557286259093,-0.09263746000885069,False,False,True,False
2D,entry_btc_rsi_1h_prev≤54.1 ∧ entry_gap>0.354,113.66666666666667,-0.058125243,-0.048661947,-0.23133676,-0.034221493,0.0120159015,4,8,-0.012236401,108,21,0.18094484811622819,0.07492776455642636,14,-0.030455006887189856,0.2088499764702173,0.10601708355980183,False,False,False,False
2D,entry_btc_atr_pct≤0.146 ∧ entry_price_vs_ema5_pct>0.118,78.0,-0.060331933,-0.049136788,-0.23080261,-0.0067055225,-0.011157788,3,8,-0.017284017,79,23,-0.13596346298526682,0.1718710109703275,15,-0.003084991791684033,-0.38671590819434404,-0.3078344739555943,False,False,True,False
2D,entry_btc_atr_pct≤0.146 ∧ entry_ema5_stretch>0.118,78.0,-0.060331933,-0.049136788,-0.23080261,-0.0067055225,-0.011157788,3,8,-0.017284017,79,23,-0.13596346298526682,0.1718710109703275,15,-0.003084991791684033,-0.38671590819434404,-0.3078344739555943,False,False,True,False
2D,entry_btc_atr_pct≤0.146 ∧ entry_pair_ema20_ema50_gap_pct≤0.339,94.66666666666667,-0.043658584,-0.053333245,0.22998479,0.07725162,-0.03284247,5,8,-0.025589041,88,27,0.05859351308329277,0.1135854970858531,17,0.13983018894582847,-0.3507768139290244,-0.05499198400256033,False,False,False,False
2D,entry_btc_adx_prev≤24.8 ∧ entry_pair_volume_ratio≤0.763,127.66666666666667,-0.05797479,-0.04828267,-0.22970062,-0.07167454,0.04885122,6,9,-0.035853136,109,22,0.058706714739309156,0.10983616794470226,16,-0.00783508661504781,-0.18938745832451542,-0.051129453205393104,False,False,True,False
2D,entry_gap≤0.354 ∧ entry_range_position≤81.7,103.33333333333333,-0.04312553,-0.053763367,0.22910722,0.13279265,-0.08796051,3,9,-0.046046294,109,27,0.20349990403455023,0.056882996278839304,19,0.3209874943235288,0.08318068526743731,0.14661690775571093,False,False,True,False
2D,entry_dist_from_ema13_pct≤0.341 ∧ entry_ema_gap_5_8>0.0879,56.666666666666664,-0.062451486,-0.04945794,-0.22906278,0.047424223,-0.048234,6,8,-0.0051411837,76,7,0.260363759892747,0.0853581778980173,6,-0.17544743595481177,0.4208411063304911,0.1750055819947297,False,False,False,False
2D,entry_btc_rsi_prev6≤58.3 ∧ entry_pair_ema20_ema50_gap_pct>0.339,106.0,-0.043351065,-0.053777292,0.22823247,-0.008644834,0.02694749,4,7,-0.010936949,107,19,-0.10556432713278795,0.14837852425578885,16,-0.18287516755023314,-0.23448275593053247,-0.2539428513885768,False,False,False,False
2D,entry_btc_adx≤24.9 ∧ entry_pos_di>26.2,89.0,-0.043119695,-0.0533129,0.22814661,-0.079898685,0.105743594,5,8,-0.049146634,85,18,-0.27528377172351515,0.1842888723486672,15,-0.3373443745239591,-0.5346545884062429,-0.45957264407218235,False,False,False,False
2D,entry_ema5_stretch>0.118 ∧ entry_range_position>81.7,129.33333333333334,-0.057667486,-0.0483621,-0.22679456,-0.035579808,0.013571721,4,8,-0.020386167,123,29,-0.009547502943077227,0.14472092145555235,18,0.16398777907083945,-0.3120784789058384,-0.1542684243986296,False,False,True,False
2D,entry_price_vs_ema5_pct≤0.118 ∧ entry_rsi>60.1,83.66666666666667,-0.0592019,-0.04922757,-0.22629201,0.14692725,-0.15840268,5,7,-0.021947946,97,17,0.20216297597125218,0.07572979190710738,13,-0.22453148556698055,0.5994576428764515,0.1264331840641448,False,False,False,False
2D,entry_ema5_stretch>0.118 ∧ entry_ema_gap_5_8>0.0879,126.66666666666667,-0.04461684,-0.053961307,0.2259366,-0.007469259,0.022744596,4,8,-0.024053834,129,23,0.08133359096347265,0.10340755561661508,16,-0.00400778179624689,-0.009376300671717843,-0.02207396465314243,False,False,False,False
2D,entry_adx≤22 ∧ entry_pair_rank≤30,113.33333333333333,-0.043522812,-0.053959377,0.2256391,-0.026498925,0.043495283,7,9,-0.018399276,117,26,0.019986568695959214,0.1271396195153976,22,-0.08784239990113649,-0.18929459230447374,-0.10715305081943838,False,False,False,False
2D,entry_btc_atr_pct≤0.146 ∧ entry_range_position≤81.7,131.0,-0.044939183,-0.05395544,0.22428857,0.0023134165,0.018775564,6,8,-0.01150319,106,35,-0.02635729828330722,0.16953982937850035,21,-0.18811450095136856,-0.22245660265528402,-0.19589712766180756,False,False,False,False
2D,entry_btc_rsi_1h_prev≤54.1 ∧ entry_ema50_slope>0.226,93.66666666666667,-0.05870401,-0.049067926,-0.22372204,0.026236556,-0.026132505,5,8,-0.012258753,87,19,0.26898312657981344,0.05595772398904304,12,-0.2621109488107338,0.5110925901656028,0.2130254025907704,False,False,False,False
2D,entry_btc_rsi_prev6≤58.3 ∧ entry_ema_gap_5_8>0.0879,109.33333333333333,-0.04380563,-0.053730145,0.22365859,0.0013274811,0.016360763,5,8,-0.020647738,110,20,0.3118064532609472,0.041885461670445066,15,0.010582429001016413,0.44306867674534456,0.26992099159050215,False,False,True,False
2D,entry_btc_adx>24.9 ∧ entry_dist_from_ema13_pct≤0.341,131.66666666666666,-0.04497394,-0.05396031,0.22362788,-0.033395916,0.043822773,4,8,-0.022405945,97,36,0.21477180018843986,0.028127322423148915,19,0.2307101642911039,0.20100197302001477,0.18664447776529094,False,False,True,False
2D,entry_adx_delta≤0.241 ∧ entry_btc_dist_from_ema13_pct≤0.152,100.66666666666667,-0.059162293,-0.04871914,-0.22324495,-0.031410296,0.007820841,3,8,-0.011156697,99,22,-0.13636270008492454,0.16782977775731228,19,-0.21881401045625887,-0.3158288197917729,-0.3041924778422368,False,False,True,False
2D,entry_adx_prev>22.1 ∧ entry_rsi_prev≤57.8,92.66666666666667,-0.059400406,-0.0489034,-0.2231961,-0.05670169,0.027515844,4,8,-0.016766693,96,17,0.00780949453728735,0.11755269297517575,15,-0.24925487714321953,-0.005391421008627135,-0.10974319843788839,False,False,True,False
2D,entry_adx_delta>0.241 ∧ entry_range_position≤81.7,100.66666666666667,-0.058777116,-0.048838206,-0.22198664,-0.034708027,0.011538796,4,8,-0.032418672,114,24,0.21134027751072815,0.06037857627660129,18,-0.14620928347583723,0.35392202655569766,0.15096170123412686,False,False,False,False
2D,entry_ema_gap_5_8≤0.0879 ∧ entry_quality_score≤4,170.66666666666666,-0.05642856,-0.04768474,-0.2212703,-0.058169782,0.034391932,5,9,-0.03196618,135,51,0.10233504812502835,0.09334081550658493,29,0.1932348353418409,-0.09375325520441208,0.008994232618443412,False,False,False,False
2D,entry_btc_atr_pct>0.146 ∧ entry_ema_gap_8_13>0.132,112.33333333333333,-0.043625716,-0.05388933,0.21877165,-0.072514735,0.1033786,5,8,-0.029650379,93,17,0.29848685767089445,0.05500186799705777,10,-0.02993860872830048,0.42464558400204694,0.24348498967383667,False,False,True,False
2D,entry_ema50_slope>0.226 ∧ entry_pair_rank>30,109.66666666666667,-0.057939935,-0.048845656,-0.21876536,0.0680132,-0.07616565,3,7,-0.016863532,101,25,0.19646451535174947,0.06349029955463427,19,-0.16887730008698876,0.3299293245573357,0.13297421579711521,False,False,False,False
2D,entry_ema_gap_5_8>0.0879 ∧ entry_pos_di≤26.2,99.66666666666667,-0.05924789,-0.048724994,-0.21759017,-0.0116417855,-0.0118565485,2,8,-0.02065847,112,15,0.4727401547640778,0.028744713959402517,10,0.17363031893920217,0.6217586139057414,0.4439954408046753,False,False,False,False
2D,entry_global_volume_ratio>0.823 ∧ entry_pair_ema20_ema50_gap_pct≤0.339,98.0,-0.043950494,-0.053344335,0.21634296,0.120673336,-0.07211971,5,9,-0.024139501,90,25,0.1788674741958135,0.06968644080672438,16,-0.017540217625783977,0.1003865673831706,0.10918103338908912,False,False,True,False
2D,entry_btc_trend_gap_pct≤0.0932 ∧ entry_pair_ema20_ema50_gap_pct>0.339,82.66666666666667,-0.042951077,-0.05316562,0.21562468,0.011376241,0.012140565,5,7,-0.0032224879,97,17,-0.08517419942479168,0.1375618423087877,14,-0.05053381468682194,-0.2281514209426165,-0.2227360417335794,False,False,False,False
2D,entry_ema20_slope≤0.146 ∧ entry_rsi>60.1,94.66666666666667,-0.04425388,-0.05316333,0.21510231,0.101757824,-0.07477206,4,9,-0.020396989,103,14,0.11342764656720007,0.09550533049063374,11,-0.09423924620615737,0.04433331040813891,0.01792231607656633,False,False,True,False
2D,entry_price_vs_ema5_pct>0.118 ∧ entry_rsi>60.1,129.33333333333334,-0.057145644,-0.048589345,-0.21435645,0.065453514,-0.075861804,4,8,-0.027970154,125,24,0.0913505451019988,0.10037515374617778,16,0.13365675371999713,-0.05680578448297001,-0.009024608644178977,False,False,True,False
1D,entry_btc_rsi >T2 64.7,139.66666666666666,-0.04533138,-0.054036945,0.21422681,0.030452536,-0.0025171973,3,9,-0.033849444,108,38,0.10909610131373847,0.09092710865949499,21,-0.2612109632159195,0.21972644033824826,0.018168992654243474,False,False,True,False
2D,entry_btc_ema20_slope≤0.0586 ∧ entry_pos_di>26.2,108.66666666666667,-0.04431545,-0.05353492,0.21352042,-0.14649174,0.13077652,5,9,-0.042518787,103,26,-0.013707630091003599,0.13965460763626947,15,0.15733188013038554,-0.27137941956302186,-0.15336223772727306,False,False,False,False
2D,entry_bear_pct≤20 ∧ entry_btc_adx≤24.9,106.0,-0.04430919,-0.05346024,0.21294838,-0.023456756,0.038195595,5,8,-0.006082747,87,20,0.09718887960391867,0.09836377052755782,12,0.2885133244050776,-0.3176003755750324,-0.0011748909236391492,False,False,False,False
2D,entry_btc_rsi_prev≤62 ∧ entry_gap≤0.354,105.0,-0.04383264,-0.053587485,0.21211448,0.018649096,-0.00085666776,5,9,-0.026466034,101,22,-0.03313070449697623,0.13713918447440876,19,0.22233432103468156,-0.38859766337738777,-0.17026988897138498,False,False,False,False
2D,entry_bear_pct>20 ∧ entry_dist_from_ema13_pct>0.341,96.0,-0.042846814,-0.053608205,0.21068911,-0.028398618,0.05154147,4,8,-0.035315268,110,17,0.20015329715833619,0.07616225443646901,15,-0.1809662516817343,0.33962648597466377,0.12399104272186717,False,False,True,False
2D,entry_btc_trend_gap_pct>0.0932 ∧ entry_quality_score≤4,165.0,-0.04609305,-0.05439995,0.20975932,-0.014112547,0.026741095,3,7,-0.015012529,115,47,0.06151743037203154,0.13322663111606708,22,-0.10555746831488805,-0.024578574946010887,-0.07170920074403554,False,False,False,False
2D,entry_atr_pct>0.455 ∧ entry_bull_pct>71.1,105.0,-0.05835007,-0.048843715,-0.20958653,-0.018762678,-0.001186341,5,8,-0.015842333,102,28,-0.05755041282261494,0.16221817222361745,17,-0.07448139966760675,-0.2420830777158905,-0.2197685850462324,False,False,True,False
2D,entry_btc_ema20_slope≤0.0586 ∧ entry_btc_rsi≤62.8,158.0,-0.045981623,-0.05424886,0.20908165,-0.04051303,0.05064001,5,9,-0.009693503,129,34,-0.009766914130708453,0.15728224568736865,25,0.17888654916560956,-0.41024894281088753,-0.1670491598180771,False,False,False,False
2D,entry_btc_rsi_prev6≤58.3 ∧ entry_ema50_slope≤0.226,108.0,-0.04385223,-0.05367277,0.20879947,0.035503693,-0.021415085,7,9,-0.012942843,90,24,0.14140505678004053,0.08369031652016387,18,0.09652035596204958,0.019915869374306814,0.05771474025987666,False,False,True,False
2D,entry_pair_ema20_ema50_gap_pct≤0.339 ∧ entry_rsi_prev>57.8,95.0,-0.04445262,-0.05311531,0.20791195,0.03614587,-0.01105278,4,8,-0.03749635,95,22,0.29409408705907514,0.03985613833612321,15,0.09113616400868835,0.32859721017895366,0.2542379487229519,False,False,True,False
2D,entry_pos_di>26.2 ∧ entry_range_position>81.7,87.66666666666667,-0.058474217,-0.04929813,-0.20786008,-0.06104724,0.03864315,5,8,-0.032726,96,21,-0.023593021215690745,0.13219836796936368,16,0.0815121121275324,-0.25577959051875354,-0.15579138918505442,False,False,True,False
2D,entry_adx≤22 ∧ entry_pos_di≤26.2,129.33333333333334,-0.05748293,-0.048442468,-0.20708959,0.043818712,-0.060779627,5,9,-0.015795652,121,35,0.24237664509742293,0.015348222520704363,23,0.4135720910386394,0.10139136633515441,0.22702842257671857,False,False,False,False
2D,entry_bull_pct>71.1 ∧ entry_pair_rank≤30,105.66666666666667,-0.058164965,-0.04888495,-0.20644465,-0.017160598,-0.0009118058,4,9,-0.0068922304,94,27,-0.017736845406821914,0.14345389823415886,21,0.14122454554849603,-0.26579707624479154,-0.16119074364098077,False,False,True,False
2D,entry_adx_delta≤0.241 ∧ entry_btc_rsi_prev≤62,114.0,-0.057925828,-0.048724636,-0.20597354,-0.069828905,0.0436137,4,8,-0.012911517,103,24,-0.04997997871891288,0.14748532835314832,18,0.03649160437949689,-0.33171259260739566,-0.1974653070720612,False,False,True,False
2D,entry_btc_atr_pct≤0.146 ∧ entry_ema_gap_5_8>0.0879,95.33333333333333,-0.058018465,-0.049216855,-0.20466481,0.13659266,-0.10041401,4,7,-0.032760695,93,20,0.09091082086076044,0.10001589124944159,14,-0.14505460706252557,0.035949607399796316,-0.00910507038868115,False,False,True,False
2D,entry_btc_ema20_slope≤0.0586 ∧ entry_neg_di>15.8,104.66666666666667,-0.058093872,-0.04893693,-0.20361727,-0.1382956,0.08289759,3,8,-0.028865475,96,23,0.05175110286885625,0.11272806556423393,16,0.8314921505977947,-0.22360194711472098,-0.060976962695377675,False,False,True,False
2D,entry_btc_ema20_slope≤0.0586 ∧ entry_btc_trend_gap_pct≤0.0932,138.33333333333334,-0.05674114,-0.04851625,-0.20343556,-0.08792499,0.055452317,5,8,-0.024496958,120,29,0.1983681202412887,0.05472759201754328,22,0.34582644178505373,-0.06619740508340713,0.1436405282237454,False,False,False,False
2D,entry_btc_ema20_slope≤0.0586 ∧ entry_ema_gap_8_13≤0.132,104.66666666666667,-0.04479046,-0.053265713,0.20207003,-0.049428668,0.057824284,4,8,-0.0077839755,109,30,0.04657040609295799,0.12155018135430347,22,0.19548173165872942,-0.19470565233324091,-0.07497977526134547,False,False,False,False
2D,entry_btc_rsi_prev6≤58.3 ∧ entry_rsi>60.1,108.66666666666667,-0.057433076,-0.04904767,-0.20095932,0.09168951,-0.11149758,5,8,-0.027678985,104,22,0.17689771173170457,0.07469830397399009,16,0.006831656679006842,0.12872380260075175,0.10219940775771448,False,False,False,False
2D,entry_atr_pct>0.455 ∧ entry_btc_atr_pct>0.146,122.0,-0.057868738,-0.04850565,-0.20088798,-0.07560505,0.05769057,3,8,-0.03763343,99,24,0.17720503092027343,0.07175699180675289,16,0.03912597772464005,0.1569573023814098,0.10544803911352053,False,False,False,False
2D,entry_btc_rsi_prev≤62 ∧ entry_price_vs_ema5_pct>0.118,122.0,-0.04501787,-0.053657256,0.20019872,-0.058369443,0.06844788,3,9,-0.03923279,121,24,0.15096723356340228,0.08050292425904329,18,0.36826620513268704,-0.10295290942977225,0.07046430930435899,False,False,True,False
2D,entry_btc_rsi>62.8 ∧ entry_neg_di≤15.8,106.33333333333333,-0.04455522,-0.053388022,0.19995168,0.045983754,-0.028188158,4,8,-0.027538814,109,21,0.29225243561159725,0.04376164005772301,15,-0.39040137558128285,0.7858796388329263,0.24849079555387424,False,False,True,False
2D,entry_btc_atr_pct≤0.146 ∧ entry_bull_pct>71.1,87.66666666666667,-0.04442779,-0.052934162,0.19966446,-0.018313598,0.028527059,3,8,-0.041762903,71,26,-0.04471265701399634,0.15117076049338107,15,-0.050577419563667264,-0.16906115825665463,-0.19588341750737742,False,False,False,False
2D,entry_neg_di≤15.8 ∧ entry_rsi_prev≤57.8,82.66666666666667,-0.05987601,-0.049094435,-0.19939208,-0.056434385,0.041562013,3,7,-0.04843094,102,20,0.24101689294497025,0.06051429333254427,18,-0.2844581954095894,0.48702965979378243,0.18050259961242598,False,False,False,False
2D,entry_atr_pct>0.455 ∧ entry_price_vs_ema5_pct>0.118,138.66666666666666,-0.04537675,-0.05398481,0.19814879,-0.01728556,0.030668255,5,8,-0.014094479,131,31,0.014443377691557447,0.13802583759591522,22,-0.14480152997564338,-0.07460916050980052,-0.12358245990435777,False,False,False,False
2D,entry_adx≤22 ∧ entry_atr_pct≤0.455,92.0,-0.05769808,-0.049392767,-0.19728343,-0.003116317,-0.010817967,4,8,-0.038312912,94,26,0.08826552152349376,0.10177886560802761,17,0.0910028673564588,-0.13183625047050482,-0.013513344084533849,False,False,True,False
2D,entry_pos_di≤26.2 ∧ entry_range_position>81.7,124.33333333333333,-0.05700655,-0.04878827,-0.19724596,0.046279147,-0.05720095,4,9,-0.03630611,115,26,0.21157669587188777,0.05597757227862415,17,0.04929071119972028,0.17365081015730585,0.1555991235932636,False,False,False,False
2D,entry_btc_adx_prev>24.8 ∧ entry_global_volume_ratio>0.823,118.33333333333333,-0.04545477,-0.053386547,0.19602688,0.042790413,-0.007186465,4,8,-0.025257014,96,27,0.18576685526464357,0.06382201536271585,13,0.010061758872545512,0.19119824622646905,0.12194483990192771,False,False,True,False
2D,entry_btc_adx≤24.9 ∧ entry_pair_volume_ratio≤0.763,127.33333333333333,-0.04540753,-0.05364542,0.19586615,-0.036721036,0.04966518,3,9,-0.0327357,111,23,0.1667108910023043,0.07650785834410644,16,-0.00783508661504781,0.10873994570232373,0.09020303265819786,False,False,True,False
2D,entry_pair_ema20_ema50_gap_pct≤0.339 ∧ entry_rsi≤60.1,109.33333333333333,-0.05805105,-0.048816897,-0.19486745,-0.04162415,0.019765425,4,9,-0.04014069,108,32,0.101413394775906,0.09647180498974653,23,0.12232282849523579,-0.07969636706482235,0.004941589786159467,False,False,False,False
2D,entry_adx_delta>0.241 ∧ entry_ema_gap_8_13≤0.132,94.66666666666667,-0.044760272,-0.053018786,0.19481608,-0.06892989,0.07343948,3,8,-0.041287582,97,27,0.2519994422578541,0.03790491610450302,19,0.27794917149572046,0.14097947794688953,0.21409452615335106,False,False,True,False
2D,entry_adx_delta>0.241 ∧ entry_btc_rsi_1h_prev≤54.1,100.66666666666667,-0.057521813,-0.049226236,-0.19208638,-0.06933895,0.046724096,5,7,-0.022105247,95,14,0.23533805571617414,0.07469135819690649,9,-0.2614994116190697,0.4547001415335106,0.16064669751926763,False,False,False,False
2D,entry_btc_dist_from_ema13_pct>0.152 ∧ entry_pair_ema20_ema50_gap_pct>0.339,92.33333333333333,-0.044292897,-0.0530903,0.191644,0.046711262,-0.022704989,4,7,-0.02919035,89,19,-0.11288470982891127,0.15018485245353355,14,-0.2581760014969438,-0.21679305005702076,-0.2630695622824448,False,False,False,False
2D,entry_ema20_slope>0.146 ∧ entry_quality_score≤4,152.66666666666666,-0.05606309,-0.048463732,-0.1916064,-0.019881755,0.002536673,4,8,-0.018272657,135,39,0.06075136863751284,0.12368632939139944,25,-0.12040024427056487,-0.05046836169899568,-0.0629349607538866,False,False,True,False
2D,entry_btc_dist_from_ema13_pct>0.152 ∧ entry_pos_di≤26.2,124.0,-0.05731521,-0.048670735,-0.19113676,0.029538706,-0.047037307,5,9,-0.02715728,104,25,0.2325998909022389,0.05076657576925067,15,0.24511983166561283,0.13773244393562117,0.18183331513298823,False,False,False,False
2D,entry_ema20_slope>0.146 ∧ entry_ema_gap_5_8>0.0879,166.33333333333334,-0.055755652,-0.04826095,-0.19087544,-0.007544603,-0.008778214,4,8,-0.02497764,138,35,0.1772795049823986,0.05269904061948881,22,-0.16387029065243316,0.29666329853861767,0.1245804643629098,False,False,False,False
2D,entry_ema50_slope≤0.226 ∧ entry_neg_di≤15.8,108.33333333333333,-0.04477125,-0.053369977,0.19081545,-0.021808788,0.037138663,4,9,-0.014468726,104,23,0.11267158329925939,0.093533941593011,17,-0.11432563555058461,0.04924578075783876,0.01913764170624839,False,False,True,False
2D,entry_adx_delta>0.241 ∧ entry_btc_rsi_1h≤57.2,99.33333333333333,-0.044904836,-0.053092744,0.1893888,-0.027160171,0.039562747,4,7,-0.01603996,96,14,0.17867122163132396,0.08436618352846628,9,-0.2614994116190697,0.3396664683412647,0.09430503810285767,False,False,True,False
2D,entry_btc_rsi_prev6>58.3 ∧ entry_gap≤0.354,101.33333333333333,-0.04491878,-0.053138778,0.18920772,0.037233658,-0.012691915,4,8,-0.018183772,99,27,0.14516454463890718,0.07970987604235179,21,0.13580516574361343,-0.040338307365658035,0.0654546685965554,False,False,True,False
2D,entry_btc_adx≤24.9 ∧ entry_gap≤0.354,92.0,-0.04421058,-0.053104185,0.18908559,0.081256926,-0.07316738,3,9,-0.030503277,93,22,-0.15332137084827144,0.17287154474101002,18,-0.07836684808032979,-0.6115812688210921,-0.32619291558928143,False,False,False,False
2D,entry_pair_rank>30 ∧ entry_quality_score>4,47.666666666666664,-0.041949987,-0.052347507,0.18685281,0.13388911,-0.104506716,3,8,-0.038532138,59,8,-0.05988009687044375,0.11248255599018546,8,0.14680230591438564,-0.35695532990763473,-0.1723626528606292,False,False,False,False
2D,entry_btc_atr_pct>0.146 ∧ entry_rsi≤60.1,101.66666666666667,-0.05849679,-0.048895374,-0.18664771,-0.08131558,0.059754927,4,8,-0.06925493,89,22,0.21974402333694917,0.061960211334593084,15,0.0055707593461674365,0.2828111360200032,0.15778381200235608,False,False,False,False
2D,entry_btc_ema20_slope≤0.0586 ∧ entry_ema_gap_5_8≤0.0879,110.33333333333333,-0.05711992,-0.049112786,-0.1858139,-0.16059057,0.11619032,4,8,-0.036203682,111,34,0.04276058797796839,0.12847684130519102,26,0.18273128672140654,-0.22290142101689003,-0.08571625332722263,False,False,True,False
2D,entry_bear_pct≤20 ∧ entry_btc_dist_from_ema13_pct>0.152,128.33333333333334,-0.056476742,-0.048906118,-0.18548684,0.069167174,-0.073248684,4,9,-0.019854981,93,23,0.09436084212909081,0.09930307922196821,14,0.295929849103195,-0.24539075498089988,-0.004942237092877402,False,False,True,False
2D,entry_btc_rsi≤62.8 ∧ entry_dist_from_ema13_pct≤0.341,104.66666666666667,-0.044956014,-0.05321184,0.1849134,0.10659553,-0.08465828,5,8,-0.023654517,107,24,-0.09837863367617404,0.16361821333890203,21,0.14625552420528998,-0.615441761048112,-0.2619968470150761,False,False,False,False
2D,entry_ema50_slope>0.226 ∧ entry_quality_score≤4,159.66666666666666,-0.055731263,-0.04846293,-0.18472895,-0.03198425,0.015297029,4,8,-0.023429241,132,38,0.20787837006662394,0.026207691200707935,24,-0.043939971017053825,0.35298495292654325,0.181670678865916,False,False,False,False
2D,entry_btc_rsi>62.8 ∧ entry_btc_rsi_prev≤62,43.0,-0.041416794,-0.05228074,0.18410428,-0.05874196,0.07282094,4,7,-0.04079735,64,9,0.7100795589264877,0.034812737032579075,8,0.7051406687119689,0.6859411359628994,0.6752668218939086,False,False,True,False
2D,entry_btc_ema20_slope≤0.0586 ∧ entry_pair_ema20_ema50_gap_pct≤0.339,98.33333333333333,-0.044749457,-0.053114355,0.18384275,-0.044721365,0.05401493,5,9,-0.044771817,99,26,0.14068508260070617,0.08230874292220586,20,0.1747789502250396,-0.17655394869590602,0.05837633967850031,False,False,True,False
1D,entry_btc_dist_from_ema13_pct >T2 0.201,142.0,-0.05633099,-0.048615023,-0.18376687,0.07603133,-0.09372782,5,9,-0.023168448,96,20,0.2566294334257153,0.05640573004813769,15,-0.13579735285021674,0.44549967985757605,0.2002237033775776,False,False,False,False
2D,entry_ema_gap_8_13≤0.132 ∧ entry_pair_volume_ratio>0.763,106.66666666666667,-0.045537643,-0.053069416,0.18270862,0.07642554,-0.043666348,4,8,-0.04176267,106,27,0.13982373819615607,0.08179975682429791,20,0.15063074933759368,-0.010690242192330774,0.05802398137185816,False,False,True,False
2D,entry_adx_prev≤22.1 ∧ entry_ema5_stretch≤0.118,77.0,-0.04342799,-0.0528948,0.1825515,0.050200123,-0.03205425,3,8,-0.025582034,94,18,0.20149558676266452,0.07426286654416424,16,-0.14934517572711384,0.3457133252051039,0.1272327202185003,False,False,True,False
2D,entry_btc_rsi>62.8 ∧ entry_pair_ema20_ema50_gap_pct>0.339,103.66666666666667,-0.05722144,-0.049245607,-0.18144752,-0.04697585,0.024029933,5,7,-0.033275977,105,23,0.24425593158982728,0.0520758592548869,17,-0.3243909243713779,0.5095381275484778,0.1921800723349404,False,False,False,False
2D,entry_adx_delta≤0.241 ∧ entry_bear_pct>20,101.0,-0.0445327,-0.053250212,0.18062249,0.070034735,-0.050723758,5,8,-0.029796608,97,24,-0.06875340445071985,0.1537431369304173,19,-0.10406981902101342,-0.2588618865735769,-0.22249654138113717,False,False,False,False
2D,entry_btc_rsi_1h≤57.2 ∧ entry_gap>0.354,111.0,-0.056740746,-0.04922932,-0.17971453,-0.0038826317,-0.009781957,4,8,-0.02881345,103,16,0.029499590878557212,0.11184288372644817,11,-0.08965983672456199,-0.04474918370981279,-0.08234329284789096,False,False,True,False
2D,entry_adx_prev≤22.1 ∧ entry_range_position≤81.7,87.0,-0.058622193,-0.049278222,-0.17870109,0.04689894,-0.06253758,4,8,-0.049048215,105,19,-0.05822955842615477,0.13669851639311315,18,-0.27000133369730256,-0.13741284524284364,-0.1949280748192679,False,False,True,False
2D,entry_atr_pct≤0.455 ∧ entry_btc_rsi_prev≤62,98.66666666666667,-0.057094347,-0.049405582,-0.17696132,0.0092668645,-0.024395391,5,9,-0.015857626,95,21,0.03486636650236202,0.11582973940830892,19,0.34310014337475636,-0.403957121410185,-0.08096337290594689,False,False,True,False
2D,entry_ema_gap_8_13≤0.132 ∧ entry_pair_volume_ratio≤0.763,106.66666666666667,-0.045215745,-0.053176824,0.17679755,0.02152213,-0.005139366,5,9,-0.013407264,114,27,-0.03916822921260542,0.15184009189729153,18,0.06807779227493443,-0.27492897417598644,-0.19100832110989696,False,False,False,False
2D,entry_btc_dist_from_ema13_pct>0.152 ∧ entry_pair_ema20_ema50_gap_pct≤0.339,120.33333333333333,-0.045678027,-0.053350598,0.17601624,0.014189411,-0.0028472766,5,9,-0.008462638,92,25,0.26290776539590693,0.040094788975705585,16,0.04037040572199474,0.3271289964893407,0.22281297642020134,False,False,True,False
2D,entry_btc_trend_gap_pct>0.0932 ∧ entry_global_volume_ratio≤0.823,98.66666666666667,-0.04473023,-0.053128652,0.17569727,-0.09400565,0.12349791,4,7,-0.019540828,87,25,0.17669543484709346,0.07045124339430187,16,0.013374327325773316,0.219302493962364,0.1062441914527916,False,False,True,False
2D,entry_pos_di≤26.2 ∧ entry_rsi_prev>57.8,77.33333333333333,-0.044047084,-0.052766655,0.17484003,0.13882217,-0.10120843,3,8,-0.06479922,97,17,0.12366492079715019,0.0926217784635597,13,-0.055787630963976986,0.01390412591023671,0.031043142333590484,False,False,True,False
2D,entry_ema5_stretch≤0.118 ∧ entry_range_position>81.7,82.66666666666667,-0.057528943,-0.049659006,-0.17348206,0.043392196,-0.055190254,5,8,-0.016313944,98,18,0.293467679582712,0.05303853743184558,15,-0.03928205671735521,0.4749164490658456,0.24042914215086644,False,False,False,False
2D,entry_adx_prev>22.1 ∧ entry_ema50_slope>0.226,116.0,-0.045885436,-0.05316593,0.172895,-0.0729609,0.07548102,3,8,-0.043719105,108,25,0.1324346418334605,0.08603602966670786,17,-0.004203356095289046,0.11024259828127432,0.04639861216675263,False,False,True,False
2D,entry_btc_adx_prev>24.8 ∧ entry_btc_ema20_slope≤0.0586,110.66666666666667,-0.05676829,-0.0492276,-0.17225747,-0.11824159,0.07548163,3,7,-0.013725363,100,34,0.261556659722971,0.008491898735350892,21,0.20054716982223061,0.279147911584649,0.2530647609876201,False,False,False,False
2D,entry_bear_pct≤20 ∧ entry_pair_rank≤30,108.66666666666667,-0.05683532,-0.049252152,-0.17154165,0.042284157,-0.037778948,4,9,-0.027303405,96,27,0.05855929403837349,0.11359888714690845,19,0.11241158765376907,-0.17428365007828645,-0.055039593108534964,False,False,True,False
2D,entry_ema50_slope≤0.226 ∧ entry_ema_gap_8_13>0.132,88.66666666666667,-0.04433587,-0.052983485,0.17109995,-0.04526345,0.06262796,3,8,-0.03345989,88,17,0.08180676457682166,0.10162922980211138,11,-0.14566414965443983,0.05940172051781819,-0.019822465225289715,False,False,False,False
2D,entry_btc_rsi_prev≤62 ∧ entry_btc_trend_gap_pct≤0.0932,138.33333333333334,-0.046442635,-0.053462867,0.17079033,-0.01611768,0.027712177,3,8,-0.04496172,114,25,0.25289883679066194,0.04361905961135524,20,0.43851463778801925,0.01748253529231789,0.2092797771793067,False,False,True,False
2D,entry_adx_delta≤0.241 ∧ entry_ema_gap_8_13≤0.132,118.66666666666667,-0.045868456,-0.053235587,0.17005196,0.14779022,-0.1103579,5,9,-0.031037416,111,27,-0.15134393327430348,0.19573493261708644,18,-0.11817575487288134,-0.39715523143867903,-0.3470788658913899,False,False,False,False
2D,entry_btc_rsi_prev≤62 ∧ entry_ema_gap_5_8>0.0879,107.33333333333333,-0.056842174,-0.049281545,-0.16961423,-0.10253354,0.07963758,5,8,-0.030410148,110,14,0.4766907603028683,0.033484798877227016,12,0.29169191156762364,0.5354101067633485,0.4432059614256413,False,False,False,False
2D,entry_atr_pct>0.455 ∧ entry_btc_dist_from_ema13_pct≤0.152,107.33333333333333,-0.045285467,-0.053170007,0.16917083,-0.011039574,0.024361003,6,7,-0.0024163425,103,29,0.16802245935405835,0.06786228105828473,20,-0.05796334714585205,0.21899787594687803,0.10016017829577362,False,False,True,False
2D,entry_ema_gap_8_13≤0.132 ∧ entry_neg_di≤15.8,96.0,-0.056869347,-0.04953304,-0.1675534,0.021912273,-0.03909575,5,8,-0.030412257,110,22,0.07551478126047048,0.10483917519516782,19,-0.043759441076582556,-0.07713862653247704,-0.029324393934697338,False,False,True,False
2D,entry_btc_rsi≤62.8 ∧ entry_range_position>81.7,108.0,-0.045685507,-0.053050794,0.16242982,0.011089042,0.00044383854,4,8,-0.03731599,104,25,0.0030094237972060657,0.1316082895386284,18,0.06339842993135122,-0.33580909384718355,-0.12859886574142235,False,False,False,False
2D,entry_adx_delta>0.241 ∧ entry_quality_score≤4,179.33333333333334,-0.054779008,-0.048575588,-0.16223648,-0.04263808,0.025051892,5,8,-0.013244238,144,46,0.23142108335164885,-0.02451891364006153,28,0.14452460984259208,0.2780868774565582,0.2559399969917104,False,False,False,False
2D,entry_ema50_slope>0.226 ∧ entry_pair_volume_ratio>0.763,110.0,-0.046020783,-0.052980777,0.16212218,0.06775596,-0.034295794,4,8,-0.016963553,114,26,-0.04164177829208869,0.1500301483966725,19,-0.2693647489569088,-0.11279467364269452,-0.1916719266887612,False,False,False,False
2D,entry_btc_rsi_prev6>58.3 ∧ entry_pair_rank>30,95.66666666666667,-0.04577147,-0.052751213,0.16104104,-0.050999492,0.056343067,5,8,-0.03342605,100,28,0.15978673679058106,0.07272640473583088,23,-0.16883085494664019,0.2502940775617561,0.08706033205475018,False,False,True,False
2D,entry_btc_adx_prev≤24.8 ∧ entry_global_volume_ratio≤0.823,118.66666666666667,-0.056373857,-0.049183663,-0.16053888,-0.08438146,0.07411139,2,8,-0.0848213,100,18,0.06422653841828277,0.10594033923902152,12,0.25810135805445,-0.1226588221508684,-0.04171380082073875,False,False,True,False
2D,entry_btc_adx≤24.9 ∧ entry_ema20_slope≤0.146,97.33333333333333,-0.056960844,-0.049476244,-0.1602702,0.025338126,-0.04762272,6,9,-0.016032074,94,16,-0.15076848178520208,0.14789649825920007,15,-0.03661473600614695,-0.7067455356766726,-0.2986649800444021,False,False,True,False
2D,entry_btc_ema20_slope≤0.0586 ∧ entry_price_vs_ema5_pct≤0.118,105.66666666666667,-0.046112552,-0.05285649,0.16012418,-0.13311905,0.11727084,4,7,-0.03159576,103,25,0.25372129839246216,0.043329460455791766,20,0.35092981300957604,0.08387239456661111,0.21039183793667038,False,False,True,False
2D,entry_btc_ema20_slope>0.0586 ∧ entry_ema_gap_8_13≤0.132,108.66666666666667,-0.04594135,-0.05297873,0.15903164,0.14253715,-0.10581651,4,9,-0.04170549,98,24,0.055024439990296964,0.11248385545007837,17,0.024295470631438082,-0.09756576254944056,-0.05745941545978141,False,False,False,False
2D,entry_btc_adx_prev≤24.8 ∧ entry_rsi_prev≤57.8,129.66666666666666,-0.055942096,-0.04910578,-0.15854327,-0.12112507,0.099574015,3,8,-0.061992317,112,17,0.06134647246023869,0.10603207747276848,14,0.2449126950612847,-0.18995417660733158,-0.04468560501252979,False,False,True,False
2D,entry_atr_pct≤0.455 ∧ entry_btc_ema20_slope≤0.0586,101.33333333333333,-0.056047652,-0.049668845,-0.15635586,-0.09169731,0.06132734,4,9,-0.029206078,99,26,0.07534609795145505,0.10657750864907053,22,0.3912790577531753,-0.3955978956256266,-0.03123141069761548,False,False,True,False
2D,entry_btc_adx_prev≤24.8 ∧ entry_bull_pct>71.1,103.33333333333333,-0.04629358,-0.052749846,0.15517595,-0.011769742,0.022078495,6,8,-0.02882405,81,20,0.04125695476047071,0.11308269811793889,14,0.3616643487408044,-0.36153269192943566,-0.07182574335746818,False,False,False,False
2D,entry_ema5_stretch>0.118 ∧ entry_rsi>60.1,129.0,-0.055470873,-0.04932554,-0.15386996,0.0708583,-0.075861804,4,8,-0.030698352,125,24,0.0913505451019988,0.10037515374617778,16,0.13365675371999713,-0.05680578448297001,-0.009024608644178977,False,False,True,False
2D,entry_ema_gap_5_8≤0.0879 ∧ entry_neg_di>15.8,116.66666666666667,-0.04628882,-0.053029634,0.15186277,0.014944436,0.0055786297,6,9,-0.007321108,108,33,0.005284637874637134,0.14674652543348798,20,0.3439957925417447,-0.2523351357647148,-0.14146188755885086,False,False,False,False
2D,entry_adx_prev≤22.1 ∧ entry_ema_gap_8_13≤0.132,100.0,-0.056445096,-0.049573116,-0.15158752,-0.0052543506,-0.008677419,3,7,-0.029384077,111,29,0.025931951108812436,0.12936414283607775,20,0.2011091680530647,-0.32167268347947275,-0.10343219172726531,False,False,True,False
2D,entry_adx≤22 ∧ entry_ema50_slope>0.226,96.0,-0.0564874,-0.049644038,-0.15067036,0.12785085,-0.09728618,6,8,-0.0129768215,97,24,0.06651447106002717,0.10865384509350165,20,-0.11913195199551371,0.029546416763731768,-0.04213937403347448,False,False,True,False
2D,entry_btc_dist_from_ema13_pct≤0.152 ∧ entry_price_vs_ema5_pct>0.118,90.66666666666667,-0.045431115,-0.05273918,0.14911121,0.026750423,-0.01158341,3,8,-0.013183765,96,25,-0.023038747757115053,0.140780180930995,17,-0.258173295259798,-0.0797189743710986,-0.16381892868811007,False,False,False,False
2D,entry_btc_rsi_prev6>58.3 ∧ entry_ema20_slope≤0.146,111.33333333333333,-0.055842515,-0.04953886,-0.14907801,0.017838877,-0.024430666,4,8,-0.022667138,107,29,0.14171149694436408,0.07925060807143598,22,0.2132505219536447,-0.05056887348777054,0.0624608888729281,False,False,False,False
2D,entry_ema50_slope>0.226 ∧ entry_gap≤0.354,72.0,-0.04494329,-0.05245331,0.14864387,0.12330745,-0.07351952,5,9,-0.044130467,90,17,0.06663990896037308,0.10489298354235983,13,-0.252156630568722,0.09677648343470563,-0.03825307458198675,False,False,False,False
1D,entry_ema_gap_8_13 >T2 0.151,141.0,-0.04705662,-0.05322508,0.1472401,-0.05021711,0.05577835,5,8,-0.0044423006,130,27,0.13259242145834793,0.0846294025043098,16,0.03584866987295399,0.029815776748544746,0.047963018954038136,False,False,True,False
2D,entry_pair_ema20_ema50_gap_pct>0.339 ∧ entry_pair_volume_ratio≤0.763,104.0,-0.056210067,-0.04956368,-0.14596769,-0.07801032,0.058622614,3,7,-0.016295372,112,20,0.24537469921133032,0.059367502209817916,17,0.15478474083542815,0.2455825780852783,0.18600719700151241,False,False,False,False
2D,entry_adx≤22 ∧ entry_bull_pct≤71.1,98.66666666666667,-0.05679204,-0.049496613,-0.14536692,-0.048547216,0.03369761,4,9,-0.040682994,102,22,0.18843593481265095,0.07126802143641148,17,-0.17432283357863276,0.3160409465449147,0.11716791337623947,False,False,False,False
2D,entry_btc_rsi_prev≤62 ∧ entry_rsi≤60.1,110.66666666666667,-0.046135195,-0.05295537,0.14440517,-0.13320115,0.12763366,5,9,-0.04937911,111,25,-0.04186760037893769,0.14741005861473538,18,0.16896852675225824,-0.3054590947906038,-0.18927765899367308,False,False,False,False
2D,entry_btc_atr_pct>0.146 ∧ entry_range_position≤81.7,83.33333333333333,-0.04464944,-0.052772842,0.14424156,0.0017631017,0.00993574,5,8,-0.027702734,81,14,0.3811706389249248,0.049793112283217374,12,,0.41806521480205655,0.33137752664170744,False,False,True,False
2D,entry_atr_pct≤0.455 ∧ entry_ema20_slope≤0.146,146.33333333333334,-0.054797646,-0.049296964,-0.14341599,0.005718544,-0.013507597,5,8,-0.020362522,118,34,0.07970863858212224,0.10821500710291315,22,0.02753159466684596,-0.09658965261519545,-0.028506368520790915,False,False,True,False
2D,entry_adx_delta>0.241 ∧ entry_btc_dist_from_ema13_pct≤0.152,113.0,-0.05557435,-0.04960204,-0.14309102,-0.029691413,0.014569238,4,7,-0.014386736,109,30,0.26638396352975835,0.02163492797393971,19,0.2306134343176831,0.2170887569264196,0.24474903555581864,False,False,False,False
2D,entry_adx_prev≤22.1 ∧ entry_btc_rsi_prev6>58.3,93.0,-0.045900606,-0.052659344,0.14290895,-0.008285016,0.019223243,5,8,-0.030824713,100,22,0.02617640385898683,0.11950734144966293,17,0.09228926534357798,-0.2692794933524203,-0.09333093759067611,False,False,False,False
2D,entry_gap>0.354 ∧ entry_range_position≤81.7,111.0,-0.04641003,-0.052865826,0.14270496,-0.119789556,0.11439275,2,7,-0.04867386,115,22,-0.049118813813621064,0.141892406163141,17,-0.4917814304717564,0.002946245389877403,-0.19101121997676207,False,False,False,False
2D,entry_btc_1h_slope≤0.0639 ∧ entry_pair_ema20_ema50_gap_pct>0.339,87.66666666666667,-0.046261176,-0.05245957,0.14011152,0.01110721,0.005450595,4,7,-0.017954692,87,16,0.1838492866110103,0.08097294457995759,11,-0.18546336917923062,0.2789720560285769,0.10287634203105271,False,False,True,False
2D,entry_ema5_stretch≤0.118 ∧ entry_pair_ema20_ema50_gap_pct≤0.339,105.33333333333333,-0.0556974,-0.0497043,-0.1369017,0.007091023,-0.016099006,5,9,-0.008122269,99,25,0.14627355085817118,0.08116317437631676,19,0.16331531345044625,-0.17695897675348804,0.06511037648185442,False,False,False,False
2D,entry_ema5_stretch≤0.118 ∧ entry_neg_di≤15.8,118.66666666666667,-0.047029376,-0.05278783,0.13637716,0.0016153716,0.008372661,5,7,-0.0058873557,117,25,0.2641484424380805,0.0396579308622642,19,-0.09041482095297146,0.46957079292779236,0.2244905115758163,False,False,True,False
2D,entry_btc_dist_from_ema13_pct≤0.152 ∧ entry_btc_ema20_slope≤0.0586,162.0,-0.05451945,-0.049141444,-0.13624509,-0.063702784,0.044698242,4,9,-0.018412787,122,36,0.08515040880726055,0.1059001572518565,25,0.11837854055395591,-0.10659064531688014,-0.020749748444595956,False,False,True,False
2D,entry_btc_rsi_prev6≤58.3 ∧ entry_global_volume_ratio≤0.823,106.66666666666667,-0.056113504,-0.049540453,-0.1350509,-0.018400904,0.0012511648,2,8,-0.019394454,102,22,0.19662116930762227,0.06883457334331189,14,0.2832193714804013,0.1496740414992454,0.12778659596431038,False,False,False,False
2D,entry_btc_ema20_slope>0.0586 ∧ entry_rsi≤60.1,104.0,-0.04630907,-0.052758206,0.13433096,0.010415256,0.0026814193,5,9,-0.02460597,98,26,0.07974503247463492,0.10494361868331803,20,0.011892890812952889,-0.0016527343671150453,-0.025198586208683108,False,False,False,False
2D,entry_ema20_slope>0.146 ∧ entry_global_volume_ratio≤0.823,97.66666666666667,-0.046145942,-0.052682403,0.13370676,-0.054149043,0.06365517,5,8,-0.012555588,110,26,0.15808190808930625,0.07584706488358296,18,0.016333795466416584,0.17457650569001984,0.08223484320572329,False,False,True,False
2D,entry_atr_pct>0.455 ∧ entry_btc_atr_pct≤0.146,91.0,-0.056090757,-0.049853716,-0.13269266,0.04670139,-0.040624138,5,7,-0.010499887,81,25,-0.008228075830919349,0.13556515560486979,17,-0.14464381295106915,-0.1085743081551401,-0.14379323143578915,False,False,True,False
2D,entry_pos_di>26.2 ∧ entry_range_position≤81.7,125.33333333333333,-0.04743527,-0.052746356,0.13135822,-0.049146805,0.04901045,4,9,-0.036311287,108,30,0.026404150392022464,0.13071666121836512,19,-0.2677498875715892,0.0014408451569413467,-0.10431251082634266,False,False,False,False
2D,entry_atr_pct≤0.455 ∧ entry_ema50_slope>0.226,83.66666666666667,-0.055795714,-0.050059233,-0.13084032,0.05053604,-0.0453871,4,8,-0.020806026,90,21,0.10768564738369239,0.09544034076153639,14,-0.14909271957942571,0.1277856140829905,0.012245306622156005,False,False,False,False
2D,entry_atr_pct>0.455 ∧ entry_bull_pct≤71.1,108.0,-0.055902656,-0.04958445,-0.12935379,-0.033097625,0.01773671,5,8,-0.021712042,113,21,0.26945859073079986,0.050143916624346335,18,-0.025391183915325244,0.3796092505723795,0.21931467410645353,False,False,False,False
2D,entry_adx_prev>22.1 ∧ entry_pair_volume_ratio≤0.763,94.0,-0.055739526,-0.049896758,-0.12916295,-0.07173857,0.04826066,4,8,-0.037464723,108,19,0.15625185000444988,0.08377453249465223,14,-0.051304380844105324,0.14777644121740163,0.07247731750979765,False,False,False,False
2D,entry_ema20_slope≤0.146 ∧ entry_quality_score>4,34.0,-0.058883157,-0.050517872,-0.12828797,0.19535312,-0.16962257,4,8,-0.05531372,46,4,-0.2190940794610232,0.11191087467409633,4,,-0.393076053309905,-0.33100495413511954,False,False,False,False
2D,entry_btc_ema20_slope≤0.0586 ∧ entry_bull_pct>71.1,70.66666666666667,-0.056608684,-0.050107382,-0.12766796,-0.033566076,0.013707977,5,8,-0.032125928,73,28,0.15968737624626703,0.07276731790113666,19,0.07583388536984162,0.11412953490479306,0.08692005834513036,False,False,False,False
2D,entry_adx_delta>0.241 ∧ entry_bear_pct≤20,106.66666666666667,-0.05515983,-0.049858674,-0.12727292,0.04944907,-0.05301258,5,8,-0.027220074,94,27,0.14045917964436339,0.0815511058228255,19,0.08053827535229918,0.015920711280538867,0.058908073821537885,False,False,False,False
2D,entry_btc_ema20_slope>0.0586 ∧ entry_ema20_slope>0.146,105.0,-0.046894662,-0.052586917,0.1259458,0.034598105,-0.025563765,4,8,-0.055946257,94,27,-0.05477637510177519,0.1579476272452275,20,-0.3927609567687345,-0.08940914036994174,-0.2127240023470027,False,False,False,False
2D,entry_ema_gap_5_8≤0.0879 ∧ entry_range_position≤81.7,121.33333333333333,-0.04721265,-0.052765258,0.12564695,0.007706918,0.0054502003,6,9,-0.038170822,118,34,0.10017090063924455,0.09699376661997505,22,0.27895285370076195,-0.08404022378480577,0.003177134019269501,False,False,True,False
2D,entry_btc_rsi_prev6≤58.3 ∧ entry_range_position≤81.7,100.66666666666667,-0.05587081,-0.049736578,-0.12219185,0.020721389,-0.030052632,4,9,-0.058888115,112,22,0.01490724311537967,0.12285763248154619,17,-0.41467295466433046,0.07712928294346193,-0.10795038936616652,False,False,True,False
2D,entry_adx_prev>22.1 ∧ entry_atr_pct≤0.455,119.0,-0.04765352,-0.052552395,0.12215406,0.04678562,-0.025389522,4,8,-0.029862741,98,20,0.19098950447126117,0.0736793955624677,16,0.13910705347482305,0.10081515043107662,0.11731010890879347,False,False,True,False
2D,entry_btc_rsi≤62.8 ∧ entry_bull_pct>71.1,81.33333333333333,-0.05609274,-0.05002801,-0.121403225,0.0034259073,-0.013001997,4,8,-0.017688196,73,27,0.01609126606159488,0.13021681113782183,19,0.21798160260729577,-0.30466503306483367,-0.11412554507622695,False,False,True,False
2D,entry_btc_atr_pct≤0.146 ∧ entry_neg_di≤15.8,117.66666666666667,-0.05467213,-0.049855676,-0.12125143,0.060322072,-0.052550506,5,7,-0.008907471,102,29,0.16228791801074105,0.07034439596807876,20,-0.16083967273737357,0.2195530039154745,0.09194352204266229,False,False,False,False
2D,entry_adx_delta≤0.241 ∧ entry_gap>0.354,97.0,-0.046821535,-0.05247019,0.12080796,-0.09300401,0.084912956,4,8,-0.034889437,106,21,-0.0011952450229555272,0.1259269906353978,16,0.06173494521156411,-0.20085930274923314,-0.12712223565835334,False,False,False,False
1D,entry_price_vs_ema5_pct >T2 0.156,142.0,-0.05455701,-0.049500976,-0.12054632,-0.0120374,-0.00020131096,2,9,-0.037009764,134,30,-0.08397850793029119,0.18089059681941672,23,-0.23942721931203287,-0.23518136617263355,-0.26486910474970793,False,False,True,False
2D,entry_btc_rsi_prev6>58.3 ∧ entry_gap>0.354,108.66666666666667,-0.054882873,-0.049920045,-0.11878571,-0.069231115,0.048217356,3,8,-0.030270733,103,23,0.032638584558404696,0.11874981790862277,16,-0.21436580410045075,-0.0008943533486576727,-0.08611123335021807,False,False,True,False
2D,entry_btc_rsi_prev>62 ∧ entry_pair_ema20_ema50_gap_pct>0.339,109.33333333333333,-0.055048525,-0.049852468,-0.11818104,0.060818672,-0.062283024,4,7,-0.04197205,110,22,0.00035142039594194716,0.12718503923597363,15,-0.45197461513204207,0.08174844322072439,-0.1268336188400317,False,False,True,False
2D,entry_neg_di≤15.8 ∧ entry_rsi≤60.1,93.0,-0.05582018,-0.04989179,-0.11730215,-0.11790577,0.109275274,3,7,-0.07792064,112,22,0.06447766767668829,0.10812047923358956,20,-0.20343844356579877,0.03563053428544029,-0.043642811556901265,False,False,True,False
2D,entry_btc_dist_from_ema13_pct≤0.152 ∧ entry_dist_from_ema13_pct>0.341,91.33333333333333,-0.055646278,-0.049968697,-0.11720268,-0.013516951,0.0006033294,3,8,-0.041011192,99,25,0.12342630369271029,0.08920797971626779,18,-0.08373976427819133,0.11020144364522338,0.034218323976442505,False,False,False,False
2D,entry_dist_from_ema13_pct≤0.341 ∧ entry_pair_ema20_ema50_gap_pct≤0.339,113.0,-0.054796226,-0.049882658,-0.11565746,0.055894915,-0.05473983,5,9,-0.02397917,104,28,0.12326485882477126,0.08776482507469374,22,0.21390171936532562,-0.1755775856256148,0.035500033750077514,False,False,False,False
2D,entry_ema50_slope>0.226 ∧ entry_neg_di>15.8,108.0,-0.05488394,-0.04993007,-0.114871226,-0.034325775,0.018847268,4,9,-0.025935225,99,24,0.037541520354825914,0.11831149532856872,18,-0.0005916500939592839,0.004301622969405746,-0.0807699749737428,False,False,True,False
2D,entry_ema5_stretch>0.118 ∧ entry_ema_gap_8_13>0.132,124.33333333333333,-0.05470008,-0.04973784,-0.1143336,-0.042692944,0.029836357,3,8,-0.024031337,121,24,0.07548892821006341,0.10566235937682286,17,-0.04655180079036253,-0.029776872900912587,-0.030173431166759454,False,False,True,False
2D,entry_bear_pct≤20 ∧ entry_gap>0.354,114.66666666666667,-0.047744635,-0.052450757,0.11416034,0.05108979,-0.030856717,4,8,-0.034292914,99,26,-0.10838825043734122,0.1748216951934806,17,-0.08859919798842028,-0.40121867710813636,-0.2832099456308218,False,False,False,False
2D,entry_dist_from_ema13_pct≤0.341 ∧ entry_range_position>81.7,84.66666666666667,-0.047175214,-0.052178647,0.11308869,0.07816523,-0.054809403,5,8,-0.02205357,97,22,0.058860027149551894,0.10979058857949497,19,-0.005918950253706229,-0.15142326525003239,-0.05093056142994308,False,False,False,False
2D,entry_btc_rsi>62.8 ∧ entry_neg_di>15.8,106.66666666666667,-0.054716397,-0.050006647,-0.11121692,-0.054553047,0.03291994,5,9,-0.013165325,100,31,0.12210171238017567,0.08668109335980502,20,0.08697859128450355,0.08546357784823523,0.03542061902037065,False,False,False,False
2D,entry_btc_rsi_prev6≤58.3 ∧ entry_rsi≤60.1,107.66666666666667,-0.0470443,-0.052584,0.11081644,-0.064501695,0.068245985,5,9,-0.019875169,109,24,0.0357310143325611,0.11891499733599033,17,0.059295721029565124,-0.055534260384035375,-0.08318398300342922,False,False,False,False
2D,entry_adx_prev>22.1 ∧ entry_rsi>60.1,93.0,-0.04757032,-0.052193493,0.10988175,0.12209763,-0.10036936,5,8,-0.038955007,102,13,0.10115916554134675,0.09764283132693086,13,0.10876620002124385,-0.18818118131225864,0.0035163342144158977,False,False,True,False
2D,entry_ema20_slope≤0.146 ∧ entry_neg_di≤15.8,94.66666666666667,-0.054947756,-0.05011101,-0.1060801,0.059208367,-0.0749126,5,8,-0.013947289,104,20,0.14719783222487706,0.08520351983783195,17,-0.0583642026006716,0.11209730370705173,0.061994312387045114,False,False,False,False
2D,entry_adx_prev>22.1 ∧ entry_quality_score≤4,155.66666666666666,-0.048563972,-0.052692413,0.10422491,-0.041534796,0.043753922,3,8,-0.027772523,126,36,0.16144229465122859,0.06012502574547569,22,-0.05832337923309838,0.19668791224046722,0.1013172689057529,False,False,True,False
2D,entry_btc_adx_prev>24.8 ∧ entry_rsi_prev>57.8,129.33333333333334,-0.053999852,-0.049959235,-0.10311094,-0.006442204,0.0021258965,4,7,-0.04482909,106,26,0.25595163867638504,0.039495450665525116,14,0.13297138071402909,0.2462235171136838,0.21645618801085992,False,False,False,False
2D,entry_btc_adx≤24.9 ∧ entry_ema50_slope≤0.226,99.0,-0.054798763,-0.05009204,-0.10301037,-0.11075612,0.109921575,5,9,-0.059473433,78,22,0.15044704193367175,0.08256201661664853,15,0.09500230120692746,-0.08656493667980254,0.06788502531702323,False,False,False,False
2D,entry_ema_gap_5_8>0.0879 ∧ entry_rsi_prev>57.8,123.66666666666667,-0.054127034,-0.049982913,-0.102675214,0.10488273,-0.100126624,5,9,-0.047912214,120,24,0.09268738384710591,0.09992954083114206,16,-0.19658198814201405,0.09487734474091163,-0.007242156984036144,False,False,True,False
2D,entry_price_vs_ema5_pct≤0.118 ∧ entry_range_position>81.7,82.33333333333333,-0.054906458,-0.0502943,-0.10153567,0.050693154,-0.055190254,5,8,-0.019941822,98,18,0.293467679582712,0.05303853743184558,15,-0.03928205671735521,0.4749164490658456,0.24042914215086644,False,False,False,False
2D,entry_ema50_slope>0.226 ∧ entry_rsi≤60.1,104.0,-0.054587774,-0.050087105,-0.09862139,-0.16530302,0.11077597,4,7,-0.042639304,107,21,0.11390136209023256,0.09369994064370514,16,0.00838376952586592,0.10844027780713103,0.020201421446527423,False,False,False,False
2D,entry_adx_delta≤0.241 ∧ entry_bull_pct≤71.1,102.66666666666667,-0.04768391,-0.052295543,0.096631624,0.07233289,-0.05976842,4,8,-0.022049513,101,19,-0.03126263333425971,0.1300443400717364,19,-0.10406981902101342,-0.21452945336008183,-0.16130697340599612,False,False,False,False
2D,entry_btc_adx>24.9 ∧ entry_bull_pct≤71.1,101.33333333333333,-0.04796535,-0.052188866,0.09607063,-0.035520308,0.03895694,4,7,-0.033986803,95,22,0.2936899797514679,0.039976278346492956,17,0.29682388473268806,0.1330226188904474,0.2537137014049749,False,False,True,False
2D,entry_dist_from_ema13_pct>0.341 ∧ entry_ema20_slope>0.146,145.33333333333334,-0.048653785,-0.052494146,0.09447342,0.010360211,-0.0058958232,4,8,-0.027322635,136,34,0.11570482278731953,0.08847516415167594,26,-0.16239478439931782,0.1217851571614515,0.027229658635643583,False,False,True,False
2D,entry_pos_di≤26.2 ∧ entry_rsi_prev≤57.8,136.0,-0.05400076,-0.04986602,-0.09425063,-0.0029403158,-0.008323465,4,8,-0.02881275,124,28,0.25073033687107316,0.03527903999680474,20,0.31214702398687694,0.20453312590634268,0.21545129687426842,False,False,False,False
2D,entry_btc_adx≤24.9 ∧ entry_pair_ema20_ema50_gap_pct≤0.339,100.0,-0.054433156,-0.050189648,-0.093926474,-0.06995676,0.059462745,4,7,-0.043937042,83,23,0.27059964313597057,0.043775785754047204,15,0.136420377595861,0.2135325129874774,0.22682385738192337,False,False,False,False
2D,entry_bear_pct>20 ∧ entry_ema_gap_8_13>0.132,98.0,-0.04756014,-0.052266937,0.09354978,-0.110868216,0.12217079,4,8,-0.039467875,102,19,0.4595404368077094,0.008937088997744024,14,-0.13895872514364693,0.9035730907949682,0.45060334780996536,False,False,True,False
2D,entry_bull_pct≤71.1 ∧ entry_neg_di>15.8,91.33333333333333,-0.047581244,-0.052167524,0.093175955,-0.09941323,0.08581642,2,8,-0.06250408,92,22,0.06898224447447529,0.10678128072613936,17,-0.02191472243902745,-0.05534675962348724,-0.03779903625166407,False,False,False,False
2D,entry_btc_rsi_1h_prev>54.1 ∧ entry_pair_rank>30,102.66666666666667,-0.054278646,-0.050203703,-0.092072874,-0.019687098,0.008187592,5,8,-0.027356762,82,31,0.05939907677527048,0.11658542726368283,22,0.049721761592652125,-0.12098197426704002,-0.05718635048841235,False,False,True,False
2D,entry_ema_gap_5_8≤0.0879 ∧ entry_rsi>60.1,86.0,-0.054343943,-0.050386757,-0.09200865,0.045627795,-0.048455305,4,8,-0.029844448,99,16,0.05095826586449677,0.10755114872926028,14,-0.1291446339752817,-0.0791169329510541,-0.05659288286476351,False,False,True,False
2D,entry_bear_pct>20 ∧ entry_global_volume_ratio≤0.823,110.0,-0.04802188,-0.052284922,0.090868115,-0.05035705,0.05990297,3,9,-0.037472937,112,25,0.09136317026047225,0.10049781543184456,17,0.08464107301008889,0.0016447354371166142,-0.009134645171372316,False,False,False,False
2D,entry_btc_rsi_prev6≤58.3 ∧ entry_ema_gap_8_13≤0.132,109.66666666666667,-0.05413608,-0.050162997,-0.08946365,0.038789015,-0.04486365,5,9,-0.0342321,99,26,-0.056223177185048,0.15544609655691452,19,0.041708672969022975,-0.2728951476521706,-0.2116692737419625,False,False,True,False
2D,entry_adx_prev>22.1 ∧ entry_btc_rsi_prev>62,112.33333333333333,-0.048438415,-0.052167594,0.08894063,0.017214647,-0.0052294247,3,8,-0.024803646,109,28,0.23299954324773248,0.04257995501818031,19,-0.005783787746014485,0.3116822739911579,0.19041958822955218,False,False,True,False
2D,entry_adx_prev≤22.1 ∧ entry_pair_ema20_ema50_gap_pct>0.339,96.66666666666667,-0.047997095,-0.052119777,0.08851334,0.081538945,-0.059260126,3,7,-0.03949081,99,20,0.02950525122255948,0.11617525168054711,17,-0.17666700024159648,-0.0032416990298649332,-0.08667000045798763,False,False,False,False
2D,entry_adx_delta≤0.241 ∧ entry_pair_rank≤30,107.66666666666667,-0.048030395,-0.05225083,0.08818109,0.0376367,-0.015556306,5,9,-0.03446535,109,22,-0.11584320300409341,0.16172938673328144,18,0.044078995498922524,-0.371198150815114,-0.27757258973737486,False,False,False,False
2D,entry_btc_adx_prev>24.8 ∧ entry_dist_from_ema13_pct≤0.341,130.66666666666666,-0.04869131,-0.05228706,0.088105015,-0.04581887,0.043070365,3,8,-0.027420778,95,37,0.22060024030899447,0.021308733232880912,20,0.2439270491974119,0.20100197302001477,0.19929150707611357,False,False,True,False
2D,entry_adx_delta≤0.241 ∧ entry_btc_ema20_slope≤0.0586,108.66666666666667,-0.054043625,-0.050207123,-0.08568607,-0.08789031,0.063614756,2,8,-0.03817562,107,25,-0.026863721873658663,0.14212700280301743,20,0.13071019179886237,-0.2920581049939977,-0.16899072467667609,False,False,True,False
2D,entry_btc_ema20_slope>0.0586 ∧ entry_btc_rsi_prev>62,160.33333333333334,-0.053234544,-0.049949627,-0.08371248,0.09201557,-0.08638964,4,9,-0.050985713,107,37,0.0548534675615711,0.12525162461685826,21,-0.446873120446374,0.1801596520144868,-0.07039815705528717,False,False,True,False
2D,entry_btc_rsi_prev6≤58.3 ∧ entry_global_volume_ratio>0.823,109.66666666666667,-0.048517242,-0.05210889,0.08286947,0.05443954,-0.037149377,4,9,-0.031460386,94,24,0.017651178221303243,0.12494160937307629,17,-0.11757037134923556,-0.1349119451708643,-0.10729043115177304,False,False,False,False
2D,entry_btc_rsi_prev6>58.3 ∧ entry_pair_rank≤30,114.33333333333333,-0.053675547,-0.05027233,-0.08128306,0.013680777,-0.013933148,4,7,-0.03269627,106,22,0.00891370545261508,0.12463949502993565,18,0.14593725264217314,-0.3507190926114467,-0.11572578957732058,False,False,True,False
2D,entry_btc_adx_prev>24.8 ∧ entry_bull_pct≤71.1,103.33333333333333,-0.048458427,-0.052057285,0.081256315,-0.036951803,0.03922028,3,7,-0.032742422,96,25,0.3813209842561638,-0.0016000063976242837,19,0.3073962208213328,0.3919152460772574,0.3829209906537881,False,False,True,False
2D,entry_ema_gap_5_8>0.0879 ∧ entry_price_vs_ema5_pct>0.118,126.66666666666667,-0.048852026,-0.052171122,0.08031322,-0.012417916,0.015471701,4,8,-0.031216152,128,23,0.08133359096347265,0.10340755561661508,16,-0.00400778179624689,-0.009376300671717843,-0.02207396465314243,False,False,False,False
1D,entry_btc_rsi ≤med 62.8,213.33333333333334,-0.052723836,-0.049643755,-0.08014016,-0.00111413,-0.007145129,3,9,-0.032692537,146,44,-0.011432501805823163,0.1908164275313267,27,0.2633638411062608,-0.5406307961304654,-0.20224892933714986,False,False,True,False
1D,entry_btc_rsi >med 62.8,213.0,-0.049643755,-0.052723836,0.08013929,0.00111413,0.007145129,3,9,-0.032692537,144,52,0.1908164275313267,-0.011432501805823163,27,-0.2633638411062608,0.5406307961304654,0.20224892933714986,False,False,True,False
2D,entry_btc_rsi_prev>62 ∧ entry_neg_di>15.8,103.66666666666667,-0.053746857,-0.050361924,-0.07942417,0.0036996119,-0.003863629,5,9,-0.030628009,95,28,0.058660641456600514,0.11436656163805817,18,-0.12308546011464669,0.04079745525227322,-0.055705920181457654,False,False,True,False
2D,entry_ema_gap_8_13>0.132 ∧ entry_price_vs_ema5_pct≤0.118,88.66666666666667,-0.054180562,-0.05039841,-0.077920765,-0.047436696,0.029746398,5,8,-0.05249124,99,18,0.2716661740319656,0.05806965409740243,11,-0.18406704397681245,0.5198384723914159,0.21359651993456313,False,False,False,False
2D,entry_adx_prev>22.1 ∧ entry_btc_rsi_prev6>58.3,117.0,-0.053392746,-0.05034996,-0.07756644,-0.028332528,0.018480774,4,8,-0.033200234,100,28,0.1462231880427176,0.07831139539671585,19,-0.12068522531969583,0.18339726388469868,0.06791179264600176,False,False,False,False
2D,entry_btc_dist_from_ema13_pct≤0.152 ∧ entry_gap≤0.354,105.33333333333333,-0.05369847,-0.05036022,-0.07691667,0.049481824,-0.038055442,5,8,-0.019332163,100,25,0.11710849323344226,0.09143256086389737,19,0.18852803016196465,-0.11818811692215522,0.025675932369544893,False,False,False,False
2D,entry_atr_pct>0.455 ∧ entry_bear_pct≤20,111.66666666666667,-0.048675228,-0.052075643,0.07681299,-0.0336566,0.035726678,3,8,-0.028776053,107,27,-0.028316286139313578,0.14759367939035126,16,-0.07448139966760675,-0.18152030238659717,-0.17590996552966484,False,False,False,False
2D,entry_btc_adx_prev>24.8 ∧ entry_btc_trend_gap_pct>0.0932,117.33333333333333,-0.0534355,-0.05033044,-0.0758596,-0.028153148,0.018319696,3,8,-0.021425277,87,37,0.07964401143811571,0.10970501235529641,17,-0.04472107349481805,0.05024628325106798,-0.030061000917180697,False,False,True,False
2D,entry_btc_rsi_prev>62 ∧ entry_ema_gap_8_13>0.132,103.33333333333333,-0.053763136,-0.050360218,-0.0752988,0.04142726,-0.051496465,5,8,-0.03269968,98,24,-0.0009732289933213715,0.1311497451112845,18,-0.4479869485186297,0.07681092096927072,-0.13212297410460586,False,False,True,False
2D,entry_btc_rsi_prev6≤58.3 ∧ entry_rsi_prev≤57.8,112.33333333333333,-0.053830676,-0.050238512,-0.07501442,-0.02919814,0.018903937,5,9,-0.03537586,104,18,0.27718081326474475,0.05679704504368413,13,0.6154267263001094,0.22307667509253076,0.22038376822106062,False,False,False,False
2D,entry_btc_adx>24.9 ∧ entry_rsi≤60.1,114.66666666666667,-0.053567953,-0.050308276,-0.07454631,-0.106247745,0.07479881,3,8,-0.048567552,103,33,0.13726339122449432,0.0776147974883247,20,0.1182206824206748,0.0815629503762349,0.059648593736169625,False,False,False,False
2D,entry_pair_ema20_ema50_gap_pct≤0.339 ∧ entry_price_vs_ema5_pct≤0.118,105.0,-0.053635225,-0.050384354,-0.074179545,0.013301687,-0.016099006,5,9,-0.011243619,99,25,0.14627355085817118,0.08116317437631676,19,0.16331531345044625,-0.17695897675348804,0.06511037648185442,False,False,False,False
2D,entry_pair_rank>30 ∧ entry_rsi>60.1,104.0,-0.05345165,-0.050453674,-0.07348642,0.09440067,-0.11043313,4,8,-0.030561114,105,15,0.32352559378227685,0.05637704006714342,13,-0.05133126655297879,0.4768808737209095,0.26714855371513346,False,False,False,False
2D,entry_btc_1h_slope≤0.0639 ∧ entry_global_volume_ratio>0.823,104.33333333333333,-0.04904466,-0.051878504,0.0707045,0.06714395,-0.03247918,4,8,-0.0228253,88,16,0.0007404302817047709,0.11759471584581868,11,-0.3827836106027156,0.07635597602563883,-0.11685428556411391,False,False,False,False
2D,entry_adx_prev>22.1 ∧ entry_bull_pct>71.1,100.33333333333333,-0.05345895,-0.05048514,-0.068618216,-0.047300126,0.031121232,5,8,-0.035771996,93,21,0.060212910602067904,0.10873270706039125,17,-0.1513480158480911,0.05442546781418328,-0.04851979645832334,False,False,True,False
2D,entry_bear_pct>20 ∧ entry_neg_di>15.8,92.66666666666667,-0.053800885,-0.050458513,-0.06848734,-0.099734426,0.07560943,5,8,-0.03389832,93,23,0.03272413903618641,0.11872286238822577,15,-0.02714631853185706,-0.05374532538644274,-0.08599872335203937,False,False,True,False
2D,entry_bull_pct≤71.1 ∧ entry_global_volume_ratio≤0.823,117.0,-0.048954375,-0.052028697,0.06723817,-0.06070523,0.066815145,3,9,-0.03196299,116,23,0.15346825818788215,0.08068019471029425,18,0.08464107301008889,0.11034274760620155,0.0727880634775879,False,False,True,False
1D,entry_atr_pct ≤T1 0.392,142.33333333333334,-0.05287416,-0.050338436,-0.06690374,0.012548629,-0.013805464,5,8,-0.018279571,107,25,0.09955731992239651,0.09761255146637828,19,-0.20531208376735854,0.06837564237309231,0.0019447684560182366,False,False,False,False
2D,entry_btc_rsi_prev6≤58.3 ∧ entry_range_position>81.7,115.66666666666667,-0.0491225,-0.051952902,0.06654574,0.011569131,-0.009222515,6,8,-0.032163695,104,24,0.18422227723085902,0.06941790970322437,15,0.32653572606819536,-0.04290837522400641,0.11480436752763465,False,False,True,False
2D,entry_btc_ema20_slope≤0.0586 ∧ entry_ema5_stretch≤0.118,105.33333333333333,-0.04911953,-0.051862773,0.0651558,-0.13311905,0.11045432,4,7,-0.03642906,103,25,0.25372129839246216,0.043329460455791766,20,0.35092981300957604,0.08387239456661111,0.21039183793667038,False,False,True,False
2D,entry_adx_prev>22.1 ∧ entry_btc_adx_prev>24.8,126.0,-0.049297523,-0.05197686,0.06426491,-0.011427745,0.017282989,3,7,-0.044989802,96,29,0.3286332389175508,-0.0016558175587493102,16,0.09231472097455617,0.48313739829640934,0.33028905647630014,False,False,True,False
2D,entry_atr_pct≤0.455 ∧ entry_pair_ema20_ema50_gap_pct≤0.339,130.0,-0.049482092,-0.051932063,0.061974864,0.007482663,-0.00022155792,4,8,-0.016726721,101,27,0.20641547492061843,0.05574212071472566,19,0.20816595377048924,0.0033989417381246915,0.15067335420589278,False,False,True,False
2D,entry_pair_volume_ratio>0.763 ∧ entry_pos_di>26.2,117.0,-0.052963976,-0.05051213,-0.061565686,0.053273328,-0.040175214,5,9,-0.02147412,113,30,-0.04474361854398611,0.16305655618927808,19,-0.018544283219779273,-0.2834141297351718,-0.2078001747332642,False,False,True,False
2D,entry_adx_prev>22.1 ∧ entry_btc_adx>24.9,127.0,-0.049495798,-0.051901698,0.05875794,-0.026100244,0.026890803,3,7,-0.0390148,95,28,0.3368480617919404,-0.000181199676493547,16,0.09231472097455617,0.4931323508470754,0.3370292614684339,False,False,True,False
2D,entry_adx_prev>22.1 ∧ entry_dist_from_ema13_pct>0.341,80.0,-0.05343259,-0.050665826,-0.058554605,-0.03349614,0.024073169,3,8,-0.03589034,104,17,-0.0049406401023225814,0.12029639283433231,15,-0.20933466974729745,-0.12204584414466028,-0.1252370329366549,False,False,True,False
2D,entry_bear_pct≤20 ∧ entry_rsi_prev>57.8,108.0,-0.052991595,-0.050572086,-0.05835526,0.049222637,-0.037205823,5,9,-0.027319118,100,24,-0.027150323421889916,0.13987544325414067,16,0.1358403429146278,-0.3882549260491033,-0.16702576667603058,False,False,True,False
2D,entry_adx>22 ∧ entry_btc_rsi_1h_prev≤54.1,98.66666666666667,-0.049285423,-0.051756997,0.05779437,0.015883721,-0.0073685683,4,8,-0.024920318,86,15,0.1142889327047223,0.09512456989632018,10,-0.16113808216752246,0.14239792182652786,0.019164362808402127,False,False,True,False
2D,entry_ema50_slope≤0.226 ∧ entry_pos_di≤26.2,113.66666666666667,-0.049250286,-0.051888347,0.05722775,0.018637953,-0.01710739,5,9,-0.009038076,101,26,0.12704842833606478,0.08737378593478695,18,0.19938463084868238,-0.08728939916108526,0.039674642401277826,False,False,True,False
1D,entry_btc_rsi_prev6 ≤med 58.3,216.33333333333334,-0.052262694,-0.050074797,-0.057027817,0.025049666,-0.028388932,3,9,-0.017327558,140,46,0.10324552178432542,0.09340260300187607,27,0.03355907955552065,0.0302372845238315,0.009842918782449347,False,False,False,False
1D,entry_btc_rsi_prev6 >med 58.3,210.0,-0.050074797,-0.052262694,0.057027236,-0.025049666,0.028388932,3,9,-0.017327558,144,50,0.09340260300187607,0.10324552178432542,30,-0.03355907955552065,-0.0302372845238315,-0.009842918782449347,False,False,False,False
2D,entry_adx_delta≤0.241 ∧ entry_quality_score>4,60.0,-0.048640147,-0.05160181,0.05675421,0.11474079,-0.06716898,3,8,-0.047509134,71,10,-0.044940937284267166,0.11475387819785397,10,0.14680230591438564,-0.2621585390313885,-0.15969481548212114,False,False,False,False
2D,entry_bull_pct>71.1 ∧ entry_ema20_slope>0.146,110.66666666666667,-0.052923623,-0.05057547,-0.05659056,0.025285799,-0.021357257,3,8,-0.026778914,105,28,-0.14514781962565465,0.19828769267192792,20,-0.07226381383270933,-0.5181983925873725,-0.34343551229758257,False,False,True,False
2D,entry_adx>22 ∧ entry_rsi_prev≤57.8,88.0,-0.049118858,-0.0517224,0.054178737,-0.058666036,0.054400608,5,8,-0.024684202,96,17,0.04292654767696934,0.10999585875524417,15,-0.11176629333573734,-0.005391421008627135,-0.06706931107827484,False,False,False,False
2D,entry_btc_rsi_prev≤62 ∧ entry_btc_rsi_prev6>58.3,89.0,-0.0491759,-0.05171507,0.05415472,-0.118609056,0.10784012,5,8,-0.05952654,86,19,-0.01426010437669626,0.12584891084844155,14,0.0859745505205658,-0.1810581220362848,-0.1401090152251378,False,False,False,False
1D,entry_btc_rsi_prev6 ≤T1 54.8,143.0,-0.05264206,-0.05044961,-0.0533667,0.035630845,-0.034655966,4,9,-0.04223036,116,34,0.11465384703765584,0.08905150569181405,22,-0.03625856108716735,0.057768441798484595,0.025602341345841786,False,False,False,False
2D,entry_btc_trend_gap_pct≤0.0932 ∧ entry_global_volume_ratio>0.823,98.66666666666667,-0.052894488,-0.05067024,-0.053057253,0.049295064,-0.0303438,3,8,-0.009318996,96,19,0.07659979577984995,0.10342893548513793,15,-0.14068901647401275,-0.01702690716020308,-0.026829139705287983,False,False,True,False
2D,entry_bull_pct≤71.1 ∧ entry_pair_volume_ratio≤0.763,106.66666666666667,-0.05309075,-0.050549094,-0.052943766,-0.113539115,0.10830595,5,7,-0.032233708,109,21,0.16966699543366168,0.07808556330754501,16,-0.12578776196820185,0.2249158986303763,0.09158143212611666,False,False,False,False
1D,entry_ema5_stretch >T2 0.156,142.0,-0.05266347,-0.05044663,-0.05279829,-0.01307999,0.0063144453,2,9,-0.040274255,135,29,-0.09015774035172319,0.17961191973690657,23,-0.23942721931203287,-0.24723764253050173,-0.2697696600886298,False,False,True,False
2D,entry_dist_from_ema13_pct≤0.341 ∧ entry_pos_di≤26.2,96.66666666666667,-0.049221538,-0.051760737,0.05272454,0.0818171,-0.073516384,6,9,-0.024500653,108,23,0.13082640017253358,0.08781393079732192,18,0.026907345725430548,0.03429604318343179,0.043012469375211665,False,False,True,False
2D,entry_btc_rsi≤62.8 ∧ entry_pair_volume_ratio≤0.763,118.0,-0.052842814,-0.05055055,-0.05110094,-0.068327636,0.06105221,3,8,-0.053653374,110,21,-0.051677845002928914,0.14006211862979037,16,0.24446790224880477,-0.5237377001261571,-0.19173996363271928,False,False,True,False
2D,entry_btc_dist_from_ema13_pct≤0.152 ∧ entry_ema_gap_5_8≤0.0879,112.33333333333333,-0.052785538,-0.05061241,-0.048932943,-0.04789562,0.035188265,4,8,-0.05292545,106,31,0.05699690712308251,0.11773107740549557,23,0.1636113687725367,-0.2290570695619089,-0.06073417028241306,False,False,True,False
2D,entry_adx_delta≤0.241 ∧ entry_btc_adx≤24.9,118.33333333333333,-0.049650703,-0.051774476,0.048412565,0.094344325,-0.07664497,5,9,-0.03510304,100,22,-0.16559674327081356,0.1765209797855496,18,-0.20605614623120155,-0.4082412887928325,-0.3421177230563631,False,False,False,False
2D,entry_btc_trend_gap_pct>0.0932 ∧ entry_bull_pct>71.1,103.66666666666667,-0.052689243,-0.050701723,-0.048015308,-0.013113242,0.008490454,4,8,-0.033360373,85,30,0.03467204401634838,0.1269585277527624,17,-0.10441006653547041,-0.02518260877752654,-0.09228648373641402,False,False,True,False
2D,entry_btc_dist_from_ema13_pct>0.152 ∧ entry_rsi_prev>57.8,97.0,-0.04961145,-0.051648468,0.047264043,0.015299767,-0.011674169,5,9,-0.03386563,97,26,0.025472898921869998,0.12510183971720215,18,-0.28443794429090985,-0.00844822797641178,-0.09962894079533216,False,False,False,False
2D,entry_btc_1h_slope>0.0639 ∧ entry_pair_rank>30,98.66666666666667,-0.052786984,-0.050702617,-0.04639,0.009136651,-0.019561656,4,8,-0.031194704,82,33,0.09129767164576928,0.10169207917241878,22,0.003737917204001767,0.01646034713782833,-0.010394407526649496,False,False,True,False
2D,entry_atr_pct>0.455 ∧ entry_quality_score>4,62.333333333333336,-0.048985273,-0.0515617,0.0462955,0.073292084,-0.060286995,4,8,-0.030204263,80,10,-0.21788881150741474,0.13486409613077813,10,0.14680230591438564,-0.5431382786656338,-0.3527529076381929,False,False,False,False
2D,entry_gap>0.354 ∧ entry_pair_rank>30,111.0,-0.05261338,-0.0506822,-0.045920756,0.033940762,-0.038578246,3,8,-0.026110798,112,21,0.23498813898534476,0.05979564311307373,14,-0.05081698310596275,0.3239860442217334,0.17519249587227104,False,False,False,False
2D,entry_adx_delta≤0.241 ∧ entry_btc_rsi≤62.8,113.66666666666667,-0.052701045,-0.050633863,-0.045588322,0.028766667,-0.029717114,4,8,-0.022897743,106,23,-0.10970742633119654,0.1635985610656204,17,-0.12483783727790437,-0.36705456976079764,-0.27330598739681694,False,False,True,False
2D,entry_adx_delta>0.241 ∧ entry_btc_rsi≤62.8,99.66666666666667,-0.05274983,-0.050707567,-0.04494998,-0.03065984,0.02421213,3,7,-0.052773505,110,21,0.09620193934101434,0.09865577901348621,18,0.4559179363174759,-0.4253671021953242,-0.002453839672471869,False,False,True,False
2D,entry_btc_rsi_prev≤62 ∧ entry_range_position>81.7,113.33333333333333,-0.052618604,-0.05066591,-0.044810057,-0.023625612,0.016881593,3,8,-0.050935104,108,25,0.26592599315440374,0.03903203272271373,19,0.2306649495432198,0.15774860104891333,0.22689396043169002,False,False,False,False
2D,entry_btc_atr_pct>0.146 ∧ entry_pos_di≤26.2,134.33333333333334,-0.049807046,-0.051818926,0.044496477,0.0855789,-0.08093789,4,9,-0.0347956,100,26,0.23956648002395434,0.04558136673642795,14,0.0552987530079756,0.26615810099739273,0.19398511328752638,False,False,True,False
2D,entry_atr_pct>0.455 ∧ entry_gap>0.354,149.0,-0.05237598,-0.050545134,-0.04448412,-0.09320019,0.08029003,2,8,-0.032056633,132,32,0.0559312863581522,0.11921285919862341,20,-0.19777990154854413,0.020672065310982413,-0.06328157284047121,False,False,True,False
2D,entry_gap≤0.354 ∧ entry_rsi≤60.1,118.0,-0.052581742,-0.05065046,-0.04249455,-0.021101054,0.015071638,3,9,-0.05366884,120,37,0.1126816279456777,0.0889865070878423,24,0.32873588903029183,-0.08251346377955021,0.0236951208578354,False,False,False,False
2D,entry_adx_delta≤0.241 ∧ entry_neg_di>15.8,158.33333333333334,-0.050137952,-0.051803593,0.041799624,0.08189432,-0.052052382,4,9,-0.020177392,121,34,0.023310453422812235,0.13914304412576056,24,0.5204803626580348,-0.23758099343892192,-0.11583259070294832,False,False,False,False
1D,entry_pos_di >med 26.2,213.0,-0.05197868,-0.05039255,-0.04127237,-0.078825526,0.06793874,5,9,-0.024677528,140,51,0.005817079730022894,0.20272784635425778,28,-0.18240951964172106,-0.18812838851749328,-0.19691076662423487,False,False,True,False
1D,entry_pos_di ≤med 26.2,213.33333333333334,-0.05039255,-0.05197868,0.0412714,0.078825526,-0.06793874,5,9,-0.024677528,152,45,0.20272784635425778,0.005817079730022894,25,0.18240951964172106,0.18812838851749328,0.19691076662423487,False,False,True,False
2D,entry_btc_dist_from_ema13_pct>0.152 ∧ entry_ema_gap_8_13≤0.132,106.66666666666667,-0.049850035,-0.051630452,0.04050798,0.055119857,-0.04919544,5,9,-0.028639235,98,25,0.016645225427650626,0.1268069509363592,18,0.02117990725477531,-0.14397970292664766,-0.11016172550870856,False,False,False,False
2D,entry_bear_pct≤20 ∧ entry_btc_1h_slope>0.0639,93.0,-0.04977758,-0.05157767,0.04012044,0.031231653,-0.020897567,5,8,-0.039101128,74,33,0.044917747046973905,0.1259863253908354,17,-0.02763008883730539,-0.09569486107187664,-0.0810685783438615,False,False,False,False
2D,entry_btc_rsi≤62.8 ∧ entry_pair_volume_ratio>0.763,95.33333333333333,-0.052576564,-0.050784208,-0.039055094,0.08346677,-0.075035006,2,7,-0.07665186,109,23,0.025313246330664695,0.12105780118585592,19,0.11167222911579341,-0.26823452365469275,-0.09574455485519123,False,False,True,False
2D,entry_adx>22 ∧ entry_pair_volume_ratio≤0.763,92.0,-0.04981417,-0.051562212,0.038192473,-0.050428532,0.046186768,5,8,-0.046352994,107,18,0.15997569765952402,0.08384437941411971,14,-0.03060882221362951,0.14777644121740163,0.07613131824540431,False,False,True,False
2D,entry_ema20_slope>0.146 ∧ entry_range_position>81.7,102.66666666666667,-0.04994468,-0.05157843,0.03772812,0.034445293,-0.032454006,3,8,-0.0567036,111,26,0.16149829287780235,0.07457812196214156,19,0.1448161729316587,0.031605390466755666,0.08692017091566079,False,False,True,False
2D,entry_btc_dist_from_ema13_pct>0.152 ∧ entry_ema20_slope≤0.146,108.33333333333333,-0.052412413,-0.05076686,-0.03693917,0.045993276,-0.054233942,4,9,-0.027072966,99,19,0.16278715868929786,0.08216192385813131,14,-0.03910951103751206,0.1764357526773292,0.08062523483116654,False,False,False,False
2D,entry_adx>22 ∧ entry_dist_from_ema13_pct>0.341,79.66666666666667,-0.049775872,-0.05150883,0.03666481,-0.063300125,0.060489316,6,8,-0.022425957,104,16,0.04991483895049105,0.10775983411206144,13,-0.20402254925757063,0.018872535943605818,-0.05784499516157039,False,False,False,False
2D,entry_btc_adx_prev>24.8 ∧ entry_btc_rsi_1h>57.2,116.0,-0.050081775,-0.051597383,0.036485527,-0.05853974,0.048658773,5,8,-0.04753396,79,38,0.19796501579553746,0.032702647447281824,19,0.07490166923210961,0.2550446605626272,0.16526236834825564,False,False,True,False
2D,entry_neg_di>15.8 ∧ entry_quality_score>4,54.0,-0.052845214,-0.050944217,-0.036203045,0.22635134,-0.15451062,3,8,-0.06955503,61,9,-0.011214963845298001,0.10942941180207416,9,-0.0865093441452858,-0.11419799826453483,-0.12064437564737217,False,False,True,False
2D,entry_ema_gap_5_8>0.0879 ∧ entry_ema_gap_8_13>0.132,175.0,-0.052010607,-0.050610136,-0.035685893,-0.014054418,0.008028973,5,8,-0.03447909,137,34,0.1797283927664535,0.05336546448569921,20,-0.16387029065243316,0.29823962264463827,0.1263629282807543,False,False,False,False
2D,entry_bear_pct≤20 ∧ entry_btc_rsi_1h>57.2,89.66666666666667,-0.052404776,-0.050860126,-0.034144692,0.04172189,-0.031362068,3,8,-0.07109333,74,34,0.045498297120680514,0.12697551693660694,18,-0.02763008883730539,-0.08959957278361226,-0.08147721981592643,False,False,True,False
2D,entry_adx_prev>22.1 ∧ entry_btc_rsi_1h_prev≤54.1,101.66666666666667,-0.05227184,-0.050844666,-0.03380924,0.038303833,-0.029299349,4,8,-0.028742375,87,15,0.11409927916798855,0.09515969092164125,10,-0.16718615852733773,0.14299551109342196,0.018939588246347297,False,False,False,False
2D,entry_dist_from_ema13_pct≤0.341 ∧ entry_quality_score≤4,170.66666666666666,-0.051884312,-0.050718185,-0.030134987,0.009993758,-0.00964788,5,9,-0.05121652,130,48,0.044742448960176616,0.15149555421008942,27,0.05904953576034966,-0.23157025096742556,-0.1067531052499128,False,False,True,False
2D,entry_ema_gap_5_8≤0.0879 ∧ entry_gap≤0.354,164.66666666666666,-0.050503884,-0.05161362,0.028094267,0.06459321,-0.05191596,4,9,-0.03627483,134,46,0.08405203207648261,0.1110606135330914,28,0.1874305155027276,-0.1467078219299685,-0.027008581456608796,False,False,False,False
1D,entry_global_volume_ratio ≤T1 0.736,142.33333333333334,-0.051981922,-0.050785612,-0.027557826,-0.15920803,0.15768081,3,8,-0.05574208,123,32,0.07848389698722019,0.10793655388408943,19,0.20852081389418065,-0.03534878714386753,-0.02945265689686924,False,False,True,False
2D,entry_bear_pct≤20 ∧ entry_btc_rsi_prev≤62,101.0,-0.050320596,-0.05145336,0.024535986,-0.013558622,0.014309667,5,8,-0.020854939,86,24,0.1896241955584204,0.06761727026070388,16,0.3213167280430546,-0.02708060694893063,0.1220069252977165,False,False,True,False
2D,entry_adx_delta≤0.241 ∧ entry_ema50_slope>0.226,109.0,-0.052001018,-0.050904706,-0.024278855,-0.02531448,0.01967198,5,9,-0.026491547,106,22,0.008689193678337355,0.12470624177363984,18,-0.032653578183875515,-0.10127252460625823,-0.11601704809530249,False,False,True,False
2D,entry_btc_rsi_prev6≤58.3 ∧ entry_ema_gap_8_13>0.132,106.66666666666667,-0.05033662,-0.051468085,0.023754362,-0.0072119497,0.007005781,4,8,-0.03512831,107,20,0.3105548304445108,0.042214836095823084,15,0.010582429001016413,0.4402603934434756,0.2683399943486877,False,False,True,False
2D,entry_btc_rsi>62.8 ∧ entry_btc_rsi_prev>62,170.0,-0.051724695,-0.050827075,-0.023075923,0.024507102,-0.019382242,5,9,-0.020765329,127,43,0.0821334465416419,0.11108841416758809,24,-0.480437831971923,0.27718849747575786,-0.028954967625946196,False,False,True,False
2D,entry_btc_dist_from_ema13_pct≤0.152 ∧ entry_neg_di≤15.8,114.0,-0.050505344,-0.05143308,0.02179434,0.053162206,-0.04447291,3,7,-0.026450746,111,31,0.13484919094409126,0.08060152666009139,21,-0.13069354730886037,0.13335880183919127,0.054247664283999866,False,False,True,False
2D,entry_bear_pct≤20 ∧ entry_btc_adx_prev≤24.8,107.33333333333333,-0.051819403,-0.050971545,-0.020069243,-0.024818592,0.020289361,2,8,-0.040234435,87,20,0.09718887960391867,0.09836377052755782,12,0.2885133244050776,-0.3176003755750324,-0.0011748909236391492,False,False,True,False
2D,entry_btc_rsi_1h≤57.2 ∧ entry_btc_trend_gap_pct>0.0932,51.333333333333336,-0.050264347,-0.05131102,0.019337092,-0.029818159,0.029082663,4,7,-0.093658164,48,6,-0.15869322713549547,0.11523981683317494,4,,-0.18388915076356632,-0.2739330439686704,False,False,False,False
2D,entry_dist_from_ema13_pct>0.341 ∧ entry_rsi_prev>57.8,91.66666666666667,-0.051868353,-0.050997827,-0.019074077,0.083075926,-0.08935483,4,8,-0.043118916,105,21,0.04127661105207262,0.11403487093438992,15,-0.1644122587166787,-0.023550251578045946,-0.0727582598823173,False,False,True,False
2D,entry_btc_rsi_prev6≤58.3 ∧ entry_rsi_prev>57.8,104.0,-0.050569076,-0.051383726,0.018700562,0.061655402,-0.061222807,4,8,-0.03780061,108,28,-0.008570022738801388,0.14204977630675306,21,-0.16248310848605604,-0.18369788594521536,-0.15061979904555445,False,False,False,False
2D,entry_btc_rsi≤62.8 ∧ entry_bull_pct≤71.1,132.0,-0.050648045,-0.051425807,0.018280977,-0.0034661405,0.001415845,5,8,-0.02670154,118,17,-0.05514672135995771,0.13110023310496266,16,0.13041953221960687,-0.5841721969036122,-0.18624695446492037,False,False,False,False
1D,entry_ema_gap_8_13 ≤T1 0.114,142.33333333333334,-0.051658515,-0.050947692,-0.017846998,-0.0003929995,0.0010718182,4,7,-0.028917305,125,42,0.09633695098828042,0.09950504093824061,28,0.12206649347275031,-0.05582541468807742,-0.0031680899499601928,False,False,True,False
2D,entry_btc_adx≤24.9 ∧ entry_pair_rank>30,104.0,-0.050605297,-0.05137204,0.01763359,0.030214481,-0.03354948,4,8,-0.023877326,89,20,0.23759635228174575,0.061414435612340196,17,0.06437636460142357,0.24834952498313048,0.17618191666940555,False,False,True,False
2D,entry_btc_ema20_slope>0.0586 ∧ entry_neg_di≤15.8,104.66666666666667,-0.05058059,-0.051381662,0.017013544,0.08703487,-0.107141234,4,8,-0.025384609,98,18,-0.010344792995163245,0.12314910802673981,14,-0.38866061003898494,0.037036128385502985,-0.13349390102190306,False,False,False,False
2D,entry_btc_trend_gap_pct≤0.0932 ∧ entry_neg_di≤15.8,105.33333333333333,-0.05063036,-0.05136701,0.01699307,0.0035949424,-0.002624154,4,8,-0.013387565,106,23,0.14333083350034828,0.08387417783102409,16,-0.120241192468864,0.14056633772621396,0.05945665566932419,False,False,True,False
2D,entry_pair_ema20_ema50_gap_pct>0.339 ∧ entry_pair_rank>30,109.0,-0.05065882,-0.05136574,0.016806185,0.033255108,-0.030699093,4,7,-0.021806553,100,23,0.06999105525172147,0.10698123125182434,18,-0.26879100572309594,0.11917960677996742,-0.03699017600010286,False,False,False,False
2D,entry_adx_prev>22.1 ∧ entry_pair_ema20_ema50_gap_pct≤0.339,96.66666666666667,-0.050643727,-0.05134372,0.016090378,0.093976565,-0.06353542,4,8,-0.032624483,93,20,0.17496807068839254,0.07789556234743315,16,-0.008726004478915667,0.13501330008722967,0.09707250834095939,False,False,True,False
2D,entry_btc_rsi_prev>62 ∧ entry_btc_rsi_prev6>58.3,121.0,-0.050735977,-0.051362943,0.015755918,0.07140408,-0.04993402,3,7,-0.041077763,98,31,0.15938942365325903,0.06889772336802674,22,-0.07282520123091485,0.13982546132196913,0.09049170028523229,False,False,True,False
2D,entry_btc_rsi_1h>57.2 ∧ entry_rsi_prev≤57.8,92.33333333333333,-0.050599646,-0.051346816,0.014574353,-0.09662661,0.104226604,5,8,-0.036639057,75,31,0.1595380146657174,0.06882685688516198,18,0.14049063543083237,0.12440748492685025,0.09071115778055543,False,False,True,False
2D,entry_ema50_slope>0.226 ∧ entry_pos_di≤26.2,99.66666666666667,-0.05169527,-0.051029313,-0.014113483,0.08867195,-0.07656425,2,7,-0.06927791,99,19,0.3062891552212589,0.04675234029829679,15,0.027635838452511025,0.4116527692561981,0.2595368149229621,False,False,False,False
2D,entry_btc_dist_from_ema13_pct>0.152 ∧ entry_btc_rsi_prev>62,120.66666666666667,-0.051608298,-0.051017903,-0.013983761,0.09474969,-0.0890407,5,9,-0.05943039,93,25,0.019323194313702375,0.12586400414549592,15,-0.4329082957841159,0.10024229631532233,-0.10654080983179355,False,False,True,False
2D,entry_btc_rsi_1h>57.2 ∧ entry_ema50_slope>0.226,122.0,-0.0507557,-0.0513571,0.013920553,-0.00033028796,0.0013523251,4,8,-0.021088537,90,35,0.09027671508101062,0.10261867416946556,23,-0.1160201020869451,0.09206706709141665,-0.012341959088454937,False,False,False,False
2D,entry_btc_trend_gap_pct≤0.0932 ∧ entry_ema50_slope>0.226,85.0,-0.05170063,-0.051056597,-0.013857467,0.07086078,-0.040419724,2,8,-0.0219526,93,20,-0.0036103124084535198,0.12488987368870842,15,-0.17265218111856234,-0.06751216513586122,-0.12850018609716193,False,False,True,False
2D,entry_neg_di≤15.8 ∧ entry_pair_ema20_ema50_gap_pct≤0.339,106.0,-0.05163001,-0.05103774,-0.013015268,-0.0434023,0.03976593,6,9,-0.022339117,106,26,0.16560991214771617,0.07305094909045928,19,-0.1001763336552812,0.16394103778983662,0.09255896305725689,False,False,False,False
2D,entry_bull_pct>71.1 ∧ entry_dist_from_ema13_pct≤0.341,101.66666666666667,-0.05159262,-0.05105736,-0.012212976,0.009197198,-0.002770342,4,9,-0.046760812,95,24,0.05190200279571339,0.11352466784827289,16,0.06765475843142171,-0.05139810989367234,-0.061622665052559505,False,False,True,False
2D,entry_pair_volume_ratio≤0.763 ∧ entry_pos_di>26.2,96.0,-0.050777864,-0.05130332,0.011705536,-0.1632879,0.14957452,3,8,-0.101551466,97,21,0.07804664869289293,0.10373926039496023,16,-0.23240397428782802,0.10665202781191327,-0.025692611702067297,False,False,False,False
2D,entry_adx_delta>0.241 ∧ entry_rsi≤60.1,75.33333333333333,-0.051681615,-0.051078413,-0.011181466,-0.1897998,0.17243046,4,8,-0.11072373,98,21,0.28350445088825904,0.046211075780257745,17,0.11024559559742833,0.3127151345952521,0.2372933751080013,False,False,False,False
2D,entry_btc_adx_prev≤24.8 ∧ entry_btc_rsi_prev≤62,116.66666666666667,-0.051459618,-0.05108153,-0.008715447,-0.06275036,0.058335423,3,8,-0.059518192,106,23,-0.020245039177657718,0.13541178155149178,15,0.2955911407489719,-0.5064839043974141,-0.1556568207291495,False,False,True,False
2D,entry_atr_pct>0.455 ∧ entry_neg_di≤15.8,106.66666666666667,-0.050883155,-0.05128572,0.008690144,0.04006147,-0.047057662,4,7,-0.02225994,110,27,0.09132798272408184,0.10077635679163129,19,-0.22998996515618675,0.11736555845089221,-0.009448374067549448,False,False,False,False
2D,entry_btc_atr_pct≤0.146 ∧ entry_pos_di≤26.2,79.0,-0.051388167,-0.051138792,-0.005446474,0.0017861612,-0.0021481402,4,7,-0.04311349,80,19,0.15231708449046258,0.08474544866044131,13,0.2239475836505666,-0.013461179289564269,0.06757163583002126,False,False,False,False
2D,entry_dist_from_ema13_pct>0.341 ∧ entry_pos_di≤26.2,116.66666666666667,-0.051362824,-0.051118005,-0.005399126,0.022764308,-0.023617238,4,8,-0.011368647,123,22,0.27789754008969686,0.044671327975668106,16,0.22343210646567346,0.23326433159700305,0.23322621211402875,False,False,False,False
2D,entry_gap>0.354 ∧ entry_rsi_prev≤57.8,95.0,-0.051375482,-0.05113039,-0.005047467,-0.1859651,0.16505118,4,8,-0.07184078,107,19,0.17119665794778358,0.08008685261253093,16,-0.04145589346596476,0.18347671073176672,0.09110980533525265,False,False,False,False
2D,entry_adx_prev>22.1 ∧ entry_neg_di≤15.8,122.66666666666667,-0.05109407,-0.051221725,0.003117051,-0.022050656,0.019305386,3,7,-0.013792675,115,22,0.10117419325405835,0.0972107013592363,18,-0.16354267416805174,0.014711299895813292,0.003963491894822049,False,False,True,False
2D,entry_btc_atr_pct>0.146 ∧ entry_dist_from_ema13_pct≤0.341,80.0,-0.051097974,-0.051205102,0.0020443632,0.11332743,-0.11959818,5,9,-0.053682342,78,18,0.04205957069127249,0.11105579332987006,14,-0.043178750663016824,-0.05564458643306887,-0.06899622263859757,False,False,False,False
2D,entry_btc_ema20_slope≤0.0586 ∧ entry_dist_from_ema13_pct≤0.341,108.66666666666667,-0.051239226,-0.051166445,-0.0017297344,-0.10557222,0.08299985,4,8,-0.032713734,103,29,0.13565896029678365,0.08187036273979167,22,0.2823647397461593,-0.11239568076482609,0.053788597556991974,False,False,False,False
