id,pair,source_filter,blocked_direction,flip_direction,entry_price,pnl_pct,peak_pct,trough_pct,exit_reason,is_paper,entry_at,exit_at,entry_cohort,entry_gap,entry_rsi,entry_rsi_prev,entry_adx,entry_adx_prev,entry_adx_delta,entry_pos_di,entry_neg_di,entry_ema_gap_5_8,entry_ema_gap_8_13,entry_ema5_stretch,entry_price_vs_ema5_pct,entry_atr_pct,entry_pair_ema20_ema50_gap_pct,entry_dist_from_ema13_pct,entry_range_position,entry_btc_adx,entry_btc_rsi,entry_btc_ema20_slope,entry_btc_1h_slope,entry_btc_dist_from_ema13_pct,entry_btc_trend_gap_pct,entry_macro_trend,entry_btc_regime,entry_ema20_slope,entry_ema50_slope,entry_global_volume_ratio,entry_pair_volume_ratio,entry_bull_pct,entry_bear_pct,entry_pair_volume_24h_usd,entry_pair_rank,entry_quality_score,entry_btc_adx_prev,entry_btc_rsi_prev,entry_btc_rsi_prev6,entry_btc_atr_pct,entry_btc_rsi_1h,entry_btc_rsi_1h_prev
815,INJUSDT,PASS:LONG_BTC1H_DEADBAND,LONG,LONG,4.804,-0.4371,0.0208,-0.6869,horizon,True,2026-07-30T08:40:08.075434,2026-07-30T09:25:08.503752,,0.2949,58.98,57.33,23.6833,24.1441,-0.4608,27.035608480879226,18.907046345206115,0.0142,0.0882,0.084,0.084,0.4674,1.0341,0.1865,71.4,18.3044,69.4,0.0902,0.018,0.1971,0.081,BULLISH,HEALTHY_BULL,0.0982,0.7525,,,,,,,3,16.7995,73.7,46.6,0.1294,54.7,49.1
813,EULUSDT,PASS:LONG_BTC1H_DEADBAND,LONG,LONG,1.4611,1.3994,1.6494,-0.5065,trail,True,2026-07-30T08:40:08.022783,2026-07-30T08:45:39.166034,,0.3957,52.74,60.13,29.5521,29.6186,-0.0664,27.82410778049303,15.418528461936637,0.0823,0.138,0.1806,-0.1802,0.9488,0.0987,0.0398,43.8,18.3044,69.4,0.0902,0.018,0.1971,0.081,BULLISH,HEALTHY_BULL,0.2008,0.0803,,,,,,,2,16.7995,73.7,46.6,0.1294,54.7,49.1
814,UNIUSDT,PASS:LONG_BTC1H_DEADBAND,LONG,LONG,4.02,0.1244,0.4229,-0.0995,horizon,True,2026-07-30T08:40:08.005429,2026-07-30T09:25:08.501278,,0.575,55.82,72.48,24.738,24.6877,0.0503,28.227108766774876,16.79495680070768,0.137,0.2285,0.2852,-0.2844,0.4843,0.4558,0.0804,56.2,18.3044,69.4,0.0902,0.018,0.1971,0.081,BULLISH,HEALTHY_BULL,0.2477,0.2693,,,,,,,3,16.7995,73.7,46.6,0.1294,54.7,49.1
808,PUMPUSDT,PASS:LONG_BTC1H_DEADBAND,LONG,LONG,0.001891,0.2259,0.4759,-0.1058,trail,True,2026-07-30T02:40:32.993460,2026-07-30T02:54:15.204743,,0.2345,57.9,54.19,26.2667,25.9566,0.3101,25.07603865523778,13.414319761506457,0.0149,0.0744,0.0494,0.0494,0.3876,0.6153,0.1388,61.9,34.8052,61.1,0.0674,0.023,0.0556,0.3001,BULLISH,STRONG_BULL,0.0774,0.4839,,,,,,,1,35.3781,60.3,71.1,0.1567,53.7,53.9
812,1000PEPEUSDT,PASS:LONG_BTC1H_DEADBAND,LONG,LONG,0.0027534,0.0872,0.276,-0.2361,horizon,True,2026-07-30T02:40:32.948427,2026-07-30T03:25:33.795017,,0.244,59.83,52.89,29.6836,30.4691,-0.7855,26.68505900194999,17.986518221415675,0.0174,0.0842,0.0445,0.0445,0.2864,0.5321,0.1462,75.1,34.8052,61.1,0.0674,0.023,0.0556,0.3001,BULLISH,STRONG_BULL,0.0692,0.4218,,,,,,,1,35.3781,60.3,71.1,0.1567,53.7,53.9
810,ZILUSDT,PASS:LONG_BTC1H_DEADBAND,LONG,LONG,0.002594,-0.7,0.2699,-0.7325,sl,True,2026-07-30T02:34:58.718060,2026-07-30T02:56:21.527421,,0.1648,55.56,54.42,17.8862,18.4606,-0.5745,23.373282988075417,18.962650530128208,0.0102,0.0388,0.2053,0.2057,0.6191,0.6499,0.2549,63.2,35.4656,60.9,0.0893,0.0222,0.0544,0.3025,BULLISH,STRONG_BULL,0.0909,0.4677,,,,,,,1,35.5222,72.6,69.5,0.163,53.6,53.9
807,1000SHIBUSDT,PASS:LONG_BTC1H_DEADBAND,LONG,LONG,0.004679,0.7545,1.0045,-0.0641,trail,True,2026-07-30T02:34:58.668932,2026-07-30T02:52:57.372492,,0.2816,57.58,64.08,31.0881,29.2694,1.8187,28.118017889561735,8.226287567728189,0.0575,0.1047,0.063,-0.063,0.3024,0.3501,0.0992,69.2,35.4656,60.9,0.0893,0.0222,0.0544,0.3025,BULLISH,STRONG_BULL,0.1171,0.2219,,,,,,,2,35.5222,72.6,69.5,0.163,53.6,53.9
811,NEARUSDT,PASS:LONG_BTC1H_DEADBAND,LONG,LONG,1.618,0.2444,0.4944,-0.2472,trail,True,2026-07-30T02:34:58.653693,2026-07-30T02:59:52.825276,,0.1601,52.57,62.06,24.1027,23.7933,0.3094,21.753836448243113,12.203442938048754,0.0245,0.0614,0.0983,-0.0982,0.3164,0.325,-0.0123,60.9,35.4656,60.9,0.0893,0.0222,0.0544,0.3025,BULLISH,STRONG_BULL,0.0687,0.2139,,,,,,,1,35.5222,72.6,69.5,0.163,53.6,53.9
809,AAVEUSDT,PASS:LONG_BTC1H_DEADBAND,LONG,LONG,96.12,0.3222,0.5722,-0.2081,trail,True,2026-07-30T02:34:58.643786,2026-07-30T02:54:16.215628,,0.3599,53.88,67.04,29.2556,30.3408,-1.0852,27.269879041077,20.09518978815374,0.0415,0.1526,0.2139,-0.2134,0.389,0.2039,-0.0197,77.6,35.4656,60.9,0.0893,0.0222,0.0544,0.3025,BULLISH,STRONG_BULL,0.1374,0.2427,,,,,,,2,35.5222,72.6,69.5,0.163,53.6,53.9
802,FETUSDT,PASS:LONG_BTC1H_DEADBAND,LONG,LONG,0.1394,-0.7,0.0717,-0.7174,sl,True,2026-07-30T02:03:20.647826,2026-07-30T02:15:57.208995,,0.3074,57.25,66.3,26.0753,26.5396,-0.4643,25.682190602672723,17.10763835160115,0.0301,0.1123,0.0591,-0.0591,0.3452,0.6369,0.0833,73.9,27.8193,69.6,0.1512,0.0241,0.3388,0.1953,BULLISH,HEALTHY_BULL,0.1008,0.4577,,,,,,,2,26.2215,69.2,58.2,0.1731,53.8,53.9
806,INJUSDT,PASS:LONG_BTC1H_DEADBAND,LONG,LONG,4.655,0.5156,0.5156,-0.3008,horizon,True,2026-07-30T02:03:20.641500,2026-07-30T02:48:20.975302,,0.4392,62.57,67.93,27.9816,27.197,0.7846,29.629855030712772,13.255566429053411,0.0926,0.1658,0.0127,0.0127,0.3232,0.6405,0.2713,84.6,27.8193,69.6,0.1512,0.0241,0.3388,0.1953,BULLISH,HEALTHY_BULL,0.1724,0.4241,,,,,,,2,26.2215,69.2,58.2,0.1731,53.8,53.9
801,1000SHIBUSDT,PASS:LONG_BTC1H_DEADBAND,LONG,LONG,0.004664,0.5004,0.7504,0.0,trail,True,2026-07-30T02:03:20.582407,2026-07-30T02:15:25.937621,,0.1466,57.54,60.74,19.4417,18.4611,0.9806,25.443588820308076,13.052084129829,0.0313,0.0526,0.0461,0.0461,0.2832,0.1622,0.1301,75.4,27.8193,69.6,0.1512,0.0241,0.3388,0.1953,BULLISH,HEALTHY_BULL,0.0645,0.1147,,,,,,,1,26.2215,69.2,58.2,0.1731,53.8,53.9
803,UNIUSDT,PASS:LONG_BTC1H_DEADBAND,LONG,LONG,4.021,0.3469,0.5969,-0.4476,trail,True,2026-07-30T02:03:20.570014,2026-07-30T02:27:10.957337,,0.4285,57.84,63.19,30.0286,29.1296,0.8989,26.442733898738506,10.875616998835435,0.0899,0.1681,0.0866,-0.0865,0.4343,0.6398,0.1714,62.5,27.8193,69.6,0.1512,0.0241,0.3388,0.1953,BULLISH,HEALTHY_BULL,0.1583,0.401,,,,,,,3,26.2215,69.2,58.2,0.1731,53.8,53.9
804,ADAUSDT,PASS:LONG_BTC1H_DEADBAND,LONG,LONG,0.1639,-0.7,0.122,-0.7322,sl,True,2026-07-30T02:03:20.540879,2026-07-30T02:35:09.030970,,0.4464,61.78,74.35,30.6506,29.9124,0.7382,29.23251766421378,12.454549721234462,0.0984,0.1745,0.0251,-0.0251,0.3392,0.3733,0.2479,75.8,27.8193,69.6,0.1512,0.0241,0.3388,0.1953,BULLISH,HEALTHY_BULL,0.1801,0.2561,,,,,,,2,26.2215,69.2,58.2,0.1731,53.8,53.9
805,HYPEUSDT,PASS:LONG_BTC1H_DEADBAND,LONG,LONG,54.227,-0.1918,0.0387,-0.4924,horizon,True,2026-07-30T02:03:20.533906,2026-07-30T02:48:20.971488,,0.1943,55.81,61.08,20.8425,20.4991,0.3433,25.110045637552243,14.968016748057957,0.0373,0.071,0.0081,-0.0081,0.2816,0.293,0.1002,75.1,27.8193,69.6,0.1512,0.0241,0.3388,0.1953,BULLISH,HEALTHY_BULL,0.0722,0.1863,,,,,,,2,26.2215,69.2,58.2,0.1731,53.8,53.9
800,HYPEUSDT,PASS:MOMENTUM_SHORT_DEEPGAP,SHORT,SHORT,53.219,-0.7,0.0376,-0.7009,sl,True,2026-07-29T21:22:53.331783,2026-07-29T21:57:59.618543,,0.5122,32.18,32.89,30.093,29.6289,0.4641,13.970853139410824,29.77456807752359,0.1229,0.1602,0.1573,-0.1571,0.4324,-1.0248,-0.4396,18.0,33.3235,41.9,-0.067,-0.2701,-0.0675,-0.4366,BEARISH,STRONG_BEAR,-0.2215,-0.604,,,,,,,3,33.3586,40.2,40.2,0.2473,40.2,40.7
797,XLMUSDT,PASS:LONG_BTC1H_DEADBAND,LONG,LONG,0.17276,-0.7,0.2257,-0.7409,sl,True,2026-07-29T19:00:10.592737,2026-07-29T19:21:10.375117,,0.0673,54.23,53.53,16.6953,17.9486,-1.2533,19.431074750869833,19.58810141071854,0.0105,0.0198,0.034,0.034,0.2965,0.0371,0.0643,42.3,25.5491,62.3,0.1673,0.014,0.2919,0.2342,BULLISH,HEALTHY_BULL,0.0317,0.0462,,,,,,,0,25.4617,68.6,51.2,0.3092,56.2,52.5
793,SUIUSDT,PASS:LONG_BTC1H_DEADBAND,LONG,LONG,0.6957,-0.7,0.1294,-0.7043,sl,True,2026-07-29T18:56:28.032805,2026-07-29T19:10:57.708798,,0.5906,68.36,69.69,30.2078,29.6892,0.5186,29.810503500666847,13.724637948205112,0.1567,0.2119,0.156,0.1562,0.3752,0.6206,0.5257,87.9,25.5491,64.8,0.1744,0.0205,0.3556,0.242,BULLISH,HEALTHY_BULL,0.2703,0.4396,,,,,,,1,25.4617,68.6,51.2,0.2987,56.8,52.5
792,AAVEUSDT,PASS:LONG_BTC1H_DEADBAND,LONG,LONG,99.79,-0.7,0.2405,-0.7015,sl,True,2026-07-29T18:50:56.782371,2026-07-29T19:08:06.734235,,0.2101,58.11,55.43,16.2507,17.3958,-1.1452,22.431809478916882,21.828335114499385,0.0454,0.0607,0.1888,0.1891,0.4794,0.502,0.2954,60.4,24.7948,63.4,0.151,0.0096,0.3322,0.1871,BULLISH,HEALTHY_BULL,0.1132,0.3983,,,,,,,2,25.2303,66.1,51.9,0.2928,55.7,52.5
791,SOLUSDT,PASS:LONG_BTC1H_DEADBAND,LONG,LONG,74.16,0.2085,0.4585,-0.0674,trail,True,2026-07-29T18:49:04.095092,2026-07-29T18:56:03.737031,,0.3793,64.43,61.79,29.0642,29.6801,-0.6159,25.447682227082808,16.5947601431193,0.0872,0.1351,0.1676,0.1679,0.3543,0.4308,0.3908,81.7,25.1537,63.7,0.1104,0.005,0.3534,0.1384,BULLISH,HEALTHY_BULL,0.1762,0.3392,,,,,,,2,25.7619,63.1,59.5,0.3054,55.2,52.5
788,ADAUSDT,PASS:LONG_BTC1H_DEADBAND,LONG,LONG,0.1666,0.5903,0.8403,-0.12,trail,True,2026-07-29T18:47:14.169347,2026-07-29T18:49:46.632583,,0.5448,67.04,62.14,30.167,30.7599,-0.5929,22.967065873872137,14.542610044583945,0.118,0.1902,0.2212,0.2217,0.4694,0.7746,0.5308,91.4,25.0116,63.9,0.1116,0.0057,0.3635,0.1396,BULLISH,HEALTHY_BULL,0.234,0.573,,,,,,,1,25.7619,63.1,59.5,0.3003,55.3,52.5
798,DOGEUSDT,PASS:LONG_BTC1H_DEADBAND,LONG,LONG,0.07084,-0.7,0.2541,-0.7058,sl,True,2026-07-29T18:47:14.164380,2026-07-29T19:26:00.180645,,0.2654,61.91,60.19,23.2923,23.6034,-0.3112,26.111981971841814,17.682684157383843,0.0656,0.0929,0.1192,0.1193,0.306,0.2959,0.278,69.5,25.0116,63.9,0.1116,0.0057,0.3635,0.1396,BULLISH,HEALTHY_BULL,0.1305,0.2317,,,,,,,3,25.7619,63.1,59.5,0.3003,55.3,52.5
796,PENGUUSDT,PASS:LONG_BTC1H_DEADBAND,LONG,LONG,0.005855,-0.7,0.427,-0.8027,sl,True,2026-07-29T18:45:23.797508,2026-07-29T19:21:10.372489,,0.2216,57.49,52.5,23.5583,25.3104,-1.7521,22.26485863120051,22.615623032917494,0.0414,0.0754,0.1509,0.1511,0.4134,0.2438,0.2681,63.1,25.7701,64.5,0.0536,0.0043,0.4507,0.1074,BULLISH,HEALTHY_BULL,0.1031,0.2409,,,,,,,2,26.5785,55.4,66.5,0.3122,55.1,52.5
799,LTCUSDT,PASS:LONG_BTC1H_DEADBAND,LONG,LONG,45.52,-0.7,0.1757,-0.725,sl,True,2026-07-29T18:45:23.758692,2026-07-29T19:26:06.510408,,0.17,61.12,55.25,30.2018,30.9624,-0.7606,28.98502938319255,19.197118046399737,0.035,0.0513,0.1398,0.14,0.2514,0.3075,0.2264,57.6,25.7701,64.5,0.0536,0.0043,0.4507,0.1074,BULLISH,HEALTHY_BULL,0.0834,0.2346,,,,,,,0,26.5785,55.4,66.5,0.3122,55.1,52.5
795,AVAXUSDT,PASS:LONG_BTC1H_DEADBAND,LONG,LONG,6.463,-0.7,0.3559,-0.7891,sl,True,2026-07-29T18:45:23.749540,2026-07-29T19:21:10.370018,,0.3435,64.88,61.65,28.9453,29.6731,-0.7278,27.830811811276433,18.754017670559776,0.0743,0.1201,0.1424,0.1426,0.3072,0.4789,0.3374,72.6,25.7701,64.5,0.0536,0.0043,0.4507,0.1074,BULLISH,HEALTHY_BULL,0.1537,0.3616,,,,,,,2,26.5785,55.4,66.5,0.3122,55.1,52.5
794,TAOUSDT,PASS:LONG_BTC1H_DEADBAND,LONG,LONG,193.06,-0.7,0.3056,-0.7044,sl,True,2026-07-29T18:45:23.743565,2026-07-29T19:20:24.657578,,0.2114,58.43,50.74,21.7975,22.992,-1.1945,25.76241154759237,22.722651824065814,0.0415,0.0733,0.1656,0.1659,0.3862,0.1829,0.281,59.0,25.7701,64.5,0.0536,0.0043,0.4507,0.1074,BULLISH,HEALTHY_BULL,0.0905,0.1986,,,,,,,2,26.5785,55.4,66.5,0.3122,55.1,52.5
789,PUMPUSDT,PASS:LONG_BTC1H_DEADBAND,LONG,LONG,0.001899,0.5399,0.7899,0.0,trail,True,2026-07-29T18:45:23.740294,2026-07-29T18:50:19.423104,,0.1315,55.38,46.3,16.2741,16.6155,-0.3415,25.817721948858225,20.35339568517342,0.0377,0.046,0.3076,0.3086,0.7109,0.1559,0.3927,57.1,25.7701,64.5,0.0536,0.0043,0.4507,0.1074,BULLISH,HEALTHY_BULL,0.0593,0.1788,,,,,,,1,26.5785,55.4,66.5,0.3122,55.1,52.5
790,LINKUSDT,PASS:LONG_BTC1H_DEADBAND,LONG,LONG,8.401,0.2261,0.4761,-0.1071,trail,True,2026-07-29T18:45:23.734306,2026-07-29T18:56:03.734430,,0.4547,66.86,61.48,30.9219,31.4,-0.4781,28.981551658645976,17.49815805890018,0.1131,0.163,0.2354,0.2359,0.3609,0.4497,0.5129,88.9,25.7701,64.5,0.0536,0.0043,0.4507,0.1074,BULLISH,HEALTHY_BULL,0.2065,0.3486,,,,,,,2,26.5785,55.4,66.5,0.3122,55.1,52.5
787,VANRYUSDT,PASS:MOMENTUM_SHORT_DEEPGAP,SHORT,SHORT,0.004397,0.5233,0.7733,-0.0455,trail,True,2026-07-29T00:23:38.184651,2026-07-29T00:26:30.221784,,0.7729,35.55,30.09,39.1553,38.3615,0.7938,8.575095711088036,25.369132759284984,0.2168,0.2507,0.3613,-0.36,0.7489,-1.9231,-0.8253,13.6,31.6222,66.7,0.0698,0.0522,0.1555,0.0922,BULLISH,STRONG_BULL,-0.3682,-1.1134,,,,,,,2,30.2671,69.0,62.3,0.1329,55.3,52.7
786,INJUSDT,PASS:LONG_BTC1H_DEADBAND,LONG,LONG,4.609,-0.1736,0.3255,-0.3038,horizon,True,2026-07-28T19:55:42.011735,2026-07-28T20:40:42.338356,,0.1963,53.93,49.37,20.1389,21.266,-1.1272,25.28150339386427,28.216262718061934,0.013,0.0886,0.0374,-0.0374,0.3567,0.0604,0.0641,52.3,21.7385,57.5,0.0224,0.0034,0.1048,0.0811,BULLISH,HEALTHY_BULL,0.023,0.091,,,,,,,2,21.0935,56.9,50.8,0.1255,51.1,48.7
785,ONDOUSDT,PASS:LONG_BTC1H_DEADBAND,LONG,LONG,0.4053,-0.7,0.3454,-0.7155,sl,True,2026-07-28T19:55:41.961859,2026-07-28T20:24:38.462209,,0.2742,59.89,56.78,15.324,15.873,-0.549,20.50800158084446,17.404218363813495,0.0865,0.1147,0.113,0.1131,0.3563,0.1995,0.3146,93.0,21.7385,57.5,0.0224,0.0034,0.1048,0.0811,BULLISH,HEALTHY_BULL,0.118,0.1348,,,,,,,3,21.0935,56.9,50.8,0.1255,51.1,48.7
783,ZAMAUSDT,PASS:LONG_BTC1H_DEADBAND,LONG,LONG,0.06176,-0.7,0.1619,-0.761,sl,True,2026-07-28T19:36:42.123166,2026-07-28T20:03:08.328001,,0.3684,56.78,56.81,20.3437,20.0074,0.3363,24.829948657034794,14.988526523986343,0.0956,0.1173,0.1088,0.109,0.7224,0.56,0.3222,70.1,20.8272,57.2,0.0236,0.0009,0.0836,0.0863,BULLISH,HEALTHY_BULL,0.1532,0.2813,,,,,,,5,19.4524,57.8,53.8,0.1248,50.8,48.7
784,TAOUSDT,PASS:LONG_BTC1H_DEADBAND,LONG,LONG,192.17,0.7439,0.9939,-0.0624,trail,True,2026-07-28T19:36:42.116933,2026-07-28T20:03:15.351590,,0.3285,68.89,64.25,30.8568,30.3077,0.549,32.59476524327055,14.645945551756673,0.0946,0.1154,0.1714,0.1717,0.2658,0.5338,0.3822,89.0,20.8272,57.2,0.0236,0.0009,0.0836,0.0863,BULLISH,HEALTHY_BULL,0.1476,0.3385,,,,,,,3,19.4524,57.8,53.8,0.1248,50.8,48.7
782,AAVEUSDT,PASS:LONG_BTC1H_DEADBAND,LONG,LONG,101.26,0.303,0.553,-0.0593,trail,True,2026-07-28T19:36:42.102662,2026-07-28T20:00:46.573882,,0.2367,58.79,57.02,34.1627,33.1853,0.9774,30.077981454329215,10.881154070523225,0.0505,0.0833,0.0702,0.0702,0.3709,0.6128,0.2041,79.3,20.8272,57.2,0.0236,0.0009,0.0836,0.0863,BULLISH,HEALTHY_BULL,0.1024,0.4357,,,,,,,2,19.4524,57.8,53.8,0.1248,50.8,48.7
781,LAUSDT,PASS:LONG_BTC1H_DEADBAND,LONG,LONG,0.06409,-0.7,0.3901,-0.9206,sl,True,2026-07-28T19:36:42.073822,2026-07-28T19:55:06.036065,,0.3686,55.22,64.52,34.4635,34.6873,-0.2238,23.67040576733658,12.315457539424111,0.0642,0.1426,0.1371,-0.1369,0.6629,0.3635,0.0697,58.0,20.8272,57.2,0.0236,0.0009,0.0836,0.0863,BULLISH,HEALTHY_BULL,0.1474,0.2752,,,,,,,4,19.4524,57.8,53.8,0.1248,50.8,48.7
780,HYPEUSDT,PASS:LONG_BTC1H_DEADBAND,LONG,LONG,55.26,0.3273,0.5773,-0.4687,trail,True,2026-07-28T19:36:42.060332,2026-07-28T19:47:45.867710,,0.1331,55.43,52.08,17.5289,17.6823,-0.1534,24.17051336408226,17.670806184202966,0.0311,0.0617,0.0493,0.0494,0.3334,0.1491,0.1422,77.8,20.8272,57.2,0.0236,0.0009,0.0836,0.0863,BULLISH,HEALTHY_BULL,0.0349,0.1175,,,,,,,2,19.4524,57.8,53.8,0.1248,50.8,48.7
779,EULUSDT,PASS:MOMENTUM_SHORT_DEEPGAP,SHORT,SHORT,1.5285,0.2865,0.5365,-0.314,trail,True,2026-07-28T17:35:02.243248,2026-07-28T17:44:45.653005,,0.7511,38.15,42.97,30.2932,30.2716,0.0216,13.761044867985728,25.881327462255232,0.1132,0.2113,0.425,-0.4233,0.9978,-1.9156,-0.7461,25.3,23.7713,39.9,-0.049,0.067,-0.2419,0.2044,BEARISH,HEALTHY_BEAR,-0.2842,-1.2359,,,,,,,1,24.4162,45.1,61.7,0.1824,46.9,55.7
775,FETUSDT,PASS:LONG_BTC1H_DEADBAND,LONG,LONG,0.1422,-0.7,0.1406,-0.7032,sl,True,2026-07-28T16:51:11.398009,2026-07-28T17:10:13.717200,,0.2497,61.35,58.83,31.3431,31.581,-0.2379,23.4290901231831,13.10722170728005,0.0268,0.0657,0.1585,0.1587,0.3871,0.6013,0.2513,74.2,30.1786,65.0,0.0774,0.0215,0.16,0.365,BULLISH,STRONG_BULL,0.1123,0.4342,,,,,,,0,29.6428,63.4,59.6,0.1842,54.1,53.2
778,XLMUSDT,PASS:LONG_BTC1H_DEADBAND,LONG,LONG,0.17244,-0.5277,0.3595,-0.5915,horizon,True,2026-07-28T16:51:11.388721,2026-07-28T17:36:11.862983,,0.176,59.72,58.22,29.4324,29.8417,-0.4093,26.329271075018006,16.099102456070348,0.0175,0.0535,0.0788,0.0789,0.2616,0.3987,0.1499,85.6,30.1786,65.0,0.0774,0.0215,0.16,0.365,BULLISH,STRONG_BULL,0.07,0.29,,,,,,,1,29.6428,63.4,59.6,0.1842,54.1,53.2
777,SUIUSDT,PASS:LONG_BTC1H_DEADBAND,LONG,LONG,0.6901,-0.3912,0.3623,-0.4057,horizon,True,2026-07-28T16:47:23.885109,2026-07-28T17:32:24.215392,,0.2038,56.54,57.38,30.5551,30.0593,0.4958,26.847260700513626,12.345841735531511,0.0241,0.063,0.0008,0.0008,0.2936,0.4831,0.0879,78.4,29.6584,61.4,0.0632,0.0102,0.1036,0.3561,BULLISH,STRONG_BULL,0.0874,0.335,,,,,,,1,29.229,62.8,66.0,0.1913,52.4,53.2
771,ZAMAUSDT,PASS:LONG_BTC1H_DEADBAND,LONG,LONG,0.0602,0.2317,0.4817,0.0,trail,True,2026-07-28T16:43:34.612708,2026-07-28T16:46:48.788569,,0.2328,50.65,53.75,16.5564,16.9205,-0.3641,25.845926112211103,20.380442452906433,0.09,0.1328,0.1348,-0.1346,0.9488,-0.6912,0.088,68.9,29.078,62.7,0.0539,0.0135,0.1426,0.3559,BULLISH,STRONG_BULL,0.0913,-0.4644,,,,,,,0,28.743,59.1,61.1,0.1992,52.9,53.2
776,SOLUSDT,PASS:LONG_BTC1H_DEADBAND,LONG,LONG,74.24,-0.6466,0.4041,-0.66,horizon,True,2026-07-28T16:41:40.507743,2026-07-28T17:26:40.902363,,0.2253,60.41,54.5,33.0821,33.5162,-0.4342,27.071482232533388,15.414253424567883,0.013,0.0637,0.0792,0.0793,0.2786,0.636,0.156,76.2,28.7489,60.6,0.048,0.0076,0.0894,0.3495,BULLISH,STRONG_BULL,0.0707,0.4426,,,,,,,0,28.743,59.1,61.1,0.1938,52.0,53.2
772,OPUSDT,PASS:LONG_BTC1H_DEADBAND,LONG,LONG,0.0884,0.2025,0.4525,-0.1131,trail,True,2026-07-28T16:33:57.876488,2026-07-28T16:49:03.467718,,0.3614,60.88,61.7,26.4575,25.737,0.7205,24.7913385986449,11.713928864531656,0.0525,0.1218,0.0677,0.0677,0.4287,0.65,0.2423,81.3,28.9897,60.5,0.06,0.0062,0.0867,0.3683,BULLISH,STRONG_BULL,0.1379,0.4748,,,,,,,2,29.2409,59.1,66.0,0.2124,51.7,53.2
774,AVAXUSDT,PASS:LONG_BTC1H_DEADBAND,LONG,LONG,6.529,0.3676,0.5054,-0.0919,horizon,True,2026-07-28T16:18:40.801509,2026-07-28T17:03:40.854265,,0.4008,57.76,61.45,34.7408,35.6193,-0.8786,31.210431109287494,19.40693704640273,0.0177,0.155,0.0887,-0.0886,0.3623,0.7053,0.084,62.5,28.279,61.9,0.0779,0.0018,0.0995,0.3699,BULLISH,STRONG_BULL,0.1012,0.5839,,,,,,,2,28.2097,61.1,68.4,0.2165,51.1,53.2
757,ADAUSDT,PASS:LONG_BTC1H_DEADBAND,LONG,LONG,0.1583,0.3185,0.5685,-0.0632,trail,True,2026-07-28T16:09:08.321257,2026-07-28T16:20:39.743929,,0.4757,60.44,71.53,33.0084,32.0106,0.9977,33.33325096254275,12.335376359239564,0.1029,0.1882,0.0814,-0.0813,0.406,0.4433,0.2097,68.8,28.1748,62.2,0.1196,0.0014,0.1299,0.3745,BULLISH,STRONG_BULL,0.2012,0.3013,,,,,,,2,27.8779,66.0,67.1,0.2358,51.0,53.2
773,DOGEUSDT,PASS:LONG_BTC1H_DEADBAND,LONG,LONG,0.0708,0.4379,0.4661,-0.2401,horizon,True,2026-07-28T16:09:08.309888,2026-07-28T16:54:08.675363,,0.4574,67.5,68.78,31.4603,30.4649,0.9954,30.37895457098231,11.696991598412703,0.0775,0.1714,0.0219,0.0219,0.3227,0.5934,0.2711,80.3,28.1748,62.2,0.1196,0.0014,0.1299,0.3745,BULLISH,STRONG_BULL,0.1744,0.4541,,,,,,,2,27.8779,66.0,67.1,0.2358,51.0,53.2
765,BCHUSDT,PASS:LONG_BTC1H_DEADBAND,LONG,LONG,214.35,-0.7,0.1773,-0.7045,sl,True,2026-07-28T16:03:23.459008,2026-07-28T16:30:49.687780,,0.5936,68.26,70.36,34.7416,34.9457,-0.2041,30.026301214825285,15.437798246886153,0.127,0.2378,0.0056,0.0056,0.3463,0.4792,0.3707,86.1,27.8699,68.0,0.1413,0.0133,0.2707,0.3785,BULLISH,HEALTHY_BULL,0.223,0.3509,,,,,,,1,26.9384,69.1,65.5,0.2418,52.9,53.2
759,OPUSDT,PASS:LONG_BTC1H_DEADBAND,LONG,LONG,0.0883,0.203,0.453,-0.3398,trail,True,2026-07-28T16:01:29.279778,2026-07-28T16:22:08.872807,,0.5169,62.61,59.71,25.2532,25.1921,0.0611,22.911581629768406,13.442463172067477,0.099,0.1924,0.0744,0.0744,0.449,0.6241,0.3663,89.5,27.8447,69.4,0.1444,0.0164,0.2984,0.3818,BULLISH,HEALTHY_BULL,0.1846,0.436,,,,,,,1,26.9384,69.1,65.5,0.241,53.4,53.2
764,ARBUSDT,PASS:LONG_BTC1H_DEADBAND,LONG,LONG,0.07947,-0.7,0.0126,-0.7047,sl,True,2026-07-28T16:01:29.273522,2026-07-28T16:30:01.905168,,0.5193,66.19,60.72,30.8578,30.7376,0.1202,28.96345023973273,14.781208530826687,0.0859,0.19,0.1251,0.1253,0.3733,0.8522,0.4017,83.1,27.8447,69.4,0.1444,0.0164,0.2984,0.3818,BULLISH,HEALTHY_BULL,0.1755,0.6238,,,,,,,1,26.9384,69.1,65.5,0.241,53.4,53.2
770,XLMUSDT,PASS:LONG_BTC1H_DEADBAND,LONG,LONG,0.1725,-0.1217,0.1913,-0.3768,horizon,True,2026-07-28T16:01:29.254574,2026-07-28T16:46:29.607110,,0.459,66.92,63.78,31.8807,30.9836,0.8971,32.342970597460216,12.72093077811062,0.111,0.1768,0.1074,0.1076,0.3065,0.4064,0.3959,90.2,27.8447,69.4,0.1444,0.0164,0.2984,0.3818,BULLISH,HEALTHY_BULL,0.1761,0.2716,,,,,,,2,26.9384,69.1,65.5,0.241,53.4,53.2
769,DOTUSDT,PASS:LONG_BTC1H_DEADBAND,LONG,LONG,0.7623,-0.2099,0.1443,-0.5903,horizon,True,2026-07-28T16:01:29.248490,2026-07-28T16:46:29.604689,,0.3178,60.68,58.79,28.0857,28.3557,-0.2699,28.197580952672492,17.07190429664714,0.0767,0.1278,0.0304,0.0304,0.292,0.2029,0.2351,76.4,27.8447,69.4,0.1444,0.0164,0.2984,0.3818,BULLISH,HEALTHY_BULL,0.1146,0.1325,,,,,,,1,26.9384,69.1,65.5,0.241,53.4,53.2
762,UNIUSDT,PASS:LONG_BTC1H_DEADBAND,LONG,LONG,3.908,-0.7,0.0512,-0.7165,sl,True,2026-07-28T16:01:29.231260,2026-07-28T16:27:38.214208,,0.3831,56.96,58.31,23.6582,23.689,-0.0308,24.970954933269052,15.547200548877937,0.1066,0.1415,0.048,0.048,0.548,0.7324,0.2964,86.0,27.8447,69.4,0.1444,0.0164,0.2984,0.3818,BULLISH,HEALTHY_BULL,0.1786,0.4266,,,,,,,4,26.9384,69.1,65.5,0.241,53.4,53.2
760,LINKUSDT,PASS:LONG_BTC1H_DEADBAND,LONG,LONG,8.375,0.2157,0.4657,-0.1075,trail,True,2026-07-28T16:01:29.216585,2026-07-28T16:22:17.015163,,0.4183,65.57,63.34,30.1211,29.138,0.9832,30.9827604806619,12.379391388160483,0.0881,0.1585,0.0643,0.0644,0.3217,0.4513,0.3113,83.1,27.8447,69.4,0.1444,0.0164,0.2984,0.3818,BULLISH,HEALTHY_BULL,0.158,0.3152,,,,,,,2,26.9384,69.1,65.5,0.241,53.4,53.2
768,SUIUSDT,PASS:LONG_BTC1H_DEADBAND,LONG,LONG,0.6902,0.0869,0.2028,-0.3187,horizon,True,2026-07-28T16:01:29.212532,2026-07-28T16:46:29.602262,,0.4041,63.18,59.85,26.2991,25.5339,0.7652,27.90567029073418,13.057830807778883,0.0808,0.1511,0.0864,0.0865,0.3389,0.5065,0.3187,82.0,27.8447,69.4,0.1444,0.0164,0.2984,0.3818,BULLISH,HEALTHY_BULL,0.148,0.3532,,,,,,,2,26.9384,69.1,65.5,0.241,53.4,53.2
767,WLDUSDT,PASS:LONG_BTC1H_DEADBAND,LONG,LONG,0.3239,-0.4631,0.2161,-0.6792,horizon,True,2026-07-28T16:01:29.208971,2026-07-28T16:46:29.599781,,0.43,58.51,56.13,20.173,20.0431,0.1299,28.882573693068913,18.519845975851187,0.0941,0.1659,0.0397,0.0397,0.5047,0.4362,0.2999,78.4,27.8447,69.4,0.1444,0.0164,0.2984,0.3818,BULLISH,HEALTHY_BULL,0.1538,0.2647,,,,,,,4,26.9384,69.1,65.5,0.241,53.4,53.2
758,1000SHIBUSDT,PASS:LONG_BTC1H_DEADBAND,LONG,LONG,0.004651,0.266,0.516,-0.1505,trail,True,2026-07-28T16:01:29.205590,2026-07-28T16:20:42.774404,,0.3484,53.85,60.75,30.81,31.3175,-0.5076,29.15604047269814,17.7897411221477,0.0125,0.1414,0.2149,-0.2144,0.4298,0.4818,-0.0609,53.4,27.8447,69.4,0.1444,0.0164,0.2984,0.3818,BULLISH,HEALTHY_BULL,0.0857,0.376,,,,,,,1,26.9384,69.1,65.5,0.241,53.4,53.2
756,PUMPUSDT,PASS:LONG_BTC1H_DEADBAND,LONG,LONG,0.002036,-0.7,0.0,-0.7367,sl,True,2026-07-28T16:01:29.196576,2026-07-28T16:11:25.519899,,0.5402,55.42,54.34,25.9066,26.3873,-0.4807,23.87797931979269,16.03258807505628,0.0326,0.2041,0.1164,-0.1162,0.7838,0.7897,0.1203,70.6,27.8447,69.4,0.1444,0.0164,0.2984,0.3818,BULLISH,HEALTHY_BULL,0.1515,0.6849,,,,,,,2,26.9384,69.1,65.5,0.241,53.4,53.2
761,NEARUSDT,PASS:LONG_BTC1H_DEADBAND,LONG,LONG,1.664,-0.7,0.0601,-0.7212,sl,True,2026-07-28T16:01:29.193383,2026-07-28T16:23:18.676020,,0.4958,59.38,57.46,29.9722,30.2512,-0.279,30.475534980120816,17.76632031995374,0.1044,0.2038,0.0121,-0.0121,0.505,0.24,0.2963,58.0,27.8447,69.4,0.1444,0.0164,0.2984,0.3818,BULLISH,HEALTHY_BULL,0.1584,0.1659,,,,,,,3,26.9384,69.1,65.5,0.241,53.4,53.2
763,1000PEPEUSDT,PASS:LONG_BTC1H_DEADBAND,LONG,LONG,0.0028289,-0.7,0.357,-0.7035,sl,True,2026-07-28T16:01:29.184561,2026-07-28T16:28:17.727508,,0.5464,62.6,60.86,27.4653,27.4258,0.0396,28.400294128815506,15.982241352794894,0.1019,0.2154,0.0205,0.0205,0.4352,0.5085,0.3381,78.9,27.8447,69.4,0.1444,0.0164,0.2984,0.3818,BULLISH,HEALTHY_BULL,0.1878,0.3828,,,,,,,1,26.9384,69.1,65.5,0.241,53.4,53.2
766,XRPUSDT,PASS:LONG_BTC1H_DEADBAND,LONG,LONG,1.0645,-0.0939,0.1503,-0.2818,horizon,True,2026-07-28T16:01:29.167006,2026-07-28T16:46:29.597142,,0.4295,66.78,64.66,33.2006,32.2453,0.9552,29.877134511470754,11.157577011086325,0.0783,0.1626,0.0388,0.0388,0.2632,0.5384,0.28,83.8,27.8447,69.4,0.1444,0.0164,0.2984,0.3818,BULLISH,HEALTHY_BULL,0.1532,0.387,,,,,,,2,26.9384,69.1,65.5,0.241,53.4,53.2
755,NILUSDT,PASS:MOMENTUM_SHORT_DEEPGAP,SHORT,SHORT,0.04168,0.5657,0.8157,-0.6478,trail,True,2026-07-27T17:02:46.765861,2026-07-27T17:07:15.062694,,0.7956,43.07,45.73,31.0453,30.5661,0.4792,12.354544238464337,27.03809530009519,0.1337,0.1939,0.3448,-0.3436,1.7308,-2.3329,-0.6697,48.3,21.4442,60.0,0.0514,-0.1128,0.1453,-0.0689,BULLISH,HEALTHY_BULL,-0.3526,-1.4342,,,,,,,1,22.6084,59.7,62.1,0.1856,46.9,47.3
754,BROCCOLI714USDT,PASS:LONG_UNMATCHED_ONLY,LONG,LONG,0.01287,0.0,0.0,0.0,horizon,True,2026-07-26T20:08:59.987464,2026-07-26T20:54:00.584762,C3+C8+W1,0.2999,78.67,45.11,31.7568,30.3368,1.4201,48.97918041593111,16.23175875869093,0.172,0.1067,0.9669,0.9764,0.2778,-0.1872,1.258,95.8,21.954970996234913,48.977047546845455,,,-0.0013,,NEUTRAL,CHOPPY_FLAT,,-0.1664,,3.2087,34.1,29.3,1892810.39232,203,,22.488766851553873,42.74681875696602,51.11885462410513,0.0416,62.3,61.7
753,PUMPUSDT,PASS:LONG_UNMATCHED_ONLY,LONG,LONG,0.001833,0.3501,0.6001,0.0,trail,True,2026-07-26T14:21:54.650053,2026-07-26T14:22:42.492520,W4,0.4997,62.03,66.09,35.0858,33.1334,1.9524,35.14198991899767,8.657808230461276,0.1195,0.1929,0.0043,-0.0043,0.4075,0.539,0.3083,66.7,30.2742,62.7,0.0559,0.0516,0.0893,,BULLISH,STRONG_BULL,0.1985,0.3308,0.7623,1.1003,42.9,35.7,27578704.858498,43,2,28.5564,64.7,53.4,0.0732,64.9,57.7
752,ALICEUSDT,PASS:LONG_UNMATCHED_ONLY,LONG,LONG,0.1216,0.0,0.0,0.0,horizon,True,2026-07-26T10:59:38.953309,2026-07-26T11:44:39.920475,C8,0.0143,63.41,36.84,13.2462,11.4458,1.8004,36.04911696447533,16.711811382374623,0.027,0.0019,0.3759,0.3774,0.2369,-0.0121,0.4063,81.8,29.012989048838914,49.273820868464206,,,-0.0211,,NEUTRAL,CHOPPY_FLAT,,-0.0091,,4.3737,31.0,45.2,1531984.73011,242,,28.42040582899543,53.559853984836046,55.95152421615156,0.0321,58.1,60.4
751,MMTUSDT,PASS:LONG_UNMATCHED_ONLY,LONG,LONG,0.1714,0.0,0.0,0.0,horizon,True,2026-07-26T10:36:45.453525,2026-07-26T11:21:45.722041,W6,0.0376,65.93,36.4,21.042,20.188,0.854,36.33913334472847,18.660038410023922,0.057,0.0069,0.6753,0.6799,0.3332,-0.336,0.7442,88.0,25.363450435958963,61.25125186322829,,,0.0295,,NEUTRAL,CHOPPY_FLAT,,-0.2124,,3.7014,45.2,31.0,2358634.8509,185,,25.029204940959193,58.31220996292967,56.589774467856444,0.0295,60.5,60.4
750,NOMUSDT,PASS:LONG_UNMATCHED_ONLY,LONG,LONG,0.001545,0.0,0.0,0.0,horizon,True,2026-07-26T10:33:27.266245,2026-07-26T11:18:27.653059,C8+W6,0.1124,75.37,31.93,21.0445,18.5947,2.4498,47.19758969848324,14.542049840382031,0.0944,0.03,0.687,0.6918,0.2454,0.0162,0.8171,90.5,24.964838150885384,58.28591737786347,,,0.0159,,NEUTRAL,CHOPPY_FLAT,,-0.042,,3.3595,42.9,35.7,1275267.789239,269,,25.174845165458887,55.948570086725944,56.587170995102724,0.03,59.6,60.4
749,KAITOUSDT,PASS:LONG_UNMATCHED_ONLY,LONG,LONG,1.0508,0.4637,0.7137,-0.4473,trail,True,2026-07-26T09:31:43.277982,2026-07-26T09:51:00.230513,W4,0.4975,60.54,58.05,22.4355,21.3064,1.1291,36.933208261745584,16.939057911282497,0.0849,0.1576,0.1072,0.1073,0.7255,1.1958,0.3501,58.7,30.4605,61.7,0.0323,0.0329,0.0303,,BULLISH,STRONG_BULL,0.2067,0.8124,0.896,0.8108,52.4,35.7,53354962.32963,22,4,30.1337,70.4,72.7,0.0393,58.9,56.9
748,NILUSDT,PASS:LONG_UNMATCHED_ONLY,LONG,LONG,0.03525,0.0,0.0,0.0,horizon,True,2026-07-26T09:04:21.830446,2026-07-26T09:49:21.887784,C3+C8+W1,0.2972,79.79,48.8,38.8679,36.4406,2.4273,57.901465862660096,10.048888065350797,0.1346,0.0985,0.7754,0.7814,0.2384,0.1711,1.0165,90.4,20.482107190613192,70.9217911519706,,,0.0982,,BULLISH,HEALTHY_BULL,,0.0768,,2.6771,40.5,28.6,1341728.848469,264,,18.733889034639663,67.2371797484804,54.024602561343826,0.0386,58.3,56.9
747,TRUSTUSDT,PASS:LONG_UNMATCHED_ONLY,LONG,LONG,0.05061,0.0,0.0,0.0,horizon,True,2026-07-26T08:08:45.795613,2026-07-26T08:53:45.949850,C4+C9+W1,0.0701,66.04,47.33,23.2169,22.1038,1.1131,40.364486551414785,18.267876804982485,0.0526,0.0231,0.4001,0.4017,0.2318,-0.1886,0.4777,67.9,19.86791519576286,42.45030244853551,,,-0.0167,,NEUTRAL,CHOPPY_FLAT,,-0.1353,,4.4604,28.6,45.2,1022946.78247,306,,20.003743381965887,39.81333474345939,36.152067537591385,0.04,49.3,49.9
746,STRKUSDT,PASS:LONG_UNMATCHED_ONLY,LONG,LONG,0.03045,0.0,0.0,0.0,horizon,True,2026-07-26T07:10:49.101739,2026-07-26T07:55:49.115288,C2+C8,0.309,79.3,54.78,20.0025,16.9318,3.0707,53.12794273989184,13.314394345750834,0.1572,0.1077,0.8423,0.8495,0.2687,0.1165,1.1168,89.1,28.467853352803758,50.00727211481205,,,0.0207,,NEUTRAL,CHOPPY_FLAT,,0.0122,,5.2964,61.9,23.8,3981556.817306,135,,30.398926807751053,53.65015621008947,42.04518290797463,0.0471,53.5,55.0
745,BREVUSDT,PASS:LONG_UNMATCHED_ONLY,LONG,LONG,0.07488,0.0,0.0,0.0,horizon,True,2026-07-26T06:58:55.757207,2026-07-26T07:43:55.878390,C8+W1,0.2571,78.66,48.96,24.963,22.834,2.129,50.976570619407994,15.816658091382832,0.1406,0.0857,0.8083,0.8149,0.2513,0.0198,1.0431,92.4,32.01667113392922,54.83447827424872,,,0.0633,,NEUTRAL,CHOPPY_FLAT,,-0.03,,4.1155,73.8,19.0,1243569.58633,272,,34.056130787099974,53.600762916936546,17.540875514621064,0.0482,55.1,53.6
744,AGTUSDT,PASS:LONG_UNMATCHED_ONLY,LONG,LONG,0.01565,0.0,0.0,0.0,horizon,True,2026-07-26T06:27:45.354226,2026-07-26T07:12:45.887573,W1+W4,1.3581,86.95,35.78,34.36,30.6771,3.6829,69.15655872741134,6.740591871769793,0.7854,0.47,4.8625,5.111,1.0895,0.1897,6.4344,73.0,39.79625301791517,20.377294653691635,,,-0.1311,,BEARISH,BEAR_EXHAUSTED,,-0.1037,,5.7812,28.6,66.7,1111881.070652,288,,37.24279867505711,15.502233938308038,28.547529869902434,0.0451,46.4,53.6
743,XANUSDT,PASS:LONG_UNMATCHED_ONLY,LONG,LONG,0.01169,0.0,0.0,0.0,horizon,True,2026-07-26T04:59:09.065430,2026-07-26T05:44:09.860747,C4+C8+C9,0.3063,69.32,46.09,16.0827,14.3887,1.6941,35.72639357969517,16.011362510722655,0.1574,0.1073,1.1564,1.17,0.5788,-0.1079,1.4379,90.5,18.95908194339001,47.594921578254144,,,-0.0277,,NEUTRAL,CHOPPY_FLAT,,-0.1229,,1.7077,57.1,21.4,2057369.397066,196,,19.415318943388577,53.68139577948081,58.126998179141964,0.0424,62.4,64.6
742,FFUSDT,PASS:LONG_UNMATCHED_ONLY,LONG,LONG,0.0604,0.0,0.0,0.0,horizon,True,2026-07-26T04:47:09.402137,2026-07-26T05:32:09.988399,C8+W1,0.1321,80.37,47.68,25.2213,22.7138,2.5075,54.297365910261675,14.51240457224054,0.0582,0.043,0.3744,0.3758,0.1007,0.0544,0.4775,97.4,19.30398208644272,63.26133054880316,,,0.0573,,NEUTRAL,CHOPPY_FLAT,,0.0258,,3.5443,71.4,14.3,1534365.49266,235,,18.379188728781575,61.89394057117232,45.331052671084024,0.04,66.3,64.6
741,CHILLGUYUSDT,PASS:LONG_UNMATCHED_ONLY,LONG,LONG,0.012782,0.2194,0.4694,-0.1252,trail,True,2026-07-26T04:34:39.103540,2026-07-26T04:34:46.738715,C4+C9,0.0152,63.37,40.09,21.6031,21.8923,-0.2891,29.844289407654383,20.80607251688504,0.2146,0.0276,1.9155,1.9529,1.1562,-0.2206,2.1435,74.7,18.201360210802402,53.964123931502606,,,0.0105,,NEUTRAL,CHOPPY_FLAT,,-0.3946,,1.8504,59.5,21.4,20193135.814719,51,,18.484182121911765,58.12349637520457,55.071413931249396,0.0427,63.8,64.6
740,SKLUSDT,PASS:LONG_UNMATCHED_ONLY,LONG,LONG,0.003779,0.0,0.0,0.0,horizon,True,2026-07-26T03:34:23.163839,2026-07-26T04:19:23.215202,W6,0.0225,60.37,44.93,15.6834,15.5074,0.1759,24.45367391305881,17.00354060859879,0.0268,0.0121,0.3008,0.3017,0.2406,-0.1729,0.3409,81.8,23.83616693098068,63.12490703398759,,,0.0696,,BULLISH,HEALTHY_BULL,,-0.1118,,2.1545,54.8,31.0,2791436.291504,166,,22.731065839623113,60.918255079047185,54.98894165883016,0.0518,65.5,63.2
739,PENGUUSDT,PASS:LONG_UNMATCHED_ONLY,LONG,LONG,0.00629,-0.7,0.0636,-0.7313,sl,True,2026-07-26T02:58:48.930871,2026-07-26T03:13:49.484841,W4,0.5038,58.72,71.6,31.3699,30.6061,0.7638,29.72913228116453,12.350515813788691,0.1071,0.1827,0.0858,-0.0858,0.4345,0.6479,0.2039,68.1,18.6387,62.3,0.0206,0.0927,0.0716,,BULLISH,HEALTHY_BULL,0.249,0.4765,2.0128,1.451,59.5,33.3,27252171.168922,42,3,17.7298,63.4,55.0,0.0473,63.4,60.4
738,PUMPUSDT,PASS:LONG_UNMATCHED_ONLY,LONG,LONG,0.001788,0.0559,0.2237,-0.2237,horizon,True,2026-07-26T01:04:23.252489,2026-07-26T01:49:23.693996,W4,0.183,58.4,62.88,27.2609,26.3179,0.943,25.294396868696005,10.964885459182943,0.0519,0.0652,0.0257,0.0257,0.2672,0.2007,0.1428,68.8,24.113,58.3,0.0278,0.0776,0.0346,,BULLISH,HEALTHY_BULL,0.0916,0.1313,1.1951,1.249,58.5,17.1,25160116.59662,43,3,22.2223,70.5,63.7,0.054,60.7,64.2
736,B2USDT,PASS:LONG_UNMATCHED_ONLY,LONG,LONG,0.4243,0.5985,0.8485,0.0,trail,True,2026-07-26T00:38:20.980647,2026-07-26T00:41:37.748122,C4,0.5441,56.12,65.24,20.8785,20.7674,0.1111,23.152540804799205,14.70231372392797,0.1098,0.2182,0.2183,-0.2178,0.7642,0.0991,0.1097,66.4,21.7139,61.6,0.0223,0.0665,0.0327,,BULLISH,HEALTHY_BULL,0.2198,0.0735,1.1114,0.7815,58.5,26.8,52534134.7838,24,5,21.0177,63.7,61.2,0.0432,61.3,56.6
737,PYTHUSDT,PASS:LONG_UNMATCHED_ONLY,LONG,LONG,0.04294,0.0,0.0,0.0,horizon,True,2026-07-26T00:19:31.664507,2026-07-26T01:04:31.989211,C4+C8+C9,0.0335,69.51,25.42,21.9698,20.3819,1.5879,47.97051706207238,19.303533615242845,0.0605,0.0042,0.5942,0.5978,0.212,-0.1696,0.6629,82.8,16.54941236424727,60.464026890708425,,,0.0355,,NEUTRAL,CHOPPY_WEAK,,-0.1335,,2.5926,51.2,22.0,3929867.44925,137,,16.261205122507903,65.07327352210453,50.50412683112593,0.0408,60.0,56.6
735,CVXUSDT,PASS:LONG_UNMATCHED_ONLY,LONG,LONG,1.321,0.0,0.0,0.0,horizon,True,2026-07-25T23:23:52.965269,2026-07-26T00:08:53.139122,C2+C3+W1,0.2025,74.76,36.32,30.2361,29.1421,1.094,49.72657681806044,19.119302953346786,0.1269,0.0776,0.9571,0.9663,0.3248,-0.3063,1.1729,88.9,20.768907506798676,53.79280558184744,,,0.0003,,NEUTRAL,CHOPPY_FLAT,,-0.2093,,3.3187,31.7,39.0,2833688.5507,164,,21.664508249654723,55.0819514978245,58.04803145645363,0.0408,58.9,59.8
734,BROCCOLIF3BUSDT,PASS:LONG_UNMATCHED_ONLY,LONG,LONG,0.005709,0.0,0.0,0.0,horizon,True,2026-07-25T22:43:39.573380,2026-07-25T23:28:39.886361,C2+W1+W6,0.3019,72.72,39.0,27.9907,26.0834,1.9073,44.9821231031286,13.900534025159525,0.17,0.0943,1.3972,1.417,0.5903,-0.1759,1.6852,70.5,25.342281377314112,52.16834954803289,,,0.0026,,NEUTRAL,CHOPPY_FLAT,,-0.1401,,3.9491,39.0,34.1,1612285.488775,231,,25.610743042321847,57.11139968597418,61.15867285078295,0.0504,58.2,56.5
733,ACEUSDT,PASS:LONG_UNMATCHED_ONLY,LONG,LONG,0.08788,0.2165,0.4665,-0.0341,trail,True,2026-07-25T22:16:48.527489,2026-07-25T22:22:52.211498,W4,0.3926,60.17,64.18,30.4113,30.0611,0.3502,26.045986653469456,12.551022342467387,0.0908,0.1427,0.0238,0.0238,0.5637,0.4905,0.2575,72.9,25.2347,61.1,0.0219,0.0568,0.0574,,BULLISH,HEALTHY_BULL,0.1674,0.3255,0.3431,0.8339,46.3,24.4,79625156.42458,20,2,24.542,61.2,63.0,0.0512,59.7,56.5
732,PARTIUSDT,PASS:LONG_UNMATCHED_ONLY,LONG,LONG,0.02701,0.0,0.0,0.0,horizon,True,2026-07-25T18:27:04.005272,2026-07-25T19:12:04.256707,C8+W1,0.3157,74.95,48.22,27.1532,24.1229,3.0303,47.60298579485518,9.561613821268052,0.1564,0.11,0.923,0.9316,0.3887,-0.0599,1.2006,77.8,38.97774854865115,67.72792959390836,,,0.0762,,BULLISH,STRONG_BULL,,-0.0671,,3.6103,57.1,21.4,2615938.6356,179,,37.001388169536696,67.17155034721924,57.11796955578709,0.0629,59.5,53.9
729,ACEUSDT,PASS:LONG_UNMATCHED_ONLY,LONG,LONG,0.08699,-0.7,0.115,-0.7242,sl,True,2026-07-25T18:21:28.782565,2026-07-25T18:27:29.433251,C7+W2,0.5087,57.25,63.17,20.0768,19.8142,0.2626,23.16340912570855,14.350985768836233,0.1769,0.2228,0.0899,0.0899,0.7202,-0.7039,0.4904,84.0,37.0887,64.1,0.0393,0.0441,0.0656,,BULLISH,STRONG_BULL,0.2767,-0.436,0.7967,0.8473,59.5,19.0,99123902.700083,18,4,35.0281,68.8,57.3,0.0662,58.7,53.9
731,WLDUSDT,PASS:LONG_UNMATCHED_ONLY,LONG,LONG,0.3498,-0.0286,0.2287,-0.3145,horizon,True,2026-07-25T18:21:28.761647,2026-07-25T19:06:29.019516,W2+W4,0.2323,59.43,59.89,28.5067,27.9547,0.5521,26.992392071886943,12.794924498528134,0.0197,0.0854,0.0303,-0.0303,0.2888,0.4907,0.0748,63.9,37.0887,64.1,0.0393,0.0441,0.0656,,BULLISH,STRONG_BULL,0.0743,0.3937,0.7967,0.7007,59.5,19.0,144299969.9878,13,2,35.0281,68.8,57.3,0.0662,58.7,53.9
730,PUMPUSDT,PASS:LONG_UNMATCHED_ONLY,LONG,LONG,0.001794,-0.2787,0.223,-0.2787,horizon,True,2026-07-25T17:53:25.400259,2026-07-25T18:38:26.329870,W4,0.2677,58.39,67.85,24.646,23.9211,0.7249,29.155595923345796,14.337585765843977,0.0789,0.1002,0.0043,-0.0043,0.2683,0.2792,0.1748,73.9,24.7119,59.0,0.0204,0.0216,0.0392,,BULLISH,HEALTHY_BULL,0.1351,0.1441,1.1379,0.7798,78.6,16.7,26977144.795726,41,6,22.6715,57.2,61.1,0.0591,54.3,50.4
726,LITUSDT,PASS:LONG_UNMATCHED_ONLY,LONG,LONG,2.0761,-0.7,0.1252,-0.7273,sl,True,2026-07-25T17:46:05.361243,2026-07-25T18:11:50.797687,W4,0.1858,53.84,65.39,30.265,29.4958,0.7692,30.146712365985763,12.838716577179621,0.0461,0.0654,0.059,-0.0589,0.3306,0.3914,0.0525,49.8,21.5714,61.9,0.0233,0.0239,0.057,,BULLISH,HEALTHY_BULL,0.1,0.2275,1.0273,0.7414,78.6,14.3,20478425.86615,50,2,20.3674,61.7,55.2,0.0494,55.1,50.4
725,PROMUSDT,PASS:LONG_UNMATCHED_ONLY,LONG,LONG,1.959,0.6178,0.8678,-0.051,trail,True,2026-07-25T17:46:05.270800,2026-07-25T17:56:53.740777,C4+C9,0.4766,54.03,59.67,15.7982,16.3283,-0.5301,18.446868458444417,15.429417012818408,0.1217,0.2264,0.0526,-0.0526,1.0923,-0.4284,0.2956,75.0,21.5714,61.9,0.0233,0.0239,0.057,,BULLISH,HEALTHY_BULL,0.1676,-0.2907,1.0273,0.7289,78.6,14.3,60249664.6551,23,4,20.3674,61.7,55.2,0.0494,55.1,50.4
727,LAUSDT,PASS:LONG_UNMATCHED_ONLY,LONG,LONG,0.06643,0.2317,0.4817,-0.6322,trail,True,2026-07-25T17:37:18.478746,2026-07-25T18:12:06.080370,C4,0.5093,57.49,62.88,19.9492,19.802,0.1472,26.852650913544952,17.21758143799217,0.1285,0.212,0.0008,0.0008,0.6912,0.2624,0.3415,81.3,19.1588,64.5,0.0329,0.0242,0.0744,,BULLISH,HEALTHY_BULL,0.2147,0.2242,1.2144,0.6125,76.2,19.0,31831408.562529,37,3,17.7683,68.4,55.5,0.05,55.2,50.4
728,QTUMUSDT,PASS:LONG_UNMATCHED_ONLY,LONG,LONG,0.6855,0.0,0.0,0.0,horizon,True,2026-07-25T17:27:13.569150,2026-07-25T18:12:14.180282,C4+C8,0.1268,71.52,49.29,20.039,18.6453,1.3937,38.12575381772602,17.065896153994505,0.0491,0.0382,0.3747,0.3761,0.2072,0.1264,0.4637,82.3,16.272363100267274,62.28094521136509,,,0.0636,,NEUTRAL,CHOPPY_WEAK,,0.0808,,2.148,69.0,23.8,1877339.93928,215,,15.89952666253818,61.096542010139615,54.242469706113184,0.0453,53.7,50.4
724,HOMEUSDT,PASS:LONG_UNMATCHED_ONLY,LONG,LONG,0.006473,-0.7,0.0,-0.7106,sl,True,2026-07-25T16:07:56.312091,2026-07-25T16:08:24.804108,C4+C9+W1,0.2387,72.17,28.9,23.8603,22.2788,1.5815,45.13877662996316,17.371906717763245,0.215,0.0697,1.6965,1.7258,0.6847,-0.2215,2.0155,71.5,18.073606873605666,51.669958109672415,,,-0.0006,,NEUTRAL,CHOPPY_FLAT,,-0.2217,,3.0365,42.9,38.1,18040192.799122,54,,18.942106865219394,49.71149758786186,59.794228247930455,0.0447,49.6,48.5
723,LITUSDT,PASS:LONG_UNMATCHED_ONLY,LONG,LONG,2.0712,-0.0435,0.1835,-0.6952,horizon,True,2026-07-25T15:22:21.521964,2026-07-25T16:07:22.387283,W2,0.2624,57.22,58.2,16.4675,17.2007,-0.7332,22.988062616218688,20.005885676153646,0.0699,0.0854,0.0143,0.0143,0.4041,0.6407,0.1697,48.9,26.3917,61.6,0.0271,0.0148,0.0361,,BULLISH,HEALTHY_BULL,0.1132,0.3494,1.192,0.3177,62.8,27.9,22676322.69458,48,3,25.5047,66.6,62.4,0.0486,51.4,50.1
722,AWEUSDT,PASS:LONG_UNMATCHED_ONLY,LONG,LONG,0.05795,0.0,0.0,0.0,horizon,True,2026-07-25T15:14:09.786902,2026-07-25T15:59:10.416112,W4,0.7237,87.77,47.43,18.9622,14.3198,4.6424,74.77438031176303,8.626190848213925,0.3409,0.2473,2.108,2.1534,0.5982,0.3625,2.7551,58.4,24.501597708821045,68.1071307498922,,,0.0845,,BULLISH,HEALTHY_BULL,,0.1815,,5.0062,55.8,32.6,1087483.49378,293,,23.882867845785533,63.79040785514896,61.62604780528235,0.0459,52.6,50.1
721,BLURUSDT,PASS:LONG_UNMATCHED_ONLY,LONG,LONG,0.01507,0.0,0.0,0.0,horizon,True,2026-07-25T14:57:57.387617,2026-07-25T15:42:58.116902,W1,0.0269,64.03,38.21,24.2923,23.6516,0.6407,35.41589287706407,17.993140693482225,0.0316,0.0087,0.6103,0.6141,0.3848,0.3845,0.6372,90.0,24.65756770006109,62.693043108457175,,,0.0439,,NEUTRAL,CHOPPY_FLAT,,0.2392,,1.9884,46.5,25.6,3539893.55231,145,,24.228485725176856,62.40611666310224,55.75009152025709,0.0453,50.1,47.7
720,龙虾USDT,PASS:LONG_UNMATCHED_ONLY,LONG,LONG,0.017921,0.0,0.0,0.0,horizon,True,2026-07-25T14:54:39.254248,2026-07-25T15:39:39.941289,C1+W1,0.827,81.71,52.68,23.2057,19.9977,3.208,43.895507597796026,9.340264864596517,0.373,0.2695,2.2327,2.2837,0.7551,0.9527,2.9419,96.9,24.04854816881168,61.18153357387111,,,0.04,,NEUTRAL,CHOPPY_FLAT,,0.5172,,3.0261,44.2,30.2,1611712.512659,234,,24.06507929746968,56.423643884873826,53.69087802821975,0.0468,49.6,47.7
719,SCRUSDT,PASS:LONG_UNMATCHED_ONLY,LONG,LONG,0.02319,0.0,0.0,0.0,horizon,True,2026-07-25T14:52:57.780874,2026-07-25T15:37:58.569267,C1+C3+W1,0.7809,80.09,48.52,30.5255,27.7701,2.7553,50.36464183156764,10.189856151953745,0.3735,0.2561,2.2656,2.3181,0.6407,0.6463,2.9633,100.0,23.73753708206192,54.465437733339286,,,0.0011,,NEUTRAL,CHOPPY_FLAT,,0.2823,,3.1148,44.2,32.6,1361906.45484,264,,24.06507929746968,56.423643884873826,53.69087802821975,0.0443,47.9,47.7
716,MORPHOUSDT,PASS:LONG_UNMATCHED_ONLY,LONG,LONG,2.0175,0.5331,0.7831,-0.1685,trail,True,2026-07-25T13:55:35.433941,2026-07-25T14:05:10.161311,W2,0.5005,59.14,55.53,19.4763,20.3305,-0.8541,22.321946720522607,18.872784854045126,0.0716,0.1833,0.2122,0.2127,0.7425,0.7769,0.4681,80.7,31.9404,63.6,0.0408,-0.0241,0.0528,,BULLISH,STRONG_BULL,0.1977,0.6517,0.9354,0.5818,65.9,13.6,36666709.37089,34,3,30.3634,82.3,64.1,0.0453,48.5,44.8
718,JTOUSDT,PASS:LONG_UNMATCHED_ONLY,LONG,LONG,0.6009,0.0,0.0,0.0,horizon,True,2026-07-25T13:53:53.671022,2026-07-25T14:38:54.338702,C8,0.232,72.5,49.2,16.0085,13.3223,2.6863,42.43140554734525,13.795166140963191,0.1204,0.0714,0.8146,0.8213,0.3268,0.13,1.0147,90.1,32.663860855375816,67.85873229015243,,,0.0724,,BULLISH,STRONG_BULL,,0.0338,,3.2248,75.0,13.6,12724999.831,72,,30.363418751266494,82.33026687677824,64.07532597275772,0.0436,49.3,44.8
717,IDOLUSDT,PASS:LONG_UNMATCHED_ONLY,LONG,LONG,0.01506,0.0,0.0,0.0,horizon,True,2026-07-25T13:37:52.645549,2026-07-25T14:22:53.115895,C8+W1+W6,0.3971,71.68,45.23,27.6465,25.4573,2.1892,40.60836923869671,11.418154940388273,0.1982,0.1197,1.5694,1.5944,0.6881,0.1517,1.9177,88.9,25.629401645095008,64.65007577106573,,,0.0251,,NEUTRAL,CHOPPY_FLAT,,0.0741,,1.6477,68.2,15.9,3999762.18136,144,,25.985791348524256,64.65007577106573,70.7427469248518,0.0311,45.5,44.8
715,ONDOUSDT,PASS:LONG_UNMATCHED_ONLY,LONG,LONG,0.3816,-0.3407,0.3931,-0.5765,horizon,True,2026-07-25T11:24:18.707752,2026-07-25T12:09:18.789616,W4,0.4162,59.38,66.79,35.4672,35.1085,0.3588,35.16294274207895,15.02284608270841,0.0669,0.1499,0.1282,-0.1281,0.3228,0.6952,0.0885,70.4,21.4165,64.9,0.0244,-0.0661,0.0434,,BULLISH,HEALTHY_BULL,0.1522,0.47,0.5267,0.6672,32.6,34.9,72163128.29388,23,4,20.5507,67.1,63.1,0.044,42.1,41.7
714,WUSDT,PASS:LONG_UNMATCHED_ONLY,LONG,LONG,0.00892,0.0,0.0,0.0,horizon,True,2026-07-25T11:05:02.458222,2026-07-25T11:50:03.246812,W1,0.1459,74.44,47.31,27.6162,26.7523,0.8638,35.24338740360889,15.522697350005462,0.0905,0.0478,0.5399,0.5428,0.2476,-0.0544,0.6819,81.8,18.79970987049856,69.25627985397725,,,0.0643,,BULLISH,HEALTHY_BULL,,-0.0682,,2.1095,44.2,30.2,2534506.02111,191,,18.241285857226384,69.579042128131,58.17975283573106,0.0465,41.7,41.7
713,KATUSDT,PASS:LONG_UNMATCHED_ONLY,LONG,LONG,0.004859,0.0,0.0,0.0,horizon,True,2026-07-25T10:09:44.137423,2026-07-25T10:54:44.854047,C2+W6,0.271,78.17,41.72,17.217,13.0224,4.1946,58.62444763407152,9.643919535331436,0.1277,0.0963,0.8048,0.8113,0.3097,-0.0176,1.0372,60.2,25.202374350132484,62.17016980470263,,,0.0725,,BULLISH,HEALTHY_BULL,,-0.0303,,5.5373,48.8,27.9,4053403.100176,146,,25.52123359767732,63.895620121434995,48.63235464130837,0.0552,38.2,37.9
712,0GUSDT,PASS:LONG_UNMATCHED_ONLY,LONG,LONG,0.1747,0.0,0.0,0.0,horizon,True,2026-07-25T09:23:20.278576,2026-07-25T10:08:21.268665,C2+W1,0.543,81.87,39.3,25.7187,22.1888,3.5299,63.0284753778691,10.42837295159947,0.3081,0.1849,1.9746,2.0143,0.5126,-0.026,2.5178,74.7,35.51857102342175,42.01781069498083,,,-0.0229,,BEARISH,STRONG_BEAR,,-0.0871,,5.0152,39.5,37.2,4905406.6598,135,,36.92706074001086,42.9911989012453,21.072497136440546,0.0624,30.3,29.5
711,IOUSDT,PASS:LONG_UNMATCHED_ONLY,LONG,LONG,0.1466,0.0,0.0,0.0,horizon,True,2026-07-25T08:13:54.107000,2026-07-25T08:58:54.891479,C8+W1,0.2541,72.51,42.49,25.9905,23.9845,2.006,47.590190334724916,15.000251683920329,0.0991,0.0896,0.7503,0.756,0.2942,0.1223,0.9462,90.0,30.78931214011166,29.25486128445708,,,-0.0879,,BEARISH,BEAR_EXHAUSTED,,0.0867,,3.8302,20.9,65.1,1863435.48508,237,,29.465140979758665,29.59479643214803,49.84527446046198,0.0431,31.2,33.6
710,KASUSDT,PASS:LONG_UNMATCHED_ONLY,LONG,LONG,0.02779,0.0,0.0,0.0,horizon,True,2026-07-25T08:05:02.925756,2026-07-25T08:50:03.446372,C8+W1,0.1714,75.02,46.15,30.5161,28.7297,1.7864,52.93535347887342,15.92852686166758,0.0897,0.0595,0.5728,0.5761,0.2038,-0.016,0.7262,75.0,28.063269566880162,34.90357407057691,,,-0.0666,,NEUTRAL,CHOPPY_FLAT,,-0.0225,,4.9792,18.6,60.5,1496341.99462,268,,27.436380792356925,43.174635992964724,47.865779560887255,0.0399,32.3,33.6
709,SPKUSDT,PASS:LONG_UNMATCHED_ONLY,LONG,LONG,0.01696,0.0,0.0,0.0,horizon,True,2026-07-25T07:47:00.482316,2026-07-25T08:32:01.034922,C8+W1,0.1103,66.53,45.87,22.2001,21.0756,1.1245,41.01855787062074,18.941910658865698,0.0354,0.0403,0.3709,0.3723,0.2076,0.0171,0.4482,78.9,27.66086982402693,51.82726632531255,,,0.0184,,NEUTRAL,CHOPPY_FLAT,,0.0338,,3.7998,25.6,51.2,2627098.11127,186,,28.497261637059314,49.842916797539615,44.99566028535208,0.037,35.3,33.9
708,FLUIDUSDT,PASS:LONG_UNMATCHED_ONLY,LONG,LONG,1.155,0.0,0.0,0.0,horizon,True,2026-07-25T06:47:40.065731,2026-07-25T07:32:40.472172,W1,0.2542,68.75,46.4,24.8965,23.5378,1.3586,38.75351342917762,15.615081112830106,0.0756,0.0744,0.8048,0.8114,0.4033,0.2986,0.9627,90.0,34.98903640122304,34.4075444861017,,,-0.079,,BEARISH,STRONG_BEAR,,0.2039,,3.1937,20.9,67.4,5062626.1661,129,,34.092391849984644,36.8720657056827,38.488723363903034,0.0495,32.7,34.2
707,DYMUSDT,PASS:LONG_UNMATCHED_ONLY,LONG,LONG,0.015,0.0,0.0,0.0,horizon,True,2026-07-25T06:46:07.827637,2026-07-25T07:31:08.184327,C8,0.1287,68.54,42.25,19.7986,18.1726,1.626,47.670368508525456,19.977750107500807,0.1124,0.0395,0.8967,0.9048,0.3832,-0.0922,1.0581,78.8,33.96970734052864,36.873386492204745,,,-0.0649,,BEARISH,STRONG_BEAR,,-0.0961,,2.9249,23.3,67.4,1772827.093895,247,,33.2285479966359,43.10261695749628,41.586051684307215,0.0512,33.2,34.2
706,MEUSDT,PASS:LONG_UNMATCHED_ONLY,LONG,LONG,0.066,0.0,0.0,0.0,horizon,True,2026-07-25T04:43:37.139009,2026-07-25T05:28:37.813958,W1,0.1319,72.09,42.37,33.1297,31.8144,1.3153,53.27497716418266,17.650395645329873,0.0877,0.0484,0.5455,0.5485,0.2504,-0.2191,0.6854,62.1,12.06325918899025,69.61576071570641,,,0.1154,,NEUTRAL,CHOPPY_WEAK,,-0.1781,,4.0298,36.6,29.3,2221050.386336,211,,10.488477539903334,60.19142591413527,65.22830255131683,0.043,40.1,33.8
705,ZKCUSDT,PASS:LONG_UNMATCHED_ONLY,LONG,LONG,0.04352,0.0,0.0,0.0,horizon,True,2026-07-25T00:02:16.808866,2026-07-25T00:47:17.034388,W1,0.2445,79.9,35.59,38.3788,36.1656,2.2131,63.12609328974277,12.40644472284657,0.1565,0.0807,1.0817,1.0935,0.3645,-0.1279,1.3334,57.2,16.661951398189004,35.81596496151563,,,-0.037,,NEUTRAL,CHOPPY_WEAK,,-0.1422,,5.3341,38.1,21.4,4551700.90821,138,,15.651753691370073,40.315004394481896,52.960930647336774,0.038,33.6,34.0
704,MIRAUSDT,PASS:LONG_UNMATCHED_ONLY,LONG,LONG,0.04392,0.0,0.0,0.0,horizon,True,2026-07-25T00:02:11.229445,2026-07-25T00:47:12.012331,C4,0.4195,79.33,42.78,18.2153,13.8576,4.3577,61.24765371339507,8.803717198738989,0.2292,0.1345,1.6141,1.6406,0.5779,-0.0109,2.0106,59.5,16.661951398189004,35.81596496151563,,,-0.037,,NEUTRAL,CHOPPY_WEAK,,-0.0648,,5.3457,38.1,21.4,8726785.41579,101,,15.651753691370073,40.315004394481896,52.960930647336774,0.038,33.6,34.0
703,TRXUSDT,PASS:LONG_UNMATCHED_ONLY,LONG,LONG,0.33227,-0.4183,0.0211,-0.4725,horizon,True,2026-07-24T19:49:13.880442,2026-07-24T20:34:14.239359,C2+C4+C8,0.1414,83.53,56.27,17.7141,13.4625,4.2516,68.15758415761837,10.644133413270609,0.0655,0.0478,0.3647,0.366,0.074,0.0537,0.4798,94.2,19.441,53.0,0.0227,-0.2357,-0.0015,,BULLISH,HEALTHY_BULL,0.0594,0.0203,0.6704,4.1866,38.1,35.7,38071417.84761,40,0,19.6042,60.9,52.9,0.0886,34.8,36.1
702,CAKEUSDT,PASS:LONG_UNMATCHED_ONLY,LONG,LONG,1.3936,0.0,0.0,0.0,horizon,True,2026-07-24T19:02:17.163129,2026-07-24T19:47:18.087173,W6,0.0131,64.58,39.76,20.7983,20.369,0.4293,35.43655918405096,20.643185719004634,0.0182,0.0008,0.251,0.2517,0.1271,0.0069,0.2692,89.9,23.251889236056787,67.20372146531899,,,0.1101,,BULLISH,HEALTHY_BULL,,0.0,,2.8212,51.2,34.1,3404177.0194,169,,22.722657883170623,66.57654171876396,53.258710006861286,0.0936,36.3,36.1
701,NEARUSDT,PASS:LONG_UNMATCHED_ONLY,LONG,LONG,1.815,-0.2755,0.1653,-0.4408,horizon,True,2026-07-24T18:11:19.183148,2026-07-24T18:56:19.465709,C4+C9,0.0872,52.44,52.44,24.779,26.0,-1.221,19.285592739905347,23.056654624756128,0.0258,0.0461,0.0073,-0.0073,0.3024,-0.3835,0.0647,76.0,20.2065,58.3,0.0318,-0.3145,0.0544,,BULLISH,HEALTHY_BULL,0.028,-0.2139,0.4506,0.4533,53.7,31.7,107853170.945,14,3,19.8838,58.7,60.0,0.1076,32.9,33.1
699,BARDUSDT,PASS:LONG_UNMATCHED_ONLY,LONG,LONG,0.1271,0.2221,0.4721,-0.3147,trail,True,2026-07-24T07:27:16.897371,2026-07-24T07:50:01.496789,C6,0.2906,59.71,65.28,27.7159,29.0808,-1.365,16.60626703781594,20.284835547826127,0.0949,0.1207,0.064,0.0641,0.4912,-0.0777,0.2799,94.7,34.1583,66.1,0.0804,0.1065,0.1378,,BULLISH,STRONG_BULL,0.1322,-0.0619,2.252,0.7765,78.0,14.6,33184318.4719,45,4,33.1454,64.7,62.8,0.1084,62.2,57.0
697,PUMPUSDT,PASS:LONG_UNMATCHED_ONLY,LONG,LONG,0.001845,-0.7,0.0,-0.7588,sl,True,2026-07-24T07:27:16.859703,2026-07-24T07:42:10.229304,C6,0.476,64.56,72.4,30.1812,29.3481,0.8331,30.37135350232567,12.704939818589068,0.091,0.1759,0.0146,0.0146,0.4235,0.5904,0.2818,78.6,34.1583,66.1,0.0804,0.1065,0.1378,,BULLISH,STRONG_BULL,0.1896,0.4327,2.252,2.031,78.0,14.6,51330152.728366,31,3,33.1454,64.7,62.8,0.1084,62.2,57.0
698,UNIUSDT,PASS:LONG_UNMATCHED_ONLY,LONG,LONG,3.858,-0.7,0.2851,-0.7517,sl,True,2026-07-24T07:27:16.845977,2026-07-24T07:46:04.965261,C6+W4,0.4124,60.46,68.2,38.6046,38.3453,0.2593,27.826180732377964,11.372451120266957,0.0628,0.1438,0.0549,-0.0549,0.3664,0.8816,0.1518,71.4,34.1583,66.1,0.0804,0.1065,0.1378,,BULLISH,STRONG_BULL,0.156,0.6029,2.252,0.9342,78.0,14.6,51675751.382,30,3,33.1454,64.7,62.8,0.1084,62.2,57.0
696,LAUSDT,PASS:LONG_UNMATCHED_ONLY,LONG,LONG,0.06823,-0.7,0.0879,-0.7182,sl,True,2026-07-24T07:27:16.813026,2026-07-24T07:33:38.990951,C6,0.5937,56.4,59.26,15.94,16.6216,-0.6816,20.852415157492107,18.09509593437486,0.1265,0.257,0.166,0.1662,1.4395,0.4193,0.5508,68.2,34.1583,66.1,0.0804,0.1065,0.1378,,BULLISH,STRONG_BULL,0.2351,0.3887,2.252,0.8999,78.0,14.6,82978973.842857,22,3,33.1454,64.7,62.8,0.1084,62.2,57.0
700,ADAUSDT,PASS:LONG_UNMATCHED_ONLY,LONG,LONG,0.1679,-0.1191,0.1787,-0.5956,horizon,True,2026-07-24T07:27:16.783503,2026-07-24T08:12:17.244874,C6+W4,0.2802,61.48,67.77,22.8164,21.8789,0.9376,27.733349538550637,13.351604773003494,0.0856,0.1097,0.0649,0.065,0.2525,0.1566,0.2606,71.4,34.1583,66.1,0.0804,0.1065,0.1378,,BULLISH,STRONG_BULL,0.1201,0.0853,2.252,1.4357,78.0,14.6,123151092.0917,14,4,33.1454,64.7,62.8,0.1084,62.2,57.0
691,ONDOUSDT,PASS:LONG_UNMATCHED_ONLY,LONG,LONG,0.4034,0.3449,0.5949,0.0,trail,True,2026-07-24T04:08:41.311268,2026-07-24T04:10:59.862203,C6,0.3817,60.97,68.62,22.826,21.9435,0.8824,27.754531572294113,13.578273346605663,0.086,0.1483,0.0137,-0.0137,0.3548,0.3744,0.2207,80.5,28.3892,66.3,0.0726,0.0579,0.1137,,BULLISH,STRONG_BULL,0.1587,0.2742,0.7298,0.9939,51.2,26.8,72213684.61673,26,4,27.6033,66.9,62.8,0.1168,56.0,57.0
692,KAITOUSDT,PASS:LONG_UNMATCHED_ONLY,LONG,LONG,1.0276,0.5188,0.7688,-0.146,trail,True,2026-07-24T04:08:41.296102,2026-07-24T04:12:29.565411,C6,0.2318,56.19,54.99,32.3035,32.8433,-0.5398,26.251315024047827,15.65475936896119,0.0156,0.0904,0.0324,-0.0324,0.5435,0.1747,0.0737,48.5,28.3892,66.3,0.0726,0.0579,0.1137,,BULLISH,STRONG_BULL,0.0604,0.1653,0.7298,0.9182,51.2,26.8,75082436.49594,24,2,27.6033,66.9,62.8,0.1168,56.0,57.0
694,NEARUSDT,PASS:LONG_UNMATCHED_ONLY,LONG,LONG,1.905,-0.7,0.105,-0.7349,sl,True,2026-07-24T04:08:41.284322,2026-07-24T04:40:51.178429,C6,0.287,65.85,63.1,20.0537,19.2965,0.7572,29.885110024875328,16.128249740324197,0.0857,0.1109,0.184,0.1843,0.2781,0.2725,0.3814,93.9,28.3892,66.3,0.0726,0.0579,0.1137,,BULLISH,STRONG_BULL,0.1247,0.1928,0.7298,1.1276,51.2,26.8,80278246.678,23,4,27.6033,66.9,62.8,0.1168,56.0,57.0
695,HYPEUSDT,PASS:LONG_UNMATCHED_ONLY,LONG,LONG,58.318,-0.0034,0.3327,-0.2418,horizon,True,2026-07-24T04:08:41.241369,2026-07-24T04:53:41.741687,C6,0.2691,64.71,59.21,26.1909,25.4125,0.7784,29.99160008330803,14.013425540517801,0.0584,0.0981,0.117,0.1172,0.2516,0.39,0.2739,93.7,28.3892,66.3,0.0726,0.0579,0.1137,,BULLISH,STRONG_BULL,0.1017,0.2896,0.7298,0.4839,51.2,26.8,469805052.43976,7,2,27.6033,66.9,62.8,0.1168,56.0,57.0
693,ADAUSDT,PASS:LONG_UNMATCHED_ONLY,LONG,LONG,0.1675,-0.1791,0.0597,-0.4179,horizon,True,2026-07-24T03:46:27.224402,2026-07-24T04:31:28.029513,C5+W6,0.105,57.14,49.34,19.1464,19.4895,-0.3431,22.011425063794825,16.373934382277707,0.0308,0.0453,0.0884,0.0885,0.2574,-0.1065,0.1648,81.3,23.4945,68.5,0.0763,0.0004,0.186,,BULLISH,HEALTHY_BULL,0.0288,-0.0635,0.5586,0.7279,56.1,34.1,125432714.0632,14,3,22.556,69.7,69.4,0.1273,55.5,45.7
689,TLMUSDT,PASS:LONG_UNMATCHED_ONLY,LONG,LONG,0.001692,0.5183,0.7683,-0.3546,trail,True,2026-07-24T02:12:54.814701,2026-07-24T02:20:10.689208,C4+C9,0.2598,52.52,52.65,23.581,25.1757,-1.5947,23.551205138814026,22.245867924591835,0.0371,0.123,0.0719,-0.0718,0.6523,-0.3915,0.0882,71.7,18.6556,64.3,0.0294,-0.0614,0.1126,,BULLISH,HEALTHY_BULL,0.0729,-0.1367,0.7205,0.8614,35.7,33.3,28536238.43824,47,2,18.7947,61.2,57.7,0.1024,47.2,44.1
690,HYPEUSDT,PASS:LONG_UNMATCHED_ONLY,LONG,LONG,58.056,-0.7,0.1171,-0.701,sl,True,2026-07-24T02:12:54.718843,2026-07-24T02:34:18.068548,C4,0.2879,64.38,60.02,22.1812,22.5156,-0.3344,25.427512921825134,17.730924655395587,0.0519,0.1124,0.0689,0.069,0.2588,0.247,0.2335,85.5,18.6556,64.3,0.0294,-0.0614,0.1126,,BULLISH,HEALTHY_BULL,0.098,0.2061,0.7205,0.7244,35.7,33.3,470311724.49286,7,2,18.7947,61.2,57.7,0.1024,47.2,44.1
688,KAITOUSDT,PASS:LONG_UNMATCHED_ONLY,LONG,LONG,1.0493,-0.7,0.2573,-0.8196,sl,True,2026-07-23T21:59:27.720764,2026-07-23T22:35:52.067436,W2+W4+W6,0.1679,55.12,57.96,22.231,21.4558,0.7751,26.345081101531413,13.478868887697534,0.0463,0.0581,0.0247,0.0247,0.4725,0.1298,0.1291,58.7,23.2407,59.8,0.0321,-0.1068,0.0526,,BULLISH,HEALTHY_BULL,0.0818,0.0653,0.471,0.6089,23.3,48.8,78357771.49987,24,3,23.036,59.2,59.7,0.0855,44.6,44.7
686,WLDUSDT,PASS:LONG_UNMATCHED_ONLY,LONG,LONG,0.3864,-0.7,0.2329,-0.7246,sl,True,2026-07-23T21:08:36.658249,2026-07-23T21:32:01.849996,W2,0.5127,63.94,59.98,26.2768,25.9243,0.3525,33.12366106556102,17.50093426310025,0.0592,0.1797,0.0536,0.0536,0.418,1.0522,0.2928,79.3,26.8733,60.9,0.0477,-0.1113,0.0309,,BULLISH,HEALTHY_BULL,0.1696,0.8093,0.5814,0.9412,60.5,25.6,107084114.7216,18,2,26.6428,68.6,66.5,0.0967,43.8,44.7
687,KITEUSDT,PASS:LONG_UNMATCHED_ONLY,LONG,LONG,0.11352,-0.555,0.2026,-0.5902,horizon,True,2026-07-23T20:49:32.721698,2026-07-23T21:34:33.252331,W6,0.0537,55.7,48.72,18.4513,17.7548,0.6965,24.87588759968351,14.143431821759123,0.0161,0.0249,0.0908,0.0909,0.2967,0.0317,0.1319,67.7,23.2372,65.7,0.065,-0.1648,0.1081,,BULLISH,HEALTHY_BULL,0.0149,0.0469,0.7569,0.8955,53.5,27.9,28245864.42106,50,3,22.44,67.0,71.0,0.1035,44.0,33.8
683,TLMUSDT,PASS:LONG_UNMATCHED_ONLY,LONG,LONG,0.001775,-0.7,0.0563,-0.7887,sl,True,2026-07-23T20:41:43.070932,2026-07-23T20:55:55.370251,W6,0.4829,53.67,66.49,20.4003,20.5317,-0.1314,25.03761753211752,17.15169720433596,0.1666,0.1975,0.1319,-0.1318,0.7575,-0.083,0.2322,59.6,22.5499,65.6,0.0703,-0.1661,0.1214,,BULLISH,HEALTHY_BULL,0.2694,-0.1212,0.7622,0.8982,55.8,20.9,30270892.777416,47,5,21.705,66.4,67.0,0.1086,43.7,33.8
685,1000BONKUSDT,PASS:LONG_UNMATCHED_ONLY,LONG,LONG,0.002927,-0.7,0.205,-0.7175,sl,True,2026-07-23T20:41:43.050843,2026-07-23T21:18:28.055703,W6,0.2261,55.36,63.49,24.0158,25.2602,-1.2444,27.206477266610264,31.834325465466762,0.0807,0.095,0.0519,-0.0519,0.2863,-0.0638,0.1238,83.3,22.5499,65.6,0.0703,-0.1661,0.1214,,BULLISH,HEALTHY_BULL,0.1064,-0.1123,0.7622,0.4761,55.8,20.9,32975112.572313,43,4,21.705,66.4,67.0,0.1086,43.7,33.8
684,MIRAUSDT,PASS:LONG_UNMATCHED_ONLY,LONG,LONG,0.04588,-0.7,0.109,-0.7411,sl,True,2026-07-23T20:41:43.037351,2026-07-23T21:13:05.798287,W6,0.4094,66.99,68.85,31.8064,31.3658,0.4407,26.559406986957367,12.062611536848387,0.1027,0.1609,0.0341,0.0341,0.2961,0.1636,0.2979,89.6,22.5499,65.6,0.0703,-0.1661,0.1214,,BULLISH,HEALTHY_BULL,0.1634,0.0975,0.7622,0.6444,55.8,20.9,33580058.44255,42,4,21.705,66.4,67.0,0.1086,43.7,33.8
682,PUMPUSDT,PASS:FLIP_SHORT_BTC_TRENDGAP,SHORT,SHORT,0.001941,0.7289,0.9789,0.0,trail,True,2026-07-23T14:45:16.372538,2026-07-23T14:52:47.601731,,0.1318,54.16,53.45,21.6169,21.463,0.154,18.641746774402463,11.51840630246565,0.0401,0.0405,0.0875,0.0876,0.5008,0.3542,0.1683,50.0,28.2544,45.5,-0.0051,-0.2973,-0.0673,-0.2711,NEUTRAL,CHOPPY_FLAT,0.0596,0.1951,0.5789,0.2529,31.0,54.8,56020240.177297,34,0,30.3186,52.9,46.5,0.212,33.6,27.9
680,DEXEUSDT,PASS:LONG_UNMATCHED_ONLY,LONG,LONG,3.264,0.761,1.011,-0.5208,trail,True,2026-07-23T09:49:48.113600,2026-07-23T09:54:02.961459,C4+C5+C7+C9,0.1151,52.24,48.82,17.8098,18.8876,-1.0777,16.294891074692607,17.581904878593,0.0417,0.077,0.2686,0.2693,1.8097,-1.735,0.3884,59.4,20.8013,58.5,0.028,-0.1167,0.0298,,BULLISH,HEALTHY_BULL,0.0409,-0.9612,0.745,0.9451,51.2,25.6,315506077.17865,8,2,20.7591,64.0,64.8,0.0814,45.4,43.0
681,KAITOUSDT,PASS:LONG_UNMATCHED_ONLY,LONG,LONG,0.999,0.4907,0.7407,-0.0601,trail,True,2026-07-23T09:34:03.675167,2026-07-23T09:54:11.045154,C4,0.2773,58.59,61.28,18.7451,18.4683,0.2768,22.0180817637559,13.975844730869833,0.0725,0.1028,0.0116,0.0116,0.4516,0.3103,0.187,77.0,21.1397,62.4,0.0353,-0.1155,0.0673,,BULLISH,HEALTHY_BULL,0.1217,0.1839,0.8116,0.8559,44.2,37.2,37182848.81721,43,4,20.72,62.9,69.2,0.0899,45.7,43.0
679,PUMPUSDT,PASS:LONG_UNMATCHED_ONLY,LONG,LONG,0.001918,-0.2086,0.1564,-0.5214,horizon,True,2026-07-23T05:35:25.196373,2026-07-23T06:20:25.630850,W4,0.4337,66.43,74.18,36.6093,34.4701,2.1392,35.72756198192486,7.731715254661598,0.1319,0.159,0.0865,0.0865,0.3127,0.3304,0.3779,71.0,20.542,62.2,0.0215,-0.1266,0.1205,,BULLISH,HEALTHY_BULL,0.2117,0.1699,0.8653,0.9466,63.6,15.9,66827072.456898,30,4,19.9617,59.7,36.1,0.0905,42.9,37.5
678,HYPEUSDT,PASS:LONG_UNMATCHED_ONLY,LONG,LONG,59.164,-0.4766,0.0,-0.6761,horizon,True,2026-07-23T05:35:25.125307,2026-07-23T06:20:25.628206,C4,0.0787,51.49,51.31,19.9464,18.9755,0.9709,27.670849859962708,14.074957589888651,0.0163,0.0236,0.0444,-0.0444,0.2656,0.1163,-0.0045,34.1,20.542,62.2,0.0215,-0.1266,0.1205,,BULLISH,HEALTHY_BULL,0.0381,0.0536,0.8653,0.6388,63.6,15.9,715229259.69097,5,2,19.9617,59.7,36.1,0.0905,42.9,37.5
677,PAXGUSDT,PASS:FLIP_SHORT_BTC_TRENDGAP,SHORT,SHORT,4123.55,0.1545,0.2158,0.0,horizon,True,2026-07-23T03:27:12.583643,2026-07-23T04:12:12.807296,,0.1028,63.76,64.2,23.5755,22.9211,0.6543,31.263705845300017,16.076281711178535,0.0375,0.0418,0.0372,0.0372,0.0832,0.0176,0.1165,94.1,29.8931,28.6,-0.0712,-0.1189,-0.1804,-0.2204,BEARISH,BEAR_EXHAUSTED,0.0504,0.0076,0.9519,0.7125,18.2,72.7,86963610.6476,23,1,29.4832,32.3,45.2,0.115,37.0,42.9
672,HBARUSDT,PASS:LONG_UNMATCHED_ONLY,LONG,LONG,0.07307,0.3385,0.5885,-0.0821,trail,True,2026-07-23T00:41:34.980743,2026-07-23T01:04:46.703983,W2+W4,0.2895,57.46,64.01,28.4755,27.8515,0.624,29.07275905400326,13.4973545305464,0.0637,0.1073,0.0502,-0.0502,0.3092,0.467,0.1209,72.2,25.9481,60.0,0.0465,0.0381,0.0396,,BULLISH,HEALTHY_BULL,0.1248,0.3044,0.8314,0.6218,68.2,22.7,40697375.83855,38,4,25.3977,61.2,69.5,0.1059,55.1,52.7
671,ADAUSDT,PASS:LONG_UNMATCHED_ONLY,LONG,LONG,0.1755,0.3768,0.6268,-0.114,trail,True,2026-07-23T00:41:34.882298,2026-07-23T00:58:20.374766,W2+W4+W6,0.3851,60.44,71.83,23.9892,23.6668,0.3224,29.39400676961001,16.469377706429114,0.1165,0.1556,0.0212,-0.0212,0.309,0.1178,0.251,73.5,25.9481,60.0,0.0465,0.0381,0.0396,,BULLISH,HEALTHY_BULL,0.1776,0.0605,0.8314,0.7642,68.2,22.7,168351002.9367,12,4,25.3977,61.2,69.5,0.1059,55.1,52.7
676,AAVEUSDT,PASS:LONG_UNMATCHED_ONLY,LONG,LONG,98.19,0.2139,0.4379,-0.2953,horizon,True,2026-07-23T00:38:12.949569,2026-07-23T01:23:13.767489,W2+W6,0.3821,61.07,64.01,26.3936,25.6624,0.7312,31.67862980241188,14.942039555235521,0.1193,0.1558,0.0117,0.0117,0.2595,0.1672,0.287,80.8,25.4015,63.0,0.0624,0.041,0.0737,,BULLISH,HEALTHY_BULL,0.1612,0.0786,0.9964,0.8604,72.7,11.4,111528687.075,19,3,24.8111,72.6,72.6,0.1094,55.7,52.7
675,UNIUSDT,PASS:LONG_UNMATCHED_ONLY,LONG,LONG,3.818,-0.7,0.2881,-0.7596,sl,True,2026-07-23T00:37:05.741999,2026-07-23T01:17:10.621557,W6,0.4482,68.12,66.46,29.4067,28.4898,0.9169,30.589039946028723,12.699380706457273,0.1511,0.1841,0.1278,0.128,0.2967,0.0566,0.4639,90.1,25.4015,69.8,0.0683,0.0469,0.1269,,BULLISH,HEALTHY_BULL,0.1928,0.0193,0.9268,0.8012,79.5,11.4,68610251.585,28,3,24.8111,72.6,72.6,0.105,56.8,52.7
673,HYPEUSDT,PASS:LONG_UNMATCHED_ONLY,LONG,LONG,59.494,-0.7,0.2135,-0.711,sl,True,2026-07-23T00:32:34.694581,2026-07-23T01:12:34.929966,W2+W4,0.2519,57.19,62.73,22.1762,21.2413,0.935,31.976427318934086,15.632035202804555,0.0505,0.0991,0.0258,-0.0258,0.2921,0.3028,0.1238,70.0,24.8309,64.8,0.0709,0.041,0.0981,,BULLISH,HEALTHY_BULL,0.1082,0.2243,1.0145,0.7981,77.3,13.6,742064745.39836,5,5,24.2429,71.3,67.6,0.1097,55.7,52.7
670,ARBUSDT,PASS:LONG_UNMATCHED_ONLY,LONG,LONG,0.09063,0.4341,0.6841,0.0,trail,True,2026-07-23T00:31:27.491812,2026-07-23T00:52:47.461574,W2+W6,0.521,63.14,66.93,27.3392,26.4032,0.936,37.896737680071844,16.432724147160478,0.1784,0.2185,0.1227,0.1228,0.4378,0.0596,0.5206,80.0,24.8653,62.1,0.0682,0.0382,0.074,,BULLISH,HEALTHY_BULL,0.2399,0.0265,0.9407,0.2971,77.3,13.6,39531019.52427,41,3,24.2429,71.3,67.6,0.1095,55.1,52.7
668,ONEUSDT,PASS:LONG_UNMATCHED_ONLY,LONG,LONG,0.00131,0.2844,0.5344,-0.1527,trail,True,2026-07-23T00:31:27.475538,2026-07-23T00:42:36.756523,C5+W2+W6,0.1505,53.66,51.0,21.336,22.4709,-1.1349,19.337590193984227,16.94895979041314,0.0288,0.0702,0.0237,0.0237,0.5135,-0.0282,0.1228,57.1,24.8653,62.1,0.0682,0.0382,0.074,,BULLISH,HEALTHY_BULL,0.0361,0.0374,0.9407,0.9743,77.3,13.6,40493932.741958,39,3,24.2429,71.3,67.6,0.1095,55.1,52.7
674,1000BONKUSDT,PASS:LONG_UNMATCHED_ONLY,LONG,LONG,0.002993,-0.3675,0.2005,-0.6682,horizon,True,2026-07-23T00:31:27.458917,2026-07-23T01:16:28.344397,W2+W6,0.0607,50.69,57.6,26.7284,28.2524,-1.524,21.729639663530698,24.958802964278348,0.0294,0.0357,0.0146,-0.0146,0.3683,-0.3485,0.0506,70.7,24.8653,62.1,0.0682,0.0382,0.074,,BULLISH,HEALTHY_BULL,0.0517,-0.1921,0.9407,0.7629,77.3,13.6,40993235.462146,37,2,24.2429,71.3,67.6,0.1095,55.1,52.7
669,BROCCOLIF3BUSDT,PASS:LONG_UNMATCHED_ONLY,LONG,LONG,0.00794,-0.7,0.403,-0.7683,sl,True,2026-07-23T00:31:27.420703,2026-07-23T00:47:36.703059,W2+W4,0.4031,61.63,61.89,38.4429,38.264,0.1789,22.977770590566877,9.668376062400773,0.1131,0.1383,0.0955,0.0956,0.941,1.2864,0.3474,57.1,24.8653,62.1,0.0682,0.0382,0.074,,BULLISH,HEALTHY_BULL,0.1788,0.7884,0.9407,0.6454,77.3,13.6,72465887.220771,27,4,24.2429,71.3,67.6,0.1095,55.1,52.7
666,1000PEPEUSDT,PASS:LONG_UNMATCHED_ONLY,LONG,LONG,0.0028846,-0.7,0.0,-0.7003,sl,True,2026-07-22T16:15:11.381843,2026-07-22T16:25:55.113636,C6+W1,0.3114,65.29,56.55,33.1983,32.2758,0.9225,33.82024428992295,12.76702399450092,0.0603,0.1105,0.1719,0.1722,0.2961,0.5031,0.3434,92.3,30.9866,65.5,0.0658,-0.0256,0.163,,BULLISH,STRONG_BULL,0.1095,0.3792,1.1748,1.1491,51.1,33.3,101876371.8548082,20,2,29.886,67.6,60.9,0.1626,52.2,50.1
667,XLMUSDT,PASS:LONG_UNMATCHED_ONLY,LONG,LONG,0.19067,0.4947,0.7447,-0.4773,trail,True,2026-07-22T16:14:03.372269,2026-07-22T16:40:44.132275,W2,0.1649,58.31,51.64,23.9036,24.2106,-0.3071,29.291052886897344,19.563266952353658,0.0318,0.0565,0.1267,0.1269,0.3067,0.2688,0.2153,83.3,30.9866,61.9,0.061,-0.029,0.12,,BULLISH,STRONG_BULL,0.0668,0.2226,0.9696,0.7884,46.7,31.1,59557337.24907,29,2,29.886,67.6,60.9,0.1627,51.6,50.1
665,ARBUSDT,PASS:LONG_UNMATCHED_ONLY,LONG,LONG,0.09083,0.3115,0.5615,-0.1101,trail,True,2026-07-22T15:10:18.947602,2026-07-22T15:52:01.304732,W4,0.352,68.43,66.61,31.5581,31.0188,0.5393,26.345956555318217,11.679691658842591,0.0868,0.1138,0.1431,0.1433,0.3562,0.5327,0.3443,59.5,21.1796,56.8,0.033,-0.0794,0.128,,BULLISH,HEALTHY_BULL,0.1642,0.316,0.8891,0.4932,66.7,26.7,26919726.202217,50,4,20.9802,57.6,44.5,0.1858,45.8,43.3
659,NEARUSDT,PASS:LONG_UNMATCHED_ONLY,LONG,LONG,1.888,-0.7,0.053,-0.7415,sl,True,2026-07-22T14:19:23.899540,2026-07-22T14:29:25.307421,C2,0.1874,58.27,63.31,19.0149,20.0224,-1.0075,17.441252923529216,19.63530834522841,0.0613,0.0745,0.0045,-0.0045,0.3093,0.0801,0.1314,76.0,30.7538,45.2,0.0212,-0.1295,-0.1139,,BULLISH,STRONG_BULL,0.0884,0.0231,1.1184,1.3277,80.0,13.3,140940568.309,12,2,32.5718,54.1,59.2,0.1867,43.0,47.0
664,HBARUSDT,PASS:LONG_UNMATCHED_ONLY,LONG,LONG,0.07172,0.9342,0.9342,-0.3207,horizon,True,2026-07-22T14:16:00.762990,2026-07-22T15:01:00.890666,C2,0.5138,68.54,72.07,28.5349,25.9659,2.569,34.560017906642884,8.124505804999165,0.1621,0.1969,0.1165,0.1167,0.2885,0.4375,0.4765,85.4,31.634,46.4,0.0238,-0.1252,-0.0899,,BULLISH,STRONG_BULL,0.238,0.2427,0.8754,1.1457,82.2,11.1,37211417.08098,42,2,32.5718,54.1,59.2,0.1767,43.6,47.0
661,XLMUSDT,PASS:LONG_UNMATCHED_ONLY,LONG,LONG,0.19002,-0.7,0.0632,-0.7315,sl,True,2026-07-22T14:16:00.667291,2026-07-22T14:49:08.571920,C2,0.3794,56.97,73.85,37.0688,37.468,-0.3992,37.215471777885604,19.223129732331092,0.0958,0.1576,0.1724,-0.1721,0.293,0.2522,0.0811,58.2,31.634,46.4,0.0238,-0.1252,-0.0899,,BULLISH,STRONG_BULL,0.1539,0.1339,0.8754,0.8527,82.2,11.1,60012326.08728,27,4,32.5718,54.1,59.2,0.1767,43.6,47.0
663,LINKUSDT,PASS:LONG_UNMATCHED_ONLY,LONG,LONG,8.674,-0.1845,0.1153,-0.5418,horizon,True,2026-07-22T14:16:00.642248,2026-07-22T15:01:00.888131,C2+W4,0.3603,59.75,76.64,37.8608,37.6774,0.1834,38.40435699927715,16.36318196058091,0.0836,0.144,0.1159,-0.1157,0.252,0.3305,0.1117,56.3,31.634,46.4,0.0238,-0.1252,-0.0899,,BULLISH,STRONG_BULL,0.1533,0.2105,0.8754,1.4422,82.2,11.1,64640628.003,25,4,32.5718,54.1,59.2,0.1767,43.6,47.0
655,WLDUSDT,PASS:LONG_UNMATCHED_ONLY,LONG,LONG,0.3847,-0.7,0.2339,-0.7278,sl,True,2026-07-22T14:16:00.614513,2026-07-22T14:24:17.093769,C2+W4,0.4157,63.21,72.18,21.4452,21.4333,0.0118,26.48358680053998,17.07522056664277,0.1101,0.157,0.0061,-0.0061,0.3774,0.4569,0.2612,70.4,31.634,46.4,0.0238,-0.1252,-0.0899,,BULLISH,STRONG_BULL,0.1965,0.2642,0.8754,1.2469,82.2,11.1,83872307.682,22,4,32.5718,54.1,59.2,0.1767,43.6,47.0
657,AAVEUSDT,PASS:LONG_UNMATCHED_ONLY,LONG,LONG,97.74,-0.7,0.1125,-0.8492,sl,True,2026-07-22T14:16:00.598640,2026-07-22T14:27:58.706419,C2+W4,0.5918,60.57,68.6,35.2845,33.9123,1.3722,29.786657804966808,9.11894091977018,0.1053,0.2203,0.1545,-0.1542,0.427,0.9065,0.171,63.0,31.634,46.4,0.0238,-0.1252,-0.0899,,BULLISH,STRONG_BULL,0.2237,0.5996,0.8754,0.9304,82.2,11.1,97798360.032,20,2,32.5718,54.1,59.2,0.1767,43.6,47.0
662,SUIUSDT,PASS:LONG_UNMATCHED_ONLY,LONG,LONG,0.7682,0.2343,0.2343,-0.5207,horizon,True,2026-07-22T14:16:00.580090,2026-07-22T15:01:00.885421,C2+W4,0.4252,66.29,78.66,31.3285,30.8089,0.5196,35.5205124258834,15.927503502513451,0.0849,0.1608,0.0501,-0.0501,0.2566,0.5526,0.1957,73.8,31.634,46.4,0.0238,-0.1252,-0.0899,,BULLISH,STRONG_BULL,0.1767,0.3739,0.8754,1.3341,82.2,11.1,102300706.2615,19,3,32.5718,54.1,59.2,0.1767,43.6,47.0
658,1000PEPEUSDT,PASS:LONG_UNMATCHED_ONLY,LONG,LONG,0.0028605,-0.7,0.1119,-0.7062,sl,True,2026-07-22T14:16:00.563220,2026-07-22T14:28:57.834483,C2,0.3274,59.32,76.78,29.7131,29.7356,-0.0225,36.66153310662545,19.993495500597405,0.0681,0.1287,0.1046,-0.1045,0.273,0.3353,0.0923,57.9,31.634,46.4,0.0238,-0.1252,-0.0899,,BULLISH,STRONG_BULL,0.1396,0.2313,0.8754,1.1985,82.2,11.1,106448203.0427769,18,4,32.5718,54.1,59.2,0.1767,43.6,47.0
654,ONDOUSDT,PASS:LONG_UNMATCHED_ONLY,LONG,LONG,0.415,-0.7,0.0241,-0.7229,sl,True,2026-07-22T14:16:00.541039,2026-07-22T14:22:33.935866,C2+W1+W4,0.544,56.27,65.39,27.1502,26.3673,0.7829,31.86117545483271,14.540477485022343,0.1014,0.2037,0.2221,-0.2216,0.636,0.9569,0.083,49.0,31.634,46.4,0.0238,-0.1252,-0.0899,,BULLISH,STRONG_BULL,0.212,0.5827,0.8754,1.0027,82.2,11.1,135974589.5154,14,3,32.5718,54.1,59.2,0.1767,43.6,47.0
656,HYPEUSDT,PASS:LONG_UNMATCHED_ONLY,LONG,LONG,58.829,-0.7,0.0442,-0.7037,sl,True,2026-07-22T14:16:00.491759,2026-07-22T14:24:21.150307,C2,0.295,56.17,62.54,20.6344,20.2335,0.4009,28.852062658264977,17.000781821066052,0.0964,0.1187,0.0427,-0.0427,0.3723,0.089,0.1724,69.7,31.634,46.4,0.0238,-0.1252,-0.0899,,BULLISH,STRONG_BULL,0.1459,0.0109,0.8754,1.1681,82.2,11.1,621734881.83417,5,5,32.5718,54.1,59.2,0.1767,43.6,47.0
660,MIRAUSDT,PASS:LONG_UNMATCHED_ONLY,LONG,LONG,0.04444,0.8301,1.0801,-0.6751,trail,True,2026-07-22T14:08:48.678149,2026-07-22T14:38:55.054822,W1,0.5398,67.3,58.35,24.6135,23.1925,1.4211,32.6670204889693,12.993216064664287,0.1494,0.2046,0.3126,0.3136,0.4815,0.4938,0.669,85.2,32.2672,68.8,0.0843,-0.0891,0.2584,,BULLISH,STRONG_BULL,0.2085,0.3474,1.2239,0.9438,81.8,15.9,37911469.59827,40,3,31.4867,67.9,55.7,0.1633,50.0,47.0
651,1000BONKUSDT,PASS:LONG_UNMATCHED_ONLY,LONG,LONG,0.00303,0.8391,1.0891,-0.231,trail,True,2026-07-22T09:20:07.069863,2026-07-22T09:50:23.560873,C4+W4,0.1628,52.47,59.22,19.0758,18.6251,0.4507,20.968943977678933,12.598819598596533,0.0435,0.0623,0.0906,-0.0905,0.3767,0.1078,0.0152,63.6,20.4665,56.8,0.0266,-0.1017,0.0651,,BULLISH,HEALTHY_BULL,0.0769,0.0638,0.7616,0.8175,79.5,9.1,40397451.302346,39,2,20.6282,53.2,50.7,0.1088,47.2,45.0
650,LITUSDT,PASS:LONG_UNMATCHED_ONLY,LONG,LONG,2.2851,-0.7,0.1794,-0.7002,sl,True,2026-07-22T09:20:07.054678,2026-07-22T09:28:10.920389,C4,0.5511,64.16,66.13,22.3971,23.3185,-0.9214,22.114863424601005,17.941601344423834,0.1109,0.1998,0.0485,0.0485,0.4702,0.4216,0.3595,93.9,20.4665,56.8,0.0266,-0.1017,0.0651,,BULLISH,HEALTHY_BULL,0.2289,0.3176,0.7616,0.6321,79.5,9.1,42748902.43643,37,4,20.6282,53.2,50.7,0.1088,47.2,45.0
649,PUMPUSDT,PASS:LONG_UNMATCHED_ONLY,LONG,LONG,0.001963,0.667,0.917,-0.1528,trail,True,2026-07-22T09:20:07.004874,2026-07-22T09:25:54.386647,C4+C7+C9,0.0923,49.89,54.12,23.2765,24.9232,-1.6467,17.979144620012956,18.66402147183071,0.033,0.0578,0.0651,-0.0651,0.4677,-0.6965,0.0257,77.5,20.4665,56.8,0.0266,-0.1017,0.0651,,BULLISH,HEALTHY_BULL,0.0488,-0.3797,0.7616,0.4966,79.5,9.1,87692723.602286,22,3,20.6282,53.2,50.7,0.1088,47.2,45.0
653,WLDUSDT,PASS:LONG_UNMATCHED_ONLY,LONG,LONG,0.3818,-0.2095,0.1048,-0.4453,horizon,True,2026-07-22T09:11:04.939157,2026-07-22T09:56:04.963884,C2,0.5547,62.63,74.68,35.8896,35.0355,0.8541,34.782013331096536,12.542631341660284,0.137,0.2119,0.0138,-0.0138,0.3375,0.4289,0.3353,80.4,20.6632,57.4,0.0295,-0.103,0.0667,,BULLISH,HEALTHY_BULL,0.2535,0.2893,0.4542,0.9674,72.7,9.1,90300866.7231,21,3,20.8405,60.5,46.2,0.1035,46.9,45.0
648,ONDOUSDT,PASS:LONG_UNMATCHED_ONLY,LONG,LONG,0.4037,0.7408,0.9908,-0.2229,trail,True,2026-07-22T09:11:04.904157,2026-07-22T09:16:38.087776,C2,0.4147,62.11,63.95,26.6846,25.9703,0.7144,26.24345039530646,12.357993549908858,0.1111,0.1476,0.0899,0.09,0.4556,0.4301,0.349,86.7,20.6632,57.4,0.0295,-0.103,0.0667,,BULLISH,HEALTHY_BULL,0.1916,0.2604,0.4542,0.788,72.7,9.1,154554993.45282,13,4,20.8405,60.5,46.2,0.1035,46.9,45.0
652,HYPEUSDT,PASS:LONG_UNMATCHED_ONLY,LONG,LONG,58.839,-0.0306,0.1071,-0.4164,horizon,True,2026-07-22T09:11:04.877095,2026-07-22T09:56:04.961257,C2+C4+C9,0.166,54.86,61.67,22.1163,23.6001,-1.4838,18.8028025386694,17.768727567053595,0.0421,0.0721,0.0118,-0.0118,0.2845,-0.3167,0.1024,84.4,20.6632,57.4,0.0295,-0.103,0.0667,,BULLISH,HEALTHY_BULL,0.0836,-0.1606,0.4542,0.4979,72.7,9.1,579496592.89211,6,3,20.8405,60.5,46.2,0.1035,46.9,45.0
647,ONDOUSDT,PASS:LONG_UNMATCHED_ONLY,LONG,LONG,0.4019,0.0249,0.3483,-0.6469,horizon,True,2026-07-22T08:06:41.574678,2026-07-22T08:51:41.975053,W1,0.3045,64.82,55.13,22.3719,21.665,0.7069,29.434823411936108,15.312106469473171,0.0816,0.1168,0.2676,0.2683,0.4331,0.1645,0.4674,84.9,33.8511,63.3,0.0299,-0.1196,0.2437,,BULLISH,STRONG_BULL,0.1198,0.1659,0.9977,0.6837,38.6,38.6,161644980.76277,13,2,35.2398,57.6,24.9,0.1161,47.3,40.3
645,AAVEUSDT,PASS:FLIP_SHORT_BTC_TRENDGAP,SHORT,SHORT,96.21,0.5192,0.7692,0.0,trail,True,2026-07-22T07:46:27.123113,2026-07-22T08:00:56.371335,,0.1584,60.37,51.18,27.2161,29.0978,-1.8817,22.626578294095033,23.90817585126869,0.1192,0.0656,0.2908,0.2917,0.3759,-0.2562,0.4771,87.2,38.8042,35.1,-0.0676,-0.1507,-0.0991,-0.2747,BEARISH,STRONG_BEAR,0.1098,-0.2152,0.5602,1.2695,20.5,63.6,95221538.469,19,2,37.5864,33.2,37.9,0.1057,39.4,42.5
640,DEXEUSDT,PASS:FLIP_SHORT_BTC_TRENDGAP,SHORT,SHORT,4.659,0.5442,0.7942,-0.5581,trail,True,2026-07-22T07:46:27.090693,2026-07-22T07:47:59.070411,,0.0935,50.15,53.91,18.1263,19.4325,-1.3062,20.666956291004194,21.146016652462436,0.1485,0.1119,0.1197,0.1198,2.9085,-2.8199,0.3806,52.3,38.8042,35.1,-0.0676,-0.1507,-0.0991,-0.2747,BEARISH,STRONG_BEAR,0.1684,-1.8869,0.5602,0.5221,20.5,63.6,723879057.71683,5,1,37.5864,33.2,37.9,0.1057,39.4,42.5
641,MIRAUSDT,PASS:FLIP_SHORT_BTC_TRENDGAP,SHORT,SHORT,0.04424,0.3829,0.6329,-0.4069,trail,True,2026-07-22T07:45:19.579520,2026-07-22T07:49:05.483798,,0.1314,54.63,47.74,31.9178,33.7413,-1.8236,19.466488676541115,22.94940514012979,0.1325,0.0888,0.2566,0.2572,0.7509,-1.2565,0.4793,94.6,37.5789,33.2,-0.0675,-0.1525,-0.135,-0.2729,BEARISH,STRONG_BEAR,0.0866,-0.8068,0.6962,1.3156,22.7,70.5,33592586.49705,45,1,36.2674,24.9,36.1,0.1123,39.1,42.5
643,LITUSDT,PASS:FLIP_SHORT_BTC_TRENDGAP,SHORT,SHORT,2.2464,-0.7,0.0312,-0.7701,sl,True,2026-07-22T07:44:12.249944,2026-07-22T07:52:47.841827,,0.0502,54.5,49.3,29.6153,30.0896,-0.4743,13.156564472448995,21.21712455923359,0.0652,0.0554,0.2607,0.2614,0.561,-0.9829,0.3823,90.4,37.5789,24.1,-0.0768,-0.1618,-0.2188,-0.283,BEARISH,BEAR_EXHAUSTED,0.0209,-0.6115,0.7207,1.1988,20.9,69.8,43992999.45411,36,2,36.2674,24.9,36.1,0.1105,37.8,42.5
646,1000BONKUSDT,PASS:FLIP_SHORT_BTC_TRENDGAP,SHORT,SHORT,0.003027,0.2786,0.5286,-0.2973,trail,True,2026-07-22T07:34:08.279120,2026-07-22T08:13:37.997048,,0.059,53.61,47.79,23.7459,24.5497,-0.8039,17.860370558223877,23.337960347161733,0.0422,0.0249,0.1548,0.1551,0.5089,-0.0961,0.2223,75.8,35.1796,32.5,-0.0393,-0.1448,-0.1143,-0.2473,BEARISH,STRONG_BEAR,0.0252,-0.0817,0.7362,0.4101,20.5,63.6,42697436.103834,37,0,35.1899,39.4,37.0,0.1046,40.3,42.5
639,HBARUSDT,PASS:FLIP_SHORT_BTC_TRENDGAP,SHORT,SHORT,0.07001,0.4213,0.6713,-0.1714,trail,True,2026-07-22T07:27:24.700851,2026-07-22T07:40:10.773935,,0.1159,60.51,53.72,15.3546,14.8206,0.534,28.11103111444306,17.860691105016258,0.0672,0.043,0.1946,0.195,0.2603,-0.0621,0.3055,86.7,35.1685,31.9,-0.0378,-0.1428,-0.0903,-0.2482,BEARISH,STRONG_BEAR,0.0702,-0.0657,0.7017,0.9672,20.9,60.5,32012551.31862,47,0,35.1788,33.4,38.6,0.0999,40.6,42.5
644,ONDOUSDT,PASS:FLIP_SHORT_BTC_TRENDGAP,SHORT,SHORT,0.4007,0.299,0.549,-0.599,trail,True,2026-07-22T07:26:17.501960,2026-07-22T07:59:22.312177,,0.3225,63.4,57.25,16.8669,15.3704,1.4966,31.460957303618137,14.695812982087187,0.1602,0.1243,0.2727,0.2734,0.4406,-0.0831,0.5589,84.7,34.6555,32.5,-0.037,-0.1409,-0.0834,-0.2473,BEARISH,STRONG_BEAR,0.1768,-0.1066,0.6465,0.7149,14.0,62.8,173807457.90165,12,3,35.1788,33.4,38.6,0.0935,40.9,42.5
642,XMRUSDT,PASS:FLIP_SHORT_BTC_TRENDGAP,SHORT,SHORT,349.51,-0.3147,0.0372,-0.4177,horizon,True,2026-07-22T07:07:11.549448,2026-07-22T07:52:11.708284,,0.0534,53.46,52.87,32.1873,34.5403,-2.353,20.119710753489205,20.773170742702433,0.0615,0.0395,0.0729,0.0729,0.2415,-0.5697,0.1741,80.2,37.4603,34.5,-0.0358,-0.136,-0.0774,-0.2606,BEARISH,STRONG_BEAR,0.0385,-0.3867,0.8191,0.4069,6.8,81.8,40795320.07,40,1,38.3902,37.0,40.7,0.099,41.7,42.5
638,KAITOUSDT,PASS:FLIP_SHORT_BTC_TRENDGAP,SHORT,SHORT,0.9848,0.4811,0.7311,-0.2742,trail,True,2026-07-22T07:06:04.314056,2026-07-22T07:22:22.943975,,0.2513,60.17,47.03,31.7214,30.8951,0.8264,30.191882979367314,12.193301291195986,0.0801,0.0937,0.1898,0.1902,0.5335,0.128,0.3644,62.0,37.2253,36.2,-0.0333,-0.1344,-0.0547,-0.2578,BEARISH,STRONG_BEAR,0.0856,0.077,0.7755,1.5597,6.8,81.8,37450377.60933,41,2,38.3902,37.0,40.7,0.0972,41.9,42.5
636,HBARUSDT,PASS:FLIP_SHORT_BTC_TRENDGAP,SHORT,SHORT,0.06992,0.2935,0.5435,-0.2431,trail,True,2026-07-22T06:11:04.572969,2026-07-22T06:25:49.334843,,0.055,52.65,55.54,24.0153,24.8925,-0.8772,23.390993574231935,18.151720212444193,0.0592,0.0244,0.0442,0.0442,0.2423,-0.1282,0.1279,73.0,39.2452,23.1,-0.085,-0.0787,-0.1981,-0.2827,BEARISH,BEAR_EXHAUSTED,0.0608,-0.1421,1.1162,1.4082,9.3,79.1,31802938.91562,47,1,37.8891,23.8,25.8,0.1049,41.9,43.6
637,PAXGUSDT,PASS:FLIP_SHORT_BTC_TRENDGAP,SHORT,SHORT,4121.6,0.4018,0.4319,0.0,horizon,True,2026-07-22T06:05:28.805910,2026-07-22T06:50:29.698744,,0.0577,58.53,55.76,24.0325,23.2832,0.7493,32.64488133847362,16.16130886187458,0.0205,0.022,0.017,0.017,0.0653,0.1153,0.0595,84.1,36.5188,27.8,-0.0825,-0.0672,-0.1453,-0.2531,BEARISH,BEAR_EXHAUSTED,0.0258,0.0632,1.1017,0.9914,11.6,79.1,71807753.1044,25,1,35.3458,27.2,33.8,0.111,43.7,43.6
635,1000XECUSDT,PASS:FLIP_SHORT_BTC_TRENDGAP,SHORT,SHORT,0.008258,0.2828,0.5328,0.0,trail,True,2026-07-22T05:55:25.346970,2026-07-22T05:55:32.888500,,0.3376,55.87,51.35,31.0147,31.0833,-0.0686,28.072932341464906,15.075353375701273,0.11,0.03,0.2719,0.2726,1.333,2.454,0.4131,33.5,33.1663,25.1,-0.0987,-0.0411,-0.2206,-0.2322,BEARISH,BEAR_EXHAUSTED,0.1886,1.4126,1.116,0.4309,7.0,81.4,33738537.047127,44,4,30.9119,26.1,26.5,0.1142,43.4,54.4
633,ONDOUSDT,PASS:LONG_UNMATCHED_ONLY,LONG,LONG,0.4027,0.3211,0.5711,-0.0745,trail,True,2026-07-22T00:32:21.575518,2026-07-22T00:35:21.634538,C6+W4,0.5665,59.03,73.31,37.5217,37.2709,0.2508,28.690054597064023,12.06811663950754,0.1031,0.2229,0.1971,-0.1967,0.4249,0.5769,0.1289,64.4,35.5803,69.1,0.0681,0.1288,0.1102,,BULLISH,STRONG_BULL,0.217,0.3927,1.0161,1.051,67.4,23.3,177469539.68472,11,3,34.0583,72.5,77.2,0.1005,63.6,61.7
634,WLDUSDT,PASS:LONG_UNMATCHED_ONLY,LONG,LONG,0.3787,0.5686,0.8186,-0.0792,trail,True,2026-07-22T00:27:53.292684,2026-07-22T01:10:42.370264,C6,0.3679,60.67,73.82,26.701,26.5366,0.1643,27.606394681898195,15.248211810467872,0.0924,0.1479,0.069,-0.0689,0.2706,0.198,0.1713,77.5,34.2864,69.4,0.0685,0.1277,0.1229,,BULLISH,STRONG_BULL,0.1541,0.1354,1.127,1.1572,72.1,18.6,93860964.3931,19,3,32.4323,71.5,73.0,0.1032,63.5,61.7
632,ONDOUSDT,PASS:LONG_UNMATCHED_ONLY,LONG,LONG,0.3984,0.5532,0.8032,-0.0753,trail,True,2026-07-21T23:36:25.418505,2026-07-21T23:55:21.048608,C2+C4+C9,0.1561,55.61,58.83,20.308,20.205,0.103,23.253552326044808,14.97752285814586,0.0592,0.0726,0.0233,0.0233,0.3467,-0.1675,0.1551,85.7,20.9249,63.2,0.0399,0.0818,0.1121,,BULLISH,HEALTHY_BULL,0.0736,-0.1003,0.5489,0.3296,32.6,41.9,174678061.48026,11,3,21.302,63.3,42.5,0.0799,58.6,55.5
629,PUMPUSDT,PASS:LONG_UNMATCHED_ONLY,LONG,LONG,0.002004,0.249,0.499,-0.3992,trail,True,2026-07-21T19:56:07.990177,2026-07-21T20:21:37.693693,C2,0.2021,57.69,56.61,18.1366,17.7247,0.4119,22.1319949259589,13.711866711247295,0.0444,0.0678,0.0409,0.0409,0.3671,0.4529,0.1532,77.3,22.3051,57.5,0.0332,0.1048,0.0569,,BULLISH,HEALTHY_BULL,0.0743,0.2807,0.4566,0.6435,23.3,46.5,101915250.057368,20,2,23.9644,57.6,55.4,0.1102,60.3,57.6
631,ADAUSDT,PASS:LONG_UNMATCHED_ONLY,LONG,LONG,0.1736,0.1152,0.3456,-0.0576,horizon,True,2026-07-21T19:56:07.961068,2026-07-21T20:41:08.329832,C2+C5+W6,0.0973,55.13,55.41,20.3931,21.9124,-1.5193,17.705806817408913,17.93491838108788,0.0354,0.0428,0.0269,0.0269,0.277,-0.1285,0.1051,68.4,22.3051,57.5,0.0332,0.1048,0.0569,,BULLISH,HEALTHY_BULL,0.0368,-0.0928,0.4566,0.7432,23.3,46.5,170193185.079,11,3,23.9644,57.6,55.4,0.1102,60.3,57.6
628,ACEUSDT,PASS:LONG_UNMATCHED_ONLY,LONG,LONG,0.09522,-0.7,0.21,-0.7036,sl,True,2026-07-21T19:38:10.551655,2026-07-21T19:49:57.169413,C7,0.3224,52.43,59.4,23.1765,24.2684,-1.092,23.657855132105897,19.75868263931672,0.1036,0.1617,0.0788,-0.0788,0.8026,-0.6166,0.1865,66.6,29.9815,60.5,0.0312,0.1048,0.1251,,BULLISH,STRONG_BULL,0.122,-0.4212,0.4826,0.6259,37.2,39.5,143985788.259232,16,3,31.3944,57.0,52.8,0.1201,60.3,57.6
630,XRPUSDT,PASS:LONG_UNMATCHED_ONLY,LONG,LONG,1.1594,-0.6728,0.0431,-0.6728,horizon,True,2026-07-21T19:38:10.511797,2026-07-21T20:23:11.494414,W4,0.1609,57.66,63.75,24.448,24.0247,0.4232,27.232045974473778,14.679557595499821,0.0371,0.0537,0.021,-0.021,0.2548,0.376,0.0698,59.5,29.9815,60.5,0.0312,0.1048,0.1251,,BULLISH,STRONG_BULL,0.0752,0.2238,0.4826,1.0131,37.2,39.5,544050610.7057,5,2,31.3944,57.0,52.8,0.1201,60.3,57.6
627,PENGUUSDT,PASS:LONG_UNMATCHED_ONLY,LONG,LONG,0.006394,-0.0156,0.219,-0.2659,horizon,True,2026-07-21T03:34:32.878582,2026-07-21T04:19:33.572235,C4,0.3083,65.85,63.98,22.4569,21.6228,0.8341,25.671870238383836,12.845560261821646,0.0973,0.1257,0.0937,0.0938,0.2857,0.2005,0.3172,90.7,20.3404,58.2,0.0374,0.1409,0.0642,,BULLISH,HEALTHY_BULL,0.1278,0.1335,0.723,0.5174,83.3,11.9,40064501.684697,40,5,19.7921,61.0,58.0,0.1203,58.4,57.4
625,1000BONKUSDT,PASS:LONG_UNMATCHED_ONLY,LONG,LONG,0.003197,-0.7,0.1251,-0.782,sl,True,2026-07-21T03:31:12.644328,2026-07-21T03:39:59.059088,C4,0.2577,52.24,55.13,19.2968,19.5007,-0.2039,22.91098962405089,16.371779968814195,0.0868,0.1058,0.0471,-0.0471,0.7819,0.3207,0.1456,67.4,20.3707,56.7,0.0357,0.1392,0.0486,,BULLISH,HEALTHY_BULL,0.1107,0.2031,0.5532,0.5805,83.3,11.9,89044314.11846,20,3,19.7921,61.0,58.0,0.1201,58.2,57.4
626,ADAUSDT,PASS:LONG_UNMATCHED_ONLY,LONG,LONG,0.1707,1.0974,1.3474,-0.0586,trail,True,2026-07-21T03:31:12.618234,2026-07-21T03:55:33.748638,C4+W4,0.156,55.01,60.77,20.2526,19.9433,0.3093,22.392753830953264,13.64511089254188,0.0392,0.0651,0.057,-0.057,0.2798,0.1837,0.0473,66.7,20.3707,56.7,0.0357,0.1392,0.0486,,BULLISH,HEALTHY_BULL,0.0607,0.1173,0.5532,0.7718,83.3,11.9,166195394.8317,14,4,19.7921,61.0,58.0,0.1201,58.2,57.4
624,ACEUSDT,PASS:LONG_UNMATCHED_ONLY,LONG,LONG,0.10885,0.5768,0.8268,-0.4593,trail,True,2026-07-21T03:31:12.585820,2026-07-21T03:32:52.688425,C4+C7+C9,0.1882,50.1,53.49,18.9859,19.6057,-0.6198,22.68283941389422,18.213637204193343,0.0683,0.1357,0.0897,-0.0896,1.9831,-1.6718,0.1144,51.0,20.3707,56.7,0.0357,0.1392,0.0486,,BULLISH,HEALTHY_BULL,0.0836,-0.8705,0.5532,0.6104,83.3,11.9,514448339.731536,6,2,19.7921,61.0,58.0,0.1201,58.2,57.4
616,ONDOUSDT,PASS:LONG_UNMATCHED_ONLY,LONG,LONG,0.348,0.8707,1.1207,-0.0287,trail,True,2026-07-20T15:40:24.766934,2026-07-20T15:48:23.385883,W2+W6,0.2084,52.37,61.63,19.4224,20.0228,-0.6005,25.158659104033344,19.921897975059625,0.0646,0.0965,0.1033,-0.1032,0.4336,0.0747,0.0578,63.8,24.9603,62.1,0.1071,0.034,0.1885,,BULLISH,HEALTHY_BULL,0.086,0.0068,0.7412,1.0129,66.7,26.2,61544451.07477,29,2,25.1146,61.1,65.7,0.236,57.4,49.0
621,LTCUSDT,PASS:LONG_UNMATCHED_ONLY,LONG,LONG,47.15,0.6408,0.8908,0.0,trail,True,2026-07-20T15:40:24.724331,2026-07-20T15:57:16.323061,W2+W6,0.3566,63.68,70.46,22.295,21.3481,0.9469,33.65072411177955,16.348402307863026,0.1113,0.1417,0.0812,0.0813,0.2822,0.1743,0.3346,78.9,24.9603,62.1,0.1071,0.034,0.1885,,BULLISH,HEALTHY_BULL,0.1672,0.0799,0.7412,1.0144,66.7,26.2,79879971.41,23,5,25.1146,61.1,65.7,0.236,57.4,49.0
612,XRPUSDT,PASS:LONG_UNMATCHED_ONLY,LONG,LONG,1.1028,0.285,0.535,-0.0272,trail,True,2026-07-20T15:39:17.593966,2026-07-20T15:44:01.298842,W2,0.3687,63.73,68.19,31.952,32.5824,-0.6304,28.996598844274658,17.863955092430167,0.095,0.1522,0.0213,-0.0213,0.2504,0.2938,0.226,84.3,24.9603,60.4,0.1022,0.029,0.1444,,BULLISH,HEALTHY_BULL,0.1423,0.1741,0.7761,0.9435,69.0,23.8,427343658.1067,6,4,25.1146,61.1,65.7,0.2343,56.9,49.0
619,ADAUSDT,PASS:LONG_UNMATCHED_ONLY,LONG,LONG,0.1642,0.8462,1.0962,0.0,trail,True,2026-07-20T15:38:10.444907,2026-07-20T15:50:36.361030,W2,0.3819,59.99,67.97,34.3993,34.2324,0.1668,26.660246906568357,12.382894620664338,0.1148,0.1603,0.0398,-0.0398,0.357,0.2136,0.2354,81.8,24.9603,60.2,0.1017,0.0286,0.1404,,BULLISH,HEALTHY_BULL,0.1604,0.0955,0.7492,0.7073,69.0,21.4,122534139.4662,17,5,25.1146,61.1,65.7,0.2344,56.9,49.0
617,HYPEUSDT,PASS:LONG_UNMATCHED_ONLY,LONG,LONG,61.35,0.7084,0.9584,-0.0065,trail,True,2026-07-20T15:38:10.396234,2026-07-20T15:48:41.092479,W1+W2+W5,0.2411,62.48,58.35,22.4626,21.685,0.7776,25.570118421087084,13.005505484461278,0.0718,0.096,0.1669,0.1672,0.3399,0.2004,0.3353,92.6,24.9603,60.2,0.1017,0.0286,0.1404,,BULLISH,HEALTHY_BULL,0.0917,0.1271,0.7492,1.0064,69.0,21.4,318088703.73284,8,3,25.1146,61.1,65.7,0.2344,56.9,49.0
618,UNIUSDT,PASS:LONG_UNMATCHED_ONLY,LONG,LONG,3.51,0.5477,0.7977,-0.057,trail,True,2026-07-20T15:37:03.775476,2026-07-20T15:49:57.248037,W2,0.3015,56.95,59.88,18.7721,18.1566,0.6155,26.197239447013388,15.131764837319558,0.0711,0.1213,0.0387,-0.0386,0.3678,0.3942,0.1538,78.9,24.9603,59.7,0.1007,0.0266,0.1315,,BULLISH,HEALTHY_BULL,0.1178,0.2476,0.7042,0.6872,69.0,23.8,44851490.509,38,4,25.1146,61.1,65.7,0.2344,56.7,49.0
620,XLMUSDT,PASS:LONG_UNMATCHED_ONLY,LONG,LONG,0.18798,0.4043,0.6543,-0.1649,trail,True,2026-07-20T15:37:03.761820,2026-07-20T15:50:57.743170,W2,0.405,61.18,68.62,26.5251,27.1825,-0.6574,29.698715856526793,20.64715010037657,0.1104,0.1684,0.0536,-0.0536,0.3114,0.2497,0.2253,84.2,24.9603,59.7,0.1007,0.0266,0.1315,,BULLISH,HEALTHY_BULL,0.1668,0.1374,0.7042,0.7658,69.0,23.8,50991057.51775,37,4,25.1146,61.1,65.7,0.2344,56.7,49.0
615,AVAXUSDT,PASS:LONG_UNMATCHED_ONLY,LONG,LONG,6.579,0.4948,0.7448,-0.152,trail,True,2026-07-20T15:37:03.720791,2026-07-20T15:48:08.791106,W2+W6,0.2831,58.9,62.63,19.6286,20.113,-0.4844,29.037357078797204,22.205848935076204,0.0813,0.1205,0.0218,-0.0218,0.2973,0.1431,0.1802,85.5,24.9603,59.7,0.1007,0.0266,0.1315,,BULLISH,HEALTHY_BULL,0.1084,0.07,0.7042,0.4811,69.0,23.8,77098709.938,24,4,25.1146,61.1,65.7,0.2344,56.7,49.0
623,LINKUSDT,PASS:LONG_UNMATCHED_ONLY,LONG,LONG,8.465,0.9077,1.1577,-0.0709,trail,True,2026-07-20T15:37:03.705507,2026-07-20T16:02:43.463775,W2,0.4351,60.69,67.24,32.1637,32.8791,-0.7155,33.02900099651392,20.73675229547107,0.1168,0.1846,0.0587,-0.0586,0.3122,0.2779,0.2429,81.4,24.9603,59.7,0.1007,0.0266,0.1315,,BULLISH,HEALTHY_BULL,0.1647,0.1468,0.7042,0.625,69.0,23.8,81958826.978,22,4,25.1146,61.1,65.7,0.2344,56.7,49.0
611,BCHUSDT,PASS:LONG_UNMATCHED_ONLY,LONG,LONG,215.69,0.4269,0.6769,-0.1901,trail,True,2026-07-20T15:37:03.692719,2026-07-20T15:42:05.332434,C5+W2,0.1515,53.13,58.82,17.4417,18.3789,-0.9371,24.061420473652884,21.656998600293864,0.0189,0.0569,0.0899,-0.0898,0.2696,0.3649,-0.0141,65.2,24.9603,59.7,0.1007,0.0266,0.1315,,BULLISH,HEALTHY_BULL,0.0479,0.2255,0.7042,0.7074,69.0,23.8,94729134.05,21,2,25.1146,61.1,65.7,0.2344,56.7,49.0
622,SUIUSDT,PASS:LONG_UNMATCHED_ONLY,LONG,LONG,0.7588,0.712,0.962,-0.0923,trail,True,2026-07-20T15:37:03.676229,2026-07-20T16:01:52.604099,W2,0.3706,60.02,66.68,23.3686,22.8029,0.5657,27.810858613236466,14.738747801635729,0.0898,0.1438,0.0447,-0.0447,0.3279,0.5021,0.1889,81.8,24.9603,59.7,0.1007,0.0266,0.1315,,BULLISH,HEALTHY_BULL,0.1493,0.2997,0.7042,0.7733,69.0,23.8,103506287.85239,19,5,25.1146,61.1,65.7,0.2344,56.7,49.0
613,1000PEPEUSDT,PASS:LONG_UNMATCHED_ONLY,LONG,LONG,0.0028942,0.828,1.078,-0.1106,trail,True,2026-07-20T15:37:03.649237,2026-07-20T15:47:14.154609,W2+W6,0.3847,60.68,64.82,29.2642,31.115,-1.8508,22.71352760723804,20.466468821440785,0.1406,0.1702,0.0289,0.0289,0.4304,0.1235,0.3401,88.1,24.9603,59.7,0.1007,0.0266,0.1315,,BULLISH,HEALTHY_BULL,0.1622,0.0098,0.7042,0.595,69.0,23.8,186977776.9345546,12,4,25.1146,61.1,65.7,0.2344,56.7,49.0
614,SOLUSDT,PASS:LONG_UNMATCHED_ONLY,LONG,LONG,76.93,0.6729,0.9229,-0.091,trail,True,2026-07-20T15:37:03.620046,2026-07-20T15:48:07.763579,W2+W6,0.3417,62.76,66.2,27.3372,27.4796,-0.1425,25.245698270774902,14.99119166429349,0.1056,0.1415,0.0363,0.0364,0.3207,0.1893,0.2838,87.6,24.9603,59.7,0.1007,0.0266,0.1315,,BULLISH,HEALTHY_BULL,0.1412,0.0828,0.7042,0.7569,69.0,23.8,1208422793.5339,4,4,25.1146,61.1,65.7,0.2344,56.7,49.0
610,BCHUSDT,PASS:LONG_UNMATCHED_ONLY,LONG,LONG,215.42,0.256,0.506,-0.1114,trail,True,2026-07-20T15:05:49.610963,2026-07-20T15:28:41.787955,C5,0.0953,54.3,51.79,17.7816,18.3041,-0.5225,27.4611243925112,22.023426151781106,0.0235,0.0297,0.04,0.04,0.2774,0.2876,0.0932,68.0,21.3612,58.6,0.0399,-0.0044,0.2395,,BULLISH,HEALTHY_BULL,0.0484,0.1865,0.7783,0.8965,61.9,23.8,119335654.63,17,2,22.3173,57.6,44.7,0.2301,53.0,49.0
609,HOMEUSDT,PASS:MOMENTUM_SHORT_DEEPGAP,SHORT,SHORT,0.00765,-0.7,0.3922,-0.915,sl,True,2026-07-20T14:55:40.556865,2026-07-20T15:21:55.057908,,0.7301,38.2,31.61,36.9027,36.8646,0.0381,11.563708579305276,25.379598279661465,0.0868,0.2353,0.0346,0.0346,0.7199,-1.2434,-0.2874,20.0,23.7771,40.5,-0.0588,-0.0115,-0.1201,-0.1054,BEARISH,HEALTHY_BEAR,-0.3121,-0.9457,,,,,,,1,24.3167,41.3,47.5,0.2294,47.2,47.4
608,PENGUUSDT,PASS:LONG_UNMATCHED_ONLY,LONG,LONG,0.006296,-0.1906,0.2859,-0.6036,horizon,True,2026-07-20T12:10:45.967619,2026-07-20T12:55:46.186026,C6,0.5225,66.73,66.4,26.363,25.4398,0.9232,30.111225215725995,13.413108177329475,0.161,0.2011,0.119,0.1191,0.3529,0.5801,0.482,90.6,34.4585,65.7,0.1067,0.131,0.175,,BULLISH,STRONG_BULL,0.2237,0.3151,0.8667,1.1902,75.6,24.4,34097566.326315,43,2,34.7928,66.4,75.7,0.1741,58.4,62.0
607,BCHUSDT,PASS:LONG_UNMATCHED_ONLY,LONG,LONG,215.07,-0.1023,0.2371,-0.1255,horizon,True,2026-07-20T12:08:32.856930,2026-07-20T12:53:33.759169,C6+W1,0.4522,69.83,70.67,26.6651,25.6842,0.9809,36.38948005784253,15.813107660975215,0.1304,0.169,0.1731,0.1734,0.2532,0.4601,0.4735,88.8,34.7693,65.5,0.1368,0.129,0.1886,,BULLISH,STRONG_BULL,0.1858,0.2615,1.0852,1.5289,70.7,24.4,185814398.82,13,3,35.1282,64.0,79.8,0.1847,58.1,62.0
606,HOMEUSDT,PASS:LONG_UNMATCHED_ONLY,LONG,LONG,0.00776,0.5232,0.7732,-0.5155,trail,True,2026-07-20T10:49:24.226134,2026-07-20T11:02:49.230796,C4,0.4028,60.21,58.64,20.6178,21.1687,-0.5508,20.95822962930913,15.98655292198043,0.1175,0.1448,0.1273,0.1275,0.7881,0.4894,0.3903,76.5,19.4036,60.5,0.0339,-0.1077,0.0852,,BULLISH,HEALTHY_BULL,0.1733,0.2893,1.1406,1.12,70.7,17.1,46452870.88823,37,4,19.4476,59.8,60.2,0.1132,47.7,43.7
604,JTOUSDT,PASS:LONG_UNMATCHED_ONLY,LONG,LONG,0.5969,-0.7,0.0503,-0.7204,sl,True,2026-07-20T10:29:28.389006,2026-07-20T10:35:18.600504,C4,0.3366,56.07,64.43,17.7107,18.6798,-0.9691,20.009432598371333,18.062939829812553,0.086,0.1429,0.0459,-0.0459,0.4817,0.079,0.183,80.4,19.4304,63.8,0.0623,-0.1058,0.1453,,BULLISH,HEALTHY_BULL,0.1567,0.0765,0.725,0.8968,78.0,14.6,29146022.0794,48,4,18.0283,70.7,54.3,0.1182,48.1,43.7
605,KAITOUSDT,PASS:LONG_UNMATCHED_ONLY,LONG,LONG,0.9697,1.6578,1.9078,-0.4434,trail,True,2026-07-20T10:29:28.306523,2026-07-20T10:50:45.724452,C4,0.2812,54.34,59.43,19.8377,20.0827,-0.245,23.68000652039257,16.918965107621446,0.0809,0.0965,0.0808,-0.0808,0.6535,0.4354,0.0965,70.2,19.4304,63.8,0.0623,-0.1058,0.1453,,BULLISH,HEALTHY_BULL,0.1302,0.2102,0.725,0.5834,78.0,14.6,98389291.0373,19,3,18.0283,70.7,54.3,0.1182,48.1,43.7
602,ADAUSDT,PASS:LONG_UNMATCHED_ONLY,LONG,LONG,0.1626,-0.7,0.0,-0.738,sl,True,2026-07-20T08:19:47.666210,2026-07-20T08:37:56.191662,C2,0.1847,57.35,51.59,26.3517,27.3041,-0.9524,21.60571062501066,16.30885977893557,0.0636,0.0839,0.0583,0.0583,0.3178,-0.2922,0.206,81.8,27.4671,60.6,0.0513,-0.1558,0.1175,,BULLISH,HEALTHY_BULL,0.0737,-0.1615,0.9285,0.8481,64.3,21.4,104933306.282,18,2,27.8532,62.0,58.5,0.1508,44.4,44.1
603,XLMUSDT,PASS:LONG_UNMATCHED_ONLY,LONG,LONG,0.1857,0.1616,0.2746,-0.4954,horizon,True,2026-07-20T08:17:31.950521,2026-07-20T09:02:31.983002,C5,0.1096,57.18,50.72,20.957,22.1217,-1.1647,17.823145133412485,15.863756280642471,0.0398,0.0504,0.0706,0.0706,0.2561,-0.1841,0.1609,90.7,27.1042,62.9,0.0547,-0.1514,0.1481,,BULLISH,HEALTHY_BULL,0.0427,-0.0937,0.7917,0.6148,71.4,21.4,54115953.35037,30,3,27.8532,62.0,58.5,0.1468,45.4,44.1
601,PUMPUSDT,PASS:LONG_UNMATCHED_ONLY,LONG,LONG,0.002,-0.7,0.25,-0.7,sl,True,2026-07-20T08:17:15.865483,2026-07-20T08:20:07.178703,W4,0.5038,58.38,56.57,23.0056,22.3328,0.6728,25.838859213392922,13.384690159308366,0.07,0.1973,0.0252,-0.0252,0.7398,0.502,0.2421,67.2,27.1042,62.9,0.0547,-0.1514,0.1481,,BULLISH,HEALTHY_BULL,0.1352,0.3879,0.7917,0.8895,71.4,21.4,162336598.141489,14,4,27.8532,62.0,58.5,0.1468,45.4,44.1
600,TAGUSDT,PASS:LONG_BTC1H_DEADBAND,LONG,LONG,0.001205,0.8288,1.0788,-0.249,trail,True,2026-07-20T06:00:19.940070,2026-07-20T06:07:10.707971,,0.2742,52.0,53.93,17.7092,18.5726,-0.8635,18.48103995797132,21.04390071569884,0.0975,0.1211,0.0432,-0.0432,0.9019,0.315,0.1755,75.5,39.9421,27.1,-0.1218,-0.0404,-0.2284,-0.4163,BEARISH,BEAR_EXHAUSTED,0.0881,0.1313,,,,,,,1,38.3061,25.7,26.8,0.1769,35.5,47.7
599,TAGUSDT,PASS:FLIP_SHORT_BTC_TRENDGAP,SHORT,SHORT,0.001212,0.3276,0.5776,0.0,trail,True,2026-07-20T05:52:31.555615,2026-07-20T05:55:15.684949,,0.521,56.51,58.49,19.7771,20.849,-1.0719,21.51734626448247,19.14182371295316,0.2593,0.1951,0.2884,0.2893,0.9207,0.3562,0.7455,87.0,38.1921,26.4,-0.1186,-0.0368,-0.261,-0.4038,BEARISH,BEAR_EXHAUSTED,0.3227,0.0172,0.6127,0.6656,14.3,81.0,26412210.524444,47,2,36.5543,28.3,27.1,0.1784,36.0,47.7
597,PUMPUSDT,PASS:FLIP_SHORT_BTC_TRENDGAP,SHORT,SHORT,0.001982,0.5573,0.8073,0.0,trail,True,2026-07-20T05:36:56.450450,2026-07-20T05:40:29.601159,,0.0735,53.6,48.07,16.9568,18.0497,-1.0929,20.82981614667939,19.71523541928917,0.1246,0.051,0.3103,0.3112,0.8249,-0.5787,0.4874,78.3,33.1354,25.4,-0.1582,-0.0374,-0.347,-0.3706,BEARISH,BEAR_EXHAUSTED,0.0763,-0.4143,0.7837,0.8314,14.3,81.0,144168219.813119,14,2,30.5236,26.4,27.5,0.1913,35.9,47.7
598,LTCUSDT,PASS:FLIP_SHORT_BTC_TRENDGAP,SHORT,SHORT,47.24,0.2157,0.4657,-0.1693,trail,True,2026-07-20T05:29:09.723909,2026-07-20T05:50:13.309172,,0.0613,62.65,51.05,19.7293,20.9477,-1.2184,22.535912123818196,24.36022212258285,0.0585,0.0209,0.2786,0.2794,0.2806,-0.1773,0.359,94.6,27.7097,27.8,-0.1495,-0.0283,-0.378,-0.3094,BEARISH,HEALTHY_BEAR,0.0516,-0.139,1.021,1.8617,14.3,78.6,60814777.65,25,1,24.8449,27.1,33.7,0.2008,37.4,47.7
596,AVAAIUSDT,PASS:FLIP_SHORT_BTC_TRENDGAP,SHORT,SHORT,0.011402,0.9165,1.1665,-0.1491,trail,True,2026-07-20T05:24:42.110580,2026-07-20T05:25:44.820375,,0.5174,54.09,56.37,24.5381,25.2962,-0.7582,23.84219797597446,17.737613538862835,0.1798,0.1157,0.1138,0.1139,2.3837,2.1953,0.4099,61.6,24.862,26.1,-0.1641,-0.0335,-0.503,-0.2798,BEARISH,HEALTHY_BEAR,0.3439,1.1675,1.1722,0.939,14.3,78.6,52715980.690833,27,2,21.7779,33.4,33.3,0.2072,36.5,47.7
595,JTOUSDT,PASS:FLIP_SHORT_BTC_TRENDGAP,SHORT,SHORT,0.604,0.5613,0.8113,0.0,trail,True,2026-07-20T05:13:34.415600,2026-07-20T05:17:55.012044,,0.3407,56.69,59.18,15.2792,16.2232,-0.944,20.744658598853878,19.53347651459318,0.1227,0.1348,0.067,0.067,0.7019,0.7262,0.3248,76.5,18.5912,18.9,-0.1564,-0.036,-0.629,-0.2212,BEARISH,HEALTHY_BEAR,0.1421,0.3872,1.1366,1.2077,16.7,83.3,25125855.6854,48,3,15.5542,27.5,46.1,0.1707,36.2,47.7
594,KAITOUSDT,PASS:LONG_UNMATCHED_ONLY,LONG,LONG,0.9509,0.3074,0.5574,-0.4943,trail,True,2026-07-20T00:57:53.341794,2026-07-20T01:07:09.818730,W4,0.5621,56.09,67.43,27.9806,27.6147,0.3659,24.62675701982197,12.479290208462457,0.0971,0.2225,0.2261,-0.2256,0.714,0.5537,0.0935,58.5,21.8348,40.4,-0.0733,0.0523,-0.2571,,BEARISH,HEALTHY_BEAR,0.2393,0.4378,0.9459,0.7765,35.7,52.4,100031325.96252,17,3,21.1853,40.8,56.9,0.1984,51.6,60.5
593,ONDOUSDT,PASS:LONG_UNMATCHED_ONLY,LONG,LONG,0.3475,0.3255,0.5755,-0.0576,trail,True,2026-07-20T00:37:37.810027,2026-07-20T00:43:23.626955,W4,0.2928,54.82,62.57,17.1497,16.9316,0.2181,26.947595830451093,17.97059305192248,0.0669,0.1208,0.0935,-0.0934,0.3685,0.2316,0.0942,58.1,21.4322,55.3,0.0299,0.0934,0.0541,,BULLISH,HEALTHY_BULL,0.1099,0.1161,1.0609,0.8618,73.8,16.7,59465070.44161,23,3,22.8267,51.8,60.2,0.1774,65.8,60.5
592,AVAXUSDT,PASS:LONG_UNMATCHED_ONLY,LONG,LONG,6.451,1.0211,1.2711,0.0,trail,True,2026-07-20T00:03:57.483179,2026-07-20T00:12:43.866952,C5+W6,0.0569,50.95,51.67,20.8152,21.8114,-0.9962,21.116921421575743,18.03733126647134,0.0132,0.0178,0.038,-0.038,0.2588,0.1062,-0.0069,54.1,24.1714,45.8,0.0009,0.0574,-0.1042,,NEUTRAL,CHOPPY_FLAT,0.0265,0.0441,1.3189,0.6341,42.9,35.7,47596987.6,26,2,25.6514,55.2,61.1,0.1437,53.5,60.5
591,UNIUSDT,PASS:LONG_UNMATCHED_ONLY,LONG,LONG,3.507,0.6054,0.8554,-0.057,trail,True,2026-07-20T00:01:44.023280,2026-07-20T00:08:03.006023,W6,0.2087,56.37,58.07,21.8453,20.8876,0.9577,23.1564034946655,11.329329874050035,0.0643,0.078,0.0026,0.0026,0.269,0.1752,0.1449,76.2,24.6965,47.8,0.0049,0.0615,-0.0677,,NEUTRAL,CHOPPY_FLAT,0.0978,0.0886,1.0739,1.2904,33.3,38.1,25034734.122,45,3,25.6514,55.2,61.1,0.1351,55.1,60.5
590,SKLUSDT,PASS:LONG_UNMATCHED_ONLY,LONG,LONG,0.004118,0.7699,1.0199,-0.0486,trail,True,2026-07-19T23:32:46.325576,2026-07-19T23:33:46.361781,W2,0.5467,64.27,60.44,21.0874,20.7684,0.319,24.026991813206678,14.344303204098487,0.1316,0.2032,0.2061,0.2065,0.6215,0.6841,0.5423,81.6,27.2706,60.3,0.0219,0.0356,0.0859,,BULLISH,HEALTHY_BULL,0.2332,0.4952,0.8924,1.1916,40.5,45.2,26781571.395076,41,2,27.4126,53.4,48.2,0.1296,61.4,58.1
589,HOMEUSDT,PASS:MOMENTUM_SHORT_DEEPGAP,SHORT,SHORT,0.00742,-0.7,0.1348,-0.8086,sl,True,2026-07-19T23:14:57.978724,2026-07-19T23:19:44.475488,,0.5827,36.51,42.13,20.667,20.4447,0.2223,15.991356538670948,25.84755609594897,0.1095,0.1797,0.5262,-0.5234,0.8169,-1.2648,-0.8109,20.0,30.4304,54.6,0.0047,0.0248,0.0095,0.1374,NEUTRAL,CHOPPY_FLAT,-0.2512,-0.9092,,,,,,,2,31.5201,53.8,73.0,0.1369,58.1,58.1
587,VANRYUSDT,PASS:MOMENTUM_SHORT_DEEPGAP,SHORT,SHORT,0.005325,0.2007,0.4507,0.0,trail,True,2026-07-19T23:00:29.603087,2026-07-19T23:02:55.442112,,0.6629,35.7,37.3,20.3717,19.9178,0.454,14.441913408250034,24.73487847547015,0.2177,0.2201,0.3147,-0.3138,0.6704,-1.2845,-0.7497,7.5,34.8941,55.2,0.0323,0.0067,-0.0062,0.1675,BULLISH,STRONG_BULL,-0.2864,-0.6551,,,,,,,2,35.1081,58.5,70.7,0.1353,58.1,43.3
588,NEARUSDT,PASS:LONG_UNMATCHED_ONLY,LONG,LONG,1.92,-0.7,0.0521,-0.7292,sl,True,2026-07-19T22:37:07.807108,2026-07-19T23:07:07.062206,W4,0.2126,56.31,60.96,23.353,22.8989,0.4542,30.057974960686646,16.450815590299463,0.0684,0.0833,0.0382,-0.0381,0.2803,0.1334,0.1136,69.0,33.0524,65.1,0.0795,0.0131,0.1309,,BULLISH,STRONG_BULL,0.0905,0.0375,0.7077,0.5562,52.4,35.7,60594162.27,21,3,31.9526,69.2,62.0,0.1414,60.0,43.3
586,USELESSUSDT,PASS:LONG_UNMATCHED_ONLY,LONG,LONG,0.05679,0.243,0.493,-0.1057,trail,True,2026-07-19T22:32:21.031567,2026-07-19T22:40:40.491645,W4,0.4147,56.77,64.1,17.2406,16.3905,0.8501,21.95520572482992,12.271717208878675,0.1284,0.1602,0.0544,-0.0544,0.6312,0.2322,0.2342,63.2,32.6402,69.7,0.0948,0.0179,0.2027,,BULLISH,STRONG_BULL,0.1843,0.0925,0.7369,0.8171,57.1,28.6,20905549.82413,47,4,30.696,70.7,52.0,0.1435,61.2,43.3
584,TAGUSDT,PASS:LONG_BTC1H_DEADBAND,LONG,LONG,0.001173,-0.7,0.0,-0.7673,sl,True,2026-07-19T22:12:19.805870,2026-07-19T22:17:11.907339,,0.2654,55.19,54.27,19.2071,19.0912,0.116,22.586862522624525,14.835023885086615,0.0257,0.0972,0.0934,0.0935,0.8131,0.0535,0.2165,65.2,23.3885,56.2,0.0243,-0.016,0.0728,-0.0189,BULLISH,HEALTHY_BULL,0.1072,0.1668,,,,,,,3,22.8245,62.0,29.4,0.1216,50.1,43.3
583,GUSDT,PASS:LONG_BTC1H_DEADBAND,LONG,LONG,0.003455,0.4736,0.7236,-0.0868,trail,True,2026-07-19T22:11:12.767988,2026-07-19T22:14:53.338804,,0.2857,57.08,66.0,21.3763,21.941,-0.5647,25.73508149332894,19.400428728332148,0.0811,0.1061,0.0032,-0.0032,0.4763,0.2041,0.1841,80.3,23.3364,64.9,0.0343,-0.0053,0.1622,-0.0081,BULLISH,HEALTHY_BULL,0.1327,0.1283,,,,,,,5,22.8245,62.0,29.4,0.1176,54.2,43.3
585,DEXEUSDT,PASS:LONG_BTC1H_DEADBAND,LONG,LONG,35.0,-0.7,0.1143,-0.8,sl,True,2026-07-19T22:02:18.599093,2026-07-19T22:22:06.089046,,0.1571,59.49,51.17,19.9788,21.2276,-1.2487,20.73780425043441,19.2405216412024,0.04,0.0527,0.22,0.2205,0.4669,0.5599,0.3134,89.8,21.6901,60.9,-0.0013,-0.0096,0.1415,-0.0354,NEUTRAL,CHOPPY_FLAT,0.0436,0.3492,,,,,,,2,21.9818,43.6,36.7,0.0948,52.7,43.3
582,TAGUSDT,PASS:LONG_BTC1H_DEADBAND,LONG,LONG,0.001171,0.4332,0.6832,0.0,trail,True,2026-07-19T21:41:10.710942,2026-07-19T21:49:50.437377,,0.5844,54.66,71.71,19.1406,18.9354,0.2053,27.772905251393475,17.827875310643954,0.1533,0.2373,0.1988,-0.1984,0.8147,-0.0241,0.1918,60.9,22.2388,33.5,-0.0343,-0.0304,-0.1189,-0.0291,BEARISH,HEALTHY_BEAR,0.2817,-0.0644,,,,,,,2,23.0691,38.4,58.4,0.0679,41.7,51.5
580,SKLUSDT,PASS:LONG_BTC1H_DEADBAND,LONG,LONG,0.004078,0.265,0.515,0.0,trail,True,2026-07-19T20:56:31.819513,2026-07-19T21:03:08.148493,,0.3075,61.05,56.38,24.7179,23.9606,0.7573,23.903754522208757,11.624119946432057,0.0795,0.1044,0.144,0.1442,0.5575,0.5052,0.3285,79.2,23.7079,56.5,0.0115,-0.0316,0.0325,0.0061,NEUTRAL,CHOPPY_FLAT,0.1339,0.3403,,,,,,,4,23.8357,55.2,52.8,0.0635,49.6,45.5
578,EVAAUSDT,PASS:LONG_BTC1H_DEADBAND,LONG,LONG,0.796,0.4786,0.7286,0.0,trail,True,2026-07-19T20:36:31.201035,2026-07-19T20:48:26.694027,,0.363,55.97,66.19,19.2848,19.2611,0.0237,24.330782433394575,16.35862908392536,0.0663,0.1236,0.14,-0.1398,0.5117,0.7587,0.0499,59.2,24.7151,57.9,0.0166,-0.0304,0.0562,-0.0027,NEUTRAL,CHOPPY_FLAT,0.1587,0.4762,,,,,,,4,25.5984,57.0,59.6,0.0704,50.2,45.5
581,DOTUSDT,PASS:LONG_BTC1H_DEADBAND,LONG,LONG,0.816,-0.2451,0.1225,-0.2451,horizon,True,2026-07-19T20:36:31.163922,2026-07-19T21:21:32.016667,,0.1602,55.71,57.01,28.2686,28.555,-0.2863,22.202435251003013,13.4508428441287,0.0505,0.0675,0.0113,0.0113,0.2987,-0.1011,0.1294,77.8,24.7151,57.9,0.0166,-0.0304,0.0562,-0.0027,NEUTRAL,CHOPPY_FLAT,0.0745,-0.054,,,,,,,2,25.5984,57.0,59.6,0.0704,50.2,45.5
579,SKLUSDT,PASS:LONG_BTC1H_DEADBAND,LONG,LONG,0.004061,0.4395,0.6895,-0.3201,trail,True,2026-07-19T20:14:11.214018,2026-07-19T20:56:18.333880,,0.3615,56.34,59.04,23.0077,22.2687,0.7391,25.783034952349755,13.100848365160237,0.1034,0.1314,0.037,-0.037,0.6933,0.417,0.1978,61.5,31.0125,60.5,0.0267,-0.0307,0.0919,-0.0361,BULLISH,STRONG_BULL,0.1537,0.1908,,,,,,,4,32.3694,59.6,43.0,0.0769,50.1,45.5
577,LITUSDT,PASS:LONG_BTC1H_DEADBAND,LONG,LONG,2.23,1.6244,1.8744,-0.1525,trail,True,2026-07-19T20:03:02.880152,2026-07-19T20:43:54.621364,,0.303,62.34,57.47,24.1469,23.4671,0.6798,34.53308571400257,17.402517760898156,0.0784,0.1082,0.2157,0.2162,0.3787,0.2395,0.4032,64.5,34.0455,61.0,0.009,-0.0301,0.1268,-0.0586,NEUTRAL,CHOPPY_FLAT,0.1389,0.2166,,,,,,,3,35.8505,52.3,43.5,0.0836,50.4,45.5
575,USELESSUSDT,PASS:LONG_BTC1H_DEADBAND,LONG,LONG,0.0566,0.2094,0.4594,0.0,trail,True,2026-07-19T20:03:02.865998,2026-07-19T20:11:10.029296,,0.3212,58.62,53.52,16.0642,16.6158,-0.5516,21.159052627613516,17.70281237880547,0.055,0.1198,0.2416,0.2422,0.6362,-0.2114,0.4174,79.7,34.0455,61.0,0.009,-0.0301,0.1268,-0.0586,NEUTRAL,CHOPPY_FLAT,0.1204,-0.0172,,,,,,,3,35.8505,52.3,43.5,0.0836,50.4,45.5
576,PENGUUSDT,PASS:LONG_BTC1H_DEADBAND,LONG,LONG,0.006093,0.3901,0.6401,-0.1149,trail,True,2026-07-19T19:48:34.275295,2026-07-19T20:16:41.400166,,0.1785,54.57,64.33,28.371,30.5055,-2.1345,23.31379212760667,23.60583522272264,0.0632,0.0748,0.0377,-0.0377,0.2949,0.0198,0.1004,73.3,36.904,42.1,-0.0175,-0.0379,-0.0329,-0.0869,NEUTRAL,CHOPPY_FLAT,0.0923,-0.0094,,,,,,,0,36.712,43.0,44.9,0.0803,41.3,42.3
574,DEXEUSDT,PASS:LONG_BTC1H_DEADBAND,LONG,LONG,34.71,0.355,0.605,-0.461,trail,True,2026-07-19T19:39:40.844570,2026-07-19T20:02:52.933404,,0.0784,51.85,53.83,23.775,25.0505,-1.2755,22.216117921749387,19.2345596245074,0.011,0.0228,0.0012,-0.0012,0.8143,1.0504,-0.013,46.5,36.6644,43.4,-0.0154,-0.0365,-0.0288,-0.0872,NEUTRAL,CHOPPY_FLAT,0.0654,0.5699,,,,,,,1,36.7837,43.5,48.1,0.0878,41.9,42.3
572,USELESSUSDT,PASS:LONG_BTC1H_DEADBAND,LONG,LONG,0.05629,0.283,0.533,0.0,trail,True,2026-07-19T19:33:00.718740,2026-07-19T19:41:32.189163,,0.4111,53.57,63.1,22.0671,23.3044,-1.2372,21.903153986209688,19.430123326171277,0.0668,0.1905,0.1391,-0.1389,0.7364,-0.4758,0.1181,75.3,36.7818,45.3,-0.0142,-0.0342,-0.0129,-0.0857,NEUTRAL,CHOPPY_FLAT,0.1404,-0.2267,,,,,,,3,36.1793,46.0,37.7,0.0893,43.1,42.3
571,EVAAUSDT,PASS:LONG_BTC1H_DEADBAND,LONG,LONG,0.7943,-0.7,0.3022,-0.768,sl,True,2026-07-19T19:30:47.380540,2026-07-19T19:36:18.974437,,0.5601,61.87,65.26,19.8084,19.4865,0.3219,27.96606545880063,17.14307704648059,0.1278,0.2111,0.014,0.014,0.5595,0.7096,0.3532,79.3,36.7414,46.0,-0.0133,-0.0333,-0.0055,-0.0848,NEUTRAL,CHOPPY_FLAT,0.2085,0.457,,,,,,,1,36.1793,46.0,37.7,0.0863,43.6,42.3
570,1000XECUSDT,PASS:LONG_BTC1H_DEADBAND,LONG,LONG,0.008408,-0.7,0.0,-0.7731,sl,True,2026-07-19T19:18:33.768310,2026-07-19T19:20:12.219917,,0.5838,53.57,58.01,17.8029,18.071,-0.2681,28.660841754186933,21.48159176521987,0.1088,0.2345,0.287,-0.2862,0.8919,0.5458,0.0564,56.7,35.0064,45.9,-0.0083,-0.0327,-0.0079,-0.0864,NEUTRAL,CHOPPY_FLAT,0.1758,0.2599,,,,,,,1,34.5221,46.9,40.6,0.0998,44.0,42.3
573,LITUSDT,PASS:LONG_BTC1H_DEADBAND,LONG,LONG,2.2201,0.4549,0.554,-0.2072,horizon,True,2026-07-19T19:17:26.908157,2026-07-19T20:02:27.852031,,0.4263,55.72,72.52,24.7737,24.6085,0.1652,34.67755191407539,19.96644111129102,0.1452,0.1747,0.0553,-0.0553,0.4817,0.0638,0.2648,55.1,35.0662,48.1,-0.0056,-0.03,0.0163,-0.0835,NEUTRAL,CHOPPY_FLAT,0.2358,0.0017,,,,,,,4,34.5221,46.9,40.6,0.0991,45.5,42.3
569,USELESSUSDT,PASS:LONG_BTC1H_DEADBAND,LONG,LONG,0.05595,0.4113,0.6613,-0.0357,trail,True,2026-07-19T19:00:46.680646,2026-07-19T19:07:12.199002,,0.2331,51.72,55.61,24.6319,26.5187,-1.8868,19.18386368559598,19.223771832733163,0.1039,0.1421,0.0316,-0.0316,0.7629,-1.1967,0.2145,76.1,32.8837,41.9,-0.0362,-0.0352,-0.0408,-0.0955,BEARISH,STRONG_BEAR,0.1089,-0.7569,,,,,,,1,31.6779,41.4,37.8,0.0988,42.5,42.3
568,SKLUSDT,PASS:LONG_BTC1H_DEADBAND,LONG,LONG,0.004064,-0.7,0.3445,-0.7382,sl,True,2026-07-19T18:35:12.288219,2026-07-19T18:49:19.727745,,0.4759,58.32,51.82,25.9362,25.7442,0.192,30.261652390148768,16.862836698218857,0.0926,0.1739,0.2734,0.2741,0.8631,0.3849,0.5415,58.3,24.2801,37.3,-0.0477,-0.0207,-0.1131,-0.0589,BEARISH,HEALTHY_BEAR,0.1812,0.3524,,,,,,,4,22.6606,31.8,35.5,0.1184,42.5,51.0
567,PUMPUSDT,PASS:LONG_BTC1H_DEADBAND,LONG,LONG,0.001692,0.6956,0.9456,0.0,trail,True,2026-07-19T18:32:58.960176,2026-07-19T18:34:01.942547,,0.1337,58.97,51.42,19.7568,20.7008,-0.944,21.03757437105353,24.441529351994166,0.0187,0.0314,0.1793,0.1796,0.4365,0.5033,0.2298,81.6,24.2801,30.7,-0.0548,-0.0275,-0.1773,-0.0667,BEARISH,HEALTHY_BEAR,0.0587,0.3591,,,,,,,2,22.6606,31.8,35.5,0.1132,39.9,51.0
566,1000XECUSDT,PASS:LONG_BTC1H_DEADBAND,LONG,LONG,0.008361,-0.7,0.0598,-0.7296,sl,True,2026-07-19T18:12:57.550493,2026-07-19T18:18:28.056791,,0.4916,53.73,62.73,19.292,19.0751,0.2169,30.138013787632588,19.223609990187025,0.1428,0.206,0.1922,-0.1918,0.7375,0.116,0.1566,73.8,19.4336,37.6,-0.0549,-0.0146,-0.124,-0.0059,BEARISH,HEALTHY_BEAR,0.2562,0.0594,,,,,,,2,17.6199,32.0,52.1,0.1133,45.2,51.0
565,1000BONKUSDT,PASS:LONG_BTC1H_DEADBAND,LONG,LONG,0.002895,0.3372,0.5872,-0.1036,trail,True,2026-07-19T15:29:19.019128,2026-07-19T15:37:36.506492,,0.2488,50.98,64.69,19.8583,19.9432,-0.0849,27.99780960367778,19.15458706030382,0.0877,0.1116,0.2036,-0.2032,0.4427,0.0996,-0.0042,58.7,25.7751,48.8,0.0035,-0.0114,-0.0401,0.0399,NEUTRAL,CHOPPY_FLAT,0.1305,0.038,,,,,,,1,25.9653,51.7,61.4,0.0891,48.5,54.1
564,HOMEUSDT,PASS:LONG_BTC1H_DEADBAND,LONG,LONG,0.00817,-0.7,0.0,-0.7344,sl,True,2026-07-19T15:29:19.007617,2026-07-19T15:30:04.805900,,0.3265,51.89,55.59,17.8524,18.5217,-0.6693,20.551394048992133,17.10507573501451,0.1181,0.1637,0.051,-0.0509,1.3042,-0.2328,0.2309,50.0,25.7751,48.8,0.0035,-0.0114,-0.0401,0.0399,NEUTRAL,CHOPPY_FLAT,0.1057,-0.2128,,,,,,,1,25.9653,51.7,61.4,0.0891,48.5,54.1
563,USELESSUSDT,PASS:LONG_BTC1H_DEADBAND,LONG,LONG,0.05979,-0.7,0.0167,-0.7025,sl,True,2026-07-19T14:50:18.140299,2026-07-19T14:56:40.323115,,0.5928,63.44,67.71,24.893,23.927,0.966,31.36172341488614,14.271781246270779,0.2007,0.2378,0.1361,0.1363,0.4936,-0.3923,0.576,85.6,21.1054,64.5,0.0331,-0.0208,0.1544,0.0135,BULLISH,HEALTHY_BULL,0.2772,-0.2804,,,,,,,3,19.8425,57.3,55.3,0.0976,54.9,46.5
562,EVAAUSDT,PASS:LONG_BTC1H_DEADBAND,LONG,LONG,0.7867,-0.7,0.3432,-0.7627,sl,True,2026-07-19T14:31:24.015587,2026-07-19T14:37:12.546603,,0.3735,55.4,59.92,28.9781,30.0693,-1.0912,15.829957688695728,21.326536579372227,0.1244,0.1793,0.0082,-0.0082,0.7455,-0.1831,0.2957,89.1,19.089,48.6,-0.0045,-0.0434,-0.0264,-0.0289,NEUTRAL,CHOPPY_FLAT,0.164,-0.0785,,,,,,,3,20.2578,50.5,61.8,0.0876,44.3,46.5
561,LITUSDT,PASS:LONG_BTC1H_DEADBAND,LONG,LONG,2.229,0.6473,0.8973,-0.0673,trail,True,2026-07-19T14:24:43.563270,2026-07-19T14:32:34.534897,,0.3749,58.45,57.73,27.9355,27.4617,0.4738,33.165740502181805,16.300368426956414,0.0738,0.1499,0.0086,-0.0086,0.3992,0.3394,0.2151,62.0,21.5032,47.4,0.017,-0.045,-0.0481,-0.0268,NEUTRAL,CHOPPY_FLAT,0.1158,0.2606,,,,,,,3,22.5026,55.3,59.3,0.0914,43.6,46.5
560,1000PEPEUSDT,PASS:LONG_BTC1H_DEADBAND,LONG,LONG,0.0028538,-0.7,0.0806,-0.7043,sl,True,2026-07-19T13:51:20.001003,2026-07-19T14:17:19.540045,,0.1664,54.28,55.22,19.6404,19.4915,0.1489,26.074227581491538,16.819652771235933,0.0465,0.0579,0.0241,0.0241,0.3547,0.3379,0.1285,53.0,20.6459,57.0,0.0179,-0.0442,0.0843,-0.0886,NEUTRAL,CHOPPY_FLAT,0.0808,0.1917,,,,,,,1,21.538,56.5,42.3,0.0853,46.4,43.6
559,LITUSDT,PASS:LONG_BTC1H_DEADBAND,LONG,LONG,2.2208,1.0558,1.3058,-0.1441,trail,True,2026-07-19T13:50:13.523025,2026-07-19T14:09:33.772641,,0.282,59.48,56.51,21.3733,21.0549,0.3183,29.691936459510732,17.621470757478605,0.0977,0.1157,0.1001,0.1002,0.3369,0.0443,0.314,88.6,21.5145,55.3,0.0089,-0.0464,0.0778,-0.1043,NEUTRAL,CHOPPY_FLAT,0.1153,0.0174,,,,,,,4,22.6091,49.7,37.9,0.091,45.2,43.6
558,1000XECUSDT,PASS:LONG_UNMATCHED_ONLY,LONG,LONG,0.008389,0.6917,0.9417,-0.5841,trail,True,2026-07-19T13:25:46.482135,2026-07-19T13:46:27.385551,W4,0.4553,55.82,51.56,23.2819,22.6775,0.6044,24.777131939278924,13.010399773785458,0.0686,0.1836,0.0214,-0.0214,0.7333,0.2905,0.2309,59.7,28.9458,42.3,-0.0291,-0.0613,-0.0357,,BEARISH,STRONG_BEAR,0.1047,0.2527,0.4683,0.817,16.7,73.8,155843298.705023,10,3,28.1563,42.3,48.9,0.0877,38.9,43.6
557,1000PEPEUSDT,PASS:LONG_BTC1H_DEADBAND,LONG,LONG,0.0028469,-0.0527,0.3372,-0.3934,horizon,True,2026-07-19T12:40:04.280227,2026-07-19T13:25:05.149380,,0.2217,52.52,52.63,26.4788,26.1677,0.3111,25.306710165501027,13.470721869300007,0.0679,0.0812,0.0797,-0.0797,0.439,0.4072,0.0693,44.7,28.0246,42.0,-0.0509,-0.0377,-0.0368,-0.1793,BEARISH,STRONG_BEAR,0.077,0.2133,,,,,,,0,28.4122,37.6,23.4,0.0952,41.1,45.4
556,PUMPUSDT,PASS:LONG_BTC1H_DEADBAND,LONG,LONG,0.001657,0.0,0.2414,-0.3018,horizon,True,2026-07-19T10:02:26.160051,2026-07-19T10:47:26.744037,,0.2462,58.5,60.37,21.4771,21.3922,0.0849,27.12872432545941,17.133815471001803,0.0656,0.09,0.0274,0.0274,0.2703,0.2606,0.1831,83.3,23.6989,27.4,-0.0445,-0.0007,-0.1149,-0.1359,BEARISH,HEALTHY_BEAR,0.1096,0.1434,,,,,,,3,22.2718,31.3,31.2,0.059,46.2,48.7
554,ETHFIUSDT,PASS:LONG_UNMATCHED_ONLY,LONG,LONG,0.448,0.6429,0.8929,0.0,trail,True,2026-07-19T09:51:02.483957,2026-07-19T10:00:09.840573,C4,0.1959,59.77,52.61,17.2635,17.3868,-0.1233,31.737010063525645,23.14257575550989,0.0601,0.0737,0.1055,0.1056,0.268,0.0657,0.2396,80.8,21.1987,33.4,-0.0403,0.0402,-0.0664,,BEARISH,HEALTHY_BEAR,0.0727,0.0148,0.7316,0.4811,34.1,53.7,22015952.1573,45,2,20.1238,33.5,27.0,0.0564,50.3,65.7
555,1000BONKUSDT,PASS:LONG_UNMATCHED_ONLY,LONG,LONG,0.002846,0.8744,1.1244,-0.6676,trail,True,2026-07-19T09:44:23.775474,2026-07-19T10:19:48.596678,C4,0.1351,55.75,53.7,24.8751,25.1471,-0.272,30.748967018588814,19.933482850908742,0.0128,0.0321,0.1498,0.1501,0.4933,0.549,0.195,54.8,18.9979,27.1,-0.0503,0.0368,-0.1262,,BEARISH,HEALTHY_BEAR,0.0648,0.3899,0.7558,0.4588,31.7,58.5,62660787.530753,24,2,17.4338,23.2,38.4,0.0614,48.6,65.7
553,1000BONKUSDT,PASS:LONG_UNMATCHED_ONLY,LONG,LONG,0.00278,0.2536,0.5036,-0.036,trail,True,2026-07-19T04:50:53.980442,2026-07-19T05:00:43.245358,C4+W4,0.265,54.92,64.97,23.2852,22.3491,0.9361,30.76254066065574,14.65849420779689,0.0636,0.1056,0.0604,-0.0604,0.4818,0.1362,0.1088,62.0,20.0504,57.9,0.0202,0.1337,0.0562,,BULLISH,HEALTHY_BULL,0.1175,0.0831,0.5997,0.8087,53.7,26.8,59903650.349298,23,4,20.4106,57.9,43.0,0.0588,69.7,67.8
552,1000XECUSDT,PASS:LONG_UNMATCHED_ONLY,LONG,LONG,0.008618,0.3302,0.5802,0.0,trail,True,2026-07-19T04:48:41.391137,2026-07-19T04:50:23.924125,C2+C4+C7+C9,0.3868,52.43,49.58,22.3164,23.4702,-1.1538,18.375308398893754,15.869683012863783,0.2011,0.2419,0.0952,0.0953,1.2539,-1.4058,0.5392,81.6,20.3389,55.3,0.0236,0.1319,0.0492,,BULLISH,HEALTHY_BULL,0.124,-0.8947,0.8022,0.791,56.1,26.8,271413016.24205,8,5,20.7226,58.1,38.0,0.0633,69.2,67.8
549,KAITOUSDT,PASS:LONG_UNMATCHED_ONLY,LONG,LONG,0.8294,0.3046,0.5546,0.0,trail,True,2026-07-18T15:03:48.746552,2026-07-18T15:07:22.385037,C4+C5,0.1283,54.65,42.92,21.531,22.0067,-0.4757,21.83781332497658,16.026829793581225,0.014,0.0487,0.0915,0.0916,0.5166,0.25,0.1543,66.7,19.1556,46.2,-0.0013,0.0667,-0.0437,,NEUTRAL,CHOPPY_FLAT,0.0083,0.2098,0.7535,1.1858,65.9,19.5,69031881.18663,22,2,20.459,50.0,62.1,0.0606,59.1,60.5
551,HYPEUSDT,PASS:LONG_UNMATCHED_ONLY,LONG,LONG,59.26,0.2059,0.2666,-0.3071,horizon,True,2026-07-18T15:03:48.691177,2026-07-18T15:48:48.948195,W4,0.4098,56.9,65.17,28.34,28.1509,0.189,30.577781938888926,16.178208430711248,0.0695,0.1651,0.1829,-0.1826,0.3124,0.4135,0.0517,66.2,19.1556,46.2,-0.0013,0.0667,-0.0437,,NEUTRAL,CHOPPY_FLAT,0.1422,0.2943,0.7535,1.1951,65.9,19.5,383403261.0462,5,4,20.459,50.0,62.1,0.0606,59.1,60.5
547,LITUSDT,PASS:LONG_UNMATCHED_ONLY,LONG,LONG,2.1985,0.596,0.846,-0.0182,trail,True,2026-07-18T14:51:28.607537,2026-07-18T14:54:29.520012,W6,0.3397,62.48,58.05,18.6464,19.5576,-0.9112,20.69689953175627,18.06104354174714,0.1059,0.1392,0.2007,0.2011,0.3964,-0.1348,0.4468,94.4,22.202,59.6,0.0198,0.0961,0.029,,NEUTRAL,CHOPPY_FLAT,0.1504,-0.0673,0.725,0.8179,65.9,19.5,30204835.34435,44,4,22.5057,59.6,57.9,0.0584,62.2,59.6
550,WLDUSDT,PASS:LONG_UNMATCHED_ONLY,LONG,LONG,0.3727,-0.7,0.161,-0.7244,sl,True,2026-07-18T14:51:28.524413,2026-07-18T15:32:05.932481,W6,0.412,62.4,61.94,25.7531,26.7725,-1.0195,25.956404582514548,20.188326438134567,0.1157,0.1765,0.0922,0.0923,0.4011,-0.1431,0.385,81.3,22.202,59.6,0.0198,0.0961,0.029,,NEUTRAL,CHOPPY_FLAT,0.1595,-0.0919,0.725,0.7417,65.9,19.5,114782543.8672,15,4,22.5057,59.6,57.9,0.0584,62.2,59.6
548,INJUSDT,PASS:LONG_UNMATCHED_ONLY,LONG,LONG,5.162,-0.7,0.2325,-0.7168,sl,True,2026-07-18T14:28:04.414201,2026-07-18T15:02:10.846813,W4,0.3982,62.7,69.97,27.5171,27.2685,0.2486,29.997152957237528,15.888090938262605,0.0912,0.1435,0.0255,-0.0255,0.3354,0.6431,0.2093,74.7,22.682,59.5,0.0208,0.0939,0.0547,,BULLISH,HEALTHY_BULL,0.1744,0.4239,0.7695,1.2605,63.4,26.8,30785562.1712,45,4,22.9284,57.9,55.3,0.0687,61.6,59.6
546,EVAAUSDT,PASS:LONG_UNMATCHED_ONLY,LONG,LONG,0.8326,0.2785,0.5285,-0.1081,trail,True,2026-07-18T14:23:39.330691,2026-07-18T14:25:40.530922,W6,0.4687,55.2,62.61,24.0712,25.2343,-1.1631,18.020361860426583,21.56332892992825,0.1139,0.2106,0.1381,-0.1379,0.7183,-0.0972,0.1863,78.2,22.9325,60.8,0.0283,0.0956,0.0764,,BULLISH,HEALTHY_BULL,0.2113,0.0174,0.8252,0.8083,48.8,26.8,31834575.6078,42,5,23.1983,57.9,49.1,0.0721,62.1,59.6
545,HYPEUSDT,PASS:LONG_UNMATCHED_ONLY,LONG,LONG,59.272,-0.3054,0.4184,-0.6276,horizon,True,2026-07-18T08:05:28.770465,2026-07-18T08:50:29.408671,C2+W6,0.21,56.39,59.62,20.0235,20.8637,-0.8402,23.145199002966393,19.283634005113257,0.0631,0.0868,0.0091,-0.0091,0.2525,-0.0299,0.1409,77.0,25.571,44.6,0.0008,0.0571,-0.0284,,NEUTRAL,CHOPPY_FLAT,0.096,-0.036,0.8436,0.9529,9.8,51.2,548710701.44814,4,2,27.3254,56.8,62.3,0.0325,56.2,57.8
543,HOMEUSDT,PASS:LONG_UNMATCHED_ONLY,LONG,LONG,0.00699,1.0376,1.2876,-0.5722,trail,True,2026-07-18T08:04:21.618802,2026-07-18T08:06:31.081932,C2+C7+W6,0.4188,53.16,57.39,15.1204,16.114,-0.9935,19.537028187118036,20.417840161501584,0.1195,0.1698,0.0406,-0.0406,1.2297,-1.1173,0.2488,75.0,25.571,43.6,0.0004,0.0566,-0.0324,,NEUTRAL,CHOPPY_FLAT,0.2457,-0.6277,0.9314,1.4954,14.6,51.2,125651603.046647,13,2,27.3254,56.8,62.3,0.0325,56.0,57.8
544,PUMPUSDT,PASS:LONG_UNMATCHED_ONLY,LONG,LONG,0.001641,-0.3047,0.4266,-0.4875,horizon,True,2026-07-18T07:27:26.661183,2026-07-18T08:12:26.866150,C4,0.399,63.18,75.19,20.4071,19.4606,0.9465,26.918629756527757,13.64862247190864,0.1044,0.1538,0.038,0.038,0.3059,0.2872,0.2965,78.8,20.0813,62.9,0.0138,0.0608,0.0312,,NEUTRAL,CHOPPY_FLAT,0.1791,0.1826,0.7139,1.3028,19.0,42.9,48548142.220557,33,4,18.3935,67.1,54.2,0.0274,57.9,56.7
542,1000XECUSDT,PASS:LONG_UNMATCHED_ONLY,LONG,LONG,0.007854,0.7049,0.9549,-0.0764,trail,True,2026-07-17T17:37:10.981811,2026-07-17T17:40:05.640181,C6,0.5127,51.35,55.06,16.4393,16.9065,-0.4672,20.38066960903537,16.552413144649158,0.1194,0.2609,0.2973,-0.2964,1.5925,-0.1753,0.0831,55.0,35.8813,66.9,0.1687,0.1136,0.2403,,BULLISH,STRONG_BULL,0.1898,-0.0612,0.4875,0.7402,68.2,22.7,139625277.624644,17,2,34.3201,74.2,73.8,0.2216,61.9,52.7
537,NEARUSDT,PASS:LONG_BTC1H_DEADBAND,LONG,LONG,1.924,0.6336,0.8836,-0.052,trail,True,2026-07-17T16:59:33.476486,2026-07-17T17:12:28.400757,,0.2696,55.88,62.73,22.3363,21.6242,0.7121,20.530832138144262,10.672569252527426,0.0723,0.1064,0.0423,-0.0423,0.3877,0.2414,0.1364,81.6,19.3474,61.2,0.1115,-0.0093,0.172,0.3261,BULLISH,HEALTHY_BULL,0.1316,0.1546,,,,,,,4,18.2426,65.1,59.9,0.2178,52.9,49.4
539,SUIUSDT,PASS:LONG_BTC1H_DEADBAND,LONG,LONG,0.7388,0.5351,0.7851,-0.0677,trail,True,2026-07-17T16:58:25.775327,2026-07-17T17:12:47.781943,,0.4281,63.91,72.28,25.0517,24.3027,0.749,26.803082327751753,12.967513469274214,0.0948,0.1592,0.0189,-0.0189,0.3115,0.502,0.2352,84.9,19.3474,60.6,0.1102,-0.0107,0.1596,0.3246,BULLISH,HEALTHY_BULL,0.1861,0.3454,,,,,,,2,18.2426,65.1,59.9,0.2178,52.7,49.4
534,UNIUSDT,PASS:LONG_BTC1H_DEADBAND,LONG,LONG,3.534,0.8536,1.1036,-0.0566,trail,True,2026-07-17T16:57:17.619699,2026-07-17T17:11:06.419006,,0.503,65.58,68.4,20.5777,19.783,0.7947,25.242294651976515,13.322508015787218,0.1215,0.1882,0.0227,0.0227,0.3801,0.5233,0.3327,85.6,19.3474,61.3,0.1118,-0.0088,0.1747,0.3265,BULLISH,HEALTHY_BULL,0.2044,0.3322,,,,,,,2,18.2426,65.1,59.9,0.2163,53.0,49.4
538,PENGUUSDT,PASS:LONG_BTC1H_DEADBAND,LONG,LONG,0.005958,0.606,0.856,-0.5203,trail,True,2026-07-17T16:55:02.323264,2026-07-17T17:12:36.527773,,0.5277,60.81,62.25,28.9498,28.4513,0.4985,24.631305608155248,11.743445452346425,0.1213,0.2148,0.0713,0.0714,0.5083,0.0253,0.4081,93.8,18.256,63.2,0.1082,-0.006,0.2435,0.3147,BULLISH,HEALTHY_BULL,0.2285,0.1263,,,,,,,1,17.0671,64.6,53.9,0.2246,53.5,49.4
541,XLMUSDT,PASS:LONG_BTC1H_DEADBAND,LONG,LONG,0.1873,-0.2616,0.4218,-0.2883,horizon,True,2026-07-17T16:55:02.270497,2026-07-17T17:40:02.586803,,0.3653,60.37,65.48,23.43,22.5597,0.8703,20.4999769122847,9.927967482823062,0.0839,0.1256,0.0082,0.0082,0.4084,0.6759,0.2179,84.2,18.256,63.2,0.1082,-0.006,0.2435,0.3147,BULLISH,HEALTHY_BULL,0.1715,0.4488,,,,,,,3,17.0671,64.6,53.9,0.2246,53.5,49.4
540,PUMPUSDT,PASS:LONG_BTC1H_DEADBAND,LONG,LONG,0.001706,-0.7,0.3517,-0.7034,sl,True,2026-07-17T16:55:02.237087,2026-07-17T17:15:07.250141,,0.5691,63.24,62.02,21.5866,21.0172,0.5694,28.072104166085687,15.454486652680806,0.139,0.1942,0.1786,0.1789,0.6874,1.1687,0.5129,90.2,18.256,63.2,0.1082,-0.006,0.2435,0.3147,BULLISH,HEALTHY_BULL,0.2451,0.7395,,,,,,,2,17.0671,64.6,53.9,0.2246,53.5,49.4
535,WLDUSDT,PASS:LONG_BTC1H_DEADBAND,LONG,LONG,0.3843,0.4526,0.7026,-0.3123,trail,True,2026-07-17T16:55:02.201303,2026-07-17T17:11:29.823736,,0.3427,61.67,62.31,21.4267,21.3591,0.0676,26.42469476835254,16.78642355368684,0.063,0.1144,0.0945,0.0946,0.4694,0.5995,0.2723,89.5,18.256,63.2,0.1082,-0.006,0.2435,0.3147,BULLISH,HEALTHY_BULL,0.1568,0.4446,,,,,,,3,17.0671,64.6,53.9,0.2246,53.5,49.4
533,1000PEPEUSDT,PASS:LONG_BTC1H_DEADBAND,LONG,LONG,0.0027229,0.782,1.032,-0.0992,trail,True,2026-07-17T16:55:02.186330,2026-07-17T17:10:15.199703,,0.3235,60.07,65.26,27.3844,26.399,0.9853,24.928972647824107,10.63458812407019,0.0724,0.1233,0.0058,-0.0058,0.3543,0.2644,0.19,82.9,18.256,63.2,0.1082,-0.006,0.2435,0.3147,BULLISH,HEALTHY_BULL,0.1405,0.2013,,,,,,,2,17.0671,64.6,53.9,0.2246,53.5,49.4
536,SOLUSDT,PASS:LONG_BTC1H_DEADBAND,LONG,LONG,74.91,0.6311,0.8811,-0.04,trail,True,2026-07-17T16:55:02.124088,2026-07-17T17:12:26.372348,,0.3059,61.95,67.84,25.1387,24.2156,0.9232,24.31260784323682,11.144080176800893,0.0646,0.1116,0.009,0.009,0.2847,0.3635,0.1854,86.5,18.256,63.2,0.1082,-0.006,0.2435,0.3147,BULLISH,HEALTHY_BULL,0.1373,0.2713,,,,,,,2,17.0671,64.6,53.9,0.2246,53.5,49.4
525,VIRTUALUSDT,PASS:LONG_BTC1H_DEADBAND,LONG,LONG,0.6387,0.3293,0.5793,-0.3288,trail,True,2026-07-17T16:21:46.573893,2026-07-17T16:46:32.070879,,0.5728,58.62,62.87,25.1351,25.5665,-0.4313,24.597170793934694,16.559972698277463,0.0816,0.2093,0.1249,-0.1247,0.5733,1.1496,0.166,71.1,18.1785,63.0,0.1009,-0.027,0.1907,0.263,BULLISH,HEALTHY_BULL,0.1973,0.7855,,,,,,,2,17.8601,65.9,57.5,0.2092,49.7,49.4
528,AVAXUSDT,PASS:LONG_BTC1H_DEADBAND,LONG,LONG,6.495,1.0125,1.2625,-0.1848,trail,True,2026-07-17T16:21:46.539056,2026-07-17T16:46:59.198841,,0.3324,63.09,65.84,16.2154,15.6489,0.5666,26.118046747762204,16.150707609877486,0.1047,0.1271,0.0571,0.0571,0.2946,0.202,0.2892,91.1,18.1785,63.0,0.1009,-0.027,0.1907,0.263,BULLISH,HEALTHY_BULL,0.1534,0.1221,,,,,,,2,17.8601,65.9,57.5,0.2092,49.7,49.4
532,TAOUSDT,PASS:LONG_BTC1H_DEADBAND,LONG,LONG,192.96,0.399,0.4457,-0.1814,horizon,True,2026-07-17T16:21:46.503735,2026-07-17T17:06:47.361678,,0.2847,59.56,61.5,24.392,23.6581,0.734,24.690202969613317,12.179111313048804,0.0625,0.1087,0.0181,-0.0181,0.3607,0.3335,0.1532,81.9,18.1785,63.0,0.1009,-0.027,0.1907,0.263,BULLISH,HEALTHY_BULL,0.1073,0.2319,,,,,,,3,17.8601,65.9,57.5,0.2092,49.7,49.4
529,SUIUSDT,PASS:LONG_BTC1H_DEADBAND,LONG,LONG,0.7356,0.4705,0.7205,-0.2175,trail,True,2026-07-17T16:21:46.494170,2026-07-17T16:57:11.438786,,0.3335,63.35,64.61,16.6192,16.2063,0.4129,25.514874627295008,16.317403254089133,0.0948,0.1271,0.0556,0.0557,0.315,0.2452,0.2779,90.8,18.1785,63.0,0.1009,-0.027,0.1907,0.263,BULLISH,HEALTHY_BULL,0.1453,0.1638,,,,,,,2,17.8601,65.9,57.5,0.2092,49.7,49.4
530,DOGEUSDT,PASS:LONG_BTC1H_DEADBAND,LONG,LONG,0.07216,0.2489,0.4989,-0.1109,trail,True,2026-07-17T16:21:46.465561,2026-07-17T16:58:32.794887,,0.2397,60.42,65.14,19.3104,18.324,0.9864,25.24364898440546,12.965790522346337,0.0628,0.0888,0.0077,-0.0077,0.2591,0.2621,0.144,77.9,18.1785,63.0,0.1009,-0.027,0.1907,0.263,BULLISH,HEALTHY_BULL,0.1042,0.1724,,,,,,,0,17.8601,65.9,57.5,0.2092,49.7,49.4
531,LTCUSDT,PASS:LONG_BTC1H_DEADBAND,LONG,LONG,44.82,0.2008,0.357,-0.2008,horizon,True,2026-07-17T16:16:09.526611,2026-07-17T17:01:10.147442,,0.2505,62.67,57.03,19.7557,19.8016,-0.0459,23.267551569862015,15.785460670991098,0.0557,0.0913,0.0744,0.0745,0.2633,0.3319,0.2217,94.2,18.0841,61.0,0.0971,-0.0338,0.1611,0.2359,BULLISH,HEALTHY_BULL,0.0907,0.2367,,,,,,,1,17.534,63.6,52.5,0.21,48.4,49.4
521,1000BONKUSDT,PASS:LONG_BTC1H_DEADBAND,LONG,LONG,0.003227,-0.7,0.1549,-0.8057,sl,True,2026-07-17T16:16:09.518088,2026-07-17T16:24:14.197356,,0.5101,62.3,67.28,27.249,26.5811,0.6679,28.192989641549914,13.288147240494727,0.1243,0.2095,0.0116,0.0116,0.4487,0.072,0.3458,84.8,18.0841,61.0,0.0971,-0.0338,0.1611,0.2359,BULLISH,HEALTHY_BULL,0.2001,0.0915,,,,,,,1,17.534,63.6,52.5,0.21,48.4,49.4
523,PUMPUSDT,PASS:LONG_BTC1H_DEADBAND,LONG,LONG,0.00169,0.9334,1.1834,-0.2959,trail,True,2026-07-17T16:16:09.502395,2026-07-17T16:28:52.711903,,0.3262,56.05,52.52,18.011,18.0299,-0.0189,28.481227036384656,19.888245331207642,0.0678,0.088,0.035,0.035,0.7258,1.0104,0.1909,65.2,18.0841,61.0,0.0971,-0.0338,0.1611,0.2359,BULLISH,HEALTHY_BULL,0.1317,0.6162,,,,,,,3,17.534,63.6,52.5,0.21,48.4,49.4
522,WLDUSDT,PASS:LONG_BTC1H_DEADBAND,LONG,LONG,0.3843,-0.7,0.0781,-0.7026,sl,True,2026-07-17T16:16:09.481936,2026-07-17T16:24:31.275318,,0.5921,65.8,66.84,25.6241,25.6413,-0.0172,30.433935191642846,18.104580649958645,0.149,0.2209,0.0889,0.0889,0.4951,0.6027,0.4595,89.5,18.0841,61.0,0.0971,-0.0338,0.1611,0.2359,BULLISH,HEALTHY_BULL,0.2496,0.3964,,,,,,,1,17.534,63.6,52.5,0.21,48.4,49.4
526,1000PEPEUSDT,PASS:LONG_BTC1H_DEADBAND,LONG,LONG,0.0027117,0.4802,0.7302,-0.0406,trail,True,2026-07-17T16:16:09.475793,2026-07-17T16:46:35.086662,,0.222,57.29,59.39,20.5998,19.772,0.8278,29.705579393066728,15.521654434899007,0.0699,0.0896,0.0205,0.0206,0.3581,0.0094,0.1801,80.4,18.0841,61.0,0.0971,-0.0338,0.1611,0.2359,BULLISH,HEALTHY_BULL,0.0969,-0.0035,,,,,,,2,17.534,63.6,52.5,0.21,48.4,49.4
524,ONDOUSDT,PASS:LONG_BTC1H_DEADBAND,LONG,LONG,0.3775,-0.7,0.0,-0.7417,sl,True,2026-07-17T16:16:09.465472,2026-07-17T16:39:50.666822,,0.4135,59.7,53.31,20.8546,20.5076,0.347,25.82960468744458,15.3773291235685,0.0981,0.156,0.1752,0.1755,0.5759,0.4388,0.4302,93.3,18.0841,61.0,0.0971,-0.0338,0.1611,0.2359,BULLISH,HEALTHY_BULL,0.1453,0.3432,,,,,,,4,17.534,63.6,52.5,0.21,48.4,49.4
527,SOLUSDT,PASS:LONG_BTC1H_DEADBAND,LONG,LONG,74.71,0.2452,0.4952,-0.2008,trail,True,2026-07-17T16:16:09.450637,2026-07-17T16:46:57.186143,,0.3153,63.18,67.33,22.2646,21.313,0.9515,27.170837388361317,13.191564143025673,0.0861,0.1219,0.0128,0.0128,0.2886,0.2105,0.221,81.9,18.0841,61.0,0.0971,-0.0338,0.1611,0.2359,BULLISH,HEALTHY_BULL,0.1332,0.1271,,,,,,,3,17.534,63.6,52.5,0.21,48.4,49.4
520,PENGUUSDT,PASS:MOMENTUM_SHORT_DEEPGAP,SHORT,SHORT,0.005857,0.6378,0.8878,-0.1195,trail,True,2026-07-17T14:55:40.583759,2026-07-17T15:10:06.302185,,0.694,32.38,32.64,34.9784,34.7629,0.2155,15.447956173303284,34.20791694605731,0.1875,0.214,0.2984,-0.2975,0.5358,-1.3508,-0.6974,21.2,21.4331,51.5,0.0132,-0.1505,-0.0264,0.1331,NEUTRAL,CHOPPY_FLAT,-0.3396,-0.7605,,,,,,,2,22.8532,52.2,59.1,0.225,40.1,39.7
513,TUSDT,PASS:LONG_UNMATCHED_ONLY,LONG,LONG,0.0041,1.6037,1.8537,-0.2195,trail,True,2026-07-17T14:46:41.354056,2026-07-17T14:57:04.299863,W2+W6,0.4515,58.8,68.43,21.5554,21.6242,-0.0688,26.324258401081295,17.309088907178708,0.1225,0.1869,0.0814,-0.0814,0.4529,-0.1968,0.228,74.8,24.958,55.7,0.0734,-0.1342,0.0716,,BULLISH,HEALTHY_BULL,0.2067,-0.078,0.9926,1.2834,68.2,20.5,48672328.50388,39,6,26.2236,57.7,63.9,0.2327,43.6,39.7
518,ONDOUSDT,PASS:LONG_UNMATCHED_ONLY,LONG,LONG,0.3739,-0.7,0.0,-0.8024,sl,True,2026-07-17T14:46:41.266732,2026-07-17T15:05:57.043181,W2+W6,0.2686,51.72,62.21,23.5567,24.2163,-0.6596,24.701917539666056,18.264857371489494,0.0795,0.134,0.1527,-0.1525,0.6284,0.0807,0.0608,69.2,24.958,55.7,0.0734,-0.1342,0.0716,,BULLISH,HEALTHY_BULL,0.1334,0.1168,0.9926,0.5834,68.2,20.5,186676967.85315,11,5,26.2236,57.7,63.9,0.2327,43.6,39.7
512,TIAUSDT,PASS:LONG_UNMATCHED_ONLY,LONG,LONG,0.382,-0.7,0.1047,-0.7853,sl,True,2026-07-17T14:41:02.362814,2026-07-17T14:53:16.721818,W2,0.2881,57.72,53.66,19.1974,19.6694,-0.472,25.18698174115232,19.367464206535086,0.0787,0.1228,0.0718,0.0718,0.4566,0.1216,0.2736,84.2,26.2185,60.8,0.0814,-0.1249,0.2028,,BULLISH,HEALTHY_BULL,0.1115,0.1342,0.9774,0.5835,75.0,15.9,31195082.9875,49,3,27.4002,62.8,69.1,0.2384,45.4,39.7
514,AVAXUSDT,PASS:LONG_UNMATCHED_ONLY,LONG,LONG,6.488,-0.7,0.0154,-0.7244,sl,True,2026-07-17T14:41:02.304171,2026-07-17T15:00:40.801346,W2,0.2924,60.05,54.12,23.5785,24.6803,-1.1018,27.829490445201127,23.11432839736782,0.0747,0.125,0.0811,0.0812,0.3221,0.0949,0.2812,83.1,26.2185,60.8,0.0814,-0.1249,0.2028,,BULLISH,HEALTHY_BULL,0.1024,0.113,0.9774,0.3751,75.0,15.9,59240939.64,37,3,27.4002,62.8,69.1,0.2384,45.4,39.7
517,DOTUSDT,PASS:LONG_UNMATCHED_ONLY,LONG,LONG,0.846,-0.7,0.1182,-0.7092,sl,True,2026-07-17T14:41:02.284448,2026-07-17T15:01:27.233932,W2,0.1757,55.02,53.07,27.4124,29.3167,-1.9043,20.69041473194047,19.61952311634868,0.0676,0.0901,0.0248,0.0248,0.4018,-0.2401,0.1826,81.2,26.2185,60.8,0.0814,-0.1249,0.2028,,BULLISH,HEALTHY_BULL,0.0717,-0.1257,0.9774,0.3475,75.0,15.9,60113468.665,36,2,27.4002,62.8,69.1,0.2384,45.4,39.7
511,UNIUSDT,PASS:LONG_UNMATCHED_ONLY,LONG,LONG,3.504,-0.7,0.0,-0.7135,sl,True,2026-07-17T14:41:02.267141,2026-07-17T14:50:06.067130,W2,0.234,57.09,53.7,18.2005,19.3382,-1.1377,24.443610281467702,22.83136950979871,0.0613,0.1009,0.0546,0.0547,0.4198,0.0092,0.217,78.7,26.2185,60.8,0.0814,-0.1249,0.2028,,BULLISH,HEALTHY_BULL,0.087,0.0405,0.9774,0.4409,75.0,15.9,62434226.225,35,2,27.4002,62.8,69.1,0.2384,45.4,39.7
516,SUIUSDT,PASS:LONG_UNMATCHED_ONLY,LONG,LONG,0.7336,-0.7,0.0,-0.7088,sl,True,2026-07-17T14:41:02.077179,2026-07-17T15:01:27.231518,W2,0.2483,59.06,53.4,24.1832,26.0361,-1.853,26.399543739185216,26.449357312470823,0.0665,0.1093,0.0835,0.0836,0.365,0.0366,0.2596,79.6,26.2185,60.8,0.0814,-0.1249,0.2028,,BULLISH,HEALTHY_BULL,0.0928,0.0884,0.9774,0.5081,75.0,15.9,111633719.66723,17,3,27.4002,62.8,69.1,0.2384,45.4,39.7
519,SOLUSDT,PASS:LONG_UNMATCHED_ONLY,LONG,LONG,74.52,-0.7,0.0268,-0.7381,sl,True,2026-07-17T14:41:01.839151,2026-07-17T15:06:34.569518,W2,0.2179,58.77,50.18,24.8844,26.7981,-1.9137,23.350776150751,23.353860293048736,0.0664,0.0984,0.0878,0.0879,0.322,-0.0352,0.2529,81.6,26.2185,60.8,0.0814,-0.1249,0.2028,,BULLISH,HEALTHY_BULL,0.0707,0.0141,0.9774,0.5436,75.0,15.9,1195294628.7215,3,3,27.4002,62.8,69.1,0.2384,45.4,39.7
510,LITUSDT,PASS:LONG_UNMATCHED_ONLY,LONG,LONG,2.2059,-0.7,0.2267,-0.7117,sl,True,2026-07-17T14:38:46.629818,2026-07-17T14:46:32.894078,W2,0.2616,56.93,55.31,16.2545,15.8762,0.3783,32.01982599801691,20.8302822925901,0.0854,0.1019,0.3213,0.3223,0.6669,0.1168,0.5103,81.0,27.269,60.8,0.0694,-0.1305,0.2137,,BULLISH,HEALTHY_BULL,0.1356,0.0688,1.2732,0.7361,75.0,18.2,67032667.54128,32,4,28.672,55.8,67.9,0.2498,44.4,39.7
515,AAVEUSDT,PASS:LONG_UNMATCHED_ONLY,LONG,LONG,91.22,-0.7,0.2412,-0.7016,sl,True,2026-07-17T14:21:22.738568,2026-07-17T15:00:56.007086,W4,0.4562,62.89,71.42,24.0007,22.8975,1.1032,30.635568968563376,13.654132580268916,0.1494,0.1797,0.0333,0.0333,0.354,0.2673,0.3627,70.6,32.0505,64.5,0.147,-0.1267,0.3394,,BULLISH,STRONG_BULL,0.2054,0.1053,1.2357,0.8728,77.3,18.2,76202040.209,27,4,32.5567,63.9,43.5,0.238,45.1,39.7
509,NEARUSDT,PASS:LONG_UNMATCHED_ONLY,LONG,LONG,1.933,-0.7,0.0517,-0.7243,sl,True,2026-07-17T14:21:22.677269,2026-07-17T14:42:52.218596,W4,0.5578,63.94,77.18,25.8689,25.3537,0.5152,30.896628206264005,15.71634629673413,0.1439,0.2246,0.0446,-0.0446,0.4032,0.3914,0.3241,71.7,32.0505,64.5,0.147,-0.1267,0.3394,,BULLISH,STRONG_BULL,0.2249,0.2295,1.2357,0.8893,77.3,18.2,161368619.683,12,2,32.5567,63.9,43.5,0.238,45.1,39.7
508,LUMIAUSDT,PASS:FLIP_SHORT_BTC_TRENDGAP,SHORT,SHORT,0.09174,0.5239,0.7739,-0.6104,trail,True,2026-07-17T13:37:36.279071,2026-07-17T13:39:48.544837,,0.3313,52.78,54.78,15.7093,16.281,-0.5717,20.9460382104696,17.743687898520353,0.2088,0.1382,0.1975,0.1979,1.4688,-1.0853,0.546,51.3,33.5895,21.0,-0.1353,-0.2233,-0.4326,-0.2222,BEARISH,BEAR_EXHAUSTED,0.2809,-0.7882,1.4318,0.8041,9.3,90.7,69627360.824219,28,4,31.5713,23.8,27.1,0.1652,30.1,37.9
507,LDOUSDT,PASS:LONG_UNMATCHED_ONLY,LONG,LONG,0.3775,-0.7,0.0265,-0.7682,sl,True,2026-07-17T12:57:27.599495,2026-07-17T13:06:42.177373,C4+W4,0.2117,62.72,53.14,20.7021,19.7444,0.9577,32.0045790582396,16.06751156674968,0.0535,0.0734,0.268,0.2687,0.4718,0.4317,0.396,72.3,21.2759,47.5,-0.0269,-0.1486,-0.0345,,BEARISH,HEALTHY_BEAR,0.0686,0.2552,0.7272,0.6868,15.9,79.5,32839331.0422,45,2,21.4185,47.8,50.6,0.101,38.9,42.1
506,PUMPUSDT,PASS:LONG_UNMATCHED_ONLY,LONG,LONG,0.001645,-0.7,0.1824,-0.7295,sl,True,2026-07-17T12:05:21.472945,2026-07-17T12:44:27.642039,W2+W4,0.3705,57.21,63.98,16.8176,16.5167,0.3009,24.962787939227777,16.390507471246387,0.1131,0.1457,0.0618,-0.0618,0.415,0.2512,0.197,71.4,26.8865,64.6,0.0686,-0.1276,0.0976,,BULLISH,HEALTHY_BULL,0.1705,0.1229,0.7011,1.2685,27.3,50.0,88165443.750868,21,3,25.6244,66.1,60.1,0.0976,41.9,42.1
505,NEARUSDT,PASS:LONG_UNMATCHED_ONLY,LONG,LONG,1.918,0.2192,0.4692,-0.1043,trail,True,2026-07-17T11:04:08.566198,2026-07-17T11:41:18.825572,W2+W6,0.1127,59.21,52.17,23.3884,25.0636,-1.6752,17.45097840711855,16.897721871899154,0.0452,0.0546,0.1387,0.1389,0.292,-0.4302,0.2388,88.9,24.7212,64.8,0.051,-0.2111,0.07,,BULLISH,HEALTHY_BULL,0.048,-0.2445,0.5706,1.2062,43.2,34.1,164831607.1,12,3,23.7674,66.5,62.9,0.0916,37.9,38.2
503,VIRTUALUSDT,PASS:LONG_UNMATCHED_ONLY,LONG,LONG,0.6229,-0.7,0.3692,-0.7064,sl,True,2026-07-17T10:29:52.523204,2026-07-17T11:03:59.336340,C4+C5,0.1555,57.75,52.69,21.9866,22.0253,-0.0386,26.62730154883247,17.20932530348707,0.0118,0.0427,0.1157,0.1158,0.3855,0.3734,0.1703,56.9,19.3891,61.5,0.0441,-0.2921,0.091,,BULLISH,HEALTHY_BULL,0.0473,0.2546,1.0525,0.5648,65.9,22.7,41653681.38153,40,3,19.3148,59.0,56.2,0.115,35.4,31.8
502,INJUSDT,PASS:LONG_UNMATCHED_ONLY,LONG,LONG,4.927,0.3386,0.5886,0.0,trail,True,2026-07-17T10:26:29.173312,2026-07-17T10:45:00.368061,C4+W4,0.2885,58.38,64.33,21.6531,20.6792,0.9739,27.087949993933186,13.247345590128331,0.0646,0.1121,0.0389,-0.0389,0.3243,0.3859,0.1379,71.0,19.1905,60.4,0.0421,-0.2941,0.0729,,BULLISH,HEALTHY_BULL,0.1141,0.2448,0.9315,0.5683,65.9,22.7,31941391.3821,48,4,19.3148,59.0,56.2,0.1084,34.9,31.8
501,LDOUSDT,PASS:LONG_UNMATCHED_ONLY,LONG,LONG,0.3762,-0.7,0.0532,-0.7443,sl,True,2026-07-17T10:24:13.744279,2026-07-17T10:44:38.148380,C4,0.377,60.24,59.89,19.8072,19.9188,-0.1116,24.791115133319398,17.10129723870596,0.0943,0.1219,0.2118,0.2122,0.5592,0.7078,0.4289,73.9,19.3096,60.8,0.0526,-0.2942,0.0813,,BULLISH,HEALTHY_BULL,0.1744,0.443,0.9869,0.5835,65.9,20.5,34832491.7171,46,3,19.4425,63.1,57.6,0.1143,34.9,31.8
504,TAOUSDT,PASS:LONG_UNMATCHED_ONLY,LONG,LONG,192.58,-0.0156,0.1298,-0.2233,horizon,True,2026-07-17T10:24:13.675636,2026-07-17T11:09:14.016709,C4,0.3869,69.08,69.47,22.2962,21.4137,0.8826,27.639260541951653,13.684406126835192,0.0796,0.1386,0.0609,0.0609,0.2619,0.4959,0.2794,91.9,19.3096,60.8,0.0526,-0.2942,0.0813,,BULLISH,HEALTHY_BULL,0.1587,0.3445,0.9869,0.8561,65.9,20.5,76588745.94,25,4,19.4425,63.1,57.6,0.1143,34.9,31.8
500,EVAAUSDT,PASS:LONG_UNMATCHED_ONLY,LONG,LONG,0.8934,-0.7,0.2798,-0.7052,sl,True,2026-07-17T09:26:40.603097,2026-07-17T09:31:21.572958,C7+W6,0.2507,51.44,48.38,15.9248,16.7433,-0.8184,21.868279316044255,19.67266152937086,0.0873,0.1757,0.1327,0.1328,1.7794,-3.086,0.3964,64.7,24.2296,57.8,0.0264,-0.3705,0.1192,,BULLISH,HEALTHY_BULL,0.1023,-1.7382,1.3998,0.4627,73.3,17.8,75815863.92875,27,3,25.6296,56.5,52.6,0.1261,30.9,28.0
499,LDOUSDT,PASS:FLIP_SHORT_BTC_TRENDGAP,SHORT,SHORT,0.3711,-0.7,0.0269,-0.7276,sl,True,2026-07-17T08:44:35.739204,2026-07-17T09:00:55.454627,,0.1248,57.37,53.6,16.8873,16.0367,0.8506,21.050346792351245,11.854925472366824,0.035,0.0356,0.2414,0.242,0.5365,0.2259,0.3128,70.0,35.3052,42.4,-0.0588,-0.4294,-0.0604,-0.3032,BEARISH,STRONG_BEAR,0.0591,0.1561,1.1245,1.0544,22.2,75.6,35386686.44,45,1,34.1289,35.1,46.6,0.1416,25.1,25.7
497,EVAAUSDT,PASS:FLIP_SHORT_BTC_TRENDGAP,SHORT,SHORT,0.8896,-0.7,0.0,-0.7419,sl,True,2026-07-17T08:42:19.339650,2026-07-17T08:44:31.107120,,0.1197,49.81,50.68,26.3185,28.2933,-1.9748,21.52991071578497,21.253453611407362,0.2697,0.2655,0.2113,0.2117,2.3269,-5.0141,0.7488,64.0,35.4014,38.4,-0.0647,-0.4352,-0.1134,-0.3096,BEARISH,STRONG_BEAR,0.1186,-3.0837,0.9876,0.8151,22.2,75.6,76701709.08256,27,3,34.1289,35.1,46.6,0.1373,24.6,25.7
496,LUMIAUSDT,PASS:FLIP_SHORT_BTC_TRENDGAP,SHORT,SHORT,0.09814,-0.7,0.0,-0.7031,sl,True,2026-07-17T08:41:10.844697,2026-07-17T08:42:51.412360,,0.3318,53.4,52.44,18.5075,19.801,-1.2936,21.71498581834685,20.99270423854997,0.1677,0.0941,0.2983,0.2992,1.8083,1.0991,0.562,65.9,35.4014,35.7,-0.0684,-0.4388,-0.1467,-0.3136,BEARISH,STRONG_BEAR,0.2713,0.6803,0.912,0.7274,22.2,75.6,53975293.069652,35,3,34.1289,35.1,46.6,0.1355,24.3,25.7
495,DEXEUSDT,PASS:FLIP_SHORT_BTC_TRENDGAP,SHORT,SHORT,35.83,0.5594,0.8094,0.0,trail,True,2026-07-17T08:40:02.091170,2026-07-17T08:42:44.313430,,0.0813,55.27,46.39,19.6773,19.7798,-0.1025,20.37589725655534,14.058712133592952,0.0453,0.0054,0.2622,0.2629,0.7888,0.5729,0.3137,53.7,34.1782,33.5,-0.0643,-0.445,-0.2159,-0.3124,BEARISH,STRONG_BEAR,0.034,0.2887,1.2486,0.5726,17.8,75.6,86902347.56055,20,2,32.8106,36.5,40.5,0.1444,23.8,25.7
498,HYPEUSDT,PASS:FLIP_SHORT_BTC_TRENDGAP,SHORT,SHORT,59.235,-0.7,0.2178,-0.7074,sl,True,2026-07-17T08:16:45.345443,2026-07-17T08:53:27.107541,,0.1382,55.12,56.59,29.7825,31.9437,-2.1612,21.459486551965668,20.74760640571207,0.1229,0.058,0.183,0.1834,0.4639,-0.5445,0.3646,83.2,29.7752,44.8,-0.0165,-0.4135,-0.0113,-0.2745,NEUTRAL,CHOPPY_FLAT,0.1353,-0.4337,1.1591,0.8017,24.4,44.4,923621150.77837,4,2,30.0878,46.6,45.7,0.119,27.7,25.7
494,ONDOUSDT,PASS:FLIP_SHORT_BTC_TRENDGAP,SHORT,SHORT,0.3651,0.5991,0.8491,-0.0822,trail,True,2026-07-17T08:14:29.478825,2026-07-17T08:39:55.241632,,0.0699,54.88,53.93,15.6113,16.7292,-1.1179,23.22206668073544,22.72641584725536,0.0789,0.0342,0.1728,0.1731,0.429,-0.3281,0.2865,69.4,30.2741,45.6,-0.0254,-0.4115,0.0015,-0.2861,BEARISH,STRONG_BEAR,0.0635,-0.2959,1.1468,0.5099,27.3,45.5,222458904.18219,9,1,30.4672,40.5,47.0,0.1253,28.2,25.7
492,BANKUSDT,PASS:FLIP_SHORT_BTC_TRENDGAP,SHORT,SHORT,0.06296,-0.7,0.1112,-0.7147,sl,True,2026-07-17T08:11:06.095500,2026-07-17T08:18:23.027642,,0.1229,54.97,45.31,25.2091,25.0642,0.1449,31.591571513597522,18.122358638566,0.0384,0.032,0.2962,0.2971,0.8821,0.3795,0.3678,41.2,30.4332,38.7,-0.0335,-0.4186,-0.0716,-0.2949,BEARISH,STRONG_BEAR,0.0372,0.2447,0.9037,0.8662,27.3,47.7,140466467.13689,12,2,30.4672,40.5,47.0,0.1221,26.5,25.7
491,LDOUSDT,PASS:FLIP_SHORT_BTC_TRENDGAP,SHORT,SHORT,0.3711,0.2081,0.4581,-0.0269,trail,True,2026-07-17T08:05:21.049573,2026-07-17T08:08:33.028281,,0.2473,58.23,54.33,16.6243,15.8041,0.8202,23.640857827105904,13.50492636965543,0.0781,0.0794,0.1739,0.1742,0.5106,0.3075,0.3319,70.0,30.5102,37.8,-0.0352,-0.4204,-0.0916,-0.3053,BEARISH,STRONG_BEAR,0.1232,0.2023,1.1743,0.6487,20.5,61.4,37052393.4341,43,3,30.1562,36.4,44.0,0.1324,26.1,25.7
490,LUMIAUSDT,PASS:FLIP_SHORT_BTC_TRENDGAP,SHORT,SHORT,0.09778,0.4863,0.7363,0.0,trail,True,2026-07-17T08:05:21.032417,2026-07-17T08:06:36.971216,,0.3728,51.05,58.37,20.9651,21.963,-0.9979,17.545645962447605,20.594105208064697,0.1051,0.1172,0.2366,-0.236,1.904,1.5767,-0.0142,53.7,30.5102,37.8,-0.0352,-0.4204,-0.0916,-0.3053,BEARISH,STRONG_BEAR,0.2333,0.9442,1.1743,0.5371,20.5,61.4,50891839.47507,37,3,30.1562,36.4,44.0,0.1324,26.1,25.7
493,1000BONKUSDT,PASS:FLIP_SHORT_BTC_TRENDGAP,SHORT,SHORT,0.003311,0.9581,1.2081,-0.5436,trail,True,2026-07-17T07:37:04.684255,2026-07-17T08:19:39.391082,,0.1094,53.13,51.15,18.6099,18.5441,0.0658,26.49261662273369,17.859402392875023,0.0371,0.0396,0.0364,0.0364,0.4472,-0.2686,0.1132,71.2,34.6106,42.2,-0.0172,-0.4547,-0.0316,-0.3501,NEUTRAL,CHOPPY_FLAT,0.0669,-0.1452,1.3919,0.8473,27.9,60.5,61115611.698191,33,1,35.6531,44.0,42.2,0.1301,26.4,27.2
489,LITUSDT,PASS:FLIP_SHORT_BTC_TRENDGAP,SHORT,SHORT,2.1875,-0.2469,0.256,-0.5989,horizon,True,2026-07-17T07:20:58.646182,2026-07-17T08:05:59.544390,,0.0541,51.6,51.8,16.4834,17.2822,-0.7988,19.94925623270778,17.65583790251819,0.0552,0.0423,0.056,0.0561,0.4892,-0.5972,0.1536,72.5,37.8039,34.3,-0.0505,-0.4629,-0.1175,-0.4059,BEARISH,STRONG_BEAR,0.0434,-0.3659,0.5474,0.5601,23.3,62.8,59666141.3177,34,0,37.9104,35.3,35.7,0.1283,25.7,27.2
488,DOTUSDT,PASS:FLIP_SHORT_BTC_TRENDGAP,SHORT,SHORT,0.853,0.3362,0.5862,-0.4689,trail,True,2026-07-17T07:17:36.103242,2026-07-17T07:38:06.814020,,0.1386,54.69,58.52,24.3893,25.1883,-0.799,20.485971206399583,15.453807953351467,0.078,0.0676,0.0368,0.0368,0.3072,-0.2688,0.1826,83.3,37.7004,36.5,-0.0365,-0.4584,-0.0926,-0.4047,BEARISH,STRONG_BEAR,0.0876,-0.1685,0.5956,0.403,25.6,55.8,53529412.809,36,0,38.1027,40.3,37.5,0.1338,26.1,27.2
487,LDOUSDT,PASS:LONG_UNMATCHED_ONLY,LONG,LONG,0.3697,0.5615,0.8115,-0.3787,trail,True,2026-07-17T07:02:56.688323,2026-07-17T07:32:23.909346,C2,0.3668,56.53,59.19,16.8794,17.0871,-0.2077,21.908630934075664,16.467374338105543,0.1022,0.1481,0.0326,-0.0326,0.5123,0.2555,0.2178,76.8,39.4707,40.0,-0.037,-0.4502,-0.0283,,BEARISH,STRONG_BEAR,0.1584,0.1802,0.7158,0.8881,32.6,51.2,37392281.7201,41,3,40.3804,42.9,37.3,0.1455,26.8,27.2
486,DODOXUSDT,PASS:LONG_UNMATCHED_ONLY,LONG,LONG,0.021949,0.3742,0.6242,-0.4009,trail,True,2026-07-17T05:32:22.433806,2026-07-17T05:40:38.574462,W4,0.3267,51.95,59.11,19.7465,18.9573,0.7892,25.614423389807435,13.79036473418291,0.0985,0.1326,0.1322,-0.132,0.9043,0.3296,0.0989,61.4,28.5653,28.7,-0.0908,-0.2849,-0.2571,,BEARISH,BEAR_EXHAUSTED,0.1837,0.188,0.8265,0.7743,11.6,81.4,46113365.6627,38,2,26.9025,27.2,42.0,0.1261,28.2,32.8
485,1000PEPEUSDT,PASS:LONG_UNMATCHED_ONLY,LONG,LONG,0.0027575,0.3701,0.6201,0.0,trail,True,2026-07-17T05:07:18.813762,2026-07-17T05:20:38.022082,C2+W4,0.2987,56.75,67.94,22.9153,22.7561,0.1592,33.280539156325524,19.974761622095567,0.0721,0.1102,0.0961,-0.096,0.3267,0.3966,0.0862,60.4,25.1817,39.5,-0.0303,-0.2592,-0.1153,,BEARISH,HEALTHY_BEAR,0.1245,0.2016,0.9136,1.0332,30.2,51.2,141925044.4248783,12,4,25.2128,42.0,39.4,0.1294,30.9,32.8
484,DEXEUSDT,PASS:LONG_UNMATCHED_ONLY,LONG,LONG,34.49,1.6926,1.9426,-0.4639,trail,True,2026-07-17T04:54:56.017899,2026-07-17T05:10:16.518640,C2+C7,0.2448,56.25,55.02,16.285,17.0322,-0.7472,18.987376461238163,16.64569072352961,0.0973,0.1194,0.1004,0.1005,0.5763,-0.5862,0.3175,82.2,26.533,49.4,0.0048,-0.2671,0.0381,,NEUTRAL,CHOPPY_FLAT,0.0919,-0.393,1.0319,0.6164,62.8,23.3,91216282.12491,17,2,28.1753,53.1,35.3,0.1324,33.2,34.3
482,ONDOUSDT,PASS:LONG_UNMATCHED_ONLY,LONG,LONG,0.3711,-0.7,0.0,-0.7006,sl,True,2026-07-17T04:54:55.979607,2026-07-17T05:08:31.914471,C2+W4,0.3763,58.28,62.46,23.6276,22.6753,0.9523,29.269743109800523,13.77148601472952,0.0718,0.1393,0.075,-0.075,0.4771,0.5651,0.1361,61.5,26.533,49.4,0.0048,-0.2671,0.0381,,NEUTRAL,CHOPPY_FLAT,0.1388,0.3599,1.0319,1.2123,62.8,23.3,236027955.1687,8,5,28.1753,53.1,35.3,0.1324,33.2,34.3
483,DEXEUSDT,PASS:FLIP_SHORT_BTC_TRENDGAP,SHORT,SHORT,34.43,-0.7,0.2904,-0.7842,sl,True,2026-07-17T04:30:06.222877,2026-07-17T05:10:01.412189,,0.08,55.4,52.93,19.8378,20.5958,-0.758,23.19557731015857,18.98443416610277,0.1347,0.0453,0.3065,0.3075,0.664,-0.9816,0.4881,60.7,28.1586,34.1,-0.0824,-0.2857,-0.1758,-0.2265,BEARISH,STRONG_BEAR,0.1074,-0.7197,1.2194,1.0322,16.3,81.4,97770267.96367,17,2,26.9405,35.3,44.7,0.1337,31.0,34.3
481,ONDOUSDT,PASS:FLIP_SHORT_BTC_TRENDGAP,SHORT,SHORT,0.3709,-0.7,0.1618,-0.701,sl,True,2026-07-17T04:27:51.479512,2026-07-17T04:48:23.974184,,0.3563,62.24,56.96,16.7023,16.1864,0.5159,26.75520062436929,16.6049682124207,0.1085,0.1235,0.1988,0.1992,0.4733,0.3957,0.4319,86.2,28.1586,34.7,-0.081,-0.2843,-0.1631,-0.2249,BEARISH,STRONG_BEAR,0.1491,0.2367,1.0494,0.933,14.0,81.4,234766808.43755,8,3,26.9405,35.3,44.7,0.1307,31.2,34.3
478,BANKUSDT,PASS:FLIP_SHORT_BTC_TRENDGAP,SHORT,SHORT,0.06172,0.2685,0.5185,-0.1944,trail,True,2026-07-17T04:22:14.455461,2026-07-17T04:24:43.368797,,0.2267,52.94,55.62,19.4228,20.8296,-1.4069,19.839229201635177,20.294145263633506,0.2239,0.0848,0.1592,0.1595,1.1072,-0.3337,0.4688,72.7,26.9655,27.6,-0.0816,-0.2925,-0.2628,-0.2243,BEARISH,HEALTHY_BEAR,0.2066,-0.5062,0.836,0.909,18.6,74.4,140793935.2379,12,3,25.4232,28.0,44.9,0.1312,30.3,34.3
474,VIRTUALUSDT,PASS:LONG_UNMATCHED_ONLY,LONG,LONG,0.623,0.4723,0.7223,0.0,trail,True,2026-07-17T04:14:12.420704,2026-07-17T04:17:57.015972,W6,0.2235,59.92,46.34,22.7885,22.4628,0.3257,31.650543644989664,18.18395867340132,0.0832,0.1006,0.2642,0.2649,0.3843,-0.3583,0.4493,91.9,23.856,39.2,-0.0416,-0.2679,-0.0968,,BEARISH,HEALTHY_BEAR,0.0726,-0.195,0.9208,1.1168,16.3,67.4,42176720.91777,39,3,23.6803,39.4,49.8,0.1173,33.1,34.3
472,XPLUSDT,PASS:LONG_UNMATCHED_ONLY,LONG,LONG,0.08744,0.7678,1.0178,-0.2516,trail,True,2026-07-17T03:50:09.483128,2026-07-17T04:05:10.922885,C2+W4,0.5714,59.43,67.36,29.9494,29.4658,0.4837,32.441280769277455,15.183471898335297,0.1217,0.2304,0.0935,-0.0934,0.4615,0.4678,0.2586,68.3,21.8122,43.8,-0.0024,-0.2897,-0.0873,,NEUTRAL,CHOPPY_FLAT,0.2123,0.3358,0.893,0.8311,62.8,23.3,26928465.80567,50,4,21.9845,49.8,57.6,0.1332,34.4,31.3
476,ADAUSDT,PASS:LONG_UNMATCHED_ONLY,LONG,LONG,0.1607,-0.7,0.0,-0.7467,sl,True,2026-07-17T03:43:23.482682,2026-07-17T04:19:42.955260,C2+C4+C9,0.1854,56.7,57.04,24.5863,26.3535,-1.7672,19.356661868500975,18.742414767816364,0.0607,0.0837,0.0269,0.0269,0.2819,-0.1007,0.1715,76.2,21.9218,49.8,0.0199,-0.2813,0.007,,NEUTRAL,CHOPPY_FLAT,0.0673,-0.0846,0.8288,0.6295,69.8,23.3,103683476.2662,16,4,22.9067,53.4,52.0,0.1317,36.3,31.3
480,AAVEUSDT,PASS:LONG_UNMATCHED_ONLY,LONG,LONG,90.97,-0.3188,0.0879,-0.5386,horizon,True,2026-07-17T03:42:16.175776,2026-07-17T04:27:16.962741,C2+C4+C9,0.1692,54.91,59.93,22.8911,24.2213,-1.3302,27.073856199506007,24.20300861582942,0.0632,0.0767,0.02,-0.02,0.2733,-0.1503,0.1199,71.8,21.9218,48.1,0.0169,-0.2843,-0.0203,,NEUTRAL,CHOPPY_FLAT,0.0739,-0.1338,0.7697,0.5532,69.8,25.6,79802506.769,25,3,22.9067,53.4,52.0,0.1318,35.6,31.3
479,TAOUSDT,PASS:LONG_UNMATCHED_ONLY,LONG,LONG,192.14,-0.2654,0.0833,-0.6506,horizon,True,2026-07-17T03:42:16.164059,2026-07-17T04:27:16.960130,C2,0.3178,59.65,62.36,25.9723,27.3737,-1.4014,24.78235508301918,21.215669503684552,0.0868,0.1318,0.0185,-0.0185,0.2862,0.0765,0.2001,81.6,21.9218,48.1,0.0169,-0.2843,-0.0203,,NEUTRAL,CHOPPY_FLAT,0.1234,0.0333,0.7697,0.5868,69.8,25.6,81469347.83,24,5,22.9067,53.4,52.0,0.1318,35.6,31.3
477,XLMUSDT,PASS:LONG_UNMATCHED_ONLY,LONG,LONG,0.18457,-0.7,0.0867,-0.7098,sl,True,2026-07-17T03:42:16.143194,2026-07-17T04:20:03.110939,C2,0.281,56.6,61.86,26.1269,27.4897,-1.3628,22.8686703675105,19.32050276044624,0.0775,0.1219,0.0354,-0.0354,0.3356,-0.1952,0.164,77.7,21.9218,48.1,0.0169,-0.2843,-0.0203,,NEUTRAL,CHOPPY_FLAT,0.1127,-0.1343,0.7697,0.6679,69.8,25.6,88311727.55316,19,4,22.9067,53.4,52.0,0.1318,35.6,31.3
475,1000PEPEUSDT,PASS:LONG_UNMATCHED_ONLY,LONG,LONG,0.0027531,-0.7,0.1526,-0.7047,sl,True,2026-07-17T03:42:16.114923,2026-07-17T04:19:28.821678,C2,0.4132,61.84,65.98,25.2917,24.4783,0.8135,29.567273204417365,13.956615347871029,0.1064,0.1616,0.0134,-0.0134,0.2965,0.3488,0.2548,82.8,21.9218,48.1,0.0169,-0.2843,-0.0203,,NEUTRAL,CHOPPY_FLAT,0.1693,0.2001,0.7697,0.7622,69.8,25.6,134809850.1855717,13,4,22.9067,53.4,52.0,0.1318,35.6,31.3
471,NEARUSDT,PASS:LONG_UNMATCHED_ONLY,LONG,LONG,1.997,-0.7,0.1502,-0.7011,sl,True,2026-07-17T03:42:16.098131,2026-07-17T04:02:07.427423,C2,0.5704,62.18,67.91,29.279,28.7672,0.5118,31.834051011363258,15.00404618293697,0.1531,0.2276,0.0013,-0.0013,0.3776,0.252,0.3798,78.3,21.9218,48.1,0.0169,-0.2843,-0.0203,,NEUTRAL,CHOPPY_FLAT,0.2333,0.1198,0.7697,1.223,69.8,25.6,145918682.111,11,3,22.9067,53.4,52.0,0.1318,35.6,31.3
470,DEXEUSDT,PASS:MOMENTUM_SHORT_DEEPGAP,SHORT,SHORT,34.21,0.3054,0.5554,-0.2631,trail,True,2026-07-17T03:36:33.751916,2026-07-17T03:52:09.121547,,0.7027,41.13,32.43,21.0617,20.5175,0.5443,15.008679490951895,26.761674551894338,0.1846,0.2321,0.0996,0.0997,0.779,-1.3128,-0.3171,36.0,22.7957,56.1,0.0347,-0.2717,0.1029,-0.1446,BULLISH,HEALTHY_BULL,-0.3242,-0.752,,,,,,,1,24.5172,56.4,52.1,0.1327,38.4,31.3
469,LITUSDT,PASS:LONG_UNMATCHED_ONLY,LONG,LONG,2.227,-0.7,0.0,-0.7229,sl,True,2026-07-17T03:32:03.805377,2026-07-17T03:33:59.802033,C7+W6,0.2492,52.26,54.5,24.4626,24.9664,-0.5037,25.896893542411114,18.02808205034837,0.1143,0.1381,0.0219,-0.0219,0.6819,-1.1721,0.2306,73.8,24.7951,55.8,0.0338,-0.2725,0.1137,,BULLISH,HEALTHY_BULL,0.12,-0.7214,0.7801,0.6257,72.1,16.3,58459423.36752,34,3,26.3935,55.3,47.4,0.1383,38.2,31.3
473,AVAXUSDT,PASS:LONG_UNMATCHED_ONLY,LONG,LONG,6.533,-0.3521,0.1225,-0.5204,horizon,True,2026-07-17T03:32:03.790155,2026-07-17T04:17:04.669753,W6,0.4295,66.67,69.0,28.4468,27.5844,0.8623,34.43503987861665,14.878619937440133,0.1438,0.1704,0.0894,0.0895,0.2599,0.0618,0.4042,84.5,24.7951,55.8,0.0338,-0.2725,0.1137,,BULLISH,HEALTHY_BULL,0.1949,-0.01,0.7801,0.64,72.1,16.3,63554693.737,32,4,26.3935,55.3,47.4,0.1383,38.2,31.3
468,ARBUSDT,PASS:FLIP_SHORT_BTC_TRENDGAP,SHORT,SHORT,0.08872,-0.7,0.0338,-0.7214,sl,True,2026-07-17T02:57:04.442233,2026-07-17T03:06:01.637770,,0.0653,55.08,51.97,16.9759,17.9872,-1.0113,20.182612157169487,21.789860605896575,0.0759,0.0317,0.2391,0.2397,0.41,-0.3176,0.3476,80.0,36.6761,37.2,-0.0826,-0.2758,-0.1183,-0.3491,BEARISH,STRONG_BEAR,0.0499,-0.2654,0.5695,0.5539,9.3,88.4,30297594.797478,48,1,35.324,32.1,38.6,0.1556,30.5,32.2
466,EVAAUSDT,PASS:FLIP_SHORT_BTC_TRENDGAP,SHORT,SHORT,1.0759,0.4657,0.7157,-0.1952,trail,True,2026-07-17T02:55:57.096648,2026-07-17T03:00:53.551896,,0.3001,58.55,56.81,15.223,15.4858,-0.2628,21.36725208320898,16.854419280654216,0.196,0.117,0.2891,0.2899,0.7006,-0.0639,0.6041,79.7,36.6761,33.3,-0.0883,-0.2798,-0.1698,-0.3554,BEARISH,STRONG_BEAR,0.189,-0.2307,0.5341,0.7234,9.3,88.4,77173039.05762,28,3,35.324,32.1,38.6,0.1514,30.0,32.2
467,PENGUUSDT,PASS:FLIP_SHORT_BTC_TRENDGAP,SHORT,SHORT,0.006101,-0.7,0.3442,-0.7048,sl,True,2026-07-17T02:48:04.315437,2026-07-17T03:02:46.932018,,0.1414,56.19,48.68,16.9314,17.1509,-0.2195,22.88588065874674,17.237218719584554,0.0412,0.0468,0.1547,0.155,0.4064,-0.0776,0.2431,74.7,33.8867,35.4,-0.0877,-0.2732,-0.1548,-0.3341,BEARISH,STRONG_BEAR,0.0476,-0.0755,0.5328,0.5524,9.3,83.7,42260228.333583,39,2,32.4935,35.5,42.1,0.16,30.7,32.2
465,KAITOUSDT,PASS:FLIP_SHORT_BTC_TRENDGAP,SHORT,SHORT,0.8516,0.3841,0.6341,0.0,trail,True,2026-07-17T02:12:04.904358,2026-07-17T02:15:05.914466,,0.0546,53.56,50.65,17.1814,17.9677,-0.7863,19.16124241903798,22.02792126583432,0.0847,0.0184,0.308,0.309,1.0417,0.0312,0.4124,55.0,25.4059,32.9,-0.1178,-0.2669,-0.2783,-0.2935,BEARISH,HEALTHY_BEAR,0.0707,-0.0543,0.8519,0.5338,9.3,88.4,81899319.51857,24,1,23.7986,30.4,39.6,0.1689,31.4,32.2
464,MANTRAUSDT,PASS:MOMENTUM_SHORT_DEEPGAP,SHORT,SHORT,0.006811,-0.4551,0.2643,-0.6607,horizon,True,2026-07-17T01:22:27.577072,2026-07-17T02:07:28.365491,,0.4699,39.7,40.61,34.6339,34.5622,0.0717,10.69331416645703,22.498244635057965,0.0934,0.1463,0.1147,-0.1146,0.6945,-1.2457,-0.3538,22.6,18.6834,50.4,0.0223,-0.1873,0.0035,-0.097,BULLISH,HEALTHY_BULL,-0.2055,-0.8412,,,,,,,1,20.0655,51.0,51.0,0.1429,38.7,38.8
463,DOTUSDT,PASS:LONG_UNMATCHED_ONLY,LONG,LONG,0.866,-0.2309,0.2309,-0.6928,horizon,True,2026-07-17T01:21:20.194834,2026-07-17T02:06:20.936808,C2+C4,0.4308,61.35,68.54,20.2054,20.3185,-0.1131,20.725540516000954,14.185126006264829,0.1034,0.1684,0.0383,-0.0383,0.4173,0.4564,0.2336,76.5,18.6834,47.3,0.0168,-0.1951,-0.046,,NEUTRAL,CHOPPY_FLAT,0.1762,0.2756,0.7291,0.8166,48.8,30.2,48200872.231,36,3,20.0655,51.0,51.0,0.143,37.6,38.8
461,ONDOUSDT,PASS:LONG_UNMATCHED_ONLY,LONG,LONG,0.367,0.7854,1.0354,-0.1907,trail,True,2026-07-17T01:21:20.111277,2026-07-17T01:29:11.314819,C2+C4,0.5744,54.64,61.72,24.6348,25.6191,-0.9843,28.964038327066312,22.832016176618797,0.1339,0.2432,0.2485,-0.2479,0.597,-0.0206,0.1286,63.0,18.6834,47.3,0.0168,-0.1951,-0.046,,NEUTRAL,CHOPPY_FLAT,0.195,-0.0659,0.7291,0.8766,48.8,30.2,240709095.09452,8,2,20.0655,51.0,51.0,0.143,37.6,38.8
462,1000BONKUSDT,PASS:MOMENTUM_SHORT_DEEPGAP,SHORT,SHORT,0.003398,0.2797,0.5297,-0.206,trail,True,2026-07-17T01:01:06.823577,2026-07-17T01:30:00.524618,,0.7616,31.52,22.83,32.8379,32.302,0.5358,12.330567372940289,28.637111152305334,0.0911,0.2742,0.0866,0.0867,0.4734,-1.2483,-0.2787,17.6,19.1971,53.0,0.0182,-0.1883,0.0799,-0.1846,NEUTRAL,CHOPPY_FLAT,-0.2683,-0.9372,,,,,,,2,20.5394,54.1,32.5,0.1232,38.5,38.8
459,BCHUSDT,PASS:LONG_UNMATCHED_ONLY,LONG,LONG,222.97,0.4048,0.6548,0.0,trail,True,2026-07-17T00:48:21.184968,2026-07-17T01:16:22.939733,W6,0.2559,61.1,56.76,18.8621,18.7666,0.0954,31.813685616409394,21.163751403388524,0.0732,0.0999,0.0753,0.0753,0.2574,0.1714,0.2486,87.2,23.206,47.5,-0.0336,-0.2046,0.0341,,BEARISH,HEALTHY_BEAR,0.105,0.1203,0.9467,0.8927,25.6,53.5,83614066.5,23,2,24.4101,44.9,43.9,0.129,36.5,36.7
457,EVAAUSDT,PASS:LONG_UNMATCHED_ONLY,LONG,LONG,1.0808,-0.7,0.0,-0.7217,sl,True,2026-07-17T00:46:06.508633,2026-07-17T00:46:40.072368,W4,0.4016,53.74,61.77,20.4814,20.2419,0.2395,21.382052684258205,13.218013403252765,0.1035,0.1447,0.1826,-0.1823,0.7746,0.7199,0.0656,65.9,23.9527,47.1,-0.0342,-0.2029,0.0284,,BEARISH,HEALTHY_BEAR,0.1888,0.376,0.8112,0.7707,25.6,55.8,78789592.00122,27,4,24.4101,44.9,43.9,0.1231,36.7,36.7
456,LDOUSDT,PASS:LONG_UNMATCHED_ONLY,LONG,LONG,0.3693,0.2103,0.4603,-0.2437,trail,True,2026-07-17T00:35:58.300567,2026-07-17T00:43:36.262484,C2+W4+W6,0.4793,62.97,70.44,23.9575,21.5839,2.3736,35.50985102161906,10.364252374058873,0.1491,0.1943,0.0538,0.0538,0.4501,0.1263,0.3977,58.8,23.1886,31.9,-0.0589,-0.2231,-0.1614,,BEARISH,HEALTHY_BEAR,0.2076,0.0338,0.7223,1.2044,18.6,69.8,42498835.8682,39,4,23.2149,32.6,31.6,0.1098,34.2,36.7
460,LDOUSDT,PASS:FLIP_SHORT_BTC_TRENDGAP,SHORT,SHORT,0.3694,0.1895,0.2978,-0.5956,horizon,True,2026-07-17T00:34:50.946788,2026-07-17T01:19:50.989714,,0.5277,64.18,69.76,21.5814,18.7977,2.7837,36.74752028030471,9.83639610312474,0.1893,0.209,0.0807,0.0807,0.4683,0.0825,0.4797,59.8,23.2973,33.8,-0.0452,-0.2196,-0.1472,-0.261,BEARISH,HEALTHY_BEAR,0.2576,-0.0006,0.9562,1.6083,20.9,65.1,42505108.1692,39,2,23.3554,40.2,35.7,0.1155,34.6,36.7
451,BANKUSDT,PASS:FLIP_SHORT_BTC_TRENDGAP,SHORT,SHORT,0.0617,0.3659,0.6159,0.0,trail,True,2026-07-17T00:32:35.369824,2026-07-17T00:33:17.641924,,0.0987,54.89,47.51,15.3452,15.3,0.0452,17.68900570348488,24.39394141053965,0.0657,0.0333,0.2377,0.2383,0.8615,0.1214,0.3375,74.4,23.2503,34.8,-0.0431,-0.2191,-0.1277,-0.2586,BEARISH,HEALTHY_BEAR,0.026,-0.006,0.7781,0.957,25.6,65.1,148054380.23517,11,1,23.3554,40.2,35.7,0.115,34.6,36.7
452,ARBUSDT,PASS:LONG_UNMATCHED_ONLY,LONG,LONG,0.08912,-0.7,0.0449,-0.7181,sl,True,2026-07-17T00:30:20.633269,2026-07-17T00:37:12.822663,W6,0.2099,51.77,65.52,24.4178,24.4307,-0.0129,28.791177733401597,17.552738474652653,0.0644,0.1002,0.1147,-0.1146,0.436,-0.046,0.0499,60.7,23.3347,40.2,-0.0299,-0.2073,-0.0474,,BEARISH,HEALTHY_BEAR,0.1073,-0.0134,0.7406,0.6604,30.2,62.8,28389048.627677,49,2,24.4457,39.6,37.5,0.1106,36.1,36.7
450,SKLUSDT,PASS:FLIP_SHORT_BTC_TRENDGAP,SHORT,SHORT,0.004279,0.9652,1.2152,-0.2103,trail,True,2026-07-17T00:23:36.102643,2026-07-17T00:32:30.408444,,0.4786,58.67,69.59,26.3232,26.8563,-0.5332,27.294451433173826,18.427979618990463,0.1684,0.1925,0.0673,-0.0673,0.4819,0.1726,0.2937,72.0,24.4956,40.2,-0.0325,-0.2068,-0.0523,-0.2595,BEARISH,HEALTHY_BEAR,0.2393,0.0423,0.9375,1.2369,37.2,60.5,30496741.639732,47,2,26.0377,43.9,41.7,0.1144,36.2,36.7
453,EVAAUSDT,PASS:FLIP_SHORT_BTC_TRENDGAP,SHORT,SHORT,1.0782,-0.7,0.0,-0.742,sl,True,2026-07-17T00:23:36.046938,2026-07-17T00:38:27.086938,,0.1638,53.97,48.02,17.1794,16.7147,0.4647,22.410283361995116,13.96404454509184,0.0702,0.0323,0.1749,0.1752,0.8667,0.481,0.278,64.2,24.4956,40.2,-0.0325,-0.2068,-0.0523,-0.2595,BEARISH,HEALTHY_BEAR,0.109,0.295,0.9375,0.8027,37.2,60.5,79484065.85662,26,1,26.0377,43.9,41.7,0.1144,36.2,36.7
455,XPLUSDT,PASS:FLIP_SHORT_BTC_TRENDGAP,SHORT,SHORT,0.08693,0.8658,1.1158,-0.2761,trail,True,2026-07-17T00:22:28.482721,2026-07-17T00:38:37.122654,,0.1009,56.62,49.84,15.9562,15.8976,0.0587,27.404396226596063,19.553589903445804,0.0717,0.0476,0.1932,0.1935,0.3427,-0.3621,0.3131,87.2,24.4956,39.2,-0.0344,-0.2088,-0.0698,-0.2616,BEARISH,HEALTHY_BEAR,0.0613,-0.2408,0.8898,0.8011,37.2,60.5,32099899.36426,46,0,26.0377,43.9,41.7,0.1144,35.9,36.7
449,DEXEUSDT,PASS:FLIP_SHORT_BTC_TRENDGAP,SHORT,SHORT,35.83,1.1455,1.3955,-0.2791,trail,True,2026-07-17T00:22:28.404000,2026-07-17T00:32:17.335024,,0.0982,53.36,57.52,21.6759,21.7826,-0.1067,18.88208008057583,12.512338155556671,0.0551,0.0235,0.1065,0.1067,0.7427,0.7489,0.1853,56.9,24.4956,39.2,-0.0344,-0.2088,-0.0698,-0.2616,BEARISH,HEALTHY_BEAR,0.0949,0.4346,0.8898,0.9163,37.2,60.5,101322645.33121,16,0,26.0377,43.9,41.7,0.1144,35.9,36.7
448,SKLUSDT,PASS:LONG_UNMATCHED_ONLY,LONG,LONG,0.004272,-0.7,0.3745,-0.7257,sl,True,2026-07-17T00:21:21.086035,2026-07-17T00:28:42.187389,C2+W6,0.4404,55.36,69.59,26.3883,26.8563,-0.4681,27.389337231878525,18.144404536898843,0.1503,0.1795,0.1767,-0.1764,0.481,0.1556,0.1531,65.4,24.4956,43.6,-0.0269,-0.2013,-0.0021,,BEARISH,HEALTHY_BEAR,0.2236,0.0358,0.8093,1.1088,37.2,55.8,30586553.896722,47,4,26.0377,43.9,41.7,0.1096,37.1,36.7
447,ARBUSDT,PASS:FLIP_SHORT_BTC_TRENDGAP,SHORT,SHORT,0.08908,-0.7,0.1235,-0.7521,sl,True,2026-07-17T00:11:11.186388,2026-07-17T00:22:57.241631,,0.138,54.1,51.28,24.7341,26.4513,-1.7172,23.472105342920777,22.367091680140167,0.0964,0.0678,0.0758,0.0759,0.4016,-0.2434,0.2402,82.5,28.3035,33.8,-0.059,-0.2122,-0.1107,-0.2823,BEARISH,STRONG_BEAR,0.0745,-0.2529,0.9056,1.0184,23.3,65.1,28303997.642228,49,1,27.9163,31.6,36.5,0.1042,35.5,36.7
454,DOTUSDT,PASS:FLIP_SHORT_BTC_TRENDGAP,SHORT,SHORT,0.859,0.2157,0.4657,-0.3492,trail,True,2026-07-17T00:11:11.156842,2026-07-17T00:38:30.097916,,0.1074,53.98,57.01,23.2623,24.567,-1.3047,17.855671917511856,15.738891011729669,0.0784,0.0487,0.0519,0.0519,0.3659,-0.0289,0.1792,72.7,28.3035,33.8,-0.059,-0.2122,-0.1107,-0.2823,BEARISH,STRONG_BEAR,0.0682,-0.0966,0.9056,0.8942,23.3,65.1,47145828.139,36,1,27.9163,31.6,36.5,0.1042,35.5,36.7
458,BCHUSDT,PASS:FLIP_SHORT_BTC_TRENDGAP,SHORT,SHORT,222.13,-0.5807,0.1891,-0.6123,horizon,True,2026-07-17T00:11:11.111956,2026-07-17T00:56:11.360693,,0.1162,56.95,55.89,17.0861,17.213,-0.1269,26.05586052784277,19.08748312882107,0.0633,0.0462,0.0863,0.0864,0.2371,-0.0525,0.196,77.7,28.3035,33.8,-0.059,-0.2122,-0.1107,-0.2823,BEARISH,STRONG_BEAR,0.0685,-0.073,0.9056,0.8491,23.3,65.1,86612363.68,19,1,27.9163,31.6,36.5,0.1042,35.5,36.7
446,DODOXUSDT,PASS:FLIP_SHORT_BTC_TRENDGAP,SHORT,SHORT,0.021405,-0.7,0.0,-0.7195,sl,True,2026-07-16T23:40:46.879411,2026-07-16T23:42:02.327754,,0.2711,52.76,63.53,19.044,17.5415,1.5025,28.66810834084612,12.707045826889427,0.0879,0.1016,0.0032,-0.0032,0.9044,-0.1975,0.1864,39.9,30.9407,25.0,-0.0958,-0.1808,-0.1975,-0.3049,BEARISH,BEAR_EXHAUSTED,0.2108,-0.1229,0.7874,1.3414,9.3,83.7,53928566.241959,34,4,29.2044,25.6,28.8,0.1002,35.3,39.4
445,BANKUSDT,PASS:LONG_UNMATCHED_ONLY,LONG,LONG,0.06189,-0.7,0.3878,-0.7109,sl,True,2026-07-16T23:18:12.386126,2026-07-16T23:24:01.859089,C4,0.1708,55.79,56.91,24.8906,25.5464,-0.6558,21.621918522361028,15.540206966735287,0.0274,0.0466,0.172,0.1723,0.8781,0.4786,0.2464,46.8,20.022,26.3,-0.0677,-0.1593,-0.1695,,BEARISH,HEALTHY_BEAR,0.0807,0.3045,1.0632,0.6307,9.3,83.7,147600784.93503,11,3,18.969,28.8,36.8,0.0893,38.0,39.4
444,KAITOUSDT,PASS:LONG_UNMATCHED_ONLY,LONG,LONG,0.8637,-0.7,0.1158,-0.7642,sl,True,2026-07-16T23:15:56.448409,2026-07-16T23:21:53.667420,W4,0.575,59.54,55.16,28.9234,28.7179,0.2055,23.97425878217136,12.462286307010931,0.0659,0.1833,0.1422,0.1424,0.964,1.9972,0.392,72.4,19.8888,27.0,-0.0664,-0.1579,-0.1571,,BEARISH,HEALTHY_BEAR,0.1982,1.3534,0.8335,0.5803,14.0,81.4,72979323.52247,30,2,18.969,28.8,36.8,0.088,38.2,39.4
443,EVAAUSDT,PASS:LONG_UNMATCHED_ONLY,LONG,LONG,1.0782,0.3436,0.5936,-0.2319,trail,True,2026-07-16T23:08:02.907717,2026-07-16T23:15:46.974611,C4,0.4124,57.0,49.64,23.8598,23.8934,-0.0337,25.09261320879269,15.568928102453455,0.032,0.1542,0.1986,0.199,0.8877,0.7985,0.3856,60.3,18.2217,30.5,-0.0688,-0.1523,-0.1499,,BEARISH,HEALTHY_BEAR,0.0901,0.6435,0.789,1.0584,16.3,79.1,80543705.76899,23,3,17.5196,29.0,44.9,0.0941,39.0,39.4
442,PUMPUSDT,PASS:LONG_UNMATCHED_ONLY,LONG,LONG,0.001746,0.3227,0.5727,-0.0573,trail,True,2026-07-16T21:10:25.352615,2026-07-16T21:28:01.816439,C4+W4,0.3641,56.21,61.92,17.4364,17.1712,0.2652,24.90342073937491,16.298959999538848,0.1154,0.1387,0.062,-0.0619,0.631,0.6858,0.1922,63.6,18.3311,46.6,-0.021,-0.1052,-0.0028,,BEARISH,HEALTHY_BEAR,0.1567,0.3474,0.561,0.7616,51.2,20.9,91000384.922279,20,4,18.7878,42.0,41.3,0.0917,43.7,42.4
441,MANTRAUSDT,PASS:LONG_UNMATCHED_ONLY,LONG,LONG,0.007136,0.2405,0.4905,-0.042,trail,True,2026-07-16T21:04:49.994013,2026-07-16T21:06:10.976057,C4+C9,0.2812,52.38,54.22,22.1654,23.2341,-1.0688,24.08251758113883,20.402939466700044,0.0785,0.1387,0.0763,-0.0762,0.9711,-0.3376,0.1408,51.5,18.7623,40.5,-0.0311,-0.1103,-0.0557,,BEARISH,HEALTHY_BEAR,0.1115,-0.1748,0.717,0.7148,34.9,32.6,79656982.444165,23,2,17.6464,38.1,47.1,0.0911,42.7,42.4
438,XPLUSDT,PASS:LONG_UNMATCHED_ONLY,LONG,LONG,0.08885,-0.7,0.2138,-0.7766,sl,True,2026-07-16T18:44:49.357297,2026-07-16T18:58:45.020038,C2,0.2956,55.25,59.67,17.8668,18.0124,-0.1455,25.283119791429453,18.317919218686907,0.0836,0.1125,0.0034,-0.0034,0.571,0.5205,0.1927,70.8,26.8656,39.8,-0.039,-0.1161,-0.0865,,BEARISH,HEALTHY_BEAR,0.1222,0.2826,0.9545,0.9242,25.6,58.1,31950835.52903,46,3,26.9035,40.0,42.9,0.156,42.3,40.6
440,AAVEUSDT,PASS:LONG_UNMATCHED_ONLY,LONG,LONG,92.44,-0.2055,0.2272,-0.2055,horizon,True,2026-07-16T18:42:35.536377,2026-07-16T19:27:36.381182,C2+C5,0.091,55.31,51.14,20.807,21.1118,-0.3048,28.570173486521423,20.33284589559801,0.0325,0.0416,0.0751,0.0752,0.2954,-0.281,0.1493,73.6,26.8656,37.9,-0.0431,-0.1202,-0.1231,,BEARISH,HEALTHY_BEAR,0.0308,-0.1806,0.4882,0.59,25.6,60.5,73145688.911,28,2,26.9035,40.0,42.9,0.1532,41.6,40.6
437,PUMPUSDT,PASS:LONG_UNMATCHED_ONLY,LONG,LONG,0.001731,0.4432,0.6932,0.0,trail,True,2026-07-16T18:42:35.507838,2026-07-16T18:43:51.730834,C2,0.2948,53.62,55.22,24.1679,25.3685,-1.2007,23.582786553077124,19.864116598883786,0.0796,0.0972,0.0658,-0.0658,0.7442,1.1422,0.1109,66.7,26.8656,37.9,-0.0431,-0.1202,-0.1231,,BEARISH,HEALTHY_BEAR,0.1129,0.612,0.4882,0.6851,25.6,60.5,88577019.374743,20,2,26.9035,40.0,42.9,0.1532,41.6,40.6
439,SKLUSDT,PASS:LONG_UNMATCHED_ONLY,LONG,LONG,0.004286,-0.7,0.2333,-0.7233,sl,True,2026-07-16T18:37:00.169168,2026-07-16T19:05:00.205331,C2,0.357,57.9,62.13,19.1308,18.415,0.7159,23.464349771042045,13.07392966101904,0.1185,0.1424,0.0083,0.0083,0.4421,0.0458,0.2693,75.7,26.5397,41.6,-0.0269,-0.1125,-0.0672,,BEARISH,HEALTHY_BEAR,0.162,-0.0224,0.3977,0.8426,32.6,53.5,64255966.722941,31,3,27.0244,43.6,40.6,0.1535,42.9,40.6
436,DODOXUSDT,PASS:LONG_UNMATCHED_ONLY,LONG,LONG,0.022361,-0.7,0.0358,-0.7021,sl,True,2026-07-16T18:16:48.301186,2026-07-16T18:17:59.359673,C2,0.2954,51.89,56.67,26.5537,26.544,0.0097,26.96458378114512,15.606600987856273,0.0527,0.0657,0.1506,-0.1504,1.306,0.2239,-0.0322,27.8,30.1999,41.9,-0.0331,-0.1087,-0.0204,,BEARISH,STRONG_BEAR,0.1865,0.1341,0.4983,0.5859,41.9,39.5,69221632.727723,31,2,30.3667,42.9,32.3,0.1601,43.6,40.6
434,VIRTUALUSDT,PASS:FLIP_SHORT_BTC_TRENDGAP,SHORT,SHORT,0.6555,-0.7,0.0,-0.717,sl,True,2026-07-16T17:57:49.669452,2026-07-16T18:01:29.101285,,0.1889,51.54,57.55,20.3588,20.4469,-0.0882,23.572547167951235,15.974526360274394,0.0613,0.0583,0.1331,-0.1329,0.66,0.6243,-0.0135,46.5,29.5438,26.2,-0.1106,-0.0456,-0.3195,-0.2401,BEARISH,BEAR_EXHAUSTED,0.0957,0.3092,0.585,0.7456,14.0,76.7,40454895.65279,39,1,27.9451,30.3,35.8,0.1743,39.4,49.0
435,LDOUSDT,PASS:FLIP_SHORT_BTC_TRENDGAP,SHORT,SHORT,0.3732,-0.7,0.0804,-0.7503,sl,True,2026-07-16T17:57:49.656089,2026-07-16T18:04:07.271323,,0.1496,51.47,54.95,18.0509,19.1007,-1.0498,21.869818124704537,20.024834570904886,0.0656,0.0726,0.0267,-0.0266,0.6138,0.1782,0.1115,64.8,29.5438,26.2,-0.1106,-0.0456,-0.3195,-0.2401,BEARISH,BEAR_EXHAUSTED,0.0524,0.0346,0.585,0.6467,14.0,76.7,48467293.7603,34,1,27.9451,30.3,35.8,0.1743,39.4,49.0
433,NEARUSDT,PASS:LONG_BTC1H_DEADBAND,LONG,LONG,2.071,-0.7,0.0,-0.7726,sl,True,2026-07-16T17:51:07.267385,2026-07-16T17:55:15.796106,,0.2433,54.28,60.4,15.8113,16.4641,-0.6527,21.533528567615065,18.593773393166817,0.0716,0.0981,0.0815,-0.0814,0.4219,0.3216,0.0881,62.5,27.678,30.6,-0.0979,-0.0315,-0.2248,-0.2076,BEARISH,HEALTHY_BEAR,0.1048,0.1812,,,,,,,0,26.4339,32.3,33.6,0.1658,41.1,49.0
432,LITUSDT,PASS:LONG_BTC1H_DEADBAND,LONG,LONG,2.4817,0.5196,0.7696,0.0,trail,True,2026-07-16T17:29:45.831936,2026-07-16T17:35:35.983212,,0.1215,54.32,52.95,23.365,25.1062,-1.7413,20.870579242868164,21.176938837564254,0.0163,0.0305,0.0623,0.0623,0.6008,0.676,0.1092,49.6,22.0389,35.4,-0.1014,-0.0143,-0.1955,-0.1291,BEARISH,HEALTHY_BEAR,0.0433,0.4023,,,,,,,2,20.4559,33.6,45.8,0.1884,43.2,49.0
431,EVAAUSDT,PASS:LONG_BTC1H_DEADBAND,LONG,LONG,1.0613,-0.7,0.1036,-0.7726,sl,True,2026-07-16T17:26:24.576066,2026-07-16T17:32:49.607205,,0.4412,55.19,58.19,15.552,15.1576,0.3944,24.942102551610052,16.394031676330478,0.1383,0.168,0.0198,0.0198,1.1457,0.4295,0.3264,71.1,21.9185,31.1,-0.1127,-0.0244,-0.2975,-0.1414,BEARISH,HEALTHY_BEAR,0.2322,0.2503,,,,,,,4,20.4559,33.6,45.8,0.1827,41.9,49.0
430,EVAAUSDT,PASS:FLIP_SHORT_BTC1H_SLOPE,SHORT,SHORT,1.0566,-0.7,0.0,-0.8139,sl,True,2026-07-16T16:18:11.395437,2026-07-16T16:20:02.435007,,0.3715,54.14,56.12,18.0325,18.4417,-0.4092,25.015053743130355,19.372199427958993,0.2347,0.1499,0.0789,0.079,1.2607,0.1164,0.4642,62.5,19.0775,42.8,-0.0413,0.0383,-0.1957,0.2136,BEARISH,HEALTHY_BEAR,0.2232,-0.2037,0.9062,0.8518,18.6,72.1,87766023.11465,22,3,19.875,43.7,60.1,0.2037,49.3,55.0
429,SKLUSDT,PASS:FLIP_SHORT_BTC1H_SLOPE,SHORT,SHORT,0.004291,0.5424,0.7924,-0.0466,trail,True,2026-07-16T16:06:36.430903,2026-07-16T16:17:15.993834,,0.2877,58.98,61.84,28.6081,28.7742,-0.1661,30.423000640186814,17.696002986658137,0.1098,0.1277,0.0531,0.0531,0.412,-0.3789,0.2908,66.0,20.6128,47.0,-0.0055,0.05,-0.1439,0.28,NEUTRAL,CHOPPY_FLAT,0.1407,-0.2532,0.9648,1.0895,30.2,48.8,91170030.287246,20,3,22.1541,48.5,64.3,0.2061,51.2,55.0
427,1000BONKUSDT,PASS:LONG_BTC1H_DEADBAND,LONG,LONG,0.003589,0.2794,0.5294,-0.2508,trail,True,2026-07-16T15:02:46.130083,2026-07-16T15:13:27.575169,,0.3673,69.27,69.56,28.0994,28.1744,-0.075,25.343555914733468,14.528663444640099,0.0673,0.1341,0.037,0.037,0.2837,0.481,0.2387,92.3,31.5227,49.5,0.0105,-0.0086,-0.1375,0.3066,NEUTRAL,CHOPPY_FLAT,0.1427,0.3671,,,,,,,2,33.3469,53.7,73.2,0.2201,49.4,51.0
424,VIRTUALUSDT,PASS:LONG_BTC1H_DEADBAND,LONG,LONG,0.6472,-0.7,0.0155,-0.7571,sl,True,2026-07-16T15:02:46.114258,2026-07-16T15:05:03.849686,,0.5078,56.81,60.11,18.6138,19.5269,-0.9131,26.981281917265783,23.57194993673523,0.0822,0.1957,0.0938,-0.0937,0.6759,0.9931,0.1841,63.2,31.5227,49.5,0.0105,-0.0086,-0.1375,0.3066,NEUTRAL,CHOPPY_FLAT,0.1508,0.6834,,,,,,,2,33.3469,53.7,73.2,0.2201,49.4,51.0
428,DOTUSDT,PASS:LONG_BTC1H_DEADBAND,LONG,LONG,0.85,-0.7,0.1176,-0.7059,sl,True,2026-07-16T15:02:46.110819,2026-07-16T15:14:07.939483,,0.3168,63.28,62.92,23.6182,25.3526,-1.7344,14.84397455884465,14.529358938839254,0.0491,0.1073,0.0261,0.0261,0.3324,0.6098,0.1826,80.0,31.5227,49.5,0.0105,-0.0086,-0.1375,0.3066,NEUTRAL,CHOPPY_FLAT,0.122,0.435,,,,,,,3,33.3469,53.7,73.2,0.2201,49.4,51.0
416,WLDUSDT,PASS:LONG_UNMATCHED_ONLY,LONG,LONG,0.4028,0.321,0.571,-0.0248,trail,True,2026-07-16T14:23:12.577896,2026-07-16T14:30:00.559537,W4,0.4677,58.39,71.79,27.1726,27.1673,0.0053,27.346456872120626,15.63708468735944,0.1052,0.1736,0.1524,-0.1521,0.3826,0.5673,0.1265,65.4,27.4222,65.4,0.1578,-0.0872,0.256,,BULLISH,HEALTHY_BULL,0.2111,0.3677,1.1594,1.1999,76.7,18.6,121023437.5757,14,4,26.2177,73.9,58.1,0.2032,51.9,47.0
422,WLDUSDT,LONG_UNMATCHED_ONLY,LONG,SHORT,0.4028,0.3707,0.6207,-0.571,trail,True,2026-07-16T14:23:12.577873,2026-07-16T14:56:39.870808,W4,0.4677,58.39,71.79,27.1726,27.1673,0.0053,27.346456872120626,15.63708468735944,0.1052,0.1736,0.1524,-0.1521,0.3826,0.5673,0.1265,65.4,27.4222,65.4,0.1578,-0.0872,0.256,,BULLISH,HEALTHY_BULL,0.2111,0.3677,1.1594,1.1999,76.7,18.6,121023437.5757,14,4,26.2177,73.9,58.1,0.2032,51.9,47.0
426,SOLUSDT,PASS:LONG_UNMATCHED_ONLY,LONG,LONG,76.48,-0.4576,0.3269,-0.4838,horizon,True,2026-07-16T14:23:12.544755,2026-07-16T15:08:13.389048,W4,0.2492,59.05,68.29,23.1109,22.7242,0.3867,25.993402184612336,14.577641049094742,0.0623,0.0942,0.0437,-0.0437,0.2516,0.1882,0.1128,74.5,27.4222,65.4,0.1578,-0.0872,0.256,,BULLISH,HEALTHY_BULL,0.1144,0.1377,1.1594,0.8508,76.7,18.6,1243638531.8207,3,3,26.2177,73.9,58.1,0.2032,51.9,47.0
425,SOLUSDT,LONG_UNMATCHED_ONLY,LONG,SHORT,76.48,0.4576,0.4838,-0.3269,horizon,True,2026-07-16T14:23:12.544732,2026-07-16T15:08:13.386227,W4,0.2492,59.05,68.29,23.1109,22.7242,0.3867,25.993402184612336,14.577641049094742,0.0623,0.0942,0.0437,-0.0437,0.2516,0.1882,0.1128,74.5,27.4222,65.4,0.1578,-0.0872,0.256,,BULLISH,HEALTHY_BULL,0.1144,0.1377,1.1594,0.8508,76.7,18.6,1243638531.8207,3,3,26.2177,73.9,58.1,0.2032,51.9,47.0
419,ETHFIUSDT,PASS:LONG_UNMATCHED_ONLY,LONG,LONG,0.4356,-0.7,0.0918,-0.7117,sl,True,2026-07-16T14:22:05.751798,2026-07-16T14:50:08.160122,W4,0.3503,55.99,61.19,27.9268,27.3639,0.5629,29.196625346072043,13.979547836923217,0.0974,0.1232,0.0445,-0.0445,0.4583,0.4,0.1761,58.0,27.6746,67.3,0.1616,-0.0837,0.29,,BULLISH,HEALTHY_BULL,0.1692,0.2435,1.0494,0.7414,76.7,18.6,28318244.06322,50,4,26.2177,73.9,58.1,0.2009,52.4,47.0
423,ETHFIUSDT,LONG_UNMATCHED_ONLY,LONG,SHORT,0.4356,1.0585,1.3085,-0.0918,trail,True,2026-07-16T14:22:05.751778,2026-07-16T14:59:38.508788,W4,0.3503,55.99,61.19,27.9268,27.3639,0.5629,29.196625346072043,13.979547836923217,0.0974,0.1232,0.0445,-0.0445,0.4583,0.4,0.1761,58.0,27.6746,67.3,0.1616,-0.0837,0.29,,BULLISH,HEALTHY_BULL,0.1692,0.2435,1.0494,0.7414,76.7,18.6,28318244.06322,50,4,26.2177,73.9,58.1,0.2009,52.4,47.0
421,UNIUSDT,PASS:LONG_UNMATCHED_ONLY,LONG,LONG,3.715,-0.7,0.0808,-0.7268,sl,True,2026-07-16T14:21:45.663857,2026-07-16T14:55:08.660978,W4,0.3012,56.87,61.21,23.3221,22.5724,0.7497,30.57829395304838,15.380392571754973,0.0768,0.12,0.0025,-0.0025,0.4798,0.2693,0.1945,69.7,27.6746,67.3,0.1616,-0.0837,0.29,,BULLISH,HEALTHY_BULL,0.1407,0.2299,1.0494,0.7234,76.7,18.6,72640906.622,28,5,26.2177,73.9,58.1,0.2009,52.4,47.0
418,UNIUSDT,LONG_UNMATCHED_ONLY,LONG,SHORT,3.715,0.3691,0.6191,-0.0808,trail,True,2026-07-16T14:21:45.663837,2026-07-16T14:44:30.590075,W4,0.3012,56.87,61.21,23.3221,22.5724,0.7497,30.57829395304838,15.380392571754973,0.0768,0.12,0.0025,-0.0025,0.4798,0.2693,0.1945,69.7,27.6746,67.3,0.1616,-0.0837,0.29,,BULLISH,HEALTHY_BULL,0.1407,0.2299,1.0494,0.7234,76.7,18.6,72640906.622,28,5,26.2177,73.9,58.1,0.2009,52.4,47.0
420,SKLUSDT,PASS:MOMENTUM_SHORT_DEEPGAP,SHORT,SHORT,0.004281,0.7708,0.911,-0.327,horizon,True,2026-07-16T14:06:03.528197,2026-07-16T14:51:04.250525,,0.4365,39.89,34.89,31.9383,31.1626,0.7757,12.603983201309935,30.87458691618597,0.0891,0.1552,0.0206,0.0206,0.4368,-1.0546,-0.2236,30.0,22.0951,63.3,0.0843,-0.1163,0.2122,0.0791,BULLISH,HEALTHY_BULL,-0.183,-0.6727,,,,,,,1,21.3591,61.0,63.4,0.1791,46.9,47.0
411,1000PEPEUSDT,PASS:LONG_UNMATCHED_ONLY,LONG,LONG,0.0027422,0.4101,0.6601,-0.2443,trail,True,2026-07-16T13:46:22.592242,2026-07-16T14:20:14.510718,W4,0.2578,61.28,68.06,24.1808,23.3662,0.8146,26.36069917298654,12.75862637139571,0.0608,0.1031,0.0416,0.0416,0.2713,0.1615,0.2055,68.9,20.8093,57.6,0.0449,-0.1649,0.1407,,BULLISH,HEALTHY_BULL,0.0932,0.1002,1.0966,1.0035,62.8,20.9,206128020.6751721,10,4,21.1144,50.7,51.2,0.164,44.1,33.7
417,1000PEPEUSDT,LONG_UNMATCHED_ONLY,LONG,SHORT,0.0027422,-0.1276,0.2443,-0.6601,horizon,True,2026-07-16T13:46:22.592221,2026-07-16T14:31:23.451487,W4,0.2578,61.28,68.06,24.1808,23.3662,0.8146,26.36069917298654,12.75862637139571,0.0608,0.1031,0.0416,0.0416,0.2713,0.1615,0.2055,68.9,20.8093,57.6,0.0449,-0.1649,0.1407,,BULLISH,HEALTHY_BULL,0.0932,0.1002,1.0966,1.0035,62.8,20.9,206128020.6751721,10,4,21.1144,50.7,51.2,0.164,44.1,33.7
413,BCHUSDT,PASS:LONG_UNMATCHED_ONLY,LONG,LONG,222.8,0.2572,0.5072,-0.2469,trail,True,2026-07-16T13:41:53.603730,2026-07-16T14:21:59.484926,W6,0.2559,63.68,62.79,16.3221,16.1578,0.1643,28.087469635843494,19.33452544937115,0.0803,0.0947,0.0757,0.0757,0.2711,0.1605,0.251,79.1,22.7899,64.4,0.0844,-0.1579,0.212,,BULLISH,HEALTHY_BULL,0.1118,0.0748,1.1735,1.0069,74.4,16.3,107009547.66,17,3,21.3265,63.4,50.0,0.1451,45.4,33.7
415,BCHUSDT,LONG_UNMATCHED_ONLY,LONG,SHORT,222.8,-0.2917,0.2469,-0.5072,horizon,True,2026-07-16T13:41:53.603710,2026-07-16T14:26:54.127395,W6,0.2559,63.68,62.79,16.3221,16.1578,0.1643,28.087469635843494,19.33452544937115,0.0803,0.0947,0.0757,0.0757,0.2711,0.1605,0.251,79.1,22.7899,64.4,0.0844,-0.1579,0.212,,BULLISH,HEALTHY_BULL,0.1118,0.0748,1.1735,1.0069,74.4,16.3,107009547.66,17,3,21.3265,63.4,50.0,0.1451,45.4,33.7
412,TAOUSDT,PASS:LONG_UNMATCHED_ONLY,LONG,LONG,196.88,0.2478,0.4978,-0.4114,trail,True,2026-07-16T13:40:34.426519,2026-07-16T14:20:47.800562,C4,0.2525,60.33,58.08,20.775,19.943,0.832,27.769295490878026,14.436077175612974,0.0827,0.1005,0.0676,0.0677,0.277,-0.0252,0.2511,82.5,21.2944,63.7,0.0834,-0.1599,0.2257,,BULLISH,HEALTHY_BULL,0.0995,-0.0439,1.3489,0.78,74.4,16.3,76301533.64,25,4,19.6242,65.7,45.1,0.1491,45.0,33.7
414,TAOUSDT,LONG_UNMATCHED_ONLY,LONG,SHORT,196.88,-0.1473,0.4114,-0.4978,horizon,True,2026-07-16T13:40:34.426500,2026-07-16T14:25:35.181891,C4,0.2525,60.33,58.08,20.775,19.943,0.832,27.769295490878026,14.436077175612974,0.0827,0.1005,0.0676,0.0677,0.277,-0.0252,0.2511,82.5,21.2944,63.7,0.0834,-0.1599,0.2257,,BULLISH,HEALTHY_BULL,0.0995,-0.0439,1.3489,0.78,74.4,16.3,76301533.64,25,4,19.6242,65.7,45.1,0.1491,45.0,33.7
408,SKLUSDT,PASS:MOMENTUM_SHORT_DEEPGAP,SHORT,SHORT,0.004289,0.4961,0.7461,-0.2565,trail,True,2026-07-16T13:36:03.148735,2026-07-16T13:59:11.076283,,0.4336,37.42,34.98,26.1421,25.0799,1.0621,12.376474927748527,28.843883365295742,0.1264,0.1458,0.1653,-0.165,0.4303,-1.0228,-0.4366,26.2,20.4507,65.7,0.0864,-0.157,0.2522,-0.0188,BULLISH,HEALTHY_BULL,-0.2229,-0.6077,,,,,,,2,19.6242,65.7,45.1,0.1337,45.6,33.7
410,WLDUSDT,PASS:LONG_UNMATCHED_ONLY,LONG,LONG,0.4007,0.6734,0.9234,-0.2246,trail,True,2026-07-16T13:36:03.123644,2026-07-16T14:02:55.506643,C4+W4,0.2966,60.45,62.44,16.2644,16.0572,0.2072,22.16318592403068,15.099176755061514,0.0838,0.11,0.0224,0.0224,0.3202,0.2441,0.2164,67.9,20.4507,65.7,0.0864,-0.157,0.2522,,BULLISH,HEALTHY_BULL,0.1265,0.1299,1.2097,1.195,79.1,16.3,123909858.5318,13,4,19.6242,65.7,45.1,0.1337,45.6,33.7
409,WLDUSDT,LONG_UNMATCHED_ONLY,LONG,SHORT,0.4007,-0.7,0.2246,-0.7237,sl,True,2026-07-16T13:36:03.123626,2026-07-16T14:00:01.981932,C4+W4,0.2966,60.45,62.44,16.2644,16.0572,0.2072,22.16318592403068,15.099176755061514,0.0838,0.11,0.0224,0.0224,0.3202,0.2441,0.2164,67.9,20.4507,65.7,0.0864,-0.157,0.2522,,BULLISH,HEALTHY_BULL,0.1265,0.1299,1.2097,1.195,79.1,16.3,123909858.5318,13,4,19.6242,65.7,45.1,0.1337,45.6,33.7
406,VIRTUALUSDT,PASS:LONG_UNMATCHED_ONLY,LONG,LONG,0.6431,0.2009,0.4509,-0.0777,trail,True,2026-07-16T13:34:56.223658,2026-07-16T13:38:07.617212,C4+W4,0.4763,58.45,62.28,21.0524,20.6658,0.3866,27.64089752284884,16.206112594068337,0.1315,0.1577,0.0134,0.0134,0.5551,0.9776,0.3028,67.2,19.4196,66.3,0.0786,-0.1552,0.3106,,BULLISH,HEALTHY_BULL,0.228,0.5479,1.6583,1.0865,79.1,16.3,35939825.10868,44,5,18.5121,61.9,41.4,0.1391,45.9,33.7
407,VIRTUALUSDT,LONG_UNMATCHED_ONLY,LONG,SHORT,0.6431,1.2117,1.4617,-0.4509,trail,True,2026-07-16T13:34:56.223641,2026-07-16T13:45:40.088455,C4+W4,0.4763,58.45,62.28,21.0524,20.6658,0.3866,27.64089752284884,16.206112594068337,0.1315,0.1577,0.0134,0.0134,0.5551,0.9776,0.3028,67.2,19.4196,66.3,0.0786,-0.1552,0.3106,,BULLISH,HEALTHY_BULL,0.228,0.5479,1.6583,1.0865,79.1,16.3,35939825.10868,44,5,18.5121,61.9,41.4,0.1391,45.9,33.7
404,LDOUSDT,PASS:LONG_UNMATCHED_ONLY,LONG,LONG,0.3659,0.5972,0.8472,-0.2186,trail,True,2026-07-16T12:51:01.419064,2026-07-16T13:18:03.351171,C4,0.37,57.97,52.75,18.7152,19.4513,-0.7361,23.3636442288363,19.448280872809313,0.1178,0.1613,0.1312,0.1314,0.587,-0.0641,0.4111,69.1,20.0332,35.8,-0.0911,-0.1946,-0.195,,BEARISH,HEALTHY_BEAR,0.1204,-0.0429,0.9927,0.712,14.0,72.1,42852799.803,42,4,17.8464,36.4,44.8,0.1301,33.4,40.1
402,LDOUSDT,LONG_UNMATCHED_ONLY,LONG,SHORT,0.3659,-0.7,0.2186,-0.7106,sl,True,2026-07-16T12:51:01.419045,2026-07-16T13:16:41.259517,C4,0.37,57.97,52.75,18.7152,19.4513,-0.7361,23.3636442288363,19.448280872809313,0.1178,0.1613,0.1312,0.1314,0.587,-0.0641,0.4111,69.1,20.0332,35.8,-0.0911,-0.1946,-0.195,,BEARISH,HEALTHY_BEAR,0.1204,-0.0429,0.9927,0.712,14.0,72.1,42852799.803,42,4,17.8464,36.4,44.8,0.1301,33.4,40.1
403,LITUSDT,PASS:LONG_UNMATCHED_ONLY,LONG,LONG,2.417,0.3044,0.5544,-0.4303,trail,True,2026-07-16T12:51:01.357144,2026-07-16T13:17:34.802157,W1,0.4837,65.45,54.07,27.3995,26.6039,0.7956,23.540086433817557,10.639727138337667,0.1223,0.1839,0.2293,0.2298,0.4867,0.3456,0.5369,93.3,20.0332,35.8,-0.0911,-0.1946,-0.195,,BEARISH,HEALTHY_BEAR,0.1731,0.2565,0.9927,1.0708,14.0,72.1,48247769.94224,37,3,17.8464,36.4,44.8,0.1301,33.4,40.1
405,LITUSDT,LONG_UNMATCHED_ONLY,LONG,SHORT,2.417,-0.7,0.4303,-0.8482,sl,True,2026-07-16T12:51:01.357125,2026-07-16T13:21:39.136827,W1,0.4837,65.45,54.07,27.3995,26.6039,0.7956,23.540086433817557,10.639727138337667,0.1223,0.1839,0.2293,0.2298,0.4867,0.3456,0.5369,93.3,20.0332,35.8,-0.0911,-0.1946,-0.195,,BEARISH,HEALTHY_BEAR,0.1731,0.2565,0.9927,1.0708,14.0,72.1,48247769.94224,37,3,17.8464,36.4,44.8,0.1301,33.4,40.1
401,ONDOUSDT,PASS:LONG_UNMATCHED_ONLY,LONG,LONG,0.374,-0.7,0.0,-0.7219,sl,True,2026-07-16T10:31:23.994057,2026-07-16T10:38:11.662101,C4+W4,0.4279,58.21,60.12,21.6281,21.184,0.4441,23.04496753535744,13.132016877146041,0.0686,0.1715,0.0032,0.0032,0.5938,0.5493,0.2434,74.5,21.2809,56.5,0.0291,-0.2306,0.0976,,BULLISH,HEALTHY_BULL,0.1325,0.4284,0.3775,0.7528,46.5,30.2,196694212.47699,10,5,22.7734,55.9,44.9,0.1122,39.1,34.1
400,ONDOUSDT,LONG_UNMATCHED_ONLY,LONG,SHORT,0.374,0.2848,0.5348,0.0,trail,True,2026-07-16T10:31:23.994040,2026-07-16T10:35:50.947274,C4+W4,0.4279,58.21,60.12,21.6281,21.184,0.4441,23.04496753535744,13.132016877146041,0.0686,0.1715,0.0032,0.0032,0.5938,0.5493,0.2434,74.5,21.2809,56.5,0.0291,-0.2306,0.0976,,BULLISH,HEALTHY_BULL,0.1325,0.4284,0.3775,0.7528,46.5,30.2,196694212.47699,10,5,22.7734,55.9,44.9,0.1122,39.1,34.1
398,LITUSDT,PASS:FLIP_SHORT_BTC_TRENDGAP,SHORT,SHORT,2.4102,0.4346,0.6846,-0.1452,trail,True,2026-07-16T09:34:22.100319,2026-07-16T09:53:01.219109,,0.2816,58.59,52.71,18.4663,17.8685,0.5979,27.926873751488152,16.317649710196992,0.105,0.1192,0.2718,0.2725,0.5409,-0.148,0.4975,83.7,33.9232,39.9,-0.0585,-0.2578,-0.0745,-0.3563,BEARISH,STRONG_BEAR,0.1293,-0.0468,0.604,0.8132,20.9,65.1,49205063.08243,38,4,34.5479,36.4,42.7,0.1549,33.7,34.7
396,VIRTUALUSDT,PASS:FLIP_SHORT_BTC_TRENDGAP,SHORT,SHORT,0.6213,-0.7,0.3058,-0.7082,sl,True,2026-07-16T09:26:33.602233,2026-07-16T09:51:51.848560,,0.3194,60.12,54.73,15.3054,14.0949,1.2105,32.62218822703041,17.16695607605577,0.1185,0.1308,0.2191,0.2196,0.4344,0.0545,0.4696,86.4,34.003,38.8,-0.0512,-0.2574,-0.0907,-0.361,BEARISH,STRONG_BEAR,0.1337,0.0453,0.4294,0.4684,25.6,62.8,35382916.21445,45,3,34.7291,38.4,41.4,0.1451,33.7,34.7
399,PENGUUSDT,PASS:FLIP_SHORT_BTC_TRENDGAP,SHORT,SHORT,0.006091,-0.2791,0.2134,-0.2955,horizon,True,2026-07-16T09:26:33.598982,2026-07-16T10:11:34.265342,,0.1452,54.77,53.53,27.7438,29.657,-1.9132,23.398877097240778,22.092401651012437,0.077,0.0763,0.0792,0.0793,0.346,-0.437,0.2327,91.0,34.003,38.8,-0.0512,-0.2574,-0.0907,-0.361,BEARISH,STRONG_BEAR,0.0719,-0.2586,0.4294,0.3598,25.6,62.8,35652380.359233,44,2,34.7291,38.4,41.4,0.1451,33.7,34.7
395,WLDUSDT,PASS:FLIP_SHORT_BTC_TRENDGAP,SHORT,SHORT,0.3996,0.2505,0.5005,-0.3754,trail,True,2026-07-16T09:08:40.166840,2026-07-16T09:32:01.527049,,0.2413,57.81,54.42,25.0493,26.0409,-0.9916,25.032915049997374,19.60581395451116,0.1124,0.1041,0.168,0.1682,0.3944,-0.2554,0.3853,92.0,38.2043,40.9,-0.0517,-0.2529,-0.0844,-0.3843,BEARISH,STRONG_BEAR,0.1202,-0.2281,0.6353,0.7031,18.6,72.1,137554023.8307,14,4,39.5697,42.7,49.6,0.1697,34.3,34.7
397,XPLUSDT,PASS:FLIP_SHORT_BTC_TRENDGAP,SHORT,SHORT,0.0857,-0.07,0.3734,-0.4667,horizon,True,2026-07-16T09:07:33.307220,2026-07-16T09:52:34.060098,,0.1246,55.59,48.8,24.0712,24.2636,-0.1924,26.958322755927277,17.39218846262475,0.0585,0.0609,0.246,0.2466,0.5133,-0.6183,0.3663,73.2,38.019,42.5,-0.0471,-0.2477,-0.0426,-0.3793,BEARISH,STRONG_BEAR,0.0345,-0.3937,0.5866,0.7878,18.6,72.1,32357207.85047,49,1,39.5697,42.7,49.6,0.1654,35.2,34.7
394,SKLUSDT,PASS:FLIP_SHORT_BTC_TRENDGAP,SHORT,SHORT,0.00461,0.314,0.564,-0.0868,trail,True,2026-07-16T07:45:57.363599,2026-07-16T07:49:05.643343,,0.073,51.68,49.93,17.8907,18.7313,-0.8406,19.579701994657306,17.030356143678507,0.1115,0.0661,0.1822,0.1826,0.9378,-0.7777,0.3606,70.1,38.727,15.4,-0.1826,-0.0561,-0.4279,-0.2639,BEARISH,BEAR_EXHAUSTED,0.0592,-0.57,2.0612,0.6125,9.3,83.7,86263463.703034,21,1,36.2441,15.6,30.4,0.1246,36.8,50.6
390,LDOUSDT,PASS:LONG_BTC1H_DEADBAND,LONG,LONG,0.372,-0.7,0.2688,-0.7796,sl,True,2026-07-16T07:31:02.267153,2026-07-16T07:36:11.053385,,0.3361,58.83,60.33,22.4142,21.2606,1.1536,24.807038422817477,11.29920785748043,0.0822,0.1136,0.1331,0.1333,0.5568,0.6756,0.3295,78.5,30.5784,26.4,-0.0938,-0.0172,-0.2363,-0.1071,BEARISH,BEAR_EXHAUSTED,0.1708,0.454,,,,,,,4,29.0944,25.6,45.8,0.1065,42.5,50.6
388,UNIUSDT,PASS:LONG_BTC1H_DEADBAND,LONG,LONG,3.702,-0.7,0.0,-0.7023,sl,True,2026-07-16T07:25:24.324434,2026-07-16T07:36:06.032024,,0.1945,57.82,53.34,18.6851,19.1175,-0.4323,21.56263956997489,16.579455483486534,0.0636,0.0801,0.0564,0.0565,0.3234,0.1579,0.2003,85.4,27.5066,28.5,-0.0794,-0.0095,-0.2486,-0.0527,BEARISH,HEALTHY_BEAR,0.065,0.0628,,,,,,,1,26.2162,30.4,45.8,0.1114,43.8,50.6
389,XLMUSDT,PASS:LONG_BTC1H_DEADBAND,LONG,LONG,0.18917,-0.7,0.1057,-0.7242,sl,True,2026-07-16T07:21:56.948830,2026-07-16T07:36:10.048049,,0.1294,58.2,50.34,17.6301,17.557,0.0731,27.73508605536431,19.043451903354125,0.035,0.0479,0.1592,0.1595,0.3268,0.1518,0.2426,80.3,27.4063,32.4,-0.0728,-0.0041,-0.1896,-0.0456,BEARISH,HEALTHY_BEAR,0.0316,0.0786,,,,,,,1,26.2162,30.4,45.8,0.1073,44.8,50.6
387,ETHFIUSDT,PASS:LONG_BTC1H_DEADBAND,LONG,LONG,0.4392,0.2964,0.5464,-0.1138,trail,True,2026-07-16T07:20:49.585567,2026-07-16T07:32:00.759898,,0.375,56.84,56.97,22.5199,23.9903,-1.4703,21.913225837182253,20.46976341340778,0.1282,0.1694,0.0272,0.0272,0.5478,-0.1568,0.3251,75.0,27.4063,32.5,-0.0727,-0.0041,-0.1883,-0.0454,BEARISH,HEALTHY_BEAR,0.1443,-0.1131,,,,,,,4,26.2162,30.4,45.8,0.1051,44.8,50.6
385,ONDOUSDT,PASS:LONG_BTC1H_DEADBAND,LONG,LONG,0.3741,0.2312,0.4812,-0.2406,trail,True,2026-07-16T07:16:19.340193,2026-07-16T07:24:09.983928,,0.5328,59.75,66.2,26.9562,26.2149,0.7414,25.24899931024774,11.720460055359439,0.1491,0.1846,0.0357,0.0357,0.6096,0.7983,0.3698,73.9,25.7291,32.5,-0.0604,-0.0012,-0.1987,-0.0185,BEARISH,HEALTHY_BEAR,0.253,0.4438,,,,,,,2,24.9441,35.6,47.9,0.1054,45.4,50.6
384,ETHFIUSDT,PASS:FLIP_SHORT_BTC1H_SLOPE,SHORT,SHORT,0.4407,0.2719,0.5219,-0.0454,trail,True,2026-07-16T07:10:42.168197,2026-07-16T07:16:56.771962,,0.5007,62.7,61.65,26.2986,27.4974,-1.1988,26.36515473713505,21.262291182993085,0.2289,0.2098,0.2992,0.3001,0.5181,-0.232,0.7405,90.5,24.7527,38.5,-0.0372,0.0098,-0.1234,0.0129,BEARISH,HEALTHY_BEAR,0.2774,-0.2029,0.5146,0.9337,23.3,60.5,32090036.45864,47,2,24.5335,38.4,41.9,0.1024,47.6,50.6
392,UNIUSDT,PASS:FLIP_SHORT_BTC1H_SLOPE,SHORT,SHORT,3.704,1.0459,1.2959,-0.135,trail,True,2026-07-16T07:00:34.885164,2026-07-16T07:40:45.770439,,0.1706,62.99,53.82,18.1898,17.3026,0.8873,28.236167627927028,15.29643115102374,0.1154,0.0556,0.2714,0.2722,0.3343,0.034,0.4438,75.4,25.0247,47.4,-0.0146,0.003,-0.0365,0.0558,NEUTRAL,CHOPPY_FLAT,0.1159,-0.0653,0.5982,0.9358,30.2,48.8,72055730.853,26,1,26.3205,45.8,49.8,0.109,50.5,55.8
391,XLMUSDT,PASS:FLIP_SHORT_BTC1H_SLOPE,SHORT,SHORT,0.18874,0.4812,0.7312,-0.3338,trail,True,2026-07-16T06:59:25.894116,2026-07-16T07:37:24.344687,,0.1541,54.0,66.11,18.4145,17.7811,0.6335,30.5993677624887,17.721998019415636,0.0702,0.0503,0.0068,-0.0068,0.3437,0.1055,0.1138,59.9,25.0247,47.1,-0.0149,0.0026,-0.0398,0.0554,NEUTRAL,CHOPPY_FLAT,0.127,0.0383,0.6897,0.794,32.6,46.5,76898039.08068,23,1,26.3205,45.8,49.8,0.109,50.5,55.8
393,HYPEUSDT,PASS:FLIP_SHORT_BTC1H_SLOPE,SHORT,SHORT,66.885,0.8716,0.9479,-0.0404,horizon,True,2026-07-16T06:58:18.274287,2026-07-16T07:43:19.043528,,0.1113,63.41,58.85,22.3714,21.5127,0.8587,25.892429525744458,12.887597518910344,0.0261,0.0299,0.0928,0.0929,0.2119,0.2137,0.1489,81.0,25.0247,46.4,-0.0158,0.0018,-0.0473,0.0545,NEUTRAL,CHOPPY_FLAT,0.0574,0.1419,0.6583,1.0656,30.2,44.2,514554149.52267,5,0,26.3205,45.8,49.8,0.1081,50.3,55.8
383,ONDOUSDT,PASS:FLIP_SHORT_BTC1H_SLOPE,SHORT,SHORT,0.3715,-0.7,0.1077,-0.7268,sl,True,2026-07-16T06:51:33.831954,2026-07-16T07:04:14.566267,,0.1311,55.16,51.71,23.046,23.8705,-0.8245,21.673101341223994,16.916087447148875,0.0205,0.0197,0.1809,0.1812,0.6159,0.5452,0.2214,40.2,26.5956,48.1,-0.02,0.0043,-0.0333,0.0657,NEUTRAL,HEALTHY_BEAR,0.0753,0.325,0.7559,0.3963,27.9,53.5,165122452.77423,11,0,27.7241,47.9,54.2,0.1099,50.8,55.8
382,LDOUSDT,PASS:FLIP_SHORT_BTC1H_SLOPE,SHORT,SHORT,0.3717,0.2881,0.5381,-0.4305,trail,True,2026-07-16T06:50:26.490525,2026-07-16T07:02:44.121852,,0.3984,64.17,56.56,18.0181,17.4004,0.6177,23.26943926703721,13.652195255837293,0.1288,0.1313,0.2991,0.3,0.5559,0.6707,0.5611,88.3,27.9677,46.3,-0.043,0.0019,-0.061,0.07,BEARISH,HEALTHY_BEAR,0.1896,0.3984,1.0082,0.6821,18.6,62.8,35897852.0735,42,2,28.9213,41.9,61.6,0.1158,50.3,55.8
381,DODOXUSDT,PASS:FLIP_SHORT_BTC1H_SLOPE,SHORT,SHORT,0.027178,0.2394,0.4894,-0.5225,trail,True,2026-07-16T06:49:18.563561,2026-07-16T06:54:38.461514,,0.3338,51.16,56.46,20.219,20.5682,-0.3492,23.976801564156162,17.477068582636555,0.2211,0.1281,0.1609,-0.1606,1.1826,-0.0261,0.1883,47.5,27.9677,45.2,-0.0444,0.0005,-0.0732,0.0686,BEARISH,HEALTHY_BEAR,0.2189,-0.2796,1.0076,1.0357,18.6,62.8,134879150.27098,14,2,28.9213,41.9,61.6,0.1158,50.0,55.8
386,BCHUSDT,PASS:LONG_BTC1H_DEADBAND,LONG,LONG,223.89,-0.2412,0.3707,-0.3305,horizon,True,2026-07-16T06:45:55.694585,2026-07-16T07:30:56.545276,,0.1594,55.61,54.33,28.9588,28.8347,0.124,26.691451765598085,14.192643740948077,0.0125,0.0525,0.0138,0.0138,0.3291,0.2924,0.0789,48.7,28.5619,40.9,-0.05,-0.0051,-0.124,0.0624,BEARISH,STRONG_BEAR,0.058,0.224,,,,,,,1,28.9213,41.9,61.6,0.1093,48.9,55.8
378,LDOUSDT,PASS:LONG_BTC1H_DEADBAND,LONG,LONG,0.3699,0.3988,0.6488,-0.3244,trail,True,2026-07-16T06:36:55.222144,2026-07-16T06:48:44.565393,,0.1775,57.59,53.11,16.7391,17.2,-0.4609,20.207813798010463,16.285773108500287,0.0277,0.0535,0.2103,0.2107,0.5854,0.5721,0.292,68.2,27.6442,40.7,-0.0203,-0.0003,-0.1343,0.1154,BEARISH,HEALTHY_BEAR,0.0702,0.4237,,,,,,,1,29.6869,45.7,72.3,0.1034,49.8,55.8
374,ZBTUSDT,PASS:FLIP_SHORT_BTC1H_SLOPE,SHORT,SHORT,0.0903,-0.7,0.1883,-0.7087,sl,True,2026-07-16T06:07:14.062788,2026-07-16T06:14:44.747209,,0.4257,54.09,59.77,16.6086,15.2956,1.313,28.514002897023964,14.146875499528772,0.1663,0.1745,0.1175,-0.1173,0.7168,0.1714,0.2233,54.2,32.8917,64.4,0.0463,0.0197,0.0404,0.1814,BULLISH,STRONG_BULL,0.2209,0.0445,0.7886,1.2004,40.9,38.6,37445387.52607,42,2,32.6574,69.9,76.2,0.0999,54.5,55.8
373,KAITOUSDT,PASS:FLIP_SHORT_BTC1H_SLOPE,SHORT,SHORT,0.7612,-0.7,0.0,-0.7094,sl,True,2026-07-16T06:04:57.855085,2026-07-16T06:13:37.530707,,0.1755,58.86,56.08,28.7876,27.5859,1.2017,26.779421693828283,10.308542876183449,0.0732,0.0628,0.2156,0.216,0.4973,0.0642,0.3523,77.1,32.6658,63.2,0.0489,0.0184,0.0405,0.1792,BULLISH,STRONG_BULL,0.0782,-0.005,0.9808,0.9812,36.4,38.6,72340979.15426,26,2,32.4146,72.7,77.4,0.1035,54.2,55.8
375,LDOUSDT,PASS:LONG_UNMATCHED_ONLY,LONG,LONG,0.3698,-0.7,0.2704,-0.7572,sl,True,2026-07-16T06:03:50.118522,2026-07-16T06:16:04.092595,C6,0.3783,58.37,62.25,23.8065,24.1239,-0.3174,24.566392805661504,16.486934587954053,0.0869,0.1389,0.1151,0.1152,0.6098,0.7076,0.3414,72.0,33.2794,67.4,0.052,0.0216,0.0688,,BULLISH,STRONG_BULL,0.1378,0.4492,0.9181,0.8015,38.6,36.4,35407186.6094,44,4,32.4146,72.7,77.4,0.1007,55.0,55.8
372,LDOUSDT,LONG_UNMATCHED_ONLY,LONG,SHORT,0.3698,0.426,0.676,-0.0811,trail,True,2026-07-16T06:03:50.118502,2026-07-16T06:08:38.509404,C6,0.3783,58.37,62.25,23.8065,24.1239,-0.3174,24.566392805661504,16.486934587954053,0.0869,0.1389,0.1151,0.1152,0.6098,0.7076,0.3414,72.0,33.2794,67.4,0.052,0.0216,0.0688,,BULLISH,STRONG_BULL,0.1378,0.4492,0.9181,0.8015,38.6,36.4,35407186.6094,44,4,32.4146,72.7,77.4,0.1007,55.0,55.8
371,0GUSDT,PASS:FLIP_SHORT_BTC1H_SLOPE,SHORT,SHORT,0.1893,-0.7,0.1057,-1.1094,sl,True,2026-07-16T06:03:50.089690,2026-07-16T06:08:04.407068,,0.4535,65.03,59.31,28.1521,25.4489,2.7032,37.29131484835168,8.382513073971381,0.1831,0.1703,0.2944,0.2953,0.4559,-0.0235,0.6501,65.0,33.2794,67.4,0.052,0.0216,0.0688,0.1826,BULLISH,STRONG_BULL,0.2338,-0.0581,0.9181,2.1159,38.6,36.4,56751442.503,37,3,32.4146,72.7,77.4,0.1007,55.0,55.8
380,BCHUSDT,PASS:LONG_UNMATCHED_ONLY,LONG,LONG,223.66,0.1207,0.4292,-0.1341,horizon,True,2026-07-16T06:03:50.045587,2026-07-16T06:48:50.595241,C6+W4,0.3231,56.76,58.14,24.3835,23.687,0.6965,29.911060779111075,14.920176819387503,0.0761,0.126,0.0051,0.0051,0.432,0.2322,0.2074,44.9,33.2794,67.4,0.052,0.0216,0.0688,,BULLISH,STRONG_BULL,0.1235,0.1476,0.9181,1.0049,38.6,36.4,99458582.09,19,4,32.4146,72.7,77.4,0.1007,55.0,55.8
379,BCHUSDT,LONG_UNMATCHED_ONLY,LONG,SHORT,223.66,-0.1207,0.1341,-0.4292,horizon,True,2026-07-16T06:03:50.045568,2026-07-16T06:48:50.592726,C6+W4,0.3231,56.76,58.14,24.3835,23.687,0.6965,29.911060779111075,14.920176819387503,0.0761,0.126,0.0051,0.0051,0.432,0.2322,0.2074,44.9,33.2794,67.4,0.052,0.0216,0.0688,,BULLISH,STRONG_BULL,0.1235,0.1476,0.9181,1.0049,38.6,36.4,99458582.09,19,4,32.4146,72.7,77.4,0.1007,55.0,55.8
377,BCHUSDT,PASS:LONG_BTC1H_DEADBAND,LONG,LONG,223.88,-0.0536,0.3305,-0.2323,horizon,True,2026-07-16T05:53:35.470791,2026-07-16T06:38:36.104228,,0.3943,58.44,58.71,23.1313,21.7018,1.4294,32.9040889138132,13.533321962889794,0.1253,0.1496,0.1024,0.1025,0.455,0.1934,0.3779,48.5,31.8816,68.9,0.0632,-0.0268,0.0924,0.1731,BULLISH,STRONG_BULL,0.1745,0.1044,,,,,,,4,30.4985,72.7,77.1,0.1044,54.9,45.9
376,WLDUSDT,PASS:LONG_BTC1H_DEADBAND,LONG,LONG,0.4031,-0.7,0.0,-0.7442,sl,True,2026-07-16T05:53:35.453114,2026-07-16T06:36:51.286834,,0.1034,54.79,49.58,18.3713,19.3003,-0.929,17.784185649368446,20.173344044377874,0.0247,0.0541,0.0415,0.0415,0.2906,-0.213,0.1203,76.0,31.8816,68.9,0.0632,-0.0268,0.0924,0.1731,BULLISH,STRONG_BULL,0.0296,-0.0946,,,,,,,0,30.4985,72.7,77.1,0.1044,54.9,45.9
369,VIRTUALUSDT,PASS:LONG_BTC1H_DEADBAND,LONG,LONG,0.6203,0.5883,0.8383,-0.0484,trail,True,2026-07-16T05:36:39.377015,2026-07-16T05:48:08.876567,,0.1748,52.74,59.96,16.7694,17.0,-0.2306,24.82835015154949,18.81758678422282,0.0622,0.075,0.0833,-0.0833,0.4005,0.1285,0.0539,61.4,27.4839,69.8,0.0938,-0.0265,0.1632,0.1342,BULLISH,HEALTHY_BULL,0.0839,0.0529,,,,,,,0,25.8822,77.4,56.3,0.1125,54.9,45.9
370,LITUSDT,PASS:LONG_BTC1H_DEADBAND,LONG,LONG,2.4292,1.6683,1.9183,-0.2264,trail,True,2026-07-16T05:36:39.361012,2026-07-16T05:48:27.935327,,0.3294,59.86,72.6,23.317,23.2319,0.0852,24.399896875162185,14.820652145054177,0.0723,0.1243,0.0041,0.0041,0.4037,0.258,0.2008,74.3,27.4839,69.8,0.0938,-0.0265,0.1632,0.1342,BULLISH,HEALTHY_BULL,0.164,0.2126,,,,,,,4,25.8822,77.4,56.3,0.1125,54.9,45.9
368,EVAAUSDT,PASS:MOMENTUM_SHORT_DEEPGAP,SHORT,SHORT,1.0407,0.365,0.615,-0.5381,trail,True,2026-07-16T01:52:43.858010,2026-07-16T02:04:55.581660,,0.521,40.86,37.54,26.1276,25.9428,0.1848,14.608862140950993,26.272253460519213,0.1267,0.1675,0.0542,-0.0542,0.819,-1.0127,-0.3481,41.9,19.3742,57.3,0.0384,-0.0617,0.1743,-0.1233,BULLISH,HEALTHY_BULL,-0.2373,-0.5455,,,,,,,2,19.4685,59.1,38.7,0.139,49.5,43.5
363,SXTUSDT,PASS:FLIP_SHORT_BTC_TRENDGAP,SHORT,SHORT,0.008593,-0.7,0.3258,-0.8146,sl,True,2026-07-16T01:19:31.902463,2026-07-16T01:32:01.543519,,0.1544,52.34,63.55,24.75,24.2924,0.4576,28.04342692401256,14.869794153412782,0.0641,0.0603,0.0085,-0.0085,0.6245,-0.0057,0.1159,47.2,22.7048,27.5,-0.0573,-0.1148,-0.318,-0.239,BEARISH,HEALTHY_BEAR,0.1093,-0.0624,1.018,0.9297,7.1,83.3,30725878.544843,50,2,21.4585,40.9,35.5,0.1195,38.8,43.5
361,DODOXUSDT,PASS:LONG_UNMATCHED_ONLY,LONG,LONG,0.026947,-0.7,0.0334,-0.7311,sl,True,2026-07-16T01:19:31.812934,2026-07-16T01:20:16.077278,W6,0.5666,54.62,52.11,22.1436,22.478,-0.3343,28.520133220832427,19.902306570805607,0.0839,0.2456,0.0968,0.0968,1.4943,0.0564,0.4269,67.0,22.7048,27.5,-0.0573,-0.1148,-0.318,,BEARISH,HEALTHY_BEAR,0.172,0.2488,1.018,0.6566,7.1,83.3,182629801.774006,11,3,21.4585,40.9,35.5,0.1195,38.8,43.5
362,DODOXUSDT,LONG_UNMATCHED_ONLY,LONG,SHORT,0.026947,0.7483,0.9983,-0.0334,trail,True,2026-07-16T01:19:31.812895,2026-07-16T01:21:18.724384,W6,0.5666,54.62,52.11,22.1436,22.478,-0.3343,28.520133220832427,19.902306570805607,0.0839,0.2456,0.0968,0.0968,1.4943,0.0564,0.4269,67.0,22.7048,27.5,-0.0573,-0.1148,-0.318,,BEARISH,HEALTHY_BEAR,0.172,0.2488,1.018,0.6566,7.1,83.3,182629801.774006,11,3,21.4585,40.9,35.5,0.1195,38.8,43.5
359,LDOUSDT,PASS:LONG_UNMATCHED_ONLY,LONG,LONG,0.3644,-0.7,0.0823,-0.7684,sl,True,2026-07-16T01:00:23.028488,2026-07-16T01:04:01.247762,C2,0.5862,64.7,62.57,15.0954,14.4426,0.6528,23.403105630210046,14.471692933308702,0.1565,0.2105,0.2397,0.2403,0.6319,1.0898,0.6085,94.6,23.1255,37.1,-0.051,-0.0527,-0.096,,BEARISH,HEALTHY_BEAR,0.2493,0.6736,0.929,0.6938,19.0,73.8,30514766.7782,50,2,23.6291,39.7,25.6,0.1052,43.4,48.3
360,LDOUSDT,LONG_UNMATCHED_ONLY,LONG,SHORT,0.3644,0.5184,0.7684,-0.0823,trail,True,2026-07-16T01:00:23.028467,2026-07-16T01:04:06.304818,C2,0.5862,64.7,62.57,15.0954,14.4426,0.6528,23.403105630210046,14.471692933308702,0.1565,0.2105,0.2397,0.2403,0.6319,1.0898,0.6085,94.6,23.1255,37.1,-0.051,-0.0527,-0.096,,BEARISH,HEALTHY_BEAR,0.2493,0.6736,0.929,0.6938,19.0,73.8,30514766.7782,50,2,23.6291,39.7,25.6,0.1052,43.4,48.3
367,TAOUSDT,PASS:LONG_BTC1H_DEADBAND,LONG,LONG,199.86,0.1801,0.2101,-0.5804,horizon,True,2026-07-16T00:53:39.612019,2026-07-16T01:38:39.666840,,0.1017,56.98,52.15,24.5689,24.5439,0.025,22.144396965926497,13.316915199079443,0.0135,0.0345,0.1069,0.107,0.2785,0.2261,0.1551,66.0,23.9053,42.4,-0.0617,-0.0454,-0.0286,-0.2089,BEARISH,HEALTHY_BEAR,0.0373,0.1847,,,,,,,3,24.2105,35.5,30.6,0.1067,44.7,48.3
366,UNIUSDT,PASS:FLIP_SHORT_BTC_TRENDGAP,SHORT,SHORT,3.637,-0.5499,0.4399,-0.5774,horizon,True,2026-07-16T00:50:17.152344,2026-07-16T01:35:17.678824,,0.1683,62.23,52.44,16.0014,16.3039,-0.3025,24.567717425255136,19.27640225228722,0.0595,0.0644,0.1994,0.1998,0.2553,0.0882,0.3239,90.7,24.623,33.4,-0.0916,-0.0552,-0.1452,-0.2205,BEARISH,HEALTHY_BEAR,0.0626,0.0657,1.1425,0.7308,14.3,78.6,64300112.67,33,1,23.6212,28.1,36.4,0.1047,43.0,48.3
365,UNIUSDT,PASS:LONG_UNMATCHED_ONLY,LONG,LONG,3.633,0.4129,0.4955,-0.3303,horizon,True,2026-07-16T00:48:02.303734,2026-07-16T01:33:02.485297,W6,0.1423,59.6,52.44,15.773,16.3039,-0.531,23.388860233458825,19.577654244821723,0.0472,0.0556,0.1262,0.1264,0.2517,0.0767,0.2294,81.4,24.6983,32.6,-0.0926,-0.0565,-0.1538,,BEARISH,HEALTHY_BEAR,0.0521,0.0614,1.0863,0.6572,14.3,78.6,64287350.113,33,2,23.6212,28.1,36.4,0.1043,42.7,48.3
364,UNIUSDT,LONG_UNMATCHED_ONLY,LONG,SHORT,3.633,-0.4129,0.3303,-0.4955,horizon,True,2026-07-16T00:48:02.303714,2026-07-16T01:33:02.482705,W6,0.1423,59.6,52.44,15.773,16.3039,-0.531,23.388860233458825,19.577654244821723,0.0472,0.0556,0.1262,0.1264,0.2517,0.0767,0.2294,81.4,24.6983,32.6,-0.0926,-0.0565,-0.1538,,BEARISH,HEALTHY_BEAR,0.0521,0.0614,1.0863,0.6572,14.3,78.6,64287350.113,33,2,23.6212,28.1,36.4,0.1043,42.7,48.3
354,BANKUSDT,PASS:LONG_UNMATCHED_ONLY,LONG,LONG,0.05181,-0.7,0.2702,-0.7141,sl,True,2026-07-16T00:44:39.694185,2026-07-16T00:46:10.167988,W6,0.3015,52.33,56.13,17.5788,17.4114,0.1674,21.041627959211556,14.09966185834893,0.1165,0.1452,0.0167,0.0167,1.2601,-0.3162,0.2786,67.5,23.7506,26.3,-0.0975,-0.0626,-0.2444,,BEARISH,HEALTHY_BEAR,0.1831,-0.1677,1.2347,0.9359,14.3,76.2,38544342.49297,42,3,21.7295,25.7,48.0,0.1054,41.7,48.3
356,BANKUSDT,LONG_UNMATCHED_ONLY,LONG,SHORT,0.05181,0.9274,1.1774,-0.2702,trail,True,2026-07-16T00:44:39.694165,2026-07-16T00:47:02.328028,W6,0.3015,52.33,56.13,17.5788,17.4114,0.1674,21.041627959211556,14.09966185834893,0.1165,0.1452,0.0167,0.0167,1.2601,-0.3162,0.2786,67.5,23.7506,26.3,-0.0975,-0.0626,-0.2444,,BEARISH,HEALTHY_BEAR,0.1831,-0.1677,1.2347,0.9359,14.3,76.2,38544342.49297,42,3,21.7295,25.7,48.0,0.1054,41.7,48.3
355,BANKUSDT,PASS:FLIP_SHORT_BTC_TRENDGAP,SHORT,SHORT,0.05198,1.2506,1.5006,-0.1347,trail,True,2026-07-16T00:41:17.796087,2026-07-16T00:47:02.325203,,0.3784,54.67,56.13,17.5788,17.4114,0.1674,21.274388137546634,14.255630769831221,0.1529,0.1713,0.2347,0.2352,1.2423,-0.2821,0.5604,74.8,23.7506,25.4,-0.0991,-0.0643,-0.2593,-0.2203,BEARISH,HEALTHY_BEAR,0.2145,-0.1549,0.9869,0.8322,14.3,76.2,38477514.97321,42,3,21.7295,25.7,48.0,0.1031,41.4,48.3
358,VANRYUSDT,PASS:LONG_UNMATCHED_ONLY,LONG,LONG,0.005542,0.4898,0.7398,-0.397,trail,True,2026-07-16T00:39:03.210117,2026-07-16T00:52:31.565127,C4+W4,0.3138,52.33,52.02,23.8595,23.6173,0.2421,22.438253649010363,12.895629175788734,0.0688,0.1335,0.14,-0.1398,0.6092,0.1519,0.0624,47.9,21.6547,26.4,-0.0976,-0.0612,-0.2736,,BEARISH,HEALTHY_BEAR,0.0787,0.0608,1.1419,1.2283,11.9,71.4,36016936.066042,43,3,19.6255,30.7,49.7,0.1076,41.9,48.3
357,VANRYUSDT,LONG_UNMATCHED_ONLY,LONG,SHORT,0.005542,-0.7,0.397,-0.7398,sl,True,2026-07-16T00:39:03.210098,2026-07-16T00:51:01.186029,C4+W4,0.3138,52.33,52.02,23.8595,23.6173,0.2421,22.438253649010363,12.895629175788734,0.0688,0.1335,0.14,-0.1398,0.6092,0.1519,0.0624,47.9,21.6547,26.4,-0.0976,-0.0612,-0.2736,,BEARISH,HEALTHY_BEAR,0.0787,0.0608,1.1419,1.2283,11.9,71.4,36016936.066042,43,3,19.6255,30.7,49.7,0.1076,41.9,48.3
348,PUMPUSDT,PASS:LONG_BTC1H_DEADBAND,LONG,LONG,0.001679,0.5838,0.8338,0.0,trail,True,2026-07-15T23:26:25.572465,2026-07-15T23:38:55.107953,,0.4213,68.81,66.39,15.3348,14.9099,0.4249,21.17780094569083,13.867875000781977,0.08,0.1597,0.0909,0.091,0.4589,0.4757,0.331,90.9,18.0952,43.8,-0.0025,-0.0033,-0.0475,-0.0525,NEUTRAL,CHOPPY_FLAT,0.154,0.3396,,,,,,,2,19.2303,45.8,46.7,0.0861,51.5,51.9
353,XLMUSDT,PASS:LONG_UNMATCHED_ONLY,LONG,LONG,0.18935,-0.5176,0.2535,-0.6232,horizon,True,2026-07-15T23:13:06.862865,2026-07-15T23:58:07.381407,W4,0.15,59.59,57.56,28.9892,28.3708,0.6184,28.887198836726462,13.2750818120627,0.0224,0.0434,0.1201,0.1202,0.2879,0.3738,0.1862,61.1,20.58,58.3,0.0175,0.0082,0.0629,,NEUTRAL,CHOPPY_FLAT,0.0573,0.2465,0.7879,0.6707,45.2,31.0,69527293.40187,28,2,20.5097,55.0,50.7,0.087,53.9,51.9
352,XLMUSDT,LONG_UNMATCHED_ONLY,LONG,SHORT,0.18935,0.5176,0.6232,-0.2535,horizon,True,2026-07-15T23:13:06.862846,2026-07-15T23:58:07.378665,W4,0.15,59.59,57.56,28.9892,28.3708,0.6184,28.887198836726462,13.2750818120627,0.0224,0.0434,0.1201,0.1202,0.2879,0.3738,0.1862,61.1,20.58,58.3,0.0175,0.0082,0.0629,,NEUTRAL,CHOPPY_FLAT,0.0573,0.2465,0.7879,0.6707,45.2,31.0,69527293.40187,28,2,20.5097,55.0,50.7,0.087,53.9,51.9
350,NEARUSDT,PASS:LONG_UNMATCHED_ONLY,LONG,LONG,2.077,-0.7,0.0,-0.7222,sl,True,2026-07-15T23:13:06.815199,2026-07-15T23:47:20.283797,C4+W1+W4,0.202,63.66,56.86,24.158,23.6249,0.5331,28.07574287731104,14.759171409034707,0.0428,0.0583,0.1879,0.1882,0.322,0.3756,0.2896,72.4,20.58,58.3,0.0175,0.0082,0.0629,,NEUTRAL,CHOPPY_FLAT,0.0954,0.2928,0.7879,0.6066,45.2,31.0,138658176.068,14,2,20.5097,55.0,50.7,0.087,53.9,51.9
349,NEARUSDT,LONG_UNMATCHED_ONLY,LONG,SHORT,2.077,0.424,0.674,0.0,trail,True,2026-07-15T23:13:06.815181,2026-07-15T23:45:04.835903,C4+W1+W4,0.202,63.66,56.86,24.158,23.6249,0.5331,28.07574287731104,14.759171409034707,0.0428,0.0583,0.1879,0.1882,0.322,0.3756,0.2896,72.4,20.58,58.3,0.0175,0.0082,0.0629,,NEUTRAL,CHOPPY_FLAT,0.0954,0.2928,0.7879,0.6066,45.2,31.0,138658176.068,14,2,20.5097,55.0,50.7,0.087,53.9,51.9
347,PUMPUSDT,PASS:LONG_UNMATCHED_ONLY,LONG,LONG,0.001676,0.7643,1.0143,-0.2983,trail,True,2026-07-15T23:08:40.634287,2026-07-15T23:38:55.105170,C4,0.5178,64.77,72.36,15.1307,14.5681,0.5627,23.266646890763152,14.736518883416755,0.1424,0.2003,0.0385,0.0385,0.4884,0.3746,0.3817,88.1,20.5787,57.3,0.0102,0.0071,0.0589,,NEUTRAL,CHOPPY_FLAT,0.2427,0.2579,0.8289,0.902,42.9,31.0,138166604.843154,15,2,20.56,56.2,55.2,0.0912,53.7,51.9
346,PUMPUSDT,LONG_UNMATCHED_ONLY,LONG,SHORT,0.001676,-0.7,0.2983,-0.716,sl,True,2026-07-15T23:08:40.634265,2026-07-15T23:33:55.036178,C4,0.5178,64.77,72.36,15.1307,14.5681,0.5627,23.266646890763152,14.736518883416755,0.1424,0.2003,0.0385,0.0385,0.4884,0.3746,0.3817,88.1,20.5787,57.3,0.0102,0.0071,0.0589,,NEUTRAL,CHOPPY_FLAT,0.2427,0.2579,0.8289,0.902,42.9,31.0,138166604.843154,15,2,20.56,56.2,55.2,0.0912,53.7,51.9
351,LTCUSDT,PASS:FLIP_SHORT_BTC1H_SLOPE,SHORT,SHORT,45.13,0.1994,0.2437,-0.1551,horizon,True,2026-07-15T23:04:12.475590,2026-07-15T23:49:12.631909,,0.0644,62.56,51.49,17.0971,16.2065,0.8906,27.96134142079995,15.499063172325428,0.0311,0.023,0.1059,0.106,0.1607,-0.0424,0.1602,77.8,20.5126,55.5,0.0043,0.0053,0.0513,-0.0713,NEUTRAL,CHOPPY_FLAT,0.0308,-0.0355,0.9606,1.7092,31.0,31.0,78739917.41,23,0,20.4878,46.7,55.8,0.0923,53.4,51.9
344,ZBTUSDT,PASS:LONG_BTC1H_DEADBAND,LONG,LONG,0.09072,-0.7,0.022,-0.7055,sl,True,2026-07-15T23:00:52.826301,2026-07-15T23:12:22.612335,,0.5042,65.88,63.76,18.7287,18.3568,0.3719,24.805848473716363,15.34499548136149,0.1574,0.203,0.1938,0.1942,0.5245,0.1467,0.5556,95.0,19.7838,46.7,-0.0029,-0.0019,-0.0135,-0.0791,NEUTRAL,CHOPPY_FLAT,0.2239,0.1443,,,,,,,1,20.4878,46.7,55.8,0.0849,51.9,51.9
345,ZBTUSDT,PASS:LONG_UNMATCHED_ONLY,LONG,LONG,0.09067,-0.7,0.0772,-0.7059,sl,True,2026-07-15T22:59:46.338631,2026-07-15T23:12:35.670815,C2+C4,0.481,65.11,62.28,18.3731,17.973,0.4001,25.068126007875875,15.5036595993951,0.1608,0.195,0.2358,0.2363,0.5592,0.0865,0.5933,93.2,20.6169,47.8,0.0053,0.0164,-0.0076,,NEUTRAL,CHOPPY_FLAT,0.2195,0.0917,0.9777,0.6203,23.8,28.6,66765720.93963,32,3,21.2383,50.8,54.5,0.0907,52.0,50.9
343,ZBTUSDT,LONG_UNMATCHED_ONLY,LONG,SHORT,0.09067,0.2022,0.4522,-0.0772,trail,True,2026-07-15T22:59:46.338615,2026-07-15T23:05:13.616607,C2+C4,0.481,65.11,62.28,18.3731,17.973,0.4001,25.068126007875875,15.5036595993951,0.1608,0.195,0.2358,0.2363,0.5592,0.0865,0.5933,93.2,20.6169,47.8,0.0053,0.0164,-0.0076,,NEUTRAL,CHOPPY_FLAT,0.2195,0.0917,0.9777,0.6203,23.8,28.6,66765720.93963,32,3,21.2383,50.8,54.5,0.0907,52.0,50.9
341,KAITOUSDT,PASS:LONG_UNMATCHED_ONLY,LONG,LONG,0.7681,0.6353,0.8853,-0.1042,trail,True,2026-07-15T22:16:04.567661,2026-07-15T22:32:48.392654,C2,0.3049,64.47,58.1,29.9066,30.3125,-0.4059,26.278126032826933,15.891794269087594,0.061,0.0924,0.1953,0.1957,0.4306,0.6265,0.3495,77.3,27.1195,36.0,-0.0287,0.0068,-0.0552,,BEARISH,HEALTHY_BEAR,0.1221,0.4037,0.5385,0.7996,45.2,38.1,93098160.24334,19,2,27.2497,36.3,34.9,0.0832,50.1,50.9
340,KAITOUSDT,LONG_UNMATCHED_ONLY,LONG,SHORT,0.7681,-0.7,0.1042,-0.703,sl,True,2026-07-15T22:16:04.567644,2026-07-15T22:25:02.668261,C2,0.3049,64.47,58.1,29.9066,30.3125,-0.4059,26.278126032826933,15.891794269087594,0.061,0.0924,0.1953,0.1957,0.4306,0.6265,0.3495,77.3,27.1195,36.0,-0.0287,0.0068,-0.0552,,BEARISH,HEALTHY_BEAR,0.1221,0.4037,0.5385,0.7996,45.2,38.1,93098160.24334,19,2,27.2497,36.3,34.9,0.0832,50.1,50.9
342,TAOUSDT,PASS:FLIP_SHORT_BTC1H_SLOPE,SHORT,SHORT,199.26,0.1104,0.3011,-0.2559,horizon,True,2026-07-15T21:53:51.497778,2026-07-15T22:38:51.795843,,0.17,61.48,59.73,17.588,17.1957,0.3922,29.01591251331872,18.284722771334266,0.0513,0.0601,0.1079,0.108,0.2381,0.1089,0.2195,93.9,26.6289,38.4,-0.0417,0.0332,-0.0672,-0.1464,BEARISH,HEALTHY_BEAR,0.089,0.0644,0.4696,0.7142,31.0,47.6,84629296.25,21,0,25.1376,34.9,46.0,0.0866,50.5,55.3
337,XLMUSDT,PASS:LONG_UNMATCHED_ONLY,LONG,LONG,0.18834,0.573,0.823,0.0,trail,True,2026-07-15T21:35:58.407417,2026-07-15T22:03:47.185535,W4+W6,0.3211,60.47,66.37,20.2125,19.6838,0.5288,33.01114761074009,18.93937757354823,0.0956,0.1206,0.0586,0.0586,0.2826,0.1749,0.2751,70.1,22.2873,33.9,-0.0467,0.0323,-0.1398,,BEARISH,HEALTHY_BEAR,0.1606,0.1075,0.3276,1.1124,38.1,38.1,69699620.8636,29,4,20.587,35.4,46.6,0.0953,50.4,55.3
335,XLMUSDT,LONG_UNMATCHED_ONLY,LONG,SHORT,0.18834,-0.7,0.0,-0.7062,sl,True,2026-07-15T21:35:58.407395,2026-07-15T22:00:27.646939,W4+W6,0.3211,60.47,66.37,20.2125,19.6838,0.5288,33.01114761074009,18.93937757354823,0.0956,0.1206,0.0586,0.0586,0.2826,0.1749,0.2751,70.1,22.2873,33.9,-0.0467,0.0323,-0.1398,,BEARISH,HEALTHY_BEAR,0.1606,0.1075,0.3276,1.1124,38.1,38.1,69699620.8636,29,4,20.587,35.4,46.6,0.0953,50.4,55.3
334,XLMUSDT,PASS:FLIP_SHORT_BTC1H_SLOPE,SHORT,SHORT,0.18832,-0.7,0.0,-0.7009,sl,True,2026-07-15T21:33:45.329250,2026-07-15T21:56:54.262733,,0.3179,60.31,65.25,19.7008,19.1331,0.5677,33.41342316654801,19.17254748074032,0.1039,0.1177,0.0968,0.0969,0.3007,0.1423,0.3188,69.6,20.3262,38.6,-0.028,0.0397,-0.0931,-0.1092,BEARISH,HEALTHY_BEAR,0.1856,0.0893,0.4162,1.5707,47.6,31.0,69745262.88249,29,2,19.0573,39.2,40.1,0.0929,51.8,55.3
338,LTCUSDT,PASS:FLIP_SHORT_BTC1H_SLOPE,SHORT,SHORT,45.16,0.2814,0.5314,-0.0443,trail,True,2026-07-15T21:27:04.982840,2026-07-15T22:09:53.622854,,0.1038,61.0,47.32,17.2394,17.9074,-0.6679,20.924201991877734,17.625766520194208,0.0348,0.0409,0.0827,0.0827,0.1522,-0.0645,0.1586,90.6,18.1175,44.4,-0.0199,0.0483,-0.0371,-0.09,NEUTRAL,CHOPPY_FLAT,0.04,-0.0296,0.4034,1.1662,42.9,28.6,78700033.9,23,0,17.394,46.0,48.8,0.0885,53.6,55.3
339,XRPUSDT,PASS:FLIP_SHORT_BTC1H_SLOPE,SHORT,SHORT,1.1142,-0.1705,0.1526,-0.2423,horizon,True,2026-07-15T21:26:44.901846,2026-07-15T22:11:45.730911,,0.0854,62.22,53.08,18.0559,17.5124,0.5435,24.94215106728311,14.926470935184236,0.0387,0.0344,0.0878,0.0879,0.1511,-0.099,0.161,91.5,18.1175,44.4,-0.0199,0.0483,-0.0371,-0.09,NEUTRAL,CHOPPY_FLAT,0.0437,-0.06,0.4034,0.9029,42.9,28.6,466028019.5112,6,0,17.394,46.0,48.8,0.0885,53.6,55.3
336,TUSDT,PASS:FLIP_SHORT_BTC1H_SLOPE,SHORT,SHORT,0.004099,-0.7,0.4391,-0.8539,sl,True,2026-07-15T21:25:38.481794,2026-07-15T22:01:48.492500,,0.1226,58.62,50.75,17.6151,16.9562,0.6589,25.211229533705566,14.749469364496068,0.0673,0.0438,0.1613,0.1616,0.3358,0.1498,0.2728,84.4,18.1175,45.8,-0.0184,0.049,-0.0231,-0.0883,NEUTRAL,CHOPPY_FLAT,0.0634,0.0699,0.3779,0.5997,47.6,28.6,31283107.789096,48,0,17.394,46.0,48.8,0.0869,53.8,55.3
333,INJUSDT,PASS:FLIP_SHORT_BTC1H_SLOPE,SHORT,SHORT,5.125,0.2927,0.3902,-0.3317,horizon,True,2026-07-15T20:14:23.544585,2026-07-15T20:59:24.502918,,0.1096,63.47,52.28,17.6075,17.0522,0.5553,27.507023269104884,16.565315031772354,0.0913,0.0368,0.3177,0.3187,0.3016,-0.1153,0.4473,76.6,20.1158,48.6,-0.0023,0.0412,0.0051,-0.1077,NEUTRAL,CHOPPY_FLAT,0.082,-0.1424,0.6869,1.1992,19.0,59.5,29873745.6806,50,0,20.0811,48.2,52.3,0.1234,54.5,55.4
332,0GUSDT,PASS:MOMENTUM_SHORT_DEEPGAP,SHORT,SHORT,0.1909,-0.7,0.0524,-0.7334,sl,True,2026-07-15T20:12:10.313926,2026-07-15T20:13:43.409996,,0.7453,33.32,33.69,20.8579,19.7006,1.1574,14.093928069474714,29.883300120187396,0.1495,0.2721,0.0845,-0.0844,0.5395,-1.1999,-0.5053,11.1,20.1158,50.2,0.0,0.0436,0.0261,-0.1051,NEUTRAL,CHOPPY_FLAT,-0.2831,-0.8121,,,,,,,2,20.0811,48.2,52.3,0.1213,55.0,55.4
331,LITUSDT,PASS:MOMENTUM_SHORT_DEEPGAP,SHORT,SHORT,2.45,0.4684,0.7184,-0.1265,trail,True,2026-07-15T19:20:00.378833,2026-07-15T19:28:43.392014,,0.526,38.15,41.62,22.7353,22.1565,0.5788,16.43063761567253,30.68873447866015,0.1656,0.1677,0.3248,-0.3238,0.7087,-1.0044,-0.6557,15.9,20.2471,35.2,-0.0548,0.0407,-0.2068,-0.1577,BEARISH,HEALTHY_BEAR,-0.2402,-0.5101,,,,,,,1,18.631,42.5,45.2,0.1396,51.5,52.8
324,TUSDT,PASS:FLIP_SHORT_BTC1H_SLOPE,SHORT,SHORT,0.004017,-0.7,0.0747,-0.7219,sl,True,2026-07-15T17:40:36.560570,2026-07-15T17:45:30.865716,,0.0856,55.29,48.32,28.4942,30.5033,-2.0091,20.08170791233713,19.1498245592779,0.09,0.0392,0.1936,0.194,0.4783,-0.5323,0.3235,83.3,19.8301,45.8,-0.0335,0.1952,-0.0103,-0.1164,BEARISH,HEALTHY_BEAR,0.079,-0.3574,0.2877,0.6297,35.7,42.9,30678204.782564,47,1,19.492,41.6,46.8,0.177,58.5,60.3
327,DOTUSDT,PASS:FLIP_SHORT_BTC1H_SLOPE,SHORT,SHORT,0.851,-0.7,0.1175,-0.7051,sl,True,2026-07-15T17:40:36.545413,2026-07-15T18:12:36.345929,,0.0519,53.05,50.07,22.1252,23.825,-1.6998,18.760203512823338,18.749763342083362,0.0677,0.0333,0.0727,0.0727,0.326,-0.3196,0.1738,71.4,19.8301,45.8,-0.0335,0.1952,-0.0103,-0.1164,BEARISH,HEALTHY_BEAR,0.045,-0.243,0.2877,0.2187,35.7,42.9,39897343.703,39,0,19.492,41.6,46.8,0.177,58.5,60.3
330,ADAUSDT,PASS:FLIP_SHORT_BTC1H_SLOPE,SHORT,SHORT,0.1647,-0.3036,0.2429,-0.3643,horizon,True,2026-07-15T17:37:16.624590,2026-07-15T18:22:17.526144,,0.0667,56.11,50.48,29.4503,31.4021,-1.9518,21.523651323470432,23.35328816208539,0.0978,0.0398,0.2022,0.2026,0.3522,-0.4239,0.3406,68.6,19.8301,40.8,-0.0422,0.186,-0.0893,-0.1259,BEARISH,HEALTHY_BEAR,0.0618,-0.3453,0.3445,0.3806,28.6,50.0,147683648.0853,12,1,19.492,41.6,46.8,0.1689,56.7,60.3
329,ONDOUSDT,PASS:FLIP_SHORT_BTC1H_SLOPE,SHORT,SHORT,0.3322,-0.3311,0.2408,-0.3913,horizon,True,2026-07-15T17:36:10.025114,2026-07-15T18:21:10.290306,,0.1033,55.35,50.85,16.6665,17.9241,-1.2576,20.036179215155997,19.909314704346777,0.0772,0.0494,0.1641,0.1644,0.3824,0.0232,0.2913,75.4,19.7497,40.1,-0.0439,0.1851,-0.1039,-0.1277,BEARISH,HEALTHY_BEAR,0.0509,-0.0497,0.3196,0.3335,23.8,47.6,61566598.95844,33,0,19.492,41.6,46.8,0.1679,56.5,60.3
328,LINKUSDT,PASS:FLIP_SHORT_BTC1H_SLOPE,SHORT,SHORT,8.522,-0.3168,0.1291,-0.5046,horizon,True,2026-07-15T17:30:36.486875,2026-07-15T18:15:37.075761,,0.0979,58.26,53.85,18.1113,18.7205,-0.6092,24.492180411211166,19.961706015225765,0.082,0.0421,0.1654,0.1656,0.2726,-0.0552,0.29,74.5,19.6277,43.3,-0.0333,0.192,-0.0504,-0.1154,BEARISH,HEALTHY_BEAR,0.0683,-0.1151,0.3231,0.5123,26.2,52.4,88634946.576,18,0,19.4564,43.3,46.0,0.1682,57.9,60.3
325,HYPEUSDT,PASS:FLIP_SHORT_BTC1H_SLOPE,SHORT,SHORT,68.0,0.2853,0.5353,0.0,trail,True,2026-07-15T17:26:09.302845,2026-07-15T17:46:07.972324,,0.1206,57.98,50.36,27.8297,29.9564,-2.1267,22.260294132695467,22.178901407255967,0.0968,0.0557,0.2077,0.2082,0.3309,-0.3153,0.3611,90.0,19.1469,45.3,-0.0375,0.1965,-0.0191,-0.1078,BEARISH,HEALTHY_BEAR,0.0728,-0.2704,0.3441,0.5824,23.8,64.3,627188138.77246,5,1,19.2297,44.5,46.6,0.1736,58.7,60.3
326,XLMUSDT,PASS:FLIP_SHORT_BTC1H_SLOPE,SHORT,SHORT,0.18799,-0.266,0.2341,-0.4362,horizon,True,2026-07-15T17:25:02.712617,2026-07-15T18:10:03.571403,,0.1667,58.17,51.6,20.1673,20.4829,-0.3156,24.723832261780625,17.87985320110397,0.0731,0.0762,0.2673,0.268,0.4395,-0.0397,0.4177,91.2,19.232,42.5,-0.053,0.1911,-0.073,-0.1129,BEARISH,HEALTHY_BEAR,0.0569,-0.0236,0.4729,0.5951,19.0,64.3,69771798.44311,25,0,19.1843,40.5,43.4,0.1858,57.7,60.3
323,UNIUSDT,PASS:FLIP_SHORT_BTC1H_SLOPE,SHORT,SHORT,3.665,0.3547,0.4638,-0.5457,horizon,True,2026-07-15T16:57:16.178535,2026-07-15T17:42:16.233738,,0.1857,56.52,53.17,15.5636,16.3323,-0.7687,23.03192277416448,20.601345521372984,0.0878,0.0531,0.2328,0.2334,0.4947,0.2976,0.3747,70.0,20.6926,41.5,-0.0607,0.257,-0.1137,-0.1049,BEARISH,HEALTHY_BEAR,0.122,0.1328,0.6007,0.9275,14.3,81.0,63588256.515,31,2,20.7054,43.4,41.5,0.2081,57.8,70.5
322,LINKUSDT,PASS:FLIP_SHORT_BTC1H_SLOPE,SHORT,SHORT,8.574,0.3032,0.3965,-0.07,horizon,True,2026-07-15T15:14:52.312941,2026-07-15T15:59:53.077635,,0.3117,60.19,62.51,24.8273,24.0641,0.7632,30.35281578188109,14.698199725665924,0.1024,0.1016,0.0569,0.0569,0.3686,0.6196,0.261,70.1,20.8463,56.3,0.0329,0.2974,0.0721,0.3284,BULLISH,HEALTHY_BULL,0.1556,0.3509,0.5958,0.9579,19.0,57.1,90903279.965,18,2,21.5537,57.2,57.0,0.2423,70.3,70.1
321,LITUSDT,PASS:FLIP_SHORT_BTC1H_SLOPE,SHORT,SHORT,2.563,0.5225,0.7725,-0.1951,trail,True,2026-07-15T15:00:24.523616,2026-07-15T15:04:54.019965,,0.3247,58.11,55.84,22.7057,22.3838,0.3219,25.98786202965892,14.973350737068625,0.2139,0.1302,0.3499,0.3512,0.7396,-0.4095,0.6968,71.2,23.7737,57.2,0.0661,0.2898,0.0811,0.3477,BULLISH,HEALTHY_BULL,0.2127,-0.417,0.71,0.7769,33.3,42.9,62061949.47913,32,2,24.3273,58.2,57.7,0.2498,70.2,65.6
320,SXTUSDT,PASS:FLIP_SHORT_BTC1H_SLOPE,SHORT,SHORT,0.00894,-0.7,0.2349,-0.7271,sl,True,2026-07-15T13:55:55.432951,2026-07-15T13:59:55.594228,,0.1158,52.16,48.26,17.3454,17.2963,0.0491,22.631048842761622,15.731983353350445,0.0701,0.0505,0.0679,0.068,0.8376,0.1191,0.1886,54.0,33.8813,46.3,-0.0608,0.1971,-0.2228,0.3194,BEARISH,STRONG_BEAR,0.0268,0.0314,1.402,0.9802,16.7,73.8,80392024.65926,20,2,35.8908,46.6,64.5,0.2432,62.4,67.0
319,ONDOUSDT,PASS:FLIP_SHORT_BTC1H_SLOPE,SHORT,SHORT,0.3207,-0.2183,0.1559,-0.6236,horizon,True,2026-07-15T10:39:40.211170,2026-07-15T11:24:40.759397,,0.0677,63.25,43.52,16.2628,15.3655,0.8973,34.26473240322509,19.304040758500964,0.0357,0.0154,0.2598,0.2605,0.2394,0.0603,0.3116,64.7,18.3143,44.6,-0.0409,0.1161,-0.0552,-0.0348,BEARISH,HEALTHY_BEAR,0.0296,0.0163,1.0972,1.3711,42.9,42.9,47499505.15149,36,0,19.1991,39.0,58.6,0.1112,57.5,57.3
317,INJUSDT,PASS:LONG_UNMATCHED_ONLY,LONG,LONG,4.962,0.536,0.786,-0.0806,trail,True,2026-07-15T10:31:53.865727,2026-07-15T11:07:31.643917,C4,0.2658,64.85,58.2,24.9322,24.5435,0.3887,27.756606492437413,14.950758893784458,0.0704,0.0994,0.1382,0.1384,0.266,0.1469,0.3085,92.5,19.1214,40.9,-0.0433,0.1117,-0.1141,,BEARISH,HEALTHY_BEAR,0.098,0.0872,0.7493,0.7573,42.9,47.6,31976687.3966,48,2,19.7135,38.9,53.1,0.1112,56.7,57.3
309,SXTUSDT,PASS:LONG_UNMATCHED_ONLY,LONG,LONG,0.009003,-0.7,0.0,-0.7331,sl,True,2026-07-15T10:27:27.031723,2026-07-15T10:33:56.372112,C2+C4,0.4918,57.11,53.52,23.5043,24.1994,-0.6951,18.449406519919233,13.785602123779043,0.0879,0.146,0.2482,0.2488,0.9682,1.3222,0.4835,66.7,19.1399,40.7,-0.0273,0.1128,-0.1261,,BEARISH,HEALTHY_BEAR,0.2013,0.8469,0.7278,0.5183,42.9,42.9,110636266.403051,17,4,20.2952,42.4,40.1,0.1094,56.9,57.3
307,SXTUSDT,LONG_UNMATCHED_ONLY,LONG,SHORT,0.009003,0.3831,0.6331,0.0,trail,True,2026-07-15T10:27:27.031700,2026-07-15T10:30:37.602066,C2+C4,0.4918,57.11,53.52,23.5043,24.1994,-0.6951,18.449406519919233,13.785602123779043,0.0879,0.146,0.2482,0.2488,0.9682,1.3222,0.4835,66.7,19.1399,40.7,-0.0273,0.1128,-0.1261,,BEARISH,HEALTHY_BEAR,0.2013,0.8469,0.7278,0.5183,42.9,42.9,110636266.403051,17,4,20.2952,42.4,40.1,0.1094,56.9,57.3
312,NEARUSDT,PASS:LONG_UNMATCHED_ONLY,LONG,LONG,2.037,0.9282,1.1782,-0.0982,trail,True,2026-07-15T10:27:27.020045,2026-07-15T10:48:06.883108,C2+W4,0.2822,57.25,55.28,26.8034,26.5668,0.2366,25.222077489202775,13.617123546355447,0.0442,0.0997,0.0256,-0.0256,0.3164,0.4511,0.1183,73.9,19.1399,40.7,-0.0273,0.1128,-0.1261,,BEARISH,HEALTHY_BEAR,0.0981,0.3128,0.7278,1.009,42.9,42.9,126753856.485,16,2,20.2952,42.4,40.1,0.1094,56.9,57.3
313,EGLDUSDT,PASS:LONG_UNMATCHED_ONLY,LONG,LONG,3.296,0.2051,0.4551,-0.2731,trail,True,2026-07-15T10:23:00.737473,2026-07-15T10:49:08.091471,C2+W4,0.2705,58.39,62.88,28.9789,28.0332,0.9457,31.841708251838362,13.236371740206385,0.0771,0.0966,0.0164,0.0164,0.4321,0.283,0.1902,57.1,21.1976,48.8,0.0029,0.1262,-0.0227,,NEUTRAL,CHOPPY_FLAT,0.1311,0.1732,0.7508,0.9303,59.5,19.0,35728143.945,45,5,21.5884,49.5,41.4,0.1041,58.9,57.3
314,EGLDUSDT,LONG_UNMATCHED_ONLY,LONG,SHORT,3.296,-0.7,0.2731,-0.7282,sl,True,2026-07-15T10:23:00.737450,2026-07-15T10:50:50.527053,C2+W4,0.2705,58.39,62.88,28.9789,28.0332,0.9457,31.841708251838362,13.236371740206385,0.0771,0.0966,0.0164,0.0164,0.4321,0.283,0.1902,57.1,21.1976,48.8,0.0029,0.1262,-0.0227,,NEUTRAL,CHOPPY_FLAT,0.1311,0.1732,0.7508,0.9303,59.5,19.0,35728143.945,45,5,21.5884,49.5,41.4,0.1041,58.9,57.3
318,WLDUSDT,PASS:LONG_UNMATCHED_ONLY,LONG,LONG,0.4112,0.5593,0.7296,-0.4377,horizon,True,2026-07-15T10:23:00.642523,2026-07-15T11:08:00.728695,C2+C4,0.2243,58.91,62.56,19.7946,20.4905,-0.6958,24.117297206625913,19.435915628529276,0.0613,0.0874,0.0753,0.0753,0.374,0.0938,0.2243,71.0,21.1976,48.8,0.0029,0.1262,-0.0227,,NEUTRAL,CHOPPY_FLAT,0.096,0.0752,0.7508,0.665,59.5,19.0,151274404.8712,12,3,21.5884,49.5,41.4,0.1041,58.9,57.3
316,WLDUSDT,LONG_UNMATCHED_ONLY,LONG,SHORT,0.4112,-0.7,0.4377,-0.7053,sl,True,2026-07-15T10:23:00.642502,2026-07-15T11:06:39.438607,C2+C4,0.2243,58.91,62.56,19.7946,20.4905,-0.6958,24.117297206625913,19.435915628529276,0.0613,0.0874,0.0753,0.0753,0.374,0.0938,0.2243,71.0,21.1976,48.8,0.0029,0.1262,-0.0227,,NEUTRAL,CHOPPY_FLAT,0.096,0.0752,0.7508,0.665,59.5,19.0,151274404.8712,12,3,21.5884,49.5,41.4,0.1041,58.9,57.3
304,DEXEUSDT,PASS:LONG_UNMATCHED_ONLY,LONG,LONG,37.68,0.4931,0.7431,-0.5308,trail,True,2026-07-15T10:10:46.701834,2026-07-15T10:18:34.943408,C4+C7+C9,0.4386,50.85,59.43,18.5071,18.1614,0.3457,26.16217891202558,16.377325485656847,0.1231,0.2215,0.304,-0.303,1.2122,-0.858,0.0407,55.2,21.9718,58.6,0.0284,0.1391,0.0963,,BULLISH,HEALTHY_BULL,0.1904,-0.5017,0.7071,0.7324,61.9,14.3,84675553.91427,23,4,21.582,58.6,43.8,0.1055,60.7,57.3
302,DEXEUSDT,LONG_UNMATCHED_ONLY,LONG,SHORT,37.68,0.2542,0.5042,-0.1062,trail,True,2026-07-15T10:10:46.701812,2026-07-15T10:12:57.557398,C4+C7+C9,0.4386,50.85,59.43,18.5071,18.1614,0.3457,26.16217891202558,16.377325485656847,0.1231,0.2215,0.304,-0.303,1.2122,-0.858,0.0407,55.2,21.9718,58.6,0.0284,0.1391,0.0963,,BULLISH,HEALTHY_BULL,0.1904,-0.5017,0.7071,0.7324,61.9,14.3,84675553.91427,23,4,21.582,58.6,43.8,0.1055,60.7,57.3
315,1000PEPEUSDT,PASS:LONG_UNMATCHED_ONLY,LONG,LONG,0.0027841,-0.1473,0.3556,-0.4921,horizon,True,2026-07-15T10:06:19.743645,2026-07-15T10:51:20.637722,C4,0.134,60.71,47.83,24.9159,25.0913,-0.1754,27.608026758971764,17.416575500967383,0.0323,0.0522,0.1369,0.1371,0.2504,0.0228,0.2217,76.5,21.4446,58.6,0.0048,0.1392,0.1135,,NEUTRAL,CHOPPY_FLAT,0.0487,0.0622,0.7949,0.7099,54.8,19.0,178369969.1977529,10,3,21.2019,53.1,52.6,0.1118,60.7,57.3
308,1000PEPEUSDT,LONG_UNMATCHED_ONLY,LONG,SHORT,0.0027841,0.2421,0.4921,-0.3556,trail,True,2026-07-15T10:06:19.743622,2026-07-15T10:33:02.178630,C4,0.134,60.71,47.83,24.9159,25.0913,-0.1754,27.608026758971764,17.416575500967383,0.0323,0.0522,0.1369,0.1371,0.2504,0.0228,0.2217,76.5,21.4446,58.6,0.0048,0.1392,0.1135,,NEUTRAL,CHOPPY_FLAT,0.0487,0.0622,0.7949,0.7099,54.8,19.0,178369969.1977529,10,3,21.2019,53.1,52.6,0.1118,60.7,57.3
305,INJUSDT,PASS:LONG_UNMATCHED_ONLY,LONG,LONG,4.938,0.2968,0.5468,0.0,trail,True,2026-07-15T10:01:53.001671,2026-07-15T10:23:30.015618,C4+C5,0.0825,56.74,50.61,20.1861,20.4203,-0.2342,24.037130981209838,17.00241694505791,0.016,0.0345,0.09,0.09,0.253,-0.079,0.1406,68.1,20.3978,44.5,-0.0303,0.1193,-0.0588,,BEARISH,HEALTHY_BEAR,0.0271,-0.0243,0.8225,0.5776,40.5,40.5,31847883.5574,48,3,21.4123,40.1,53.8,0.1065,58.0,57.3
310,INJUSDT,LONG_UNMATCHED_ONLY,LONG,SHORT,4.938,-0.7,0.0,-0.7493,sl,True,2026-07-15T10:01:53.001646,2026-07-15T10:36:18.855179,C4+C5,0.0825,56.74,50.61,20.1861,20.4203,-0.2342,24.037130981209838,17.00241694505791,0.016,0.0345,0.09,0.09,0.253,-0.079,0.1406,68.1,20.3978,44.5,-0.0303,0.1193,-0.0588,,BEARISH,HEALTHY_BEAR,0.0271,-0.0243,0.8225,0.5776,40.5,40.5,31847883.5574,48,3,21.4123,40.1,53.8,0.1065,58.0,57.3
301,NEARUSDT,PASS:LONG_UNMATCHED_ONLY,LONG,LONG,2.032,0.2421,0.4921,-0.0492,trail,True,2026-07-15T09:57:26.525866,2026-07-15T10:12:23.456780,C2+W4,0.3175,58.51,65.88,25.283,24.4217,0.8613,27.77738880116378,12.928046326631538,0.0648,0.1188,0.0465,-0.0465,0.3158,0.3707,0.1371,75.0,21.2328,39.4,-0.0288,0.1069,-0.1245,,BEARISH,HEALTHY_BEAR,0.1454,0.2624,0.9076,0.8327,40.5,35.7,126783317.36,16,4,22.683,41.4,58.5,0.1013,57.1,60.2
311,NEARUSDT,LONG_UNMATCHED_ONLY,LONG,SHORT,2.032,-0.2461,0.0492,-0.5413,horizon,True,2026-07-15T09:57:26.525842,2026-07-15T10:42:26.638264,C2+W4,0.3175,58.51,65.88,25.283,24.4217,0.8613,27.77738880116378,12.928046326631538,0.0648,0.1188,0.0465,-0.0465,0.3158,0.3707,0.1371,75.0,21.2328,39.4,-0.0288,0.1069,-0.1245,,BEARISH,HEALTHY_BEAR,0.1454,0.2624,0.9076,0.8327,40.5,35.7,126783317.36,16,4,22.683,41.4,58.5,0.1013,57.1,60.2
292,TUSDT,PASS:LONG_UNMATCHED_ONLY,LONG,LONG,0.004131,-0.7,0.121,-0.7746,sl,True,2026-07-15T09:49:40.171455,2026-07-15T10:00:05.483941,W6,0.3551,56.24,66.95,26.5727,26.8158,-0.2431,21.90148160689425,13.591592791963661,0.0664,0.1468,0.1722,-0.1719,0.4508,0.1549,0.041,64.7,24.3701,46.7,-0.0105,0.1172,-0.0561,,NEUTRAL,CHOPPY_FLAT,0.1257,0.1211,1.2312,0.741,57.1,26.2,36111418.602621,44,5,25.9329,43.8,66.8,0.1072,59.1,60.2
294,TUSDT,LONG_UNMATCHED_ONLY,LONG,SHORT,0.004131,0.6457,0.8957,-0.121,trail,True,2026-07-15T09:49:40.171434,2026-07-15T10:03:03.351853,W6,0.3551,56.24,66.95,26.5727,26.8158,-0.2431,21.90148160689425,13.591592791963661,0.0664,0.1468,0.1722,-0.1719,0.4508,0.1549,0.041,64.7,24.3701,46.7,-0.0105,0.1172,-0.0561,,NEUTRAL,CHOPPY_FLAT,0.1257,0.1211,1.2312,0.741,57.1,26.2,36111418.602621,44,5,25.9329,43.8,66.8,0.1072,59.1,60.2
295,XPLUSDT,PASS:LONG_UNMATCHED_ONLY,LONG,LONG,0.09387,0.304,0.554,-0.0852,trail,True,2026-07-15T09:47:26.513258,2026-07-15T10:04:52.696627,C2+W6,0.38,57.17,65.59,26.2301,26.3298,-0.0997,29.69057616031463,17.839252201618812,0.0781,0.1588,0.1425,-0.1423,0.3811,0.1722,0.0943,63.9,24.4546,43.7,-0.0139,0.1138,-0.0864,,NEUTRAL,CHOPPY_FLAT,0.1402,0.144,1.0571,1.0089,52.4,26.2,35552778.34567,46,5,25.9329,43.8,66.8,0.1036,58.4,60.2
298,XPLUSDT,LONG_UNMATCHED_ONLY,LONG,SHORT,0.09387,-0.7,0.0852,-0.7244,sl,True,2026-07-15T09:47:26.513229,2026-07-15T10:06:25.104968,C2+W6,0.38,57.17,65.59,26.2301,26.3298,-0.0997,29.69057616031463,17.839252201618812,0.0781,0.1588,0.1425,-0.1423,0.3811,0.1722,0.0943,63.9,24.4546,43.7,-0.0139,0.1138,-0.0864,,NEUTRAL,CHOPPY_FLAT,0.1402,0.144,1.0571,1.0089,52.4,26.2,35552778.34567,46,5,25.9329,43.8,66.8,0.1036,58.4,60.2
291,DEXEUSDT,PASS:FLIP_SHORT_BTC1H_SLOPE,SHORT,SHORT,37.62,0.2019,0.4519,-0.3721,trail,True,2026-07-15T09:46:19.872327,2026-07-15T09:53:37.357447,,0.252,52.07,52.1,17.9565,18.6454,-0.6889,23.24778244167252,19.408439203092712,0.2216,0.1435,0.1569,0.1571,1.2729,-1.5331,0.5231,67.4,24.4546,44.5,-0.0129,0.1148,-0.0779,0.0205,NEUTRAL,CHOPPY_FLAT,0.1885,-1.1147,0.8972,0.6803,54.8,21.4,83975305.50815,23,2,25.9329,43.8,66.8,0.1033,58.6,60.2
296,EGLDUSDT,PASS:LONG_UNMATCHED_ONLY,LONG,LONG,3.29,0.5403,0.7903,-0.6383,trail,True,2026-07-15T09:45:13.418391,2026-07-15T10:05:41.883815,C2+W4,0.1943,59.06,53.51,23.329,22.7395,0.5894,28.212363582771772,14.862692124757437,0.0547,0.0677,0.0885,0.0886,0.4001,0.2128,0.211,49.3,25.9349,44.6,-0.0007,0.1148,-0.0882,,NEUTRAL,CHOPPY_FLAT,0.0737,0.12,1.1402,0.5658,64.3,16.7,35699784.128,45,3,27.5277,52.6,63.4,0.1102,58.6,60.2
293,EGLDUSDT,LONG_UNMATCHED_ONLY,LONG,SHORT,3.29,0.3883,0.6383,-0.0304,trail,True,2026-07-15T09:45:13.418370,2026-07-15T10:02:32.214537,C2+W4,0.1943,59.06,53.51,23.329,22.7395,0.5894,28.212363582771772,14.862692124757437,0.0547,0.0677,0.0885,0.0886,0.4001,0.2128,0.211,49.3,25.9349,44.6,-0.0007,0.1148,-0.0882,,NEUTRAL,CHOPPY_FLAT,0.0737,0.12,1.1402,0.5658,64.3,16.7,35699784.128,45,3,27.5277,52.6,63.4,0.1102,58.6,60.2
300,HEIUSDT,PASS:FLIP_SHORT_BTC1H_SLOPE,SHORT,SHORT,0.10181,0.2215,0.4715,-0.4813,trail,True,2026-07-15T09:41:53.870792,2026-07-15T10:11:00.171432,,0.2363,56.4,57.42,24.4093,23.6621,0.7472,28.386659542678778,13.942649668905846,0.0823,0.0845,0.1004,0.1005,0.6873,0.0046,0.2675,58.8,26.2646,44.6,-0.0008,0.1151,-0.089,0.0303,NEUTRAL,CHOPPY_FLAT,0.1247,-0.0252,0.9929,0.99,64.3,16.7,39162666.725286,42,2,27.5277,52.6,63.4,0.108,58.7,60.2
303,ARBUSDT,PASS:LONG_UNMATCHED_ONLY,LONG,LONG,0.08876,0.3696,0.6196,-0.2253,trail,True,2026-07-15T09:41:53.864705,2026-07-15T10:16:29.517380,C2,0.2053,58.25,59.9,27.3008,27.543,-0.2423,27.77495912330655,16.968791612581143,0.0642,0.0971,0.0197,0.0197,0.2726,-0.3361,0.1811,69.8,26.2646,44.6,-0.0008,0.1151,-0.089,,NEUTRAL,CHOPPY_FLAT,0.0787,-0.2078,0.9929,0.6733,64.3,16.7,41174475.747385,39,2,27.5277,52.6,63.4,0.108,58.7,60.2
306,ARBUSDT,LONG_UNMATCHED_ONLY,LONG,SHORT,0.08876,-0.1239,0.2253,-0.6196,horizon,True,2026-07-15T09:41:53.864686,2026-07-15T10:26:54.784120,C2,0.2053,58.25,59.9,27.3008,27.543,-0.2423,27.77495912330655,16.968791612581143,0.0642,0.0971,0.0197,0.0197,0.2726,-0.3361,0.1811,69.8,26.2646,44.6,-0.0008,0.1151,-0.089,,NEUTRAL,CHOPPY_FLAT,0.0787,-0.2078,0.9929,0.6733,64.3,16.7,41174475.747385,39,2,27.5277,52.6,63.4,0.108,58.7,60.2
299,WLDUSDT,PASS:LONG_UNMATCHED_ONLY,LONG,LONG,0.4101,0.4815,0.7315,-0.4145,trail,True,2026-07-15T09:41:53.792161,2026-07-15T10:08:54.652752,C2,0.199,55.64,57.81,24.8202,26.4478,-1.6275,19.454510315929223,20.933615220103025,0.0694,0.0893,0.0015,-0.0015,0.389,-0.0785,0.1572,81.6,26.2646,44.6,-0.0008,0.1151,-0.089,,NEUTRAL,CHOPPY_FLAT,0.0743,-0.0864,0.9929,0.4305,64.3,16.7,153111898.3993,12,3,27.5277,52.6,63.4,0.108,58.7,60.2
297,WLDUSDT,LONG_UNMATCHED_ONLY,LONG,SHORT,0.4101,-0.7,0.4145,-0.7071,sl,True,2026-07-15T09:41:53.792142,2026-07-15T10:06:12.059832,C2,0.199,55.64,57.81,24.8202,26.4478,-1.6275,19.454510315929223,20.933615220103025,0.0694,0.0893,0.0015,-0.0015,0.389,-0.0785,0.1572,81.6,26.2646,44.6,-0.0008,0.1151,-0.089,,NEUTRAL,CHOPPY_FLAT,0.0743,-0.0864,0.9929,0.4305,64.3,16.7,153111898.3993,12,3,27.5277,52.6,63.4,0.108,58.7,60.2
286,LITUSDT,PASS:LONG_UNMATCHED_ONLY,LONG,LONG,2.5948,0.4514,0.7014,-0.1002,trail,True,2026-07-15T09:01:53.394650,2026-07-15T09:04:48.184732,C4+C9,0.4722,58.07,61.6,20.3692,21.6918,-1.3226,24.609506251391267,23.09471094501173,0.1455,0.2115,0.131,0.1311,0.6505,-0.1561,0.4889,89.7,20.6335,56.7,0.0296,0.1221,0.0848,,BULLISH,HEALTHY_BULL,0.2303,-0.0181,0.4739,0.5948,68.3,17.1,67399126.59445,30,6,19.8546,57.2,49.2,0.1129,60.1,60.2
285,LITUSDT,LONG_UNMATCHED_ONLY,LONG,SHORT,2.5948,-0.7,0.1002,-0.7014,sl,True,2026-07-15T09:01:53.394630,2026-07-15T09:04:13.945703,C4+C9,0.4722,58.07,61.6,20.3692,21.6918,-1.3226,24.609506251391267,23.09471094501173,0.1455,0.2115,0.131,0.1311,0.6505,-0.1561,0.4889,89.7,20.6335,56.7,0.0296,0.1221,0.0848,,BULLISH,HEALTHY_BULL,0.2303,-0.0181,0.4739,0.5948,68.3,17.1,67399126.59445,30,6,19.8546,57.2,49.2,0.1129,60.1,60.2
287,KAITOUSDT,PASS:LONG_UNMATCHED_ONLY,LONG,LONG,0.7832,0.2352,0.4852,-0.383,trail,True,2026-07-15T09:01:53.363203,2026-07-15T09:15:50.951056,C4,0.3086,54.57,61.44,16.9555,16.8951,0.0604,22.623582322239237,15.806027356871489,0.0884,0.127,0.0113,-0.0113,0.7509,0.0957,0.2042,69.8,20.6335,56.7,0.0296,0.1221,0.0848,,BULLISH,HEALTHY_BULL,0.1532,0.095,0.4739,0.8165,68.3,17.1,89883942.24709,21,4,19.8546,57.2,49.2,0.1129,60.1,60.2
288,KAITOUSDT,LONG_UNMATCHED_ONLY,LONG,SHORT,0.7832,-0.7,0.383,-0.7278,sl,True,2026-07-15T09:01:53.363185,2026-07-15T09:29:18.219251,C4,0.3086,54.57,61.44,16.9555,16.8951,0.0604,22.623582322239237,15.806027356871489,0.0884,0.127,0.0113,-0.0113,0.7509,0.0957,0.2042,69.8,20.6335,56.7,0.0296,0.1221,0.0848,,BULLISH,HEALTHY_BULL,0.1532,0.095,0.4739,0.8165,68.3,17.1,89883942.24709,21,4,19.8546,57.2,49.2,0.1129,60.1,60.2
289,NEARUSDT,PASS:LONG_UNMATCHED_ONLY,LONG,LONG,2.021,0.4427,0.6927,-0.0495,trail,True,2026-07-15T09:01:53.342709,2026-07-15T09:31:00.869454,C4,0.222,56.68,58.24,19.8205,20.3099,-0.4894,26.030650250092176,19.854982056643774,0.0772,0.0967,0.0012,-0.0012,0.2902,0.0544,0.1728,78.1,20.6335,56.7,0.0296,0.1221,0.0848,,BULLISH,HEALTHY_BULL,0.0886,0.0029,0.4739,0.8819,68.3,17.1,129157386.125,17,3,19.8546,57.2,49.2,0.1129,60.1,60.2
290,NEARUSDT,LONG_UNMATCHED_ONLY,LONG,SHORT,2.021,-0.3958,0.0495,-0.6927,horizon,True,2026-07-15T09:01:53.342692,2026-07-15T09:46:54.088951,C4,0.222,56.68,58.24,19.8205,20.3099,-0.4894,26.030650250092176,19.854982056643774,0.0772,0.0967,0.0012,-0.0012,0.2902,0.0544,0.1728,78.1,20.6335,56.7,0.0296,0.1221,0.0848,,BULLISH,HEALTHY_BULL,0.0886,0.0029,0.4739,0.8819,68.3,17.1,129157386.125,17,3,19.8546,57.2,49.2,0.1129,60.1,60.2
283,PUMPUSDT,PASS:LONG_UNMATCHED_ONLY,LONG,LONG,0.00166,-0.7,0.3614,-0.7229,sl,True,2026-07-15T08:03:57.351681,2026-07-15T08:23:21.935483,W1,0.3244,58.69,49.82,29.5371,28.6461,0.891,20.97674754410509,8.752072821207573,0.0803,0.1204,0.3113,0.3123,0.8029,0.772,0.5138,82.9,24.4993,39.7,-0.0666,0.1176,-0.0924,,BEARISH,HEALTHY_BEAR,0.0847,0.523,0.8733,1.1188,17.1,73.2,138948357.962392,14,3,25.2719,34.4,33.3,0.1407,56.9,55.7
282,PUMPUSDT,LONG_UNMATCHED_ONLY,LONG,SHORT,0.00166,0.4127,0.6627,-0.3614,trail,True,2026-07-15T08:03:57.351663,2026-07-15T08:22:13.721395,W1,0.3244,58.69,49.82,29.5371,28.6461,0.891,20.97674754410509,8.752072821207573,0.0803,0.1204,0.3113,0.3123,0.8029,0.772,0.5138,82.9,24.4993,39.7,-0.0666,0.1176,-0.0924,,BEARISH,HEALTHY_BEAR,0.0847,0.523,0.8733,1.1188,17.1,73.2,138948357.962392,14,3,25.2719,34.4,33.3,0.1407,56.9,55.7
281,PUMPUSDT,PASS:FLIP_SHORT_BTC1H_SLOPE,SHORT,SHORT,0.001651,-0.7,0.0,-0.7268,sl,True,2026-07-15T07:45:09.251476,2026-07-15T07:49:05.992966,,0.3605,54.31,62.88,26.1577,25.2726,0.8851,22.131822769606085,10.021579063592757,0.1144,0.1346,0.1062,-0.1061,0.7978,0.7806,0.1428,60.6,26.5214,35.9,-0.1002,0.1893,-0.2274,-0.1012,BEARISH,HEALTHY_BEAR,0.2044,0.4292,0.9204,1.2878,17.1,82.9,137749386.712618,14,4,27.1656,37.3,48.7,0.159,56.3,63.4
280,1000XECUSDT,PASS:FLIP_SHORT_BTC1H_SLOPE,SHORT,SHORT,0.006372,-0.7,0.3296,-0.769,sl,True,2026-07-15T07:41:50.113876,2026-07-15T07:48:03.760760,,0.5156,56.32,58.36,18.4177,17.6523,0.7654,27.792811755840617,15.509058022381339,0.2832,0.2006,0.2775,0.2782,1.216,0.9301,0.764,65.3,26.8992,37.4,-0.0958,0.1937,-0.1879,-0.0964,BEARISH,HEALTHY_BEAR,0.3456,0.3835,0.8337,1.2098,17.1,82.9,52669419.870757,35,2,27.1656,37.3,48.7,0.152,57.1,63.4
284,LTCUSDT,PASS:FLIP_SHORT_BTC1H_SLOPE,SHORT,SHORT,45.03,-0.2221,0.0888,-0.3775,horizon,True,2026-07-15T07:40:43.729987,2026-07-15T08:25:44.467501,,0.0641,59.81,54.96,27.2782,27.6218,-0.3435,31.419677872041007,19.747285974855348,0.0168,0.0137,0.0964,0.0965,0.1658,0.106,0.127,57.9,26.8992,37.3,-0.0961,0.1935,-0.1903,-0.0967,BEARISH,HEALTHY_BEAR,0.0394,0.0653,0.7281,0.614,17.1,80.5,57992055.86,33,2,27.1656,37.3,48.7,0.1508,57.1,63.4
278,ZBTUSDT,PASS:FLIP_SHORT_BTC1H_SLOPE,SHORT,SHORT,0.09277,-0.7,0.0,-0.7222,sl,True,2026-07-15T07:26:21.940584,2026-07-15T07:26:38.568005,,0.0549,51.06,50.46,15.9955,16.3541,-0.3586,19.848378126382627,15.8074650628314,0.0783,0.0224,0.1319,0.132,1.501,-1.3094,0.233,31.2,26.4016,35.2,-0.0806,0.1976,-0.2934,0.001,BEARISH,HEALTHY_BEAR,0.0668,-0.8921,0.6618,0.3978,14.6,73.2,79406502.40592,26,1,27.4297,36.0,44.0,0.1554,57.9,63.4
277,VANRYUSDT,PASS:FLIP_SHORT_BTC1H_SLOPE,SHORT,SHORT,0.005592,-0.7,0.0,-0.7868,sl,True,2026-07-15T07:23:02.921094,2026-07-15T07:23:15.744069,,0.3814,52.97,53.13,29.4081,29.7772,-0.3691,24.203081357090117,14.643317588720539,0.0576,0.0533,0.0322,0.0322,1.6929,1.5187,0.1432,34.2,27.0757,36.0,-0.051,0.2005,-0.3162,0.0407,BEARISH,HEALTHY_BEAR,0.2206,0.8923,0.8262,0.4846,12.2,75.6,40132772.520341,40,4,28.4281,44.6,50.0,0.1608,58.4,63.4
279,TUSDT,PASS:FLIP_SHORT_BTC1H_SLOPE,SHORT,SHORT,0.004133,0.4033,0.6533,-0.1452,trail,True,2026-07-15T07:13:05.572614,2026-07-15T07:27:04.709428,,0.0882,55.64,52.5,25.1592,24.3644,0.7948,30.504997863897483,14.52366532903667,0.0741,0.0385,0.2393,0.2399,0.6394,-0.5096,0.3528,47.7,29.2825,47.3,-0.0372,0.2298,-0.0762,0.0999,BEARISH,STRONG_BEAR,0.0608,-0.3954,0.6574,0.6599,14.6,68.3,39503582.513239,42,2,30.7326,44.3,59.2,0.1529,64.2,63.4
274,EGLDUSDT,PASS:FLIP_SHORT_BTC1H_SLOPE,SHORT,SHORT,3.263,-0.7,0.2452,-0.7049,sl,True,2026-07-15T06:37:41.445479,2026-07-15T07:09:27.753847,,0.0982,60.02,43.29,23.5534,25.0986,-1.5452,22.350305957477488,20.852887077817822,0.0748,0.0498,0.3171,0.3181,0.4577,-0.7347,0.4431,94.6,32.7401,64.8,0.1115,0.2847,0.2184,0.2306,BULLISH,STRONG_BULL,0.0565,-0.452,0.7547,0.4239,64.3,23.8,37483154.588,45,1,30.3613,78.0,69.5,0.1536,70.7,68.0
276,ARBUSDT,PASS:FLIP_SHORT_BTC1H_SLOPE,SHORT,SHORT,0.09004,0.8051,1.0551,-0.5886,trail,True,2026-07-15T06:37:41.439133,2026-07-15T07:09:51.831401,,0.1238,55.17,54.98,24.0775,25.8738,-1.7963,22.402368092771255,22.079571625840156,0.0584,0.0656,0.0566,0.0567,0.3411,-0.4103,0.1808,81.7,32.7401,64.8,0.1115,0.2847,0.2184,0.2306,BULLISH,STRONG_BULL,0.0662,-0.2472,0.7547,0.8881,64.3,23.8,38569463.256435,43,1,30.3613,78.0,69.5,0.1536,70.7,68.0
275,AAVEUSDT,PASS:FLIP_SHORT_BTC1H_SLOPE,SHORT,SHORT,98.82,0.7316,0.9816,-0.0405,trail,True,2026-07-15T06:37:41.396607,2026-07-15T07:09:44.808312,,0.3336,59.54,69.17,17.9171,16.9041,1.013,25.871799926765554,13.601068026601858,0.1122,0.1299,0.0174,0.0174,0.3162,0.1266,0.2598,70.9,32.7401,64.8,0.1115,0.2847,0.2184,0.2306,BULLISH,STRONG_BULL,0.1806,0.0595,0.7547,1.512,64.3,23.8,82793234.57,25,3,30.3613,78.0,69.5,0.1536,70.7,68.0
273,ZBTUSDT,PASS:FLIP_SHORT_BTC1H_SLOPE,SHORT,SHORT,0.09328,0.6076,0.8576,-0.1286,trail,True,2026-07-15T06:28:48.261237,2026-07-15T06:32:01.200889,,0.1966,51.11,51.71,19.2573,18.4345,0.8228,25.91948280943701,13.970920984222127,0.1438,0.073,0.1618,0.1621,2.2223,-1.8178,0.3793,39.9,28.1493,62.9,0.0751,0.2611,0.108,0.1737,BULLISH,STRONG_BULL,0.2414,-1.1589,0.7565,0.8204,59.5,35.7,84003193.26263,24,1,26.9056,69.1,71.6,0.1203,68.3,68.0
270,LITUSDT,PASS:FLIP_SHORT_BTC1H_SLOPE,SHORT,SHORT,2.6198,-0.7,0.1069,-0.7291,sl,True,2026-07-15T05:18:48.895914,2026-07-15T05:32:06.941765,,0.2571,58.4,47.42,20.5793,21.3195,-0.7402,27.199101380194275,21.82749688313938,0.1644,0.1021,0.316,0.317,0.5255,-0.1458,0.5845,80.5,21.2906,41.1,-0.0385,0.2175,-0.0966,0.006,BEARISH,HEALTHY_BEAR,0.1316,-0.2065,0.7343,1.4055,16.7,66.7,56097112.43305,32,3,21.5652,34.3,62.3,0.1013,61.8,64.6
272,BCHUSDT,PASS:FLIP_SHORT_BTC1H_SLOPE,SHORT,SHORT,234.88,-0.0426,0.264,-0.0894,horizon,True,2026-07-15T05:06:36.649869,2026-07-15T05:51:37.388906,,0.2957,63.7,46.74,23.1155,22.2591,0.8564,36.45166314332922,17.853080608816814,0.1176,0.1036,0.2651,0.2658,0.3397,0.0198,0.4877,60.1,21.5571,40.3,-0.0151,0.2198,-0.1175,0.0414,NEUTRAL,CHOPPY_FLAT,0.1422,-0.0115,0.6242,2.9346,35.7,40.5,65277673.54,30,2,22.9477,47.7,61.1,0.1004,62.3,64.6
271,DOGEUSDT,PASS:FLIP_SHORT_BTC1H_SLOPE,SHORT,SHORT,0.07406,0.081,0.3511,-0.0405,horizon,True,2026-07-15T04:59:56.838789,2026-07-15T05:44:56.986768,,0.0785,56.08,58.5,20.2862,20.7003,-0.4141,26.025434932243968,19.274548925319973,0.0243,0.0275,0.0145,0.0145,0.1565,0.0197,0.0664,69.0,23.9624,49.1,0.0172,0.2124,-0.0471,0.0672,NEUTRAL,CHOPPY_FLAT,0.0435,0.0103,0.8147,0.8459,38.1,35.7,283147936.86345,8,0,25.1721,60.6,55.7,0.0998,64.4,65.8
269,PENGUUSDT,PASS:FLIP_SHORT_BTC1H_SLOPE,SHORT,SHORT,0.006062,-0.0825,0.3959,-0.3794,horizon,True,2026-07-15T04:41:05.298104,2026-07-15T05:26:05.522437,,0.1953,62.21,50.79,19.7847,19.7396,0.0451,27.607529863029256,18.26310669383395,0.0626,0.0548,0.2461,0.2467,0.373,0.5149,0.3644,74.1,24.7242,61.1,0.0318,0.2217,0.0612,0.0692,BULLISH,HEALTHY_BULL,0.0997,0.3546,0.687,1.2178,33.3,47.6,30617616.777714,50,0,24.9502,61.1,64.9,0.0953,66.1,65.8
268,币安人生USDT,PASS:FLIP_SHORT_BTC1H_SLOPE,SHORT,SHORT,0.7579,-0.7,0.0,-0.7125,sl,True,2026-07-15T04:31:04.863496,2026-07-15T04:38:46.374070,,0.1123,56.34,61.11,19.3673,18.4401,0.9272,20.736040255696874,10.820719883272272,0.0391,0.0405,0.0105,0.0105,0.2408,0.1386,0.0902,65.7,25.1993,49.2,0.0146,0.2078,-0.0439,0.0432,NEUTRAL,CHOPPY_FLAT,0.0605,0.0676,0.7837,0.7971,21.4,57.1,37043617.56388,46,0,25.847,55.7,60.5,0.0997,63.5,65.8
267,1000PEPEUSDT,PASS:FLIP_SHORT_BTC1H_SLOPE,SHORT,SHORT,0.0027994,0.7038,0.9538,-0.1072,trail,True,2026-07-15T04:05:27.833836,2026-07-15T04:33:11.715066,,0.1713,59.52,63.26,26.3686,26.0132,0.3554,29.11014251211583,15.336544792234704,0.0602,0.0707,0.0387,0.0387,0.2512,-0.0675,0.1697,62.3,21.8245,59.1,0.053,0.2147,0.0916,0.0021,BULLISH,HEALTHY_BULL,0.0867,-0.0422,1.1931,1.3472,61.0,31.7,164487321.3365532,12,1,21.4566,62.7,63.1,0.1017,64.9,65.8
264,VANRYUSDT,PASS:FLIP_SHORT_BTC1H_SLOPE,SHORT,SHORT,0.005416,0.6363,0.8863,0.0,trail,True,2026-07-15T02:30:27.735137,2026-07-15T02:39:04.106034,,0.1899,56.0,47.54,20.4419,18.008,2.4338,42.069164469429715,13.255271472749511,0.1258,0.0624,0.3329,0.3341,0.8654,-0.3208,0.523,40.4,18.643,26.4,-0.0734,0.2566,-0.214,-0.1322,BEARISH,HEALTHY_BEAR,0.1242,-0.2393,1.2414,2.0237,14.6,75.6,32442367.09199,48,2,17.6487,29.9,35.7,0.1017,61.4,66.1
266,币安人生USDT,PASS:FLIP_SHORT_BTC1H_SLOPE,SHORT,SHORT,0.7566,-0.7,0.1322,-0.7534,sl,True,2026-07-15T02:29:21.353613,2026-07-15T02:43:55.275564,,0.0971,60.69,54.89,17.8365,18.0349,-0.1983,20.76080662405512,15.264121584484172,0.0426,0.0364,0.1412,0.1414,0.2484,-0.0693,0.2205,92.6,18.4235,28.3,-0.0692,0.2609,-0.1755,-0.1276,BEARISH,HEALTHY_BEAR,0.0469,-0.0446,1.1824,0.7879,17.1,75.6,36972206.8278,46,1,17.6487,29.9,35.7,0.0994,62.3,66.1
263,KAITOUSDT,PASS:FLIP_SHORT_BTC1H_SLOPE,SHORT,SHORT,0.7903,1.2051,1.4551,-0.3163,trail,True,2026-07-15T02:26:02.492301,2026-07-15T02:34:21.066905,,0.5836,60.2,60.36,18.2422,18.4799,-0.2377,21.804473454626297,16.06634753867929,0.2184,0.2166,0.3456,0.3468,0.9897,0.5689,0.7838,87.4,18.2687,29.9,-0.066,0.2641,-0.1471,-0.1241,BEARISH,HEALTHY_BEAR,0.2767,0.2233,1.0348,0.9847,14.6,75.6,74822527.26657,28,2,17.6487,29.9,35.7,0.096,63.0,66.1
265,NEARUSDT,PASS:FLIP_SHORT_BTC1H_SLOPE,SHORT,SHORT,2.014,0.0,0.2979,-0.6455,horizon,True,2026-07-15T01:55:06.611516,2026-07-15T02:40:07.405596,,0.1454,59.23,53.37,17.9026,18.2695,-0.3669,17.61378228996619,13.52439466697118,0.0552,0.0589,0.1141,0.1143,0.2713,-0.0597,0.2285,88.2,18.8337,34.6,-0.053,0.3678,-0.1317,-0.0608,BEARISH,HEALTHY_BEAR,0.0528,-0.0538,1.4138,1.4328,19.5,75.6,162772241.916,12,1,18.4243,34.2,43.6,0.106,65.8,71.4
262,TUSDT,PASS:FLIP_SHORT_BTC1H_SLOPE,SHORT,SHORT,0.004268,0.3592,0.6092,0.0,trail,True,2026-07-15T01:52:54.046435,2026-07-15T01:55:48.136238,,0.2207,50.1,54.92,24.4507,23.7853,0.6654,30.08221494529377,15.120006656481378,0.1,0.1093,0.1885,-0.1881,1.4736,-0.244,0.0209,34.6,18.8337,33.9,-0.0539,0.3668,-0.1402,-0.0618,BEARISH,HEALTHY_BEAR,0.1239,-0.2918,1.2986,0.429,19.5,75.6,53338960.31942,34,3,18.4243,34.2,43.6,0.106,65.6,71.4
261,1000XECUSDT,PASS:FLIP_SHORT_BTC1H_SLOPE,SHORT,SHORT,0.00569,0.3475,0.5975,0.0,trail,True,2026-07-15T01:49:35.666240,2026-07-15T01:54:12.787444,,0.1051,51.92,50.83,21.491,23.0138,-1.5228,19.29941432264814,18.656320913341418,0.1272,0.0668,0.1131,0.1132,0.749,-0.6875,0.3075,71.6,18.3966,33.5,-0.0529,0.3661,-0.1696,-0.0475,BEARISH,HEALTHY_BEAR,0.078,-0.5237,1.6199,0.4539,19.5,73.2,45846277.605911,37,1,18.0283,39.0,33.9,0.1114,65.5,71.4
260,SUIUSDT,PASS:FLIP_SHORT_BTC1H_SLOPE,SHORT,SHORT,0.7626,0.4721,0.6032,0.0,horizon,True,2026-07-15T01:02:01.297421,2026-07-15T01:47:02.248441,,0.0644,56.86,53.98,16.8702,16.2181,0.6521,28.598280673266725,17.032190828172478,0.029,0.019,0.0704,0.0704,0.1873,0.1008,0.1185,77.8,20.9322,41.0,-0.0261,0.3872,-0.08,0.0479,BEARISH,HEALTHY_BEAR,0.0437,0.0585,0.8252,0.732,29.3,48.8,126138206.64242,15,0,21.5578,43.5,41.5,0.1045,70.2,71.4
259,LINKUSDT,PASS:FLIP_SHORT_BTC1H_SLOPE,SHORT,SHORT,8.339,0.0,0.2518,-0.1679,horizon,True,2026-07-15T00:54:16.366834,2026-07-15T01:39:16.592851,,0.0852,63.44,53.88,24.3532,24.8136,-0.4605,28.507728278602634,19.660642386653528,0.0208,0.0219,0.1312,0.1314,0.1593,0.2123,0.1742,72.4,23.2061,41.7,-0.0413,0.4384,-0.0831,0.0645,BEARISH,HEALTHY_BEAR,0.0377,0.1413,1.2251,0.6871,19.5,68.3,88597322.014,23,1,24.809,39.7,44.9,0.1083,70.9,79.6
255,XPLUSDT,PASS:FLIP_SHORT_BTC1H_SLOPE,SHORT,SHORT,0.09354,0.3914,0.6414,-0.2993,trail,True,2026-07-15T00:41:00.701252,2026-07-15T00:54:31.392111,,0.1298,56.96,56.93,15.6164,15.1643,0.4521,23.437217663297044,15.144653669990294,0.0619,0.0478,0.0789,0.079,0.2829,-0.0526,0.1888,73.4,26.6511,43.0,-0.0359,0.4421,-0.0897,0.1041,BEARISH,HEALTHY_BEAR,0.0747,-0.063,1.082,0.9054,29.3,51.2,32889892.33588,47,0,28.3438,41.5,49.6,0.1081,71.8,79.6
258,XAUTUSDT,PASS:FLIP_SHORT_BTC1H_SLOPE,SHORT,SHORT,4052.21,0.0212,0.1009,-0.1049,horizon,True,2026-07-15T00:31:05.108370,2026-07-15T01:16:05.730741,,0.0593,61.98,62.3,21.7314,20.4821,1.2493,27.144929817459605,12.203322187751935,0.0199,0.0223,0.026,0.026,0.0548,0.0255,0.0683,90.2,30.5706,44.7,-0.0231,0.4458,-0.0938,0.147,BEARISH,STRONG_BEAR,0.0312,0.0173,1.2117,0.5858,36.6,53.7,42321503.89,41,1,32.3849,47.3,59.3,0.1123,72.7,79.6
257,PAXGUSDT,PASS:FLIP_SHORT_BTC1H_SLOPE,SHORT,SHORT,4051.16,0.0057,0.1005,-0.1177,horizon,True,2026-07-15T00:31:05.058273,2026-07-15T01:16:05.728046,,0.0563,62.35,60.68,24.0078,22.9718,1.036,25.868900757135133,11.765317157303567,0.0189,0.0211,0.0311,0.0311,0.0552,0.0228,0.0712,89.5,30.5706,44.7,-0.0231,0.4458,-0.0938,0.147,BEARISH,STRONG_BEAR,0.0294,0.0158,1.2117,0.9928,36.6,53.7,93443280.9745,20,1,32.3849,47.3,59.3,0.1123,72.7,79.6
256,HYPEUSDT,PASS:FLIP_SHORT_BTC1H_SLOPE,SHORT,SHORT,65.737,0.5811,0.683,-0.2236,horizon,True,2026-07-15T00:31:05.020727,2026-07-15T01:16:05.725099,,0.0719,55.14,50.55,17.3036,16.6976,0.6061,20.593693138708602,12.308139224791729,0.0451,0.0268,0.0566,0.0566,0.2346,0.0706,0.1285,75.6,30.5706,44.7,-0.0231,0.4458,-0.0938,0.147,BEARISH,STRONG_BEAR,0.0416,0.0049,1.2117,0.8116,36.6,53.7,481018232.83116,5,1,32.3849,47.3,59.3,0.1123,72.7,79.6
251,ONDOUSDT,PASS:FLIP_SHORT_BTC1H_SLOPE,SHORT,SHORT,0.3157,-0.7,0.0,-0.7285,sl,True,2026-07-15T00:24:27.668720,2026-07-15T00:34:29.878515,,0.1566,62.41,56.92,18.4966,17.1254,1.3712,25.294912735207692,11.815618940892247,0.0526,0.0606,0.1155,0.1156,0.2085,0.0732,0.2291,92.0,34.4156,45.7,-0.0203,0.4477,-0.104,0.1788,BEARISH,STRONG_BEAR,0.0604,0.0339,1.9383,1.6906,36.6,36.6,39316527.95522,43,1,36.4969,45.4,63.4,0.1202,73.1,79.6
247,TUSDT,PASS:FLIP_SHORT_BTC1H_SLOPE,SHORT,SHORT,0.004302,-0.7,0.0,-0.8136,sl,True,2026-07-15T00:23:21.507510,2026-07-15T00:23:26.571274,,0.2052,50.72,26.81,29.3618,28.9298,0.432,30.233182377028427,14.564201141844535,0.1626,0.0669,0.076,-0.0759,1.1326,-0.1504,0.1534,38.6,34.6798,45.0,-0.0213,0.4435,-0.1132,0.1776,BEARISH,STRONG_BEAR,0.1552,-0.1923,1.7522,3.1642,34.1,39.0,57669787.749736,33,4,36.4969,45.4,63.4,0.1184,72.1,79.6
250,SXTUSDT,PASS:FLIP_SHORT_BTC1H_SLOPE,SHORT,SHORT,0.00934,-0.7,0.3854,-0.7173,sl,True,2026-07-15T00:17:47.862453,2026-07-15T00:28:57.743857,,0.1644,52.58,47.29,24.6541,24.7964,-0.1423,23.403607930646864,14.71163367952223,0.197,0.0611,0.2218,0.2223,0.9236,-0.7443,0.4811,61.1,36.9335,48.6,0.0052,0.4527,-0.0789,0.2086,NEUTRAL,CHOPPY_FLAT,0.1918,-0.5885,1.5022,1.4245,43.9,29.3,185037672.655871,10,1,38.3442,49.6,64.5,0.1196,74.3,79.6
248,LITUSDT,PASS:FLIP_SHORT_BTC1H_SLOPE,SHORT,SHORT,2.6164,-0.7,0.4319,-0.73,sl,True,2026-07-15T00:15:35.651527,2026-07-15T00:25:29.964667,,0.389,61.44,64.45,15.6951,15.1199,0.5752,26.91743519828458,16.789280181400542,0.1485,0.1294,0.2083,0.2087,0.4926,0.4692,0.4874,68.4,38.4,49.6,0.0209,0.4541,-0.0752,0.2268,BULLISH,STRONG_BULL,0.2298,0.1984,1.0957,0.7354,51.2,29.3,59555664.91931,33,2,39.5023,60.5,62.5,0.1235,74.7,79.6
252,NEARUSDT,PASS:FLIP_SHORT_BTC1H_SLOPE,SHORT,SHORT,2.014,0.4451,0.6951,-0.0497,trail,True,2026-07-15T00:15:35.597815,2026-07-15T00:52:47.966140,,0.0747,55.82,51.76,16.5525,17.7617,-1.2092,16.91920074532714,16.639680684229933,0.0604,0.0327,0.115,0.1151,0.2624,-0.2237,0.2083,77.8,38.4,49.6,0.0209,0.4541,-0.0752,0.2268,BULLISH,STRONG_BULL,0.0509,-0.1923,1.0957,0.9251,51.2,29.3,168849870.046,11,0,39.5023,60.5,62.5,0.1235,74.7,79.6
254,AAVEUSDT,PASS:FLIP_SHORT_BTC1H_SLOPE,SHORT,SHORT,99.2,-0.0605,0.3024,-0.6552,horizon,True,2026-07-15T00:08:57.243305,2026-07-15T00:53:58.217382,,0.1415,63.15,53.37,15.6641,13.7552,1.9089,30.964872373322876,13.119486488650416,0.0653,0.0514,0.2036,0.2041,0.2461,-0.0153,0.321,78.8,39.513,60.2,0.0426,0.468,0.0558,0.2494,BULLISH,STRONG_BULL,0.0648,-0.0345,1.5533,1.4906,48.8,29.3,85086008.547,25,0,39.563,59.3,61.6,0.1206,78.3,79.6
253,SUIUSDT,PASS:FLIP_SHORT_BTC1H_SLOPE,SHORT,SHORT,0.7624,0.1049,0.4197,-0.1049,horizon,True,2026-07-15T00:08:57.224645,2026-07-15T00:53:58.214711,,0.0819,58.5,57.04,19.9389,19.4508,0.4881,32.07692783260886,18.72448007003854,0.0262,0.0258,0.0467,0.0467,0.1702,0.1367,0.0988,46.4,39.513,60.2,0.0426,0.468,0.0558,0.2494,BULLISH,STRONG_BULL,0.0425,0.0847,1.5533,1.0434,48.8,29.3,126079281.23131,15,0,39.563,59.3,61.6,0.1206,78.3,79.6
249,ADAUSDT,PASS:FLIP_SHORT_BTC1H_SLOPE,SHORT,SHORT,0.1654,0.2337,0.4837,-0.1814,trail,True,2026-07-15T00:08:57.221026,2026-07-15T00:26:14.174128,,0.2625,63.72,64.57,20.8746,19.5507,1.324,28.949384719389265,12.98000352467068,0.0843,0.0894,0.1312,0.1313,0.2455,0.3041,0.3053,81.3,39.513,60.2,0.0426,0.468,0.0558,0.2494,BULLISH,STRONG_BULL,0.1315,0.1743,1.5533,1.6317,48.8,29.3,158170318.5901,14,2,39.563,59.3,61.6,0.1206,78.3,79.6
246,KAITOUSDT,PASS:FLIP_SHORT_BTC1H_SLOPE,SHORT,SHORT,0.7753,0.64,0.89,-0.0516,trail,True,2026-07-14T22:51:09.379200,2026-07-14T22:54:01.081421,,0.0995,53.72,50.1,20.9256,19.815,1.1106,24.71840070815174,11.803091462056884,0.0587,0.0225,0.1499,0.1501,0.7987,0.3375,0.2314,39.6,39.2333,62.3,0.07,0.4398,0.1056,0.2594,BULLISH,STRONG_BULL,0.0609,0.1619,0.8874,0.5375,59.5,28.6,63422068.14549,31,0,38.0246,63.6,74.9,0.1458,78.1,75.4
245,1000XECUSDT,PASS:FLIP_SHORT_BTC1H_SLOPE,SHORT,SHORT,0.005792,0.0173,0.259,-0.518,horizon,True,2026-07-14T22:03:23.625305,2026-07-14T22:48:23.831313,,0.237,59.9,59.65,23.1917,23.5106,-0.3189,22.56321121698276,15.34340465244558,0.1202,0.1043,0.1395,0.1397,0.4568,-0.2777,0.3646,74.5,29.2828,48.9,0.0116,0.396,-0.0552,0.1159,NEUTRAL,CHOPPY_FLAT,0.1329,-0.2235,0.4795,0.7978,21.4,35.7,79388371.435535,27,2,29.3015,59.2,70.1,0.1116,72.9,75.4
242,ZBTUSDT,PASS:FLIP_SHORT_REGIME,SHORT,SHORT,0.11118,0.2807,0.5307,-0.1529,trail,True,2026-07-14T21:47:49.806666,2026-07-14T21:53:07.350971,,0.3495,55.42,59.65,26.5423,27.0999,-0.5577,27.64157868752885,18.70082017217576,0.146,0.1625,0.0942,0.0943,0.6466,-0.876,0.4033,77.8,27.6693,68.7,0.0633,0.4375,0.1125,0.1339,BULLISH,HEALTHY_BULL,0.196,-0.5984,0.5133,0.7774,52.4,26.2,88517219.72644,22,3,25.5425,73.1,64.1,0.1119,75.9,74.0
243,WLDUSDT,PASS:FLIP_SHORT_REGIME,SHORT,SHORT,0.4151,0.2077,0.4577,-0.0482,trail,True,2026-07-14T21:47:49.789350,2026-07-14T21:59:59.749001,,0.194,58.3,57.32,15.9737,16.3008,-0.3271,23.576962747399104,18.62953759855713,0.0547,0.0638,0.0861,0.0862,0.3347,0.2213,0.2049,64.9,27.6693,68.7,0.0633,0.4375,0.1125,0.1339,BULLISH,HEALTHY_BULL,0.0905,0.1314,0.5133,0.9042,52.4,26.2,163100059.2969,13,0,25.5425,73.1,64.1,0.1119,75.9,74.0
244,BCHUSDT,PASS:FLIP_SHORT_REGIME,SHORT,SHORT,236.47,0.3383,0.4017,-0.3806,horizon,True,2026-07-14T21:25:38.137800,2026-07-14T22:10:38.459126,,0.0673,57.41,55.85,17.4519,18.2704,-0.8185,21.2243528306449,18.517193027879543,0.0323,0.0297,0.0506,0.0507,0.1415,-0.1566,0.1128,93.4,18.155,64.5,0.0405,0.4252,0.0963,0.069,BULLISH,HEALTHY_BULL,0.0358,-0.1025,0.3807,0.6502,52.4,35.7,67725195.74,30,0,16.8155,64.5,56.6,0.0878,74.9,74.0
241,DEXEUSDT,PASS:FLIP_SHORT_BTC1H_SLOPE,SHORT,SHORT,41.09,0.3341,0.5841,-0.0973,trail,True,2026-07-14T18:11:10.393558,2026-07-14T18:28:06.028933,,0.3703,59.58,62.9,20.7744,20.3822,0.3923,30.285921997031807,17.835151972386097,0.1241,0.1438,0.0773,0.0774,0.6578,0.1082,0.3456,65.0,22.752,44.8,-0.0252,0.5908,-0.0914,0.262,BEARISH,HEALTHY_BEAR,0.1703,0.0041,0.7896,0.737,20.9,60.5,135253725.10797,16,2,23.8702,44.1,46.3,0.18,72.1,75.8
240,JTOUSDT,PASS:FLIP_SHORT_BTC1H_SLOPE,SHORT,SHORT,0.651,0.518,0.768,-0.3379,trail,True,2026-07-14T17:13:10.886156,2026-07-14T17:30:03.404116,,0.395,57.0,63.43,19.4589,19.3124,0.1465,24.65269698234427,15.97355822698153,0.1255,0.147,0.0403,-0.0403,0.5081,0.2744,0.2323,66.9,37.1243,42.1,-0.0336,0.6778,-0.2972,0.5952,BEARISH,STRONG_BEAR,0.1965,0.1148,0.9096,1.1153,16.3,81.4,32738665.6099,47,3,37.8369,47.4,60.0,0.2327,72.3,79.0
239,BTCUSDT,SPIKE_REV_BTC,SHORT,LONG,64216.7,0.4076,0.6576,0.0,trail,True,2026-07-14T17:11:29.835015,2026-07-14T17:18:04.489880,,,,,,,,,,,,,,,,,,,,,,,,BEARISH,STRONG_BEAR,,,,,,,,,,,,,,,
238,DODOXUSDT,PASS:FLIP_SHORT_BTC1H_SLOPE,SHORT,SHORT,0.01981,0.3759,0.6259,0.0,trail,True,2026-07-14T17:08:38.019256,2026-07-14T17:09:36.228423,,0.4012,54.67,59.46,15.9419,16.1758,-0.2339,24.298356357696534,18.745410454497893,0.1376,0.1439,0.0404,-0.0404,1.0367,0.6383,0.2412,64.8,38.4016,49.6,0.0069,0.6984,-0.1446,0.6635,NEUTRAL,CHOPPY_FLAT,0.2165,0.3023,0.8179,0.9404,14.3,71.4,101503658.847661,20,2,40.4688,53.9,63.7,0.1994,76.0,79.0
237,BTCUSDT,SPIKE_REV_BTC,LONG,SHORT,64870.2,0.2091,0.4591,-0.1067,trail,True,2026-07-14T15:32:02.277002,2026-07-14T15:58:49.794072,,,,,,,,,,,,,,,,,,,,,,,,BULLISH,BULL_EXHAUSTED,,,,,,,,,,,,,,,
236,BTCUSDT,SPIKE_REV_BTC,LONG,SHORT,64279.8,-0.7,0.177,-0.8617,sl,True,2026-07-14T15:01:37.604110,2026-07-14T15:31:58.111166,,,,,,,,,,,,,,,,,,,,,,,,BULLISH,BULL_EXHAUSTED,,,,,,,,,,,,,,,
235,BTCUSDT,SPIKE_REV_BTC,LONG,SHORT,63180.0,-0.7,0.0135,-0.7597,sl,True,2026-07-14T12:30:08.784085,2026-07-14T12:37:15.232630,,,,,,,,,,,,,,,,,,,,,,,,BULLISH,HEALTHY_BULL,,,,,,,,,,,,,,,
233,CRCLUSDT,PASS:FLIP_SHORT_REGIME,SHORT,SHORT,61.98,-0.7,0.0,-0.9035,sl,True,2026-07-14T12:30:03.987243,2026-07-14T12:30:09.786552,,0.0534,54.31,52.29,29.7634,31.9754,-2.212,22.7149994940442,22.262024138820596,0.0761,0.0332,0.1172,0.1173,0.2905,-0.4118,0.2268,87.8,22.9076,56.3,0.0677,0.105,0.0617,0.1641,BULLISH,HEALTHY_BULL,0.0609,-0.292,0.8831,0.917,63.4,19.5,121515871.743,27,1,21.4124,71.9,55.3,0.1398,58.4,56.0
234,TAOUSDT,PASS:FLIP_SHORT_REGIME,SHORT,SHORT,198.24,-0.7,0.3279,-0.7012,sl,True,2026-07-14T12:27:50.923964,2026-07-14T12:30:21.865087,,0.1224,60.0,51.98,18.7396,19.4063,-0.6668,24.825492413334395,20.282346147324155,0.0478,0.0373,0.2002,0.2006,0.2695,0.0122,0.2859,81.8,23.7971,68.1,0.0854,0.1219,0.2201,0.1833,BULLISH,HEALTHY_BULL,0.0747,0.0258,0.7318,0.8751,65.9,17.1,87862947.76,33,0,21.4124,71.9,55.3,0.1242,61.2,56.0
232,PUMPUSDT,PASS:FLIP_SHORT_REGIME,SHORT,SHORT,0.001433,-0.7,0.0,-0.7676,sl,True,2026-07-14T12:19:00.530742,2026-07-14T12:30:04.738311,,0.2274,56.52,54.67,27.5785,28.5999,-1.0214,24.508487113660703,18.375826101079404,0.0889,0.1011,0.051,0.051,0.3383,-0.3344,0.2412,76.2,18.7365,62.2,0.0214,0.1033,0.1224,0.1261,BULLISH,HEALTHY_BULL,0.1165,-0.1778,0.6927,1.4452,24.4,58.5,49613171.229297,47,3,17.9098,55.9,56.1,0.1073,58.1,56.0
231,INTCUSDT,PASS:FLIP_SHORT_REGIME,SHORT,SHORT,106.45,0.5485,0.7985,-0.0845,trail,True,2026-07-14T11:35:53.432871,2026-07-14T12:18:57.114098,,0.2097,56.81,57.06,22.0963,23.3239,-1.2275,23.82601075971748,21.070194993796633,0.0693,0.0794,0.0157,0.0157,0.3102,0.3728,0.1644,65.3,18.125,66.6,0.0614,0.0779,0.1526,0.1497,BULLISH,HEALTHY_BULL,0.0801,0.1912,0.5097,1.264,75.6,19.5,92463619.5929,30,1,17.0997,66.6,52.3,0.1085,57.9,54.7
229,NEARUSDT,PASS:FLIP_SHORT_REGIME,SHORT,SHORT,1.989,0.2528,0.5028,-0.0503,trail,True,2026-07-14T11:35:53.407676,2026-07-14T11:47:08.956010,,0.1234,55.73,57.39,18.4804,19.6783,-1.1979,23.340752024993954,22.021537892569558,0.0697,0.048,0.0824,0.0824,0.3133,-0.0095,0.2002,75.9,18.125,66.6,0.0614,0.0779,0.1526,0.1497,BULLISH,HEALTHY_BULL,0.0717,-0.0757,0.5097,0.6999,75.6,19.5,190603549.113,19,0,17.0997,66.6,52.3,0.1085,57.9,54.7
230,WLDUSDT,PASS:FLIP_SHORT_REGIME,SHORT,SHORT,0.4021,0.4215,0.6715,-0.0746,trail,True,2026-07-14T11:35:53.401027,2026-07-14T11:51:23.051579,,0.0831,52.74,57.14,27.2255,28.854,-1.6285,20.30831401119439,17.989558106739942,0.0945,0.0437,0.0741,0.0742,0.4241,-0.1577,0.2125,74.2,18.125,66.6,0.0614,0.0779,0.1526,0.1497,BULLISH,HEALTHY_BULL,0.0849,-0.1854,0.5097,0.6603,75.6,19.5,205450003.3478,17,1,17.0997,66.6,52.3,0.1085,57.9,54.7
227,1000XECUSDT,PASS:FLIP_SHORT_BTC1H_SLOPE,SHORT,SHORT,0.00587,-0.7,0.1533,-0.8007,sl,True,2026-07-14T09:57:28.829104,2026-07-14T10:07:18.590873,,0.0626,52.8,51.85,20.158,21.1075,-0.9495,15.644855459857016,18.29729244181977,0.0496,0.0451,0.1157,0.1158,0.5929,-0.8828,0.2107,76.6,18.7774,47.0,-0.0153,0.0162,-0.0183,-0.0112,NEUTRAL,CHOPPY_FLAT,0.0413,-0.5559,1.8505,0.5229,24.4,39.0,164622624.158265,23,0,19.1556,45.4,50.2,0.102,49.8,52.3
228,CRCLUSDT,PASS:FLIP_SHORT_BTC1H_SLOPE,SHORT,SHORT,62.66,0.3671,0.5107,-0.1117,horizon,True,2026-07-14T09:50:50.972244,2026-07-14T10:35:51.270217,,0.0697,58.05,48.32,16.4613,17.0397,-0.5784,25.64400900956125,21.434434099599574,0.0473,0.0226,0.128,0.1281,0.1995,-0.0417,0.1981,58.5,19.1406,41.7,-0.032,0.0106,-0.0738,-0.0146,BEARISH,HEALTHY_BEAR,0.0445,-0.0715,1.7968,0.5331,26.8,51.2,113577592.7625,27,0,18.6766,43.4,52.0,0.0989,48.7,52.3
226,DEXEUSDT,PASS:FLIP_SHORT_BTC1H_SLOPE,SHORT,SHORT,41.68,0.2298,0.4798,-0.5278,trail,True,2026-07-14T09:40:54.216001,2026-07-14T09:59:40.450147,,0.176,54.77,48.44,25.1417,25.2627,-0.121,25.585685878842,15.825535926659425,0.0636,0.0159,0.2415,0.2421,1.1058,0.5636,0.3217,48.8,18.2166,39.5,-0.0297,0.0107,-0.1002,0.0063,BEARISH,HEALTHY_BEAR,0.0823,0.2225,0.8672,0.6352,17.1,63.4,188484776.02167,20,1,18.1873,42.0,54.9,0.0978,48.7,52.3
225,UNIUSDT,PASS:LONG_BTC1H_DEADBAND,LONG,LONG,3.607,0.1386,0.4436,-0.1941,horizon,True,2026-07-14T09:05:31.609578,2026-07-14T09:50:32.200228,,0.284,59.55,57.99,17.473,18.4382,-0.9651,22.971087476973022,20.814019912897397,0.0851,0.1169,0.0569,0.057,0.2991,0.1348,0.2592,88.9,19.1349,60.6,0.0293,0.0331,0.0889,0.0567,BULLISH,HEALTHY_BULL,0.1147,0.0777,,,,,,,2,19.6622,57.3,56.9,0.101,53.2,52.3
211,CLUSDT,PASS:LONG_BTC1H_DEADBAND,LONG,LONG,79.98,0.5002,0.7502,-0.175,trail,True,2026-07-14T08:48:53.224674,2026-07-14T09:04:59.576236,,0.1104,54.96,51.57,16.7355,16.8894,-0.1539,26.74671648678128,19.87689603439219,0.0217,0.027,0.0795,0.0795,0.3938,0.3352,0.1283,55.3,20.6917,61.0,0.0589,0.0223,0.1171,0.0381,BULLISH,HEALTHY_BULL,0.0483,0.2122,,,,,,,1,19.5984,67.8,49.9,0.1032,53.0,47.8
224,BCHUSDT,PASS:FLIP_SHORT_REGIME,SHORT,SHORT,235.8,-0.1612,0.106,-0.2884,horizon,True,2026-07-14T08:47:46.687416,2026-07-14T09:32:47.367069,,0.1506,58.67,66.33,21.339,21.8796,-0.5406,30.148153619955426,22.59932788131018,0.064,0.0572,0.0174,0.0174,0.1471,0.101,0.1387,80.4,20.6917,64.5,0.0625,0.0259,0.1491,0.042,BULLISH,HEALTHY_BULL,0.0833,0.0225,1.0645,0.8499,64.3,19.0,61720799.89,44,0,19.5984,67.8,49.9,0.1005,53.6,47.8
223,UNIUSDT,PASS:FLIP_SHORT_REGIME,SHORT,SHORT,3.601,-0.361,0.2222,-0.6109,horizon,True,2026-07-14T08:47:46.643650,2026-07-14T09:32:47.364390,,0.2822,59.26,67.09,21.3398,21.4066,-0.0668,29.814855635080526,19.68224175210136,0.1277,0.1127,0.0365,0.0365,0.3027,0.0156,0.2771,77.8,20.6917,64.5,0.0625,0.0259,0.1491,0.042,BULLISH,HEALTHY_BULL,0.1584,-0.0711,1.0645,1.0275,64.3,19.0,90919528.076,29,2,19.5984,67.8,49.9,0.1005,53.6,47.8
215,CLUSDT,PASS:FLIP_SHORT_REGIME,SHORT,SHORT,80.02,0.4248,0.6748,-0.6998,trail,True,2026-07-14T08:47:46.595102,2026-07-14T09:18:50.055386,,0.1222,55.92,51.57,16.7355,16.8894,-0.1539,27.24094289251175,20.244181749220434,0.0273,0.031,0.1127,0.1129,0.3865,0.3404,0.1712,59.2,20.6917,64.5,0.0625,0.0259,0.1491,0.042,BULLISH,HEALTHY_BULL,0.0531,0.2141,1.0645,0.7485,64.3,19.0,1120468656.3612,7,0,19.5984,67.8,49.9,0.1005,53.6,47.8
222,ARBUSDT,PASS:FLIP_SHORT_REGIME,SHORT,SHORT,0.08997,0.2223,0.2334,-0.5002,horizon,True,2026-07-14T08:42:11.777897,2026-07-14T09:27:12.675448,,0.1154,62.42,49.36,22.954,23.485,-0.5311,24.246005273606148,17.539407255993776,0.0906,0.0443,0.237,0.2376,0.257,-0.1482,0.3728,90.7,19.6038,69.1,0.0558,0.0315,0.2293,0.0282,BULLISH,HEALTHY_BULL,0.074,-0.1654,1.0577,1.0555,69.0,19.0,49158300.00035,50,0,18.4494,65.9,41.0,0.104,54.6,47.8
221,LINKUSDT,PASS:FLIP_SHORT_REGIME,SHORT,SHORT,7.945,0.1636,0.2391,-0.0629,horizon,True,2026-07-14T08:41:05.126304,2026-07-14T09:26:05.380833,,0.0733,58.9,50.16,18.9529,19.166,-0.2132,25.76176393202518,18.585574950515337,0.0585,0.0269,0.1398,0.14,0.1748,-0.06,0.2255,86.9,19.0766,63.8,0.0476,0.0233,0.1554,0.0192,BULLISH,HEALTHY_BULL,0.0496,-0.0831,0.9486,0.824,69.0,21.4,69958340.064,39,0,18.4494,65.9,41.0,0.0982,53.2,47.8
220,SOLUSDT,PASS:FLIP_SHORT_REGIME,SHORT,SHORT,75.32,0.2921,0.3186,-0.0398,horizon,True,2026-07-14T08:41:05.032929,2026-07-14T09:26:05.377837,,0.1572,62.83,59.49,24.2191,24.2915,-0.0725,25.980437810493317,16.169223830244896,0.07,0.0607,0.0897,0.0898,0.1563,0.0279,0.2206,94.5,19.0766,63.8,0.0476,0.0233,0.1554,0.0192,BULLISH,HEALTHY_BULL,0.0788,-0.021,0.9486,0.8505,69.0,21.4,1172898090.7387,6,0,18.4494,65.9,41.0,0.0982,53.2,47.8
213,CRCLUSDT,PASS:FLIP_SHORT_REGIME,SHORT,SHORT,62.74,0.4832,0.7332,-0.0638,trail,True,2026-07-14T08:39:58.473703,2026-07-14T09:15:58.014921,,0.1634,58.06,60.0,18.1753,18.8027,-0.6274,23.161580157733308,18.943136967015572,0.061,0.0665,0.0441,0.0441,0.2526,0.0365,0.1718,70.3,18.444,66.0,0.0389,0.0254,0.2029,-0.0007,BULLISH,HEALTHY_BULL,0.0816,-0.0021,1.2495,1.3438,66.7,19.0,113503367.1591,27,0,17.7691,56.9,33.9,0.1031,53.6,47.8
212,LITUSDT,PASS:LONG_BTC1H_DEADBAND,LONG,LONG,2.4045,1.3304,1.5804,-0.4284,trail,True,2026-07-14T08:38:52.011287,2026-07-14T09:08:03.427110,,0.4541,59.1,68.87,15.425,14.8349,0.5901,27.090534839087994,16.924653683384086,0.1256,0.1614,0.0154,-0.0154,0.4904,0.5405,0.2717,58.4,18.2165,65.1,0.0373,0.0237,0.1882,-0.0025,BULLISH,HEALTHY_BULL,0.2321,0.3209,,,,,,,3,17.7691,56.9,33.9,0.1011,53.3,47.8
219,SUIUSDT,PASS:FLIP_SHORT_REGIME,SHORT,SHORT,0.7329,0.3138,0.423,-0.2047,horizon,True,2026-07-14T08:38:51.996691,2026-07-14T09:23:52.313221,,0.0817,59.22,59.21,25.6292,25.8327,-0.2035,23.022546786192994,14.417486770550736,0.0363,0.0238,0.1063,0.1064,0.1808,0.2125,0.1666,71.7,18.2165,65.1,0.0373,0.0237,0.1882,-0.0025,BULLISH,HEALTHY_BULL,0.0504,0.1072,1.1774,0.68,66.7,19.0,85674862.99626,34,1,17.7691,56.9,33.9,0.1011,53.3,47.8
218,MSTRUSDT,PASS:FLIP_SHORT_REGIME,SHORT,SHORT,93.05,0.4621,0.4621,-0.0645,horizon,True,2026-07-14T08:38:51.971187,2026-07-14T09:23:52.310728,,0.0873,58.63,56.27,16.1217,16.4966,-0.3749,20.496333576067887,16.351631035748966,0.0484,0.0327,0.1015,0.1016,0.2026,0.046,0.1828,93.4,18.2165,65.1,0.0373,0.0237,0.1882,-0.0025,BULLISH,HEALTHY_BULL,0.052,-0.0022,1.1774,1.223,66.7,19.0,114027278.2792,26,0,17.7691,56.9,33.9,0.1011,53.3,47.8
217,QQQUSDT,PASS:FLIP_SHORT_REGIME,SHORT,SHORT,716.02,0.0992,0.2151,-0.0126,horizon,True,2026-07-14T08:38:51.965207,2026-07-14T09:23:52.308137,,0.06,59.88,58.78,16.951,17.092,-0.141,25.967790682985154,19.14722875826537,0.0237,0.0199,0.0376,0.0376,0.0832,0.1129,0.0812,84.7,18.2165,65.1,0.0373,0.0237,0.1882,-0.0025,BULLISH,HEALTHY_BULL,0.033,0.0585,1.1774,1.0732,66.7,19.0,156278059.1108,24,0,17.7691,56.9,33.9,0.1011,53.3,47.8
214,EWYUSDT,PASS:LONG_BTC1H_DEADBAND,LONG,LONG,169.22,-0.7,0.0946,-0.715,sl,True,2026-07-14T08:38:51.945890,2026-07-14T09:18:16.951398,,0.1951,62.11,59.01,21.2488,20.4554,0.7935,22.284467132001375,11.591776056942107,0.0318,0.0613,0.0697,0.0698,0.278,0.5734,0.1629,93.4,18.2165,65.1,0.0373,0.0237,0.1882,-0.0025,BULLISH,HEALTHY_BULL,0.0757,0.3848,,,,,,,1,17.7691,56.9,33.9,0.1011,53.3,47.8
210,BZUSDT,PASS:LONG_BTC1H_DEADBAND,LONG,LONG,84.82,0.6932,0.9432,-0.1061,trail,True,2026-07-14T08:38:51.939930,2026-07-14T09:04:51.550792,,0.2137,58.52,55.02,20.8979,21.159,-0.2611,26.880384288489356,18.87216805523871,0.037,0.0663,0.1136,0.1137,0.3721,0.4583,0.2171,74.6,18.2165,65.1,0.0373,0.0237,0.1882,-0.0025,BULLISH,HEALTHY_BULL,0.0898,0.3107,,,,,,,2,17.7691,56.9,33.9,0.1011,53.3,47.8
216,HYPEUSDT,PASS:FLIP_SHORT_REGIME,SHORT,SHORT,63.835,0.1755,0.3227,-0.2835,horizon,True,2026-07-14T08:38:51.933407,2026-07-14T09:23:52.305132,,0.1009,59.56,59.64,21.3405,21.6504,-0.3098,22.343449809132892,15.748568092520701,0.0667,0.0319,0.1736,0.1739,0.2347,0.0652,0.2728,90.1,18.2165,65.1,0.0373,0.0237,0.1882,-0.0025,BULLISH,HEALTHY_BULL,0.0852,-0.0081,1.1774,0.9979,66.7,19.0,502624259.05621,10,0,17.7691,56.9,33.9,0.1011,53.3,47.8
209,DEXEUSDT,PASS:FLIP_SHORT_BTC1H_SLOPE,SHORT,SHORT,40.15,-0.7,0.3487,-0.7223,sl,True,2026-07-14T07:05:43.848949,2026-07-14T07:14:03.116138,,0.1312,51.16,47.52,23.547,24.9799,-1.4329,17.840066550191544,16.167138436143645,0.111,0.1124,0.1579,0.1582,1.4145,-1.4817,0.382,74.8,18.9832,42.9,-0.0253,0.0351,-0.053,0.0458,BEARISH,HEALTHY_BEAR,0.0623,-0.8703,0.5217,0.3696,34.1,26.8,200184453.62908,20,0,19.4526,42.9,44.3,0.0926,50.0,49.8
207,LITUSDT,PASS:FLIP_SHORT_BTC1H_SLOPE,SHORT,SHORT,2.377,-0.7,0.0841,-0.732,sl,True,2026-07-14T06:51:22.237704,2026-07-14T07:01:48.769754,,0.1506,55.31,55.99,15.7594,16.5621,-0.8027,16.761977451590074,18.64736579399711,0.0856,0.0589,0.125,0.1251,0.475,0.0089,0.2699,79.6,20.6365,45.0,-0.0138,0.0619,-0.0529,0.0826,NEUTRAL,CHOPPY_FLAT,0.1075,-0.0432,0.577,0.7647,39.0,26.8,75769409.23701,37,1,21.412,45.6,49.3,0.0929,50.7,52.7
208,EWYUSDT,PASS:FLIP_SHORT_BTC1H_SLOPE,SHORT,SHORT,168.15,0.2139,0.4639,-0.0357,trail,True,2026-07-14T06:51:22.179381,2026-07-14T07:04:29.563552,,0.1809,59.03,58.1,18.4301,18.8106,-0.3805,20.91010035438197,15.941377877401983,0.0356,0.0357,0.1006,0.1007,0.4398,0.6067,0.1721,42.7,20.6365,45.0,-0.0138,0.0619,-0.0529,0.0826,NEUTRAL,CHOPPY_FLAT,0.0877,0.3367,0.577,0.2674,39.0,26.8,322880211.0546,13,0,21.412,45.6,49.3,0.0929,50.7,52.7
204,1000XECUSDT,PASS:FLIP_SHORT_BTC1H_SLOPE,SHORT,SHORT,0.006008,-0.7,0.0999,-0.7157,sl,True,2026-07-14T06:25:46.805251,2026-07-14T06:31:30.334925,,0.1462,54.43,47.52,26.4109,28.2239,-1.813,21.820744249673197,20.61460283114174,0.1236,0.0969,0.2815,0.2823,0.7258,-1.6965,0.5035,78.2,23.3071,46.9,-0.0126,0.0655,-0.0364,0.1151,NEUTRAL,CHOPPY_FLAT,0.085,-1.0908,0.4747,0.7517,56.1,17.1,248748535.084019,16,1,24.2804,49.3,51.5,0.0885,51.4,52.7
206,BZUSDT,PASS:FLIP_SHORT_BTC1H_SLOPE,SHORT,SHORT,83.87,-0.7,0.0,-0.7035,sl,True,2026-07-14T06:23:34.316463,2026-07-14T07:00:18.611982,,0.0875,59.72,53.74,15.2397,15.2578,-0.0181,28.292809288525223,20.91001973807431,0.0703,0.0284,0.2405,0.2411,0.2545,-0.0254,0.3401,89.4,24.003,43.9,-0.0222,0.0631,-0.0599,0.1197,BEARISH,HEALTHY_BEAR,0.0525,-0.0941,0.5979,1.1805,51.2,24.4,332461446.3634,12,0,25.3476,43.0,52.0,0.0913,51.0,52.7
203,CLUSDT,PASS:FLIP_SHORT_BTC1H_SLOPE,SHORT,SHORT,79.17,-0.7,0.0,-0.7073,sl,True,2026-07-14T06:22:27.698783,2026-07-14T06:29:11.724021,,0.0638,56.36,54.2,15.1608,16.2165,-1.0557,23.0012453938684,23.671931524705073,0.0588,0.0213,0.1454,0.1456,0.2617,-0.0273,0.2259,79.2,24.003,45.7,-0.0208,0.0645,-0.0476,0.1212,BEARISH,HEALTHY_BEAR,0.0435,-0.0978,0.5645,0.831,53.7,24.4,1089386686.468,7,0,25.3476,43.0,52.0,0.0911,51.2,52.7
205,PUMPUSDT,PASS:FLIP_SHORT_BTC1H_SLOPE,SHORT,SHORT,0.001462,0.2972,0.5472,-0.2736,trail,True,2026-07-14T05:53:38.561763,2026-07-14T06:32:33.635491,,0.0791,54.15,55.5,28.6132,30.4753,-1.8621,21.17250344901686,23.124448801930562,0.0979,0.0396,0.181,0.1813,0.4857,-0.4475,0.3191,66.7,34.2339,49.8,0.0011,0.0504,-0.0612,0.2214,NEUTRAL,CHOPPY_FLAT,0.0906,-0.3939,0.6056,0.8074,58.5,24.4,63681295.780211,42,2,35.8099,51.5,69.0,0.1034,52.3,53.1
198,AAVEUSDT,PASS:LONG_UNMATCHED_ONLY,LONG,LONG,96.35,-0.7,0.0,-0.7058,sl,True,2026-07-14T05:34:50.359629,2026-07-14T05:47:02.295670,C6,0.1389,59.59,59.17,20.9745,21.3272,-0.3528,26.362004017430817,18.937978132145183,0.0352,0.0447,0.0693,0.0693,0.2555,0.3658,0.1493,55.7,39.8209,68.7,0.0679,0.0717,0.1306,,BULLISH,STRONG_BULL,0.0661,0.222,0.7571,0.6608,75.6,19.5,72989363.42,38,3,38.8989,67.7,64.0,0.1089,55.8,53.1
200,AAVEUSDT,LONG_UNMATCHED_ONLY,LONG,SHORT,96.35,0.6737,0.9237,0.0,trail,True,2026-07-14T05:34:50.359610,2026-07-14T05:58:55.887117,C6,0.1389,59.59,59.17,20.9745,21.3272,-0.3528,26.362004017430817,18.937978132145183,0.0352,0.0447,0.0693,0.0693,0.2555,0.3658,0.1493,55.7,39.8209,68.7,0.0679,0.0717,0.1306,,BULLISH,STRONG_BULL,0.0661,0.222,0.7571,0.6608,75.6,19.5,72989363.42,38,3,38.8989,67.7,64.0,0.1089,55.8,53.1
196,ARBUSDT,PASS:FLIP_SHORT_BTC1H_SLOPE,SHORT,SHORT,0.08989,-0.7,0.0,-0.801,sl,True,2026-07-14T05:19:21.316606,2026-07-14T05:20:00.238821,,0.0656,58.66,48.64,15.1257,13.8905,1.2352,35.212319312432946,18.47202505935797,0.0303,0.021,0.2299,0.2305,0.3095,-0.0213,0.2818,54.7,36.3182,63.8,0.0743,0.0616,0.099,0.2555,BULLISH,STRONG_BULL,0.0392,0.0139,0.9083,2.2569,73.2,19.5,49534379.885431,48,0,35.3042,68.4,64.2,0.1108,54.2,53.1
202,BCHUSDT,PASS:FLIP_SHORT_BTC1H_SLOPE,SHORT,SHORT,235.34,-0.1827,0.051,-0.4717,horizon,True,2026-07-14T05:19:21.304940,2026-07-14T06:04:21.931767,,0.3897,61.66,75.36,24.298,22.8768,1.4213,42.59565107330127,17.072824073426816,0.1509,0.1457,0.1683,0.1686,0.3167,0.0609,0.466,56.7,36.3182,63.8,0.0743,0.0616,0.099,0.2555,BULLISH,STRONG_BULL,0.2614,0.005,0.9083,2.4524,73.2,19.5,64222912.67,42,2,35.3042,68.4,64.2,0.1108,54.2,53.1
201,TAOUSDT,PASS:FLIP_SHORT_BTC1H_SLOPE,SHORT,SHORT,199.68,-0.0601,0.1102,-0.3155,horizon,True,2026-07-14T05:19:21.284911,2026-07-14T06:04:21.929071,,0.127,56.78,52.45,22.9238,21.49,1.4338,33.141063646251745,13.680371904202598,0.0454,0.0465,0.0842,0.0843,0.2685,0.0043,0.1763,53.6,36.3182,63.8,0.0743,0.0616,0.099,0.2555,BULLISH,STRONG_BULL,0.0706,0.0215,0.9083,1.1971,73.2,19.5,80394571.19,36,0,35.3042,68.4,64.2,0.1108,54.2,53.1
199,METAUSDT,PASS:FLIP_SHORT_BTC1H_SLOPE,SHORT,SHORT,656.83,-0.0974,0.1431,-0.1994,horizon,True,2026-07-14T05:02:26.086879,2026-07-14T05:47:26.408111,,0.1085,58.71,68.63,18.7367,18.3192,0.4175,28.071754231674223,17.145169612803755,0.0367,0.0424,0.0068,-0.0068,0.1098,0.0409,0.0722,73.8,31.4443,60.3,0.0501,0.0489,0.0555,0.2211,BULLISH,STRONG_BULL,0.057,0.0177,0.8151,0.8453,58.5,29.3,68498883.5709,40,1,30.3203,65.9,69.1,0.1075,52.1,53.1
195,INTCUSDT,PASS:LONG_BTC1H_DEADBAND,LONG,LONG,103.58,0.4837,0.7337,-0.1159,trail,True,2026-07-14T05:02:26.064688,2026-07-14T05:18:47.457121,,0.419,60.61,62.99,20.3859,19.8017,0.5842,26.56907326431755,14.951326991029227,0.087,0.162,0.0147,-0.0147,0.3597,0.397,0.2343,86.5,31.4443,60.3,0.0501,0.0489,0.0555,0.2211,BULLISH,STRONG_BULL,0.1651,0.287,,,,,,,3,30.3203,65.9,69.1,0.1075,52.1,53.1
186,MUUSDT,PASS:LONG_BTC1H_DEADBAND,LONG,LONG,931.11,0.3332,0.5832,0.0,trail,True,2026-07-14T04:45:50.605145,2026-07-14T04:52:36.351651,,0.3637,59.99,63.84,19.3749,19.3853,-0.0104,23.849409004563483,16.15296327597175,0.118,0.1534,0.0708,0.0709,0.44,0.0305,0.3427,90.4,28.2783,63.7,0.0686,0.0229,0.1222,0.2049,BULLISH,STRONG_BULL,0.169,0.0374,,,,,,,3,27.122,63.0,56.8,0.1107,52.4,48.7
187,SNDKUSDT,PASS:LONG_BTC1H_DEADBAND,LONG,LONG,1671.49,0.7348,0.9848,0.0,trail,True,2026-07-14T04:45:50.599036,2026-07-14T04:52:59.424160,,0.5763,60.4,62.46,18.9819,19.0495,-0.0676,24.851016468558672,17.232490522716095,0.1736,0.2379,0.1425,0.1427,0.6895,0.2274,0.5551,89.5,28.2783,63.7,0.0686,0.0229,0.1222,0.2049,BULLISH,STRONG_BULL,0.2523,0.194,,,,,,,1,27.122,63.0,56.8,0.1107,52.4,48.7
197,KITEUSDT,PASS:LONG_BTC1H_DEADBAND,LONG,LONG,0.13036,-0.7,0.1151,-0.7057,sl,True,2026-07-14T04:44:44.488822,2026-07-14T05:23:15.403540,,0.1254,51.95,50.09,21.4364,21.5099,-0.0735,26.087926250566294,17.21822759098876,0.0342,0.0543,0.0328,0.0328,0.6588,-0.0124,0.1212,48.7,27.1757,64.4,0.0815,0.0232,0.1433,0.2001,BULLISH,HEALTHY_BULL,0.0677,0.1011,,,,,,,1,25.933,70.5,55.6,0.1181,52.5,48.7
190,UNIUSDT,PASS:LONG_BTC1H_DEADBAND,LONG,LONG,3.604,0.6102,0.8602,-0.3052,trail,True,2026-07-14T04:43:38.278663,2026-07-14T05:07:51.747408,,0.4237,59.44,63.47,25.0508,24.4123,0.6385,30.53839596934096,15.263076833298129,0.1282,0.1711,0.0012,-0.0012,0.3613,0.403,0.2984,77.8,27.1757,64.0,0.0811,0.0228,0.1393,0.1996,BULLISH,HEALTHY_BULL,0.186,0.26,,,,,,,3,25.933,70.5,55.6,0.1181,52.4,48.7
188,MUUSDT,PASS:FLIP_SHORT_REGIME,SHORT,SHORT,931.11,-0.7,0.0805,-0.711,sl,True,2026-07-14T04:41:25.544616,2026-07-14T04:56:24.447237,,0.3755,60.03,61.08,19.3597,19.392,-0.0323,24.406127358621546,16.63312570876977,0.1373,0.1571,0.1041,0.1042,0.4602,-0.0114,0.3991,90.7,27.5535,66.0,0.0835,0.0252,0.1604,0.2022,BULLISH,HEALTHY_BULL,0.1839,0.0042,0.5168,0.7406,80.5,14.6,1183703846.2462,6,2,25.933,70.5,55.6,0.1152,52.8,48.7
194,1000PEPEUSDT,PASS:LONG_BTC1H_DEADBAND,LONG,LONG,0.002737,-0.0658,0.3471,-0.1352,horizon,True,2026-07-14T04:32:28.226436,2026-07-14T05:17:29.121221,,0.2519,61.0,67.19,21.9306,21.0539,0.8767,30.34403803104641,15.17382216509812,0.076,0.1024,0.058,0.0581,0.2513,0.2055,0.2366,87.7,23.5507,64.2,0.0493,0.0154,0.1413,0.1588,BULLISH,HEALTHY_BULL,0.119,0.1402,,,,,,,3,22.4943,62.8,61.4,0.1132,51.2,48.7
193,QQQUSDT,PASS:FLIP_SHORT_REGIME,SHORT,SHORT,711.88,-0.3512,0.0,-0.3694,horizon,True,2026-07-14T04:32:28.222561,2026-07-14T05:17:29.118153,,0.078,60.02,56.34,15.779,15.957,-0.178,30.31506545787812,23.1202294155188,0.0306,0.0317,0.0539,0.0539,0.1033,0.0041,0.1162,94.3,23.5507,64.2,0.0493,0.0154,0.1413,0.1588,BULLISH,HEALTHY_BULL,0.0404,0.0039,0.6958,0.5364,65.9,19.5,152305193.2839,24,0,22.4943,62.8,61.4,0.1132,51.2,48.7
181,LITUSDT,PASS:FLIP_SHORT_REGIME,SHORT,SHORT,2.3835,0.2367,0.4867,-0.1133,trail,True,2026-07-14T04:31:22.054790,2026-07-14T04:34:10.160363,,0.1189,52.91,49.11,16.6513,16.7813,-0.13,25.23349179819813,18.665450200486084,0.068,0.0494,0.1107,0.1109,0.6939,0.2523,0.2284,72.7,23.4458,63.9,0.0487,0.0149,0.1366,0.1582,BULLISH,HEALTHY_BULL,0.069,0.1623,0.644,0.3804,68.3,17.1,83538719.21544,35,0,22.4943,62.8,61.4,0.112,51.2,48.7
189,INTCUSDT,PASS:LONG_BTC1H_DEADBAND,LONG,LONG,103.34,0.2822,0.5322,-0.1452,trail,True,2026-07-14T04:31:22.048710,2026-07-14T05:01:27.255121,,0.3886,62.88,60.11,16.8622,16.4997,0.3625,28.87472987202415,18.62651020790011,0.1229,0.1568,0.1645,0.1648,0.3932,0.1435,0.4452,94.5,23.4458,63.9,0.0487,0.0149,0.1366,0.1582,BULLISH,HEALTHY_BULL,0.177,0.0981,,,,,,,3,22.4943,62.8,61.4,0.112,51.2,48.7
182,NEARUSDT,PASS:LONG_BTC1H_DEADBAND,LONG,LONG,1.965,0.2589,0.5089,-0.1527,trail,True,2026-07-14T04:28:02.430300,2026-07-14T04:44:24.908052,,0.274,61.41,54.03,22.497,22.1867,0.3103,25.402280320379695,14.749646810484219,0.0812,0.0977,0.1786,0.179,0.4077,0.5701,0.3583,93.5,22.3777,63.0,0.0403,0.0125,0.1406,0.1448,BULLISH,HEALTHY_BULL,0.1103,0.3497,,,,,,,3,21.4084,59.2,57.5,0.1186,50.8,48.7
192,AAVEUSDT,PASS:LONG_BTC1H_DEADBAND,LONG,LONG,96.18,0.0832,0.2703,-0.3119,horizon,True,2026-07-14T04:25:49.489516,2026-07-14T05:10:49.731701,,0.1789,57.97,54.64,24.4305,23.7053,0.7252,33.49542942973112,16.550718875414606,0.0407,0.0642,0.063,0.063,0.2959,0.4112,0.168,55.6,22.2873,60.5,0.0356,0.0079,0.099,0.1397,BULLISH,HEALTHY_BULL,0.0709,0.2816,,,,,,,3,21.4084,59.2,57.5,0.1145,50.0,48.7
191,AVAXUSDT,PASS:FLIP_SHORT_REGIME,SHORT,SHORT,6.465,-0.1392,0.3712,-0.1392,horizon,True,2026-07-14T04:23:36.455896,2026-07-14T05:08:36.471049,,0.0596,60.19,50.16,18.3434,18.5962,-0.2528,27.67621042821865,20.43239181115133,0.0505,0.025,0.2113,0.2117,0.2013,-0.0593,0.2874,80.6,21.1886,60.5,0.0325,0.0087,0.114,0.1356,BULLISH,HEALTHY_BULL,0.0297,-0.0641,0.7488,1.0399,51.2,24.4,94620620.323,31,0,20.4883,56.8,58.2,0.1187,50.1,48.7
180,SNDKUSDT,PASS:FLIP_SHORT_REGIME,SHORT,SHORT,1653.1,-0.7,0.2565,-0.7277,sl,True,2026-07-14T04:14:45.414185,2026-07-14T04:22:19.285800,,0.2038,51.04,60.05,21.7848,23.1312,-1.3464,20.224731931956967,22.034142285763476,0.128,0.1082,0.0765,-0.0765,0.8386,-0.3372,0.1596,66.4,20.1835,57.3,0.0398,0.0032,0.0814,0.1251,BULLISH,HEALTHY_BULL,0.1313,-0.3298,1.0555,0.9996,61.0,14.6,2451037590.9038,3,2,19.8186,56.0,49.6,0.1265,49.2,48.7
178,UNIUSDT,PASS:FLIP_SHORT_REGIME,SHORT,SHORT,3.595,0.2507,0.5007,0.0,trail,True,2026-07-14T04:05:51.677134,2026-07-14T04:14:14.975664,,0.2274,61.32,57.29,22.922,23.552,-0.63,26.02714837970827,19.34316583693119,0.1486,0.0838,0.2898,0.2906,0.3713,0.1154,0.5238,94.0,19.4917,62.1,0.0502,0.0098,0.1509,0.1318,BULLISH,HEALTHY_BULL,0.1525,-0.0386,0.5668,0.8254,69.0,14.3,90973863.814,33,2,19.0053,61.4,54.4,0.1201,50.3,48.7
179,INTCUSDT,PASS:FLIP_SHORT_REGIME,SHORT,SHORT,103.12,0.2252,0.4752,-0.0388,trail,True,2026-07-14T04:05:51.673832,2026-07-14T04:20:13.504610,,0.355,62.09,62.79,18.1986,18.2004,-0.0018,27.28928445449422,18.895154551880278,0.1737,0.1408,0.212,0.2125,0.4115,-0.074,0.5279,91.2,19.4917,62.1,0.0502,0.0098,0.1509,0.1318,BULLISH,HEALTHY_BULL,0.2067,-0.1586,0.5668,0.7602,69.0,14.3,93746325.8677,32,2,19.0053,61.4,54.4,0.1201,50.3,48.7
175,EWYUSDT,PASS:FLIP_SHORT_REGIME,SHORT,SHORT,164.78,0.3872,0.6372,0.0,trail,True,2026-07-14T04:05:51.623508,2026-07-14T04:07:19.373431,,0.2998,57.3,55.26,27.3185,29.0601,-1.7416,19.70065400622595,21.63429582178027,0.2299,0.1442,0.3447,0.3458,0.7908,-0.7443,0.7215,88.4,19.4917,62.1,0.0502,0.0098,0.1509,0.1318,BULLISH,HEALTHY_BULL,0.1878,-0.6941,0.5668,0.6888,69.0,14.3,341302216.7083,12,3,19.0053,61.4,54.4,0.1201,50.3,48.7
177,MUUSDT,PASS:FLIP_SHORT_REGIME,SHORT,SHORT,929.06,0.6014,0.8514,0.0,trail,True,2026-07-14T04:05:51.612367,2026-07-14T04:13:55.579266,,0.1829,57.97,51.99,24.4258,25.8902,-1.4644,20.212290487809504,18.145357387535267,0.1475,0.0828,0.3085,0.3094,0.5236,-0.3621,0.5406,94.6,19.4917,62.1,0.0502,0.0098,0.1509,0.1318,BULLISH,HEALTHY_BULL,0.1104,-0.368,0.5668,0.7407,69.0,14.3,1173362891.1322,6,1,19.0053,61.4,54.4,0.1201,50.3,48.7
176,PUMPUSDT,PASS:FLIP_SHORT_REGIME,SHORT,SHORT,0.001473,0.4289,0.6789,-0.1358,trail,True,2026-07-14T04:04:44.996675,2026-07-14T04:12:15.971336,,0.0972,54.52,54.67,22.8796,24.1224,-1.2428,22.043569735456717,25.221363308413714,0.102,0.0544,0.1188,0.1189,0.4235,-0.3347,0.2755,77.8,18.9971,60.7,0.0449,0.0069,0.1471,0.1182,BULLISH,HEALTHY_BULL,0.0679,-0.3201,0.7509,0.8505,71.4,19.0,65057707.28584,41,0,18.5221,57.5,47.2,0.1282,49.8,48.7
185,NVDAUSDT,PASS:FLIP_SHORT_REGIME,SHORT,SHORT,204.02,-0.2255,0.3431,-0.2353,horizon,True,2026-07-14T04:04:44.967255,2026-07-14T04:49:45.517947,,0.0816,58.72,56.26,21.2261,22.3904,-1.1643,24.54873320782378,21.730351008199698,0.063,0.0324,0.1221,0.1223,0.1904,-0.0981,0.2178,90.4,18.9971,60.7,0.0449,0.0069,0.1471,0.1182,BULLISH,HEALTHY_BULL,0.0632,-0.1121,0.7509,0.5437,71.4,19.0,95838858.212,31,0,18.5221,57.5,47.2,0.1282,49.8,48.7
184,CRCLUSDT,PASS:FLIP_SHORT_REGIME,SHORT,SHORT,62.48,-0.5602,0.3041,-0.6242,horizon,True,2026-07-14T04:04:44.958203,2026-07-14T04:49:45.515394,,0.054,55.57,52.25,22.6051,24.1103,-1.5052,20.423973012981953,21.703403146009524,0.0672,0.0273,0.1596,0.1598,0.2967,-0.2655,0.2545,92.1,18.9971,60.7,0.0449,0.0069,0.1471,0.1182,BULLISH,HEALTHY_BULL,0.0465,-0.2404,0.7509,0.6843,71.4,19.0,113826299.9965,28,0,18.5221,57.5,47.2,0.1282,49.8,48.7
183,SOLUSDT,PASS:FLIP_SHORT_REGIME,SHORT,SHORT,75.25,0.2392,0.3455,-0.093,horizon,True,2026-07-14T04:04:44.909188,2026-07-14T04:49:45.512583,,0.1266,62.73,55.54,19.7206,19.883,-0.1625,30.182954884931306,21.14496479547497,0.0782,0.0468,0.2177,0.2181,0.2045,0.0061,0.3434,94.9,18.9971,60.7,0.0449,0.0069,0.1471,0.1182,BULLISH,HEALTHY_BULL,0.0725,-0.0632,0.7509,1.0252,71.4,19.0,1221969724.6819,5,0,18.5221,57.5,47.2,0.1282,49.8,48.7
174,DODOXUSDT,PASS:LONG_BTC1H_DEADBAND,LONG,LONG,0.02184,0.8855,1.1355,-0.3617,trail,True,2026-07-14T02:07:31.310677,2026-07-14T02:10:45.970979,,0.3092,58.34,56.64,21.7417,21.848,-0.1062,23.299994933458414,15.416952519795101,0.0537,0.0796,0.3007,0.3017,0.9965,0.4466,0.4354,73.1,39.7315,63.2,0.0355,-0.0063,0.0741,0.2534,BULLISH,STRONG_BULL,0.1627,0.3302,,,,,,,4,39.6181,60.7,59.5,0.1348,48.5,47.9
167,PUMPUSDT,PASS:LONG_BTC1H_DEADBAND,LONG,LONG,0.001487,0.288,0.538,-0.2017,trail,True,2026-07-14T01:35:18.609960,2026-07-14T01:41:26.375556,,0.1779,57.15,51.79,24.217,23.9059,0.3111,22.97132626268516,12.848213972683995,0.026,0.0579,0.0751,0.0751,0.3797,0.3221,0.1591,65.0,37.012,61.3,0.0691,-0.0445,0.0835,0.2842,BULLISH,STRONG_BULL,0.0605,0.2375,,,,,,,2,35.908,60.6,63.6,0.1625,47.9,48.2
173,TAOUSDT,PASS:LONG_BTC1H_DEADBAND,LONG,LONG,201.1,-0.4177,0.3829,-0.4326,horizon,True,2026-07-14T01:14:10.549127,2026-07-14T01:59:11.197403,,0.3312,63.98,65.06,18.7026,17.7965,0.9061,27.215130762738486,14.49981547394146,0.0992,0.1275,0.0647,0.0648,0.2608,0.2062,0.2917,92.6,31.3488,65.6,0.0735,-0.047,0.1533,0.2565,BULLISH,STRONG_BULL,0.1457,0.1182,,,,,,,2,30.087,64.9,54.6,0.1559,47.5,48.2
172,CRCLUSDT,PASS:LONG_BTC1H_DEADBAND,LONG,LONG,63.02,-0.4602,0.3491,-0.4919,horizon,True,2026-07-14T01:14:10.527019,2026-07-14T01:59:11.194908,,0.3293,59.89,62.58,27.7064,27.5297,0.1767,29.466561882495608,15.865453720672404,0.0822,0.1328,0.0227,-0.0227,0.2972,0.1905,0.1923,74.2,31.3488,65.6,0.0735,-0.047,0.1533,0.2565,BULLISH,STRONG_BULL,0.1255,0.1349,,,,,,,3,30.087,64.9,54.6,0.1559,47.5,48.2
171,MSTRUSDT,PASS:LONG_BTC1H_DEADBAND,LONG,LONG,92.69,-0.3021,0.2697,-0.4747,horizon,True,2026-07-14T01:14:10.523510,2026-07-14T01:59:11.192056,,0.3973,64.05,68.89,24.4813,24.7615,-0.2802,27.91231313463828,18.28530167487278,0.0922,0.1501,0.0086,0.0086,0.298,0.4289,0.2511,81.7,31.3488,65.6,0.0735,-0.047,0.1533,0.2565,BULLISH,STRONG_BULL,0.1642,0.2943,,,,,,,3,30.087,64.9,54.6,0.1559,47.5,48.2
170,TAOUSDT,PASS:LONG_UNMATCHED_ONLY,LONG,LONG,201.15,-0.4126,0.3579,-0.4126,horizon,True,2026-07-14T01:10:50.369773,2026-07-14T01:55:51.357884,W2,0.337,64.95,65.06,18.7026,17.7965,0.9061,27.439310271552714,14.61925497027104,0.1019,0.1294,0.0813,0.0814,0.2586,0.2088,0.313,94.1,31.4967,63.7,0.0703,-0.0503,0.1242,,BULLISH,STRONG_BULL,0.1481,0.1191,0.767,0.7134,85.7,9.5,83398650.97,37,3,30.087,64.9,54.6,0.1518,47.1,48.2
169,TAOUSDT,LONG_UNMATCHED_ONLY,LONG,SHORT,201.15,0.4126,0.4126,-0.3579,horizon,True,2026-07-14T01:10:50.369750,2026-07-14T01:55:51.355205,W2,0.337,64.95,65.06,18.7026,17.7965,0.9061,27.439310271552714,14.61925497027104,0.1019,0.1294,0.0813,0.0814,0.2586,0.2088,0.313,94.1,31.4967,63.7,0.0703,-0.0503,0.1242,,BULLISH,STRONG_BULL,0.1481,0.1191,0.767,0.7134,85.7,9.5,83398650.97,37,3,30.087,64.9,54.6,0.1518,47.1,48.2
166,PUMPUSDT,PASS:LONG_UNMATCHED_ONLY,LONG,LONG,0.001488,0.2204,0.4704,-0.4704,trail,True,2026-07-14T01:08:37.390053,2026-07-14T01:41:26.373018,W2,0.363,60.98,68.31,21.9919,21.449,0.5429,25.699890740135494,14.129623574464237,0.0924,0.132,0.0537,0.0537,0.4144,0.3685,0.2784,78.6,30.1073,63.8,0.0836,-0.0516,0.1349,,BULLISH,STRONG_BULL,0.1753,0.2529,1.0306,0.7498,88.1,4.8,68016132.029222,41,4,28.5904,63.6,60.4,0.1579,47.0,48.2
162,PUMPUSDT,LONG_UNMATCHED_ONLY,LONG,SHORT,0.001488,0.2204,0.4704,-0.0672,trail,True,2026-07-14T01:08:37.390030,2026-07-14T01:33:31.637860,W2,0.363,60.98,68.31,21.9919,21.449,0.5429,25.699890740135494,14.129623574464237,0.0924,0.132,0.0537,0.0537,0.4144,0.3685,0.2784,78.6,30.1073,63.8,0.0836,-0.0516,0.1349,,BULLISH,STRONG_BULL,0.1753,0.2529,1.0306,0.7498,88.1,4.8,68016132.029222,41,4,28.5904,63.6,60.4,0.1579,47.0,48.2
168,ADAUSDT,PASS:LONG_BTC1H_DEADBAND,LONG,LONG,0.1579,-0.19,0.3167,-0.2533,horizon,True,2026-07-14T01:01:56.111065,2026-07-14T01:46:57.048544,,0.244,60.42,62.61,20.8103,20.0053,0.8049,27.555449194540838,14.425962134011716,0.0506,0.0874,0.034,0.034,0.2804,0.2643,0.1722,77.8,28.604,66.5,0.0882,-0.0479,0.1907,0.2389,BULLISH,STRONG_BULL,0.1125,0.2039,,,,,,,1,26.9686,70.7,63.6,0.1595,47.4,48.2
165,METAUSDT,PASS:FLIP_SHORT_REGIME,SHORT,SHORT,657.26,0.1537,0.248,-0.2252,horizon,True,2026-07-14T00:55:16.437534,2026-07-14T01:40:17.029355,,0.062,59.42,53.17,15.9365,17.0122,-1.0757,21.15442148459729,20.344017879830623,0.04,0.0232,0.116,0.1161,0.1738,-0.0972,0.1794,70.7,25.1147,63.6,0.0413,-0.1701,0.1338,0.1986,BULLISH,HEALTHY_BULL,0.0424,-0.0784,1.1685,0.4569,83.3,7.1,71758933.4978,40,0,24.974,60.4,68.0,0.1454,45.6,43.5
160,ARBUSDT,PASS:LONG_UNMATCHED_ONLY,LONG,LONG,0.09056,-0.7,0.3534,-0.7288,sl,True,2026-07-14T00:53:02.676588,2026-07-14T01:31:18.977560,W2,0.3117,59.96,56.94,28.5235,28.7591,-0.2356,24.001887620977552,14.260170424952658,0.038,0.1105,0.0541,0.0541,0.3527,0.4248,0.2028,76.0,25.1147,61.8,0.0373,-0.174,0.0983,,BULLISH,HEALTHY_BULL,0.1114,0.3414,1.0951,0.5792,76.2,11.9,57010941.732293,47,3,24.974,60.4,68.0,0.144,45.0,43.5
164,ARBUSDT,LONG_UNMATCHED_ONLY,LONG,SHORT,0.09056,0.6405,0.7288,-0.3534,horizon,True,2026-07-14T00:53:02.676553,2026-07-14T01:38:03.236637,W2,0.3117,59.96,56.94,28.5235,28.7591,-0.2356,24.001887620977552,14.260170424952658,0.038,0.1105,0.0541,0.0541,0.3527,0.4248,0.2028,76.0,25.1147,61.8,0.0373,-0.174,0.0983,,BULLISH,HEALTHY_BULL,0.1114,0.3414,1.0951,0.5792,76.2,11.9,57010941.732293,47,3,24.974,60.4,68.0,0.144,45.0,43.5
151,MSTRUSDT,PASS:LONG_UNMATCHED_ONLY,LONG,LONG,92.42,0.3343,0.5843,-0.0649,trail,True,2026-07-14T00:48:36.283210,2026-07-14T00:56:41.337697,W2,0.264,62.25,67.35,21.998,22.6097,-0.6117,23.528813345859277,17.73320475451821,0.0683,0.103,0.1643,0.1645,0.323,0.2269,0.3362,89.1,24.9877,59.3,0.0326,-0.179,0.0649,,BULLISH,HEALTHY_BULL,0.1017,0.1567,1.2483,0.9451,71.4,14.3,120576079.3163,28,4,25.4072,54.6,65.4,0.148,44.2,43.5
163,MSTRUSDT,LONG_UNMATCHED_ONLY,LONG,SHORT,92.42,-0.1623,0.0649,-0.5843,horizon,True,2026-07-14T00:48:36.283185,2026-07-14T01:33:36.663202,W2,0.264,62.25,67.35,21.998,22.6097,-0.6117,23.528813345859277,17.73320475451821,0.0683,0.103,0.1643,0.1645,0.323,0.2269,0.3362,89.1,24.9877,59.3,0.0326,-0.179,0.0649,,BULLISH,HEALTHY_BULL,0.1017,0.1567,1.2483,0.9451,71.4,14.3,120576079.3163,28,4,25.4072,54.6,65.4,0.148,44.2,43.5
161,PAXGUSDT,PASS:FLIP_SHORT_REGIME,SHORT,SHORT,3998.33,-0.0205,0.2331,-0.1231,horizon,True,2026-07-14T00:47:29.387718,2026-07-14T01:32:30.337485,,0.0513,56.49,57.99,22.871,24.1947,-1.3237,29.010374413768375,25.901001457546663,0.0314,0.0201,0.0336,0.0336,0.1181,-0.0315,0.0852,79.8,24.9877,59.0,0.0318,-0.1786,0.058,0.1875,BULLISH,HEALTHY_BULL,0.0335,-0.035,1.1019,0.8522,71.4,16.7,84466051.113,35,0,25.4072,54.6,65.4,0.148,44.3,43.5
152,INTCUSDT,PASS:LONG_UNMATCHED_ONLY,LONG,LONG,103.0,0.8956,1.1456,-0.0097,trail,True,2026-07-14T00:46:22.890634,2026-07-14T00:56:46.381832,W2+W6,0.2373,53.22,59.97,29.7167,30.5488,-0.8321,24.59426053161306,16.77569371655411,0.0613,0.1056,0.0342,-0.0342,0.4552,0.0671,0.1327,66.2,24.9877,60.4,0.0347,-0.1769,0.084,,BULLISH,HEALTHY_BULL,0.0974,0.0512,1.0505,0.6992,71.4,14.3,101854135.3332,31,2,25.4072,54.6,65.4,0.1479,44.6,43.5
148,INTCUSDT,LONG_UNMATCHED_ONLY,LONG,SHORT,103.0,-0.7,0.0097,-0.7087,sl,True,2026-07-14T00:46:22.890610,2026-07-14T00:51:42.476235,W2+W6,0.2373,53.22,59.97,29.7167,30.5488,-0.8321,24.59426053161306,16.77569371655411,0.0613,0.1056,0.0342,-0.0342,0.4552,0.0671,0.1327,66.2,24.9877,60.4,0.0347,-0.1769,0.084,,BULLISH,HEALTHY_BULL,0.0974,0.0512,1.0505,0.6992,71.4,14.3,101854135.3332,31,2,25.4072,54.6,65.4,0.1479,44.6,43.5
146,EWYUSDT,PASS:FLIP_SHORT_REGIME,SHORT,SHORT,167.04,0.217,0.467,-0.431,trail,True,2026-07-14T00:31:33.763778,2026-07-14T00:40:27.852743,,0.0589,52.66,55.38,18.2487,18.6595,-0.4108,19.110123704246323,24.774714316861633,0.0675,0.0219,0.2617,0.2624,0.7745,-0.2643,0.3521,72.4,25.2721,65.7,0.0747,-0.1709,0.1628,0.1992,BULLISH,HEALTHY_BULL,0.0832,-0.231,1.6057,1.1248,85.7,11.9,335303592.9691,14,0,24.5378,62.7,65.9,0.1417,45.5,43.5
155,WLDUSDT,PASS:LONG_UNMATCHED_ONLY,LONG,LONG,0.3919,0.2348,0.4848,-0.4338,trail,True,2026-07-14T00:27:06.115288,2026-07-14T01:03:59.460186,W2+W6,0.199,54.96,57.33,17.8797,18.8518,-0.9721,17.863270409828537,19.83963105535419,0.0451,0.0737,0.0218,-0.0218,0.3942,0.0092,0.0971,65.1,24.685,62.4,0.0746,-0.1783,0.1122,,BULLISH,HEALTHY_BULL,0.0917,0.0347,1.766,0.8408,78.6,9.5,238323409.0197,18,2,23.8685,68.0,69.6,0.1379,44.4,43.5
159,WLDUSDT,LONG_UNMATCHED_ONLY,LONG,SHORT,0.3919,-0.2041,0.4338,-0.4848,horizon,True,2026-07-14T00:27:06.115264,2026-07-14T01:12:06.975916,W2+W6,0.199,54.96,57.33,17.8797,18.8518,-0.9721,17.863270409828537,19.83963105535419,0.0451,0.0737,0.0218,-0.0218,0.3942,0.0092,0.0971,65.1,24.685,62.4,0.0746,-0.1783,0.1122,,BULLISH,HEALTHY_BULL,0.0917,0.0347,1.766,0.8408,78.6,9.5,238323409.0197,18,2,23.8685,68.0,69.6,0.1379,44.4,43.5
158,QQQUSDT,PASS:FLIP_SHORT_REGIME,SHORT,SHORT,711.0,-0.3024,0.1153,-0.4121,horizon,True,2026-07-14T00:25:59.604859,2026-07-14T01:11:00.462958,,0.0524,52.79,49.67,27.3448,27.4746,-0.1298,29.504903239971846,17.456096834322462,0.0314,0.0225,0.0155,0.0155,0.1342,-0.0792,0.0695,64.1,24.685,65.0,0.078,-0.1748,0.1431,0.1856,BULLISH,HEALTHY_BULL,0.0253,-0.0745,1.6446,0.9767,85.7,7.1,152572084.853,24,1,23.8685,68.0,69.6,0.1353,44.9,43.5
142,1000XECUSDT,PASS:FLIP_SHORT_REGIME,SHORT,SHORT,0.006639,0.8948,1.1448,-0.1506,trail,True,2026-07-14T00:23:42.912266,2026-07-14T00:25:18.142434,,0.5412,52.43,61.66,21.5873,23.1589,-1.5717,18.920012612152696,18.487752134562903,0.1645,0.1759,0.2815,-0.2807,1.503,1.0154,0.0591,53.5,23.8816,62.4,0.0839,-0.1816,0.1114,0.1629,BULLISH,HEALTHY_BULL,0.3617,0.6027,2.0993,0.9993,83.3,9.5,249290881.610828,16,1,23.0025,65.4,70.8,0.1428,43.8,43.5
157,NVDAUSDT,PASS:FLIP_SHORT_REGIME,SHORT,SHORT,203.8,-0.5986,0.1276,-0.6869,horizon,True,2026-07-14T00:21:29.536921,2026-07-14T01:06:29.584868,,0.0699,55.58,66.59,20.8667,21.2916,-0.4249,28.90955783185286,21.218274304409487,0.0401,0.0271,0.0319,0.0319,0.144,-0.0686,0.0991,68.5,23.8816,62.4,0.084,-0.1815,0.1124,0.163,BULLISH,HEALTHY_BULL,0.0561,-0.074,1.7083,1.4061,83.3,11.9,101074294.6627,32,0,23.0025,65.4,70.8,0.137,43.9,43.5
145,PUMPUSDT,PASS:LONG_UNMATCHED_ONLY,LONG,LONG,0.001479,0.2233,0.4733,-0.1352,trail,True,2026-07-14T00:20:22.996432,2026-07-14T00:34:51.424263,W4+W6,0.283,53.99,70.42,18.0051,17.779,0.2261,25.36106553414851,16.577278731212093,0.0741,0.1153,0.1107,-0.1106,0.4042,0.157,0.0786,60.7,23.0172,65.6,0.0919,-0.1774,0.1744,,BULLISH,HEALTHY_BULL,0.1398,0.0793,2.0729,1.1443,83.3,11.9,71498338.298225,41,4,21.4619,73.9,62.4,0.1403,44.5,43.5
150,PUMPUSDT,LONG_UNMATCHED_ONLY,LONG,SHORT,0.001479,-0.7,0.1352,-0.8114,sl,True,2026-07-14T00:20:22.996399,2026-07-14T00:55:10.501175,W4+W6,0.283,53.99,70.42,18.0051,17.779,0.2261,25.36106553414851,16.577278731212093,0.0741,0.1153,0.1107,-0.1106,0.4042,0.157,0.0786,60.7,23.0172,65.6,0.0919,-0.1774,0.1744,,BULLISH,HEALTHY_BULL,0.1398,0.0793,2.0729,1.1443,83.3,11.9,71498338.298225,41,4,21.4619,73.9,62.4,0.1403,44.5,43.5
154,ADAUSDT,PASS:LONG_UNMATCHED_ONLY,LONG,LONG,0.1575,0.2579,0.5079,-0.127,trail,True,2026-07-14T00:20:22.941901,2026-07-14T01:01:36.319924,W4+W6,0.2581,62.05,70.37,20.448,19.8177,0.6302,28.505411229994614,15.812313978778286,0.0735,0.1008,0.0479,0.0479,0.2549,0.1023,0.2224,75.0,23.0172,65.6,0.0919,-0.1774,0.1744,,BULLISH,HEALTHY_BULL,0.1278,0.0693,2.0729,1.1007,83.3,11.9,129511049.6863,27,5,21.4619,73.9,62.4,0.1403,44.5,43.5
156,ADAUSDT,LONG_UNMATCHED_ONLY,LONG,SHORT,0.1575,-0.3175,0.127,-0.5079,horizon,True,2026-07-14T00:20:22.941881,2026-07-14T01:05:23.084050,W4+W6,0.2581,62.05,70.37,20.448,19.8177,0.6302,28.505411229994614,15.812313978778286,0.0735,0.1008,0.0479,0.0479,0.2549,0.1023,0.2224,75.0,23.0172,65.6,0.0919,-0.1774,0.1744,,BULLISH,HEALTHY_BULL,0.1278,0.0693,2.0729,1.1007,83.3,11.9,129511049.6863,27,5,21.4619,73.9,62.4,0.1403,44.5,43.5
149,CRCLUSDT,PASS:FLIP_SHORT_REGIME,SHORT,SHORT,62.72,-0.7,0.3029,-0.7972,sl,True,2026-07-14T00:19:16.353724,2026-07-14T00:55:10.496522,,0.0613,58.11,48.58,28.9616,30.2088,-1.2472,26.562353289633723,20.55596037864252,0.0761,0.026,0.189,0.1893,0.2879,-0.2726,0.2916,74.7,23.0172,69.0,0.0962,-0.173,0.2131,0.1594,BULLISH,HEALTHY_BULL,0.0503,-0.2388,2.0683,1.2139,85.7,9.5,119471423.2692,29,1,21.4619,73.9,62.4,0.1403,45.1,43.5
153,HYPEUSDT,PASS:LONG_UNMATCHED_ONLY,LONG,LONG,63.634,-0.2357,0.1241,-0.649,horizon,True,2026-07-14T00:15:51.287960,2026-07-14T01:00:51.745674,W6,0.2199,64.47,53.08,17.029,16.9392,0.0898,26.5737607307105,18.391555983428045,0.0563,0.0779,0.152,0.1522,0.2939,0.1697,0.2866,84.0,23.0172,68.0,0.0948,-0.1744,0.2013,,BULLISH,HEALTHY_BULL,0.0865,0.1237,1.528,1.3285,88.1,9.5,606920535.20868,10,2,21.4619,73.9,62.4,0.1351,44.9,43.5
143,HYPEUSDT,LONG_UNMATCHED_ONLY,LONG,SHORT,63.634,0.2796,0.5296,0.0,trail,True,2026-07-14T00:15:51.287942,2026-07-14T00:30:04.374242,W6,0.2199,64.47,53.08,17.029,16.9392,0.0898,26.5737607307105,18.391555983428045,0.0563,0.0779,0.152,0.1522,0.2939,0.1697,0.2866,84.0,23.0172,68.0,0.0948,-0.1744,0.2013,,BULLISH,HEALTHY_BULL,0.0865,0.1237,1.528,1.3285,88.1,9.5,606920535.20868,10,2,21.4619,73.9,62.4,0.1351,44.9,43.5
147,XLMUSDT,PASS:FLIP_SHORT_REGIME,SHORT,SHORT,0.18058,0.1163,0.3821,-0.3267,horizon,True,2026-07-14T00:03:37.871790,2026-07-14T00:48:38.846242,,0.1228,58.71,62.14,27.4184,28.5747,-1.1562,23.999672480359962,18.709245333174703,0.0494,0.0485,0.0401,0.0401,0.2024,-0.0895,0.138,69.2,19.2858,67.4,0.0919,-0.1864,0.1924,0.0857,BULLISH,HEALTHY_BULL,0.0711,-0.0679,1.3787,1.3141,69.0,9.5,52472250.06943,48,1,18.2409,69.6,59.4,0.1306,43.2,43.5
144,ADAUSDT,PASS:FLIP_SHORT_REGIME,SHORT,SHORT,0.1571,-0.7,0.2546,-0.7002,sl,True,2026-07-14T00:03:37.819845,2026-07-14T00:33:56.181409,,0.1843,59.38,66.47,20.3843,20.7155,-0.3312,23.32911455729984,16.86615990967266,0.0643,0.0747,0.015,0.015,0.2392,-0.0296,0.154,73.3,19.2858,67.4,0.0919,-0.1864,0.1924,0.0857,BULLISH,HEALTHY_BULL,0.0983,-0.0263,1.3787,1.7876,69.0,9.5,132232912.3112,27,0,18.2409,69.6,59.4,0.1306,43.2,43.5
135,WLDUSDT,PASS:LONG_UNMATCHED_ONLY,LONG,LONG,0.3921,0.2346,0.4846,-0.0765,trail,True,2026-07-13T23:56:53.786943,2026-07-14T00:01:36.934980,C4+C9,0.2773,60.7,61.99,24.1838,24.7157,-0.5319,21.196078222647603,14.953382869756842,0.0885,0.1071,0.0691,0.0692,0.3355,-0.1091,0.2651,84.3,18.2427,65.7,0.0798,-0.2535,0.2068,,BULLISH,HEALTHY_BULL,0.1344,-0.0908,0.7217,0.8659,73.8,19.0,241234811.3895,18,4,17.321,70.8,59.2,0.1329,42.8,32.8
136,WLDUSDT,LONG_UNMATCHED_ONLY,LONG,SHORT,0.3921,0.4896,0.7396,-0.4846,trail,True,2026-07-13T23:56:53.786919,2026-07-14T00:09:14.929856,C4+C9,0.2773,60.7,61.99,24.1838,24.7157,-0.5319,21.196078222647603,14.953382869756842,0.0885,0.1071,0.0691,0.0692,0.3355,-0.1091,0.2651,84.3,18.2427,65.7,0.0798,-0.2535,0.2068,,BULLISH,HEALTHY_BULL,0.1344,-0.0908,0.7217,0.8659,73.8,19.0,241234811.3895,18,4,17.321,70.8,59.2,0.1329,42.8,32.8
141,LITUSDT,PASS:FLIP_SHORT_REGIME,SHORT,SHORT,2.3087,-0.7,0.2859,-0.8663,sl,True,2026-07-13T23:55:47.346851,2026-07-14T00:23:44.672749,,0.0793,54.5,47.75,20.677,22.1183,-1.4413,21.38058260174978,20.56667589699747,0.0935,0.0348,0.2534,0.2541,0.5628,-0.5527,0.3827,61.3,18.2427,69.8,0.0847,-0.2472,0.2515,0.0657,BULLISH,HEALTHY_BULL,0.0685,-0.4617,0.6778,0.4697,71.4,19.0,81063637.0787,39,0,17.321,70.8,59.2,0.1284,43.7,32.8
137,AVAXUSDT,PASS:FLIP_SHORT_REGIME,SHORT,SHORT,6.422,-0.7,0.2803,-0.7163,sl,True,2026-07-13T23:28:00.368775,2026-07-14T00:10:36.417532,,0.062,57.0,51.37,28.2878,29.8913,-1.6034,27.27795838413845,31.66524216497184,0.048,0.0267,0.1504,0.1506,0.2156,-0.2758,0.2255,90.7,19.2796,63.5,0.0479,-0.2635,0.2026,-0.0439,BULLISH,HEALTHY_BULL,0.0458,-0.1905,0.8915,0.654,64.3,23.8,106315960.468,30,1,20.22,60.0,31.6,0.1212,41.3,32.8
139,AAVEUSDT,PASS:FLIP_SHORT_REGIME,SHORT,SHORT,94.17,-0.7,0.2655,-0.7433,sl,True,2026-07-13T23:25:47.279478,2026-07-14T00:10:37.431576,,0.1105,59.2,62.32,27.8873,29.4976,-1.6103,24.415299560737324,21.240767321578378,0.0483,0.0446,0.0671,0.0672,0.1917,-0.1003,0.1601,76.1,18.9555,61.0,0.0428,-0.2714,0.1559,-0.0496,BULLISH,HEALTHY_BULL,0.0667,-0.0795,0.7603,1.2893,64.3,23.8,87659199.11,36,1,20.22,60.0,31.6,0.1174,40.0,32.8
138,LINKUSDT,PASS:FLIP_SHORT_REGIME,SHORT,SHORT,7.85,-0.7,0.1146,-0.7006,sl,True,2026-07-13T23:25:47.276254,2026-07-14T00:10:37.424410,,0.0521,57.12,54.19,18.4338,19.7377,-1.3039,26.9288662708728,26.141639420641948,0.0316,0.0206,0.0727,0.0727,0.1475,-0.1082,0.125,81.0,18.9555,61.0,0.0428,-0.2714,0.1559,-0.0496,BULLISH,HEALTHY_BULL,0.037,-0.0804,0.7603,0.8257,64.3,23.8,87777496.99,35,0,20.22,60.0,31.6,0.1174,40.0,32.8
134,1000PEPEUSDT,PASS:FLIP_SHORT_REGIME,SHORT,SHORT,0.0027061,-0.7,0.085,-0.7021,sl,True,2026-07-13T23:25:47.237932,2026-07-13T23:58:11.830979,,0.2401,64.36,57.05,18.4654,18.6137,-0.1483,32.158888191361015,23.03168225860115,0.0863,0.0848,0.2295,0.2301,0.3075,0.0856,0.4016,91.0,18.9555,61.0,0.0428,-0.2714,0.1559,-0.0496,BULLISH,HEALTHY_BULL,0.13,0.0605,0.7603,0.8401,64.3,23.8,141237572.1791607,25,2,20.22,60.0,31.6,0.1174,40.0,32.8
140,DOGEUSDT,PASS:FLIP_SHORT_REGIME,SHORT,SHORT,0.07167,-0.5163,0.1814,-0.6279,horizon,True,2026-07-13T23:25:47.220914,2026-07-14T00:10:47.474444,,0.0599,58.98,51.82,18.3138,19.2382,-0.9243,29.89259482325134,26.350605523518517,0.0474,0.0175,0.158,0.1582,0.1825,-0.053,0.2232,76.2,18.9555,61.0,0.0428,-0.2714,0.1559,-0.0496,BULLISH,HEALTHY_BULL,0.0528,-0.0594,0.7603,0.7599,64.3,23.8,251446464.29706,16,0,20.22,60.0,31.6,0.1174,40.0,32.8
131,UNIUSDT,PASS:LONG_UNMATCHED_ONLY,LONG,LONG,3.523,0.3177,0.5677,0.0,trail,True,2026-07-13T23:24:38.436918,2026-07-13T23:39:33.733293,C4,0.1599,59.29,52.59,17.5322,17.7568,-0.2246,32.618445266049896,24.300930135252255,0.0419,0.0506,0.1559,0.1562,0.2712,0.1173,0.2488,88.0,20.128,60.7,0.0265,-0.2727,0.1756,,BULLISH,HEALTHY_BULL,0.0814,0.1004,1.0652,0.7453,59.5,28.6,96417838.454,34,3,21.4806,55.7,37.2,0.125,39.8,32.8
132,UNIUSDT,LONG_UNMATCHED_ONLY,LONG,SHORT,3.523,-0.7,0.0,-0.7096,sl,True,2026-07-13T23:24:38.436899,2026-07-13T23:46:05.270450,C4,0.1599,59.29,52.59,17.5322,17.7568,-0.2246,32.618445266049896,24.300930135252255,0.0419,0.0506,0.1559,0.1562,0.2712,0.1173,0.2488,88.0,20.128,60.7,0.0265,-0.2727,0.1756,,BULLISH,HEALTHY_BULL,0.0814,0.1004,1.0652,0.7453,59.5,28.6,96417838.454,34,3,21.4806,55.7,37.2,0.125,39.8,32.8
133,UNIUSDT,PASS:FLIP_SHORT_REGIME,SHORT,SHORT,3.524,-0.7,0.0851,-0.7094,sl,True,2026-07-13T23:22:24.130025,2026-07-13T23:47:29.525631,,0.1666,60.15,52.59,17.5322,17.7568,-0.2246,33.113668011284055,24.6698739409783,0.045,0.0528,0.1748,0.1751,0.267,0.1202,0.2732,90.0,20.0897,59.6,0.0244,-0.2739,0.1566,-0.0715,BULLISH,HEALTHY_BULL,0.0841,0.1015,0.9298,0.6841,57.1,28.6,96418852.735,34,0,21.4806,55.7,37.2,0.1222,39.6,32.8
130,DODOXUSDT,PASS:FLIP_SHORT_REGIME,SHORT,SHORT,0.021378,0.5078,0.7578,-0.1778,trail,True,2026-07-13T23:22:24.079430,2026-07-13T23:27:38.087577,,0.1596,50.25,46.33,19.3845,20.0037,-0.6192,21.234848799727903,16.911056890255676,0.1337,0.1221,0.0184,-0.0184,1.2622,-1.5894,0.2375,61.5,20.0897,59.6,0.0244,-0.2739,0.1566,-0.0715,BULLISH,HEALTHY_BULL,0.0724,-1.0668,0.9298,0.7762,57.1,28.6,357033523.485836,13,0,21.4806,55.7,37.2,0.1222,39.6,32.8
124,BUSDT,PASS:FLIP_SHORT_REGIME,SHORT,SHORT,0.1088,-0.7,0.0,-0.8272,sl,True,2026-07-13T20:31:43.088802,2026-07-13T20:32:33.673521,,0.0588,54.72,48.3,25.5198,26.9733,-1.4535,17.47862874141441,19.958525213312317,0.092,0.0517,0.3341,0.3352,0.7151,-1.551,0.4795,89.5,21.3913,56.0,0.0262,-0.299,0.0562,-0.0303,BULLISH,HEALTHY_BULL,0.0574,-0.9839,0.6198,0.704,37.5,37.5,36528266.1214,42,1,22.1399,55.8,67.4,0.1224,37.2,38.3
128,PUMPUSDT,PASS:LONG_UNMATCHED_ONLY,LONG,LONG,0.001482,-0.7,0.135,-0.7422,sl,True,2026-07-13T20:30:42.206537,2026-07-13T20:51:13.155146,C4,0.3374,56.12,59.62,24.6422,25.0614,-0.4192,30.684385113303968,20.80264961468715,0.0758,0.1487,0.0143,0.0143,0.4685,-0.0488,0.2389,76.7,21.3913,57.2,0.0286,-0.2966,0.0781,,BULLISH,HEALTHY_BULL,0.1531,0.0623,0.5645,0.6603,42.5,37.5,76300409.187224,30,5,22.1399,55.8,67.4,0.1223,37.4,38.3
129,PUMPUSDT,LONG_UNMATCHED_ONLY,LONG,SHORT,0.001482,0.5597,0.8097,-0.135,trail,True,2026-07-13T20:30:42.206517,2026-07-13T20:53:46.752137,C4,0.3374,56.12,59.62,24.6422,25.0614,-0.4192,30.684385113303968,20.80264961468715,0.0758,0.1487,0.0143,0.0143,0.4685,-0.0488,0.2389,76.7,21.3913,57.2,0.0286,-0.2966,0.0781,,BULLISH,HEALTHY_BULL,0.1531,0.0623,0.5645,0.6603,42.5,37.5,76300409.187224,30,5,22.1399,55.8,67.4,0.1223,37.4,38.3
110,PUMPUSDT,PASS:FLIP_SHORT_REGIME,SHORT,SHORT,0.001483,0.3569,0.6069,-0.0674,trail,True,2026-07-13T20:06:17.867014,2026-07-13T20:17:11.236115,,0.5394,59.74,65.93,29.9461,30.5872,-0.6411,27.764018589259514,17.896178320936446,0.217,0.2347,0.0564,0.0564,0.4779,-0.2388,0.5088,85.0,25.2074,64.5,0.0787,-0.2905,0.1663,-0.0498,BULLISH,HEALTHY_BULL,0.2794,-0.2201,0.5455,0.8315,72.5,22.5,75968778.166447,30,2,23.9419,67.4,53.7,0.1256,38.1,38.3
120,SOLUSDT,PASS:FLIP_SHORT_REGIME,SHORT,SHORT,75.13,0.2558,0.5058,-0.2396,trail,True,2026-07-13T20:02:14.020381,2026-07-13T20:24:51.942654,,0.1377,59.59,54.36,27.0369,28.032,-0.9951,21.116890124586035,15.897492400048446,0.0616,0.0585,0.1023,0.1024,0.2135,-0.2009,0.2226,84.3,23.8531,62.6,0.0708,-0.2941,0.1656,-0.0819,BULLISH,HEALTHY_BULL,0.0692,-0.1413,0.5835,1.1665,62.5,27.5,1416548370.9688,4,1,22.819,66.5,57.3,0.1269,37.7,38.3
109,ARBUSDT,PASS:LONG_UNMATCHED_ONLY,LONG,LONG,0.09097,-0.7,0.0,-0.7035,sl,True,2026-07-13T20:01:12.984546,2026-07-13T20:16:38.050914,W6,0.2342,57.07,58.38,26.3456,27.7801,-1.4345,19.10704521429307,16.375722290849275,0.0814,0.1019,0.0147,0.0147,0.3429,-0.3318,0.1981,78.9,23.8531,63.2,0.0715,-0.2927,0.1718,,BULLISH,HEALTHY_BULL,0.1016,-0.2301,0.5243,0.8555,62.5,25.0,59324106.55705,34,3,22.819,66.5,57.3,0.1259,37.8,38.3
115,ARBUSDT,LONG_UNMATCHED_ONLY,LONG,SHORT,0.09097,0.7503,1.0003,0.0,trail,True,2026-07-13T20:01:12.984520,2026-07-13T20:22:45.460803,W6,0.2342,57.07,58.38,26.3456,27.7801,-1.4345,19.10704521429307,16.375722290849275,0.0814,0.1019,0.0147,0.0147,0.3429,-0.3318,0.1981,78.9,23.8531,63.2,0.0715,-0.2927,0.1718,,BULLISH,HEALTHY_BULL,0.1016,-0.2301,0.5243,0.8555,62.5,25.0,59324106.55705,34,3,22.819,66.5,57.3,0.1259,37.8,38.3
112,NEARUSDT,PASS:FLIP_SHORT_REGIME,SHORT,SHORT,1.915,0.7944,1.0444,-0.2611,trail,True,2026-07-13T19:59:09.311212,2026-07-13T20:22:36.422729,,0.1411,57.07,49.3,27.1782,27.6353,-0.4571,25.77617871747502,16.746007867416626,0.1522,0.0705,0.3279,0.329,0.4692,-0.5583,0.5525,85.3,22.6889,65.7,0.0625,-0.384,0.2263,-0.1083,BULLISH,HEALTHY_BULL,0.0977,-0.4794,0.6098,1.1697,62.5,25.0,162113692.817,18,1,21.7035,62.3,44.8,0.1294,38.0,31.5
127,AAVEUSDT,PASS:LONG_UNMATCHED_ONLY,LONG,LONG,94.8,-0.5591,0.0844,-0.6118,horizon,True,2026-07-13T19:56:06.283113,2026-07-13T20:41:06.639531,W6,0.215,61.9,60.58,20.1322,19.9945,0.1377,21.64894339052878,13.863701294378123,0.0663,0.0856,0.0915,0.0916,0.2587,-0.0243,0.2437,87.6,22.4424,63.4,0.0572,-0.3893,0.1787,,BULLISH,HEALTHY_BULL,0.0948,-0.0199,0.4827,0.8083,62.5,25.0,91370444.716,25,3,21.7035,62.3,44.8,0.1251,37.1,31.5
126,AAVEUSDT,LONG_UNMATCHED_ONLY,LONG,SHORT,94.8,0.5591,0.6118,-0.0844,horizon,True,2026-07-13T19:56:06.283087,2026-07-13T20:41:06.636575,W6,0.215,61.9,60.58,20.1322,19.9945,0.1377,21.64894339052878,13.863701294378123,0.0663,0.0856,0.0915,0.0916,0.2587,-0.0243,0.2437,87.6,22.4424,63.4,0.0572,-0.3893,0.1787,,BULLISH,HEALTHY_BULL,0.0948,-0.0199,0.4827,0.8083,62.5,25.0,91370444.716,25,3,21.7035,62.3,44.8,0.1251,37.1,31.5
114,ARBUSDT,PASS:FLIP_SHORT_REGIME,SHORT,SHORT,0.09097,0.7503,1.0003,-0.1759,trail,True,2026-07-13T19:54:03.813801,2026-07-13T20:22:45.458307,,0.2233,58.38,61.44,29.0083,30.3136,-1.3053,20.65844128183762,16.21864850109685,0.0999,0.0964,0.0935,0.0935,0.3677,-0.4279,0.2901,78.9,21.7128,63.6,0.0561,-0.387,0.2109,-0.139,BULLISH,HEALTHY_BULL,0.1309,-0.3044,0.6116,1.112,62.5,22.5,59254477.663761,34,3,20.9173,58.3,48.8,0.1316,37.5,31.5
113,AVAXUSDT,PASS:FLIP_SHORT_REGIME,SHORT,SHORT,6.477,0.3367,0.5867,-0.139,trail,True,2026-07-13T19:52:01.209433,2026-07-13T20:22:45.455670,,0.1515,56.08,58.34,28.4756,30.2505,-1.7749,18.92392545777477,16.984267207699503,0.0691,0.0701,0.1195,0.1196,0.3005,-0.3842,0.259,92.5,21.5907,62.5,0.0536,-0.39,0.1891,-0.1416,BULLISH,HEALTHY_BULL,0.0837,-0.2515,0.5678,1.0063,65.0,22.5,105212832.042,22,1,20.9173,58.3,48.8,0.1303,37.0,31.5
121,JTOUSDT,PASS:FLIP_SHORT_REGIME,SHORT,SHORT,0.6305,0.543,0.793,-0.5393,trail,True,2026-07-13T19:51:00.235003,2026-07-13T20:29:41.000693,,0.1231,57.99,48.5,28.5688,29.485,-0.9162,25.55051973992925,18.253409325064617,0.1388,0.0598,0.3442,0.3454,0.4672,-0.9142,0.5447,76.9,21.1245,59.8,0.0481,-0.3965,0.1395,-0.1476,BULLISH,HEALTHY_BULL,0.104,-0.6703,0.5229,0.9466,62.5,25.0,60714336.8357,33,2,20.9173,58.3,48.8,0.1258,36.0,31.5
117,SUIUSDT,PASS:FLIP_SHORT_REGIME,SHORT,SHORT,0.7204,0.2081,0.4581,-0.1805,trail,True,2026-07-13T19:51:00.208868,2026-07-13T20:23:06.531662,,0.1224,57.96,56.34,24.2627,25.3156,-1.0529,22.716536318933844,18.37128135608182,0.0615,0.0578,0.1281,0.1282,0.2307,-0.2875,0.2476,89.4,21.1245,59.8,0.0481,-0.3965,0.1395,-0.1476,BULLISH,HEALTHY_BULL,0.0661,-0.1939,0.5229,0.7922,62.5,25.0,97026938.67933,24,0,20.9173,58.3,48.8,0.1258,36.0,31.5
125,ADAUSDT,PASS:FLIP_SHORT_REGIME,SHORT,SHORT,0.1579,0.0,0.4433,-0.2533,horizon,True,2026-07-13T19:51:00.198014,2026-07-13T20:36:00.496388,,0.1413,60.91,58.87,22.5481,23.2377,-0.6895,22.75080324714397,17.30904334937581,0.0602,0.0574,0.1175,0.1177,0.2521,-0.1358,0.2354,86.7,21.1245,59.8,0.0481,-0.3965,0.1395,-0.1476,BULLISH,HEALTHY_BULL,0.0769,-0.0978,0.5229,1.1413,62.5,25.0,138206104.1317,20,0,20.9173,58.3,48.8,0.1258,36.0,31.5
123,AAVEUSDT,PASS:FLIP_SHORT_REGIME,SHORT,SHORT,94.71,0.454,0.4751,-0.2323,horizon,True,2026-07-13T19:46:56.550766,2026-07-13T20:31:56.555568,,0.1836,59.3,55.56,19.9181,20.6595,-0.7414,18.971720502254392,15.434640523939139,0.0638,0.0745,0.0935,0.0936,0.2699,-0.0995,0.2322,93.7,20.9127,56.4,0.0372,-0.4019,0.1085,-0.1743,BULLISH,HEALTHY_BULL,0.0831,-0.0702,0.5258,0.6401,60.0,30.0,91327760.751,25,0,21.054,59.1,46.0,0.1296,35.0,31.5
122,OPUSDT,PASS:FLIP_SHORT_REGIME,SHORT,SHORT,0.0984,-0.1016,0.3049,-0.4065,horizon,True,2026-07-13T19:44:54.456045,2026-07-13T20:29:55.045476,,0.1472,57.6,55.95,29.482,30.9256,-1.4436,14.8829705102567,12.002235023624344,0.0667,0.0644,0.1792,0.1796,0.3608,-0.2168,0.311,92.9,20.9608,58.2,0.038,-0.4,0.1501,-0.1979,BULLISH,HEALTHY_BULL,0.0803,-0.1323,0.6562,0.5831,60.0,30.0,28566854.47455,49,1,21.2526,53.7,50.7,0.1345,35.4,31.5
118,XLMUSDT,PASS:FLIP_SHORT_REGIME,SHORT,SHORT,0.18226,0.6882,0.9382,-0.1811,trail,True,2026-07-13T19:43:53.543677,2026-07-13T20:23:48.685029,,0.1661,62.35,59.11,24.0533,24.4449,-0.3915,24.65977729771962,16.79801484215234,0.0692,0.067,0.1866,0.1869,0.2573,-0.1231,0.3234,94.0,20.9608,57.5,0.0364,-0.4014,0.136,-0.1996,BULLISH,HEALTHY_BULL,0.0884,-0.0795,0.6333,0.8273,57.5,27.5,50687291.31847,37,0,21.2526,53.7,50.7,0.1345,35.1,31.5
119,LINKUSDT,PASS:FLIP_SHORT_REGIME,SHORT,SHORT,7.878,0.1015,0.2793,-0.3935,horizon,True,2026-07-13T19:38:48.998031,2026-07-13T20:23:49.691607,,0.1531,61.56,49.08,23.2341,23.8885,-0.6544,26.487580119378755,19.687415746167,0.0687,0.0673,0.138,0.1382,0.2085,-0.185,0.2744,92.8,21.2476,57.4,0.0224,-0.403,0.1353,-0.2187,BULLISH,HEALTHY_BULL,0.0662,-0.1143,0.7495,0.5869,50.0,30.0,88187724.221,26,0,21.8277,57.3,47.7,0.1363,34.9,31.5
116,LTCUSDT,PASS:FLIP_SHORT_REGIME,SHORT,SHORT,43.25,0.2081,0.3006,-0.1387,horizon,True,2026-07-13T19:37:48.101350,2026-07-13T20:22:48.472248,,0.1349,58.77,52.19,24.085,24.4276,-0.3427,26.391456973642196,17.730198293394466,0.0662,0.057,0.1015,0.1017,0.1789,-0.1367,0.225,88.1,21.2476,56.8,0.0216,-0.4037,0.1282,-0.2195,BULLISH,HEALTHY_BULL,0.0694,-0.0943,0.7262,0.7636,52.5,27.5,46806811.77,38,0,21.8277,57.3,47.7,0.1363,34.7,31.5
111,1000PEPEUSDT,PASS:FLIP_SHORT_REGIME,SHORT,SHORT,0.0026958,0.0631,0.1966,-0.5193,horizon,True,2026-07-13T19:35:46.040665,2026-07-13T20:20:47.013032,,0.1157,58.2,44.75,27.5555,28.2202,-0.6647,26.718826844109778,18.21891657565868,0.0789,0.0538,0.2061,0.2065,0.2969,-0.4536,0.3396,87.1,21.2476,57.8,0.0232,-0.4021,0.143,-0.2177,BULLISH,HEALTHY_BULL,0.0651,-0.2955,0.6609,0.659,52.5,30.0,138549154.2724398,19,1,21.8277,57.3,47.7,0.1332,35.0,31.5
106,DEXEUSDT,PASS:FLIP_SHORT_BTC_TRENDGAP,SHORT,SHORT,39.91,0.3764,0.6264,0.0,trail,True,2026-07-13T17:55:53.728026,2026-07-13T17:56:17.174795,,0.1296,50.16,49.11,19.6045,18.4818,1.1227,27.9385087569376,13.698574638625221,0.2459,0.1095,0.0665,0.0665,1.2972,-2.4257,0.4224,39.8,33.2605,22.6,-0.1124,-0.3463,-0.2118,-0.4037,BEARISH,BEAR_EXHAUSTED,0.1858,-1.7,0.639,1.0679,12.5,82.5,204641092.53779,14,3,32.6929,22.1,30.0,0.1556,29.6,32.8
108,HYPEUSDT,PASS:FLIP_SHORT_BTC_TRENDGAP,SHORT,SHORT,63.802,0.4584,0.7084,-0.0784,trail,True,2026-07-13T17:40:32.994564,2026-07-13T18:04:05.207152,,0.0836,53.66,52.26,23.99,24.8713,-0.8813,20.61027472407249,26.51664873540369,0.0638,0.0437,0.0654,0.0655,0.3539,-0.3476,0.173,78.5,30.2015,24.9,-0.097,-0.3399,-0.2699,-0.3448,BEARISH,BEAR_EXHAUSTED,0.0483,-0.2518,0.8464,0.4147,12.5,82.5,565056814.16074,7,2,28.4532,29.2,38.7,0.1653,30.1,32.8
107,KITEUSDT,PASS:FLIP_SHORT_BTC_TRENDGAP,SHORT,SHORT,0.13409,1.6592,1.9092,-0.6264,trail,True,2026-07-13T17:38:29.797069,2026-07-13T17:59:12.805097,,0.4662,56.12,59.99,21.9124,21.2638,0.6486,27.44508679152558,14.666611439012895,0.2063,0.1979,0.083,0.0831,0.8118,-0.575,0.488,70.8,30.2015,22.7,-0.105,-0.3446,-0.342,-0.3535,BEARISH,BEAR_EXHAUSTED,0.2643,-0.4431,1.0524,0.9823,12.5,82.5,54000995.76184,35,3,28.4532,29.2,38.7,0.1655,29.7,32.8
105,1000XECUSDT,PASS:FLIP_SHORT_BTC_TRENDGAP,SHORT,SHORT,0.006466,0.2294,0.4794,-0.1237,trail,True,2026-07-13T17:35:26.079474,2026-07-13T17:37:49.823716,,0.1348,54.3,48.22,21.4716,23.1103,-1.6386,20.24453054071331,20.313303229462683,0.1786,0.0792,0.3313,0.3324,1.1724,-0.7771,0.5912,74.6,28.4696,29.6,-0.0892,-0.3236,-0.1776,-0.3236,BEARISH,BEAR_EXHAUSTED,0.126,-0.5652,0.5287,0.6071,17.5,77.5,201348536.545707,15,2,27.7128,30.0,33.9,0.1515,31.4,32.8
104,VANRYUSDT,PASS:MOMENTUM_SHORT_DEEPGAP,SHORT,SHORT,0.005441,0.2095,0.4595,-0.147,trail,True,2026-07-13T16:13:52.751978,2026-07-13T16:15:15.679217,,0.7782,25.59,33.56,27.7605,26.3378,1.4227,13.071057176887274,35.57086865882796,0.1816,0.2644,0.7132,-0.7081,0.755,-1.4774,-1.1505,4.8,18.1608,42.6,-0.037,-0.2119,-0.1186,-0.0575,BEARISH,HEALTHY_BEAR,-0.2721,-0.9711,,,,,,,2,18.1157,42.7,48.2,0.1843,37.0,37.9
102,XLMUSDT,PASS:LONG_UNMATCHED_ONLY,LONG,LONG,0.18437,-0.7,0.2061,-0.7051,sl,True,2026-07-13T15:11:56.002860,2026-07-13T15:46:33.209603,W6,0.361,62.76,58.34,21.8056,21.6465,0.159,21.217210839019653,13.03915964714471,0.1045,0.1421,0.1245,0.1247,0.3492,0.1856,0.3716,89.8,23.5915,61.8,0.0759,-0.2455,0.2444,,BULLISH,HEALTHY_BULL,0.1389,0.1167,0.8559,0.809,72.5,20.0,51490689.67928,35,5,24.7637,60.2,55.8,0.231,41.4,40.8
103,XLMUSDT,LONG_UNMATCHED_ONLY,LONG,SHORT,0.18437,0.9654,0.9926,-0.2061,horizon,True,2026-07-13T15:11:56.002842,2026-07-13T15:56:56.613463,W6,0.361,62.76,58.34,21.8056,21.6465,0.159,21.217210839019653,13.03915964714471,0.1045,0.1421,0.1245,0.1247,0.3492,0.1856,0.3716,89.8,23.5915,61.8,0.0759,-0.2455,0.2444,,BULLISH,HEALTHY_BULL,0.1389,0.1167,0.8559,0.809,72.5,20.0,51490689.67928,35,5,24.7637,60.2,55.8,0.231,41.4,40.8
99,WLDUSDT,PASS:FLIP_SHORT_REGIME,SHORT,SHORT,0.4213,0.2959,0.5459,0.0,trail,True,2026-07-13T15:00:45.330434,2026-07-13T15:06:27.243217,,0.2401,57.79,48.08,28.6644,30.1077,-1.4433,18.914208632371547,15.506281220096815,0.1067,0.1109,0.2685,0.2692,0.619,-0.2135,0.4876,80.7,26.6337,63.5,0.0855,-0.2474,0.2779,-0.0737,BULLISH,HEALTHY_BULL,0.0896,-0.118,0.6086,0.5637,77.5,17.5,258010704.4302,11,2,28.3459,63.1,57.8,0.2304,41.1,40.8
101,AAVEUSDT,PASS:LONG_UNMATCHED_ONLY,LONG,LONG,95.69,-0.4598,0.3553,-0.5434,horizon,True,2026-07-13T14:58:38.369563,2026-07-13T15:43:38.886393,W5,0.2188,63.93,58.83,23.0418,24.5454,-1.5036,19.157134189310394,17.863143295546042,0.062,0.0928,0.2008,0.2012,0.387,0.0461,0.3564,94.1,28.6071,61.2,0.0769,-0.3098,0.2519,,BULLISH,STRONG_BULL,0.0819,0.0748,0.7374,0.8174,72.5,15.0,87853886.697,23,2,30.112,56.4,52.7,0.2427,39.8,26.5
100,AAVEUSDT,LONG_UNMATCHED_ONLY,LONG,SHORT,95.69,0.4598,0.5434,-0.3553,horizon,True,2026-07-13T14:58:38.369543,2026-07-13T15:43:38.883778,W5,0.2188,63.93,58.83,23.0418,24.5454,-1.5036,19.157134189310394,17.863143295546042,0.062,0.0928,0.2008,0.2012,0.387,0.0461,0.3564,94.1,28.6071,61.2,0.0769,-0.3098,0.2519,,BULLISH,STRONG_BULL,0.0819,0.0748,0.7374,0.8174,72.5,15.0,87853886.697,23,2,30.112,56.4,52.7,0.2427,39.8,26.5
97,JTOUSDT,PASS:FLIP_SHORT_BTC_TRENDGAP,SHORT,SHORT,0.6537,-0.7,0.0,-0.7037,sl,True,2026-07-13T14:10:17.919320,2026-07-13T14:11:26.482179,,0.0967,54.09,53.72,23.3191,24.9025,-1.5834,18.039158980642846,19.053417140725525,0.1347,0.0547,0.2501,0.2507,0.6808,-0.5841,0.4407,81.0,37.1342,36.4,-0.1042,-0.3739,-0.1464,-0.4263,BEARISH,STRONG_BEAR,0.1152,-0.4614,1.0658,0.5861,37.5,50.0,39490763.764,40,1,36.8063,32.0,40.8,0.2016,26.6,26.5
98,NEARUSDT,PASS:FLIP_SHORT_BTC_TRENDGAP,SHORT,SHORT,1.919,-0.7,0.1042,-0.7295,sl,True,2026-07-13T14:10:17.871876,2026-07-13T14:16:31.587039,,0.3059,64.25,57.47,17.9083,17.898,0.0103,24.058020362357883,16.703944137390646,0.1385,0.1215,0.3496,0.3508,0.4781,-0.0322,0.6119,88.6,37.1342,36.4,-0.1042,-0.3739,-0.1464,-0.4263,BEARISH,STRONG_BEAR,0.1627,-0.0678,1.0658,1.4854,37.5,50.0,117511345.465,20,2,36.8063,32.0,40.8,0.2016,26.6,26.5
96,TLMUSDT,PASS:FLIP_SHORT_BTC_TRENDGAP,SHORT,SHORT,0.00181,-0.7,0.1657,-0.884,sl,True,2026-07-13T14:00:34.080501,2026-07-13T14:06:49.159333,,0.1555,57.75,47.41,19.5338,20.8946,-1.3608,19.972404142519913,20.72253101299504,0.123,0.0634,0.3196,0.3206,0.5802,-0.4241,0.5077,92.7,37.3203,33.2,-0.1277,-0.375,-0.212,-0.4208,BEARISH,STRONG_BEAR,0.0842,-0.3643,0.7651,0.6274,27.5,70.0,25781397.414382,49,1,36.6284,33.5,51.3,0.1956,26.4,26.5
95,SXTUSDT,PASS:FLIP_SHORT_BTC_TRENDGAP,SHORT,SHORT,0.007793,-0.7,0.2695,-0.7058,sl,True,2026-07-13T14:00:34.006678,2026-07-13T14:01:26.800857,,0.4004,62.37,60.15,15.302,14.5747,0.7273,28.07007201426738,16.929564196571746,0.1592,0.1524,0.2326,0.2331,0.6958,-0.1537,0.5457,64.7,37.3203,33.2,-0.1277,-0.375,-0.212,-0.4208,BEARISH,STRONG_BEAR,0.2096,-0.1201,0.7651,1.0459,27.5,70.0,93527593.626755,21,2,36.6284,33.5,51.3,0.1956,26.4,26.5
94,BTCUSDT,SPIKE_REV_BTC,LONG,SHORT,62723.3,0.6755,0.9255,-0.0265,trail,True,2026-07-13T13:35:11.376575,2026-07-13T13:57:23.025541,,,,,,,,,,,,,,,,,,,,,,,,BEARISH,STRONG_BEAR,,,,,,,,,,,,,,,
92,SXTUSDT,PASS:FLIP_SHORT_BTC_TRENDGAP,SHORT,SHORT,0.007756,0.2528,0.5028,-0.0258,trail,True,2026-07-13T13:19:47.125971,2026-07-13T13:20:44.484103,,0.0687,56.01,51.52,15.7067,15.946,-0.2393,20.455733555484304,15.879170789194252,0.0603,0.0382,0.3074,0.3083,0.6527,-0.5448,0.4071,77.0,34.9695,18.1,-0.0988,-0.2925,-0.2474,-0.3216,BEARISH,BEAR_EXHAUSTED,0.0435,-0.3594,0.9314,0.691,10.0,82.5,96865727.700806,21,2,33.7676,19.5,22.4,0.1187,28.7,30.9
93,AVAXUSDT,PASS:FLIP_SHORT_BTC_TRENDGAP,SHORT,SHORT,6.632,0.8658,1.1158,-0.6634,trail,True,2026-07-13T13:11:39.118644,2026-07-13T13:46:26.613946,,0.1234,58.48,54.72,20.4814,21.2862,-0.8048,26.66924706634183,21.81210924571433,0.0973,0.0393,0.1855,0.1859,0.299,0.1236,0.3228,78.0,33.397,20.0,-0.088,-0.286,-0.2261,-0.2997,BEARISH,BEAR_EXHAUSTED,0.0986,-0.0138,0.7216,0.7572,10.0,75.0,83907575.627,24,2,32.4623,24.2,20.1,0.1189,29.3,30.9
91,1000XECUSDT,PASS:FLIP_SHORT_BTC_TRENDGAP,SHORT,SHORT,0.006538,0.9889,1.2389,0.0,trail,True,2026-07-13T13:11:39.098680,2026-07-13T13:12:07.675666,,0.1581,51.54,50.0,15.4641,15.7741,-0.31,17.258964007809002,21.715261669163354,0.1201,0.0647,0.0752,0.0753,1.3206,-0.2896,0.2603,60.2,33.397,20.0,-0.088,-0.286,-0.2261,-0.2997,BEARISH,BEAR_EXHAUSTED,0.0993,-0.3262,0.7216,0.9928,10.0,75.0,156959596.14896,17,2,32.4623,24.2,20.1,0.1189,29.3,30.9
90,LITUSDT,PASS:FLIP_SHORT_BTC_TRENDGAP,SHORT,SHORT,2.381,0.3086,0.5586,-0.2016,trail,True,2026-07-13T12:55:20.915016,2026-07-13T12:58:24.041885,,0.0872,52.57,59.4,16.4389,16.2409,0.1981,29.81565793930226,20.28881514296714,0.083,0.0177,0.1881,0.1884,0.7305,-0.2471,0.2893,61.7,30.5099,21.2,-0.1076,-0.2631,-0.2298,-0.2592,BEARISH,BEAR_EXHAUSTED,0.1569,-0.2062,0.9598,1.2615,7.5,92.5,63514799.33771,28,3,29.478,22.5,26.1,0.1222,30.5,36.0
87,PUMPUSDT,PASS:FLIP_SHORT_REGIME,SHORT,SHORT,0.001515,-0.7,0.132,-0.9241,sl,True,2026-07-13T08:56:08.534788,2026-07-13T08:58:10.049922,,0.255,56.88,53.14,21.0365,22.0638,-1.0273,17.001746428082633,19.831165308364685,0.1267,0.0839,0.3096,0.3105,0.6297,0.2946,0.5219,84.1,25.4165,65.4,0.0767,-0.2581,0.1129,0.1524,BULLISH,HEALTHY_BULL,0.1494,0.1301,0.5332,0.3287,73.2,14.6,54927941.031375,32,2,24.1656,72.1,64.3,0.1251,39.9,34.0
88,LITUSDT,PASS:FLIP_SHORT_REGIME,SHORT,SHORT,2.41,0.2728,0.5228,-0.2822,trail,True,2026-07-13T08:56:08.531375,2026-07-13T09:02:27.613926,,0.341,56.19,61.98,20.7649,21.4726,-0.7077,24.40414605010559,19.34456517610955,0.1901,0.1577,0.2637,0.2644,0.7238,-1.1186,0.6133,77.9,25.4165,65.4,0.0767,-0.2581,0.1129,0.1524,BULLISH,HEALTHY_BULL,0.2332,-0.7596,0.5332,1.0726,73.2,14.6,57599153.54953,31,2,24.1656,72.1,64.3,0.1251,39.9,34.0
89,WLDUSDT,PASS:FLIP_SHORT_REGIME,SHORT,SHORT,0.4178,0.492,0.742,-0.2154,trail,True,2026-07-13T08:56:08.486858,2026-07-13T09:13:17.018906,,0.1052,54.23,54.3,26.4362,27.3213,-0.8852,16.963488180133613,22.917150934396783,0.092,0.0482,0.1295,0.1296,0.4873,-0.1914,0.2701,79.4,25.4165,65.4,0.0767,-0.2581,0.1129,0.1524,BULLISH,HEALTHY_BULL,0.0769,-0.2224,0.5332,0.4649,73.2,14.6,256264427.6454,12,1,24.1656,72.1,64.3,0.1251,39.9,34.0
82,VANRYUSDT,PASS:FLIP_SHORT_REGIME,SHORT,SHORT,0.005786,1.34,1.59,0.0,trail,True,2026-07-13T08:00:42.789346,2026-07-13T08:00:44.962736,,0.5702,53.19,59.37,28.6231,30.192,-1.5689,25.941950724263684,21.997907844159243,0.2311,0.2503,0.1804,-0.1801,0.8934,-0.6232,0.3011,62.5,23.7681,61.0,0.039,-0.2832,0.0706,0.0147,BULLISH,HEALTHY_BULL,0.3185,-0.4682,1.3211,1.427,51.2,29.3,67450071.671521,26,2,23.2389,60.8,70.0,0.122,34.2,34.0
81,TLMUSDT,PASS:FLIP_SHORT_REGIME,SHORT,SHORT,0.001839,0.2394,0.4894,-0.1088,trail,True,2026-07-13T07:50:24.293664,2026-07-13T07:55:48.058801,,0.0684,51.66,50.42,27.0198,27.7565,-0.7367,16.879686258677324,24.0121844099374,0.1527,0.0804,0.1668,0.1671,0.773,-1.1948,0.4007,89.7,23.0824,59.6,0.0605,-0.3456,0.0853,-0.0177,BULLISH,HEALTHY_BULL,0.0712,-0.8361,0.7546,0.3883,53.7,24.4,44701083.00211,36,1,23.2674,59.9,49.3,0.136,33.8,27.0
80,PUMPUSDT,PASS:FLIP_SHORT_REGIME,SHORT,SHORT,0.00152,0.3421,0.5921,0.0,trail,True,2026-07-13T07:40:25.798376,2026-07-13T07:43:57.128915,,0.4017,59.91,55.78,17.7906,17.9899,-0.1993,24.63651853539667,18.135106907848165,0.1272,0.1198,0.309,0.31,0.6565,0.7258,0.5579,91.2,23.5692,67.2,0.0809,-0.3385,0.2112,-0.0481,BULLISH,HEALTHY_BULL,0.21,0.4515,0.8986,1.0849,75.6,22.0,48391464.852023,33,1,23.1183,70.0,54.0,0.1364,35.4,27.0
86,TAOUSDT,PASS:FLIP_SHORT_REGIME,SHORT,SHORT,207.37,-0.1688,0.1398,-0.3279,horizon,True,2026-07-13T07:28:16.794421,2026-07-13T08:13:17.771561,,0.1959,63.48,52.59,18.4303,18.7504,-0.32,23.979349407606037,17.990213309327206,0.0763,0.0714,0.1751,0.1754,0.2427,-0.0248,0.3234,92.3,22.5664,64.4,0.0421,-0.3481,0.1897,-0.1135,BULLISH,HEALTHY_BULL,0.0892,-0.0372,0.9707,1.3301,65.9,24.4,57559202.37,30,0,22.9262,62.6,48.8,0.13,33.2,27.0
84,AAVEUSDT,PASS:FLIP_SHORT_REGIME,SHORT,SHORT,94.67,-0.7,0.1479,-0.7183,sl,True,2026-07-13T07:27:10.430449,2026-07-13T08:04:38.112555,,0.0865,57.75,47.91,26.6865,28.6534,-1.9669,20.85077944639356,21.32159722884413,0.0662,0.0346,0.1497,0.1499,0.2644,-0.3454,0.2508,68.2,22.5664,65.6,0.0448,-0.3462,0.214,-0.1105,BULLISH,HEALTHY_BULL,0.0532,-0.2636,0.8856,1.0642,65.9,24.4,86888606.451,22,1,22.9262,62.6,48.8,0.1299,33.7,27.0
85,INJUSDT,PASS:LONG_UNMATCHED_ONLY,LONG,LONG,4.76,-0.1261,0.0,-0.5042,horizon,True,2026-07-13T07:26:04.001839,2026-07-13T08:11:04.326125,C2+W6,0.2435,63.49,56.9,21.3415,21.4498,-0.1082,25.44135901349367,16.98401530005436,0.0652,0.0854,0.1745,0.1748,0.2996,0.0362,0.3257,86.8,22.1363,61.7,0.0375,-0.3527,0.1483,,BULLISH,HEALTHY_BULL,0.1087,0.0611,0.8049,0.5316,65.9,24.4,24426629.8591,50,3,22.9262,62.6,48.8,0.1253,32.1,27.0
83,INJUSDT,LONG_UNMATCHED_ONLY,LONG,SHORT,4.76,0.2542,0.5042,0.0,trail,True,2026-07-13T07:26:04.001820,2026-07-13T08:02:00.751616,C2+W6,0.2435,63.49,56.9,21.3415,21.4498,-0.1082,25.44135901349367,16.98401530005436,0.0652,0.0854,0.1745,0.1748,0.2996,0.0362,0.3257,86.8,22.1363,61.7,0.0375,-0.3527,0.1483,,BULLISH,HEALTHY_BULL,0.1087,0.0611,0.8049,0.5316,65.9,24.4,24426629.8591,50,3,22.9262,62.6,48.8,0.1253,32.1,27.0
79,BTCUSDT,SPIKE_REV_BTC,SHORT,LONG,63045.6,-0.4176,0.0665,-0.5401,horizon,True,2026-07-13T03:09:28.897354,2026-07-13T03:54:29.117309,,,,,,,,,,,,,,,,,,,,,,,,BEARISH,BEAR_EXHAUSTED,,,,,,,,,,,,,,,
78,PUMPUSDT,PASS:FLIP_SHORT_BTC_TRENDGAP,SHORT,SHORT,0.001501,0.283,0.533,-0.533,trail,True,2026-07-13T02:55:51.957009,2026-07-13T03:05:41.451358,,0.4561,61.18,61.18,15.258,15.6434,-0.3855,25.43778129328553,20.70910257998619,0.168,0.1583,0.2407,0.2412,0.6762,0.6797,0.5685,92.3,30.2639,39.0,-0.0613,-0.176,-0.106,-0.3541,BEARISH,STRONG_BEAR,0.2463,0.3192,0.4478,0.6615,20.0,67.5,38085872.043713,38,3,29.7799,38.6,42.0,0.2034,32.9,33.2
77,AVAXUSDT,PASS:FLIP_SHORT_BTC_TRENDGAP,SHORT,SHORT,6.46,-0.7,0.0464,-0.8204,sl,True,2026-07-13T02:25:23.777519,2026-07-13T02:50:59.683554,,0.1158,56.29,57.11,16.6942,17.1817,-0.4875,30.618056247046948,24.871270489132154,0.0682,0.034,0.1452,0.1454,0.3415,0.0869,0.2477,74.1,27.8687,36.5,-0.1012,-0.1775,-0.2284,-0.3727,BEARISH,HEALTHY_BEAR,0.0914,0.0155,0.792,0.7798,7.5,85.0,74668032.184,24,1,27.7841,40.2,39.2,0.255,32.7,33.2
75,TLMUSDT,PASS:FLIP_SHORT_BTC_TRENDGAP,SHORT,SHORT,0.001885,0.6519,0.9019,-0.3714,trail,True,2026-07-13T02:15:14.433668,2026-07-13T02:26:42.796422,,0.2284,56.39,48.54,16.7944,15.9357,0.8586,24.59908905235108,13.850006373375342,0.1045,0.0919,0.2652,0.2659,0.6972,-0.4062,0.4628,85.3,27.6881,36.6,-0.1574,-0.1736,-0.2309,-0.358,BEARISH,HEALTHY_BEAR,0.1009,-0.2717,0.8274,0.5438,5.0,95.0,45364085.951199,34,3,26.6767,29.7,42.8,0.258,33.3,33.2
76,BTCUSDT,SPIKE_REV_BTC,SHORT,LONG,63338.0,0.1543,0.2933,-0.209,horizon,True,2026-07-13T02:00:05.023784,2026-07-13T02:45:05.276202,,,,,,,,,,,,,,,,,,,,,,,,BEARISH,HEALTHY_BEAR,,,,,,,,,,,,,,,
74,BTCUSDT,SPIKE_REV_BTC,SHORT,LONG,63707.6,0.3528,0.6028,0.0,trail,True,2026-07-13T00:43:11.678632,2026-07-13T01:01:42.566343,,,,,,,,,,,,,,,,,,,,,,,,BEARISH,STRONG_BEAR,,,,,,,,,,,,,,,
73,BTCUSDT,SPIKE_REV_BTC,LONG,SHORT,64119.6,0.6571,0.9071,-0.4373,trail,True,2026-07-13T00:10:22.316821,2026-07-13T00:43:06.663207,,,,,,,,,,,,,,,,,,,,,,,,BULLISH,STRONG_BULL,,,,,,,,,,,,,,,
72,LITUSDT,PASS:FLIP_SHORT_BTC1H_SLOPE,SHORT,SHORT,2.6783,1.0867,1.3367,-0.3136,trail,True,2026-07-12T21:49:41.069632,2026-07-12T21:58:41.480511,,0.2598,61.9,53.97,16.2336,16.4579,-0.2243,19.31261427151157,14.773007987417081,0.0666,0.0766,0.2696,0.2703,0.463,0.4689,0.414,89.8,27.8744,18.9,-0.063,0.0142,-0.2502,-0.0637,BEARISH,HEALTHY_BEAR,0.108,0.2947,0.7615,0.6185,7.5,90.0,49568348.58849,31,3,25.1652,27.1,42.4,0.076,43.3,55.3
71,TAOUSDT,PASS:FLIP_SHORT_BTC1H_SLOPE,SHORT,SHORT,212.89,1.1696,1.3575,-0.0517,horizon,True,2026-07-12T21:12:58.416663,2026-07-12T21:57:59.323864,,0.118,59.0,60.82,16.8029,16.4193,0.3836,29.407533057445583,18.88488030173958,0.0607,0.0391,0.0814,0.0814,0.1917,0.0624,0.1813,69.8,21.4762,56.5,0.0104,0.056,0.0254,0.0585,NEUTRAL,CHOPPY_FLAT,0.0817,-0.007,1.175,0.8357,45.0,40.0,52413966.39,29,0,21.5377,52.7,57.5,0.0527,56.6,55.3
70,BUSDT,PASS:FLIP_SHORT_REGIME,SHORT,SHORT,0.1134,0.5437,0.7937,-0.0882,trail,True,2026-07-12T19:31:13.937979,2026-07-12T19:36:56.583985,,0.0962,53.07,47.83,20.6526,21.6818,-1.0292,19.059573969257144,16.475319458373257,0.1186,0.0529,0.1847,0.185,0.8565,-0.7326,0.3569,79.4,23.5351,56.8,0.0258,0.0285,0.0247,0.0588,BULLISH,HEALTHY_BULL,0.1036,-0.5211,0.4707,0.5296,50.0,17.5,86696973.2008,21,1,22.9781,63.4,60.3,0.055,55.1,53.9
69,UNIUSDT,PASS:FLIP_SHORT_BTC1H_SLOPE,SHORT,SHORT,3.664,-0.1092,0.2456,-0.2183,horizon,True,2026-07-12T18:26:11.368186,2026-07-12T19:11:12.077324,,0.0764,55.11,54.49,16.0568,16.3255,-0.2686,22.11896871242117,17.18110346419302,0.0616,0.0264,0.115,0.1151,0.3057,0.0461,0.2032,80.9,22.1307,37.6,-0.0317,0.012,-0.0705,-0.0407,BEARISH,HEALTHY_BEAR,0.0611,-0.0189,0.6794,0.7932,15.0,72.5,83713186.156,22,1,21.3819,39.1,41.9,0.0633,47.9,50.4
66,SKLUSDT,PASS:FLIP_SHORT_BTC1H_SLOPE,SHORT,SHORT,0.004578,0.6674,0.9174,-0.0218,trail,True,2026-07-12T16:36:17.635020,2026-07-12T16:41:34.739332,,0.3141,59.07,61.05,18.4518,17.6766,0.7752,23.485230933962136,13.059340893123489,0.1535,0.1217,0.2683,0.269,0.6979,-0.2594,0.5452,76.1,18.6519,49.2,0.0018,0.0557,-0.0188,0.0643,NEUTRAL,CHOPPY_FLAT,0.212,-0.206,0.7207,1.2518,40.0,40.0,43218156.36951,32,2,19.8837,48.0,57.3,0.0892,53.0,55.5
65,TUSDT,PASS:FLIP_SHORT_BTC1H_SLOPE,SHORT,SHORT,0.005209,-0.7,0.0,-0.7487,sl,True,2026-07-12T16:36:17.561320,2026-07-12T16:37:07.821949,,0.0843,51.46,51.21,25.9278,27.6777,-1.75,22.25602215178529,20.88490033176074,0.2123,0.097,0.2745,0.2753,1.5579,-1.9213,0.5856,73.3,18.6519,49.2,0.0018,0.0557,-0.0188,0.0643,NEUTRAL,CHOPPY_FLAT,0.1473,-1.2589,0.7207,0.7837,40.0,40.0,641752043.327315,6,2,19.8837,48.0,57.3,0.0892,53.0,55.5
67,LITUSDT,PASS:FLIP_SHORT_BTC1H_SLOPE,SHORT,SHORT,2.6609,-0.7,0.0564,-0.7065,sl,True,2026-07-12T16:34:15.695313,2026-07-12T16:42:07.861411,,0.3635,62.27,57.66,15.7701,14.9599,0.8102,26.601227160612407,15.52171102397022,0.1282,0.1355,0.1867,0.1871,0.5224,0.3981,0.4514,84.9,20.1096,48.0,0.0027,0.0543,-0.037,0.0694,NEUTRAL,CHOPPY_FLAT,0.1582,0.1867,0.9277,0.8913,45.0,37.5,51127982.71938,29,2,21.2602,55.8,51.3,0.0938,52.6,55.5
68,AAVEUSDT,PASS:FLIP_SHORT_BTC1H_SLOPE,SHORT,SHORT,99.01,0.202,0.303,-0.1818,horizon,True,2026-07-12T16:30:12.106261,2026-07-12T17:15:12.858659,,0.0683,57.71,52.85,19.2372,20.6129,-1.3757,24.790777698158642,25.471017445632853,0.0752,0.0186,0.2802,0.281,0.3947,0.0148,0.3751,78.4,21.2892,55.2,-0.001,0.0626,0.0451,0.0748,NEUTRAL,CHOPPY_FLAT,0.0735,-0.0424,0.9383,0.7913,47.5,27.5,105032454.312,18,0,22.2336,50.1,58.0,0.0934,55.3,55.5
62,TIAUSDT,PASS:FLIP_SHORT_BTC1H_SLOPE,SHORT,SHORT,0.4057,-0.7,0.0246,-0.7148,sl,True,2026-07-12T15:23:55.982520,2026-07-12T15:29:31.162413,,0.0767,58.75,50.34,21.4187,22.9366,-1.5178,19.603247526299338,20.276023021166832,0.0681,0.0403,0.288,0.2888,0.3569,-0.3244,0.3975,79.2,28.856,61.9,0.0321,0.0435,0.0516,0.1314,BULLISH,STRONG_BULL,0.0313,-0.2502,0.8113,0.6183,62.5,25.0,24544554.7966,48,0,28.5847,59.9,75.9,0.0832,55.1,56.7
64,DOTUSDT,PASS:FLIP_SHORT_BTC1H_SLOPE,SHORT,SHORT,0.845,0.0,0.355,-0.1183,horizon,True,2026-07-12T15:16:49.853291,2026-07-12T16:01:50.552530,,0.1366,62.69,58.04,23.7195,25.5021,-1.7826,16.884624606755395,17.069844776377817,0.063,0.0599,0.1178,0.1179,0.2234,-0.0955,0.241,87.5,28.7671,60.0,0.037,0.0427,0.0381,0.1307,BULLISH,STRONG_BULL,0.0631,-0.0872,0.7989,0.8413,62.5,22.5,37291976.54,37,0,27.9307,67.9,73.3,0.0843,54.8,56.7
61,TLMUSDT,PASS:FLIP_SHORT_BTC1H_SLOPE,SHORT,SHORT,0.001992,0.252,0.502,0.0,trail,True,2026-07-12T15:16:49.849580,2026-07-12T15:17:01.611297,,0.2012,52.91,49.37,17.434,18.7651,-1.3311,18.298527131902244,18.2513635384667,0.1665,0.1241,0.2537,0.2543,1.3541,-0.473,0.5459,78.7,28.7671,60.0,0.037,0.0427,0.0381,0.1307,BULLISH,STRONG_BULL,0.1194,-0.4147,0.7989,0.6895,62.5,22.5,38362607.477724,35,2,27.9307,67.9,73.3,0.0843,54.8,56.7
63,ONDOUSDT,PASS:FLIP_SHORT_REGIME,SHORT,SHORT,0.3276,0.0916,0.2137,-0.3968,horizon,True,2026-07-12T15:02:33.921490,2026-07-12T15:47:34.257609,,0.1109,54.48,63.03,23.867,24.3622,-0.4951,29.129529423371135,20.482157300234444,0.0684,0.0492,0.0075,0.0075,0.2139,-0.0584,0.1251,64.7,24.5398,61.8,0.0589,0.0407,0.0747,0.1128,BULLISH,HEALTHY_BULL,0.0751,-0.095,0.9359,0.6367,67.5,25.0,27532528.28591,41,0,23.4108,72.5,57.2,0.0841,54.2,56.7
60,ARBUSDT,PASS:LONG_BTC1H_DEADBAND,LONG,LONG,0.09578,0.2825,0.5325,-0.6891,trail,True,2026-07-12T12:31:37.658232,2026-07-12T13:14:46.182874,,0.2156,56.68,44.09,22.7517,23.6775,-0.9258,25.872476789688527,20.863988483402895,0.073,0.0908,0.1378,0.138,0.4418,-0.3584,0.3021,83.3,23.7211,60.0,0.0295,-0.0243,0.0575,0.0945,BULLISH,HEALTHY_BULL,0.0733,-0.2043,,,,,,,3,22.965,60.2,55.6,0.0782,50.8,49.4
59,NEARUSDT,PASS:LONG_BTC1H_DEADBAND,LONG,LONG,1.896,-0.7,0.1055,-0.7384,sl,True,2026-07-12T12:30:31.339159,2026-07-12T13:00:23.130220,,0.2715,61.66,58.31,15.6905,14.9559,0.7346,26.387779479191302,15.75170169380483,0.07,0.1001,0.0808,0.0808,0.268,0.3022,0.2511,82.8,22.9696,60.2,0.0323,-0.0241,0.0687,0.0894,BULLISH,HEALTHY_BULL,0.1072,0.2152,,,,,,,2,22.1594,58.2,62.8,0.0801,50.8,49.4
58,ARBUSDT,PASS:FLIP_SHORT_REGIME,SHORT,SHORT,0.096,0.6667,0.9167,-0.2083,trail,True,2026-07-12T12:30:31.326844,2026-07-12T12:58:37.645413,,0.2697,61.19,44.09,22.7517,23.6775,-0.9258,26.72986733459391,21.555402243287453,0.0985,0.109,0.2903,0.2911,0.4267,-0.3346,0.4994,92.5,22.9696,60.2,0.0323,-0.0241,0.0687,0.0894,BULLISH,HEALTHY_BULL,0.0953,-0.1954,0.8306,0.6932,73.2,17.1,106070309.111948,20,1,22.1594,58.2,62.8,0.0801,50.8,49.4
55,HMSTRUSDT,PASS:LONG_UNMATCHED_ONLY,LONG,LONG,0.0002064,-0.7,0.2422,-0.7267,sl,True,2026-07-12T09:48:15.066393,2026-07-12T09:58:20.140918,C2,0.3822,63.96,55.89,19.9452,19.2308,0.7144,28.32142616360036,15.508843600501635,0.0765,0.1425,0.3139,0.3149,0.6188,0.2834,0.5347,84.9,23.5452,58.9,0.0294,-0.0514,0.1035,,BULLISH,HEALTHY_BULL,0.1267,0.2342,0.7223,0.833,70.0,22.5,32494811.8475682,40,4,24.1813,59.5,35.1,0.0896,47.7,46.9
56,HMSTRUSDT,LONG_UNMATCHED_ONLY,LONG,SHORT,0.0002064,1.1066,1.3566,-0.2422,trail,True,2026-07-12T09:48:15.066375,2026-07-12T09:59:33.390890,C2,0.3822,63.96,55.89,19.9452,19.2308,0.7144,28.32142616360036,15.508843600501635,0.0765,0.1425,0.3139,0.3149,0.6188,0.2834,0.5347,84.9,23.5452,58.9,0.0294,-0.0514,0.1035,,BULLISH,HEALTHY_BULL,0.1267,0.2342,0.7223,0.833,70.0,22.5,32494811.8475682,40,4,24.1813,59.5,35.1,0.0896,47.7,46.9
57,HYPEUSDT,PASS:FLIP_SHORT_REGIME,SHORT,SHORT,67.258,0.7744,1.0244,-0.061,trail,True,2026-07-12T09:46:10.778043,2026-07-12T10:12:23.293961,,0.0912,60.33,53.81,16.67,16.9128,-0.2428,34.11794609085738,25.994496455578144,0.0616,0.0238,0.1927,0.1931,0.1917,0.0099,0.2786,71.3,23.5452,59.5,0.03,-0.0508,0.1094,0.0061,BULLISH,HEALTHY_BULL,0.0711,-0.0304,0.5964,0.7811,67.5,22.5,321763546.038,8,0,24.1813,59.5,35.1,0.0874,47.8,46.9
53,WLDUSDT,PASS:LONG_UNMATCHED_ONLY,LONG,LONG,0.4053,0.4162,0.6662,-0.1974,trail,True,2026-07-12T08:29:50.803467,2026-07-12T08:57:22.512826,W4,0.5088,62.54,61.1,21.0414,19.5318,1.5096,33.42909907796174,14.100700556255804,0.1472,0.1815,0.1435,0.1437,0.44,0.5637,0.4732,65.1,30.0067,62.3,0.0452,-0.0947,0.0747,,BULLISH,STRONG_BULL,0.2144,0.3217,0.7384,1.3286,67.5,30.0,186106943.4675,12,3,28.9492,66.0,55.3,0.0856,47.3,43.2
54,WLDUSDT,LONG_UNMATCHED_ONLY,LONG,SHORT,0.4053,-0.7,0.1974,-0.7649,sl,True,2026-07-12T08:29:50.803450,2026-07-12T09:00:10.130885,W4,0.5088,62.54,61.1,21.0414,19.5318,1.5096,33.42909907796174,14.100700556255804,0.1472,0.1815,0.1435,0.1437,0.44,0.5637,0.4732,65.1,30.0067,62.3,0.0452,-0.0947,0.0747,,BULLISH,STRONG_BULL,0.2144,0.3217,0.7384,1.3286,67.5,30.0,186106943.4675,12,3,28.9492,66.0,55.3,0.0856,47.3,43.2
49,HMSTRUSDT,PASS:FLIP_SHORT_BTC1H_SLOPE,SHORT,SHORT,0.0002092,0.5626,0.8126,-0.0478,trail,True,2026-07-12T04:18:52.536709,2026-07-12T04:27:20.885532,,0.356,58.41,57.7,15.7696,15.3878,0.3818,21.890934457538147,14.372441540678004,0.1415,0.1196,0.2194,0.2199,0.766,0.5897,0.4817,86.0,26.4486,60.2,0.0215,0.0094,0.0423,0.0978,BULLISH,HEALTHY_BULL,0.2047,0.3636,0.7324,0.9612,80.5,12.2,51456783.4779608,30,2,25.0838,58.1,65.2,0.0825,52.1,53.4
52,ONDOUSDT,PASS:FLIP_SHORT_REGIME,SHORT,SHORT,0.3261,0.2147,0.3373,-0.3373,horizon,True,2026-07-12T04:04:29.097141,2026-07-12T04:49:29.550035,,0.1714,64.86,65.71,20.5035,20.9915,-0.488,21.46182155656016,16.137698763200618,0.0656,0.0656,0.0805,0.0805,0.195,-0.116,0.2119,91.3,23.0914,61.7,0.0359,0.01,0.0663,0.0981,BULLISH,HEALTHY_BULL,0.0849,-0.1046,0.8294,1.0233,80.5,9.8,31674447.80658,41,0,21.381,67.2,68.1,0.091,52.2,53.4
48,PARTIUSDT,PASS:LONG_BTC1H_DEADBAND,LONG,LONG,0.03262,-0.7,0.0,-0.7051,sl,True,2026-07-12T04:00:02.834389,2026-07-12T04:06:35.995370,,0.5205,60.46,55.35,19.8697,20.0372,-0.1675,22.777331812630564,15.92906785639421,0.1792,0.2251,0.337,0.3382,0.8418,-0.1335,0.7442,92.6,20.766,61.3,0.0304,-0.0079,0.0504,0.0849,BULLISH,HEALTHY_BULL,0.194,-0.081,,,,,,,2,19.8213,60.4,62.2,0.0836,51.5,47.6
47,VIRTUALUSDT,PASS:FLIP_SHORT_REGIME,SHORT,SHORT,0.6026,-0.7,0.0,-0.7136,sl,True,2026-07-12T03:58:55.896218,2026-07-12T04:05:16.733468,,0.28,57.59,63.69,25.7213,25.8452,-0.1239,30.642108855543444,18.73646413312578,0.1609,0.1024,0.119,0.1191,0.4643,-0.0828,0.3829,62.9,20.6587,60.9,0.03,-0.0083,0.0469,0.0845,BULLISH,HEALTHY_BULL,0.2019,-0.1885,0.665,1.4415,78.0,14.6,88920085.75267,22,3,19.8213,60.4,62.2,0.0817,51.4,47.6
50,TIAUSDT,PASS:LONG_BTC1H_DEADBAND,LONG,LONG,0.4044,0.8133,1.0633,-0.1236,trail,True,2026-07-12T03:53:24.931506,2026-07-12T04:28:11.051508,,0.2598,61.45,54.94,17.4769,16.7838,0.6931,24.863217811800148,14.450015918618032,0.0632,0.0934,0.1111,0.1112,0.3331,0.0634,0.2681,82.2,20.265,61.9,0.0352,-0.0077,0.0594,0.0838,BULLISH,HEALTHY_BULL,0.0933,0.0385,,,,,,,2,18.9369,65.2,60.3,0.0828,51.6,47.6
51,XLMUSDT,PASS:FLIP_SHORT_REGIME,SHORT,SHORT,0.18658,-0.1394,0.2358,-0.3109,horizon,True,2026-07-12T03:45:41.235071,2026-07-12T04:30:41.562622,,0.1934,60.79,58.65,18.5545,19.2122,-0.6577,24.469461307438383,20.01879910444364,0.0683,0.0718,0.0898,0.0899,0.2354,-0.1578,0.2302,84.5,18.7053,61.4,0.0291,-0.0091,0.0605,0.0761,BULLISH,HEALTHY_BULL,0.0873,-0.1285,0.5806,0.9311,73.2,14.6,48712964.88973,33,0,17.521,63.6,60.7,0.0829,51.2,47.6
40,SKLUSDT,PASS:LONG_UNMATCHED_ONLY,LONG,LONG,0.004763,0.3799,0.6299,0.0,trail,True,2026-07-12T02:30:33.320073,2026-07-12T02:33:57.129716,C2+C4,0.4942,56.05,55.13,19.5906,20.1516,-0.561,25.14360487574766,19.636900753118272,0.0817,0.1624,0.063,0.0631,0.9823,0.8216,0.3075,71.0,20.1305,60.8,0.0334,-0.0594,0.0829,,BULLISH,HEALTHY_BULL,0.1911,0.5955,0.7619,0.5405,56.1,24.4,160104100.748704,15,5,20.6876,62.2,65.0,0.1064,49.1,49.7
43,SKLUSDT,LONG_UNMATCHED_ONLY,LONG,SHORT,0.004763,0.3169,0.5669,-0.6718,trail,True,2026-07-12T02:30:33.320049,2026-07-12T02:51:42.718604,C2+C4,0.4942,56.05,55.13,19.5906,20.1516,-0.561,25.14360487574766,19.636900753118272,0.0817,0.1624,0.063,0.0631,0.9823,0.8216,0.3075,71.0,20.1305,60.8,0.0334,-0.0594,0.0829,,BULLISH,HEALTHY_BULL,0.1911,0.5955,0.7619,0.5405,56.1,24.4,160104100.748704,15,5,20.6876,62.2,65.0,0.1064,49.1,49.7
46,TIAUSDT,PASS:LONG_UNMATCHED_ONLY,LONG,LONG,0.4026,-0.0248,0.1987,-0.3477,horizon,True,2026-07-12T02:19:29.045862,2026-07-12T03:04:29.623842,C4+C7+C9,0.2225,59.78,50.54,24.2583,25.13,-0.8717,23.339710009166488,17.996344394337278,0.0812,0.1126,0.215,0.2155,0.4718,-0.5381,0.4098,88.3,21.2987,56.8,0.0209,-0.0663,0.0385,,BULLISH,HEALTHY_BULL,0.0806,-0.2756,0.9468,0.9149,51.2,29.3,25156711.16,50,4,22.7124,54.9,65.0,0.1093,47.4,49.7
45,TIAUSDT,LONG_UNMATCHED_ONLY,LONG,SHORT,0.4026,0.0248,0.3477,-0.1987,horizon,True,2026-07-12T02:19:29.045841,2026-07-12T03:04:29.620144,C4+C7+C9,0.2225,59.78,50.54,24.2583,25.13,-0.8717,23.339710009166488,17.996344394337278,0.0812,0.1126,0.215,0.2155,0.4718,-0.5381,0.4098,88.3,21.2987,56.8,0.0209,-0.0663,0.0385,,BULLISH,HEALTHY_BULL,0.0806,-0.2756,0.9468,0.9149,51.2,29.3,25156711.16,50,4,22.7124,54.9,65.0,0.1093,47.4,49.7
41,VIRTUALUSDT,PASS:LONG_UNMATCHED_ONLY,LONG,LONG,0.6066,-0.7,0.0,-0.7089,sl,True,2026-07-12T02:18:22.830130,2026-07-12T02:36:18.570691,C4,0.3901,61.73,57.49,21.8654,22.4481,-0.5827,23.37842455809385,17.532005349618316,0.0642,0.1444,0.2123,0.2127,0.4759,0.3227,0.4218,83.0,21.2115,58.5,0.0234,-0.0637,0.0612,,BULLISH,HEALTHY_BULL,0.1542,0.333,0.8796,0.4241,56.1,24.4,99038220.17989,21,5,22.7124,54.9,65.0,0.1086,48.0,49.7
44,VIRTUALUSDT,LONG_UNMATCHED_ONLY,LONG,SHORT,0.6066,1.2667,1.5167,0.0,trail,True,2026-07-12T02:18:22.830111,2026-07-12T02:59:11.294743,C4,0.3901,61.73,57.49,21.8654,22.4481,-0.5827,23.37842455809385,17.532005349618316,0.0642,0.1444,0.2123,0.2127,0.4759,0.3227,0.4218,83.0,21.2115,58.5,0.0234,-0.0637,0.0612,,BULLISH,HEALTHY_BULL,0.1542,0.333,0.8796,0.4241,56.1,24.4,99038220.17989,21,5,22.7124,54.9,65.0,0.1086,48.0,49.7
38,TAGUSDT,PASS:FLIP_SHORT_REGIME,SHORT,SHORT,0.00096,-0.7,0.3125,-0.7292,sl,True,2026-07-12T02:17:16.687217,2026-07-12T02:21:50.409982,,0.3008,54.69,54.47,22.6195,22.8053,-0.1858,25.204609526263212,16.73181234443135,0.1909,0.0704,0.3349,0.336,1.3169,0.3704,0.5983,50.0,21.1272,57.4,0.0218,-0.0646,0.0466,0.0057,BULLISH,HEALTHY_BULL,0.238,-0.0392,0.8328,0.5306,53.7,26.8,37514393.201504,38,2,22.7124,54.9,65.0,0.108,47.8,49.7
42,ARBUSDT,PASS:LONG_UNMATCHED_ONLY,LONG,LONG,0.09637,0.7565,1.0065,-0.2698,trail,True,2026-07-12T02:01:48.456214,2026-07-12T02:37:15.741952,C2,0.2888,57.02,50.96,15.2085,14.3909,0.8176,25.998735929274485,15.32248191135299,0.0966,0.1236,0.1137,0.1138,0.5187,-0.242,0.3344,73.5,26.5213,63.5,0.0639,-0.0586,0.1215,,BULLISH,HEALTHY_BULL,0.1187,-0.1441,0.7837,0.5611,73.2,26.8,80172313.289259,23,3,26.9817,65.0,58.1,0.1111,49.3,49.7
39,ARBUSDT,LONG_UNMATCHED_ONLY,LONG,SHORT,0.09637,-0.7,0.2698,-0.7367,sl,True,2026-07-12T02:01:48.456197,2026-07-12T02:33:41.077095,C2,0.2888,57.02,50.96,15.2085,14.3909,0.8176,25.998735929274485,15.32248191135299,0.0966,0.1236,0.1137,0.1138,0.5187,-0.242,0.3344,73.5,26.5213,63.5,0.0639,-0.0586,0.1215,,BULLISH,HEALTHY_BULL,0.1187,-0.1441,0.7837,0.5611,73.2,26.8,80172313.289259,23,3,26.9817,65.0,58.1,0.1111,49.3,49.7
37,DEXEUSDT,PASS:FLIP_SHORT_REGIME,SHORT,SHORT,38.25,0.4036,0.6536,-0.183,trail,True,2026-07-12T02:00:41.948444,2026-07-12T02:15:09.956127,,0.0519,52.16,50.73,19.0078,19.0817,-0.0739,21.90114883910978,15.204619268771994,0.0615,0.0325,0.1644,0.1646,0.8625,-0.3451,0.2588,61.6,26.6197,65.0,0.0655,-0.057,0.136,0.0034,BULLISH,HEALTHY_BULL,0.0408,-0.2273,0.6738,0.3634,73.2,26.8,100607794.72989,21,0,26.9817,65.0,58.1,0.1087,49.7,49.7
36,WLDUSDT,PASS:FLIP_SHORT_REGIME,SHORT,SHORT,0.4017,0.5217,0.7717,-0.0249,trail,True,2026-07-12T01:59:30.846196,2026-07-12T02:07:47.988910,,0.2704,58.95,61.4,28.7612,30.8376,-2.0764,18.512371176411957,19.178854765220706,0.0937,0.1075,0.1223,0.1225,0.4265,-0.2162,0.3241,82.1,26.9946,65.1,0.0715,-0.1155,0.1592,-0.0143,BULLISH,HEALTHY_BULL,0.1345,-0.1662,0.8717,0.8891,68.3,26.8,184662665.9345,11,3,27.3854,65.7,52.7,0.1171,49.8,35.6
35,UNIUSDT,PASS:FLIP_SHORT_REGIME,SHORT,SHORT,3.684,0.5915,0.8415,0.0,trail,True,2026-07-12T01:46:16.420586,2026-07-12T01:58:43.854581,,0.1308,54.47,51.9,29.7019,30.9985,-1.2966,21.48235911262872,16.591231524684904,0.0718,0.0786,0.1157,0.1159,0.4305,-0.5929,0.2665,91.2,27.79,68.9,0.0859,-0.1115,0.2565,-0.0554,BULLISH,HEALTHY_BULL,0.0596,-0.356,0.7192,0.5436,73.2,22.0,111612999.583,19,1,28.2423,68.4,57.3,0.122,50.8,35.6
34,PARTIUSDT,PASS:FLIP_SHORT_REGIME,SHORT,SHORT,0.03278,0.4516,0.7016,-0.0305,trail,True,2026-07-12T01:40:44.733256,2026-07-12T01:46:11.454839,,0.1434,54.17,48.7,17.1985,17.8553,-0.6568,14.397736205966533,17.127929263578615,0.1023,0.0731,0.2341,0.2347,0.9788,-0.306,0.4105,64.6,27.2545,63.9,0.0584,-0.1241,0.1894,-0.0993,BULLISH,HEALTHY_BULL,0.0673,-0.23,0.5858,0.3264,73.2,24.4,73172990.03561,24,0,28.7529,63.2,51.0,0.1205,47.6,35.6
33,VANRYUSDT,PASS:FLIP_SHORT_BTC_TRENDGAP,SHORT,SHORT,0.005711,0.3979,0.6479,-0.5078,trail,True,2026-07-12T00:15:36.079057,2026-07-12T00:19:35.230344,,0.1401,52.08,55.43,24.8902,24.4791,0.4111,26.60534561342881,14.252276638410772,0.0858,0.0284,0.0516,0.0516,1.0141,0.4077,0.1658,32.4,39.9274,32.1,-0.0937,-0.1257,-0.2127,-0.3289,BEARISH,STRONG_BEAR,0.1102,0.1143,1.1632,0.7974,19.5,78.0,47490469.948935,32,2,39.3136,32.4,33.8,0.1402,33.5,34.4
31,TAGUSDT,PASS:FLIP_SHORT_BTC_TRENDGAP,SHORT,SHORT,0.000946,0.9128,1.1628,-0.2114,trail,True,2026-07-11T23:48:47.777078,2026-07-12T00:00:09.199027,,0.1077,53.78,49.68,19.3623,19.1702,0.1921,22.27630824183825,14.284275486866882,0.0694,0.0306,0.2156,0.2161,0.8533,-0.0784,0.3164,55.6,36.5054,36.5,-0.0877,-0.02,-0.0926,-0.2696,BEARISH,STRONG_BEAR,0.0813,-0.0823,0.8488,0.8006,21.4,73.8,39671190.793218,37,1,36.3279,33.8,36.5,0.1233,39.6,49.6
30,MMTUSDT,PASS:FLIP_SHORT_BTC_TRENDGAP,SHORT,SHORT,0.1829,0.5154,0.7654,-0.328,trail,True,2026-07-11T23:47:41.232894,2026-07-11T23:53:23.731617,,0.052,52.71,49.29,16.4798,17.3803,-0.9005,19.93103805505691,18.114937395184764,0.0793,0.0303,0.1246,0.1248,0.5779,-0.4865,0.2345,53.7,36.5054,35.9,-0.0884,-0.0207,-0.099,-0.2704,BEARISH,STRONG_BEAR,0.0708,-0.3538,0.8182,0.6951,16.7,73.8,76958221.049,24,1,36.3279,33.8,36.5,0.1233,39.5,49.6
32,BTCUSDT,SPIKE_REV_BTC,SHORT,LONG,63821.4,-0.0221,0.2706,-0.129,horizon,True,2026-07-11T23:33:07.684568,2026-07-12T00:18:07.954000,,,,,,,,,,,,,,,,,,,,,,,,BEARISH,BEAR_EXHAUSTED,,,,,,,,,,,,,,,
29,SXTUSDT,PASS:FLIP_SHORT_BTC_TRENDGAP,SHORT,SHORT,0.009328,1.2937,1.5437,0.0,trail,True,2026-07-11T23:32:08.900779,2026-07-11T23:32:40.576958,,0.396,52.56,56.84,19.1662,20.0414,-0.8753,23.00496955915899,19.68077815080006,0.3303,0.1758,0.1293,0.1294,1.8379,-0.0599,0.6367,64.1,33.8798,22.3,-0.133,-0.0317,-0.3287,-0.23,BEARISH,BEAR_EXHAUSTED,0.3747,-0.2465,1.0083,1.0458,14.3,83.3,149263675.974086,14,4,31.9118,24.1,42.4,0.1188,37.0,49.6
27,LITUSDT,PASS:FLIP_SHORT_BTC1H_SLOPE,SHORT,SHORT,2.6373,0.296,0.546,-0.1934,trail,True,2026-07-11T22:36:32.466820,2026-07-11T22:45:02.441626,,0.3134,62.63,55.23,19.5042,19.332,0.1722,30.751452861790547,19.767116613252373,0.1084,0.1266,0.2378,0.2384,0.404,0.1071,0.4741,79.4,22.9734,37.8,-0.0337,0.0564,-0.0697,-0.0149,BEARISH,HEALTHY_BEAR,0.1401,0.0802,0.6737,1.0538,19.0,78.6,53801740.84646,29,3,22.9234,38.3,55.0,0.0683,54.3,59.3
26,TAGUSDT,PASS:FLIP_SHORT_BTC1H_SLOPE,SHORT,SHORT,0.00095,0.4868,0.7368,-0.1053,trail,True,2026-07-11T22:32:06.178532,2026-07-11T22:42:53.015081,,0.3779,58.91,55.57,20.8557,18.7244,2.1314,26.396194663750233,9.139032688659173,0.1564,0.1463,0.2758,0.2766,0.7659,-0.0281,0.5803,70.4,22.9911,41.3,-0.0322,0.0589,-0.0578,-0.0028,BEARISH,HEALTHY_BEAR,0.1726,-0.0779,0.8017,0.8889,19.0,78.6,40829260.257561,35,3,22.9456,30.5,49.9,0.0709,55.3,59.3
25,SKLUSDT,PASS:FLIP_SHORT_BTC1H_SLOPE,SHORT,SHORT,0.004721,0.9786,1.2286,-0.2118,trail,True,2026-07-11T22:22:03.498693,2026-07-11T22:31:59.990339,,0.2793,57.19,59.42,18.8692,19.1223,-0.2531,24.523927183411256,17.91283668202603,0.168,0.112,0.1518,0.1521,0.5829,-0.322,0.4328,75.2,21.7789,32.7,-0.0136,0.0543,-0.129,0.0175,NEUTRAL,CHOPPY_FLAT,0.1864,-0.3164,0.7686,1.0101,23.3,69.8,188906795.198783,10,3,22.8555,50.9,46.5,0.0615,53.4,59.3
28,EPICUSDT,PASS:FLIP_SHORT_BTC1H_SLOPE,SHORT,SHORT,0.3845,-0.7,0.2601,-0.7022,sl,True,2026-07-11T22:20:56.744236,2026-07-11T23:04:42.579354,,0.1644,57.2,51.49,15.1649,14.7519,0.4131,25.756195147957968,16.980317777913122,0.0807,0.0501,0.2773,0.2781,0.5862,-0.0478,0.4094,61.8,21.9974,40.1,-0.0063,0.0619,-0.0633,0.0255,NEUTRAL,CHOPPY_FLAT,0.1149,-0.0058,0.5033,0.611,23.3,67.4,25370162.56648,44,2,22.8555,50.9,46.5,0.0558,56.7,59.3
24,LITUSDT,PASS:FLIP_SHORT_BTC1H_SLOPE,SHORT,SHORT,2.6236,0.2912,0.5412,-0.0152,trail,True,2026-07-11T21:54:08.133715,2026-07-11T22:04:17.509449,,0.0523,57.72,45.38,22.5998,22.6745,-0.0746,24.534850153822667,15.808609556260912,0.0879,0.0291,0.2707,0.2714,0.3672,-0.2296,0.3888,81.9,24.5924,49.8,-0.0013,0.0649,-0.0117,0.0469,NEUTRAL,CHOPPY_FLAT,0.0509,-0.2047,0.6143,0.8962,27.9,48.8,63418134.41017,27,0,25.2611,51.5,55.6,0.0501,59.7,61.3
23,PARTIUSDT,PASS:FLIP_SHORT_BTC1H_SLOPE,SHORT,SHORT,0.03296,-0.7,0.091,-0.7282,sl,True,2026-07-11T21:35:02.914796,2026-07-11T21:49:42.374200,,0.3503,54.97,59.08,15.5872,16.5796,-0.9924,20.647238524863,19.56718658591871,0.1576,0.13,0.0145,0.0146,0.7243,-0.0339,0.3024,74.7,28.565,49.1,0.0033,0.065,-0.0265,0.0623,NEUTRAL,CHOPPY_FLAT,0.2049,-0.1091,0.6378,0.8912,26.2,50.0,72550372.05125,25,2,29.7062,51.5,67.9,0.0547,59.7,61.3
22,SKLUSDT,PASS:FLIP_SHORT_BTC1H_SLOPE,SHORT,SHORT,0.004764,0.6106,0.8606,-0.4828,trail,True,2026-07-11T18:55:40.952477,2026-07-11T19:19:03.344277,,0.1092,54.46,49.16,16.7476,17.6738,-0.9262,18.11197702508719,19.901152434358536,0.0819,0.0602,0.2301,0.2306,0.7799,-0.4529,0.3731,79.0,18.7852,47.9,-0.0028,0.0465,-0.0386,0.0584,NEUTRAL,CHOPPY_FLAT,0.07,-0.2657,0.4226,0.5252,36.6,43.9,238948564.1584,8,0,20.0468,47.9,58.1,0.0729,57.7,59.1
20,ARBUSDT,PASS:FLIP_SHORT_BTC1H_SLOPE,SHORT,SHORT,0.09821,0.7173,0.9673,-0.1222,trail,True,2026-07-11T18:37:56.998836,2026-07-11T18:51:01.308263,,0.4687,61.98,61.47,19.1144,18.2679,0.8464,26.21240247266324,14.07790982591128,0.1919,0.1631,0.2592,0.2598,0.599,0.8387,0.616,77.7,22.8144,56.2,0.0201,0.0529,0.0187,0.0759,BULLISH,HEALTHY_BULL,0.252,0.4109,0.6236,0.5283,61.0,29.3,74869169.515391,24,1,22.9336,60.1,56.2,0.0815,59.9,59.1
18,SKLUSDT,PASS:FLIP_SHORT_REGIME,SHORT,SHORT,0.00477,0.5886,0.8386,0.0,trail,True,2026-07-11T18:35:44.552479,2026-07-11T18:40:04.277298,,0.1124,55.2,47.08,18.2641,19.5642,-1.3001,20.666384740485682,21.237642074178805,0.1123,0.0657,0.3162,0.3172,0.8189,-0.5406,0.4958,89.5,22.9427,60.6,0.0236,0.0558,0.0497,0.0796,BULLISH,HEALTHY_BULL,0.0576,-0.387,0.5618,0.2462,63.4,26.8,242806841.317671,8,0,22.9336,60.1,56.2,0.0793,60.8,59.1
19,WLDUSDT,PASS:LONG_UNMATCHED_ONLY,LONG,LONG,0.415,-0.7,0.3614,-0.7229,sl,True,2026-07-11T18:18:48.736495,2026-07-11T18:49:56.918862,W1,0.4968,64.19,54.73,24.8372,24.0363,0.8008,29.26468282763833,14.010964876221305,0.1032,0.1874,0.3213,0.3223,0.5471,0.6807,0.6141,80.6,22.7166,61.8,0.0208,0.0554,0.0788,,BULLISH,HEALTHY_BULL,0.1731,0.5496,0.7343,0.7938,56.1,29.3,148774705.8721,12,5,23.2833,55.3,59.4,0.0901,60.6,59.1
21,WLDUSDT,LONG_UNMATCHED_ONLY,LONG,SHORT,0.415,0.5934,0.8434,-0.3614,trail,True,2026-07-11T18:18:48.736477,2026-07-11T18:51:32.450861,W1,0.4968,64.19,54.73,24.8372,24.0363,0.8008,29.26468282763833,14.010964876221305,0.1032,0.1874,0.3213,0.3223,0.5471,0.6807,0.6141,80.6,22.7166,61.8,0.0208,0.0554,0.0788,,BULLISH,HEALTHY_BULL,0.1731,0.5496,0.7343,0.7938,56.1,29.3,148774705.8721,12,5,23.2833,55.3,59.4,0.0901,60.6,59.1
17,ADAUSDT,PASS:FLIP_SHORT_BTC1H_SLOPE,SHORT,SHORT,0.1717,-0.7,0.0582,-0.7571,sl,True,2026-07-11T18:13:17.248953,2026-07-11T18:34:53.739367,,0.1563,60.8,49.92,15.4868,14.6685,0.8183,24.43825778476949,14.31444252886883,0.0628,0.05,0.2768,0.2776,0.3698,0.3747,0.3907,94.1,23.2904,55.0,0.0147,0.0484,0.0153,0.0552,NEUTRAL,CHOPPY_FLAT,0.0698,0.2252,0.8016,1.1289,48.8,26.8,104188228.4173,18,0,24.1694,56.2,63.1,0.089,58.5,59.1
16,BTCUSDT,SPIKE_REV_BTC,SHORT,LONG,63953.9,0.285,0.3621,-0.1939,horizon,True,2026-07-11T15:37:20.568758,2026-07-11T16:22:21.468777,,,,,,,,,,,,,,,,,,,,,,,,BULLISH,STRONG_BULL,,,,,,,,,,,,,,,
15,HYPEUSDT,PASS:FLIP_SHORT_BTC1H_SLOPE,SHORT,SHORT,66.916,-0.7,0.0269,-0.7263,sl,True,2026-07-11T14:24:10.675313,2026-07-11T14:27:28.366925,,0.0939,60.27,55.68,20.7021,21.0853,-0.3832,25.60070471967912,18.64510966823575,0.0617,0.0348,0.1102,0.1103,0.1953,-0.0034,0.2069,88.6,33.0645,65.0,0.0248,0.055,0.0516,0.0598,BULLISH,STRONG_BULL,0.0596,-0.0524,0.9646,0.949,63.4,26.8,317311469.23892,8,1,31.8047,69.6,69.1,0.0431,60.5,58.3
14,INJUSDT,PASS:FLIP_SHORT_BTC1H_SLOPE,SHORT,SHORT,5.047,0.3246,0.5746,-0.0594,trail,True,2026-07-11T14:00:53.036812,2026-07-11T14:18:10.350433,,0.1584,64.66,60.02,23.6866,24.0674,-0.3807,26.6582353737122,18.244746965336784,0.0966,0.0648,0.1544,0.1546,0.2562,-0.1705,0.3163,90.6,27.8948,60.7,0.0174,0.0482,0.0256,0.0353,NEUTRAL,CHOPPY_FLAT,0.093,-0.1804,0.8148,0.8832,52.4,28.6,29520774.8716,45,0,27.1777,60.6,65.5,0.0416,58.3,58.3
11,TAGUSDT,PASS:FLIP_SHORT_BTC1H_SLOPE,SHORT,SHORT,0.000972,-0.7,0.4115,-0.7202,sl,True,2026-07-11T14:00:52.995198,2026-07-11T14:10:46.693157,,0.5026,55.67,53.83,18.449,18.8885,-0.4395,21.205178568823822,16.41413593004006,0.2484,0.2516,0.3141,0.3151,1.4976,-0.9922,0.8173,74.5,27.8948,60.7,0.0174,0.0482,0.0256,0.0353,NEUTRAL,CHOPPY_FLAT,0.2563,-0.7243,0.8148,0.626,52.4,28.6,69273547.745486,27,1,27.1777,60.6,65.5,0.0416,58.3,58.3
12,VIRTUALUSDT,PASS:FLIP_SHORT_BTC1H_SLOPE,SHORT,SHORT,0.6236,0.6961,0.9461,-0.3207,trail,True,2026-07-11T14:00:52.966569,2026-07-11T14:12:14.027246,,0.1908,54.46,51.31,17.5993,18.104,-0.5047,24.695318284012345,19.7856238470343,0.0704,0.0638,0.0638,0.0638,0.6109,0.2365,0.1981,68.5,27.8948,60.7,0.0174,0.0482,0.0256,0.0353,NEUTRAL,CHOPPY_FLAT,0.064,0.075,0.8148,0.7937,52.4,28.6,122246643.45855,16,0,27.1777,60.6,65.5,0.0416,58.3,58.3
13,INJUSDT,PASS:FLIP_SHORT_REGIME,SHORT,SHORT,5.047,0.3246,0.5746,-0.0594,trail,True,2026-07-11T13:59:46.208591,2026-07-11T14:18:10.347856,,0.1189,64.6,59.33,24.1145,24.5286,-0.4141,27.256508930549,18.656323215329927,0.0932,0.0473,0.225,0.2255,0.2697,-0.2167,0.3664,88.9,27.0907,60.6,0.0224,0.047,0.0297,0.0323,BULLISH,HEALTHY_BULL,0.088,-0.2113,1.0517,1.1776,64.3,28.6,29521622.9539,45,0,26.303,69.1,56.3,0.0448,58.3,56.1
10,LITUSDT,PASS:FLIP_SHORT_BTC1H_SLOPE,SHORT,SHORT,2.603,-0.7,0.0,-0.7184,sl,True,2026-07-11T10:02:01.432182,2026-07-11T10:02:54.862328,,0.1281,56.97,50.35,22.1376,23.6293,-1.4917,24.023282962070443,25.379598984534326,0.0872,0.0545,0.2541,0.2548,0.4726,-0.3652,0.3969,86.9,21.3726,40.6,-0.0259,0.0559,-0.0599,-0.0008,BEARISH,HEALTHY_BEAR,0.0738,-0.2476,1.0849,0.5363,33.3,47.6,83086251.94643,24,0,20.9926,40.8,48.0,0.0522,55.1,55.2
6,TACUSDT,PASS:FLIP_SHORT_BTC1H_SLOPE,SHORT,SHORT,0.003431,0.3329,0.5829,-0.0291,trail,True,2026-07-11T09:48:39.994868,2026-07-11T09:52:08.312052,,0.0537,50.57,54.72,21.0254,20.8569,0.1685,30.97885643033806,19.304835091536194,0.104,0.0189,0.0432,0.0432,1.2388,-0.7091,0.1284,44.9,20.0977,39.7,-0.0123,0.0601,-0.0975,0.0246,NEUTRAL,CHOPPY_FLAT,0.1986,-0.5865,1.0634,1.2848,54.8,23.8,69923587.339173,29,1,19.7891,43.0,51.3,0.0577,55.1,60.2
9,VIRTUALUSDT,PASS:FLIP_SHORT_BTC1H_SLOPE,SHORT,SHORT,0.617,-0.7,0.1783,-0.7131,sl,True,2026-07-11T09:48:39.965004,2026-07-11T10:02:52.853734,,0.1738,53.81,55.01,15.7814,15.3912,0.3902,26.899272290007147,17.61616064204165,0.1688,0.0729,0.25,0.2506,0.8328,-0.7223,0.493,65.2,20.0977,39.7,-0.0123,0.0601,-0.0975,0.0246,NEUTRAL,CHOPPY_FLAT,0.1985,-0.5238,1.0634,0.8669,54.8,23.8,110006587.34823,17,1,19.7891,43.0,51.3,0.0577,55.1,60.2
4,VANRYUSDT,PASS:FLIP_SHORT_BTC1H_SLOPE,SHORT,SHORT,0.005988,-0.7,0.4342,-0.7348,sl,True,2026-07-11T09:34:14.859198,2026-07-11T09:43:36.563169,,0.4573,53.36,54.03,25.0173,23.0057,2.0116,33.35268191051565,10.77381426604512,0.1994,0.1758,0.0293,-0.0293,1.3001,0.3691,0.3462,45.0,23.8102,55.8,0.012,0.074,0.0179,0.0519,NEUTRAL,CHOPPY_FLAT,0.2099,0.0178,1.1241,1.0981,47.6,35.7,56308628.974068,32,2,23.1229,59.0,61.4,0.0466,59.8,60.2
8,ARBUSDT,PASS:FLIP_SHORT_BTC1H_SLOPE,SHORT,SHORT,0.09128,0.0219,0.3944,-0.3177,horizon,True,2026-07-11T09:16:28.521733,2026-07-11T10:01:29.506875,,0.1996,62.2,59.1,16.7158,15.9419,0.7739,28.01755376377638,16.182215992911843,0.0691,0.0647,0.138,0.1382,0.2498,0.1597,0.2722,65.0,23.8092,49.1,-0.0005,0.0689,-0.0195,0.0483,NEUTRAL,CHOPPY_FLAT,0.1023,0.0703,1.1608,0.5725,52.4,26.2,75381831.648331,28,1,24.5725,46.6,55.8,0.0453,58.0,60.2
7,NEARUSDT,PASS:FLIP_SHORT_BTC1H_SLOPE,SHORT,SHORT,1.89,0.0,0.3175,-0.4762,horizon,True,2026-07-11T09:14:15.491788,2026-07-11T09:59:15.945655,,0.1429,57.24,55.16,26.3276,26.351,-0.0233,21.7600783670568,12.773033428765892,0.0637,0.0658,0.051,0.051,0.2371,-0.1941,0.1806,80.0,25.1152,48.9,0.008,0.0689,-0.0249,0.0547,NEUTRAL,CHOPPY_FLAT,0.0692,-0.1218,1.4699,0.8733,50.0,26.2,88563845.906,23,1,25.3751,56.4,67.9,0.046,58.0,60.2
5,PUMPUSDT,PASS:FLIP_SHORT_BTC1H_SLOPE,SHORT,SHORT,0.001436,0.0696,0.2089,-0.4178,horizon,True,2026-07-11T09:05:22.285710,2026-07-11T09:50:22.972650,,0.1263,58.09,51.33,19.1404,18.6644,0.476,25.38021177962649,15.121709850111914,0.0702,0.0534,0.1568,0.157,0.2953,-0.164,0.2808,87.5,24.5936,61.4,0.0171,0.0754,0.0409,0.0616,NEUTRAL,CHOPPY_FLAT,0.0701,-0.1135,1.2461,0.3554,54.8,23.8,29993710.42034,42,0,23.2989,60.6,62.0,0.0469,60.3,60.2
2,SYRUPUSDT,PASS:FLIP_SHORT_BTC1H_SLOPE,SHORT,SHORT,0.18859,0.3757,0.6257,-0.0477,trail,True,2026-07-11T09:00:55.999340,2026-07-11T09:09:15.567181,,0.2172,58.36,48.66,16.0259,15.8182,0.2078,27.509965830871014,18.831654057512964,0.1544,0.0829,0.3088,0.3098,0.5417,-0.0921,0.548,69.6,24.4021,60.5,0.0165,0.0748,0.0351,0.0609,NEUTRAL,CHOPPY_FLAT,0.1272,-0.1888,0.9713,0.7397,45.2,26.2,26618987.39804,48,2,23.2989,60.6,62.0,0.0452,60.1,60.2
1,VIRTUALUSDT,PASS:FLIP_SHORT_BTC1H_SLOPE,SHORT,SHORT,0.6193,0.6381,0.8881,0.0,trail,True,2026-07-11T09:00:55.921411,2026-07-11T09:04:05.509381,,0.1086,53.67,49.89,16.7083,16.635,0.0733,23.86577569986094,16.701127217000202,0.1171,0.0812,0.2357,0.2362,0.7931,-0.7467,0.435,78.4,24.4021,60.5,0.0165,0.0748,0.0351,0.0609,NEUTRAL,CHOPPY_FLAT,0.0737,-0.4769,0.9713,0.3525,45.2,26.2,106408749.34815,18,0,23.2989,60.6,62.0,0.0452,60.1,60.2
3,DOTUSDT,PASS:FLIP_SHORT_BTC1H_SLOPE,SHORT,SHORT,0.879,-0.1138,0.2275,-0.4551,horizon,True,2026-07-11T08:56:29.856204,2026-07-11T09:41:30.195668,,0.1529,59.23,57.79,18.1299,15.7986,2.3313,23.84105324335576,8.281808036750805,0.0733,0.058,0.1092,0.1093,0.2029,-0.0333,0.2408,83.3,23.1451,57.6,0.0123,0.072,0.0232,0.0551,NEUTRAL,CHOPPY_FLAT,0.0934,-0.052,0.8871,1.136,33.3,38.1,63432714.405,31,0,22.1298,58.5,61.2,0.0473,59.7,56.1
